cache_index,image_path,filename,stem
0,/nas-ctm01/datasets/public/BIOMETRICS/Face_Morphing/MAD22/original_sorted/MIPGAN_I/001_03-vs-010_03.png,001_03-vs-010_03.png,001_03-vs-010_03
1,/nas-ctm01/datasets/public/BIOMETRICS/Face_Morphing/MAD22/original_sorted/MIPGAN_I/001_03-vs-030_03.png,001_03-vs-030_03.png,001_03-vs-030_03
2,/nas-ctm01/datasets/public/BIOMETRICS/Face_Morphing/MAD22/original_sorted/MIPGAN_I/001_03-vs-032_03.png,001_03-vs-032_03.png,001_03-vs-032_03
3,/nas-ctm01/datasets/public/BIOMETRICS/Face_Morphing/MAD22/original_sorted/MIPGAN_I/001_03-vs-090_03.png,001_03-vs-090_03.png,001_03-vs-090_03
4,/nas-ctm01/datasets/public/BIOMETRICS/Face_Morphing/MAD22/original_sorted/MIPGAN_I/001_03-vs-122_03.png,001_03-vs-122_03.png,001_03-vs-122_03
5,/nas-ctm01/datasets/public/BIOMETRICS/Face_Morphing/MAD22/original_sorted/MIPGAN_I/001_03-vs-129_03.png,001_03-vs-129_03.png,001_03-vs-129_03
6,/nas-ctm01/datasets/public/BIOMETRICS/Face_Morphing/MAD22/original_sorted/MIPGAN_I/001_08-vs-010_08.png,001_08-vs-010_08.png,001_08-vs-010_08
7,/nas-ctm01/datasets/public/BIOMETRICS/Face_Morphing/MAD22/original_sorted/MIPGAN_I/001_08-vs-014_08.png,001_08-vs-014_08.png,001_08-vs-014_08
8,/nas-ctm01/datasets/public/BIOMETRICS/Face_Morphing/MAD22/original_sorted/MIPGAN_I/001_08-vs-032_08.png,001_08-vs-032_08.png,001_08-vs-032_08
9,/nas-ctm01/datasets/public/BIOMETRICS/Face_Morphing/MAD22/original_sorted/MIPGAN_I/001_08-vs-039_08.png,001_08-vs-039_08.png,001_08-vs-039_08
10,/nas-ctm01/datasets/public/BIOMETRICS/Face_Morphing/MAD22/original_sorted/MIPGAN_I/001_08-vs-087_08.png,001_08-vs-087_08.png,001_08-vs-087_08
11,/nas-ctm01/datasets/public/BIOMETRICS/Face_Morphing/MAD22/original_sorted/MIPGAN_I/001_08-vs-090_08.png,001_08-vs-090_08.png,001_08-vs-090_08
12,/nas-ctm01/datasets/public/BIOMETRICS/Face_Morphing/MAD22/original_sorted/MIPGAN_I/001_08-vs-094_08.png,001_08-vs-094_08.png,001_08-vs-094_08
13,/nas-ctm01/datasets/public/BIOMETRICS/Face_Morphing/MAD22/original_sorted/MIPGAN_I/001_08-vs-107_08.png,001_08-vs-107_08.png,001_08-vs-107_08
14,/nas-ctm01/datasets/public/BIOMETRICS/Face_Morphing/MAD22/original_sorted/MIPGAN_I/001_08-vs-122_08.png,001_08-vs-122_08.png,001_08-vs-122_08
15,/nas-ctm01/datasets/public/BIOMETRICS/Face_Morphing/MAD22/original_sorted/MIPGAN_I/002_03-vs-011_03.png,002_03-vs-011_03.png,002_03-vs-011_03
16,/nas-ctm01/datasets/public/BIOMETRICS/Face_Morphing/MAD22/original_sorted/MIPGAN_I/002_03-vs-020_03.png,002_03-vs-020_03.png,002_03-vs-020_03
17,/nas-ctm01/datasets/public/BIOMETRICS/Face_Morphing/MAD22/original_sorted/MIPGAN_I/002_03-vs-032_03.png,002_03-vs-032_03.png,002_03-vs-032_03
18,/nas-ctm01/datasets/public/BIOMETRICS/Face_Morphing/MAD22/original_sorted/MIPGAN_I/002_03-vs-039_03.png,002_03-vs-039_03.png,002_03-vs-039_03
19,/nas-ctm01/datasets/public/BIOMETRICS/Face_Morphing/MAD22/original_sorted/MIPGAN_I/002_03-vs-094_03.png,002_03-vs-094_03.png,002_03-vs-094_03
20,/nas-ctm01/datasets/public/BIOMETRICS/Face_Morphing/MAD22/original_sorted/MIPGAN_I/002_03-vs-097_03.png,002_03-vs-097_03.png,002_03-vs-097_03
21,/nas-ctm01/datasets/public/BIOMETRICS/Face_Morphing/MAD22/original_sorted/MIPGAN_I/002_03-vs-100_03.png,002_03-vs-100_03.png,002_03-vs-100_03
22,/nas-ctm01/datasets/public/BIOMETRICS/Face_Morphing/MAD22/original_sorted/MIPGAN_I/002_03-vs-102_03.png,002_03-vs-102_03.png,002_03-vs-102_03
23,/nas-ctm01/datasets/public/BIOMETRICS/Face_Morphing/MAD22/original_sorted/MIPGAN_I/002_03-vs-118_03.png,002_03-vs-118_03.png,002_03-vs-118_03
24,/nas-ctm01/datasets/public/BIOMETRICS/Face_Morphing/MAD22/original_sorted/MIPGAN_I/002_03-vs-124_03.png,002_03-vs-124_03.png,002_03-vs-124_03
25,/nas-ctm01/datasets/public/BIOMETRICS/Face_Morphing/MAD22/original_sorted/MIPGAN_I/002_03-vs-136_03.png,002_03-vs-136_03.png,002_03-vs-136_03
26,/nas-ctm01/datasets/public/BIOMETRICS/Face_Morphing/MAD22/original_sorted/MIPGAN_I/002_03-vs-139_03.png,002_03-vs-139_03.png,002_03-vs-139_03
27,/nas-ctm01/datasets/public/BIOMETRICS/Face_Morphing/MAD22/original_sorted/MIPGAN_I/002_03-vs-144_03.png,002_03-vs-144_03.png,002_03-vs-144_03
28,/nas-ctm01/datasets/public/BIOMETRICS/Face_Morphing/MAD22/original_sorted/MIPGAN_I/002_08-vs-003_08.png,002_08-vs-003_08.png,002_08-vs-003_08
29,/nas-ctm01/datasets/public/BIOMETRICS/Face_Morphing/MAD22/original_sorted/MIPGAN_I/002_08-vs-011_08.png,002_08-vs-011_08.png,002_08-vs-011_08
30,/nas-ctm01/datasets/public/BIOMETRICS/Face_Morphing/MAD22/original_sorted/MIPGAN_I/002_08-vs-025_08.png,002_08-vs-025_08.png,002_08-vs-025_08
31,/nas-ctm01/datasets/public/BIOMETRICS/Face_Morphing/MAD22/original_sorted/MIPGAN_I/002_08-vs-027_08.png,002_08-vs-027_08.png,002_08-vs-027_08
32,/nas-ctm01/datasets/public/BIOMETRICS/Face_Morphing/MAD22/original_sorted/MIPGAN_I/002_08-vs-030_08.png,002_08-vs-030_08.png,002_08-vs-030_08
33,/nas-ctm01/datasets/public/BIOMETRICS/Face_Morphing/MAD22/original_sorted/MIPGAN_I/002_08-vs-032_08.png,002_08-vs-032_08.png,002_08-vs-032_08
34,/nas-ctm01/datasets/public/BIOMETRICS/Face_Morphing/MAD22/original_sorted/MIPGAN_I/002_08-vs-039_08.png,002_08-vs-039_08.png,002_08-vs-039_08
35,/nas-ctm01/datasets/public/BIOMETRICS/Face_Morphing/MAD22/original_sorted/MIPGAN_I/002_08-vs-081_08.png,002_08-vs-081_08.png,002_08-vs-081_08
36,/nas-ctm01/datasets/public/BIOMETRICS/Face_Morphing/MAD22/original_sorted/MIPGAN_I/002_08-vs-090_08.png,002_08-vs-090_08.png,002_08-vs-090_08
37,/nas-ctm01/datasets/public/BIOMETRICS/Face_Morphing/MAD22/original_sorted/MIPGAN_I/002_08-vs-091_08.png,002_08-vs-091_08.png,002_08-vs-091_08
38,/nas-ctm01/datasets/public/BIOMETRICS/Face_Morphing/MAD22/original_sorted/MIPGAN_I/002_08-vs-097_08.png,002_08-vs-097_08.png,002_08-vs-097_08
39,/nas-ctm01/datasets/public/BIOMETRICS/Face_Morphing/MAD22/original_sorted/MIPGAN_I/002_08-vs-099_08.png,002_08-vs-099_08.png,002_08-vs-099_08
40,/nas-ctm01/datasets/public/BIOMETRICS/Face_Morphing/MAD22/original_sorted/MIPGAN_I/002_08-vs-102_08.png,002_08-vs-102_08.png,002_08-vs-102_08
41,/nas-ctm01/datasets/public/BIOMETRICS/Face_Morphing/MAD22/original_sorted/MIPGAN_I/002_08-vs-118_08.png,002_08-vs-118_08.png,002_08-vs-118_08
42,/nas-ctm01/datasets/public/BIOMETRICS/Face_Morphing/MAD22/original_sorted/MIPGAN_I/002_08-vs-124_08.png,002_08-vs-124_08.png,002_08-vs-124_08
43,/nas-ctm01/datasets/public/BIOMETRICS/Face_Morphing/MAD22/original_sorted/MIPGAN_I/002_08-vs-135_08.png,002_08-vs-135_08.png,002_08-vs-135_08
44,/nas-ctm01/datasets/public/BIOMETRICS/Face_Morphing/MAD22/original_sorted/MIPGAN_I/002_08-vs-136_08.png,002_08-vs-136_08.png,002_08-vs-136_08
45,/nas-ctm01/datasets/public/BIOMETRICS/Face_Morphing/MAD22/original_sorted/MIPGAN_I/002_08-vs-139_08.png,002_08-vs-139_08.png,002_08-vs-139_08
46,/nas-ctm01/datasets/public/BIOMETRICS/Face_Morphing/MAD22/original_sorted/MIPGAN_I/002_08-vs-144_08.png,002_08-vs-144_08.png,002_08-vs-144_08
47,/nas-ctm01/datasets/public/BIOMETRICS/Face_Morphing/MAD22/original_sorted/MIPGAN_I/003_03-vs-011_03.png,003_03-vs-011_03.png,003_03-vs-011_03
48,/nas-ctm01/datasets/public/BIOMETRICS/Face_Morphing/MAD22/original_sorted/MIPGAN_I/003_03-vs-014_03.png,003_03-vs-014_03.png,003_03-vs-014_03
49,/nas-ctm01/datasets/public/BIOMETRICS/Face_Morphing/MAD22/original_sorted/MIPGAN_I/003_03-vs-016_03.png,003_03-vs-016_03.png,003_03-vs-016_03
50,/nas-ctm01/datasets/public/BIOMETRICS/Face_Morphing/MAD22/original_sorted/MIPGAN_I/003_03-vs-027_03.png,003_03-vs-027_03.png,003_03-vs-027_03
51,/nas-ctm01/datasets/public/BIOMETRICS/Face_Morphing/MAD22/original_sorted/MIPGAN_I/003_03-vs-039_03.png,003_03-vs-039_03.png,003_03-vs-039_03
52,/nas-ctm01/datasets/public/BIOMETRICS/Face_Morphing/MAD22/original_sorted/MIPGAN_I/003_03-vs-102_03.png,003_03-vs-102_03.png,003_03-vs-102_03
53,/nas-ctm01/datasets/public/BIOMETRICS/Face_Morphing/MAD22/original_sorted/MIPGAN_I/003_03-vs-136_03.png,003_03-vs-136_03.png,003_03-vs-136_03
54,/nas-ctm01/datasets/public/BIOMETRICS/Face_Morphing/MAD22/original_sorted/MIPGAN_I/003_08-vs-016_08.png,003_08-vs-016_08.png,003_08-vs-016_08
55,/nas-ctm01/datasets/public/BIOMETRICS/Face_Morphing/MAD22/original_sorted/MIPGAN_I/003_08-vs-027_08.png,003_08-vs-027_08.png,003_08-vs-027_08
56,/nas-ctm01/datasets/public/BIOMETRICS/Face_Morphing/MAD22/original_sorted/MIPGAN_I/003_08-vs-032_08.png,003_08-vs-032_08.png,003_08-vs-032_08
57,/nas-ctm01/datasets/public/BIOMETRICS/Face_Morphing/MAD22/original_sorted/MIPGAN_I/003_08-vs-124_08.png,003_08-vs-124_08.png,003_08-vs-124_08
58,/nas-ctm01/datasets/public/BIOMETRICS/Face_Morphing/MAD22/original_sorted/MIPGAN_I/003_08-vs-136_08.png,003_08-vs-136_08.png,003_08-vs-136_08
59,/nas-ctm01/datasets/public/BIOMETRICS/Face_Morphing/MAD22/original_sorted/MIPGAN_I/003_08-vs-144_08.png,003_08-vs-144_08.png,003_08-vs-144_08
60,/nas-ctm01/datasets/public/BIOMETRICS/Face_Morphing/MAD22/original_sorted/MIPGAN_I/004_03-vs-012_03.png,004_03-vs-012_03.png,004_03-vs-012_03
61,/nas-ctm01/datasets/public/BIOMETRICS/Face_Morphing/MAD22/original_sorted/MIPGAN_I/004_03-vs-103_03.png,004_03-vs-103_03.png,004_03-vs-103_03
62,/nas-ctm01/datasets/public/BIOMETRICS/Face_Morphing/MAD22/original_sorted/MIPGAN_I/004_03-vs-105_03.png,004_03-vs-105_03.png,004_03-vs-105_03
63,/nas-ctm01/datasets/public/BIOMETRICS/Face_Morphing/MAD22/original_sorted/MIPGAN_I/004_03-vs-128_03.png,004_03-vs-128_03.png,004_03-vs-128_03
64,/nas-ctm01/datasets/public/BIOMETRICS/Face_Morphing/MAD22/original_sorted/MIPGAN_I/004_03-vs-141_03.png,004_03-vs-141_03.png,004_03-vs-141_03
65,/nas-ctm01/datasets/public/BIOMETRICS/Face_Morphing/MAD22/original_sorted/MIPGAN_I/004_03-vs-142_03.png,004_03-vs-142_03.png,004_03-vs-142_03
66,/nas-ctm01/datasets/public/BIOMETRICS/Face_Morphing/MAD22/original_sorted/MIPGAN_I/004_03-vs-172_03.png,004_03-vs-172_03.png,004_03-vs-172_03
67,/nas-ctm01/datasets/public/BIOMETRICS/Face_Morphing/MAD22/original_sorted/MIPGAN_I/005_03-vs-008_03.png,005_03-vs-008_03.png,005_03-vs-008_03
68,/nas-ctm01/datasets/public/BIOMETRICS/Face_Morphing/MAD22/original_sorted/MIPGAN_I/005_03-vs-018_03.png,005_03-vs-018_03.png,005_03-vs-018_03
69,/nas-ctm01/datasets/public/BIOMETRICS/Face_Morphing/MAD22/original_sorted/MIPGAN_I/005_03-vs-021_03.png,005_03-vs-021_03.png,005_03-vs-021_03
70,/nas-ctm01/datasets/public/BIOMETRICS/Face_Morphing/MAD22/original_sorted/MIPGAN_I/005_03-vs-033_03.png,005_03-vs-033_03.png,005_03-vs-033_03
71,/nas-ctm01/datasets/public/BIOMETRICS/Face_Morphing/MAD22/original_sorted/MIPGAN_I/005_03-vs-068_03.png,005_03-vs-068_03.png,005_03-vs-068_03
72,/nas-ctm01/datasets/public/BIOMETRICS/Face_Morphing/MAD22/original_sorted/MIPGAN_I/005_03-vs-082_03.png,005_03-vs-082_03.png,005_03-vs-082_03
73,/nas-ctm01/datasets/public/BIOMETRICS/Face_Morphing/MAD22/original_sorted/MIPGAN_I/005_03-vs-104_03.png,005_03-vs-104_03.png,005_03-vs-104_03
74,/nas-ctm01/datasets/public/BIOMETRICS/Face_Morphing/MAD22/original_sorted/MIPGAN_I/005_03-vs-115_03.png,005_03-vs-115_03.png,005_03-vs-115_03
75,/nas-ctm01/datasets/public/BIOMETRICS/Face_Morphing/MAD22/original_sorted/MIPGAN_I/005_08-vs-021_08.png,005_08-vs-021_08.png,005_08-vs-021_08
76,/nas-ctm01/datasets/public/BIOMETRICS/Face_Morphing/MAD22/original_sorted/MIPGAN_I/005_08-vs-022_08.png,005_08-vs-022_08.png,005_08-vs-022_08
77,/nas-ctm01/datasets/public/BIOMETRICS/Face_Morphing/MAD22/original_sorted/MIPGAN_I/005_08-vs-033_08.png,005_08-vs-033_08.png,005_08-vs-033_08
78,/nas-ctm01/datasets/public/BIOMETRICS/Face_Morphing/MAD22/original_sorted/MIPGAN_I/005_08-vs-067_08.png,005_08-vs-067_08.png,005_08-vs-067_08
79,/nas-ctm01/datasets/public/BIOMETRICS/Face_Morphing/MAD22/original_sorted/MIPGAN_I/005_08-vs-068_08.png,005_08-vs-068_08.png,005_08-vs-068_08
80,/nas-ctm01/datasets/public/BIOMETRICS/Face_Morphing/MAD22/original_sorted/MIPGAN_I/005_08-vs-115_08.png,005_08-vs-115_08.png,005_08-vs-115_08
81,/nas-ctm01/datasets/public/BIOMETRICS/Face_Morphing/MAD22/original_sorted/MIPGAN_I/005_08-vs-140_08.png,005_08-vs-140_08.png,005_08-vs-140_08
82,/nas-ctm01/datasets/public/BIOMETRICS/Face_Morphing/MAD22/original_sorted/MIPGAN_I/006_03-vs-016_03.png,006_03-vs-016_03.png,006_03-vs-016_03
83,/nas-ctm01/datasets/public/BIOMETRICS/Face_Morphing/MAD22/original_sorted/MIPGAN_I/006_03-vs-064_03.png,006_03-vs-064_03.png,006_03-vs-064_03
84,/nas-ctm01/datasets/public/BIOMETRICS/Face_Morphing/MAD22/original_sorted/MIPGAN_I/006_03-vs-094_03.png,006_03-vs-094_03.png,006_03-vs-094_03
85,/nas-ctm01/datasets/public/BIOMETRICS/Face_Morphing/MAD22/original_sorted/MIPGAN_I/006_03-vs-097_03.png,006_03-vs-097_03.png,006_03-vs-097_03
86,/nas-ctm01/datasets/public/BIOMETRICS/Face_Morphing/MAD22/original_sorted/MIPGAN_I/006_03-vs-102_03.png,006_03-vs-102_03.png,006_03-vs-102_03
87,/nas-ctm01/datasets/public/BIOMETRICS/Face_Morphing/MAD22/original_sorted/MIPGAN_I/006_08-vs-016_08.png,006_08-vs-016_08.png,006_08-vs-016_08
88,/nas-ctm01/datasets/public/BIOMETRICS/Face_Morphing/MAD22/original_sorted/MIPGAN_I/006_08-vs-081_08.png,006_08-vs-081_08.png,006_08-vs-081_08
89,/nas-ctm01/datasets/public/BIOMETRICS/Face_Morphing/MAD22/original_sorted/MIPGAN_I/006_08-vs-097_08.png,006_08-vs-097_08.png,006_08-vs-097_08
90,/nas-ctm01/datasets/public/BIOMETRICS/Face_Morphing/MAD22/original_sorted/MIPGAN_I/006_08-vs-112_08.png,006_08-vs-112_08.png,006_08-vs-112_08
91,/nas-ctm01/datasets/public/BIOMETRICS/Face_Morphing/MAD22/original_sorted/MIPGAN_I/006_08-vs-118_08.png,006_08-vs-118_08.png,006_08-vs-118_08
92,/nas-ctm01/datasets/public/BIOMETRICS/Face_Morphing/MAD22/original_sorted/MIPGAN_I/006_08-vs-139_08.png,006_08-vs-139_08.png,006_08-vs-139_08
93,/nas-ctm01/datasets/public/BIOMETRICS/Face_Morphing/MAD22/original_sorted/MIPGAN_I/006_08-vs-144_08.png,006_08-vs-144_08.png,006_08-vs-144_08
94,/nas-ctm01/datasets/public/BIOMETRICS/Face_Morphing/MAD22/original_sorted/MIPGAN_I/007_03-vs-039_03.png,007_03-vs-039_03.png,007_03-vs-039_03
95,/nas-ctm01/datasets/public/BIOMETRICS/Face_Morphing/MAD22/original_sorted/MIPGAN_I/007_03-vs-062_03.png,007_03-vs-062_03.png,007_03-vs-062_03
96,/nas-ctm01/datasets/public/BIOMETRICS/Face_Morphing/MAD22/original_sorted/MIPGAN_I/007_03-vs-094_03.png,007_03-vs-094_03.png,007_03-vs-094_03
97,/nas-ctm01/datasets/public/BIOMETRICS/Face_Morphing/MAD22/original_sorted/MIPGAN_I/007_03-vs-107_03.png,007_03-vs-107_03.png,007_03-vs-107_03
98,/nas-ctm01/datasets/public/BIOMETRICS/Face_Morphing/MAD22/original_sorted/MIPGAN_I/007_03-vs-122_03.png,007_03-vs-122_03.png,007_03-vs-122_03
99,/nas-ctm01/datasets/public/BIOMETRICS/Face_Morphing/MAD22/original_sorted/MIPGAN_I/007_03-vs-124_03.png,007_03-vs-124_03.png,007_03-vs-124_03
100,/nas-ctm01/datasets/public/BIOMETRICS/Face_Morphing/MAD22/original_sorted/MIPGAN_I/008_03-vs-063_03.png,008_03-vs-063_03.png,008_03-vs-063_03
101,/nas-ctm01/datasets/public/BIOMETRICS/Face_Morphing/MAD22/original_sorted/MIPGAN_I/008_03-vs-104_03.png,008_03-vs-104_03.png,008_03-vs-104_03
102,/nas-ctm01/datasets/public/BIOMETRICS/Face_Morphing/MAD22/original_sorted/MIPGAN_I/008_03-vs-143_03.png,008_03-vs-143_03.png,008_03-vs-143_03
103,/nas-ctm01/datasets/public/BIOMETRICS/Face_Morphing/MAD22/original_sorted/MIPGAN_I/008_08-vs-042_08.png,008_08-vs-042_08.png,008_08-vs-042_08
104,/nas-ctm01/datasets/public/BIOMETRICS/Face_Morphing/MAD22/original_sorted/MIPGAN_I/008_08-vs-061_08.png,008_08-vs-061_08.png,008_08-vs-061_08
105,/nas-ctm01/datasets/public/BIOMETRICS/Face_Morphing/MAD22/original_sorted/MIPGAN_I/008_08-vs-063_08.png,008_08-vs-063_08.png,008_08-vs-063_08
106,/nas-ctm01/datasets/public/BIOMETRICS/Face_Morphing/MAD22/original_sorted/MIPGAN_I/008_08-vs-096_08.png,008_08-vs-096_08.png,008_08-vs-096_08
107,/nas-ctm01/datasets/public/BIOMETRICS/Face_Morphing/MAD22/original_sorted/MIPGAN_I/009_03-vs-014_03.png,009_03-vs-014_03.png,009_03-vs-014_03
108,/nas-ctm01/datasets/public/BIOMETRICS/Face_Morphing/MAD22/original_sorted/MIPGAN_I/009_03-vs-019_03.png,009_03-vs-019_03.png,009_03-vs-019_03
109,/nas-ctm01/datasets/public/BIOMETRICS/Face_Morphing/MAD22/original_sorted/MIPGAN_I/009_03-vs-027_03.png,009_03-vs-027_03.png,009_03-vs-027_03
110,/nas-ctm01/datasets/public/BIOMETRICS/Face_Morphing/MAD22/original_sorted/MIPGAN_I/009_03-vs-039_03.png,009_03-vs-039_03.png,009_03-vs-039_03
111,/nas-ctm01/datasets/public/BIOMETRICS/Face_Morphing/MAD22/original_sorted/MIPGAN_I/009_03-vs-066_03.png,009_03-vs-066_03.png,009_03-vs-066_03
112,/nas-ctm01/datasets/public/BIOMETRICS/Face_Morphing/MAD22/original_sorted/MIPGAN_I/009_03-vs-083_03.png,009_03-vs-083_03.png,009_03-vs-083_03
113,/nas-ctm01/datasets/public/BIOMETRICS/Face_Morphing/MAD22/original_sorted/MIPGAN_I/009_03-vs-090_03.png,009_03-vs-090_03.png,009_03-vs-090_03
114,/nas-ctm01/datasets/public/BIOMETRICS/Face_Morphing/MAD22/original_sorted/MIPGAN_I/009_03-vs-100_03.png,009_03-vs-100_03.png,009_03-vs-100_03
115,/nas-ctm01/datasets/public/BIOMETRICS/Face_Morphing/MAD22/original_sorted/MIPGAN_I/009_03-vs-107_03.png,009_03-vs-107_03.png,009_03-vs-107_03
116,/nas-ctm01/datasets/public/BIOMETRICS/Face_Morphing/MAD22/original_sorted/MIPGAN_I/009_03-vs-112_03.png,009_03-vs-112_03.png,009_03-vs-112_03
117,/nas-ctm01/datasets/public/BIOMETRICS/Face_Morphing/MAD22/original_sorted/MIPGAN_I/009_03-vs-122_03.png,009_03-vs-122_03.png,009_03-vs-122_03
118,/nas-ctm01/datasets/public/BIOMETRICS/Face_Morphing/MAD22/original_sorted/MIPGAN_I/009_03-vs-129_03.png,009_03-vs-129_03.png,009_03-vs-129_03
119,/nas-ctm01/datasets/public/BIOMETRICS/Face_Morphing/MAD22/original_sorted/MIPGAN_I/009_03-vs-139_03.png,009_03-vs-139_03.png,009_03-vs-139_03
120,/nas-ctm01/datasets/public/BIOMETRICS/Face_Morphing/MAD22/original_sorted/MIPGAN_I/009_03-vs-144_03.png,009_03-vs-144_03.png,009_03-vs-144_03
121,/nas-ctm01/datasets/public/BIOMETRICS/Face_Morphing/MAD22/original_sorted/MIPGAN_I/009_08-vs-019_08.png,009_08-vs-019_08.png,009_08-vs-019_08
122,/nas-ctm01/datasets/public/BIOMETRICS/Face_Morphing/MAD22/original_sorted/MIPGAN_I/009_08-vs-083_08.png,009_08-vs-083_08.png,009_08-vs-083_08
123,/nas-ctm01/datasets/public/BIOMETRICS/Face_Morphing/MAD22/original_sorted/MIPGAN_I/009_08-vs-090_08.png,009_08-vs-090_08.png,009_08-vs-090_08
124,/nas-ctm01/datasets/public/BIOMETRICS/Face_Morphing/MAD22/original_sorted/MIPGAN_I/009_08-vs-107_08.png,009_08-vs-107_08.png,009_08-vs-107_08
125,/nas-ctm01/datasets/public/BIOMETRICS/Face_Morphing/MAD22/original_sorted/MIPGAN_I/009_08-vs-112_08.png,009_08-vs-112_08.png,009_08-vs-112_08
126,/nas-ctm01/datasets/public/BIOMETRICS/Face_Morphing/MAD22/original_sorted/MIPGAN_I/009_08-vs-122_08.png,009_08-vs-122_08.png,009_08-vs-122_08
127,/nas-ctm01/datasets/public/BIOMETRICS/Face_Morphing/MAD22/original_sorted/MIPGAN_I/009_08-vs-129_08.png,009_08-vs-129_08.png,009_08-vs-129_08
128,/nas-ctm01/datasets/public/BIOMETRICS/Face_Morphing/MAD22/original_sorted/MIPGAN_I/009_08-vs-135_08.png,009_08-vs-135_08.png,009_08-vs-135_08
129,/nas-ctm01/datasets/public/BIOMETRICS/Face_Morphing/MAD22/original_sorted/MIPGAN_I/009_08-vs-144_08.png,009_08-vs-144_08.png,009_08-vs-144_08
130,/nas-ctm01/datasets/public/BIOMETRICS/Face_Morphing/MAD22/original_sorted/MIPGAN_I/010_03-vs-030_03.png,010_03-vs-030_03.png,010_03-vs-030_03
131,/nas-ctm01/datasets/public/BIOMETRICS/Face_Morphing/MAD22/original_sorted/MIPGAN_I/010_03-vs-038_03.png,010_03-vs-038_03.png,010_03-vs-038_03
132,/nas-ctm01/datasets/public/BIOMETRICS/Face_Morphing/MAD22/original_sorted/MIPGAN_I/010_03-vs-039_03.png,010_03-vs-039_03.png,010_03-vs-039_03
133,/nas-ctm01/datasets/public/BIOMETRICS/Face_Morphing/MAD22/original_sorted/MIPGAN_I/010_03-vs-090_03.png,010_03-vs-090_03.png,010_03-vs-090_03
134,/nas-ctm01/datasets/public/BIOMETRICS/Face_Morphing/MAD22/original_sorted/MIPGAN_I/010_03-vs-126_03.png,010_03-vs-126_03.png,010_03-vs-126_03
135,/nas-ctm01/datasets/public/BIOMETRICS/Face_Morphing/MAD22/original_sorted/MIPGAN_I/010_08-vs-020_08.png,010_08-vs-020_08.png,010_08-vs-020_08
136,/nas-ctm01/datasets/public/BIOMETRICS/Face_Morphing/MAD22/original_sorted/MIPGAN_I/010_08-vs-030_08.png,010_08-vs-030_08.png,010_08-vs-030_08
137,/nas-ctm01/datasets/public/BIOMETRICS/Face_Morphing/MAD22/original_sorted/MIPGAN_I/010_08-vs-038_08.png,010_08-vs-038_08.png,010_08-vs-038_08
138,/nas-ctm01/datasets/public/BIOMETRICS/Face_Morphing/MAD22/original_sorted/MIPGAN_I/010_08-vs-039_08.png,010_08-vs-039_08.png,010_08-vs-039_08
139,/nas-ctm01/datasets/public/BIOMETRICS/Face_Morphing/MAD22/original_sorted/MIPGAN_I/010_08-vs-136_08.png,010_08-vs-136_08.png,010_08-vs-136_08
140,/nas-ctm01/datasets/public/BIOMETRICS/Face_Morphing/MAD22/original_sorted/MIPGAN_I/011_03-vs-020_03.png,011_03-vs-020_03.png,011_03-vs-020_03
141,/nas-ctm01/datasets/public/BIOMETRICS/Face_Morphing/MAD22/original_sorted/MIPGAN_I/011_03-vs-032_03.png,011_03-vs-032_03.png,011_03-vs-032_03
142,/nas-ctm01/datasets/public/BIOMETRICS/Face_Morphing/MAD22/original_sorted/MIPGAN_I/011_03-vs-062_03.png,011_03-vs-062_03.png,011_03-vs-062_03
143,/nas-ctm01/datasets/public/BIOMETRICS/Face_Morphing/MAD22/original_sorted/MIPGAN_I/011_03-vs-064_03.png,011_03-vs-064_03.png,011_03-vs-064_03
144,/nas-ctm01/datasets/public/BIOMETRICS/Face_Morphing/MAD22/original_sorted/MIPGAN_I/011_03-vs-097_03.png,011_03-vs-097_03.png,011_03-vs-097_03
145,/nas-ctm01/datasets/public/BIOMETRICS/Face_Morphing/MAD22/original_sorted/MIPGAN_I/011_03-vs-118_03.png,011_03-vs-118_03.png,011_03-vs-118_03
146,/nas-ctm01/datasets/public/BIOMETRICS/Face_Morphing/MAD22/original_sorted/MIPGAN_I/011_03-vs-120_03.png,011_03-vs-120_03.png,011_03-vs-120_03
147,/nas-ctm01/datasets/public/BIOMETRICS/Face_Morphing/MAD22/original_sorted/MIPGAN_I/011_03-vs-124_03.png,011_03-vs-124_03.png,011_03-vs-124_03
148,/nas-ctm01/datasets/public/BIOMETRICS/Face_Morphing/MAD22/original_sorted/MIPGAN_I/011_03-vs-135_03.png,011_03-vs-135_03.png,011_03-vs-135_03
149,/nas-ctm01/datasets/public/BIOMETRICS/Face_Morphing/MAD22/original_sorted/MIPGAN_I/011_08-vs-020_08.png,011_08-vs-020_08.png,011_08-vs-020_08
150,/nas-ctm01/datasets/public/BIOMETRICS/Face_Morphing/MAD22/original_sorted/MIPGAN_I/011_08-vs-032_08.png,011_08-vs-032_08.png,011_08-vs-032_08
151,/nas-ctm01/datasets/public/BIOMETRICS/Face_Morphing/MAD22/original_sorted/MIPGAN_I/011_08-vs-062_08.png,011_08-vs-062_08.png,011_08-vs-062_08
152,/nas-ctm01/datasets/public/BIOMETRICS/Face_Morphing/MAD22/original_sorted/MIPGAN_I/011_08-vs-064_08.png,011_08-vs-064_08.png,011_08-vs-064_08
153,/nas-ctm01/datasets/public/BIOMETRICS/Face_Morphing/MAD22/original_sorted/MIPGAN_I/011_08-vs-091_08.png,011_08-vs-091_08.png,011_08-vs-091_08
154,/nas-ctm01/datasets/public/BIOMETRICS/Face_Morphing/MAD22/original_sorted/MIPGAN_I/011_08-vs-124_08.png,011_08-vs-124_08.png,011_08-vs-124_08
155,/nas-ctm01/datasets/public/BIOMETRICS/Face_Morphing/MAD22/original_sorted/MIPGAN_I/011_08-vs-135_08.png,011_08-vs-135_08.png,011_08-vs-135_08
156,/nas-ctm01/datasets/public/BIOMETRICS/Face_Morphing/MAD22/original_sorted/MIPGAN_I/011_08-vs-136_08.png,011_08-vs-136_08.png,011_08-vs-136_08
157,/nas-ctm01/datasets/public/BIOMETRICS/Face_Morphing/MAD22/original_sorted/MIPGAN_I/012_03-vs-026_03.png,012_03-vs-026_03.png,012_03-vs-026_03
158,/nas-ctm01/datasets/public/BIOMETRICS/Face_Morphing/MAD22/original_sorted/MIPGAN_I/012_03-vs-037_03.png,012_03-vs-037_03.png,012_03-vs-037_03
159,/nas-ctm01/datasets/public/BIOMETRICS/Face_Morphing/MAD22/original_sorted/MIPGAN_I/012_03-vs-041_03.png,012_03-vs-041_03.png,012_03-vs-041_03
160,/nas-ctm01/datasets/public/BIOMETRICS/Face_Morphing/MAD22/original_sorted/MIPGAN_I/012_03-vs-096_03.png,012_03-vs-096_03.png,012_03-vs-096_03
161,/nas-ctm01/datasets/public/BIOMETRICS/Face_Morphing/MAD22/original_sorted/MIPGAN_I/012_03-vs-138_03.png,012_03-vs-138_03.png,012_03-vs-138_03
162,/nas-ctm01/datasets/public/BIOMETRICS/Face_Morphing/MAD22/original_sorted/MIPGAN_I/012_03-vs-141_03.png,012_03-vs-141_03.png,012_03-vs-141_03
163,/nas-ctm01/datasets/public/BIOMETRICS/Face_Morphing/MAD22/original_sorted/MIPGAN_I/012_08-vs-017_08.png,012_08-vs-017_08.png,012_08-vs-017_08
164,/nas-ctm01/datasets/public/BIOMETRICS/Face_Morphing/MAD22/original_sorted/MIPGAN_I/012_08-vs-026_08.png,012_08-vs-026_08.png,012_08-vs-026_08
165,/nas-ctm01/datasets/public/BIOMETRICS/Face_Morphing/MAD22/original_sorted/MIPGAN_I/012_08-vs-041_08.png,012_08-vs-041_08.png,012_08-vs-041_08
166,/nas-ctm01/datasets/public/BIOMETRICS/Face_Morphing/MAD22/original_sorted/MIPGAN_I/012_08-vs-042_08.png,012_08-vs-042_08.png,012_08-vs-042_08
167,/nas-ctm01/datasets/public/BIOMETRICS/Face_Morphing/MAD22/original_sorted/MIPGAN_I/012_08-vs-141_08.png,012_08-vs-141_08.png,012_08-vs-141_08
168,/nas-ctm01/datasets/public/BIOMETRICS/Face_Morphing/MAD22/original_sorted/MIPGAN_I/012_08-vs-143_08.png,012_08-vs-143_08.png,012_08-vs-143_08
169,/nas-ctm01/datasets/public/BIOMETRICS/Face_Morphing/MAD22/original_sorted/MIPGAN_I/013_08-vs-020_08.png,013_08-vs-020_08.png,013_08-vs-020_08
170,/nas-ctm01/datasets/public/BIOMETRICS/Face_Morphing/MAD22/original_sorted/MIPGAN_I/013_08-vs-030_08.png,013_08-vs-030_08.png,013_08-vs-030_08
171,/nas-ctm01/datasets/public/BIOMETRICS/Face_Morphing/MAD22/original_sorted/MIPGAN_I/013_08-vs-038_08.png,013_08-vs-038_08.png,013_08-vs-038_08
172,/nas-ctm01/datasets/public/BIOMETRICS/Face_Morphing/MAD22/original_sorted/MIPGAN_I/013_08-vs-066_08.png,013_08-vs-066_08.png,013_08-vs-066_08
173,/nas-ctm01/datasets/public/BIOMETRICS/Face_Morphing/MAD22/original_sorted/MIPGAN_I/013_08-vs-097_08.png,013_08-vs-097_08.png,013_08-vs-097_08
174,/nas-ctm01/datasets/public/BIOMETRICS/Face_Morphing/MAD22/original_sorted/MIPGAN_I/013_08-vs-118_08.png,013_08-vs-118_08.png,013_08-vs-118_08
175,/nas-ctm01/datasets/public/BIOMETRICS/Face_Morphing/MAD22/original_sorted/MIPGAN_I/014_03-vs-019_03.png,014_03-vs-019_03.png,014_03-vs-019_03
176,/nas-ctm01/datasets/public/BIOMETRICS/Face_Morphing/MAD22/original_sorted/MIPGAN_I/014_03-vs-030_03.png,014_03-vs-030_03.png,014_03-vs-030_03
177,/nas-ctm01/datasets/public/BIOMETRICS/Face_Morphing/MAD22/original_sorted/MIPGAN_I/014_03-vs-038_03.png,014_03-vs-038_03.png,014_03-vs-038_03
178,/nas-ctm01/datasets/public/BIOMETRICS/Face_Morphing/MAD22/original_sorted/MIPGAN_I/014_03-vs-122_03.png,014_03-vs-122_03.png,014_03-vs-122_03
179,/nas-ctm01/datasets/public/BIOMETRICS/Face_Morphing/MAD22/original_sorted/MIPGAN_I/014_03-vs-134_03.png,014_03-vs-134_03.png,014_03-vs-134_03
180,/nas-ctm01/datasets/public/BIOMETRICS/Face_Morphing/MAD22/original_sorted/MIPGAN_I/014_03-vs-139_03.png,014_03-vs-139_03.png,014_03-vs-139_03
181,/nas-ctm01/datasets/public/BIOMETRICS/Face_Morphing/MAD22/original_sorted/MIPGAN_I/014_08-vs-019_08.png,014_08-vs-019_08.png,014_08-vs-019_08
182,/nas-ctm01/datasets/public/BIOMETRICS/Face_Morphing/MAD22/original_sorted/MIPGAN_I/014_08-vs-122_08.png,014_08-vs-122_08.png,014_08-vs-122_08
183,/nas-ctm01/datasets/public/BIOMETRICS/Face_Morphing/MAD22/original_sorted/MIPGAN_I/014_08-vs-134_08.png,014_08-vs-134_08.png,014_08-vs-134_08
184,/nas-ctm01/datasets/public/BIOMETRICS/Face_Morphing/MAD22/original_sorted/MIPGAN_I/016_03-vs-027_03.png,016_03-vs-027_03.png,016_03-vs-027_03
185,/nas-ctm01/datasets/public/BIOMETRICS/Face_Morphing/MAD22/original_sorted/MIPGAN_I/016_03-vs-083_03.png,016_03-vs-083_03.png,016_03-vs-083_03
186,/nas-ctm01/datasets/public/BIOMETRICS/Face_Morphing/MAD22/original_sorted/MIPGAN_I/016_03-vs-086_03.png,016_03-vs-086_03.png,016_03-vs-086_03
187,/nas-ctm01/datasets/public/BIOMETRICS/Face_Morphing/MAD22/original_sorted/MIPGAN_I/016_03-vs-094_03.png,016_03-vs-094_03.png,016_03-vs-094_03
188,/nas-ctm01/datasets/public/BIOMETRICS/Face_Morphing/MAD22/original_sorted/MIPGAN_I/016_08-vs-025_08.png,016_08-vs-025_08.png,016_08-vs-025_08
189,/nas-ctm01/datasets/public/BIOMETRICS/Face_Morphing/MAD22/original_sorted/MIPGAN_I/016_08-vs-081_08.png,016_08-vs-081_08.png,016_08-vs-081_08
190,/nas-ctm01/datasets/public/BIOMETRICS/Face_Morphing/MAD22/original_sorted/MIPGAN_I/016_08-vs-083_08.png,016_08-vs-083_08.png,016_08-vs-083_08
191,/nas-ctm01/datasets/public/BIOMETRICS/Face_Morphing/MAD22/original_sorted/MIPGAN_I/016_08-vs-086_08.png,016_08-vs-086_08.png,016_08-vs-086_08
192,/nas-ctm01/datasets/public/BIOMETRICS/Face_Morphing/MAD22/original_sorted/MIPGAN_I/016_08-vs-099_08.png,016_08-vs-099_08.png,016_08-vs-099_08
193,/nas-ctm01/datasets/public/BIOMETRICS/Face_Morphing/MAD22/original_sorted/MIPGAN_I/016_08-vs-144_08.png,016_08-vs-144_08.png,016_08-vs-144_08
194,/nas-ctm01/datasets/public/BIOMETRICS/Face_Morphing/MAD22/original_sorted/MIPGAN_I/017_08-vs-024_08.png,017_08-vs-024_08.png,017_08-vs-024_08
195,/nas-ctm01/datasets/public/BIOMETRICS/Face_Morphing/MAD22/original_sorted/MIPGAN_I/017_08-vs-067_08.png,017_08-vs-067_08.png,017_08-vs-067_08
196,/nas-ctm01/datasets/public/BIOMETRICS/Face_Morphing/MAD22/original_sorted/MIPGAN_I/017_08-vs-068_08.png,017_08-vs-068_08.png,017_08-vs-068_08
197,/nas-ctm01/datasets/public/BIOMETRICS/Face_Morphing/MAD22/original_sorted/MIPGAN_I/017_08-vs-128_08.png,017_08-vs-128_08.png,017_08-vs-128_08
198,/nas-ctm01/datasets/public/BIOMETRICS/Face_Morphing/MAD22/original_sorted/MIPGAN_I/017_08-vs-130_08.png,017_08-vs-130_08.png,017_08-vs-130_08
199,/nas-ctm01/datasets/public/BIOMETRICS/Face_Morphing/MAD22/original_sorted/MIPGAN_I/017_08-vs-141_08.png,017_08-vs-141_08.png,017_08-vs-141_08
200,/nas-ctm01/datasets/public/BIOMETRICS/Face_Morphing/MAD22/original_sorted/MIPGAN_I/018_03-vs-061_03.png,018_03-vs-061_03.png,018_03-vs-061_03
201,/nas-ctm01/datasets/public/BIOMETRICS/Face_Morphing/MAD22/original_sorted/MIPGAN_I/018_03-vs-063_03.png,018_03-vs-063_03.png,018_03-vs-063_03
202,/nas-ctm01/datasets/public/BIOMETRICS/Face_Morphing/MAD22/original_sorted/MIPGAN_I/018_03-vs-101_03.png,018_03-vs-101_03.png,018_03-vs-101_03
203,/nas-ctm01/datasets/public/BIOMETRICS/Face_Morphing/MAD22/original_sorted/MIPGAN_I/018_03-vs-131_03.png,018_03-vs-131_03.png,018_03-vs-131_03
204,/nas-ctm01/datasets/public/BIOMETRICS/Face_Morphing/MAD22/original_sorted/MIPGAN_I/018_03-vs-132_03.png,018_03-vs-132_03.png,018_03-vs-132_03
205,/nas-ctm01/datasets/public/BIOMETRICS/Face_Morphing/MAD22/original_sorted/MIPGAN_I/018_03-vs-138_03.png,018_03-vs-138_03.png,018_03-vs-138_03
206,/nas-ctm01/datasets/public/BIOMETRICS/Face_Morphing/MAD22/original_sorted/MIPGAN_I/018_08-vs-045_08.png,018_08-vs-045_08.png,018_08-vs-045_08
207,/nas-ctm01/datasets/public/BIOMETRICS/Face_Morphing/MAD22/original_sorted/MIPGAN_I/018_08-vs-061_08.png,018_08-vs-061_08.png,018_08-vs-061_08
208,/nas-ctm01/datasets/public/BIOMETRICS/Face_Morphing/MAD22/original_sorted/MIPGAN_I/018_08-vs-063_08.png,018_08-vs-063_08.png,018_08-vs-063_08
209,/nas-ctm01/datasets/public/BIOMETRICS/Face_Morphing/MAD22/original_sorted/MIPGAN_I/018_08-vs-069_08.png,018_08-vs-069_08.png,018_08-vs-069_08
210,/nas-ctm01/datasets/public/BIOMETRICS/Face_Morphing/MAD22/original_sorted/MIPGAN_I/018_08-vs-092_08.png,018_08-vs-092_08.png,018_08-vs-092_08
211,/nas-ctm01/datasets/public/BIOMETRICS/Face_Morphing/MAD22/original_sorted/MIPGAN_I/018_08-vs-101_08.png,018_08-vs-101_08.png,018_08-vs-101_08
212,/nas-ctm01/datasets/public/BIOMETRICS/Face_Morphing/MAD22/original_sorted/MIPGAN_I/018_08-vs-121_08.png,018_08-vs-121_08.png,018_08-vs-121_08
213,/nas-ctm01/datasets/public/BIOMETRICS/Face_Morphing/MAD22/original_sorted/MIPGAN_I/018_08-vs-140_08.png,018_08-vs-140_08.png,018_08-vs-140_08
214,/nas-ctm01/datasets/public/BIOMETRICS/Face_Morphing/MAD22/original_sorted/MIPGAN_I/019_03-vs-027_03.png,019_03-vs-027_03.png,019_03-vs-027_03
215,/nas-ctm01/datasets/public/BIOMETRICS/Face_Morphing/MAD22/original_sorted/MIPGAN_I/019_03-vs-039_03.png,019_03-vs-039_03.png,019_03-vs-039_03
216,/nas-ctm01/datasets/public/BIOMETRICS/Face_Morphing/MAD22/original_sorted/MIPGAN_I/019_03-vs-083_03.png,019_03-vs-083_03.png,019_03-vs-083_03
217,/nas-ctm01/datasets/public/BIOMETRICS/Face_Morphing/MAD22/original_sorted/MIPGAN_I/019_03-vs-097_03.png,019_03-vs-097_03.png,019_03-vs-097_03
218,/nas-ctm01/datasets/public/BIOMETRICS/Face_Morphing/MAD22/original_sorted/MIPGAN_I/019_03-vs-100_03.png,019_03-vs-100_03.png,019_03-vs-100_03
219,/nas-ctm01/datasets/public/BIOMETRICS/Face_Morphing/MAD22/original_sorted/MIPGAN_I/019_03-vs-122_03.png,019_03-vs-122_03.png,019_03-vs-122_03
220,/nas-ctm01/datasets/public/BIOMETRICS/Face_Morphing/MAD22/original_sorted/MIPGAN_I/019_03-vs-139_03.png,019_03-vs-139_03.png,019_03-vs-139_03
221,/nas-ctm01/datasets/public/BIOMETRICS/Face_Morphing/MAD22/original_sorted/MIPGAN_I/019_03-vs-144_03.png,019_03-vs-144_03.png,019_03-vs-144_03
222,/nas-ctm01/datasets/public/BIOMETRICS/Face_Morphing/MAD22/original_sorted/MIPGAN_I/019_08-vs-027_08.png,019_08-vs-027_08.png,019_08-vs-027_08
223,/nas-ctm01/datasets/public/BIOMETRICS/Face_Morphing/MAD22/original_sorted/MIPGAN_I/019_08-vs-038_08.png,019_08-vs-038_08.png,019_08-vs-038_08
224,/nas-ctm01/datasets/public/BIOMETRICS/Face_Morphing/MAD22/original_sorted/MIPGAN_I/019_08-vs-039_08.png,019_08-vs-039_08.png,019_08-vs-039_08
225,/nas-ctm01/datasets/public/BIOMETRICS/Face_Morphing/MAD22/original_sorted/MIPGAN_I/019_08-vs-083_08.png,019_08-vs-083_08.png,019_08-vs-083_08
226,/nas-ctm01/datasets/public/BIOMETRICS/Face_Morphing/MAD22/original_sorted/MIPGAN_I/019_08-vs-102_08.png,019_08-vs-102_08.png,019_08-vs-102_08
227,/nas-ctm01/datasets/public/BIOMETRICS/Face_Morphing/MAD22/original_sorted/MIPGAN_I/019_08-vs-135_08.png,019_08-vs-135_08.png,019_08-vs-135_08
228,/nas-ctm01/datasets/public/BIOMETRICS/Face_Morphing/MAD22/original_sorted/MIPGAN_I/019_08-vs-139_08.png,019_08-vs-139_08.png,019_08-vs-139_08
229,/nas-ctm01/datasets/public/BIOMETRICS/Face_Morphing/MAD22/original_sorted/MIPGAN_I/019_08-vs-144_08.png,019_08-vs-144_08.png,019_08-vs-144_08
230,/nas-ctm01/datasets/public/BIOMETRICS/Face_Morphing/MAD22/original_sorted/MIPGAN_I/020_03-vs-062_03.png,020_03-vs-062_03.png,020_03-vs-062_03
231,/nas-ctm01/datasets/public/BIOMETRICS/Face_Morphing/MAD22/original_sorted/MIPGAN_I/020_03-vs-102_03.png,020_03-vs-102_03.png,020_03-vs-102_03
232,/nas-ctm01/datasets/public/BIOMETRICS/Face_Morphing/MAD22/original_sorted/MIPGAN_I/020_08-vs-064_08.png,020_08-vs-064_08.png,020_08-vs-064_08
233,/nas-ctm01/datasets/public/BIOMETRICS/Face_Morphing/MAD22/original_sorted/MIPGAN_I/020_08-vs-099_08.png,020_08-vs-099_08.png,020_08-vs-099_08
234,/nas-ctm01/datasets/public/BIOMETRICS/Face_Morphing/MAD22/original_sorted/MIPGAN_I/020_08-vs-102_08.png,020_08-vs-102_08.png,020_08-vs-102_08
235,/nas-ctm01/datasets/public/BIOMETRICS/Face_Morphing/MAD22/original_sorted/MIPGAN_I/021_03-vs-029_03.png,021_03-vs-029_03.png,021_03-vs-029_03
236,/nas-ctm01/datasets/public/BIOMETRICS/Face_Morphing/MAD22/original_sorted/MIPGAN_I/021_03-vs-037_03.png,021_03-vs-037_03.png,021_03-vs-037_03
237,/nas-ctm01/datasets/public/BIOMETRICS/Face_Morphing/MAD22/original_sorted/MIPGAN_I/021_03-vs-121_03.png,021_03-vs-121_03.png,021_03-vs-121_03
238,/nas-ctm01/datasets/public/BIOMETRICS/Face_Morphing/MAD22/original_sorted/MIPGAN_I/021_03-vs-125_03.png,021_03-vs-125_03.png,021_03-vs-125_03
239,/nas-ctm01/datasets/public/BIOMETRICS/Face_Morphing/MAD22/original_sorted/MIPGAN_I/021_03-vs-173_03.png,021_03-vs-173_03.png,021_03-vs-173_03
240,/nas-ctm01/datasets/public/BIOMETRICS/Face_Morphing/MAD22/original_sorted/MIPGAN_I/021_08-vs-029_08.png,021_08-vs-029_08.png,021_08-vs-029_08
241,/nas-ctm01/datasets/public/BIOMETRICS/Face_Morphing/MAD22/original_sorted/MIPGAN_I/021_08-vs-121_08.png,021_08-vs-121_08.png,021_08-vs-121_08
242,/nas-ctm01/datasets/public/BIOMETRICS/Face_Morphing/MAD22/original_sorted/MIPGAN_I/021_08-vs-125_08.png,021_08-vs-125_08.png,021_08-vs-125_08
243,/nas-ctm01/datasets/public/BIOMETRICS/Face_Morphing/MAD22/original_sorted/MIPGAN_I/021_08-vs-132_08.png,021_08-vs-132_08.png,021_08-vs-132_08
244,/nas-ctm01/datasets/public/BIOMETRICS/Face_Morphing/MAD22/original_sorted/MIPGAN_I/021_08-vs-140_08.png,021_08-vs-140_08.png,021_08-vs-140_08
245,/nas-ctm01/datasets/public/BIOMETRICS/Face_Morphing/MAD22/original_sorted/MIPGAN_I/022_03-vs-069_03.png,022_03-vs-069_03.png,022_03-vs-069_03
246,/nas-ctm01/datasets/public/BIOMETRICS/Face_Morphing/MAD22/original_sorted/MIPGAN_I/022_03-vs-082_03.png,022_03-vs-082_03.png,022_03-vs-082_03
247,/nas-ctm01/datasets/public/BIOMETRICS/Face_Morphing/MAD22/original_sorted/MIPGAN_I/022_03-vs-123_03.png,022_03-vs-123_03.png,022_03-vs-123_03
248,/nas-ctm01/datasets/public/BIOMETRICS/Face_Morphing/MAD22/original_sorted/MIPGAN_I/022_03-vs-172_03.png,022_03-vs-172_03.png,022_03-vs-172_03
249,/nas-ctm01/datasets/public/BIOMETRICS/Face_Morphing/MAD22/original_sorted/MIPGAN_I/022_03-vs-173_03.png,022_03-vs-173_03.png,022_03-vs-173_03
250,/nas-ctm01/datasets/public/BIOMETRICS/Face_Morphing/MAD22/original_sorted/MIPGAN_I/022_08-vs-031_08.png,022_08-vs-031_08.png,022_08-vs-031_08
251,/nas-ctm01/datasets/public/BIOMETRICS/Face_Morphing/MAD22/original_sorted/MIPGAN_I/022_08-vs-042_08.png,022_08-vs-042_08.png,022_08-vs-042_08
252,/nas-ctm01/datasets/public/BIOMETRICS/Face_Morphing/MAD22/original_sorted/MIPGAN_I/022_08-vs-082_08.png,022_08-vs-082_08.png,022_08-vs-082_08
253,/nas-ctm01/datasets/public/BIOMETRICS/Face_Morphing/MAD22/original_sorted/MIPGAN_I/022_08-vs-172_08.png,022_08-vs-172_08.png,022_08-vs-172_08
254,/nas-ctm01/datasets/public/BIOMETRICS/Face_Morphing/MAD22/original_sorted/MIPGAN_I/022_08-vs-173_08.png,022_08-vs-173_08.png,022_08-vs-173_08
255,/nas-ctm01/datasets/public/BIOMETRICS/Face_Morphing/MAD22/original_sorted/MIPGAN_I/024_03-vs-031_03.png,024_03-vs-031_03.png,024_03-vs-031_03
256,/nas-ctm01/datasets/public/BIOMETRICS/Face_Morphing/MAD22/original_sorted/MIPGAN_I/024_03-vs-036_03.png,024_03-vs-036_03.png,024_03-vs-036_03
257,/nas-ctm01/datasets/public/BIOMETRICS/Face_Morphing/MAD22/original_sorted/MIPGAN_I/024_03-vs-061_03.png,024_03-vs-061_03.png,024_03-vs-061_03
258,/nas-ctm01/datasets/public/BIOMETRICS/Face_Morphing/MAD22/original_sorted/MIPGAN_I/024_03-vs-092_03.png,024_03-vs-092_03.png,024_03-vs-092_03
259,/nas-ctm01/datasets/public/BIOMETRICS/Face_Morphing/MAD22/original_sorted/MIPGAN_I/024_03-vs-125_03.png,024_03-vs-125_03.png,024_03-vs-125_03
260,/nas-ctm01/datasets/public/BIOMETRICS/Face_Morphing/MAD22/original_sorted/MIPGAN_I/024_03-vs-131_03.png,024_03-vs-131_03.png,024_03-vs-131_03
261,/nas-ctm01/datasets/public/BIOMETRICS/Face_Morphing/MAD22/original_sorted/MIPGAN_I/024_03-vs-137_03.png,024_03-vs-137_03.png,024_03-vs-137_03
262,/nas-ctm01/datasets/public/BIOMETRICS/Face_Morphing/MAD22/original_sorted/MIPGAN_I/024_03-vs-138_03.png,024_03-vs-138_03.png,024_03-vs-138_03
263,/nas-ctm01/datasets/public/BIOMETRICS/Face_Morphing/MAD22/original_sorted/MIPGAN_I/024_03-vs-141_03.png,024_03-vs-141_03.png,024_03-vs-141_03
264,/nas-ctm01/datasets/public/BIOMETRICS/Face_Morphing/MAD22/original_sorted/MIPGAN_I/024_03-vs-173_03.png,024_03-vs-173_03.png,024_03-vs-173_03
265,/nas-ctm01/datasets/public/BIOMETRICS/Face_Morphing/MAD22/original_sorted/MIPGAN_I/024_08-vs-036_08.png,024_08-vs-036_08.png,024_08-vs-036_08
266,/nas-ctm01/datasets/public/BIOMETRICS/Face_Morphing/MAD22/original_sorted/MIPGAN_I/024_08-vs-045_08.png,024_08-vs-045_08.png,024_08-vs-045_08
267,/nas-ctm01/datasets/public/BIOMETRICS/Face_Morphing/MAD22/original_sorted/MIPGAN_I/024_08-vs-061_08.png,024_08-vs-061_08.png,024_08-vs-061_08
268,/nas-ctm01/datasets/public/BIOMETRICS/Face_Morphing/MAD22/original_sorted/MIPGAN_I/024_08-vs-069_08.png,024_08-vs-069_08.png,024_08-vs-069_08
269,/nas-ctm01/datasets/public/BIOMETRICS/Face_Morphing/MAD22/original_sorted/MIPGAN_I/024_08-vs-092_08.png,024_08-vs-092_08.png,024_08-vs-092_08
270,/nas-ctm01/datasets/public/BIOMETRICS/Face_Morphing/MAD22/original_sorted/MIPGAN_I/024_08-vs-121_08.png,024_08-vs-121_08.png,024_08-vs-121_08
271,/nas-ctm01/datasets/public/BIOMETRICS/Face_Morphing/MAD22/original_sorted/MIPGAN_I/024_08-vs-125_08.png,024_08-vs-125_08.png,024_08-vs-125_08
272,/nas-ctm01/datasets/public/BIOMETRICS/Face_Morphing/MAD22/original_sorted/MIPGAN_I/024_08-vs-141_08.png,024_08-vs-141_08.png,024_08-vs-141_08
273,/nas-ctm01/datasets/public/BIOMETRICS/Face_Morphing/MAD22/original_sorted/MIPGAN_I/024_08-vs-173_08.png,024_08-vs-173_08.png,024_08-vs-173_08
274,/nas-ctm01/datasets/public/BIOMETRICS/Face_Morphing/MAD22/original_sorted/MIPGAN_I/025_03-vs-038_03.png,025_03-vs-038_03.png,025_03-vs-038_03
275,/nas-ctm01/datasets/public/BIOMETRICS/Face_Morphing/MAD22/original_sorted/MIPGAN_I/025_03-vs-062_03.png,025_03-vs-062_03.png,025_03-vs-062_03
276,/nas-ctm01/datasets/public/BIOMETRICS/Face_Morphing/MAD22/original_sorted/MIPGAN_I/025_03-vs-124_03.png,025_03-vs-124_03.png,025_03-vs-124_03
277,/nas-ctm01/datasets/public/BIOMETRICS/Face_Morphing/MAD22/original_sorted/MIPGAN_I/025_03-vs-134_03.png,025_03-vs-134_03.png,025_03-vs-134_03
278,/nas-ctm01/datasets/public/BIOMETRICS/Face_Morphing/MAD22/original_sorted/MIPGAN_I/025_03-vs-136_03.png,025_03-vs-136_03.png,025_03-vs-136_03
279,/nas-ctm01/datasets/public/BIOMETRICS/Face_Morphing/MAD22/original_sorted/MIPGAN_I/025_08-vs-038_08.png,025_08-vs-038_08.png,025_08-vs-038_08
280,/nas-ctm01/datasets/public/BIOMETRICS/Face_Morphing/MAD22/original_sorted/MIPGAN_I/025_08-vs-091_08.png,025_08-vs-091_08.png,025_08-vs-091_08
281,/nas-ctm01/datasets/public/BIOMETRICS/Face_Morphing/MAD22/original_sorted/MIPGAN_I/025_08-vs-124_08.png,025_08-vs-124_08.png,025_08-vs-124_08
282,/nas-ctm01/datasets/public/BIOMETRICS/Face_Morphing/MAD22/original_sorted/MIPGAN_I/025_08-vs-134_08.png,025_08-vs-134_08.png,025_08-vs-134_08
283,/nas-ctm01/datasets/public/BIOMETRICS/Face_Morphing/MAD22/original_sorted/MIPGAN_I/025_08-vs-136_08.png,025_08-vs-136_08.png,025_08-vs-136_08
284,/nas-ctm01/datasets/public/BIOMETRICS/Face_Morphing/MAD22/original_sorted/MIPGAN_I/026_03-vs-123_03.png,026_03-vs-123_03.png,026_03-vs-123_03
285,/nas-ctm01/datasets/public/BIOMETRICS/Face_Morphing/MAD22/original_sorted/MIPGAN_I/026_03-vs-130_03.png,026_03-vs-130_03.png,026_03-vs-130_03
286,/nas-ctm01/datasets/public/BIOMETRICS/Face_Morphing/MAD22/original_sorted/MIPGAN_I/026_03-vs-143_03.png,026_03-vs-143_03.png,026_03-vs-143_03
287,/nas-ctm01/datasets/public/BIOMETRICS/Face_Morphing/MAD22/original_sorted/MIPGAN_I/026_08-vs-045_08.png,026_08-vs-045_08.png,026_08-vs-045_08
288,/nas-ctm01/datasets/public/BIOMETRICS/Face_Morphing/MAD22/original_sorted/MIPGAN_I/026_08-vs-070_08.png,026_08-vs-070_08.png,026_08-vs-070_08
289,/nas-ctm01/datasets/public/BIOMETRICS/Face_Morphing/MAD22/original_sorted/MIPGAN_I/026_08-vs-130_08.png,026_08-vs-130_08.png,026_08-vs-130_08
290,/nas-ctm01/datasets/public/BIOMETRICS/Face_Morphing/MAD22/original_sorted/MIPGAN_I/026_08-vs-132_08.png,026_08-vs-132_08.png,026_08-vs-132_08
291,/nas-ctm01/datasets/public/BIOMETRICS/Face_Morphing/MAD22/original_sorted/MIPGAN_I/026_08-vs-140_08.png,026_08-vs-140_08.png,026_08-vs-140_08
292,/nas-ctm01/datasets/public/BIOMETRICS/Face_Morphing/MAD22/original_sorted/MIPGAN_I/027_03-vs-083_03.png,027_03-vs-083_03.png,027_03-vs-083_03
293,/nas-ctm01/datasets/public/BIOMETRICS/Face_Morphing/MAD22/original_sorted/MIPGAN_I/027_03-vs-090_03.png,027_03-vs-090_03.png,027_03-vs-090_03
294,/nas-ctm01/datasets/public/BIOMETRICS/Face_Morphing/MAD22/original_sorted/MIPGAN_I/027_03-vs-094_03.png,027_03-vs-094_03.png,027_03-vs-094_03
295,/nas-ctm01/datasets/public/BIOMETRICS/Face_Morphing/MAD22/original_sorted/MIPGAN_I/027_03-vs-099_03.png,027_03-vs-099_03.png,027_03-vs-099_03
296,/nas-ctm01/datasets/public/BIOMETRICS/Face_Morphing/MAD22/original_sorted/MIPGAN_I/027_03-vs-100_03.png,027_03-vs-100_03.png,027_03-vs-100_03
297,/nas-ctm01/datasets/public/BIOMETRICS/Face_Morphing/MAD22/original_sorted/MIPGAN_I/027_03-vs-102_03.png,027_03-vs-102_03.png,027_03-vs-102_03
298,/nas-ctm01/datasets/public/BIOMETRICS/Face_Morphing/MAD22/original_sorted/MIPGAN_I/027_03-vs-118_03.png,027_03-vs-118_03.png,027_03-vs-118_03
299,/nas-ctm01/datasets/public/BIOMETRICS/Face_Morphing/MAD22/original_sorted/MIPGAN_I/027_03-vs-139_03.png,027_03-vs-139_03.png,027_03-vs-139_03
300,/nas-ctm01/datasets/public/BIOMETRICS/Face_Morphing/MAD22/original_sorted/MIPGAN_I/027_03-vs-144_03.png,027_03-vs-144_03.png,027_03-vs-144_03
301,/nas-ctm01/datasets/public/BIOMETRICS/Face_Morphing/MAD22/original_sorted/MIPGAN_I/027_08-vs-032_08.png,027_08-vs-032_08.png,027_08-vs-032_08
302,/nas-ctm01/datasets/public/BIOMETRICS/Face_Morphing/MAD22/original_sorted/MIPGAN_I/027_08-vs-038_08.png,027_08-vs-038_08.png,027_08-vs-038_08
303,/nas-ctm01/datasets/public/BIOMETRICS/Face_Morphing/MAD22/original_sorted/MIPGAN_I/027_08-vs-081_08.png,027_08-vs-081_08.png,027_08-vs-081_08
304,/nas-ctm01/datasets/public/BIOMETRICS/Face_Morphing/MAD22/original_sorted/MIPGAN_I/027_08-vs-083_08.png,027_08-vs-083_08.png,027_08-vs-083_08
305,/nas-ctm01/datasets/public/BIOMETRICS/Face_Morphing/MAD22/original_sorted/MIPGAN_I/027_08-vs-090_08.png,027_08-vs-090_08.png,027_08-vs-090_08
306,/nas-ctm01/datasets/public/BIOMETRICS/Face_Morphing/MAD22/original_sorted/MIPGAN_I/027_08-vs-099_08.png,027_08-vs-099_08.png,027_08-vs-099_08
307,/nas-ctm01/datasets/public/BIOMETRICS/Face_Morphing/MAD22/original_sorted/MIPGAN_I/027_08-vs-102_08.png,027_08-vs-102_08.png,027_08-vs-102_08
308,/nas-ctm01/datasets/public/BIOMETRICS/Face_Morphing/MAD22/original_sorted/MIPGAN_I/027_08-vs-118_08.png,027_08-vs-118_08.png,027_08-vs-118_08
309,/nas-ctm01/datasets/public/BIOMETRICS/Face_Morphing/MAD22/original_sorted/MIPGAN_I/027_08-vs-144_08.png,027_08-vs-144_08.png,027_08-vs-144_08
310,/nas-ctm01/datasets/public/BIOMETRICS/Face_Morphing/MAD22/original_sorted/MIPGAN_I/029_03-vs-033_03.png,029_03-vs-033_03.png,029_03-vs-033_03
311,/nas-ctm01/datasets/public/BIOMETRICS/Face_Morphing/MAD22/original_sorted/MIPGAN_I/029_03-vs-041_03.png,029_03-vs-041_03.png,029_03-vs-041_03
312,/nas-ctm01/datasets/public/BIOMETRICS/Face_Morphing/MAD22/original_sorted/MIPGAN_I/029_03-vs-044_03.png,029_03-vs-044_03.png,029_03-vs-044_03
313,/nas-ctm01/datasets/public/BIOMETRICS/Face_Morphing/MAD22/original_sorted/MIPGAN_I/029_03-vs-082_03.png,029_03-vs-082_03.png,029_03-vs-082_03
314,/nas-ctm01/datasets/public/BIOMETRICS/Face_Morphing/MAD22/original_sorted/MIPGAN_I/029_03-vs-143_03.png,029_03-vs-143_03.png,029_03-vs-143_03
315,/nas-ctm01/datasets/public/BIOMETRICS/Face_Morphing/MAD22/original_sorted/MIPGAN_I/029_03-vs-173_03.png,029_03-vs-173_03.png,029_03-vs-173_03
316,/nas-ctm01/datasets/public/BIOMETRICS/Face_Morphing/MAD22/original_sorted/MIPGAN_I/029_08-vs-041_08.png,029_08-vs-041_08.png,029_08-vs-041_08
317,/nas-ctm01/datasets/public/BIOMETRICS/Face_Morphing/MAD22/original_sorted/MIPGAN_I/029_08-vs-044_08.png,029_08-vs-044_08.png,029_08-vs-044_08
318,/nas-ctm01/datasets/public/BIOMETRICS/Face_Morphing/MAD22/original_sorted/MIPGAN_I/029_08-vs-082_08.png,029_08-vs-082_08.png,029_08-vs-082_08
319,/nas-ctm01/datasets/public/BIOMETRICS/Face_Morphing/MAD22/original_sorted/MIPGAN_I/029_08-vs-143_08.png,029_08-vs-143_08.png,029_08-vs-143_08
320,/nas-ctm01/datasets/public/BIOMETRICS/Face_Morphing/MAD22/original_sorted/MIPGAN_I/029_08-vs-173_08.png,029_08-vs-173_08.png,029_08-vs-173_08
321,/nas-ctm01/datasets/public/BIOMETRICS/Face_Morphing/MAD22/original_sorted/MIPGAN_I/030_03-vs-039_03.png,030_03-vs-039_03.png,030_03-vs-039_03
322,/nas-ctm01/datasets/public/BIOMETRICS/Face_Morphing/MAD22/original_sorted/MIPGAN_I/030_03-vs-062_03.png,030_03-vs-062_03.png,030_03-vs-062_03
323,/nas-ctm01/datasets/public/BIOMETRICS/Face_Morphing/MAD22/original_sorted/MIPGAN_I/030_03-vs-134_03.png,030_03-vs-134_03.png,030_03-vs-134_03
324,/nas-ctm01/datasets/public/BIOMETRICS/Face_Morphing/MAD22/original_sorted/MIPGAN_I/030_08-vs-039_08.png,030_08-vs-039_08.png,030_08-vs-039_08
325,/nas-ctm01/datasets/public/BIOMETRICS/Face_Morphing/MAD22/original_sorted/MIPGAN_I/030_08-vs-112_08.png,030_08-vs-112_08.png,030_08-vs-112_08
326,/nas-ctm01/datasets/public/BIOMETRICS/Face_Morphing/MAD22/original_sorted/MIPGAN_I/030_08-vs-127_08.png,030_08-vs-127_08.png,030_08-vs-127_08
327,/nas-ctm01/datasets/public/BIOMETRICS/Face_Morphing/MAD22/original_sorted/MIPGAN_I/030_08-vs-134_08.png,030_08-vs-134_08.png,030_08-vs-134_08
328,/nas-ctm01/datasets/public/BIOMETRICS/Face_Morphing/MAD22/original_sorted/MIPGAN_I/031_03-vs-042_03.png,031_03-vs-042_03.png,031_03-vs-042_03
329,/nas-ctm01/datasets/public/BIOMETRICS/Face_Morphing/MAD22/original_sorted/MIPGAN_I/031_03-vs-043_03.png,031_03-vs-043_03.png,031_03-vs-043_03
330,/nas-ctm01/datasets/public/BIOMETRICS/Face_Morphing/MAD22/original_sorted/MIPGAN_I/031_03-vs-068_03.png,031_03-vs-068_03.png,031_03-vs-068_03
331,/nas-ctm01/datasets/public/BIOMETRICS/Face_Morphing/MAD22/original_sorted/MIPGAN_I/031_03-vs-132_03.png,031_03-vs-132_03.png,031_03-vs-132_03
332,/nas-ctm01/datasets/public/BIOMETRICS/Face_Morphing/MAD22/original_sorted/MIPGAN_I/031_03-vs-137_03.png,031_03-vs-137_03.png,031_03-vs-137_03
333,/nas-ctm01/datasets/public/BIOMETRICS/Face_Morphing/MAD22/original_sorted/MIPGAN_I/031_08-vs-042_08.png,031_08-vs-042_08.png,031_08-vs-042_08
334,/nas-ctm01/datasets/public/BIOMETRICS/Face_Morphing/MAD22/original_sorted/MIPGAN_I/031_08-vs-043_08.png,031_08-vs-043_08.png,031_08-vs-043_08
335,/nas-ctm01/datasets/public/BIOMETRICS/Face_Morphing/MAD22/original_sorted/MIPGAN_I/031_08-vs-068_08.png,031_08-vs-068_08.png,031_08-vs-068_08
336,/nas-ctm01/datasets/public/BIOMETRICS/Face_Morphing/MAD22/original_sorted/MIPGAN_I/031_08-vs-115_08.png,031_08-vs-115_08.png,031_08-vs-115_08
337,/nas-ctm01/datasets/public/BIOMETRICS/Face_Morphing/MAD22/original_sorted/MIPGAN_I/031_08-vs-117_08.png,031_08-vs-117_08.png,031_08-vs-117_08
338,/nas-ctm01/datasets/public/BIOMETRICS/Face_Morphing/MAD22/original_sorted/MIPGAN_I/032_03-vs-086_03.png,032_03-vs-086_03.png,032_03-vs-086_03
339,/nas-ctm01/datasets/public/BIOMETRICS/Face_Morphing/MAD22/original_sorted/MIPGAN_I/032_03-vs-094_03.png,032_03-vs-094_03.png,032_03-vs-094_03
340,/nas-ctm01/datasets/public/BIOMETRICS/Face_Morphing/MAD22/original_sorted/MIPGAN_I/032_03-vs-107_03.png,032_03-vs-107_03.png,032_03-vs-107_03
341,/nas-ctm01/datasets/public/BIOMETRICS/Face_Morphing/MAD22/original_sorted/MIPGAN_I/032_03-vs-126_03.png,032_03-vs-126_03.png,032_03-vs-126_03
342,/nas-ctm01/datasets/public/BIOMETRICS/Face_Morphing/MAD22/original_sorted/MIPGAN_I/032_08-vs-086_08.png,032_08-vs-086_08.png,032_08-vs-086_08
343,/nas-ctm01/datasets/public/BIOMETRICS/Face_Morphing/MAD22/original_sorted/MIPGAN_I/032_08-vs-091_08.png,032_08-vs-091_08.png,032_08-vs-091_08
344,/nas-ctm01/datasets/public/BIOMETRICS/Face_Morphing/MAD22/original_sorted/MIPGAN_I/032_08-vs-099_08.png,032_08-vs-099_08.png,032_08-vs-099_08
345,/nas-ctm01/datasets/public/BIOMETRICS/Face_Morphing/MAD22/original_sorted/MIPGAN_I/032_08-vs-124_08.png,032_08-vs-124_08.png,032_08-vs-124_08
346,/nas-ctm01/datasets/public/BIOMETRICS/Face_Morphing/MAD22/original_sorted/MIPGAN_I/032_08-vs-126_08.png,032_08-vs-126_08.png,032_08-vs-126_08
347,/nas-ctm01/datasets/public/BIOMETRICS/Face_Morphing/MAD22/original_sorted/MIPGAN_I/032_08-vs-144_08.png,032_08-vs-144_08.png,032_08-vs-144_08
348,/nas-ctm01/datasets/public/BIOMETRICS/Face_Morphing/MAD22/original_sorted/MIPGAN_I/033_03-vs-092_03.png,033_03-vs-092_03.png,033_03-vs-092_03
349,/nas-ctm01/datasets/public/BIOMETRICS/Face_Morphing/MAD22/original_sorted/MIPGAN_I/033_03-vs-104_03.png,033_03-vs-104_03.png,033_03-vs-104_03
350,/nas-ctm01/datasets/public/BIOMETRICS/Face_Morphing/MAD22/original_sorted/MIPGAN_I/033_03-vs-108_03.png,033_03-vs-108_03.png,033_03-vs-108_03
351,/nas-ctm01/datasets/public/BIOMETRICS/Face_Morphing/MAD22/original_sorted/MIPGAN_I/033_03-vs-119_03.png,033_03-vs-119_03.png,033_03-vs-119_03
352,/nas-ctm01/datasets/public/BIOMETRICS/Face_Morphing/MAD22/original_sorted/MIPGAN_I/033_03-vs-143_03.png,033_03-vs-143_03.png,033_03-vs-143_03
353,/nas-ctm01/datasets/public/BIOMETRICS/Face_Morphing/MAD22/original_sorted/MIPGAN_I/033_08-vs-044_08.png,033_08-vs-044_08.png,033_08-vs-044_08
354,/nas-ctm01/datasets/public/BIOMETRICS/Face_Morphing/MAD22/original_sorted/MIPGAN_I/033_08-vs-045_08.png,033_08-vs-045_08.png,033_08-vs-045_08
355,/nas-ctm01/datasets/public/BIOMETRICS/Face_Morphing/MAD22/original_sorted/MIPGAN_I/033_08-vs-082_08.png,033_08-vs-082_08.png,033_08-vs-082_08
356,/nas-ctm01/datasets/public/BIOMETRICS/Face_Morphing/MAD22/original_sorted/MIPGAN_I/033_08-vs-092_08.png,033_08-vs-092_08.png,033_08-vs-092_08
357,/nas-ctm01/datasets/public/BIOMETRICS/Face_Morphing/MAD22/original_sorted/MIPGAN_I/033_08-vs-108_08.png,033_08-vs-108_08.png,033_08-vs-108_08
358,/nas-ctm01/datasets/public/BIOMETRICS/Face_Morphing/MAD22/original_sorted/MIPGAN_I/033_08-vs-140_08.png,033_08-vs-140_08.png,033_08-vs-140_08
359,/nas-ctm01/datasets/public/BIOMETRICS/Face_Morphing/MAD22/original_sorted/MIPGAN_I/034_03-vs-118_03.png,034_03-vs-118_03.png,034_03-vs-118_03
360,/nas-ctm01/datasets/public/BIOMETRICS/Face_Morphing/MAD22/original_sorted/MIPGAN_I/034_03-vs-139_03.png,034_03-vs-139_03.png,034_03-vs-139_03
361,/nas-ctm01/datasets/public/BIOMETRICS/Face_Morphing/MAD22/original_sorted/MIPGAN_I/034_08-vs-062_08.png,034_08-vs-062_08.png,034_08-vs-062_08
362,/nas-ctm01/datasets/public/BIOMETRICS/Face_Morphing/MAD22/original_sorted/MIPGAN_I/034_08-vs-064_08.png,034_08-vs-064_08.png,034_08-vs-064_08
363,/nas-ctm01/datasets/public/BIOMETRICS/Face_Morphing/MAD22/original_sorted/MIPGAN_I/034_08-vs-094_08.png,034_08-vs-094_08.png,034_08-vs-094_08
364,/nas-ctm01/datasets/public/BIOMETRICS/Face_Morphing/MAD22/original_sorted/MIPGAN_I/034_08-vs-099_08.png,034_08-vs-099_08.png,034_08-vs-099_08
365,/nas-ctm01/datasets/public/BIOMETRICS/Face_Morphing/MAD22/original_sorted/MIPGAN_I/034_08-vs-126_08.png,034_08-vs-126_08.png,034_08-vs-126_08
366,/nas-ctm01/datasets/public/BIOMETRICS/Face_Morphing/MAD22/original_sorted/MIPGAN_I/034_08-vs-127_08.png,034_08-vs-127_08.png,034_08-vs-127_08
367,/nas-ctm01/datasets/public/BIOMETRICS/Face_Morphing/MAD22/original_sorted/MIPGAN_I/036_03-vs-096_03.png,036_03-vs-096_03.png,036_03-vs-096_03
368,/nas-ctm01/datasets/public/BIOMETRICS/Face_Morphing/MAD22/original_sorted/MIPGAN_I/036_03-vs-128_03.png,036_03-vs-128_03.png,036_03-vs-128_03
369,/nas-ctm01/datasets/public/BIOMETRICS/Face_Morphing/MAD22/original_sorted/MIPGAN_I/036_03-vs-130_03.png,036_03-vs-130_03.png,036_03-vs-130_03
370,/nas-ctm01/datasets/public/BIOMETRICS/Face_Morphing/MAD22/original_sorted/MIPGAN_I/036_03-vs-141_03.png,036_03-vs-141_03.png,036_03-vs-141_03
371,/nas-ctm01/datasets/public/BIOMETRICS/Face_Morphing/MAD22/original_sorted/MIPGAN_I/036_03-vs-142_03.png,036_03-vs-142_03.png,036_03-vs-142_03
372,/nas-ctm01/datasets/public/BIOMETRICS/Face_Morphing/MAD22/original_sorted/MIPGAN_I/036_03-vs-143_03.png,036_03-vs-143_03.png,036_03-vs-143_03
373,/nas-ctm01/datasets/public/BIOMETRICS/Face_Morphing/MAD22/original_sorted/MIPGAN_I/036_08-vs-096_08.png,036_08-vs-096_08.png,036_08-vs-096_08
374,/nas-ctm01/datasets/public/BIOMETRICS/Face_Morphing/MAD22/original_sorted/MIPGAN_I/036_08-vs-128_08.png,036_08-vs-128_08.png,036_08-vs-128_08
375,/nas-ctm01/datasets/public/BIOMETRICS/Face_Morphing/MAD22/original_sorted/MIPGAN_I/036_08-vs-130_08.png,036_08-vs-130_08.png,036_08-vs-130_08
376,/nas-ctm01/datasets/public/BIOMETRICS/Face_Morphing/MAD22/original_sorted/MIPGAN_I/036_08-vs-141_08.png,036_08-vs-141_08.png,036_08-vs-141_08
377,/nas-ctm01/datasets/public/BIOMETRICS/Face_Morphing/MAD22/original_sorted/MIPGAN_I/036_08-vs-142_08.png,036_08-vs-142_08.png,036_08-vs-142_08
378,/nas-ctm01/datasets/public/BIOMETRICS/Face_Morphing/MAD22/original_sorted/MIPGAN_I/037_03-vs-103_03.png,037_03-vs-103_03.png,037_03-vs-103_03
379,/nas-ctm01/datasets/public/BIOMETRICS/Face_Morphing/MAD22/original_sorted/MIPGAN_I/037_03-vs-108_03.png,037_03-vs-108_03.png,037_03-vs-108_03
380,/nas-ctm01/datasets/public/BIOMETRICS/Face_Morphing/MAD22/original_sorted/MIPGAN_I/037_03-vs-128_03.png,037_03-vs-128_03.png,037_03-vs-128_03
381,/nas-ctm01/datasets/public/BIOMETRICS/Face_Morphing/MAD22/original_sorted/MIPGAN_I/037_03-vs-132_03.png,037_03-vs-132_03.png,037_03-vs-132_03
382,/nas-ctm01/datasets/public/BIOMETRICS/Face_Morphing/MAD22/original_sorted/MIPGAN_I/037_03-vs-172_03.png,037_03-vs-172_03.png,037_03-vs-172_03
383,/nas-ctm01/datasets/public/BIOMETRICS/Face_Morphing/MAD22/original_sorted/MIPGAN_I/038_03-vs-062_03.png,038_03-vs-062_03.png,038_03-vs-062_03
384,/nas-ctm01/datasets/public/BIOMETRICS/Face_Morphing/MAD22/original_sorted/MIPGAN_I/038_03-vs-066_03.png,038_03-vs-066_03.png,038_03-vs-066_03
385,/nas-ctm01/datasets/public/BIOMETRICS/Face_Morphing/MAD22/original_sorted/MIPGAN_I/038_03-vs-102_03.png,038_03-vs-102_03.png,038_03-vs-102_03
386,/nas-ctm01/datasets/public/BIOMETRICS/Face_Morphing/MAD22/original_sorted/MIPGAN_I/038_03-vs-124_03.png,038_03-vs-124_03.png,038_03-vs-124_03
387,/nas-ctm01/datasets/public/BIOMETRICS/Face_Morphing/MAD22/original_sorted/MIPGAN_I/038_08-vs-062_08.png,038_08-vs-062_08.png,038_08-vs-062_08
388,/nas-ctm01/datasets/public/BIOMETRICS/Face_Morphing/MAD22/original_sorted/MIPGAN_I/038_08-vs-066_08.png,038_08-vs-066_08.png,038_08-vs-066_08
389,/nas-ctm01/datasets/public/BIOMETRICS/Face_Morphing/MAD22/original_sorted/MIPGAN_I/038_08-vs-091_08.png,038_08-vs-091_08.png,038_08-vs-091_08
390,/nas-ctm01/datasets/public/BIOMETRICS/Face_Morphing/MAD22/original_sorted/MIPGAN_I/038_08-vs-099_08.png,038_08-vs-099_08.png,038_08-vs-099_08
391,/nas-ctm01/datasets/public/BIOMETRICS/Face_Morphing/MAD22/original_sorted/MIPGAN_I/038_08-vs-102_08.png,038_08-vs-102_08.png,038_08-vs-102_08
392,/nas-ctm01/datasets/public/BIOMETRICS/Face_Morphing/MAD22/original_sorted/MIPGAN_I/038_08-vs-124_08.png,038_08-vs-124_08.png,038_08-vs-124_08
393,/nas-ctm01/datasets/public/BIOMETRICS/Face_Morphing/MAD22/original_sorted/MIPGAN_I/038_08-vs-129_08.png,038_08-vs-129_08.png,038_08-vs-129_08
394,/nas-ctm01/datasets/public/BIOMETRICS/Face_Morphing/MAD22/original_sorted/MIPGAN_I/038_08-vs-136_08.png,038_08-vs-136_08.png,038_08-vs-136_08
395,/nas-ctm01/datasets/public/BIOMETRICS/Face_Morphing/MAD22/original_sorted/MIPGAN_I/039_03-vs-090_03.png,039_03-vs-090_03.png,039_03-vs-090_03
396,/nas-ctm01/datasets/public/BIOMETRICS/Face_Morphing/MAD22/original_sorted/MIPGAN_I/039_03-vs-097_03.png,039_03-vs-097_03.png,039_03-vs-097_03
397,/nas-ctm01/datasets/public/BIOMETRICS/Face_Morphing/MAD22/original_sorted/MIPGAN_I/039_03-vs-102_03.png,039_03-vs-102_03.png,039_03-vs-102_03
398,/nas-ctm01/datasets/public/BIOMETRICS/Face_Morphing/MAD22/original_sorted/MIPGAN_I/039_03-vs-107_03.png,039_03-vs-107_03.png,039_03-vs-107_03
399,/nas-ctm01/datasets/public/BIOMETRICS/Face_Morphing/MAD22/original_sorted/MIPGAN_I/039_03-vs-124_03.png,039_03-vs-124_03.png,039_03-vs-124_03
400,/nas-ctm01/datasets/public/BIOMETRICS/Face_Morphing/MAD22/original_sorted/MIPGAN_I/039_03-vs-139_03.png,039_03-vs-139_03.png,039_03-vs-139_03
401,/nas-ctm01/datasets/public/BIOMETRICS/Face_Morphing/MAD22/original_sorted/MIPGAN_I/039_03-vs-144_03.png,039_03-vs-144_03.png,039_03-vs-144_03
402,/nas-ctm01/datasets/public/BIOMETRICS/Face_Morphing/MAD22/original_sorted/MIPGAN_I/039_08-vs-090_08.png,039_08-vs-090_08.png,039_08-vs-090_08
403,/nas-ctm01/datasets/public/BIOMETRICS/Face_Morphing/MAD22/original_sorted/MIPGAN_I/039_08-vs-097_08.png,039_08-vs-097_08.png,039_08-vs-097_08
404,/nas-ctm01/datasets/public/BIOMETRICS/Face_Morphing/MAD22/original_sorted/MIPGAN_I/039_08-vs-102_08.png,039_08-vs-102_08.png,039_08-vs-102_08
405,/nas-ctm01/datasets/public/BIOMETRICS/Face_Morphing/MAD22/original_sorted/MIPGAN_I/039_08-vs-118_08.png,039_08-vs-118_08.png,039_08-vs-118_08
406,/nas-ctm01/datasets/public/BIOMETRICS/Face_Morphing/MAD22/original_sorted/MIPGAN_I/039_08-vs-124_08.png,039_08-vs-124_08.png,039_08-vs-124_08
407,/nas-ctm01/datasets/public/BIOMETRICS/Face_Morphing/MAD22/original_sorted/MIPGAN_I/039_08-vs-144_08.png,039_08-vs-144_08.png,039_08-vs-144_08
408,/nas-ctm01/datasets/public/BIOMETRICS/Face_Morphing/MAD22/original_sorted/MIPGAN_I/041_03-vs-123_03.png,041_03-vs-123_03.png,041_03-vs-123_03
409,/nas-ctm01/datasets/public/BIOMETRICS/Face_Morphing/MAD22/original_sorted/MIPGAN_I/041_03-vs-137_03.png,041_03-vs-137_03.png,041_03-vs-137_03
410,/nas-ctm01/datasets/public/BIOMETRICS/Face_Morphing/MAD22/original_sorted/MIPGAN_I/041_03-vs-138_03.png,041_03-vs-138_03.png,041_03-vs-138_03
411,/nas-ctm01/datasets/public/BIOMETRICS/Face_Morphing/MAD22/original_sorted/MIPGAN_I/041_03-vs-143_03.png,041_03-vs-143_03.png,041_03-vs-143_03
412,/nas-ctm01/datasets/public/BIOMETRICS/Face_Morphing/MAD22/original_sorted/MIPGAN_I/041_03-vs-173_03.png,041_03-vs-173_03.png,041_03-vs-173_03
413,/nas-ctm01/datasets/public/BIOMETRICS/Face_Morphing/MAD22/original_sorted/MIPGAN_I/041_08-vs-044_08.png,041_08-vs-044_08.png,041_08-vs-044_08
414,/nas-ctm01/datasets/public/BIOMETRICS/Face_Morphing/MAD22/original_sorted/MIPGAN_I/041_08-vs-069_08.png,041_08-vs-069_08.png,041_08-vs-069_08
415,/nas-ctm01/datasets/public/BIOMETRICS/Face_Morphing/MAD22/original_sorted/MIPGAN_I/041_08-vs-070_08.png,041_08-vs-070_08.png,041_08-vs-070_08
416,/nas-ctm01/datasets/public/BIOMETRICS/Face_Morphing/MAD22/original_sorted/MIPGAN_I/041_08-vs-143_08.png,041_08-vs-143_08.png,041_08-vs-143_08
417,/nas-ctm01/datasets/public/BIOMETRICS/Face_Morphing/MAD22/original_sorted/MIPGAN_I/041_08-vs-173_08.png,041_08-vs-173_08.png,041_08-vs-173_08
418,/nas-ctm01/datasets/public/BIOMETRICS/Face_Morphing/MAD22/original_sorted/MIPGAN_I/042_03-vs-115_03.png,042_03-vs-115_03.png,042_03-vs-115_03
419,/nas-ctm01/datasets/public/BIOMETRICS/Face_Morphing/MAD22/original_sorted/MIPGAN_I/042_03-vs-137_03.png,042_03-vs-137_03.png,042_03-vs-137_03
420,/nas-ctm01/datasets/public/BIOMETRICS/Face_Morphing/MAD22/original_sorted/MIPGAN_I/042_03-vs-141_03.png,042_03-vs-141_03.png,042_03-vs-141_03
421,/nas-ctm01/datasets/public/BIOMETRICS/Face_Morphing/MAD22/original_sorted/MIPGAN_I/042_08-vs-115_08.png,042_08-vs-115_08.png,042_08-vs-115_08
422,/nas-ctm01/datasets/public/BIOMETRICS/Face_Morphing/MAD22/original_sorted/MIPGAN_I/042_08-vs-140_08.png,042_08-vs-140_08.png,042_08-vs-140_08
423,/nas-ctm01/datasets/public/BIOMETRICS/Face_Morphing/MAD22/original_sorted/MIPGAN_I/042_08-vs-141_08.png,042_08-vs-141_08.png,042_08-vs-141_08
424,/nas-ctm01/datasets/public/BIOMETRICS/Face_Morphing/MAD22/original_sorted/MIPGAN_I/043_03-vs-044_03.png,043_03-vs-044_03.png,043_03-vs-044_03
425,/nas-ctm01/datasets/public/BIOMETRICS/Face_Morphing/MAD22/original_sorted/MIPGAN_I/043_03-vs-092_03.png,043_03-vs-092_03.png,043_03-vs-092_03
426,/nas-ctm01/datasets/public/BIOMETRICS/Face_Morphing/MAD22/original_sorted/MIPGAN_I/043_03-vs-172_03.png,043_03-vs-172_03.png,043_03-vs-172_03
427,/nas-ctm01/datasets/public/BIOMETRICS/Face_Morphing/MAD22/original_sorted/MIPGAN_I/043_08-vs-044_08.png,043_08-vs-044_08.png,043_08-vs-044_08
428,/nas-ctm01/datasets/public/BIOMETRICS/Face_Morphing/MAD22/original_sorted/MIPGAN_I/043_08-vs-123_08.png,043_08-vs-123_08.png,043_08-vs-123_08
429,/nas-ctm01/datasets/public/BIOMETRICS/Face_Morphing/MAD22/original_sorted/MIPGAN_I/043_08-vs-172_08.png,043_08-vs-172_08.png,043_08-vs-172_08
430,/nas-ctm01/datasets/public/BIOMETRICS/Face_Morphing/MAD22/original_sorted/MIPGAN_I/044_03-vs-067_03.png,044_03-vs-067_03.png,044_03-vs-067_03
431,/nas-ctm01/datasets/public/BIOMETRICS/Face_Morphing/MAD22/original_sorted/MIPGAN_I/044_03-vs-082_03.png,044_03-vs-082_03.png,044_03-vs-082_03
432,/nas-ctm01/datasets/public/BIOMETRICS/Face_Morphing/MAD22/original_sorted/MIPGAN_I/044_03-vs-115_03.png,044_03-vs-115_03.png,044_03-vs-115_03
433,/nas-ctm01/datasets/public/BIOMETRICS/Face_Morphing/MAD22/original_sorted/MIPGAN_I/044_03-vs-173_03.png,044_03-vs-173_03.png,044_03-vs-173_03
434,/nas-ctm01/datasets/public/BIOMETRICS/Face_Morphing/MAD22/original_sorted/MIPGAN_I/044_08-vs-061_08.png,044_08-vs-061_08.png,044_08-vs-061_08
435,/nas-ctm01/datasets/public/BIOMETRICS/Face_Morphing/MAD22/original_sorted/MIPGAN_I/044_08-vs-082_08.png,044_08-vs-082_08.png,044_08-vs-082_08
436,/nas-ctm01/datasets/public/BIOMETRICS/Face_Morphing/MAD22/original_sorted/MIPGAN_I/044_08-vs-115_08.png,044_08-vs-115_08.png,044_08-vs-115_08
437,/nas-ctm01/datasets/public/BIOMETRICS/Face_Morphing/MAD22/original_sorted/MIPGAN_I/045_08-vs-063_08.png,045_08-vs-063_08.png,045_08-vs-063_08
438,/nas-ctm01/datasets/public/BIOMETRICS/Face_Morphing/MAD22/original_sorted/MIPGAN_I/045_08-vs-082_08.png,045_08-vs-082_08.png,045_08-vs-082_08
439,/nas-ctm01/datasets/public/BIOMETRICS/Face_Morphing/MAD22/original_sorted/MIPGAN_I/045_08-vs-092_08.png,045_08-vs-092_08.png,045_08-vs-092_08
440,/nas-ctm01/datasets/public/BIOMETRICS/Face_Morphing/MAD22/original_sorted/MIPGAN_I/045_08-vs-123_08.png,045_08-vs-123_08.png,045_08-vs-123_08
441,/nas-ctm01/datasets/public/BIOMETRICS/Face_Morphing/MAD22/original_sorted/MIPGAN_I/045_08-vs-128_08.png,045_08-vs-128_08.png,045_08-vs-128_08
442,/nas-ctm01/datasets/public/BIOMETRICS/Face_Morphing/MAD22/original_sorted/MIPGAN_I/045_08-vs-140_08.png,045_08-vs-140_08.png,045_08-vs-140_08
443,/nas-ctm01/datasets/public/BIOMETRICS/Face_Morphing/MAD22/original_sorted/MIPGAN_I/045_08-vs-141_08.png,045_08-vs-141_08.png,045_08-vs-141_08
444,/nas-ctm01/datasets/public/BIOMETRICS/Face_Morphing/MAD22/original_sorted/MIPGAN_I/045_08-vs-143_08.png,045_08-vs-143_08.png,045_08-vs-143_08
445,/nas-ctm01/datasets/public/BIOMETRICS/Face_Morphing/MAD22/original_sorted/MIPGAN_I/061_03-vs-121_03.png,061_03-vs-121_03.png,061_03-vs-121_03
446,/nas-ctm01/datasets/public/BIOMETRICS/Face_Morphing/MAD22/original_sorted/MIPGAN_I/061_03-vs-125_03.png,061_03-vs-125_03.png,061_03-vs-125_03
447,/nas-ctm01/datasets/public/BIOMETRICS/Face_Morphing/MAD22/original_sorted/MIPGAN_I/061_03-vs-141_03.png,061_03-vs-141_03.png,061_03-vs-141_03
448,/nas-ctm01/datasets/public/BIOMETRICS/Face_Morphing/MAD22/original_sorted/MIPGAN_I/061_03-vs-142_03.png,061_03-vs-142_03.png,061_03-vs-142_03
449,/nas-ctm01/datasets/public/BIOMETRICS/Face_Morphing/MAD22/original_sorted/MIPGAN_I/061_08-vs-121_08.png,061_08-vs-121_08.png,061_08-vs-121_08
450,/nas-ctm01/datasets/public/BIOMETRICS/Face_Morphing/MAD22/original_sorted/MIPGAN_I/061_08-vs-125_08.png,061_08-vs-125_08.png,061_08-vs-125_08
451,/nas-ctm01/datasets/public/BIOMETRICS/Face_Morphing/MAD22/original_sorted/MIPGAN_I/061_08-vs-141_08.png,061_08-vs-141_08.png,061_08-vs-141_08
452,/nas-ctm01/datasets/public/BIOMETRICS/Face_Morphing/MAD22/original_sorted/MIPGAN_I/062_03-vs-099_03.png,062_03-vs-099_03.png,062_03-vs-099_03
453,/nas-ctm01/datasets/public/BIOMETRICS/Face_Morphing/MAD22/original_sorted/MIPGAN_I/062_03-vs-102_03.png,062_03-vs-102_03.png,062_03-vs-102_03
454,/nas-ctm01/datasets/public/BIOMETRICS/Face_Morphing/MAD22/original_sorted/MIPGAN_I/062_03-vs-118_03.png,062_03-vs-118_03.png,062_03-vs-118_03
455,/nas-ctm01/datasets/public/BIOMETRICS/Face_Morphing/MAD22/original_sorted/MIPGAN_I/062_03-vs-124_03.png,062_03-vs-124_03.png,062_03-vs-124_03
456,/nas-ctm01/datasets/public/BIOMETRICS/Face_Morphing/MAD22/original_sorted/MIPGAN_I/062_08-vs-064_08.png,062_08-vs-064_08.png,062_08-vs-064_08
457,/nas-ctm01/datasets/public/BIOMETRICS/Face_Morphing/MAD22/original_sorted/MIPGAN_I/062_08-vs-083_08.png,062_08-vs-083_08.png,062_08-vs-083_08
458,/nas-ctm01/datasets/public/BIOMETRICS/Face_Morphing/MAD22/original_sorted/MIPGAN_I/062_08-vs-094_08.png,062_08-vs-094_08.png,062_08-vs-094_08
459,/nas-ctm01/datasets/public/BIOMETRICS/Face_Morphing/MAD22/original_sorted/MIPGAN_I/062_08-vs-099_08.png,062_08-vs-099_08.png,062_08-vs-099_08
460,/nas-ctm01/datasets/public/BIOMETRICS/Face_Morphing/MAD22/original_sorted/MIPGAN_I/062_08-vs-102_08.png,062_08-vs-102_08.png,062_08-vs-102_08
461,/nas-ctm01/datasets/public/BIOMETRICS/Face_Morphing/MAD22/original_sorted/MIPGAN_I/062_08-vs-124_08.png,062_08-vs-124_08.png,062_08-vs-124_08
462,/nas-ctm01/datasets/public/BIOMETRICS/Face_Morphing/MAD22/original_sorted/MIPGAN_I/062_08-vs-126_08.png,062_08-vs-126_08.png,062_08-vs-126_08
463,/nas-ctm01/datasets/public/BIOMETRICS/Face_Morphing/MAD22/original_sorted/MIPGAN_I/063_03-vs-069_03.png,063_03-vs-069_03.png,063_03-vs-069_03
464,/nas-ctm01/datasets/public/BIOMETRICS/Face_Morphing/MAD22/original_sorted/MIPGAN_I/063_03-vs-092_03.png,063_03-vs-092_03.png,063_03-vs-092_03
465,/nas-ctm01/datasets/public/BIOMETRICS/Face_Morphing/MAD22/original_sorted/MIPGAN_I/063_03-vs-104_03.png,063_03-vs-104_03.png,063_03-vs-104_03
466,/nas-ctm01/datasets/public/BIOMETRICS/Face_Morphing/MAD22/original_sorted/MIPGAN_I/063_03-vs-115_03.png,063_03-vs-115_03.png,063_03-vs-115_03
467,/nas-ctm01/datasets/public/BIOMETRICS/Face_Morphing/MAD22/original_sorted/MIPGAN_I/063_03-vs-123_03.png,063_03-vs-123_03.png,063_03-vs-123_03
468,/nas-ctm01/datasets/public/BIOMETRICS/Face_Morphing/MAD22/original_sorted/MIPGAN_I/063_03-vs-125_03.png,063_03-vs-125_03.png,063_03-vs-125_03
469,/nas-ctm01/datasets/public/BIOMETRICS/Face_Morphing/MAD22/original_sorted/MIPGAN_I/063_03-vs-130_03.png,063_03-vs-130_03.png,063_03-vs-130_03
470,/nas-ctm01/datasets/public/BIOMETRICS/Face_Morphing/MAD22/original_sorted/MIPGAN_I/063_08-vs-070_08.png,063_08-vs-070_08.png,063_08-vs-070_08
471,/nas-ctm01/datasets/public/BIOMETRICS/Face_Morphing/MAD22/original_sorted/MIPGAN_I/063_08-vs-092_08.png,063_08-vs-092_08.png,063_08-vs-092_08
472,/nas-ctm01/datasets/public/BIOMETRICS/Face_Morphing/MAD22/original_sorted/MIPGAN_I/063_08-vs-096_08.png,063_08-vs-096_08.png,063_08-vs-096_08
473,/nas-ctm01/datasets/public/BIOMETRICS/Face_Morphing/MAD22/original_sorted/MIPGAN_I/063_08-vs-115_08.png,063_08-vs-115_08.png,063_08-vs-115_08
474,/nas-ctm01/datasets/public/BIOMETRICS/Face_Morphing/MAD22/original_sorted/MIPGAN_I/063_08-vs-125_08.png,063_08-vs-125_08.png,063_08-vs-125_08
475,/nas-ctm01/datasets/public/BIOMETRICS/Face_Morphing/MAD22/original_sorted/MIPGAN_I/063_08-vs-130_08.png,063_08-vs-130_08.png,063_08-vs-130_08
476,/nas-ctm01/datasets/public/BIOMETRICS/Face_Morphing/MAD22/original_sorted/MIPGAN_I/063_08-vs-132_08.png,063_08-vs-132_08.png,063_08-vs-132_08
477,/nas-ctm01/datasets/public/BIOMETRICS/Face_Morphing/MAD22/original_sorted/MIPGAN_I/063_08-vs-140_08.png,063_08-vs-140_08.png,063_08-vs-140_08
478,/nas-ctm01/datasets/public/BIOMETRICS/Face_Morphing/MAD22/original_sorted/MIPGAN_I/063_08-vs-143_08.png,063_08-vs-143_08.png,063_08-vs-143_08
479,/nas-ctm01/datasets/public/BIOMETRICS/Face_Morphing/MAD22/original_sorted/MIPGAN_I/064_03-vs-066_03.png,064_03-vs-066_03.png,064_03-vs-066_03
480,/nas-ctm01/datasets/public/BIOMETRICS/Face_Morphing/MAD22/original_sorted/MIPGAN_I/064_03-vs-094_03.png,064_03-vs-094_03.png,064_03-vs-094_03
481,/nas-ctm01/datasets/public/BIOMETRICS/Face_Morphing/MAD22/original_sorted/MIPGAN_I/064_03-vs-097_03.png,064_03-vs-097_03.png,064_03-vs-097_03
482,/nas-ctm01/datasets/public/BIOMETRICS/Face_Morphing/MAD22/original_sorted/MIPGAN_I/064_03-vs-099_03.png,064_03-vs-099_03.png,064_03-vs-099_03
483,/nas-ctm01/datasets/public/BIOMETRICS/Face_Morphing/MAD22/original_sorted/MIPGAN_I/064_03-vs-122_03.png,064_03-vs-122_03.png,064_03-vs-122_03
484,/nas-ctm01/datasets/public/BIOMETRICS/Face_Morphing/MAD22/original_sorted/MIPGAN_I/064_03-vs-134_03.png,064_03-vs-134_03.png,064_03-vs-134_03
485,/nas-ctm01/datasets/public/BIOMETRICS/Face_Morphing/MAD22/original_sorted/MIPGAN_I/064_03-vs-135_03.png,064_03-vs-135_03.png,064_03-vs-135_03
486,/nas-ctm01/datasets/public/BIOMETRICS/Face_Morphing/MAD22/original_sorted/MIPGAN_I/064_08-vs-066_08.png,064_08-vs-066_08.png,064_08-vs-066_08
487,/nas-ctm01/datasets/public/BIOMETRICS/Face_Morphing/MAD22/original_sorted/MIPGAN_I/064_08-vs-091_08.png,064_08-vs-091_08.png,064_08-vs-091_08
488,/nas-ctm01/datasets/public/BIOMETRICS/Face_Morphing/MAD22/original_sorted/MIPGAN_I/064_08-vs-097_08.png,064_08-vs-097_08.png,064_08-vs-097_08
489,/nas-ctm01/datasets/public/BIOMETRICS/Face_Morphing/MAD22/original_sorted/MIPGAN_I/064_08-vs-099_08.png,064_08-vs-099_08.png,064_08-vs-099_08
490,/nas-ctm01/datasets/public/BIOMETRICS/Face_Morphing/MAD22/original_sorted/MIPGAN_I/064_08-vs-122_08.png,064_08-vs-122_08.png,064_08-vs-122_08
491,/nas-ctm01/datasets/public/BIOMETRICS/Face_Morphing/MAD22/original_sorted/MIPGAN_I/064_08-vs-127_08.png,064_08-vs-127_08.png,064_08-vs-127_08
492,/nas-ctm01/datasets/public/BIOMETRICS/Face_Morphing/MAD22/original_sorted/MIPGAN_I/064_08-vs-134_08.png,064_08-vs-134_08.png,064_08-vs-134_08
493,/nas-ctm01/datasets/public/BIOMETRICS/Face_Morphing/MAD22/original_sorted/MIPGAN_I/066_03-vs-090_03.png,066_03-vs-090_03.png,066_03-vs-090_03
494,/nas-ctm01/datasets/public/BIOMETRICS/Face_Morphing/MAD22/original_sorted/MIPGAN_I/066_03-vs-094_03.png,066_03-vs-094_03.png,066_03-vs-094_03
495,/nas-ctm01/datasets/public/BIOMETRICS/Face_Morphing/MAD22/original_sorted/MIPGAN_I/066_03-vs-097_03.png,066_03-vs-097_03.png,066_03-vs-097_03
496,/nas-ctm01/datasets/public/BIOMETRICS/Face_Morphing/MAD22/original_sorted/MIPGAN_I/066_03-vs-099_03.png,066_03-vs-099_03.png,066_03-vs-099_03
497,/nas-ctm01/datasets/public/BIOMETRICS/Face_Morphing/MAD22/original_sorted/MIPGAN_I/066_03-vs-100_03.png,066_03-vs-100_03.png,066_03-vs-100_03
498,/nas-ctm01/datasets/public/BIOMETRICS/Face_Morphing/MAD22/original_sorted/MIPGAN_I/066_03-vs-113_03.png,066_03-vs-113_03.png,066_03-vs-113_03
499,/nas-ctm01/datasets/public/BIOMETRICS/Face_Morphing/MAD22/original_sorted/MIPGAN_I/066_03-vs-126_03.png,066_03-vs-126_03.png,066_03-vs-126_03
500,/nas-ctm01/datasets/public/BIOMETRICS/Face_Morphing/MAD22/original_sorted/MIPGAN_I/066_03-vs-129_03.png,066_03-vs-129_03.png,066_03-vs-129_03
501,/nas-ctm01/datasets/public/BIOMETRICS/Face_Morphing/MAD22/original_sorted/MIPGAN_I/066_08-vs-083_08.png,066_08-vs-083_08.png,066_08-vs-083_08
502,/nas-ctm01/datasets/public/BIOMETRICS/Face_Morphing/MAD22/original_sorted/MIPGAN_I/066_08-vs-087_08.png,066_08-vs-087_08.png,066_08-vs-087_08
503,/nas-ctm01/datasets/public/BIOMETRICS/Face_Morphing/MAD22/original_sorted/MIPGAN_I/066_08-vs-097_08.png,066_08-vs-097_08.png,066_08-vs-097_08
504,/nas-ctm01/datasets/public/BIOMETRICS/Face_Morphing/MAD22/original_sorted/MIPGAN_I/066_08-vs-099_08.png,066_08-vs-099_08.png,066_08-vs-099_08
505,/nas-ctm01/datasets/public/BIOMETRICS/Face_Morphing/MAD22/original_sorted/MIPGAN_I/066_08-vs-126_08.png,066_08-vs-126_08.png,066_08-vs-126_08
506,/nas-ctm01/datasets/public/BIOMETRICS/Face_Morphing/MAD22/original_sorted/MIPGAN_I/066_08-vs-129_08.png,066_08-vs-129_08.png,066_08-vs-129_08
507,/nas-ctm01/datasets/public/BIOMETRICS/Face_Morphing/MAD22/original_sorted/MIPGAN_I/067_03-vs-128_03.png,067_03-vs-128_03.png,067_03-vs-128_03
508,/nas-ctm01/datasets/public/BIOMETRICS/Face_Morphing/MAD22/original_sorted/MIPGAN_I/067_08-vs-069_08.png,067_08-vs-069_08.png,067_08-vs-069_08
509,/nas-ctm01/datasets/public/BIOMETRICS/Face_Morphing/MAD22/original_sorted/MIPGAN_I/067_08-vs-114_08.png,067_08-vs-114_08.png,067_08-vs-114_08
510,/nas-ctm01/datasets/public/BIOMETRICS/Face_Morphing/MAD22/original_sorted/MIPGAN_I/067_08-vs-115_08.png,067_08-vs-115_08.png,067_08-vs-115_08
511,/nas-ctm01/datasets/public/BIOMETRICS/Face_Morphing/MAD22/original_sorted/MIPGAN_I/067_08-vs-128_08.png,067_08-vs-128_08.png,067_08-vs-128_08
512,/nas-ctm01/datasets/public/BIOMETRICS/Face_Morphing/MAD22/original_sorted/MIPGAN_I/067_08-vs-130_08.png,067_08-vs-130_08.png,067_08-vs-130_08
513,/nas-ctm01/datasets/public/BIOMETRICS/Face_Morphing/MAD22/original_sorted/MIPGAN_I/067_08-vs-141_08.png,067_08-vs-141_08.png,067_08-vs-141_08
514,/nas-ctm01/datasets/public/BIOMETRICS/Face_Morphing/MAD22/original_sorted/MIPGAN_I/068_03-vs-115_03.png,068_03-vs-115_03.png,068_03-vs-115_03
515,/nas-ctm01/datasets/public/BIOMETRICS/Face_Morphing/MAD22/original_sorted/MIPGAN_I/068_03-vs-128_03.png,068_03-vs-128_03.png,068_03-vs-128_03
516,/nas-ctm01/datasets/public/BIOMETRICS/Face_Morphing/MAD22/original_sorted/MIPGAN_I/068_03-vs-132_03.png,068_03-vs-132_03.png,068_03-vs-132_03
517,/nas-ctm01/datasets/public/BIOMETRICS/Face_Morphing/MAD22/original_sorted/MIPGAN_I/068_03-vs-143_03.png,068_03-vs-143_03.png,068_03-vs-143_03
518,/nas-ctm01/datasets/public/BIOMETRICS/Face_Morphing/MAD22/original_sorted/MIPGAN_I/068_08-vs-082_08.png,068_08-vs-082_08.png,068_08-vs-082_08
519,/nas-ctm01/datasets/public/BIOMETRICS/Face_Morphing/MAD22/original_sorted/MIPGAN_I/068_08-vs-128_08.png,068_08-vs-128_08.png,068_08-vs-128_08
520,/nas-ctm01/datasets/public/BIOMETRICS/Face_Morphing/MAD22/original_sorted/MIPGAN_I/068_08-vs-132_08.png,068_08-vs-132_08.png,068_08-vs-132_08
521,/nas-ctm01/datasets/public/BIOMETRICS/Face_Morphing/MAD22/original_sorted/MIPGAN_I/068_08-vs-143_08.png,068_08-vs-143_08.png,068_08-vs-143_08
522,/nas-ctm01/datasets/public/BIOMETRICS/Face_Morphing/MAD22/original_sorted/MIPGAN_I/069_03-vs-104_03.png,069_03-vs-104_03.png,069_03-vs-104_03
523,/nas-ctm01/datasets/public/BIOMETRICS/Face_Morphing/MAD22/original_sorted/MIPGAN_I/069_03-vs-115_03.png,069_03-vs-115_03.png,069_03-vs-115_03
524,/nas-ctm01/datasets/public/BIOMETRICS/Face_Morphing/MAD22/original_sorted/MIPGAN_I/069_03-vs-131_03.png,069_03-vs-131_03.png,069_03-vs-131_03
525,/nas-ctm01/datasets/public/BIOMETRICS/Face_Morphing/MAD22/original_sorted/MIPGAN_I/069_03-vs-132_03.png,069_03-vs-132_03.png,069_03-vs-132_03
526,/nas-ctm01/datasets/public/BIOMETRICS/Face_Morphing/MAD22/original_sorted/MIPGAN_I/069_03-vs-172_03.png,069_03-vs-172_03.png,069_03-vs-172_03
527,/nas-ctm01/datasets/public/BIOMETRICS/Face_Morphing/MAD22/original_sorted/MIPGAN_I/069_08-vs-092_08.png,069_08-vs-092_08.png,069_08-vs-092_08
528,/nas-ctm01/datasets/public/BIOMETRICS/Face_Morphing/MAD22/original_sorted/MIPGAN_I/069_08-vs-115_08.png,069_08-vs-115_08.png,069_08-vs-115_08
529,/nas-ctm01/datasets/public/BIOMETRICS/Face_Morphing/MAD22/original_sorted/MIPGAN_I/069_08-vs-130_08.png,069_08-vs-130_08.png,069_08-vs-130_08
530,/nas-ctm01/datasets/public/BIOMETRICS/Face_Morphing/MAD22/original_sorted/MIPGAN_I/069_08-vs-131_08.png,069_08-vs-131_08.png,069_08-vs-131_08
531,/nas-ctm01/datasets/public/BIOMETRICS/Face_Morphing/MAD22/original_sorted/MIPGAN_I/070_08-vs-108_08.png,070_08-vs-108_08.png,070_08-vs-108_08
532,/nas-ctm01/datasets/public/BIOMETRICS/Face_Morphing/MAD22/original_sorted/MIPGAN_I/070_08-vs-143_08.png,070_08-vs-143_08.png,070_08-vs-143_08
533,/nas-ctm01/datasets/public/BIOMETRICS/Face_Morphing/MAD22/original_sorted/MIPGAN_I/081_08-vs-090_08.png,081_08-vs-090_08.png,081_08-vs-090_08
534,/nas-ctm01/datasets/public/BIOMETRICS/Face_Morphing/MAD22/original_sorted/MIPGAN_I/081_08-vs-118_08.png,081_08-vs-118_08.png,081_08-vs-118_08
535,/nas-ctm01/datasets/public/BIOMETRICS/Face_Morphing/MAD22/original_sorted/MIPGAN_I/081_08-vs-122_08.png,081_08-vs-122_08.png,081_08-vs-122_08
536,/nas-ctm01/datasets/public/BIOMETRICS/Face_Morphing/MAD22/original_sorted/MIPGAN_I/081_08-vs-135_08.png,081_08-vs-135_08.png,081_08-vs-135_08
537,/nas-ctm01/datasets/public/BIOMETRICS/Face_Morphing/MAD22/original_sorted/MIPGAN_I/082_03-vs-105_03.png,082_03-vs-105_03.png,082_03-vs-105_03
538,/nas-ctm01/datasets/public/BIOMETRICS/Face_Morphing/MAD22/original_sorted/MIPGAN_I/082_03-vs-138_03.png,082_03-vs-138_03.png,082_03-vs-138_03
539,/nas-ctm01/datasets/public/BIOMETRICS/Face_Morphing/MAD22/original_sorted/MIPGAN_I/082_08-vs-101_08.png,082_08-vs-101_08.png,082_08-vs-101_08
540,/nas-ctm01/datasets/public/BIOMETRICS/Face_Morphing/MAD22/original_sorted/MIPGAN_I/082_08-vs-130_08.png,082_08-vs-130_08.png,082_08-vs-130_08
541,/nas-ctm01/datasets/public/BIOMETRICS/Face_Morphing/MAD22/original_sorted/MIPGAN_I/082_08-vs-140_08.png,082_08-vs-140_08.png,082_08-vs-140_08
542,/nas-ctm01/datasets/public/BIOMETRICS/Face_Morphing/MAD22/original_sorted/MIPGAN_I/083_03-vs-113_03.png,083_03-vs-113_03.png,083_03-vs-113_03
543,/nas-ctm01/datasets/public/BIOMETRICS/Face_Morphing/MAD22/original_sorted/MIPGAN_I/083_08-vs-087_08.png,083_08-vs-087_08.png,083_08-vs-087_08
544,/nas-ctm01/datasets/public/BIOMETRICS/Face_Morphing/MAD22/original_sorted/MIPGAN_I/083_08-vs-118_08.png,083_08-vs-118_08.png,083_08-vs-118_08
545,/nas-ctm01/datasets/public/BIOMETRICS/Face_Morphing/MAD22/original_sorted/MIPGAN_I/083_08-vs-129_08.png,083_08-vs-129_08.png,083_08-vs-129_08
546,/nas-ctm01/datasets/public/BIOMETRICS/Face_Morphing/MAD22/original_sorted/MIPGAN_I/086_08-vs-091_08.png,086_08-vs-091_08.png,086_08-vs-091_08
547,/nas-ctm01/datasets/public/BIOMETRICS/Face_Morphing/MAD22/original_sorted/MIPGAN_I/087_08-vs-090_08.png,087_08-vs-090_08.png,087_08-vs-090_08
548,/nas-ctm01/datasets/public/BIOMETRICS/Face_Morphing/MAD22/original_sorted/MIPGAN_I/087_08-vs-102_08.png,087_08-vs-102_08.png,087_08-vs-102_08
549,/nas-ctm01/datasets/public/BIOMETRICS/Face_Morphing/MAD22/original_sorted/MIPGAN_I/087_08-vs-118_08.png,087_08-vs-118_08.png,087_08-vs-118_08
550,/nas-ctm01/datasets/public/BIOMETRICS/Face_Morphing/MAD22/original_sorted/MIPGAN_I/087_08-vs-124_08.png,087_08-vs-124_08.png,087_08-vs-124_08
551,/nas-ctm01/datasets/public/BIOMETRICS/Face_Morphing/MAD22/original_sorted/MIPGAN_I/087_08-vs-135_08.png,087_08-vs-135_08.png,087_08-vs-135_08
552,/nas-ctm01/datasets/public/BIOMETRICS/Face_Morphing/MAD22/original_sorted/MIPGAN_I/087_08-vs-136_08.png,087_08-vs-136_08.png,087_08-vs-136_08
553,/nas-ctm01/datasets/public/BIOMETRICS/Face_Morphing/MAD22/original_sorted/MIPGAN_I/090_03-vs-100_03.png,090_03-vs-100_03.png,090_03-vs-100_03
554,/nas-ctm01/datasets/public/BIOMETRICS/Face_Morphing/MAD22/original_sorted/MIPGAN_I/090_03-vs-102_03.png,090_03-vs-102_03.png,090_03-vs-102_03
555,/nas-ctm01/datasets/public/BIOMETRICS/Face_Morphing/MAD22/original_sorted/MIPGAN_I/090_03-vs-107_03.png,090_03-vs-107_03.png,090_03-vs-107_03
556,/nas-ctm01/datasets/public/BIOMETRICS/Face_Morphing/MAD22/original_sorted/MIPGAN_I/090_03-vs-112_03.png,090_03-vs-112_03.png,090_03-vs-112_03
557,/nas-ctm01/datasets/public/BIOMETRICS/Face_Morphing/MAD22/original_sorted/MIPGAN_I/090_03-vs-135_03.png,090_03-vs-135_03.png,090_03-vs-135_03
558,/nas-ctm01/datasets/public/BIOMETRICS/Face_Morphing/MAD22/original_sorted/MIPGAN_I/090_08-vs-097_08.png,090_08-vs-097_08.png,090_08-vs-097_08
559,/nas-ctm01/datasets/public/BIOMETRICS/Face_Morphing/MAD22/original_sorted/MIPGAN_I/090_08-vs-107_08.png,090_08-vs-107_08.png,090_08-vs-107_08
560,/nas-ctm01/datasets/public/BIOMETRICS/Face_Morphing/MAD22/original_sorted/MIPGAN_I/090_08-vs-122_08.png,090_08-vs-122_08.png,090_08-vs-122_08
561,/nas-ctm01/datasets/public/BIOMETRICS/Face_Morphing/MAD22/original_sorted/MIPGAN_I/090_08-vs-127_08.png,090_08-vs-127_08.png,090_08-vs-127_08
562,/nas-ctm01/datasets/public/BIOMETRICS/Face_Morphing/MAD22/original_sorted/MIPGAN_I/090_08-vs-135_08.png,090_08-vs-135_08.png,090_08-vs-135_08
563,/nas-ctm01/datasets/public/BIOMETRICS/Face_Morphing/MAD22/original_sorted/MIPGAN_I/090_08-vs-136_08.png,090_08-vs-136_08.png,090_08-vs-136_08
564,/nas-ctm01/datasets/public/BIOMETRICS/Face_Morphing/MAD22/original_sorted/MIPGAN_I/091_08-vs-097_08.png,091_08-vs-097_08.png,091_08-vs-097_08
565,/nas-ctm01/datasets/public/BIOMETRICS/Face_Morphing/MAD22/original_sorted/MIPGAN_I/092_03-vs-104_03.png,092_03-vs-104_03.png,092_03-vs-104_03
566,/nas-ctm01/datasets/public/BIOMETRICS/Face_Morphing/MAD22/original_sorted/MIPGAN_I/092_03-vs-123_03.png,092_03-vs-123_03.png,092_03-vs-123_03
567,/nas-ctm01/datasets/public/BIOMETRICS/Face_Morphing/MAD22/original_sorted/MIPGAN_I/092_03-vs-128_03.png,092_03-vs-128_03.png,092_03-vs-128_03
568,/nas-ctm01/datasets/public/BIOMETRICS/Face_Morphing/MAD22/original_sorted/MIPGAN_I/092_08-vs-123_08.png,092_08-vs-123_08.png,092_08-vs-123_08
569,/nas-ctm01/datasets/public/BIOMETRICS/Face_Morphing/MAD22/original_sorted/MIPGAN_I/092_08-vs-128_08.png,092_08-vs-128_08.png,092_08-vs-128_08
570,/nas-ctm01/datasets/public/BIOMETRICS/Face_Morphing/MAD22/original_sorted/MIPGAN_I/092_08-vs-143_08.png,092_08-vs-143_08.png,092_08-vs-143_08
571,/nas-ctm01/datasets/public/BIOMETRICS/Face_Morphing/MAD22/original_sorted/MIPGAN_I/094_03-vs-099_03.png,094_03-vs-099_03.png,094_03-vs-099_03
572,/nas-ctm01/datasets/public/BIOMETRICS/Face_Morphing/MAD22/original_sorted/MIPGAN_I/094_03-vs-102_03.png,094_03-vs-102_03.png,094_03-vs-102_03
573,/nas-ctm01/datasets/public/BIOMETRICS/Face_Morphing/MAD22/original_sorted/MIPGAN_I/094_03-vs-124_03.png,094_03-vs-124_03.png,094_03-vs-124_03
574,/nas-ctm01/datasets/public/BIOMETRICS/Face_Morphing/MAD22/original_sorted/MIPGAN_I/094_03-vs-126_03.png,094_03-vs-126_03.png,094_03-vs-126_03
575,/nas-ctm01/datasets/public/BIOMETRICS/Face_Morphing/MAD22/original_sorted/MIPGAN_I/094_03-vs-139_03.png,094_03-vs-139_03.png,094_03-vs-139_03
576,/nas-ctm01/datasets/public/BIOMETRICS/Face_Morphing/MAD22/original_sorted/MIPGAN_I/094_08-vs-099_08.png,094_08-vs-099_08.png,094_08-vs-099_08
577,/nas-ctm01/datasets/public/BIOMETRICS/Face_Morphing/MAD22/original_sorted/MIPGAN_I/094_08-vs-124_08.png,094_08-vs-124_08.png,094_08-vs-124_08
578,/nas-ctm01/datasets/public/BIOMETRICS/Face_Morphing/MAD22/original_sorted/MIPGAN_I/094_08-vs-126_08.png,094_08-vs-126_08.png,094_08-vs-126_08
579,/nas-ctm01/datasets/public/BIOMETRICS/Face_Morphing/MAD22/original_sorted/MIPGAN_I/094_08-vs-127_08.png,094_08-vs-127_08.png,094_08-vs-127_08
580,/nas-ctm01/datasets/public/BIOMETRICS/Face_Morphing/MAD22/original_sorted/MIPGAN_I/096_03-vs-104_03.png,096_03-vs-104_03.png,096_03-vs-104_03
581,/nas-ctm01/datasets/public/BIOMETRICS/Face_Morphing/MAD22/original_sorted/MIPGAN_I/096_03-vs-128_03.png,096_03-vs-128_03.png,096_03-vs-128_03
582,/nas-ctm01/datasets/public/BIOMETRICS/Face_Morphing/MAD22/original_sorted/MIPGAN_I/096_03-vs-130_03.png,096_03-vs-130_03.png,096_03-vs-130_03
583,/nas-ctm01/datasets/public/BIOMETRICS/Face_Morphing/MAD22/original_sorted/MIPGAN_I/096_03-vs-137_03.png,096_03-vs-137_03.png,096_03-vs-137_03
584,/nas-ctm01/datasets/public/BIOMETRICS/Face_Morphing/MAD22/original_sorted/MIPGAN_I/096_03-vs-141_03.png,096_03-vs-141_03.png,096_03-vs-141_03
585,/nas-ctm01/datasets/public/BIOMETRICS/Face_Morphing/MAD22/original_sorted/MIPGAN_I/096_08-vs-128_08.png,096_08-vs-128_08.png,096_08-vs-128_08
586,/nas-ctm01/datasets/public/BIOMETRICS/Face_Morphing/MAD22/original_sorted/MIPGAN_I/097_03-vs-099_03.png,097_03-vs-099_03.png,097_03-vs-099_03
587,/nas-ctm01/datasets/public/BIOMETRICS/Face_Morphing/MAD22/original_sorted/MIPGAN_I/097_03-vs-118_03.png,097_03-vs-118_03.png,097_03-vs-118_03
588,/nas-ctm01/datasets/public/BIOMETRICS/Face_Morphing/MAD22/original_sorted/MIPGAN_I/097_03-vs-129_03.png,097_03-vs-129_03.png,097_03-vs-129_03
589,/nas-ctm01/datasets/public/BIOMETRICS/Face_Morphing/MAD22/original_sorted/MIPGAN_I/097_03-vs-135_03.png,097_03-vs-135_03.png,097_03-vs-135_03
590,/nas-ctm01/datasets/public/BIOMETRICS/Face_Morphing/MAD22/original_sorted/MIPGAN_I/097_03-vs-144_03.png,097_03-vs-144_03.png,097_03-vs-144_03
591,/nas-ctm01/datasets/public/BIOMETRICS/Face_Morphing/MAD22/original_sorted/MIPGAN_I/097_08-vs-118_08.png,097_08-vs-118_08.png,097_08-vs-118_08
592,/nas-ctm01/datasets/public/BIOMETRICS/Face_Morphing/MAD22/original_sorted/MIPGAN_I/097_08-vs-120_08.png,097_08-vs-120_08.png,097_08-vs-120_08
593,/nas-ctm01/datasets/public/BIOMETRICS/Face_Morphing/MAD22/original_sorted/MIPGAN_I/097_08-vs-139_08.png,097_08-vs-139_08.png,097_08-vs-139_08
594,/nas-ctm01/datasets/public/BIOMETRICS/Face_Morphing/MAD22/original_sorted/MIPGAN_I/097_08-vs-144_08.png,097_08-vs-144_08.png,097_08-vs-144_08
595,/nas-ctm01/datasets/public/BIOMETRICS/Face_Morphing/MAD22/original_sorted/MIPGAN_I/099_03-vs-112_03.png,099_03-vs-112_03.png,099_03-vs-112_03
596,/nas-ctm01/datasets/public/BIOMETRICS/Face_Morphing/MAD22/original_sorted/MIPGAN_I/099_03-vs-122_03.png,099_03-vs-122_03.png,099_03-vs-122_03
597,/nas-ctm01/datasets/public/BIOMETRICS/Face_Morphing/MAD22/original_sorted/MIPGAN_I/099_03-vs-126_03.png,099_03-vs-126_03.png,099_03-vs-126_03
598,/nas-ctm01/datasets/public/BIOMETRICS/Face_Morphing/MAD22/original_sorted/MIPGAN_I/099_08-vs-126_08.png,099_08-vs-126_08.png,099_08-vs-126_08
599,/nas-ctm01/datasets/public/BIOMETRICS/Face_Morphing/MAD22/original_sorted/MIPGAN_I/100_03-vs-118_03.png,100_03-vs-118_03.png,100_03-vs-118_03
600,/nas-ctm01/datasets/public/BIOMETRICS/Face_Morphing/MAD22/original_sorted/MIPGAN_I/100_03-vs-122_03.png,100_03-vs-122_03.png,100_03-vs-122_03
601,/nas-ctm01/datasets/public/BIOMETRICS/Face_Morphing/MAD22/original_sorted/MIPGAN_I/100_03-vs-136_03.png,100_03-vs-136_03.png,100_03-vs-136_03
602,/nas-ctm01/datasets/public/BIOMETRICS/Face_Morphing/MAD22/original_sorted/MIPGAN_I/101_03-vs-105_03.png,101_03-vs-105_03.png,101_03-vs-105_03
603,/nas-ctm01/datasets/public/BIOMETRICS/Face_Morphing/MAD22/original_sorted/MIPGAN_I/101_03-vs-121_03.png,101_03-vs-121_03.png,101_03-vs-121_03
604,/nas-ctm01/datasets/public/BIOMETRICS/Face_Morphing/MAD22/original_sorted/MIPGAN_I/101_03-vs-131_03.png,101_03-vs-131_03.png,101_03-vs-131_03
605,/nas-ctm01/datasets/public/BIOMETRICS/Face_Morphing/MAD22/original_sorted/MIPGAN_I/101_03-vs-132_03.png,101_03-vs-132_03.png,101_03-vs-132_03
606,/nas-ctm01/datasets/public/BIOMETRICS/Face_Morphing/MAD22/original_sorted/MIPGAN_I/101_08-vs-117_08.png,101_08-vs-117_08.png,101_08-vs-117_08
607,/nas-ctm01/datasets/public/BIOMETRICS/Face_Morphing/MAD22/original_sorted/MIPGAN_I/101_08-vs-121_08.png,101_08-vs-121_08.png,101_08-vs-121_08
608,/nas-ctm01/datasets/public/BIOMETRICS/Face_Morphing/MAD22/original_sorted/MIPGAN_I/101_08-vs-123_08.png,101_08-vs-123_08.png,101_08-vs-123_08
609,/nas-ctm01/datasets/public/BIOMETRICS/Face_Morphing/MAD22/original_sorted/MIPGAN_I/101_08-vs-131_08.png,101_08-vs-131_08.png,101_08-vs-131_08
610,/nas-ctm01/datasets/public/BIOMETRICS/Face_Morphing/MAD22/original_sorted/MIPGAN_I/101_08-vs-132_08.png,101_08-vs-132_08.png,101_08-vs-132_08
611,/nas-ctm01/datasets/public/BIOMETRICS/Face_Morphing/MAD22/original_sorted/MIPGAN_I/101_08-vs-140_08.png,101_08-vs-140_08.png,101_08-vs-140_08
612,/nas-ctm01/datasets/public/BIOMETRICS/Face_Morphing/MAD22/original_sorted/MIPGAN_I/102_03-vs-107_03.png,102_03-vs-107_03.png,102_03-vs-107_03
613,/nas-ctm01/datasets/public/BIOMETRICS/Face_Morphing/MAD22/original_sorted/MIPGAN_I/102_03-vs-136_03.png,102_03-vs-136_03.png,102_03-vs-136_03
614,/nas-ctm01/datasets/public/BIOMETRICS/Face_Morphing/MAD22/original_sorted/MIPGAN_I/102_03-vs-139_03.png,102_03-vs-139_03.png,102_03-vs-139_03
615,/nas-ctm01/datasets/public/BIOMETRICS/Face_Morphing/MAD22/original_sorted/MIPGAN_I/102_03-vs-144_03.png,102_03-vs-144_03.png,102_03-vs-144_03
616,/nas-ctm01/datasets/public/BIOMETRICS/Face_Morphing/MAD22/original_sorted/MIPGAN_I/102_08-vs-107_08.png,102_08-vs-107_08.png,102_08-vs-107_08
617,/nas-ctm01/datasets/public/BIOMETRICS/Face_Morphing/MAD22/original_sorted/MIPGAN_I/102_08-vs-118_08.png,102_08-vs-118_08.png,102_08-vs-118_08
618,/nas-ctm01/datasets/public/BIOMETRICS/Face_Morphing/MAD22/original_sorted/MIPGAN_I/102_08-vs-122_08.png,102_08-vs-122_08.png,102_08-vs-122_08
619,/nas-ctm01/datasets/public/BIOMETRICS/Face_Morphing/MAD22/original_sorted/MIPGAN_I/102_08-vs-124_08.png,102_08-vs-124_08.png,102_08-vs-124_08
620,/nas-ctm01/datasets/public/BIOMETRICS/Face_Morphing/MAD22/original_sorted/MIPGAN_I/102_08-vs-136_08.png,102_08-vs-136_08.png,102_08-vs-136_08
621,/nas-ctm01/datasets/public/BIOMETRICS/Face_Morphing/MAD22/original_sorted/MIPGAN_I/102_08-vs-139_08.png,102_08-vs-139_08.png,102_08-vs-139_08
622,/nas-ctm01/datasets/public/BIOMETRICS/Face_Morphing/MAD22/original_sorted/MIPGAN_I/102_08-vs-144_08.png,102_08-vs-144_08.png,102_08-vs-144_08
623,/nas-ctm01/datasets/public/BIOMETRICS/Face_Morphing/MAD22/original_sorted/MIPGAN_I/103_03-vs-128_03.png,103_03-vs-128_03.png,103_03-vs-128_03
624,/nas-ctm01/datasets/public/BIOMETRICS/Face_Morphing/MAD22/original_sorted/MIPGAN_I/103_08-vs-108_08.png,103_08-vs-108_08.png,103_08-vs-108_08
625,/nas-ctm01/datasets/public/BIOMETRICS/Face_Morphing/MAD22/original_sorted/MIPGAN_I/103_08-vs-128_08.png,103_08-vs-128_08.png,103_08-vs-128_08
626,/nas-ctm01/datasets/public/BIOMETRICS/Face_Morphing/MAD22/original_sorted/MIPGAN_I/104_03-vs-130_03.png,104_03-vs-130_03.png,104_03-vs-130_03
627,/nas-ctm01/datasets/public/BIOMETRICS/Face_Morphing/MAD22/original_sorted/MIPGAN_I/104_03-vs-141_03.png,104_03-vs-141_03.png,104_03-vs-141_03
628,/nas-ctm01/datasets/public/BIOMETRICS/Face_Morphing/MAD22/original_sorted/MIPGAN_I/105_03-vs-121_03.png,105_03-vs-121_03.png,105_03-vs-121_03
629,/nas-ctm01/datasets/public/BIOMETRICS/Face_Morphing/MAD22/original_sorted/MIPGAN_I/105_03-vs-125_03.png,105_03-vs-125_03.png,105_03-vs-125_03
630,/nas-ctm01/datasets/public/BIOMETRICS/Face_Morphing/MAD22/original_sorted/MIPGAN_I/105_03-vs-141_03.png,105_03-vs-141_03.png,105_03-vs-141_03
631,/nas-ctm01/datasets/public/BIOMETRICS/Face_Morphing/MAD22/original_sorted/MIPGAN_I/107_08-vs-118_08.png,107_08-vs-118_08.png,107_08-vs-118_08
632,/nas-ctm01/datasets/public/BIOMETRICS/Face_Morphing/MAD22/original_sorted/MIPGAN_I/107_08-vs-139_08.png,107_08-vs-139_08.png,107_08-vs-139_08
633,/nas-ctm01/datasets/public/BIOMETRICS/Face_Morphing/MAD22/original_sorted/MIPGAN_I/108_03-vs-128_03.png,108_03-vs-128_03.png,108_03-vs-128_03
634,/nas-ctm01/datasets/public/BIOMETRICS/Face_Morphing/MAD22/original_sorted/MIPGAN_I/108_03-vs-142_03.png,108_03-vs-142_03.png,108_03-vs-142_03
635,/nas-ctm01/datasets/public/BIOMETRICS/Face_Morphing/MAD22/original_sorted/MIPGAN_I/108_03-vs-143_03.png,108_03-vs-143_03.png,108_03-vs-143_03
636,/nas-ctm01/datasets/public/BIOMETRICS/Face_Morphing/MAD22/original_sorted/MIPGAN_I/108_08-vs-119_08.png,108_08-vs-119_08.png,108_08-vs-119_08
637,/nas-ctm01/datasets/public/BIOMETRICS/Face_Morphing/MAD22/original_sorted/MIPGAN_I/108_08-vs-128_08.png,108_08-vs-128_08.png,108_08-vs-128_08
638,/nas-ctm01/datasets/public/BIOMETRICS/Face_Morphing/MAD22/original_sorted/MIPGAN_I/108_08-vs-142_08.png,108_08-vs-142_08.png,108_08-vs-142_08
639,/nas-ctm01/datasets/public/BIOMETRICS/Face_Morphing/MAD22/original_sorted/MIPGAN_I/108_08-vs-143_08.png,108_08-vs-143_08.png,108_08-vs-143_08
640,/nas-ctm01/datasets/public/BIOMETRICS/Face_Morphing/MAD22/original_sorted/MIPGAN_I/112_03-vs-122_03.png,112_03-vs-122_03.png,112_03-vs-122_03
641,/nas-ctm01/datasets/public/BIOMETRICS/Face_Morphing/MAD22/original_sorted/MIPGAN_I/112_03-vs-134_03.png,112_03-vs-134_03.png,112_03-vs-134_03
642,/nas-ctm01/datasets/public/BIOMETRICS/Face_Morphing/MAD22/original_sorted/MIPGAN_I/112_03-vs-139_03.png,112_03-vs-139_03.png,112_03-vs-139_03
643,/nas-ctm01/datasets/public/BIOMETRICS/Face_Morphing/MAD22/original_sorted/MIPGAN_I/113_03-vs-118_03.png,113_03-vs-118_03.png,113_03-vs-118_03
644,/nas-ctm01/datasets/public/BIOMETRICS/Face_Morphing/MAD22/original_sorted/MIPGAN_I/113_08-vs-118_08.png,113_08-vs-118_08.png,113_08-vs-118_08
645,/nas-ctm01/datasets/public/BIOMETRICS/Face_Morphing/MAD22/original_sorted/MIPGAN_I/113_08-vs-139_08.png,113_08-vs-139_08.png,113_08-vs-139_08
646,/nas-ctm01/datasets/public/BIOMETRICS/Face_Morphing/MAD22/original_sorted/MIPGAN_I/114_08-vs-128_08.png,114_08-vs-128_08.png,114_08-vs-128_08
647,/nas-ctm01/datasets/public/BIOMETRICS/Face_Morphing/MAD22/original_sorted/MIPGAN_I/114_08-vs-132_08.png,114_08-vs-132_08.png,114_08-vs-132_08
648,/nas-ctm01/datasets/public/BIOMETRICS/Face_Morphing/MAD22/original_sorted/MIPGAN_I/115_03-vs-123_03.png,115_03-vs-123_03.png,115_03-vs-123_03
649,/nas-ctm01/datasets/public/BIOMETRICS/Face_Morphing/MAD22/original_sorted/MIPGAN_I/115_03-vs-125_03.png,115_03-vs-125_03.png,115_03-vs-125_03
650,/nas-ctm01/datasets/public/BIOMETRICS/Face_Morphing/MAD22/original_sorted/MIPGAN_I/115_03-vs-132_03.png,115_03-vs-132_03.png,115_03-vs-132_03
651,/nas-ctm01/datasets/public/BIOMETRICS/Face_Morphing/MAD22/original_sorted/MIPGAN_I/115_03-vs-142_03.png,115_03-vs-142_03.png,115_03-vs-142_03
652,/nas-ctm01/datasets/public/BIOMETRICS/Face_Morphing/MAD22/original_sorted/MIPGAN_I/115_08-vs-125_08.png,115_08-vs-125_08.png,115_08-vs-125_08
653,/nas-ctm01/datasets/public/BIOMETRICS/Face_Morphing/MAD22/original_sorted/MIPGAN_I/115_08-vs-132_08.png,115_08-vs-132_08.png,115_08-vs-132_08
654,/nas-ctm01/datasets/public/BIOMETRICS/Face_Morphing/MAD22/original_sorted/MIPGAN_I/117_08-vs-123_08.png,117_08-vs-123_08.png,117_08-vs-123_08
655,/nas-ctm01/datasets/public/BIOMETRICS/Face_Morphing/MAD22/original_sorted/MIPGAN_I/117_08-vs-141_08.png,117_08-vs-141_08.png,117_08-vs-141_08
656,/nas-ctm01/datasets/public/BIOMETRICS/Face_Morphing/MAD22/original_sorted/MIPGAN_I/117_08-vs-173_08.png,117_08-vs-173_08.png,117_08-vs-173_08
657,/nas-ctm01/datasets/public/BIOMETRICS/Face_Morphing/MAD22/original_sorted/MIPGAN_I/118_03-vs-139_03.png,118_03-vs-139_03.png,118_03-vs-139_03
658,/nas-ctm01/datasets/public/BIOMETRICS/Face_Morphing/MAD22/original_sorted/MIPGAN_I/118_08-vs-139_08.png,118_08-vs-139_08.png,118_08-vs-139_08
659,/nas-ctm01/datasets/public/BIOMETRICS/Face_Morphing/MAD22/original_sorted/MIPGAN_I/118_08-vs-144_08.png,118_08-vs-144_08.png,118_08-vs-144_08
660,/nas-ctm01/datasets/public/BIOMETRICS/Face_Morphing/MAD22/original_sorted/MIPGAN_I/119_03-vs-137_03.png,119_03-vs-137_03.png,119_03-vs-137_03
661,/nas-ctm01/datasets/public/BIOMETRICS/Face_Morphing/MAD22/original_sorted/MIPGAN_I/119_08-vs-140_08.png,119_08-vs-140_08.png,119_08-vs-140_08
662,/nas-ctm01/datasets/public/BIOMETRICS/Face_Morphing/MAD22/original_sorted/MIPGAN_I/120_03-vs-136_03.png,120_03-vs-136_03.png,120_03-vs-136_03
663,/nas-ctm01/datasets/public/BIOMETRICS/Face_Morphing/MAD22/original_sorted/MIPGAN_I/120_03-vs-144_03.png,120_03-vs-144_03.png,120_03-vs-144_03
664,/nas-ctm01/datasets/public/BIOMETRICS/Face_Morphing/MAD22/original_sorted/MIPGAN_I/120_08-vs-135_08.png,120_08-vs-135_08.png,120_08-vs-135_08
665,/nas-ctm01/datasets/public/BIOMETRICS/Face_Morphing/MAD22/original_sorted/MIPGAN_I/120_08-vs-144_08.png,120_08-vs-144_08.png,120_08-vs-144_08
666,/nas-ctm01/datasets/public/BIOMETRICS/Face_Morphing/MAD22/original_sorted/MIPGAN_I/121_03-vs-137_03.png,121_03-vs-137_03.png,121_03-vs-137_03
667,/nas-ctm01/datasets/public/BIOMETRICS/Face_Morphing/MAD22/original_sorted/MIPGAN_I/121_03-vs-142_03.png,121_03-vs-142_03.png,121_03-vs-142_03
668,/nas-ctm01/datasets/public/BIOMETRICS/Face_Morphing/MAD22/original_sorted/MIPGAN_I/121_08-vs-140_08.png,121_08-vs-140_08.png,121_08-vs-140_08
669,/nas-ctm01/datasets/public/BIOMETRICS/Face_Morphing/MAD22/original_sorted/MIPGAN_I/121_08-vs-142_08.png,121_08-vs-142_08.png,121_08-vs-142_08
670,/nas-ctm01/datasets/public/BIOMETRICS/Face_Morphing/MAD22/original_sorted/MIPGAN_I/122_03-vs-129_03.png,122_03-vs-129_03.png,122_03-vs-129_03
671,/nas-ctm01/datasets/public/BIOMETRICS/Face_Morphing/MAD22/original_sorted/MIPGAN_I/122_03-vs-139_03.png,122_03-vs-139_03.png,122_03-vs-139_03
672,/nas-ctm01/datasets/public/BIOMETRICS/Face_Morphing/MAD22/original_sorted/MIPGAN_I/122_08-vs-139_08.png,122_08-vs-139_08.png,122_08-vs-139_08
673,/nas-ctm01/datasets/public/BIOMETRICS/Face_Morphing/MAD22/original_sorted/MIPGAN_I/123_03-vs-130_03.png,123_03-vs-130_03.png,123_03-vs-130_03
674,/nas-ctm01/datasets/public/BIOMETRICS/Face_Morphing/MAD22/original_sorted/MIPGAN_I/123_03-vs-131_03.png,123_03-vs-131_03.png,123_03-vs-131_03
675,/nas-ctm01/datasets/public/BIOMETRICS/Face_Morphing/MAD22/original_sorted/MIPGAN_I/123_03-vs-138_03.png,123_03-vs-138_03.png,123_03-vs-138_03
676,/nas-ctm01/datasets/public/BIOMETRICS/Face_Morphing/MAD22/original_sorted/MIPGAN_I/123_03-vs-142_03.png,123_03-vs-142_03.png,123_03-vs-142_03
677,/nas-ctm01/datasets/public/BIOMETRICS/Face_Morphing/MAD22/original_sorted/MIPGAN_I/124_03-vs-126_03.png,124_03-vs-126_03.png,124_03-vs-126_03
678,/nas-ctm01/datasets/public/BIOMETRICS/Face_Morphing/MAD22/original_sorted/MIPGAN_I/124_03-vs-136_03.png,124_03-vs-136_03.png,124_03-vs-136_03
679,/nas-ctm01/datasets/public/BIOMETRICS/Face_Morphing/MAD22/original_sorted/MIPGAN_I/124_08-vs-126_08.png,124_08-vs-126_08.png,124_08-vs-126_08
680,/nas-ctm01/datasets/public/BIOMETRICS/Face_Morphing/MAD22/original_sorted/MIPGAN_I/125_03-vs-132_03.png,125_03-vs-132_03.png,125_03-vs-132_03
681,/nas-ctm01/datasets/public/BIOMETRICS/Face_Morphing/MAD22/original_sorted/MIPGAN_I/125_03-vs-138_03.png,125_03-vs-138_03.png,125_03-vs-138_03
682,/nas-ctm01/datasets/public/BIOMETRICS/Face_Morphing/MAD22/original_sorted/MIPGAN_I/125_03-vs-141_03.png,125_03-vs-141_03.png,125_03-vs-141_03
683,/nas-ctm01/datasets/public/BIOMETRICS/Face_Morphing/MAD22/original_sorted/MIPGAN_I/125_03-vs-172_03.png,125_03-vs-172_03.png,125_03-vs-172_03
684,/nas-ctm01/datasets/public/BIOMETRICS/Face_Morphing/MAD22/original_sorted/MIPGAN_I/125_03-vs-173_03.png,125_03-vs-173_03.png,125_03-vs-173_03
685,/nas-ctm01/datasets/public/BIOMETRICS/Face_Morphing/MAD22/original_sorted/MIPGAN_I/125_08-vs-141_08.png,125_08-vs-141_08.png,125_08-vs-141_08
686,/nas-ctm01/datasets/public/BIOMETRICS/Face_Morphing/MAD22/original_sorted/MIPGAN_I/125_08-vs-172_08.png,125_08-vs-172_08.png,125_08-vs-172_08
687,/nas-ctm01/datasets/public/BIOMETRICS/Face_Morphing/MAD22/original_sorted/MIPGAN_I/125_08-vs-173_08.png,125_08-vs-173_08.png,125_08-vs-173_08
688,/nas-ctm01/datasets/public/BIOMETRICS/Face_Morphing/MAD22/original_sorted/MIPGAN_I/126_03-vs-136_03.png,126_03-vs-136_03.png,126_03-vs-136_03
689,/nas-ctm01/datasets/public/BIOMETRICS/Face_Morphing/MAD22/original_sorted/MIPGAN_I/126_03-vs-144_03.png,126_03-vs-144_03.png,126_03-vs-144_03
690,/nas-ctm01/datasets/public/BIOMETRICS/Face_Morphing/MAD22/original_sorted/MIPGAN_I/126_08-vs-127_08.png,126_08-vs-127_08.png,126_08-vs-127_08
691,/nas-ctm01/datasets/public/BIOMETRICS/Face_Morphing/MAD22/original_sorted/MIPGAN_I/126_08-vs-136_08.png,126_08-vs-136_08.png,126_08-vs-136_08
692,/nas-ctm01/datasets/public/BIOMETRICS/Face_Morphing/MAD22/original_sorted/MIPGAN_I/126_08-vs-144_08.png,126_08-vs-144_08.png,126_08-vs-144_08
693,/nas-ctm01/datasets/public/BIOMETRICS/Face_Morphing/MAD22/original_sorted/MIPGAN_I/128_03-vs-130_03.png,128_03-vs-130_03.png,128_03-vs-130_03
694,/nas-ctm01/datasets/public/BIOMETRICS/Face_Morphing/MAD22/original_sorted/MIPGAN_I/128_03-vs-132_03.png,128_03-vs-132_03.png,128_03-vs-132_03
695,/nas-ctm01/datasets/public/BIOMETRICS/Face_Morphing/MAD22/original_sorted/MIPGAN_I/128_03-vs-141_03.png,128_03-vs-141_03.png,128_03-vs-141_03
696,/nas-ctm01/datasets/public/BIOMETRICS/Face_Morphing/MAD22/original_sorted/MIPGAN_I/128_03-vs-142_03.png,128_03-vs-142_03.png,128_03-vs-142_03
697,/nas-ctm01/datasets/public/BIOMETRICS/Face_Morphing/MAD22/original_sorted/MIPGAN_I/128_03-vs-143_03.png,128_03-vs-143_03.png,128_03-vs-143_03
698,/nas-ctm01/datasets/public/BIOMETRICS/Face_Morphing/MAD22/original_sorted/MIPGAN_I/128_08-vs-132_08.png,128_08-vs-132_08.png,128_08-vs-132_08
699,/nas-ctm01/datasets/public/BIOMETRICS/Face_Morphing/MAD22/original_sorted/MIPGAN_I/128_08-vs-140_08.png,128_08-vs-140_08.png,128_08-vs-140_08
700,/nas-ctm01/datasets/public/BIOMETRICS/Face_Morphing/MAD22/original_sorted/MIPGAN_I/128_08-vs-141_08.png,128_08-vs-141_08.png,128_08-vs-141_08
701,/nas-ctm01/datasets/public/BIOMETRICS/Face_Morphing/MAD22/original_sorted/MIPGAN_I/128_08-vs-143_08.png,128_08-vs-143_08.png,128_08-vs-143_08
702,/nas-ctm01/datasets/public/BIOMETRICS/Face_Morphing/MAD22/original_sorted/MIPGAN_I/130_03-vs-131_03.png,130_03-vs-131_03.png,130_03-vs-131_03
703,/nas-ctm01/datasets/public/BIOMETRICS/Face_Morphing/MAD22/original_sorted/MIPGAN_I/130_03-vs-132_03.png,130_03-vs-132_03.png,130_03-vs-132_03
704,/nas-ctm01/datasets/public/BIOMETRICS/Face_Morphing/MAD22/original_sorted/MIPGAN_I/130_03-vs-138_03.png,130_03-vs-138_03.png,130_03-vs-138_03
705,/nas-ctm01/datasets/public/BIOMETRICS/Face_Morphing/MAD22/original_sorted/MIPGAN_I/130_03-vs-141_03.png,130_03-vs-141_03.png,130_03-vs-141_03
706,/nas-ctm01/datasets/public/BIOMETRICS/Face_Morphing/MAD22/original_sorted/MIPGAN_I/130_03-vs-173_03.png,130_03-vs-173_03.png,130_03-vs-173_03
707,/nas-ctm01/datasets/public/BIOMETRICS/Face_Morphing/MAD22/original_sorted/MIPGAN_I/130_08-vs-131_08.png,130_08-vs-131_08.png,130_08-vs-131_08
708,/nas-ctm01/datasets/public/BIOMETRICS/Face_Morphing/MAD22/original_sorted/MIPGAN_I/130_08-vs-141_08.png,130_08-vs-141_08.png,130_08-vs-141_08
709,/nas-ctm01/datasets/public/BIOMETRICS/Face_Morphing/MAD22/original_sorted/MIPGAN_I/131_03-vs-138_03.png,131_03-vs-138_03.png,131_03-vs-138_03
710,/nas-ctm01/datasets/public/BIOMETRICS/Face_Morphing/MAD22/original_sorted/MIPGAN_I/131_03-vs-172_03.png,131_03-vs-172_03.png,131_03-vs-172_03
711,/nas-ctm01/datasets/public/BIOMETRICS/Face_Morphing/MAD22/original_sorted/MIPGAN_I/131_08-vs-172_08.png,131_08-vs-172_08.png,131_08-vs-172_08
712,/nas-ctm01/datasets/public/BIOMETRICS/Face_Morphing/MAD22/original_sorted/MIPGAN_I/132_03-vs-172_03.png,132_03-vs-172_03.png,132_03-vs-172_03
713,/nas-ctm01/datasets/public/BIOMETRICS/Face_Morphing/MAD22/original_sorted/MIPGAN_I/132_08-vs-172_08.png,132_08-vs-172_08.png,132_08-vs-172_08
714,/nas-ctm01/datasets/public/BIOMETRICS/Face_Morphing/MAD22/original_sorted/MIPGAN_I/134_03-vs-139_03.png,134_03-vs-139_03.png,134_03-vs-139_03
715,/nas-ctm01/datasets/public/BIOMETRICS/Face_Morphing/MAD22/original_sorted/MIPGAN_I/134_08-vs-139_08.png,134_08-vs-139_08.png,134_08-vs-139_08
716,/nas-ctm01/datasets/public/BIOMETRICS/Face_Morphing/MAD22/original_sorted/MIPGAN_I/136_03-vs-144_03.png,136_03-vs-144_03.png,136_03-vs-144_03
717,/nas-ctm01/datasets/public/BIOMETRICS/Face_Morphing/MAD22/original_sorted/MIPGAN_I/136_08-vs-144_08.png,136_08-vs-144_08.png,136_08-vs-144_08
718,/nas-ctm01/datasets/public/BIOMETRICS/Face_Morphing/MAD22/original_sorted/MIPGAN_I/137_03-vs-143_03.png,137_03-vs-143_03.png,137_03-vs-143_03
719,/nas-ctm01/datasets/public/BIOMETRICS/Face_Morphing/MAD22/original_sorted/MIPGAN_I/138_03-vs-141_03.png,138_03-vs-141_03.png,138_03-vs-141_03
720,/nas-ctm01/datasets/public/BIOMETRICS/Face_Morphing/MAD22/original_sorted/MIPGAN_I/139_03-vs-144_03.png,139_03-vs-144_03.png,139_03-vs-144_03
721,/nas-ctm01/datasets/public/BIOMETRICS/Face_Morphing/MAD22/original_sorted/MIPGAN_I/139_08-vs-144_08.png,139_08-vs-144_08.png,139_08-vs-144_08
722,/nas-ctm01/datasets/public/BIOMETRICS/Face_Morphing/MAD22/original_sorted/MIPGAN_I/140_08-vs-141_08.png,140_08-vs-141_08.png,140_08-vs-141_08
723,/nas-ctm01/datasets/public/BIOMETRICS/Face_Morphing/MAD22/original_sorted/MIPGAN_I/140_08-vs-173_08.png,140_08-vs-173_08.png,140_08-vs-173_08
724,/nas-ctm01/datasets/public/BIOMETRICS/Face_Morphing/MAD22/original_sorted/MIPGAN_I/141_03-vs-143_03.png,141_03-vs-143_03.png,141_03-vs-143_03
725,/nas-ctm01/datasets/public/BIOMETRICS/Face_Morphing/MAD22/original_sorted/MIPGAN_I/141_08-vs-143_08.png,141_08-vs-143_08.png,141_08-vs-143_08
