cache_index,image_path,filename,stem
0,/nas-ctm01/datasets/public/BIOMETRICS/Face_Morphing/MAD22/original_sorted/MIPGAN_II/001_03-vs-010_03.png,001_03-vs-010_03.png,001_03-vs-010_03
1,/nas-ctm01/datasets/public/BIOMETRICS/Face_Morphing/MAD22/original_sorted/MIPGAN_II/001_03-vs-014_03.png,001_03-vs-014_03.png,001_03-vs-014_03
2,/nas-ctm01/datasets/public/BIOMETRICS/Face_Morphing/MAD22/original_sorted/MIPGAN_II/001_03-vs-030_03.png,001_03-vs-030_03.png,001_03-vs-030_03
3,/nas-ctm01/datasets/public/BIOMETRICS/Face_Morphing/MAD22/original_sorted/MIPGAN_II/001_03-vs-090_03.png,001_03-vs-090_03.png,001_03-vs-090_03
4,/nas-ctm01/datasets/public/BIOMETRICS/Face_Morphing/MAD22/original_sorted/MIPGAN_II/001_03-vs-107_03.png,001_03-vs-107_03.png,001_03-vs-107_03
5,/nas-ctm01/datasets/public/BIOMETRICS/Face_Morphing/MAD22/original_sorted/MIPGAN_II/001_03-vs-113_03.png,001_03-vs-113_03.png,001_03-vs-113_03
6,/nas-ctm01/datasets/public/BIOMETRICS/Face_Morphing/MAD22/original_sorted/MIPGAN_II/001_03-vs-122_03.png,001_03-vs-122_03.png,001_03-vs-122_03
7,/nas-ctm01/datasets/public/BIOMETRICS/Face_Morphing/MAD22/original_sorted/MIPGAN_II/001_08-vs-014_08.png,001_08-vs-014_08.png,001_08-vs-014_08
8,/nas-ctm01/datasets/public/BIOMETRICS/Face_Morphing/MAD22/original_sorted/MIPGAN_II/001_08-vs-039_08.png,001_08-vs-039_08.png,001_08-vs-039_08
9,/nas-ctm01/datasets/public/BIOMETRICS/Face_Morphing/MAD22/original_sorted/MIPGAN_II/001_08-vs-087_08.png,001_08-vs-087_08.png,001_08-vs-087_08
10,/nas-ctm01/datasets/public/BIOMETRICS/Face_Morphing/MAD22/original_sorted/MIPGAN_II/001_08-vs-090_08.png,001_08-vs-090_08.png,001_08-vs-090_08
11,/nas-ctm01/datasets/public/BIOMETRICS/Face_Morphing/MAD22/original_sorted/MIPGAN_II/001_08-vs-094_08.png,001_08-vs-094_08.png,001_08-vs-094_08
12,/nas-ctm01/datasets/public/BIOMETRICS/Face_Morphing/MAD22/original_sorted/MIPGAN_II/001_08-vs-107_08.png,001_08-vs-107_08.png,001_08-vs-107_08
13,/nas-ctm01/datasets/public/BIOMETRICS/Face_Morphing/MAD22/original_sorted/MIPGAN_II/001_08-vs-122_08.png,001_08-vs-122_08.png,001_08-vs-122_08
14,/nas-ctm01/datasets/public/BIOMETRICS/Face_Morphing/MAD22/original_sorted/MIPGAN_II/002_03-vs-011_03.png,002_03-vs-011_03.png,002_03-vs-011_03
15,/nas-ctm01/datasets/public/BIOMETRICS/Face_Morphing/MAD22/original_sorted/MIPGAN_II/002_03-vs-020_03.png,002_03-vs-020_03.png,002_03-vs-020_03
16,/nas-ctm01/datasets/public/BIOMETRICS/Face_Morphing/MAD22/original_sorted/MIPGAN_II/002_03-vs-027_03.png,002_03-vs-027_03.png,002_03-vs-027_03
17,/nas-ctm01/datasets/public/BIOMETRICS/Face_Morphing/MAD22/original_sorted/MIPGAN_II/002_03-vs-032_03.png,002_03-vs-032_03.png,002_03-vs-032_03
18,/nas-ctm01/datasets/public/BIOMETRICS/Face_Morphing/MAD22/original_sorted/MIPGAN_II/002_03-vs-094_03.png,002_03-vs-094_03.png,002_03-vs-094_03
19,/nas-ctm01/datasets/public/BIOMETRICS/Face_Morphing/MAD22/original_sorted/MIPGAN_II/002_03-vs-097_03.png,002_03-vs-097_03.png,002_03-vs-097_03
20,/nas-ctm01/datasets/public/BIOMETRICS/Face_Morphing/MAD22/original_sorted/MIPGAN_II/002_03-vs-100_03.png,002_03-vs-100_03.png,002_03-vs-100_03
21,/nas-ctm01/datasets/public/BIOMETRICS/Face_Morphing/MAD22/original_sorted/MIPGAN_II/002_03-vs-102_03.png,002_03-vs-102_03.png,002_03-vs-102_03
22,/nas-ctm01/datasets/public/BIOMETRICS/Face_Morphing/MAD22/original_sorted/MIPGAN_II/002_03-vs-118_03.png,002_03-vs-118_03.png,002_03-vs-118_03
23,/nas-ctm01/datasets/public/BIOMETRICS/Face_Morphing/MAD22/original_sorted/MIPGAN_II/002_03-vs-124_03.png,002_03-vs-124_03.png,002_03-vs-124_03
24,/nas-ctm01/datasets/public/BIOMETRICS/Face_Morphing/MAD22/original_sorted/MIPGAN_II/002_03-vs-136_03.png,002_03-vs-136_03.png,002_03-vs-136_03
25,/nas-ctm01/datasets/public/BIOMETRICS/Face_Morphing/MAD22/original_sorted/MIPGAN_II/002_03-vs-139_03.png,002_03-vs-139_03.png,002_03-vs-139_03
26,/nas-ctm01/datasets/public/BIOMETRICS/Face_Morphing/MAD22/original_sorted/MIPGAN_II/002_03-vs-144_03.png,002_03-vs-144_03.png,002_03-vs-144_03
27,/nas-ctm01/datasets/public/BIOMETRICS/Face_Morphing/MAD22/original_sorted/MIPGAN_II/002_08-vs-003_08.png,002_08-vs-003_08.png,002_08-vs-003_08
28,/nas-ctm01/datasets/public/BIOMETRICS/Face_Morphing/MAD22/original_sorted/MIPGAN_II/002_08-vs-011_08.png,002_08-vs-011_08.png,002_08-vs-011_08
29,/nas-ctm01/datasets/public/BIOMETRICS/Face_Morphing/MAD22/original_sorted/MIPGAN_II/002_08-vs-025_08.png,002_08-vs-025_08.png,002_08-vs-025_08
30,/nas-ctm01/datasets/public/BIOMETRICS/Face_Morphing/MAD22/original_sorted/MIPGAN_II/002_08-vs-030_08.png,002_08-vs-030_08.png,002_08-vs-030_08
31,/nas-ctm01/datasets/public/BIOMETRICS/Face_Morphing/MAD22/original_sorted/MIPGAN_II/002_08-vs-039_08.png,002_08-vs-039_08.png,002_08-vs-039_08
32,/nas-ctm01/datasets/public/BIOMETRICS/Face_Morphing/MAD22/original_sorted/MIPGAN_II/002_08-vs-081_08.png,002_08-vs-081_08.png,002_08-vs-081_08
33,/nas-ctm01/datasets/public/BIOMETRICS/Face_Morphing/MAD22/original_sorted/MIPGAN_II/002_08-vs-090_08.png,002_08-vs-090_08.png,002_08-vs-090_08
34,/nas-ctm01/datasets/public/BIOMETRICS/Face_Morphing/MAD22/original_sorted/MIPGAN_II/002_08-vs-097_08.png,002_08-vs-097_08.png,002_08-vs-097_08
35,/nas-ctm01/datasets/public/BIOMETRICS/Face_Morphing/MAD22/original_sorted/MIPGAN_II/002_08-vs-099_08.png,002_08-vs-099_08.png,002_08-vs-099_08
36,/nas-ctm01/datasets/public/BIOMETRICS/Face_Morphing/MAD22/original_sorted/MIPGAN_II/002_08-vs-102_08.png,002_08-vs-102_08.png,002_08-vs-102_08
37,/nas-ctm01/datasets/public/BIOMETRICS/Face_Morphing/MAD22/original_sorted/MIPGAN_II/002_08-vs-118_08.png,002_08-vs-118_08.png,002_08-vs-118_08
38,/nas-ctm01/datasets/public/BIOMETRICS/Face_Morphing/MAD22/original_sorted/MIPGAN_II/002_08-vs-124_08.png,002_08-vs-124_08.png,002_08-vs-124_08
39,/nas-ctm01/datasets/public/BIOMETRICS/Face_Morphing/MAD22/original_sorted/MIPGAN_II/002_08-vs-135_08.png,002_08-vs-135_08.png,002_08-vs-135_08
40,/nas-ctm01/datasets/public/BIOMETRICS/Face_Morphing/MAD22/original_sorted/MIPGAN_II/002_08-vs-136_08.png,002_08-vs-136_08.png,002_08-vs-136_08
41,/nas-ctm01/datasets/public/BIOMETRICS/Face_Morphing/MAD22/original_sorted/MIPGAN_II/002_08-vs-139_08.png,002_08-vs-139_08.png,002_08-vs-139_08
42,/nas-ctm01/datasets/public/BIOMETRICS/Face_Morphing/MAD22/original_sorted/MIPGAN_II/003_03-vs-011_03.png,003_03-vs-011_03.png,003_03-vs-011_03
43,/nas-ctm01/datasets/public/BIOMETRICS/Face_Morphing/MAD22/original_sorted/MIPGAN_II/003_03-vs-016_03.png,003_03-vs-016_03.png,003_03-vs-016_03
44,/nas-ctm01/datasets/public/BIOMETRICS/Face_Morphing/MAD22/original_sorted/MIPGAN_II/003_03-vs-039_03.png,003_03-vs-039_03.png,003_03-vs-039_03
45,/nas-ctm01/datasets/public/BIOMETRICS/Face_Morphing/MAD22/original_sorted/MIPGAN_II/003_03-vs-102_03.png,003_03-vs-102_03.png,003_03-vs-102_03
46,/nas-ctm01/datasets/public/BIOMETRICS/Face_Morphing/MAD22/original_sorted/MIPGAN_II/003_03-vs-124_03.png,003_03-vs-124_03.png,003_03-vs-124_03
47,/nas-ctm01/datasets/public/BIOMETRICS/Face_Morphing/MAD22/original_sorted/MIPGAN_II/003_03-vs-136_03.png,003_03-vs-136_03.png,003_03-vs-136_03
48,/nas-ctm01/datasets/public/BIOMETRICS/Face_Morphing/MAD22/original_sorted/MIPGAN_II/003_08-vs-011_08.png,003_08-vs-011_08.png,003_08-vs-011_08
49,/nas-ctm01/datasets/public/BIOMETRICS/Face_Morphing/MAD22/original_sorted/MIPGAN_II/003_08-vs-016_08.png,003_08-vs-016_08.png,003_08-vs-016_08
50,/nas-ctm01/datasets/public/BIOMETRICS/Face_Morphing/MAD22/original_sorted/MIPGAN_II/003_08-vs-027_08.png,003_08-vs-027_08.png,003_08-vs-027_08
51,/nas-ctm01/datasets/public/BIOMETRICS/Face_Morphing/MAD22/original_sorted/MIPGAN_II/003_08-vs-032_08.png,003_08-vs-032_08.png,003_08-vs-032_08
52,/nas-ctm01/datasets/public/BIOMETRICS/Face_Morphing/MAD22/original_sorted/MIPGAN_II/003_08-vs-124_08.png,003_08-vs-124_08.png,003_08-vs-124_08
53,/nas-ctm01/datasets/public/BIOMETRICS/Face_Morphing/MAD22/original_sorted/MIPGAN_II/003_08-vs-144_08.png,003_08-vs-144_08.png,003_08-vs-144_08
54,/nas-ctm01/datasets/public/BIOMETRICS/Face_Morphing/MAD22/original_sorted/MIPGAN_II/004_03-vs-012_03.png,004_03-vs-012_03.png,004_03-vs-012_03
55,/nas-ctm01/datasets/public/BIOMETRICS/Face_Morphing/MAD22/original_sorted/MIPGAN_II/004_03-vs-092_03.png,004_03-vs-092_03.png,004_03-vs-092_03
56,/nas-ctm01/datasets/public/BIOMETRICS/Face_Morphing/MAD22/original_sorted/MIPGAN_II/004_03-vs-103_03.png,004_03-vs-103_03.png,004_03-vs-103_03
57,/nas-ctm01/datasets/public/BIOMETRICS/Face_Morphing/MAD22/original_sorted/MIPGAN_II/004_03-vs-105_03.png,004_03-vs-105_03.png,004_03-vs-105_03
58,/nas-ctm01/datasets/public/BIOMETRICS/Face_Morphing/MAD22/original_sorted/MIPGAN_II/004_03-vs-128_03.png,004_03-vs-128_03.png,004_03-vs-128_03
59,/nas-ctm01/datasets/public/BIOMETRICS/Face_Morphing/MAD22/original_sorted/MIPGAN_II/004_03-vs-141_03.png,004_03-vs-141_03.png,004_03-vs-141_03
60,/nas-ctm01/datasets/public/BIOMETRICS/Face_Morphing/MAD22/original_sorted/MIPGAN_II/004_03-vs-142_03.png,004_03-vs-142_03.png,004_03-vs-142_03
61,/nas-ctm01/datasets/public/BIOMETRICS/Face_Morphing/MAD22/original_sorted/MIPGAN_II/004_03-vs-172_03.png,004_03-vs-172_03.png,004_03-vs-172_03
62,/nas-ctm01/datasets/public/BIOMETRICS/Face_Morphing/MAD22/original_sorted/MIPGAN_II/005_03-vs-008_03.png,005_03-vs-008_03.png,005_03-vs-008_03
63,/nas-ctm01/datasets/public/BIOMETRICS/Face_Morphing/MAD22/original_sorted/MIPGAN_II/005_03-vs-018_03.png,005_03-vs-018_03.png,005_03-vs-018_03
64,/nas-ctm01/datasets/public/BIOMETRICS/Face_Morphing/MAD22/original_sorted/MIPGAN_II/005_03-vs-022_03.png,005_03-vs-022_03.png,005_03-vs-022_03
65,/nas-ctm01/datasets/public/BIOMETRICS/Face_Morphing/MAD22/original_sorted/MIPGAN_II/005_03-vs-067_03.png,005_03-vs-067_03.png,005_03-vs-067_03
66,/nas-ctm01/datasets/public/BIOMETRICS/Face_Morphing/MAD22/original_sorted/MIPGAN_II/005_03-vs-068_03.png,005_03-vs-068_03.png,005_03-vs-068_03
67,/nas-ctm01/datasets/public/BIOMETRICS/Face_Morphing/MAD22/original_sorted/MIPGAN_II/005_03-vs-082_03.png,005_03-vs-082_03.png,005_03-vs-082_03
68,/nas-ctm01/datasets/public/BIOMETRICS/Face_Morphing/MAD22/original_sorted/MIPGAN_II/005_03-vs-104_03.png,005_03-vs-104_03.png,005_03-vs-104_03
69,/nas-ctm01/datasets/public/BIOMETRICS/Face_Morphing/MAD22/original_sorted/MIPGAN_II/005_03-vs-115_03.png,005_03-vs-115_03.png,005_03-vs-115_03
70,/nas-ctm01/datasets/public/BIOMETRICS/Face_Morphing/MAD22/original_sorted/MIPGAN_II/005_08-vs-008_08.png,005_08-vs-008_08.png,005_08-vs-008_08
71,/nas-ctm01/datasets/public/BIOMETRICS/Face_Morphing/MAD22/original_sorted/MIPGAN_II/005_08-vs-018_08.png,005_08-vs-018_08.png,005_08-vs-018_08
72,/nas-ctm01/datasets/public/BIOMETRICS/Face_Morphing/MAD22/original_sorted/MIPGAN_II/005_08-vs-021_08.png,005_08-vs-021_08.png,005_08-vs-021_08
73,/nas-ctm01/datasets/public/BIOMETRICS/Face_Morphing/MAD22/original_sorted/MIPGAN_II/005_08-vs-022_08.png,005_08-vs-022_08.png,005_08-vs-022_08
74,/nas-ctm01/datasets/public/BIOMETRICS/Face_Morphing/MAD22/original_sorted/MIPGAN_II/005_08-vs-068_08.png,005_08-vs-068_08.png,005_08-vs-068_08
75,/nas-ctm01/datasets/public/BIOMETRICS/Face_Morphing/MAD22/original_sorted/MIPGAN_II/005_08-vs-082_08.png,005_08-vs-082_08.png,005_08-vs-082_08
76,/nas-ctm01/datasets/public/BIOMETRICS/Face_Morphing/MAD22/original_sorted/MIPGAN_II/005_08-vs-115_08.png,005_08-vs-115_08.png,005_08-vs-115_08
77,/nas-ctm01/datasets/public/BIOMETRICS/Face_Morphing/MAD22/original_sorted/MIPGAN_II/005_08-vs-140_08.png,005_08-vs-140_08.png,005_08-vs-140_08
78,/nas-ctm01/datasets/public/BIOMETRICS/Face_Morphing/MAD22/original_sorted/MIPGAN_II/006_03-vs-016_03.png,006_03-vs-016_03.png,006_03-vs-016_03
79,/nas-ctm01/datasets/public/BIOMETRICS/Face_Morphing/MAD22/original_sorted/MIPGAN_II/006_03-vs-064_03.png,006_03-vs-064_03.png,006_03-vs-064_03
80,/nas-ctm01/datasets/public/BIOMETRICS/Face_Morphing/MAD22/original_sorted/MIPGAN_II/006_03-vs-094_03.png,006_03-vs-094_03.png,006_03-vs-094_03
81,/nas-ctm01/datasets/public/BIOMETRICS/Face_Morphing/MAD22/original_sorted/MIPGAN_II/006_03-vs-097_03.png,006_03-vs-097_03.png,006_03-vs-097_03
82,/nas-ctm01/datasets/public/BIOMETRICS/Face_Morphing/MAD22/original_sorted/MIPGAN_II/006_03-vs-102_03.png,006_03-vs-102_03.png,006_03-vs-102_03
83,/nas-ctm01/datasets/public/BIOMETRICS/Face_Morphing/MAD22/original_sorted/MIPGAN_II/006_03-vs-118_03.png,006_03-vs-118_03.png,006_03-vs-118_03
84,/nas-ctm01/datasets/public/BIOMETRICS/Face_Morphing/MAD22/original_sorted/MIPGAN_II/006_08-vs-016_08.png,006_08-vs-016_08.png,006_08-vs-016_08
85,/nas-ctm01/datasets/public/BIOMETRICS/Face_Morphing/MAD22/original_sorted/MIPGAN_II/006_08-vs-081_08.png,006_08-vs-081_08.png,006_08-vs-081_08
86,/nas-ctm01/datasets/public/BIOMETRICS/Face_Morphing/MAD22/original_sorted/MIPGAN_II/006_08-vs-102_08.png,006_08-vs-102_08.png,006_08-vs-102_08
87,/nas-ctm01/datasets/public/BIOMETRICS/Face_Morphing/MAD22/original_sorted/MIPGAN_II/006_08-vs-118_08.png,006_08-vs-118_08.png,006_08-vs-118_08
88,/nas-ctm01/datasets/public/BIOMETRICS/Face_Morphing/MAD22/original_sorted/MIPGAN_II/006_08-vs-139_08.png,006_08-vs-139_08.png,006_08-vs-139_08
89,/nas-ctm01/datasets/public/BIOMETRICS/Face_Morphing/MAD22/original_sorted/MIPGAN_II/006_08-vs-144_08.png,006_08-vs-144_08.png,006_08-vs-144_08
90,/nas-ctm01/datasets/public/BIOMETRICS/Face_Morphing/MAD22/original_sorted/MIPGAN_II/007_03-vs-039_03.png,007_03-vs-039_03.png,007_03-vs-039_03
91,/nas-ctm01/datasets/public/BIOMETRICS/Face_Morphing/MAD22/original_sorted/MIPGAN_II/007_03-vs-062_03.png,007_03-vs-062_03.png,007_03-vs-062_03
92,/nas-ctm01/datasets/public/BIOMETRICS/Face_Morphing/MAD22/original_sorted/MIPGAN_II/007_03-vs-094_03.png,007_03-vs-094_03.png,007_03-vs-094_03
93,/nas-ctm01/datasets/public/BIOMETRICS/Face_Morphing/MAD22/original_sorted/MIPGAN_II/007_03-vs-107_03.png,007_03-vs-107_03.png,007_03-vs-107_03
94,/nas-ctm01/datasets/public/BIOMETRICS/Face_Morphing/MAD22/original_sorted/MIPGAN_II/007_03-vs-122_03.png,007_03-vs-122_03.png,007_03-vs-122_03
95,/nas-ctm01/datasets/public/BIOMETRICS/Face_Morphing/MAD22/original_sorted/MIPGAN_II/007_03-vs-124_03.png,007_03-vs-124_03.png,007_03-vs-124_03
96,/nas-ctm01/datasets/public/BIOMETRICS/Face_Morphing/MAD22/original_sorted/MIPGAN_II/008_03-vs-104_03.png,008_03-vs-104_03.png,008_03-vs-104_03
97,/nas-ctm01/datasets/public/BIOMETRICS/Face_Morphing/MAD22/original_sorted/MIPGAN_II/008_03-vs-143_03.png,008_03-vs-143_03.png,008_03-vs-143_03
98,/nas-ctm01/datasets/public/BIOMETRICS/Face_Morphing/MAD22/original_sorted/MIPGAN_II/008_08-vs-042_08.png,008_08-vs-042_08.png,008_08-vs-042_08
99,/nas-ctm01/datasets/public/BIOMETRICS/Face_Morphing/MAD22/original_sorted/MIPGAN_II/008_08-vs-061_08.png,008_08-vs-061_08.png,008_08-vs-061_08
100,/nas-ctm01/datasets/public/BIOMETRICS/Face_Morphing/MAD22/original_sorted/MIPGAN_II/008_08-vs-063_08.png,008_08-vs-063_08.png,008_08-vs-063_08
101,/nas-ctm01/datasets/public/BIOMETRICS/Face_Morphing/MAD22/original_sorted/MIPGAN_II/008_08-vs-070_08.png,008_08-vs-070_08.png,008_08-vs-070_08
102,/nas-ctm01/datasets/public/BIOMETRICS/Face_Morphing/MAD22/original_sorted/MIPGAN_II/008_08-vs-096_08.png,008_08-vs-096_08.png,008_08-vs-096_08
103,/nas-ctm01/datasets/public/BIOMETRICS/Face_Morphing/MAD22/original_sorted/MIPGAN_II/009_03-vs-014_03.png,009_03-vs-014_03.png,009_03-vs-014_03
104,/nas-ctm01/datasets/public/BIOMETRICS/Face_Morphing/MAD22/original_sorted/MIPGAN_II/009_03-vs-019_03.png,009_03-vs-019_03.png,009_03-vs-019_03
105,/nas-ctm01/datasets/public/BIOMETRICS/Face_Morphing/MAD22/original_sorted/MIPGAN_II/009_03-vs-027_03.png,009_03-vs-027_03.png,009_03-vs-027_03
106,/nas-ctm01/datasets/public/BIOMETRICS/Face_Morphing/MAD22/original_sorted/MIPGAN_II/009_03-vs-039_03.png,009_03-vs-039_03.png,009_03-vs-039_03
107,/nas-ctm01/datasets/public/BIOMETRICS/Face_Morphing/MAD22/original_sorted/MIPGAN_II/009_03-vs-066_03.png,009_03-vs-066_03.png,009_03-vs-066_03
108,/nas-ctm01/datasets/public/BIOMETRICS/Face_Morphing/MAD22/original_sorted/MIPGAN_II/009_03-vs-083_03.png,009_03-vs-083_03.png,009_03-vs-083_03
109,/nas-ctm01/datasets/public/BIOMETRICS/Face_Morphing/MAD22/original_sorted/MIPGAN_II/009_03-vs-090_03.png,009_03-vs-090_03.png,009_03-vs-090_03
110,/nas-ctm01/datasets/public/BIOMETRICS/Face_Morphing/MAD22/original_sorted/MIPGAN_II/009_03-vs-107_03.png,009_03-vs-107_03.png,009_03-vs-107_03
111,/nas-ctm01/datasets/public/BIOMETRICS/Face_Morphing/MAD22/original_sorted/MIPGAN_II/009_03-vs-112_03.png,009_03-vs-112_03.png,009_03-vs-112_03
112,/nas-ctm01/datasets/public/BIOMETRICS/Face_Morphing/MAD22/original_sorted/MIPGAN_II/009_03-vs-122_03.png,009_03-vs-122_03.png,009_03-vs-122_03
113,/nas-ctm01/datasets/public/BIOMETRICS/Face_Morphing/MAD22/original_sorted/MIPGAN_II/009_03-vs-129_03.png,009_03-vs-129_03.png,009_03-vs-129_03
114,/nas-ctm01/datasets/public/BIOMETRICS/Face_Morphing/MAD22/original_sorted/MIPGAN_II/009_03-vs-144_03.png,009_03-vs-144_03.png,009_03-vs-144_03
115,/nas-ctm01/datasets/public/BIOMETRICS/Face_Morphing/MAD22/original_sorted/MIPGAN_II/009_08-vs-019_08.png,009_08-vs-019_08.png,009_08-vs-019_08
116,/nas-ctm01/datasets/public/BIOMETRICS/Face_Morphing/MAD22/original_sorted/MIPGAN_II/009_08-vs-062_08.png,009_08-vs-062_08.png,009_08-vs-062_08
117,/nas-ctm01/datasets/public/BIOMETRICS/Face_Morphing/MAD22/original_sorted/MIPGAN_II/009_08-vs-083_08.png,009_08-vs-083_08.png,009_08-vs-083_08
118,/nas-ctm01/datasets/public/BIOMETRICS/Face_Morphing/MAD22/original_sorted/MIPGAN_II/009_08-vs-090_08.png,009_08-vs-090_08.png,009_08-vs-090_08
119,/nas-ctm01/datasets/public/BIOMETRICS/Face_Morphing/MAD22/original_sorted/MIPGAN_II/009_08-vs-107_08.png,009_08-vs-107_08.png,009_08-vs-107_08
120,/nas-ctm01/datasets/public/BIOMETRICS/Face_Morphing/MAD22/original_sorted/MIPGAN_II/009_08-vs-112_08.png,009_08-vs-112_08.png,009_08-vs-112_08
121,/nas-ctm01/datasets/public/BIOMETRICS/Face_Morphing/MAD22/original_sorted/MIPGAN_II/009_08-vs-122_08.png,009_08-vs-122_08.png,009_08-vs-122_08
122,/nas-ctm01/datasets/public/BIOMETRICS/Face_Morphing/MAD22/original_sorted/MIPGAN_II/009_08-vs-129_08.png,009_08-vs-129_08.png,009_08-vs-129_08
123,/nas-ctm01/datasets/public/BIOMETRICS/Face_Morphing/MAD22/original_sorted/MIPGAN_II/009_08-vs-135_08.png,009_08-vs-135_08.png,009_08-vs-135_08
124,/nas-ctm01/datasets/public/BIOMETRICS/Face_Morphing/MAD22/original_sorted/MIPGAN_II/009_08-vs-139_08.png,009_08-vs-139_08.png,009_08-vs-139_08
125,/nas-ctm01/datasets/public/BIOMETRICS/Face_Morphing/MAD22/original_sorted/MIPGAN_II/009_08-vs-144_08.png,009_08-vs-144_08.png,009_08-vs-144_08
126,/nas-ctm01/datasets/public/BIOMETRICS/Face_Morphing/MAD22/original_sorted/MIPGAN_II/010_03-vs-030_03.png,010_03-vs-030_03.png,010_03-vs-030_03
127,/nas-ctm01/datasets/public/BIOMETRICS/Face_Morphing/MAD22/original_sorted/MIPGAN_II/010_03-vs-038_03.png,010_03-vs-038_03.png,010_03-vs-038_03
128,/nas-ctm01/datasets/public/BIOMETRICS/Face_Morphing/MAD22/original_sorted/MIPGAN_II/010_03-vs-039_03.png,010_03-vs-039_03.png,010_03-vs-039_03
129,/nas-ctm01/datasets/public/BIOMETRICS/Face_Morphing/MAD22/original_sorted/MIPGAN_II/010_03-vs-090_03.png,010_03-vs-090_03.png,010_03-vs-090_03
130,/nas-ctm01/datasets/public/BIOMETRICS/Face_Morphing/MAD22/original_sorted/MIPGAN_II/010_08-vs-020_08.png,010_08-vs-020_08.png,010_08-vs-020_08
131,/nas-ctm01/datasets/public/BIOMETRICS/Face_Morphing/MAD22/original_sorted/MIPGAN_II/010_08-vs-038_08.png,010_08-vs-038_08.png,010_08-vs-038_08
132,/nas-ctm01/datasets/public/BIOMETRICS/Face_Morphing/MAD22/original_sorted/MIPGAN_II/010_08-vs-039_08.png,010_08-vs-039_08.png,010_08-vs-039_08
133,/nas-ctm01/datasets/public/BIOMETRICS/Face_Morphing/MAD22/original_sorted/MIPGAN_II/011_03-vs-020_03.png,011_03-vs-020_03.png,011_03-vs-020_03
134,/nas-ctm01/datasets/public/BIOMETRICS/Face_Morphing/MAD22/original_sorted/MIPGAN_II/011_03-vs-032_03.png,011_03-vs-032_03.png,011_03-vs-032_03
135,/nas-ctm01/datasets/public/BIOMETRICS/Face_Morphing/MAD22/original_sorted/MIPGAN_II/011_03-vs-062_03.png,011_03-vs-062_03.png,011_03-vs-062_03
136,/nas-ctm01/datasets/public/BIOMETRICS/Face_Morphing/MAD22/original_sorted/MIPGAN_II/011_03-vs-064_03.png,011_03-vs-064_03.png,011_03-vs-064_03
137,/nas-ctm01/datasets/public/BIOMETRICS/Face_Morphing/MAD22/original_sorted/MIPGAN_II/011_03-vs-097_03.png,011_03-vs-097_03.png,011_03-vs-097_03
138,/nas-ctm01/datasets/public/BIOMETRICS/Face_Morphing/MAD22/original_sorted/MIPGAN_II/011_03-vs-120_03.png,011_03-vs-120_03.png,011_03-vs-120_03
139,/nas-ctm01/datasets/public/BIOMETRICS/Face_Morphing/MAD22/original_sorted/MIPGAN_II/011_03-vs-124_03.png,011_03-vs-124_03.png,011_03-vs-124_03
140,/nas-ctm01/datasets/public/BIOMETRICS/Face_Morphing/MAD22/original_sorted/MIPGAN_II/011_03-vs-135_03.png,011_03-vs-135_03.png,011_03-vs-135_03
141,/nas-ctm01/datasets/public/BIOMETRICS/Face_Morphing/MAD22/original_sorted/MIPGAN_II/011_08-vs-020_08.png,011_08-vs-020_08.png,011_08-vs-020_08
142,/nas-ctm01/datasets/public/BIOMETRICS/Face_Morphing/MAD22/original_sorted/MIPGAN_II/011_08-vs-032_08.png,011_08-vs-032_08.png,011_08-vs-032_08
143,/nas-ctm01/datasets/public/BIOMETRICS/Face_Morphing/MAD22/original_sorted/MIPGAN_II/011_08-vs-062_08.png,011_08-vs-062_08.png,011_08-vs-062_08
144,/nas-ctm01/datasets/public/BIOMETRICS/Face_Morphing/MAD22/original_sorted/MIPGAN_II/011_08-vs-064_08.png,011_08-vs-064_08.png,011_08-vs-064_08
145,/nas-ctm01/datasets/public/BIOMETRICS/Face_Morphing/MAD22/original_sorted/MIPGAN_II/011_08-vs-091_08.png,011_08-vs-091_08.png,011_08-vs-091_08
146,/nas-ctm01/datasets/public/BIOMETRICS/Face_Morphing/MAD22/original_sorted/MIPGAN_II/011_08-vs-124_08.png,011_08-vs-124_08.png,011_08-vs-124_08
147,/nas-ctm01/datasets/public/BIOMETRICS/Face_Morphing/MAD22/original_sorted/MIPGAN_II/011_08-vs-135_08.png,011_08-vs-135_08.png,011_08-vs-135_08
148,/nas-ctm01/datasets/public/BIOMETRICS/Face_Morphing/MAD22/original_sorted/MIPGAN_II/011_08-vs-136_08.png,011_08-vs-136_08.png,011_08-vs-136_08
149,/nas-ctm01/datasets/public/BIOMETRICS/Face_Morphing/MAD22/original_sorted/MIPGAN_II/012_03-vs-026_03.png,012_03-vs-026_03.png,012_03-vs-026_03
150,/nas-ctm01/datasets/public/BIOMETRICS/Face_Morphing/MAD22/original_sorted/MIPGAN_II/012_03-vs-037_03.png,012_03-vs-037_03.png,012_03-vs-037_03
151,/nas-ctm01/datasets/public/BIOMETRICS/Face_Morphing/MAD22/original_sorted/MIPGAN_II/012_03-vs-041_03.png,012_03-vs-041_03.png,012_03-vs-041_03
152,/nas-ctm01/datasets/public/BIOMETRICS/Face_Morphing/MAD22/original_sorted/MIPGAN_II/012_03-vs-096_03.png,012_03-vs-096_03.png,012_03-vs-096_03
153,/nas-ctm01/datasets/public/BIOMETRICS/Face_Morphing/MAD22/original_sorted/MIPGAN_II/012_03-vs-138_03.png,012_03-vs-138_03.png,012_03-vs-138_03
154,/nas-ctm01/datasets/public/BIOMETRICS/Face_Morphing/MAD22/original_sorted/MIPGAN_II/012_03-vs-141_03.png,012_03-vs-141_03.png,012_03-vs-141_03
155,/nas-ctm01/datasets/public/BIOMETRICS/Face_Morphing/MAD22/original_sorted/MIPGAN_II/012_08-vs-026_08.png,012_08-vs-026_08.png,012_08-vs-026_08
156,/nas-ctm01/datasets/public/BIOMETRICS/Face_Morphing/MAD22/original_sorted/MIPGAN_II/012_08-vs-041_08.png,012_08-vs-041_08.png,012_08-vs-041_08
157,/nas-ctm01/datasets/public/BIOMETRICS/Face_Morphing/MAD22/original_sorted/MIPGAN_II/012_08-vs-042_08.png,012_08-vs-042_08.png,012_08-vs-042_08
158,/nas-ctm01/datasets/public/BIOMETRICS/Face_Morphing/MAD22/original_sorted/MIPGAN_II/012_08-vs-061_08.png,012_08-vs-061_08.png,012_08-vs-061_08
159,/nas-ctm01/datasets/public/BIOMETRICS/Face_Morphing/MAD22/original_sorted/MIPGAN_II/012_08-vs-130_08.png,012_08-vs-130_08.png,012_08-vs-130_08
160,/nas-ctm01/datasets/public/BIOMETRICS/Face_Morphing/MAD22/original_sorted/MIPGAN_II/012_08-vs-141_08.png,012_08-vs-141_08.png,012_08-vs-141_08
161,/nas-ctm01/datasets/public/BIOMETRICS/Face_Morphing/MAD22/original_sorted/MIPGAN_II/012_08-vs-143_08.png,012_08-vs-143_08.png,012_08-vs-143_08
162,/nas-ctm01/datasets/public/BIOMETRICS/Face_Morphing/MAD22/original_sorted/MIPGAN_II/013_08-vs-030_08.png,013_08-vs-030_08.png,013_08-vs-030_08
163,/nas-ctm01/datasets/public/BIOMETRICS/Face_Morphing/MAD22/original_sorted/MIPGAN_II/013_08-vs-038_08.png,013_08-vs-038_08.png,013_08-vs-038_08
164,/nas-ctm01/datasets/public/BIOMETRICS/Face_Morphing/MAD22/original_sorted/MIPGAN_II/013_08-vs-066_08.png,013_08-vs-066_08.png,013_08-vs-066_08
165,/nas-ctm01/datasets/public/BIOMETRICS/Face_Morphing/MAD22/original_sorted/MIPGAN_II/013_08-vs-097_08.png,013_08-vs-097_08.png,013_08-vs-097_08
166,/nas-ctm01/datasets/public/BIOMETRICS/Face_Morphing/MAD22/original_sorted/MIPGAN_II/013_08-vs-118_08.png,013_08-vs-118_08.png,013_08-vs-118_08
167,/nas-ctm01/datasets/public/BIOMETRICS/Face_Morphing/MAD22/original_sorted/MIPGAN_II/014_03-vs-019_03.png,014_03-vs-019_03.png,014_03-vs-019_03
168,/nas-ctm01/datasets/public/BIOMETRICS/Face_Morphing/MAD22/original_sorted/MIPGAN_II/014_03-vs-030_03.png,014_03-vs-030_03.png,014_03-vs-030_03
169,/nas-ctm01/datasets/public/BIOMETRICS/Face_Morphing/MAD22/original_sorted/MIPGAN_II/014_03-vs-038_03.png,014_03-vs-038_03.png,014_03-vs-038_03
170,/nas-ctm01/datasets/public/BIOMETRICS/Face_Morphing/MAD22/original_sorted/MIPGAN_II/014_03-vs-122_03.png,014_03-vs-122_03.png,014_03-vs-122_03
171,/nas-ctm01/datasets/public/BIOMETRICS/Face_Morphing/MAD22/original_sorted/MIPGAN_II/014_03-vs-134_03.png,014_03-vs-134_03.png,014_03-vs-134_03
172,/nas-ctm01/datasets/public/BIOMETRICS/Face_Morphing/MAD22/original_sorted/MIPGAN_II/014_03-vs-139_03.png,014_03-vs-139_03.png,014_03-vs-139_03
173,/nas-ctm01/datasets/public/BIOMETRICS/Face_Morphing/MAD22/original_sorted/MIPGAN_II/014_08-vs-019_08.png,014_08-vs-019_08.png,014_08-vs-019_08
174,/nas-ctm01/datasets/public/BIOMETRICS/Face_Morphing/MAD22/original_sorted/MIPGAN_II/014_08-vs-038_08.png,014_08-vs-038_08.png,014_08-vs-038_08
175,/nas-ctm01/datasets/public/BIOMETRICS/Face_Morphing/MAD22/original_sorted/MIPGAN_II/014_08-vs-122_08.png,014_08-vs-122_08.png,014_08-vs-122_08
176,/nas-ctm01/datasets/public/BIOMETRICS/Face_Morphing/MAD22/original_sorted/MIPGAN_II/014_08-vs-134_08.png,014_08-vs-134_08.png,014_08-vs-134_08
177,/nas-ctm01/datasets/public/BIOMETRICS/Face_Morphing/MAD22/original_sorted/MIPGAN_II/016_03-vs-027_03.png,016_03-vs-027_03.png,016_03-vs-027_03
178,/nas-ctm01/datasets/public/BIOMETRICS/Face_Morphing/MAD22/original_sorted/MIPGAN_II/016_03-vs-083_03.png,016_03-vs-083_03.png,016_03-vs-083_03
179,/nas-ctm01/datasets/public/BIOMETRICS/Face_Morphing/MAD22/original_sorted/MIPGAN_II/016_03-vs-086_03.png,016_03-vs-086_03.png,016_03-vs-086_03
180,/nas-ctm01/datasets/public/BIOMETRICS/Face_Morphing/MAD22/original_sorted/MIPGAN_II/016_03-vs-094_03.png,016_03-vs-094_03.png,016_03-vs-094_03
181,/nas-ctm01/datasets/public/BIOMETRICS/Face_Morphing/MAD22/original_sorted/MIPGAN_II/016_08-vs-025_08.png,016_08-vs-025_08.png,016_08-vs-025_08
182,/nas-ctm01/datasets/public/BIOMETRICS/Face_Morphing/MAD22/original_sorted/MIPGAN_II/016_08-vs-081_08.png,016_08-vs-081_08.png,016_08-vs-081_08
183,/nas-ctm01/datasets/public/BIOMETRICS/Face_Morphing/MAD22/original_sorted/MIPGAN_II/016_08-vs-083_08.png,016_08-vs-083_08.png,016_08-vs-083_08
184,/nas-ctm01/datasets/public/BIOMETRICS/Face_Morphing/MAD22/original_sorted/MIPGAN_II/016_08-vs-086_08.png,016_08-vs-086_08.png,016_08-vs-086_08
185,/nas-ctm01/datasets/public/BIOMETRICS/Face_Morphing/MAD22/original_sorted/MIPGAN_II/016_08-vs-099_08.png,016_08-vs-099_08.png,016_08-vs-099_08
186,/nas-ctm01/datasets/public/BIOMETRICS/Face_Morphing/MAD22/original_sorted/MIPGAN_II/017_08-vs-024_08.png,017_08-vs-024_08.png,017_08-vs-024_08
187,/nas-ctm01/datasets/public/BIOMETRICS/Face_Morphing/MAD22/original_sorted/MIPGAN_II/017_08-vs-067_08.png,017_08-vs-067_08.png,017_08-vs-067_08
188,/nas-ctm01/datasets/public/BIOMETRICS/Face_Morphing/MAD22/original_sorted/MIPGAN_II/017_08-vs-068_08.png,017_08-vs-068_08.png,017_08-vs-068_08
189,/nas-ctm01/datasets/public/BIOMETRICS/Face_Morphing/MAD22/original_sorted/MIPGAN_II/017_08-vs-130_08.png,017_08-vs-130_08.png,017_08-vs-130_08
190,/nas-ctm01/datasets/public/BIOMETRICS/Face_Morphing/MAD22/original_sorted/MIPGAN_II/017_08-vs-141_08.png,017_08-vs-141_08.png,017_08-vs-141_08
191,/nas-ctm01/datasets/public/BIOMETRICS/Face_Morphing/MAD22/original_sorted/MIPGAN_II/018_03-vs-061_03.png,018_03-vs-061_03.png,018_03-vs-061_03
192,/nas-ctm01/datasets/public/BIOMETRICS/Face_Morphing/MAD22/original_sorted/MIPGAN_II/018_03-vs-063_03.png,018_03-vs-063_03.png,018_03-vs-063_03
193,/nas-ctm01/datasets/public/BIOMETRICS/Face_Morphing/MAD22/original_sorted/MIPGAN_II/018_03-vs-101_03.png,018_03-vs-101_03.png,018_03-vs-101_03
194,/nas-ctm01/datasets/public/BIOMETRICS/Face_Morphing/MAD22/original_sorted/MIPGAN_II/018_03-vs-121_03.png,018_03-vs-121_03.png,018_03-vs-121_03
195,/nas-ctm01/datasets/public/BIOMETRICS/Face_Morphing/MAD22/original_sorted/MIPGAN_II/018_03-vs-131_03.png,018_03-vs-131_03.png,018_03-vs-131_03
196,/nas-ctm01/datasets/public/BIOMETRICS/Face_Morphing/MAD22/original_sorted/MIPGAN_II/018_03-vs-132_03.png,018_03-vs-132_03.png,018_03-vs-132_03
197,/nas-ctm01/datasets/public/BIOMETRICS/Face_Morphing/MAD22/original_sorted/MIPGAN_II/018_03-vs-138_03.png,018_03-vs-138_03.png,018_03-vs-138_03
198,/nas-ctm01/datasets/public/BIOMETRICS/Face_Morphing/MAD22/original_sorted/MIPGAN_II/018_08-vs-045_08.png,018_08-vs-045_08.png,018_08-vs-045_08
199,/nas-ctm01/datasets/public/BIOMETRICS/Face_Morphing/MAD22/original_sorted/MIPGAN_II/018_08-vs-063_08.png,018_08-vs-063_08.png,018_08-vs-063_08
200,/nas-ctm01/datasets/public/BIOMETRICS/Face_Morphing/MAD22/original_sorted/MIPGAN_II/018_08-vs-069_08.png,018_08-vs-069_08.png,018_08-vs-069_08
201,/nas-ctm01/datasets/public/BIOMETRICS/Face_Morphing/MAD22/original_sorted/MIPGAN_II/018_08-vs-092_08.png,018_08-vs-092_08.png,018_08-vs-092_08
202,/nas-ctm01/datasets/public/BIOMETRICS/Face_Morphing/MAD22/original_sorted/MIPGAN_II/018_08-vs-101_08.png,018_08-vs-101_08.png,018_08-vs-101_08
203,/nas-ctm01/datasets/public/BIOMETRICS/Face_Morphing/MAD22/original_sorted/MIPGAN_II/018_08-vs-121_08.png,018_08-vs-121_08.png,018_08-vs-121_08
204,/nas-ctm01/datasets/public/BIOMETRICS/Face_Morphing/MAD22/original_sorted/MIPGAN_II/018_08-vs-132_08.png,018_08-vs-132_08.png,018_08-vs-132_08
205,/nas-ctm01/datasets/public/BIOMETRICS/Face_Morphing/MAD22/original_sorted/MIPGAN_II/018_08-vs-140_08.png,018_08-vs-140_08.png,018_08-vs-140_08
206,/nas-ctm01/datasets/public/BIOMETRICS/Face_Morphing/MAD22/original_sorted/MIPGAN_II/019_03-vs-027_03.png,019_03-vs-027_03.png,019_03-vs-027_03
207,/nas-ctm01/datasets/public/BIOMETRICS/Face_Morphing/MAD22/original_sorted/MIPGAN_II/019_03-vs-039_03.png,019_03-vs-039_03.png,019_03-vs-039_03
208,/nas-ctm01/datasets/public/BIOMETRICS/Face_Morphing/MAD22/original_sorted/MIPGAN_II/019_03-vs-083_03.png,019_03-vs-083_03.png,019_03-vs-083_03
209,/nas-ctm01/datasets/public/BIOMETRICS/Face_Morphing/MAD22/original_sorted/MIPGAN_II/019_03-vs-097_03.png,019_03-vs-097_03.png,019_03-vs-097_03
210,/nas-ctm01/datasets/public/BIOMETRICS/Face_Morphing/MAD22/original_sorted/MIPGAN_II/019_03-vs-100_03.png,019_03-vs-100_03.png,019_03-vs-100_03
211,/nas-ctm01/datasets/public/BIOMETRICS/Face_Morphing/MAD22/original_sorted/MIPGAN_II/019_03-vs-122_03.png,019_03-vs-122_03.png,019_03-vs-122_03
212,/nas-ctm01/datasets/public/BIOMETRICS/Face_Morphing/MAD22/original_sorted/MIPGAN_II/019_03-vs-139_03.png,019_03-vs-139_03.png,019_03-vs-139_03
213,/nas-ctm01/datasets/public/BIOMETRICS/Face_Morphing/MAD22/original_sorted/MIPGAN_II/019_03-vs-144_03.png,019_03-vs-144_03.png,019_03-vs-144_03
214,/nas-ctm01/datasets/public/BIOMETRICS/Face_Morphing/MAD22/original_sorted/MIPGAN_II/019_08-vs-027_08.png,019_08-vs-027_08.png,019_08-vs-027_08
215,/nas-ctm01/datasets/public/BIOMETRICS/Face_Morphing/MAD22/original_sorted/MIPGAN_II/019_08-vs-038_08.png,019_08-vs-038_08.png,019_08-vs-038_08
216,/nas-ctm01/datasets/public/BIOMETRICS/Face_Morphing/MAD22/original_sorted/MIPGAN_II/019_08-vs-039_08.png,019_08-vs-039_08.png,019_08-vs-039_08
217,/nas-ctm01/datasets/public/BIOMETRICS/Face_Morphing/MAD22/original_sorted/MIPGAN_II/019_08-vs-083_08.png,019_08-vs-083_08.png,019_08-vs-083_08
218,/nas-ctm01/datasets/public/BIOMETRICS/Face_Morphing/MAD22/original_sorted/MIPGAN_II/019_08-vs-097_08.png,019_08-vs-097_08.png,019_08-vs-097_08
219,/nas-ctm01/datasets/public/BIOMETRICS/Face_Morphing/MAD22/original_sorted/MIPGAN_II/019_08-vs-102_08.png,019_08-vs-102_08.png,019_08-vs-102_08
220,/nas-ctm01/datasets/public/BIOMETRICS/Face_Morphing/MAD22/original_sorted/MIPGAN_II/019_08-vs-122_08.png,019_08-vs-122_08.png,019_08-vs-122_08
221,/nas-ctm01/datasets/public/BIOMETRICS/Face_Morphing/MAD22/original_sorted/MIPGAN_II/019_08-vs-135_08.png,019_08-vs-135_08.png,019_08-vs-135_08
222,/nas-ctm01/datasets/public/BIOMETRICS/Face_Morphing/MAD22/original_sorted/MIPGAN_II/019_08-vs-139_08.png,019_08-vs-139_08.png,019_08-vs-139_08
223,/nas-ctm01/datasets/public/BIOMETRICS/Face_Morphing/MAD22/original_sorted/MIPGAN_II/019_08-vs-144_08.png,019_08-vs-144_08.png,019_08-vs-144_08
224,/nas-ctm01/datasets/public/BIOMETRICS/Face_Morphing/MAD22/original_sorted/MIPGAN_II/020_03-vs-062_03.png,020_03-vs-062_03.png,020_03-vs-062_03
225,/nas-ctm01/datasets/public/BIOMETRICS/Face_Morphing/MAD22/original_sorted/MIPGAN_II/020_03-vs-064_03.png,020_03-vs-064_03.png,020_03-vs-064_03
226,/nas-ctm01/datasets/public/BIOMETRICS/Face_Morphing/MAD22/original_sorted/MIPGAN_II/020_03-vs-102_03.png,020_03-vs-102_03.png,020_03-vs-102_03
227,/nas-ctm01/datasets/public/BIOMETRICS/Face_Morphing/MAD22/original_sorted/MIPGAN_II/020_08-vs-064_08.png,020_08-vs-064_08.png,020_08-vs-064_08
228,/nas-ctm01/datasets/public/BIOMETRICS/Face_Morphing/MAD22/original_sorted/MIPGAN_II/020_08-vs-099_08.png,020_08-vs-099_08.png,020_08-vs-099_08
229,/nas-ctm01/datasets/public/BIOMETRICS/Face_Morphing/MAD22/original_sorted/MIPGAN_II/020_08-vs-102_08.png,020_08-vs-102_08.png,020_08-vs-102_08
230,/nas-ctm01/datasets/public/BIOMETRICS/Face_Morphing/MAD22/original_sorted/MIPGAN_II/021_03-vs-029_03.png,021_03-vs-029_03.png,021_03-vs-029_03
231,/nas-ctm01/datasets/public/BIOMETRICS/Face_Morphing/MAD22/original_sorted/MIPGAN_II/021_03-vs-037_03.png,021_03-vs-037_03.png,021_03-vs-037_03
232,/nas-ctm01/datasets/public/BIOMETRICS/Face_Morphing/MAD22/original_sorted/MIPGAN_II/021_03-vs-121_03.png,021_03-vs-121_03.png,021_03-vs-121_03
233,/nas-ctm01/datasets/public/BIOMETRICS/Face_Morphing/MAD22/original_sorted/MIPGAN_II/021_03-vs-125_03.png,021_03-vs-125_03.png,021_03-vs-125_03
234,/nas-ctm01/datasets/public/BIOMETRICS/Face_Morphing/MAD22/original_sorted/MIPGAN_II/021_03-vs-173_03.png,021_03-vs-173_03.png,021_03-vs-173_03
235,/nas-ctm01/datasets/public/BIOMETRICS/Face_Morphing/MAD22/original_sorted/MIPGAN_II/021_08-vs-029_08.png,021_08-vs-029_08.png,021_08-vs-029_08
236,/nas-ctm01/datasets/public/BIOMETRICS/Face_Morphing/MAD22/original_sorted/MIPGAN_II/021_08-vs-121_08.png,021_08-vs-121_08.png,021_08-vs-121_08
237,/nas-ctm01/datasets/public/BIOMETRICS/Face_Morphing/MAD22/original_sorted/MIPGAN_II/021_08-vs-125_08.png,021_08-vs-125_08.png,021_08-vs-125_08
238,/nas-ctm01/datasets/public/BIOMETRICS/Face_Morphing/MAD22/original_sorted/MIPGAN_II/021_08-vs-130_08.png,021_08-vs-130_08.png,021_08-vs-130_08
239,/nas-ctm01/datasets/public/BIOMETRICS/Face_Morphing/MAD22/original_sorted/MIPGAN_II/021_08-vs-132_08.png,021_08-vs-132_08.png,021_08-vs-132_08
240,/nas-ctm01/datasets/public/BIOMETRICS/Face_Morphing/MAD22/original_sorted/MIPGAN_II/021_08-vs-140_08.png,021_08-vs-140_08.png,021_08-vs-140_08
241,/nas-ctm01/datasets/public/BIOMETRICS/Face_Morphing/MAD22/original_sorted/MIPGAN_II/021_08-vs-173_08.png,021_08-vs-173_08.png,021_08-vs-173_08
242,/nas-ctm01/datasets/public/BIOMETRICS/Face_Morphing/MAD22/original_sorted/MIPGAN_II/022_03-vs-069_03.png,022_03-vs-069_03.png,022_03-vs-069_03
243,/nas-ctm01/datasets/public/BIOMETRICS/Face_Morphing/MAD22/original_sorted/MIPGAN_II/022_03-vs-082_03.png,022_03-vs-082_03.png,022_03-vs-082_03
244,/nas-ctm01/datasets/public/BIOMETRICS/Face_Morphing/MAD22/original_sorted/MIPGAN_II/022_03-vs-123_03.png,022_03-vs-123_03.png,022_03-vs-123_03
245,/nas-ctm01/datasets/public/BIOMETRICS/Face_Morphing/MAD22/original_sorted/MIPGAN_II/022_03-vs-172_03.png,022_03-vs-172_03.png,022_03-vs-172_03
246,/nas-ctm01/datasets/public/BIOMETRICS/Face_Morphing/MAD22/original_sorted/MIPGAN_II/022_03-vs-173_03.png,022_03-vs-173_03.png,022_03-vs-173_03
247,/nas-ctm01/datasets/public/BIOMETRICS/Face_Morphing/MAD22/original_sorted/MIPGAN_II/022_08-vs-031_08.png,022_08-vs-031_08.png,022_08-vs-031_08
248,/nas-ctm01/datasets/public/BIOMETRICS/Face_Morphing/MAD22/original_sorted/MIPGAN_II/022_08-vs-082_08.png,022_08-vs-082_08.png,022_08-vs-082_08
249,/nas-ctm01/datasets/public/BIOMETRICS/Face_Morphing/MAD22/original_sorted/MIPGAN_II/022_08-vs-173_08.png,022_08-vs-173_08.png,022_08-vs-173_08
250,/nas-ctm01/datasets/public/BIOMETRICS/Face_Morphing/MAD22/original_sorted/MIPGAN_II/024_03-vs-031_03.png,024_03-vs-031_03.png,024_03-vs-031_03
251,/nas-ctm01/datasets/public/BIOMETRICS/Face_Morphing/MAD22/original_sorted/MIPGAN_II/024_03-vs-036_03.png,024_03-vs-036_03.png,024_03-vs-036_03
252,/nas-ctm01/datasets/public/BIOMETRICS/Face_Morphing/MAD22/original_sorted/MIPGAN_II/024_03-vs-042_03.png,024_03-vs-042_03.png,024_03-vs-042_03
253,/nas-ctm01/datasets/public/BIOMETRICS/Face_Morphing/MAD22/original_sorted/MIPGAN_II/024_03-vs-061_03.png,024_03-vs-061_03.png,024_03-vs-061_03
254,/nas-ctm01/datasets/public/BIOMETRICS/Face_Morphing/MAD22/original_sorted/MIPGAN_II/024_03-vs-092_03.png,024_03-vs-092_03.png,024_03-vs-092_03
255,/nas-ctm01/datasets/public/BIOMETRICS/Face_Morphing/MAD22/original_sorted/MIPGAN_II/024_03-vs-125_03.png,024_03-vs-125_03.png,024_03-vs-125_03
256,/nas-ctm01/datasets/public/BIOMETRICS/Face_Morphing/MAD22/original_sorted/MIPGAN_II/024_03-vs-131_03.png,024_03-vs-131_03.png,024_03-vs-131_03
257,/nas-ctm01/datasets/public/BIOMETRICS/Face_Morphing/MAD22/original_sorted/MIPGAN_II/024_03-vs-137_03.png,024_03-vs-137_03.png,024_03-vs-137_03
258,/nas-ctm01/datasets/public/BIOMETRICS/Face_Morphing/MAD22/original_sorted/MIPGAN_II/024_03-vs-138_03.png,024_03-vs-138_03.png,024_03-vs-138_03
259,/nas-ctm01/datasets/public/BIOMETRICS/Face_Morphing/MAD22/original_sorted/MIPGAN_II/024_03-vs-173_03.png,024_03-vs-173_03.png,024_03-vs-173_03
260,/nas-ctm01/datasets/public/BIOMETRICS/Face_Morphing/MAD22/original_sorted/MIPGAN_II/024_08-vs-036_08.png,024_08-vs-036_08.png,024_08-vs-036_08
261,/nas-ctm01/datasets/public/BIOMETRICS/Face_Morphing/MAD22/original_sorted/MIPGAN_II/024_08-vs-061_08.png,024_08-vs-061_08.png,024_08-vs-061_08
262,/nas-ctm01/datasets/public/BIOMETRICS/Face_Morphing/MAD22/original_sorted/MIPGAN_II/024_08-vs-069_08.png,024_08-vs-069_08.png,024_08-vs-069_08
263,/nas-ctm01/datasets/public/BIOMETRICS/Face_Morphing/MAD22/original_sorted/MIPGAN_II/024_08-vs-092_08.png,024_08-vs-092_08.png,024_08-vs-092_08
264,/nas-ctm01/datasets/public/BIOMETRICS/Face_Morphing/MAD22/original_sorted/MIPGAN_II/024_08-vs-121_08.png,024_08-vs-121_08.png,024_08-vs-121_08
265,/nas-ctm01/datasets/public/BIOMETRICS/Face_Morphing/MAD22/original_sorted/MIPGAN_II/024_08-vs-125_08.png,024_08-vs-125_08.png,024_08-vs-125_08
266,/nas-ctm01/datasets/public/BIOMETRICS/Face_Morphing/MAD22/original_sorted/MIPGAN_II/024_08-vs-131_08.png,024_08-vs-131_08.png,024_08-vs-131_08
267,/nas-ctm01/datasets/public/BIOMETRICS/Face_Morphing/MAD22/original_sorted/MIPGAN_II/024_08-vs-141_08.png,024_08-vs-141_08.png,024_08-vs-141_08
268,/nas-ctm01/datasets/public/BIOMETRICS/Face_Morphing/MAD22/original_sorted/MIPGAN_II/025_03-vs-038_03.png,025_03-vs-038_03.png,025_03-vs-038_03
269,/nas-ctm01/datasets/public/BIOMETRICS/Face_Morphing/MAD22/original_sorted/MIPGAN_II/025_03-vs-062_03.png,025_03-vs-062_03.png,025_03-vs-062_03
270,/nas-ctm01/datasets/public/BIOMETRICS/Face_Morphing/MAD22/original_sorted/MIPGAN_II/025_03-vs-124_03.png,025_03-vs-124_03.png,025_03-vs-124_03
271,/nas-ctm01/datasets/public/BIOMETRICS/Face_Morphing/MAD22/original_sorted/MIPGAN_II/025_03-vs-134_03.png,025_03-vs-134_03.png,025_03-vs-134_03
272,/nas-ctm01/datasets/public/BIOMETRICS/Face_Morphing/MAD22/original_sorted/MIPGAN_II/025_03-vs-136_03.png,025_03-vs-136_03.png,025_03-vs-136_03
273,/nas-ctm01/datasets/public/BIOMETRICS/Face_Morphing/MAD22/original_sorted/MIPGAN_II/025_08-vs-038_08.png,025_08-vs-038_08.png,025_08-vs-038_08
274,/nas-ctm01/datasets/public/BIOMETRICS/Face_Morphing/MAD22/original_sorted/MIPGAN_II/025_08-vs-091_08.png,025_08-vs-091_08.png,025_08-vs-091_08
275,/nas-ctm01/datasets/public/BIOMETRICS/Face_Morphing/MAD22/original_sorted/MIPGAN_II/025_08-vs-124_08.png,025_08-vs-124_08.png,025_08-vs-124_08
276,/nas-ctm01/datasets/public/BIOMETRICS/Face_Morphing/MAD22/original_sorted/MIPGAN_II/025_08-vs-134_08.png,025_08-vs-134_08.png,025_08-vs-134_08
277,/nas-ctm01/datasets/public/BIOMETRICS/Face_Morphing/MAD22/original_sorted/MIPGAN_II/025_08-vs-136_08.png,025_08-vs-136_08.png,025_08-vs-136_08
278,/nas-ctm01/datasets/public/BIOMETRICS/Face_Morphing/MAD22/original_sorted/MIPGAN_II/026_03-vs-123_03.png,026_03-vs-123_03.png,026_03-vs-123_03
279,/nas-ctm01/datasets/public/BIOMETRICS/Face_Morphing/MAD22/original_sorted/MIPGAN_II/026_03-vs-130_03.png,026_03-vs-130_03.png,026_03-vs-130_03
280,/nas-ctm01/datasets/public/BIOMETRICS/Face_Morphing/MAD22/original_sorted/MIPGAN_II/026_03-vs-143_03.png,026_03-vs-143_03.png,026_03-vs-143_03
281,/nas-ctm01/datasets/public/BIOMETRICS/Face_Morphing/MAD22/original_sorted/MIPGAN_II/026_08-vs-045_08.png,026_08-vs-045_08.png,026_08-vs-045_08
282,/nas-ctm01/datasets/public/BIOMETRICS/Face_Morphing/MAD22/original_sorted/MIPGAN_II/026_08-vs-070_08.png,026_08-vs-070_08.png,026_08-vs-070_08
283,/nas-ctm01/datasets/public/BIOMETRICS/Face_Morphing/MAD22/original_sorted/MIPGAN_II/026_08-vs-130_08.png,026_08-vs-130_08.png,026_08-vs-130_08
284,/nas-ctm01/datasets/public/BIOMETRICS/Face_Morphing/MAD22/original_sorted/MIPGAN_II/026_08-vs-132_08.png,026_08-vs-132_08.png,026_08-vs-132_08
285,/nas-ctm01/datasets/public/BIOMETRICS/Face_Morphing/MAD22/original_sorted/MIPGAN_II/026_08-vs-140_08.png,026_08-vs-140_08.png,026_08-vs-140_08
286,/nas-ctm01/datasets/public/BIOMETRICS/Face_Morphing/MAD22/original_sorted/MIPGAN_II/027_03-vs-083_03.png,027_03-vs-083_03.png,027_03-vs-083_03
287,/nas-ctm01/datasets/public/BIOMETRICS/Face_Morphing/MAD22/original_sorted/MIPGAN_II/027_03-vs-090_03.png,027_03-vs-090_03.png,027_03-vs-090_03
288,/nas-ctm01/datasets/public/BIOMETRICS/Face_Morphing/MAD22/original_sorted/MIPGAN_II/027_03-vs-094_03.png,027_03-vs-094_03.png,027_03-vs-094_03
289,/nas-ctm01/datasets/public/BIOMETRICS/Face_Morphing/MAD22/original_sorted/MIPGAN_II/027_03-vs-099_03.png,027_03-vs-099_03.png,027_03-vs-099_03
290,/nas-ctm01/datasets/public/BIOMETRICS/Face_Morphing/MAD22/original_sorted/MIPGAN_II/027_03-vs-100_03.png,027_03-vs-100_03.png,027_03-vs-100_03
291,/nas-ctm01/datasets/public/BIOMETRICS/Face_Morphing/MAD22/original_sorted/MIPGAN_II/027_03-vs-102_03.png,027_03-vs-102_03.png,027_03-vs-102_03
292,/nas-ctm01/datasets/public/BIOMETRICS/Face_Morphing/MAD22/original_sorted/MIPGAN_II/027_03-vs-118_03.png,027_03-vs-118_03.png,027_03-vs-118_03
293,/nas-ctm01/datasets/public/BIOMETRICS/Face_Morphing/MAD22/original_sorted/MIPGAN_II/027_03-vs-139_03.png,027_03-vs-139_03.png,027_03-vs-139_03
294,/nas-ctm01/datasets/public/BIOMETRICS/Face_Morphing/MAD22/original_sorted/MIPGAN_II/027_03-vs-144_03.png,027_03-vs-144_03.png,027_03-vs-144_03
295,/nas-ctm01/datasets/public/BIOMETRICS/Face_Morphing/MAD22/original_sorted/MIPGAN_II/027_08-vs-032_08.png,027_08-vs-032_08.png,027_08-vs-032_08
296,/nas-ctm01/datasets/public/BIOMETRICS/Face_Morphing/MAD22/original_sorted/MIPGAN_II/027_08-vs-081_08.png,027_08-vs-081_08.png,027_08-vs-081_08
297,/nas-ctm01/datasets/public/BIOMETRICS/Face_Morphing/MAD22/original_sorted/MIPGAN_II/027_08-vs-083_08.png,027_08-vs-083_08.png,027_08-vs-083_08
298,/nas-ctm01/datasets/public/BIOMETRICS/Face_Morphing/MAD22/original_sorted/MIPGAN_II/027_08-vs-090_08.png,027_08-vs-090_08.png,027_08-vs-090_08
299,/nas-ctm01/datasets/public/BIOMETRICS/Face_Morphing/MAD22/original_sorted/MIPGAN_II/027_08-vs-099_08.png,027_08-vs-099_08.png,027_08-vs-099_08
300,/nas-ctm01/datasets/public/BIOMETRICS/Face_Morphing/MAD22/original_sorted/MIPGAN_II/027_08-vs-102_08.png,027_08-vs-102_08.png,027_08-vs-102_08
301,/nas-ctm01/datasets/public/BIOMETRICS/Face_Morphing/MAD22/original_sorted/MIPGAN_II/027_08-vs-118_08.png,027_08-vs-118_08.png,027_08-vs-118_08
302,/nas-ctm01/datasets/public/BIOMETRICS/Face_Morphing/MAD22/original_sorted/MIPGAN_II/027_08-vs-144_08.png,027_08-vs-144_08.png,027_08-vs-144_08
303,/nas-ctm01/datasets/public/BIOMETRICS/Face_Morphing/MAD22/original_sorted/MIPGAN_II/029_03-vs-033_03.png,029_03-vs-033_03.png,029_03-vs-033_03
304,/nas-ctm01/datasets/public/BIOMETRICS/Face_Morphing/MAD22/original_sorted/MIPGAN_II/029_03-vs-082_03.png,029_03-vs-082_03.png,029_03-vs-082_03
305,/nas-ctm01/datasets/public/BIOMETRICS/Face_Morphing/MAD22/original_sorted/MIPGAN_II/029_03-vs-143_03.png,029_03-vs-143_03.png,029_03-vs-143_03
306,/nas-ctm01/datasets/public/BIOMETRICS/Face_Morphing/MAD22/original_sorted/MIPGAN_II/029_03-vs-173_03.png,029_03-vs-173_03.png,029_03-vs-173_03
307,/nas-ctm01/datasets/public/BIOMETRICS/Face_Morphing/MAD22/original_sorted/MIPGAN_II/029_08-vs-041_08.png,029_08-vs-041_08.png,029_08-vs-041_08
308,/nas-ctm01/datasets/public/BIOMETRICS/Face_Morphing/MAD22/original_sorted/MIPGAN_II/029_08-vs-044_08.png,029_08-vs-044_08.png,029_08-vs-044_08
309,/nas-ctm01/datasets/public/BIOMETRICS/Face_Morphing/MAD22/original_sorted/MIPGAN_II/029_08-vs-082_08.png,029_08-vs-082_08.png,029_08-vs-082_08
310,/nas-ctm01/datasets/public/BIOMETRICS/Face_Morphing/MAD22/original_sorted/MIPGAN_II/029_08-vs-143_08.png,029_08-vs-143_08.png,029_08-vs-143_08
311,/nas-ctm01/datasets/public/BIOMETRICS/Face_Morphing/MAD22/original_sorted/MIPGAN_II/029_08-vs-173_08.png,029_08-vs-173_08.png,029_08-vs-173_08
312,/nas-ctm01/datasets/public/BIOMETRICS/Face_Morphing/MAD22/original_sorted/MIPGAN_II/030_03-vs-039_03.png,030_03-vs-039_03.png,030_03-vs-039_03
313,/nas-ctm01/datasets/public/BIOMETRICS/Face_Morphing/MAD22/original_sorted/MIPGAN_II/030_03-vs-062_03.png,030_03-vs-062_03.png,030_03-vs-062_03
314,/nas-ctm01/datasets/public/BIOMETRICS/Face_Morphing/MAD22/original_sorted/MIPGAN_II/030_03-vs-134_03.png,030_03-vs-134_03.png,030_03-vs-134_03
315,/nas-ctm01/datasets/public/BIOMETRICS/Face_Morphing/MAD22/original_sorted/MIPGAN_II/030_08-vs-039_08.png,030_08-vs-039_08.png,030_08-vs-039_08
316,/nas-ctm01/datasets/public/BIOMETRICS/Face_Morphing/MAD22/original_sorted/MIPGAN_II/030_08-vs-112_08.png,030_08-vs-112_08.png,030_08-vs-112_08
317,/nas-ctm01/datasets/public/BIOMETRICS/Face_Morphing/MAD22/original_sorted/MIPGAN_II/030_08-vs-127_08.png,030_08-vs-127_08.png,030_08-vs-127_08
318,/nas-ctm01/datasets/public/BIOMETRICS/Face_Morphing/MAD22/original_sorted/MIPGAN_II/030_08-vs-134_08.png,030_08-vs-134_08.png,030_08-vs-134_08
319,/nas-ctm01/datasets/public/BIOMETRICS/Face_Morphing/MAD22/original_sorted/MIPGAN_II/031_03-vs-042_03.png,031_03-vs-042_03.png,031_03-vs-042_03
320,/nas-ctm01/datasets/public/BIOMETRICS/Face_Morphing/MAD22/original_sorted/MIPGAN_II/031_03-vs-043_03.png,031_03-vs-043_03.png,031_03-vs-043_03
321,/nas-ctm01/datasets/public/BIOMETRICS/Face_Morphing/MAD22/original_sorted/MIPGAN_II/031_03-vs-068_03.png,031_03-vs-068_03.png,031_03-vs-068_03
322,/nas-ctm01/datasets/public/BIOMETRICS/Face_Morphing/MAD22/original_sorted/MIPGAN_II/031_03-vs-132_03.png,031_03-vs-132_03.png,031_03-vs-132_03
323,/nas-ctm01/datasets/public/BIOMETRICS/Face_Morphing/MAD22/original_sorted/MIPGAN_II/031_03-vs-137_03.png,031_03-vs-137_03.png,031_03-vs-137_03
324,/nas-ctm01/datasets/public/BIOMETRICS/Face_Morphing/MAD22/original_sorted/MIPGAN_II/031_08-vs-042_08.png,031_08-vs-042_08.png,031_08-vs-042_08
325,/nas-ctm01/datasets/public/BIOMETRICS/Face_Morphing/MAD22/original_sorted/MIPGAN_II/031_08-vs-043_08.png,031_08-vs-043_08.png,031_08-vs-043_08
326,/nas-ctm01/datasets/public/BIOMETRICS/Face_Morphing/MAD22/original_sorted/MIPGAN_II/031_08-vs-068_08.png,031_08-vs-068_08.png,031_08-vs-068_08
327,/nas-ctm01/datasets/public/BIOMETRICS/Face_Morphing/MAD22/original_sorted/MIPGAN_II/031_08-vs-115_08.png,031_08-vs-115_08.png,031_08-vs-115_08
328,/nas-ctm01/datasets/public/BIOMETRICS/Face_Morphing/MAD22/original_sorted/MIPGAN_II/031_08-vs-117_08.png,031_08-vs-117_08.png,031_08-vs-117_08
329,/nas-ctm01/datasets/public/BIOMETRICS/Face_Morphing/MAD22/original_sorted/MIPGAN_II/032_03-vs-086_03.png,032_03-vs-086_03.png,032_03-vs-086_03
330,/nas-ctm01/datasets/public/BIOMETRICS/Face_Morphing/MAD22/original_sorted/MIPGAN_II/032_03-vs-094_03.png,032_03-vs-094_03.png,032_03-vs-094_03
331,/nas-ctm01/datasets/public/BIOMETRICS/Face_Morphing/MAD22/original_sorted/MIPGAN_II/032_03-vs-107_03.png,032_03-vs-107_03.png,032_03-vs-107_03
332,/nas-ctm01/datasets/public/BIOMETRICS/Face_Morphing/MAD22/original_sorted/MIPGAN_II/032_03-vs-126_03.png,032_03-vs-126_03.png,032_03-vs-126_03
333,/nas-ctm01/datasets/public/BIOMETRICS/Face_Morphing/MAD22/original_sorted/MIPGAN_II/032_08-vs-039_08.png,032_08-vs-039_08.png,032_08-vs-039_08
334,/nas-ctm01/datasets/public/BIOMETRICS/Face_Morphing/MAD22/original_sorted/MIPGAN_II/032_08-vs-086_08.png,032_08-vs-086_08.png,032_08-vs-086_08
335,/nas-ctm01/datasets/public/BIOMETRICS/Face_Morphing/MAD22/original_sorted/MIPGAN_II/032_08-vs-091_08.png,032_08-vs-091_08.png,032_08-vs-091_08
336,/nas-ctm01/datasets/public/BIOMETRICS/Face_Morphing/MAD22/original_sorted/MIPGAN_II/032_08-vs-124_08.png,032_08-vs-124_08.png,032_08-vs-124_08
337,/nas-ctm01/datasets/public/BIOMETRICS/Face_Morphing/MAD22/original_sorted/MIPGAN_II/032_08-vs-144_08.png,032_08-vs-144_08.png,032_08-vs-144_08
338,/nas-ctm01/datasets/public/BIOMETRICS/Face_Morphing/MAD22/original_sorted/MIPGAN_II/033_03-vs-044_03.png,033_03-vs-044_03.png,033_03-vs-044_03
339,/nas-ctm01/datasets/public/BIOMETRICS/Face_Morphing/MAD22/original_sorted/MIPGAN_II/033_03-vs-092_03.png,033_03-vs-092_03.png,033_03-vs-092_03
340,/nas-ctm01/datasets/public/BIOMETRICS/Face_Morphing/MAD22/original_sorted/MIPGAN_II/033_03-vs-108_03.png,033_03-vs-108_03.png,033_03-vs-108_03
341,/nas-ctm01/datasets/public/BIOMETRICS/Face_Morphing/MAD22/original_sorted/MIPGAN_II/033_03-vs-143_03.png,033_03-vs-143_03.png,033_03-vs-143_03
342,/nas-ctm01/datasets/public/BIOMETRICS/Face_Morphing/MAD22/original_sorted/MIPGAN_II/033_08-vs-044_08.png,033_08-vs-044_08.png,033_08-vs-044_08
343,/nas-ctm01/datasets/public/BIOMETRICS/Face_Morphing/MAD22/original_sorted/MIPGAN_II/033_08-vs-045_08.png,033_08-vs-045_08.png,033_08-vs-045_08
344,/nas-ctm01/datasets/public/BIOMETRICS/Face_Morphing/MAD22/original_sorted/MIPGAN_II/033_08-vs-082_08.png,033_08-vs-082_08.png,033_08-vs-082_08
345,/nas-ctm01/datasets/public/BIOMETRICS/Face_Morphing/MAD22/original_sorted/MIPGAN_II/033_08-vs-092_08.png,033_08-vs-092_08.png,033_08-vs-092_08
346,/nas-ctm01/datasets/public/BIOMETRICS/Face_Morphing/MAD22/original_sorted/MIPGAN_II/033_08-vs-108_08.png,033_08-vs-108_08.png,033_08-vs-108_08
347,/nas-ctm01/datasets/public/BIOMETRICS/Face_Morphing/MAD22/original_sorted/MIPGAN_II/033_08-vs-119_08.png,033_08-vs-119_08.png,033_08-vs-119_08
348,/nas-ctm01/datasets/public/BIOMETRICS/Face_Morphing/MAD22/original_sorted/MIPGAN_II/033_08-vs-140_08.png,033_08-vs-140_08.png,033_08-vs-140_08
349,/nas-ctm01/datasets/public/BIOMETRICS/Face_Morphing/MAD22/original_sorted/MIPGAN_II/033_08-vs-143_08.png,033_08-vs-143_08.png,033_08-vs-143_08
350,/nas-ctm01/datasets/public/BIOMETRICS/Face_Morphing/MAD22/original_sorted/MIPGAN_II/034_03-vs-099_03.png,034_03-vs-099_03.png,034_03-vs-099_03
351,/nas-ctm01/datasets/public/BIOMETRICS/Face_Morphing/MAD22/original_sorted/MIPGAN_II/034_03-vs-100_03.png,034_03-vs-100_03.png,034_03-vs-100_03
352,/nas-ctm01/datasets/public/BIOMETRICS/Face_Morphing/MAD22/original_sorted/MIPGAN_II/034_03-vs-139_03.png,034_03-vs-139_03.png,034_03-vs-139_03
353,/nas-ctm01/datasets/public/BIOMETRICS/Face_Morphing/MAD22/original_sorted/MIPGAN_II/034_08-vs-062_08.png,034_08-vs-062_08.png,034_08-vs-062_08
354,/nas-ctm01/datasets/public/BIOMETRICS/Face_Morphing/MAD22/original_sorted/MIPGAN_II/034_08-vs-064_08.png,034_08-vs-064_08.png,034_08-vs-064_08
355,/nas-ctm01/datasets/public/BIOMETRICS/Face_Morphing/MAD22/original_sorted/MIPGAN_II/034_08-vs-094_08.png,034_08-vs-094_08.png,034_08-vs-094_08
356,/nas-ctm01/datasets/public/BIOMETRICS/Face_Morphing/MAD22/original_sorted/MIPGAN_II/034_08-vs-099_08.png,034_08-vs-099_08.png,034_08-vs-099_08
357,/nas-ctm01/datasets/public/BIOMETRICS/Face_Morphing/MAD22/original_sorted/MIPGAN_II/034_08-vs-126_08.png,034_08-vs-126_08.png,034_08-vs-126_08
358,/nas-ctm01/datasets/public/BIOMETRICS/Face_Morphing/MAD22/original_sorted/MIPGAN_II/034_08-vs-127_08.png,034_08-vs-127_08.png,034_08-vs-127_08
359,/nas-ctm01/datasets/public/BIOMETRICS/Face_Morphing/MAD22/original_sorted/MIPGAN_II/036_03-vs-063_03.png,036_03-vs-063_03.png,036_03-vs-063_03
360,/nas-ctm01/datasets/public/BIOMETRICS/Face_Morphing/MAD22/original_sorted/MIPGAN_II/036_03-vs-096_03.png,036_03-vs-096_03.png,036_03-vs-096_03
361,/nas-ctm01/datasets/public/BIOMETRICS/Face_Morphing/MAD22/original_sorted/MIPGAN_II/036_03-vs-128_03.png,036_03-vs-128_03.png,036_03-vs-128_03
362,/nas-ctm01/datasets/public/BIOMETRICS/Face_Morphing/MAD22/original_sorted/MIPGAN_II/036_03-vs-141_03.png,036_03-vs-141_03.png,036_03-vs-141_03
363,/nas-ctm01/datasets/public/BIOMETRICS/Face_Morphing/MAD22/original_sorted/MIPGAN_II/036_03-vs-143_03.png,036_03-vs-143_03.png,036_03-vs-143_03
364,/nas-ctm01/datasets/public/BIOMETRICS/Face_Morphing/MAD22/original_sorted/MIPGAN_II/036_08-vs-096_08.png,036_08-vs-096_08.png,036_08-vs-096_08
365,/nas-ctm01/datasets/public/BIOMETRICS/Face_Morphing/MAD22/original_sorted/MIPGAN_II/036_08-vs-128_08.png,036_08-vs-128_08.png,036_08-vs-128_08
366,/nas-ctm01/datasets/public/BIOMETRICS/Face_Morphing/MAD22/original_sorted/MIPGAN_II/036_08-vs-130_08.png,036_08-vs-130_08.png,036_08-vs-130_08
367,/nas-ctm01/datasets/public/BIOMETRICS/Face_Morphing/MAD22/original_sorted/MIPGAN_II/036_08-vs-141_08.png,036_08-vs-141_08.png,036_08-vs-141_08
368,/nas-ctm01/datasets/public/BIOMETRICS/Face_Morphing/MAD22/original_sorted/MIPGAN_II/036_08-vs-142_08.png,036_08-vs-142_08.png,036_08-vs-142_08
369,/nas-ctm01/datasets/public/BIOMETRICS/Face_Morphing/MAD22/original_sorted/MIPGAN_II/037_03-vs-103_03.png,037_03-vs-103_03.png,037_03-vs-103_03
370,/nas-ctm01/datasets/public/BIOMETRICS/Face_Morphing/MAD22/original_sorted/MIPGAN_II/037_03-vs-108_03.png,037_03-vs-108_03.png,037_03-vs-108_03
371,/nas-ctm01/datasets/public/BIOMETRICS/Face_Morphing/MAD22/original_sorted/MIPGAN_II/037_03-vs-128_03.png,037_03-vs-128_03.png,037_03-vs-128_03
372,/nas-ctm01/datasets/public/BIOMETRICS/Face_Morphing/MAD22/original_sorted/MIPGAN_II/037_03-vs-132_03.png,037_03-vs-132_03.png,037_03-vs-132_03
373,/nas-ctm01/datasets/public/BIOMETRICS/Face_Morphing/MAD22/original_sorted/MIPGAN_II/037_03-vs-172_03.png,037_03-vs-172_03.png,037_03-vs-172_03
374,/nas-ctm01/datasets/public/BIOMETRICS/Face_Morphing/MAD22/original_sorted/MIPGAN_II/038_03-vs-062_03.png,038_03-vs-062_03.png,038_03-vs-062_03
375,/nas-ctm01/datasets/public/BIOMETRICS/Face_Morphing/MAD22/original_sorted/MIPGAN_II/038_03-vs-066_03.png,038_03-vs-066_03.png,038_03-vs-066_03
376,/nas-ctm01/datasets/public/BIOMETRICS/Face_Morphing/MAD22/original_sorted/MIPGAN_II/038_03-vs-102_03.png,038_03-vs-102_03.png,038_03-vs-102_03
377,/nas-ctm01/datasets/public/BIOMETRICS/Face_Morphing/MAD22/original_sorted/MIPGAN_II/038_03-vs-124_03.png,038_03-vs-124_03.png,038_03-vs-124_03
378,/nas-ctm01/datasets/public/BIOMETRICS/Face_Morphing/MAD22/original_sorted/MIPGAN_II/038_03-vs-136_03.png,038_03-vs-136_03.png,038_03-vs-136_03
379,/nas-ctm01/datasets/public/BIOMETRICS/Face_Morphing/MAD22/original_sorted/MIPGAN_II/038_08-vs-062_08.png,038_08-vs-062_08.png,038_08-vs-062_08
380,/nas-ctm01/datasets/public/BIOMETRICS/Face_Morphing/MAD22/original_sorted/MIPGAN_II/038_08-vs-066_08.png,038_08-vs-066_08.png,038_08-vs-066_08
381,/nas-ctm01/datasets/public/BIOMETRICS/Face_Morphing/MAD22/original_sorted/MIPGAN_II/038_08-vs-091_08.png,038_08-vs-091_08.png,038_08-vs-091_08
382,/nas-ctm01/datasets/public/BIOMETRICS/Face_Morphing/MAD22/original_sorted/MIPGAN_II/038_08-vs-099_08.png,038_08-vs-099_08.png,038_08-vs-099_08
383,/nas-ctm01/datasets/public/BIOMETRICS/Face_Morphing/MAD22/original_sorted/MIPGAN_II/038_08-vs-102_08.png,038_08-vs-102_08.png,038_08-vs-102_08
384,/nas-ctm01/datasets/public/BIOMETRICS/Face_Morphing/MAD22/original_sorted/MIPGAN_II/038_08-vs-124_08.png,038_08-vs-124_08.png,038_08-vs-124_08
385,/nas-ctm01/datasets/public/BIOMETRICS/Face_Morphing/MAD22/original_sorted/MIPGAN_II/038_08-vs-129_08.png,038_08-vs-129_08.png,038_08-vs-129_08
386,/nas-ctm01/datasets/public/BIOMETRICS/Face_Morphing/MAD22/original_sorted/MIPGAN_II/038_08-vs-136_08.png,038_08-vs-136_08.png,038_08-vs-136_08
387,/nas-ctm01/datasets/public/BIOMETRICS/Face_Morphing/MAD22/original_sorted/MIPGAN_II/039_03-vs-090_03.png,039_03-vs-090_03.png,039_03-vs-090_03
388,/nas-ctm01/datasets/public/BIOMETRICS/Face_Morphing/MAD22/original_sorted/MIPGAN_II/039_03-vs-097_03.png,039_03-vs-097_03.png,039_03-vs-097_03
389,/nas-ctm01/datasets/public/BIOMETRICS/Face_Morphing/MAD22/original_sorted/MIPGAN_II/039_03-vs-102_03.png,039_03-vs-102_03.png,039_03-vs-102_03
390,/nas-ctm01/datasets/public/BIOMETRICS/Face_Morphing/MAD22/original_sorted/MIPGAN_II/039_03-vs-107_03.png,039_03-vs-107_03.png,039_03-vs-107_03
391,/nas-ctm01/datasets/public/BIOMETRICS/Face_Morphing/MAD22/original_sorted/MIPGAN_II/039_03-vs-124_03.png,039_03-vs-124_03.png,039_03-vs-124_03
392,/nas-ctm01/datasets/public/BIOMETRICS/Face_Morphing/MAD22/original_sorted/MIPGAN_II/039_03-vs-139_03.png,039_03-vs-139_03.png,039_03-vs-139_03
393,/nas-ctm01/datasets/public/BIOMETRICS/Face_Morphing/MAD22/original_sorted/MIPGAN_II/039_03-vs-144_03.png,039_03-vs-144_03.png,039_03-vs-144_03
394,/nas-ctm01/datasets/public/BIOMETRICS/Face_Morphing/MAD22/original_sorted/MIPGAN_II/039_08-vs-090_08.png,039_08-vs-090_08.png,039_08-vs-090_08
395,/nas-ctm01/datasets/public/BIOMETRICS/Face_Morphing/MAD22/original_sorted/MIPGAN_II/039_08-vs-097_08.png,039_08-vs-097_08.png,039_08-vs-097_08
396,/nas-ctm01/datasets/public/BIOMETRICS/Face_Morphing/MAD22/original_sorted/MIPGAN_II/039_08-vs-102_08.png,039_08-vs-102_08.png,039_08-vs-102_08
397,/nas-ctm01/datasets/public/BIOMETRICS/Face_Morphing/MAD22/original_sorted/MIPGAN_II/039_08-vs-107_08.png,039_08-vs-107_08.png,039_08-vs-107_08
398,/nas-ctm01/datasets/public/BIOMETRICS/Face_Morphing/MAD22/original_sorted/MIPGAN_II/039_08-vs-118_08.png,039_08-vs-118_08.png,039_08-vs-118_08
399,/nas-ctm01/datasets/public/BIOMETRICS/Face_Morphing/MAD22/original_sorted/MIPGAN_II/039_08-vs-124_08.png,039_08-vs-124_08.png,039_08-vs-124_08
400,/nas-ctm01/datasets/public/BIOMETRICS/Face_Morphing/MAD22/original_sorted/MIPGAN_II/039_08-vs-139_08.png,039_08-vs-139_08.png,039_08-vs-139_08
401,/nas-ctm01/datasets/public/BIOMETRICS/Face_Morphing/MAD22/original_sorted/MIPGAN_II/039_08-vs-144_08.png,039_08-vs-144_08.png,039_08-vs-144_08
402,/nas-ctm01/datasets/public/BIOMETRICS/Face_Morphing/MAD22/original_sorted/MIPGAN_II/041_03-vs-123_03.png,041_03-vs-123_03.png,041_03-vs-123_03
403,/nas-ctm01/datasets/public/BIOMETRICS/Face_Morphing/MAD22/original_sorted/MIPGAN_II/041_03-vs-137_03.png,041_03-vs-137_03.png,041_03-vs-137_03
404,/nas-ctm01/datasets/public/BIOMETRICS/Face_Morphing/MAD22/original_sorted/MIPGAN_II/041_03-vs-138_03.png,041_03-vs-138_03.png,041_03-vs-138_03
405,/nas-ctm01/datasets/public/BIOMETRICS/Face_Morphing/MAD22/original_sorted/MIPGAN_II/041_03-vs-143_03.png,041_03-vs-143_03.png,041_03-vs-143_03
406,/nas-ctm01/datasets/public/BIOMETRICS/Face_Morphing/MAD22/original_sorted/MIPGAN_II/041_03-vs-173_03.png,041_03-vs-173_03.png,041_03-vs-173_03
407,/nas-ctm01/datasets/public/BIOMETRICS/Face_Morphing/MAD22/original_sorted/MIPGAN_II/041_08-vs-044_08.png,041_08-vs-044_08.png,041_08-vs-044_08
408,/nas-ctm01/datasets/public/BIOMETRICS/Face_Morphing/MAD22/original_sorted/MIPGAN_II/041_08-vs-069_08.png,041_08-vs-069_08.png,041_08-vs-069_08
409,/nas-ctm01/datasets/public/BIOMETRICS/Face_Morphing/MAD22/original_sorted/MIPGAN_II/041_08-vs-070_08.png,041_08-vs-070_08.png,041_08-vs-070_08
410,/nas-ctm01/datasets/public/BIOMETRICS/Face_Morphing/MAD22/original_sorted/MIPGAN_II/041_08-vs-143_08.png,041_08-vs-143_08.png,041_08-vs-143_08
411,/nas-ctm01/datasets/public/BIOMETRICS/Face_Morphing/MAD22/original_sorted/MIPGAN_II/041_08-vs-173_08.png,041_08-vs-173_08.png,041_08-vs-173_08
412,/nas-ctm01/datasets/public/BIOMETRICS/Face_Morphing/MAD22/original_sorted/MIPGAN_II/042_03-vs-115_03.png,042_03-vs-115_03.png,042_03-vs-115_03
413,/nas-ctm01/datasets/public/BIOMETRICS/Face_Morphing/MAD22/original_sorted/MIPGAN_II/042_03-vs-137_03.png,042_03-vs-137_03.png,042_03-vs-137_03
414,/nas-ctm01/datasets/public/BIOMETRICS/Face_Morphing/MAD22/original_sorted/MIPGAN_II/042_03-vs-141_03.png,042_03-vs-141_03.png,042_03-vs-141_03
415,/nas-ctm01/datasets/public/BIOMETRICS/Face_Morphing/MAD22/original_sorted/MIPGAN_II/042_08-vs-045_08.png,042_08-vs-045_08.png,042_08-vs-045_08
416,/nas-ctm01/datasets/public/BIOMETRICS/Face_Morphing/MAD22/original_sorted/MIPGAN_II/042_08-vs-115_08.png,042_08-vs-115_08.png,042_08-vs-115_08
417,/nas-ctm01/datasets/public/BIOMETRICS/Face_Morphing/MAD22/original_sorted/MIPGAN_II/042_08-vs-140_08.png,042_08-vs-140_08.png,042_08-vs-140_08
418,/nas-ctm01/datasets/public/BIOMETRICS/Face_Morphing/MAD22/original_sorted/MIPGAN_II/043_03-vs-044_03.png,043_03-vs-044_03.png,043_03-vs-044_03
419,/nas-ctm01/datasets/public/BIOMETRICS/Face_Morphing/MAD22/original_sorted/MIPGAN_II/043_03-vs-092_03.png,043_03-vs-092_03.png,043_03-vs-092_03
420,/nas-ctm01/datasets/public/BIOMETRICS/Face_Morphing/MAD22/original_sorted/MIPGAN_II/043_03-vs-172_03.png,043_03-vs-172_03.png,043_03-vs-172_03
421,/nas-ctm01/datasets/public/BIOMETRICS/Face_Morphing/MAD22/original_sorted/MIPGAN_II/043_08-vs-044_08.png,043_08-vs-044_08.png,043_08-vs-044_08
422,/nas-ctm01/datasets/public/BIOMETRICS/Face_Morphing/MAD22/original_sorted/MIPGAN_II/043_08-vs-045_08.png,043_08-vs-045_08.png,043_08-vs-045_08
423,/nas-ctm01/datasets/public/BIOMETRICS/Face_Morphing/MAD22/original_sorted/MIPGAN_II/043_08-vs-123_08.png,043_08-vs-123_08.png,043_08-vs-123_08
424,/nas-ctm01/datasets/public/BIOMETRICS/Face_Morphing/MAD22/original_sorted/MIPGAN_II/043_08-vs-172_08.png,043_08-vs-172_08.png,043_08-vs-172_08
425,/nas-ctm01/datasets/public/BIOMETRICS/Face_Morphing/MAD22/original_sorted/MIPGAN_II/044_03-vs-067_03.png,044_03-vs-067_03.png,044_03-vs-067_03
426,/nas-ctm01/datasets/public/BIOMETRICS/Face_Morphing/MAD22/original_sorted/MIPGAN_II/044_03-vs-082_03.png,044_03-vs-082_03.png,044_03-vs-082_03
427,/nas-ctm01/datasets/public/BIOMETRICS/Face_Morphing/MAD22/original_sorted/MIPGAN_II/044_03-vs-115_03.png,044_03-vs-115_03.png,044_03-vs-115_03
428,/nas-ctm01/datasets/public/BIOMETRICS/Face_Morphing/MAD22/original_sorted/MIPGAN_II/044_03-vs-173_03.png,044_03-vs-173_03.png,044_03-vs-173_03
429,/nas-ctm01/datasets/public/BIOMETRICS/Face_Morphing/MAD22/original_sorted/MIPGAN_II/044_08-vs-061_08.png,044_08-vs-061_08.png,044_08-vs-061_08
430,/nas-ctm01/datasets/public/BIOMETRICS/Face_Morphing/MAD22/original_sorted/MIPGAN_II/044_08-vs-082_08.png,044_08-vs-082_08.png,044_08-vs-082_08
431,/nas-ctm01/datasets/public/BIOMETRICS/Face_Morphing/MAD22/original_sorted/MIPGAN_II/044_08-vs-115_08.png,044_08-vs-115_08.png,044_08-vs-115_08
432,/nas-ctm01/datasets/public/BIOMETRICS/Face_Morphing/MAD22/original_sorted/MIPGAN_II/045_08-vs-063_08.png,045_08-vs-063_08.png,045_08-vs-063_08
433,/nas-ctm01/datasets/public/BIOMETRICS/Face_Morphing/MAD22/original_sorted/MIPGAN_II/045_08-vs-082_08.png,045_08-vs-082_08.png,045_08-vs-082_08
434,/nas-ctm01/datasets/public/BIOMETRICS/Face_Morphing/MAD22/original_sorted/MIPGAN_II/045_08-vs-092_08.png,045_08-vs-092_08.png,045_08-vs-092_08
435,/nas-ctm01/datasets/public/BIOMETRICS/Face_Morphing/MAD22/original_sorted/MIPGAN_II/045_08-vs-123_08.png,045_08-vs-123_08.png,045_08-vs-123_08
436,/nas-ctm01/datasets/public/BIOMETRICS/Face_Morphing/MAD22/original_sorted/MIPGAN_II/045_08-vs-128_08.png,045_08-vs-128_08.png,045_08-vs-128_08
437,/nas-ctm01/datasets/public/BIOMETRICS/Face_Morphing/MAD22/original_sorted/MIPGAN_II/045_08-vs-141_08.png,045_08-vs-141_08.png,045_08-vs-141_08
438,/nas-ctm01/datasets/public/BIOMETRICS/Face_Morphing/MAD22/original_sorted/MIPGAN_II/045_08-vs-143_08.png,045_08-vs-143_08.png,045_08-vs-143_08
439,/nas-ctm01/datasets/public/BIOMETRICS/Face_Morphing/MAD22/original_sorted/MIPGAN_II/061_03-vs-121_03.png,061_03-vs-121_03.png,061_03-vs-121_03
440,/nas-ctm01/datasets/public/BIOMETRICS/Face_Morphing/MAD22/original_sorted/MIPGAN_II/061_03-vs-125_03.png,061_03-vs-125_03.png,061_03-vs-125_03
441,/nas-ctm01/datasets/public/BIOMETRICS/Face_Morphing/MAD22/original_sorted/MIPGAN_II/061_03-vs-141_03.png,061_03-vs-141_03.png,061_03-vs-141_03
442,/nas-ctm01/datasets/public/BIOMETRICS/Face_Morphing/MAD22/original_sorted/MIPGAN_II/061_03-vs-142_03.png,061_03-vs-142_03.png,061_03-vs-142_03
443,/nas-ctm01/datasets/public/BIOMETRICS/Face_Morphing/MAD22/original_sorted/MIPGAN_II/061_08-vs-121_08.png,061_08-vs-121_08.png,061_08-vs-121_08
444,/nas-ctm01/datasets/public/BIOMETRICS/Face_Morphing/MAD22/original_sorted/MIPGAN_II/061_08-vs-125_08.png,061_08-vs-125_08.png,061_08-vs-125_08
445,/nas-ctm01/datasets/public/BIOMETRICS/Face_Morphing/MAD22/original_sorted/MIPGAN_II/061_08-vs-141_08.png,061_08-vs-141_08.png,061_08-vs-141_08
446,/nas-ctm01/datasets/public/BIOMETRICS/Face_Morphing/MAD22/original_sorted/MIPGAN_II/062_03-vs-066_03.png,062_03-vs-066_03.png,062_03-vs-066_03
447,/nas-ctm01/datasets/public/BIOMETRICS/Face_Morphing/MAD22/original_sorted/MIPGAN_II/062_03-vs-102_03.png,062_03-vs-102_03.png,062_03-vs-102_03
448,/nas-ctm01/datasets/public/BIOMETRICS/Face_Morphing/MAD22/original_sorted/MIPGAN_II/062_03-vs-118_03.png,062_03-vs-118_03.png,062_03-vs-118_03
449,/nas-ctm01/datasets/public/BIOMETRICS/Face_Morphing/MAD22/original_sorted/MIPGAN_II/062_03-vs-124_03.png,062_03-vs-124_03.png,062_03-vs-124_03
450,/nas-ctm01/datasets/public/BIOMETRICS/Face_Morphing/MAD22/original_sorted/MIPGAN_II/062_03-vs-126_03.png,062_03-vs-126_03.png,062_03-vs-126_03
451,/nas-ctm01/datasets/public/BIOMETRICS/Face_Morphing/MAD22/original_sorted/MIPGAN_II/062_08-vs-064_08.png,062_08-vs-064_08.png,062_08-vs-064_08
452,/nas-ctm01/datasets/public/BIOMETRICS/Face_Morphing/MAD22/original_sorted/MIPGAN_II/062_08-vs-066_08.png,062_08-vs-066_08.png,062_08-vs-066_08
453,/nas-ctm01/datasets/public/BIOMETRICS/Face_Morphing/MAD22/original_sorted/MIPGAN_II/062_08-vs-083_08.png,062_08-vs-083_08.png,062_08-vs-083_08
454,/nas-ctm01/datasets/public/BIOMETRICS/Face_Morphing/MAD22/original_sorted/MIPGAN_II/062_08-vs-094_08.png,062_08-vs-094_08.png,062_08-vs-094_08
455,/nas-ctm01/datasets/public/BIOMETRICS/Face_Morphing/MAD22/original_sorted/MIPGAN_II/062_08-vs-099_08.png,062_08-vs-099_08.png,062_08-vs-099_08
456,/nas-ctm01/datasets/public/BIOMETRICS/Face_Morphing/MAD22/original_sorted/MIPGAN_II/062_08-vs-102_08.png,062_08-vs-102_08.png,062_08-vs-102_08
457,/nas-ctm01/datasets/public/BIOMETRICS/Face_Morphing/MAD22/original_sorted/MIPGAN_II/062_08-vs-118_08.png,062_08-vs-118_08.png,062_08-vs-118_08
458,/nas-ctm01/datasets/public/BIOMETRICS/Face_Morphing/MAD22/original_sorted/MIPGAN_II/062_08-vs-124_08.png,062_08-vs-124_08.png,062_08-vs-124_08
459,/nas-ctm01/datasets/public/BIOMETRICS/Face_Morphing/MAD22/original_sorted/MIPGAN_II/062_08-vs-126_08.png,062_08-vs-126_08.png,062_08-vs-126_08
460,/nas-ctm01/datasets/public/BIOMETRICS/Face_Morphing/MAD22/original_sorted/MIPGAN_II/063_03-vs-069_03.png,063_03-vs-069_03.png,063_03-vs-069_03
461,/nas-ctm01/datasets/public/BIOMETRICS/Face_Morphing/MAD22/original_sorted/MIPGAN_II/063_03-vs-092_03.png,063_03-vs-092_03.png,063_03-vs-092_03
462,/nas-ctm01/datasets/public/BIOMETRICS/Face_Morphing/MAD22/original_sorted/MIPGAN_II/063_03-vs-104_03.png,063_03-vs-104_03.png,063_03-vs-104_03
463,/nas-ctm01/datasets/public/BIOMETRICS/Face_Morphing/MAD22/original_sorted/MIPGAN_II/063_03-vs-115_03.png,063_03-vs-115_03.png,063_03-vs-115_03
464,/nas-ctm01/datasets/public/BIOMETRICS/Face_Morphing/MAD22/original_sorted/MIPGAN_II/063_03-vs-123_03.png,063_03-vs-123_03.png,063_03-vs-123_03
465,/nas-ctm01/datasets/public/BIOMETRICS/Face_Morphing/MAD22/original_sorted/MIPGAN_II/063_03-vs-125_03.png,063_03-vs-125_03.png,063_03-vs-125_03
466,/nas-ctm01/datasets/public/BIOMETRICS/Face_Morphing/MAD22/original_sorted/MIPGAN_II/063_03-vs-130_03.png,063_03-vs-130_03.png,063_03-vs-130_03
467,/nas-ctm01/datasets/public/BIOMETRICS/Face_Morphing/MAD22/original_sorted/MIPGAN_II/063_08-vs-069_08.png,063_08-vs-069_08.png,063_08-vs-069_08
468,/nas-ctm01/datasets/public/BIOMETRICS/Face_Morphing/MAD22/original_sorted/MIPGAN_II/063_08-vs-070_08.png,063_08-vs-070_08.png,063_08-vs-070_08
469,/nas-ctm01/datasets/public/BIOMETRICS/Face_Morphing/MAD22/original_sorted/MIPGAN_II/063_08-vs-092_08.png,063_08-vs-092_08.png,063_08-vs-092_08
470,/nas-ctm01/datasets/public/BIOMETRICS/Face_Morphing/MAD22/original_sorted/MIPGAN_II/063_08-vs-096_08.png,063_08-vs-096_08.png,063_08-vs-096_08
471,/nas-ctm01/datasets/public/BIOMETRICS/Face_Morphing/MAD22/original_sorted/MIPGAN_II/063_08-vs-115_08.png,063_08-vs-115_08.png,063_08-vs-115_08
472,/nas-ctm01/datasets/public/BIOMETRICS/Face_Morphing/MAD22/original_sorted/MIPGAN_II/063_08-vs-125_08.png,063_08-vs-125_08.png,063_08-vs-125_08
473,/nas-ctm01/datasets/public/BIOMETRICS/Face_Morphing/MAD22/original_sorted/MIPGAN_II/063_08-vs-130_08.png,063_08-vs-130_08.png,063_08-vs-130_08
474,/nas-ctm01/datasets/public/BIOMETRICS/Face_Morphing/MAD22/original_sorted/MIPGAN_II/063_08-vs-132_08.png,063_08-vs-132_08.png,063_08-vs-132_08
475,/nas-ctm01/datasets/public/BIOMETRICS/Face_Morphing/MAD22/original_sorted/MIPGAN_II/063_08-vs-140_08.png,063_08-vs-140_08.png,063_08-vs-140_08
476,/nas-ctm01/datasets/public/BIOMETRICS/Face_Morphing/MAD22/original_sorted/MIPGAN_II/064_03-vs-094_03.png,064_03-vs-094_03.png,064_03-vs-094_03
477,/nas-ctm01/datasets/public/BIOMETRICS/Face_Morphing/MAD22/original_sorted/MIPGAN_II/064_03-vs-097_03.png,064_03-vs-097_03.png,064_03-vs-097_03
478,/nas-ctm01/datasets/public/BIOMETRICS/Face_Morphing/MAD22/original_sorted/MIPGAN_II/064_03-vs-099_03.png,064_03-vs-099_03.png,064_03-vs-099_03
479,/nas-ctm01/datasets/public/BIOMETRICS/Face_Morphing/MAD22/original_sorted/MIPGAN_II/064_03-vs-122_03.png,064_03-vs-122_03.png,064_03-vs-122_03
480,/nas-ctm01/datasets/public/BIOMETRICS/Face_Morphing/MAD22/original_sorted/MIPGAN_II/064_03-vs-134_03.png,064_03-vs-134_03.png,064_03-vs-134_03
481,/nas-ctm01/datasets/public/BIOMETRICS/Face_Morphing/MAD22/original_sorted/MIPGAN_II/064_03-vs-135_03.png,064_03-vs-135_03.png,064_03-vs-135_03
482,/nas-ctm01/datasets/public/BIOMETRICS/Face_Morphing/MAD22/original_sorted/MIPGAN_II/064_08-vs-066_08.png,064_08-vs-066_08.png,064_08-vs-066_08
483,/nas-ctm01/datasets/public/BIOMETRICS/Face_Morphing/MAD22/original_sorted/MIPGAN_II/064_08-vs-091_08.png,064_08-vs-091_08.png,064_08-vs-091_08
484,/nas-ctm01/datasets/public/BIOMETRICS/Face_Morphing/MAD22/original_sorted/MIPGAN_II/064_08-vs-097_08.png,064_08-vs-097_08.png,064_08-vs-097_08
485,/nas-ctm01/datasets/public/BIOMETRICS/Face_Morphing/MAD22/original_sorted/MIPGAN_II/064_08-vs-099_08.png,064_08-vs-099_08.png,064_08-vs-099_08
486,/nas-ctm01/datasets/public/BIOMETRICS/Face_Morphing/MAD22/original_sorted/MIPGAN_II/064_08-vs-122_08.png,064_08-vs-122_08.png,064_08-vs-122_08
487,/nas-ctm01/datasets/public/BIOMETRICS/Face_Morphing/MAD22/original_sorted/MIPGAN_II/064_08-vs-127_08.png,064_08-vs-127_08.png,064_08-vs-127_08
488,/nas-ctm01/datasets/public/BIOMETRICS/Face_Morphing/MAD22/original_sorted/MIPGAN_II/064_08-vs-134_08.png,064_08-vs-134_08.png,064_08-vs-134_08
489,/nas-ctm01/datasets/public/BIOMETRICS/Face_Morphing/MAD22/original_sorted/MIPGAN_II/066_03-vs-083_03.png,066_03-vs-083_03.png,066_03-vs-083_03
490,/nas-ctm01/datasets/public/BIOMETRICS/Face_Morphing/MAD22/original_sorted/MIPGAN_II/066_03-vs-090_03.png,066_03-vs-090_03.png,066_03-vs-090_03
491,/nas-ctm01/datasets/public/BIOMETRICS/Face_Morphing/MAD22/original_sorted/MIPGAN_II/066_03-vs-094_03.png,066_03-vs-094_03.png,066_03-vs-094_03
492,/nas-ctm01/datasets/public/BIOMETRICS/Face_Morphing/MAD22/original_sorted/MIPGAN_II/066_03-vs-099_03.png,066_03-vs-099_03.png,066_03-vs-099_03
493,/nas-ctm01/datasets/public/BIOMETRICS/Face_Morphing/MAD22/original_sorted/MIPGAN_II/066_03-vs-100_03.png,066_03-vs-100_03.png,066_03-vs-100_03
494,/nas-ctm01/datasets/public/BIOMETRICS/Face_Morphing/MAD22/original_sorted/MIPGAN_II/066_03-vs-113_03.png,066_03-vs-113_03.png,066_03-vs-113_03
495,/nas-ctm01/datasets/public/BIOMETRICS/Face_Morphing/MAD22/original_sorted/MIPGAN_II/066_03-vs-129_03.png,066_03-vs-129_03.png,066_03-vs-129_03
496,/nas-ctm01/datasets/public/BIOMETRICS/Face_Morphing/MAD22/original_sorted/MIPGAN_II/066_08-vs-083_08.png,066_08-vs-083_08.png,066_08-vs-083_08
497,/nas-ctm01/datasets/public/BIOMETRICS/Face_Morphing/MAD22/original_sorted/MIPGAN_II/066_08-vs-087_08.png,066_08-vs-087_08.png,066_08-vs-087_08
498,/nas-ctm01/datasets/public/BIOMETRICS/Face_Morphing/MAD22/original_sorted/MIPGAN_II/066_08-vs-097_08.png,066_08-vs-097_08.png,066_08-vs-097_08
499,/nas-ctm01/datasets/public/BIOMETRICS/Face_Morphing/MAD22/original_sorted/MIPGAN_II/066_08-vs-099_08.png,066_08-vs-099_08.png,066_08-vs-099_08
500,/nas-ctm01/datasets/public/BIOMETRICS/Face_Morphing/MAD22/original_sorted/MIPGAN_II/066_08-vs-126_08.png,066_08-vs-126_08.png,066_08-vs-126_08
501,/nas-ctm01/datasets/public/BIOMETRICS/Face_Morphing/MAD22/original_sorted/MIPGAN_II/066_08-vs-129_08.png,066_08-vs-129_08.png,066_08-vs-129_08
502,/nas-ctm01/datasets/public/BIOMETRICS/Face_Morphing/MAD22/original_sorted/MIPGAN_II/067_03-vs-069_03.png,067_03-vs-069_03.png,067_03-vs-069_03
503,/nas-ctm01/datasets/public/BIOMETRICS/Face_Morphing/MAD22/original_sorted/MIPGAN_II/067_03-vs-130_03.png,067_03-vs-130_03.png,067_03-vs-130_03
504,/nas-ctm01/datasets/public/BIOMETRICS/Face_Morphing/MAD22/original_sorted/MIPGAN_II/067_08-vs-069_08.png,067_08-vs-069_08.png,067_08-vs-069_08
505,/nas-ctm01/datasets/public/BIOMETRICS/Face_Morphing/MAD22/original_sorted/MIPGAN_II/067_08-vs-114_08.png,067_08-vs-114_08.png,067_08-vs-114_08
506,/nas-ctm01/datasets/public/BIOMETRICS/Face_Morphing/MAD22/original_sorted/MIPGAN_II/067_08-vs-115_08.png,067_08-vs-115_08.png,067_08-vs-115_08
507,/nas-ctm01/datasets/public/BIOMETRICS/Face_Morphing/MAD22/original_sorted/MIPGAN_II/067_08-vs-128_08.png,067_08-vs-128_08.png,067_08-vs-128_08
508,/nas-ctm01/datasets/public/BIOMETRICS/Face_Morphing/MAD22/original_sorted/MIPGAN_II/067_08-vs-141_08.png,067_08-vs-141_08.png,067_08-vs-141_08
509,/nas-ctm01/datasets/public/BIOMETRICS/Face_Morphing/MAD22/original_sorted/MIPGAN_II/068_03-vs-115_03.png,068_03-vs-115_03.png,068_03-vs-115_03
510,/nas-ctm01/datasets/public/BIOMETRICS/Face_Morphing/MAD22/original_sorted/MIPGAN_II/068_03-vs-128_03.png,068_03-vs-128_03.png,068_03-vs-128_03
511,/nas-ctm01/datasets/public/BIOMETRICS/Face_Morphing/MAD22/original_sorted/MIPGAN_II/068_03-vs-132_03.png,068_03-vs-132_03.png,068_03-vs-132_03
512,/nas-ctm01/datasets/public/BIOMETRICS/Face_Morphing/MAD22/original_sorted/MIPGAN_II/068_03-vs-138_03.png,068_03-vs-138_03.png,068_03-vs-138_03
513,/nas-ctm01/datasets/public/BIOMETRICS/Face_Morphing/MAD22/original_sorted/MIPGAN_II/068_03-vs-143_03.png,068_03-vs-143_03.png,068_03-vs-143_03
514,/nas-ctm01/datasets/public/BIOMETRICS/Face_Morphing/MAD22/original_sorted/MIPGAN_II/068_08-vs-082_08.png,068_08-vs-082_08.png,068_08-vs-082_08
515,/nas-ctm01/datasets/public/BIOMETRICS/Face_Morphing/MAD22/original_sorted/MIPGAN_II/068_08-vs-128_08.png,068_08-vs-128_08.png,068_08-vs-128_08
516,/nas-ctm01/datasets/public/BIOMETRICS/Face_Morphing/MAD22/original_sorted/MIPGAN_II/068_08-vs-143_08.png,068_08-vs-143_08.png,068_08-vs-143_08
517,/nas-ctm01/datasets/public/BIOMETRICS/Face_Morphing/MAD22/original_sorted/MIPGAN_II/069_03-vs-104_03.png,069_03-vs-104_03.png,069_03-vs-104_03
518,/nas-ctm01/datasets/public/BIOMETRICS/Face_Morphing/MAD22/original_sorted/MIPGAN_II/069_03-vs-115_03.png,069_03-vs-115_03.png,069_03-vs-115_03
519,/nas-ctm01/datasets/public/BIOMETRICS/Face_Morphing/MAD22/original_sorted/MIPGAN_II/069_03-vs-130_03.png,069_03-vs-130_03.png,069_03-vs-130_03
520,/nas-ctm01/datasets/public/BIOMETRICS/Face_Morphing/MAD22/original_sorted/MIPGAN_II/069_03-vs-131_03.png,069_03-vs-131_03.png,069_03-vs-131_03
521,/nas-ctm01/datasets/public/BIOMETRICS/Face_Morphing/MAD22/original_sorted/MIPGAN_II/069_03-vs-172_03.png,069_03-vs-172_03.png,069_03-vs-172_03
522,/nas-ctm01/datasets/public/BIOMETRICS/Face_Morphing/MAD22/original_sorted/MIPGAN_II/069_08-vs-092_08.png,069_08-vs-092_08.png,069_08-vs-092_08
523,/nas-ctm01/datasets/public/BIOMETRICS/Face_Morphing/MAD22/original_sorted/MIPGAN_II/069_08-vs-115_08.png,069_08-vs-115_08.png,069_08-vs-115_08
524,/nas-ctm01/datasets/public/BIOMETRICS/Face_Morphing/MAD22/original_sorted/MIPGAN_II/069_08-vs-130_08.png,069_08-vs-130_08.png,069_08-vs-130_08
525,/nas-ctm01/datasets/public/BIOMETRICS/Face_Morphing/MAD22/original_sorted/MIPGAN_II/069_08-vs-131_08.png,069_08-vs-131_08.png,069_08-vs-131_08
526,/nas-ctm01/datasets/public/BIOMETRICS/Face_Morphing/MAD22/original_sorted/MIPGAN_II/069_08-vs-132_08.png,069_08-vs-132_08.png,069_08-vs-132_08
527,/nas-ctm01/datasets/public/BIOMETRICS/Face_Morphing/MAD22/original_sorted/MIPGAN_II/070_08-vs-108_08.png,070_08-vs-108_08.png,070_08-vs-108_08
528,/nas-ctm01/datasets/public/BIOMETRICS/Face_Morphing/MAD22/original_sorted/MIPGAN_II/070_08-vs-143_08.png,070_08-vs-143_08.png,070_08-vs-143_08
529,/nas-ctm01/datasets/public/BIOMETRICS/Face_Morphing/MAD22/original_sorted/MIPGAN_II/081_08-vs-090_08.png,081_08-vs-090_08.png,081_08-vs-090_08
530,/nas-ctm01/datasets/public/BIOMETRICS/Face_Morphing/MAD22/original_sorted/MIPGAN_II/081_08-vs-091_08.png,081_08-vs-091_08.png,081_08-vs-091_08
531,/nas-ctm01/datasets/public/BIOMETRICS/Face_Morphing/MAD22/original_sorted/MIPGAN_II/081_08-vs-122_08.png,081_08-vs-122_08.png,081_08-vs-122_08
532,/nas-ctm01/datasets/public/BIOMETRICS/Face_Morphing/MAD22/original_sorted/MIPGAN_II/081_08-vs-135_08.png,081_08-vs-135_08.png,081_08-vs-135_08
533,/nas-ctm01/datasets/public/BIOMETRICS/Face_Morphing/MAD22/original_sorted/MIPGAN_II/082_03-vs-105_03.png,082_03-vs-105_03.png,082_03-vs-105_03
534,/nas-ctm01/datasets/public/BIOMETRICS/Face_Morphing/MAD22/original_sorted/MIPGAN_II/082_03-vs-128_03.png,082_03-vs-128_03.png,082_03-vs-128_03
535,/nas-ctm01/datasets/public/BIOMETRICS/Face_Morphing/MAD22/original_sorted/MIPGAN_II/082_03-vs-138_03.png,082_03-vs-138_03.png,082_03-vs-138_03
536,/nas-ctm01/datasets/public/BIOMETRICS/Face_Morphing/MAD22/original_sorted/MIPGAN_II/082_08-vs-101_08.png,082_08-vs-101_08.png,082_08-vs-101_08
537,/nas-ctm01/datasets/public/BIOMETRICS/Face_Morphing/MAD22/original_sorted/MIPGAN_II/082_08-vs-130_08.png,082_08-vs-130_08.png,082_08-vs-130_08
538,/nas-ctm01/datasets/public/BIOMETRICS/Face_Morphing/MAD22/original_sorted/MIPGAN_II/082_08-vs-140_08.png,082_08-vs-140_08.png,082_08-vs-140_08
539,/nas-ctm01/datasets/public/BIOMETRICS/Face_Morphing/MAD22/original_sorted/MIPGAN_II/083_03-vs-113_03.png,083_03-vs-113_03.png,083_03-vs-113_03
540,/nas-ctm01/datasets/public/BIOMETRICS/Face_Morphing/MAD22/original_sorted/MIPGAN_II/083_08-vs-087_08.png,083_08-vs-087_08.png,083_08-vs-087_08
541,/nas-ctm01/datasets/public/BIOMETRICS/Face_Morphing/MAD22/original_sorted/MIPGAN_II/083_08-vs-118_08.png,083_08-vs-118_08.png,083_08-vs-118_08
542,/nas-ctm01/datasets/public/BIOMETRICS/Face_Morphing/MAD22/original_sorted/MIPGAN_II/086_08-vs-091_08.png,086_08-vs-091_08.png,086_08-vs-091_08
543,/nas-ctm01/datasets/public/BIOMETRICS/Face_Morphing/MAD22/original_sorted/MIPGAN_II/087_08-vs-090_08.png,087_08-vs-090_08.png,087_08-vs-090_08
544,/nas-ctm01/datasets/public/BIOMETRICS/Face_Morphing/MAD22/original_sorted/MIPGAN_II/087_08-vs-102_08.png,087_08-vs-102_08.png,087_08-vs-102_08
545,/nas-ctm01/datasets/public/BIOMETRICS/Face_Morphing/MAD22/original_sorted/MIPGAN_II/087_08-vs-118_08.png,087_08-vs-118_08.png,087_08-vs-118_08
546,/nas-ctm01/datasets/public/BIOMETRICS/Face_Morphing/MAD22/original_sorted/MIPGAN_II/087_08-vs-124_08.png,087_08-vs-124_08.png,087_08-vs-124_08
547,/nas-ctm01/datasets/public/BIOMETRICS/Face_Morphing/MAD22/original_sorted/MIPGAN_II/087_08-vs-135_08.png,087_08-vs-135_08.png,087_08-vs-135_08
548,/nas-ctm01/datasets/public/BIOMETRICS/Face_Morphing/MAD22/original_sorted/MIPGAN_II/087_08-vs-136_08.png,087_08-vs-136_08.png,087_08-vs-136_08
549,/nas-ctm01/datasets/public/BIOMETRICS/Face_Morphing/MAD22/original_sorted/MIPGAN_II/090_03-vs-102_03.png,090_03-vs-102_03.png,090_03-vs-102_03
550,/nas-ctm01/datasets/public/BIOMETRICS/Face_Morphing/MAD22/original_sorted/MIPGAN_II/090_03-vs-107_03.png,090_03-vs-107_03.png,090_03-vs-107_03
551,/nas-ctm01/datasets/public/BIOMETRICS/Face_Morphing/MAD22/original_sorted/MIPGAN_II/090_03-vs-122_03.png,090_03-vs-122_03.png,090_03-vs-122_03
552,/nas-ctm01/datasets/public/BIOMETRICS/Face_Morphing/MAD22/original_sorted/MIPGAN_II/090_03-vs-135_03.png,090_03-vs-135_03.png,090_03-vs-135_03
553,/nas-ctm01/datasets/public/BIOMETRICS/Face_Morphing/MAD22/original_sorted/MIPGAN_II/090_08-vs-097_08.png,090_08-vs-097_08.png,090_08-vs-097_08
554,/nas-ctm01/datasets/public/BIOMETRICS/Face_Morphing/MAD22/original_sorted/MIPGAN_II/090_08-vs-102_08.png,090_08-vs-102_08.png,090_08-vs-102_08
555,/nas-ctm01/datasets/public/BIOMETRICS/Face_Morphing/MAD22/original_sorted/MIPGAN_II/090_08-vs-107_08.png,090_08-vs-107_08.png,090_08-vs-107_08
556,/nas-ctm01/datasets/public/BIOMETRICS/Face_Morphing/MAD22/original_sorted/MIPGAN_II/090_08-vs-122_08.png,090_08-vs-122_08.png,090_08-vs-122_08
557,/nas-ctm01/datasets/public/BIOMETRICS/Face_Morphing/MAD22/original_sorted/MIPGAN_II/090_08-vs-127_08.png,090_08-vs-127_08.png,090_08-vs-127_08
558,/nas-ctm01/datasets/public/BIOMETRICS/Face_Morphing/MAD22/original_sorted/MIPGAN_II/090_08-vs-135_08.png,090_08-vs-135_08.png,090_08-vs-135_08
559,/nas-ctm01/datasets/public/BIOMETRICS/Face_Morphing/MAD22/original_sorted/MIPGAN_II/091_08-vs-097_08.png,091_08-vs-097_08.png,091_08-vs-097_08
560,/nas-ctm01/datasets/public/BIOMETRICS/Face_Morphing/MAD22/original_sorted/MIPGAN_II/092_03-vs-104_03.png,092_03-vs-104_03.png,092_03-vs-104_03
561,/nas-ctm01/datasets/public/BIOMETRICS/Face_Morphing/MAD22/original_sorted/MIPGAN_II/092_03-vs-128_03.png,092_03-vs-128_03.png,092_03-vs-128_03
562,/nas-ctm01/datasets/public/BIOMETRICS/Face_Morphing/MAD22/original_sorted/MIPGAN_II/092_08-vs-123_08.png,092_08-vs-123_08.png,092_08-vs-123_08
563,/nas-ctm01/datasets/public/BIOMETRICS/Face_Morphing/MAD22/original_sorted/MIPGAN_II/092_08-vs-128_08.png,092_08-vs-128_08.png,092_08-vs-128_08
564,/nas-ctm01/datasets/public/BIOMETRICS/Face_Morphing/MAD22/original_sorted/MIPGAN_II/092_08-vs-143_08.png,092_08-vs-143_08.png,092_08-vs-143_08
565,/nas-ctm01/datasets/public/BIOMETRICS/Face_Morphing/MAD22/original_sorted/MIPGAN_II/094_03-vs-099_03.png,094_03-vs-099_03.png,094_03-vs-099_03
566,/nas-ctm01/datasets/public/BIOMETRICS/Face_Morphing/MAD22/original_sorted/MIPGAN_II/094_03-vs-102_03.png,094_03-vs-102_03.png,094_03-vs-102_03
567,/nas-ctm01/datasets/public/BIOMETRICS/Face_Morphing/MAD22/original_sorted/MIPGAN_II/094_03-vs-124_03.png,094_03-vs-124_03.png,094_03-vs-124_03
568,/nas-ctm01/datasets/public/BIOMETRICS/Face_Morphing/MAD22/original_sorted/MIPGAN_II/094_03-vs-126_03.png,094_03-vs-126_03.png,094_03-vs-126_03
569,/nas-ctm01/datasets/public/BIOMETRICS/Face_Morphing/MAD22/original_sorted/MIPGAN_II/094_03-vs-139_03.png,094_03-vs-139_03.png,094_03-vs-139_03
570,/nas-ctm01/datasets/public/BIOMETRICS/Face_Morphing/MAD22/original_sorted/MIPGAN_II/094_08-vs-097_08.png,094_08-vs-097_08.png,094_08-vs-097_08
571,/nas-ctm01/datasets/public/BIOMETRICS/Face_Morphing/MAD22/original_sorted/MIPGAN_II/094_08-vs-099_08.png,094_08-vs-099_08.png,094_08-vs-099_08
572,/nas-ctm01/datasets/public/BIOMETRICS/Face_Morphing/MAD22/original_sorted/MIPGAN_II/094_08-vs-124_08.png,094_08-vs-124_08.png,094_08-vs-124_08
573,/nas-ctm01/datasets/public/BIOMETRICS/Face_Morphing/MAD22/original_sorted/MIPGAN_II/094_08-vs-126_08.png,094_08-vs-126_08.png,094_08-vs-126_08
574,/nas-ctm01/datasets/public/BIOMETRICS/Face_Morphing/MAD22/original_sorted/MIPGAN_II/094_08-vs-127_08.png,094_08-vs-127_08.png,094_08-vs-127_08
575,/nas-ctm01/datasets/public/BIOMETRICS/Face_Morphing/MAD22/original_sorted/MIPGAN_II/094_08-vs-139_08.png,094_08-vs-139_08.png,094_08-vs-139_08
576,/nas-ctm01/datasets/public/BIOMETRICS/Face_Morphing/MAD22/original_sorted/MIPGAN_II/096_03-vs-104_03.png,096_03-vs-104_03.png,096_03-vs-104_03
577,/nas-ctm01/datasets/public/BIOMETRICS/Face_Morphing/MAD22/original_sorted/MIPGAN_II/096_03-vs-128_03.png,096_03-vs-128_03.png,096_03-vs-128_03
578,/nas-ctm01/datasets/public/BIOMETRICS/Face_Morphing/MAD22/original_sorted/MIPGAN_II/096_03-vs-130_03.png,096_03-vs-130_03.png,096_03-vs-130_03
579,/nas-ctm01/datasets/public/BIOMETRICS/Face_Morphing/MAD22/original_sorted/MIPGAN_II/096_03-vs-137_03.png,096_03-vs-137_03.png,096_03-vs-137_03
580,/nas-ctm01/datasets/public/BIOMETRICS/Face_Morphing/MAD22/original_sorted/MIPGAN_II/096_03-vs-141_03.png,096_03-vs-141_03.png,096_03-vs-141_03
581,/nas-ctm01/datasets/public/BIOMETRICS/Face_Morphing/MAD22/original_sorted/MIPGAN_II/096_08-vs-128_08.png,096_08-vs-128_08.png,096_08-vs-128_08
582,/nas-ctm01/datasets/public/BIOMETRICS/Face_Morphing/MAD22/original_sorted/MIPGAN_II/097_03-vs-099_03.png,097_03-vs-099_03.png,097_03-vs-099_03
583,/nas-ctm01/datasets/public/BIOMETRICS/Face_Morphing/MAD22/original_sorted/MIPGAN_II/097_03-vs-112_03.png,097_03-vs-112_03.png,097_03-vs-112_03
584,/nas-ctm01/datasets/public/BIOMETRICS/Face_Morphing/MAD22/original_sorted/MIPGAN_II/097_03-vs-118_03.png,097_03-vs-118_03.png,097_03-vs-118_03
585,/nas-ctm01/datasets/public/BIOMETRICS/Face_Morphing/MAD22/original_sorted/MIPGAN_II/097_03-vs-129_03.png,097_03-vs-129_03.png,097_03-vs-129_03
586,/nas-ctm01/datasets/public/BIOMETRICS/Face_Morphing/MAD22/original_sorted/MIPGAN_II/097_03-vs-135_03.png,097_03-vs-135_03.png,097_03-vs-135_03
587,/nas-ctm01/datasets/public/BIOMETRICS/Face_Morphing/MAD22/original_sorted/MIPGAN_II/097_03-vs-144_03.png,097_03-vs-144_03.png,097_03-vs-144_03
588,/nas-ctm01/datasets/public/BIOMETRICS/Face_Morphing/MAD22/original_sorted/MIPGAN_II/097_08-vs-102_08.png,097_08-vs-102_08.png,097_08-vs-102_08
589,/nas-ctm01/datasets/public/BIOMETRICS/Face_Morphing/MAD22/original_sorted/MIPGAN_II/097_08-vs-118_08.png,097_08-vs-118_08.png,097_08-vs-118_08
590,/nas-ctm01/datasets/public/BIOMETRICS/Face_Morphing/MAD22/original_sorted/MIPGAN_II/097_08-vs-120_08.png,097_08-vs-120_08.png,097_08-vs-120_08
591,/nas-ctm01/datasets/public/BIOMETRICS/Face_Morphing/MAD22/original_sorted/MIPGAN_II/097_08-vs-139_08.png,097_08-vs-139_08.png,097_08-vs-139_08
592,/nas-ctm01/datasets/public/BIOMETRICS/Face_Morphing/MAD22/original_sorted/MIPGAN_II/097_08-vs-144_08.png,097_08-vs-144_08.png,097_08-vs-144_08
593,/nas-ctm01/datasets/public/BIOMETRICS/Face_Morphing/MAD22/original_sorted/MIPGAN_II/099_03-vs-122_03.png,099_03-vs-122_03.png,099_03-vs-122_03
594,/nas-ctm01/datasets/public/BIOMETRICS/Face_Morphing/MAD22/original_sorted/MIPGAN_II/099_03-vs-126_03.png,099_03-vs-126_03.png,099_03-vs-126_03
595,/nas-ctm01/datasets/public/BIOMETRICS/Face_Morphing/MAD22/original_sorted/MIPGAN_II/099_08-vs-126_08.png,099_08-vs-126_08.png,099_08-vs-126_08
596,/nas-ctm01/datasets/public/BIOMETRICS/Face_Morphing/MAD22/original_sorted/MIPGAN_II/100_03-vs-118_03.png,100_03-vs-118_03.png,100_03-vs-118_03
597,/nas-ctm01/datasets/public/BIOMETRICS/Face_Morphing/MAD22/original_sorted/MIPGAN_II/100_03-vs-122_03.png,100_03-vs-122_03.png,100_03-vs-122_03
598,/nas-ctm01/datasets/public/BIOMETRICS/Face_Morphing/MAD22/original_sorted/MIPGAN_II/100_03-vs-136_03.png,100_03-vs-136_03.png,100_03-vs-136_03
599,/nas-ctm01/datasets/public/BIOMETRICS/Face_Morphing/MAD22/original_sorted/MIPGAN_II/101_03-vs-105_03.png,101_03-vs-105_03.png,101_03-vs-105_03
600,/nas-ctm01/datasets/public/BIOMETRICS/Face_Morphing/MAD22/original_sorted/MIPGAN_II/101_03-vs-121_03.png,101_03-vs-121_03.png,101_03-vs-121_03
601,/nas-ctm01/datasets/public/BIOMETRICS/Face_Morphing/MAD22/original_sorted/MIPGAN_II/101_03-vs-131_03.png,101_03-vs-131_03.png,101_03-vs-131_03
602,/nas-ctm01/datasets/public/BIOMETRICS/Face_Morphing/MAD22/original_sorted/MIPGAN_II/101_03-vs-132_03.png,101_03-vs-132_03.png,101_03-vs-132_03
603,/nas-ctm01/datasets/public/BIOMETRICS/Face_Morphing/MAD22/original_sorted/MIPGAN_II/101_08-vs-117_08.png,101_08-vs-117_08.png,101_08-vs-117_08
604,/nas-ctm01/datasets/public/BIOMETRICS/Face_Morphing/MAD22/original_sorted/MIPGAN_II/101_08-vs-121_08.png,101_08-vs-121_08.png,101_08-vs-121_08
605,/nas-ctm01/datasets/public/BIOMETRICS/Face_Morphing/MAD22/original_sorted/MIPGAN_II/101_08-vs-123_08.png,101_08-vs-123_08.png,101_08-vs-123_08
606,/nas-ctm01/datasets/public/BIOMETRICS/Face_Morphing/MAD22/original_sorted/MIPGAN_II/101_08-vs-131_08.png,101_08-vs-131_08.png,101_08-vs-131_08
607,/nas-ctm01/datasets/public/BIOMETRICS/Face_Morphing/MAD22/original_sorted/MIPGAN_II/101_08-vs-132_08.png,101_08-vs-132_08.png,101_08-vs-132_08
608,/nas-ctm01/datasets/public/BIOMETRICS/Face_Morphing/MAD22/original_sorted/MIPGAN_II/101_08-vs-140_08.png,101_08-vs-140_08.png,101_08-vs-140_08
609,/nas-ctm01/datasets/public/BIOMETRICS/Face_Morphing/MAD22/original_sorted/MIPGAN_II/102_03-vs-107_03.png,102_03-vs-107_03.png,102_03-vs-107_03
610,/nas-ctm01/datasets/public/BIOMETRICS/Face_Morphing/MAD22/original_sorted/MIPGAN_II/102_03-vs-118_03.png,102_03-vs-118_03.png,102_03-vs-118_03
611,/nas-ctm01/datasets/public/BIOMETRICS/Face_Morphing/MAD22/original_sorted/MIPGAN_II/102_03-vs-136_03.png,102_03-vs-136_03.png,102_03-vs-136_03
612,/nas-ctm01/datasets/public/BIOMETRICS/Face_Morphing/MAD22/original_sorted/MIPGAN_II/102_03-vs-139_03.png,102_03-vs-139_03.png,102_03-vs-139_03
613,/nas-ctm01/datasets/public/BIOMETRICS/Face_Morphing/MAD22/original_sorted/MIPGAN_II/102_03-vs-144_03.png,102_03-vs-144_03.png,102_03-vs-144_03
614,/nas-ctm01/datasets/public/BIOMETRICS/Face_Morphing/MAD22/original_sorted/MIPGAN_II/102_08-vs-118_08.png,102_08-vs-118_08.png,102_08-vs-118_08
615,/nas-ctm01/datasets/public/BIOMETRICS/Face_Morphing/MAD22/original_sorted/MIPGAN_II/102_08-vs-122_08.png,102_08-vs-122_08.png,102_08-vs-122_08
616,/nas-ctm01/datasets/public/BIOMETRICS/Face_Morphing/MAD22/original_sorted/MIPGAN_II/102_08-vs-124_08.png,102_08-vs-124_08.png,102_08-vs-124_08
617,/nas-ctm01/datasets/public/BIOMETRICS/Face_Morphing/MAD22/original_sorted/MIPGAN_II/102_08-vs-136_08.png,102_08-vs-136_08.png,102_08-vs-136_08
618,/nas-ctm01/datasets/public/BIOMETRICS/Face_Morphing/MAD22/original_sorted/MIPGAN_II/102_08-vs-139_08.png,102_08-vs-139_08.png,102_08-vs-139_08
619,/nas-ctm01/datasets/public/BIOMETRICS/Face_Morphing/MAD22/original_sorted/MIPGAN_II/102_08-vs-144_08.png,102_08-vs-144_08.png,102_08-vs-144_08
620,/nas-ctm01/datasets/public/BIOMETRICS/Face_Morphing/MAD22/original_sorted/MIPGAN_II/103_03-vs-108_03.png,103_03-vs-108_03.png,103_03-vs-108_03
621,/nas-ctm01/datasets/public/BIOMETRICS/Face_Morphing/MAD22/original_sorted/MIPGAN_II/103_03-vs-128_03.png,103_03-vs-128_03.png,103_03-vs-128_03
622,/nas-ctm01/datasets/public/BIOMETRICS/Face_Morphing/MAD22/original_sorted/MIPGAN_II/103_03-vs-143_03.png,103_03-vs-143_03.png,103_03-vs-143_03
623,/nas-ctm01/datasets/public/BIOMETRICS/Face_Morphing/MAD22/original_sorted/MIPGAN_II/103_08-vs-108_08.png,103_08-vs-108_08.png,103_08-vs-108_08
624,/nas-ctm01/datasets/public/BIOMETRICS/Face_Morphing/MAD22/original_sorted/MIPGAN_II/103_08-vs-128_08.png,103_08-vs-128_08.png,103_08-vs-128_08
625,/nas-ctm01/datasets/public/BIOMETRICS/Face_Morphing/MAD22/original_sorted/MIPGAN_II/104_03-vs-123_03.png,104_03-vs-123_03.png,104_03-vs-123_03
626,/nas-ctm01/datasets/public/BIOMETRICS/Face_Morphing/MAD22/original_sorted/MIPGAN_II/104_03-vs-130_03.png,104_03-vs-130_03.png,104_03-vs-130_03
627,/nas-ctm01/datasets/public/BIOMETRICS/Face_Morphing/MAD22/original_sorted/MIPGAN_II/105_03-vs-121_03.png,105_03-vs-121_03.png,105_03-vs-121_03
628,/nas-ctm01/datasets/public/BIOMETRICS/Face_Morphing/MAD22/original_sorted/MIPGAN_II/105_03-vs-141_03.png,105_03-vs-141_03.png,105_03-vs-141_03
629,/nas-ctm01/datasets/public/BIOMETRICS/Face_Morphing/MAD22/original_sorted/MIPGAN_II/107_03-vs-139_03.png,107_03-vs-139_03.png,107_03-vs-139_03
630,/nas-ctm01/datasets/public/BIOMETRICS/Face_Morphing/MAD22/original_sorted/MIPGAN_II/107_08-vs-118_08.png,107_08-vs-118_08.png,107_08-vs-118_08
631,/nas-ctm01/datasets/public/BIOMETRICS/Face_Morphing/MAD22/original_sorted/MIPGAN_II/107_08-vs-139_08.png,107_08-vs-139_08.png,107_08-vs-139_08
632,/nas-ctm01/datasets/public/BIOMETRICS/Face_Morphing/MAD22/original_sorted/MIPGAN_II/108_03-vs-128_03.png,108_03-vs-128_03.png,108_03-vs-128_03
633,/nas-ctm01/datasets/public/BIOMETRICS/Face_Morphing/MAD22/original_sorted/MIPGAN_II/108_03-vs-143_03.png,108_03-vs-143_03.png,108_03-vs-143_03
634,/nas-ctm01/datasets/public/BIOMETRICS/Face_Morphing/MAD22/original_sorted/MIPGAN_II/108_08-vs-119_08.png,108_08-vs-119_08.png,108_08-vs-119_08
635,/nas-ctm01/datasets/public/BIOMETRICS/Face_Morphing/MAD22/original_sorted/MIPGAN_II/108_08-vs-128_08.png,108_08-vs-128_08.png,108_08-vs-128_08
636,/nas-ctm01/datasets/public/BIOMETRICS/Face_Morphing/MAD22/original_sorted/MIPGAN_II/108_08-vs-142_08.png,108_08-vs-142_08.png,108_08-vs-142_08
637,/nas-ctm01/datasets/public/BIOMETRICS/Face_Morphing/MAD22/original_sorted/MIPGAN_II/108_08-vs-143_08.png,108_08-vs-143_08.png,108_08-vs-143_08
638,/nas-ctm01/datasets/public/BIOMETRICS/Face_Morphing/MAD22/original_sorted/MIPGAN_II/112_03-vs-122_03.png,112_03-vs-122_03.png,112_03-vs-122_03
639,/nas-ctm01/datasets/public/BIOMETRICS/Face_Morphing/MAD22/original_sorted/MIPGAN_II/112_03-vs-129_03.png,112_03-vs-129_03.png,112_03-vs-129_03
640,/nas-ctm01/datasets/public/BIOMETRICS/Face_Morphing/MAD22/original_sorted/MIPGAN_II/112_03-vs-134_03.png,112_03-vs-134_03.png,112_03-vs-134_03
641,/nas-ctm01/datasets/public/BIOMETRICS/Face_Morphing/MAD22/original_sorted/MIPGAN_II/112_03-vs-139_03.png,112_03-vs-139_03.png,112_03-vs-139_03
642,/nas-ctm01/datasets/public/BIOMETRICS/Face_Morphing/MAD22/original_sorted/MIPGAN_II/113_03-vs-118_03.png,113_03-vs-118_03.png,113_03-vs-118_03
643,/nas-ctm01/datasets/public/BIOMETRICS/Face_Morphing/MAD22/original_sorted/MIPGAN_II/113_08-vs-118_08.png,113_08-vs-118_08.png,113_08-vs-118_08
644,/nas-ctm01/datasets/public/BIOMETRICS/Face_Morphing/MAD22/original_sorted/MIPGAN_II/113_08-vs-139_08.png,113_08-vs-139_08.png,113_08-vs-139_08
645,/nas-ctm01/datasets/public/BIOMETRICS/Face_Morphing/MAD22/original_sorted/MIPGAN_II/114_08-vs-125_08.png,114_08-vs-125_08.png,114_08-vs-125_08
646,/nas-ctm01/datasets/public/BIOMETRICS/Face_Morphing/MAD22/original_sorted/MIPGAN_II/114_08-vs-128_08.png,114_08-vs-128_08.png,114_08-vs-128_08
647,/nas-ctm01/datasets/public/BIOMETRICS/Face_Morphing/MAD22/original_sorted/MIPGAN_II/114_08-vs-132_08.png,114_08-vs-132_08.png,114_08-vs-132_08
648,/nas-ctm01/datasets/public/BIOMETRICS/Face_Morphing/MAD22/original_sorted/MIPGAN_II/115_03-vs-123_03.png,115_03-vs-123_03.png,115_03-vs-123_03
649,/nas-ctm01/datasets/public/BIOMETRICS/Face_Morphing/MAD22/original_sorted/MIPGAN_II/115_03-vs-125_03.png,115_03-vs-125_03.png,115_03-vs-125_03
650,/nas-ctm01/datasets/public/BIOMETRICS/Face_Morphing/MAD22/original_sorted/MIPGAN_II/115_03-vs-132_03.png,115_03-vs-132_03.png,115_03-vs-132_03
651,/nas-ctm01/datasets/public/BIOMETRICS/Face_Morphing/MAD22/original_sorted/MIPGAN_II/115_03-vs-142_03.png,115_03-vs-142_03.png,115_03-vs-142_03
652,/nas-ctm01/datasets/public/BIOMETRICS/Face_Morphing/MAD22/original_sorted/MIPGAN_II/115_08-vs-125_08.png,115_08-vs-125_08.png,115_08-vs-125_08
653,/nas-ctm01/datasets/public/BIOMETRICS/Face_Morphing/MAD22/original_sorted/MIPGAN_II/115_08-vs-132_08.png,115_08-vs-132_08.png,115_08-vs-132_08
654,/nas-ctm01/datasets/public/BIOMETRICS/Face_Morphing/MAD22/original_sorted/MIPGAN_II/115_08-vs-142_08.png,115_08-vs-142_08.png,115_08-vs-142_08
655,/nas-ctm01/datasets/public/BIOMETRICS/Face_Morphing/MAD22/original_sorted/MIPGAN_II/117_08-vs-121_08.png,117_08-vs-121_08.png,117_08-vs-121_08
656,/nas-ctm01/datasets/public/BIOMETRICS/Face_Morphing/MAD22/original_sorted/MIPGAN_II/117_08-vs-123_08.png,117_08-vs-123_08.png,117_08-vs-123_08
657,/nas-ctm01/datasets/public/BIOMETRICS/Face_Morphing/MAD22/original_sorted/MIPGAN_II/117_08-vs-141_08.png,117_08-vs-141_08.png,117_08-vs-141_08
658,/nas-ctm01/datasets/public/BIOMETRICS/Face_Morphing/MAD22/original_sorted/MIPGAN_II/117_08-vs-173_08.png,117_08-vs-173_08.png,117_08-vs-173_08
659,/nas-ctm01/datasets/public/BIOMETRICS/Face_Morphing/MAD22/original_sorted/MIPGAN_II/118_03-vs-139_03.png,118_03-vs-139_03.png,118_03-vs-139_03
660,/nas-ctm01/datasets/public/BIOMETRICS/Face_Morphing/MAD22/original_sorted/MIPGAN_II/118_08-vs-139_08.png,118_08-vs-139_08.png,118_08-vs-139_08
661,/nas-ctm01/datasets/public/BIOMETRICS/Face_Morphing/MAD22/original_sorted/MIPGAN_II/118_08-vs-144_08.png,118_08-vs-144_08.png,118_08-vs-144_08
662,/nas-ctm01/datasets/public/BIOMETRICS/Face_Morphing/MAD22/original_sorted/MIPGAN_II/119_08-vs-140_08.png,119_08-vs-140_08.png,119_08-vs-140_08
663,/nas-ctm01/datasets/public/BIOMETRICS/Face_Morphing/MAD22/original_sorted/MIPGAN_II/120_03-vs-136_03.png,120_03-vs-136_03.png,120_03-vs-136_03
664,/nas-ctm01/datasets/public/BIOMETRICS/Face_Morphing/MAD22/original_sorted/MIPGAN_II/120_03-vs-144_03.png,120_03-vs-144_03.png,120_03-vs-144_03
665,/nas-ctm01/datasets/public/BIOMETRICS/Face_Morphing/MAD22/original_sorted/MIPGAN_II/120_08-vs-135_08.png,120_08-vs-135_08.png,120_08-vs-135_08
666,/nas-ctm01/datasets/public/BIOMETRICS/Face_Morphing/MAD22/original_sorted/MIPGAN_II/120_08-vs-136_08.png,120_08-vs-136_08.png,120_08-vs-136_08
667,/nas-ctm01/datasets/public/BIOMETRICS/Face_Morphing/MAD22/original_sorted/MIPGAN_II/120_08-vs-144_08.png,120_08-vs-144_08.png,120_08-vs-144_08
668,/nas-ctm01/datasets/public/BIOMETRICS/Face_Morphing/MAD22/original_sorted/MIPGAN_II/121_03-vs-137_03.png,121_03-vs-137_03.png,121_03-vs-137_03
669,/nas-ctm01/datasets/public/BIOMETRICS/Face_Morphing/MAD22/original_sorted/MIPGAN_II/121_03-vs-142_03.png,121_03-vs-142_03.png,121_03-vs-142_03
670,/nas-ctm01/datasets/public/BIOMETRICS/Face_Morphing/MAD22/original_sorted/MIPGAN_II/121_08-vs-142_08.png,121_08-vs-142_08.png,121_08-vs-142_08
671,/nas-ctm01/datasets/public/BIOMETRICS/Face_Morphing/MAD22/original_sorted/MIPGAN_II/122_03-vs-129_03.png,122_03-vs-129_03.png,122_03-vs-129_03
672,/nas-ctm01/datasets/public/BIOMETRICS/Face_Morphing/MAD22/original_sorted/MIPGAN_II/122_08-vs-129_08.png,122_08-vs-129_08.png,122_08-vs-129_08
673,/nas-ctm01/datasets/public/BIOMETRICS/Face_Morphing/MAD22/original_sorted/MIPGAN_II/122_08-vs-139_08.png,122_08-vs-139_08.png,122_08-vs-139_08
674,/nas-ctm01/datasets/public/BIOMETRICS/Face_Morphing/MAD22/original_sorted/MIPGAN_II/123_03-vs-130_03.png,123_03-vs-130_03.png,123_03-vs-130_03
675,/nas-ctm01/datasets/public/BIOMETRICS/Face_Morphing/MAD22/original_sorted/MIPGAN_II/123_03-vs-138_03.png,123_03-vs-138_03.png,123_03-vs-138_03
676,/nas-ctm01/datasets/public/BIOMETRICS/Face_Morphing/MAD22/original_sorted/MIPGAN_II/123_03-vs-142_03.png,123_03-vs-142_03.png,123_03-vs-142_03
677,/nas-ctm01/datasets/public/BIOMETRICS/Face_Morphing/MAD22/original_sorted/MIPGAN_II/123_03-vs-173_03.png,123_03-vs-173_03.png,123_03-vs-173_03
678,/nas-ctm01/datasets/public/BIOMETRICS/Face_Morphing/MAD22/original_sorted/MIPGAN_II/124_03-vs-126_03.png,124_03-vs-126_03.png,124_03-vs-126_03
679,/nas-ctm01/datasets/public/BIOMETRICS/Face_Morphing/MAD22/original_sorted/MIPGAN_II/124_03-vs-136_03.png,124_03-vs-136_03.png,124_03-vs-136_03
680,/nas-ctm01/datasets/public/BIOMETRICS/Face_Morphing/MAD22/original_sorted/MIPGAN_II/124_08-vs-136_08.png,124_08-vs-136_08.png,124_08-vs-136_08
681,/nas-ctm01/datasets/public/BIOMETRICS/Face_Morphing/MAD22/original_sorted/MIPGAN_II/125_03-vs-132_03.png,125_03-vs-132_03.png,125_03-vs-132_03
682,/nas-ctm01/datasets/public/BIOMETRICS/Face_Morphing/MAD22/original_sorted/MIPGAN_II/125_03-vs-138_03.png,125_03-vs-138_03.png,125_03-vs-138_03
683,/nas-ctm01/datasets/public/BIOMETRICS/Face_Morphing/MAD22/original_sorted/MIPGAN_II/125_03-vs-172_03.png,125_03-vs-172_03.png,125_03-vs-172_03
684,/nas-ctm01/datasets/public/BIOMETRICS/Face_Morphing/MAD22/original_sorted/MIPGAN_II/125_03-vs-173_03.png,125_03-vs-173_03.png,125_03-vs-173_03
685,/nas-ctm01/datasets/public/BIOMETRICS/Face_Morphing/MAD22/original_sorted/MIPGAN_II/125_08-vs-141_08.png,125_08-vs-141_08.png,125_08-vs-141_08
686,/nas-ctm01/datasets/public/BIOMETRICS/Face_Morphing/MAD22/original_sorted/MIPGAN_II/125_08-vs-172_08.png,125_08-vs-172_08.png,125_08-vs-172_08
687,/nas-ctm01/datasets/public/BIOMETRICS/Face_Morphing/MAD22/original_sorted/MIPGAN_II/125_08-vs-173_08.png,125_08-vs-173_08.png,125_08-vs-173_08
688,/nas-ctm01/datasets/public/BIOMETRICS/Face_Morphing/MAD22/original_sorted/MIPGAN_II/126_03-vs-136_03.png,126_03-vs-136_03.png,126_03-vs-136_03
689,/nas-ctm01/datasets/public/BIOMETRICS/Face_Morphing/MAD22/original_sorted/MIPGAN_II/126_03-vs-144_03.png,126_03-vs-144_03.png,126_03-vs-144_03
690,/nas-ctm01/datasets/public/BIOMETRICS/Face_Morphing/MAD22/original_sorted/MIPGAN_II/126_08-vs-127_08.png,126_08-vs-127_08.png,126_08-vs-127_08
691,/nas-ctm01/datasets/public/BIOMETRICS/Face_Morphing/MAD22/original_sorted/MIPGAN_II/126_08-vs-136_08.png,126_08-vs-136_08.png,126_08-vs-136_08
692,/nas-ctm01/datasets/public/BIOMETRICS/Face_Morphing/MAD22/original_sorted/MIPGAN_II/126_08-vs-144_08.png,126_08-vs-144_08.png,126_08-vs-144_08
693,/nas-ctm01/datasets/public/BIOMETRICS/Face_Morphing/MAD22/original_sorted/MIPGAN_II/128_03-vs-130_03.png,128_03-vs-130_03.png,128_03-vs-130_03
694,/nas-ctm01/datasets/public/BIOMETRICS/Face_Morphing/MAD22/original_sorted/MIPGAN_II/128_03-vs-138_03.png,128_03-vs-138_03.png,128_03-vs-138_03
695,/nas-ctm01/datasets/public/BIOMETRICS/Face_Morphing/MAD22/original_sorted/MIPGAN_II/128_03-vs-141_03.png,128_03-vs-141_03.png,128_03-vs-141_03
696,/nas-ctm01/datasets/public/BIOMETRICS/Face_Morphing/MAD22/original_sorted/MIPGAN_II/128_03-vs-142_03.png,128_03-vs-142_03.png,128_03-vs-142_03
697,/nas-ctm01/datasets/public/BIOMETRICS/Face_Morphing/MAD22/original_sorted/MIPGAN_II/128_03-vs-143_03.png,128_03-vs-143_03.png,128_03-vs-143_03
698,/nas-ctm01/datasets/public/BIOMETRICS/Face_Morphing/MAD22/original_sorted/MIPGAN_II/128_08-vs-130_08.png,128_08-vs-130_08.png,128_08-vs-130_08
699,/nas-ctm01/datasets/public/BIOMETRICS/Face_Morphing/MAD22/original_sorted/MIPGAN_II/128_08-vs-132_08.png,128_08-vs-132_08.png,128_08-vs-132_08
700,/nas-ctm01/datasets/public/BIOMETRICS/Face_Morphing/MAD22/original_sorted/MIPGAN_II/128_08-vs-140_08.png,128_08-vs-140_08.png,128_08-vs-140_08
701,/nas-ctm01/datasets/public/BIOMETRICS/Face_Morphing/MAD22/original_sorted/MIPGAN_II/128_08-vs-141_08.png,128_08-vs-141_08.png,128_08-vs-141_08
702,/nas-ctm01/datasets/public/BIOMETRICS/Face_Morphing/MAD22/original_sorted/MIPGAN_II/128_08-vs-143_08.png,128_08-vs-143_08.png,128_08-vs-143_08
703,/nas-ctm01/datasets/public/BIOMETRICS/Face_Morphing/MAD22/original_sorted/MIPGAN_II/130_03-vs-131_03.png,130_03-vs-131_03.png,130_03-vs-131_03
704,/nas-ctm01/datasets/public/BIOMETRICS/Face_Morphing/MAD22/original_sorted/MIPGAN_II/130_03-vs-138_03.png,130_03-vs-138_03.png,130_03-vs-138_03
705,/nas-ctm01/datasets/public/BIOMETRICS/Face_Morphing/MAD22/original_sorted/MIPGAN_II/130_03-vs-141_03.png,130_03-vs-141_03.png,130_03-vs-141_03
706,/nas-ctm01/datasets/public/BIOMETRICS/Face_Morphing/MAD22/original_sorted/MIPGAN_II/130_08-vs-131_08.png,130_08-vs-131_08.png,130_08-vs-131_08
707,/nas-ctm01/datasets/public/BIOMETRICS/Face_Morphing/MAD22/original_sorted/MIPGAN_II/130_08-vs-132_08.png,130_08-vs-132_08.png,130_08-vs-132_08
708,/nas-ctm01/datasets/public/BIOMETRICS/Face_Morphing/MAD22/original_sorted/MIPGAN_II/131_03-vs-138_03.png,131_03-vs-138_03.png,131_03-vs-138_03
709,/nas-ctm01/datasets/public/BIOMETRICS/Face_Morphing/MAD22/original_sorted/MIPGAN_II/131_03-vs-172_03.png,131_03-vs-172_03.png,131_03-vs-172_03
710,/nas-ctm01/datasets/public/BIOMETRICS/Face_Morphing/MAD22/original_sorted/MIPGAN_II/131_08-vs-172_08.png,131_08-vs-172_08.png,131_08-vs-172_08
711,/nas-ctm01/datasets/public/BIOMETRICS/Face_Morphing/MAD22/original_sorted/MIPGAN_II/132_03-vs-172_03.png,132_03-vs-172_03.png,132_03-vs-172_03
712,/nas-ctm01/datasets/public/BIOMETRICS/Face_Morphing/MAD22/original_sorted/MIPGAN_II/132_08-vs-172_08.png,132_08-vs-172_08.png,132_08-vs-172_08
713,/nas-ctm01/datasets/public/BIOMETRICS/Face_Morphing/MAD22/original_sorted/MIPGAN_II/134_03-vs-139_03.png,134_03-vs-139_03.png,134_03-vs-139_03
714,/nas-ctm01/datasets/public/BIOMETRICS/Face_Morphing/MAD22/original_sorted/MIPGAN_II/136_03-vs-144_03.png,136_03-vs-144_03.png,136_03-vs-144_03
715,/nas-ctm01/datasets/public/BIOMETRICS/Face_Morphing/MAD22/original_sorted/MIPGAN_II/136_08-vs-144_08.png,136_08-vs-144_08.png,136_08-vs-144_08
716,/nas-ctm01/datasets/public/BIOMETRICS/Face_Morphing/MAD22/original_sorted/MIPGAN_II/137_03-vs-143_03.png,137_03-vs-143_03.png,137_03-vs-143_03
717,/nas-ctm01/datasets/public/BIOMETRICS/Face_Morphing/MAD22/original_sorted/MIPGAN_II/138_03-vs-141_03.png,138_03-vs-141_03.png,138_03-vs-141_03
718,/nas-ctm01/datasets/public/BIOMETRICS/Face_Morphing/MAD22/original_sorted/MIPGAN_II/139_03-vs-144_03.png,139_03-vs-144_03.png,139_03-vs-144_03
719,/nas-ctm01/datasets/public/BIOMETRICS/Face_Morphing/MAD22/original_sorted/MIPGAN_II/140_08-vs-141_08.png,140_08-vs-141_08.png,140_08-vs-141_08
720,/nas-ctm01/datasets/public/BIOMETRICS/Face_Morphing/MAD22/original_sorted/MIPGAN_II/140_08-vs-173_08.png,140_08-vs-173_08.png,140_08-vs-173_08
721,/nas-ctm01/datasets/public/BIOMETRICS/Face_Morphing/MAD22/original_sorted/MIPGAN_II/141_03-vs-143_03.png,141_03-vs-143_03.png,141_03-vs-143_03
722,/nas-ctm01/datasets/public/BIOMETRICS/Face_Morphing/MAD22/original_sorted/MIPGAN_II/141_08-vs-143_08.png,141_08-vs-143_08.png,141_08-vs-143_08
