embedding_index,dataset,method,scenario,split,morph_image_path,morph_filename,morph_stem,accomplice_stem,criminal_stem,accomplice_id,criminal_id,accomplice_image_path,criminal_image_path,morph_cache_index,accomplice_cache_index,criminal_cache_index
0,MAD22,OpenCV,identity_disjoint_80_20,train,/nas-ctm01/datasets/public/BIOMETRICS/Face_Morphing/MAD22/original_sorted/OpenCV/001_03-vs-010_03.jpg,001_03-vs-010_03.jpg,001_03-vs-010_03,001_03,010_03,001,010,/nas-ctm01/datasets/public/BIOMETRICS/Face_Morphing/MAD22/original_sorted/BonaFide/001_03.jpg,/nas-ctm01/datasets/public/BIOMETRICS/Face_Morphing/MAD22/original_sorted/BonaFide/010_03.jpg,0,0,16
1,MAD22,OpenCV,identity_disjoint_80_20,train,/nas-ctm01/datasets/public/BIOMETRICS/Face_Morphing/MAD22/original_sorted/OpenCV/001_03-vs-014_03.jpg,001_03-vs-014_03.jpg,001_03-vs-014_03,001_03,014_03,001,014,/nas-ctm01/datasets/public/BIOMETRICS/Face_Morphing/MAD22/original_sorted/BonaFide/001_03.jpg,/nas-ctm01/datasets/public/BIOMETRICS/Face_Morphing/MAD22/original_sorted/BonaFide/014_03.jpg,1,0,23
2,MAD22,OpenCV,identity_disjoint_80_20,train,/nas-ctm01/datasets/public/BIOMETRICS/Face_Morphing/MAD22/original_sorted/OpenCV/001_03-vs-030_03.jpg,001_03-vs-030_03.jpg,001_03-vs-030_03,001_03,030_03,001,030,/nas-ctm01/datasets/public/BIOMETRICS/Face_Morphing/MAD22/original_sorted/BonaFide/001_03.jpg,/nas-ctm01/datasets/public/BIOMETRICS/Face_Morphing/MAD22/original_sorted/BonaFide/030_03.jpg,2,0,48
3,MAD22,OpenCV,identity_disjoint_80_20,train,/nas-ctm01/datasets/public/BIOMETRICS/Face_Morphing/MAD22/original_sorted/OpenCV/001_03-vs-032_03.jpg,001_03-vs-032_03.jpg,001_03-vs-032_03,001_03,032_03,001,032,/nas-ctm01/datasets/public/BIOMETRICS/Face_Morphing/MAD22/original_sorted/BonaFide/001_03.jpg,/nas-ctm01/datasets/public/BIOMETRICS/Face_Morphing/MAD22/original_sorted/BonaFide/032_03.jpg,3,0,52
4,MAD22,OpenCV,identity_disjoint_80_20,train,/nas-ctm01/datasets/public/BIOMETRICS/Face_Morphing/MAD22/original_sorted/OpenCV/001_03-vs-090_03.jpg,001_03-vs-090_03.jpg,001_03-vs-090_03,001_03,090_03,001,090,/nas-ctm01/datasets/public/BIOMETRICS/Face_Morphing/MAD22/original_sorted/BonaFide/001_03.jpg,/nas-ctm01/datasets/public/BIOMETRICS/Face_Morphing/MAD22/original_sorted/BonaFide/090_03.jpg,4,0,99
5,MAD22,OpenCV,identity_disjoint_80_20,train,/nas-ctm01/datasets/public/BIOMETRICS/Face_Morphing/MAD22/original_sorted/OpenCV/001_03-vs-107_03.jpg,001_03-vs-107_03.jpg,001_03-vs-107_03,001_03,107_03,001,107,/nas-ctm01/datasets/public/BIOMETRICS/Face_Morphing/MAD22/original_sorted/BonaFide/001_03.jpg,/nas-ctm01/datasets/public/BIOMETRICS/Face_Morphing/MAD22/original_sorted/BonaFide/107_03.jpg,5,0,121
6,MAD22,OpenCV,identity_disjoint_80_20,train,/nas-ctm01/datasets/public/BIOMETRICS/Face_Morphing/MAD22/original_sorted/OpenCV/001_03-vs-113_03.jpg,001_03-vs-113_03.jpg,001_03-vs-113_03,001_03,113_03,001,113,/nas-ctm01/datasets/public/BIOMETRICS/Face_Morphing/MAD22/original_sorted/BonaFide/001_03.jpg,/nas-ctm01/datasets/public/BIOMETRICS/Face_Morphing/MAD22/original_sorted/BonaFide/113_03.jpg,6,0,127
7,MAD22,OpenCV,identity_disjoint_80_20,train,/nas-ctm01/datasets/public/BIOMETRICS/Face_Morphing/MAD22/original_sorted/OpenCV/001_03-vs-122_03.jpg,001_03-vs-122_03.jpg,001_03-vs-122_03,001_03,122_03,001,122,/nas-ctm01/datasets/public/BIOMETRICS/Face_Morphing/MAD22/original_sorted/BonaFide/001_03.jpg,/nas-ctm01/datasets/public/BIOMETRICS/Face_Morphing/MAD22/original_sorted/BonaFide/122_03.jpg,7,0,141
8,MAD22,OpenCV,identity_disjoint_80_20,train,/nas-ctm01/datasets/public/BIOMETRICS/Face_Morphing/MAD22/original_sorted/OpenCV/001_03-vs-129_03.jpg,001_03-vs-129_03.jpg,001_03-vs-129_03,001_03,129_03,001,129,/nas-ctm01/datasets/public/BIOMETRICS/Face_Morphing/MAD22/original_sorted/BonaFide/001_03.jpg,/nas-ctm01/datasets/public/BIOMETRICS/Face_Morphing/MAD22/original_sorted/BonaFide/129_03.jpg,8,0,154
9,MAD22,OpenCV,identity_disjoint_80_20,train,/nas-ctm01/datasets/public/BIOMETRICS/Face_Morphing/MAD22/original_sorted/OpenCV/001_08-vs-010_08.jpg,001_08-vs-010_08.jpg,001_08-vs-010_08,001_08,010_08,001,010,/nas-ctm01/datasets/public/BIOMETRICS/Face_Morphing/MAD22/original_sorted/BonaFide/001_08.jpg,/nas-ctm01/datasets/public/BIOMETRICS/Face_Morphing/MAD22/original_sorted/BonaFide/010_08.jpg,9,1,17
10,MAD22,OpenCV,identity_disjoint_80_20,train,/nas-ctm01/datasets/public/BIOMETRICS/Face_Morphing/MAD22/original_sorted/OpenCV/001_08-vs-014_08.jpg,001_08-vs-014_08.jpg,001_08-vs-014_08,001_08,014_08,001,014,/nas-ctm01/datasets/public/BIOMETRICS/Face_Morphing/MAD22/original_sorted/BonaFide/001_08.jpg,/nas-ctm01/datasets/public/BIOMETRICS/Face_Morphing/MAD22/original_sorted/BonaFide/014_08.jpg,10,1,24
11,MAD22,OpenCV,identity_disjoint_80_20,train,/nas-ctm01/datasets/public/BIOMETRICS/Face_Morphing/MAD22/original_sorted/OpenCV/001_08-vs-032_08.jpg,001_08-vs-032_08.jpg,001_08-vs-032_08,001_08,032_08,001,032,/nas-ctm01/datasets/public/BIOMETRICS/Face_Morphing/MAD22/original_sorted/BonaFide/001_08.jpg,/nas-ctm01/datasets/public/BIOMETRICS/Face_Morphing/MAD22/original_sorted/BonaFide/032_08.jpg,11,1,53
12,MAD22,OpenCV,identity_disjoint_80_20,train,/nas-ctm01/datasets/public/BIOMETRICS/Face_Morphing/MAD22/original_sorted/OpenCV/001_08-vs-039_08.jpg,001_08-vs-039_08.jpg,001_08-vs-039_08,001_08,039_08,001,039,/nas-ctm01/datasets/public/BIOMETRICS/Face_Morphing/MAD22/original_sorted/BonaFide/001_08.jpg,/nas-ctm01/datasets/public/BIOMETRICS/Face_Morphing/MAD22/original_sorted/BonaFide/039_08.jpg,12,1,64
13,MAD22,OpenCV,identity_disjoint_80_20,train,/nas-ctm01/datasets/public/BIOMETRICS/Face_Morphing/MAD22/original_sorted/OpenCV/001_08-vs-087_08.jpg,001_08-vs-087_08.jpg,001_08-vs-087_08,001_08,087_08,001,087,/nas-ctm01/datasets/public/BIOMETRICS/Face_Morphing/MAD22/original_sorted/BonaFide/001_08.jpg,/nas-ctm01/datasets/public/BIOMETRICS/Face_Morphing/MAD22/original_sorted/BonaFide/087_08.jpg,13,1,98
14,MAD22,OpenCV,identity_disjoint_80_20,train,/nas-ctm01/datasets/public/BIOMETRICS/Face_Morphing/MAD22/original_sorted/OpenCV/001_08-vs-090_08.jpg,001_08-vs-090_08.jpg,001_08-vs-090_08,001_08,090_08,001,090,/nas-ctm01/datasets/public/BIOMETRICS/Face_Morphing/MAD22/original_sorted/BonaFide/001_08.jpg,/nas-ctm01/datasets/public/BIOMETRICS/Face_Morphing/MAD22/original_sorted/BonaFide/090_08.jpg,14,1,100
15,MAD22,OpenCV,identity_disjoint_80_20,train,/nas-ctm01/datasets/public/BIOMETRICS/Face_Morphing/MAD22/original_sorted/OpenCV/001_08-vs-094_08.jpg,001_08-vs-094_08.jpg,001_08-vs-094_08,001_08,094_08,001,094,/nas-ctm01/datasets/public/BIOMETRICS/Face_Morphing/MAD22/original_sorted/BonaFide/001_08.jpg,/nas-ctm01/datasets/public/BIOMETRICS/Face_Morphing/MAD22/original_sorted/BonaFide/094_08.jpg,15,1,105
16,MAD22,OpenCV,identity_disjoint_80_20,train,/nas-ctm01/datasets/public/BIOMETRICS/Face_Morphing/MAD22/original_sorted/OpenCV/001_08-vs-122_08.jpg,001_08-vs-122_08.jpg,001_08-vs-122_08,001_08,122_08,001,122,/nas-ctm01/datasets/public/BIOMETRICS/Face_Morphing/MAD22/original_sorted/BonaFide/001_08.jpg,/nas-ctm01/datasets/public/BIOMETRICS/Face_Morphing/MAD22/original_sorted/BonaFide/122_08.jpg,16,1,142
17,MAD22,OpenCV,identity_disjoint_80_20,train,/nas-ctm01/datasets/public/BIOMETRICS/Face_Morphing/MAD22/original_sorted/OpenCV/002_03-vs-011_03.jpg,002_03-vs-011_03.jpg,002_03-vs-011_03,002_03,011_03,002,011,/nas-ctm01/datasets/public/BIOMETRICS/Face_Morphing/MAD22/original_sorted/BonaFide/002_03.jpg,/nas-ctm01/datasets/public/BIOMETRICS/Face_Morphing/MAD22/original_sorted/BonaFide/011_03.jpg,17,2,18
18,MAD22,OpenCV,identity_disjoint_80_20,train,/nas-ctm01/datasets/public/BIOMETRICS/Face_Morphing/MAD22/original_sorted/OpenCV/002_03-vs-020_03.jpg,002_03-vs-020_03.jpg,002_03-vs-020_03,002_03,020_03,002,020,/nas-ctm01/datasets/public/BIOMETRICS/Face_Morphing/MAD22/original_sorted/BonaFide/002_03.jpg,/nas-ctm01/datasets/public/BIOMETRICS/Face_Morphing/MAD22/original_sorted/BonaFide/020_03.jpg,18,2,32
19,MAD22,OpenCV,identity_disjoint_80_20,train,/nas-ctm01/datasets/public/BIOMETRICS/Face_Morphing/MAD22/original_sorted/OpenCV/002_03-vs-027_03.jpg,002_03-vs-027_03.jpg,002_03-vs-027_03,002_03,027_03,002,027,/nas-ctm01/datasets/public/BIOMETRICS/Face_Morphing/MAD22/original_sorted/BonaFide/002_03.jpg,/nas-ctm01/datasets/public/BIOMETRICS/Face_Morphing/MAD22/original_sorted/BonaFide/027_03.jpg,19,2,44
20,MAD22,OpenCV,identity_disjoint_80_20,train,/nas-ctm01/datasets/public/BIOMETRICS/Face_Morphing/MAD22/original_sorted/OpenCV/002_03-vs-032_03.jpg,002_03-vs-032_03.jpg,002_03-vs-032_03,002_03,032_03,002,032,/nas-ctm01/datasets/public/BIOMETRICS/Face_Morphing/MAD22/original_sorted/BonaFide/002_03.jpg,/nas-ctm01/datasets/public/BIOMETRICS/Face_Morphing/MAD22/original_sorted/BonaFide/032_03.jpg,20,2,52
21,MAD22,OpenCV,identity_disjoint_80_20,train,/nas-ctm01/datasets/public/BIOMETRICS/Face_Morphing/MAD22/original_sorted/OpenCV/002_03-vs-039_03.jpg,002_03-vs-039_03.jpg,002_03-vs-039_03,002_03,039_03,002,039,/nas-ctm01/datasets/public/BIOMETRICS/Face_Morphing/MAD22/original_sorted/BonaFide/002_03.jpg,/nas-ctm01/datasets/public/BIOMETRICS/Face_Morphing/MAD22/original_sorted/BonaFide/039_03.jpg,21,2,63
22,MAD22,OpenCV,identity_disjoint_80_20,train,/nas-ctm01/datasets/public/BIOMETRICS/Face_Morphing/MAD22/original_sorted/OpenCV/002_03-vs-094_03.jpg,002_03-vs-094_03.jpg,002_03-vs-094_03,002_03,094_03,002,094,/nas-ctm01/datasets/public/BIOMETRICS/Face_Morphing/MAD22/original_sorted/BonaFide/002_03.jpg,/nas-ctm01/datasets/public/BIOMETRICS/Face_Morphing/MAD22/original_sorted/BonaFide/094_03.jpg,22,2,104
23,MAD22,OpenCV,identity_disjoint_80_20,train,/nas-ctm01/datasets/public/BIOMETRICS/Face_Morphing/MAD22/original_sorted/OpenCV/002_03-vs-097_03.jpg,002_03-vs-097_03.jpg,002_03-vs-097_03,002_03,097_03,002,097,/nas-ctm01/datasets/public/BIOMETRICS/Face_Morphing/MAD22/original_sorted/BonaFide/002_03.jpg,/nas-ctm01/datasets/public/BIOMETRICS/Face_Morphing/MAD22/original_sorted/BonaFide/097_03.jpg,23,2,108
24,MAD22,OpenCV,identity_disjoint_80_20,train,/nas-ctm01/datasets/public/BIOMETRICS/Face_Morphing/MAD22/original_sorted/OpenCV/002_03-vs-100_03.jpg,002_03-vs-100_03.jpg,002_03-vs-100_03,002_03,100_03,002,100,/nas-ctm01/datasets/public/BIOMETRICS/Face_Morphing/MAD22/original_sorted/BonaFide/002_03.jpg,/nas-ctm01/datasets/public/BIOMETRICS/Face_Morphing/MAD22/original_sorted/BonaFide/100_03.jpg,24,2,112
25,MAD22,OpenCV,identity_disjoint_80_20,train,/nas-ctm01/datasets/public/BIOMETRICS/Face_Morphing/MAD22/original_sorted/OpenCV/002_03-vs-102_03.jpg,002_03-vs-102_03.jpg,002_03-vs-102_03,002_03,102_03,002,102,/nas-ctm01/datasets/public/BIOMETRICS/Face_Morphing/MAD22/original_sorted/BonaFide/002_03.jpg,/nas-ctm01/datasets/public/BIOMETRICS/Face_Morphing/MAD22/original_sorted/BonaFide/102_03.jpg,25,2,115
26,MAD22,OpenCV,identity_disjoint_80_20,train,/nas-ctm01/datasets/public/BIOMETRICS/Face_Morphing/MAD22/original_sorted/OpenCV/002_03-vs-118_03.jpg,002_03-vs-118_03.jpg,002_03-vs-118_03,002_03,118_03,002,118,/nas-ctm01/datasets/public/BIOMETRICS/Face_Morphing/MAD22/original_sorted/BonaFide/002_03.jpg,/nas-ctm01/datasets/public/BIOMETRICS/Face_Morphing/MAD22/original_sorted/BonaFide/118_03.jpg,26,2,133
27,MAD22,OpenCV,identity_disjoint_80_20,train,/nas-ctm01/datasets/public/BIOMETRICS/Face_Morphing/MAD22/original_sorted/OpenCV/002_03-vs-124_03.jpg,002_03-vs-124_03.jpg,002_03-vs-124_03,002_03,124_03,002,124,/nas-ctm01/datasets/public/BIOMETRICS/Face_Morphing/MAD22/original_sorted/BonaFide/002_03.jpg,/nas-ctm01/datasets/public/BIOMETRICS/Face_Morphing/MAD22/original_sorted/BonaFide/124_03.jpg,27,2,145
28,MAD22,OpenCV,identity_disjoint_80_20,train,/nas-ctm01/datasets/public/BIOMETRICS/Face_Morphing/MAD22/original_sorted/OpenCV/002_03-vs-136_03.jpg,002_03-vs-136_03.jpg,002_03-vs-136_03,002_03,136_03,002,136,/nas-ctm01/datasets/public/BIOMETRICS/Face_Morphing/MAD22/original_sorted/BonaFide/002_03.jpg,/nas-ctm01/datasets/public/BIOMETRICS/Face_Morphing/MAD22/original_sorted/BonaFide/136_03.jpg,28,2,166
29,MAD22,OpenCV,identity_disjoint_80_20,train,/nas-ctm01/datasets/public/BIOMETRICS/Face_Morphing/MAD22/original_sorted/OpenCV/002_03-vs-139_03.jpg,002_03-vs-139_03.jpg,002_03-vs-139_03,002_03,139_03,002,139,/nas-ctm01/datasets/public/BIOMETRICS/Face_Morphing/MAD22/original_sorted/BonaFide/002_03.jpg,/nas-ctm01/datasets/public/BIOMETRICS/Face_Morphing/MAD22/original_sorted/BonaFide/139_03.jpg,29,2,170
30,MAD22,OpenCV,identity_disjoint_80_20,train,/nas-ctm01/datasets/public/BIOMETRICS/Face_Morphing/MAD22/original_sorted/OpenCV/002_03-vs-144_03.jpg,002_03-vs-144_03.jpg,002_03-vs-144_03,002_03,144_03,002,144,/nas-ctm01/datasets/public/BIOMETRICS/Face_Morphing/MAD22/original_sorted/BonaFide/002_03.jpg,/nas-ctm01/datasets/public/BIOMETRICS/Face_Morphing/MAD22/original_sorted/BonaFide/144_03.jpg,30,2,179
31,MAD22,OpenCV,identity_disjoint_80_20,train,/nas-ctm01/datasets/public/BIOMETRICS/Face_Morphing/MAD22/original_sorted/OpenCV/002_08-vs-003_08.jpg,002_08-vs-003_08.jpg,002_08-vs-003_08,002_08,003_08,002,003,/nas-ctm01/datasets/public/BIOMETRICS/Face_Morphing/MAD22/original_sorted/BonaFide/002_08.jpg,/nas-ctm01/datasets/public/BIOMETRICS/Face_Morphing/MAD22/original_sorted/BonaFide/003_08.jpg,31,3,5
32,MAD22,OpenCV,identity_disjoint_80_20,train,/nas-ctm01/datasets/public/BIOMETRICS/Face_Morphing/MAD22/original_sorted/OpenCV/002_08-vs-011_08.jpg,002_08-vs-011_08.jpg,002_08-vs-011_08,002_08,011_08,002,011,/nas-ctm01/datasets/public/BIOMETRICS/Face_Morphing/MAD22/original_sorted/BonaFide/002_08.jpg,/nas-ctm01/datasets/public/BIOMETRICS/Face_Morphing/MAD22/original_sorted/BonaFide/011_08.jpg,32,3,19
33,MAD22,OpenCV,identity_disjoint_80_20,train,/nas-ctm01/datasets/public/BIOMETRICS/Face_Morphing/MAD22/original_sorted/OpenCV/002_08-vs-025_08.jpg,002_08-vs-025_08.jpg,002_08-vs-025_08,002_08,025_08,002,025,/nas-ctm01/datasets/public/BIOMETRICS/Face_Morphing/MAD22/original_sorted/BonaFide/002_08.jpg,/nas-ctm01/datasets/public/BIOMETRICS/Face_Morphing/MAD22/original_sorted/BonaFide/025_08.jpg,33,3,41
34,MAD22,OpenCV,identity_disjoint_80_20,train,/nas-ctm01/datasets/public/BIOMETRICS/Face_Morphing/MAD22/original_sorted/OpenCV/002_08-vs-027_08.jpg,002_08-vs-027_08.jpg,002_08-vs-027_08,002_08,027_08,002,027,/nas-ctm01/datasets/public/BIOMETRICS/Face_Morphing/MAD22/original_sorted/BonaFide/002_08.jpg,/nas-ctm01/datasets/public/BIOMETRICS/Face_Morphing/MAD22/original_sorted/BonaFide/027_08.jpg,34,3,45
35,MAD22,OpenCV,identity_disjoint_80_20,train,/nas-ctm01/datasets/public/BIOMETRICS/Face_Morphing/MAD22/original_sorted/OpenCV/002_08-vs-032_08.jpg,002_08-vs-032_08.jpg,002_08-vs-032_08,002_08,032_08,002,032,/nas-ctm01/datasets/public/BIOMETRICS/Face_Morphing/MAD22/original_sorted/BonaFide/002_08.jpg,/nas-ctm01/datasets/public/BIOMETRICS/Face_Morphing/MAD22/original_sorted/BonaFide/032_08.jpg,35,3,53
36,MAD22,OpenCV,identity_disjoint_80_20,train,/nas-ctm01/datasets/public/BIOMETRICS/Face_Morphing/MAD22/original_sorted/OpenCV/002_08-vs-039_08.jpg,002_08-vs-039_08.jpg,002_08-vs-039_08,002_08,039_08,002,039,/nas-ctm01/datasets/public/BIOMETRICS/Face_Morphing/MAD22/original_sorted/BonaFide/002_08.jpg,/nas-ctm01/datasets/public/BIOMETRICS/Face_Morphing/MAD22/original_sorted/BonaFide/039_08.jpg,36,3,64
37,MAD22,OpenCV,identity_disjoint_80_20,train,/nas-ctm01/datasets/public/BIOMETRICS/Face_Morphing/MAD22/original_sorted/OpenCV/002_08-vs-081_08.jpg,002_08-vs-081_08.jpg,002_08-vs-081_08,002_08,081_08,002,081,/nas-ctm01/datasets/public/BIOMETRICS/Face_Morphing/MAD22/original_sorted/BonaFide/002_08.jpg,/nas-ctm01/datasets/public/BIOMETRICS/Face_Morphing/MAD22/original_sorted/BonaFide/081_08.jpg,37,3,91
38,MAD22,OpenCV,identity_disjoint_80_20,train,/nas-ctm01/datasets/public/BIOMETRICS/Face_Morphing/MAD22/original_sorted/OpenCV/002_08-vs-090_08.jpg,002_08-vs-090_08.jpg,002_08-vs-090_08,002_08,090_08,002,090,/nas-ctm01/datasets/public/BIOMETRICS/Face_Morphing/MAD22/original_sorted/BonaFide/002_08.jpg,/nas-ctm01/datasets/public/BIOMETRICS/Face_Morphing/MAD22/original_sorted/BonaFide/090_08.jpg,38,3,100
39,MAD22,OpenCV,identity_disjoint_80_20,train,/nas-ctm01/datasets/public/BIOMETRICS/Face_Morphing/MAD22/original_sorted/OpenCV/002_08-vs-091_08.jpg,002_08-vs-091_08.jpg,002_08-vs-091_08,002_08,091_08,002,091,/nas-ctm01/datasets/public/BIOMETRICS/Face_Morphing/MAD22/original_sorted/BonaFide/002_08.jpg,/nas-ctm01/datasets/public/BIOMETRICS/Face_Morphing/MAD22/original_sorted/BonaFide/091_08.jpg,39,3,101
40,MAD22,OpenCV,identity_disjoint_80_20,train,/nas-ctm01/datasets/public/BIOMETRICS/Face_Morphing/MAD22/original_sorted/OpenCV/002_08-vs-097_08.jpg,002_08-vs-097_08.jpg,002_08-vs-097_08,002_08,097_08,002,097,/nas-ctm01/datasets/public/BIOMETRICS/Face_Morphing/MAD22/original_sorted/BonaFide/002_08.jpg,/nas-ctm01/datasets/public/BIOMETRICS/Face_Morphing/MAD22/original_sorted/BonaFide/097_08.jpg,40,3,109
41,MAD22,OpenCV,identity_disjoint_80_20,train,/nas-ctm01/datasets/public/BIOMETRICS/Face_Morphing/MAD22/original_sorted/OpenCV/002_08-vs-099_08.jpg,002_08-vs-099_08.jpg,002_08-vs-099_08,002_08,099_08,002,099,/nas-ctm01/datasets/public/BIOMETRICS/Face_Morphing/MAD22/original_sorted/BonaFide/002_08.jpg,/nas-ctm01/datasets/public/BIOMETRICS/Face_Morphing/MAD22/original_sorted/BonaFide/099_08.jpg,41,3,111
42,MAD22,OpenCV,identity_disjoint_80_20,train,/nas-ctm01/datasets/public/BIOMETRICS/Face_Morphing/MAD22/original_sorted/OpenCV/002_08-vs-102_08.jpg,002_08-vs-102_08.jpg,002_08-vs-102_08,002_08,102_08,002,102,/nas-ctm01/datasets/public/BIOMETRICS/Face_Morphing/MAD22/original_sorted/BonaFide/002_08.jpg,/nas-ctm01/datasets/public/BIOMETRICS/Face_Morphing/MAD22/original_sorted/BonaFide/102_08.jpg,42,3,116
43,MAD22,OpenCV,identity_disjoint_80_20,train,/nas-ctm01/datasets/public/BIOMETRICS/Face_Morphing/MAD22/original_sorted/OpenCV/002_08-vs-118_08.jpg,002_08-vs-118_08.jpg,002_08-vs-118_08,002_08,118_08,002,118,/nas-ctm01/datasets/public/BIOMETRICS/Face_Morphing/MAD22/original_sorted/BonaFide/002_08.jpg,/nas-ctm01/datasets/public/BIOMETRICS/Face_Morphing/MAD22/original_sorted/BonaFide/118_08.jpg,43,3,134
44,MAD22,OpenCV,identity_disjoint_80_20,train,/nas-ctm01/datasets/public/BIOMETRICS/Face_Morphing/MAD22/original_sorted/OpenCV/002_08-vs-124_08.jpg,002_08-vs-124_08.jpg,002_08-vs-124_08,002_08,124_08,002,124,/nas-ctm01/datasets/public/BIOMETRICS/Face_Morphing/MAD22/original_sorted/BonaFide/002_08.jpg,/nas-ctm01/datasets/public/BIOMETRICS/Face_Morphing/MAD22/original_sorted/BonaFide/124_08.jpg,44,3,146
45,MAD22,OpenCV,identity_disjoint_80_20,train,/nas-ctm01/datasets/public/BIOMETRICS/Face_Morphing/MAD22/original_sorted/OpenCV/002_08-vs-135_08.jpg,002_08-vs-135_08.jpg,002_08-vs-135_08,002_08,135_08,002,135,/nas-ctm01/datasets/public/BIOMETRICS/Face_Morphing/MAD22/original_sorted/BonaFide/002_08.jpg,/nas-ctm01/datasets/public/BIOMETRICS/Face_Morphing/MAD22/original_sorted/BonaFide/135_08.jpg,45,3,165
46,MAD22,OpenCV,identity_disjoint_80_20,train,/nas-ctm01/datasets/public/BIOMETRICS/Face_Morphing/MAD22/original_sorted/OpenCV/002_08-vs-136_08.jpg,002_08-vs-136_08.jpg,002_08-vs-136_08,002_08,136_08,002,136,/nas-ctm01/datasets/public/BIOMETRICS/Face_Morphing/MAD22/original_sorted/BonaFide/002_08.jpg,/nas-ctm01/datasets/public/BIOMETRICS/Face_Morphing/MAD22/original_sorted/BonaFide/136_08.jpg,46,3,167
47,MAD22,OpenCV,identity_disjoint_80_20,train,/nas-ctm01/datasets/public/BIOMETRICS/Face_Morphing/MAD22/original_sorted/OpenCV/002_08-vs-139_08.jpg,002_08-vs-139_08.jpg,002_08-vs-139_08,002_08,139_08,002,139,/nas-ctm01/datasets/public/BIOMETRICS/Face_Morphing/MAD22/original_sorted/BonaFide/002_08.jpg,/nas-ctm01/datasets/public/BIOMETRICS/Face_Morphing/MAD22/original_sorted/BonaFide/139_08.jpg,47,3,171
48,MAD22,OpenCV,identity_disjoint_80_20,train,/nas-ctm01/datasets/public/BIOMETRICS/Face_Morphing/MAD22/original_sorted/OpenCV/002_08-vs-144_08.jpg,002_08-vs-144_08.jpg,002_08-vs-144_08,002_08,144_08,002,144,/nas-ctm01/datasets/public/BIOMETRICS/Face_Morphing/MAD22/original_sorted/BonaFide/002_08.jpg,/nas-ctm01/datasets/public/BIOMETRICS/Face_Morphing/MAD22/original_sorted/BonaFide/144_08.jpg,48,3,180
49,MAD22,OpenCV,identity_disjoint_80_20,train,/nas-ctm01/datasets/public/BIOMETRICS/Face_Morphing/MAD22/original_sorted/OpenCV/003_03-vs-011_03.jpg,003_03-vs-011_03.jpg,003_03-vs-011_03,003_03,011_03,003,011,/nas-ctm01/datasets/public/BIOMETRICS/Face_Morphing/MAD22/original_sorted/BonaFide/003_03.jpg,/nas-ctm01/datasets/public/BIOMETRICS/Face_Morphing/MAD22/original_sorted/BonaFide/011_03.jpg,49,4,18
50,MAD22,OpenCV,identity_disjoint_80_20,train,/nas-ctm01/datasets/public/BIOMETRICS/Face_Morphing/MAD22/original_sorted/OpenCV/003_03-vs-014_03.jpg,003_03-vs-014_03.jpg,003_03-vs-014_03,003_03,014_03,003,014,/nas-ctm01/datasets/public/BIOMETRICS/Face_Morphing/MAD22/original_sorted/BonaFide/003_03.jpg,/nas-ctm01/datasets/public/BIOMETRICS/Face_Morphing/MAD22/original_sorted/BonaFide/014_03.jpg,50,4,23
51,MAD22,OpenCV,identity_disjoint_80_20,train,/nas-ctm01/datasets/public/BIOMETRICS/Face_Morphing/MAD22/original_sorted/OpenCV/003_03-vs-016_03.jpg,003_03-vs-016_03.jpg,003_03-vs-016_03,003_03,016_03,003,016,/nas-ctm01/datasets/public/BIOMETRICS/Face_Morphing/MAD22/original_sorted/BonaFide/003_03.jpg,/nas-ctm01/datasets/public/BIOMETRICS/Face_Morphing/MAD22/original_sorted/BonaFide/016_03.jpg,51,4,25
52,MAD22,OpenCV,identity_disjoint_80_20,train,/nas-ctm01/datasets/public/BIOMETRICS/Face_Morphing/MAD22/original_sorted/OpenCV/003_03-vs-027_03.jpg,003_03-vs-027_03.jpg,003_03-vs-027_03,003_03,027_03,003,027,/nas-ctm01/datasets/public/BIOMETRICS/Face_Morphing/MAD22/original_sorted/BonaFide/003_03.jpg,/nas-ctm01/datasets/public/BIOMETRICS/Face_Morphing/MAD22/original_sorted/BonaFide/027_03.jpg,52,4,44
53,MAD22,OpenCV,identity_disjoint_80_20,train,/nas-ctm01/datasets/public/BIOMETRICS/Face_Morphing/MAD22/original_sorted/OpenCV/003_08-vs-016_08.jpg,003_08-vs-016_08.jpg,003_08-vs-016_08,003_08,016_08,003,016,/nas-ctm01/datasets/public/BIOMETRICS/Face_Morphing/MAD22/original_sorted/BonaFide/003_08.jpg,/nas-ctm01/datasets/public/BIOMETRICS/Face_Morphing/MAD22/original_sorted/BonaFide/016_08.jpg,53,5,26
54,MAD22,OpenCV,identity_disjoint_80_20,train,/nas-ctm01/datasets/public/BIOMETRICS/Face_Morphing/MAD22/original_sorted/OpenCV/003_08-vs-027_08.jpg,003_08-vs-027_08.jpg,003_08-vs-027_08,003_08,027_08,003,027,/nas-ctm01/datasets/public/BIOMETRICS/Face_Morphing/MAD22/original_sorted/BonaFide/003_08.jpg,/nas-ctm01/datasets/public/BIOMETRICS/Face_Morphing/MAD22/original_sorted/BonaFide/027_08.jpg,54,5,45
55,MAD22,OpenCV,identity_disjoint_80_20,train,/nas-ctm01/datasets/public/BIOMETRICS/Face_Morphing/MAD22/original_sorted/OpenCV/003_08-vs-032_08.jpg,003_08-vs-032_08.jpg,003_08-vs-032_08,003_08,032_08,003,032,/nas-ctm01/datasets/public/BIOMETRICS/Face_Morphing/MAD22/original_sorted/BonaFide/003_08.jpg,/nas-ctm01/datasets/public/BIOMETRICS/Face_Morphing/MAD22/original_sorted/BonaFide/032_08.jpg,55,5,53
56,MAD22,OpenCV,identity_disjoint_80_20,train,/nas-ctm01/datasets/public/BIOMETRICS/Face_Morphing/MAD22/original_sorted/OpenCV/003_08-vs-124_08.jpg,003_08-vs-124_08.jpg,003_08-vs-124_08,003_08,124_08,003,124,/nas-ctm01/datasets/public/BIOMETRICS/Face_Morphing/MAD22/original_sorted/BonaFide/003_08.jpg,/nas-ctm01/datasets/public/BIOMETRICS/Face_Morphing/MAD22/original_sorted/BonaFide/124_08.jpg,56,5,146
57,MAD22,OpenCV,identity_disjoint_80_20,train,/nas-ctm01/datasets/public/BIOMETRICS/Face_Morphing/MAD22/original_sorted/OpenCV/003_08-vs-136_08.jpg,003_08-vs-136_08.jpg,003_08-vs-136_08,003_08,136_08,003,136,/nas-ctm01/datasets/public/BIOMETRICS/Face_Morphing/MAD22/original_sorted/BonaFide/003_08.jpg,/nas-ctm01/datasets/public/BIOMETRICS/Face_Morphing/MAD22/original_sorted/BonaFide/136_08.jpg,57,5,167
58,MAD22,OpenCV,identity_disjoint_80_20,train,/nas-ctm01/datasets/public/BIOMETRICS/Face_Morphing/MAD22/original_sorted/OpenCV/003_08-vs-144_08.jpg,003_08-vs-144_08.jpg,003_08-vs-144_08,003_08,144_08,003,144,/nas-ctm01/datasets/public/BIOMETRICS/Face_Morphing/MAD22/original_sorted/BonaFide/003_08.jpg,/nas-ctm01/datasets/public/BIOMETRICS/Face_Morphing/MAD22/original_sorted/BonaFide/144_08.jpg,58,5,180
59,MAD22,OpenCV,identity_disjoint_80_20,train,/nas-ctm01/datasets/public/BIOMETRICS/Face_Morphing/MAD22/original_sorted/OpenCV/004_03-vs-012_03.jpg,004_03-vs-012_03.jpg,004_03-vs-012_03,004_03,012_03,004,012,/nas-ctm01/datasets/public/BIOMETRICS/Face_Morphing/MAD22/original_sorted/BonaFide/004_03.jpg,/nas-ctm01/datasets/public/BIOMETRICS/Face_Morphing/MAD22/original_sorted/BonaFide/012_03.jpg,59,6,20
60,MAD22,OpenCV,identity_disjoint_80_20,train,/nas-ctm01/datasets/public/BIOMETRICS/Face_Morphing/MAD22/original_sorted/OpenCV/004_03-vs-092_03.jpg,004_03-vs-092_03.jpg,004_03-vs-092_03,004_03,092_03,004,092,/nas-ctm01/datasets/public/BIOMETRICS/Face_Morphing/MAD22/original_sorted/BonaFide/004_03.jpg,/nas-ctm01/datasets/public/BIOMETRICS/Face_Morphing/MAD22/original_sorted/BonaFide/092_03.jpg,60,6,102
61,MAD22,OpenCV,identity_disjoint_80_20,train,/nas-ctm01/datasets/public/BIOMETRICS/Face_Morphing/MAD22/original_sorted/OpenCV/004_03-vs-103_03.jpg,004_03-vs-103_03.jpg,004_03-vs-103_03,004_03,103_03,004,103,/nas-ctm01/datasets/public/BIOMETRICS/Face_Morphing/MAD22/original_sorted/BonaFide/004_03.jpg,/nas-ctm01/datasets/public/BIOMETRICS/Face_Morphing/MAD22/original_sorted/BonaFide/103_03.jpg,61,6,117
62,MAD22,OpenCV,identity_disjoint_80_20,train,/nas-ctm01/datasets/public/BIOMETRICS/Face_Morphing/MAD22/original_sorted/OpenCV/004_03-vs-128_03.jpg,004_03-vs-128_03.jpg,004_03-vs-128_03,004_03,128_03,004,128,/nas-ctm01/datasets/public/BIOMETRICS/Face_Morphing/MAD22/original_sorted/BonaFide/004_03.jpg,/nas-ctm01/datasets/public/BIOMETRICS/Face_Morphing/MAD22/original_sorted/BonaFide/128_03.jpg,63,6,152
63,MAD22,OpenCV,identity_disjoint_80_20,train,/nas-ctm01/datasets/public/BIOMETRICS/Face_Morphing/MAD22/original_sorted/OpenCV/004_03-vs-141_03.jpg,004_03-vs-141_03.jpg,004_03-vs-141_03,004_03,141_03,004,141,/nas-ctm01/datasets/public/BIOMETRICS/Face_Morphing/MAD22/original_sorted/BonaFide/004_03.jpg,/nas-ctm01/datasets/public/BIOMETRICS/Face_Morphing/MAD22/original_sorted/BonaFide/141_03.jpg,64,6,173
64,MAD22,OpenCV,identity_disjoint_80_20,train,/nas-ctm01/datasets/public/BIOMETRICS/Face_Morphing/MAD22/original_sorted/OpenCV/004_03-vs-142_03.jpg,004_03-vs-142_03.jpg,004_03-vs-142_03,004_03,142_03,004,142,/nas-ctm01/datasets/public/BIOMETRICS/Face_Morphing/MAD22/original_sorted/BonaFide/004_03.jpg,/nas-ctm01/datasets/public/BIOMETRICS/Face_Morphing/MAD22/original_sorted/BonaFide/142_03.jpg,65,6,175
65,MAD22,OpenCV,identity_disjoint_80_20,train,/nas-ctm01/datasets/public/BIOMETRICS/Face_Morphing/MAD22/original_sorted/OpenCV/004_03-vs-172_03.jpg,004_03-vs-172_03.jpg,004_03-vs-172_03,004_03,172_03,004,172,/nas-ctm01/datasets/public/BIOMETRICS/Face_Morphing/MAD22/original_sorted/BonaFide/004_03.jpg,/nas-ctm01/datasets/public/BIOMETRICS/Face_Morphing/MAD22/original_sorted/BonaFide/172_03.jpg,66,6,181
66,MAD22,OpenCV,identity_disjoint_80_20,train,/nas-ctm01/datasets/public/BIOMETRICS/Face_Morphing/MAD22/original_sorted/OpenCV/006_03-vs-016_03.jpg,006_03-vs-016_03.jpg,006_03-vs-016_03,006_03,016_03,006,016,/nas-ctm01/datasets/public/BIOMETRICS/Face_Morphing/MAD22/original_sorted/BonaFide/006_03.jpg,/nas-ctm01/datasets/public/BIOMETRICS/Face_Morphing/MAD22/original_sorted/BonaFide/016_03.jpg,87,9,25
67,MAD22,OpenCV,identity_disjoint_80_20,train,/nas-ctm01/datasets/public/BIOMETRICS/Face_Morphing/MAD22/original_sorted/OpenCV/006_03-vs-094_03.jpg,006_03-vs-094_03.jpg,006_03-vs-094_03,006_03,094_03,006,094,/nas-ctm01/datasets/public/BIOMETRICS/Face_Morphing/MAD22/original_sorted/BonaFide/006_03.jpg,/nas-ctm01/datasets/public/BIOMETRICS/Face_Morphing/MAD22/original_sorted/BonaFide/094_03.jpg,88,9,104
68,MAD22,OpenCV,identity_disjoint_80_20,train,/nas-ctm01/datasets/public/BIOMETRICS/Face_Morphing/MAD22/original_sorted/OpenCV/006_03-vs-097_03.jpg,006_03-vs-097_03.jpg,006_03-vs-097_03,006_03,097_03,006,097,/nas-ctm01/datasets/public/BIOMETRICS/Face_Morphing/MAD22/original_sorted/BonaFide/006_03.jpg,/nas-ctm01/datasets/public/BIOMETRICS/Face_Morphing/MAD22/original_sorted/BonaFide/097_03.jpg,89,9,108
69,MAD22,OpenCV,identity_disjoint_80_20,train,/nas-ctm01/datasets/public/BIOMETRICS/Face_Morphing/MAD22/original_sorted/OpenCV/006_03-vs-102_03.jpg,006_03-vs-102_03.jpg,006_03-vs-102_03,006_03,102_03,006,102,/nas-ctm01/datasets/public/BIOMETRICS/Face_Morphing/MAD22/original_sorted/BonaFide/006_03.jpg,/nas-ctm01/datasets/public/BIOMETRICS/Face_Morphing/MAD22/original_sorted/BonaFide/102_03.jpg,90,9,115
70,MAD22,OpenCV,identity_disjoint_80_20,train,/nas-ctm01/datasets/public/BIOMETRICS/Face_Morphing/MAD22/original_sorted/OpenCV/006_03-vs-118_03.jpg,006_03-vs-118_03.jpg,006_03-vs-118_03,006_03,118_03,006,118,/nas-ctm01/datasets/public/BIOMETRICS/Face_Morphing/MAD22/original_sorted/BonaFide/006_03.jpg,/nas-ctm01/datasets/public/BIOMETRICS/Face_Morphing/MAD22/original_sorted/BonaFide/118_03.jpg,91,9,133
71,MAD22,OpenCV,identity_disjoint_80_20,train,/nas-ctm01/datasets/public/BIOMETRICS/Face_Morphing/MAD22/original_sorted/OpenCV/006_08-vs-016_08.jpg,006_08-vs-016_08.jpg,006_08-vs-016_08,006_08,016_08,006,016,/nas-ctm01/datasets/public/BIOMETRICS/Face_Morphing/MAD22/original_sorted/BonaFide/006_08.jpg,/nas-ctm01/datasets/public/BIOMETRICS/Face_Morphing/MAD22/original_sorted/BonaFide/016_08.jpg,92,10,26
72,MAD22,OpenCV,identity_disjoint_80_20,train,/nas-ctm01/datasets/public/BIOMETRICS/Face_Morphing/MAD22/original_sorted/OpenCV/006_08-vs-081_08.jpg,006_08-vs-081_08.jpg,006_08-vs-081_08,006_08,081_08,006,081,/nas-ctm01/datasets/public/BIOMETRICS/Face_Morphing/MAD22/original_sorted/BonaFide/006_08.jpg,/nas-ctm01/datasets/public/BIOMETRICS/Face_Morphing/MAD22/original_sorted/BonaFide/081_08.jpg,93,10,91
73,MAD22,OpenCV,identity_disjoint_80_20,train,/nas-ctm01/datasets/public/BIOMETRICS/Face_Morphing/MAD22/original_sorted/OpenCV/006_08-vs-097_08.jpg,006_08-vs-097_08.jpg,006_08-vs-097_08,006_08,097_08,006,097,/nas-ctm01/datasets/public/BIOMETRICS/Face_Morphing/MAD22/original_sorted/BonaFide/006_08.jpg,/nas-ctm01/datasets/public/BIOMETRICS/Face_Morphing/MAD22/original_sorted/BonaFide/097_08.jpg,94,10,109
74,MAD22,OpenCV,identity_disjoint_80_20,train,/nas-ctm01/datasets/public/BIOMETRICS/Face_Morphing/MAD22/original_sorted/OpenCV/006_08-vs-102_08.jpg,006_08-vs-102_08.jpg,006_08-vs-102_08,006_08,102_08,006,102,/nas-ctm01/datasets/public/BIOMETRICS/Face_Morphing/MAD22/original_sorted/BonaFide/006_08.jpg,/nas-ctm01/datasets/public/BIOMETRICS/Face_Morphing/MAD22/original_sorted/BonaFide/102_08.jpg,95,10,116
75,MAD22,OpenCV,identity_disjoint_80_20,train,/nas-ctm01/datasets/public/BIOMETRICS/Face_Morphing/MAD22/original_sorted/OpenCV/006_08-vs-112_08.jpg,006_08-vs-112_08.jpg,006_08-vs-112_08,006_08,112_08,006,112,/nas-ctm01/datasets/public/BIOMETRICS/Face_Morphing/MAD22/original_sorted/BonaFide/006_08.jpg,/nas-ctm01/datasets/public/BIOMETRICS/Face_Morphing/MAD22/original_sorted/BonaFide/112_08.jpg,96,10,126
76,MAD22,OpenCV,identity_disjoint_80_20,train,/nas-ctm01/datasets/public/BIOMETRICS/Face_Morphing/MAD22/original_sorted/OpenCV/006_08-vs-118_08.jpg,006_08-vs-118_08.jpg,006_08-vs-118_08,006_08,118_08,006,118,/nas-ctm01/datasets/public/BIOMETRICS/Face_Morphing/MAD22/original_sorted/BonaFide/006_08.jpg,/nas-ctm01/datasets/public/BIOMETRICS/Face_Morphing/MAD22/original_sorted/BonaFide/118_08.jpg,97,10,134
77,MAD22,OpenCV,identity_disjoint_80_20,train,/nas-ctm01/datasets/public/BIOMETRICS/Face_Morphing/MAD22/original_sorted/OpenCV/006_08-vs-139_08.jpg,006_08-vs-139_08.jpg,006_08-vs-139_08,006_08,139_08,006,139,/nas-ctm01/datasets/public/BIOMETRICS/Face_Morphing/MAD22/original_sorted/BonaFide/006_08.jpg,/nas-ctm01/datasets/public/BIOMETRICS/Face_Morphing/MAD22/original_sorted/BonaFide/139_08.jpg,98,10,171
78,MAD22,OpenCV,identity_disjoint_80_20,train,/nas-ctm01/datasets/public/BIOMETRICS/Face_Morphing/MAD22/original_sorted/OpenCV/006_08-vs-144_08.jpg,006_08-vs-144_08.jpg,006_08-vs-144_08,006_08,144_08,006,144,/nas-ctm01/datasets/public/BIOMETRICS/Face_Morphing/MAD22/original_sorted/BonaFide/006_08.jpg,/nas-ctm01/datasets/public/BIOMETRICS/Face_Morphing/MAD22/original_sorted/BonaFide/144_08.jpg,99,10,180
79,MAD22,OpenCV,identity_disjoint_80_20,train,/nas-ctm01/datasets/public/BIOMETRICS/Face_Morphing/MAD22/original_sorted/OpenCV/007_03-vs-039_03.jpg,007_03-vs-039_03.jpg,007_03-vs-039_03,007_03,039_03,007,039,/nas-ctm01/datasets/public/BIOMETRICS/Face_Morphing/MAD22/original_sorted/BonaFide/007_03.jpg,/nas-ctm01/datasets/public/BIOMETRICS/Face_Morphing/MAD22/original_sorted/BonaFide/039_03.jpg,100,11,63
80,MAD22,OpenCV,identity_disjoint_80_20,train,/nas-ctm01/datasets/public/BIOMETRICS/Face_Morphing/MAD22/original_sorted/OpenCV/007_03-vs-062_03.jpg,007_03-vs-062_03.jpg,007_03-vs-062_03,007_03,062_03,007,062,/nas-ctm01/datasets/public/BIOMETRICS/Face_Morphing/MAD22/original_sorted/BonaFide/007_03.jpg,/nas-ctm01/datasets/public/BIOMETRICS/Face_Morphing/MAD22/original_sorted/BonaFide/062_03.jpg,101,11,76
81,MAD22,OpenCV,identity_disjoint_80_20,train,/nas-ctm01/datasets/public/BIOMETRICS/Face_Morphing/MAD22/original_sorted/OpenCV/007_03-vs-107_03.jpg,007_03-vs-107_03.jpg,007_03-vs-107_03,007_03,107_03,007,107,/nas-ctm01/datasets/public/BIOMETRICS/Face_Morphing/MAD22/original_sorted/BonaFide/007_03.jpg,/nas-ctm01/datasets/public/BIOMETRICS/Face_Morphing/MAD22/original_sorted/BonaFide/107_03.jpg,102,11,121
82,MAD22,OpenCV,identity_disjoint_80_20,train,/nas-ctm01/datasets/public/BIOMETRICS/Face_Morphing/MAD22/original_sorted/OpenCV/007_03-vs-122_03.jpg,007_03-vs-122_03.jpg,007_03-vs-122_03,007_03,122_03,007,122,/nas-ctm01/datasets/public/BIOMETRICS/Face_Morphing/MAD22/original_sorted/BonaFide/007_03.jpg,/nas-ctm01/datasets/public/BIOMETRICS/Face_Morphing/MAD22/original_sorted/BonaFide/122_03.jpg,103,11,141
83,MAD22,OpenCV,identity_disjoint_80_20,train,/nas-ctm01/datasets/public/BIOMETRICS/Face_Morphing/MAD22/original_sorted/OpenCV/007_03-vs-124_03.jpg,007_03-vs-124_03.jpg,007_03-vs-124_03,007_03,124_03,007,124,/nas-ctm01/datasets/public/BIOMETRICS/Face_Morphing/MAD22/original_sorted/BonaFide/007_03.jpg,/nas-ctm01/datasets/public/BIOMETRICS/Face_Morphing/MAD22/original_sorted/BonaFide/124_03.jpg,104,11,145
84,MAD22,OpenCV,identity_disjoint_80_20,train,/nas-ctm01/datasets/public/BIOMETRICS/Face_Morphing/MAD22/original_sorted/OpenCV/008_03-vs-063_03.jpg,008_03-vs-063_03.jpg,008_03-vs-063_03,008_03,063_03,008,063,/nas-ctm01/datasets/public/BIOMETRICS/Face_Morphing/MAD22/original_sorted/BonaFide/008_03.jpg,/nas-ctm01/datasets/public/BIOMETRICS/Face_Morphing/MAD22/original_sorted/BonaFide/063_03.jpg,105,12,78
85,MAD22,OpenCV,identity_disjoint_80_20,train,/nas-ctm01/datasets/public/BIOMETRICS/Face_Morphing/MAD22/original_sorted/OpenCV/008_03-vs-104_03.jpg,008_03-vs-104_03.jpg,008_03-vs-104_03,008_03,104_03,008,104,/nas-ctm01/datasets/public/BIOMETRICS/Face_Morphing/MAD22/original_sorted/BonaFide/008_03.jpg,/nas-ctm01/datasets/public/BIOMETRICS/Face_Morphing/MAD22/original_sorted/BonaFide/104_03.jpg,106,12,119
86,MAD22,OpenCV,identity_disjoint_80_20,train,/nas-ctm01/datasets/public/BIOMETRICS/Face_Morphing/MAD22/original_sorted/OpenCV/008_03-vs-108_03.jpg,008_03-vs-108_03.jpg,008_03-vs-108_03,008_03,108_03,008,108,/nas-ctm01/datasets/public/BIOMETRICS/Face_Morphing/MAD22/original_sorted/BonaFide/008_03.jpg,/nas-ctm01/datasets/public/BIOMETRICS/Face_Morphing/MAD22/original_sorted/BonaFide/108_03.jpg,107,12,123
87,MAD22,OpenCV,identity_disjoint_80_20,train,/nas-ctm01/datasets/public/BIOMETRICS/Face_Morphing/MAD22/original_sorted/OpenCV/008_03-vs-143_03.jpg,008_03-vs-143_03.jpg,008_03-vs-143_03,008_03,143_03,008,143,/nas-ctm01/datasets/public/BIOMETRICS/Face_Morphing/MAD22/original_sorted/BonaFide/008_03.jpg,/nas-ctm01/datasets/public/BIOMETRICS/Face_Morphing/MAD22/original_sorted/BonaFide/143_03.jpg,108,12,177
88,MAD22,OpenCV,identity_disjoint_80_20,train,/nas-ctm01/datasets/public/BIOMETRICS/Face_Morphing/MAD22/original_sorted/OpenCV/008_08-vs-061_08.jpg,008_08-vs-061_08.jpg,008_08-vs-061_08,008_08,061_08,008,061,/nas-ctm01/datasets/public/BIOMETRICS/Face_Morphing/MAD22/original_sorted/BonaFide/008_08.jpg,/nas-ctm01/datasets/public/BIOMETRICS/Face_Morphing/MAD22/original_sorted/BonaFide/061_08.jpg,110,13,75
89,MAD22,OpenCV,identity_disjoint_80_20,train,/nas-ctm01/datasets/public/BIOMETRICS/Face_Morphing/MAD22/original_sorted/OpenCV/008_08-vs-063_08.jpg,008_08-vs-063_08.jpg,008_08-vs-063_08,008_08,063_08,008,063,/nas-ctm01/datasets/public/BIOMETRICS/Face_Morphing/MAD22/original_sorted/BonaFide/008_08.jpg,/nas-ctm01/datasets/public/BIOMETRICS/Face_Morphing/MAD22/original_sorted/BonaFide/063_08.jpg,111,13,79
90,MAD22,OpenCV,identity_disjoint_80_20,train,/nas-ctm01/datasets/public/BIOMETRICS/Face_Morphing/MAD22/original_sorted/OpenCV/008_08-vs-070_08.jpg,008_08-vs-070_08.jpg,008_08-vs-070_08,008_08,070_08,008,070,/nas-ctm01/datasets/public/BIOMETRICS/Face_Morphing/MAD22/original_sorted/BonaFide/008_08.jpg,/nas-ctm01/datasets/public/BIOMETRICS/Face_Morphing/MAD22/original_sorted/BonaFide/070_08.jpg,112,13,90
91,MAD22,OpenCV,identity_disjoint_80_20,train,/nas-ctm01/datasets/public/BIOMETRICS/Face_Morphing/MAD22/original_sorted/OpenCV/008_08-vs-096_08.jpg,008_08-vs-096_08.jpg,008_08-vs-096_08,008_08,096_08,008,096,/nas-ctm01/datasets/public/BIOMETRICS/Face_Morphing/MAD22/original_sorted/BonaFide/008_08.jpg,/nas-ctm01/datasets/public/BIOMETRICS/Face_Morphing/MAD22/original_sorted/BonaFide/096_08.jpg,113,13,107
92,MAD22,OpenCV,identity_disjoint_80_20,train,/nas-ctm01/datasets/public/BIOMETRICS/Face_Morphing/MAD22/original_sorted/OpenCV/009_03-vs-019_03.jpg,009_03-vs-019_03.jpg,009_03-vs-019_03,009_03,019_03,009,019,/nas-ctm01/datasets/public/BIOMETRICS/Face_Morphing/MAD22/original_sorted/BonaFide/009_03.jpg,/nas-ctm01/datasets/public/BIOMETRICS/Face_Morphing/MAD22/original_sorted/BonaFide/019_03.jpg,114,14,30
93,MAD22,OpenCV,identity_disjoint_80_20,train,/nas-ctm01/datasets/public/BIOMETRICS/Face_Morphing/MAD22/original_sorted/OpenCV/009_03-vs-027_03.jpg,009_03-vs-027_03.jpg,009_03-vs-027_03,009_03,027_03,009,027,/nas-ctm01/datasets/public/BIOMETRICS/Face_Morphing/MAD22/original_sorted/BonaFide/009_03.jpg,/nas-ctm01/datasets/public/BIOMETRICS/Face_Morphing/MAD22/original_sorted/BonaFide/027_03.jpg,115,14,44
94,MAD22,OpenCV,identity_disjoint_80_20,train,/nas-ctm01/datasets/public/BIOMETRICS/Face_Morphing/MAD22/original_sorted/OpenCV/009_03-vs-039_03.jpg,009_03-vs-039_03.jpg,009_03-vs-039_03,009_03,039_03,009,039,/nas-ctm01/datasets/public/BIOMETRICS/Face_Morphing/MAD22/original_sorted/BonaFide/009_03.jpg,/nas-ctm01/datasets/public/BIOMETRICS/Face_Morphing/MAD22/original_sorted/BonaFide/039_03.jpg,116,14,63
95,MAD22,OpenCV,identity_disjoint_80_20,train,/nas-ctm01/datasets/public/BIOMETRICS/Face_Morphing/MAD22/original_sorted/OpenCV/009_03-vs-066_03.jpg,009_03-vs-066_03.jpg,009_03-vs-066_03,009_03,066_03,009,066,/nas-ctm01/datasets/public/BIOMETRICS/Face_Morphing/MAD22/original_sorted/BonaFide/009_03.jpg,/nas-ctm01/datasets/public/BIOMETRICS/Face_Morphing/MAD22/original_sorted/BonaFide/066_03.jpg,117,14,82
96,MAD22,OpenCV,identity_disjoint_80_20,train,/nas-ctm01/datasets/public/BIOMETRICS/Face_Morphing/MAD22/original_sorted/OpenCV/009_03-vs-083_03.jpg,009_03-vs-083_03.jpg,009_03-vs-083_03,009_03,083_03,009,083,/nas-ctm01/datasets/public/BIOMETRICS/Face_Morphing/MAD22/original_sorted/BonaFide/009_03.jpg,/nas-ctm01/datasets/public/BIOMETRICS/Face_Morphing/MAD22/original_sorted/BonaFide/083_03.jpg,118,14,94
97,MAD22,OpenCV,identity_disjoint_80_20,train,/nas-ctm01/datasets/public/BIOMETRICS/Face_Morphing/MAD22/original_sorted/OpenCV/009_03-vs-090_03.jpg,009_03-vs-090_03.jpg,009_03-vs-090_03,009_03,090_03,009,090,/nas-ctm01/datasets/public/BIOMETRICS/Face_Morphing/MAD22/original_sorted/BonaFide/009_03.jpg,/nas-ctm01/datasets/public/BIOMETRICS/Face_Morphing/MAD22/original_sorted/BonaFide/090_03.jpg,119,14,99
98,MAD22,OpenCV,identity_disjoint_80_20,train,/nas-ctm01/datasets/public/BIOMETRICS/Face_Morphing/MAD22/original_sorted/OpenCV/009_03-vs-100_03.jpg,009_03-vs-100_03.jpg,009_03-vs-100_03,009_03,100_03,009,100,/nas-ctm01/datasets/public/BIOMETRICS/Face_Morphing/MAD22/original_sorted/BonaFide/009_03.jpg,/nas-ctm01/datasets/public/BIOMETRICS/Face_Morphing/MAD22/original_sorted/BonaFide/100_03.jpg,120,14,112
99,MAD22,OpenCV,identity_disjoint_80_20,train,/nas-ctm01/datasets/public/BIOMETRICS/Face_Morphing/MAD22/original_sorted/OpenCV/009_03-vs-112_03.jpg,009_03-vs-112_03.jpg,009_03-vs-112_03,009_03,112_03,009,112,/nas-ctm01/datasets/public/BIOMETRICS/Face_Morphing/MAD22/original_sorted/BonaFide/009_03.jpg,/nas-ctm01/datasets/public/BIOMETRICS/Face_Morphing/MAD22/original_sorted/BonaFide/112_03.jpg,121,14,125
100,MAD22,OpenCV,identity_disjoint_80_20,train,/nas-ctm01/datasets/public/BIOMETRICS/Face_Morphing/MAD22/original_sorted/OpenCV/009_03-vs-122_03.jpg,009_03-vs-122_03.jpg,009_03-vs-122_03,009_03,122_03,009,122,/nas-ctm01/datasets/public/BIOMETRICS/Face_Morphing/MAD22/original_sorted/BonaFide/009_03.jpg,/nas-ctm01/datasets/public/BIOMETRICS/Face_Morphing/MAD22/original_sorted/BonaFide/122_03.jpg,122,14,141
101,MAD22,OpenCV,identity_disjoint_80_20,train,/nas-ctm01/datasets/public/BIOMETRICS/Face_Morphing/MAD22/original_sorted/OpenCV/009_03-vs-129_03.jpg,009_03-vs-129_03.jpg,009_03-vs-129_03,009_03,129_03,009,129,/nas-ctm01/datasets/public/BIOMETRICS/Face_Morphing/MAD22/original_sorted/BonaFide/009_03.jpg,/nas-ctm01/datasets/public/BIOMETRICS/Face_Morphing/MAD22/original_sorted/BonaFide/129_03.jpg,123,14,154
102,MAD22,OpenCV,identity_disjoint_80_20,train,/nas-ctm01/datasets/public/BIOMETRICS/Face_Morphing/MAD22/original_sorted/OpenCV/009_03-vs-144_03.jpg,009_03-vs-144_03.jpg,009_03-vs-144_03,009_03,144_03,009,144,/nas-ctm01/datasets/public/BIOMETRICS/Face_Morphing/MAD22/original_sorted/BonaFide/009_03.jpg,/nas-ctm01/datasets/public/BIOMETRICS/Face_Morphing/MAD22/original_sorted/BonaFide/144_03.jpg,124,14,179
103,MAD22,OpenCV,identity_disjoint_80_20,train,/nas-ctm01/datasets/public/BIOMETRICS/Face_Morphing/MAD22/original_sorted/OpenCV/009_08-vs-062_08.jpg,009_08-vs-062_08.jpg,009_08-vs-062_08,009_08,062_08,009,062,/nas-ctm01/datasets/public/BIOMETRICS/Face_Morphing/MAD22/original_sorted/BonaFide/009_08.jpg,/nas-ctm01/datasets/public/BIOMETRICS/Face_Morphing/MAD22/original_sorted/BonaFide/062_08.jpg,125,15,77
104,MAD22,OpenCV,identity_disjoint_80_20,train,/nas-ctm01/datasets/public/BIOMETRICS/Face_Morphing/MAD22/original_sorted/OpenCV/009_08-vs-083_08.jpg,009_08-vs-083_08.jpg,009_08-vs-083_08,009_08,083_08,009,083,/nas-ctm01/datasets/public/BIOMETRICS/Face_Morphing/MAD22/original_sorted/BonaFide/009_08.jpg,/nas-ctm01/datasets/public/BIOMETRICS/Face_Morphing/MAD22/original_sorted/BonaFide/083_08.jpg,126,15,95
105,MAD22,OpenCV,identity_disjoint_80_20,train,/nas-ctm01/datasets/public/BIOMETRICS/Face_Morphing/MAD22/original_sorted/OpenCV/009_08-vs-090_08.jpg,009_08-vs-090_08.jpg,009_08-vs-090_08,009_08,090_08,009,090,/nas-ctm01/datasets/public/BIOMETRICS/Face_Morphing/MAD22/original_sorted/BonaFide/009_08.jpg,/nas-ctm01/datasets/public/BIOMETRICS/Face_Morphing/MAD22/original_sorted/BonaFide/090_08.jpg,127,15,100
106,MAD22,OpenCV,identity_disjoint_80_20,train,/nas-ctm01/datasets/public/BIOMETRICS/Face_Morphing/MAD22/original_sorted/OpenCV/009_08-vs-107_08.jpg,009_08-vs-107_08.jpg,009_08-vs-107_08,009_08,107_08,009,107,/nas-ctm01/datasets/public/BIOMETRICS/Face_Morphing/MAD22/original_sorted/BonaFide/009_08.jpg,/nas-ctm01/datasets/public/BIOMETRICS/Face_Morphing/MAD22/original_sorted/BonaFide/107_08.jpg,128,15,122
107,MAD22,OpenCV,identity_disjoint_80_20,train,/nas-ctm01/datasets/public/BIOMETRICS/Face_Morphing/MAD22/original_sorted/OpenCV/009_08-vs-112_08.jpg,009_08-vs-112_08.jpg,009_08-vs-112_08,009_08,112_08,009,112,/nas-ctm01/datasets/public/BIOMETRICS/Face_Morphing/MAD22/original_sorted/BonaFide/009_08.jpg,/nas-ctm01/datasets/public/BIOMETRICS/Face_Morphing/MAD22/original_sorted/BonaFide/112_08.jpg,129,15,126
108,MAD22,OpenCV,identity_disjoint_80_20,train,/nas-ctm01/datasets/public/BIOMETRICS/Face_Morphing/MAD22/original_sorted/OpenCV/009_08-vs-122_08.jpg,009_08-vs-122_08.jpg,009_08-vs-122_08,009_08,122_08,009,122,/nas-ctm01/datasets/public/BIOMETRICS/Face_Morphing/MAD22/original_sorted/BonaFide/009_08.jpg,/nas-ctm01/datasets/public/BIOMETRICS/Face_Morphing/MAD22/original_sorted/BonaFide/122_08.jpg,130,15,142
109,MAD22,OpenCV,identity_disjoint_80_20,train,/nas-ctm01/datasets/public/BIOMETRICS/Face_Morphing/MAD22/original_sorted/OpenCV/009_08-vs-129_08.jpg,009_08-vs-129_08.jpg,009_08-vs-129_08,009_08,129_08,009,129,/nas-ctm01/datasets/public/BIOMETRICS/Face_Morphing/MAD22/original_sorted/BonaFide/009_08.jpg,/nas-ctm01/datasets/public/BIOMETRICS/Face_Morphing/MAD22/original_sorted/BonaFide/129_08.jpg,131,15,155
110,MAD22,OpenCV,identity_disjoint_80_20,train,/nas-ctm01/datasets/public/BIOMETRICS/Face_Morphing/MAD22/original_sorted/OpenCV/009_08-vs-135_08.jpg,009_08-vs-135_08.jpg,009_08-vs-135_08,009_08,135_08,009,135,/nas-ctm01/datasets/public/BIOMETRICS/Face_Morphing/MAD22/original_sorted/BonaFide/009_08.jpg,/nas-ctm01/datasets/public/BIOMETRICS/Face_Morphing/MAD22/original_sorted/BonaFide/135_08.jpg,132,15,165
111,MAD22,OpenCV,identity_disjoint_80_20,train,/nas-ctm01/datasets/public/BIOMETRICS/Face_Morphing/MAD22/original_sorted/OpenCV/009_08-vs-139_08.jpg,009_08-vs-139_08.jpg,009_08-vs-139_08,009_08,139_08,009,139,/nas-ctm01/datasets/public/BIOMETRICS/Face_Morphing/MAD22/original_sorted/BonaFide/009_08.jpg,/nas-ctm01/datasets/public/BIOMETRICS/Face_Morphing/MAD22/original_sorted/BonaFide/139_08.jpg,133,15,171
112,MAD22,OpenCV,identity_disjoint_80_20,train,/nas-ctm01/datasets/public/BIOMETRICS/Face_Morphing/MAD22/original_sorted/OpenCV/009_08-vs-144_08.jpg,009_08-vs-144_08.jpg,009_08-vs-144_08,009_08,144_08,009,144,/nas-ctm01/datasets/public/BIOMETRICS/Face_Morphing/MAD22/original_sorted/BonaFide/009_08.jpg,/nas-ctm01/datasets/public/BIOMETRICS/Face_Morphing/MAD22/original_sorted/BonaFide/144_08.jpg,134,15,180
113,MAD22,OpenCV,identity_disjoint_80_20,train,/nas-ctm01/datasets/public/BIOMETRICS/Face_Morphing/MAD22/original_sorted/OpenCV/010_03-vs-030_03.jpg,010_03-vs-030_03.jpg,010_03-vs-030_03,010_03,030_03,010,030,/nas-ctm01/datasets/public/BIOMETRICS/Face_Morphing/MAD22/original_sorted/BonaFide/010_03.jpg,/nas-ctm01/datasets/public/BIOMETRICS/Face_Morphing/MAD22/original_sorted/BonaFide/030_03.jpg,135,16,48
114,MAD22,OpenCV,identity_disjoint_80_20,train,/nas-ctm01/datasets/public/BIOMETRICS/Face_Morphing/MAD22/original_sorted/OpenCV/010_03-vs-038_03.jpg,010_03-vs-038_03.jpg,010_03-vs-038_03,010_03,038_03,010,038,/nas-ctm01/datasets/public/BIOMETRICS/Face_Morphing/MAD22/original_sorted/BonaFide/010_03.jpg,/nas-ctm01/datasets/public/BIOMETRICS/Face_Morphing/MAD22/original_sorted/BonaFide/038_03.jpg,136,16,61
115,MAD22,OpenCV,identity_disjoint_80_20,train,/nas-ctm01/datasets/public/BIOMETRICS/Face_Morphing/MAD22/original_sorted/OpenCV/010_03-vs-039_03.jpg,010_03-vs-039_03.jpg,010_03-vs-039_03,010_03,039_03,010,039,/nas-ctm01/datasets/public/BIOMETRICS/Face_Morphing/MAD22/original_sorted/BonaFide/010_03.jpg,/nas-ctm01/datasets/public/BIOMETRICS/Face_Morphing/MAD22/original_sorted/BonaFide/039_03.jpg,137,16,63
116,MAD22,OpenCV,identity_disjoint_80_20,train,/nas-ctm01/datasets/public/BIOMETRICS/Face_Morphing/MAD22/original_sorted/OpenCV/010_03-vs-090_03.jpg,010_03-vs-090_03.jpg,010_03-vs-090_03,010_03,090_03,010,090,/nas-ctm01/datasets/public/BIOMETRICS/Face_Morphing/MAD22/original_sorted/BonaFide/010_03.jpg,/nas-ctm01/datasets/public/BIOMETRICS/Face_Morphing/MAD22/original_sorted/BonaFide/090_03.jpg,138,16,99
117,MAD22,OpenCV,identity_disjoint_80_20,train,/nas-ctm01/datasets/public/BIOMETRICS/Face_Morphing/MAD22/original_sorted/OpenCV/010_03-vs-126_03.jpg,010_03-vs-126_03.jpg,010_03-vs-126_03,010_03,126_03,010,126,/nas-ctm01/datasets/public/BIOMETRICS/Face_Morphing/MAD22/original_sorted/BonaFide/010_03.jpg,/nas-ctm01/datasets/public/BIOMETRICS/Face_Morphing/MAD22/original_sorted/BonaFide/126_03.jpg,139,16,149
118,MAD22,OpenCV,identity_disjoint_80_20,train,/nas-ctm01/datasets/public/BIOMETRICS/Face_Morphing/MAD22/original_sorted/OpenCV/010_08-vs-020_08.jpg,010_08-vs-020_08.jpg,010_08-vs-020_08,010_08,020_08,010,020,/nas-ctm01/datasets/public/BIOMETRICS/Face_Morphing/MAD22/original_sorted/BonaFide/010_08.jpg,/nas-ctm01/datasets/public/BIOMETRICS/Face_Morphing/MAD22/original_sorted/BonaFide/020_08.jpg,140,17,33
119,MAD22,OpenCV,identity_disjoint_80_20,train,/nas-ctm01/datasets/public/BIOMETRICS/Face_Morphing/MAD22/original_sorted/OpenCV/010_08-vs-030_08.jpg,010_08-vs-030_08.jpg,010_08-vs-030_08,010_08,030_08,010,030,/nas-ctm01/datasets/public/BIOMETRICS/Face_Morphing/MAD22/original_sorted/BonaFide/010_08.jpg,/nas-ctm01/datasets/public/BIOMETRICS/Face_Morphing/MAD22/original_sorted/BonaFide/030_08.jpg,141,17,49
120,MAD22,OpenCV,identity_disjoint_80_20,train,/nas-ctm01/datasets/public/BIOMETRICS/Face_Morphing/MAD22/original_sorted/OpenCV/010_08-vs-038_08.jpg,010_08-vs-038_08.jpg,010_08-vs-038_08,010_08,038_08,010,038,/nas-ctm01/datasets/public/BIOMETRICS/Face_Morphing/MAD22/original_sorted/BonaFide/010_08.jpg,/nas-ctm01/datasets/public/BIOMETRICS/Face_Morphing/MAD22/original_sorted/BonaFide/038_08.jpg,142,17,62
121,MAD22,OpenCV,identity_disjoint_80_20,train,/nas-ctm01/datasets/public/BIOMETRICS/Face_Morphing/MAD22/original_sorted/OpenCV/010_08-vs-039_08.jpg,010_08-vs-039_08.jpg,010_08-vs-039_08,010_08,039_08,010,039,/nas-ctm01/datasets/public/BIOMETRICS/Face_Morphing/MAD22/original_sorted/BonaFide/010_08.jpg,/nas-ctm01/datasets/public/BIOMETRICS/Face_Morphing/MAD22/original_sorted/BonaFide/039_08.jpg,143,17,64
122,MAD22,OpenCV,identity_disjoint_80_20,train,/nas-ctm01/datasets/public/BIOMETRICS/Face_Morphing/MAD22/original_sorted/OpenCV/010_08-vs-136_08.jpg,010_08-vs-136_08.jpg,010_08-vs-136_08,010_08,136_08,010,136,/nas-ctm01/datasets/public/BIOMETRICS/Face_Morphing/MAD22/original_sorted/BonaFide/010_08.jpg,/nas-ctm01/datasets/public/BIOMETRICS/Face_Morphing/MAD22/original_sorted/BonaFide/136_08.jpg,144,17,167
123,MAD22,OpenCV,identity_disjoint_80_20,train,/nas-ctm01/datasets/public/BIOMETRICS/Face_Morphing/MAD22/original_sorted/OpenCV/011_03-vs-020_03.jpg,011_03-vs-020_03.jpg,011_03-vs-020_03,011_03,020_03,011,020,/nas-ctm01/datasets/public/BIOMETRICS/Face_Morphing/MAD22/original_sorted/BonaFide/011_03.jpg,/nas-ctm01/datasets/public/BIOMETRICS/Face_Morphing/MAD22/original_sorted/BonaFide/020_03.jpg,145,18,32
124,MAD22,OpenCV,identity_disjoint_80_20,train,/nas-ctm01/datasets/public/BIOMETRICS/Face_Morphing/MAD22/original_sorted/OpenCV/011_03-vs-032_03.jpg,011_03-vs-032_03.jpg,011_03-vs-032_03,011_03,032_03,011,032,/nas-ctm01/datasets/public/BIOMETRICS/Face_Morphing/MAD22/original_sorted/BonaFide/011_03.jpg,/nas-ctm01/datasets/public/BIOMETRICS/Face_Morphing/MAD22/original_sorted/BonaFide/032_03.jpg,146,18,52
125,MAD22,OpenCV,identity_disjoint_80_20,train,/nas-ctm01/datasets/public/BIOMETRICS/Face_Morphing/MAD22/original_sorted/OpenCV/011_03-vs-062_03.jpg,011_03-vs-062_03.jpg,011_03-vs-062_03,011_03,062_03,011,062,/nas-ctm01/datasets/public/BIOMETRICS/Face_Morphing/MAD22/original_sorted/BonaFide/011_03.jpg,/nas-ctm01/datasets/public/BIOMETRICS/Face_Morphing/MAD22/original_sorted/BonaFide/062_03.jpg,147,18,76
126,MAD22,OpenCV,identity_disjoint_80_20,train,/nas-ctm01/datasets/public/BIOMETRICS/Face_Morphing/MAD22/original_sorted/OpenCV/011_03-vs-064_03.jpg,011_03-vs-064_03.jpg,011_03-vs-064_03,011_03,064_03,011,064,/nas-ctm01/datasets/public/BIOMETRICS/Face_Morphing/MAD22/original_sorted/BonaFide/011_03.jpg,/nas-ctm01/datasets/public/BIOMETRICS/Face_Morphing/MAD22/original_sorted/BonaFide/064_03.jpg,148,18,80
127,MAD22,OpenCV,identity_disjoint_80_20,train,/nas-ctm01/datasets/public/BIOMETRICS/Face_Morphing/MAD22/original_sorted/OpenCV/011_03-vs-097_03.jpg,011_03-vs-097_03.jpg,011_03-vs-097_03,011_03,097_03,011,097,/nas-ctm01/datasets/public/BIOMETRICS/Face_Morphing/MAD22/original_sorted/BonaFide/011_03.jpg,/nas-ctm01/datasets/public/BIOMETRICS/Face_Morphing/MAD22/original_sorted/BonaFide/097_03.jpg,149,18,108
128,MAD22,OpenCV,identity_disjoint_80_20,train,/nas-ctm01/datasets/public/BIOMETRICS/Face_Morphing/MAD22/original_sorted/OpenCV/011_03-vs-118_03.jpg,011_03-vs-118_03.jpg,011_03-vs-118_03,011_03,118_03,011,118,/nas-ctm01/datasets/public/BIOMETRICS/Face_Morphing/MAD22/original_sorted/BonaFide/011_03.jpg,/nas-ctm01/datasets/public/BIOMETRICS/Face_Morphing/MAD22/original_sorted/BonaFide/118_03.jpg,150,18,133
129,MAD22,OpenCV,identity_disjoint_80_20,train,/nas-ctm01/datasets/public/BIOMETRICS/Face_Morphing/MAD22/original_sorted/OpenCV/011_03-vs-120_03.jpg,011_03-vs-120_03.jpg,011_03-vs-120_03,011_03,120_03,011,120,/nas-ctm01/datasets/public/BIOMETRICS/Face_Morphing/MAD22/original_sorted/BonaFide/011_03.jpg,/nas-ctm01/datasets/public/BIOMETRICS/Face_Morphing/MAD22/original_sorted/BonaFide/120_03.jpg,151,18,137
130,MAD22,OpenCV,identity_disjoint_80_20,train,/nas-ctm01/datasets/public/BIOMETRICS/Face_Morphing/MAD22/original_sorted/OpenCV/011_03-vs-124_03.jpg,011_03-vs-124_03.jpg,011_03-vs-124_03,011_03,124_03,011,124,/nas-ctm01/datasets/public/BIOMETRICS/Face_Morphing/MAD22/original_sorted/BonaFide/011_03.jpg,/nas-ctm01/datasets/public/BIOMETRICS/Face_Morphing/MAD22/original_sorted/BonaFide/124_03.jpg,152,18,145
131,MAD22,OpenCV,identity_disjoint_80_20,train,/nas-ctm01/datasets/public/BIOMETRICS/Face_Morphing/MAD22/original_sorted/OpenCV/011_03-vs-135_03.jpg,011_03-vs-135_03.jpg,011_03-vs-135_03,011_03,135_03,011,135,/nas-ctm01/datasets/public/BIOMETRICS/Face_Morphing/MAD22/original_sorted/BonaFide/011_03.jpg,/nas-ctm01/datasets/public/BIOMETRICS/Face_Morphing/MAD22/original_sorted/BonaFide/135_03.jpg,153,18,164
132,MAD22,OpenCV,identity_disjoint_80_20,train,/nas-ctm01/datasets/public/BIOMETRICS/Face_Morphing/MAD22/original_sorted/OpenCV/011_08-vs-020_08.jpg,011_08-vs-020_08.jpg,011_08-vs-020_08,011_08,020_08,011,020,/nas-ctm01/datasets/public/BIOMETRICS/Face_Morphing/MAD22/original_sorted/BonaFide/011_08.jpg,/nas-ctm01/datasets/public/BIOMETRICS/Face_Morphing/MAD22/original_sorted/BonaFide/020_08.jpg,154,19,33
133,MAD22,OpenCV,identity_disjoint_80_20,train,/nas-ctm01/datasets/public/BIOMETRICS/Face_Morphing/MAD22/original_sorted/OpenCV/011_08-vs-064_08.jpg,011_08-vs-064_08.jpg,011_08-vs-064_08,011_08,064_08,011,064,/nas-ctm01/datasets/public/BIOMETRICS/Face_Morphing/MAD22/original_sorted/BonaFide/011_08.jpg,/nas-ctm01/datasets/public/BIOMETRICS/Face_Morphing/MAD22/original_sorted/BonaFide/064_08.jpg,155,19,81
134,MAD22,OpenCV,identity_disjoint_80_20,train,/nas-ctm01/datasets/public/BIOMETRICS/Face_Morphing/MAD22/original_sorted/OpenCV/011_08-vs-091_08.jpg,011_08-vs-091_08.jpg,011_08-vs-091_08,011_08,091_08,011,091,/nas-ctm01/datasets/public/BIOMETRICS/Face_Morphing/MAD22/original_sorted/BonaFide/011_08.jpg,/nas-ctm01/datasets/public/BIOMETRICS/Face_Morphing/MAD22/original_sorted/BonaFide/091_08.jpg,156,19,101
135,MAD22,OpenCV,identity_disjoint_80_20,train,/nas-ctm01/datasets/public/BIOMETRICS/Face_Morphing/MAD22/original_sorted/OpenCV/011_08-vs-124_08.jpg,011_08-vs-124_08.jpg,011_08-vs-124_08,011_08,124_08,011,124,/nas-ctm01/datasets/public/BIOMETRICS/Face_Morphing/MAD22/original_sorted/BonaFide/011_08.jpg,/nas-ctm01/datasets/public/BIOMETRICS/Face_Morphing/MAD22/original_sorted/BonaFide/124_08.jpg,157,19,146
136,MAD22,OpenCV,identity_disjoint_80_20,train,/nas-ctm01/datasets/public/BIOMETRICS/Face_Morphing/MAD22/original_sorted/OpenCV/011_08-vs-135_08.jpg,011_08-vs-135_08.jpg,011_08-vs-135_08,011_08,135_08,011,135,/nas-ctm01/datasets/public/BIOMETRICS/Face_Morphing/MAD22/original_sorted/BonaFide/011_08.jpg,/nas-ctm01/datasets/public/BIOMETRICS/Face_Morphing/MAD22/original_sorted/BonaFide/135_08.jpg,158,19,165
137,MAD22,OpenCV,identity_disjoint_80_20,train,/nas-ctm01/datasets/public/BIOMETRICS/Face_Morphing/MAD22/original_sorted/OpenCV/011_08-vs-136_08.jpg,011_08-vs-136_08.jpg,011_08-vs-136_08,011_08,136_08,011,136,/nas-ctm01/datasets/public/BIOMETRICS/Face_Morphing/MAD22/original_sorted/BonaFide/011_08.jpg,/nas-ctm01/datasets/public/BIOMETRICS/Face_Morphing/MAD22/original_sorted/BonaFide/136_08.jpg,159,19,167
138,MAD22,OpenCV,identity_disjoint_80_20,train,/nas-ctm01/datasets/public/BIOMETRICS/Face_Morphing/MAD22/original_sorted/OpenCV/012_03-vs-026_03.jpg,012_03-vs-026_03.jpg,012_03-vs-026_03,012_03,026_03,012,026,/nas-ctm01/datasets/public/BIOMETRICS/Face_Morphing/MAD22/original_sorted/BonaFide/012_03.jpg,/nas-ctm01/datasets/public/BIOMETRICS/Face_Morphing/MAD22/original_sorted/BonaFide/026_03.jpg,160,20,42
139,MAD22,OpenCV,identity_disjoint_80_20,train,/nas-ctm01/datasets/public/BIOMETRICS/Face_Morphing/MAD22/original_sorted/OpenCV/012_03-vs-037_03.jpg,012_03-vs-037_03.jpg,012_03-vs-037_03,012_03,037_03,012,037,/nas-ctm01/datasets/public/BIOMETRICS/Face_Morphing/MAD22/original_sorted/BonaFide/012_03.jpg,/nas-ctm01/datasets/public/BIOMETRICS/Face_Morphing/MAD22/original_sorted/BonaFide/037_03.jpg,161,20,60
140,MAD22,OpenCV,identity_disjoint_80_20,train,/nas-ctm01/datasets/public/BIOMETRICS/Face_Morphing/MAD22/original_sorted/OpenCV/012_03-vs-096_03.jpg,012_03-vs-096_03.jpg,012_03-vs-096_03,012_03,096_03,012,096,/nas-ctm01/datasets/public/BIOMETRICS/Face_Morphing/MAD22/original_sorted/BonaFide/012_03.jpg,/nas-ctm01/datasets/public/BIOMETRICS/Face_Morphing/MAD22/original_sorted/BonaFide/096_03.jpg,162,20,106
141,MAD22,OpenCV,identity_disjoint_80_20,train,/nas-ctm01/datasets/public/BIOMETRICS/Face_Morphing/MAD22/original_sorted/OpenCV/012_03-vs-138_03.jpg,012_03-vs-138_03.jpg,012_03-vs-138_03,012_03,138_03,012,138,/nas-ctm01/datasets/public/BIOMETRICS/Face_Morphing/MAD22/original_sorted/BonaFide/012_03.jpg,/nas-ctm01/datasets/public/BIOMETRICS/Face_Morphing/MAD22/original_sorted/BonaFide/138_03.jpg,163,20,169
142,MAD22,OpenCV,identity_disjoint_80_20,train,/nas-ctm01/datasets/public/BIOMETRICS/Face_Morphing/MAD22/original_sorted/OpenCV/012_03-vs-141_03.jpg,012_03-vs-141_03.jpg,012_03-vs-141_03,012_03,141_03,012,141,/nas-ctm01/datasets/public/BIOMETRICS/Face_Morphing/MAD22/original_sorted/BonaFide/012_03.jpg,/nas-ctm01/datasets/public/BIOMETRICS/Face_Morphing/MAD22/original_sorted/BonaFide/141_03.jpg,164,20,173
143,MAD22,OpenCV,identity_disjoint_80_20,train,/nas-ctm01/datasets/public/BIOMETRICS/Face_Morphing/MAD22/original_sorted/OpenCV/012_08-vs-017_08.jpg,012_08-vs-017_08.jpg,012_08-vs-017_08,012_08,017_08,012,017,/nas-ctm01/datasets/public/BIOMETRICS/Face_Morphing/MAD22/original_sorted/BonaFide/012_08.jpg,/nas-ctm01/datasets/public/BIOMETRICS/Face_Morphing/MAD22/original_sorted/BonaFide/017_08.jpg,165,21,27
144,MAD22,OpenCV,identity_disjoint_80_20,train,/nas-ctm01/datasets/public/BIOMETRICS/Face_Morphing/MAD22/original_sorted/OpenCV/012_08-vs-026_08.jpg,012_08-vs-026_08.jpg,012_08-vs-026_08,012_08,026_08,012,026,/nas-ctm01/datasets/public/BIOMETRICS/Face_Morphing/MAD22/original_sorted/BonaFide/012_08.jpg,/nas-ctm01/datasets/public/BIOMETRICS/Face_Morphing/MAD22/original_sorted/BonaFide/026_08.jpg,166,21,43
145,MAD22,OpenCV,identity_disjoint_80_20,train,/nas-ctm01/datasets/public/BIOMETRICS/Face_Morphing/MAD22/original_sorted/OpenCV/012_08-vs-130_08.jpg,012_08-vs-130_08.jpg,012_08-vs-130_08,012_08,130_08,012,130,/nas-ctm01/datasets/public/BIOMETRICS/Face_Morphing/MAD22/original_sorted/BonaFide/012_08.jpg,/nas-ctm01/datasets/public/BIOMETRICS/Face_Morphing/MAD22/original_sorted/BonaFide/130_08.jpg,169,21,157
146,MAD22,OpenCV,identity_disjoint_80_20,train,/nas-ctm01/datasets/public/BIOMETRICS/Face_Morphing/MAD22/original_sorted/OpenCV/012_08-vs-141_08.jpg,012_08-vs-141_08.jpg,012_08-vs-141_08,012_08,141_08,012,141,/nas-ctm01/datasets/public/BIOMETRICS/Face_Morphing/MAD22/original_sorted/BonaFide/012_08.jpg,/nas-ctm01/datasets/public/BIOMETRICS/Face_Morphing/MAD22/original_sorted/BonaFide/141_08.jpg,170,21,174
147,MAD22,OpenCV,identity_disjoint_80_20,train,/nas-ctm01/datasets/public/BIOMETRICS/Face_Morphing/MAD22/original_sorted/OpenCV/012_08-vs-143_08.jpg,012_08-vs-143_08.jpg,012_08-vs-143_08,012_08,143_08,012,143,/nas-ctm01/datasets/public/BIOMETRICS/Face_Morphing/MAD22/original_sorted/BonaFide/012_08.jpg,/nas-ctm01/datasets/public/BIOMETRICS/Face_Morphing/MAD22/original_sorted/BonaFide/143_08.jpg,171,21,178
148,MAD22,OpenCV,identity_disjoint_80_20,train,/nas-ctm01/datasets/public/BIOMETRICS/Face_Morphing/MAD22/original_sorted/OpenCV/013_08-vs-020_08.jpg,013_08-vs-020_08.jpg,013_08-vs-020_08,013_08,020_08,013,020,/nas-ctm01/datasets/public/BIOMETRICS/Face_Morphing/MAD22/original_sorted/BonaFide/013_08.jpg,/nas-ctm01/datasets/public/BIOMETRICS/Face_Morphing/MAD22/original_sorted/BonaFide/020_08.jpg,172,22,33
149,MAD22,OpenCV,identity_disjoint_80_20,train,/nas-ctm01/datasets/public/BIOMETRICS/Face_Morphing/MAD22/original_sorted/OpenCV/013_08-vs-030_08.jpg,013_08-vs-030_08.jpg,013_08-vs-030_08,013_08,030_08,013,030,/nas-ctm01/datasets/public/BIOMETRICS/Face_Morphing/MAD22/original_sorted/BonaFide/013_08.jpg,/nas-ctm01/datasets/public/BIOMETRICS/Face_Morphing/MAD22/original_sorted/BonaFide/030_08.jpg,173,22,49
150,MAD22,OpenCV,identity_disjoint_80_20,train,/nas-ctm01/datasets/public/BIOMETRICS/Face_Morphing/MAD22/original_sorted/OpenCV/013_08-vs-038_08.jpg,013_08-vs-038_08.jpg,013_08-vs-038_08,013_08,038_08,013,038,/nas-ctm01/datasets/public/BIOMETRICS/Face_Morphing/MAD22/original_sorted/BonaFide/013_08.jpg,/nas-ctm01/datasets/public/BIOMETRICS/Face_Morphing/MAD22/original_sorted/BonaFide/038_08.jpg,174,22,62
151,MAD22,OpenCV,identity_disjoint_80_20,train,/nas-ctm01/datasets/public/BIOMETRICS/Face_Morphing/MAD22/original_sorted/OpenCV/013_08-vs-066_08.jpg,013_08-vs-066_08.jpg,013_08-vs-066_08,013_08,066_08,013,066,/nas-ctm01/datasets/public/BIOMETRICS/Face_Morphing/MAD22/original_sorted/BonaFide/013_08.jpg,/nas-ctm01/datasets/public/BIOMETRICS/Face_Morphing/MAD22/original_sorted/BonaFide/066_08.jpg,175,22,83
152,MAD22,OpenCV,identity_disjoint_80_20,train,/nas-ctm01/datasets/public/BIOMETRICS/Face_Morphing/MAD22/original_sorted/OpenCV/013_08-vs-097_08.jpg,013_08-vs-097_08.jpg,013_08-vs-097_08,013_08,097_08,013,097,/nas-ctm01/datasets/public/BIOMETRICS/Face_Morphing/MAD22/original_sorted/BonaFide/013_08.jpg,/nas-ctm01/datasets/public/BIOMETRICS/Face_Morphing/MAD22/original_sorted/BonaFide/097_08.jpg,176,22,109
153,MAD22,OpenCV,identity_disjoint_80_20,train,/nas-ctm01/datasets/public/BIOMETRICS/Face_Morphing/MAD22/original_sorted/OpenCV/013_08-vs-118_08.jpg,013_08-vs-118_08.jpg,013_08-vs-118_08,013_08,118_08,013,118,/nas-ctm01/datasets/public/BIOMETRICS/Face_Morphing/MAD22/original_sorted/BonaFide/013_08.jpg,/nas-ctm01/datasets/public/BIOMETRICS/Face_Morphing/MAD22/original_sorted/BonaFide/118_08.jpg,177,22,134
154,MAD22,OpenCV,identity_disjoint_80_20,train,/nas-ctm01/datasets/public/BIOMETRICS/Face_Morphing/MAD22/original_sorted/OpenCV/014_03-vs-019_03.jpg,014_03-vs-019_03.jpg,014_03-vs-019_03,014_03,019_03,014,019,/nas-ctm01/datasets/public/BIOMETRICS/Face_Morphing/MAD22/original_sorted/BonaFide/014_03.jpg,/nas-ctm01/datasets/public/BIOMETRICS/Face_Morphing/MAD22/original_sorted/BonaFide/019_03.jpg,178,23,30
155,MAD22,OpenCV,identity_disjoint_80_20,train,/nas-ctm01/datasets/public/BIOMETRICS/Face_Morphing/MAD22/original_sorted/OpenCV/014_03-vs-030_03.jpg,014_03-vs-030_03.jpg,014_03-vs-030_03,014_03,030_03,014,030,/nas-ctm01/datasets/public/BIOMETRICS/Face_Morphing/MAD22/original_sorted/BonaFide/014_03.jpg,/nas-ctm01/datasets/public/BIOMETRICS/Face_Morphing/MAD22/original_sorted/BonaFide/030_03.jpg,179,23,48
156,MAD22,OpenCV,identity_disjoint_80_20,train,/nas-ctm01/datasets/public/BIOMETRICS/Face_Morphing/MAD22/original_sorted/OpenCV/014_03-vs-038_03.jpg,014_03-vs-038_03.jpg,014_03-vs-038_03,014_03,038_03,014,038,/nas-ctm01/datasets/public/BIOMETRICS/Face_Morphing/MAD22/original_sorted/BonaFide/014_03.jpg,/nas-ctm01/datasets/public/BIOMETRICS/Face_Morphing/MAD22/original_sorted/BonaFide/038_03.jpg,180,23,61
157,MAD22,OpenCV,identity_disjoint_80_20,train,/nas-ctm01/datasets/public/BIOMETRICS/Face_Morphing/MAD22/original_sorted/OpenCV/014_03-vs-122_03.jpg,014_03-vs-122_03.jpg,014_03-vs-122_03,014_03,122_03,014,122,/nas-ctm01/datasets/public/BIOMETRICS/Face_Morphing/MAD22/original_sorted/BonaFide/014_03.jpg,/nas-ctm01/datasets/public/BIOMETRICS/Face_Morphing/MAD22/original_sorted/BonaFide/122_03.jpg,181,23,141
158,MAD22,OpenCV,identity_disjoint_80_20,train,/nas-ctm01/datasets/public/BIOMETRICS/Face_Morphing/MAD22/original_sorted/OpenCV/014_03-vs-134_03.jpg,014_03-vs-134_03.jpg,014_03-vs-134_03,014_03,134_03,014,134,/nas-ctm01/datasets/public/BIOMETRICS/Face_Morphing/MAD22/original_sorted/BonaFide/014_03.jpg,/nas-ctm01/datasets/public/BIOMETRICS/Face_Morphing/MAD22/original_sorted/BonaFide/134_03.jpg,182,23,162
159,MAD22,OpenCV,identity_disjoint_80_20,train,/nas-ctm01/datasets/public/BIOMETRICS/Face_Morphing/MAD22/original_sorted/OpenCV/014_08-vs-038_08.jpg,014_08-vs-038_08.jpg,014_08-vs-038_08,014_08,038_08,014,038,/nas-ctm01/datasets/public/BIOMETRICS/Face_Morphing/MAD22/original_sorted/BonaFide/014_08.jpg,/nas-ctm01/datasets/public/BIOMETRICS/Face_Morphing/MAD22/original_sorted/BonaFide/038_08.jpg,183,24,62
160,MAD22,OpenCV,identity_disjoint_80_20,train,/nas-ctm01/datasets/public/BIOMETRICS/Face_Morphing/MAD22/original_sorted/OpenCV/014_08-vs-122_08.jpg,014_08-vs-122_08.jpg,014_08-vs-122_08,014_08,122_08,014,122,/nas-ctm01/datasets/public/BIOMETRICS/Face_Morphing/MAD22/original_sorted/BonaFide/014_08.jpg,/nas-ctm01/datasets/public/BIOMETRICS/Face_Morphing/MAD22/original_sorted/BonaFide/122_08.jpg,184,24,142
161,MAD22,OpenCV,identity_disjoint_80_20,train,/nas-ctm01/datasets/public/BIOMETRICS/Face_Morphing/MAD22/original_sorted/OpenCV/014_08-vs-134_08.jpg,014_08-vs-134_08.jpg,014_08-vs-134_08,014_08,134_08,014,134,/nas-ctm01/datasets/public/BIOMETRICS/Face_Morphing/MAD22/original_sorted/BonaFide/014_08.jpg,/nas-ctm01/datasets/public/BIOMETRICS/Face_Morphing/MAD22/original_sorted/BonaFide/134_08.jpg,185,24,163
162,MAD22,OpenCV,identity_disjoint_80_20,train,/nas-ctm01/datasets/public/BIOMETRICS/Face_Morphing/MAD22/original_sorted/OpenCV/016_03-vs-027_03.jpg,016_03-vs-027_03.jpg,016_03-vs-027_03,016_03,027_03,016,027,/nas-ctm01/datasets/public/BIOMETRICS/Face_Morphing/MAD22/original_sorted/BonaFide/016_03.jpg,/nas-ctm01/datasets/public/BIOMETRICS/Face_Morphing/MAD22/original_sorted/BonaFide/027_03.jpg,186,25,44
163,MAD22,OpenCV,identity_disjoint_80_20,train,/nas-ctm01/datasets/public/BIOMETRICS/Face_Morphing/MAD22/original_sorted/OpenCV/016_03-vs-083_03.jpg,016_03-vs-083_03.jpg,016_03-vs-083_03,016_03,083_03,016,083,/nas-ctm01/datasets/public/BIOMETRICS/Face_Morphing/MAD22/original_sorted/BonaFide/016_03.jpg,/nas-ctm01/datasets/public/BIOMETRICS/Face_Morphing/MAD22/original_sorted/BonaFide/083_03.jpg,187,25,94
164,MAD22,OpenCV,identity_disjoint_80_20,train,/nas-ctm01/datasets/public/BIOMETRICS/Face_Morphing/MAD22/original_sorted/OpenCV/016_03-vs-086_03.jpg,016_03-vs-086_03.jpg,016_03-vs-086_03,016_03,086_03,016,086,/nas-ctm01/datasets/public/BIOMETRICS/Face_Morphing/MAD22/original_sorted/BonaFide/016_03.jpg,/nas-ctm01/datasets/public/BIOMETRICS/Face_Morphing/MAD22/original_sorted/BonaFide/086_03.jpg,188,25,96
165,MAD22,OpenCV,identity_disjoint_80_20,train,/nas-ctm01/datasets/public/BIOMETRICS/Face_Morphing/MAD22/original_sorted/OpenCV/016_03-vs-094_03.jpg,016_03-vs-094_03.jpg,016_03-vs-094_03,016_03,094_03,016,094,/nas-ctm01/datasets/public/BIOMETRICS/Face_Morphing/MAD22/original_sorted/BonaFide/016_03.jpg,/nas-ctm01/datasets/public/BIOMETRICS/Face_Morphing/MAD22/original_sorted/BonaFide/094_03.jpg,189,25,104
166,MAD22,OpenCV,identity_disjoint_80_20,train,/nas-ctm01/datasets/public/BIOMETRICS/Face_Morphing/MAD22/original_sorted/OpenCV/016_08-vs-025_08.jpg,016_08-vs-025_08.jpg,016_08-vs-025_08,016_08,025_08,016,025,/nas-ctm01/datasets/public/BIOMETRICS/Face_Morphing/MAD22/original_sorted/BonaFide/016_08.jpg,/nas-ctm01/datasets/public/BIOMETRICS/Face_Morphing/MAD22/original_sorted/BonaFide/025_08.jpg,190,26,41
167,MAD22,OpenCV,identity_disjoint_80_20,train,/nas-ctm01/datasets/public/BIOMETRICS/Face_Morphing/MAD22/original_sorted/OpenCV/016_08-vs-081_08.jpg,016_08-vs-081_08.jpg,016_08-vs-081_08,016_08,081_08,016,081,/nas-ctm01/datasets/public/BIOMETRICS/Face_Morphing/MAD22/original_sorted/BonaFide/016_08.jpg,/nas-ctm01/datasets/public/BIOMETRICS/Face_Morphing/MAD22/original_sorted/BonaFide/081_08.jpg,191,26,91
168,MAD22,OpenCV,identity_disjoint_80_20,train,/nas-ctm01/datasets/public/BIOMETRICS/Face_Morphing/MAD22/original_sorted/OpenCV/016_08-vs-083_08.jpg,016_08-vs-083_08.jpg,016_08-vs-083_08,016_08,083_08,016,083,/nas-ctm01/datasets/public/BIOMETRICS/Face_Morphing/MAD22/original_sorted/BonaFide/016_08.jpg,/nas-ctm01/datasets/public/BIOMETRICS/Face_Morphing/MAD22/original_sorted/BonaFide/083_08.jpg,192,26,95
169,MAD22,OpenCV,identity_disjoint_80_20,train,/nas-ctm01/datasets/public/BIOMETRICS/Face_Morphing/MAD22/original_sorted/OpenCV/016_08-vs-086_08.jpg,016_08-vs-086_08.jpg,016_08-vs-086_08,016_08,086_08,016,086,/nas-ctm01/datasets/public/BIOMETRICS/Face_Morphing/MAD22/original_sorted/BonaFide/016_08.jpg,/nas-ctm01/datasets/public/BIOMETRICS/Face_Morphing/MAD22/original_sorted/BonaFide/086_08.jpg,193,26,97
170,MAD22,OpenCV,identity_disjoint_80_20,train,/nas-ctm01/datasets/public/BIOMETRICS/Face_Morphing/MAD22/original_sorted/OpenCV/016_08-vs-144_08.jpg,016_08-vs-144_08.jpg,016_08-vs-144_08,016_08,144_08,016,144,/nas-ctm01/datasets/public/BIOMETRICS/Face_Morphing/MAD22/original_sorted/BonaFide/016_08.jpg,/nas-ctm01/datasets/public/BIOMETRICS/Face_Morphing/MAD22/original_sorted/BonaFide/144_08.jpg,194,26,180
171,MAD22,OpenCV,identity_disjoint_80_20,train,/nas-ctm01/datasets/public/BIOMETRICS/Face_Morphing/MAD22/original_sorted/OpenCV/017_08-vs-024_08.jpg,017_08-vs-024_08.jpg,017_08-vs-024_08,017_08,024_08,017,024,/nas-ctm01/datasets/public/BIOMETRICS/Face_Morphing/MAD22/original_sorted/BonaFide/017_08.jpg,/nas-ctm01/datasets/public/BIOMETRICS/Face_Morphing/MAD22/original_sorted/BonaFide/024_08.jpg,195,27,39
172,MAD22,OpenCV,identity_disjoint_80_20,train,/nas-ctm01/datasets/public/BIOMETRICS/Face_Morphing/MAD22/original_sorted/OpenCV/017_08-vs-036_08.jpg,017_08-vs-036_08.jpg,017_08-vs-036_08,017_08,036_08,017,036,/nas-ctm01/datasets/public/BIOMETRICS/Face_Morphing/MAD22/original_sorted/BonaFide/017_08.jpg,/nas-ctm01/datasets/public/BIOMETRICS/Face_Morphing/MAD22/original_sorted/BonaFide/036_08.jpg,196,27,59
173,MAD22,OpenCV,identity_disjoint_80_20,train,/nas-ctm01/datasets/public/BIOMETRICS/Face_Morphing/MAD22/original_sorted/OpenCV/017_08-vs-067_08.jpg,017_08-vs-067_08.jpg,017_08-vs-067_08,017_08,067_08,017,067,/nas-ctm01/datasets/public/BIOMETRICS/Face_Morphing/MAD22/original_sorted/BonaFide/017_08.jpg,/nas-ctm01/datasets/public/BIOMETRICS/Face_Morphing/MAD22/original_sorted/BonaFide/067_08.jpg,197,27,85
174,MAD22,OpenCV,identity_disjoint_80_20,train,/nas-ctm01/datasets/public/BIOMETRICS/Face_Morphing/MAD22/original_sorted/OpenCV/017_08-vs-128_08.jpg,017_08-vs-128_08.jpg,017_08-vs-128_08,017_08,128_08,017,128,/nas-ctm01/datasets/public/BIOMETRICS/Face_Morphing/MAD22/original_sorted/BonaFide/017_08.jpg,/nas-ctm01/datasets/public/BIOMETRICS/Face_Morphing/MAD22/original_sorted/BonaFide/128_08.jpg,198,27,153
175,MAD22,OpenCV,identity_disjoint_80_20,train,/nas-ctm01/datasets/public/BIOMETRICS/Face_Morphing/MAD22/original_sorted/OpenCV/017_08-vs-130_08.jpg,017_08-vs-130_08.jpg,017_08-vs-130_08,017_08,130_08,017,130,/nas-ctm01/datasets/public/BIOMETRICS/Face_Morphing/MAD22/original_sorted/BonaFide/017_08.jpg,/nas-ctm01/datasets/public/BIOMETRICS/Face_Morphing/MAD22/original_sorted/BonaFide/130_08.jpg,199,27,157
176,MAD22,OpenCV,identity_disjoint_80_20,train,/nas-ctm01/datasets/public/BIOMETRICS/Face_Morphing/MAD22/original_sorted/OpenCV/017_08-vs-141_08.jpg,017_08-vs-141_08.jpg,017_08-vs-141_08,017_08,141_08,017,141,/nas-ctm01/datasets/public/BIOMETRICS/Face_Morphing/MAD22/original_sorted/BonaFide/017_08.jpg,/nas-ctm01/datasets/public/BIOMETRICS/Face_Morphing/MAD22/original_sorted/BonaFide/141_08.jpg,200,27,174
177,MAD22,OpenCV,identity_disjoint_80_20,train,/nas-ctm01/datasets/public/BIOMETRICS/Face_Morphing/MAD22/original_sorted/OpenCV/018_03-vs-061_03.jpg,018_03-vs-061_03.jpg,018_03-vs-061_03,018_03,061_03,018,061,/nas-ctm01/datasets/public/BIOMETRICS/Face_Morphing/MAD22/original_sorted/BonaFide/018_03.jpg,/nas-ctm01/datasets/public/BIOMETRICS/Face_Morphing/MAD22/original_sorted/BonaFide/061_03.jpg,201,28,74
178,MAD22,OpenCV,identity_disjoint_80_20,train,/nas-ctm01/datasets/public/BIOMETRICS/Face_Morphing/MAD22/original_sorted/OpenCV/018_03-vs-063_03.jpg,018_03-vs-063_03.jpg,018_03-vs-063_03,018_03,063_03,018,063,/nas-ctm01/datasets/public/BIOMETRICS/Face_Morphing/MAD22/original_sorted/BonaFide/018_03.jpg,/nas-ctm01/datasets/public/BIOMETRICS/Face_Morphing/MAD22/original_sorted/BonaFide/063_03.jpg,202,28,78
179,MAD22,OpenCV,identity_disjoint_80_20,train,/nas-ctm01/datasets/public/BIOMETRICS/Face_Morphing/MAD22/original_sorted/OpenCV/018_03-vs-131_03.jpg,018_03-vs-131_03.jpg,018_03-vs-131_03,018_03,131_03,018,131,/nas-ctm01/datasets/public/BIOMETRICS/Face_Morphing/MAD22/original_sorted/BonaFide/018_03.jpg,/nas-ctm01/datasets/public/BIOMETRICS/Face_Morphing/MAD22/original_sorted/BonaFide/131_03.jpg,204,28,158
180,MAD22,OpenCV,identity_disjoint_80_20,train,/nas-ctm01/datasets/public/BIOMETRICS/Face_Morphing/MAD22/original_sorted/OpenCV/018_03-vs-138_03.jpg,018_03-vs-138_03.jpg,018_03-vs-138_03,018_03,138_03,018,138,/nas-ctm01/datasets/public/BIOMETRICS/Face_Morphing/MAD22/original_sorted/BonaFide/018_03.jpg,/nas-ctm01/datasets/public/BIOMETRICS/Face_Morphing/MAD22/original_sorted/BonaFide/138_03.jpg,205,28,169
181,MAD22,OpenCV,identity_disjoint_80_20,train,/nas-ctm01/datasets/public/BIOMETRICS/Face_Morphing/MAD22/original_sorted/OpenCV/018_08-vs-045_08.jpg,018_08-vs-045_08.jpg,018_08-vs-045_08,018_08,045_08,018,045,/nas-ctm01/datasets/public/BIOMETRICS/Face_Morphing/MAD22/original_sorted/BonaFide/018_08.jpg,/nas-ctm01/datasets/public/BIOMETRICS/Face_Morphing/MAD22/original_sorted/BonaFide/045_08.jpg,206,29,73
182,MAD22,OpenCV,identity_disjoint_80_20,train,/nas-ctm01/datasets/public/BIOMETRICS/Face_Morphing/MAD22/original_sorted/OpenCV/018_08-vs-061_08.jpg,018_08-vs-061_08.jpg,018_08-vs-061_08,018_08,061_08,018,061,/nas-ctm01/datasets/public/BIOMETRICS/Face_Morphing/MAD22/original_sorted/BonaFide/018_08.jpg,/nas-ctm01/datasets/public/BIOMETRICS/Face_Morphing/MAD22/original_sorted/BonaFide/061_08.jpg,207,29,75
183,MAD22,OpenCV,identity_disjoint_80_20,train,/nas-ctm01/datasets/public/BIOMETRICS/Face_Morphing/MAD22/original_sorted/OpenCV/018_08-vs-069_08.jpg,018_08-vs-069_08.jpg,018_08-vs-069_08,018_08,069_08,018,069,/nas-ctm01/datasets/public/BIOMETRICS/Face_Morphing/MAD22/original_sorted/BonaFide/018_08.jpg,/nas-ctm01/datasets/public/BIOMETRICS/Face_Morphing/MAD22/original_sorted/BonaFide/069_08.jpg,208,29,89
184,MAD22,OpenCV,identity_disjoint_80_20,train,/nas-ctm01/datasets/public/BIOMETRICS/Face_Morphing/MAD22/original_sorted/OpenCV/018_08-vs-092_08.jpg,018_08-vs-092_08.jpg,018_08-vs-092_08,018_08,092_08,018,092,/nas-ctm01/datasets/public/BIOMETRICS/Face_Morphing/MAD22/original_sorted/BonaFide/018_08.jpg,/nas-ctm01/datasets/public/BIOMETRICS/Face_Morphing/MAD22/original_sorted/BonaFide/092_08.jpg,209,29,103
185,MAD22,OpenCV,identity_disjoint_80_20,train,/nas-ctm01/datasets/public/BIOMETRICS/Face_Morphing/MAD22/original_sorted/OpenCV/018_08-vs-132_08.jpg,018_08-vs-132_08.jpg,018_08-vs-132_08,018_08,132_08,018,132,/nas-ctm01/datasets/public/BIOMETRICS/Face_Morphing/MAD22/original_sorted/BonaFide/018_08.jpg,/nas-ctm01/datasets/public/BIOMETRICS/Face_Morphing/MAD22/original_sorted/BonaFide/132_08.jpg,213,29,161
186,MAD22,OpenCV,identity_disjoint_80_20,train,/nas-ctm01/datasets/public/BIOMETRICS/Face_Morphing/MAD22/original_sorted/OpenCV/018_08-vs-172_08.jpg,018_08-vs-172_08.jpg,018_08-vs-172_08,018_08,172_08,018,172,/nas-ctm01/datasets/public/BIOMETRICS/Face_Morphing/MAD22/original_sorted/BonaFide/018_08.jpg,/nas-ctm01/datasets/public/BIOMETRICS/Face_Morphing/MAD22/original_sorted/BonaFide/172_08.jpg,215,29,182
187,MAD22,OpenCV,identity_disjoint_80_20,train,/nas-ctm01/datasets/public/BIOMETRICS/Face_Morphing/MAD22/original_sorted/OpenCV/019_03-vs-027_03.jpg,019_03-vs-027_03.jpg,019_03-vs-027_03,019_03,027_03,019,027,/nas-ctm01/datasets/public/BIOMETRICS/Face_Morphing/MAD22/original_sorted/BonaFide/019_03.jpg,/nas-ctm01/datasets/public/BIOMETRICS/Face_Morphing/MAD22/original_sorted/BonaFide/027_03.jpg,216,30,44
188,MAD22,OpenCV,identity_disjoint_80_20,train,/nas-ctm01/datasets/public/BIOMETRICS/Face_Morphing/MAD22/original_sorted/OpenCV/019_03-vs-083_03.jpg,019_03-vs-083_03.jpg,019_03-vs-083_03,019_03,083_03,019,083,/nas-ctm01/datasets/public/BIOMETRICS/Face_Morphing/MAD22/original_sorted/BonaFide/019_03.jpg,/nas-ctm01/datasets/public/BIOMETRICS/Face_Morphing/MAD22/original_sorted/BonaFide/083_03.jpg,217,30,94
189,MAD22,OpenCV,identity_disjoint_80_20,train,/nas-ctm01/datasets/public/BIOMETRICS/Face_Morphing/MAD22/original_sorted/OpenCV/019_03-vs-097_03.jpg,019_03-vs-097_03.jpg,019_03-vs-097_03,019_03,097_03,019,097,/nas-ctm01/datasets/public/BIOMETRICS/Face_Morphing/MAD22/original_sorted/BonaFide/019_03.jpg,/nas-ctm01/datasets/public/BIOMETRICS/Face_Morphing/MAD22/original_sorted/BonaFide/097_03.jpg,218,30,108
190,MAD22,OpenCV,identity_disjoint_80_20,train,/nas-ctm01/datasets/public/BIOMETRICS/Face_Morphing/MAD22/original_sorted/OpenCV/019_03-vs-100_03.jpg,019_03-vs-100_03.jpg,019_03-vs-100_03,019_03,100_03,019,100,/nas-ctm01/datasets/public/BIOMETRICS/Face_Morphing/MAD22/original_sorted/BonaFide/019_03.jpg,/nas-ctm01/datasets/public/BIOMETRICS/Face_Morphing/MAD22/original_sorted/BonaFide/100_03.jpg,219,30,112
191,MAD22,OpenCV,identity_disjoint_80_20,train,/nas-ctm01/datasets/public/BIOMETRICS/Face_Morphing/MAD22/original_sorted/OpenCV/019_03-vs-122_03.jpg,019_03-vs-122_03.jpg,019_03-vs-122_03,019_03,122_03,019,122,/nas-ctm01/datasets/public/BIOMETRICS/Face_Morphing/MAD22/original_sorted/BonaFide/019_03.jpg,/nas-ctm01/datasets/public/BIOMETRICS/Face_Morphing/MAD22/original_sorted/BonaFide/122_03.jpg,220,30,141
192,MAD22,OpenCV,identity_disjoint_80_20,train,/nas-ctm01/datasets/public/BIOMETRICS/Face_Morphing/MAD22/original_sorted/OpenCV/019_03-vs-139_03.jpg,019_03-vs-139_03.jpg,019_03-vs-139_03,019_03,139_03,019,139,/nas-ctm01/datasets/public/BIOMETRICS/Face_Morphing/MAD22/original_sorted/BonaFide/019_03.jpg,/nas-ctm01/datasets/public/BIOMETRICS/Face_Morphing/MAD22/original_sorted/BonaFide/139_03.jpg,221,30,170
193,MAD22,OpenCV,identity_disjoint_80_20,train,/nas-ctm01/datasets/public/BIOMETRICS/Face_Morphing/MAD22/original_sorted/OpenCV/019_08-vs-027_08.jpg,019_08-vs-027_08.jpg,019_08-vs-027_08,019_08,027_08,019,027,/nas-ctm01/datasets/public/BIOMETRICS/Face_Morphing/MAD22/original_sorted/BonaFide/019_08.jpg,/nas-ctm01/datasets/public/BIOMETRICS/Face_Morphing/MAD22/original_sorted/BonaFide/027_08.jpg,222,31,45
194,MAD22,OpenCV,identity_disjoint_80_20,train,/nas-ctm01/datasets/public/BIOMETRICS/Face_Morphing/MAD22/original_sorted/OpenCV/019_08-vs-039_08.jpg,019_08-vs-039_08.jpg,019_08-vs-039_08,019_08,039_08,019,039,/nas-ctm01/datasets/public/BIOMETRICS/Face_Morphing/MAD22/original_sorted/BonaFide/019_08.jpg,/nas-ctm01/datasets/public/BIOMETRICS/Face_Morphing/MAD22/original_sorted/BonaFide/039_08.jpg,223,31,64
195,MAD22,OpenCV,identity_disjoint_80_20,train,/nas-ctm01/datasets/public/BIOMETRICS/Face_Morphing/MAD22/original_sorted/OpenCV/019_08-vs-083_08.jpg,019_08-vs-083_08.jpg,019_08-vs-083_08,019_08,083_08,019,083,/nas-ctm01/datasets/public/BIOMETRICS/Face_Morphing/MAD22/original_sorted/BonaFide/019_08.jpg,/nas-ctm01/datasets/public/BIOMETRICS/Face_Morphing/MAD22/original_sorted/BonaFide/083_08.jpg,224,31,95
196,MAD22,OpenCV,identity_disjoint_80_20,train,/nas-ctm01/datasets/public/BIOMETRICS/Face_Morphing/MAD22/original_sorted/OpenCV/019_08-vs-097_08.jpg,019_08-vs-097_08.jpg,019_08-vs-097_08,019_08,097_08,019,097,/nas-ctm01/datasets/public/BIOMETRICS/Face_Morphing/MAD22/original_sorted/BonaFide/019_08.jpg,/nas-ctm01/datasets/public/BIOMETRICS/Face_Morphing/MAD22/original_sorted/BonaFide/097_08.jpg,225,31,109
197,MAD22,OpenCV,identity_disjoint_80_20,train,/nas-ctm01/datasets/public/BIOMETRICS/Face_Morphing/MAD22/original_sorted/OpenCV/019_08-vs-102_08.jpg,019_08-vs-102_08.jpg,019_08-vs-102_08,019_08,102_08,019,102,/nas-ctm01/datasets/public/BIOMETRICS/Face_Morphing/MAD22/original_sorted/BonaFide/019_08.jpg,/nas-ctm01/datasets/public/BIOMETRICS/Face_Morphing/MAD22/original_sorted/BonaFide/102_08.jpg,226,31,116
198,MAD22,OpenCV,identity_disjoint_80_20,train,/nas-ctm01/datasets/public/BIOMETRICS/Face_Morphing/MAD22/original_sorted/OpenCV/019_08-vs-122_08.jpg,019_08-vs-122_08.jpg,019_08-vs-122_08,019_08,122_08,019,122,/nas-ctm01/datasets/public/BIOMETRICS/Face_Morphing/MAD22/original_sorted/BonaFide/019_08.jpg,/nas-ctm01/datasets/public/BIOMETRICS/Face_Morphing/MAD22/original_sorted/BonaFide/122_08.jpg,227,31,142
199,MAD22,OpenCV,identity_disjoint_80_20,train,/nas-ctm01/datasets/public/BIOMETRICS/Face_Morphing/MAD22/original_sorted/OpenCV/019_08-vs-135_08.jpg,019_08-vs-135_08.jpg,019_08-vs-135_08,019_08,135_08,019,135,/nas-ctm01/datasets/public/BIOMETRICS/Face_Morphing/MAD22/original_sorted/BonaFide/019_08.jpg,/nas-ctm01/datasets/public/BIOMETRICS/Face_Morphing/MAD22/original_sorted/BonaFide/135_08.jpg,228,31,165
200,MAD22,OpenCV,identity_disjoint_80_20,train,/nas-ctm01/datasets/public/BIOMETRICS/Face_Morphing/MAD22/original_sorted/OpenCV/019_08-vs-139_08.jpg,019_08-vs-139_08.jpg,019_08-vs-139_08,019_08,139_08,019,139,/nas-ctm01/datasets/public/BIOMETRICS/Face_Morphing/MAD22/original_sorted/BonaFide/019_08.jpg,/nas-ctm01/datasets/public/BIOMETRICS/Face_Morphing/MAD22/original_sorted/BonaFide/139_08.jpg,229,31,171
201,MAD22,OpenCV,identity_disjoint_80_20,train,/nas-ctm01/datasets/public/BIOMETRICS/Face_Morphing/MAD22/original_sorted/OpenCV/019_08-vs-144_08.jpg,019_08-vs-144_08.jpg,019_08-vs-144_08,019_08,144_08,019,144,/nas-ctm01/datasets/public/BIOMETRICS/Face_Morphing/MAD22/original_sorted/BonaFide/019_08.jpg,/nas-ctm01/datasets/public/BIOMETRICS/Face_Morphing/MAD22/original_sorted/BonaFide/144_08.jpg,230,31,180
202,MAD22,OpenCV,identity_disjoint_80_20,train,/nas-ctm01/datasets/public/BIOMETRICS/Face_Morphing/MAD22/original_sorted/OpenCV/020_03-vs-062_03.jpg,020_03-vs-062_03.jpg,020_03-vs-062_03,020_03,062_03,020,062,/nas-ctm01/datasets/public/BIOMETRICS/Face_Morphing/MAD22/original_sorted/BonaFide/020_03.jpg,/nas-ctm01/datasets/public/BIOMETRICS/Face_Morphing/MAD22/original_sorted/BonaFide/062_03.jpg,231,32,76
203,MAD22,OpenCV,identity_disjoint_80_20,train,/nas-ctm01/datasets/public/BIOMETRICS/Face_Morphing/MAD22/original_sorted/OpenCV/020_03-vs-064_03.jpg,020_03-vs-064_03.jpg,020_03-vs-064_03,020_03,064_03,020,064,/nas-ctm01/datasets/public/BIOMETRICS/Face_Morphing/MAD22/original_sorted/BonaFide/020_03.jpg,/nas-ctm01/datasets/public/BIOMETRICS/Face_Morphing/MAD22/original_sorted/BonaFide/064_03.jpg,232,32,80
204,MAD22,OpenCV,identity_disjoint_80_20,train,/nas-ctm01/datasets/public/BIOMETRICS/Face_Morphing/MAD22/original_sorted/OpenCV/020_08-vs-064_08.jpg,020_08-vs-064_08.jpg,020_08-vs-064_08,020_08,064_08,020,064,/nas-ctm01/datasets/public/BIOMETRICS/Face_Morphing/MAD22/original_sorted/BonaFide/020_08.jpg,/nas-ctm01/datasets/public/BIOMETRICS/Face_Morphing/MAD22/original_sorted/BonaFide/064_08.jpg,233,33,81
205,MAD22,OpenCV,identity_disjoint_80_20,train,/nas-ctm01/datasets/public/BIOMETRICS/Face_Morphing/MAD22/original_sorted/OpenCV/020_08-vs-099_08.jpg,020_08-vs-099_08.jpg,020_08-vs-099_08,020_08,099_08,020,099,/nas-ctm01/datasets/public/BIOMETRICS/Face_Morphing/MAD22/original_sorted/BonaFide/020_08.jpg,/nas-ctm01/datasets/public/BIOMETRICS/Face_Morphing/MAD22/original_sorted/BonaFide/099_08.jpg,234,33,111
206,MAD22,OpenCV,identity_disjoint_80_20,train,/nas-ctm01/datasets/public/BIOMETRICS/Face_Morphing/MAD22/original_sorted/OpenCV/024_03-vs-036_03.jpg,024_03-vs-036_03.jpg,024_03-vs-036_03,024_03,036_03,024,036,/nas-ctm01/datasets/public/BIOMETRICS/Face_Morphing/MAD22/original_sorted/BonaFide/024_03.jpg,/nas-ctm01/datasets/public/BIOMETRICS/Face_Morphing/MAD22/original_sorted/BonaFide/036_03.jpg,255,38,58
207,MAD22,OpenCV,identity_disjoint_80_20,train,/nas-ctm01/datasets/public/BIOMETRICS/Face_Morphing/MAD22/original_sorted/OpenCV/024_03-vs-092_03.jpg,024_03-vs-092_03.jpg,024_03-vs-092_03,024_03,092_03,024,092,/nas-ctm01/datasets/public/BIOMETRICS/Face_Morphing/MAD22/original_sorted/BonaFide/024_03.jpg,/nas-ctm01/datasets/public/BIOMETRICS/Face_Morphing/MAD22/original_sorted/BonaFide/092_03.jpg,257,38,102
208,MAD22,OpenCV,identity_disjoint_80_20,train,/nas-ctm01/datasets/public/BIOMETRICS/Face_Morphing/MAD22/original_sorted/OpenCV/024_03-vs-125_03.jpg,024_03-vs-125_03.jpg,024_03-vs-125_03,024_03,125_03,024,125,/nas-ctm01/datasets/public/BIOMETRICS/Face_Morphing/MAD22/original_sorted/BonaFide/024_03.jpg,/nas-ctm01/datasets/public/BIOMETRICS/Face_Morphing/MAD22/original_sorted/BonaFide/125_03.jpg,258,38,147
209,MAD22,OpenCV,identity_disjoint_80_20,train,/nas-ctm01/datasets/public/BIOMETRICS/Face_Morphing/MAD22/original_sorted/OpenCV/024_03-vs-131_03.jpg,024_03-vs-131_03.jpg,024_03-vs-131_03,024_03,131_03,024,131,/nas-ctm01/datasets/public/BIOMETRICS/Face_Morphing/MAD22/original_sorted/BonaFide/024_03.jpg,/nas-ctm01/datasets/public/BIOMETRICS/Face_Morphing/MAD22/original_sorted/BonaFide/131_03.jpg,259,38,158
210,MAD22,OpenCV,identity_disjoint_80_20,train,/nas-ctm01/datasets/public/BIOMETRICS/Face_Morphing/MAD22/original_sorted/OpenCV/024_03-vs-138_03.jpg,024_03-vs-138_03.jpg,024_03-vs-138_03,024_03,138_03,024,138,/nas-ctm01/datasets/public/BIOMETRICS/Face_Morphing/MAD22/original_sorted/BonaFide/024_03.jpg,/nas-ctm01/datasets/public/BIOMETRICS/Face_Morphing/MAD22/original_sorted/BonaFide/138_03.jpg,261,38,169
211,MAD22,OpenCV,identity_disjoint_80_20,train,/nas-ctm01/datasets/public/BIOMETRICS/Face_Morphing/MAD22/original_sorted/OpenCV/024_03-vs-141_03.jpg,024_03-vs-141_03.jpg,024_03-vs-141_03,024_03,141_03,024,141,/nas-ctm01/datasets/public/BIOMETRICS/Face_Morphing/MAD22/original_sorted/BonaFide/024_03.jpg,/nas-ctm01/datasets/public/BIOMETRICS/Face_Morphing/MAD22/original_sorted/BonaFide/141_03.jpg,262,38,173
212,MAD22,OpenCV,identity_disjoint_80_20,train,/nas-ctm01/datasets/public/BIOMETRICS/Face_Morphing/MAD22/original_sorted/OpenCV/024_08-vs-036_08.jpg,024_08-vs-036_08.jpg,024_08-vs-036_08,024_08,036_08,024,036,/nas-ctm01/datasets/public/BIOMETRICS/Face_Morphing/MAD22/original_sorted/BonaFide/024_08.jpg,/nas-ctm01/datasets/public/BIOMETRICS/Face_Morphing/MAD22/original_sorted/BonaFide/036_08.jpg,264,39,59
213,MAD22,OpenCV,identity_disjoint_80_20,train,/nas-ctm01/datasets/public/BIOMETRICS/Face_Morphing/MAD22/original_sorted/OpenCV/024_08-vs-061_08.jpg,024_08-vs-061_08.jpg,024_08-vs-061_08,024_08,061_08,024,061,/nas-ctm01/datasets/public/BIOMETRICS/Face_Morphing/MAD22/original_sorted/BonaFide/024_08.jpg,/nas-ctm01/datasets/public/BIOMETRICS/Face_Morphing/MAD22/original_sorted/BonaFide/061_08.jpg,265,39,75
214,MAD22,OpenCV,identity_disjoint_80_20,train,/nas-ctm01/datasets/public/BIOMETRICS/Face_Morphing/MAD22/original_sorted/OpenCV/024_08-vs-069_08.jpg,024_08-vs-069_08.jpg,024_08-vs-069_08,024_08,069_08,024,069,/nas-ctm01/datasets/public/BIOMETRICS/Face_Morphing/MAD22/original_sorted/BonaFide/024_08.jpg,/nas-ctm01/datasets/public/BIOMETRICS/Face_Morphing/MAD22/original_sorted/BonaFide/069_08.jpg,266,39,89
215,MAD22,OpenCV,identity_disjoint_80_20,train,/nas-ctm01/datasets/public/BIOMETRICS/Face_Morphing/MAD22/original_sorted/OpenCV/024_08-vs-092_08.jpg,024_08-vs-092_08.jpg,024_08-vs-092_08,024_08,092_08,024,092,/nas-ctm01/datasets/public/BIOMETRICS/Face_Morphing/MAD22/original_sorted/BonaFide/024_08.jpg,/nas-ctm01/datasets/public/BIOMETRICS/Face_Morphing/MAD22/original_sorted/BonaFide/092_08.jpg,267,39,103
216,MAD22,OpenCV,identity_disjoint_80_20,train,/nas-ctm01/datasets/public/BIOMETRICS/Face_Morphing/MAD22/original_sorted/OpenCV/024_08-vs-125_08.jpg,024_08-vs-125_08.jpg,024_08-vs-125_08,024_08,125_08,024,125,/nas-ctm01/datasets/public/BIOMETRICS/Face_Morphing/MAD22/original_sorted/BonaFide/024_08.jpg,/nas-ctm01/datasets/public/BIOMETRICS/Face_Morphing/MAD22/original_sorted/BonaFide/125_08.jpg,269,39,148
217,MAD22,OpenCV,identity_disjoint_80_20,train,/nas-ctm01/datasets/public/BIOMETRICS/Face_Morphing/MAD22/original_sorted/OpenCV/024_08-vs-131_08.jpg,024_08-vs-131_08.jpg,024_08-vs-131_08,024_08,131_08,024,131,/nas-ctm01/datasets/public/BIOMETRICS/Face_Morphing/MAD22/original_sorted/BonaFide/024_08.jpg,/nas-ctm01/datasets/public/BIOMETRICS/Face_Morphing/MAD22/original_sorted/BonaFide/131_08.jpg,270,39,159
218,MAD22,OpenCV,identity_disjoint_80_20,train,/nas-ctm01/datasets/public/BIOMETRICS/Face_Morphing/MAD22/original_sorted/OpenCV/024_08-vs-141_08.jpg,024_08-vs-141_08.jpg,024_08-vs-141_08,024_08,141_08,024,141,/nas-ctm01/datasets/public/BIOMETRICS/Face_Morphing/MAD22/original_sorted/BonaFide/024_08.jpg,/nas-ctm01/datasets/public/BIOMETRICS/Face_Morphing/MAD22/original_sorted/BonaFide/141_08.jpg,271,39,174
219,MAD22,OpenCV,identity_disjoint_80_20,train,/nas-ctm01/datasets/public/BIOMETRICS/Face_Morphing/MAD22/original_sorted/OpenCV/025_03-vs-038_03.jpg,025_03-vs-038_03.jpg,025_03-vs-038_03,025_03,038_03,025,038,/nas-ctm01/datasets/public/BIOMETRICS/Face_Morphing/MAD22/original_sorted/BonaFide/025_03.jpg,/nas-ctm01/datasets/public/BIOMETRICS/Face_Morphing/MAD22/original_sorted/BonaFide/038_03.jpg,273,40,61
220,MAD22,OpenCV,identity_disjoint_80_20,train,/nas-ctm01/datasets/public/BIOMETRICS/Face_Morphing/MAD22/original_sorted/OpenCV/025_03-vs-062_03.jpg,025_03-vs-062_03.jpg,025_03-vs-062_03,025_03,062_03,025,062,/nas-ctm01/datasets/public/BIOMETRICS/Face_Morphing/MAD22/original_sorted/BonaFide/025_03.jpg,/nas-ctm01/datasets/public/BIOMETRICS/Face_Morphing/MAD22/original_sorted/BonaFide/062_03.jpg,274,40,76
221,MAD22,OpenCV,identity_disjoint_80_20,train,/nas-ctm01/datasets/public/BIOMETRICS/Face_Morphing/MAD22/original_sorted/OpenCV/025_03-vs-134_03.jpg,025_03-vs-134_03.jpg,025_03-vs-134_03,025_03,134_03,025,134,/nas-ctm01/datasets/public/BIOMETRICS/Face_Morphing/MAD22/original_sorted/BonaFide/025_03.jpg,/nas-ctm01/datasets/public/BIOMETRICS/Face_Morphing/MAD22/original_sorted/BonaFide/134_03.jpg,275,40,162
222,MAD22,OpenCV,identity_disjoint_80_20,train,/nas-ctm01/datasets/public/BIOMETRICS/Face_Morphing/MAD22/original_sorted/OpenCV/025_03-vs-136_03.jpg,025_03-vs-136_03.jpg,025_03-vs-136_03,025_03,136_03,025,136,/nas-ctm01/datasets/public/BIOMETRICS/Face_Morphing/MAD22/original_sorted/BonaFide/025_03.jpg,/nas-ctm01/datasets/public/BIOMETRICS/Face_Morphing/MAD22/original_sorted/BonaFide/136_03.jpg,276,40,166
223,MAD22,OpenCV,identity_disjoint_80_20,train,/nas-ctm01/datasets/public/BIOMETRICS/Face_Morphing/MAD22/original_sorted/OpenCV/025_08-vs-038_08.jpg,025_08-vs-038_08.jpg,025_08-vs-038_08,025_08,038_08,025,038,/nas-ctm01/datasets/public/BIOMETRICS/Face_Morphing/MAD22/original_sorted/BonaFide/025_08.jpg,/nas-ctm01/datasets/public/BIOMETRICS/Face_Morphing/MAD22/original_sorted/BonaFide/038_08.jpg,277,41,62
224,MAD22,OpenCV,identity_disjoint_80_20,train,/nas-ctm01/datasets/public/BIOMETRICS/Face_Morphing/MAD22/original_sorted/OpenCV/025_08-vs-091_08.jpg,025_08-vs-091_08.jpg,025_08-vs-091_08,025_08,091_08,025,091,/nas-ctm01/datasets/public/BIOMETRICS/Face_Morphing/MAD22/original_sorted/BonaFide/025_08.jpg,/nas-ctm01/datasets/public/BIOMETRICS/Face_Morphing/MAD22/original_sorted/BonaFide/091_08.jpg,278,41,101
225,MAD22,OpenCV,identity_disjoint_80_20,train,/nas-ctm01/datasets/public/BIOMETRICS/Face_Morphing/MAD22/original_sorted/OpenCV/025_08-vs-124_08.jpg,025_08-vs-124_08.jpg,025_08-vs-124_08,025_08,124_08,025,124,/nas-ctm01/datasets/public/BIOMETRICS/Face_Morphing/MAD22/original_sorted/BonaFide/025_08.jpg,/nas-ctm01/datasets/public/BIOMETRICS/Face_Morphing/MAD22/original_sorted/BonaFide/124_08.jpg,279,41,146
226,MAD22,OpenCV,identity_disjoint_80_20,train,/nas-ctm01/datasets/public/BIOMETRICS/Face_Morphing/MAD22/original_sorted/OpenCV/025_08-vs-134_08.jpg,025_08-vs-134_08.jpg,025_08-vs-134_08,025_08,134_08,025,134,/nas-ctm01/datasets/public/BIOMETRICS/Face_Morphing/MAD22/original_sorted/BonaFide/025_08.jpg,/nas-ctm01/datasets/public/BIOMETRICS/Face_Morphing/MAD22/original_sorted/BonaFide/134_08.jpg,280,41,163
227,MAD22,OpenCV,identity_disjoint_80_20,train,/nas-ctm01/datasets/public/BIOMETRICS/Face_Morphing/MAD22/original_sorted/OpenCV/025_08-vs-136_08.jpg,025_08-vs-136_08.jpg,025_08-vs-136_08,025_08,136_08,025,136,/nas-ctm01/datasets/public/BIOMETRICS/Face_Morphing/MAD22/original_sorted/BonaFide/025_08.jpg,/nas-ctm01/datasets/public/BIOMETRICS/Face_Morphing/MAD22/original_sorted/BonaFide/136_08.jpg,281,41,167
228,MAD22,OpenCV,identity_disjoint_80_20,train,/nas-ctm01/datasets/public/BIOMETRICS/Face_Morphing/MAD22/original_sorted/OpenCV/026_03-vs-123_03.jpg,026_03-vs-123_03.jpg,026_03-vs-123_03,026_03,123_03,026,123,/nas-ctm01/datasets/public/BIOMETRICS/Face_Morphing/MAD22/original_sorted/BonaFide/026_03.jpg,/nas-ctm01/datasets/public/BIOMETRICS/Face_Morphing/MAD22/original_sorted/BonaFide/123_03.jpg,282,42,143
229,MAD22,OpenCV,identity_disjoint_80_20,train,/nas-ctm01/datasets/public/BIOMETRICS/Face_Morphing/MAD22/original_sorted/OpenCV/026_03-vs-130_03.jpg,026_03-vs-130_03.jpg,026_03-vs-130_03,026_03,130_03,026,130,/nas-ctm01/datasets/public/BIOMETRICS/Face_Morphing/MAD22/original_sorted/BonaFide/026_03.jpg,/nas-ctm01/datasets/public/BIOMETRICS/Face_Morphing/MAD22/original_sorted/BonaFide/130_03.jpg,283,42,156
230,MAD22,OpenCV,identity_disjoint_80_20,train,/nas-ctm01/datasets/public/BIOMETRICS/Face_Morphing/MAD22/original_sorted/OpenCV/026_03-vs-143_03.jpg,026_03-vs-143_03.jpg,026_03-vs-143_03,026_03,143_03,026,143,/nas-ctm01/datasets/public/BIOMETRICS/Face_Morphing/MAD22/original_sorted/BonaFide/026_03.jpg,/nas-ctm01/datasets/public/BIOMETRICS/Face_Morphing/MAD22/original_sorted/BonaFide/143_03.jpg,284,42,177
231,MAD22,OpenCV,identity_disjoint_80_20,train,/nas-ctm01/datasets/public/BIOMETRICS/Face_Morphing/MAD22/original_sorted/OpenCV/026_08-vs-045_08.jpg,026_08-vs-045_08.jpg,026_08-vs-045_08,026_08,045_08,026,045,/nas-ctm01/datasets/public/BIOMETRICS/Face_Morphing/MAD22/original_sorted/BonaFide/026_08.jpg,/nas-ctm01/datasets/public/BIOMETRICS/Face_Morphing/MAD22/original_sorted/BonaFide/045_08.jpg,285,43,73
232,MAD22,OpenCV,identity_disjoint_80_20,train,/nas-ctm01/datasets/public/BIOMETRICS/Face_Morphing/MAD22/original_sorted/OpenCV/026_08-vs-070_08.jpg,026_08-vs-070_08.jpg,026_08-vs-070_08,026_08,070_08,026,070,/nas-ctm01/datasets/public/BIOMETRICS/Face_Morphing/MAD22/original_sorted/BonaFide/026_08.jpg,/nas-ctm01/datasets/public/BIOMETRICS/Face_Morphing/MAD22/original_sorted/BonaFide/070_08.jpg,286,43,90
233,MAD22,OpenCV,identity_disjoint_80_20,train,/nas-ctm01/datasets/public/BIOMETRICS/Face_Morphing/MAD22/original_sorted/OpenCV/026_08-vs-130_08.jpg,026_08-vs-130_08.jpg,026_08-vs-130_08,026_08,130_08,026,130,/nas-ctm01/datasets/public/BIOMETRICS/Face_Morphing/MAD22/original_sorted/BonaFide/026_08.jpg,/nas-ctm01/datasets/public/BIOMETRICS/Face_Morphing/MAD22/original_sorted/BonaFide/130_08.jpg,287,43,157
234,MAD22,OpenCV,identity_disjoint_80_20,train,/nas-ctm01/datasets/public/BIOMETRICS/Face_Morphing/MAD22/original_sorted/OpenCV/026_08-vs-132_08.jpg,026_08-vs-132_08.jpg,026_08-vs-132_08,026_08,132_08,026,132,/nas-ctm01/datasets/public/BIOMETRICS/Face_Morphing/MAD22/original_sorted/BonaFide/026_08.jpg,/nas-ctm01/datasets/public/BIOMETRICS/Face_Morphing/MAD22/original_sorted/BonaFide/132_08.jpg,288,43,161
235,MAD22,OpenCV,identity_disjoint_80_20,train,/nas-ctm01/datasets/public/BIOMETRICS/Face_Morphing/MAD22/original_sorted/OpenCV/027_03-vs-083_03.jpg,027_03-vs-083_03.jpg,027_03-vs-083_03,027_03,083_03,027,083,/nas-ctm01/datasets/public/BIOMETRICS/Face_Morphing/MAD22/original_sorted/BonaFide/027_03.jpg,/nas-ctm01/datasets/public/BIOMETRICS/Face_Morphing/MAD22/original_sorted/BonaFide/083_03.jpg,289,44,94
236,MAD22,OpenCV,identity_disjoint_80_20,train,/nas-ctm01/datasets/public/BIOMETRICS/Face_Morphing/MAD22/original_sorted/OpenCV/027_03-vs-090_03.jpg,027_03-vs-090_03.jpg,027_03-vs-090_03,027_03,090_03,027,090,/nas-ctm01/datasets/public/BIOMETRICS/Face_Morphing/MAD22/original_sorted/BonaFide/027_03.jpg,/nas-ctm01/datasets/public/BIOMETRICS/Face_Morphing/MAD22/original_sorted/BonaFide/090_03.jpg,290,44,99
237,MAD22,OpenCV,identity_disjoint_80_20,train,/nas-ctm01/datasets/public/BIOMETRICS/Face_Morphing/MAD22/original_sorted/OpenCV/027_03-vs-094_03.jpg,027_03-vs-094_03.jpg,027_03-vs-094_03,027_03,094_03,027,094,/nas-ctm01/datasets/public/BIOMETRICS/Face_Morphing/MAD22/original_sorted/BonaFide/027_03.jpg,/nas-ctm01/datasets/public/BIOMETRICS/Face_Morphing/MAD22/original_sorted/BonaFide/094_03.jpg,291,44,104
238,MAD22,OpenCV,identity_disjoint_80_20,train,/nas-ctm01/datasets/public/BIOMETRICS/Face_Morphing/MAD22/original_sorted/OpenCV/027_03-vs-100_03.jpg,027_03-vs-100_03.jpg,027_03-vs-100_03,027_03,100_03,027,100,/nas-ctm01/datasets/public/BIOMETRICS/Face_Morphing/MAD22/original_sorted/BonaFide/027_03.jpg,/nas-ctm01/datasets/public/BIOMETRICS/Face_Morphing/MAD22/original_sorted/BonaFide/100_03.jpg,292,44,112
239,MAD22,OpenCV,identity_disjoint_80_20,train,/nas-ctm01/datasets/public/BIOMETRICS/Face_Morphing/MAD22/original_sorted/OpenCV/027_03-vs-102_03.jpg,027_03-vs-102_03.jpg,027_03-vs-102_03,027_03,102_03,027,102,/nas-ctm01/datasets/public/BIOMETRICS/Face_Morphing/MAD22/original_sorted/BonaFide/027_03.jpg,/nas-ctm01/datasets/public/BIOMETRICS/Face_Morphing/MAD22/original_sorted/BonaFide/102_03.jpg,293,44,115
240,MAD22,OpenCV,identity_disjoint_80_20,train,/nas-ctm01/datasets/public/BIOMETRICS/Face_Morphing/MAD22/original_sorted/OpenCV/027_03-vs-118_03.jpg,027_03-vs-118_03.jpg,027_03-vs-118_03,027_03,118_03,027,118,/nas-ctm01/datasets/public/BIOMETRICS/Face_Morphing/MAD22/original_sorted/BonaFide/027_03.jpg,/nas-ctm01/datasets/public/BIOMETRICS/Face_Morphing/MAD22/original_sorted/BonaFide/118_03.jpg,294,44,133
241,MAD22,OpenCV,identity_disjoint_80_20,train,/nas-ctm01/datasets/public/BIOMETRICS/Face_Morphing/MAD22/original_sorted/OpenCV/027_03-vs-139_03.jpg,027_03-vs-139_03.jpg,027_03-vs-139_03,027_03,139_03,027,139,/nas-ctm01/datasets/public/BIOMETRICS/Face_Morphing/MAD22/original_sorted/BonaFide/027_03.jpg,/nas-ctm01/datasets/public/BIOMETRICS/Face_Morphing/MAD22/original_sorted/BonaFide/139_03.jpg,295,44,170
242,MAD22,OpenCV,identity_disjoint_80_20,train,/nas-ctm01/datasets/public/BIOMETRICS/Face_Morphing/MAD22/original_sorted/OpenCV/027_03-vs-144_03.jpg,027_03-vs-144_03.jpg,027_03-vs-144_03,027_03,144_03,027,144,/nas-ctm01/datasets/public/BIOMETRICS/Face_Morphing/MAD22/original_sorted/BonaFide/027_03.jpg,/nas-ctm01/datasets/public/BIOMETRICS/Face_Morphing/MAD22/original_sorted/BonaFide/144_03.jpg,296,44,179
243,MAD22,OpenCV,identity_disjoint_80_20,train,/nas-ctm01/datasets/public/BIOMETRICS/Face_Morphing/MAD22/original_sorted/OpenCV/027_08-vs-038_08.jpg,027_08-vs-038_08.jpg,027_08-vs-038_08,027_08,038_08,027,038,/nas-ctm01/datasets/public/BIOMETRICS/Face_Morphing/MAD22/original_sorted/BonaFide/027_08.jpg,/nas-ctm01/datasets/public/BIOMETRICS/Face_Morphing/MAD22/original_sorted/BonaFide/038_08.jpg,297,45,62
244,MAD22,OpenCV,identity_disjoint_80_20,train,/nas-ctm01/datasets/public/BIOMETRICS/Face_Morphing/MAD22/original_sorted/OpenCV/027_08-vs-083_08.jpg,027_08-vs-083_08.jpg,027_08-vs-083_08,027_08,083_08,027,083,/nas-ctm01/datasets/public/BIOMETRICS/Face_Morphing/MAD22/original_sorted/BonaFide/027_08.jpg,/nas-ctm01/datasets/public/BIOMETRICS/Face_Morphing/MAD22/original_sorted/BonaFide/083_08.jpg,298,45,95
245,MAD22,OpenCV,identity_disjoint_80_20,train,/nas-ctm01/datasets/public/BIOMETRICS/Face_Morphing/MAD22/original_sorted/OpenCV/027_08-vs-090_08.jpg,027_08-vs-090_08.jpg,027_08-vs-090_08,027_08,090_08,027,090,/nas-ctm01/datasets/public/BIOMETRICS/Face_Morphing/MAD22/original_sorted/BonaFide/027_08.jpg,/nas-ctm01/datasets/public/BIOMETRICS/Face_Morphing/MAD22/original_sorted/BonaFide/090_08.jpg,299,45,100
246,MAD22,OpenCV,identity_disjoint_80_20,train,/nas-ctm01/datasets/public/BIOMETRICS/Face_Morphing/MAD22/original_sorted/OpenCV/027_08-vs-099_08.jpg,027_08-vs-099_08.jpg,027_08-vs-099_08,027_08,099_08,027,099,/nas-ctm01/datasets/public/BIOMETRICS/Face_Morphing/MAD22/original_sorted/BonaFide/027_08.jpg,/nas-ctm01/datasets/public/BIOMETRICS/Face_Morphing/MAD22/original_sorted/BonaFide/099_08.jpg,300,45,111
247,MAD22,OpenCV,identity_disjoint_80_20,train,/nas-ctm01/datasets/public/BIOMETRICS/Face_Morphing/MAD22/original_sorted/OpenCV/027_08-vs-118_08.jpg,027_08-vs-118_08.jpg,027_08-vs-118_08,027_08,118_08,027,118,/nas-ctm01/datasets/public/BIOMETRICS/Face_Morphing/MAD22/original_sorted/BonaFide/027_08.jpg,/nas-ctm01/datasets/public/BIOMETRICS/Face_Morphing/MAD22/original_sorted/BonaFide/118_08.jpg,301,45,134
248,MAD22,OpenCV,identity_disjoint_80_20,train,/nas-ctm01/datasets/public/BIOMETRICS/Face_Morphing/MAD22/original_sorted/OpenCV/027_08-vs-139_08.jpg,027_08-vs-139_08.jpg,027_08-vs-139_08,027_08,139_08,027,139,/nas-ctm01/datasets/public/BIOMETRICS/Face_Morphing/MAD22/original_sorted/BonaFide/027_08.jpg,/nas-ctm01/datasets/public/BIOMETRICS/Face_Morphing/MAD22/original_sorted/BonaFide/139_08.jpg,302,45,171
249,MAD22,OpenCV,identity_disjoint_80_20,train,/nas-ctm01/datasets/public/BIOMETRICS/Face_Morphing/MAD22/original_sorted/OpenCV/027_08-vs-144_08.jpg,027_08-vs-144_08.jpg,027_08-vs-144_08,027_08,144_08,027,144,/nas-ctm01/datasets/public/BIOMETRICS/Face_Morphing/MAD22/original_sorted/BonaFide/027_08.jpg,/nas-ctm01/datasets/public/BIOMETRICS/Face_Morphing/MAD22/original_sorted/BonaFide/144_08.jpg,303,45,180
250,MAD22,OpenCV,identity_disjoint_80_20,train,/nas-ctm01/datasets/public/BIOMETRICS/Face_Morphing/MAD22/original_sorted/OpenCV/030_03-vs-039_03.jpg,030_03-vs-039_03.jpg,030_03-vs-039_03,030_03,039_03,030,039,/nas-ctm01/datasets/public/BIOMETRICS/Face_Morphing/MAD22/original_sorted/BonaFide/030_03.jpg,/nas-ctm01/datasets/public/BIOMETRICS/Face_Morphing/MAD22/original_sorted/BonaFide/039_03.jpg,315,48,63
251,MAD22,OpenCV,identity_disjoint_80_20,train,/nas-ctm01/datasets/public/BIOMETRICS/Face_Morphing/MAD22/original_sorted/OpenCV/030_03-vs-062_03.jpg,030_03-vs-062_03.jpg,030_03-vs-062_03,030_03,062_03,030,062,/nas-ctm01/datasets/public/BIOMETRICS/Face_Morphing/MAD22/original_sorted/BonaFide/030_03.jpg,/nas-ctm01/datasets/public/BIOMETRICS/Face_Morphing/MAD22/original_sorted/BonaFide/062_03.jpg,316,48,76
252,MAD22,OpenCV,identity_disjoint_80_20,train,/nas-ctm01/datasets/public/BIOMETRICS/Face_Morphing/MAD22/original_sorted/OpenCV/030_03-vs-134_03.jpg,030_03-vs-134_03.jpg,030_03-vs-134_03,030_03,134_03,030,134,/nas-ctm01/datasets/public/BIOMETRICS/Face_Morphing/MAD22/original_sorted/BonaFide/030_03.jpg,/nas-ctm01/datasets/public/BIOMETRICS/Face_Morphing/MAD22/original_sorted/BonaFide/134_03.jpg,317,48,162
253,MAD22,OpenCV,identity_disjoint_80_20,train,/nas-ctm01/datasets/public/BIOMETRICS/Face_Morphing/MAD22/original_sorted/OpenCV/030_08-vs-039_08.jpg,030_08-vs-039_08.jpg,030_08-vs-039_08,030_08,039_08,030,039,/nas-ctm01/datasets/public/BIOMETRICS/Face_Morphing/MAD22/original_sorted/BonaFide/030_08.jpg,/nas-ctm01/datasets/public/BIOMETRICS/Face_Morphing/MAD22/original_sorted/BonaFide/039_08.jpg,318,49,64
254,MAD22,OpenCV,identity_disjoint_80_20,train,/nas-ctm01/datasets/public/BIOMETRICS/Face_Morphing/MAD22/original_sorted/OpenCV/030_08-vs-112_08.jpg,030_08-vs-112_08.jpg,030_08-vs-112_08,030_08,112_08,030,112,/nas-ctm01/datasets/public/BIOMETRICS/Face_Morphing/MAD22/original_sorted/BonaFide/030_08.jpg,/nas-ctm01/datasets/public/BIOMETRICS/Face_Morphing/MAD22/original_sorted/BonaFide/112_08.jpg,319,49,126
255,MAD22,OpenCV,identity_disjoint_80_20,train,/nas-ctm01/datasets/public/BIOMETRICS/Face_Morphing/MAD22/original_sorted/OpenCV/030_08-vs-127_08.jpg,030_08-vs-127_08.jpg,030_08-vs-127_08,030_08,127_08,030,127,/nas-ctm01/datasets/public/BIOMETRICS/Face_Morphing/MAD22/original_sorted/BonaFide/030_08.jpg,/nas-ctm01/datasets/public/BIOMETRICS/Face_Morphing/MAD22/original_sorted/BonaFide/127_08.jpg,320,49,151
256,MAD22,OpenCV,identity_disjoint_80_20,train,/nas-ctm01/datasets/public/BIOMETRICS/Face_Morphing/MAD22/original_sorted/OpenCV/030_08-vs-134_08.jpg,030_08-vs-134_08.jpg,030_08-vs-134_08,030_08,134_08,030,134,/nas-ctm01/datasets/public/BIOMETRICS/Face_Morphing/MAD22/original_sorted/BonaFide/030_08.jpg,/nas-ctm01/datasets/public/BIOMETRICS/Face_Morphing/MAD22/original_sorted/BonaFide/134_08.jpg,321,49,163
257,MAD22,OpenCV,identity_disjoint_80_20,train,/nas-ctm01/datasets/public/BIOMETRICS/Face_Morphing/MAD22/original_sorted/OpenCV/032_03-vs-086_03.jpg,032_03-vs-086_03.jpg,032_03-vs-086_03,032_03,086_03,032,086,/nas-ctm01/datasets/public/BIOMETRICS/Face_Morphing/MAD22/original_sorted/BonaFide/032_03.jpg,/nas-ctm01/datasets/public/BIOMETRICS/Face_Morphing/MAD22/original_sorted/BonaFide/086_03.jpg,330,52,96
258,MAD22,OpenCV,identity_disjoint_80_20,train,/nas-ctm01/datasets/public/BIOMETRICS/Face_Morphing/MAD22/original_sorted/OpenCV/032_03-vs-094_03.jpg,032_03-vs-094_03.jpg,032_03-vs-094_03,032_03,094_03,032,094,/nas-ctm01/datasets/public/BIOMETRICS/Face_Morphing/MAD22/original_sorted/BonaFide/032_03.jpg,/nas-ctm01/datasets/public/BIOMETRICS/Face_Morphing/MAD22/original_sorted/BonaFide/094_03.jpg,331,52,104
259,MAD22,OpenCV,identity_disjoint_80_20,train,/nas-ctm01/datasets/public/BIOMETRICS/Face_Morphing/MAD22/original_sorted/OpenCV/032_03-vs-126_03.jpg,032_03-vs-126_03.jpg,032_03-vs-126_03,032_03,126_03,032,126,/nas-ctm01/datasets/public/BIOMETRICS/Face_Morphing/MAD22/original_sorted/BonaFide/032_03.jpg,/nas-ctm01/datasets/public/BIOMETRICS/Face_Morphing/MAD22/original_sorted/BonaFide/126_03.jpg,332,52,149
260,MAD22,OpenCV,identity_disjoint_80_20,train,/nas-ctm01/datasets/public/BIOMETRICS/Face_Morphing/MAD22/original_sorted/OpenCV/032_08-vs-039_08.jpg,032_08-vs-039_08.jpg,032_08-vs-039_08,032_08,039_08,032,039,/nas-ctm01/datasets/public/BIOMETRICS/Face_Morphing/MAD22/original_sorted/BonaFide/032_08.jpg,/nas-ctm01/datasets/public/BIOMETRICS/Face_Morphing/MAD22/original_sorted/BonaFide/039_08.jpg,333,53,64
261,MAD22,OpenCV,identity_disjoint_80_20,train,/nas-ctm01/datasets/public/BIOMETRICS/Face_Morphing/MAD22/original_sorted/OpenCV/032_08-vs-086_08.jpg,032_08-vs-086_08.jpg,032_08-vs-086_08,032_08,086_08,032,086,/nas-ctm01/datasets/public/BIOMETRICS/Face_Morphing/MAD22/original_sorted/BonaFide/032_08.jpg,/nas-ctm01/datasets/public/BIOMETRICS/Face_Morphing/MAD22/original_sorted/BonaFide/086_08.jpg,334,53,97
262,MAD22,OpenCV,identity_disjoint_80_20,train,/nas-ctm01/datasets/public/BIOMETRICS/Face_Morphing/MAD22/original_sorted/OpenCV/032_08-vs-091_08.jpg,032_08-vs-091_08.jpg,032_08-vs-091_08,032_08,091_08,032,091,/nas-ctm01/datasets/public/BIOMETRICS/Face_Morphing/MAD22/original_sorted/BonaFide/032_08.jpg,/nas-ctm01/datasets/public/BIOMETRICS/Face_Morphing/MAD22/original_sorted/BonaFide/091_08.jpg,335,53,101
263,MAD22,OpenCV,identity_disjoint_80_20,train,/nas-ctm01/datasets/public/BIOMETRICS/Face_Morphing/MAD22/original_sorted/OpenCV/032_08-vs-099_08.jpg,032_08-vs-099_08.jpg,032_08-vs-099_08,032_08,099_08,032,099,/nas-ctm01/datasets/public/BIOMETRICS/Face_Morphing/MAD22/original_sorted/BonaFide/032_08.jpg,/nas-ctm01/datasets/public/BIOMETRICS/Face_Morphing/MAD22/original_sorted/BonaFide/099_08.jpg,336,53,111
264,MAD22,OpenCV,identity_disjoint_80_20,train,/nas-ctm01/datasets/public/BIOMETRICS/Face_Morphing/MAD22/original_sorted/OpenCV/032_08-vs-124_08.jpg,032_08-vs-124_08.jpg,032_08-vs-124_08,032_08,124_08,032,124,/nas-ctm01/datasets/public/BIOMETRICS/Face_Morphing/MAD22/original_sorted/BonaFide/032_08.jpg,/nas-ctm01/datasets/public/BIOMETRICS/Face_Morphing/MAD22/original_sorted/BonaFide/124_08.jpg,337,53,146
265,MAD22,OpenCV,identity_disjoint_80_20,train,/nas-ctm01/datasets/public/BIOMETRICS/Face_Morphing/MAD22/original_sorted/OpenCV/032_08-vs-144_08.jpg,032_08-vs-144_08.jpg,032_08-vs-144_08,032_08,144_08,032,144,/nas-ctm01/datasets/public/BIOMETRICS/Face_Morphing/MAD22/original_sorted/BonaFide/032_08.jpg,/nas-ctm01/datasets/public/BIOMETRICS/Face_Morphing/MAD22/original_sorted/BonaFide/144_08.jpg,338,53,180
266,MAD22,OpenCV,identity_disjoint_80_20,train,/nas-ctm01/datasets/public/BIOMETRICS/Face_Morphing/MAD22/original_sorted/OpenCV/034_03-vs-100_03.jpg,034_03-vs-100_03.jpg,034_03-vs-100_03,034_03,100_03,034,100,/nas-ctm01/datasets/public/BIOMETRICS/Face_Morphing/MAD22/original_sorted/BonaFide/034_03.jpg,/nas-ctm01/datasets/public/BIOMETRICS/Face_Morphing/MAD22/original_sorted/BonaFide/100_03.jpg,351,56,112
267,MAD22,OpenCV,identity_disjoint_80_20,train,/nas-ctm01/datasets/public/BIOMETRICS/Face_Morphing/MAD22/original_sorted/OpenCV/034_03-vs-118_03.jpg,034_03-vs-118_03.jpg,034_03-vs-118_03,034_03,118_03,034,118,/nas-ctm01/datasets/public/BIOMETRICS/Face_Morphing/MAD22/original_sorted/BonaFide/034_03.jpg,/nas-ctm01/datasets/public/BIOMETRICS/Face_Morphing/MAD22/original_sorted/BonaFide/118_03.jpg,352,56,133
268,MAD22,OpenCV,identity_disjoint_80_20,train,/nas-ctm01/datasets/public/BIOMETRICS/Face_Morphing/MAD22/original_sorted/OpenCV/034_03-vs-139_03.jpg,034_03-vs-139_03.jpg,034_03-vs-139_03,034_03,139_03,034,139,/nas-ctm01/datasets/public/BIOMETRICS/Face_Morphing/MAD22/original_sorted/BonaFide/034_03.jpg,/nas-ctm01/datasets/public/BIOMETRICS/Face_Morphing/MAD22/original_sorted/BonaFide/139_03.jpg,353,56,170
269,MAD22,OpenCV,identity_disjoint_80_20,train,/nas-ctm01/datasets/public/BIOMETRICS/Face_Morphing/MAD22/original_sorted/OpenCV/034_08-vs-062_08.jpg,034_08-vs-062_08.jpg,034_08-vs-062_08,034_08,062_08,034,062,/nas-ctm01/datasets/public/BIOMETRICS/Face_Morphing/MAD22/original_sorted/BonaFide/034_08.jpg,/nas-ctm01/datasets/public/BIOMETRICS/Face_Morphing/MAD22/original_sorted/BonaFide/062_08.jpg,354,57,77
270,MAD22,OpenCV,identity_disjoint_80_20,train,/nas-ctm01/datasets/public/BIOMETRICS/Face_Morphing/MAD22/original_sorted/OpenCV/034_08-vs-064_08.jpg,034_08-vs-064_08.jpg,034_08-vs-064_08,034_08,064_08,034,064,/nas-ctm01/datasets/public/BIOMETRICS/Face_Morphing/MAD22/original_sorted/BonaFide/034_08.jpg,/nas-ctm01/datasets/public/BIOMETRICS/Face_Morphing/MAD22/original_sorted/BonaFide/064_08.jpg,355,57,81
271,MAD22,OpenCV,identity_disjoint_80_20,train,/nas-ctm01/datasets/public/BIOMETRICS/Face_Morphing/MAD22/original_sorted/OpenCV/034_08-vs-094_08.jpg,034_08-vs-094_08.jpg,034_08-vs-094_08,034_08,094_08,034,094,/nas-ctm01/datasets/public/BIOMETRICS/Face_Morphing/MAD22/original_sorted/BonaFide/034_08.jpg,/nas-ctm01/datasets/public/BIOMETRICS/Face_Morphing/MAD22/original_sorted/BonaFide/094_08.jpg,356,57,105
272,MAD22,OpenCV,identity_disjoint_80_20,train,/nas-ctm01/datasets/public/BIOMETRICS/Face_Morphing/MAD22/original_sorted/OpenCV/034_08-vs-099_08.jpg,034_08-vs-099_08.jpg,034_08-vs-099_08,034_08,099_08,034,099,/nas-ctm01/datasets/public/BIOMETRICS/Face_Morphing/MAD22/original_sorted/BonaFide/034_08.jpg,/nas-ctm01/datasets/public/BIOMETRICS/Face_Morphing/MAD22/original_sorted/BonaFide/099_08.jpg,357,57,111
273,MAD22,OpenCV,identity_disjoint_80_20,train,/nas-ctm01/datasets/public/BIOMETRICS/Face_Morphing/MAD22/original_sorted/OpenCV/034_08-vs-126_08.jpg,034_08-vs-126_08.jpg,034_08-vs-126_08,034_08,126_08,034,126,/nas-ctm01/datasets/public/BIOMETRICS/Face_Morphing/MAD22/original_sorted/BonaFide/034_08.jpg,/nas-ctm01/datasets/public/BIOMETRICS/Face_Morphing/MAD22/original_sorted/BonaFide/126_08.jpg,358,57,150
274,MAD22,OpenCV,identity_disjoint_80_20,train,/nas-ctm01/datasets/public/BIOMETRICS/Face_Morphing/MAD22/original_sorted/OpenCV/034_08-vs-127_08.jpg,034_08-vs-127_08.jpg,034_08-vs-127_08,034_08,127_08,034,127,/nas-ctm01/datasets/public/BIOMETRICS/Face_Morphing/MAD22/original_sorted/BonaFide/034_08.jpg,/nas-ctm01/datasets/public/BIOMETRICS/Face_Morphing/MAD22/original_sorted/BonaFide/127_08.jpg,359,57,151
275,MAD22,OpenCV,identity_disjoint_80_20,train,/nas-ctm01/datasets/public/BIOMETRICS/Face_Morphing/MAD22/original_sorted/OpenCV/036_03-vs-063_03.jpg,036_03-vs-063_03.jpg,036_03-vs-063_03,036_03,063_03,036,063,/nas-ctm01/datasets/public/BIOMETRICS/Face_Morphing/MAD22/original_sorted/BonaFide/036_03.jpg,/nas-ctm01/datasets/public/BIOMETRICS/Face_Morphing/MAD22/original_sorted/BonaFide/063_03.jpg,360,58,78
276,MAD22,OpenCV,identity_disjoint_80_20,train,/nas-ctm01/datasets/public/BIOMETRICS/Face_Morphing/MAD22/original_sorted/OpenCV/036_03-vs-096_03.jpg,036_03-vs-096_03.jpg,036_03-vs-096_03,036_03,096_03,036,096,/nas-ctm01/datasets/public/BIOMETRICS/Face_Morphing/MAD22/original_sorted/BonaFide/036_03.jpg,/nas-ctm01/datasets/public/BIOMETRICS/Face_Morphing/MAD22/original_sorted/BonaFide/096_03.jpg,361,58,106
277,MAD22,OpenCV,identity_disjoint_80_20,train,/nas-ctm01/datasets/public/BIOMETRICS/Face_Morphing/MAD22/original_sorted/OpenCV/036_03-vs-128_03.jpg,036_03-vs-128_03.jpg,036_03-vs-128_03,036_03,128_03,036,128,/nas-ctm01/datasets/public/BIOMETRICS/Face_Morphing/MAD22/original_sorted/BonaFide/036_03.jpg,/nas-ctm01/datasets/public/BIOMETRICS/Face_Morphing/MAD22/original_sorted/BonaFide/128_03.jpg,362,58,152
278,MAD22,OpenCV,identity_disjoint_80_20,train,/nas-ctm01/datasets/public/BIOMETRICS/Face_Morphing/MAD22/original_sorted/OpenCV/036_03-vs-130_03.jpg,036_03-vs-130_03.jpg,036_03-vs-130_03,036_03,130_03,036,130,/nas-ctm01/datasets/public/BIOMETRICS/Face_Morphing/MAD22/original_sorted/BonaFide/036_03.jpg,/nas-ctm01/datasets/public/BIOMETRICS/Face_Morphing/MAD22/original_sorted/BonaFide/130_03.jpg,363,58,156
279,MAD22,OpenCV,identity_disjoint_80_20,train,/nas-ctm01/datasets/public/BIOMETRICS/Face_Morphing/MAD22/original_sorted/OpenCV/036_03-vs-141_03.jpg,036_03-vs-141_03.jpg,036_03-vs-141_03,036_03,141_03,036,141,/nas-ctm01/datasets/public/BIOMETRICS/Face_Morphing/MAD22/original_sorted/BonaFide/036_03.jpg,/nas-ctm01/datasets/public/BIOMETRICS/Face_Morphing/MAD22/original_sorted/BonaFide/141_03.jpg,364,58,173
280,MAD22,OpenCV,identity_disjoint_80_20,train,/nas-ctm01/datasets/public/BIOMETRICS/Face_Morphing/MAD22/original_sorted/OpenCV/036_03-vs-142_03.jpg,036_03-vs-142_03.jpg,036_03-vs-142_03,036_03,142_03,036,142,/nas-ctm01/datasets/public/BIOMETRICS/Face_Morphing/MAD22/original_sorted/BonaFide/036_03.jpg,/nas-ctm01/datasets/public/BIOMETRICS/Face_Morphing/MAD22/original_sorted/BonaFide/142_03.jpg,365,58,175
281,MAD22,OpenCV,identity_disjoint_80_20,train,/nas-ctm01/datasets/public/BIOMETRICS/Face_Morphing/MAD22/original_sorted/OpenCV/036_03-vs-143_03.jpg,036_03-vs-143_03.jpg,036_03-vs-143_03,036_03,143_03,036,143,/nas-ctm01/datasets/public/BIOMETRICS/Face_Morphing/MAD22/original_sorted/BonaFide/036_03.jpg,/nas-ctm01/datasets/public/BIOMETRICS/Face_Morphing/MAD22/original_sorted/BonaFide/143_03.jpg,366,58,177
282,MAD22,OpenCV,identity_disjoint_80_20,train,/nas-ctm01/datasets/public/BIOMETRICS/Face_Morphing/MAD22/original_sorted/OpenCV/036_08-vs-128_08.jpg,036_08-vs-128_08.jpg,036_08-vs-128_08,036_08,128_08,036,128,/nas-ctm01/datasets/public/BIOMETRICS/Face_Morphing/MAD22/original_sorted/BonaFide/036_08.jpg,/nas-ctm01/datasets/public/BIOMETRICS/Face_Morphing/MAD22/original_sorted/BonaFide/128_08.jpg,367,59,153
283,MAD22,OpenCV,identity_disjoint_80_20,train,/nas-ctm01/datasets/public/BIOMETRICS/Face_Morphing/MAD22/original_sorted/OpenCV/036_08-vs-130_08.jpg,036_08-vs-130_08.jpg,036_08-vs-130_08,036_08,130_08,036,130,/nas-ctm01/datasets/public/BIOMETRICS/Face_Morphing/MAD22/original_sorted/BonaFide/036_08.jpg,/nas-ctm01/datasets/public/BIOMETRICS/Face_Morphing/MAD22/original_sorted/BonaFide/130_08.jpg,368,59,157
284,MAD22,OpenCV,identity_disjoint_80_20,train,/nas-ctm01/datasets/public/BIOMETRICS/Face_Morphing/MAD22/original_sorted/OpenCV/036_08-vs-141_08.jpg,036_08-vs-141_08.jpg,036_08-vs-141_08,036_08,141_08,036,141,/nas-ctm01/datasets/public/BIOMETRICS/Face_Morphing/MAD22/original_sorted/BonaFide/036_08.jpg,/nas-ctm01/datasets/public/BIOMETRICS/Face_Morphing/MAD22/original_sorted/BonaFide/141_08.jpg,369,59,174
285,MAD22,OpenCV,identity_disjoint_80_20,train,/nas-ctm01/datasets/public/BIOMETRICS/Face_Morphing/MAD22/original_sorted/OpenCV/036_08-vs-142_08.jpg,036_08-vs-142_08.jpg,036_08-vs-142_08,036_08,142_08,036,142,/nas-ctm01/datasets/public/BIOMETRICS/Face_Morphing/MAD22/original_sorted/BonaFide/036_08.jpg,/nas-ctm01/datasets/public/BIOMETRICS/Face_Morphing/MAD22/original_sorted/BonaFide/142_08.jpg,370,59,176
286,MAD22,OpenCV,identity_disjoint_80_20,train,/nas-ctm01/datasets/public/BIOMETRICS/Face_Morphing/MAD22/original_sorted/OpenCV/037_03-vs-103_03.jpg,037_03-vs-103_03.jpg,037_03-vs-103_03,037_03,103_03,037,103,/nas-ctm01/datasets/public/BIOMETRICS/Face_Morphing/MAD22/original_sorted/BonaFide/037_03.jpg,/nas-ctm01/datasets/public/BIOMETRICS/Face_Morphing/MAD22/original_sorted/BonaFide/103_03.jpg,371,60,117
287,MAD22,OpenCV,identity_disjoint_80_20,train,/nas-ctm01/datasets/public/BIOMETRICS/Face_Morphing/MAD22/original_sorted/OpenCV/037_03-vs-108_03.jpg,037_03-vs-108_03.jpg,037_03-vs-108_03,037_03,108_03,037,108,/nas-ctm01/datasets/public/BIOMETRICS/Face_Morphing/MAD22/original_sorted/BonaFide/037_03.jpg,/nas-ctm01/datasets/public/BIOMETRICS/Face_Morphing/MAD22/original_sorted/BonaFide/108_03.jpg,372,60,123
288,MAD22,OpenCV,identity_disjoint_80_20,train,/nas-ctm01/datasets/public/BIOMETRICS/Face_Morphing/MAD22/original_sorted/OpenCV/037_03-vs-132_03.jpg,037_03-vs-132_03.jpg,037_03-vs-132_03,037_03,132_03,037,132,/nas-ctm01/datasets/public/BIOMETRICS/Face_Morphing/MAD22/original_sorted/BonaFide/037_03.jpg,/nas-ctm01/datasets/public/BIOMETRICS/Face_Morphing/MAD22/original_sorted/BonaFide/132_03.jpg,373,60,160
289,MAD22,OpenCV,identity_disjoint_80_20,train,/nas-ctm01/datasets/public/BIOMETRICS/Face_Morphing/MAD22/original_sorted/OpenCV/037_03-vs-172_03.jpg,037_03-vs-172_03.jpg,037_03-vs-172_03,037_03,172_03,037,172,/nas-ctm01/datasets/public/BIOMETRICS/Face_Morphing/MAD22/original_sorted/BonaFide/037_03.jpg,/nas-ctm01/datasets/public/BIOMETRICS/Face_Morphing/MAD22/original_sorted/BonaFide/172_03.jpg,374,60,181
290,MAD22,OpenCV,identity_disjoint_80_20,train,/nas-ctm01/datasets/public/BIOMETRICS/Face_Morphing/MAD22/original_sorted/OpenCV/038_03-vs-062_03.jpg,038_03-vs-062_03.jpg,038_03-vs-062_03,038_03,062_03,038,062,/nas-ctm01/datasets/public/BIOMETRICS/Face_Morphing/MAD22/original_sorted/BonaFide/038_03.jpg,/nas-ctm01/datasets/public/BIOMETRICS/Face_Morphing/MAD22/original_sorted/BonaFide/062_03.jpg,375,61,76
291,MAD22,OpenCV,identity_disjoint_80_20,train,/nas-ctm01/datasets/public/BIOMETRICS/Face_Morphing/MAD22/original_sorted/OpenCV/038_03-vs-066_03.jpg,038_03-vs-066_03.jpg,038_03-vs-066_03,038_03,066_03,038,066,/nas-ctm01/datasets/public/BIOMETRICS/Face_Morphing/MAD22/original_sorted/BonaFide/038_03.jpg,/nas-ctm01/datasets/public/BIOMETRICS/Face_Morphing/MAD22/original_sorted/BonaFide/066_03.jpg,376,61,82
292,MAD22,OpenCV,identity_disjoint_80_20,train,/nas-ctm01/datasets/public/BIOMETRICS/Face_Morphing/MAD22/original_sorted/OpenCV/038_03-vs-102_03.jpg,038_03-vs-102_03.jpg,038_03-vs-102_03,038_03,102_03,038,102,/nas-ctm01/datasets/public/BIOMETRICS/Face_Morphing/MAD22/original_sorted/BonaFide/038_03.jpg,/nas-ctm01/datasets/public/BIOMETRICS/Face_Morphing/MAD22/original_sorted/BonaFide/102_03.jpg,377,61,115
293,MAD22,OpenCV,identity_disjoint_80_20,train,/nas-ctm01/datasets/public/BIOMETRICS/Face_Morphing/MAD22/original_sorted/OpenCV/038_03-vs-124_03.jpg,038_03-vs-124_03.jpg,038_03-vs-124_03,038_03,124_03,038,124,/nas-ctm01/datasets/public/BIOMETRICS/Face_Morphing/MAD22/original_sorted/BonaFide/038_03.jpg,/nas-ctm01/datasets/public/BIOMETRICS/Face_Morphing/MAD22/original_sorted/BonaFide/124_03.jpg,378,61,145
294,MAD22,OpenCV,identity_disjoint_80_20,train,/nas-ctm01/datasets/public/BIOMETRICS/Face_Morphing/MAD22/original_sorted/OpenCV/038_03-vs-136_03.jpg,038_03-vs-136_03.jpg,038_03-vs-136_03,038_03,136_03,038,136,/nas-ctm01/datasets/public/BIOMETRICS/Face_Morphing/MAD22/original_sorted/BonaFide/038_03.jpg,/nas-ctm01/datasets/public/BIOMETRICS/Face_Morphing/MAD22/original_sorted/BonaFide/136_03.jpg,379,61,166
295,MAD22,OpenCV,identity_disjoint_80_20,train,/nas-ctm01/datasets/public/BIOMETRICS/Face_Morphing/MAD22/original_sorted/OpenCV/038_08-vs-062_08.jpg,038_08-vs-062_08.jpg,038_08-vs-062_08,038_08,062_08,038,062,/nas-ctm01/datasets/public/BIOMETRICS/Face_Morphing/MAD22/original_sorted/BonaFide/038_08.jpg,/nas-ctm01/datasets/public/BIOMETRICS/Face_Morphing/MAD22/original_sorted/BonaFide/062_08.jpg,380,62,77
296,MAD22,OpenCV,identity_disjoint_80_20,train,/nas-ctm01/datasets/public/BIOMETRICS/Face_Morphing/MAD22/original_sorted/OpenCV/038_08-vs-099_08.jpg,038_08-vs-099_08.jpg,038_08-vs-099_08,038_08,099_08,038,099,/nas-ctm01/datasets/public/BIOMETRICS/Face_Morphing/MAD22/original_sorted/BonaFide/038_08.jpg,/nas-ctm01/datasets/public/BIOMETRICS/Face_Morphing/MAD22/original_sorted/BonaFide/099_08.jpg,381,62,111
297,MAD22,OpenCV,identity_disjoint_80_20,train,/nas-ctm01/datasets/public/BIOMETRICS/Face_Morphing/MAD22/original_sorted/OpenCV/038_08-vs-102_08.jpg,038_08-vs-102_08.jpg,038_08-vs-102_08,038_08,102_08,038,102,/nas-ctm01/datasets/public/BIOMETRICS/Face_Morphing/MAD22/original_sorted/BonaFide/038_08.jpg,/nas-ctm01/datasets/public/BIOMETRICS/Face_Morphing/MAD22/original_sorted/BonaFide/102_08.jpg,382,62,116
298,MAD22,OpenCV,identity_disjoint_80_20,train,/nas-ctm01/datasets/public/BIOMETRICS/Face_Morphing/MAD22/original_sorted/OpenCV/038_08-vs-124_08.jpg,038_08-vs-124_08.jpg,038_08-vs-124_08,038_08,124_08,038,124,/nas-ctm01/datasets/public/BIOMETRICS/Face_Morphing/MAD22/original_sorted/BonaFide/038_08.jpg,/nas-ctm01/datasets/public/BIOMETRICS/Face_Morphing/MAD22/original_sorted/BonaFide/124_08.jpg,383,62,146
299,MAD22,OpenCV,identity_disjoint_80_20,train,/nas-ctm01/datasets/public/BIOMETRICS/Face_Morphing/MAD22/original_sorted/OpenCV/038_08-vs-129_08.jpg,038_08-vs-129_08.jpg,038_08-vs-129_08,038_08,129_08,038,129,/nas-ctm01/datasets/public/BIOMETRICS/Face_Morphing/MAD22/original_sorted/BonaFide/038_08.jpg,/nas-ctm01/datasets/public/BIOMETRICS/Face_Morphing/MAD22/original_sorted/BonaFide/129_08.jpg,384,62,155
300,MAD22,OpenCV,identity_disjoint_80_20,train,/nas-ctm01/datasets/public/BIOMETRICS/Face_Morphing/MAD22/original_sorted/OpenCV/038_08-vs-136_08.jpg,038_08-vs-136_08.jpg,038_08-vs-136_08,038_08,136_08,038,136,/nas-ctm01/datasets/public/BIOMETRICS/Face_Morphing/MAD22/original_sorted/BonaFide/038_08.jpg,/nas-ctm01/datasets/public/BIOMETRICS/Face_Morphing/MAD22/original_sorted/BonaFide/136_08.jpg,385,62,167
301,MAD22,OpenCV,identity_disjoint_80_20,train,/nas-ctm01/datasets/public/BIOMETRICS/Face_Morphing/MAD22/original_sorted/OpenCV/039_03-vs-090_03.jpg,039_03-vs-090_03.jpg,039_03-vs-090_03,039_03,090_03,039,090,/nas-ctm01/datasets/public/BIOMETRICS/Face_Morphing/MAD22/original_sorted/BonaFide/039_03.jpg,/nas-ctm01/datasets/public/BIOMETRICS/Face_Morphing/MAD22/original_sorted/BonaFide/090_03.jpg,386,63,99
302,MAD22,OpenCV,identity_disjoint_80_20,train,/nas-ctm01/datasets/public/BIOMETRICS/Face_Morphing/MAD22/original_sorted/OpenCV/039_03-vs-097_03.jpg,039_03-vs-097_03.jpg,039_03-vs-097_03,039_03,097_03,039,097,/nas-ctm01/datasets/public/BIOMETRICS/Face_Morphing/MAD22/original_sorted/BonaFide/039_03.jpg,/nas-ctm01/datasets/public/BIOMETRICS/Face_Morphing/MAD22/original_sorted/BonaFide/097_03.jpg,387,63,108
303,MAD22,OpenCV,identity_disjoint_80_20,train,/nas-ctm01/datasets/public/BIOMETRICS/Face_Morphing/MAD22/original_sorted/OpenCV/039_03-vs-102_03.jpg,039_03-vs-102_03.jpg,039_03-vs-102_03,039_03,102_03,039,102,/nas-ctm01/datasets/public/BIOMETRICS/Face_Morphing/MAD22/original_sorted/BonaFide/039_03.jpg,/nas-ctm01/datasets/public/BIOMETRICS/Face_Morphing/MAD22/original_sorted/BonaFide/102_03.jpg,388,63,115
304,MAD22,OpenCV,identity_disjoint_80_20,train,/nas-ctm01/datasets/public/BIOMETRICS/Face_Morphing/MAD22/original_sorted/OpenCV/039_03-vs-124_03.jpg,039_03-vs-124_03.jpg,039_03-vs-124_03,039_03,124_03,039,124,/nas-ctm01/datasets/public/BIOMETRICS/Face_Morphing/MAD22/original_sorted/BonaFide/039_03.jpg,/nas-ctm01/datasets/public/BIOMETRICS/Face_Morphing/MAD22/original_sorted/BonaFide/124_03.jpg,389,63,145
305,MAD22,OpenCV,identity_disjoint_80_20,train,/nas-ctm01/datasets/public/BIOMETRICS/Face_Morphing/MAD22/original_sorted/OpenCV/039_03-vs-139_03.jpg,039_03-vs-139_03.jpg,039_03-vs-139_03,039_03,139_03,039,139,/nas-ctm01/datasets/public/BIOMETRICS/Face_Morphing/MAD22/original_sorted/BonaFide/039_03.jpg,/nas-ctm01/datasets/public/BIOMETRICS/Face_Morphing/MAD22/original_sorted/BonaFide/139_03.jpg,390,63,170
306,MAD22,OpenCV,identity_disjoint_80_20,train,/nas-ctm01/datasets/public/BIOMETRICS/Face_Morphing/MAD22/original_sorted/OpenCV/039_03-vs-144_03.jpg,039_03-vs-144_03.jpg,039_03-vs-144_03,039_03,144_03,039,144,/nas-ctm01/datasets/public/BIOMETRICS/Face_Morphing/MAD22/original_sorted/BonaFide/039_03.jpg,/nas-ctm01/datasets/public/BIOMETRICS/Face_Morphing/MAD22/original_sorted/BonaFide/144_03.jpg,391,63,179
307,MAD22,OpenCV,identity_disjoint_80_20,train,/nas-ctm01/datasets/public/BIOMETRICS/Face_Morphing/MAD22/original_sorted/OpenCV/039_08-vs-090_08.jpg,039_08-vs-090_08.jpg,039_08-vs-090_08,039_08,090_08,039,090,/nas-ctm01/datasets/public/BIOMETRICS/Face_Morphing/MAD22/original_sorted/BonaFide/039_08.jpg,/nas-ctm01/datasets/public/BIOMETRICS/Face_Morphing/MAD22/original_sorted/BonaFide/090_08.jpg,392,64,100
308,MAD22,OpenCV,identity_disjoint_80_20,train,/nas-ctm01/datasets/public/BIOMETRICS/Face_Morphing/MAD22/original_sorted/OpenCV/039_08-vs-097_08.jpg,039_08-vs-097_08.jpg,039_08-vs-097_08,039_08,097_08,039,097,/nas-ctm01/datasets/public/BIOMETRICS/Face_Morphing/MAD22/original_sorted/BonaFide/039_08.jpg,/nas-ctm01/datasets/public/BIOMETRICS/Face_Morphing/MAD22/original_sorted/BonaFide/097_08.jpg,393,64,109
309,MAD22,OpenCV,identity_disjoint_80_20,train,/nas-ctm01/datasets/public/BIOMETRICS/Face_Morphing/MAD22/original_sorted/OpenCV/039_08-vs-102_08.jpg,039_08-vs-102_08.jpg,039_08-vs-102_08,039_08,102_08,039,102,/nas-ctm01/datasets/public/BIOMETRICS/Face_Morphing/MAD22/original_sorted/BonaFide/039_08.jpg,/nas-ctm01/datasets/public/BIOMETRICS/Face_Morphing/MAD22/original_sorted/BonaFide/102_08.jpg,394,64,116
310,MAD22,OpenCV,identity_disjoint_80_20,train,/nas-ctm01/datasets/public/BIOMETRICS/Face_Morphing/MAD22/original_sorted/OpenCV/039_08-vs-107_08.jpg,039_08-vs-107_08.jpg,039_08-vs-107_08,039_08,107_08,039,107,/nas-ctm01/datasets/public/BIOMETRICS/Face_Morphing/MAD22/original_sorted/BonaFide/039_08.jpg,/nas-ctm01/datasets/public/BIOMETRICS/Face_Morphing/MAD22/original_sorted/BonaFide/107_08.jpg,395,64,122
311,MAD22,OpenCV,identity_disjoint_80_20,train,/nas-ctm01/datasets/public/BIOMETRICS/Face_Morphing/MAD22/original_sorted/OpenCV/039_08-vs-118_08.jpg,039_08-vs-118_08.jpg,039_08-vs-118_08,039_08,118_08,039,118,/nas-ctm01/datasets/public/BIOMETRICS/Face_Morphing/MAD22/original_sorted/BonaFide/039_08.jpg,/nas-ctm01/datasets/public/BIOMETRICS/Face_Morphing/MAD22/original_sorted/BonaFide/118_08.jpg,396,64,134
312,MAD22,OpenCV,identity_disjoint_80_20,train,/nas-ctm01/datasets/public/BIOMETRICS/Face_Morphing/MAD22/original_sorted/OpenCV/039_08-vs-124_08.jpg,039_08-vs-124_08.jpg,039_08-vs-124_08,039_08,124_08,039,124,/nas-ctm01/datasets/public/BIOMETRICS/Face_Morphing/MAD22/original_sorted/BonaFide/039_08.jpg,/nas-ctm01/datasets/public/BIOMETRICS/Face_Morphing/MAD22/original_sorted/BonaFide/124_08.jpg,397,64,146
313,MAD22,OpenCV,identity_disjoint_80_20,train,/nas-ctm01/datasets/public/BIOMETRICS/Face_Morphing/MAD22/original_sorted/OpenCV/039_08-vs-139_08.jpg,039_08-vs-139_08.jpg,039_08-vs-139_08,039_08,139_08,039,139,/nas-ctm01/datasets/public/BIOMETRICS/Face_Morphing/MAD22/original_sorted/BonaFide/039_08.jpg,/nas-ctm01/datasets/public/BIOMETRICS/Face_Morphing/MAD22/original_sorted/BonaFide/139_08.jpg,398,64,171
314,MAD22,OpenCV,identity_disjoint_80_20,train,/nas-ctm01/datasets/public/BIOMETRICS/Face_Morphing/MAD22/original_sorted/OpenCV/039_08-vs-144_08.jpg,039_08-vs-144_08.jpg,039_08-vs-144_08,039_08,144_08,039,144,/nas-ctm01/datasets/public/BIOMETRICS/Face_Morphing/MAD22/original_sorted/BonaFide/039_08.jpg,/nas-ctm01/datasets/public/BIOMETRICS/Face_Morphing/MAD22/original_sorted/BonaFide/144_08.jpg,399,64,180
315,MAD22,OpenCV,identity_disjoint_80_20,train,/nas-ctm01/datasets/public/BIOMETRICS/Face_Morphing/MAD22/original_sorted/OpenCV/045_08-vs-063_08.jpg,045_08-vs-063_08.jpg,045_08-vs-063_08,045_08,063_08,045,063,/nas-ctm01/datasets/public/BIOMETRICS/Face_Morphing/MAD22/original_sorted/BonaFide/045_08.jpg,/nas-ctm01/datasets/public/BIOMETRICS/Face_Morphing/MAD22/original_sorted/BonaFide/063_08.jpg,428,73,79
316,MAD22,OpenCV,identity_disjoint_80_20,train,/nas-ctm01/datasets/public/BIOMETRICS/Face_Morphing/MAD22/original_sorted/OpenCV/045_08-vs-123_08.jpg,045_08-vs-123_08.jpg,045_08-vs-123_08,045_08,123_08,045,123,/nas-ctm01/datasets/public/BIOMETRICS/Face_Morphing/MAD22/original_sorted/BonaFide/045_08.jpg,/nas-ctm01/datasets/public/BIOMETRICS/Face_Morphing/MAD22/original_sorted/BonaFide/123_08.jpg,430,73,144
317,MAD22,OpenCV,identity_disjoint_80_20,train,/nas-ctm01/datasets/public/BIOMETRICS/Face_Morphing/MAD22/original_sorted/OpenCV/045_08-vs-128_08.jpg,045_08-vs-128_08.jpg,045_08-vs-128_08,045_08,128_08,045,128,/nas-ctm01/datasets/public/BIOMETRICS/Face_Morphing/MAD22/original_sorted/BonaFide/045_08.jpg,/nas-ctm01/datasets/public/BIOMETRICS/Face_Morphing/MAD22/original_sorted/BonaFide/128_08.jpg,431,73,153
318,MAD22,OpenCV,identity_disjoint_80_20,train,/nas-ctm01/datasets/public/BIOMETRICS/Face_Morphing/MAD22/original_sorted/OpenCV/045_08-vs-143_08.jpg,045_08-vs-143_08.jpg,045_08-vs-143_08,045_08,143_08,045,143,/nas-ctm01/datasets/public/BIOMETRICS/Face_Morphing/MAD22/original_sorted/BonaFide/045_08.jpg,/nas-ctm01/datasets/public/BIOMETRICS/Face_Morphing/MAD22/original_sorted/BonaFide/143_08.jpg,433,73,178
319,MAD22,OpenCV,identity_disjoint_80_20,train,/nas-ctm01/datasets/public/BIOMETRICS/Face_Morphing/MAD22/original_sorted/OpenCV/061_03-vs-125_03.jpg,061_03-vs-125_03.jpg,061_03-vs-125_03,061_03,125_03,061,125,/nas-ctm01/datasets/public/BIOMETRICS/Face_Morphing/MAD22/original_sorted/BonaFide/061_03.jpg,/nas-ctm01/datasets/public/BIOMETRICS/Face_Morphing/MAD22/original_sorted/BonaFide/125_03.jpg,435,74,147
320,MAD22,OpenCV,identity_disjoint_80_20,train,/nas-ctm01/datasets/public/BIOMETRICS/Face_Morphing/MAD22/original_sorted/OpenCV/061_03-vs-141_03.jpg,061_03-vs-141_03.jpg,061_03-vs-141_03,061_03,141_03,061,141,/nas-ctm01/datasets/public/BIOMETRICS/Face_Morphing/MAD22/original_sorted/BonaFide/061_03.jpg,/nas-ctm01/datasets/public/BIOMETRICS/Face_Morphing/MAD22/original_sorted/BonaFide/141_03.jpg,436,74,173
321,MAD22,OpenCV,identity_disjoint_80_20,train,/nas-ctm01/datasets/public/BIOMETRICS/Face_Morphing/MAD22/original_sorted/OpenCV/061_03-vs-142_03.jpg,061_03-vs-142_03.jpg,061_03-vs-142_03,061_03,142_03,061,142,/nas-ctm01/datasets/public/BIOMETRICS/Face_Morphing/MAD22/original_sorted/BonaFide/061_03.jpg,/nas-ctm01/datasets/public/BIOMETRICS/Face_Morphing/MAD22/original_sorted/BonaFide/142_03.jpg,437,74,175
322,MAD22,OpenCV,identity_disjoint_80_20,train,/nas-ctm01/datasets/public/BIOMETRICS/Face_Morphing/MAD22/original_sorted/OpenCV/061_08-vs-125_08.jpg,061_08-vs-125_08.jpg,061_08-vs-125_08,061_08,125_08,061,125,/nas-ctm01/datasets/public/BIOMETRICS/Face_Morphing/MAD22/original_sorted/BonaFide/061_08.jpg,/nas-ctm01/datasets/public/BIOMETRICS/Face_Morphing/MAD22/original_sorted/BonaFide/125_08.jpg,439,75,148
323,MAD22,OpenCV,identity_disjoint_80_20,train,/nas-ctm01/datasets/public/BIOMETRICS/Face_Morphing/MAD22/original_sorted/OpenCV/061_08-vs-141_08.jpg,061_08-vs-141_08.jpg,061_08-vs-141_08,061_08,141_08,061,141,/nas-ctm01/datasets/public/BIOMETRICS/Face_Morphing/MAD22/original_sorted/BonaFide/061_08.jpg,/nas-ctm01/datasets/public/BIOMETRICS/Face_Morphing/MAD22/original_sorted/BonaFide/141_08.jpg,440,75,174
324,MAD22,OpenCV,identity_disjoint_80_20,train,/nas-ctm01/datasets/public/BIOMETRICS/Face_Morphing/MAD22/original_sorted/OpenCV/062_03-vs-066_03.jpg,062_03-vs-066_03.jpg,062_03-vs-066_03,062_03,066_03,062,066,/nas-ctm01/datasets/public/BIOMETRICS/Face_Morphing/MAD22/original_sorted/BonaFide/062_03.jpg,/nas-ctm01/datasets/public/BIOMETRICS/Face_Morphing/MAD22/original_sorted/BonaFide/066_03.jpg,441,76,82
325,MAD22,OpenCV,identity_disjoint_80_20,train,/nas-ctm01/datasets/public/BIOMETRICS/Face_Morphing/MAD22/original_sorted/OpenCV/062_03-vs-099_03.jpg,062_03-vs-099_03.jpg,062_03-vs-099_03,062_03,099_03,062,099,/nas-ctm01/datasets/public/BIOMETRICS/Face_Morphing/MAD22/original_sorted/BonaFide/062_03.jpg,/nas-ctm01/datasets/public/BIOMETRICS/Face_Morphing/MAD22/original_sorted/BonaFide/099_03.jpg,442,76,110
326,MAD22,OpenCV,identity_disjoint_80_20,train,/nas-ctm01/datasets/public/BIOMETRICS/Face_Morphing/MAD22/original_sorted/OpenCV/062_03-vs-102_03.jpg,062_03-vs-102_03.jpg,062_03-vs-102_03,062_03,102_03,062,102,/nas-ctm01/datasets/public/BIOMETRICS/Face_Morphing/MAD22/original_sorted/BonaFide/062_03.jpg,/nas-ctm01/datasets/public/BIOMETRICS/Face_Morphing/MAD22/original_sorted/BonaFide/102_03.jpg,443,76,115
327,MAD22,OpenCV,identity_disjoint_80_20,train,/nas-ctm01/datasets/public/BIOMETRICS/Face_Morphing/MAD22/original_sorted/OpenCV/062_03-vs-118_03.jpg,062_03-vs-118_03.jpg,062_03-vs-118_03,062_03,118_03,062,118,/nas-ctm01/datasets/public/BIOMETRICS/Face_Morphing/MAD22/original_sorted/BonaFide/062_03.jpg,/nas-ctm01/datasets/public/BIOMETRICS/Face_Morphing/MAD22/original_sorted/BonaFide/118_03.jpg,444,76,133
328,MAD22,OpenCV,identity_disjoint_80_20,train,/nas-ctm01/datasets/public/BIOMETRICS/Face_Morphing/MAD22/original_sorted/OpenCV/062_03-vs-124_03.jpg,062_03-vs-124_03.jpg,062_03-vs-124_03,062_03,124_03,062,124,/nas-ctm01/datasets/public/BIOMETRICS/Face_Morphing/MAD22/original_sorted/BonaFide/062_03.jpg,/nas-ctm01/datasets/public/BIOMETRICS/Face_Morphing/MAD22/original_sorted/BonaFide/124_03.jpg,445,76,145
329,MAD22,OpenCV,identity_disjoint_80_20,train,/nas-ctm01/datasets/public/BIOMETRICS/Face_Morphing/MAD22/original_sorted/OpenCV/062_03-vs-126_03.jpg,062_03-vs-126_03.jpg,062_03-vs-126_03,062_03,126_03,062,126,/nas-ctm01/datasets/public/BIOMETRICS/Face_Morphing/MAD22/original_sorted/BonaFide/062_03.jpg,/nas-ctm01/datasets/public/BIOMETRICS/Face_Morphing/MAD22/original_sorted/BonaFide/126_03.jpg,446,76,149
330,MAD22,OpenCV,identity_disjoint_80_20,train,/nas-ctm01/datasets/public/BIOMETRICS/Face_Morphing/MAD22/original_sorted/OpenCV/062_08-vs-064_08.jpg,062_08-vs-064_08.jpg,062_08-vs-064_08,062_08,064_08,062,064,/nas-ctm01/datasets/public/BIOMETRICS/Face_Morphing/MAD22/original_sorted/BonaFide/062_08.jpg,/nas-ctm01/datasets/public/BIOMETRICS/Face_Morphing/MAD22/original_sorted/BonaFide/064_08.jpg,447,77,81
331,MAD22,OpenCV,identity_disjoint_80_20,train,/nas-ctm01/datasets/public/BIOMETRICS/Face_Morphing/MAD22/original_sorted/OpenCV/062_08-vs-066_08.jpg,062_08-vs-066_08.jpg,062_08-vs-066_08,062_08,066_08,062,066,/nas-ctm01/datasets/public/BIOMETRICS/Face_Morphing/MAD22/original_sorted/BonaFide/062_08.jpg,/nas-ctm01/datasets/public/BIOMETRICS/Face_Morphing/MAD22/original_sorted/BonaFide/066_08.jpg,448,77,83
332,MAD22,OpenCV,identity_disjoint_80_20,train,/nas-ctm01/datasets/public/BIOMETRICS/Face_Morphing/MAD22/original_sorted/OpenCV/062_08-vs-083_08.jpg,062_08-vs-083_08.jpg,062_08-vs-083_08,062_08,083_08,062,083,/nas-ctm01/datasets/public/BIOMETRICS/Face_Morphing/MAD22/original_sorted/BonaFide/062_08.jpg,/nas-ctm01/datasets/public/BIOMETRICS/Face_Morphing/MAD22/original_sorted/BonaFide/083_08.jpg,449,77,95
333,MAD22,OpenCV,identity_disjoint_80_20,train,/nas-ctm01/datasets/public/BIOMETRICS/Face_Morphing/MAD22/original_sorted/OpenCV/062_08-vs-094_08.jpg,062_08-vs-094_08.jpg,062_08-vs-094_08,062_08,094_08,062,094,/nas-ctm01/datasets/public/BIOMETRICS/Face_Morphing/MAD22/original_sorted/BonaFide/062_08.jpg,/nas-ctm01/datasets/public/BIOMETRICS/Face_Morphing/MAD22/original_sorted/BonaFide/094_08.jpg,450,77,105
334,MAD22,OpenCV,identity_disjoint_80_20,train,/nas-ctm01/datasets/public/BIOMETRICS/Face_Morphing/MAD22/original_sorted/OpenCV/062_08-vs-099_08.jpg,062_08-vs-099_08.jpg,062_08-vs-099_08,062_08,099_08,062,099,/nas-ctm01/datasets/public/BIOMETRICS/Face_Morphing/MAD22/original_sorted/BonaFide/062_08.jpg,/nas-ctm01/datasets/public/BIOMETRICS/Face_Morphing/MAD22/original_sorted/BonaFide/099_08.jpg,451,77,111
335,MAD22,OpenCV,identity_disjoint_80_20,train,/nas-ctm01/datasets/public/BIOMETRICS/Face_Morphing/MAD22/original_sorted/OpenCV/062_08-vs-102_08.jpg,062_08-vs-102_08.jpg,062_08-vs-102_08,062_08,102_08,062,102,/nas-ctm01/datasets/public/BIOMETRICS/Face_Morphing/MAD22/original_sorted/BonaFide/062_08.jpg,/nas-ctm01/datasets/public/BIOMETRICS/Face_Morphing/MAD22/original_sorted/BonaFide/102_08.jpg,452,77,116
336,MAD22,OpenCV,identity_disjoint_80_20,train,/nas-ctm01/datasets/public/BIOMETRICS/Face_Morphing/MAD22/original_sorted/OpenCV/062_08-vs-118_08.jpg,062_08-vs-118_08.jpg,062_08-vs-118_08,062_08,118_08,062,118,/nas-ctm01/datasets/public/BIOMETRICS/Face_Morphing/MAD22/original_sorted/BonaFide/062_08.jpg,/nas-ctm01/datasets/public/BIOMETRICS/Face_Morphing/MAD22/original_sorted/BonaFide/118_08.jpg,453,77,134
337,MAD22,OpenCV,identity_disjoint_80_20,train,/nas-ctm01/datasets/public/BIOMETRICS/Face_Morphing/MAD22/original_sorted/OpenCV/062_08-vs-124_08.jpg,062_08-vs-124_08.jpg,062_08-vs-124_08,062_08,124_08,062,124,/nas-ctm01/datasets/public/BIOMETRICS/Face_Morphing/MAD22/original_sorted/BonaFide/062_08.jpg,/nas-ctm01/datasets/public/BIOMETRICS/Face_Morphing/MAD22/original_sorted/BonaFide/124_08.jpg,454,77,146
338,MAD22,OpenCV,identity_disjoint_80_20,train,/nas-ctm01/datasets/public/BIOMETRICS/Face_Morphing/MAD22/original_sorted/OpenCV/062_08-vs-126_08.jpg,062_08-vs-126_08.jpg,062_08-vs-126_08,062_08,126_08,062,126,/nas-ctm01/datasets/public/BIOMETRICS/Face_Morphing/MAD22/original_sorted/BonaFide/062_08.jpg,/nas-ctm01/datasets/public/BIOMETRICS/Face_Morphing/MAD22/original_sorted/BonaFide/126_08.jpg,455,77,150
339,MAD22,OpenCV,identity_disjoint_80_20,train,/nas-ctm01/datasets/public/BIOMETRICS/Face_Morphing/MAD22/original_sorted/OpenCV/063_03-vs-092_03.jpg,063_03-vs-092_03.jpg,063_03-vs-092_03,063_03,092_03,063,092,/nas-ctm01/datasets/public/BIOMETRICS/Face_Morphing/MAD22/original_sorted/BonaFide/063_03.jpg,/nas-ctm01/datasets/public/BIOMETRICS/Face_Morphing/MAD22/original_sorted/BonaFide/092_03.jpg,456,78,102
340,MAD22,OpenCV,identity_disjoint_80_20,train,/nas-ctm01/datasets/public/BIOMETRICS/Face_Morphing/MAD22/original_sorted/OpenCV/063_03-vs-104_03.jpg,063_03-vs-104_03.jpg,063_03-vs-104_03,063_03,104_03,063,104,/nas-ctm01/datasets/public/BIOMETRICS/Face_Morphing/MAD22/original_sorted/BonaFide/063_03.jpg,/nas-ctm01/datasets/public/BIOMETRICS/Face_Morphing/MAD22/original_sorted/BonaFide/104_03.jpg,457,78,119
341,MAD22,OpenCV,identity_disjoint_80_20,train,/nas-ctm01/datasets/public/BIOMETRICS/Face_Morphing/MAD22/original_sorted/OpenCV/063_03-vs-115_03.jpg,063_03-vs-115_03.jpg,063_03-vs-115_03,063_03,115_03,063,115,/nas-ctm01/datasets/public/BIOMETRICS/Face_Morphing/MAD22/original_sorted/BonaFide/063_03.jpg,/nas-ctm01/datasets/public/BIOMETRICS/Face_Morphing/MAD22/original_sorted/BonaFide/115_03.jpg,458,78,130
342,MAD22,OpenCV,identity_disjoint_80_20,train,/nas-ctm01/datasets/public/BIOMETRICS/Face_Morphing/MAD22/original_sorted/OpenCV/063_03-vs-123_03.jpg,063_03-vs-123_03.jpg,063_03-vs-123_03,063_03,123_03,063,123,/nas-ctm01/datasets/public/BIOMETRICS/Face_Morphing/MAD22/original_sorted/BonaFide/063_03.jpg,/nas-ctm01/datasets/public/BIOMETRICS/Face_Morphing/MAD22/original_sorted/BonaFide/123_03.jpg,459,78,143
343,MAD22,OpenCV,identity_disjoint_80_20,train,/nas-ctm01/datasets/public/BIOMETRICS/Face_Morphing/MAD22/original_sorted/OpenCV/063_03-vs-125_03.jpg,063_03-vs-125_03.jpg,063_03-vs-125_03,063_03,125_03,063,125,/nas-ctm01/datasets/public/BIOMETRICS/Face_Morphing/MAD22/original_sorted/BonaFide/063_03.jpg,/nas-ctm01/datasets/public/BIOMETRICS/Face_Morphing/MAD22/original_sorted/BonaFide/125_03.jpg,460,78,147
344,MAD22,OpenCV,identity_disjoint_80_20,train,/nas-ctm01/datasets/public/BIOMETRICS/Face_Morphing/MAD22/original_sorted/OpenCV/063_03-vs-130_03.jpg,063_03-vs-130_03.jpg,063_03-vs-130_03,063_03,130_03,063,130,/nas-ctm01/datasets/public/BIOMETRICS/Face_Morphing/MAD22/original_sorted/BonaFide/063_03.jpg,/nas-ctm01/datasets/public/BIOMETRICS/Face_Morphing/MAD22/original_sorted/BonaFide/130_03.jpg,461,78,156
345,MAD22,OpenCV,identity_disjoint_80_20,train,/nas-ctm01/datasets/public/BIOMETRICS/Face_Morphing/MAD22/original_sorted/OpenCV/063_08-vs-069_08.jpg,063_08-vs-069_08.jpg,063_08-vs-069_08,063_08,069_08,063,069,/nas-ctm01/datasets/public/BIOMETRICS/Face_Morphing/MAD22/original_sorted/BonaFide/063_08.jpg,/nas-ctm01/datasets/public/BIOMETRICS/Face_Morphing/MAD22/original_sorted/BonaFide/069_08.jpg,462,79,89
346,MAD22,OpenCV,identity_disjoint_80_20,train,/nas-ctm01/datasets/public/BIOMETRICS/Face_Morphing/MAD22/original_sorted/OpenCV/063_08-vs-070_08.jpg,063_08-vs-070_08.jpg,063_08-vs-070_08,063_08,070_08,063,070,/nas-ctm01/datasets/public/BIOMETRICS/Face_Morphing/MAD22/original_sorted/BonaFide/063_08.jpg,/nas-ctm01/datasets/public/BIOMETRICS/Face_Morphing/MAD22/original_sorted/BonaFide/070_08.jpg,463,79,90
347,MAD22,OpenCV,identity_disjoint_80_20,train,/nas-ctm01/datasets/public/BIOMETRICS/Face_Morphing/MAD22/original_sorted/OpenCV/063_08-vs-092_08.jpg,063_08-vs-092_08.jpg,063_08-vs-092_08,063_08,092_08,063,092,/nas-ctm01/datasets/public/BIOMETRICS/Face_Morphing/MAD22/original_sorted/BonaFide/063_08.jpg,/nas-ctm01/datasets/public/BIOMETRICS/Face_Morphing/MAD22/original_sorted/BonaFide/092_08.jpg,464,79,103
348,MAD22,OpenCV,identity_disjoint_80_20,train,/nas-ctm01/datasets/public/BIOMETRICS/Face_Morphing/MAD22/original_sorted/OpenCV/063_08-vs-096_08.jpg,063_08-vs-096_08.jpg,063_08-vs-096_08,063_08,096_08,063,096,/nas-ctm01/datasets/public/BIOMETRICS/Face_Morphing/MAD22/original_sorted/BonaFide/063_08.jpg,/nas-ctm01/datasets/public/BIOMETRICS/Face_Morphing/MAD22/original_sorted/BonaFide/096_08.jpg,465,79,107
349,MAD22,OpenCV,identity_disjoint_80_20,train,/nas-ctm01/datasets/public/BIOMETRICS/Face_Morphing/MAD22/original_sorted/OpenCV/063_08-vs-115_08.jpg,063_08-vs-115_08.jpg,063_08-vs-115_08,063_08,115_08,063,115,/nas-ctm01/datasets/public/BIOMETRICS/Face_Morphing/MAD22/original_sorted/BonaFide/063_08.jpg,/nas-ctm01/datasets/public/BIOMETRICS/Face_Morphing/MAD22/original_sorted/BonaFide/115_08.jpg,466,79,131
350,MAD22,OpenCV,identity_disjoint_80_20,train,/nas-ctm01/datasets/public/BIOMETRICS/Face_Morphing/MAD22/original_sorted/OpenCV/063_08-vs-125_08.jpg,063_08-vs-125_08.jpg,063_08-vs-125_08,063_08,125_08,063,125,/nas-ctm01/datasets/public/BIOMETRICS/Face_Morphing/MAD22/original_sorted/BonaFide/063_08.jpg,/nas-ctm01/datasets/public/BIOMETRICS/Face_Morphing/MAD22/original_sorted/BonaFide/125_08.jpg,467,79,148
351,MAD22,OpenCV,identity_disjoint_80_20,train,/nas-ctm01/datasets/public/BIOMETRICS/Face_Morphing/MAD22/original_sorted/OpenCV/063_08-vs-130_08.jpg,063_08-vs-130_08.jpg,063_08-vs-130_08,063_08,130_08,063,130,/nas-ctm01/datasets/public/BIOMETRICS/Face_Morphing/MAD22/original_sorted/BonaFide/063_08.jpg,/nas-ctm01/datasets/public/BIOMETRICS/Face_Morphing/MAD22/original_sorted/BonaFide/130_08.jpg,468,79,157
352,MAD22,OpenCV,identity_disjoint_80_20,train,/nas-ctm01/datasets/public/BIOMETRICS/Face_Morphing/MAD22/original_sorted/OpenCV/063_08-vs-132_08.jpg,063_08-vs-132_08.jpg,063_08-vs-132_08,063_08,132_08,063,132,/nas-ctm01/datasets/public/BIOMETRICS/Face_Morphing/MAD22/original_sorted/BonaFide/063_08.jpg,/nas-ctm01/datasets/public/BIOMETRICS/Face_Morphing/MAD22/original_sorted/BonaFide/132_08.jpg,469,79,161
353,MAD22,OpenCV,identity_disjoint_80_20,train,/nas-ctm01/datasets/public/BIOMETRICS/Face_Morphing/MAD22/original_sorted/OpenCV/063_08-vs-143_08.jpg,063_08-vs-143_08.jpg,063_08-vs-143_08,063_08,143_08,063,143,/nas-ctm01/datasets/public/BIOMETRICS/Face_Morphing/MAD22/original_sorted/BonaFide/063_08.jpg,/nas-ctm01/datasets/public/BIOMETRICS/Face_Morphing/MAD22/original_sorted/BonaFide/143_08.jpg,471,79,178
354,MAD22,OpenCV,identity_disjoint_80_20,train,/nas-ctm01/datasets/public/BIOMETRICS/Face_Morphing/MAD22/original_sorted/OpenCV/064_03-vs-066_03.jpg,064_03-vs-066_03.jpg,064_03-vs-066_03,064_03,066_03,064,066,/nas-ctm01/datasets/public/BIOMETRICS/Face_Morphing/MAD22/original_sorted/BonaFide/064_03.jpg,/nas-ctm01/datasets/public/BIOMETRICS/Face_Morphing/MAD22/original_sorted/BonaFide/066_03.jpg,472,80,82
355,MAD22,OpenCV,identity_disjoint_80_20,train,/nas-ctm01/datasets/public/BIOMETRICS/Face_Morphing/MAD22/original_sorted/OpenCV/064_03-vs-094_03.jpg,064_03-vs-094_03.jpg,064_03-vs-094_03,064_03,094_03,064,094,/nas-ctm01/datasets/public/BIOMETRICS/Face_Morphing/MAD22/original_sorted/BonaFide/064_03.jpg,/nas-ctm01/datasets/public/BIOMETRICS/Face_Morphing/MAD22/original_sorted/BonaFide/094_03.jpg,473,80,104
356,MAD22,OpenCV,identity_disjoint_80_20,train,/nas-ctm01/datasets/public/BIOMETRICS/Face_Morphing/MAD22/original_sorted/OpenCV/064_03-vs-097_03.jpg,064_03-vs-097_03.jpg,064_03-vs-097_03,064_03,097_03,064,097,/nas-ctm01/datasets/public/BIOMETRICS/Face_Morphing/MAD22/original_sorted/BonaFide/064_03.jpg,/nas-ctm01/datasets/public/BIOMETRICS/Face_Morphing/MAD22/original_sorted/BonaFide/097_03.jpg,474,80,108
357,MAD22,OpenCV,identity_disjoint_80_20,train,/nas-ctm01/datasets/public/BIOMETRICS/Face_Morphing/MAD22/original_sorted/OpenCV/064_03-vs-099_03.jpg,064_03-vs-099_03.jpg,064_03-vs-099_03,064_03,099_03,064,099,/nas-ctm01/datasets/public/BIOMETRICS/Face_Morphing/MAD22/original_sorted/BonaFide/064_03.jpg,/nas-ctm01/datasets/public/BIOMETRICS/Face_Morphing/MAD22/original_sorted/BonaFide/099_03.jpg,475,80,110
358,MAD22,OpenCV,identity_disjoint_80_20,train,/nas-ctm01/datasets/public/BIOMETRICS/Face_Morphing/MAD22/original_sorted/OpenCV/064_03-vs-122_03.jpg,064_03-vs-122_03.jpg,064_03-vs-122_03,064_03,122_03,064,122,/nas-ctm01/datasets/public/BIOMETRICS/Face_Morphing/MAD22/original_sorted/BonaFide/064_03.jpg,/nas-ctm01/datasets/public/BIOMETRICS/Face_Morphing/MAD22/original_sorted/BonaFide/122_03.jpg,476,80,141
359,MAD22,OpenCV,identity_disjoint_80_20,train,/nas-ctm01/datasets/public/BIOMETRICS/Face_Morphing/MAD22/original_sorted/OpenCV/064_03-vs-134_03.jpg,064_03-vs-134_03.jpg,064_03-vs-134_03,064_03,134_03,064,134,/nas-ctm01/datasets/public/BIOMETRICS/Face_Morphing/MAD22/original_sorted/BonaFide/064_03.jpg,/nas-ctm01/datasets/public/BIOMETRICS/Face_Morphing/MAD22/original_sorted/BonaFide/134_03.jpg,477,80,162
360,MAD22,OpenCV,identity_disjoint_80_20,train,/nas-ctm01/datasets/public/BIOMETRICS/Face_Morphing/MAD22/original_sorted/OpenCV/064_03-vs-135_03.jpg,064_03-vs-135_03.jpg,064_03-vs-135_03,064_03,135_03,064,135,/nas-ctm01/datasets/public/BIOMETRICS/Face_Morphing/MAD22/original_sorted/BonaFide/064_03.jpg,/nas-ctm01/datasets/public/BIOMETRICS/Face_Morphing/MAD22/original_sorted/BonaFide/135_03.jpg,478,80,164
361,MAD22,OpenCV,identity_disjoint_80_20,train,/nas-ctm01/datasets/public/BIOMETRICS/Face_Morphing/MAD22/original_sorted/OpenCV/064_08-vs-066_08.jpg,064_08-vs-066_08.jpg,064_08-vs-066_08,064_08,066_08,064,066,/nas-ctm01/datasets/public/BIOMETRICS/Face_Morphing/MAD22/original_sorted/BonaFide/064_08.jpg,/nas-ctm01/datasets/public/BIOMETRICS/Face_Morphing/MAD22/original_sorted/BonaFide/066_08.jpg,479,81,83
362,MAD22,OpenCV,identity_disjoint_80_20,train,/nas-ctm01/datasets/public/BIOMETRICS/Face_Morphing/MAD22/original_sorted/OpenCV/064_08-vs-091_08.jpg,064_08-vs-091_08.jpg,064_08-vs-091_08,064_08,091_08,064,091,/nas-ctm01/datasets/public/BIOMETRICS/Face_Morphing/MAD22/original_sorted/BonaFide/064_08.jpg,/nas-ctm01/datasets/public/BIOMETRICS/Face_Morphing/MAD22/original_sorted/BonaFide/091_08.jpg,480,81,101
363,MAD22,OpenCV,identity_disjoint_80_20,train,/nas-ctm01/datasets/public/BIOMETRICS/Face_Morphing/MAD22/original_sorted/OpenCV/064_08-vs-097_08.jpg,064_08-vs-097_08.jpg,064_08-vs-097_08,064_08,097_08,064,097,/nas-ctm01/datasets/public/BIOMETRICS/Face_Morphing/MAD22/original_sorted/BonaFide/064_08.jpg,/nas-ctm01/datasets/public/BIOMETRICS/Face_Morphing/MAD22/original_sorted/BonaFide/097_08.jpg,481,81,109
364,MAD22,OpenCV,identity_disjoint_80_20,train,/nas-ctm01/datasets/public/BIOMETRICS/Face_Morphing/MAD22/original_sorted/OpenCV/064_08-vs-099_08.jpg,064_08-vs-099_08.jpg,064_08-vs-099_08,064_08,099_08,064,099,/nas-ctm01/datasets/public/BIOMETRICS/Face_Morphing/MAD22/original_sorted/BonaFide/064_08.jpg,/nas-ctm01/datasets/public/BIOMETRICS/Face_Morphing/MAD22/original_sorted/BonaFide/099_08.jpg,482,81,111
365,MAD22,OpenCV,identity_disjoint_80_20,train,/nas-ctm01/datasets/public/BIOMETRICS/Face_Morphing/MAD22/original_sorted/OpenCV/064_08-vs-122_08.jpg,064_08-vs-122_08.jpg,064_08-vs-122_08,064_08,122_08,064,122,/nas-ctm01/datasets/public/BIOMETRICS/Face_Morphing/MAD22/original_sorted/BonaFide/064_08.jpg,/nas-ctm01/datasets/public/BIOMETRICS/Face_Morphing/MAD22/original_sorted/BonaFide/122_08.jpg,483,81,142
366,MAD22,OpenCV,identity_disjoint_80_20,train,/nas-ctm01/datasets/public/BIOMETRICS/Face_Morphing/MAD22/original_sorted/OpenCV/064_08-vs-127_08.jpg,064_08-vs-127_08.jpg,064_08-vs-127_08,064_08,127_08,064,127,/nas-ctm01/datasets/public/BIOMETRICS/Face_Morphing/MAD22/original_sorted/BonaFide/064_08.jpg,/nas-ctm01/datasets/public/BIOMETRICS/Face_Morphing/MAD22/original_sorted/BonaFide/127_08.jpg,484,81,151
367,MAD22,OpenCV,identity_disjoint_80_20,train,/nas-ctm01/datasets/public/BIOMETRICS/Face_Morphing/MAD22/original_sorted/OpenCV/064_08-vs-134_08.jpg,064_08-vs-134_08.jpg,064_08-vs-134_08,064_08,134_08,064,134,/nas-ctm01/datasets/public/BIOMETRICS/Face_Morphing/MAD22/original_sorted/BonaFide/064_08.jpg,/nas-ctm01/datasets/public/BIOMETRICS/Face_Morphing/MAD22/original_sorted/BonaFide/134_08.jpg,485,81,163
368,MAD22,OpenCV,identity_disjoint_80_20,train,/nas-ctm01/datasets/public/BIOMETRICS/Face_Morphing/MAD22/original_sorted/OpenCV/066_03-vs-083_03.jpg,066_03-vs-083_03.jpg,066_03-vs-083_03,066_03,083_03,066,083,/nas-ctm01/datasets/public/BIOMETRICS/Face_Morphing/MAD22/original_sorted/BonaFide/066_03.jpg,/nas-ctm01/datasets/public/BIOMETRICS/Face_Morphing/MAD22/original_sorted/BonaFide/083_03.jpg,486,82,94
369,MAD22,OpenCV,identity_disjoint_80_20,train,/nas-ctm01/datasets/public/BIOMETRICS/Face_Morphing/MAD22/original_sorted/OpenCV/066_03-vs-090_03.jpg,066_03-vs-090_03.jpg,066_03-vs-090_03,066_03,090_03,066,090,/nas-ctm01/datasets/public/BIOMETRICS/Face_Morphing/MAD22/original_sorted/BonaFide/066_03.jpg,/nas-ctm01/datasets/public/BIOMETRICS/Face_Morphing/MAD22/original_sorted/BonaFide/090_03.jpg,487,82,99
370,MAD22,OpenCV,identity_disjoint_80_20,train,/nas-ctm01/datasets/public/BIOMETRICS/Face_Morphing/MAD22/original_sorted/OpenCV/066_03-vs-094_03.jpg,066_03-vs-094_03.jpg,066_03-vs-094_03,066_03,094_03,066,094,/nas-ctm01/datasets/public/BIOMETRICS/Face_Morphing/MAD22/original_sorted/BonaFide/066_03.jpg,/nas-ctm01/datasets/public/BIOMETRICS/Face_Morphing/MAD22/original_sorted/BonaFide/094_03.jpg,488,82,104
371,MAD22,OpenCV,identity_disjoint_80_20,train,/nas-ctm01/datasets/public/BIOMETRICS/Face_Morphing/MAD22/original_sorted/OpenCV/066_03-vs-097_03.jpg,066_03-vs-097_03.jpg,066_03-vs-097_03,066_03,097_03,066,097,/nas-ctm01/datasets/public/BIOMETRICS/Face_Morphing/MAD22/original_sorted/BonaFide/066_03.jpg,/nas-ctm01/datasets/public/BIOMETRICS/Face_Morphing/MAD22/original_sorted/BonaFide/097_03.jpg,489,82,108
372,MAD22,OpenCV,identity_disjoint_80_20,train,/nas-ctm01/datasets/public/BIOMETRICS/Face_Morphing/MAD22/original_sorted/OpenCV/066_03-vs-099_03.jpg,066_03-vs-099_03.jpg,066_03-vs-099_03,066_03,099_03,066,099,/nas-ctm01/datasets/public/BIOMETRICS/Face_Morphing/MAD22/original_sorted/BonaFide/066_03.jpg,/nas-ctm01/datasets/public/BIOMETRICS/Face_Morphing/MAD22/original_sorted/BonaFide/099_03.jpg,490,82,110
373,MAD22,OpenCV,identity_disjoint_80_20,train,/nas-ctm01/datasets/public/BIOMETRICS/Face_Morphing/MAD22/original_sorted/OpenCV/066_03-vs-100_03.jpg,066_03-vs-100_03.jpg,066_03-vs-100_03,066_03,100_03,066,100,/nas-ctm01/datasets/public/BIOMETRICS/Face_Morphing/MAD22/original_sorted/BonaFide/066_03.jpg,/nas-ctm01/datasets/public/BIOMETRICS/Face_Morphing/MAD22/original_sorted/BonaFide/100_03.jpg,491,82,112
374,MAD22,OpenCV,identity_disjoint_80_20,train,/nas-ctm01/datasets/public/BIOMETRICS/Face_Morphing/MAD22/original_sorted/OpenCV/066_03-vs-113_03.jpg,066_03-vs-113_03.jpg,066_03-vs-113_03,066_03,113_03,066,113,/nas-ctm01/datasets/public/BIOMETRICS/Face_Morphing/MAD22/original_sorted/BonaFide/066_03.jpg,/nas-ctm01/datasets/public/BIOMETRICS/Face_Morphing/MAD22/original_sorted/BonaFide/113_03.jpg,492,82,127
375,MAD22,OpenCV,identity_disjoint_80_20,train,/nas-ctm01/datasets/public/BIOMETRICS/Face_Morphing/MAD22/original_sorted/OpenCV/066_08-vs-083_08.jpg,066_08-vs-083_08.jpg,066_08-vs-083_08,066_08,083_08,066,083,/nas-ctm01/datasets/public/BIOMETRICS/Face_Morphing/MAD22/original_sorted/BonaFide/066_08.jpg,/nas-ctm01/datasets/public/BIOMETRICS/Face_Morphing/MAD22/original_sorted/BonaFide/083_08.jpg,493,83,95
376,MAD22,OpenCV,identity_disjoint_80_20,train,/nas-ctm01/datasets/public/BIOMETRICS/Face_Morphing/MAD22/original_sorted/OpenCV/066_08-vs-087_08.jpg,066_08-vs-087_08.jpg,066_08-vs-087_08,066_08,087_08,066,087,/nas-ctm01/datasets/public/BIOMETRICS/Face_Morphing/MAD22/original_sorted/BonaFide/066_08.jpg,/nas-ctm01/datasets/public/BIOMETRICS/Face_Morphing/MAD22/original_sorted/BonaFide/087_08.jpg,494,83,98
377,MAD22,OpenCV,identity_disjoint_80_20,train,/nas-ctm01/datasets/public/BIOMETRICS/Face_Morphing/MAD22/original_sorted/OpenCV/066_08-vs-094_08.jpg,066_08-vs-094_08.jpg,066_08-vs-094_08,066_08,094_08,066,094,/nas-ctm01/datasets/public/BIOMETRICS/Face_Morphing/MAD22/original_sorted/BonaFide/066_08.jpg,/nas-ctm01/datasets/public/BIOMETRICS/Face_Morphing/MAD22/original_sorted/BonaFide/094_08.jpg,495,83,105
378,MAD22,OpenCV,identity_disjoint_80_20,train,/nas-ctm01/datasets/public/BIOMETRICS/Face_Morphing/MAD22/original_sorted/OpenCV/066_08-vs-099_08.jpg,066_08-vs-099_08.jpg,066_08-vs-099_08,066_08,099_08,066,099,/nas-ctm01/datasets/public/BIOMETRICS/Face_Morphing/MAD22/original_sorted/BonaFide/066_08.jpg,/nas-ctm01/datasets/public/BIOMETRICS/Face_Morphing/MAD22/original_sorted/BonaFide/099_08.jpg,496,83,111
379,MAD22,OpenCV,identity_disjoint_80_20,train,/nas-ctm01/datasets/public/BIOMETRICS/Face_Morphing/MAD22/original_sorted/OpenCV/066_08-vs-126_08.jpg,066_08-vs-126_08.jpg,066_08-vs-126_08,066_08,126_08,066,126,/nas-ctm01/datasets/public/BIOMETRICS/Face_Morphing/MAD22/original_sorted/BonaFide/066_08.jpg,/nas-ctm01/datasets/public/BIOMETRICS/Face_Morphing/MAD22/original_sorted/BonaFide/126_08.jpg,497,83,150
380,MAD22,OpenCV,identity_disjoint_80_20,train,/nas-ctm01/datasets/public/BIOMETRICS/Face_Morphing/MAD22/original_sorted/OpenCV/066_08-vs-129_08.jpg,066_08-vs-129_08.jpg,066_08-vs-129_08,066_08,129_08,066,129,/nas-ctm01/datasets/public/BIOMETRICS/Face_Morphing/MAD22/original_sorted/BonaFide/066_08.jpg,/nas-ctm01/datasets/public/BIOMETRICS/Face_Morphing/MAD22/original_sorted/BonaFide/129_08.jpg,498,83,155
381,MAD22,OpenCV,identity_disjoint_80_20,train,/nas-ctm01/datasets/public/BIOMETRICS/Face_Morphing/MAD22/original_sorted/OpenCV/067_03-vs-069_03.jpg,067_03-vs-069_03.jpg,067_03-vs-069_03,067_03,069_03,067,069,/nas-ctm01/datasets/public/BIOMETRICS/Face_Morphing/MAD22/original_sorted/BonaFide/067_03.jpg,/nas-ctm01/datasets/public/BIOMETRICS/Face_Morphing/MAD22/original_sorted/BonaFide/069_03.jpg,499,84,88
382,MAD22,OpenCV,identity_disjoint_80_20,train,/nas-ctm01/datasets/public/BIOMETRICS/Face_Morphing/MAD22/original_sorted/OpenCV/067_03-vs-128_03.jpg,067_03-vs-128_03.jpg,067_03-vs-128_03,067_03,128_03,067,128,/nas-ctm01/datasets/public/BIOMETRICS/Face_Morphing/MAD22/original_sorted/BonaFide/067_03.jpg,/nas-ctm01/datasets/public/BIOMETRICS/Face_Morphing/MAD22/original_sorted/BonaFide/128_03.jpg,500,84,152
383,MAD22,OpenCV,identity_disjoint_80_20,train,/nas-ctm01/datasets/public/BIOMETRICS/Face_Morphing/MAD22/original_sorted/OpenCV/067_03-vs-130_03.jpg,067_03-vs-130_03.jpg,067_03-vs-130_03,067_03,130_03,067,130,/nas-ctm01/datasets/public/BIOMETRICS/Face_Morphing/MAD22/original_sorted/BonaFide/067_03.jpg,/nas-ctm01/datasets/public/BIOMETRICS/Face_Morphing/MAD22/original_sorted/BonaFide/130_03.jpg,501,84,156
384,MAD22,OpenCV,identity_disjoint_80_20,train,/nas-ctm01/datasets/public/BIOMETRICS/Face_Morphing/MAD22/original_sorted/OpenCV/067_08-vs-069_08.jpg,067_08-vs-069_08.jpg,067_08-vs-069_08,067_08,069_08,067,069,/nas-ctm01/datasets/public/BIOMETRICS/Face_Morphing/MAD22/original_sorted/BonaFide/067_08.jpg,/nas-ctm01/datasets/public/BIOMETRICS/Face_Morphing/MAD22/original_sorted/BonaFide/069_08.jpg,502,85,89
385,MAD22,OpenCV,identity_disjoint_80_20,train,/nas-ctm01/datasets/public/BIOMETRICS/Face_Morphing/MAD22/original_sorted/OpenCV/067_08-vs-114_08.jpg,067_08-vs-114_08.jpg,067_08-vs-114_08,067_08,114_08,067,114,/nas-ctm01/datasets/public/BIOMETRICS/Face_Morphing/MAD22/original_sorted/BonaFide/067_08.jpg,/nas-ctm01/datasets/public/BIOMETRICS/Face_Morphing/MAD22/original_sorted/BonaFide/114_08.jpg,503,85,129
386,MAD22,OpenCV,identity_disjoint_80_20,train,/nas-ctm01/datasets/public/BIOMETRICS/Face_Morphing/MAD22/original_sorted/OpenCV/067_08-vs-115_08.jpg,067_08-vs-115_08.jpg,067_08-vs-115_08,067_08,115_08,067,115,/nas-ctm01/datasets/public/BIOMETRICS/Face_Morphing/MAD22/original_sorted/BonaFide/067_08.jpg,/nas-ctm01/datasets/public/BIOMETRICS/Face_Morphing/MAD22/original_sorted/BonaFide/115_08.jpg,504,85,131
387,MAD22,OpenCV,identity_disjoint_80_20,train,/nas-ctm01/datasets/public/BIOMETRICS/Face_Morphing/MAD22/original_sorted/OpenCV/067_08-vs-128_08.jpg,067_08-vs-128_08.jpg,067_08-vs-128_08,067_08,128_08,067,128,/nas-ctm01/datasets/public/BIOMETRICS/Face_Morphing/MAD22/original_sorted/BonaFide/067_08.jpg,/nas-ctm01/datasets/public/BIOMETRICS/Face_Morphing/MAD22/original_sorted/BonaFide/128_08.jpg,505,85,153
388,MAD22,OpenCV,identity_disjoint_80_20,train,/nas-ctm01/datasets/public/BIOMETRICS/Face_Morphing/MAD22/original_sorted/OpenCV/067_08-vs-130_08.jpg,067_08-vs-130_08.jpg,067_08-vs-130_08,067_08,130_08,067,130,/nas-ctm01/datasets/public/BIOMETRICS/Face_Morphing/MAD22/original_sorted/BonaFide/067_08.jpg,/nas-ctm01/datasets/public/BIOMETRICS/Face_Morphing/MAD22/original_sorted/BonaFide/130_08.jpg,506,85,157
389,MAD22,OpenCV,identity_disjoint_80_20,train,/nas-ctm01/datasets/public/BIOMETRICS/Face_Morphing/MAD22/original_sorted/OpenCV/067_08-vs-141_08.jpg,067_08-vs-141_08.jpg,067_08-vs-141_08,067_08,141_08,067,141,/nas-ctm01/datasets/public/BIOMETRICS/Face_Morphing/MAD22/original_sorted/BonaFide/067_08.jpg,/nas-ctm01/datasets/public/BIOMETRICS/Face_Morphing/MAD22/original_sorted/BonaFide/141_08.jpg,507,85,174
390,MAD22,OpenCV,identity_disjoint_80_20,train,/nas-ctm01/datasets/public/BIOMETRICS/Face_Morphing/MAD22/original_sorted/OpenCV/069_03-vs-104_03.jpg,069_03-vs-104_03.jpg,069_03-vs-104_03,069_03,104_03,069,104,/nas-ctm01/datasets/public/BIOMETRICS/Face_Morphing/MAD22/original_sorted/BonaFide/069_03.jpg,/nas-ctm01/datasets/public/BIOMETRICS/Face_Morphing/MAD22/original_sorted/BonaFide/104_03.jpg,517,88,119
391,MAD22,OpenCV,identity_disjoint_80_20,train,/nas-ctm01/datasets/public/BIOMETRICS/Face_Morphing/MAD22/original_sorted/OpenCV/069_03-vs-115_03.jpg,069_03-vs-115_03.jpg,069_03-vs-115_03,069_03,115_03,069,115,/nas-ctm01/datasets/public/BIOMETRICS/Face_Morphing/MAD22/original_sorted/BonaFide/069_03.jpg,/nas-ctm01/datasets/public/BIOMETRICS/Face_Morphing/MAD22/original_sorted/BonaFide/115_03.jpg,518,88,130
392,MAD22,OpenCV,identity_disjoint_80_20,train,/nas-ctm01/datasets/public/BIOMETRICS/Face_Morphing/MAD22/original_sorted/OpenCV/069_03-vs-130_03.jpg,069_03-vs-130_03.jpg,069_03-vs-130_03,069_03,130_03,069,130,/nas-ctm01/datasets/public/BIOMETRICS/Face_Morphing/MAD22/original_sorted/BonaFide/069_03.jpg,/nas-ctm01/datasets/public/BIOMETRICS/Face_Morphing/MAD22/original_sorted/BonaFide/130_03.jpg,519,88,156
393,MAD22,OpenCV,identity_disjoint_80_20,train,/nas-ctm01/datasets/public/BIOMETRICS/Face_Morphing/MAD22/original_sorted/OpenCV/069_03-vs-131_03.jpg,069_03-vs-131_03.jpg,069_03-vs-131_03,069_03,131_03,069,131,/nas-ctm01/datasets/public/BIOMETRICS/Face_Morphing/MAD22/original_sorted/BonaFide/069_03.jpg,/nas-ctm01/datasets/public/BIOMETRICS/Face_Morphing/MAD22/original_sorted/BonaFide/131_03.jpg,520,88,158
394,MAD22,OpenCV,identity_disjoint_80_20,train,/nas-ctm01/datasets/public/BIOMETRICS/Face_Morphing/MAD22/original_sorted/OpenCV/069_03-vs-132_03.jpg,069_03-vs-132_03.jpg,069_03-vs-132_03,069_03,132_03,069,132,/nas-ctm01/datasets/public/BIOMETRICS/Face_Morphing/MAD22/original_sorted/BonaFide/069_03.jpg,/nas-ctm01/datasets/public/BIOMETRICS/Face_Morphing/MAD22/original_sorted/BonaFide/132_03.jpg,521,88,160
395,MAD22,OpenCV,identity_disjoint_80_20,train,/nas-ctm01/datasets/public/BIOMETRICS/Face_Morphing/MAD22/original_sorted/OpenCV/069_03-vs-172_03.jpg,069_03-vs-172_03.jpg,069_03-vs-172_03,069_03,172_03,069,172,/nas-ctm01/datasets/public/BIOMETRICS/Face_Morphing/MAD22/original_sorted/BonaFide/069_03.jpg,/nas-ctm01/datasets/public/BIOMETRICS/Face_Morphing/MAD22/original_sorted/BonaFide/172_03.jpg,522,88,181
396,MAD22,OpenCV,identity_disjoint_80_20,train,/nas-ctm01/datasets/public/BIOMETRICS/Face_Morphing/MAD22/original_sorted/OpenCV/069_08-vs-092_08.jpg,069_08-vs-092_08.jpg,069_08-vs-092_08,069_08,092_08,069,092,/nas-ctm01/datasets/public/BIOMETRICS/Face_Morphing/MAD22/original_sorted/BonaFide/069_08.jpg,/nas-ctm01/datasets/public/BIOMETRICS/Face_Morphing/MAD22/original_sorted/BonaFide/092_08.jpg,523,89,103
397,MAD22,OpenCV,identity_disjoint_80_20,train,/nas-ctm01/datasets/public/BIOMETRICS/Face_Morphing/MAD22/original_sorted/OpenCV/069_08-vs-115_08.jpg,069_08-vs-115_08.jpg,069_08-vs-115_08,069_08,115_08,069,115,/nas-ctm01/datasets/public/BIOMETRICS/Face_Morphing/MAD22/original_sorted/BonaFide/069_08.jpg,/nas-ctm01/datasets/public/BIOMETRICS/Face_Morphing/MAD22/original_sorted/BonaFide/115_08.jpg,524,89,131
398,MAD22,OpenCV,identity_disjoint_80_20,train,/nas-ctm01/datasets/public/BIOMETRICS/Face_Morphing/MAD22/original_sorted/OpenCV/069_08-vs-130_08.jpg,069_08-vs-130_08.jpg,069_08-vs-130_08,069_08,130_08,069,130,/nas-ctm01/datasets/public/BIOMETRICS/Face_Morphing/MAD22/original_sorted/BonaFide/069_08.jpg,/nas-ctm01/datasets/public/BIOMETRICS/Face_Morphing/MAD22/original_sorted/BonaFide/130_08.jpg,525,89,157
399,MAD22,OpenCV,identity_disjoint_80_20,train,/nas-ctm01/datasets/public/BIOMETRICS/Face_Morphing/MAD22/original_sorted/OpenCV/069_08-vs-131_08.jpg,069_08-vs-131_08.jpg,069_08-vs-131_08,069_08,131_08,069,131,/nas-ctm01/datasets/public/BIOMETRICS/Face_Morphing/MAD22/original_sorted/BonaFide/069_08.jpg,/nas-ctm01/datasets/public/BIOMETRICS/Face_Morphing/MAD22/original_sorted/BonaFide/131_08.jpg,526,89,159
400,MAD22,OpenCV,identity_disjoint_80_20,train,/nas-ctm01/datasets/public/BIOMETRICS/Face_Morphing/MAD22/original_sorted/OpenCV/069_08-vs-132_08.jpg,069_08-vs-132_08.jpg,069_08-vs-132_08,069_08,132_08,069,132,/nas-ctm01/datasets/public/BIOMETRICS/Face_Morphing/MAD22/original_sorted/BonaFide/069_08.jpg,/nas-ctm01/datasets/public/BIOMETRICS/Face_Morphing/MAD22/original_sorted/BonaFide/132_08.jpg,527,89,161
401,MAD22,OpenCV,identity_disjoint_80_20,train,/nas-ctm01/datasets/public/BIOMETRICS/Face_Morphing/MAD22/original_sorted/OpenCV/070_08-vs-108_08.jpg,070_08-vs-108_08.jpg,070_08-vs-108_08,070_08,108_08,070,108,/nas-ctm01/datasets/public/BIOMETRICS/Face_Morphing/MAD22/original_sorted/BonaFide/070_08.jpg,/nas-ctm01/datasets/public/BIOMETRICS/Face_Morphing/MAD22/original_sorted/BonaFide/108_08.jpg,528,90,124
402,MAD22,OpenCV,identity_disjoint_80_20,train,/nas-ctm01/datasets/public/BIOMETRICS/Face_Morphing/MAD22/original_sorted/OpenCV/070_08-vs-143_08.jpg,070_08-vs-143_08.jpg,070_08-vs-143_08,070_08,143_08,070,143,/nas-ctm01/datasets/public/BIOMETRICS/Face_Morphing/MAD22/original_sorted/BonaFide/070_08.jpg,/nas-ctm01/datasets/public/BIOMETRICS/Face_Morphing/MAD22/original_sorted/BonaFide/143_08.jpg,529,90,178
403,MAD22,OpenCV,identity_disjoint_80_20,train,/nas-ctm01/datasets/public/BIOMETRICS/Face_Morphing/MAD22/original_sorted/OpenCV/081_08-vs-090_08.jpg,081_08-vs-090_08.jpg,081_08-vs-090_08,081_08,090_08,081,090,/nas-ctm01/datasets/public/BIOMETRICS/Face_Morphing/MAD22/original_sorted/BonaFide/081_08.jpg,/nas-ctm01/datasets/public/BIOMETRICS/Face_Morphing/MAD22/original_sorted/BonaFide/090_08.jpg,530,91,100
404,MAD22,OpenCV,identity_disjoint_80_20,train,/nas-ctm01/datasets/public/BIOMETRICS/Face_Morphing/MAD22/original_sorted/OpenCV/081_08-vs-091_08.jpg,081_08-vs-091_08.jpg,081_08-vs-091_08,081_08,091_08,081,091,/nas-ctm01/datasets/public/BIOMETRICS/Face_Morphing/MAD22/original_sorted/BonaFide/081_08.jpg,/nas-ctm01/datasets/public/BIOMETRICS/Face_Morphing/MAD22/original_sorted/BonaFide/091_08.jpg,531,91,101
405,MAD22,OpenCV,identity_disjoint_80_20,train,/nas-ctm01/datasets/public/BIOMETRICS/Face_Morphing/MAD22/original_sorted/OpenCV/081_08-vs-118_08.jpg,081_08-vs-118_08.jpg,081_08-vs-118_08,081_08,118_08,081,118,/nas-ctm01/datasets/public/BIOMETRICS/Face_Morphing/MAD22/original_sorted/BonaFide/081_08.jpg,/nas-ctm01/datasets/public/BIOMETRICS/Face_Morphing/MAD22/original_sorted/BonaFide/118_08.jpg,532,91,134
406,MAD22,OpenCV,identity_disjoint_80_20,train,/nas-ctm01/datasets/public/BIOMETRICS/Face_Morphing/MAD22/original_sorted/OpenCV/081_08-vs-122_08.jpg,081_08-vs-122_08.jpg,081_08-vs-122_08,081_08,122_08,081,122,/nas-ctm01/datasets/public/BIOMETRICS/Face_Morphing/MAD22/original_sorted/BonaFide/081_08.jpg,/nas-ctm01/datasets/public/BIOMETRICS/Face_Morphing/MAD22/original_sorted/BonaFide/122_08.jpg,533,91,142
407,MAD22,OpenCV,identity_disjoint_80_20,train,/nas-ctm01/datasets/public/BIOMETRICS/Face_Morphing/MAD22/original_sorted/OpenCV/081_08-vs-135_08.jpg,081_08-vs-135_08.jpg,081_08-vs-135_08,081_08,135_08,081,135,/nas-ctm01/datasets/public/BIOMETRICS/Face_Morphing/MAD22/original_sorted/BonaFide/081_08.jpg,/nas-ctm01/datasets/public/BIOMETRICS/Face_Morphing/MAD22/original_sorted/BonaFide/135_08.jpg,534,91,165
408,MAD22,OpenCV,identity_disjoint_80_20,train,/nas-ctm01/datasets/public/BIOMETRICS/Face_Morphing/MAD22/original_sorted/OpenCV/083_08-vs-087_08.jpg,083_08-vs-087_08.jpg,083_08-vs-087_08,083_08,087_08,083,087,/nas-ctm01/datasets/public/BIOMETRICS/Face_Morphing/MAD22/original_sorted/BonaFide/083_08.jpg,/nas-ctm01/datasets/public/BIOMETRICS/Face_Morphing/MAD22/original_sorted/BonaFide/087_08.jpg,538,95,98
409,MAD22,OpenCV,identity_disjoint_80_20,train,/nas-ctm01/datasets/public/BIOMETRICS/Face_Morphing/MAD22/original_sorted/OpenCV/083_08-vs-129_08.jpg,083_08-vs-129_08.jpg,083_08-vs-129_08,083_08,129_08,083,129,/nas-ctm01/datasets/public/BIOMETRICS/Face_Morphing/MAD22/original_sorted/BonaFide/083_08.jpg,/nas-ctm01/datasets/public/BIOMETRICS/Face_Morphing/MAD22/original_sorted/BonaFide/129_08.jpg,539,95,155
410,MAD22,OpenCV,identity_disjoint_80_20,train,/nas-ctm01/datasets/public/BIOMETRICS/Face_Morphing/MAD22/original_sorted/OpenCV/086_08-vs-091_08.jpg,086_08-vs-091_08.jpg,086_08-vs-091_08,086_08,091_08,086,091,/nas-ctm01/datasets/public/BIOMETRICS/Face_Morphing/MAD22/original_sorted/BonaFide/086_08.jpg,/nas-ctm01/datasets/public/BIOMETRICS/Face_Morphing/MAD22/original_sorted/BonaFide/091_08.jpg,540,97,101
411,MAD22,OpenCV,identity_disjoint_80_20,train,/nas-ctm01/datasets/public/BIOMETRICS/Face_Morphing/MAD22/original_sorted/OpenCV/087_08-vs-090_08.jpg,087_08-vs-090_08.jpg,087_08-vs-090_08,087_08,090_08,087,090,/nas-ctm01/datasets/public/BIOMETRICS/Face_Morphing/MAD22/original_sorted/BonaFide/087_08.jpg,/nas-ctm01/datasets/public/BIOMETRICS/Face_Morphing/MAD22/original_sorted/BonaFide/090_08.jpg,541,98,100
412,MAD22,OpenCV,identity_disjoint_80_20,train,/nas-ctm01/datasets/public/BIOMETRICS/Face_Morphing/MAD22/original_sorted/OpenCV/087_08-vs-102_08.jpg,087_08-vs-102_08.jpg,087_08-vs-102_08,087_08,102_08,087,102,/nas-ctm01/datasets/public/BIOMETRICS/Face_Morphing/MAD22/original_sorted/BonaFide/087_08.jpg,/nas-ctm01/datasets/public/BIOMETRICS/Face_Morphing/MAD22/original_sorted/BonaFide/102_08.jpg,542,98,116
413,MAD22,OpenCV,identity_disjoint_80_20,train,/nas-ctm01/datasets/public/BIOMETRICS/Face_Morphing/MAD22/original_sorted/OpenCV/087_08-vs-118_08.jpg,087_08-vs-118_08.jpg,087_08-vs-118_08,087_08,118_08,087,118,/nas-ctm01/datasets/public/BIOMETRICS/Face_Morphing/MAD22/original_sorted/BonaFide/087_08.jpg,/nas-ctm01/datasets/public/BIOMETRICS/Face_Morphing/MAD22/original_sorted/BonaFide/118_08.jpg,543,98,134
414,MAD22,OpenCV,identity_disjoint_80_20,train,/nas-ctm01/datasets/public/BIOMETRICS/Face_Morphing/MAD22/original_sorted/OpenCV/087_08-vs-124_08.jpg,087_08-vs-124_08.jpg,087_08-vs-124_08,087_08,124_08,087,124,/nas-ctm01/datasets/public/BIOMETRICS/Face_Morphing/MAD22/original_sorted/BonaFide/087_08.jpg,/nas-ctm01/datasets/public/BIOMETRICS/Face_Morphing/MAD22/original_sorted/BonaFide/124_08.jpg,544,98,146
415,MAD22,OpenCV,identity_disjoint_80_20,train,/nas-ctm01/datasets/public/BIOMETRICS/Face_Morphing/MAD22/original_sorted/OpenCV/087_08-vs-135_08.jpg,087_08-vs-135_08.jpg,087_08-vs-135_08,087_08,135_08,087,135,/nas-ctm01/datasets/public/BIOMETRICS/Face_Morphing/MAD22/original_sorted/BonaFide/087_08.jpg,/nas-ctm01/datasets/public/BIOMETRICS/Face_Morphing/MAD22/original_sorted/BonaFide/135_08.jpg,545,98,165
416,MAD22,OpenCV,identity_disjoint_80_20,train,/nas-ctm01/datasets/public/BIOMETRICS/Face_Morphing/MAD22/original_sorted/OpenCV/087_08-vs-136_08.jpg,087_08-vs-136_08.jpg,087_08-vs-136_08,087_08,136_08,087,136,/nas-ctm01/datasets/public/BIOMETRICS/Face_Morphing/MAD22/original_sorted/BonaFide/087_08.jpg,/nas-ctm01/datasets/public/BIOMETRICS/Face_Morphing/MAD22/original_sorted/BonaFide/136_08.jpg,546,98,167
417,MAD22,OpenCV,identity_disjoint_80_20,train,/nas-ctm01/datasets/public/BIOMETRICS/Face_Morphing/MAD22/original_sorted/OpenCV/090_03-vs-102_03.jpg,090_03-vs-102_03.jpg,090_03-vs-102_03,090_03,102_03,090,102,/nas-ctm01/datasets/public/BIOMETRICS/Face_Morphing/MAD22/original_sorted/BonaFide/090_03.jpg,/nas-ctm01/datasets/public/BIOMETRICS/Face_Morphing/MAD22/original_sorted/BonaFide/102_03.jpg,547,99,115
418,MAD22,OpenCV,identity_disjoint_80_20,train,/nas-ctm01/datasets/public/BIOMETRICS/Face_Morphing/MAD22/original_sorted/OpenCV/090_03-vs-107_03.jpg,090_03-vs-107_03.jpg,090_03-vs-107_03,090_03,107_03,090,107,/nas-ctm01/datasets/public/BIOMETRICS/Face_Morphing/MAD22/original_sorted/BonaFide/090_03.jpg,/nas-ctm01/datasets/public/BIOMETRICS/Face_Morphing/MAD22/original_sorted/BonaFide/107_03.jpg,548,99,121
419,MAD22,OpenCV,identity_disjoint_80_20,train,/nas-ctm01/datasets/public/BIOMETRICS/Face_Morphing/MAD22/original_sorted/OpenCV/090_03-vs-122_03.jpg,090_03-vs-122_03.jpg,090_03-vs-122_03,090_03,122_03,090,122,/nas-ctm01/datasets/public/BIOMETRICS/Face_Morphing/MAD22/original_sorted/BonaFide/090_03.jpg,/nas-ctm01/datasets/public/BIOMETRICS/Face_Morphing/MAD22/original_sorted/BonaFide/122_03.jpg,549,99,141
420,MAD22,OpenCV,identity_disjoint_80_20,train,/nas-ctm01/datasets/public/BIOMETRICS/Face_Morphing/MAD22/original_sorted/OpenCV/090_03-vs-135_03.jpg,090_03-vs-135_03.jpg,090_03-vs-135_03,090_03,135_03,090,135,/nas-ctm01/datasets/public/BIOMETRICS/Face_Morphing/MAD22/original_sorted/BonaFide/090_03.jpg,/nas-ctm01/datasets/public/BIOMETRICS/Face_Morphing/MAD22/original_sorted/BonaFide/135_03.jpg,550,99,164
421,MAD22,OpenCV,identity_disjoint_80_20,train,/nas-ctm01/datasets/public/BIOMETRICS/Face_Morphing/MAD22/original_sorted/OpenCV/090_08-vs-097_08.jpg,090_08-vs-097_08.jpg,090_08-vs-097_08,090_08,097_08,090,097,/nas-ctm01/datasets/public/BIOMETRICS/Face_Morphing/MAD22/original_sorted/BonaFide/090_08.jpg,/nas-ctm01/datasets/public/BIOMETRICS/Face_Morphing/MAD22/original_sorted/BonaFide/097_08.jpg,551,100,109
422,MAD22,OpenCV,identity_disjoint_80_20,train,/nas-ctm01/datasets/public/BIOMETRICS/Face_Morphing/MAD22/original_sorted/OpenCV/090_08-vs-102_08.jpg,090_08-vs-102_08.jpg,090_08-vs-102_08,090_08,102_08,090,102,/nas-ctm01/datasets/public/BIOMETRICS/Face_Morphing/MAD22/original_sorted/BonaFide/090_08.jpg,/nas-ctm01/datasets/public/BIOMETRICS/Face_Morphing/MAD22/original_sorted/BonaFide/102_08.jpg,552,100,116
423,MAD22,OpenCV,identity_disjoint_80_20,train,/nas-ctm01/datasets/public/BIOMETRICS/Face_Morphing/MAD22/original_sorted/OpenCV/090_08-vs-107_08.jpg,090_08-vs-107_08.jpg,090_08-vs-107_08,090_08,107_08,090,107,/nas-ctm01/datasets/public/BIOMETRICS/Face_Morphing/MAD22/original_sorted/BonaFide/090_08.jpg,/nas-ctm01/datasets/public/BIOMETRICS/Face_Morphing/MAD22/original_sorted/BonaFide/107_08.jpg,553,100,122
424,MAD22,OpenCV,identity_disjoint_80_20,train,/nas-ctm01/datasets/public/BIOMETRICS/Face_Morphing/MAD22/original_sorted/OpenCV/090_08-vs-135_08.jpg,090_08-vs-135_08.jpg,090_08-vs-135_08,090_08,135_08,090,135,/nas-ctm01/datasets/public/BIOMETRICS/Face_Morphing/MAD22/original_sorted/BonaFide/090_08.jpg,/nas-ctm01/datasets/public/BIOMETRICS/Face_Morphing/MAD22/original_sorted/BonaFide/135_08.jpg,554,100,165
425,MAD22,OpenCV,identity_disjoint_80_20,train,/nas-ctm01/datasets/public/BIOMETRICS/Face_Morphing/MAD22/original_sorted/OpenCV/090_08-vs-136_08.jpg,090_08-vs-136_08.jpg,090_08-vs-136_08,090_08,136_08,090,136,/nas-ctm01/datasets/public/BIOMETRICS/Face_Morphing/MAD22/original_sorted/BonaFide/090_08.jpg,/nas-ctm01/datasets/public/BIOMETRICS/Face_Morphing/MAD22/original_sorted/BonaFide/136_08.jpg,555,100,167
426,MAD22,OpenCV,identity_disjoint_80_20,train,/nas-ctm01/datasets/public/BIOMETRICS/Face_Morphing/MAD22/original_sorted/OpenCV/091_08-vs-097_08.jpg,091_08-vs-097_08.jpg,091_08-vs-097_08,091_08,097_08,091,097,/nas-ctm01/datasets/public/BIOMETRICS/Face_Morphing/MAD22/original_sorted/BonaFide/091_08.jpg,/nas-ctm01/datasets/public/BIOMETRICS/Face_Morphing/MAD22/original_sorted/BonaFide/097_08.jpg,556,101,109
427,MAD22,OpenCV,identity_disjoint_80_20,train,/nas-ctm01/datasets/public/BIOMETRICS/Face_Morphing/MAD22/original_sorted/OpenCV/092_03-vs-104_03.jpg,092_03-vs-104_03.jpg,092_03-vs-104_03,092_03,104_03,092,104,/nas-ctm01/datasets/public/BIOMETRICS/Face_Morphing/MAD22/original_sorted/BonaFide/092_03.jpg,/nas-ctm01/datasets/public/BIOMETRICS/Face_Morphing/MAD22/original_sorted/BonaFide/104_03.jpg,557,102,119
428,MAD22,OpenCV,identity_disjoint_80_20,train,/nas-ctm01/datasets/public/BIOMETRICS/Face_Morphing/MAD22/original_sorted/OpenCV/092_03-vs-123_03.jpg,092_03-vs-123_03.jpg,092_03-vs-123_03,092_03,123_03,092,123,/nas-ctm01/datasets/public/BIOMETRICS/Face_Morphing/MAD22/original_sorted/BonaFide/092_03.jpg,/nas-ctm01/datasets/public/BIOMETRICS/Face_Morphing/MAD22/original_sorted/BonaFide/123_03.jpg,558,102,143
429,MAD22,OpenCV,identity_disjoint_80_20,train,/nas-ctm01/datasets/public/BIOMETRICS/Face_Morphing/MAD22/original_sorted/OpenCV/092_03-vs-128_03.jpg,092_03-vs-128_03.jpg,092_03-vs-128_03,092_03,128_03,092,128,/nas-ctm01/datasets/public/BIOMETRICS/Face_Morphing/MAD22/original_sorted/BonaFide/092_03.jpg,/nas-ctm01/datasets/public/BIOMETRICS/Face_Morphing/MAD22/original_sorted/BonaFide/128_03.jpg,559,102,152
430,MAD22,OpenCV,identity_disjoint_80_20,train,/nas-ctm01/datasets/public/BIOMETRICS/Face_Morphing/MAD22/original_sorted/OpenCV/092_08-vs-123_08.jpg,092_08-vs-123_08.jpg,092_08-vs-123_08,092_08,123_08,092,123,/nas-ctm01/datasets/public/BIOMETRICS/Face_Morphing/MAD22/original_sorted/BonaFide/092_08.jpg,/nas-ctm01/datasets/public/BIOMETRICS/Face_Morphing/MAD22/original_sorted/BonaFide/123_08.jpg,560,103,144
431,MAD22,OpenCV,identity_disjoint_80_20,train,/nas-ctm01/datasets/public/BIOMETRICS/Face_Morphing/MAD22/original_sorted/OpenCV/092_08-vs-128_08.jpg,092_08-vs-128_08.jpg,092_08-vs-128_08,092_08,128_08,092,128,/nas-ctm01/datasets/public/BIOMETRICS/Face_Morphing/MAD22/original_sorted/BonaFide/092_08.jpg,/nas-ctm01/datasets/public/BIOMETRICS/Face_Morphing/MAD22/original_sorted/BonaFide/128_08.jpg,561,103,153
432,MAD22,OpenCV,identity_disjoint_80_20,train,/nas-ctm01/datasets/public/BIOMETRICS/Face_Morphing/MAD22/original_sorted/OpenCV/092_08-vs-143_08.jpg,092_08-vs-143_08.jpg,092_08-vs-143_08,092_08,143_08,092,143,/nas-ctm01/datasets/public/BIOMETRICS/Face_Morphing/MAD22/original_sorted/BonaFide/092_08.jpg,/nas-ctm01/datasets/public/BIOMETRICS/Face_Morphing/MAD22/original_sorted/BonaFide/143_08.jpg,562,103,178
433,MAD22,OpenCV,identity_disjoint_80_20,train,/nas-ctm01/datasets/public/BIOMETRICS/Face_Morphing/MAD22/original_sorted/OpenCV/094_03-vs-099_03.jpg,094_03-vs-099_03.jpg,094_03-vs-099_03,094_03,099_03,094,099,/nas-ctm01/datasets/public/BIOMETRICS/Face_Morphing/MAD22/original_sorted/BonaFide/094_03.jpg,/nas-ctm01/datasets/public/BIOMETRICS/Face_Morphing/MAD22/original_sorted/BonaFide/099_03.jpg,563,104,110
434,MAD22,OpenCV,identity_disjoint_80_20,train,/nas-ctm01/datasets/public/BIOMETRICS/Face_Morphing/MAD22/original_sorted/OpenCV/094_03-vs-102_03.jpg,094_03-vs-102_03.jpg,094_03-vs-102_03,094_03,102_03,094,102,/nas-ctm01/datasets/public/BIOMETRICS/Face_Morphing/MAD22/original_sorted/BonaFide/094_03.jpg,/nas-ctm01/datasets/public/BIOMETRICS/Face_Morphing/MAD22/original_sorted/BonaFide/102_03.jpg,564,104,115
435,MAD22,OpenCV,identity_disjoint_80_20,train,/nas-ctm01/datasets/public/BIOMETRICS/Face_Morphing/MAD22/original_sorted/OpenCV/094_03-vs-124_03.jpg,094_03-vs-124_03.jpg,094_03-vs-124_03,094_03,124_03,094,124,/nas-ctm01/datasets/public/BIOMETRICS/Face_Morphing/MAD22/original_sorted/BonaFide/094_03.jpg,/nas-ctm01/datasets/public/BIOMETRICS/Face_Morphing/MAD22/original_sorted/BonaFide/124_03.jpg,565,104,145
436,MAD22,OpenCV,identity_disjoint_80_20,train,/nas-ctm01/datasets/public/BIOMETRICS/Face_Morphing/MAD22/original_sorted/OpenCV/094_03-vs-126_03.jpg,094_03-vs-126_03.jpg,094_03-vs-126_03,094_03,126_03,094,126,/nas-ctm01/datasets/public/BIOMETRICS/Face_Morphing/MAD22/original_sorted/BonaFide/094_03.jpg,/nas-ctm01/datasets/public/BIOMETRICS/Face_Morphing/MAD22/original_sorted/BonaFide/126_03.jpg,566,104,149
437,MAD22,OpenCV,identity_disjoint_80_20,train,/nas-ctm01/datasets/public/BIOMETRICS/Face_Morphing/MAD22/original_sorted/OpenCV/094_03-vs-139_03.jpg,094_03-vs-139_03.jpg,094_03-vs-139_03,094_03,139_03,094,139,/nas-ctm01/datasets/public/BIOMETRICS/Face_Morphing/MAD22/original_sorted/BonaFide/094_03.jpg,/nas-ctm01/datasets/public/BIOMETRICS/Face_Morphing/MAD22/original_sorted/BonaFide/139_03.jpg,567,104,170
438,MAD22,OpenCV,identity_disjoint_80_20,train,/nas-ctm01/datasets/public/BIOMETRICS/Face_Morphing/MAD22/original_sorted/OpenCV/094_08-vs-097_08.jpg,094_08-vs-097_08.jpg,094_08-vs-097_08,094_08,097_08,094,097,/nas-ctm01/datasets/public/BIOMETRICS/Face_Morphing/MAD22/original_sorted/BonaFide/094_08.jpg,/nas-ctm01/datasets/public/BIOMETRICS/Face_Morphing/MAD22/original_sorted/BonaFide/097_08.jpg,568,105,109
439,MAD22,OpenCV,identity_disjoint_80_20,train,/nas-ctm01/datasets/public/BIOMETRICS/Face_Morphing/MAD22/original_sorted/OpenCV/094_08-vs-099_08.jpg,094_08-vs-099_08.jpg,094_08-vs-099_08,094_08,099_08,094,099,/nas-ctm01/datasets/public/BIOMETRICS/Face_Morphing/MAD22/original_sorted/BonaFide/094_08.jpg,/nas-ctm01/datasets/public/BIOMETRICS/Face_Morphing/MAD22/original_sorted/BonaFide/099_08.jpg,569,105,111
440,MAD22,OpenCV,identity_disjoint_80_20,train,/nas-ctm01/datasets/public/BIOMETRICS/Face_Morphing/MAD22/original_sorted/OpenCV/094_08-vs-124_08.jpg,094_08-vs-124_08.jpg,094_08-vs-124_08,094_08,124_08,094,124,/nas-ctm01/datasets/public/BIOMETRICS/Face_Morphing/MAD22/original_sorted/BonaFide/094_08.jpg,/nas-ctm01/datasets/public/BIOMETRICS/Face_Morphing/MAD22/original_sorted/BonaFide/124_08.jpg,570,105,146
441,MAD22,OpenCV,identity_disjoint_80_20,train,/nas-ctm01/datasets/public/BIOMETRICS/Face_Morphing/MAD22/original_sorted/OpenCV/094_08-vs-126_08.jpg,094_08-vs-126_08.jpg,094_08-vs-126_08,094_08,126_08,094,126,/nas-ctm01/datasets/public/BIOMETRICS/Face_Morphing/MAD22/original_sorted/BonaFide/094_08.jpg,/nas-ctm01/datasets/public/BIOMETRICS/Face_Morphing/MAD22/original_sorted/BonaFide/126_08.jpg,571,105,150
442,MAD22,OpenCV,identity_disjoint_80_20,train,/nas-ctm01/datasets/public/BIOMETRICS/Face_Morphing/MAD22/original_sorted/OpenCV/094_08-vs-127_08.jpg,094_08-vs-127_08.jpg,094_08-vs-127_08,094_08,127_08,094,127,/nas-ctm01/datasets/public/BIOMETRICS/Face_Morphing/MAD22/original_sorted/BonaFide/094_08.jpg,/nas-ctm01/datasets/public/BIOMETRICS/Face_Morphing/MAD22/original_sorted/BonaFide/127_08.jpg,572,105,151
443,MAD22,OpenCV,identity_disjoint_80_20,train,/nas-ctm01/datasets/public/BIOMETRICS/Face_Morphing/MAD22/original_sorted/OpenCV/096_03-vs-104_03.jpg,096_03-vs-104_03.jpg,096_03-vs-104_03,096_03,104_03,096,104,/nas-ctm01/datasets/public/BIOMETRICS/Face_Morphing/MAD22/original_sorted/BonaFide/096_03.jpg,/nas-ctm01/datasets/public/BIOMETRICS/Face_Morphing/MAD22/original_sorted/BonaFide/104_03.jpg,573,106,119
444,MAD22,OpenCV,identity_disjoint_80_20,train,/nas-ctm01/datasets/public/BIOMETRICS/Face_Morphing/MAD22/original_sorted/OpenCV/096_03-vs-130_03.jpg,096_03-vs-130_03.jpg,096_03-vs-130_03,096_03,130_03,096,130,/nas-ctm01/datasets/public/BIOMETRICS/Face_Morphing/MAD22/original_sorted/BonaFide/096_03.jpg,/nas-ctm01/datasets/public/BIOMETRICS/Face_Morphing/MAD22/original_sorted/BonaFide/130_03.jpg,574,106,156
445,MAD22,OpenCV,identity_disjoint_80_20,train,/nas-ctm01/datasets/public/BIOMETRICS/Face_Morphing/MAD22/original_sorted/OpenCV/096_03-vs-141_03.jpg,096_03-vs-141_03.jpg,096_03-vs-141_03,096_03,141_03,096,141,/nas-ctm01/datasets/public/BIOMETRICS/Face_Morphing/MAD22/original_sorted/BonaFide/096_03.jpg,/nas-ctm01/datasets/public/BIOMETRICS/Face_Morphing/MAD22/original_sorted/BonaFide/141_03.jpg,576,106,173
446,MAD22,OpenCV,identity_disjoint_80_20,train,/nas-ctm01/datasets/public/BIOMETRICS/Face_Morphing/MAD22/original_sorted/OpenCV/096_08-vs-128_08.jpg,096_08-vs-128_08.jpg,096_08-vs-128_08,096_08,128_08,096,128,/nas-ctm01/datasets/public/BIOMETRICS/Face_Morphing/MAD22/original_sorted/BonaFide/096_08.jpg,/nas-ctm01/datasets/public/BIOMETRICS/Face_Morphing/MAD22/original_sorted/BonaFide/128_08.jpg,577,107,153
447,MAD22,OpenCV,identity_disjoint_80_20,train,/nas-ctm01/datasets/public/BIOMETRICS/Face_Morphing/MAD22/original_sorted/OpenCV/097_03-vs-099_03.jpg,097_03-vs-099_03.jpg,097_03-vs-099_03,097_03,099_03,097,099,/nas-ctm01/datasets/public/BIOMETRICS/Face_Morphing/MAD22/original_sorted/BonaFide/097_03.jpg,/nas-ctm01/datasets/public/BIOMETRICS/Face_Morphing/MAD22/original_sorted/BonaFide/099_03.jpg,578,108,110
448,MAD22,OpenCV,identity_disjoint_80_20,train,/nas-ctm01/datasets/public/BIOMETRICS/Face_Morphing/MAD22/original_sorted/OpenCV/097_03-vs-112_03.jpg,097_03-vs-112_03.jpg,097_03-vs-112_03,097_03,112_03,097,112,/nas-ctm01/datasets/public/BIOMETRICS/Face_Morphing/MAD22/original_sorted/BonaFide/097_03.jpg,/nas-ctm01/datasets/public/BIOMETRICS/Face_Morphing/MAD22/original_sorted/BonaFide/112_03.jpg,579,108,125
449,MAD22,OpenCV,identity_disjoint_80_20,train,/nas-ctm01/datasets/public/BIOMETRICS/Face_Morphing/MAD22/original_sorted/OpenCV/097_03-vs-118_03.jpg,097_03-vs-118_03.jpg,097_03-vs-118_03,097_03,118_03,097,118,/nas-ctm01/datasets/public/BIOMETRICS/Face_Morphing/MAD22/original_sorted/BonaFide/097_03.jpg,/nas-ctm01/datasets/public/BIOMETRICS/Face_Morphing/MAD22/original_sorted/BonaFide/118_03.jpg,580,108,133
450,MAD22,OpenCV,identity_disjoint_80_20,train,/nas-ctm01/datasets/public/BIOMETRICS/Face_Morphing/MAD22/original_sorted/OpenCV/097_03-vs-129_03.jpg,097_03-vs-129_03.jpg,097_03-vs-129_03,097_03,129_03,097,129,/nas-ctm01/datasets/public/BIOMETRICS/Face_Morphing/MAD22/original_sorted/BonaFide/097_03.jpg,/nas-ctm01/datasets/public/BIOMETRICS/Face_Morphing/MAD22/original_sorted/BonaFide/129_03.jpg,581,108,154
451,MAD22,OpenCV,identity_disjoint_80_20,train,/nas-ctm01/datasets/public/BIOMETRICS/Face_Morphing/MAD22/original_sorted/OpenCV/097_03-vs-135_03.jpg,097_03-vs-135_03.jpg,097_03-vs-135_03,097_03,135_03,097,135,/nas-ctm01/datasets/public/BIOMETRICS/Face_Morphing/MAD22/original_sorted/BonaFide/097_03.jpg,/nas-ctm01/datasets/public/BIOMETRICS/Face_Morphing/MAD22/original_sorted/BonaFide/135_03.jpg,582,108,164
452,MAD22,OpenCV,identity_disjoint_80_20,train,/nas-ctm01/datasets/public/BIOMETRICS/Face_Morphing/MAD22/original_sorted/OpenCV/097_03-vs-144_03.jpg,097_03-vs-144_03.jpg,097_03-vs-144_03,097_03,144_03,097,144,/nas-ctm01/datasets/public/BIOMETRICS/Face_Morphing/MAD22/original_sorted/BonaFide/097_03.jpg,/nas-ctm01/datasets/public/BIOMETRICS/Face_Morphing/MAD22/original_sorted/BonaFide/144_03.jpg,583,108,179
453,MAD22,OpenCV,identity_disjoint_80_20,train,/nas-ctm01/datasets/public/BIOMETRICS/Face_Morphing/MAD22/original_sorted/OpenCV/097_08-vs-102_08.jpg,097_08-vs-102_08.jpg,097_08-vs-102_08,097_08,102_08,097,102,/nas-ctm01/datasets/public/BIOMETRICS/Face_Morphing/MAD22/original_sorted/BonaFide/097_08.jpg,/nas-ctm01/datasets/public/BIOMETRICS/Face_Morphing/MAD22/original_sorted/BonaFide/102_08.jpg,584,109,116
454,MAD22,OpenCV,identity_disjoint_80_20,train,/nas-ctm01/datasets/public/BIOMETRICS/Face_Morphing/MAD22/original_sorted/OpenCV/097_08-vs-118_08.jpg,097_08-vs-118_08.jpg,097_08-vs-118_08,097_08,118_08,097,118,/nas-ctm01/datasets/public/BIOMETRICS/Face_Morphing/MAD22/original_sorted/BonaFide/097_08.jpg,/nas-ctm01/datasets/public/BIOMETRICS/Face_Morphing/MAD22/original_sorted/BonaFide/118_08.jpg,585,109,134
455,MAD22,OpenCV,identity_disjoint_80_20,train,/nas-ctm01/datasets/public/BIOMETRICS/Face_Morphing/MAD22/original_sorted/OpenCV/097_08-vs-120_08.jpg,097_08-vs-120_08.jpg,097_08-vs-120_08,097_08,120_08,097,120,/nas-ctm01/datasets/public/BIOMETRICS/Face_Morphing/MAD22/original_sorted/BonaFide/097_08.jpg,/nas-ctm01/datasets/public/BIOMETRICS/Face_Morphing/MAD22/original_sorted/BonaFide/120_08.jpg,586,109,138
456,MAD22,OpenCV,identity_disjoint_80_20,train,/nas-ctm01/datasets/public/BIOMETRICS/Face_Morphing/MAD22/original_sorted/OpenCV/097_08-vs-139_08.jpg,097_08-vs-139_08.jpg,097_08-vs-139_08,097_08,139_08,097,139,/nas-ctm01/datasets/public/BIOMETRICS/Face_Morphing/MAD22/original_sorted/BonaFide/097_08.jpg,/nas-ctm01/datasets/public/BIOMETRICS/Face_Morphing/MAD22/original_sorted/BonaFide/139_08.jpg,587,109,171
457,MAD22,OpenCV,identity_disjoint_80_20,train,/nas-ctm01/datasets/public/BIOMETRICS/Face_Morphing/MAD22/original_sorted/OpenCV/097_08-vs-144_08.jpg,097_08-vs-144_08.jpg,097_08-vs-144_08,097_08,144_08,097,144,/nas-ctm01/datasets/public/BIOMETRICS/Face_Morphing/MAD22/original_sorted/BonaFide/097_08.jpg,/nas-ctm01/datasets/public/BIOMETRICS/Face_Morphing/MAD22/original_sorted/BonaFide/144_08.jpg,588,109,180
458,MAD22,OpenCV,identity_disjoint_80_20,train,/nas-ctm01/datasets/public/BIOMETRICS/Face_Morphing/MAD22/original_sorted/OpenCV/099_03-vs-112_03.jpg,099_03-vs-112_03.jpg,099_03-vs-112_03,099_03,112_03,099,112,/nas-ctm01/datasets/public/BIOMETRICS/Face_Morphing/MAD22/original_sorted/BonaFide/099_03.jpg,/nas-ctm01/datasets/public/BIOMETRICS/Face_Morphing/MAD22/original_sorted/BonaFide/112_03.jpg,589,110,125
459,MAD22,OpenCV,identity_disjoint_80_20,train,/nas-ctm01/datasets/public/BIOMETRICS/Face_Morphing/MAD22/original_sorted/OpenCV/099_03-vs-122_03.jpg,099_03-vs-122_03.jpg,099_03-vs-122_03,099_03,122_03,099,122,/nas-ctm01/datasets/public/BIOMETRICS/Face_Morphing/MAD22/original_sorted/BonaFide/099_03.jpg,/nas-ctm01/datasets/public/BIOMETRICS/Face_Morphing/MAD22/original_sorted/BonaFide/122_03.jpg,590,110,141
460,MAD22,OpenCV,identity_disjoint_80_20,train,/nas-ctm01/datasets/public/BIOMETRICS/Face_Morphing/MAD22/original_sorted/OpenCV/099_03-vs-126_03.jpg,099_03-vs-126_03.jpg,099_03-vs-126_03,099_03,126_03,099,126,/nas-ctm01/datasets/public/BIOMETRICS/Face_Morphing/MAD22/original_sorted/BonaFide/099_03.jpg,/nas-ctm01/datasets/public/BIOMETRICS/Face_Morphing/MAD22/original_sorted/BonaFide/126_03.jpg,591,110,149
461,MAD22,OpenCV,identity_disjoint_80_20,train,/nas-ctm01/datasets/public/BIOMETRICS/Face_Morphing/MAD22/original_sorted/OpenCV/099_08-vs-126_08.jpg,099_08-vs-126_08.jpg,099_08-vs-126_08,099_08,126_08,099,126,/nas-ctm01/datasets/public/BIOMETRICS/Face_Morphing/MAD22/original_sorted/BonaFide/099_08.jpg,/nas-ctm01/datasets/public/BIOMETRICS/Face_Morphing/MAD22/original_sorted/BonaFide/126_08.jpg,592,111,150
462,MAD22,OpenCV,identity_disjoint_80_20,train,/nas-ctm01/datasets/public/BIOMETRICS/Face_Morphing/MAD22/original_sorted/OpenCV/100_03-vs-118_03.jpg,100_03-vs-118_03.jpg,100_03-vs-118_03,100_03,118_03,100,118,/nas-ctm01/datasets/public/BIOMETRICS/Face_Morphing/MAD22/original_sorted/BonaFide/100_03.jpg,/nas-ctm01/datasets/public/BIOMETRICS/Face_Morphing/MAD22/original_sorted/BonaFide/118_03.jpg,593,112,133
463,MAD22,OpenCV,identity_disjoint_80_20,train,/nas-ctm01/datasets/public/BIOMETRICS/Face_Morphing/MAD22/original_sorted/OpenCV/100_03-vs-122_03.jpg,100_03-vs-122_03.jpg,100_03-vs-122_03,100_03,122_03,100,122,/nas-ctm01/datasets/public/BIOMETRICS/Face_Morphing/MAD22/original_sorted/BonaFide/100_03.jpg,/nas-ctm01/datasets/public/BIOMETRICS/Face_Morphing/MAD22/original_sorted/BonaFide/122_03.jpg,594,112,141
464,MAD22,OpenCV,identity_disjoint_80_20,train,/nas-ctm01/datasets/public/BIOMETRICS/Face_Morphing/MAD22/original_sorted/OpenCV/102_03-vs-118_03.jpg,102_03-vs-118_03.jpg,102_03-vs-118_03,102_03,118_03,102,118,/nas-ctm01/datasets/public/BIOMETRICS/Face_Morphing/MAD22/original_sorted/BonaFide/102_03.jpg,/nas-ctm01/datasets/public/BIOMETRICS/Face_Morphing/MAD22/original_sorted/BonaFide/118_03.jpg,605,115,133
465,MAD22,OpenCV,identity_disjoint_80_20,train,/nas-ctm01/datasets/public/BIOMETRICS/Face_Morphing/MAD22/original_sorted/OpenCV/102_03-vs-136_03.jpg,102_03-vs-136_03.jpg,102_03-vs-136_03,102_03,136_03,102,136,/nas-ctm01/datasets/public/BIOMETRICS/Face_Morphing/MAD22/original_sorted/BonaFide/102_03.jpg,/nas-ctm01/datasets/public/BIOMETRICS/Face_Morphing/MAD22/original_sorted/BonaFide/136_03.jpg,606,115,166
466,MAD22,OpenCV,identity_disjoint_80_20,train,/nas-ctm01/datasets/public/BIOMETRICS/Face_Morphing/MAD22/original_sorted/OpenCV/102_03-vs-139_03.jpg,102_03-vs-139_03.jpg,102_03-vs-139_03,102_03,139_03,102,139,/nas-ctm01/datasets/public/BIOMETRICS/Face_Morphing/MAD22/original_sorted/BonaFide/102_03.jpg,/nas-ctm01/datasets/public/BIOMETRICS/Face_Morphing/MAD22/original_sorted/BonaFide/139_03.jpg,607,115,170
467,MAD22,OpenCV,identity_disjoint_80_20,train,/nas-ctm01/datasets/public/BIOMETRICS/Face_Morphing/MAD22/original_sorted/OpenCV/102_03-vs-144_03.jpg,102_03-vs-144_03.jpg,102_03-vs-144_03,102_03,144_03,102,144,/nas-ctm01/datasets/public/BIOMETRICS/Face_Morphing/MAD22/original_sorted/BonaFide/102_03.jpg,/nas-ctm01/datasets/public/BIOMETRICS/Face_Morphing/MAD22/original_sorted/BonaFide/144_03.jpg,608,115,179
468,MAD22,OpenCV,identity_disjoint_80_20,train,/nas-ctm01/datasets/public/BIOMETRICS/Face_Morphing/MAD22/original_sorted/OpenCV/102_08-vs-107_08.jpg,102_08-vs-107_08.jpg,102_08-vs-107_08,102_08,107_08,102,107,/nas-ctm01/datasets/public/BIOMETRICS/Face_Morphing/MAD22/original_sorted/BonaFide/102_08.jpg,/nas-ctm01/datasets/public/BIOMETRICS/Face_Morphing/MAD22/original_sorted/BonaFide/107_08.jpg,609,116,122
469,MAD22,OpenCV,identity_disjoint_80_20,train,/nas-ctm01/datasets/public/BIOMETRICS/Face_Morphing/MAD22/original_sorted/OpenCV/102_08-vs-118_08.jpg,102_08-vs-118_08.jpg,102_08-vs-118_08,102_08,118_08,102,118,/nas-ctm01/datasets/public/BIOMETRICS/Face_Morphing/MAD22/original_sorted/BonaFide/102_08.jpg,/nas-ctm01/datasets/public/BIOMETRICS/Face_Morphing/MAD22/original_sorted/BonaFide/118_08.jpg,610,116,134
470,MAD22,OpenCV,identity_disjoint_80_20,train,/nas-ctm01/datasets/public/BIOMETRICS/Face_Morphing/MAD22/original_sorted/OpenCV/102_08-vs-122_08.jpg,102_08-vs-122_08.jpg,102_08-vs-122_08,102_08,122_08,102,122,/nas-ctm01/datasets/public/BIOMETRICS/Face_Morphing/MAD22/original_sorted/BonaFide/102_08.jpg,/nas-ctm01/datasets/public/BIOMETRICS/Face_Morphing/MAD22/original_sorted/BonaFide/122_08.jpg,611,116,142
471,MAD22,OpenCV,identity_disjoint_80_20,train,/nas-ctm01/datasets/public/BIOMETRICS/Face_Morphing/MAD22/original_sorted/OpenCV/102_08-vs-124_08.jpg,102_08-vs-124_08.jpg,102_08-vs-124_08,102_08,124_08,102,124,/nas-ctm01/datasets/public/BIOMETRICS/Face_Morphing/MAD22/original_sorted/BonaFide/102_08.jpg,/nas-ctm01/datasets/public/BIOMETRICS/Face_Morphing/MAD22/original_sorted/BonaFide/124_08.jpg,612,116,146
472,MAD22,OpenCV,identity_disjoint_80_20,train,/nas-ctm01/datasets/public/BIOMETRICS/Face_Morphing/MAD22/original_sorted/OpenCV/102_08-vs-136_08.jpg,102_08-vs-136_08.jpg,102_08-vs-136_08,102_08,136_08,102,136,/nas-ctm01/datasets/public/BIOMETRICS/Face_Morphing/MAD22/original_sorted/BonaFide/102_08.jpg,/nas-ctm01/datasets/public/BIOMETRICS/Face_Morphing/MAD22/original_sorted/BonaFide/136_08.jpg,613,116,167
473,MAD22,OpenCV,identity_disjoint_80_20,train,/nas-ctm01/datasets/public/BIOMETRICS/Face_Morphing/MAD22/original_sorted/OpenCV/102_08-vs-139_08.jpg,102_08-vs-139_08.jpg,102_08-vs-139_08,102_08,139_08,102,139,/nas-ctm01/datasets/public/BIOMETRICS/Face_Morphing/MAD22/original_sorted/BonaFide/102_08.jpg,/nas-ctm01/datasets/public/BIOMETRICS/Face_Morphing/MAD22/original_sorted/BonaFide/139_08.jpg,614,116,171
474,MAD22,OpenCV,identity_disjoint_80_20,train,/nas-ctm01/datasets/public/BIOMETRICS/Face_Morphing/MAD22/original_sorted/OpenCV/102_08-vs-144_08.jpg,102_08-vs-144_08.jpg,102_08-vs-144_08,102_08,144_08,102,144,/nas-ctm01/datasets/public/BIOMETRICS/Face_Morphing/MAD22/original_sorted/BonaFide/102_08.jpg,/nas-ctm01/datasets/public/BIOMETRICS/Face_Morphing/MAD22/original_sorted/BonaFide/144_08.jpg,615,116,180
475,MAD22,OpenCV,identity_disjoint_80_20,train,/nas-ctm01/datasets/public/BIOMETRICS/Face_Morphing/MAD22/original_sorted/OpenCV/103_03-vs-108_03.jpg,103_03-vs-108_03.jpg,103_03-vs-108_03,103_03,108_03,103,108,/nas-ctm01/datasets/public/BIOMETRICS/Face_Morphing/MAD22/original_sorted/BonaFide/103_03.jpg,/nas-ctm01/datasets/public/BIOMETRICS/Face_Morphing/MAD22/original_sorted/BonaFide/108_03.jpg,616,117,123
476,MAD22,OpenCV,identity_disjoint_80_20,train,/nas-ctm01/datasets/public/BIOMETRICS/Face_Morphing/MAD22/original_sorted/OpenCV/103_03-vs-128_03.jpg,103_03-vs-128_03.jpg,103_03-vs-128_03,103_03,128_03,103,128,/nas-ctm01/datasets/public/BIOMETRICS/Face_Morphing/MAD22/original_sorted/BonaFide/103_03.jpg,/nas-ctm01/datasets/public/BIOMETRICS/Face_Morphing/MAD22/original_sorted/BonaFide/128_03.jpg,617,117,152
477,MAD22,OpenCV,identity_disjoint_80_20,train,/nas-ctm01/datasets/public/BIOMETRICS/Face_Morphing/MAD22/original_sorted/OpenCV/103_03-vs-143_03.jpg,103_03-vs-143_03.jpg,103_03-vs-143_03,103_03,143_03,103,143,/nas-ctm01/datasets/public/BIOMETRICS/Face_Morphing/MAD22/original_sorted/BonaFide/103_03.jpg,/nas-ctm01/datasets/public/BIOMETRICS/Face_Morphing/MAD22/original_sorted/BonaFide/143_03.jpg,618,117,177
478,MAD22,OpenCV,identity_disjoint_80_20,train,/nas-ctm01/datasets/public/BIOMETRICS/Face_Morphing/MAD22/original_sorted/OpenCV/103_08-vs-108_08.jpg,103_08-vs-108_08.jpg,103_08-vs-108_08,103_08,108_08,103,108,/nas-ctm01/datasets/public/BIOMETRICS/Face_Morphing/MAD22/original_sorted/BonaFide/103_08.jpg,/nas-ctm01/datasets/public/BIOMETRICS/Face_Morphing/MAD22/original_sorted/BonaFide/108_08.jpg,619,118,124
479,MAD22,OpenCV,identity_disjoint_80_20,train,/nas-ctm01/datasets/public/BIOMETRICS/Face_Morphing/MAD22/original_sorted/OpenCV/103_08-vs-128_08.jpg,103_08-vs-128_08.jpg,103_08-vs-128_08,103_08,128_08,103,128,/nas-ctm01/datasets/public/BIOMETRICS/Face_Morphing/MAD22/original_sorted/BonaFide/103_08.jpg,/nas-ctm01/datasets/public/BIOMETRICS/Face_Morphing/MAD22/original_sorted/BonaFide/128_08.jpg,620,118,153
480,MAD22,OpenCV,identity_disjoint_80_20,train,/nas-ctm01/datasets/public/BIOMETRICS/Face_Morphing/MAD22/original_sorted/OpenCV/104_03-vs-123_03.jpg,104_03-vs-123_03.jpg,104_03-vs-123_03,104_03,123_03,104,123,/nas-ctm01/datasets/public/BIOMETRICS/Face_Morphing/MAD22/original_sorted/BonaFide/104_03.jpg,/nas-ctm01/datasets/public/BIOMETRICS/Face_Morphing/MAD22/original_sorted/BonaFide/123_03.jpg,621,119,143
481,MAD22,OpenCV,identity_disjoint_80_20,train,/nas-ctm01/datasets/public/BIOMETRICS/Face_Morphing/MAD22/original_sorted/OpenCV/104_03-vs-130_03.jpg,104_03-vs-130_03.jpg,104_03-vs-130_03,104_03,130_03,104,130,/nas-ctm01/datasets/public/BIOMETRICS/Face_Morphing/MAD22/original_sorted/BonaFide/104_03.jpg,/nas-ctm01/datasets/public/BIOMETRICS/Face_Morphing/MAD22/original_sorted/BonaFide/130_03.jpg,622,119,156
482,MAD22,OpenCV,identity_disjoint_80_20,train,/nas-ctm01/datasets/public/BIOMETRICS/Face_Morphing/MAD22/original_sorted/OpenCV/104_03-vs-141_03.jpg,104_03-vs-141_03.jpg,104_03-vs-141_03,104_03,141_03,104,141,/nas-ctm01/datasets/public/BIOMETRICS/Face_Morphing/MAD22/original_sorted/BonaFide/104_03.jpg,/nas-ctm01/datasets/public/BIOMETRICS/Face_Morphing/MAD22/original_sorted/BonaFide/141_03.jpg,623,119,173
483,MAD22,OpenCV,identity_disjoint_80_20,train,/nas-ctm01/datasets/public/BIOMETRICS/Face_Morphing/MAD22/original_sorted/OpenCV/107_08-vs-118_08.jpg,107_08-vs-118_08.jpg,107_08-vs-118_08,107_08,118_08,107,118,/nas-ctm01/datasets/public/BIOMETRICS/Face_Morphing/MAD22/original_sorted/BonaFide/107_08.jpg,/nas-ctm01/datasets/public/BIOMETRICS/Face_Morphing/MAD22/original_sorted/BonaFide/118_08.jpg,627,122,134
484,MAD22,OpenCV,identity_disjoint_80_20,train,/nas-ctm01/datasets/public/BIOMETRICS/Face_Morphing/MAD22/original_sorted/OpenCV/108_03-vs-128_03.jpg,108_03-vs-128_03.jpg,108_03-vs-128_03,108_03,128_03,108,128,/nas-ctm01/datasets/public/BIOMETRICS/Face_Morphing/MAD22/original_sorted/BonaFide/108_03.jpg,/nas-ctm01/datasets/public/BIOMETRICS/Face_Morphing/MAD22/original_sorted/BonaFide/128_03.jpg,628,123,152
485,MAD22,OpenCV,identity_disjoint_80_20,train,/nas-ctm01/datasets/public/BIOMETRICS/Face_Morphing/MAD22/original_sorted/OpenCV/108_03-vs-142_03.jpg,108_03-vs-142_03.jpg,108_03-vs-142_03,108_03,142_03,108,142,/nas-ctm01/datasets/public/BIOMETRICS/Face_Morphing/MAD22/original_sorted/BonaFide/108_03.jpg,/nas-ctm01/datasets/public/BIOMETRICS/Face_Morphing/MAD22/original_sorted/BonaFide/142_03.jpg,629,123,175
486,MAD22,OpenCV,identity_disjoint_80_20,train,/nas-ctm01/datasets/public/BIOMETRICS/Face_Morphing/MAD22/original_sorted/OpenCV/108_03-vs-143_03.jpg,108_03-vs-143_03.jpg,108_03-vs-143_03,108_03,143_03,108,143,/nas-ctm01/datasets/public/BIOMETRICS/Face_Morphing/MAD22/original_sorted/BonaFide/108_03.jpg,/nas-ctm01/datasets/public/BIOMETRICS/Face_Morphing/MAD22/original_sorted/BonaFide/143_03.jpg,630,123,177
487,MAD22,OpenCV,identity_disjoint_80_20,train,/nas-ctm01/datasets/public/BIOMETRICS/Face_Morphing/MAD22/original_sorted/OpenCV/108_08-vs-128_08.jpg,108_08-vs-128_08.jpg,108_08-vs-128_08,108_08,128_08,108,128,/nas-ctm01/datasets/public/BIOMETRICS/Face_Morphing/MAD22/original_sorted/BonaFide/108_08.jpg,/nas-ctm01/datasets/public/BIOMETRICS/Face_Morphing/MAD22/original_sorted/BonaFide/128_08.jpg,631,124,153
488,MAD22,OpenCV,identity_disjoint_80_20,train,/nas-ctm01/datasets/public/BIOMETRICS/Face_Morphing/MAD22/original_sorted/OpenCV/108_08-vs-143_08.jpg,108_08-vs-143_08.jpg,108_08-vs-143_08,108_08,143_08,108,143,/nas-ctm01/datasets/public/BIOMETRICS/Face_Morphing/MAD22/original_sorted/BonaFide/108_08.jpg,/nas-ctm01/datasets/public/BIOMETRICS/Face_Morphing/MAD22/original_sorted/BonaFide/143_08.jpg,632,124,178
489,MAD22,OpenCV,identity_disjoint_80_20,train,/nas-ctm01/datasets/public/BIOMETRICS/Face_Morphing/MAD22/original_sorted/OpenCV/112_03-vs-122_03.jpg,112_03-vs-122_03.jpg,112_03-vs-122_03,112_03,122_03,112,122,/nas-ctm01/datasets/public/BIOMETRICS/Face_Morphing/MAD22/original_sorted/BonaFide/112_03.jpg,/nas-ctm01/datasets/public/BIOMETRICS/Face_Morphing/MAD22/original_sorted/BonaFide/122_03.jpg,633,125,141
490,MAD22,OpenCV,identity_disjoint_80_20,train,/nas-ctm01/datasets/public/BIOMETRICS/Face_Morphing/MAD22/original_sorted/OpenCV/112_03-vs-129_03.jpg,112_03-vs-129_03.jpg,112_03-vs-129_03,112_03,129_03,112,129,/nas-ctm01/datasets/public/BIOMETRICS/Face_Morphing/MAD22/original_sorted/BonaFide/112_03.jpg,/nas-ctm01/datasets/public/BIOMETRICS/Face_Morphing/MAD22/original_sorted/BonaFide/129_03.jpg,634,125,154
491,MAD22,OpenCV,identity_disjoint_80_20,train,/nas-ctm01/datasets/public/BIOMETRICS/Face_Morphing/MAD22/original_sorted/OpenCV/112_03-vs-134_03.jpg,112_03-vs-134_03.jpg,112_03-vs-134_03,112_03,134_03,112,134,/nas-ctm01/datasets/public/BIOMETRICS/Face_Morphing/MAD22/original_sorted/BonaFide/112_03.jpg,/nas-ctm01/datasets/public/BIOMETRICS/Face_Morphing/MAD22/original_sorted/BonaFide/134_03.jpg,635,125,162
492,MAD22,OpenCV,identity_disjoint_80_20,train,/nas-ctm01/datasets/public/BIOMETRICS/Face_Morphing/MAD22/original_sorted/OpenCV/112_03-vs-139_03.jpg,112_03-vs-139_03.jpg,112_03-vs-139_03,112_03,139_03,112,139,/nas-ctm01/datasets/public/BIOMETRICS/Face_Morphing/MAD22/original_sorted/BonaFide/112_03.jpg,/nas-ctm01/datasets/public/BIOMETRICS/Face_Morphing/MAD22/original_sorted/BonaFide/139_03.jpg,636,125,170
493,MAD22,OpenCV,identity_disjoint_80_20,train,/nas-ctm01/datasets/public/BIOMETRICS/Face_Morphing/MAD22/original_sorted/OpenCV/113_03-vs-118_03.jpg,113_03-vs-118_03.jpg,113_03-vs-118_03,113_03,118_03,113,118,/nas-ctm01/datasets/public/BIOMETRICS/Face_Morphing/MAD22/original_sorted/BonaFide/113_03.jpg,/nas-ctm01/datasets/public/BIOMETRICS/Face_Morphing/MAD22/original_sorted/BonaFide/118_03.jpg,637,127,133
494,MAD22,OpenCV,identity_disjoint_80_20,train,/nas-ctm01/datasets/public/BIOMETRICS/Face_Morphing/MAD22/original_sorted/OpenCV/113_08-vs-118_08.jpg,113_08-vs-118_08.jpg,113_08-vs-118_08,113_08,118_08,113,118,/nas-ctm01/datasets/public/BIOMETRICS/Face_Morphing/MAD22/original_sorted/BonaFide/113_08.jpg,/nas-ctm01/datasets/public/BIOMETRICS/Face_Morphing/MAD22/original_sorted/BonaFide/118_08.jpg,638,128,134
495,MAD22,OpenCV,identity_disjoint_80_20,train,/nas-ctm01/datasets/public/BIOMETRICS/Face_Morphing/MAD22/original_sorted/OpenCV/113_08-vs-139_08.jpg,113_08-vs-139_08.jpg,113_08-vs-139_08,113_08,139_08,113,139,/nas-ctm01/datasets/public/BIOMETRICS/Face_Morphing/MAD22/original_sorted/BonaFide/113_08.jpg,/nas-ctm01/datasets/public/BIOMETRICS/Face_Morphing/MAD22/original_sorted/BonaFide/139_08.jpg,639,128,171
496,MAD22,OpenCV,identity_disjoint_80_20,train,/nas-ctm01/datasets/public/BIOMETRICS/Face_Morphing/MAD22/original_sorted/OpenCV/114_08-vs-128_08.jpg,114_08-vs-128_08.jpg,114_08-vs-128_08,114_08,128_08,114,128,/nas-ctm01/datasets/public/BIOMETRICS/Face_Morphing/MAD22/original_sorted/BonaFide/114_08.jpg,/nas-ctm01/datasets/public/BIOMETRICS/Face_Morphing/MAD22/original_sorted/BonaFide/128_08.jpg,640,129,153
497,MAD22,OpenCV,identity_disjoint_80_20,train,/nas-ctm01/datasets/public/BIOMETRICS/Face_Morphing/MAD22/original_sorted/OpenCV/115_03-vs-123_03.jpg,115_03-vs-123_03.jpg,115_03-vs-123_03,115_03,123_03,115,123,/nas-ctm01/datasets/public/BIOMETRICS/Face_Morphing/MAD22/original_sorted/BonaFide/115_03.jpg,/nas-ctm01/datasets/public/BIOMETRICS/Face_Morphing/MAD22/original_sorted/BonaFide/123_03.jpg,641,130,143
498,MAD22,OpenCV,identity_disjoint_80_20,train,/nas-ctm01/datasets/public/BIOMETRICS/Face_Morphing/MAD22/original_sorted/OpenCV/115_03-vs-125_03.jpg,115_03-vs-125_03.jpg,115_03-vs-125_03,115_03,125_03,115,125,/nas-ctm01/datasets/public/BIOMETRICS/Face_Morphing/MAD22/original_sorted/BonaFide/115_03.jpg,/nas-ctm01/datasets/public/BIOMETRICS/Face_Morphing/MAD22/original_sorted/BonaFide/125_03.jpg,642,130,147
499,MAD22,OpenCV,identity_disjoint_80_20,train,/nas-ctm01/datasets/public/BIOMETRICS/Face_Morphing/MAD22/original_sorted/OpenCV/115_03-vs-142_03.jpg,115_03-vs-142_03.jpg,115_03-vs-142_03,115_03,142_03,115,142,/nas-ctm01/datasets/public/BIOMETRICS/Face_Morphing/MAD22/original_sorted/BonaFide/115_03.jpg,/nas-ctm01/datasets/public/BIOMETRICS/Face_Morphing/MAD22/original_sorted/BonaFide/142_03.jpg,643,130,175
500,MAD22,OpenCV,identity_disjoint_80_20,train,/nas-ctm01/datasets/public/BIOMETRICS/Face_Morphing/MAD22/original_sorted/OpenCV/115_08-vs-125_08.jpg,115_08-vs-125_08.jpg,115_08-vs-125_08,115_08,125_08,115,125,/nas-ctm01/datasets/public/BIOMETRICS/Face_Morphing/MAD22/original_sorted/BonaFide/115_08.jpg,/nas-ctm01/datasets/public/BIOMETRICS/Face_Morphing/MAD22/original_sorted/BonaFide/125_08.jpg,644,131,148
501,MAD22,OpenCV,identity_disjoint_80_20,train,/nas-ctm01/datasets/public/BIOMETRICS/Face_Morphing/MAD22/original_sorted/OpenCV/115_08-vs-132_08.jpg,115_08-vs-132_08.jpg,115_08-vs-132_08,115_08,132_08,115,132,/nas-ctm01/datasets/public/BIOMETRICS/Face_Morphing/MAD22/original_sorted/BonaFide/115_08.jpg,/nas-ctm01/datasets/public/BIOMETRICS/Face_Morphing/MAD22/original_sorted/BonaFide/132_08.jpg,645,131,161
502,MAD22,OpenCV,identity_disjoint_80_20,train,/nas-ctm01/datasets/public/BIOMETRICS/Face_Morphing/MAD22/original_sorted/OpenCV/118_08-vs-139_08.jpg,118_08-vs-139_08.jpg,118_08-vs-139_08,118_08,139_08,118,139,/nas-ctm01/datasets/public/BIOMETRICS/Face_Morphing/MAD22/original_sorted/BonaFide/118_08.jpg,/nas-ctm01/datasets/public/BIOMETRICS/Face_Morphing/MAD22/original_sorted/BonaFide/139_08.jpg,650,134,171
503,MAD22,OpenCV,identity_disjoint_80_20,train,/nas-ctm01/datasets/public/BIOMETRICS/Face_Morphing/MAD22/original_sorted/OpenCV/118_08-vs-144_08.jpg,118_08-vs-144_08.jpg,118_08-vs-144_08,118_08,144_08,118,144,/nas-ctm01/datasets/public/BIOMETRICS/Face_Morphing/MAD22/original_sorted/BonaFide/118_08.jpg,/nas-ctm01/datasets/public/BIOMETRICS/Face_Morphing/MAD22/original_sorted/BonaFide/144_08.jpg,651,134,180
504,MAD22,OpenCV,identity_disjoint_80_20,train,/nas-ctm01/datasets/public/BIOMETRICS/Face_Morphing/MAD22/original_sorted/OpenCV/120_03-vs-136_03.jpg,120_03-vs-136_03.jpg,120_03-vs-136_03,120_03,136_03,120,136,/nas-ctm01/datasets/public/BIOMETRICS/Face_Morphing/MAD22/original_sorted/BonaFide/120_03.jpg,/nas-ctm01/datasets/public/BIOMETRICS/Face_Morphing/MAD22/original_sorted/BonaFide/136_03.jpg,654,137,166
505,MAD22,OpenCV,identity_disjoint_80_20,train,/nas-ctm01/datasets/public/BIOMETRICS/Face_Morphing/MAD22/original_sorted/OpenCV/120_03-vs-144_03.jpg,120_03-vs-144_03.jpg,120_03-vs-144_03,120_03,144_03,120,144,/nas-ctm01/datasets/public/BIOMETRICS/Face_Morphing/MAD22/original_sorted/BonaFide/120_03.jpg,/nas-ctm01/datasets/public/BIOMETRICS/Face_Morphing/MAD22/original_sorted/BonaFide/144_03.jpg,655,137,179
506,MAD22,OpenCV,identity_disjoint_80_20,train,/nas-ctm01/datasets/public/BIOMETRICS/Face_Morphing/MAD22/original_sorted/OpenCV/120_08-vs-135_08.jpg,120_08-vs-135_08.jpg,120_08-vs-135_08,120_08,135_08,120,135,/nas-ctm01/datasets/public/BIOMETRICS/Face_Morphing/MAD22/original_sorted/BonaFide/120_08.jpg,/nas-ctm01/datasets/public/BIOMETRICS/Face_Morphing/MAD22/original_sorted/BonaFide/135_08.jpg,656,138,165
507,MAD22,OpenCV,identity_disjoint_80_20,train,/nas-ctm01/datasets/public/BIOMETRICS/Face_Morphing/MAD22/original_sorted/OpenCV/120_08-vs-136_08.jpg,120_08-vs-136_08.jpg,120_08-vs-136_08,120_08,136_08,120,136,/nas-ctm01/datasets/public/BIOMETRICS/Face_Morphing/MAD22/original_sorted/BonaFide/120_08.jpg,/nas-ctm01/datasets/public/BIOMETRICS/Face_Morphing/MAD22/original_sorted/BonaFide/136_08.jpg,657,138,167
508,MAD22,OpenCV,identity_disjoint_80_20,train,/nas-ctm01/datasets/public/BIOMETRICS/Face_Morphing/MAD22/original_sorted/OpenCV/120_08-vs-144_08.jpg,120_08-vs-144_08.jpg,120_08-vs-144_08,120_08,144_08,120,144,/nas-ctm01/datasets/public/BIOMETRICS/Face_Morphing/MAD22/original_sorted/BonaFide/120_08.jpg,/nas-ctm01/datasets/public/BIOMETRICS/Face_Morphing/MAD22/original_sorted/BonaFide/144_08.jpg,658,138,180
509,MAD22,OpenCV,identity_disjoint_80_20,train,/nas-ctm01/datasets/public/BIOMETRICS/Face_Morphing/MAD22/original_sorted/OpenCV/122_03-vs-129_03.jpg,122_03-vs-129_03.jpg,122_03-vs-129_03,122_03,129_03,122,129,/nas-ctm01/datasets/public/BIOMETRICS/Face_Morphing/MAD22/original_sorted/BonaFide/122_03.jpg,/nas-ctm01/datasets/public/BIOMETRICS/Face_Morphing/MAD22/original_sorted/BonaFide/129_03.jpg,663,141,154
510,MAD22,OpenCV,identity_disjoint_80_20,train,/nas-ctm01/datasets/public/BIOMETRICS/Face_Morphing/MAD22/original_sorted/OpenCV/122_03-vs-139_03.jpg,122_03-vs-139_03.jpg,122_03-vs-139_03,122_03,139_03,122,139,/nas-ctm01/datasets/public/BIOMETRICS/Face_Morphing/MAD22/original_sorted/BonaFide/122_03.jpg,/nas-ctm01/datasets/public/BIOMETRICS/Face_Morphing/MAD22/original_sorted/BonaFide/139_03.jpg,664,141,170
511,MAD22,OpenCV,identity_disjoint_80_20,train,/nas-ctm01/datasets/public/BIOMETRICS/Face_Morphing/MAD22/original_sorted/OpenCV/122_08-vs-129_08.jpg,122_08-vs-129_08.jpg,122_08-vs-129_08,122_08,129_08,122,129,/nas-ctm01/datasets/public/BIOMETRICS/Face_Morphing/MAD22/original_sorted/BonaFide/122_08.jpg,/nas-ctm01/datasets/public/BIOMETRICS/Face_Morphing/MAD22/original_sorted/BonaFide/129_08.jpg,665,142,155
512,MAD22,OpenCV,identity_disjoint_80_20,train,/nas-ctm01/datasets/public/BIOMETRICS/Face_Morphing/MAD22/original_sorted/OpenCV/122_08-vs-139_08.jpg,122_08-vs-139_08.jpg,122_08-vs-139_08,122_08,139_08,122,139,/nas-ctm01/datasets/public/BIOMETRICS/Face_Morphing/MAD22/original_sorted/BonaFide/122_08.jpg,/nas-ctm01/datasets/public/BIOMETRICS/Face_Morphing/MAD22/original_sorted/BonaFide/139_08.jpg,666,142,171
513,MAD22,OpenCV,identity_disjoint_80_20,train,/nas-ctm01/datasets/public/BIOMETRICS/Face_Morphing/MAD22/original_sorted/OpenCV/123_03-vs-130_03.jpg,123_03-vs-130_03.jpg,123_03-vs-130_03,123_03,130_03,123,130,/nas-ctm01/datasets/public/BIOMETRICS/Face_Morphing/MAD22/original_sorted/BonaFide/123_03.jpg,/nas-ctm01/datasets/public/BIOMETRICS/Face_Morphing/MAD22/original_sorted/BonaFide/130_03.jpg,667,143,156
514,MAD22,OpenCV,identity_disjoint_80_20,train,/nas-ctm01/datasets/public/BIOMETRICS/Face_Morphing/MAD22/original_sorted/OpenCV/123_03-vs-131_03.jpg,123_03-vs-131_03.jpg,123_03-vs-131_03,123_03,131_03,123,131,/nas-ctm01/datasets/public/BIOMETRICS/Face_Morphing/MAD22/original_sorted/BonaFide/123_03.jpg,/nas-ctm01/datasets/public/BIOMETRICS/Face_Morphing/MAD22/original_sorted/BonaFide/131_03.jpg,668,143,158
515,MAD22,OpenCV,identity_disjoint_80_20,train,/nas-ctm01/datasets/public/BIOMETRICS/Face_Morphing/MAD22/original_sorted/OpenCV/123_03-vs-138_03.jpg,123_03-vs-138_03.jpg,123_03-vs-138_03,123_03,138_03,123,138,/nas-ctm01/datasets/public/BIOMETRICS/Face_Morphing/MAD22/original_sorted/BonaFide/123_03.jpg,/nas-ctm01/datasets/public/BIOMETRICS/Face_Morphing/MAD22/original_sorted/BonaFide/138_03.jpg,669,143,169
516,MAD22,OpenCV,identity_disjoint_80_20,train,/nas-ctm01/datasets/public/BIOMETRICS/Face_Morphing/MAD22/original_sorted/OpenCV/123_03-vs-142_03.jpg,123_03-vs-142_03.jpg,123_03-vs-142_03,123_03,142_03,123,142,/nas-ctm01/datasets/public/BIOMETRICS/Face_Morphing/MAD22/original_sorted/BonaFide/123_03.jpg,/nas-ctm01/datasets/public/BIOMETRICS/Face_Morphing/MAD22/original_sorted/BonaFide/142_03.jpg,670,143,175
517,MAD22,OpenCV,identity_disjoint_80_20,train,/nas-ctm01/datasets/public/BIOMETRICS/Face_Morphing/MAD22/original_sorted/OpenCV/124_03-vs-126_03.jpg,124_03-vs-126_03.jpg,124_03-vs-126_03,124_03,126_03,124,126,/nas-ctm01/datasets/public/BIOMETRICS/Face_Morphing/MAD22/original_sorted/BonaFide/124_03.jpg,/nas-ctm01/datasets/public/BIOMETRICS/Face_Morphing/MAD22/original_sorted/BonaFide/126_03.jpg,672,145,149
518,MAD22,OpenCV,identity_disjoint_80_20,train,/nas-ctm01/datasets/public/BIOMETRICS/Face_Morphing/MAD22/original_sorted/OpenCV/124_03-vs-136_03.jpg,124_03-vs-136_03.jpg,124_03-vs-136_03,124_03,136_03,124,136,/nas-ctm01/datasets/public/BIOMETRICS/Face_Morphing/MAD22/original_sorted/BonaFide/124_03.jpg,/nas-ctm01/datasets/public/BIOMETRICS/Face_Morphing/MAD22/original_sorted/BonaFide/136_03.jpg,673,145,166
519,MAD22,OpenCV,identity_disjoint_80_20,train,/nas-ctm01/datasets/public/BIOMETRICS/Face_Morphing/MAD22/original_sorted/OpenCV/124_08-vs-126_08.jpg,124_08-vs-126_08.jpg,124_08-vs-126_08,124_08,126_08,124,126,/nas-ctm01/datasets/public/BIOMETRICS/Face_Morphing/MAD22/original_sorted/BonaFide/124_08.jpg,/nas-ctm01/datasets/public/BIOMETRICS/Face_Morphing/MAD22/original_sorted/BonaFide/126_08.jpg,674,146,150
520,MAD22,OpenCV,identity_disjoint_80_20,train,/nas-ctm01/datasets/public/BIOMETRICS/Face_Morphing/MAD22/original_sorted/OpenCV/124_08-vs-136_08.jpg,124_08-vs-136_08.jpg,124_08-vs-136_08,124_08,136_08,124,136,/nas-ctm01/datasets/public/BIOMETRICS/Face_Morphing/MAD22/original_sorted/BonaFide/124_08.jpg,/nas-ctm01/datasets/public/BIOMETRICS/Face_Morphing/MAD22/original_sorted/BonaFide/136_08.jpg,675,146,167
521,MAD22,OpenCV,identity_disjoint_80_20,train,/nas-ctm01/datasets/public/BIOMETRICS/Face_Morphing/MAD22/original_sorted/OpenCV/125_03-vs-132_03.jpg,125_03-vs-132_03.jpg,125_03-vs-132_03,125_03,132_03,125,132,/nas-ctm01/datasets/public/BIOMETRICS/Face_Morphing/MAD22/original_sorted/BonaFide/125_03.jpg,/nas-ctm01/datasets/public/BIOMETRICS/Face_Morphing/MAD22/original_sorted/BonaFide/132_03.jpg,676,147,160
522,MAD22,OpenCV,identity_disjoint_80_20,train,/nas-ctm01/datasets/public/BIOMETRICS/Face_Morphing/MAD22/original_sorted/OpenCV/125_03-vs-141_03.jpg,125_03-vs-141_03.jpg,125_03-vs-141_03,125_03,141_03,125,141,/nas-ctm01/datasets/public/BIOMETRICS/Face_Morphing/MAD22/original_sorted/BonaFide/125_03.jpg,/nas-ctm01/datasets/public/BIOMETRICS/Face_Morphing/MAD22/original_sorted/BonaFide/141_03.jpg,677,147,173
523,MAD22,OpenCV,identity_disjoint_80_20,train,/nas-ctm01/datasets/public/BIOMETRICS/Face_Morphing/MAD22/original_sorted/OpenCV/125_03-vs-172_03.jpg,125_03-vs-172_03.jpg,125_03-vs-172_03,125_03,172_03,125,172,/nas-ctm01/datasets/public/BIOMETRICS/Face_Morphing/MAD22/original_sorted/BonaFide/125_03.jpg,/nas-ctm01/datasets/public/BIOMETRICS/Face_Morphing/MAD22/original_sorted/BonaFide/172_03.jpg,678,147,181
524,MAD22,OpenCV,identity_disjoint_80_20,train,/nas-ctm01/datasets/public/BIOMETRICS/Face_Morphing/MAD22/original_sorted/OpenCV/125_08-vs-141_08.jpg,125_08-vs-141_08.jpg,125_08-vs-141_08,125_08,141_08,125,141,/nas-ctm01/datasets/public/BIOMETRICS/Face_Morphing/MAD22/original_sorted/BonaFide/125_08.jpg,/nas-ctm01/datasets/public/BIOMETRICS/Face_Morphing/MAD22/original_sorted/BonaFide/141_08.jpg,680,148,174
525,MAD22,OpenCV,identity_disjoint_80_20,train,/nas-ctm01/datasets/public/BIOMETRICS/Face_Morphing/MAD22/original_sorted/OpenCV/125_08-vs-172_08.jpg,125_08-vs-172_08.jpg,125_08-vs-172_08,125_08,172_08,125,172,/nas-ctm01/datasets/public/BIOMETRICS/Face_Morphing/MAD22/original_sorted/BonaFide/125_08.jpg,/nas-ctm01/datasets/public/BIOMETRICS/Face_Morphing/MAD22/original_sorted/BonaFide/172_08.jpg,681,148,182
526,MAD22,OpenCV,identity_disjoint_80_20,train,/nas-ctm01/datasets/public/BIOMETRICS/Face_Morphing/MAD22/original_sorted/OpenCV/126_03-vs-136_03.jpg,126_03-vs-136_03.jpg,126_03-vs-136_03,126_03,136_03,126,136,/nas-ctm01/datasets/public/BIOMETRICS/Face_Morphing/MAD22/original_sorted/BonaFide/126_03.jpg,/nas-ctm01/datasets/public/BIOMETRICS/Face_Morphing/MAD22/original_sorted/BonaFide/136_03.jpg,683,149,166
527,MAD22,OpenCV,identity_disjoint_80_20,train,/nas-ctm01/datasets/public/BIOMETRICS/Face_Morphing/MAD22/original_sorted/OpenCV/126_08-vs-127_08.jpg,126_08-vs-127_08.jpg,126_08-vs-127_08,126_08,127_08,126,127,/nas-ctm01/datasets/public/BIOMETRICS/Face_Morphing/MAD22/original_sorted/BonaFide/126_08.jpg,/nas-ctm01/datasets/public/BIOMETRICS/Face_Morphing/MAD22/original_sorted/BonaFide/127_08.jpg,684,150,151
528,MAD22,OpenCV,identity_disjoint_80_20,train,/nas-ctm01/datasets/public/BIOMETRICS/Face_Morphing/MAD22/original_sorted/OpenCV/126_08-vs-136_08.jpg,126_08-vs-136_08.jpg,126_08-vs-136_08,126_08,136_08,126,136,/nas-ctm01/datasets/public/BIOMETRICS/Face_Morphing/MAD22/original_sorted/BonaFide/126_08.jpg,/nas-ctm01/datasets/public/BIOMETRICS/Face_Morphing/MAD22/original_sorted/BonaFide/136_08.jpg,685,150,167
529,MAD22,OpenCV,identity_disjoint_80_20,train,/nas-ctm01/datasets/public/BIOMETRICS/Face_Morphing/MAD22/original_sorted/OpenCV/126_08-vs-144_08.jpg,126_08-vs-144_08.jpg,126_08-vs-144_08,126_08,144_08,126,144,/nas-ctm01/datasets/public/BIOMETRICS/Face_Morphing/MAD22/original_sorted/BonaFide/126_08.jpg,/nas-ctm01/datasets/public/BIOMETRICS/Face_Morphing/MAD22/original_sorted/BonaFide/144_08.jpg,686,150,180
530,MAD22,OpenCV,identity_disjoint_80_20,train,/nas-ctm01/datasets/public/BIOMETRICS/Face_Morphing/MAD22/original_sorted/OpenCV/128_03-vs-130_03.jpg,128_03-vs-130_03.jpg,128_03-vs-130_03,128_03,130_03,128,130,/nas-ctm01/datasets/public/BIOMETRICS/Face_Morphing/MAD22/original_sorted/BonaFide/128_03.jpg,/nas-ctm01/datasets/public/BIOMETRICS/Face_Morphing/MAD22/original_sorted/BonaFide/130_03.jpg,687,152,156
531,MAD22,OpenCV,identity_disjoint_80_20,train,/nas-ctm01/datasets/public/BIOMETRICS/Face_Morphing/MAD22/original_sorted/OpenCV/128_03-vs-132_03.jpg,128_03-vs-132_03.jpg,128_03-vs-132_03,128_03,132_03,128,132,/nas-ctm01/datasets/public/BIOMETRICS/Face_Morphing/MAD22/original_sorted/BonaFide/128_03.jpg,/nas-ctm01/datasets/public/BIOMETRICS/Face_Morphing/MAD22/original_sorted/BonaFide/132_03.jpg,688,152,160
532,MAD22,OpenCV,identity_disjoint_80_20,train,/nas-ctm01/datasets/public/BIOMETRICS/Face_Morphing/MAD22/original_sorted/OpenCV/128_03-vs-138_03.jpg,128_03-vs-138_03.jpg,128_03-vs-138_03,128_03,138_03,128,138,/nas-ctm01/datasets/public/BIOMETRICS/Face_Morphing/MAD22/original_sorted/BonaFide/128_03.jpg,/nas-ctm01/datasets/public/BIOMETRICS/Face_Morphing/MAD22/original_sorted/BonaFide/138_03.jpg,689,152,169
533,MAD22,OpenCV,identity_disjoint_80_20,train,/nas-ctm01/datasets/public/BIOMETRICS/Face_Morphing/MAD22/original_sorted/OpenCV/128_03-vs-141_03.jpg,128_03-vs-141_03.jpg,128_03-vs-141_03,128_03,141_03,128,141,/nas-ctm01/datasets/public/BIOMETRICS/Face_Morphing/MAD22/original_sorted/BonaFide/128_03.jpg,/nas-ctm01/datasets/public/BIOMETRICS/Face_Morphing/MAD22/original_sorted/BonaFide/141_03.jpg,690,152,173
534,MAD22,OpenCV,identity_disjoint_80_20,train,/nas-ctm01/datasets/public/BIOMETRICS/Face_Morphing/MAD22/original_sorted/OpenCV/128_03-vs-142_03.jpg,128_03-vs-142_03.jpg,128_03-vs-142_03,128_03,142_03,128,142,/nas-ctm01/datasets/public/BIOMETRICS/Face_Morphing/MAD22/original_sorted/BonaFide/128_03.jpg,/nas-ctm01/datasets/public/BIOMETRICS/Face_Morphing/MAD22/original_sorted/BonaFide/142_03.jpg,691,152,175
535,MAD22,OpenCV,identity_disjoint_80_20,train,/nas-ctm01/datasets/public/BIOMETRICS/Face_Morphing/MAD22/original_sorted/OpenCV/128_03-vs-143_03.jpg,128_03-vs-143_03.jpg,128_03-vs-143_03,128_03,143_03,128,143,/nas-ctm01/datasets/public/BIOMETRICS/Face_Morphing/MAD22/original_sorted/BonaFide/128_03.jpg,/nas-ctm01/datasets/public/BIOMETRICS/Face_Morphing/MAD22/original_sorted/BonaFide/143_03.jpg,692,152,177
536,MAD22,OpenCV,identity_disjoint_80_20,train,/nas-ctm01/datasets/public/BIOMETRICS/Face_Morphing/MAD22/original_sorted/OpenCV/128_08-vs-130_08.jpg,128_08-vs-130_08.jpg,128_08-vs-130_08,128_08,130_08,128,130,/nas-ctm01/datasets/public/BIOMETRICS/Face_Morphing/MAD22/original_sorted/BonaFide/128_08.jpg,/nas-ctm01/datasets/public/BIOMETRICS/Face_Morphing/MAD22/original_sorted/BonaFide/130_08.jpg,693,153,157
537,MAD22,OpenCV,identity_disjoint_80_20,train,/nas-ctm01/datasets/public/BIOMETRICS/Face_Morphing/MAD22/original_sorted/OpenCV/128_08-vs-132_08.jpg,128_08-vs-132_08.jpg,128_08-vs-132_08,128_08,132_08,128,132,/nas-ctm01/datasets/public/BIOMETRICS/Face_Morphing/MAD22/original_sorted/BonaFide/128_08.jpg,/nas-ctm01/datasets/public/BIOMETRICS/Face_Morphing/MAD22/original_sorted/BonaFide/132_08.jpg,694,153,161
538,MAD22,OpenCV,identity_disjoint_80_20,train,/nas-ctm01/datasets/public/BIOMETRICS/Face_Morphing/MAD22/original_sorted/OpenCV/128_08-vs-141_08.jpg,128_08-vs-141_08.jpg,128_08-vs-141_08,128_08,141_08,128,141,/nas-ctm01/datasets/public/BIOMETRICS/Face_Morphing/MAD22/original_sorted/BonaFide/128_08.jpg,/nas-ctm01/datasets/public/BIOMETRICS/Face_Morphing/MAD22/original_sorted/BonaFide/141_08.jpg,696,153,174
539,MAD22,OpenCV,identity_disjoint_80_20,train,/nas-ctm01/datasets/public/BIOMETRICS/Face_Morphing/MAD22/original_sorted/OpenCV/130_03-vs-131_03.jpg,130_03-vs-131_03.jpg,130_03-vs-131_03,130_03,131_03,130,131,/nas-ctm01/datasets/public/BIOMETRICS/Face_Morphing/MAD22/original_sorted/BonaFide/130_03.jpg,/nas-ctm01/datasets/public/BIOMETRICS/Face_Morphing/MAD22/original_sorted/BonaFide/131_03.jpg,697,156,158
540,MAD22,OpenCV,identity_disjoint_80_20,train,/nas-ctm01/datasets/public/BIOMETRICS/Face_Morphing/MAD22/original_sorted/OpenCV/130_03-vs-132_03.jpg,130_03-vs-132_03.jpg,130_03-vs-132_03,130_03,132_03,130,132,/nas-ctm01/datasets/public/BIOMETRICS/Face_Morphing/MAD22/original_sorted/BonaFide/130_03.jpg,/nas-ctm01/datasets/public/BIOMETRICS/Face_Morphing/MAD22/original_sorted/BonaFide/132_03.jpg,698,156,160
541,MAD22,OpenCV,identity_disjoint_80_20,train,/nas-ctm01/datasets/public/BIOMETRICS/Face_Morphing/MAD22/original_sorted/OpenCV/130_03-vs-138_03.jpg,130_03-vs-138_03.jpg,130_03-vs-138_03,130_03,138_03,130,138,/nas-ctm01/datasets/public/BIOMETRICS/Face_Morphing/MAD22/original_sorted/BonaFide/130_03.jpg,/nas-ctm01/datasets/public/BIOMETRICS/Face_Morphing/MAD22/original_sorted/BonaFide/138_03.jpg,699,156,169
542,MAD22,OpenCV,identity_disjoint_80_20,train,/nas-ctm01/datasets/public/BIOMETRICS/Face_Morphing/MAD22/original_sorted/OpenCV/130_03-vs-141_03.jpg,130_03-vs-141_03.jpg,130_03-vs-141_03,130_03,141_03,130,141,/nas-ctm01/datasets/public/BIOMETRICS/Face_Morphing/MAD22/original_sorted/BonaFide/130_03.jpg,/nas-ctm01/datasets/public/BIOMETRICS/Face_Morphing/MAD22/original_sorted/BonaFide/141_03.jpg,700,156,173
543,MAD22,OpenCV,identity_disjoint_80_20,train,/nas-ctm01/datasets/public/BIOMETRICS/Face_Morphing/MAD22/original_sorted/OpenCV/130_08-vs-131_08.jpg,130_08-vs-131_08.jpg,130_08-vs-131_08,130_08,131_08,130,131,/nas-ctm01/datasets/public/BIOMETRICS/Face_Morphing/MAD22/original_sorted/BonaFide/130_08.jpg,/nas-ctm01/datasets/public/BIOMETRICS/Face_Morphing/MAD22/original_sorted/BonaFide/131_08.jpg,702,157,159
544,MAD22,OpenCV,identity_disjoint_80_20,train,/nas-ctm01/datasets/public/BIOMETRICS/Face_Morphing/MAD22/original_sorted/OpenCV/130_08-vs-132_08.jpg,130_08-vs-132_08.jpg,130_08-vs-132_08,130_08,132_08,130,132,/nas-ctm01/datasets/public/BIOMETRICS/Face_Morphing/MAD22/original_sorted/BonaFide/130_08.jpg,/nas-ctm01/datasets/public/BIOMETRICS/Face_Morphing/MAD22/original_sorted/BonaFide/132_08.jpg,703,157,161
545,MAD22,OpenCV,identity_disjoint_80_20,train,/nas-ctm01/datasets/public/BIOMETRICS/Face_Morphing/MAD22/original_sorted/OpenCV/130_08-vs-141_08.jpg,130_08-vs-141_08.jpg,130_08-vs-141_08,130_08,141_08,130,141,/nas-ctm01/datasets/public/BIOMETRICS/Face_Morphing/MAD22/original_sorted/BonaFide/130_08.jpg,/nas-ctm01/datasets/public/BIOMETRICS/Face_Morphing/MAD22/original_sorted/BonaFide/141_08.jpg,704,157,174
546,MAD22,OpenCV,identity_disjoint_80_20,train,/nas-ctm01/datasets/public/BIOMETRICS/Face_Morphing/MAD22/original_sorted/OpenCV/131_03-vs-138_03.jpg,131_03-vs-138_03.jpg,131_03-vs-138_03,131_03,138_03,131,138,/nas-ctm01/datasets/public/BIOMETRICS/Face_Morphing/MAD22/original_sorted/BonaFide/131_03.jpg,/nas-ctm01/datasets/public/BIOMETRICS/Face_Morphing/MAD22/original_sorted/BonaFide/138_03.jpg,705,158,169
547,MAD22,OpenCV,identity_disjoint_80_20,train,/nas-ctm01/datasets/public/BIOMETRICS/Face_Morphing/MAD22/original_sorted/OpenCV/131_03-vs-172_03.jpg,131_03-vs-172_03.jpg,131_03-vs-172_03,131_03,172_03,131,172,/nas-ctm01/datasets/public/BIOMETRICS/Face_Morphing/MAD22/original_sorted/BonaFide/131_03.jpg,/nas-ctm01/datasets/public/BIOMETRICS/Face_Morphing/MAD22/original_sorted/BonaFide/172_03.jpg,706,158,181
548,MAD22,OpenCV,identity_disjoint_80_20,train,/nas-ctm01/datasets/public/BIOMETRICS/Face_Morphing/MAD22/original_sorted/OpenCV/131_08-vs-172_08.jpg,131_08-vs-172_08.jpg,131_08-vs-172_08,131_08,172_08,131,172,/nas-ctm01/datasets/public/BIOMETRICS/Face_Morphing/MAD22/original_sorted/BonaFide/131_08.jpg,/nas-ctm01/datasets/public/BIOMETRICS/Face_Morphing/MAD22/original_sorted/BonaFide/172_08.jpg,707,159,182
549,MAD22,OpenCV,identity_disjoint_80_20,train,/nas-ctm01/datasets/public/BIOMETRICS/Face_Morphing/MAD22/original_sorted/OpenCV/132_03-vs-172_03.jpg,132_03-vs-172_03.jpg,132_03-vs-172_03,132_03,172_03,132,172,/nas-ctm01/datasets/public/BIOMETRICS/Face_Morphing/MAD22/original_sorted/BonaFide/132_03.jpg,/nas-ctm01/datasets/public/BIOMETRICS/Face_Morphing/MAD22/original_sorted/BonaFide/172_03.jpg,708,160,181
550,MAD22,OpenCV,identity_disjoint_80_20,train,/nas-ctm01/datasets/public/BIOMETRICS/Face_Morphing/MAD22/original_sorted/OpenCV/132_08-vs-172_08.jpg,132_08-vs-172_08.jpg,132_08-vs-172_08,132_08,172_08,132,172,/nas-ctm01/datasets/public/BIOMETRICS/Face_Morphing/MAD22/original_sorted/BonaFide/132_08.jpg,/nas-ctm01/datasets/public/BIOMETRICS/Face_Morphing/MAD22/original_sorted/BonaFide/172_08.jpg,709,161,182
551,MAD22,OpenCV,identity_disjoint_80_20,train,/nas-ctm01/datasets/public/BIOMETRICS/Face_Morphing/MAD22/original_sorted/OpenCV/134_03-vs-139_03.jpg,134_03-vs-139_03.jpg,134_03-vs-139_03,134_03,139_03,134,139,/nas-ctm01/datasets/public/BIOMETRICS/Face_Morphing/MAD22/original_sorted/BonaFide/134_03.jpg,/nas-ctm01/datasets/public/BIOMETRICS/Face_Morphing/MAD22/original_sorted/BonaFide/139_03.jpg,710,162,170
552,MAD22,OpenCV,identity_disjoint_80_20,train,/nas-ctm01/datasets/public/BIOMETRICS/Face_Morphing/MAD22/original_sorted/OpenCV/134_08-vs-139_08.jpg,134_08-vs-139_08.jpg,134_08-vs-139_08,134_08,139_08,134,139,/nas-ctm01/datasets/public/BIOMETRICS/Face_Morphing/MAD22/original_sorted/BonaFide/134_08.jpg,/nas-ctm01/datasets/public/BIOMETRICS/Face_Morphing/MAD22/original_sorted/BonaFide/139_08.jpg,711,163,171
553,MAD22,OpenCV,identity_disjoint_80_20,train,/nas-ctm01/datasets/public/BIOMETRICS/Face_Morphing/MAD22/original_sorted/OpenCV/136_03-vs-144_03.jpg,136_03-vs-144_03.jpg,136_03-vs-144_03,136_03,144_03,136,144,/nas-ctm01/datasets/public/BIOMETRICS/Face_Morphing/MAD22/original_sorted/BonaFide/136_03.jpg,/nas-ctm01/datasets/public/BIOMETRICS/Face_Morphing/MAD22/original_sorted/BonaFide/144_03.jpg,712,166,179
554,MAD22,OpenCV,identity_disjoint_80_20,train,/nas-ctm01/datasets/public/BIOMETRICS/Face_Morphing/MAD22/original_sorted/OpenCV/136_08-vs-144_08.jpg,136_08-vs-144_08.jpg,136_08-vs-144_08,136_08,144_08,136,144,/nas-ctm01/datasets/public/BIOMETRICS/Face_Morphing/MAD22/original_sorted/BonaFide/136_08.jpg,/nas-ctm01/datasets/public/BIOMETRICS/Face_Morphing/MAD22/original_sorted/BonaFide/144_08.jpg,713,167,180
555,MAD22,OpenCV,identity_disjoint_80_20,train,/nas-ctm01/datasets/public/BIOMETRICS/Face_Morphing/MAD22/original_sorted/OpenCV/138_03-vs-141_03.jpg,138_03-vs-141_03.jpg,138_03-vs-141_03,138_03,141_03,138,141,/nas-ctm01/datasets/public/BIOMETRICS/Face_Morphing/MAD22/original_sorted/BonaFide/138_03.jpg,/nas-ctm01/datasets/public/BIOMETRICS/Face_Morphing/MAD22/original_sorted/BonaFide/141_03.jpg,715,169,173
556,MAD22,OpenCV,identity_disjoint_80_20,train,/nas-ctm01/datasets/public/BIOMETRICS/Face_Morphing/MAD22/original_sorted/OpenCV/139_03-vs-144_03.jpg,139_03-vs-144_03.jpg,139_03-vs-144_03,139_03,144_03,139,144,/nas-ctm01/datasets/public/BIOMETRICS/Face_Morphing/MAD22/original_sorted/BonaFide/139_03.jpg,/nas-ctm01/datasets/public/BIOMETRICS/Face_Morphing/MAD22/original_sorted/BonaFide/144_03.jpg,716,170,179
557,MAD22,OpenCV,identity_disjoint_80_20,train,/nas-ctm01/datasets/public/BIOMETRICS/Face_Morphing/MAD22/original_sorted/OpenCV/139_08-vs-144_08.jpg,139_08-vs-144_08.jpg,139_08-vs-144_08,139_08,144_08,139,144,/nas-ctm01/datasets/public/BIOMETRICS/Face_Morphing/MAD22/original_sorted/BonaFide/139_08.jpg,/nas-ctm01/datasets/public/BIOMETRICS/Face_Morphing/MAD22/original_sorted/BonaFide/144_08.jpg,717,171,180
558,MAD22,OpenCV,identity_disjoint_80_20,train,/nas-ctm01/datasets/public/BIOMETRICS/Face_Morphing/MAD22/original_sorted/OpenCV/141_03-vs-143_03.jpg,141_03-vs-143_03.jpg,141_03-vs-143_03,141_03,143_03,141,143,/nas-ctm01/datasets/public/BIOMETRICS/Face_Morphing/MAD22/original_sorted/BonaFide/141_03.jpg,/nas-ctm01/datasets/public/BIOMETRICS/Face_Morphing/MAD22/original_sorted/BonaFide/143_03.jpg,720,173,177
559,MAD22,OpenCV,identity_disjoint_80_20,train,/nas-ctm01/datasets/public/BIOMETRICS/Face_Morphing/MAD22/original_sorted/OpenCV/141_08-vs-143_08.jpg,141_08-vs-143_08.jpg,141_08-vs-143_08,141_08,143_08,141,143,/nas-ctm01/datasets/public/BIOMETRICS/Face_Morphing/MAD22/original_sorted/BonaFide/141_08.jpg,/nas-ctm01/datasets/public/BIOMETRICS/Face_Morphing/MAD22/original_sorted/BonaFide/143_08.jpg,721,174,178
