embedding_index,dataset,method,scenario,split,morph_image_path,morph_filename,morph_stem,accomplice_stem,criminal_stem,accomplice_id,criminal_id,accomplice_image_path,criminal_image_path,morph_cache_index,accomplice_cache_index,criminal_cache_index
0,MAD22,MIPGAN_I,random_80_20,train,/nas-ctm01/datasets/public/BIOMETRICS/Face_Morphing/MAD22/original_sorted/MIPGAN_I/001_03-vs-010_03.png,001_03-vs-010_03.png,001_03-vs-010_03,001_03,010_03,001,010,/nas-ctm01/datasets/public/BIOMETRICS/Face_Morphing/MAD22/original_sorted/BonaFide/001_03.jpg,/nas-ctm01/datasets/public/BIOMETRICS/Face_Morphing/MAD22/original_sorted/BonaFide/010_03.jpg,0,0,16
1,MAD22,MIPGAN_I,random_80_20,train,/nas-ctm01/datasets/public/BIOMETRICS/Face_Morphing/MAD22/original_sorted/MIPGAN_I/001_03-vs-032_03.png,001_03-vs-032_03.png,001_03-vs-032_03,001_03,032_03,001,032,/nas-ctm01/datasets/public/BIOMETRICS/Face_Morphing/MAD22/original_sorted/BonaFide/001_03.jpg,/nas-ctm01/datasets/public/BIOMETRICS/Face_Morphing/MAD22/original_sorted/BonaFide/032_03.jpg,2,0,52
2,MAD22,MIPGAN_I,random_80_20,train,/nas-ctm01/datasets/public/BIOMETRICS/Face_Morphing/MAD22/original_sorted/MIPGAN_I/001_03-vs-090_03.png,001_03-vs-090_03.png,001_03-vs-090_03,001_03,090_03,001,090,/nas-ctm01/datasets/public/BIOMETRICS/Face_Morphing/MAD22/original_sorted/BonaFide/001_03.jpg,/nas-ctm01/datasets/public/BIOMETRICS/Face_Morphing/MAD22/original_sorted/BonaFide/090_03.jpg,3,0,99
3,MAD22,MIPGAN_I,random_80_20,train,/nas-ctm01/datasets/public/BIOMETRICS/Face_Morphing/MAD22/original_sorted/MIPGAN_I/001_03-vs-122_03.png,001_03-vs-122_03.png,001_03-vs-122_03,001_03,122_03,001,122,/nas-ctm01/datasets/public/BIOMETRICS/Face_Morphing/MAD22/original_sorted/BonaFide/001_03.jpg,/nas-ctm01/datasets/public/BIOMETRICS/Face_Morphing/MAD22/original_sorted/BonaFide/122_03.jpg,4,0,141
4,MAD22,MIPGAN_I,random_80_20,train,/nas-ctm01/datasets/public/BIOMETRICS/Face_Morphing/MAD22/original_sorted/MIPGAN_I/001_08-vs-010_08.png,001_08-vs-010_08.png,001_08-vs-010_08,001_08,010_08,001,010,/nas-ctm01/datasets/public/BIOMETRICS/Face_Morphing/MAD22/original_sorted/BonaFide/001_08.jpg,/nas-ctm01/datasets/public/BIOMETRICS/Face_Morphing/MAD22/original_sorted/BonaFide/010_08.jpg,6,1,17
5,MAD22,MIPGAN_I,random_80_20,train,/nas-ctm01/datasets/public/BIOMETRICS/Face_Morphing/MAD22/original_sorted/MIPGAN_I/001_08-vs-014_08.png,001_08-vs-014_08.png,001_08-vs-014_08,001_08,014_08,001,014,/nas-ctm01/datasets/public/BIOMETRICS/Face_Morphing/MAD22/original_sorted/BonaFide/001_08.jpg,/nas-ctm01/datasets/public/BIOMETRICS/Face_Morphing/MAD22/original_sorted/BonaFide/014_08.jpg,7,1,24
6,MAD22,MIPGAN_I,random_80_20,train,/nas-ctm01/datasets/public/BIOMETRICS/Face_Morphing/MAD22/original_sorted/MIPGAN_I/001_08-vs-032_08.png,001_08-vs-032_08.png,001_08-vs-032_08,001_08,032_08,001,032,/nas-ctm01/datasets/public/BIOMETRICS/Face_Morphing/MAD22/original_sorted/BonaFide/001_08.jpg,/nas-ctm01/datasets/public/BIOMETRICS/Face_Morphing/MAD22/original_sorted/BonaFide/032_08.jpg,8,1,53
7,MAD22,MIPGAN_I,random_80_20,train,/nas-ctm01/datasets/public/BIOMETRICS/Face_Morphing/MAD22/original_sorted/MIPGAN_I/001_08-vs-039_08.png,001_08-vs-039_08.png,001_08-vs-039_08,001_08,039_08,001,039,/nas-ctm01/datasets/public/BIOMETRICS/Face_Morphing/MAD22/original_sorted/BonaFide/001_08.jpg,/nas-ctm01/datasets/public/BIOMETRICS/Face_Morphing/MAD22/original_sorted/BonaFide/039_08.jpg,9,1,64
8,MAD22,MIPGAN_I,random_80_20,train,/nas-ctm01/datasets/public/BIOMETRICS/Face_Morphing/MAD22/original_sorted/MIPGAN_I/001_08-vs-090_08.png,001_08-vs-090_08.png,001_08-vs-090_08,001_08,090_08,001,090,/nas-ctm01/datasets/public/BIOMETRICS/Face_Morphing/MAD22/original_sorted/BonaFide/001_08.jpg,/nas-ctm01/datasets/public/BIOMETRICS/Face_Morphing/MAD22/original_sorted/BonaFide/090_08.jpg,11,1,100
9,MAD22,MIPGAN_I,random_80_20,train,/nas-ctm01/datasets/public/BIOMETRICS/Face_Morphing/MAD22/original_sorted/MIPGAN_I/001_08-vs-094_08.png,001_08-vs-094_08.png,001_08-vs-094_08,001_08,094_08,001,094,/nas-ctm01/datasets/public/BIOMETRICS/Face_Morphing/MAD22/original_sorted/BonaFide/001_08.jpg,/nas-ctm01/datasets/public/BIOMETRICS/Face_Morphing/MAD22/original_sorted/BonaFide/094_08.jpg,12,1,105
10,MAD22,MIPGAN_I,random_80_20,train,/nas-ctm01/datasets/public/BIOMETRICS/Face_Morphing/MAD22/original_sorted/MIPGAN_I/001_08-vs-107_08.png,001_08-vs-107_08.png,001_08-vs-107_08,001_08,107_08,001,107,/nas-ctm01/datasets/public/BIOMETRICS/Face_Morphing/MAD22/original_sorted/BonaFide/001_08.jpg,/nas-ctm01/datasets/public/BIOMETRICS/Face_Morphing/MAD22/original_sorted/BonaFide/107_08.jpg,13,1,122
11,MAD22,MIPGAN_I,random_80_20,train,/nas-ctm01/datasets/public/BIOMETRICS/Face_Morphing/MAD22/original_sorted/MIPGAN_I/001_08-vs-122_08.png,001_08-vs-122_08.png,001_08-vs-122_08,001_08,122_08,001,122,/nas-ctm01/datasets/public/BIOMETRICS/Face_Morphing/MAD22/original_sorted/BonaFide/001_08.jpg,/nas-ctm01/datasets/public/BIOMETRICS/Face_Morphing/MAD22/original_sorted/BonaFide/122_08.jpg,14,1,142
12,MAD22,MIPGAN_I,random_80_20,train,/nas-ctm01/datasets/public/BIOMETRICS/Face_Morphing/MAD22/original_sorted/MIPGAN_I/002_03-vs-020_03.png,002_03-vs-020_03.png,002_03-vs-020_03,002_03,020_03,002,020,/nas-ctm01/datasets/public/BIOMETRICS/Face_Morphing/MAD22/original_sorted/BonaFide/002_03.jpg,/nas-ctm01/datasets/public/BIOMETRICS/Face_Morphing/MAD22/original_sorted/BonaFide/020_03.jpg,16,2,32
13,MAD22,MIPGAN_I,random_80_20,train,/nas-ctm01/datasets/public/BIOMETRICS/Face_Morphing/MAD22/original_sorted/MIPGAN_I/002_03-vs-032_03.png,002_03-vs-032_03.png,002_03-vs-032_03,002_03,032_03,002,032,/nas-ctm01/datasets/public/BIOMETRICS/Face_Morphing/MAD22/original_sorted/BonaFide/002_03.jpg,/nas-ctm01/datasets/public/BIOMETRICS/Face_Morphing/MAD22/original_sorted/BonaFide/032_03.jpg,17,2,52
14,MAD22,MIPGAN_I,random_80_20,train,/nas-ctm01/datasets/public/BIOMETRICS/Face_Morphing/MAD22/original_sorted/MIPGAN_I/002_03-vs-039_03.png,002_03-vs-039_03.png,002_03-vs-039_03,002_03,039_03,002,039,/nas-ctm01/datasets/public/BIOMETRICS/Face_Morphing/MAD22/original_sorted/BonaFide/002_03.jpg,/nas-ctm01/datasets/public/BIOMETRICS/Face_Morphing/MAD22/original_sorted/BonaFide/039_03.jpg,18,2,63
15,MAD22,MIPGAN_I,random_80_20,train,/nas-ctm01/datasets/public/BIOMETRICS/Face_Morphing/MAD22/original_sorted/MIPGAN_I/002_03-vs-094_03.png,002_03-vs-094_03.png,002_03-vs-094_03,002_03,094_03,002,094,/nas-ctm01/datasets/public/BIOMETRICS/Face_Morphing/MAD22/original_sorted/BonaFide/002_03.jpg,/nas-ctm01/datasets/public/BIOMETRICS/Face_Morphing/MAD22/original_sorted/BonaFide/094_03.jpg,19,2,104
16,MAD22,MIPGAN_I,random_80_20,train,/nas-ctm01/datasets/public/BIOMETRICS/Face_Morphing/MAD22/original_sorted/MIPGAN_I/002_03-vs-097_03.png,002_03-vs-097_03.png,002_03-vs-097_03,002_03,097_03,002,097,/nas-ctm01/datasets/public/BIOMETRICS/Face_Morphing/MAD22/original_sorted/BonaFide/002_03.jpg,/nas-ctm01/datasets/public/BIOMETRICS/Face_Morphing/MAD22/original_sorted/BonaFide/097_03.jpg,20,2,108
17,MAD22,MIPGAN_I,random_80_20,train,/nas-ctm01/datasets/public/BIOMETRICS/Face_Morphing/MAD22/original_sorted/MIPGAN_I/002_03-vs-100_03.png,002_03-vs-100_03.png,002_03-vs-100_03,002_03,100_03,002,100,/nas-ctm01/datasets/public/BIOMETRICS/Face_Morphing/MAD22/original_sorted/BonaFide/002_03.jpg,/nas-ctm01/datasets/public/BIOMETRICS/Face_Morphing/MAD22/original_sorted/BonaFide/100_03.jpg,21,2,112
18,MAD22,MIPGAN_I,random_80_20,train,/nas-ctm01/datasets/public/BIOMETRICS/Face_Morphing/MAD22/original_sorted/MIPGAN_I/002_03-vs-102_03.png,002_03-vs-102_03.png,002_03-vs-102_03,002_03,102_03,002,102,/nas-ctm01/datasets/public/BIOMETRICS/Face_Morphing/MAD22/original_sorted/BonaFide/002_03.jpg,/nas-ctm01/datasets/public/BIOMETRICS/Face_Morphing/MAD22/original_sorted/BonaFide/102_03.jpg,22,2,115
19,MAD22,MIPGAN_I,random_80_20,train,/nas-ctm01/datasets/public/BIOMETRICS/Face_Morphing/MAD22/original_sorted/MIPGAN_I/002_03-vs-118_03.png,002_03-vs-118_03.png,002_03-vs-118_03,002_03,118_03,002,118,/nas-ctm01/datasets/public/BIOMETRICS/Face_Morphing/MAD22/original_sorted/BonaFide/002_03.jpg,/nas-ctm01/datasets/public/BIOMETRICS/Face_Morphing/MAD22/original_sorted/BonaFide/118_03.jpg,23,2,133
20,MAD22,MIPGAN_I,random_80_20,train,/nas-ctm01/datasets/public/BIOMETRICS/Face_Morphing/MAD22/original_sorted/MIPGAN_I/002_03-vs-124_03.png,002_03-vs-124_03.png,002_03-vs-124_03,002_03,124_03,002,124,/nas-ctm01/datasets/public/BIOMETRICS/Face_Morphing/MAD22/original_sorted/BonaFide/002_03.jpg,/nas-ctm01/datasets/public/BIOMETRICS/Face_Morphing/MAD22/original_sorted/BonaFide/124_03.jpg,24,2,145
21,MAD22,MIPGAN_I,random_80_20,train,/nas-ctm01/datasets/public/BIOMETRICS/Face_Morphing/MAD22/original_sorted/MIPGAN_I/002_03-vs-136_03.png,002_03-vs-136_03.png,002_03-vs-136_03,002_03,136_03,002,136,/nas-ctm01/datasets/public/BIOMETRICS/Face_Morphing/MAD22/original_sorted/BonaFide/002_03.jpg,/nas-ctm01/datasets/public/BIOMETRICS/Face_Morphing/MAD22/original_sorted/BonaFide/136_03.jpg,25,2,166
22,MAD22,MIPGAN_I,random_80_20,train,/nas-ctm01/datasets/public/BIOMETRICS/Face_Morphing/MAD22/original_sorted/MIPGAN_I/002_03-vs-139_03.png,002_03-vs-139_03.png,002_03-vs-139_03,002_03,139_03,002,139,/nas-ctm01/datasets/public/BIOMETRICS/Face_Morphing/MAD22/original_sorted/BonaFide/002_03.jpg,/nas-ctm01/datasets/public/BIOMETRICS/Face_Morphing/MAD22/original_sorted/BonaFide/139_03.jpg,26,2,170
23,MAD22,MIPGAN_I,random_80_20,train,/nas-ctm01/datasets/public/BIOMETRICS/Face_Morphing/MAD22/original_sorted/MIPGAN_I/002_03-vs-144_03.png,002_03-vs-144_03.png,002_03-vs-144_03,002_03,144_03,002,144,/nas-ctm01/datasets/public/BIOMETRICS/Face_Morphing/MAD22/original_sorted/BonaFide/002_03.jpg,/nas-ctm01/datasets/public/BIOMETRICS/Face_Morphing/MAD22/original_sorted/BonaFide/144_03.jpg,27,2,179
24,MAD22,MIPGAN_I,random_80_20,train,/nas-ctm01/datasets/public/BIOMETRICS/Face_Morphing/MAD22/original_sorted/MIPGAN_I/002_08-vs-003_08.png,002_08-vs-003_08.png,002_08-vs-003_08,002_08,003_08,002,003,/nas-ctm01/datasets/public/BIOMETRICS/Face_Morphing/MAD22/original_sorted/BonaFide/002_08.jpg,/nas-ctm01/datasets/public/BIOMETRICS/Face_Morphing/MAD22/original_sorted/BonaFide/003_08.jpg,28,3,5
25,MAD22,MIPGAN_I,random_80_20,train,/nas-ctm01/datasets/public/BIOMETRICS/Face_Morphing/MAD22/original_sorted/MIPGAN_I/002_08-vs-011_08.png,002_08-vs-011_08.png,002_08-vs-011_08,002_08,011_08,002,011,/nas-ctm01/datasets/public/BIOMETRICS/Face_Morphing/MAD22/original_sorted/BonaFide/002_08.jpg,/nas-ctm01/datasets/public/BIOMETRICS/Face_Morphing/MAD22/original_sorted/BonaFide/011_08.jpg,29,3,19
26,MAD22,MIPGAN_I,random_80_20,train,/nas-ctm01/datasets/public/BIOMETRICS/Face_Morphing/MAD22/original_sorted/MIPGAN_I/002_08-vs-025_08.png,002_08-vs-025_08.png,002_08-vs-025_08,002_08,025_08,002,025,/nas-ctm01/datasets/public/BIOMETRICS/Face_Morphing/MAD22/original_sorted/BonaFide/002_08.jpg,/nas-ctm01/datasets/public/BIOMETRICS/Face_Morphing/MAD22/original_sorted/BonaFide/025_08.jpg,30,3,41
27,MAD22,MIPGAN_I,random_80_20,train,/nas-ctm01/datasets/public/BIOMETRICS/Face_Morphing/MAD22/original_sorted/MIPGAN_I/002_08-vs-027_08.png,002_08-vs-027_08.png,002_08-vs-027_08,002_08,027_08,002,027,/nas-ctm01/datasets/public/BIOMETRICS/Face_Morphing/MAD22/original_sorted/BonaFide/002_08.jpg,/nas-ctm01/datasets/public/BIOMETRICS/Face_Morphing/MAD22/original_sorted/BonaFide/027_08.jpg,31,3,45
28,MAD22,MIPGAN_I,random_80_20,train,/nas-ctm01/datasets/public/BIOMETRICS/Face_Morphing/MAD22/original_sorted/MIPGAN_I/002_08-vs-030_08.png,002_08-vs-030_08.png,002_08-vs-030_08,002_08,030_08,002,030,/nas-ctm01/datasets/public/BIOMETRICS/Face_Morphing/MAD22/original_sorted/BonaFide/002_08.jpg,/nas-ctm01/datasets/public/BIOMETRICS/Face_Morphing/MAD22/original_sorted/BonaFide/030_08.jpg,32,3,49
29,MAD22,MIPGAN_I,random_80_20,train,/nas-ctm01/datasets/public/BIOMETRICS/Face_Morphing/MAD22/original_sorted/MIPGAN_I/002_08-vs-032_08.png,002_08-vs-032_08.png,002_08-vs-032_08,002_08,032_08,002,032,/nas-ctm01/datasets/public/BIOMETRICS/Face_Morphing/MAD22/original_sorted/BonaFide/002_08.jpg,/nas-ctm01/datasets/public/BIOMETRICS/Face_Morphing/MAD22/original_sorted/BonaFide/032_08.jpg,33,3,53
30,MAD22,MIPGAN_I,random_80_20,train,/nas-ctm01/datasets/public/BIOMETRICS/Face_Morphing/MAD22/original_sorted/MIPGAN_I/002_08-vs-081_08.png,002_08-vs-081_08.png,002_08-vs-081_08,002_08,081_08,002,081,/nas-ctm01/datasets/public/BIOMETRICS/Face_Morphing/MAD22/original_sorted/BonaFide/002_08.jpg,/nas-ctm01/datasets/public/BIOMETRICS/Face_Morphing/MAD22/original_sorted/BonaFide/081_08.jpg,35,3,91
31,MAD22,MIPGAN_I,random_80_20,train,/nas-ctm01/datasets/public/BIOMETRICS/Face_Morphing/MAD22/original_sorted/MIPGAN_I/002_08-vs-090_08.png,002_08-vs-090_08.png,002_08-vs-090_08,002_08,090_08,002,090,/nas-ctm01/datasets/public/BIOMETRICS/Face_Morphing/MAD22/original_sorted/BonaFide/002_08.jpg,/nas-ctm01/datasets/public/BIOMETRICS/Face_Morphing/MAD22/original_sorted/BonaFide/090_08.jpg,36,3,100
32,MAD22,MIPGAN_I,random_80_20,train,/nas-ctm01/datasets/public/BIOMETRICS/Face_Morphing/MAD22/original_sorted/MIPGAN_I/002_08-vs-091_08.png,002_08-vs-091_08.png,002_08-vs-091_08,002_08,091_08,002,091,/nas-ctm01/datasets/public/BIOMETRICS/Face_Morphing/MAD22/original_sorted/BonaFide/002_08.jpg,/nas-ctm01/datasets/public/BIOMETRICS/Face_Morphing/MAD22/original_sorted/BonaFide/091_08.jpg,37,3,101
33,MAD22,MIPGAN_I,random_80_20,train,/nas-ctm01/datasets/public/BIOMETRICS/Face_Morphing/MAD22/original_sorted/MIPGAN_I/002_08-vs-097_08.png,002_08-vs-097_08.png,002_08-vs-097_08,002_08,097_08,002,097,/nas-ctm01/datasets/public/BIOMETRICS/Face_Morphing/MAD22/original_sorted/BonaFide/002_08.jpg,/nas-ctm01/datasets/public/BIOMETRICS/Face_Morphing/MAD22/original_sorted/BonaFide/097_08.jpg,38,3,109
34,MAD22,MIPGAN_I,random_80_20,train,/nas-ctm01/datasets/public/BIOMETRICS/Face_Morphing/MAD22/original_sorted/MIPGAN_I/002_08-vs-102_08.png,002_08-vs-102_08.png,002_08-vs-102_08,002_08,102_08,002,102,/nas-ctm01/datasets/public/BIOMETRICS/Face_Morphing/MAD22/original_sorted/BonaFide/002_08.jpg,/nas-ctm01/datasets/public/BIOMETRICS/Face_Morphing/MAD22/original_sorted/BonaFide/102_08.jpg,40,3,116
35,MAD22,MIPGAN_I,random_80_20,train,/nas-ctm01/datasets/public/BIOMETRICS/Face_Morphing/MAD22/original_sorted/MIPGAN_I/002_08-vs-135_08.png,002_08-vs-135_08.png,002_08-vs-135_08,002_08,135_08,002,135,/nas-ctm01/datasets/public/BIOMETRICS/Face_Morphing/MAD22/original_sorted/BonaFide/002_08.jpg,/nas-ctm01/datasets/public/BIOMETRICS/Face_Morphing/MAD22/original_sorted/BonaFide/135_08.jpg,43,3,165
36,MAD22,MIPGAN_I,random_80_20,train,/nas-ctm01/datasets/public/BIOMETRICS/Face_Morphing/MAD22/original_sorted/MIPGAN_I/002_08-vs-136_08.png,002_08-vs-136_08.png,002_08-vs-136_08,002_08,136_08,002,136,/nas-ctm01/datasets/public/BIOMETRICS/Face_Morphing/MAD22/original_sorted/BonaFide/002_08.jpg,/nas-ctm01/datasets/public/BIOMETRICS/Face_Morphing/MAD22/original_sorted/BonaFide/136_08.jpg,44,3,167
37,MAD22,MIPGAN_I,random_80_20,train,/nas-ctm01/datasets/public/BIOMETRICS/Face_Morphing/MAD22/original_sorted/MIPGAN_I/002_08-vs-139_08.png,002_08-vs-139_08.png,002_08-vs-139_08,002_08,139_08,002,139,/nas-ctm01/datasets/public/BIOMETRICS/Face_Morphing/MAD22/original_sorted/BonaFide/002_08.jpg,/nas-ctm01/datasets/public/BIOMETRICS/Face_Morphing/MAD22/original_sorted/BonaFide/139_08.jpg,45,3,171
38,MAD22,MIPGAN_I,random_80_20,train,/nas-ctm01/datasets/public/BIOMETRICS/Face_Morphing/MAD22/original_sorted/MIPGAN_I/002_08-vs-144_08.png,002_08-vs-144_08.png,002_08-vs-144_08,002_08,144_08,002,144,/nas-ctm01/datasets/public/BIOMETRICS/Face_Morphing/MAD22/original_sorted/BonaFide/002_08.jpg,/nas-ctm01/datasets/public/BIOMETRICS/Face_Morphing/MAD22/original_sorted/BonaFide/144_08.jpg,46,3,180
39,MAD22,MIPGAN_I,random_80_20,train,/nas-ctm01/datasets/public/BIOMETRICS/Face_Morphing/MAD22/original_sorted/MIPGAN_I/003_03-vs-011_03.png,003_03-vs-011_03.png,003_03-vs-011_03,003_03,011_03,003,011,/nas-ctm01/datasets/public/BIOMETRICS/Face_Morphing/MAD22/original_sorted/BonaFide/003_03.jpg,/nas-ctm01/datasets/public/BIOMETRICS/Face_Morphing/MAD22/original_sorted/BonaFide/011_03.jpg,47,4,18
40,MAD22,MIPGAN_I,random_80_20,train,/nas-ctm01/datasets/public/BIOMETRICS/Face_Morphing/MAD22/original_sorted/MIPGAN_I/003_03-vs-014_03.png,003_03-vs-014_03.png,003_03-vs-014_03,003_03,014_03,003,014,/nas-ctm01/datasets/public/BIOMETRICS/Face_Morphing/MAD22/original_sorted/BonaFide/003_03.jpg,/nas-ctm01/datasets/public/BIOMETRICS/Face_Morphing/MAD22/original_sorted/BonaFide/014_03.jpg,48,4,23
41,MAD22,MIPGAN_I,random_80_20,train,/nas-ctm01/datasets/public/BIOMETRICS/Face_Morphing/MAD22/original_sorted/MIPGAN_I/003_03-vs-027_03.png,003_03-vs-027_03.png,003_03-vs-027_03,003_03,027_03,003,027,/nas-ctm01/datasets/public/BIOMETRICS/Face_Morphing/MAD22/original_sorted/BonaFide/003_03.jpg,/nas-ctm01/datasets/public/BIOMETRICS/Face_Morphing/MAD22/original_sorted/BonaFide/027_03.jpg,50,4,44
42,MAD22,MIPGAN_I,random_80_20,train,/nas-ctm01/datasets/public/BIOMETRICS/Face_Morphing/MAD22/original_sorted/MIPGAN_I/003_03-vs-039_03.png,003_03-vs-039_03.png,003_03-vs-039_03,003_03,039_03,003,039,/nas-ctm01/datasets/public/BIOMETRICS/Face_Morphing/MAD22/original_sorted/BonaFide/003_03.jpg,/nas-ctm01/datasets/public/BIOMETRICS/Face_Morphing/MAD22/original_sorted/BonaFide/039_03.jpg,51,4,63
43,MAD22,MIPGAN_I,random_80_20,train,/nas-ctm01/datasets/public/BIOMETRICS/Face_Morphing/MAD22/original_sorted/MIPGAN_I/003_03-vs-136_03.png,003_03-vs-136_03.png,003_03-vs-136_03,003_03,136_03,003,136,/nas-ctm01/datasets/public/BIOMETRICS/Face_Morphing/MAD22/original_sorted/BonaFide/003_03.jpg,/nas-ctm01/datasets/public/BIOMETRICS/Face_Morphing/MAD22/original_sorted/BonaFide/136_03.jpg,53,4,166
44,MAD22,MIPGAN_I,random_80_20,train,/nas-ctm01/datasets/public/BIOMETRICS/Face_Morphing/MAD22/original_sorted/MIPGAN_I/003_08-vs-016_08.png,003_08-vs-016_08.png,003_08-vs-016_08,003_08,016_08,003,016,/nas-ctm01/datasets/public/BIOMETRICS/Face_Morphing/MAD22/original_sorted/BonaFide/003_08.jpg,/nas-ctm01/datasets/public/BIOMETRICS/Face_Morphing/MAD22/original_sorted/BonaFide/016_08.jpg,54,5,26
45,MAD22,MIPGAN_I,random_80_20,train,/nas-ctm01/datasets/public/BIOMETRICS/Face_Morphing/MAD22/original_sorted/MIPGAN_I/003_08-vs-027_08.png,003_08-vs-027_08.png,003_08-vs-027_08,003_08,027_08,003,027,/nas-ctm01/datasets/public/BIOMETRICS/Face_Morphing/MAD22/original_sorted/BonaFide/003_08.jpg,/nas-ctm01/datasets/public/BIOMETRICS/Face_Morphing/MAD22/original_sorted/BonaFide/027_08.jpg,55,5,45
46,MAD22,MIPGAN_I,random_80_20,train,/nas-ctm01/datasets/public/BIOMETRICS/Face_Morphing/MAD22/original_sorted/MIPGAN_I/003_08-vs-032_08.png,003_08-vs-032_08.png,003_08-vs-032_08,003_08,032_08,003,032,/nas-ctm01/datasets/public/BIOMETRICS/Face_Morphing/MAD22/original_sorted/BonaFide/003_08.jpg,/nas-ctm01/datasets/public/BIOMETRICS/Face_Morphing/MAD22/original_sorted/BonaFide/032_08.jpg,56,5,53
47,MAD22,MIPGAN_I,random_80_20,train,/nas-ctm01/datasets/public/BIOMETRICS/Face_Morphing/MAD22/original_sorted/MIPGAN_I/003_08-vs-136_08.png,003_08-vs-136_08.png,003_08-vs-136_08,003_08,136_08,003,136,/nas-ctm01/datasets/public/BIOMETRICS/Face_Morphing/MAD22/original_sorted/BonaFide/003_08.jpg,/nas-ctm01/datasets/public/BIOMETRICS/Face_Morphing/MAD22/original_sorted/BonaFide/136_08.jpg,58,5,167
48,MAD22,MIPGAN_I,random_80_20,train,/nas-ctm01/datasets/public/BIOMETRICS/Face_Morphing/MAD22/original_sorted/MIPGAN_I/003_08-vs-144_08.png,003_08-vs-144_08.png,003_08-vs-144_08,003_08,144_08,003,144,/nas-ctm01/datasets/public/BIOMETRICS/Face_Morphing/MAD22/original_sorted/BonaFide/003_08.jpg,/nas-ctm01/datasets/public/BIOMETRICS/Face_Morphing/MAD22/original_sorted/BonaFide/144_08.jpg,59,5,180
49,MAD22,MIPGAN_I,random_80_20,train,/nas-ctm01/datasets/public/BIOMETRICS/Face_Morphing/MAD22/original_sorted/MIPGAN_I/004_03-vs-012_03.png,004_03-vs-012_03.png,004_03-vs-012_03,004_03,012_03,004,012,/nas-ctm01/datasets/public/BIOMETRICS/Face_Morphing/MAD22/original_sorted/BonaFide/004_03.jpg,/nas-ctm01/datasets/public/BIOMETRICS/Face_Morphing/MAD22/original_sorted/BonaFide/012_03.jpg,60,6,20
50,MAD22,MIPGAN_I,random_80_20,train,/nas-ctm01/datasets/public/BIOMETRICS/Face_Morphing/MAD22/original_sorted/MIPGAN_I/004_03-vs-103_03.png,004_03-vs-103_03.png,004_03-vs-103_03,004_03,103_03,004,103,/nas-ctm01/datasets/public/BIOMETRICS/Face_Morphing/MAD22/original_sorted/BonaFide/004_03.jpg,/nas-ctm01/datasets/public/BIOMETRICS/Face_Morphing/MAD22/original_sorted/BonaFide/103_03.jpg,61,6,117
51,MAD22,MIPGAN_I,random_80_20,train,/nas-ctm01/datasets/public/BIOMETRICS/Face_Morphing/MAD22/original_sorted/MIPGAN_I/004_03-vs-105_03.png,004_03-vs-105_03.png,004_03-vs-105_03,004_03,105_03,004,105,/nas-ctm01/datasets/public/BIOMETRICS/Face_Morphing/MAD22/original_sorted/BonaFide/004_03.jpg,/nas-ctm01/datasets/public/BIOMETRICS/Face_Morphing/MAD22/original_sorted/BonaFide/105_03.jpg,62,6,120
52,MAD22,MIPGAN_I,random_80_20,train,/nas-ctm01/datasets/public/BIOMETRICS/Face_Morphing/MAD22/original_sorted/MIPGAN_I/004_03-vs-141_03.png,004_03-vs-141_03.png,004_03-vs-141_03,004_03,141_03,004,141,/nas-ctm01/datasets/public/BIOMETRICS/Face_Morphing/MAD22/original_sorted/BonaFide/004_03.jpg,/nas-ctm01/datasets/public/BIOMETRICS/Face_Morphing/MAD22/original_sorted/BonaFide/141_03.jpg,64,6,173
53,MAD22,MIPGAN_I,random_80_20,train,/nas-ctm01/datasets/public/BIOMETRICS/Face_Morphing/MAD22/original_sorted/MIPGAN_I/004_03-vs-172_03.png,004_03-vs-172_03.png,004_03-vs-172_03,004_03,172_03,004,172,/nas-ctm01/datasets/public/BIOMETRICS/Face_Morphing/MAD22/original_sorted/BonaFide/004_03.jpg,/nas-ctm01/datasets/public/BIOMETRICS/Face_Morphing/MAD22/original_sorted/BonaFide/172_03.jpg,66,6,181
54,MAD22,MIPGAN_I,random_80_20,train,/nas-ctm01/datasets/public/BIOMETRICS/Face_Morphing/MAD22/original_sorted/MIPGAN_I/005_03-vs-008_03.png,005_03-vs-008_03.png,005_03-vs-008_03,005_03,008_03,005,008,/nas-ctm01/datasets/public/BIOMETRICS/Face_Morphing/MAD22/original_sorted/BonaFide/005_03.jpg,/nas-ctm01/datasets/public/BIOMETRICS/Face_Morphing/MAD22/original_sorted/BonaFide/008_03.jpg,67,7,12
55,MAD22,MIPGAN_I,random_80_20,train,/nas-ctm01/datasets/public/BIOMETRICS/Face_Morphing/MAD22/original_sorted/MIPGAN_I/005_03-vs-018_03.png,005_03-vs-018_03.png,005_03-vs-018_03,005_03,018_03,005,018,/nas-ctm01/datasets/public/BIOMETRICS/Face_Morphing/MAD22/original_sorted/BonaFide/005_03.jpg,/nas-ctm01/datasets/public/BIOMETRICS/Face_Morphing/MAD22/original_sorted/BonaFide/018_03.jpg,68,7,28
56,MAD22,MIPGAN_I,random_80_20,train,/nas-ctm01/datasets/public/BIOMETRICS/Face_Morphing/MAD22/original_sorted/MIPGAN_I/005_03-vs-033_03.png,005_03-vs-033_03.png,005_03-vs-033_03,005_03,033_03,005,033,/nas-ctm01/datasets/public/BIOMETRICS/Face_Morphing/MAD22/original_sorted/BonaFide/005_03.jpg,/nas-ctm01/datasets/public/BIOMETRICS/Face_Morphing/MAD22/original_sorted/BonaFide/033_03.jpg,70,7,54
57,MAD22,MIPGAN_I,random_80_20,train,/nas-ctm01/datasets/public/BIOMETRICS/Face_Morphing/MAD22/original_sorted/MIPGAN_I/005_03-vs-068_03.png,005_03-vs-068_03.png,005_03-vs-068_03,005_03,068_03,005,068,/nas-ctm01/datasets/public/BIOMETRICS/Face_Morphing/MAD22/original_sorted/BonaFide/005_03.jpg,/nas-ctm01/datasets/public/BIOMETRICS/Face_Morphing/MAD22/original_sorted/BonaFide/068_03.jpg,71,7,86
58,MAD22,MIPGAN_I,random_80_20,train,/nas-ctm01/datasets/public/BIOMETRICS/Face_Morphing/MAD22/original_sorted/MIPGAN_I/005_03-vs-082_03.png,005_03-vs-082_03.png,005_03-vs-082_03,005_03,082_03,005,082,/nas-ctm01/datasets/public/BIOMETRICS/Face_Morphing/MAD22/original_sorted/BonaFide/005_03.jpg,/nas-ctm01/datasets/public/BIOMETRICS/Face_Morphing/MAD22/original_sorted/BonaFide/082_03.jpg,72,7,92
59,MAD22,MIPGAN_I,random_80_20,train,/nas-ctm01/datasets/public/BIOMETRICS/Face_Morphing/MAD22/original_sorted/MIPGAN_I/005_03-vs-104_03.png,005_03-vs-104_03.png,005_03-vs-104_03,005_03,104_03,005,104,/nas-ctm01/datasets/public/BIOMETRICS/Face_Morphing/MAD22/original_sorted/BonaFide/005_03.jpg,/nas-ctm01/datasets/public/BIOMETRICS/Face_Morphing/MAD22/original_sorted/BonaFide/104_03.jpg,73,7,119
60,MAD22,MIPGAN_I,random_80_20,train,/nas-ctm01/datasets/public/BIOMETRICS/Face_Morphing/MAD22/original_sorted/MIPGAN_I/005_03-vs-115_03.png,005_03-vs-115_03.png,005_03-vs-115_03,005_03,115_03,005,115,/nas-ctm01/datasets/public/BIOMETRICS/Face_Morphing/MAD22/original_sorted/BonaFide/005_03.jpg,/nas-ctm01/datasets/public/BIOMETRICS/Face_Morphing/MAD22/original_sorted/BonaFide/115_03.jpg,74,7,130
61,MAD22,MIPGAN_I,random_80_20,train,/nas-ctm01/datasets/public/BIOMETRICS/Face_Morphing/MAD22/original_sorted/MIPGAN_I/005_08-vs-021_08.png,005_08-vs-021_08.png,005_08-vs-021_08,005_08,021_08,005,021,/nas-ctm01/datasets/public/BIOMETRICS/Face_Morphing/MAD22/original_sorted/BonaFide/005_08.jpg,/nas-ctm01/datasets/public/BIOMETRICS/Face_Morphing/MAD22/original_sorted/BonaFide/021_08.jpg,75,8,35
62,MAD22,MIPGAN_I,random_80_20,train,/nas-ctm01/datasets/public/BIOMETRICS/Face_Morphing/MAD22/original_sorted/MIPGAN_I/005_08-vs-033_08.png,005_08-vs-033_08.png,005_08-vs-033_08,005_08,033_08,005,033,/nas-ctm01/datasets/public/BIOMETRICS/Face_Morphing/MAD22/original_sorted/BonaFide/005_08.jpg,/nas-ctm01/datasets/public/BIOMETRICS/Face_Morphing/MAD22/original_sorted/BonaFide/033_08.jpg,77,8,55
63,MAD22,MIPGAN_I,random_80_20,train,/nas-ctm01/datasets/public/BIOMETRICS/Face_Morphing/MAD22/original_sorted/MIPGAN_I/005_08-vs-067_08.png,005_08-vs-067_08.png,005_08-vs-067_08,005_08,067_08,005,067,/nas-ctm01/datasets/public/BIOMETRICS/Face_Morphing/MAD22/original_sorted/BonaFide/005_08.jpg,/nas-ctm01/datasets/public/BIOMETRICS/Face_Morphing/MAD22/original_sorted/BonaFide/067_08.jpg,78,8,85
64,MAD22,MIPGAN_I,random_80_20,train,/nas-ctm01/datasets/public/BIOMETRICS/Face_Morphing/MAD22/original_sorted/MIPGAN_I/005_08-vs-068_08.png,005_08-vs-068_08.png,005_08-vs-068_08,005_08,068_08,005,068,/nas-ctm01/datasets/public/BIOMETRICS/Face_Morphing/MAD22/original_sorted/BonaFide/005_08.jpg,/nas-ctm01/datasets/public/BIOMETRICS/Face_Morphing/MAD22/original_sorted/BonaFide/068_08.jpg,79,8,87
65,MAD22,MIPGAN_I,random_80_20,train,/nas-ctm01/datasets/public/BIOMETRICS/Face_Morphing/MAD22/original_sorted/MIPGAN_I/005_08-vs-115_08.png,005_08-vs-115_08.png,005_08-vs-115_08,005_08,115_08,005,115,/nas-ctm01/datasets/public/BIOMETRICS/Face_Morphing/MAD22/original_sorted/BonaFide/005_08.jpg,/nas-ctm01/datasets/public/BIOMETRICS/Face_Morphing/MAD22/original_sorted/BonaFide/115_08.jpg,80,8,131
66,MAD22,MIPGAN_I,random_80_20,train,/nas-ctm01/datasets/public/BIOMETRICS/Face_Morphing/MAD22/original_sorted/MIPGAN_I/006_03-vs-016_03.png,006_03-vs-016_03.png,006_03-vs-016_03,006_03,016_03,006,016,/nas-ctm01/datasets/public/BIOMETRICS/Face_Morphing/MAD22/original_sorted/BonaFide/006_03.jpg,/nas-ctm01/datasets/public/BIOMETRICS/Face_Morphing/MAD22/original_sorted/BonaFide/016_03.jpg,82,9,25
67,MAD22,MIPGAN_I,random_80_20,train,/nas-ctm01/datasets/public/BIOMETRICS/Face_Morphing/MAD22/original_sorted/MIPGAN_I/006_03-vs-064_03.png,006_03-vs-064_03.png,006_03-vs-064_03,006_03,064_03,006,064,/nas-ctm01/datasets/public/BIOMETRICS/Face_Morphing/MAD22/original_sorted/BonaFide/006_03.jpg,/nas-ctm01/datasets/public/BIOMETRICS/Face_Morphing/MAD22/original_sorted/BonaFide/064_03.jpg,83,9,80
68,MAD22,MIPGAN_I,random_80_20,train,/nas-ctm01/datasets/public/BIOMETRICS/Face_Morphing/MAD22/original_sorted/MIPGAN_I/006_03-vs-094_03.png,006_03-vs-094_03.png,006_03-vs-094_03,006_03,094_03,006,094,/nas-ctm01/datasets/public/BIOMETRICS/Face_Morphing/MAD22/original_sorted/BonaFide/006_03.jpg,/nas-ctm01/datasets/public/BIOMETRICS/Face_Morphing/MAD22/original_sorted/BonaFide/094_03.jpg,84,9,104
69,MAD22,MIPGAN_I,random_80_20,train,/nas-ctm01/datasets/public/BIOMETRICS/Face_Morphing/MAD22/original_sorted/MIPGAN_I/006_03-vs-097_03.png,006_03-vs-097_03.png,006_03-vs-097_03,006_03,097_03,006,097,/nas-ctm01/datasets/public/BIOMETRICS/Face_Morphing/MAD22/original_sorted/BonaFide/006_03.jpg,/nas-ctm01/datasets/public/BIOMETRICS/Face_Morphing/MAD22/original_sorted/BonaFide/097_03.jpg,85,9,108
70,MAD22,MIPGAN_I,random_80_20,train,/nas-ctm01/datasets/public/BIOMETRICS/Face_Morphing/MAD22/original_sorted/MIPGAN_I/006_03-vs-102_03.png,006_03-vs-102_03.png,006_03-vs-102_03,006_03,102_03,006,102,/nas-ctm01/datasets/public/BIOMETRICS/Face_Morphing/MAD22/original_sorted/BonaFide/006_03.jpg,/nas-ctm01/datasets/public/BIOMETRICS/Face_Morphing/MAD22/original_sorted/BonaFide/102_03.jpg,86,9,115
71,MAD22,MIPGAN_I,random_80_20,train,/nas-ctm01/datasets/public/BIOMETRICS/Face_Morphing/MAD22/original_sorted/MIPGAN_I/006_08-vs-081_08.png,006_08-vs-081_08.png,006_08-vs-081_08,006_08,081_08,006,081,/nas-ctm01/datasets/public/BIOMETRICS/Face_Morphing/MAD22/original_sorted/BonaFide/006_08.jpg,/nas-ctm01/datasets/public/BIOMETRICS/Face_Morphing/MAD22/original_sorted/BonaFide/081_08.jpg,88,10,91
72,MAD22,MIPGAN_I,random_80_20,train,/nas-ctm01/datasets/public/BIOMETRICS/Face_Morphing/MAD22/original_sorted/MIPGAN_I/006_08-vs-097_08.png,006_08-vs-097_08.png,006_08-vs-097_08,006_08,097_08,006,097,/nas-ctm01/datasets/public/BIOMETRICS/Face_Morphing/MAD22/original_sorted/BonaFide/006_08.jpg,/nas-ctm01/datasets/public/BIOMETRICS/Face_Morphing/MAD22/original_sorted/BonaFide/097_08.jpg,89,10,109
73,MAD22,MIPGAN_I,random_80_20,train,/nas-ctm01/datasets/public/BIOMETRICS/Face_Morphing/MAD22/original_sorted/MIPGAN_I/006_08-vs-112_08.png,006_08-vs-112_08.png,006_08-vs-112_08,006_08,112_08,006,112,/nas-ctm01/datasets/public/BIOMETRICS/Face_Morphing/MAD22/original_sorted/BonaFide/006_08.jpg,/nas-ctm01/datasets/public/BIOMETRICS/Face_Morphing/MAD22/original_sorted/BonaFide/112_08.jpg,90,10,126
74,MAD22,MIPGAN_I,random_80_20,train,/nas-ctm01/datasets/public/BIOMETRICS/Face_Morphing/MAD22/original_sorted/MIPGAN_I/006_08-vs-118_08.png,006_08-vs-118_08.png,006_08-vs-118_08,006_08,118_08,006,118,/nas-ctm01/datasets/public/BIOMETRICS/Face_Morphing/MAD22/original_sorted/BonaFide/006_08.jpg,/nas-ctm01/datasets/public/BIOMETRICS/Face_Morphing/MAD22/original_sorted/BonaFide/118_08.jpg,91,10,134
75,MAD22,MIPGAN_I,random_80_20,train,/nas-ctm01/datasets/public/BIOMETRICS/Face_Morphing/MAD22/original_sorted/MIPGAN_I/006_08-vs-139_08.png,006_08-vs-139_08.png,006_08-vs-139_08,006_08,139_08,006,139,/nas-ctm01/datasets/public/BIOMETRICS/Face_Morphing/MAD22/original_sorted/BonaFide/006_08.jpg,/nas-ctm01/datasets/public/BIOMETRICS/Face_Morphing/MAD22/original_sorted/BonaFide/139_08.jpg,92,10,171
76,MAD22,MIPGAN_I,random_80_20,train,/nas-ctm01/datasets/public/BIOMETRICS/Face_Morphing/MAD22/original_sorted/MIPGAN_I/006_08-vs-144_08.png,006_08-vs-144_08.png,006_08-vs-144_08,006_08,144_08,006,144,/nas-ctm01/datasets/public/BIOMETRICS/Face_Morphing/MAD22/original_sorted/BonaFide/006_08.jpg,/nas-ctm01/datasets/public/BIOMETRICS/Face_Morphing/MAD22/original_sorted/BonaFide/144_08.jpg,93,10,180
77,MAD22,MIPGAN_I,random_80_20,train,/nas-ctm01/datasets/public/BIOMETRICS/Face_Morphing/MAD22/original_sorted/MIPGAN_I/007_03-vs-039_03.png,007_03-vs-039_03.png,007_03-vs-039_03,007_03,039_03,007,039,/nas-ctm01/datasets/public/BIOMETRICS/Face_Morphing/MAD22/original_sorted/BonaFide/007_03.jpg,/nas-ctm01/datasets/public/BIOMETRICS/Face_Morphing/MAD22/original_sorted/BonaFide/039_03.jpg,94,11,63
78,MAD22,MIPGAN_I,random_80_20,train,/nas-ctm01/datasets/public/BIOMETRICS/Face_Morphing/MAD22/original_sorted/MIPGAN_I/007_03-vs-062_03.png,007_03-vs-062_03.png,007_03-vs-062_03,007_03,062_03,007,062,/nas-ctm01/datasets/public/BIOMETRICS/Face_Morphing/MAD22/original_sorted/BonaFide/007_03.jpg,/nas-ctm01/datasets/public/BIOMETRICS/Face_Morphing/MAD22/original_sorted/BonaFide/062_03.jpg,95,11,76
79,MAD22,MIPGAN_I,random_80_20,train,/nas-ctm01/datasets/public/BIOMETRICS/Face_Morphing/MAD22/original_sorted/MIPGAN_I/007_03-vs-094_03.png,007_03-vs-094_03.png,007_03-vs-094_03,007_03,094_03,007,094,/nas-ctm01/datasets/public/BIOMETRICS/Face_Morphing/MAD22/original_sorted/BonaFide/007_03.jpg,/nas-ctm01/datasets/public/BIOMETRICS/Face_Morphing/MAD22/original_sorted/BonaFide/094_03.jpg,96,11,104
80,MAD22,MIPGAN_I,random_80_20,train,/nas-ctm01/datasets/public/BIOMETRICS/Face_Morphing/MAD22/original_sorted/MIPGAN_I/007_03-vs-107_03.png,007_03-vs-107_03.png,007_03-vs-107_03,007_03,107_03,007,107,/nas-ctm01/datasets/public/BIOMETRICS/Face_Morphing/MAD22/original_sorted/BonaFide/007_03.jpg,/nas-ctm01/datasets/public/BIOMETRICS/Face_Morphing/MAD22/original_sorted/BonaFide/107_03.jpg,97,11,121
81,MAD22,MIPGAN_I,random_80_20,train,/nas-ctm01/datasets/public/BIOMETRICS/Face_Morphing/MAD22/original_sorted/MIPGAN_I/007_03-vs-122_03.png,007_03-vs-122_03.png,007_03-vs-122_03,007_03,122_03,007,122,/nas-ctm01/datasets/public/BIOMETRICS/Face_Morphing/MAD22/original_sorted/BonaFide/007_03.jpg,/nas-ctm01/datasets/public/BIOMETRICS/Face_Morphing/MAD22/original_sorted/BonaFide/122_03.jpg,98,11,141
82,MAD22,MIPGAN_I,random_80_20,train,/nas-ctm01/datasets/public/BIOMETRICS/Face_Morphing/MAD22/original_sorted/MIPGAN_I/007_03-vs-124_03.png,007_03-vs-124_03.png,007_03-vs-124_03,007_03,124_03,007,124,/nas-ctm01/datasets/public/BIOMETRICS/Face_Morphing/MAD22/original_sorted/BonaFide/007_03.jpg,/nas-ctm01/datasets/public/BIOMETRICS/Face_Morphing/MAD22/original_sorted/BonaFide/124_03.jpg,99,11,145
83,MAD22,MIPGAN_I,random_80_20,train,/nas-ctm01/datasets/public/BIOMETRICS/Face_Morphing/MAD22/original_sorted/MIPGAN_I/008_03-vs-063_03.png,008_03-vs-063_03.png,008_03-vs-063_03,008_03,063_03,008,063,/nas-ctm01/datasets/public/BIOMETRICS/Face_Morphing/MAD22/original_sorted/BonaFide/008_03.jpg,/nas-ctm01/datasets/public/BIOMETRICS/Face_Morphing/MAD22/original_sorted/BonaFide/063_03.jpg,100,12,78
84,MAD22,MIPGAN_I,random_80_20,train,/nas-ctm01/datasets/public/BIOMETRICS/Face_Morphing/MAD22/original_sorted/MIPGAN_I/008_03-vs-104_03.png,008_03-vs-104_03.png,008_03-vs-104_03,008_03,104_03,008,104,/nas-ctm01/datasets/public/BIOMETRICS/Face_Morphing/MAD22/original_sorted/BonaFide/008_03.jpg,/nas-ctm01/datasets/public/BIOMETRICS/Face_Morphing/MAD22/original_sorted/BonaFide/104_03.jpg,101,12,119
85,MAD22,MIPGAN_I,random_80_20,train,/nas-ctm01/datasets/public/BIOMETRICS/Face_Morphing/MAD22/original_sorted/MIPGAN_I/008_08-vs-042_08.png,008_08-vs-042_08.png,008_08-vs-042_08,008_08,042_08,008,042,/nas-ctm01/datasets/public/BIOMETRICS/Face_Morphing/MAD22/original_sorted/BonaFide/008_08.jpg,/nas-ctm01/datasets/public/BIOMETRICS/Face_Morphing/MAD22/original_sorted/BonaFide/042_08.jpg,103,13,68
86,MAD22,MIPGAN_I,random_80_20,train,/nas-ctm01/datasets/public/BIOMETRICS/Face_Morphing/MAD22/original_sorted/MIPGAN_I/008_08-vs-061_08.png,008_08-vs-061_08.png,008_08-vs-061_08,008_08,061_08,008,061,/nas-ctm01/datasets/public/BIOMETRICS/Face_Morphing/MAD22/original_sorted/BonaFide/008_08.jpg,/nas-ctm01/datasets/public/BIOMETRICS/Face_Morphing/MAD22/original_sorted/BonaFide/061_08.jpg,104,13,75
87,MAD22,MIPGAN_I,random_80_20,train,/nas-ctm01/datasets/public/BIOMETRICS/Face_Morphing/MAD22/original_sorted/MIPGAN_I/009_03-vs-014_03.png,009_03-vs-014_03.png,009_03-vs-014_03,009_03,014_03,009,014,/nas-ctm01/datasets/public/BIOMETRICS/Face_Morphing/MAD22/original_sorted/BonaFide/009_03.jpg,/nas-ctm01/datasets/public/BIOMETRICS/Face_Morphing/MAD22/original_sorted/BonaFide/014_03.jpg,107,14,23
88,MAD22,MIPGAN_I,random_80_20,train,/nas-ctm01/datasets/public/BIOMETRICS/Face_Morphing/MAD22/original_sorted/MIPGAN_I/009_03-vs-019_03.png,009_03-vs-019_03.png,009_03-vs-019_03,009_03,019_03,009,019,/nas-ctm01/datasets/public/BIOMETRICS/Face_Morphing/MAD22/original_sorted/BonaFide/009_03.jpg,/nas-ctm01/datasets/public/BIOMETRICS/Face_Morphing/MAD22/original_sorted/BonaFide/019_03.jpg,108,14,30
89,MAD22,MIPGAN_I,random_80_20,train,/nas-ctm01/datasets/public/BIOMETRICS/Face_Morphing/MAD22/original_sorted/MIPGAN_I/009_03-vs-027_03.png,009_03-vs-027_03.png,009_03-vs-027_03,009_03,027_03,009,027,/nas-ctm01/datasets/public/BIOMETRICS/Face_Morphing/MAD22/original_sorted/BonaFide/009_03.jpg,/nas-ctm01/datasets/public/BIOMETRICS/Face_Morphing/MAD22/original_sorted/BonaFide/027_03.jpg,109,14,44
90,MAD22,MIPGAN_I,random_80_20,train,/nas-ctm01/datasets/public/BIOMETRICS/Face_Morphing/MAD22/original_sorted/MIPGAN_I/009_03-vs-039_03.png,009_03-vs-039_03.png,009_03-vs-039_03,009_03,039_03,009,039,/nas-ctm01/datasets/public/BIOMETRICS/Face_Morphing/MAD22/original_sorted/BonaFide/009_03.jpg,/nas-ctm01/datasets/public/BIOMETRICS/Face_Morphing/MAD22/original_sorted/BonaFide/039_03.jpg,110,14,63
91,MAD22,MIPGAN_I,random_80_20,train,/nas-ctm01/datasets/public/BIOMETRICS/Face_Morphing/MAD22/original_sorted/MIPGAN_I/009_03-vs-083_03.png,009_03-vs-083_03.png,009_03-vs-083_03,009_03,083_03,009,083,/nas-ctm01/datasets/public/BIOMETRICS/Face_Morphing/MAD22/original_sorted/BonaFide/009_03.jpg,/nas-ctm01/datasets/public/BIOMETRICS/Face_Morphing/MAD22/original_sorted/BonaFide/083_03.jpg,112,14,94
92,MAD22,MIPGAN_I,random_80_20,train,/nas-ctm01/datasets/public/BIOMETRICS/Face_Morphing/MAD22/original_sorted/MIPGAN_I/009_03-vs-107_03.png,009_03-vs-107_03.png,009_03-vs-107_03,009_03,107_03,009,107,/nas-ctm01/datasets/public/BIOMETRICS/Face_Morphing/MAD22/original_sorted/BonaFide/009_03.jpg,/nas-ctm01/datasets/public/BIOMETRICS/Face_Morphing/MAD22/original_sorted/BonaFide/107_03.jpg,115,14,121
93,MAD22,MIPGAN_I,random_80_20,train,/nas-ctm01/datasets/public/BIOMETRICS/Face_Morphing/MAD22/original_sorted/MIPGAN_I/009_03-vs-112_03.png,009_03-vs-112_03.png,009_03-vs-112_03,009_03,112_03,009,112,/nas-ctm01/datasets/public/BIOMETRICS/Face_Morphing/MAD22/original_sorted/BonaFide/009_03.jpg,/nas-ctm01/datasets/public/BIOMETRICS/Face_Morphing/MAD22/original_sorted/BonaFide/112_03.jpg,116,14,125
94,MAD22,MIPGAN_I,random_80_20,train,/nas-ctm01/datasets/public/BIOMETRICS/Face_Morphing/MAD22/original_sorted/MIPGAN_I/009_03-vs-129_03.png,009_03-vs-129_03.png,009_03-vs-129_03,009_03,129_03,009,129,/nas-ctm01/datasets/public/BIOMETRICS/Face_Morphing/MAD22/original_sorted/BonaFide/009_03.jpg,/nas-ctm01/datasets/public/BIOMETRICS/Face_Morphing/MAD22/original_sorted/BonaFide/129_03.jpg,118,14,154
95,MAD22,MIPGAN_I,random_80_20,train,/nas-ctm01/datasets/public/BIOMETRICS/Face_Morphing/MAD22/original_sorted/MIPGAN_I/009_03-vs-139_03.png,009_03-vs-139_03.png,009_03-vs-139_03,009_03,139_03,009,139,/nas-ctm01/datasets/public/BIOMETRICS/Face_Morphing/MAD22/original_sorted/BonaFide/009_03.jpg,/nas-ctm01/datasets/public/BIOMETRICS/Face_Morphing/MAD22/original_sorted/BonaFide/139_03.jpg,119,14,170
96,MAD22,MIPGAN_I,random_80_20,train,/nas-ctm01/datasets/public/BIOMETRICS/Face_Morphing/MAD22/original_sorted/MIPGAN_I/009_03-vs-144_03.png,009_03-vs-144_03.png,009_03-vs-144_03,009_03,144_03,009,144,/nas-ctm01/datasets/public/BIOMETRICS/Face_Morphing/MAD22/original_sorted/BonaFide/009_03.jpg,/nas-ctm01/datasets/public/BIOMETRICS/Face_Morphing/MAD22/original_sorted/BonaFide/144_03.jpg,120,14,179
97,MAD22,MIPGAN_I,random_80_20,train,/nas-ctm01/datasets/public/BIOMETRICS/Face_Morphing/MAD22/original_sorted/MIPGAN_I/009_08-vs-019_08.png,009_08-vs-019_08.png,009_08-vs-019_08,009_08,019_08,009,019,/nas-ctm01/datasets/public/BIOMETRICS/Face_Morphing/MAD22/original_sorted/BonaFide/009_08.jpg,/nas-ctm01/datasets/public/BIOMETRICS/Face_Morphing/MAD22/original_sorted/BonaFide/019_08.jpg,121,15,31
98,MAD22,MIPGAN_I,random_80_20,train,/nas-ctm01/datasets/public/BIOMETRICS/Face_Morphing/MAD22/original_sorted/MIPGAN_I/009_08-vs-107_08.png,009_08-vs-107_08.png,009_08-vs-107_08,009_08,107_08,009,107,/nas-ctm01/datasets/public/BIOMETRICS/Face_Morphing/MAD22/original_sorted/BonaFide/009_08.jpg,/nas-ctm01/datasets/public/BIOMETRICS/Face_Morphing/MAD22/original_sorted/BonaFide/107_08.jpg,124,15,122
99,MAD22,MIPGAN_I,random_80_20,train,/nas-ctm01/datasets/public/BIOMETRICS/Face_Morphing/MAD22/original_sorted/MIPGAN_I/009_08-vs-112_08.png,009_08-vs-112_08.png,009_08-vs-112_08,009_08,112_08,009,112,/nas-ctm01/datasets/public/BIOMETRICS/Face_Morphing/MAD22/original_sorted/BonaFide/009_08.jpg,/nas-ctm01/datasets/public/BIOMETRICS/Face_Morphing/MAD22/original_sorted/BonaFide/112_08.jpg,125,15,126
100,MAD22,MIPGAN_I,random_80_20,train,/nas-ctm01/datasets/public/BIOMETRICS/Face_Morphing/MAD22/original_sorted/MIPGAN_I/009_08-vs-122_08.png,009_08-vs-122_08.png,009_08-vs-122_08,009_08,122_08,009,122,/nas-ctm01/datasets/public/BIOMETRICS/Face_Morphing/MAD22/original_sorted/BonaFide/009_08.jpg,/nas-ctm01/datasets/public/BIOMETRICS/Face_Morphing/MAD22/original_sorted/BonaFide/122_08.jpg,126,15,142
101,MAD22,MIPGAN_I,random_80_20,train,/nas-ctm01/datasets/public/BIOMETRICS/Face_Morphing/MAD22/original_sorted/MIPGAN_I/009_08-vs-129_08.png,009_08-vs-129_08.png,009_08-vs-129_08,009_08,129_08,009,129,/nas-ctm01/datasets/public/BIOMETRICS/Face_Morphing/MAD22/original_sorted/BonaFide/009_08.jpg,/nas-ctm01/datasets/public/BIOMETRICS/Face_Morphing/MAD22/original_sorted/BonaFide/129_08.jpg,127,15,155
102,MAD22,MIPGAN_I,random_80_20,train,/nas-ctm01/datasets/public/BIOMETRICS/Face_Morphing/MAD22/original_sorted/MIPGAN_I/009_08-vs-135_08.png,009_08-vs-135_08.png,009_08-vs-135_08,009_08,135_08,009,135,/nas-ctm01/datasets/public/BIOMETRICS/Face_Morphing/MAD22/original_sorted/BonaFide/009_08.jpg,/nas-ctm01/datasets/public/BIOMETRICS/Face_Morphing/MAD22/original_sorted/BonaFide/135_08.jpg,128,15,165
103,MAD22,MIPGAN_I,random_80_20,train,/nas-ctm01/datasets/public/BIOMETRICS/Face_Morphing/MAD22/original_sorted/MIPGAN_I/009_08-vs-144_08.png,009_08-vs-144_08.png,009_08-vs-144_08,009_08,144_08,009,144,/nas-ctm01/datasets/public/BIOMETRICS/Face_Morphing/MAD22/original_sorted/BonaFide/009_08.jpg,/nas-ctm01/datasets/public/BIOMETRICS/Face_Morphing/MAD22/original_sorted/BonaFide/144_08.jpg,129,15,180
104,MAD22,MIPGAN_I,random_80_20,train,/nas-ctm01/datasets/public/BIOMETRICS/Face_Morphing/MAD22/original_sorted/MIPGAN_I/010_03-vs-030_03.png,010_03-vs-030_03.png,010_03-vs-030_03,010_03,030_03,010,030,/nas-ctm01/datasets/public/BIOMETRICS/Face_Morphing/MAD22/original_sorted/BonaFide/010_03.jpg,/nas-ctm01/datasets/public/BIOMETRICS/Face_Morphing/MAD22/original_sorted/BonaFide/030_03.jpg,130,16,48
105,MAD22,MIPGAN_I,random_80_20,train,/nas-ctm01/datasets/public/BIOMETRICS/Face_Morphing/MAD22/original_sorted/MIPGAN_I/010_03-vs-038_03.png,010_03-vs-038_03.png,010_03-vs-038_03,010_03,038_03,010,038,/nas-ctm01/datasets/public/BIOMETRICS/Face_Morphing/MAD22/original_sorted/BonaFide/010_03.jpg,/nas-ctm01/datasets/public/BIOMETRICS/Face_Morphing/MAD22/original_sorted/BonaFide/038_03.jpg,131,16,61
106,MAD22,MIPGAN_I,random_80_20,train,/nas-ctm01/datasets/public/BIOMETRICS/Face_Morphing/MAD22/original_sorted/MIPGAN_I/010_03-vs-039_03.png,010_03-vs-039_03.png,010_03-vs-039_03,010_03,039_03,010,039,/nas-ctm01/datasets/public/BIOMETRICS/Face_Morphing/MAD22/original_sorted/BonaFide/010_03.jpg,/nas-ctm01/datasets/public/BIOMETRICS/Face_Morphing/MAD22/original_sorted/BonaFide/039_03.jpg,132,16,63
107,MAD22,MIPGAN_I,random_80_20,train,/nas-ctm01/datasets/public/BIOMETRICS/Face_Morphing/MAD22/original_sorted/MIPGAN_I/010_03-vs-090_03.png,010_03-vs-090_03.png,010_03-vs-090_03,010_03,090_03,010,090,/nas-ctm01/datasets/public/BIOMETRICS/Face_Morphing/MAD22/original_sorted/BonaFide/010_03.jpg,/nas-ctm01/datasets/public/BIOMETRICS/Face_Morphing/MAD22/original_sorted/BonaFide/090_03.jpg,133,16,99
108,MAD22,MIPGAN_I,random_80_20,train,/nas-ctm01/datasets/public/BIOMETRICS/Face_Morphing/MAD22/original_sorted/MIPGAN_I/010_03-vs-126_03.png,010_03-vs-126_03.png,010_03-vs-126_03,010_03,126_03,010,126,/nas-ctm01/datasets/public/BIOMETRICS/Face_Morphing/MAD22/original_sorted/BonaFide/010_03.jpg,/nas-ctm01/datasets/public/BIOMETRICS/Face_Morphing/MAD22/original_sorted/BonaFide/126_03.jpg,134,16,149
109,MAD22,MIPGAN_I,random_80_20,train,/nas-ctm01/datasets/public/BIOMETRICS/Face_Morphing/MAD22/original_sorted/MIPGAN_I/010_08-vs-020_08.png,010_08-vs-020_08.png,010_08-vs-020_08,010_08,020_08,010,020,/nas-ctm01/datasets/public/BIOMETRICS/Face_Morphing/MAD22/original_sorted/BonaFide/010_08.jpg,/nas-ctm01/datasets/public/BIOMETRICS/Face_Morphing/MAD22/original_sorted/BonaFide/020_08.jpg,135,17,33
110,MAD22,MIPGAN_I,random_80_20,train,/nas-ctm01/datasets/public/BIOMETRICS/Face_Morphing/MAD22/original_sorted/MIPGAN_I/010_08-vs-030_08.png,010_08-vs-030_08.png,010_08-vs-030_08,010_08,030_08,010,030,/nas-ctm01/datasets/public/BIOMETRICS/Face_Morphing/MAD22/original_sorted/BonaFide/010_08.jpg,/nas-ctm01/datasets/public/BIOMETRICS/Face_Morphing/MAD22/original_sorted/BonaFide/030_08.jpg,136,17,49
111,MAD22,MIPGAN_I,random_80_20,train,/nas-ctm01/datasets/public/BIOMETRICS/Face_Morphing/MAD22/original_sorted/MIPGAN_I/010_08-vs-039_08.png,010_08-vs-039_08.png,010_08-vs-039_08,010_08,039_08,010,039,/nas-ctm01/datasets/public/BIOMETRICS/Face_Morphing/MAD22/original_sorted/BonaFide/010_08.jpg,/nas-ctm01/datasets/public/BIOMETRICS/Face_Morphing/MAD22/original_sorted/BonaFide/039_08.jpg,138,17,64
112,MAD22,MIPGAN_I,random_80_20,train,/nas-ctm01/datasets/public/BIOMETRICS/Face_Morphing/MAD22/original_sorted/MIPGAN_I/010_08-vs-136_08.png,010_08-vs-136_08.png,010_08-vs-136_08,010_08,136_08,010,136,/nas-ctm01/datasets/public/BIOMETRICS/Face_Morphing/MAD22/original_sorted/BonaFide/010_08.jpg,/nas-ctm01/datasets/public/BIOMETRICS/Face_Morphing/MAD22/original_sorted/BonaFide/136_08.jpg,139,17,167
113,MAD22,MIPGAN_I,random_80_20,train,/nas-ctm01/datasets/public/BIOMETRICS/Face_Morphing/MAD22/original_sorted/MIPGAN_I/011_03-vs-020_03.png,011_03-vs-020_03.png,011_03-vs-020_03,011_03,020_03,011,020,/nas-ctm01/datasets/public/BIOMETRICS/Face_Morphing/MAD22/original_sorted/BonaFide/011_03.jpg,/nas-ctm01/datasets/public/BIOMETRICS/Face_Morphing/MAD22/original_sorted/BonaFide/020_03.jpg,140,18,32
114,MAD22,MIPGAN_I,random_80_20,train,/nas-ctm01/datasets/public/BIOMETRICS/Face_Morphing/MAD22/original_sorted/MIPGAN_I/011_03-vs-062_03.png,011_03-vs-062_03.png,011_03-vs-062_03,011_03,062_03,011,062,/nas-ctm01/datasets/public/BIOMETRICS/Face_Morphing/MAD22/original_sorted/BonaFide/011_03.jpg,/nas-ctm01/datasets/public/BIOMETRICS/Face_Morphing/MAD22/original_sorted/BonaFide/062_03.jpg,142,18,76
115,MAD22,MIPGAN_I,random_80_20,train,/nas-ctm01/datasets/public/BIOMETRICS/Face_Morphing/MAD22/original_sorted/MIPGAN_I/011_03-vs-064_03.png,011_03-vs-064_03.png,011_03-vs-064_03,011_03,064_03,011,064,/nas-ctm01/datasets/public/BIOMETRICS/Face_Morphing/MAD22/original_sorted/BonaFide/011_03.jpg,/nas-ctm01/datasets/public/BIOMETRICS/Face_Morphing/MAD22/original_sorted/BonaFide/064_03.jpg,143,18,80
116,MAD22,MIPGAN_I,random_80_20,train,/nas-ctm01/datasets/public/BIOMETRICS/Face_Morphing/MAD22/original_sorted/MIPGAN_I/011_03-vs-097_03.png,011_03-vs-097_03.png,011_03-vs-097_03,011_03,097_03,011,097,/nas-ctm01/datasets/public/BIOMETRICS/Face_Morphing/MAD22/original_sorted/BonaFide/011_03.jpg,/nas-ctm01/datasets/public/BIOMETRICS/Face_Morphing/MAD22/original_sorted/BonaFide/097_03.jpg,144,18,108
117,MAD22,MIPGAN_I,random_80_20,train,/nas-ctm01/datasets/public/BIOMETRICS/Face_Morphing/MAD22/original_sorted/MIPGAN_I/011_03-vs-118_03.png,011_03-vs-118_03.png,011_03-vs-118_03,011_03,118_03,011,118,/nas-ctm01/datasets/public/BIOMETRICS/Face_Morphing/MAD22/original_sorted/BonaFide/011_03.jpg,/nas-ctm01/datasets/public/BIOMETRICS/Face_Morphing/MAD22/original_sorted/BonaFide/118_03.jpg,145,18,133
118,MAD22,MIPGAN_I,random_80_20,train,/nas-ctm01/datasets/public/BIOMETRICS/Face_Morphing/MAD22/original_sorted/MIPGAN_I/011_03-vs-120_03.png,011_03-vs-120_03.png,011_03-vs-120_03,011_03,120_03,011,120,/nas-ctm01/datasets/public/BIOMETRICS/Face_Morphing/MAD22/original_sorted/BonaFide/011_03.jpg,/nas-ctm01/datasets/public/BIOMETRICS/Face_Morphing/MAD22/original_sorted/BonaFide/120_03.jpg,146,18,137
119,MAD22,MIPGAN_I,random_80_20,train,/nas-ctm01/datasets/public/BIOMETRICS/Face_Morphing/MAD22/original_sorted/MIPGAN_I/011_03-vs-124_03.png,011_03-vs-124_03.png,011_03-vs-124_03,011_03,124_03,011,124,/nas-ctm01/datasets/public/BIOMETRICS/Face_Morphing/MAD22/original_sorted/BonaFide/011_03.jpg,/nas-ctm01/datasets/public/BIOMETRICS/Face_Morphing/MAD22/original_sorted/BonaFide/124_03.jpg,147,18,145
120,MAD22,MIPGAN_I,random_80_20,train,/nas-ctm01/datasets/public/BIOMETRICS/Face_Morphing/MAD22/original_sorted/MIPGAN_I/011_03-vs-135_03.png,011_03-vs-135_03.png,011_03-vs-135_03,011_03,135_03,011,135,/nas-ctm01/datasets/public/BIOMETRICS/Face_Morphing/MAD22/original_sorted/BonaFide/011_03.jpg,/nas-ctm01/datasets/public/BIOMETRICS/Face_Morphing/MAD22/original_sorted/BonaFide/135_03.jpg,148,18,164
121,MAD22,MIPGAN_I,random_80_20,train,/nas-ctm01/datasets/public/BIOMETRICS/Face_Morphing/MAD22/original_sorted/MIPGAN_I/011_08-vs-020_08.png,011_08-vs-020_08.png,011_08-vs-020_08,011_08,020_08,011,020,/nas-ctm01/datasets/public/BIOMETRICS/Face_Morphing/MAD22/original_sorted/BonaFide/011_08.jpg,/nas-ctm01/datasets/public/BIOMETRICS/Face_Morphing/MAD22/original_sorted/BonaFide/020_08.jpg,149,19,33
122,MAD22,MIPGAN_I,random_80_20,train,/nas-ctm01/datasets/public/BIOMETRICS/Face_Morphing/MAD22/original_sorted/MIPGAN_I/011_08-vs-032_08.png,011_08-vs-032_08.png,011_08-vs-032_08,011_08,032_08,011,032,/nas-ctm01/datasets/public/BIOMETRICS/Face_Morphing/MAD22/original_sorted/BonaFide/011_08.jpg,/nas-ctm01/datasets/public/BIOMETRICS/Face_Morphing/MAD22/original_sorted/BonaFide/032_08.jpg,150,19,53
123,MAD22,MIPGAN_I,random_80_20,train,/nas-ctm01/datasets/public/BIOMETRICS/Face_Morphing/MAD22/original_sorted/MIPGAN_I/011_08-vs-062_08.png,011_08-vs-062_08.png,011_08-vs-062_08,011_08,062_08,011,062,/nas-ctm01/datasets/public/BIOMETRICS/Face_Morphing/MAD22/original_sorted/BonaFide/011_08.jpg,/nas-ctm01/datasets/public/BIOMETRICS/Face_Morphing/MAD22/original_sorted/BonaFide/062_08.jpg,151,19,77
124,MAD22,MIPGAN_I,random_80_20,train,/nas-ctm01/datasets/public/BIOMETRICS/Face_Morphing/MAD22/original_sorted/MIPGAN_I/011_08-vs-064_08.png,011_08-vs-064_08.png,011_08-vs-064_08,011_08,064_08,011,064,/nas-ctm01/datasets/public/BIOMETRICS/Face_Morphing/MAD22/original_sorted/BonaFide/011_08.jpg,/nas-ctm01/datasets/public/BIOMETRICS/Face_Morphing/MAD22/original_sorted/BonaFide/064_08.jpg,152,19,81
125,MAD22,MIPGAN_I,random_80_20,train,/nas-ctm01/datasets/public/BIOMETRICS/Face_Morphing/MAD22/original_sorted/MIPGAN_I/011_08-vs-091_08.png,011_08-vs-091_08.png,011_08-vs-091_08,011_08,091_08,011,091,/nas-ctm01/datasets/public/BIOMETRICS/Face_Morphing/MAD22/original_sorted/BonaFide/011_08.jpg,/nas-ctm01/datasets/public/BIOMETRICS/Face_Morphing/MAD22/original_sorted/BonaFide/091_08.jpg,153,19,101
126,MAD22,MIPGAN_I,random_80_20,train,/nas-ctm01/datasets/public/BIOMETRICS/Face_Morphing/MAD22/original_sorted/MIPGAN_I/011_08-vs-124_08.png,011_08-vs-124_08.png,011_08-vs-124_08,011_08,124_08,011,124,/nas-ctm01/datasets/public/BIOMETRICS/Face_Morphing/MAD22/original_sorted/BonaFide/011_08.jpg,/nas-ctm01/datasets/public/BIOMETRICS/Face_Morphing/MAD22/original_sorted/BonaFide/124_08.jpg,154,19,146
127,MAD22,MIPGAN_I,random_80_20,train,/nas-ctm01/datasets/public/BIOMETRICS/Face_Morphing/MAD22/original_sorted/MIPGAN_I/011_08-vs-135_08.png,011_08-vs-135_08.png,011_08-vs-135_08,011_08,135_08,011,135,/nas-ctm01/datasets/public/BIOMETRICS/Face_Morphing/MAD22/original_sorted/BonaFide/011_08.jpg,/nas-ctm01/datasets/public/BIOMETRICS/Face_Morphing/MAD22/original_sorted/BonaFide/135_08.jpg,155,19,165
128,MAD22,MIPGAN_I,random_80_20,train,/nas-ctm01/datasets/public/BIOMETRICS/Face_Morphing/MAD22/original_sorted/MIPGAN_I/011_08-vs-136_08.png,011_08-vs-136_08.png,011_08-vs-136_08,011_08,136_08,011,136,/nas-ctm01/datasets/public/BIOMETRICS/Face_Morphing/MAD22/original_sorted/BonaFide/011_08.jpg,/nas-ctm01/datasets/public/BIOMETRICS/Face_Morphing/MAD22/original_sorted/BonaFide/136_08.jpg,156,19,167
129,MAD22,MIPGAN_I,random_80_20,train,/nas-ctm01/datasets/public/BIOMETRICS/Face_Morphing/MAD22/original_sorted/MIPGAN_I/012_03-vs-026_03.png,012_03-vs-026_03.png,012_03-vs-026_03,012_03,026_03,012,026,/nas-ctm01/datasets/public/BIOMETRICS/Face_Morphing/MAD22/original_sorted/BonaFide/012_03.jpg,/nas-ctm01/datasets/public/BIOMETRICS/Face_Morphing/MAD22/original_sorted/BonaFide/026_03.jpg,157,20,42
130,MAD22,MIPGAN_I,random_80_20,train,/nas-ctm01/datasets/public/BIOMETRICS/Face_Morphing/MAD22/original_sorted/MIPGAN_I/012_03-vs-037_03.png,012_03-vs-037_03.png,012_03-vs-037_03,012_03,037_03,012,037,/nas-ctm01/datasets/public/BIOMETRICS/Face_Morphing/MAD22/original_sorted/BonaFide/012_03.jpg,/nas-ctm01/datasets/public/BIOMETRICS/Face_Morphing/MAD22/original_sorted/BonaFide/037_03.jpg,158,20,60
131,MAD22,MIPGAN_I,random_80_20,train,/nas-ctm01/datasets/public/BIOMETRICS/Face_Morphing/MAD22/original_sorted/MIPGAN_I/012_03-vs-041_03.png,012_03-vs-041_03.png,012_03-vs-041_03,012_03,041_03,012,041,/nas-ctm01/datasets/public/BIOMETRICS/Face_Morphing/MAD22/original_sorted/BonaFide/012_03.jpg,/nas-ctm01/datasets/public/BIOMETRICS/Face_Morphing/MAD22/original_sorted/BonaFide/041_03.jpg,159,20,65
132,MAD22,MIPGAN_I,random_80_20,train,/nas-ctm01/datasets/public/BIOMETRICS/Face_Morphing/MAD22/original_sorted/MIPGAN_I/012_03-vs-096_03.png,012_03-vs-096_03.png,012_03-vs-096_03,012_03,096_03,012,096,/nas-ctm01/datasets/public/BIOMETRICS/Face_Morphing/MAD22/original_sorted/BonaFide/012_03.jpg,/nas-ctm01/datasets/public/BIOMETRICS/Face_Morphing/MAD22/original_sorted/BonaFide/096_03.jpg,160,20,106
133,MAD22,MIPGAN_I,random_80_20,train,/nas-ctm01/datasets/public/BIOMETRICS/Face_Morphing/MAD22/original_sorted/MIPGAN_I/012_03-vs-138_03.png,012_03-vs-138_03.png,012_03-vs-138_03,012_03,138_03,012,138,/nas-ctm01/datasets/public/BIOMETRICS/Face_Morphing/MAD22/original_sorted/BonaFide/012_03.jpg,/nas-ctm01/datasets/public/BIOMETRICS/Face_Morphing/MAD22/original_sorted/BonaFide/138_03.jpg,161,20,169
134,MAD22,MIPGAN_I,random_80_20,train,/nas-ctm01/datasets/public/BIOMETRICS/Face_Morphing/MAD22/original_sorted/MIPGAN_I/012_03-vs-141_03.png,012_03-vs-141_03.png,012_03-vs-141_03,012_03,141_03,012,141,/nas-ctm01/datasets/public/BIOMETRICS/Face_Morphing/MAD22/original_sorted/BonaFide/012_03.jpg,/nas-ctm01/datasets/public/BIOMETRICS/Face_Morphing/MAD22/original_sorted/BonaFide/141_03.jpg,162,20,173
135,MAD22,MIPGAN_I,random_80_20,train,/nas-ctm01/datasets/public/BIOMETRICS/Face_Morphing/MAD22/original_sorted/MIPGAN_I/012_08-vs-017_08.png,012_08-vs-017_08.png,012_08-vs-017_08,012_08,017_08,012,017,/nas-ctm01/datasets/public/BIOMETRICS/Face_Morphing/MAD22/original_sorted/BonaFide/012_08.jpg,/nas-ctm01/datasets/public/BIOMETRICS/Face_Morphing/MAD22/original_sorted/BonaFide/017_08.jpg,163,21,27
136,MAD22,MIPGAN_I,random_80_20,train,/nas-ctm01/datasets/public/BIOMETRICS/Face_Morphing/MAD22/original_sorted/MIPGAN_I/012_08-vs-026_08.png,012_08-vs-026_08.png,012_08-vs-026_08,012_08,026_08,012,026,/nas-ctm01/datasets/public/BIOMETRICS/Face_Morphing/MAD22/original_sorted/BonaFide/012_08.jpg,/nas-ctm01/datasets/public/BIOMETRICS/Face_Morphing/MAD22/original_sorted/BonaFide/026_08.jpg,164,21,43
137,MAD22,MIPGAN_I,random_80_20,train,/nas-ctm01/datasets/public/BIOMETRICS/Face_Morphing/MAD22/original_sorted/MIPGAN_I/012_08-vs-041_08.png,012_08-vs-041_08.png,012_08-vs-041_08,012_08,041_08,012,041,/nas-ctm01/datasets/public/BIOMETRICS/Face_Morphing/MAD22/original_sorted/BonaFide/012_08.jpg,/nas-ctm01/datasets/public/BIOMETRICS/Face_Morphing/MAD22/original_sorted/BonaFide/041_08.jpg,165,21,66
138,MAD22,MIPGAN_I,random_80_20,train,/nas-ctm01/datasets/public/BIOMETRICS/Face_Morphing/MAD22/original_sorted/MIPGAN_I/012_08-vs-042_08.png,012_08-vs-042_08.png,012_08-vs-042_08,012_08,042_08,012,042,/nas-ctm01/datasets/public/BIOMETRICS/Face_Morphing/MAD22/original_sorted/BonaFide/012_08.jpg,/nas-ctm01/datasets/public/BIOMETRICS/Face_Morphing/MAD22/original_sorted/BonaFide/042_08.jpg,166,21,68
139,MAD22,MIPGAN_I,random_80_20,train,/nas-ctm01/datasets/public/BIOMETRICS/Face_Morphing/MAD22/original_sorted/MIPGAN_I/012_08-vs-143_08.png,012_08-vs-143_08.png,012_08-vs-143_08,012_08,143_08,012,143,/nas-ctm01/datasets/public/BIOMETRICS/Face_Morphing/MAD22/original_sorted/BonaFide/012_08.jpg,/nas-ctm01/datasets/public/BIOMETRICS/Face_Morphing/MAD22/original_sorted/BonaFide/143_08.jpg,168,21,178
140,MAD22,MIPGAN_I,random_80_20,train,/nas-ctm01/datasets/public/BIOMETRICS/Face_Morphing/MAD22/original_sorted/MIPGAN_I/013_08-vs-020_08.png,013_08-vs-020_08.png,013_08-vs-020_08,013_08,020_08,013,020,/nas-ctm01/datasets/public/BIOMETRICS/Face_Morphing/MAD22/original_sorted/BonaFide/013_08.jpg,/nas-ctm01/datasets/public/BIOMETRICS/Face_Morphing/MAD22/original_sorted/BonaFide/020_08.jpg,169,22,33
141,MAD22,MIPGAN_I,random_80_20,train,/nas-ctm01/datasets/public/BIOMETRICS/Face_Morphing/MAD22/original_sorted/MIPGAN_I/013_08-vs-038_08.png,013_08-vs-038_08.png,013_08-vs-038_08,013_08,038_08,013,038,/nas-ctm01/datasets/public/BIOMETRICS/Face_Morphing/MAD22/original_sorted/BonaFide/013_08.jpg,/nas-ctm01/datasets/public/BIOMETRICS/Face_Morphing/MAD22/original_sorted/BonaFide/038_08.jpg,171,22,62
142,MAD22,MIPGAN_I,random_80_20,train,/nas-ctm01/datasets/public/BIOMETRICS/Face_Morphing/MAD22/original_sorted/MIPGAN_I/013_08-vs-066_08.png,013_08-vs-066_08.png,013_08-vs-066_08,013_08,066_08,013,066,/nas-ctm01/datasets/public/BIOMETRICS/Face_Morphing/MAD22/original_sorted/BonaFide/013_08.jpg,/nas-ctm01/datasets/public/BIOMETRICS/Face_Morphing/MAD22/original_sorted/BonaFide/066_08.jpg,172,22,83
143,MAD22,MIPGAN_I,random_80_20,train,/nas-ctm01/datasets/public/BIOMETRICS/Face_Morphing/MAD22/original_sorted/MIPGAN_I/013_08-vs-097_08.png,013_08-vs-097_08.png,013_08-vs-097_08,013_08,097_08,013,097,/nas-ctm01/datasets/public/BIOMETRICS/Face_Morphing/MAD22/original_sorted/BonaFide/013_08.jpg,/nas-ctm01/datasets/public/BIOMETRICS/Face_Morphing/MAD22/original_sorted/BonaFide/097_08.jpg,173,22,109
144,MAD22,MIPGAN_I,random_80_20,train,/nas-ctm01/datasets/public/BIOMETRICS/Face_Morphing/MAD22/original_sorted/MIPGAN_I/013_08-vs-118_08.png,013_08-vs-118_08.png,013_08-vs-118_08,013_08,118_08,013,118,/nas-ctm01/datasets/public/BIOMETRICS/Face_Morphing/MAD22/original_sorted/BonaFide/013_08.jpg,/nas-ctm01/datasets/public/BIOMETRICS/Face_Morphing/MAD22/original_sorted/BonaFide/118_08.jpg,174,22,134
145,MAD22,MIPGAN_I,random_80_20,train,/nas-ctm01/datasets/public/BIOMETRICS/Face_Morphing/MAD22/original_sorted/MIPGAN_I/014_03-vs-019_03.png,014_03-vs-019_03.png,014_03-vs-019_03,014_03,019_03,014,019,/nas-ctm01/datasets/public/BIOMETRICS/Face_Morphing/MAD22/original_sorted/BonaFide/014_03.jpg,/nas-ctm01/datasets/public/BIOMETRICS/Face_Morphing/MAD22/original_sorted/BonaFide/019_03.jpg,175,23,30
146,MAD22,MIPGAN_I,random_80_20,train,/nas-ctm01/datasets/public/BIOMETRICS/Face_Morphing/MAD22/original_sorted/MIPGAN_I/014_03-vs-030_03.png,014_03-vs-030_03.png,014_03-vs-030_03,014_03,030_03,014,030,/nas-ctm01/datasets/public/BIOMETRICS/Face_Morphing/MAD22/original_sorted/BonaFide/014_03.jpg,/nas-ctm01/datasets/public/BIOMETRICS/Face_Morphing/MAD22/original_sorted/BonaFide/030_03.jpg,176,23,48
147,MAD22,MIPGAN_I,random_80_20,train,/nas-ctm01/datasets/public/BIOMETRICS/Face_Morphing/MAD22/original_sorted/MIPGAN_I/014_03-vs-122_03.png,014_03-vs-122_03.png,014_03-vs-122_03,014_03,122_03,014,122,/nas-ctm01/datasets/public/BIOMETRICS/Face_Morphing/MAD22/original_sorted/BonaFide/014_03.jpg,/nas-ctm01/datasets/public/BIOMETRICS/Face_Morphing/MAD22/original_sorted/BonaFide/122_03.jpg,178,23,141
148,MAD22,MIPGAN_I,random_80_20,train,/nas-ctm01/datasets/public/BIOMETRICS/Face_Morphing/MAD22/original_sorted/MIPGAN_I/014_03-vs-134_03.png,014_03-vs-134_03.png,014_03-vs-134_03,014_03,134_03,014,134,/nas-ctm01/datasets/public/BIOMETRICS/Face_Morphing/MAD22/original_sorted/BonaFide/014_03.jpg,/nas-ctm01/datasets/public/BIOMETRICS/Face_Morphing/MAD22/original_sorted/BonaFide/134_03.jpg,179,23,162
149,MAD22,MIPGAN_I,random_80_20,train,/nas-ctm01/datasets/public/BIOMETRICS/Face_Morphing/MAD22/original_sorted/MIPGAN_I/014_03-vs-139_03.png,014_03-vs-139_03.png,014_03-vs-139_03,014_03,139_03,014,139,/nas-ctm01/datasets/public/BIOMETRICS/Face_Morphing/MAD22/original_sorted/BonaFide/014_03.jpg,/nas-ctm01/datasets/public/BIOMETRICS/Face_Morphing/MAD22/original_sorted/BonaFide/139_03.jpg,180,23,170
150,MAD22,MIPGAN_I,random_80_20,train,/nas-ctm01/datasets/public/BIOMETRICS/Face_Morphing/MAD22/original_sorted/MIPGAN_I/014_08-vs-019_08.png,014_08-vs-019_08.png,014_08-vs-019_08,014_08,019_08,014,019,/nas-ctm01/datasets/public/BIOMETRICS/Face_Morphing/MAD22/original_sorted/BonaFide/014_08.jpg,/nas-ctm01/datasets/public/BIOMETRICS/Face_Morphing/MAD22/original_sorted/BonaFide/019_08.jpg,181,24,31
151,MAD22,MIPGAN_I,random_80_20,train,/nas-ctm01/datasets/public/BIOMETRICS/Face_Morphing/MAD22/original_sorted/MIPGAN_I/014_08-vs-134_08.png,014_08-vs-134_08.png,014_08-vs-134_08,014_08,134_08,014,134,/nas-ctm01/datasets/public/BIOMETRICS/Face_Morphing/MAD22/original_sorted/BonaFide/014_08.jpg,/nas-ctm01/datasets/public/BIOMETRICS/Face_Morphing/MAD22/original_sorted/BonaFide/134_08.jpg,183,24,163
152,MAD22,MIPGAN_I,random_80_20,train,/nas-ctm01/datasets/public/BIOMETRICS/Face_Morphing/MAD22/original_sorted/MIPGAN_I/016_03-vs-027_03.png,016_03-vs-027_03.png,016_03-vs-027_03,016_03,027_03,016,027,/nas-ctm01/datasets/public/BIOMETRICS/Face_Morphing/MAD22/original_sorted/BonaFide/016_03.jpg,/nas-ctm01/datasets/public/BIOMETRICS/Face_Morphing/MAD22/original_sorted/BonaFide/027_03.jpg,184,25,44
153,MAD22,MIPGAN_I,random_80_20,train,/nas-ctm01/datasets/public/BIOMETRICS/Face_Morphing/MAD22/original_sorted/MIPGAN_I/016_03-vs-083_03.png,016_03-vs-083_03.png,016_03-vs-083_03,016_03,083_03,016,083,/nas-ctm01/datasets/public/BIOMETRICS/Face_Morphing/MAD22/original_sorted/BonaFide/016_03.jpg,/nas-ctm01/datasets/public/BIOMETRICS/Face_Morphing/MAD22/original_sorted/BonaFide/083_03.jpg,185,25,94
154,MAD22,MIPGAN_I,random_80_20,train,/nas-ctm01/datasets/public/BIOMETRICS/Face_Morphing/MAD22/original_sorted/MIPGAN_I/016_03-vs-086_03.png,016_03-vs-086_03.png,016_03-vs-086_03,016_03,086_03,016,086,/nas-ctm01/datasets/public/BIOMETRICS/Face_Morphing/MAD22/original_sorted/BonaFide/016_03.jpg,/nas-ctm01/datasets/public/BIOMETRICS/Face_Morphing/MAD22/original_sorted/BonaFide/086_03.jpg,186,25,96
155,MAD22,MIPGAN_I,random_80_20,train,/nas-ctm01/datasets/public/BIOMETRICS/Face_Morphing/MAD22/original_sorted/MIPGAN_I/016_08-vs-086_08.png,016_08-vs-086_08.png,016_08-vs-086_08,016_08,086_08,016,086,/nas-ctm01/datasets/public/BIOMETRICS/Face_Morphing/MAD22/original_sorted/BonaFide/016_08.jpg,/nas-ctm01/datasets/public/BIOMETRICS/Face_Morphing/MAD22/original_sorted/BonaFide/086_08.jpg,191,26,97
156,MAD22,MIPGAN_I,random_80_20,train,/nas-ctm01/datasets/public/BIOMETRICS/Face_Morphing/MAD22/original_sorted/MIPGAN_I/016_08-vs-099_08.png,016_08-vs-099_08.png,016_08-vs-099_08,016_08,099_08,016,099,/nas-ctm01/datasets/public/BIOMETRICS/Face_Morphing/MAD22/original_sorted/BonaFide/016_08.jpg,/nas-ctm01/datasets/public/BIOMETRICS/Face_Morphing/MAD22/original_sorted/BonaFide/099_08.jpg,192,26,111
157,MAD22,MIPGAN_I,random_80_20,train,/nas-ctm01/datasets/public/BIOMETRICS/Face_Morphing/MAD22/original_sorted/MIPGAN_I/016_08-vs-144_08.png,016_08-vs-144_08.png,016_08-vs-144_08,016_08,144_08,016,144,/nas-ctm01/datasets/public/BIOMETRICS/Face_Morphing/MAD22/original_sorted/BonaFide/016_08.jpg,/nas-ctm01/datasets/public/BIOMETRICS/Face_Morphing/MAD22/original_sorted/BonaFide/144_08.jpg,193,26,180
158,MAD22,MIPGAN_I,random_80_20,train,/nas-ctm01/datasets/public/BIOMETRICS/Face_Morphing/MAD22/original_sorted/MIPGAN_I/017_08-vs-024_08.png,017_08-vs-024_08.png,017_08-vs-024_08,017_08,024_08,017,024,/nas-ctm01/datasets/public/BIOMETRICS/Face_Morphing/MAD22/original_sorted/BonaFide/017_08.jpg,/nas-ctm01/datasets/public/BIOMETRICS/Face_Morphing/MAD22/original_sorted/BonaFide/024_08.jpg,194,27,39
159,MAD22,MIPGAN_I,random_80_20,train,/nas-ctm01/datasets/public/BIOMETRICS/Face_Morphing/MAD22/original_sorted/MIPGAN_I/017_08-vs-068_08.png,017_08-vs-068_08.png,017_08-vs-068_08,017_08,068_08,017,068,/nas-ctm01/datasets/public/BIOMETRICS/Face_Morphing/MAD22/original_sorted/BonaFide/017_08.jpg,/nas-ctm01/datasets/public/BIOMETRICS/Face_Morphing/MAD22/original_sorted/BonaFide/068_08.jpg,196,27,87
160,MAD22,MIPGAN_I,random_80_20,train,/nas-ctm01/datasets/public/BIOMETRICS/Face_Morphing/MAD22/original_sorted/MIPGAN_I/017_08-vs-128_08.png,017_08-vs-128_08.png,017_08-vs-128_08,017_08,128_08,017,128,/nas-ctm01/datasets/public/BIOMETRICS/Face_Morphing/MAD22/original_sorted/BonaFide/017_08.jpg,/nas-ctm01/datasets/public/BIOMETRICS/Face_Morphing/MAD22/original_sorted/BonaFide/128_08.jpg,197,27,153
161,MAD22,MIPGAN_I,random_80_20,train,/nas-ctm01/datasets/public/BIOMETRICS/Face_Morphing/MAD22/original_sorted/MIPGAN_I/017_08-vs-130_08.png,017_08-vs-130_08.png,017_08-vs-130_08,017_08,130_08,017,130,/nas-ctm01/datasets/public/BIOMETRICS/Face_Morphing/MAD22/original_sorted/BonaFide/017_08.jpg,/nas-ctm01/datasets/public/BIOMETRICS/Face_Morphing/MAD22/original_sorted/BonaFide/130_08.jpg,198,27,157
162,MAD22,MIPGAN_I,random_80_20,train,/nas-ctm01/datasets/public/BIOMETRICS/Face_Morphing/MAD22/original_sorted/MIPGAN_I/017_08-vs-141_08.png,017_08-vs-141_08.png,017_08-vs-141_08,017_08,141_08,017,141,/nas-ctm01/datasets/public/BIOMETRICS/Face_Morphing/MAD22/original_sorted/BonaFide/017_08.jpg,/nas-ctm01/datasets/public/BIOMETRICS/Face_Morphing/MAD22/original_sorted/BonaFide/141_08.jpg,199,27,174
163,MAD22,MIPGAN_I,random_80_20,train,/nas-ctm01/datasets/public/BIOMETRICS/Face_Morphing/MAD22/original_sorted/MIPGAN_I/018_03-vs-061_03.png,018_03-vs-061_03.png,018_03-vs-061_03,018_03,061_03,018,061,/nas-ctm01/datasets/public/BIOMETRICS/Face_Morphing/MAD22/original_sorted/BonaFide/018_03.jpg,/nas-ctm01/datasets/public/BIOMETRICS/Face_Morphing/MAD22/original_sorted/BonaFide/061_03.jpg,200,28,74
164,MAD22,MIPGAN_I,random_80_20,train,/nas-ctm01/datasets/public/BIOMETRICS/Face_Morphing/MAD22/original_sorted/MIPGAN_I/018_03-vs-063_03.png,018_03-vs-063_03.png,018_03-vs-063_03,018_03,063_03,018,063,/nas-ctm01/datasets/public/BIOMETRICS/Face_Morphing/MAD22/original_sorted/BonaFide/018_03.jpg,/nas-ctm01/datasets/public/BIOMETRICS/Face_Morphing/MAD22/original_sorted/BonaFide/063_03.jpg,201,28,78
165,MAD22,MIPGAN_I,random_80_20,train,/nas-ctm01/datasets/public/BIOMETRICS/Face_Morphing/MAD22/original_sorted/MIPGAN_I/018_03-vs-101_03.png,018_03-vs-101_03.png,018_03-vs-101_03,018_03,101_03,018,101,/nas-ctm01/datasets/public/BIOMETRICS/Face_Morphing/MAD22/original_sorted/BonaFide/018_03.jpg,/nas-ctm01/datasets/public/BIOMETRICS/Face_Morphing/MAD22/original_sorted/BonaFide/101_03.jpg,202,28,113
166,MAD22,MIPGAN_I,random_80_20,train,/nas-ctm01/datasets/public/BIOMETRICS/Face_Morphing/MAD22/original_sorted/MIPGAN_I/018_03-vs-131_03.png,018_03-vs-131_03.png,018_03-vs-131_03,018_03,131_03,018,131,/nas-ctm01/datasets/public/BIOMETRICS/Face_Morphing/MAD22/original_sorted/BonaFide/018_03.jpg,/nas-ctm01/datasets/public/BIOMETRICS/Face_Morphing/MAD22/original_sorted/BonaFide/131_03.jpg,203,28,158
167,MAD22,MIPGAN_I,random_80_20,train,/nas-ctm01/datasets/public/BIOMETRICS/Face_Morphing/MAD22/original_sorted/MIPGAN_I/018_03-vs-132_03.png,018_03-vs-132_03.png,018_03-vs-132_03,018_03,132_03,018,132,/nas-ctm01/datasets/public/BIOMETRICS/Face_Morphing/MAD22/original_sorted/BonaFide/018_03.jpg,/nas-ctm01/datasets/public/BIOMETRICS/Face_Morphing/MAD22/original_sorted/BonaFide/132_03.jpg,204,28,160
168,MAD22,MIPGAN_I,random_80_20,train,/nas-ctm01/datasets/public/BIOMETRICS/Face_Morphing/MAD22/original_sorted/MIPGAN_I/018_03-vs-138_03.png,018_03-vs-138_03.png,018_03-vs-138_03,018_03,138_03,018,138,/nas-ctm01/datasets/public/BIOMETRICS/Face_Morphing/MAD22/original_sorted/BonaFide/018_03.jpg,/nas-ctm01/datasets/public/BIOMETRICS/Face_Morphing/MAD22/original_sorted/BonaFide/138_03.jpg,205,28,169
169,MAD22,MIPGAN_I,random_80_20,train,/nas-ctm01/datasets/public/BIOMETRICS/Face_Morphing/MAD22/original_sorted/MIPGAN_I/018_08-vs-045_08.png,018_08-vs-045_08.png,018_08-vs-045_08,018_08,045_08,018,045,/nas-ctm01/datasets/public/BIOMETRICS/Face_Morphing/MAD22/original_sorted/BonaFide/018_08.jpg,/nas-ctm01/datasets/public/BIOMETRICS/Face_Morphing/MAD22/original_sorted/BonaFide/045_08.jpg,206,29,73
170,MAD22,MIPGAN_I,random_80_20,train,/nas-ctm01/datasets/public/BIOMETRICS/Face_Morphing/MAD22/original_sorted/MIPGAN_I/018_08-vs-061_08.png,018_08-vs-061_08.png,018_08-vs-061_08,018_08,061_08,018,061,/nas-ctm01/datasets/public/BIOMETRICS/Face_Morphing/MAD22/original_sorted/BonaFide/018_08.jpg,/nas-ctm01/datasets/public/BIOMETRICS/Face_Morphing/MAD22/original_sorted/BonaFide/061_08.jpg,207,29,75
171,MAD22,MIPGAN_I,random_80_20,train,/nas-ctm01/datasets/public/BIOMETRICS/Face_Morphing/MAD22/original_sorted/MIPGAN_I/018_08-vs-063_08.png,018_08-vs-063_08.png,018_08-vs-063_08,018_08,063_08,018,063,/nas-ctm01/datasets/public/BIOMETRICS/Face_Morphing/MAD22/original_sorted/BonaFide/018_08.jpg,/nas-ctm01/datasets/public/BIOMETRICS/Face_Morphing/MAD22/original_sorted/BonaFide/063_08.jpg,208,29,79
172,MAD22,MIPGAN_I,random_80_20,train,/nas-ctm01/datasets/public/BIOMETRICS/Face_Morphing/MAD22/original_sorted/MIPGAN_I/018_08-vs-069_08.png,018_08-vs-069_08.png,018_08-vs-069_08,018_08,069_08,018,069,/nas-ctm01/datasets/public/BIOMETRICS/Face_Morphing/MAD22/original_sorted/BonaFide/018_08.jpg,/nas-ctm01/datasets/public/BIOMETRICS/Face_Morphing/MAD22/original_sorted/BonaFide/069_08.jpg,209,29,89
173,MAD22,MIPGAN_I,random_80_20,train,/nas-ctm01/datasets/public/BIOMETRICS/Face_Morphing/MAD22/original_sorted/MIPGAN_I/018_08-vs-092_08.png,018_08-vs-092_08.png,018_08-vs-092_08,018_08,092_08,018,092,/nas-ctm01/datasets/public/BIOMETRICS/Face_Morphing/MAD22/original_sorted/BonaFide/018_08.jpg,/nas-ctm01/datasets/public/BIOMETRICS/Face_Morphing/MAD22/original_sorted/BonaFide/092_08.jpg,210,29,103
174,MAD22,MIPGAN_I,random_80_20,train,/nas-ctm01/datasets/public/BIOMETRICS/Face_Morphing/MAD22/original_sorted/MIPGAN_I/018_08-vs-101_08.png,018_08-vs-101_08.png,018_08-vs-101_08,018_08,101_08,018,101,/nas-ctm01/datasets/public/BIOMETRICS/Face_Morphing/MAD22/original_sorted/BonaFide/018_08.jpg,/nas-ctm01/datasets/public/BIOMETRICS/Face_Morphing/MAD22/original_sorted/BonaFide/101_08.jpg,211,29,114
175,MAD22,MIPGAN_I,random_80_20,train,/nas-ctm01/datasets/public/BIOMETRICS/Face_Morphing/MAD22/original_sorted/MIPGAN_I/018_08-vs-140_08.png,018_08-vs-140_08.png,018_08-vs-140_08,018_08,140_08,018,140,/nas-ctm01/datasets/public/BIOMETRICS/Face_Morphing/MAD22/original_sorted/BonaFide/018_08.jpg,/nas-ctm01/datasets/public/BIOMETRICS/Face_Morphing/MAD22/original_sorted/BonaFide/140_08.jpg,213,29,172
176,MAD22,MIPGAN_I,random_80_20,train,/nas-ctm01/datasets/public/BIOMETRICS/Face_Morphing/MAD22/original_sorted/MIPGAN_I/019_03-vs-027_03.png,019_03-vs-027_03.png,019_03-vs-027_03,019_03,027_03,019,027,/nas-ctm01/datasets/public/BIOMETRICS/Face_Morphing/MAD22/original_sorted/BonaFide/019_03.jpg,/nas-ctm01/datasets/public/BIOMETRICS/Face_Morphing/MAD22/original_sorted/BonaFide/027_03.jpg,214,30,44
177,MAD22,MIPGAN_I,random_80_20,train,/nas-ctm01/datasets/public/BIOMETRICS/Face_Morphing/MAD22/original_sorted/MIPGAN_I/019_03-vs-039_03.png,019_03-vs-039_03.png,019_03-vs-039_03,019_03,039_03,019,039,/nas-ctm01/datasets/public/BIOMETRICS/Face_Morphing/MAD22/original_sorted/BonaFide/019_03.jpg,/nas-ctm01/datasets/public/BIOMETRICS/Face_Morphing/MAD22/original_sorted/BonaFide/039_03.jpg,215,30,63
178,MAD22,MIPGAN_I,random_80_20,train,/nas-ctm01/datasets/public/BIOMETRICS/Face_Morphing/MAD22/original_sorted/MIPGAN_I/019_03-vs-083_03.png,019_03-vs-083_03.png,019_03-vs-083_03,019_03,083_03,019,083,/nas-ctm01/datasets/public/BIOMETRICS/Face_Morphing/MAD22/original_sorted/BonaFide/019_03.jpg,/nas-ctm01/datasets/public/BIOMETRICS/Face_Morphing/MAD22/original_sorted/BonaFide/083_03.jpg,216,30,94
179,MAD22,MIPGAN_I,random_80_20,train,/nas-ctm01/datasets/public/BIOMETRICS/Face_Morphing/MAD22/original_sorted/MIPGAN_I/019_03-vs-097_03.png,019_03-vs-097_03.png,019_03-vs-097_03,019_03,097_03,019,097,/nas-ctm01/datasets/public/BIOMETRICS/Face_Morphing/MAD22/original_sorted/BonaFide/019_03.jpg,/nas-ctm01/datasets/public/BIOMETRICS/Face_Morphing/MAD22/original_sorted/BonaFide/097_03.jpg,217,30,108
180,MAD22,MIPGAN_I,random_80_20,train,/nas-ctm01/datasets/public/BIOMETRICS/Face_Morphing/MAD22/original_sorted/MIPGAN_I/019_03-vs-100_03.png,019_03-vs-100_03.png,019_03-vs-100_03,019_03,100_03,019,100,/nas-ctm01/datasets/public/BIOMETRICS/Face_Morphing/MAD22/original_sorted/BonaFide/019_03.jpg,/nas-ctm01/datasets/public/BIOMETRICS/Face_Morphing/MAD22/original_sorted/BonaFide/100_03.jpg,218,30,112
181,MAD22,MIPGAN_I,random_80_20,train,/nas-ctm01/datasets/public/BIOMETRICS/Face_Morphing/MAD22/original_sorted/MIPGAN_I/019_03-vs-122_03.png,019_03-vs-122_03.png,019_03-vs-122_03,019_03,122_03,019,122,/nas-ctm01/datasets/public/BIOMETRICS/Face_Morphing/MAD22/original_sorted/BonaFide/019_03.jpg,/nas-ctm01/datasets/public/BIOMETRICS/Face_Morphing/MAD22/original_sorted/BonaFide/122_03.jpg,219,30,141
182,MAD22,MIPGAN_I,random_80_20,train,/nas-ctm01/datasets/public/BIOMETRICS/Face_Morphing/MAD22/original_sorted/MIPGAN_I/019_03-vs-139_03.png,019_03-vs-139_03.png,019_03-vs-139_03,019_03,139_03,019,139,/nas-ctm01/datasets/public/BIOMETRICS/Face_Morphing/MAD22/original_sorted/BonaFide/019_03.jpg,/nas-ctm01/datasets/public/BIOMETRICS/Face_Morphing/MAD22/original_sorted/BonaFide/139_03.jpg,220,30,170
183,MAD22,MIPGAN_I,random_80_20,train,/nas-ctm01/datasets/public/BIOMETRICS/Face_Morphing/MAD22/original_sorted/MIPGAN_I/019_08-vs-027_08.png,019_08-vs-027_08.png,019_08-vs-027_08,019_08,027_08,019,027,/nas-ctm01/datasets/public/BIOMETRICS/Face_Morphing/MAD22/original_sorted/BonaFide/019_08.jpg,/nas-ctm01/datasets/public/BIOMETRICS/Face_Morphing/MAD22/original_sorted/BonaFide/027_08.jpg,222,31,45
184,MAD22,MIPGAN_I,random_80_20,train,/nas-ctm01/datasets/public/BIOMETRICS/Face_Morphing/MAD22/original_sorted/MIPGAN_I/019_08-vs-038_08.png,019_08-vs-038_08.png,019_08-vs-038_08,019_08,038_08,019,038,/nas-ctm01/datasets/public/BIOMETRICS/Face_Morphing/MAD22/original_sorted/BonaFide/019_08.jpg,/nas-ctm01/datasets/public/BIOMETRICS/Face_Morphing/MAD22/original_sorted/BonaFide/038_08.jpg,223,31,62
185,MAD22,MIPGAN_I,random_80_20,train,/nas-ctm01/datasets/public/BIOMETRICS/Face_Morphing/MAD22/original_sorted/MIPGAN_I/019_08-vs-039_08.png,019_08-vs-039_08.png,019_08-vs-039_08,019_08,039_08,019,039,/nas-ctm01/datasets/public/BIOMETRICS/Face_Morphing/MAD22/original_sorted/BonaFide/019_08.jpg,/nas-ctm01/datasets/public/BIOMETRICS/Face_Morphing/MAD22/original_sorted/BonaFide/039_08.jpg,224,31,64
186,MAD22,MIPGAN_I,random_80_20,train,/nas-ctm01/datasets/public/BIOMETRICS/Face_Morphing/MAD22/original_sorted/MIPGAN_I/019_08-vs-083_08.png,019_08-vs-083_08.png,019_08-vs-083_08,019_08,083_08,019,083,/nas-ctm01/datasets/public/BIOMETRICS/Face_Morphing/MAD22/original_sorted/BonaFide/019_08.jpg,/nas-ctm01/datasets/public/BIOMETRICS/Face_Morphing/MAD22/original_sorted/BonaFide/083_08.jpg,225,31,95
187,MAD22,MIPGAN_I,random_80_20,train,/nas-ctm01/datasets/public/BIOMETRICS/Face_Morphing/MAD22/original_sorted/MIPGAN_I/019_08-vs-102_08.png,019_08-vs-102_08.png,019_08-vs-102_08,019_08,102_08,019,102,/nas-ctm01/datasets/public/BIOMETRICS/Face_Morphing/MAD22/original_sorted/BonaFide/019_08.jpg,/nas-ctm01/datasets/public/BIOMETRICS/Face_Morphing/MAD22/original_sorted/BonaFide/102_08.jpg,226,31,116
188,MAD22,MIPGAN_I,random_80_20,train,/nas-ctm01/datasets/public/BIOMETRICS/Face_Morphing/MAD22/original_sorted/MIPGAN_I/019_08-vs-139_08.png,019_08-vs-139_08.png,019_08-vs-139_08,019_08,139_08,019,139,/nas-ctm01/datasets/public/BIOMETRICS/Face_Morphing/MAD22/original_sorted/BonaFide/019_08.jpg,/nas-ctm01/datasets/public/BIOMETRICS/Face_Morphing/MAD22/original_sorted/BonaFide/139_08.jpg,228,31,171
189,MAD22,MIPGAN_I,random_80_20,train,/nas-ctm01/datasets/public/BIOMETRICS/Face_Morphing/MAD22/original_sorted/MIPGAN_I/019_08-vs-144_08.png,019_08-vs-144_08.png,019_08-vs-144_08,019_08,144_08,019,144,/nas-ctm01/datasets/public/BIOMETRICS/Face_Morphing/MAD22/original_sorted/BonaFide/019_08.jpg,/nas-ctm01/datasets/public/BIOMETRICS/Face_Morphing/MAD22/original_sorted/BonaFide/144_08.jpg,229,31,180
190,MAD22,MIPGAN_I,random_80_20,train,/nas-ctm01/datasets/public/BIOMETRICS/Face_Morphing/MAD22/original_sorted/MIPGAN_I/020_03-vs-062_03.png,020_03-vs-062_03.png,020_03-vs-062_03,020_03,062_03,020,062,/nas-ctm01/datasets/public/BIOMETRICS/Face_Morphing/MAD22/original_sorted/BonaFide/020_03.jpg,/nas-ctm01/datasets/public/BIOMETRICS/Face_Morphing/MAD22/original_sorted/BonaFide/062_03.jpg,230,32,76
191,MAD22,MIPGAN_I,random_80_20,train,/nas-ctm01/datasets/public/BIOMETRICS/Face_Morphing/MAD22/original_sorted/MIPGAN_I/020_03-vs-102_03.png,020_03-vs-102_03.png,020_03-vs-102_03,020_03,102_03,020,102,/nas-ctm01/datasets/public/BIOMETRICS/Face_Morphing/MAD22/original_sorted/BonaFide/020_03.jpg,/nas-ctm01/datasets/public/BIOMETRICS/Face_Morphing/MAD22/original_sorted/BonaFide/102_03.jpg,231,32,115
192,MAD22,MIPGAN_I,random_80_20,train,/nas-ctm01/datasets/public/BIOMETRICS/Face_Morphing/MAD22/original_sorted/MIPGAN_I/020_08-vs-064_08.png,020_08-vs-064_08.png,020_08-vs-064_08,020_08,064_08,020,064,/nas-ctm01/datasets/public/BIOMETRICS/Face_Morphing/MAD22/original_sorted/BonaFide/020_08.jpg,/nas-ctm01/datasets/public/BIOMETRICS/Face_Morphing/MAD22/original_sorted/BonaFide/064_08.jpg,232,33,81
193,MAD22,MIPGAN_I,random_80_20,train,/nas-ctm01/datasets/public/BIOMETRICS/Face_Morphing/MAD22/original_sorted/MIPGAN_I/020_08-vs-099_08.png,020_08-vs-099_08.png,020_08-vs-099_08,020_08,099_08,020,099,/nas-ctm01/datasets/public/BIOMETRICS/Face_Morphing/MAD22/original_sorted/BonaFide/020_08.jpg,/nas-ctm01/datasets/public/BIOMETRICS/Face_Morphing/MAD22/original_sorted/BonaFide/099_08.jpg,233,33,111
194,MAD22,MIPGAN_I,random_80_20,train,/nas-ctm01/datasets/public/BIOMETRICS/Face_Morphing/MAD22/original_sorted/MIPGAN_I/020_08-vs-102_08.png,020_08-vs-102_08.png,020_08-vs-102_08,020_08,102_08,020,102,/nas-ctm01/datasets/public/BIOMETRICS/Face_Morphing/MAD22/original_sorted/BonaFide/020_08.jpg,/nas-ctm01/datasets/public/BIOMETRICS/Face_Morphing/MAD22/original_sorted/BonaFide/102_08.jpg,234,33,116
195,MAD22,MIPGAN_I,random_80_20,train,/nas-ctm01/datasets/public/BIOMETRICS/Face_Morphing/MAD22/original_sorted/MIPGAN_I/021_03-vs-029_03.png,021_03-vs-029_03.png,021_03-vs-029_03,021_03,029_03,021,029,/nas-ctm01/datasets/public/BIOMETRICS/Face_Morphing/MAD22/original_sorted/BonaFide/021_03.jpg,/nas-ctm01/datasets/public/BIOMETRICS/Face_Morphing/MAD22/original_sorted/BonaFide/029_03.jpg,235,34,46
196,MAD22,MIPGAN_I,random_80_20,train,/nas-ctm01/datasets/public/BIOMETRICS/Face_Morphing/MAD22/original_sorted/MIPGAN_I/021_03-vs-037_03.png,021_03-vs-037_03.png,021_03-vs-037_03,021_03,037_03,021,037,/nas-ctm01/datasets/public/BIOMETRICS/Face_Morphing/MAD22/original_sorted/BonaFide/021_03.jpg,/nas-ctm01/datasets/public/BIOMETRICS/Face_Morphing/MAD22/original_sorted/BonaFide/037_03.jpg,236,34,60
197,MAD22,MIPGAN_I,random_80_20,train,/nas-ctm01/datasets/public/BIOMETRICS/Face_Morphing/MAD22/original_sorted/MIPGAN_I/021_03-vs-121_03.png,021_03-vs-121_03.png,021_03-vs-121_03,021_03,121_03,021,121,/nas-ctm01/datasets/public/BIOMETRICS/Face_Morphing/MAD22/original_sorted/BonaFide/021_03.jpg,/nas-ctm01/datasets/public/BIOMETRICS/Face_Morphing/MAD22/original_sorted/BonaFide/121_03.jpg,237,34,139
198,MAD22,MIPGAN_I,random_80_20,train,/nas-ctm01/datasets/public/BIOMETRICS/Face_Morphing/MAD22/original_sorted/MIPGAN_I/021_03-vs-125_03.png,021_03-vs-125_03.png,021_03-vs-125_03,021_03,125_03,021,125,/nas-ctm01/datasets/public/BIOMETRICS/Face_Morphing/MAD22/original_sorted/BonaFide/021_03.jpg,/nas-ctm01/datasets/public/BIOMETRICS/Face_Morphing/MAD22/original_sorted/BonaFide/125_03.jpg,238,34,147
199,MAD22,MIPGAN_I,random_80_20,train,/nas-ctm01/datasets/public/BIOMETRICS/Face_Morphing/MAD22/original_sorted/MIPGAN_I/021_03-vs-173_03.png,021_03-vs-173_03.png,021_03-vs-173_03,021_03,173_03,021,173,/nas-ctm01/datasets/public/BIOMETRICS/Face_Morphing/MAD22/original_sorted/BonaFide/021_03.jpg,/nas-ctm01/datasets/public/BIOMETRICS/Face_Morphing/MAD22/original_sorted/BonaFide/173_03.jpg,239,34,183
200,MAD22,MIPGAN_I,random_80_20,train,/nas-ctm01/datasets/public/BIOMETRICS/Face_Morphing/MAD22/original_sorted/MIPGAN_I/021_08-vs-029_08.png,021_08-vs-029_08.png,021_08-vs-029_08,021_08,029_08,021,029,/nas-ctm01/datasets/public/BIOMETRICS/Face_Morphing/MAD22/original_sorted/BonaFide/021_08.jpg,/nas-ctm01/datasets/public/BIOMETRICS/Face_Morphing/MAD22/original_sorted/BonaFide/029_08.jpg,240,35,47
201,MAD22,MIPGAN_I,random_80_20,train,/nas-ctm01/datasets/public/BIOMETRICS/Face_Morphing/MAD22/original_sorted/MIPGAN_I/021_08-vs-121_08.png,021_08-vs-121_08.png,021_08-vs-121_08,021_08,121_08,021,121,/nas-ctm01/datasets/public/BIOMETRICS/Face_Morphing/MAD22/original_sorted/BonaFide/021_08.jpg,/nas-ctm01/datasets/public/BIOMETRICS/Face_Morphing/MAD22/original_sorted/BonaFide/121_08.jpg,241,35,140
202,MAD22,MIPGAN_I,random_80_20,train,/nas-ctm01/datasets/public/BIOMETRICS/Face_Morphing/MAD22/original_sorted/MIPGAN_I/021_08-vs-125_08.png,021_08-vs-125_08.png,021_08-vs-125_08,021_08,125_08,021,125,/nas-ctm01/datasets/public/BIOMETRICS/Face_Morphing/MAD22/original_sorted/BonaFide/021_08.jpg,/nas-ctm01/datasets/public/BIOMETRICS/Face_Morphing/MAD22/original_sorted/BonaFide/125_08.jpg,242,35,148
203,MAD22,MIPGAN_I,random_80_20,train,/nas-ctm01/datasets/public/BIOMETRICS/Face_Morphing/MAD22/original_sorted/MIPGAN_I/021_08-vs-132_08.png,021_08-vs-132_08.png,021_08-vs-132_08,021_08,132_08,021,132,/nas-ctm01/datasets/public/BIOMETRICS/Face_Morphing/MAD22/original_sorted/BonaFide/021_08.jpg,/nas-ctm01/datasets/public/BIOMETRICS/Face_Morphing/MAD22/original_sorted/BonaFide/132_08.jpg,243,35,161
204,MAD22,MIPGAN_I,random_80_20,train,/nas-ctm01/datasets/public/BIOMETRICS/Face_Morphing/MAD22/original_sorted/MIPGAN_I/021_08-vs-140_08.png,021_08-vs-140_08.png,021_08-vs-140_08,021_08,140_08,021,140,/nas-ctm01/datasets/public/BIOMETRICS/Face_Morphing/MAD22/original_sorted/BonaFide/021_08.jpg,/nas-ctm01/datasets/public/BIOMETRICS/Face_Morphing/MAD22/original_sorted/BonaFide/140_08.jpg,244,35,172
205,MAD22,MIPGAN_I,random_80_20,train,/nas-ctm01/datasets/public/BIOMETRICS/Face_Morphing/MAD22/original_sorted/MIPGAN_I/022_03-vs-069_03.png,022_03-vs-069_03.png,022_03-vs-069_03,022_03,069_03,022,069,/nas-ctm01/datasets/public/BIOMETRICS/Face_Morphing/MAD22/original_sorted/BonaFide/022_03.jpg,/nas-ctm01/datasets/public/BIOMETRICS/Face_Morphing/MAD22/original_sorted/BonaFide/069_03.jpg,245,36,88
206,MAD22,MIPGAN_I,random_80_20,train,/nas-ctm01/datasets/public/BIOMETRICS/Face_Morphing/MAD22/original_sorted/MIPGAN_I/022_03-vs-082_03.png,022_03-vs-082_03.png,022_03-vs-082_03,022_03,082_03,022,082,/nas-ctm01/datasets/public/BIOMETRICS/Face_Morphing/MAD22/original_sorted/BonaFide/022_03.jpg,/nas-ctm01/datasets/public/BIOMETRICS/Face_Morphing/MAD22/original_sorted/BonaFide/082_03.jpg,246,36,92
207,MAD22,MIPGAN_I,random_80_20,train,/nas-ctm01/datasets/public/BIOMETRICS/Face_Morphing/MAD22/original_sorted/MIPGAN_I/022_03-vs-123_03.png,022_03-vs-123_03.png,022_03-vs-123_03,022_03,123_03,022,123,/nas-ctm01/datasets/public/BIOMETRICS/Face_Morphing/MAD22/original_sorted/BonaFide/022_03.jpg,/nas-ctm01/datasets/public/BIOMETRICS/Face_Morphing/MAD22/original_sorted/BonaFide/123_03.jpg,247,36,143
208,MAD22,MIPGAN_I,random_80_20,train,/nas-ctm01/datasets/public/BIOMETRICS/Face_Morphing/MAD22/original_sorted/MIPGAN_I/022_03-vs-172_03.png,022_03-vs-172_03.png,022_03-vs-172_03,022_03,172_03,022,172,/nas-ctm01/datasets/public/BIOMETRICS/Face_Morphing/MAD22/original_sorted/BonaFide/022_03.jpg,/nas-ctm01/datasets/public/BIOMETRICS/Face_Morphing/MAD22/original_sorted/BonaFide/172_03.jpg,248,36,181
209,MAD22,MIPGAN_I,random_80_20,train,/nas-ctm01/datasets/public/BIOMETRICS/Face_Morphing/MAD22/original_sorted/MIPGAN_I/022_03-vs-173_03.png,022_03-vs-173_03.png,022_03-vs-173_03,022_03,173_03,022,173,/nas-ctm01/datasets/public/BIOMETRICS/Face_Morphing/MAD22/original_sorted/BonaFide/022_03.jpg,/nas-ctm01/datasets/public/BIOMETRICS/Face_Morphing/MAD22/original_sorted/BonaFide/173_03.jpg,249,36,183
210,MAD22,MIPGAN_I,random_80_20,train,/nas-ctm01/datasets/public/BIOMETRICS/Face_Morphing/MAD22/original_sorted/MIPGAN_I/022_08-vs-031_08.png,022_08-vs-031_08.png,022_08-vs-031_08,022_08,031_08,022,031,/nas-ctm01/datasets/public/BIOMETRICS/Face_Morphing/MAD22/original_sorted/BonaFide/022_08.jpg,/nas-ctm01/datasets/public/BIOMETRICS/Face_Morphing/MAD22/original_sorted/BonaFide/031_08.jpg,250,37,51
211,MAD22,MIPGAN_I,random_80_20,train,/nas-ctm01/datasets/public/BIOMETRICS/Face_Morphing/MAD22/original_sorted/MIPGAN_I/022_08-vs-042_08.png,022_08-vs-042_08.png,022_08-vs-042_08,022_08,042_08,022,042,/nas-ctm01/datasets/public/BIOMETRICS/Face_Morphing/MAD22/original_sorted/BonaFide/022_08.jpg,/nas-ctm01/datasets/public/BIOMETRICS/Face_Morphing/MAD22/original_sorted/BonaFide/042_08.jpg,251,37,68
212,MAD22,MIPGAN_I,random_80_20,train,/nas-ctm01/datasets/public/BIOMETRICS/Face_Morphing/MAD22/original_sorted/MIPGAN_I/022_08-vs-082_08.png,022_08-vs-082_08.png,022_08-vs-082_08,022_08,082_08,022,082,/nas-ctm01/datasets/public/BIOMETRICS/Face_Morphing/MAD22/original_sorted/BonaFide/022_08.jpg,/nas-ctm01/datasets/public/BIOMETRICS/Face_Morphing/MAD22/original_sorted/BonaFide/082_08.jpg,252,37,93
213,MAD22,MIPGAN_I,random_80_20,train,/nas-ctm01/datasets/public/BIOMETRICS/Face_Morphing/MAD22/original_sorted/MIPGAN_I/022_08-vs-172_08.png,022_08-vs-172_08.png,022_08-vs-172_08,022_08,172_08,022,172,/nas-ctm01/datasets/public/BIOMETRICS/Face_Morphing/MAD22/original_sorted/BonaFide/022_08.jpg,/nas-ctm01/datasets/public/BIOMETRICS/Face_Morphing/MAD22/original_sorted/BonaFide/172_08.jpg,253,37,182
214,MAD22,MIPGAN_I,random_80_20,train,/nas-ctm01/datasets/public/BIOMETRICS/Face_Morphing/MAD22/original_sorted/MIPGAN_I/022_08-vs-173_08.png,022_08-vs-173_08.png,022_08-vs-173_08,022_08,173_08,022,173,/nas-ctm01/datasets/public/BIOMETRICS/Face_Morphing/MAD22/original_sorted/BonaFide/022_08.jpg,/nas-ctm01/datasets/public/BIOMETRICS/Face_Morphing/MAD22/original_sorted/BonaFide/173_08.jpg,254,37,184
215,MAD22,MIPGAN_I,random_80_20,train,/nas-ctm01/datasets/public/BIOMETRICS/Face_Morphing/MAD22/original_sorted/MIPGAN_I/024_03-vs-031_03.png,024_03-vs-031_03.png,024_03-vs-031_03,024_03,031_03,024,031,/nas-ctm01/datasets/public/BIOMETRICS/Face_Morphing/MAD22/original_sorted/BonaFide/024_03.jpg,/nas-ctm01/datasets/public/BIOMETRICS/Face_Morphing/MAD22/original_sorted/BonaFide/031_03.jpg,255,38,50
216,MAD22,MIPGAN_I,random_80_20,train,/nas-ctm01/datasets/public/BIOMETRICS/Face_Morphing/MAD22/original_sorted/MIPGAN_I/024_03-vs-036_03.png,024_03-vs-036_03.png,024_03-vs-036_03,024_03,036_03,024,036,/nas-ctm01/datasets/public/BIOMETRICS/Face_Morphing/MAD22/original_sorted/BonaFide/024_03.jpg,/nas-ctm01/datasets/public/BIOMETRICS/Face_Morphing/MAD22/original_sorted/BonaFide/036_03.jpg,256,38,58
217,MAD22,MIPGAN_I,random_80_20,train,/nas-ctm01/datasets/public/BIOMETRICS/Face_Morphing/MAD22/original_sorted/MIPGAN_I/024_03-vs-061_03.png,024_03-vs-061_03.png,024_03-vs-061_03,024_03,061_03,024,061,/nas-ctm01/datasets/public/BIOMETRICS/Face_Morphing/MAD22/original_sorted/BonaFide/024_03.jpg,/nas-ctm01/datasets/public/BIOMETRICS/Face_Morphing/MAD22/original_sorted/BonaFide/061_03.jpg,257,38,74
218,MAD22,MIPGAN_I,random_80_20,train,/nas-ctm01/datasets/public/BIOMETRICS/Face_Morphing/MAD22/original_sorted/MIPGAN_I/024_03-vs-092_03.png,024_03-vs-092_03.png,024_03-vs-092_03,024_03,092_03,024,092,/nas-ctm01/datasets/public/BIOMETRICS/Face_Morphing/MAD22/original_sorted/BonaFide/024_03.jpg,/nas-ctm01/datasets/public/BIOMETRICS/Face_Morphing/MAD22/original_sorted/BonaFide/092_03.jpg,258,38,102
219,MAD22,MIPGAN_I,random_80_20,train,/nas-ctm01/datasets/public/BIOMETRICS/Face_Morphing/MAD22/original_sorted/MIPGAN_I/024_03-vs-125_03.png,024_03-vs-125_03.png,024_03-vs-125_03,024_03,125_03,024,125,/nas-ctm01/datasets/public/BIOMETRICS/Face_Morphing/MAD22/original_sorted/BonaFide/024_03.jpg,/nas-ctm01/datasets/public/BIOMETRICS/Face_Morphing/MAD22/original_sorted/BonaFide/125_03.jpg,259,38,147
220,MAD22,MIPGAN_I,random_80_20,train,/nas-ctm01/datasets/public/BIOMETRICS/Face_Morphing/MAD22/original_sorted/MIPGAN_I/024_03-vs-131_03.png,024_03-vs-131_03.png,024_03-vs-131_03,024_03,131_03,024,131,/nas-ctm01/datasets/public/BIOMETRICS/Face_Morphing/MAD22/original_sorted/BonaFide/024_03.jpg,/nas-ctm01/datasets/public/BIOMETRICS/Face_Morphing/MAD22/original_sorted/BonaFide/131_03.jpg,260,38,158
221,MAD22,MIPGAN_I,random_80_20,train,/nas-ctm01/datasets/public/BIOMETRICS/Face_Morphing/MAD22/original_sorted/MIPGAN_I/024_03-vs-137_03.png,024_03-vs-137_03.png,024_03-vs-137_03,024_03,137_03,024,137,/nas-ctm01/datasets/public/BIOMETRICS/Face_Morphing/MAD22/original_sorted/BonaFide/024_03.jpg,/nas-ctm01/datasets/public/BIOMETRICS/Face_Morphing/MAD22/original_sorted/BonaFide/137_03.jpg,261,38,168
222,MAD22,MIPGAN_I,random_80_20,train,/nas-ctm01/datasets/public/BIOMETRICS/Face_Morphing/MAD22/original_sorted/MIPGAN_I/024_03-vs-138_03.png,024_03-vs-138_03.png,024_03-vs-138_03,024_03,138_03,024,138,/nas-ctm01/datasets/public/BIOMETRICS/Face_Morphing/MAD22/original_sorted/BonaFide/024_03.jpg,/nas-ctm01/datasets/public/BIOMETRICS/Face_Morphing/MAD22/original_sorted/BonaFide/138_03.jpg,262,38,169
223,MAD22,MIPGAN_I,random_80_20,train,/nas-ctm01/datasets/public/BIOMETRICS/Face_Morphing/MAD22/original_sorted/MIPGAN_I/024_03-vs-141_03.png,024_03-vs-141_03.png,024_03-vs-141_03,024_03,141_03,024,141,/nas-ctm01/datasets/public/BIOMETRICS/Face_Morphing/MAD22/original_sorted/BonaFide/024_03.jpg,/nas-ctm01/datasets/public/BIOMETRICS/Face_Morphing/MAD22/original_sorted/BonaFide/141_03.jpg,263,38,173
224,MAD22,MIPGAN_I,random_80_20,train,/nas-ctm01/datasets/public/BIOMETRICS/Face_Morphing/MAD22/original_sorted/MIPGAN_I/024_03-vs-173_03.png,024_03-vs-173_03.png,024_03-vs-173_03,024_03,173_03,024,173,/nas-ctm01/datasets/public/BIOMETRICS/Face_Morphing/MAD22/original_sorted/BonaFide/024_03.jpg,/nas-ctm01/datasets/public/BIOMETRICS/Face_Morphing/MAD22/original_sorted/BonaFide/173_03.jpg,264,38,183
225,MAD22,MIPGAN_I,random_80_20,train,/nas-ctm01/datasets/public/BIOMETRICS/Face_Morphing/MAD22/original_sorted/MIPGAN_I/024_08-vs-036_08.png,024_08-vs-036_08.png,024_08-vs-036_08,024_08,036_08,024,036,/nas-ctm01/datasets/public/BIOMETRICS/Face_Morphing/MAD22/original_sorted/BonaFide/024_08.jpg,/nas-ctm01/datasets/public/BIOMETRICS/Face_Morphing/MAD22/original_sorted/BonaFide/036_08.jpg,265,39,59
226,MAD22,MIPGAN_I,random_80_20,train,/nas-ctm01/datasets/public/BIOMETRICS/Face_Morphing/MAD22/original_sorted/MIPGAN_I/024_08-vs-069_08.png,024_08-vs-069_08.png,024_08-vs-069_08,024_08,069_08,024,069,/nas-ctm01/datasets/public/BIOMETRICS/Face_Morphing/MAD22/original_sorted/BonaFide/024_08.jpg,/nas-ctm01/datasets/public/BIOMETRICS/Face_Morphing/MAD22/original_sorted/BonaFide/069_08.jpg,268,39,89
227,MAD22,MIPGAN_I,random_80_20,train,/nas-ctm01/datasets/public/BIOMETRICS/Face_Morphing/MAD22/original_sorted/MIPGAN_I/024_08-vs-092_08.png,024_08-vs-092_08.png,024_08-vs-092_08,024_08,092_08,024,092,/nas-ctm01/datasets/public/BIOMETRICS/Face_Morphing/MAD22/original_sorted/BonaFide/024_08.jpg,/nas-ctm01/datasets/public/BIOMETRICS/Face_Morphing/MAD22/original_sorted/BonaFide/092_08.jpg,269,39,103
228,MAD22,MIPGAN_I,random_80_20,train,/nas-ctm01/datasets/public/BIOMETRICS/Face_Morphing/MAD22/original_sorted/MIPGAN_I/024_08-vs-121_08.png,024_08-vs-121_08.png,024_08-vs-121_08,024_08,121_08,024,121,/nas-ctm01/datasets/public/BIOMETRICS/Face_Morphing/MAD22/original_sorted/BonaFide/024_08.jpg,/nas-ctm01/datasets/public/BIOMETRICS/Face_Morphing/MAD22/original_sorted/BonaFide/121_08.jpg,270,39,140
229,MAD22,MIPGAN_I,random_80_20,train,/nas-ctm01/datasets/public/BIOMETRICS/Face_Morphing/MAD22/original_sorted/MIPGAN_I/024_08-vs-125_08.png,024_08-vs-125_08.png,024_08-vs-125_08,024_08,125_08,024,125,/nas-ctm01/datasets/public/BIOMETRICS/Face_Morphing/MAD22/original_sorted/BonaFide/024_08.jpg,/nas-ctm01/datasets/public/BIOMETRICS/Face_Morphing/MAD22/original_sorted/BonaFide/125_08.jpg,271,39,148
230,MAD22,MIPGAN_I,random_80_20,train,/nas-ctm01/datasets/public/BIOMETRICS/Face_Morphing/MAD22/original_sorted/MIPGAN_I/024_08-vs-173_08.png,024_08-vs-173_08.png,024_08-vs-173_08,024_08,173_08,024,173,/nas-ctm01/datasets/public/BIOMETRICS/Face_Morphing/MAD22/original_sorted/BonaFide/024_08.jpg,/nas-ctm01/datasets/public/BIOMETRICS/Face_Morphing/MAD22/original_sorted/BonaFide/173_08.jpg,273,39,184
231,MAD22,MIPGAN_I,random_80_20,train,/nas-ctm01/datasets/public/BIOMETRICS/Face_Morphing/MAD22/original_sorted/MIPGAN_I/025_03-vs-038_03.png,025_03-vs-038_03.png,025_03-vs-038_03,025_03,038_03,025,038,/nas-ctm01/datasets/public/BIOMETRICS/Face_Morphing/MAD22/original_sorted/BonaFide/025_03.jpg,/nas-ctm01/datasets/public/BIOMETRICS/Face_Morphing/MAD22/original_sorted/BonaFide/038_03.jpg,274,40,61
232,MAD22,MIPGAN_I,random_80_20,train,/nas-ctm01/datasets/public/BIOMETRICS/Face_Morphing/MAD22/original_sorted/MIPGAN_I/025_03-vs-124_03.png,025_03-vs-124_03.png,025_03-vs-124_03,025_03,124_03,025,124,/nas-ctm01/datasets/public/BIOMETRICS/Face_Morphing/MAD22/original_sorted/BonaFide/025_03.jpg,/nas-ctm01/datasets/public/BIOMETRICS/Face_Morphing/MAD22/original_sorted/BonaFide/124_03.jpg,276,40,145
233,MAD22,MIPGAN_I,random_80_20,train,/nas-ctm01/datasets/public/BIOMETRICS/Face_Morphing/MAD22/original_sorted/MIPGAN_I/025_03-vs-136_03.png,025_03-vs-136_03.png,025_03-vs-136_03,025_03,136_03,025,136,/nas-ctm01/datasets/public/BIOMETRICS/Face_Morphing/MAD22/original_sorted/BonaFide/025_03.jpg,/nas-ctm01/datasets/public/BIOMETRICS/Face_Morphing/MAD22/original_sorted/BonaFide/136_03.jpg,278,40,166
234,MAD22,MIPGAN_I,random_80_20,train,/nas-ctm01/datasets/public/BIOMETRICS/Face_Morphing/MAD22/original_sorted/MIPGAN_I/025_08-vs-091_08.png,025_08-vs-091_08.png,025_08-vs-091_08,025_08,091_08,025,091,/nas-ctm01/datasets/public/BIOMETRICS/Face_Morphing/MAD22/original_sorted/BonaFide/025_08.jpg,/nas-ctm01/datasets/public/BIOMETRICS/Face_Morphing/MAD22/original_sorted/BonaFide/091_08.jpg,280,41,101
235,MAD22,MIPGAN_I,random_80_20,train,/nas-ctm01/datasets/public/BIOMETRICS/Face_Morphing/MAD22/original_sorted/MIPGAN_I/025_08-vs-124_08.png,025_08-vs-124_08.png,025_08-vs-124_08,025_08,124_08,025,124,/nas-ctm01/datasets/public/BIOMETRICS/Face_Morphing/MAD22/original_sorted/BonaFide/025_08.jpg,/nas-ctm01/datasets/public/BIOMETRICS/Face_Morphing/MAD22/original_sorted/BonaFide/124_08.jpg,281,41,146
236,MAD22,MIPGAN_I,random_80_20,train,/nas-ctm01/datasets/public/BIOMETRICS/Face_Morphing/MAD22/original_sorted/MIPGAN_I/025_08-vs-134_08.png,025_08-vs-134_08.png,025_08-vs-134_08,025_08,134_08,025,134,/nas-ctm01/datasets/public/BIOMETRICS/Face_Morphing/MAD22/original_sorted/BonaFide/025_08.jpg,/nas-ctm01/datasets/public/BIOMETRICS/Face_Morphing/MAD22/original_sorted/BonaFide/134_08.jpg,282,41,163
237,MAD22,MIPGAN_I,random_80_20,train,/nas-ctm01/datasets/public/BIOMETRICS/Face_Morphing/MAD22/original_sorted/MIPGAN_I/025_08-vs-136_08.png,025_08-vs-136_08.png,025_08-vs-136_08,025_08,136_08,025,136,/nas-ctm01/datasets/public/BIOMETRICS/Face_Morphing/MAD22/original_sorted/BonaFide/025_08.jpg,/nas-ctm01/datasets/public/BIOMETRICS/Face_Morphing/MAD22/original_sorted/BonaFide/136_08.jpg,283,41,167
238,MAD22,MIPGAN_I,random_80_20,train,/nas-ctm01/datasets/public/BIOMETRICS/Face_Morphing/MAD22/original_sorted/MIPGAN_I/026_03-vs-123_03.png,026_03-vs-123_03.png,026_03-vs-123_03,026_03,123_03,026,123,/nas-ctm01/datasets/public/BIOMETRICS/Face_Morphing/MAD22/original_sorted/BonaFide/026_03.jpg,/nas-ctm01/datasets/public/BIOMETRICS/Face_Morphing/MAD22/original_sorted/BonaFide/123_03.jpg,284,42,143
239,MAD22,MIPGAN_I,random_80_20,train,/nas-ctm01/datasets/public/BIOMETRICS/Face_Morphing/MAD22/original_sorted/MIPGAN_I/026_03-vs-130_03.png,026_03-vs-130_03.png,026_03-vs-130_03,026_03,130_03,026,130,/nas-ctm01/datasets/public/BIOMETRICS/Face_Morphing/MAD22/original_sorted/BonaFide/026_03.jpg,/nas-ctm01/datasets/public/BIOMETRICS/Face_Morphing/MAD22/original_sorted/BonaFide/130_03.jpg,285,42,156
240,MAD22,MIPGAN_I,random_80_20,train,/nas-ctm01/datasets/public/BIOMETRICS/Face_Morphing/MAD22/original_sorted/MIPGAN_I/026_08-vs-070_08.png,026_08-vs-070_08.png,026_08-vs-070_08,026_08,070_08,026,070,/nas-ctm01/datasets/public/BIOMETRICS/Face_Morphing/MAD22/original_sorted/BonaFide/026_08.jpg,/nas-ctm01/datasets/public/BIOMETRICS/Face_Morphing/MAD22/original_sorted/BonaFide/070_08.jpg,288,43,90
241,MAD22,MIPGAN_I,random_80_20,train,/nas-ctm01/datasets/public/BIOMETRICS/Face_Morphing/MAD22/original_sorted/MIPGAN_I/026_08-vs-130_08.png,026_08-vs-130_08.png,026_08-vs-130_08,026_08,130_08,026,130,/nas-ctm01/datasets/public/BIOMETRICS/Face_Morphing/MAD22/original_sorted/BonaFide/026_08.jpg,/nas-ctm01/datasets/public/BIOMETRICS/Face_Morphing/MAD22/original_sorted/BonaFide/130_08.jpg,289,43,157
242,MAD22,MIPGAN_I,random_80_20,train,/nas-ctm01/datasets/public/BIOMETRICS/Face_Morphing/MAD22/original_sorted/MIPGAN_I/026_08-vs-140_08.png,026_08-vs-140_08.png,026_08-vs-140_08,026_08,140_08,026,140,/nas-ctm01/datasets/public/BIOMETRICS/Face_Morphing/MAD22/original_sorted/BonaFide/026_08.jpg,/nas-ctm01/datasets/public/BIOMETRICS/Face_Morphing/MAD22/original_sorted/BonaFide/140_08.jpg,291,43,172
243,MAD22,MIPGAN_I,random_80_20,train,/nas-ctm01/datasets/public/BIOMETRICS/Face_Morphing/MAD22/original_sorted/MIPGAN_I/027_03-vs-083_03.png,027_03-vs-083_03.png,027_03-vs-083_03,027_03,083_03,027,083,/nas-ctm01/datasets/public/BIOMETRICS/Face_Morphing/MAD22/original_sorted/BonaFide/027_03.jpg,/nas-ctm01/datasets/public/BIOMETRICS/Face_Morphing/MAD22/original_sorted/BonaFide/083_03.jpg,292,44,94
244,MAD22,MIPGAN_I,random_80_20,train,/nas-ctm01/datasets/public/BIOMETRICS/Face_Morphing/MAD22/original_sorted/MIPGAN_I/027_03-vs-090_03.png,027_03-vs-090_03.png,027_03-vs-090_03,027_03,090_03,027,090,/nas-ctm01/datasets/public/BIOMETRICS/Face_Morphing/MAD22/original_sorted/BonaFide/027_03.jpg,/nas-ctm01/datasets/public/BIOMETRICS/Face_Morphing/MAD22/original_sorted/BonaFide/090_03.jpg,293,44,99
245,MAD22,MIPGAN_I,random_80_20,train,/nas-ctm01/datasets/public/BIOMETRICS/Face_Morphing/MAD22/original_sorted/MIPGAN_I/027_03-vs-094_03.png,027_03-vs-094_03.png,027_03-vs-094_03,027_03,094_03,027,094,/nas-ctm01/datasets/public/BIOMETRICS/Face_Morphing/MAD22/original_sorted/BonaFide/027_03.jpg,/nas-ctm01/datasets/public/BIOMETRICS/Face_Morphing/MAD22/original_sorted/BonaFide/094_03.jpg,294,44,104
246,MAD22,MIPGAN_I,random_80_20,train,/nas-ctm01/datasets/public/BIOMETRICS/Face_Morphing/MAD22/original_sorted/MIPGAN_I/027_03-vs-099_03.png,027_03-vs-099_03.png,027_03-vs-099_03,027_03,099_03,027,099,/nas-ctm01/datasets/public/BIOMETRICS/Face_Morphing/MAD22/original_sorted/BonaFide/027_03.jpg,/nas-ctm01/datasets/public/BIOMETRICS/Face_Morphing/MAD22/original_sorted/BonaFide/099_03.jpg,295,44,110
247,MAD22,MIPGAN_I,random_80_20,train,/nas-ctm01/datasets/public/BIOMETRICS/Face_Morphing/MAD22/original_sorted/MIPGAN_I/027_03-vs-102_03.png,027_03-vs-102_03.png,027_03-vs-102_03,027_03,102_03,027,102,/nas-ctm01/datasets/public/BIOMETRICS/Face_Morphing/MAD22/original_sorted/BonaFide/027_03.jpg,/nas-ctm01/datasets/public/BIOMETRICS/Face_Morphing/MAD22/original_sorted/BonaFide/102_03.jpg,297,44,115
248,MAD22,MIPGAN_I,random_80_20,train,/nas-ctm01/datasets/public/BIOMETRICS/Face_Morphing/MAD22/original_sorted/MIPGAN_I/027_03-vs-118_03.png,027_03-vs-118_03.png,027_03-vs-118_03,027_03,118_03,027,118,/nas-ctm01/datasets/public/BIOMETRICS/Face_Morphing/MAD22/original_sorted/BonaFide/027_03.jpg,/nas-ctm01/datasets/public/BIOMETRICS/Face_Morphing/MAD22/original_sorted/BonaFide/118_03.jpg,298,44,133
249,MAD22,MIPGAN_I,random_80_20,train,/nas-ctm01/datasets/public/BIOMETRICS/Face_Morphing/MAD22/original_sorted/MIPGAN_I/027_03-vs-139_03.png,027_03-vs-139_03.png,027_03-vs-139_03,027_03,139_03,027,139,/nas-ctm01/datasets/public/BIOMETRICS/Face_Morphing/MAD22/original_sorted/BonaFide/027_03.jpg,/nas-ctm01/datasets/public/BIOMETRICS/Face_Morphing/MAD22/original_sorted/BonaFide/139_03.jpg,299,44,170
250,MAD22,MIPGAN_I,random_80_20,train,/nas-ctm01/datasets/public/BIOMETRICS/Face_Morphing/MAD22/original_sorted/MIPGAN_I/027_08-vs-038_08.png,027_08-vs-038_08.png,027_08-vs-038_08,027_08,038_08,027,038,/nas-ctm01/datasets/public/BIOMETRICS/Face_Morphing/MAD22/original_sorted/BonaFide/027_08.jpg,/nas-ctm01/datasets/public/BIOMETRICS/Face_Morphing/MAD22/original_sorted/BonaFide/038_08.jpg,302,45,62
251,MAD22,MIPGAN_I,random_80_20,train,/nas-ctm01/datasets/public/BIOMETRICS/Face_Morphing/MAD22/original_sorted/MIPGAN_I/027_08-vs-083_08.png,027_08-vs-083_08.png,027_08-vs-083_08,027_08,083_08,027,083,/nas-ctm01/datasets/public/BIOMETRICS/Face_Morphing/MAD22/original_sorted/BonaFide/027_08.jpg,/nas-ctm01/datasets/public/BIOMETRICS/Face_Morphing/MAD22/original_sorted/BonaFide/083_08.jpg,304,45,95
252,MAD22,MIPGAN_I,random_80_20,train,/nas-ctm01/datasets/public/BIOMETRICS/Face_Morphing/MAD22/original_sorted/MIPGAN_I/027_08-vs-090_08.png,027_08-vs-090_08.png,027_08-vs-090_08,027_08,090_08,027,090,/nas-ctm01/datasets/public/BIOMETRICS/Face_Morphing/MAD22/original_sorted/BonaFide/027_08.jpg,/nas-ctm01/datasets/public/BIOMETRICS/Face_Morphing/MAD22/original_sorted/BonaFide/090_08.jpg,305,45,100
253,MAD22,MIPGAN_I,random_80_20,train,/nas-ctm01/datasets/public/BIOMETRICS/Face_Morphing/MAD22/original_sorted/MIPGAN_I/027_08-vs-099_08.png,027_08-vs-099_08.png,027_08-vs-099_08,027_08,099_08,027,099,/nas-ctm01/datasets/public/BIOMETRICS/Face_Morphing/MAD22/original_sorted/BonaFide/027_08.jpg,/nas-ctm01/datasets/public/BIOMETRICS/Face_Morphing/MAD22/original_sorted/BonaFide/099_08.jpg,306,45,111
254,MAD22,MIPGAN_I,random_80_20,train,/nas-ctm01/datasets/public/BIOMETRICS/Face_Morphing/MAD22/original_sorted/MIPGAN_I/027_08-vs-102_08.png,027_08-vs-102_08.png,027_08-vs-102_08,027_08,102_08,027,102,/nas-ctm01/datasets/public/BIOMETRICS/Face_Morphing/MAD22/original_sorted/BonaFide/027_08.jpg,/nas-ctm01/datasets/public/BIOMETRICS/Face_Morphing/MAD22/original_sorted/BonaFide/102_08.jpg,307,45,116
255,MAD22,MIPGAN_I,random_80_20,train,/nas-ctm01/datasets/public/BIOMETRICS/Face_Morphing/MAD22/original_sorted/MIPGAN_I/027_08-vs-118_08.png,027_08-vs-118_08.png,027_08-vs-118_08,027_08,118_08,027,118,/nas-ctm01/datasets/public/BIOMETRICS/Face_Morphing/MAD22/original_sorted/BonaFide/027_08.jpg,/nas-ctm01/datasets/public/BIOMETRICS/Face_Morphing/MAD22/original_sorted/BonaFide/118_08.jpg,308,45,134
256,MAD22,MIPGAN_I,random_80_20,train,/nas-ctm01/datasets/public/BIOMETRICS/Face_Morphing/MAD22/original_sorted/MIPGAN_I/027_08-vs-144_08.png,027_08-vs-144_08.png,027_08-vs-144_08,027_08,144_08,027,144,/nas-ctm01/datasets/public/BIOMETRICS/Face_Morphing/MAD22/original_sorted/BonaFide/027_08.jpg,/nas-ctm01/datasets/public/BIOMETRICS/Face_Morphing/MAD22/original_sorted/BonaFide/144_08.jpg,309,45,180
257,MAD22,MIPGAN_I,random_80_20,train,/nas-ctm01/datasets/public/BIOMETRICS/Face_Morphing/MAD22/original_sorted/MIPGAN_I/029_03-vs-033_03.png,029_03-vs-033_03.png,029_03-vs-033_03,029_03,033_03,029,033,/nas-ctm01/datasets/public/BIOMETRICS/Face_Morphing/MAD22/original_sorted/BonaFide/029_03.jpg,/nas-ctm01/datasets/public/BIOMETRICS/Face_Morphing/MAD22/original_sorted/BonaFide/033_03.jpg,310,46,54
258,MAD22,MIPGAN_I,random_80_20,train,/nas-ctm01/datasets/public/BIOMETRICS/Face_Morphing/MAD22/original_sorted/MIPGAN_I/029_03-vs-044_03.png,029_03-vs-044_03.png,029_03-vs-044_03,029_03,044_03,029,044,/nas-ctm01/datasets/public/BIOMETRICS/Face_Morphing/MAD22/original_sorted/BonaFide/029_03.jpg,/nas-ctm01/datasets/public/BIOMETRICS/Face_Morphing/MAD22/original_sorted/BonaFide/044_03.jpg,312,46,71
259,MAD22,MIPGAN_I,random_80_20,train,/nas-ctm01/datasets/public/BIOMETRICS/Face_Morphing/MAD22/original_sorted/MIPGAN_I/029_03-vs-173_03.png,029_03-vs-173_03.png,029_03-vs-173_03,029_03,173_03,029,173,/nas-ctm01/datasets/public/BIOMETRICS/Face_Morphing/MAD22/original_sorted/BonaFide/029_03.jpg,/nas-ctm01/datasets/public/BIOMETRICS/Face_Morphing/MAD22/original_sorted/BonaFide/173_03.jpg,315,46,183
260,MAD22,MIPGAN_I,random_80_20,train,/nas-ctm01/datasets/public/BIOMETRICS/Face_Morphing/MAD22/original_sorted/MIPGAN_I/029_08-vs-041_08.png,029_08-vs-041_08.png,029_08-vs-041_08,029_08,041_08,029,041,/nas-ctm01/datasets/public/BIOMETRICS/Face_Morphing/MAD22/original_sorted/BonaFide/029_08.jpg,/nas-ctm01/datasets/public/BIOMETRICS/Face_Morphing/MAD22/original_sorted/BonaFide/041_08.jpg,316,47,66
261,MAD22,MIPGAN_I,random_80_20,train,/nas-ctm01/datasets/public/BIOMETRICS/Face_Morphing/MAD22/original_sorted/MIPGAN_I/029_08-vs-082_08.png,029_08-vs-082_08.png,029_08-vs-082_08,029_08,082_08,029,082,/nas-ctm01/datasets/public/BIOMETRICS/Face_Morphing/MAD22/original_sorted/BonaFide/029_08.jpg,/nas-ctm01/datasets/public/BIOMETRICS/Face_Morphing/MAD22/original_sorted/BonaFide/082_08.jpg,318,47,93
262,MAD22,MIPGAN_I,random_80_20,train,/nas-ctm01/datasets/public/BIOMETRICS/Face_Morphing/MAD22/original_sorted/MIPGAN_I/029_08-vs-143_08.png,029_08-vs-143_08.png,029_08-vs-143_08,029_08,143_08,029,143,/nas-ctm01/datasets/public/BIOMETRICS/Face_Morphing/MAD22/original_sorted/BonaFide/029_08.jpg,/nas-ctm01/datasets/public/BIOMETRICS/Face_Morphing/MAD22/original_sorted/BonaFide/143_08.jpg,319,47,178
263,MAD22,MIPGAN_I,random_80_20,train,/nas-ctm01/datasets/public/BIOMETRICS/Face_Morphing/MAD22/original_sorted/MIPGAN_I/029_08-vs-173_08.png,029_08-vs-173_08.png,029_08-vs-173_08,029_08,173_08,029,173,/nas-ctm01/datasets/public/BIOMETRICS/Face_Morphing/MAD22/original_sorted/BonaFide/029_08.jpg,/nas-ctm01/datasets/public/BIOMETRICS/Face_Morphing/MAD22/original_sorted/BonaFide/173_08.jpg,320,47,184
264,MAD22,MIPGAN_I,random_80_20,train,/nas-ctm01/datasets/public/BIOMETRICS/Face_Morphing/MAD22/original_sorted/MIPGAN_I/030_03-vs-039_03.png,030_03-vs-039_03.png,030_03-vs-039_03,030_03,039_03,030,039,/nas-ctm01/datasets/public/BIOMETRICS/Face_Morphing/MAD22/original_sorted/BonaFide/030_03.jpg,/nas-ctm01/datasets/public/BIOMETRICS/Face_Morphing/MAD22/original_sorted/BonaFide/039_03.jpg,321,48,63
265,MAD22,MIPGAN_I,random_80_20,train,/nas-ctm01/datasets/public/BIOMETRICS/Face_Morphing/MAD22/original_sorted/MIPGAN_I/030_03-vs-062_03.png,030_03-vs-062_03.png,030_03-vs-062_03,030_03,062_03,030,062,/nas-ctm01/datasets/public/BIOMETRICS/Face_Morphing/MAD22/original_sorted/BonaFide/030_03.jpg,/nas-ctm01/datasets/public/BIOMETRICS/Face_Morphing/MAD22/original_sorted/BonaFide/062_03.jpg,322,48,76
266,MAD22,MIPGAN_I,random_80_20,train,/nas-ctm01/datasets/public/BIOMETRICS/Face_Morphing/MAD22/original_sorted/MIPGAN_I/030_03-vs-134_03.png,030_03-vs-134_03.png,030_03-vs-134_03,030_03,134_03,030,134,/nas-ctm01/datasets/public/BIOMETRICS/Face_Morphing/MAD22/original_sorted/BonaFide/030_03.jpg,/nas-ctm01/datasets/public/BIOMETRICS/Face_Morphing/MAD22/original_sorted/BonaFide/134_03.jpg,323,48,162
267,MAD22,MIPGAN_I,random_80_20,train,/nas-ctm01/datasets/public/BIOMETRICS/Face_Morphing/MAD22/original_sorted/MIPGAN_I/030_08-vs-039_08.png,030_08-vs-039_08.png,030_08-vs-039_08,030_08,039_08,030,039,/nas-ctm01/datasets/public/BIOMETRICS/Face_Morphing/MAD22/original_sorted/BonaFide/030_08.jpg,/nas-ctm01/datasets/public/BIOMETRICS/Face_Morphing/MAD22/original_sorted/BonaFide/039_08.jpg,324,49,64
268,MAD22,MIPGAN_I,random_80_20,train,/nas-ctm01/datasets/public/BIOMETRICS/Face_Morphing/MAD22/original_sorted/MIPGAN_I/030_08-vs-112_08.png,030_08-vs-112_08.png,030_08-vs-112_08,030_08,112_08,030,112,/nas-ctm01/datasets/public/BIOMETRICS/Face_Morphing/MAD22/original_sorted/BonaFide/030_08.jpg,/nas-ctm01/datasets/public/BIOMETRICS/Face_Morphing/MAD22/original_sorted/BonaFide/112_08.jpg,325,49,126
269,MAD22,MIPGAN_I,random_80_20,train,/nas-ctm01/datasets/public/BIOMETRICS/Face_Morphing/MAD22/original_sorted/MIPGAN_I/030_08-vs-127_08.png,030_08-vs-127_08.png,030_08-vs-127_08,030_08,127_08,030,127,/nas-ctm01/datasets/public/BIOMETRICS/Face_Morphing/MAD22/original_sorted/BonaFide/030_08.jpg,/nas-ctm01/datasets/public/BIOMETRICS/Face_Morphing/MAD22/original_sorted/BonaFide/127_08.jpg,326,49,151
270,MAD22,MIPGAN_I,random_80_20,train,/nas-ctm01/datasets/public/BIOMETRICS/Face_Morphing/MAD22/original_sorted/MIPGAN_I/030_08-vs-134_08.png,030_08-vs-134_08.png,030_08-vs-134_08,030_08,134_08,030,134,/nas-ctm01/datasets/public/BIOMETRICS/Face_Morphing/MAD22/original_sorted/BonaFide/030_08.jpg,/nas-ctm01/datasets/public/BIOMETRICS/Face_Morphing/MAD22/original_sorted/BonaFide/134_08.jpg,327,49,163
271,MAD22,MIPGAN_I,random_80_20,train,/nas-ctm01/datasets/public/BIOMETRICS/Face_Morphing/MAD22/original_sorted/MIPGAN_I/031_03-vs-042_03.png,031_03-vs-042_03.png,031_03-vs-042_03,031_03,042_03,031,042,/nas-ctm01/datasets/public/BIOMETRICS/Face_Morphing/MAD22/original_sorted/BonaFide/031_03.jpg,/nas-ctm01/datasets/public/BIOMETRICS/Face_Morphing/MAD22/original_sorted/BonaFide/042_03.jpg,328,50,67
272,MAD22,MIPGAN_I,random_80_20,train,/nas-ctm01/datasets/public/BIOMETRICS/Face_Morphing/MAD22/original_sorted/MIPGAN_I/031_03-vs-068_03.png,031_03-vs-068_03.png,031_03-vs-068_03,031_03,068_03,031,068,/nas-ctm01/datasets/public/BIOMETRICS/Face_Morphing/MAD22/original_sorted/BonaFide/031_03.jpg,/nas-ctm01/datasets/public/BIOMETRICS/Face_Morphing/MAD22/original_sorted/BonaFide/068_03.jpg,330,50,86
273,MAD22,MIPGAN_I,random_80_20,train,/nas-ctm01/datasets/public/BIOMETRICS/Face_Morphing/MAD22/original_sorted/MIPGAN_I/031_03-vs-132_03.png,031_03-vs-132_03.png,031_03-vs-132_03,031_03,132_03,031,132,/nas-ctm01/datasets/public/BIOMETRICS/Face_Morphing/MAD22/original_sorted/BonaFide/031_03.jpg,/nas-ctm01/datasets/public/BIOMETRICS/Face_Morphing/MAD22/original_sorted/BonaFide/132_03.jpg,331,50,160
274,MAD22,MIPGAN_I,random_80_20,train,/nas-ctm01/datasets/public/BIOMETRICS/Face_Morphing/MAD22/original_sorted/MIPGAN_I/031_08-vs-043_08.png,031_08-vs-043_08.png,031_08-vs-043_08,031_08,043_08,031,043,/nas-ctm01/datasets/public/BIOMETRICS/Face_Morphing/MAD22/original_sorted/BonaFide/031_08.jpg,/nas-ctm01/datasets/public/BIOMETRICS/Face_Morphing/MAD22/original_sorted/BonaFide/043_08.jpg,334,51,70
275,MAD22,MIPGAN_I,random_80_20,train,/nas-ctm01/datasets/public/BIOMETRICS/Face_Morphing/MAD22/original_sorted/MIPGAN_I/031_08-vs-068_08.png,031_08-vs-068_08.png,031_08-vs-068_08,031_08,068_08,031,068,/nas-ctm01/datasets/public/BIOMETRICS/Face_Morphing/MAD22/original_sorted/BonaFide/031_08.jpg,/nas-ctm01/datasets/public/BIOMETRICS/Face_Morphing/MAD22/original_sorted/BonaFide/068_08.jpg,335,51,87
276,MAD22,MIPGAN_I,random_80_20,train,/nas-ctm01/datasets/public/BIOMETRICS/Face_Morphing/MAD22/original_sorted/MIPGAN_I/031_08-vs-115_08.png,031_08-vs-115_08.png,031_08-vs-115_08,031_08,115_08,031,115,/nas-ctm01/datasets/public/BIOMETRICS/Face_Morphing/MAD22/original_sorted/BonaFide/031_08.jpg,/nas-ctm01/datasets/public/BIOMETRICS/Face_Morphing/MAD22/original_sorted/BonaFide/115_08.jpg,336,51,131
277,MAD22,MIPGAN_I,random_80_20,train,/nas-ctm01/datasets/public/BIOMETRICS/Face_Morphing/MAD22/original_sorted/MIPGAN_I/031_08-vs-117_08.png,031_08-vs-117_08.png,031_08-vs-117_08,031_08,117_08,031,117,/nas-ctm01/datasets/public/BIOMETRICS/Face_Morphing/MAD22/original_sorted/BonaFide/031_08.jpg,/nas-ctm01/datasets/public/BIOMETRICS/Face_Morphing/MAD22/original_sorted/BonaFide/117_08.jpg,337,51,132
278,MAD22,MIPGAN_I,random_80_20,train,/nas-ctm01/datasets/public/BIOMETRICS/Face_Morphing/MAD22/original_sorted/MIPGAN_I/032_03-vs-086_03.png,032_03-vs-086_03.png,032_03-vs-086_03,032_03,086_03,032,086,/nas-ctm01/datasets/public/BIOMETRICS/Face_Morphing/MAD22/original_sorted/BonaFide/032_03.jpg,/nas-ctm01/datasets/public/BIOMETRICS/Face_Morphing/MAD22/original_sorted/BonaFide/086_03.jpg,338,52,96
279,MAD22,MIPGAN_I,random_80_20,train,/nas-ctm01/datasets/public/BIOMETRICS/Face_Morphing/MAD22/original_sorted/MIPGAN_I/032_03-vs-107_03.png,032_03-vs-107_03.png,032_03-vs-107_03,032_03,107_03,032,107,/nas-ctm01/datasets/public/BIOMETRICS/Face_Morphing/MAD22/original_sorted/BonaFide/032_03.jpg,/nas-ctm01/datasets/public/BIOMETRICS/Face_Morphing/MAD22/original_sorted/BonaFide/107_03.jpg,340,52,121
280,MAD22,MIPGAN_I,random_80_20,train,/nas-ctm01/datasets/public/BIOMETRICS/Face_Morphing/MAD22/original_sorted/MIPGAN_I/032_03-vs-126_03.png,032_03-vs-126_03.png,032_03-vs-126_03,032_03,126_03,032,126,/nas-ctm01/datasets/public/BIOMETRICS/Face_Morphing/MAD22/original_sorted/BonaFide/032_03.jpg,/nas-ctm01/datasets/public/BIOMETRICS/Face_Morphing/MAD22/original_sorted/BonaFide/126_03.jpg,341,52,149
281,MAD22,MIPGAN_I,random_80_20,train,/nas-ctm01/datasets/public/BIOMETRICS/Face_Morphing/MAD22/original_sorted/MIPGAN_I/032_08-vs-091_08.png,032_08-vs-091_08.png,032_08-vs-091_08,032_08,091_08,032,091,/nas-ctm01/datasets/public/BIOMETRICS/Face_Morphing/MAD22/original_sorted/BonaFide/032_08.jpg,/nas-ctm01/datasets/public/BIOMETRICS/Face_Morphing/MAD22/original_sorted/BonaFide/091_08.jpg,343,53,101
282,MAD22,MIPGAN_I,random_80_20,train,/nas-ctm01/datasets/public/BIOMETRICS/Face_Morphing/MAD22/original_sorted/MIPGAN_I/032_08-vs-099_08.png,032_08-vs-099_08.png,032_08-vs-099_08,032_08,099_08,032,099,/nas-ctm01/datasets/public/BIOMETRICS/Face_Morphing/MAD22/original_sorted/BonaFide/032_08.jpg,/nas-ctm01/datasets/public/BIOMETRICS/Face_Morphing/MAD22/original_sorted/BonaFide/099_08.jpg,344,53,111
283,MAD22,MIPGAN_I,random_80_20,train,/nas-ctm01/datasets/public/BIOMETRICS/Face_Morphing/MAD22/original_sorted/MIPGAN_I/032_08-vs-124_08.png,032_08-vs-124_08.png,032_08-vs-124_08,032_08,124_08,032,124,/nas-ctm01/datasets/public/BIOMETRICS/Face_Morphing/MAD22/original_sorted/BonaFide/032_08.jpg,/nas-ctm01/datasets/public/BIOMETRICS/Face_Morphing/MAD22/original_sorted/BonaFide/124_08.jpg,345,53,146
284,MAD22,MIPGAN_I,random_80_20,train,/nas-ctm01/datasets/public/BIOMETRICS/Face_Morphing/MAD22/original_sorted/MIPGAN_I/032_08-vs-126_08.png,032_08-vs-126_08.png,032_08-vs-126_08,032_08,126_08,032,126,/nas-ctm01/datasets/public/BIOMETRICS/Face_Morphing/MAD22/original_sorted/BonaFide/032_08.jpg,/nas-ctm01/datasets/public/BIOMETRICS/Face_Morphing/MAD22/original_sorted/BonaFide/126_08.jpg,346,53,150
285,MAD22,MIPGAN_I,random_80_20,train,/nas-ctm01/datasets/public/BIOMETRICS/Face_Morphing/MAD22/original_sorted/MIPGAN_I/033_03-vs-092_03.png,033_03-vs-092_03.png,033_03-vs-092_03,033_03,092_03,033,092,/nas-ctm01/datasets/public/BIOMETRICS/Face_Morphing/MAD22/original_sorted/BonaFide/033_03.jpg,/nas-ctm01/datasets/public/BIOMETRICS/Face_Morphing/MAD22/original_sorted/BonaFide/092_03.jpg,348,54,102
286,MAD22,MIPGAN_I,random_80_20,train,/nas-ctm01/datasets/public/BIOMETRICS/Face_Morphing/MAD22/original_sorted/MIPGAN_I/033_03-vs-108_03.png,033_03-vs-108_03.png,033_03-vs-108_03,033_03,108_03,033,108,/nas-ctm01/datasets/public/BIOMETRICS/Face_Morphing/MAD22/original_sorted/BonaFide/033_03.jpg,/nas-ctm01/datasets/public/BIOMETRICS/Face_Morphing/MAD22/original_sorted/BonaFide/108_03.jpg,350,54,123
287,MAD22,MIPGAN_I,random_80_20,train,/nas-ctm01/datasets/public/BIOMETRICS/Face_Morphing/MAD22/original_sorted/MIPGAN_I/033_03-vs-119_03.png,033_03-vs-119_03.png,033_03-vs-119_03,033_03,119_03,033,119,/nas-ctm01/datasets/public/BIOMETRICS/Face_Morphing/MAD22/original_sorted/BonaFide/033_03.jpg,/nas-ctm01/datasets/public/BIOMETRICS/Face_Morphing/MAD22/original_sorted/BonaFide/119_03.jpg,351,54,135
288,MAD22,MIPGAN_I,random_80_20,train,/nas-ctm01/datasets/public/BIOMETRICS/Face_Morphing/MAD22/original_sorted/MIPGAN_I/033_03-vs-143_03.png,033_03-vs-143_03.png,033_03-vs-143_03,033_03,143_03,033,143,/nas-ctm01/datasets/public/BIOMETRICS/Face_Morphing/MAD22/original_sorted/BonaFide/033_03.jpg,/nas-ctm01/datasets/public/BIOMETRICS/Face_Morphing/MAD22/original_sorted/BonaFide/143_03.jpg,352,54,177
289,MAD22,MIPGAN_I,random_80_20,train,/nas-ctm01/datasets/public/BIOMETRICS/Face_Morphing/MAD22/original_sorted/MIPGAN_I/033_08-vs-044_08.png,033_08-vs-044_08.png,033_08-vs-044_08,033_08,044_08,033,044,/nas-ctm01/datasets/public/BIOMETRICS/Face_Morphing/MAD22/original_sorted/BonaFide/033_08.jpg,/nas-ctm01/datasets/public/BIOMETRICS/Face_Morphing/MAD22/original_sorted/BonaFide/044_08.jpg,353,55,72
290,MAD22,MIPGAN_I,random_80_20,train,/nas-ctm01/datasets/public/BIOMETRICS/Face_Morphing/MAD22/original_sorted/MIPGAN_I/033_08-vs-045_08.png,033_08-vs-045_08.png,033_08-vs-045_08,033_08,045_08,033,045,/nas-ctm01/datasets/public/BIOMETRICS/Face_Morphing/MAD22/original_sorted/BonaFide/033_08.jpg,/nas-ctm01/datasets/public/BIOMETRICS/Face_Morphing/MAD22/original_sorted/BonaFide/045_08.jpg,354,55,73
291,MAD22,MIPGAN_I,random_80_20,train,/nas-ctm01/datasets/public/BIOMETRICS/Face_Morphing/MAD22/original_sorted/MIPGAN_I/033_08-vs-082_08.png,033_08-vs-082_08.png,033_08-vs-082_08,033_08,082_08,033,082,/nas-ctm01/datasets/public/BIOMETRICS/Face_Morphing/MAD22/original_sorted/BonaFide/033_08.jpg,/nas-ctm01/datasets/public/BIOMETRICS/Face_Morphing/MAD22/original_sorted/BonaFide/082_08.jpg,355,55,93
292,MAD22,MIPGAN_I,random_80_20,train,/nas-ctm01/datasets/public/BIOMETRICS/Face_Morphing/MAD22/original_sorted/MIPGAN_I/033_08-vs-092_08.png,033_08-vs-092_08.png,033_08-vs-092_08,033_08,092_08,033,092,/nas-ctm01/datasets/public/BIOMETRICS/Face_Morphing/MAD22/original_sorted/BonaFide/033_08.jpg,/nas-ctm01/datasets/public/BIOMETRICS/Face_Morphing/MAD22/original_sorted/BonaFide/092_08.jpg,356,55,103
293,MAD22,MIPGAN_I,random_80_20,train,/nas-ctm01/datasets/public/BIOMETRICS/Face_Morphing/MAD22/original_sorted/MIPGAN_I/033_08-vs-108_08.png,033_08-vs-108_08.png,033_08-vs-108_08,033_08,108_08,033,108,/nas-ctm01/datasets/public/BIOMETRICS/Face_Morphing/MAD22/original_sorted/BonaFide/033_08.jpg,/nas-ctm01/datasets/public/BIOMETRICS/Face_Morphing/MAD22/original_sorted/BonaFide/108_08.jpg,357,55,124
294,MAD22,MIPGAN_I,random_80_20,train,/nas-ctm01/datasets/public/BIOMETRICS/Face_Morphing/MAD22/original_sorted/MIPGAN_I/033_08-vs-140_08.png,033_08-vs-140_08.png,033_08-vs-140_08,033_08,140_08,033,140,/nas-ctm01/datasets/public/BIOMETRICS/Face_Morphing/MAD22/original_sorted/BonaFide/033_08.jpg,/nas-ctm01/datasets/public/BIOMETRICS/Face_Morphing/MAD22/original_sorted/BonaFide/140_08.jpg,358,55,172
295,MAD22,MIPGAN_I,random_80_20,train,/nas-ctm01/datasets/public/BIOMETRICS/Face_Morphing/MAD22/original_sorted/MIPGAN_I/034_03-vs-139_03.png,034_03-vs-139_03.png,034_03-vs-139_03,034_03,139_03,034,139,/nas-ctm01/datasets/public/BIOMETRICS/Face_Morphing/MAD22/original_sorted/BonaFide/034_03.jpg,/nas-ctm01/datasets/public/BIOMETRICS/Face_Morphing/MAD22/original_sorted/BonaFide/139_03.jpg,360,56,170
296,MAD22,MIPGAN_I,random_80_20,train,/nas-ctm01/datasets/public/BIOMETRICS/Face_Morphing/MAD22/original_sorted/MIPGAN_I/034_08-vs-062_08.png,034_08-vs-062_08.png,034_08-vs-062_08,034_08,062_08,034,062,/nas-ctm01/datasets/public/BIOMETRICS/Face_Morphing/MAD22/original_sorted/BonaFide/034_08.jpg,/nas-ctm01/datasets/public/BIOMETRICS/Face_Morphing/MAD22/original_sorted/BonaFide/062_08.jpg,361,57,77
297,MAD22,MIPGAN_I,random_80_20,train,/nas-ctm01/datasets/public/BIOMETRICS/Face_Morphing/MAD22/original_sorted/MIPGAN_I/034_08-vs-064_08.png,034_08-vs-064_08.png,034_08-vs-064_08,034_08,064_08,034,064,/nas-ctm01/datasets/public/BIOMETRICS/Face_Morphing/MAD22/original_sorted/BonaFide/034_08.jpg,/nas-ctm01/datasets/public/BIOMETRICS/Face_Morphing/MAD22/original_sorted/BonaFide/064_08.jpg,362,57,81
298,MAD22,MIPGAN_I,random_80_20,train,/nas-ctm01/datasets/public/BIOMETRICS/Face_Morphing/MAD22/original_sorted/MIPGAN_I/034_08-vs-094_08.png,034_08-vs-094_08.png,034_08-vs-094_08,034_08,094_08,034,094,/nas-ctm01/datasets/public/BIOMETRICS/Face_Morphing/MAD22/original_sorted/BonaFide/034_08.jpg,/nas-ctm01/datasets/public/BIOMETRICS/Face_Morphing/MAD22/original_sorted/BonaFide/094_08.jpg,363,57,105
299,MAD22,MIPGAN_I,random_80_20,train,/nas-ctm01/datasets/public/BIOMETRICS/Face_Morphing/MAD22/original_sorted/MIPGAN_I/034_08-vs-099_08.png,034_08-vs-099_08.png,034_08-vs-099_08,034_08,099_08,034,099,/nas-ctm01/datasets/public/BIOMETRICS/Face_Morphing/MAD22/original_sorted/BonaFide/034_08.jpg,/nas-ctm01/datasets/public/BIOMETRICS/Face_Morphing/MAD22/original_sorted/BonaFide/099_08.jpg,364,57,111
300,MAD22,MIPGAN_I,random_80_20,train,/nas-ctm01/datasets/public/BIOMETRICS/Face_Morphing/MAD22/original_sorted/MIPGAN_I/034_08-vs-126_08.png,034_08-vs-126_08.png,034_08-vs-126_08,034_08,126_08,034,126,/nas-ctm01/datasets/public/BIOMETRICS/Face_Morphing/MAD22/original_sorted/BonaFide/034_08.jpg,/nas-ctm01/datasets/public/BIOMETRICS/Face_Morphing/MAD22/original_sorted/BonaFide/126_08.jpg,365,57,150
301,MAD22,MIPGAN_I,random_80_20,train,/nas-ctm01/datasets/public/BIOMETRICS/Face_Morphing/MAD22/original_sorted/MIPGAN_I/036_03-vs-096_03.png,036_03-vs-096_03.png,036_03-vs-096_03,036_03,096_03,036,096,/nas-ctm01/datasets/public/BIOMETRICS/Face_Morphing/MAD22/original_sorted/BonaFide/036_03.jpg,/nas-ctm01/datasets/public/BIOMETRICS/Face_Morphing/MAD22/original_sorted/BonaFide/096_03.jpg,367,58,106
302,MAD22,MIPGAN_I,random_80_20,train,/nas-ctm01/datasets/public/BIOMETRICS/Face_Morphing/MAD22/original_sorted/MIPGAN_I/036_03-vs-128_03.png,036_03-vs-128_03.png,036_03-vs-128_03,036_03,128_03,036,128,/nas-ctm01/datasets/public/BIOMETRICS/Face_Morphing/MAD22/original_sorted/BonaFide/036_03.jpg,/nas-ctm01/datasets/public/BIOMETRICS/Face_Morphing/MAD22/original_sorted/BonaFide/128_03.jpg,368,58,152
303,MAD22,MIPGAN_I,random_80_20,train,/nas-ctm01/datasets/public/BIOMETRICS/Face_Morphing/MAD22/original_sorted/MIPGAN_I/036_03-vs-142_03.png,036_03-vs-142_03.png,036_03-vs-142_03,036_03,142_03,036,142,/nas-ctm01/datasets/public/BIOMETRICS/Face_Morphing/MAD22/original_sorted/BonaFide/036_03.jpg,/nas-ctm01/datasets/public/BIOMETRICS/Face_Morphing/MAD22/original_sorted/BonaFide/142_03.jpg,371,58,175
304,MAD22,MIPGAN_I,random_80_20,train,/nas-ctm01/datasets/public/BIOMETRICS/Face_Morphing/MAD22/original_sorted/MIPGAN_I/036_08-vs-096_08.png,036_08-vs-096_08.png,036_08-vs-096_08,036_08,096_08,036,096,/nas-ctm01/datasets/public/BIOMETRICS/Face_Morphing/MAD22/original_sorted/BonaFide/036_08.jpg,/nas-ctm01/datasets/public/BIOMETRICS/Face_Morphing/MAD22/original_sorted/BonaFide/096_08.jpg,373,59,107
305,MAD22,MIPGAN_I,random_80_20,train,/nas-ctm01/datasets/public/BIOMETRICS/Face_Morphing/MAD22/original_sorted/MIPGAN_I/036_08-vs-128_08.png,036_08-vs-128_08.png,036_08-vs-128_08,036_08,128_08,036,128,/nas-ctm01/datasets/public/BIOMETRICS/Face_Morphing/MAD22/original_sorted/BonaFide/036_08.jpg,/nas-ctm01/datasets/public/BIOMETRICS/Face_Morphing/MAD22/original_sorted/BonaFide/128_08.jpg,374,59,153
306,MAD22,MIPGAN_I,random_80_20,train,/nas-ctm01/datasets/public/BIOMETRICS/Face_Morphing/MAD22/original_sorted/MIPGAN_I/036_08-vs-141_08.png,036_08-vs-141_08.png,036_08-vs-141_08,036_08,141_08,036,141,/nas-ctm01/datasets/public/BIOMETRICS/Face_Morphing/MAD22/original_sorted/BonaFide/036_08.jpg,/nas-ctm01/datasets/public/BIOMETRICS/Face_Morphing/MAD22/original_sorted/BonaFide/141_08.jpg,376,59,174
307,MAD22,MIPGAN_I,random_80_20,train,/nas-ctm01/datasets/public/BIOMETRICS/Face_Morphing/MAD22/original_sorted/MIPGAN_I/036_08-vs-142_08.png,036_08-vs-142_08.png,036_08-vs-142_08,036_08,142_08,036,142,/nas-ctm01/datasets/public/BIOMETRICS/Face_Morphing/MAD22/original_sorted/BonaFide/036_08.jpg,/nas-ctm01/datasets/public/BIOMETRICS/Face_Morphing/MAD22/original_sorted/BonaFide/142_08.jpg,377,59,176
308,MAD22,MIPGAN_I,random_80_20,train,/nas-ctm01/datasets/public/BIOMETRICS/Face_Morphing/MAD22/original_sorted/MIPGAN_I/037_03-vs-103_03.png,037_03-vs-103_03.png,037_03-vs-103_03,037_03,103_03,037,103,/nas-ctm01/datasets/public/BIOMETRICS/Face_Morphing/MAD22/original_sorted/BonaFide/037_03.jpg,/nas-ctm01/datasets/public/BIOMETRICS/Face_Morphing/MAD22/original_sorted/BonaFide/103_03.jpg,378,60,117
309,MAD22,MIPGAN_I,random_80_20,train,/nas-ctm01/datasets/public/BIOMETRICS/Face_Morphing/MAD22/original_sorted/MIPGAN_I/037_03-vs-108_03.png,037_03-vs-108_03.png,037_03-vs-108_03,037_03,108_03,037,108,/nas-ctm01/datasets/public/BIOMETRICS/Face_Morphing/MAD22/original_sorted/BonaFide/037_03.jpg,/nas-ctm01/datasets/public/BIOMETRICS/Face_Morphing/MAD22/original_sorted/BonaFide/108_03.jpg,379,60,123
310,MAD22,MIPGAN_I,random_80_20,train,/nas-ctm01/datasets/public/BIOMETRICS/Face_Morphing/MAD22/original_sorted/MIPGAN_I/037_03-vs-128_03.png,037_03-vs-128_03.png,037_03-vs-128_03,037_03,128_03,037,128,/nas-ctm01/datasets/public/BIOMETRICS/Face_Morphing/MAD22/original_sorted/BonaFide/037_03.jpg,/nas-ctm01/datasets/public/BIOMETRICS/Face_Morphing/MAD22/original_sorted/BonaFide/128_03.jpg,380,60,152
311,MAD22,MIPGAN_I,random_80_20,train,/nas-ctm01/datasets/public/BIOMETRICS/Face_Morphing/MAD22/original_sorted/MIPGAN_I/037_03-vs-132_03.png,037_03-vs-132_03.png,037_03-vs-132_03,037_03,132_03,037,132,/nas-ctm01/datasets/public/BIOMETRICS/Face_Morphing/MAD22/original_sorted/BonaFide/037_03.jpg,/nas-ctm01/datasets/public/BIOMETRICS/Face_Morphing/MAD22/original_sorted/BonaFide/132_03.jpg,381,60,160
312,MAD22,MIPGAN_I,random_80_20,train,/nas-ctm01/datasets/public/BIOMETRICS/Face_Morphing/MAD22/original_sorted/MIPGAN_I/037_03-vs-172_03.png,037_03-vs-172_03.png,037_03-vs-172_03,037_03,172_03,037,172,/nas-ctm01/datasets/public/BIOMETRICS/Face_Morphing/MAD22/original_sorted/BonaFide/037_03.jpg,/nas-ctm01/datasets/public/BIOMETRICS/Face_Morphing/MAD22/original_sorted/BonaFide/172_03.jpg,382,60,181
313,MAD22,MIPGAN_I,random_80_20,train,/nas-ctm01/datasets/public/BIOMETRICS/Face_Morphing/MAD22/original_sorted/MIPGAN_I/038_03-vs-062_03.png,038_03-vs-062_03.png,038_03-vs-062_03,038_03,062_03,038,062,/nas-ctm01/datasets/public/BIOMETRICS/Face_Morphing/MAD22/original_sorted/BonaFide/038_03.jpg,/nas-ctm01/datasets/public/BIOMETRICS/Face_Morphing/MAD22/original_sorted/BonaFide/062_03.jpg,383,61,76
314,MAD22,MIPGAN_I,random_80_20,train,/nas-ctm01/datasets/public/BIOMETRICS/Face_Morphing/MAD22/original_sorted/MIPGAN_I/038_03-vs-124_03.png,038_03-vs-124_03.png,038_03-vs-124_03,038_03,124_03,038,124,/nas-ctm01/datasets/public/BIOMETRICS/Face_Morphing/MAD22/original_sorted/BonaFide/038_03.jpg,/nas-ctm01/datasets/public/BIOMETRICS/Face_Morphing/MAD22/original_sorted/BonaFide/124_03.jpg,386,61,145
315,MAD22,MIPGAN_I,random_80_20,train,/nas-ctm01/datasets/public/BIOMETRICS/Face_Morphing/MAD22/original_sorted/MIPGAN_I/038_08-vs-062_08.png,038_08-vs-062_08.png,038_08-vs-062_08,038_08,062_08,038,062,/nas-ctm01/datasets/public/BIOMETRICS/Face_Morphing/MAD22/original_sorted/BonaFide/038_08.jpg,/nas-ctm01/datasets/public/BIOMETRICS/Face_Morphing/MAD22/original_sorted/BonaFide/062_08.jpg,387,62,77
316,MAD22,MIPGAN_I,random_80_20,train,/nas-ctm01/datasets/public/BIOMETRICS/Face_Morphing/MAD22/original_sorted/MIPGAN_I/038_08-vs-066_08.png,038_08-vs-066_08.png,038_08-vs-066_08,038_08,066_08,038,066,/nas-ctm01/datasets/public/BIOMETRICS/Face_Morphing/MAD22/original_sorted/BonaFide/038_08.jpg,/nas-ctm01/datasets/public/BIOMETRICS/Face_Morphing/MAD22/original_sorted/BonaFide/066_08.jpg,388,62,83
317,MAD22,MIPGAN_I,random_80_20,train,/nas-ctm01/datasets/public/BIOMETRICS/Face_Morphing/MAD22/original_sorted/MIPGAN_I/038_08-vs-091_08.png,038_08-vs-091_08.png,038_08-vs-091_08,038_08,091_08,038,091,/nas-ctm01/datasets/public/BIOMETRICS/Face_Morphing/MAD22/original_sorted/BonaFide/038_08.jpg,/nas-ctm01/datasets/public/BIOMETRICS/Face_Morphing/MAD22/original_sorted/BonaFide/091_08.jpg,389,62,101
318,MAD22,MIPGAN_I,random_80_20,train,/nas-ctm01/datasets/public/BIOMETRICS/Face_Morphing/MAD22/original_sorted/MIPGAN_I/038_08-vs-099_08.png,038_08-vs-099_08.png,038_08-vs-099_08,038_08,099_08,038,099,/nas-ctm01/datasets/public/BIOMETRICS/Face_Morphing/MAD22/original_sorted/BonaFide/038_08.jpg,/nas-ctm01/datasets/public/BIOMETRICS/Face_Morphing/MAD22/original_sorted/BonaFide/099_08.jpg,390,62,111
319,MAD22,MIPGAN_I,random_80_20,train,/nas-ctm01/datasets/public/BIOMETRICS/Face_Morphing/MAD22/original_sorted/MIPGAN_I/038_08-vs-102_08.png,038_08-vs-102_08.png,038_08-vs-102_08,038_08,102_08,038,102,/nas-ctm01/datasets/public/BIOMETRICS/Face_Morphing/MAD22/original_sorted/BonaFide/038_08.jpg,/nas-ctm01/datasets/public/BIOMETRICS/Face_Morphing/MAD22/original_sorted/BonaFide/102_08.jpg,391,62,116
320,MAD22,MIPGAN_I,random_80_20,train,/nas-ctm01/datasets/public/BIOMETRICS/Face_Morphing/MAD22/original_sorted/MIPGAN_I/038_08-vs-124_08.png,038_08-vs-124_08.png,038_08-vs-124_08,038_08,124_08,038,124,/nas-ctm01/datasets/public/BIOMETRICS/Face_Morphing/MAD22/original_sorted/BonaFide/038_08.jpg,/nas-ctm01/datasets/public/BIOMETRICS/Face_Morphing/MAD22/original_sorted/BonaFide/124_08.jpg,392,62,146
321,MAD22,MIPGAN_I,random_80_20,train,/nas-ctm01/datasets/public/BIOMETRICS/Face_Morphing/MAD22/original_sorted/MIPGAN_I/038_08-vs-129_08.png,038_08-vs-129_08.png,038_08-vs-129_08,038_08,129_08,038,129,/nas-ctm01/datasets/public/BIOMETRICS/Face_Morphing/MAD22/original_sorted/BonaFide/038_08.jpg,/nas-ctm01/datasets/public/BIOMETRICS/Face_Morphing/MAD22/original_sorted/BonaFide/129_08.jpg,393,62,155
322,MAD22,MIPGAN_I,random_80_20,train,/nas-ctm01/datasets/public/BIOMETRICS/Face_Morphing/MAD22/original_sorted/MIPGAN_I/038_08-vs-136_08.png,038_08-vs-136_08.png,038_08-vs-136_08,038_08,136_08,038,136,/nas-ctm01/datasets/public/BIOMETRICS/Face_Morphing/MAD22/original_sorted/BonaFide/038_08.jpg,/nas-ctm01/datasets/public/BIOMETRICS/Face_Morphing/MAD22/original_sorted/BonaFide/136_08.jpg,394,62,167
323,MAD22,MIPGAN_I,random_80_20,train,/nas-ctm01/datasets/public/BIOMETRICS/Face_Morphing/MAD22/original_sorted/MIPGAN_I/039_03-vs-090_03.png,039_03-vs-090_03.png,039_03-vs-090_03,039_03,090_03,039,090,/nas-ctm01/datasets/public/BIOMETRICS/Face_Morphing/MAD22/original_sorted/BonaFide/039_03.jpg,/nas-ctm01/datasets/public/BIOMETRICS/Face_Morphing/MAD22/original_sorted/BonaFide/090_03.jpg,395,63,99
324,MAD22,MIPGAN_I,random_80_20,train,/nas-ctm01/datasets/public/BIOMETRICS/Face_Morphing/MAD22/original_sorted/MIPGAN_I/039_03-vs-102_03.png,039_03-vs-102_03.png,039_03-vs-102_03,039_03,102_03,039,102,/nas-ctm01/datasets/public/BIOMETRICS/Face_Morphing/MAD22/original_sorted/BonaFide/039_03.jpg,/nas-ctm01/datasets/public/BIOMETRICS/Face_Morphing/MAD22/original_sorted/BonaFide/102_03.jpg,397,63,115
325,MAD22,MIPGAN_I,random_80_20,train,/nas-ctm01/datasets/public/BIOMETRICS/Face_Morphing/MAD22/original_sorted/MIPGAN_I/039_03-vs-107_03.png,039_03-vs-107_03.png,039_03-vs-107_03,039_03,107_03,039,107,/nas-ctm01/datasets/public/BIOMETRICS/Face_Morphing/MAD22/original_sorted/BonaFide/039_03.jpg,/nas-ctm01/datasets/public/BIOMETRICS/Face_Morphing/MAD22/original_sorted/BonaFide/107_03.jpg,398,63,121
326,MAD22,MIPGAN_I,random_80_20,train,/nas-ctm01/datasets/public/BIOMETRICS/Face_Morphing/MAD22/original_sorted/MIPGAN_I/039_03-vs-124_03.png,039_03-vs-124_03.png,039_03-vs-124_03,039_03,124_03,039,124,/nas-ctm01/datasets/public/BIOMETRICS/Face_Morphing/MAD22/original_sorted/BonaFide/039_03.jpg,/nas-ctm01/datasets/public/BIOMETRICS/Face_Morphing/MAD22/original_sorted/BonaFide/124_03.jpg,399,63,145
327,MAD22,MIPGAN_I,random_80_20,train,/nas-ctm01/datasets/public/BIOMETRICS/Face_Morphing/MAD22/original_sorted/MIPGAN_I/039_03-vs-139_03.png,039_03-vs-139_03.png,039_03-vs-139_03,039_03,139_03,039,139,/nas-ctm01/datasets/public/BIOMETRICS/Face_Morphing/MAD22/original_sorted/BonaFide/039_03.jpg,/nas-ctm01/datasets/public/BIOMETRICS/Face_Morphing/MAD22/original_sorted/BonaFide/139_03.jpg,400,63,170
328,MAD22,MIPGAN_I,random_80_20,train,/nas-ctm01/datasets/public/BIOMETRICS/Face_Morphing/MAD22/original_sorted/MIPGAN_I/039_03-vs-144_03.png,039_03-vs-144_03.png,039_03-vs-144_03,039_03,144_03,039,144,/nas-ctm01/datasets/public/BIOMETRICS/Face_Morphing/MAD22/original_sorted/BonaFide/039_03.jpg,/nas-ctm01/datasets/public/BIOMETRICS/Face_Morphing/MAD22/original_sorted/BonaFide/144_03.jpg,401,63,179
329,MAD22,MIPGAN_I,random_80_20,train,/nas-ctm01/datasets/public/BIOMETRICS/Face_Morphing/MAD22/original_sorted/MIPGAN_I/039_08-vs-090_08.png,039_08-vs-090_08.png,039_08-vs-090_08,039_08,090_08,039,090,/nas-ctm01/datasets/public/BIOMETRICS/Face_Morphing/MAD22/original_sorted/BonaFide/039_08.jpg,/nas-ctm01/datasets/public/BIOMETRICS/Face_Morphing/MAD22/original_sorted/BonaFide/090_08.jpg,402,64,100
330,MAD22,MIPGAN_I,random_80_20,train,/nas-ctm01/datasets/public/BIOMETRICS/Face_Morphing/MAD22/original_sorted/MIPGAN_I/039_08-vs-102_08.png,039_08-vs-102_08.png,039_08-vs-102_08,039_08,102_08,039,102,/nas-ctm01/datasets/public/BIOMETRICS/Face_Morphing/MAD22/original_sorted/BonaFide/039_08.jpg,/nas-ctm01/datasets/public/BIOMETRICS/Face_Morphing/MAD22/original_sorted/BonaFide/102_08.jpg,404,64,116
331,MAD22,MIPGAN_I,random_80_20,train,/nas-ctm01/datasets/public/BIOMETRICS/Face_Morphing/MAD22/original_sorted/MIPGAN_I/039_08-vs-118_08.png,039_08-vs-118_08.png,039_08-vs-118_08,039_08,118_08,039,118,/nas-ctm01/datasets/public/BIOMETRICS/Face_Morphing/MAD22/original_sorted/BonaFide/039_08.jpg,/nas-ctm01/datasets/public/BIOMETRICS/Face_Morphing/MAD22/original_sorted/BonaFide/118_08.jpg,405,64,134
332,MAD22,MIPGAN_I,random_80_20,train,/nas-ctm01/datasets/public/BIOMETRICS/Face_Morphing/MAD22/original_sorted/MIPGAN_I/039_08-vs-124_08.png,039_08-vs-124_08.png,039_08-vs-124_08,039_08,124_08,039,124,/nas-ctm01/datasets/public/BIOMETRICS/Face_Morphing/MAD22/original_sorted/BonaFide/039_08.jpg,/nas-ctm01/datasets/public/BIOMETRICS/Face_Morphing/MAD22/original_sorted/BonaFide/124_08.jpg,406,64,146
333,MAD22,MIPGAN_I,random_80_20,train,/nas-ctm01/datasets/public/BIOMETRICS/Face_Morphing/MAD22/original_sorted/MIPGAN_I/039_08-vs-144_08.png,039_08-vs-144_08.png,039_08-vs-144_08,039_08,144_08,039,144,/nas-ctm01/datasets/public/BIOMETRICS/Face_Morphing/MAD22/original_sorted/BonaFide/039_08.jpg,/nas-ctm01/datasets/public/BIOMETRICS/Face_Morphing/MAD22/original_sorted/BonaFide/144_08.jpg,407,64,180
334,MAD22,MIPGAN_I,random_80_20,train,/nas-ctm01/datasets/public/BIOMETRICS/Face_Morphing/MAD22/original_sorted/MIPGAN_I/041_03-vs-123_03.png,041_03-vs-123_03.png,041_03-vs-123_03,041_03,123_03,041,123,/nas-ctm01/datasets/public/BIOMETRICS/Face_Morphing/MAD22/original_sorted/BonaFide/041_03.jpg,/nas-ctm01/datasets/public/BIOMETRICS/Face_Morphing/MAD22/original_sorted/BonaFide/123_03.jpg,408,65,143
335,MAD22,MIPGAN_I,random_80_20,train,/nas-ctm01/datasets/public/BIOMETRICS/Face_Morphing/MAD22/original_sorted/MIPGAN_I/041_03-vs-137_03.png,041_03-vs-137_03.png,041_03-vs-137_03,041_03,137_03,041,137,/nas-ctm01/datasets/public/BIOMETRICS/Face_Morphing/MAD22/original_sorted/BonaFide/041_03.jpg,/nas-ctm01/datasets/public/BIOMETRICS/Face_Morphing/MAD22/original_sorted/BonaFide/137_03.jpg,409,65,168
336,MAD22,MIPGAN_I,random_80_20,train,/nas-ctm01/datasets/public/BIOMETRICS/Face_Morphing/MAD22/original_sorted/MIPGAN_I/041_03-vs-143_03.png,041_03-vs-143_03.png,041_03-vs-143_03,041_03,143_03,041,143,/nas-ctm01/datasets/public/BIOMETRICS/Face_Morphing/MAD22/original_sorted/BonaFide/041_03.jpg,/nas-ctm01/datasets/public/BIOMETRICS/Face_Morphing/MAD22/original_sorted/BonaFide/143_03.jpg,411,65,177
337,MAD22,MIPGAN_I,random_80_20,train,/nas-ctm01/datasets/public/BIOMETRICS/Face_Morphing/MAD22/original_sorted/MIPGAN_I/041_03-vs-173_03.png,041_03-vs-173_03.png,041_03-vs-173_03,041_03,173_03,041,173,/nas-ctm01/datasets/public/BIOMETRICS/Face_Morphing/MAD22/original_sorted/BonaFide/041_03.jpg,/nas-ctm01/datasets/public/BIOMETRICS/Face_Morphing/MAD22/original_sorted/BonaFide/173_03.jpg,412,65,183
338,MAD22,MIPGAN_I,random_80_20,train,/nas-ctm01/datasets/public/BIOMETRICS/Face_Morphing/MAD22/original_sorted/MIPGAN_I/041_08-vs-044_08.png,041_08-vs-044_08.png,041_08-vs-044_08,041_08,044_08,041,044,/nas-ctm01/datasets/public/BIOMETRICS/Face_Morphing/MAD22/original_sorted/BonaFide/041_08.jpg,/nas-ctm01/datasets/public/BIOMETRICS/Face_Morphing/MAD22/original_sorted/BonaFide/044_08.jpg,413,66,72
339,MAD22,MIPGAN_I,random_80_20,train,/nas-ctm01/datasets/public/BIOMETRICS/Face_Morphing/MAD22/original_sorted/MIPGAN_I/041_08-vs-069_08.png,041_08-vs-069_08.png,041_08-vs-069_08,041_08,069_08,041,069,/nas-ctm01/datasets/public/BIOMETRICS/Face_Morphing/MAD22/original_sorted/BonaFide/041_08.jpg,/nas-ctm01/datasets/public/BIOMETRICS/Face_Morphing/MAD22/original_sorted/BonaFide/069_08.jpg,414,66,89
340,MAD22,MIPGAN_I,random_80_20,train,/nas-ctm01/datasets/public/BIOMETRICS/Face_Morphing/MAD22/original_sorted/MIPGAN_I/041_08-vs-070_08.png,041_08-vs-070_08.png,041_08-vs-070_08,041_08,070_08,041,070,/nas-ctm01/datasets/public/BIOMETRICS/Face_Morphing/MAD22/original_sorted/BonaFide/041_08.jpg,/nas-ctm01/datasets/public/BIOMETRICS/Face_Morphing/MAD22/original_sorted/BonaFide/070_08.jpg,415,66,90
341,MAD22,MIPGAN_I,random_80_20,train,/nas-ctm01/datasets/public/BIOMETRICS/Face_Morphing/MAD22/original_sorted/MIPGAN_I/041_08-vs-173_08.png,041_08-vs-173_08.png,041_08-vs-173_08,041_08,173_08,041,173,/nas-ctm01/datasets/public/BIOMETRICS/Face_Morphing/MAD22/original_sorted/BonaFide/041_08.jpg,/nas-ctm01/datasets/public/BIOMETRICS/Face_Morphing/MAD22/original_sorted/BonaFide/173_08.jpg,417,66,184
342,MAD22,MIPGAN_I,random_80_20,train,/nas-ctm01/datasets/public/BIOMETRICS/Face_Morphing/MAD22/original_sorted/MIPGAN_I/042_03-vs-115_03.png,042_03-vs-115_03.png,042_03-vs-115_03,042_03,115_03,042,115,/nas-ctm01/datasets/public/BIOMETRICS/Face_Morphing/MAD22/original_sorted/BonaFide/042_03.jpg,/nas-ctm01/datasets/public/BIOMETRICS/Face_Morphing/MAD22/original_sorted/BonaFide/115_03.jpg,418,67,130
343,MAD22,MIPGAN_I,random_80_20,train,/nas-ctm01/datasets/public/BIOMETRICS/Face_Morphing/MAD22/original_sorted/MIPGAN_I/042_03-vs-137_03.png,042_03-vs-137_03.png,042_03-vs-137_03,042_03,137_03,042,137,/nas-ctm01/datasets/public/BIOMETRICS/Face_Morphing/MAD22/original_sorted/BonaFide/042_03.jpg,/nas-ctm01/datasets/public/BIOMETRICS/Face_Morphing/MAD22/original_sorted/BonaFide/137_03.jpg,419,67,168
344,MAD22,MIPGAN_I,random_80_20,train,/nas-ctm01/datasets/public/BIOMETRICS/Face_Morphing/MAD22/original_sorted/MIPGAN_I/042_03-vs-141_03.png,042_03-vs-141_03.png,042_03-vs-141_03,042_03,141_03,042,141,/nas-ctm01/datasets/public/BIOMETRICS/Face_Morphing/MAD22/original_sorted/BonaFide/042_03.jpg,/nas-ctm01/datasets/public/BIOMETRICS/Face_Morphing/MAD22/original_sorted/BonaFide/141_03.jpg,420,67,173
345,MAD22,MIPGAN_I,random_80_20,train,/nas-ctm01/datasets/public/BIOMETRICS/Face_Morphing/MAD22/original_sorted/MIPGAN_I/042_08-vs-115_08.png,042_08-vs-115_08.png,042_08-vs-115_08,042_08,115_08,042,115,/nas-ctm01/datasets/public/BIOMETRICS/Face_Morphing/MAD22/original_sorted/BonaFide/042_08.jpg,/nas-ctm01/datasets/public/BIOMETRICS/Face_Morphing/MAD22/original_sorted/BonaFide/115_08.jpg,421,68,131
346,MAD22,MIPGAN_I,random_80_20,train,/nas-ctm01/datasets/public/BIOMETRICS/Face_Morphing/MAD22/original_sorted/MIPGAN_I/042_08-vs-140_08.png,042_08-vs-140_08.png,042_08-vs-140_08,042_08,140_08,042,140,/nas-ctm01/datasets/public/BIOMETRICS/Face_Morphing/MAD22/original_sorted/BonaFide/042_08.jpg,/nas-ctm01/datasets/public/BIOMETRICS/Face_Morphing/MAD22/original_sorted/BonaFide/140_08.jpg,422,68,172
347,MAD22,MIPGAN_I,random_80_20,train,/nas-ctm01/datasets/public/BIOMETRICS/Face_Morphing/MAD22/original_sorted/MIPGAN_I/042_08-vs-141_08.png,042_08-vs-141_08.png,042_08-vs-141_08,042_08,141_08,042,141,/nas-ctm01/datasets/public/BIOMETRICS/Face_Morphing/MAD22/original_sorted/BonaFide/042_08.jpg,/nas-ctm01/datasets/public/BIOMETRICS/Face_Morphing/MAD22/original_sorted/BonaFide/141_08.jpg,423,68,174
348,MAD22,MIPGAN_I,random_80_20,train,/nas-ctm01/datasets/public/BIOMETRICS/Face_Morphing/MAD22/original_sorted/MIPGAN_I/043_03-vs-044_03.png,043_03-vs-044_03.png,043_03-vs-044_03,043_03,044_03,043,044,/nas-ctm01/datasets/public/BIOMETRICS/Face_Morphing/MAD22/original_sorted/BonaFide/043_03.jpg,/nas-ctm01/datasets/public/BIOMETRICS/Face_Morphing/MAD22/original_sorted/BonaFide/044_03.jpg,424,69,71
349,MAD22,MIPGAN_I,random_80_20,train,/nas-ctm01/datasets/public/BIOMETRICS/Face_Morphing/MAD22/original_sorted/MIPGAN_I/043_03-vs-092_03.png,043_03-vs-092_03.png,043_03-vs-092_03,043_03,092_03,043,092,/nas-ctm01/datasets/public/BIOMETRICS/Face_Morphing/MAD22/original_sorted/BonaFide/043_03.jpg,/nas-ctm01/datasets/public/BIOMETRICS/Face_Morphing/MAD22/original_sorted/BonaFide/092_03.jpg,425,69,102
350,MAD22,MIPGAN_I,random_80_20,train,/nas-ctm01/datasets/public/BIOMETRICS/Face_Morphing/MAD22/original_sorted/MIPGAN_I/043_03-vs-172_03.png,043_03-vs-172_03.png,043_03-vs-172_03,043_03,172_03,043,172,/nas-ctm01/datasets/public/BIOMETRICS/Face_Morphing/MAD22/original_sorted/BonaFide/043_03.jpg,/nas-ctm01/datasets/public/BIOMETRICS/Face_Morphing/MAD22/original_sorted/BonaFide/172_03.jpg,426,69,181
351,MAD22,MIPGAN_I,random_80_20,train,/nas-ctm01/datasets/public/BIOMETRICS/Face_Morphing/MAD22/original_sorted/MIPGAN_I/043_08-vs-044_08.png,043_08-vs-044_08.png,043_08-vs-044_08,043_08,044_08,043,044,/nas-ctm01/datasets/public/BIOMETRICS/Face_Morphing/MAD22/original_sorted/BonaFide/043_08.jpg,/nas-ctm01/datasets/public/BIOMETRICS/Face_Morphing/MAD22/original_sorted/BonaFide/044_08.jpg,427,70,72
352,MAD22,MIPGAN_I,random_80_20,train,/nas-ctm01/datasets/public/BIOMETRICS/Face_Morphing/MAD22/original_sorted/MIPGAN_I/043_08-vs-123_08.png,043_08-vs-123_08.png,043_08-vs-123_08,043_08,123_08,043,123,/nas-ctm01/datasets/public/BIOMETRICS/Face_Morphing/MAD22/original_sorted/BonaFide/043_08.jpg,/nas-ctm01/datasets/public/BIOMETRICS/Face_Morphing/MAD22/original_sorted/BonaFide/123_08.jpg,428,70,144
353,MAD22,MIPGAN_I,random_80_20,train,/nas-ctm01/datasets/public/BIOMETRICS/Face_Morphing/MAD22/original_sorted/MIPGAN_I/043_08-vs-172_08.png,043_08-vs-172_08.png,043_08-vs-172_08,043_08,172_08,043,172,/nas-ctm01/datasets/public/BIOMETRICS/Face_Morphing/MAD22/original_sorted/BonaFide/043_08.jpg,/nas-ctm01/datasets/public/BIOMETRICS/Face_Morphing/MAD22/original_sorted/BonaFide/172_08.jpg,429,70,182
354,MAD22,MIPGAN_I,random_80_20,train,/nas-ctm01/datasets/public/BIOMETRICS/Face_Morphing/MAD22/original_sorted/MIPGAN_I/044_03-vs-067_03.png,044_03-vs-067_03.png,044_03-vs-067_03,044_03,067_03,044,067,/nas-ctm01/datasets/public/BIOMETRICS/Face_Morphing/MAD22/original_sorted/BonaFide/044_03.jpg,/nas-ctm01/datasets/public/BIOMETRICS/Face_Morphing/MAD22/original_sorted/BonaFide/067_03.jpg,430,71,84
355,MAD22,MIPGAN_I,random_80_20,train,/nas-ctm01/datasets/public/BIOMETRICS/Face_Morphing/MAD22/original_sorted/MIPGAN_I/044_03-vs-082_03.png,044_03-vs-082_03.png,044_03-vs-082_03,044_03,082_03,044,082,/nas-ctm01/datasets/public/BIOMETRICS/Face_Morphing/MAD22/original_sorted/BonaFide/044_03.jpg,/nas-ctm01/datasets/public/BIOMETRICS/Face_Morphing/MAD22/original_sorted/BonaFide/082_03.jpg,431,71,92
356,MAD22,MIPGAN_I,random_80_20,train,/nas-ctm01/datasets/public/BIOMETRICS/Face_Morphing/MAD22/original_sorted/MIPGAN_I/044_03-vs-173_03.png,044_03-vs-173_03.png,044_03-vs-173_03,044_03,173_03,044,173,/nas-ctm01/datasets/public/BIOMETRICS/Face_Morphing/MAD22/original_sorted/BonaFide/044_03.jpg,/nas-ctm01/datasets/public/BIOMETRICS/Face_Morphing/MAD22/original_sorted/BonaFide/173_03.jpg,433,71,183
357,MAD22,MIPGAN_I,random_80_20,train,/nas-ctm01/datasets/public/BIOMETRICS/Face_Morphing/MAD22/original_sorted/MIPGAN_I/044_08-vs-061_08.png,044_08-vs-061_08.png,044_08-vs-061_08,044_08,061_08,044,061,/nas-ctm01/datasets/public/BIOMETRICS/Face_Morphing/MAD22/original_sorted/BonaFide/044_08.jpg,/nas-ctm01/datasets/public/BIOMETRICS/Face_Morphing/MAD22/original_sorted/BonaFide/061_08.jpg,434,72,75
358,MAD22,MIPGAN_I,random_80_20,train,/nas-ctm01/datasets/public/BIOMETRICS/Face_Morphing/MAD22/original_sorted/MIPGAN_I/044_08-vs-082_08.png,044_08-vs-082_08.png,044_08-vs-082_08,044_08,082_08,044,082,/nas-ctm01/datasets/public/BIOMETRICS/Face_Morphing/MAD22/original_sorted/BonaFide/044_08.jpg,/nas-ctm01/datasets/public/BIOMETRICS/Face_Morphing/MAD22/original_sorted/BonaFide/082_08.jpg,435,72,93
359,MAD22,MIPGAN_I,random_80_20,train,/nas-ctm01/datasets/public/BIOMETRICS/Face_Morphing/MAD22/original_sorted/MIPGAN_I/044_08-vs-115_08.png,044_08-vs-115_08.png,044_08-vs-115_08,044_08,115_08,044,115,/nas-ctm01/datasets/public/BIOMETRICS/Face_Morphing/MAD22/original_sorted/BonaFide/044_08.jpg,/nas-ctm01/datasets/public/BIOMETRICS/Face_Morphing/MAD22/original_sorted/BonaFide/115_08.jpg,436,72,131
360,MAD22,MIPGAN_I,random_80_20,train,/nas-ctm01/datasets/public/BIOMETRICS/Face_Morphing/MAD22/original_sorted/MIPGAN_I/045_08-vs-082_08.png,045_08-vs-082_08.png,045_08-vs-082_08,045_08,082_08,045,082,/nas-ctm01/datasets/public/BIOMETRICS/Face_Morphing/MAD22/original_sorted/BonaFide/045_08.jpg,/nas-ctm01/datasets/public/BIOMETRICS/Face_Morphing/MAD22/original_sorted/BonaFide/082_08.jpg,438,73,93
361,MAD22,MIPGAN_I,random_80_20,train,/nas-ctm01/datasets/public/BIOMETRICS/Face_Morphing/MAD22/original_sorted/MIPGAN_I/045_08-vs-092_08.png,045_08-vs-092_08.png,045_08-vs-092_08,045_08,092_08,045,092,/nas-ctm01/datasets/public/BIOMETRICS/Face_Morphing/MAD22/original_sorted/BonaFide/045_08.jpg,/nas-ctm01/datasets/public/BIOMETRICS/Face_Morphing/MAD22/original_sorted/BonaFide/092_08.jpg,439,73,103
362,MAD22,MIPGAN_I,random_80_20,train,/nas-ctm01/datasets/public/BIOMETRICS/Face_Morphing/MAD22/original_sorted/MIPGAN_I/045_08-vs-128_08.png,045_08-vs-128_08.png,045_08-vs-128_08,045_08,128_08,045,128,/nas-ctm01/datasets/public/BIOMETRICS/Face_Morphing/MAD22/original_sorted/BonaFide/045_08.jpg,/nas-ctm01/datasets/public/BIOMETRICS/Face_Morphing/MAD22/original_sorted/BonaFide/128_08.jpg,441,73,153
363,MAD22,MIPGAN_I,random_80_20,train,/nas-ctm01/datasets/public/BIOMETRICS/Face_Morphing/MAD22/original_sorted/MIPGAN_I/045_08-vs-141_08.png,045_08-vs-141_08.png,045_08-vs-141_08,045_08,141_08,045,141,/nas-ctm01/datasets/public/BIOMETRICS/Face_Morphing/MAD22/original_sorted/BonaFide/045_08.jpg,/nas-ctm01/datasets/public/BIOMETRICS/Face_Morphing/MAD22/original_sorted/BonaFide/141_08.jpg,443,73,174
364,MAD22,MIPGAN_I,random_80_20,train,/nas-ctm01/datasets/public/BIOMETRICS/Face_Morphing/MAD22/original_sorted/MIPGAN_I/045_08-vs-143_08.png,045_08-vs-143_08.png,045_08-vs-143_08,045_08,143_08,045,143,/nas-ctm01/datasets/public/BIOMETRICS/Face_Morphing/MAD22/original_sorted/BonaFide/045_08.jpg,/nas-ctm01/datasets/public/BIOMETRICS/Face_Morphing/MAD22/original_sorted/BonaFide/143_08.jpg,444,73,178
365,MAD22,MIPGAN_I,random_80_20,train,/nas-ctm01/datasets/public/BIOMETRICS/Face_Morphing/MAD22/original_sorted/MIPGAN_I/061_03-vs-121_03.png,061_03-vs-121_03.png,061_03-vs-121_03,061_03,121_03,061,121,/nas-ctm01/datasets/public/BIOMETRICS/Face_Morphing/MAD22/original_sorted/BonaFide/061_03.jpg,/nas-ctm01/datasets/public/BIOMETRICS/Face_Morphing/MAD22/original_sorted/BonaFide/121_03.jpg,445,74,139
366,MAD22,MIPGAN_I,random_80_20,train,/nas-ctm01/datasets/public/BIOMETRICS/Face_Morphing/MAD22/original_sorted/MIPGAN_I/061_03-vs-125_03.png,061_03-vs-125_03.png,061_03-vs-125_03,061_03,125_03,061,125,/nas-ctm01/datasets/public/BIOMETRICS/Face_Morphing/MAD22/original_sorted/BonaFide/061_03.jpg,/nas-ctm01/datasets/public/BIOMETRICS/Face_Morphing/MAD22/original_sorted/BonaFide/125_03.jpg,446,74,147
367,MAD22,MIPGAN_I,random_80_20,train,/nas-ctm01/datasets/public/BIOMETRICS/Face_Morphing/MAD22/original_sorted/MIPGAN_I/061_03-vs-141_03.png,061_03-vs-141_03.png,061_03-vs-141_03,061_03,141_03,061,141,/nas-ctm01/datasets/public/BIOMETRICS/Face_Morphing/MAD22/original_sorted/BonaFide/061_03.jpg,/nas-ctm01/datasets/public/BIOMETRICS/Face_Morphing/MAD22/original_sorted/BonaFide/141_03.jpg,447,74,173
368,MAD22,MIPGAN_I,random_80_20,train,/nas-ctm01/datasets/public/BIOMETRICS/Face_Morphing/MAD22/original_sorted/MIPGAN_I/061_03-vs-142_03.png,061_03-vs-142_03.png,061_03-vs-142_03,061_03,142_03,061,142,/nas-ctm01/datasets/public/BIOMETRICS/Face_Morphing/MAD22/original_sorted/BonaFide/061_03.jpg,/nas-ctm01/datasets/public/BIOMETRICS/Face_Morphing/MAD22/original_sorted/BonaFide/142_03.jpg,448,74,175
369,MAD22,MIPGAN_I,random_80_20,train,/nas-ctm01/datasets/public/BIOMETRICS/Face_Morphing/MAD22/original_sorted/MIPGAN_I/061_08-vs-121_08.png,061_08-vs-121_08.png,061_08-vs-121_08,061_08,121_08,061,121,/nas-ctm01/datasets/public/BIOMETRICS/Face_Morphing/MAD22/original_sorted/BonaFide/061_08.jpg,/nas-ctm01/datasets/public/BIOMETRICS/Face_Morphing/MAD22/original_sorted/BonaFide/121_08.jpg,449,75,140
370,MAD22,MIPGAN_I,random_80_20,train,/nas-ctm01/datasets/public/BIOMETRICS/Face_Morphing/MAD22/original_sorted/MIPGAN_I/062_03-vs-118_03.png,062_03-vs-118_03.png,062_03-vs-118_03,062_03,118_03,062,118,/nas-ctm01/datasets/public/BIOMETRICS/Face_Morphing/MAD22/original_sorted/BonaFide/062_03.jpg,/nas-ctm01/datasets/public/BIOMETRICS/Face_Morphing/MAD22/original_sorted/BonaFide/118_03.jpg,454,76,133
371,MAD22,MIPGAN_I,random_80_20,train,/nas-ctm01/datasets/public/BIOMETRICS/Face_Morphing/MAD22/original_sorted/MIPGAN_I/062_03-vs-124_03.png,062_03-vs-124_03.png,062_03-vs-124_03,062_03,124_03,062,124,/nas-ctm01/datasets/public/BIOMETRICS/Face_Morphing/MAD22/original_sorted/BonaFide/062_03.jpg,/nas-ctm01/datasets/public/BIOMETRICS/Face_Morphing/MAD22/original_sorted/BonaFide/124_03.jpg,455,76,145
372,MAD22,MIPGAN_I,random_80_20,train,/nas-ctm01/datasets/public/BIOMETRICS/Face_Morphing/MAD22/original_sorted/MIPGAN_I/062_08-vs-064_08.png,062_08-vs-064_08.png,062_08-vs-064_08,062_08,064_08,062,064,/nas-ctm01/datasets/public/BIOMETRICS/Face_Morphing/MAD22/original_sorted/BonaFide/062_08.jpg,/nas-ctm01/datasets/public/BIOMETRICS/Face_Morphing/MAD22/original_sorted/BonaFide/064_08.jpg,456,77,81
373,MAD22,MIPGAN_I,random_80_20,train,/nas-ctm01/datasets/public/BIOMETRICS/Face_Morphing/MAD22/original_sorted/MIPGAN_I/062_08-vs-083_08.png,062_08-vs-083_08.png,062_08-vs-083_08,062_08,083_08,062,083,/nas-ctm01/datasets/public/BIOMETRICS/Face_Morphing/MAD22/original_sorted/BonaFide/062_08.jpg,/nas-ctm01/datasets/public/BIOMETRICS/Face_Morphing/MAD22/original_sorted/BonaFide/083_08.jpg,457,77,95
374,MAD22,MIPGAN_I,random_80_20,train,/nas-ctm01/datasets/public/BIOMETRICS/Face_Morphing/MAD22/original_sorted/MIPGAN_I/062_08-vs-094_08.png,062_08-vs-094_08.png,062_08-vs-094_08,062_08,094_08,062,094,/nas-ctm01/datasets/public/BIOMETRICS/Face_Morphing/MAD22/original_sorted/BonaFide/062_08.jpg,/nas-ctm01/datasets/public/BIOMETRICS/Face_Morphing/MAD22/original_sorted/BonaFide/094_08.jpg,458,77,105
375,MAD22,MIPGAN_I,random_80_20,train,/nas-ctm01/datasets/public/BIOMETRICS/Face_Morphing/MAD22/original_sorted/MIPGAN_I/062_08-vs-099_08.png,062_08-vs-099_08.png,062_08-vs-099_08,062_08,099_08,062,099,/nas-ctm01/datasets/public/BIOMETRICS/Face_Morphing/MAD22/original_sorted/BonaFide/062_08.jpg,/nas-ctm01/datasets/public/BIOMETRICS/Face_Morphing/MAD22/original_sorted/BonaFide/099_08.jpg,459,77,111
376,MAD22,MIPGAN_I,random_80_20,train,/nas-ctm01/datasets/public/BIOMETRICS/Face_Morphing/MAD22/original_sorted/MIPGAN_I/062_08-vs-102_08.png,062_08-vs-102_08.png,062_08-vs-102_08,062_08,102_08,062,102,/nas-ctm01/datasets/public/BIOMETRICS/Face_Morphing/MAD22/original_sorted/BonaFide/062_08.jpg,/nas-ctm01/datasets/public/BIOMETRICS/Face_Morphing/MAD22/original_sorted/BonaFide/102_08.jpg,460,77,116
377,MAD22,MIPGAN_I,random_80_20,train,/nas-ctm01/datasets/public/BIOMETRICS/Face_Morphing/MAD22/original_sorted/MIPGAN_I/062_08-vs-124_08.png,062_08-vs-124_08.png,062_08-vs-124_08,062_08,124_08,062,124,/nas-ctm01/datasets/public/BIOMETRICS/Face_Morphing/MAD22/original_sorted/BonaFide/062_08.jpg,/nas-ctm01/datasets/public/BIOMETRICS/Face_Morphing/MAD22/original_sorted/BonaFide/124_08.jpg,461,77,146
378,MAD22,MIPGAN_I,random_80_20,train,/nas-ctm01/datasets/public/BIOMETRICS/Face_Morphing/MAD22/original_sorted/MIPGAN_I/062_08-vs-126_08.png,062_08-vs-126_08.png,062_08-vs-126_08,062_08,126_08,062,126,/nas-ctm01/datasets/public/BIOMETRICS/Face_Morphing/MAD22/original_sorted/BonaFide/062_08.jpg,/nas-ctm01/datasets/public/BIOMETRICS/Face_Morphing/MAD22/original_sorted/BonaFide/126_08.jpg,462,77,150
379,MAD22,MIPGAN_I,random_80_20,train,/nas-ctm01/datasets/public/BIOMETRICS/Face_Morphing/MAD22/original_sorted/MIPGAN_I/063_03-vs-069_03.png,063_03-vs-069_03.png,063_03-vs-069_03,063_03,069_03,063,069,/nas-ctm01/datasets/public/BIOMETRICS/Face_Morphing/MAD22/original_sorted/BonaFide/063_03.jpg,/nas-ctm01/datasets/public/BIOMETRICS/Face_Morphing/MAD22/original_sorted/BonaFide/069_03.jpg,463,78,88
380,MAD22,MIPGAN_I,random_80_20,train,/nas-ctm01/datasets/public/BIOMETRICS/Face_Morphing/MAD22/original_sorted/MIPGAN_I/063_03-vs-092_03.png,063_03-vs-092_03.png,063_03-vs-092_03,063_03,092_03,063,092,/nas-ctm01/datasets/public/BIOMETRICS/Face_Morphing/MAD22/original_sorted/BonaFide/063_03.jpg,/nas-ctm01/datasets/public/BIOMETRICS/Face_Morphing/MAD22/original_sorted/BonaFide/092_03.jpg,464,78,102
381,MAD22,MIPGAN_I,random_80_20,train,/nas-ctm01/datasets/public/BIOMETRICS/Face_Morphing/MAD22/original_sorted/MIPGAN_I/063_03-vs-104_03.png,063_03-vs-104_03.png,063_03-vs-104_03,063_03,104_03,063,104,/nas-ctm01/datasets/public/BIOMETRICS/Face_Morphing/MAD22/original_sorted/BonaFide/063_03.jpg,/nas-ctm01/datasets/public/BIOMETRICS/Face_Morphing/MAD22/original_sorted/BonaFide/104_03.jpg,465,78,119
382,MAD22,MIPGAN_I,random_80_20,train,/nas-ctm01/datasets/public/BIOMETRICS/Face_Morphing/MAD22/original_sorted/MIPGAN_I/063_03-vs-115_03.png,063_03-vs-115_03.png,063_03-vs-115_03,063_03,115_03,063,115,/nas-ctm01/datasets/public/BIOMETRICS/Face_Morphing/MAD22/original_sorted/BonaFide/063_03.jpg,/nas-ctm01/datasets/public/BIOMETRICS/Face_Morphing/MAD22/original_sorted/BonaFide/115_03.jpg,466,78,130
383,MAD22,MIPGAN_I,random_80_20,train,/nas-ctm01/datasets/public/BIOMETRICS/Face_Morphing/MAD22/original_sorted/MIPGAN_I/063_03-vs-123_03.png,063_03-vs-123_03.png,063_03-vs-123_03,063_03,123_03,063,123,/nas-ctm01/datasets/public/BIOMETRICS/Face_Morphing/MAD22/original_sorted/BonaFide/063_03.jpg,/nas-ctm01/datasets/public/BIOMETRICS/Face_Morphing/MAD22/original_sorted/BonaFide/123_03.jpg,467,78,143
384,MAD22,MIPGAN_I,random_80_20,train,/nas-ctm01/datasets/public/BIOMETRICS/Face_Morphing/MAD22/original_sorted/MIPGAN_I/063_03-vs-125_03.png,063_03-vs-125_03.png,063_03-vs-125_03,063_03,125_03,063,125,/nas-ctm01/datasets/public/BIOMETRICS/Face_Morphing/MAD22/original_sorted/BonaFide/063_03.jpg,/nas-ctm01/datasets/public/BIOMETRICS/Face_Morphing/MAD22/original_sorted/BonaFide/125_03.jpg,468,78,147
385,MAD22,MIPGAN_I,random_80_20,train,/nas-ctm01/datasets/public/BIOMETRICS/Face_Morphing/MAD22/original_sorted/MIPGAN_I/063_03-vs-130_03.png,063_03-vs-130_03.png,063_03-vs-130_03,063_03,130_03,063,130,/nas-ctm01/datasets/public/BIOMETRICS/Face_Morphing/MAD22/original_sorted/BonaFide/063_03.jpg,/nas-ctm01/datasets/public/BIOMETRICS/Face_Morphing/MAD22/original_sorted/BonaFide/130_03.jpg,469,78,156
386,MAD22,MIPGAN_I,random_80_20,train,/nas-ctm01/datasets/public/BIOMETRICS/Face_Morphing/MAD22/original_sorted/MIPGAN_I/063_08-vs-070_08.png,063_08-vs-070_08.png,063_08-vs-070_08,063_08,070_08,063,070,/nas-ctm01/datasets/public/BIOMETRICS/Face_Morphing/MAD22/original_sorted/BonaFide/063_08.jpg,/nas-ctm01/datasets/public/BIOMETRICS/Face_Morphing/MAD22/original_sorted/BonaFide/070_08.jpg,470,79,90
387,MAD22,MIPGAN_I,random_80_20,train,/nas-ctm01/datasets/public/BIOMETRICS/Face_Morphing/MAD22/original_sorted/MIPGAN_I/063_08-vs-092_08.png,063_08-vs-092_08.png,063_08-vs-092_08,063_08,092_08,063,092,/nas-ctm01/datasets/public/BIOMETRICS/Face_Morphing/MAD22/original_sorted/BonaFide/063_08.jpg,/nas-ctm01/datasets/public/BIOMETRICS/Face_Morphing/MAD22/original_sorted/BonaFide/092_08.jpg,471,79,103
388,MAD22,MIPGAN_I,random_80_20,train,/nas-ctm01/datasets/public/BIOMETRICS/Face_Morphing/MAD22/original_sorted/MIPGAN_I/063_08-vs-096_08.png,063_08-vs-096_08.png,063_08-vs-096_08,063_08,096_08,063,096,/nas-ctm01/datasets/public/BIOMETRICS/Face_Morphing/MAD22/original_sorted/BonaFide/063_08.jpg,/nas-ctm01/datasets/public/BIOMETRICS/Face_Morphing/MAD22/original_sorted/BonaFide/096_08.jpg,472,79,107
389,MAD22,MIPGAN_I,random_80_20,train,/nas-ctm01/datasets/public/BIOMETRICS/Face_Morphing/MAD22/original_sorted/MIPGAN_I/063_08-vs-115_08.png,063_08-vs-115_08.png,063_08-vs-115_08,063_08,115_08,063,115,/nas-ctm01/datasets/public/BIOMETRICS/Face_Morphing/MAD22/original_sorted/BonaFide/063_08.jpg,/nas-ctm01/datasets/public/BIOMETRICS/Face_Morphing/MAD22/original_sorted/BonaFide/115_08.jpg,473,79,131
390,MAD22,MIPGAN_I,random_80_20,train,/nas-ctm01/datasets/public/BIOMETRICS/Face_Morphing/MAD22/original_sorted/MIPGAN_I/063_08-vs-125_08.png,063_08-vs-125_08.png,063_08-vs-125_08,063_08,125_08,063,125,/nas-ctm01/datasets/public/BIOMETRICS/Face_Morphing/MAD22/original_sorted/BonaFide/063_08.jpg,/nas-ctm01/datasets/public/BIOMETRICS/Face_Morphing/MAD22/original_sorted/BonaFide/125_08.jpg,474,79,148
391,MAD22,MIPGAN_I,random_80_20,train,/nas-ctm01/datasets/public/BIOMETRICS/Face_Morphing/MAD22/original_sorted/MIPGAN_I/063_08-vs-132_08.png,063_08-vs-132_08.png,063_08-vs-132_08,063_08,132_08,063,132,/nas-ctm01/datasets/public/BIOMETRICS/Face_Morphing/MAD22/original_sorted/BonaFide/063_08.jpg,/nas-ctm01/datasets/public/BIOMETRICS/Face_Morphing/MAD22/original_sorted/BonaFide/132_08.jpg,476,79,161
392,MAD22,MIPGAN_I,random_80_20,train,/nas-ctm01/datasets/public/BIOMETRICS/Face_Morphing/MAD22/original_sorted/MIPGAN_I/063_08-vs-140_08.png,063_08-vs-140_08.png,063_08-vs-140_08,063_08,140_08,063,140,/nas-ctm01/datasets/public/BIOMETRICS/Face_Morphing/MAD22/original_sorted/BonaFide/063_08.jpg,/nas-ctm01/datasets/public/BIOMETRICS/Face_Morphing/MAD22/original_sorted/BonaFide/140_08.jpg,477,79,172
393,MAD22,MIPGAN_I,random_80_20,train,/nas-ctm01/datasets/public/BIOMETRICS/Face_Morphing/MAD22/original_sorted/MIPGAN_I/063_08-vs-143_08.png,063_08-vs-143_08.png,063_08-vs-143_08,063_08,143_08,063,143,/nas-ctm01/datasets/public/BIOMETRICS/Face_Morphing/MAD22/original_sorted/BonaFide/063_08.jpg,/nas-ctm01/datasets/public/BIOMETRICS/Face_Morphing/MAD22/original_sorted/BonaFide/143_08.jpg,478,79,178
394,MAD22,MIPGAN_I,random_80_20,train,/nas-ctm01/datasets/public/BIOMETRICS/Face_Morphing/MAD22/original_sorted/MIPGAN_I/064_03-vs-066_03.png,064_03-vs-066_03.png,064_03-vs-066_03,064_03,066_03,064,066,/nas-ctm01/datasets/public/BIOMETRICS/Face_Morphing/MAD22/original_sorted/BonaFide/064_03.jpg,/nas-ctm01/datasets/public/BIOMETRICS/Face_Morphing/MAD22/original_sorted/BonaFide/066_03.jpg,479,80,82
395,MAD22,MIPGAN_I,random_80_20,train,/nas-ctm01/datasets/public/BIOMETRICS/Face_Morphing/MAD22/original_sorted/MIPGAN_I/064_03-vs-094_03.png,064_03-vs-094_03.png,064_03-vs-094_03,064_03,094_03,064,094,/nas-ctm01/datasets/public/BIOMETRICS/Face_Morphing/MAD22/original_sorted/BonaFide/064_03.jpg,/nas-ctm01/datasets/public/BIOMETRICS/Face_Morphing/MAD22/original_sorted/BonaFide/094_03.jpg,480,80,104
396,MAD22,MIPGAN_I,random_80_20,train,/nas-ctm01/datasets/public/BIOMETRICS/Face_Morphing/MAD22/original_sorted/MIPGAN_I/064_03-vs-097_03.png,064_03-vs-097_03.png,064_03-vs-097_03,064_03,097_03,064,097,/nas-ctm01/datasets/public/BIOMETRICS/Face_Morphing/MAD22/original_sorted/BonaFide/064_03.jpg,/nas-ctm01/datasets/public/BIOMETRICS/Face_Morphing/MAD22/original_sorted/BonaFide/097_03.jpg,481,80,108
397,MAD22,MIPGAN_I,random_80_20,train,/nas-ctm01/datasets/public/BIOMETRICS/Face_Morphing/MAD22/original_sorted/MIPGAN_I/064_03-vs-099_03.png,064_03-vs-099_03.png,064_03-vs-099_03,064_03,099_03,064,099,/nas-ctm01/datasets/public/BIOMETRICS/Face_Morphing/MAD22/original_sorted/BonaFide/064_03.jpg,/nas-ctm01/datasets/public/BIOMETRICS/Face_Morphing/MAD22/original_sorted/BonaFide/099_03.jpg,482,80,110
398,MAD22,MIPGAN_I,random_80_20,train,/nas-ctm01/datasets/public/BIOMETRICS/Face_Morphing/MAD22/original_sorted/MIPGAN_I/064_03-vs-135_03.png,064_03-vs-135_03.png,064_03-vs-135_03,064_03,135_03,064,135,/nas-ctm01/datasets/public/BIOMETRICS/Face_Morphing/MAD22/original_sorted/BonaFide/064_03.jpg,/nas-ctm01/datasets/public/BIOMETRICS/Face_Morphing/MAD22/original_sorted/BonaFide/135_03.jpg,485,80,164
399,MAD22,MIPGAN_I,random_80_20,train,/nas-ctm01/datasets/public/BIOMETRICS/Face_Morphing/MAD22/original_sorted/MIPGAN_I/064_08-vs-066_08.png,064_08-vs-066_08.png,064_08-vs-066_08,064_08,066_08,064,066,/nas-ctm01/datasets/public/BIOMETRICS/Face_Morphing/MAD22/original_sorted/BonaFide/064_08.jpg,/nas-ctm01/datasets/public/BIOMETRICS/Face_Morphing/MAD22/original_sorted/BonaFide/066_08.jpg,486,81,83
400,MAD22,MIPGAN_I,random_80_20,train,/nas-ctm01/datasets/public/BIOMETRICS/Face_Morphing/MAD22/original_sorted/MIPGAN_I/064_08-vs-091_08.png,064_08-vs-091_08.png,064_08-vs-091_08,064_08,091_08,064,091,/nas-ctm01/datasets/public/BIOMETRICS/Face_Morphing/MAD22/original_sorted/BonaFide/064_08.jpg,/nas-ctm01/datasets/public/BIOMETRICS/Face_Morphing/MAD22/original_sorted/BonaFide/091_08.jpg,487,81,101
401,MAD22,MIPGAN_I,random_80_20,train,/nas-ctm01/datasets/public/BIOMETRICS/Face_Morphing/MAD22/original_sorted/MIPGAN_I/064_08-vs-097_08.png,064_08-vs-097_08.png,064_08-vs-097_08,064_08,097_08,064,097,/nas-ctm01/datasets/public/BIOMETRICS/Face_Morphing/MAD22/original_sorted/BonaFide/064_08.jpg,/nas-ctm01/datasets/public/BIOMETRICS/Face_Morphing/MAD22/original_sorted/BonaFide/097_08.jpg,488,81,109
402,MAD22,MIPGAN_I,random_80_20,train,/nas-ctm01/datasets/public/BIOMETRICS/Face_Morphing/MAD22/original_sorted/MIPGAN_I/064_08-vs-099_08.png,064_08-vs-099_08.png,064_08-vs-099_08,064_08,099_08,064,099,/nas-ctm01/datasets/public/BIOMETRICS/Face_Morphing/MAD22/original_sorted/BonaFide/064_08.jpg,/nas-ctm01/datasets/public/BIOMETRICS/Face_Morphing/MAD22/original_sorted/BonaFide/099_08.jpg,489,81,111
403,MAD22,MIPGAN_I,random_80_20,train,/nas-ctm01/datasets/public/BIOMETRICS/Face_Morphing/MAD22/original_sorted/MIPGAN_I/064_08-vs-134_08.png,064_08-vs-134_08.png,064_08-vs-134_08,064_08,134_08,064,134,/nas-ctm01/datasets/public/BIOMETRICS/Face_Morphing/MAD22/original_sorted/BonaFide/064_08.jpg,/nas-ctm01/datasets/public/BIOMETRICS/Face_Morphing/MAD22/original_sorted/BonaFide/134_08.jpg,492,81,163
404,MAD22,MIPGAN_I,random_80_20,train,/nas-ctm01/datasets/public/BIOMETRICS/Face_Morphing/MAD22/original_sorted/MIPGAN_I/066_03-vs-090_03.png,066_03-vs-090_03.png,066_03-vs-090_03,066_03,090_03,066,090,/nas-ctm01/datasets/public/BIOMETRICS/Face_Morphing/MAD22/original_sorted/BonaFide/066_03.jpg,/nas-ctm01/datasets/public/BIOMETRICS/Face_Morphing/MAD22/original_sorted/BonaFide/090_03.jpg,493,82,99
405,MAD22,MIPGAN_I,random_80_20,train,/nas-ctm01/datasets/public/BIOMETRICS/Face_Morphing/MAD22/original_sorted/MIPGAN_I/066_03-vs-094_03.png,066_03-vs-094_03.png,066_03-vs-094_03,066_03,094_03,066,094,/nas-ctm01/datasets/public/BIOMETRICS/Face_Morphing/MAD22/original_sorted/BonaFide/066_03.jpg,/nas-ctm01/datasets/public/BIOMETRICS/Face_Morphing/MAD22/original_sorted/BonaFide/094_03.jpg,494,82,104
406,MAD22,MIPGAN_I,random_80_20,train,/nas-ctm01/datasets/public/BIOMETRICS/Face_Morphing/MAD22/original_sorted/MIPGAN_I/066_03-vs-097_03.png,066_03-vs-097_03.png,066_03-vs-097_03,066_03,097_03,066,097,/nas-ctm01/datasets/public/BIOMETRICS/Face_Morphing/MAD22/original_sorted/BonaFide/066_03.jpg,/nas-ctm01/datasets/public/BIOMETRICS/Face_Morphing/MAD22/original_sorted/BonaFide/097_03.jpg,495,82,108
407,MAD22,MIPGAN_I,random_80_20,train,/nas-ctm01/datasets/public/BIOMETRICS/Face_Morphing/MAD22/original_sorted/MIPGAN_I/066_03-vs-099_03.png,066_03-vs-099_03.png,066_03-vs-099_03,066_03,099_03,066,099,/nas-ctm01/datasets/public/BIOMETRICS/Face_Morphing/MAD22/original_sorted/BonaFide/066_03.jpg,/nas-ctm01/datasets/public/BIOMETRICS/Face_Morphing/MAD22/original_sorted/BonaFide/099_03.jpg,496,82,110
408,MAD22,MIPGAN_I,random_80_20,train,/nas-ctm01/datasets/public/BIOMETRICS/Face_Morphing/MAD22/original_sorted/MIPGAN_I/066_03-vs-100_03.png,066_03-vs-100_03.png,066_03-vs-100_03,066_03,100_03,066,100,/nas-ctm01/datasets/public/BIOMETRICS/Face_Morphing/MAD22/original_sorted/BonaFide/066_03.jpg,/nas-ctm01/datasets/public/BIOMETRICS/Face_Morphing/MAD22/original_sorted/BonaFide/100_03.jpg,497,82,112
409,MAD22,MIPGAN_I,random_80_20,train,/nas-ctm01/datasets/public/BIOMETRICS/Face_Morphing/MAD22/original_sorted/MIPGAN_I/066_03-vs-113_03.png,066_03-vs-113_03.png,066_03-vs-113_03,066_03,113_03,066,113,/nas-ctm01/datasets/public/BIOMETRICS/Face_Morphing/MAD22/original_sorted/BonaFide/066_03.jpg,/nas-ctm01/datasets/public/BIOMETRICS/Face_Morphing/MAD22/original_sorted/BonaFide/113_03.jpg,498,82,127
410,MAD22,MIPGAN_I,random_80_20,train,/nas-ctm01/datasets/public/BIOMETRICS/Face_Morphing/MAD22/original_sorted/MIPGAN_I/066_03-vs-126_03.png,066_03-vs-126_03.png,066_03-vs-126_03,066_03,126_03,066,126,/nas-ctm01/datasets/public/BIOMETRICS/Face_Morphing/MAD22/original_sorted/BonaFide/066_03.jpg,/nas-ctm01/datasets/public/BIOMETRICS/Face_Morphing/MAD22/original_sorted/BonaFide/126_03.jpg,499,82,149
411,MAD22,MIPGAN_I,random_80_20,train,/nas-ctm01/datasets/public/BIOMETRICS/Face_Morphing/MAD22/original_sorted/MIPGAN_I/066_08-vs-083_08.png,066_08-vs-083_08.png,066_08-vs-083_08,066_08,083_08,066,083,/nas-ctm01/datasets/public/BIOMETRICS/Face_Morphing/MAD22/original_sorted/BonaFide/066_08.jpg,/nas-ctm01/datasets/public/BIOMETRICS/Face_Morphing/MAD22/original_sorted/BonaFide/083_08.jpg,501,83,95
412,MAD22,MIPGAN_I,random_80_20,train,/nas-ctm01/datasets/public/BIOMETRICS/Face_Morphing/MAD22/original_sorted/MIPGAN_I/066_08-vs-126_08.png,066_08-vs-126_08.png,066_08-vs-126_08,066_08,126_08,066,126,/nas-ctm01/datasets/public/BIOMETRICS/Face_Morphing/MAD22/original_sorted/BonaFide/066_08.jpg,/nas-ctm01/datasets/public/BIOMETRICS/Face_Morphing/MAD22/original_sorted/BonaFide/126_08.jpg,505,83,150
413,MAD22,MIPGAN_I,random_80_20,train,/nas-ctm01/datasets/public/BIOMETRICS/Face_Morphing/MAD22/original_sorted/MIPGAN_I/066_08-vs-129_08.png,066_08-vs-129_08.png,066_08-vs-129_08,066_08,129_08,066,129,/nas-ctm01/datasets/public/BIOMETRICS/Face_Morphing/MAD22/original_sorted/BonaFide/066_08.jpg,/nas-ctm01/datasets/public/BIOMETRICS/Face_Morphing/MAD22/original_sorted/BonaFide/129_08.jpg,506,83,155
414,MAD22,MIPGAN_I,random_80_20,train,/nas-ctm01/datasets/public/BIOMETRICS/Face_Morphing/MAD22/original_sorted/MIPGAN_I/067_03-vs-128_03.png,067_03-vs-128_03.png,067_03-vs-128_03,067_03,128_03,067,128,/nas-ctm01/datasets/public/BIOMETRICS/Face_Morphing/MAD22/original_sorted/BonaFide/067_03.jpg,/nas-ctm01/datasets/public/BIOMETRICS/Face_Morphing/MAD22/original_sorted/BonaFide/128_03.jpg,507,84,152
415,MAD22,MIPGAN_I,random_80_20,train,/nas-ctm01/datasets/public/BIOMETRICS/Face_Morphing/MAD22/original_sorted/MIPGAN_I/067_08-vs-114_08.png,067_08-vs-114_08.png,067_08-vs-114_08,067_08,114_08,067,114,/nas-ctm01/datasets/public/BIOMETRICS/Face_Morphing/MAD22/original_sorted/BonaFide/067_08.jpg,/nas-ctm01/datasets/public/BIOMETRICS/Face_Morphing/MAD22/original_sorted/BonaFide/114_08.jpg,509,85,129
416,MAD22,MIPGAN_I,random_80_20,train,/nas-ctm01/datasets/public/BIOMETRICS/Face_Morphing/MAD22/original_sorted/MIPGAN_I/067_08-vs-115_08.png,067_08-vs-115_08.png,067_08-vs-115_08,067_08,115_08,067,115,/nas-ctm01/datasets/public/BIOMETRICS/Face_Morphing/MAD22/original_sorted/BonaFide/067_08.jpg,/nas-ctm01/datasets/public/BIOMETRICS/Face_Morphing/MAD22/original_sorted/BonaFide/115_08.jpg,510,85,131
417,MAD22,MIPGAN_I,random_80_20,train,/nas-ctm01/datasets/public/BIOMETRICS/Face_Morphing/MAD22/original_sorted/MIPGAN_I/067_08-vs-128_08.png,067_08-vs-128_08.png,067_08-vs-128_08,067_08,128_08,067,128,/nas-ctm01/datasets/public/BIOMETRICS/Face_Morphing/MAD22/original_sorted/BonaFide/067_08.jpg,/nas-ctm01/datasets/public/BIOMETRICS/Face_Morphing/MAD22/original_sorted/BonaFide/128_08.jpg,511,85,153
418,MAD22,MIPGAN_I,random_80_20,train,/nas-ctm01/datasets/public/BIOMETRICS/Face_Morphing/MAD22/original_sorted/MIPGAN_I/067_08-vs-130_08.png,067_08-vs-130_08.png,067_08-vs-130_08,067_08,130_08,067,130,/nas-ctm01/datasets/public/BIOMETRICS/Face_Morphing/MAD22/original_sorted/BonaFide/067_08.jpg,/nas-ctm01/datasets/public/BIOMETRICS/Face_Morphing/MAD22/original_sorted/BonaFide/130_08.jpg,512,85,157
419,MAD22,MIPGAN_I,random_80_20,train,/nas-ctm01/datasets/public/BIOMETRICS/Face_Morphing/MAD22/original_sorted/MIPGAN_I/067_08-vs-141_08.png,067_08-vs-141_08.png,067_08-vs-141_08,067_08,141_08,067,141,/nas-ctm01/datasets/public/BIOMETRICS/Face_Morphing/MAD22/original_sorted/BonaFide/067_08.jpg,/nas-ctm01/datasets/public/BIOMETRICS/Face_Morphing/MAD22/original_sorted/BonaFide/141_08.jpg,513,85,174
420,MAD22,MIPGAN_I,random_80_20,train,/nas-ctm01/datasets/public/BIOMETRICS/Face_Morphing/MAD22/original_sorted/MIPGAN_I/068_03-vs-115_03.png,068_03-vs-115_03.png,068_03-vs-115_03,068_03,115_03,068,115,/nas-ctm01/datasets/public/BIOMETRICS/Face_Morphing/MAD22/original_sorted/BonaFide/068_03.jpg,/nas-ctm01/datasets/public/BIOMETRICS/Face_Morphing/MAD22/original_sorted/BonaFide/115_03.jpg,514,86,130
421,MAD22,MIPGAN_I,random_80_20,train,/nas-ctm01/datasets/public/BIOMETRICS/Face_Morphing/MAD22/original_sorted/MIPGAN_I/068_03-vs-128_03.png,068_03-vs-128_03.png,068_03-vs-128_03,068_03,128_03,068,128,/nas-ctm01/datasets/public/BIOMETRICS/Face_Morphing/MAD22/original_sorted/BonaFide/068_03.jpg,/nas-ctm01/datasets/public/BIOMETRICS/Face_Morphing/MAD22/original_sorted/BonaFide/128_03.jpg,515,86,152
422,MAD22,MIPGAN_I,random_80_20,train,/nas-ctm01/datasets/public/BIOMETRICS/Face_Morphing/MAD22/original_sorted/MIPGAN_I/068_03-vs-132_03.png,068_03-vs-132_03.png,068_03-vs-132_03,068_03,132_03,068,132,/nas-ctm01/datasets/public/BIOMETRICS/Face_Morphing/MAD22/original_sorted/BonaFide/068_03.jpg,/nas-ctm01/datasets/public/BIOMETRICS/Face_Morphing/MAD22/original_sorted/BonaFide/132_03.jpg,516,86,160
423,MAD22,MIPGAN_I,random_80_20,train,/nas-ctm01/datasets/public/BIOMETRICS/Face_Morphing/MAD22/original_sorted/MIPGAN_I/068_03-vs-143_03.png,068_03-vs-143_03.png,068_03-vs-143_03,068_03,143_03,068,143,/nas-ctm01/datasets/public/BIOMETRICS/Face_Morphing/MAD22/original_sorted/BonaFide/068_03.jpg,/nas-ctm01/datasets/public/BIOMETRICS/Face_Morphing/MAD22/original_sorted/BonaFide/143_03.jpg,517,86,177
424,MAD22,MIPGAN_I,random_80_20,train,/nas-ctm01/datasets/public/BIOMETRICS/Face_Morphing/MAD22/original_sorted/MIPGAN_I/068_08-vs-128_08.png,068_08-vs-128_08.png,068_08-vs-128_08,068_08,128_08,068,128,/nas-ctm01/datasets/public/BIOMETRICS/Face_Morphing/MAD22/original_sorted/BonaFide/068_08.jpg,/nas-ctm01/datasets/public/BIOMETRICS/Face_Morphing/MAD22/original_sorted/BonaFide/128_08.jpg,519,87,153
425,MAD22,MIPGAN_I,random_80_20,train,/nas-ctm01/datasets/public/BIOMETRICS/Face_Morphing/MAD22/original_sorted/MIPGAN_I/068_08-vs-132_08.png,068_08-vs-132_08.png,068_08-vs-132_08,068_08,132_08,068,132,/nas-ctm01/datasets/public/BIOMETRICS/Face_Morphing/MAD22/original_sorted/BonaFide/068_08.jpg,/nas-ctm01/datasets/public/BIOMETRICS/Face_Morphing/MAD22/original_sorted/BonaFide/132_08.jpg,520,87,161
426,MAD22,MIPGAN_I,random_80_20,train,/nas-ctm01/datasets/public/BIOMETRICS/Face_Morphing/MAD22/original_sorted/MIPGAN_I/068_08-vs-143_08.png,068_08-vs-143_08.png,068_08-vs-143_08,068_08,143_08,068,143,/nas-ctm01/datasets/public/BIOMETRICS/Face_Morphing/MAD22/original_sorted/BonaFide/068_08.jpg,/nas-ctm01/datasets/public/BIOMETRICS/Face_Morphing/MAD22/original_sorted/BonaFide/143_08.jpg,521,87,178
427,MAD22,MIPGAN_I,random_80_20,train,/nas-ctm01/datasets/public/BIOMETRICS/Face_Morphing/MAD22/original_sorted/MIPGAN_I/069_03-vs-104_03.png,069_03-vs-104_03.png,069_03-vs-104_03,069_03,104_03,069,104,/nas-ctm01/datasets/public/BIOMETRICS/Face_Morphing/MAD22/original_sorted/BonaFide/069_03.jpg,/nas-ctm01/datasets/public/BIOMETRICS/Face_Morphing/MAD22/original_sorted/BonaFide/104_03.jpg,522,88,119
428,MAD22,MIPGAN_I,random_80_20,train,/nas-ctm01/datasets/public/BIOMETRICS/Face_Morphing/MAD22/original_sorted/MIPGAN_I/069_03-vs-115_03.png,069_03-vs-115_03.png,069_03-vs-115_03,069_03,115_03,069,115,/nas-ctm01/datasets/public/BIOMETRICS/Face_Morphing/MAD22/original_sorted/BonaFide/069_03.jpg,/nas-ctm01/datasets/public/BIOMETRICS/Face_Morphing/MAD22/original_sorted/BonaFide/115_03.jpg,523,88,130
429,MAD22,MIPGAN_I,random_80_20,train,/nas-ctm01/datasets/public/BIOMETRICS/Face_Morphing/MAD22/original_sorted/MIPGAN_I/069_03-vs-131_03.png,069_03-vs-131_03.png,069_03-vs-131_03,069_03,131_03,069,131,/nas-ctm01/datasets/public/BIOMETRICS/Face_Morphing/MAD22/original_sorted/BonaFide/069_03.jpg,/nas-ctm01/datasets/public/BIOMETRICS/Face_Morphing/MAD22/original_sorted/BonaFide/131_03.jpg,524,88,158
430,MAD22,MIPGAN_I,random_80_20,train,/nas-ctm01/datasets/public/BIOMETRICS/Face_Morphing/MAD22/original_sorted/MIPGAN_I/069_08-vs-092_08.png,069_08-vs-092_08.png,069_08-vs-092_08,069_08,092_08,069,092,/nas-ctm01/datasets/public/BIOMETRICS/Face_Morphing/MAD22/original_sorted/BonaFide/069_08.jpg,/nas-ctm01/datasets/public/BIOMETRICS/Face_Morphing/MAD22/original_sorted/BonaFide/092_08.jpg,527,89,103
431,MAD22,MIPGAN_I,random_80_20,train,/nas-ctm01/datasets/public/BIOMETRICS/Face_Morphing/MAD22/original_sorted/MIPGAN_I/069_08-vs-131_08.png,069_08-vs-131_08.png,069_08-vs-131_08,069_08,131_08,069,131,/nas-ctm01/datasets/public/BIOMETRICS/Face_Morphing/MAD22/original_sorted/BonaFide/069_08.jpg,/nas-ctm01/datasets/public/BIOMETRICS/Face_Morphing/MAD22/original_sorted/BonaFide/131_08.jpg,530,89,159
432,MAD22,MIPGAN_I,random_80_20,train,/nas-ctm01/datasets/public/BIOMETRICS/Face_Morphing/MAD22/original_sorted/MIPGAN_I/070_08-vs-108_08.png,070_08-vs-108_08.png,070_08-vs-108_08,070_08,108_08,070,108,/nas-ctm01/datasets/public/BIOMETRICS/Face_Morphing/MAD22/original_sorted/BonaFide/070_08.jpg,/nas-ctm01/datasets/public/BIOMETRICS/Face_Morphing/MAD22/original_sorted/BonaFide/108_08.jpg,531,90,124
433,MAD22,MIPGAN_I,random_80_20,train,/nas-ctm01/datasets/public/BIOMETRICS/Face_Morphing/MAD22/original_sorted/MIPGAN_I/070_08-vs-143_08.png,070_08-vs-143_08.png,070_08-vs-143_08,070_08,143_08,070,143,/nas-ctm01/datasets/public/BIOMETRICS/Face_Morphing/MAD22/original_sorted/BonaFide/070_08.jpg,/nas-ctm01/datasets/public/BIOMETRICS/Face_Morphing/MAD22/original_sorted/BonaFide/143_08.jpg,532,90,178
434,MAD22,MIPGAN_I,random_80_20,train,/nas-ctm01/datasets/public/BIOMETRICS/Face_Morphing/MAD22/original_sorted/MIPGAN_I/081_08-vs-135_08.png,081_08-vs-135_08.png,081_08-vs-135_08,081_08,135_08,081,135,/nas-ctm01/datasets/public/BIOMETRICS/Face_Morphing/MAD22/original_sorted/BonaFide/081_08.jpg,/nas-ctm01/datasets/public/BIOMETRICS/Face_Morphing/MAD22/original_sorted/BonaFide/135_08.jpg,536,91,165
435,MAD22,MIPGAN_I,random_80_20,train,/nas-ctm01/datasets/public/BIOMETRICS/Face_Morphing/MAD22/original_sorted/MIPGAN_I/082_03-vs-105_03.png,082_03-vs-105_03.png,082_03-vs-105_03,082_03,105_03,082,105,/nas-ctm01/datasets/public/BIOMETRICS/Face_Morphing/MAD22/original_sorted/BonaFide/082_03.jpg,/nas-ctm01/datasets/public/BIOMETRICS/Face_Morphing/MAD22/original_sorted/BonaFide/105_03.jpg,537,92,120
436,MAD22,MIPGAN_I,random_80_20,train,/nas-ctm01/datasets/public/BIOMETRICS/Face_Morphing/MAD22/original_sorted/MIPGAN_I/082_03-vs-138_03.png,082_03-vs-138_03.png,082_03-vs-138_03,082_03,138_03,082,138,/nas-ctm01/datasets/public/BIOMETRICS/Face_Morphing/MAD22/original_sorted/BonaFide/082_03.jpg,/nas-ctm01/datasets/public/BIOMETRICS/Face_Morphing/MAD22/original_sorted/BonaFide/138_03.jpg,538,92,169
437,MAD22,MIPGAN_I,random_80_20,train,/nas-ctm01/datasets/public/BIOMETRICS/Face_Morphing/MAD22/original_sorted/MIPGAN_I/082_08-vs-101_08.png,082_08-vs-101_08.png,082_08-vs-101_08,082_08,101_08,082,101,/nas-ctm01/datasets/public/BIOMETRICS/Face_Morphing/MAD22/original_sorted/BonaFide/082_08.jpg,/nas-ctm01/datasets/public/BIOMETRICS/Face_Morphing/MAD22/original_sorted/BonaFide/101_08.jpg,539,93,114
438,MAD22,MIPGAN_I,random_80_20,train,/nas-ctm01/datasets/public/BIOMETRICS/Face_Morphing/MAD22/original_sorted/MIPGAN_I/082_08-vs-140_08.png,082_08-vs-140_08.png,082_08-vs-140_08,082_08,140_08,082,140,/nas-ctm01/datasets/public/BIOMETRICS/Face_Morphing/MAD22/original_sorted/BonaFide/082_08.jpg,/nas-ctm01/datasets/public/BIOMETRICS/Face_Morphing/MAD22/original_sorted/BonaFide/140_08.jpg,541,93,172
439,MAD22,MIPGAN_I,random_80_20,train,/nas-ctm01/datasets/public/BIOMETRICS/Face_Morphing/MAD22/original_sorted/MIPGAN_I/083_03-vs-113_03.png,083_03-vs-113_03.png,083_03-vs-113_03,083_03,113_03,083,113,/nas-ctm01/datasets/public/BIOMETRICS/Face_Morphing/MAD22/original_sorted/BonaFide/083_03.jpg,/nas-ctm01/datasets/public/BIOMETRICS/Face_Morphing/MAD22/original_sorted/BonaFide/113_03.jpg,542,94,127
440,MAD22,MIPGAN_I,random_80_20,train,/nas-ctm01/datasets/public/BIOMETRICS/Face_Morphing/MAD22/original_sorted/MIPGAN_I/083_08-vs-118_08.png,083_08-vs-118_08.png,083_08-vs-118_08,083_08,118_08,083,118,/nas-ctm01/datasets/public/BIOMETRICS/Face_Morphing/MAD22/original_sorted/BonaFide/083_08.jpg,/nas-ctm01/datasets/public/BIOMETRICS/Face_Morphing/MAD22/original_sorted/BonaFide/118_08.jpg,544,95,134
441,MAD22,MIPGAN_I,random_80_20,train,/nas-ctm01/datasets/public/BIOMETRICS/Face_Morphing/MAD22/original_sorted/MIPGAN_I/083_08-vs-129_08.png,083_08-vs-129_08.png,083_08-vs-129_08,083_08,129_08,083,129,/nas-ctm01/datasets/public/BIOMETRICS/Face_Morphing/MAD22/original_sorted/BonaFide/083_08.jpg,/nas-ctm01/datasets/public/BIOMETRICS/Face_Morphing/MAD22/original_sorted/BonaFide/129_08.jpg,545,95,155
442,MAD22,MIPGAN_I,random_80_20,train,/nas-ctm01/datasets/public/BIOMETRICS/Face_Morphing/MAD22/original_sorted/MIPGAN_I/086_08-vs-091_08.png,086_08-vs-091_08.png,086_08-vs-091_08,086_08,091_08,086,091,/nas-ctm01/datasets/public/BIOMETRICS/Face_Morphing/MAD22/original_sorted/BonaFide/086_08.jpg,/nas-ctm01/datasets/public/BIOMETRICS/Face_Morphing/MAD22/original_sorted/BonaFide/091_08.jpg,546,97,101
443,MAD22,MIPGAN_I,random_80_20,train,/nas-ctm01/datasets/public/BIOMETRICS/Face_Morphing/MAD22/original_sorted/MIPGAN_I/087_08-vs-118_08.png,087_08-vs-118_08.png,087_08-vs-118_08,087_08,118_08,087,118,/nas-ctm01/datasets/public/BIOMETRICS/Face_Morphing/MAD22/original_sorted/BonaFide/087_08.jpg,/nas-ctm01/datasets/public/BIOMETRICS/Face_Morphing/MAD22/original_sorted/BonaFide/118_08.jpg,549,98,134
444,MAD22,MIPGAN_I,random_80_20,train,/nas-ctm01/datasets/public/BIOMETRICS/Face_Morphing/MAD22/original_sorted/MIPGAN_I/087_08-vs-124_08.png,087_08-vs-124_08.png,087_08-vs-124_08,087_08,124_08,087,124,/nas-ctm01/datasets/public/BIOMETRICS/Face_Morphing/MAD22/original_sorted/BonaFide/087_08.jpg,/nas-ctm01/datasets/public/BIOMETRICS/Face_Morphing/MAD22/original_sorted/BonaFide/124_08.jpg,550,98,146
445,MAD22,MIPGAN_I,random_80_20,train,/nas-ctm01/datasets/public/BIOMETRICS/Face_Morphing/MAD22/original_sorted/MIPGAN_I/087_08-vs-135_08.png,087_08-vs-135_08.png,087_08-vs-135_08,087_08,135_08,087,135,/nas-ctm01/datasets/public/BIOMETRICS/Face_Morphing/MAD22/original_sorted/BonaFide/087_08.jpg,/nas-ctm01/datasets/public/BIOMETRICS/Face_Morphing/MAD22/original_sorted/BonaFide/135_08.jpg,551,98,165
446,MAD22,MIPGAN_I,random_80_20,train,/nas-ctm01/datasets/public/BIOMETRICS/Face_Morphing/MAD22/original_sorted/MIPGAN_I/087_08-vs-136_08.png,087_08-vs-136_08.png,087_08-vs-136_08,087_08,136_08,087,136,/nas-ctm01/datasets/public/BIOMETRICS/Face_Morphing/MAD22/original_sorted/BonaFide/087_08.jpg,/nas-ctm01/datasets/public/BIOMETRICS/Face_Morphing/MAD22/original_sorted/BonaFide/136_08.jpg,552,98,167
447,MAD22,MIPGAN_I,random_80_20,train,/nas-ctm01/datasets/public/BIOMETRICS/Face_Morphing/MAD22/original_sorted/MIPGAN_I/090_03-vs-102_03.png,090_03-vs-102_03.png,090_03-vs-102_03,090_03,102_03,090,102,/nas-ctm01/datasets/public/BIOMETRICS/Face_Morphing/MAD22/original_sorted/BonaFide/090_03.jpg,/nas-ctm01/datasets/public/BIOMETRICS/Face_Morphing/MAD22/original_sorted/BonaFide/102_03.jpg,554,99,115
448,MAD22,MIPGAN_I,random_80_20,train,/nas-ctm01/datasets/public/BIOMETRICS/Face_Morphing/MAD22/original_sorted/MIPGAN_I/090_03-vs-112_03.png,090_03-vs-112_03.png,090_03-vs-112_03,090_03,112_03,090,112,/nas-ctm01/datasets/public/BIOMETRICS/Face_Morphing/MAD22/original_sorted/BonaFide/090_03.jpg,/nas-ctm01/datasets/public/BIOMETRICS/Face_Morphing/MAD22/original_sorted/BonaFide/112_03.jpg,556,99,125
449,MAD22,MIPGAN_I,random_80_20,train,/nas-ctm01/datasets/public/BIOMETRICS/Face_Morphing/MAD22/original_sorted/MIPGAN_I/090_03-vs-135_03.png,090_03-vs-135_03.png,090_03-vs-135_03,090_03,135_03,090,135,/nas-ctm01/datasets/public/BIOMETRICS/Face_Morphing/MAD22/original_sorted/BonaFide/090_03.jpg,/nas-ctm01/datasets/public/BIOMETRICS/Face_Morphing/MAD22/original_sorted/BonaFide/135_03.jpg,557,99,164
450,MAD22,MIPGAN_I,random_80_20,train,/nas-ctm01/datasets/public/BIOMETRICS/Face_Morphing/MAD22/original_sorted/MIPGAN_I/090_08-vs-097_08.png,090_08-vs-097_08.png,090_08-vs-097_08,090_08,097_08,090,097,/nas-ctm01/datasets/public/BIOMETRICS/Face_Morphing/MAD22/original_sorted/BonaFide/090_08.jpg,/nas-ctm01/datasets/public/BIOMETRICS/Face_Morphing/MAD22/original_sorted/BonaFide/097_08.jpg,558,100,109
451,MAD22,MIPGAN_I,random_80_20,train,/nas-ctm01/datasets/public/BIOMETRICS/Face_Morphing/MAD22/original_sorted/MIPGAN_I/090_08-vs-107_08.png,090_08-vs-107_08.png,090_08-vs-107_08,090_08,107_08,090,107,/nas-ctm01/datasets/public/BIOMETRICS/Face_Morphing/MAD22/original_sorted/BonaFide/090_08.jpg,/nas-ctm01/datasets/public/BIOMETRICS/Face_Morphing/MAD22/original_sorted/BonaFide/107_08.jpg,559,100,122
452,MAD22,MIPGAN_I,random_80_20,train,/nas-ctm01/datasets/public/BIOMETRICS/Face_Morphing/MAD22/original_sorted/MIPGAN_I/090_08-vs-122_08.png,090_08-vs-122_08.png,090_08-vs-122_08,090_08,122_08,090,122,/nas-ctm01/datasets/public/BIOMETRICS/Face_Morphing/MAD22/original_sorted/BonaFide/090_08.jpg,/nas-ctm01/datasets/public/BIOMETRICS/Face_Morphing/MAD22/original_sorted/BonaFide/122_08.jpg,560,100,142
453,MAD22,MIPGAN_I,random_80_20,train,/nas-ctm01/datasets/public/BIOMETRICS/Face_Morphing/MAD22/original_sorted/MIPGAN_I/090_08-vs-127_08.png,090_08-vs-127_08.png,090_08-vs-127_08,090_08,127_08,090,127,/nas-ctm01/datasets/public/BIOMETRICS/Face_Morphing/MAD22/original_sorted/BonaFide/090_08.jpg,/nas-ctm01/datasets/public/BIOMETRICS/Face_Morphing/MAD22/original_sorted/BonaFide/127_08.jpg,561,100,151
454,MAD22,MIPGAN_I,random_80_20,train,/nas-ctm01/datasets/public/BIOMETRICS/Face_Morphing/MAD22/original_sorted/MIPGAN_I/090_08-vs-135_08.png,090_08-vs-135_08.png,090_08-vs-135_08,090_08,135_08,090,135,/nas-ctm01/datasets/public/BIOMETRICS/Face_Morphing/MAD22/original_sorted/BonaFide/090_08.jpg,/nas-ctm01/datasets/public/BIOMETRICS/Face_Morphing/MAD22/original_sorted/BonaFide/135_08.jpg,562,100,165
455,MAD22,MIPGAN_I,random_80_20,train,/nas-ctm01/datasets/public/BIOMETRICS/Face_Morphing/MAD22/original_sorted/MIPGAN_I/090_08-vs-136_08.png,090_08-vs-136_08.png,090_08-vs-136_08,090_08,136_08,090,136,/nas-ctm01/datasets/public/BIOMETRICS/Face_Morphing/MAD22/original_sorted/BonaFide/090_08.jpg,/nas-ctm01/datasets/public/BIOMETRICS/Face_Morphing/MAD22/original_sorted/BonaFide/136_08.jpg,563,100,167
456,MAD22,MIPGAN_I,random_80_20,train,/nas-ctm01/datasets/public/BIOMETRICS/Face_Morphing/MAD22/original_sorted/MIPGAN_I/091_08-vs-097_08.png,091_08-vs-097_08.png,091_08-vs-097_08,091_08,097_08,091,097,/nas-ctm01/datasets/public/BIOMETRICS/Face_Morphing/MAD22/original_sorted/BonaFide/091_08.jpg,/nas-ctm01/datasets/public/BIOMETRICS/Face_Morphing/MAD22/original_sorted/BonaFide/097_08.jpg,564,101,109
457,MAD22,MIPGAN_I,random_80_20,train,/nas-ctm01/datasets/public/BIOMETRICS/Face_Morphing/MAD22/original_sorted/MIPGAN_I/092_03-vs-104_03.png,092_03-vs-104_03.png,092_03-vs-104_03,092_03,104_03,092,104,/nas-ctm01/datasets/public/BIOMETRICS/Face_Morphing/MAD22/original_sorted/BonaFide/092_03.jpg,/nas-ctm01/datasets/public/BIOMETRICS/Face_Morphing/MAD22/original_sorted/BonaFide/104_03.jpg,565,102,119
458,MAD22,MIPGAN_I,random_80_20,train,/nas-ctm01/datasets/public/BIOMETRICS/Face_Morphing/MAD22/original_sorted/MIPGAN_I/092_03-vs-123_03.png,092_03-vs-123_03.png,092_03-vs-123_03,092_03,123_03,092,123,/nas-ctm01/datasets/public/BIOMETRICS/Face_Morphing/MAD22/original_sorted/BonaFide/092_03.jpg,/nas-ctm01/datasets/public/BIOMETRICS/Face_Morphing/MAD22/original_sorted/BonaFide/123_03.jpg,566,102,143
459,MAD22,MIPGAN_I,random_80_20,train,/nas-ctm01/datasets/public/BIOMETRICS/Face_Morphing/MAD22/original_sorted/MIPGAN_I/092_03-vs-128_03.png,092_03-vs-128_03.png,092_03-vs-128_03,092_03,128_03,092,128,/nas-ctm01/datasets/public/BIOMETRICS/Face_Morphing/MAD22/original_sorted/BonaFide/092_03.jpg,/nas-ctm01/datasets/public/BIOMETRICS/Face_Morphing/MAD22/original_sorted/BonaFide/128_03.jpg,567,102,152
460,MAD22,MIPGAN_I,random_80_20,train,/nas-ctm01/datasets/public/BIOMETRICS/Face_Morphing/MAD22/original_sorted/MIPGAN_I/092_08-vs-123_08.png,092_08-vs-123_08.png,092_08-vs-123_08,092_08,123_08,092,123,/nas-ctm01/datasets/public/BIOMETRICS/Face_Morphing/MAD22/original_sorted/BonaFide/092_08.jpg,/nas-ctm01/datasets/public/BIOMETRICS/Face_Morphing/MAD22/original_sorted/BonaFide/123_08.jpg,568,103,144
461,MAD22,MIPGAN_I,random_80_20,train,/nas-ctm01/datasets/public/BIOMETRICS/Face_Morphing/MAD22/original_sorted/MIPGAN_I/092_08-vs-128_08.png,092_08-vs-128_08.png,092_08-vs-128_08,092_08,128_08,092,128,/nas-ctm01/datasets/public/BIOMETRICS/Face_Morphing/MAD22/original_sorted/BonaFide/092_08.jpg,/nas-ctm01/datasets/public/BIOMETRICS/Face_Morphing/MAD22/original_sorted/BonaFide/128_08.jpg,569,103,153
462,MAD22,MIPGAN_I,random_80_20,train,/nas-ctm01/datasets/public/BIOMETRICS/Face_Morphing/MAD22/original_sorted/MIPGAN_I/092_08-vs-143_08.png,092_08-vs-143_08.png,092_08-vs-143_08,092_08,143_08,092,143,/nas-ctm01/datasets/public/BIOMETRICS/Face_Morphing/MAD22/original_sorted/BonaFide/092_08.jpg,/nas-ctm01/datasets/public/BIOMETRICS/Face_Morphing/MAD22/original_sorted/BonaFide/143_08.jpg,570,103,178
463,MAD22,MIPGAN_I,random_80_20,train,/nas-ctm01/datasets/public/BIOMETRICS/Face_Morphing/MAD22/original_sorted/MIPGAN_I/094_03-vs-099_03.png,094_03-vs-099_03.png,094_03-vs-099_03,094_03,099_03,094,099,/nas-ctm01/datasets/public/BIOMETRICS/Face_Morphing/MAD22/original_sorted/BonaFide/094_03.jpg,/nas-ctm01/datasets/public/BIOMETRICS/Face_Morphing/MAD22/original_sorted/BonaFide/099_03.jpg,571,104,110
464,MAD22,MIPGAN_I,random_80_20,train,/nas-ctm01/datasets/public/BIOMETRICS/Face_Morphing/MAD22/original_sorted/MIPGAN_I/094_03-vs-102_03.png,094_03-vs-102_03.png,094_03-vs-102_03,094_03,102_03,094,102,/nas-ctm01/datasets/public/BIOMETRICS/Face_Morphing/MAD22/original_sorted/BonaFide/094_03.jpg,/nas-ctm01/datasets/public/BIOMETRICS/Face_Morphing/MAD22/original_sorted/BonaFide/102_03.jpg,572,104,115
465,MAD22,MIPGAN_I,random_80_20,train,/nas-ctm01/datasets/public/BIOMETRICS/Face_Morphing/MAD22/original_sorted/MIPGAN_I/094_03-vs-124_03.png,094_03-vs-124_03.png,094_03-vs-124_03,094_03,124_03,094,124,/nas-ctm01/datasets/public/BIOMETRICS/Face_Morphing/MAD22/original_sorted/BonaFide/094_03.jpg,/nas-ctm01/datasets/public/BIOMETRICS/Face_Morphing/MAD22/original_sorted/BonaFide/124_03.jpg,573,104,145
466,MAD22,MIPGAN_I,random_80_20,train,/nas-ctm01/datasets/public/BIOMETRICS/Face_Morphing/MAD22/original_sorted/MIPGAN_I/094_03-vs-126_03.png,094_03-vs-126_03.png,094_03-vs-126_03,094_03,126_03,094,126,/nas-ctm01/datasets/public/BIOMETRICS/Face_Morphing/MAD22/original_sorted/BonaFide/094_03.jpg,/nas-ctm01/datasets/public/BIOMETRICS/Face_Morphing/MAD22/original_sorted/BonaFide/126_03.jpg,574,104,149
467,MAD22,MIPGAN_I,random_80_20,train,/nas-ctm01/datasets/public/BIOMETRICS/Face_Morphing/MAD22/original_sorted/MIPGAN_I/094_03-vs-139_03.png,094_03-vs-139_03.png,094_03-vs-139_03,094_03,139_03,094,139,/nas-ctm01/datasets/public/BIOMETRICS/Face_Morphing/MAD22/original_sorted/BonaFide/094_03.jpg,/nas-ctm01/datasets/public/BIOMETRICS/Face_Morphing/MAD22/original_sorted/BonaFide/139_03.jpg,575,104,170
468,MAD22,MIPGAN_I,random_80_20,train,/nas-ctm01/datasets/public/BIOMETRICS/Face_Morphing/MAD22/original_sorted/MIPGAN_I/094_08-vs-099_08.png,094_08-vs-099_08.png,094_08-vs-099_08,094_08,099_08,094,099,/nas-ctm01/datasets/public/BIOMETRICS/Face_Morphing/MAD22/original_sorted/BonaFide/094_08.jpg,/nas-ctm01/datasets/public/BIOMETRICS/Face_Morphing/MAD22/original_sorted/BonaFide/099_08.jpg,576,105,111
469,MAD22,MIPGAN_I,random_80_20,train,/nas-ctm01/datasets/public/BIOMETRICS/Face_Morphing/MAD22/original_sorted/MIPGAN_I/094_08-vs-124_08.png,094_08-vs-124_08.png,094_08-vs-124_08,094_08,124_08,094,124,/nas-ctm01/datasets/public/BIOMETRICS/Face_Morphing/MAD22/original_sorted/BonaFide/094_08.jpg,/nas-ctm01/datasets/public/BIOMETRICS/Face_Morphing/MAD22/original_sorted/BonaFide/124_08.jpg,577,105,146
470,MAD22,MIPGAN_I,random_80_20,train,/nas-ctm01/datasets/public/BIOMETRICS/Face_Morphing/MAD22/original_sorted/MIPGAN_I/094_08-vs-126_08.png,094_08-vs-126_08.png,094_08-vs-126_08,094_08,126_08,094,126,/nas-ctm01/datasets/public/BIOMETRICS/Face_Morphing/MAD22/original_sorted/BonaFide/094_08.jpg,/nas-ctm01/datasets/public/BIOMETRICS/Face_Morphing/MAD22/original_sorted/BonaFide/126_08.jpg,578,105,150
471,MAD22,MIPGAN_I,random_80_20,train,/nas-ctm01/datasets/public/BIOMETRICS/Face_Morphing/MAD22/original_sorted/MIPGAN_I/094_08-vs-127_08.png,094_08-vs-127_08.png,094_08-vs-127_08,094_08,127_08,094,127,/nas-ctm01/datasets/public/BIOMETRICS/Face_Morphing/MAD22/original_sorted/BonaFide/094_08.jpg,/nas-ctm01/datasets/public/BIOMETRICS/Face_Morphing/MAD22/original_sorted/BonaFide/127_08.jpg,579,105,151
472,MAD22,MIPGAN_I,random_80_20,train,/nas-ctm01/datasets/public/BIOMETRICS/Face_Morphing/MAD22/original_sorted/MIPGAN_I/096_03-vs-104_03.png,096_03-vs-104_03.png,096_03-vs-104_03,096_03,104_03,096,104,/nas-ctm01/datasets/public/BIOMETRICS/Face_Morphing/MAD22/original_sorted/BonaFide/096_03.jpg,/nas-ctm01/datasets/public/BIOMETRICS/Face_Morphing/MAD22/original_sorted/BonaFide/104_03.jpg,580,106,119
473,MAD22,MIPGAN_I,random_80_20,train,/nas-ctm01/datasets/public/BIOMETRICS/Face_Morphing/MAD22/original_sorted/MIPGAN_I/096_03-vs-128_03.png,096_03-vs-128_03.png,096_03-vs-128_03,096_03,128_03,096,128,/nas-ctm01/datasets/public/BIOMETRICS/Face_Morphing/MAD22/original_sorted/BonaFide/096_03.jpg,/nas-ctm01/datasets/public/BIOMETRICS/Face_Morphing/MAD22/original_sorted/BonaFide/128_03.jpg,581,106,152
474,MAD22,MIPGAN_I,random_80_20,train,/nas-ctm01/datasets/public/BIOMETRICS/Face_Morphing/MAD22/original_sorted/MIPGAN_I/096_03-vs-130_03.png,096_03-vs-130_03.png,096_03-vs-130_03,096_03,130_03,096,130,/nas-ctm01/datasets/public/BIOMETRICS/Face_Morphing/MAD22/original_sorted/BonaFide/096_03.jpg,/nas-ctm01/datasets/public/BIOMETRICS/Face_Morphing/MAD22/original_sorted/BonaFide/130_03.jpg,582,106,156
475,MAD22,MIPGAN_I,random_80_20,train,/nas-ctm01/datasets/public/BIOMETRICS/Face_Morphing/MAD22/original_sorted/MIPGAN_I/096_03-vs-141_03.png,096_03-vs-141_03.png,096_03-vs-141_03,096_03,141_03,096,141,/nas-ctm01/datasets/public/BIOMETRICS/Face_Morphing/MAD22/original_sorted/BonaFide/096_03.jpg,/nas-ctm01/datasets/public/BIOMETRICS/Face_Morphing/MAD22/original_sorted/BonaFide/141_03.jpg,584,106,173
476,MAD22,MIPGAN_I,random_80_20,train,/nas-ctm01/datasets/public/BIOMETRICS/Face_Morphing/MAD22/original_sorted/MIPGAN_I/096_08-vs-128_08.png,096_08-vs-128_08.png,096_08-vs-128_08,096_08,128_08,096,128,/nas-ctm01/datasets/public/BIOMETRICS/Face_Morphing/MAD22/original_sorted/BonaFide/096_08.jpg,/nas-ctm01/datasets/public/BIOMETRICS/Face_Morphing/MAD22/original_sorted/BonaFide/128_08.jpg,585,107,153
477,MAD22,MIPGAN_I,random_80_20,train,/nas-ctm01/datasets/public/BIOMETRICS/Face_Morphing/MAD22/original_sorted/MIPGAN_I/097_03-vs-118_03.png,097_03-vs-118_03.png,097_03-vs-118_03,097_03,118_03,097,118,/nas-ctm01/datasets/public/BIOMETRICS/Face_Morphing/MAD22/original_sorted/BonaFide/097_03.jpg,/nas-ctm01/datasets/public/BIOMETRICS/Face_Morphing/MAD22/original_sorted/BonaFide/118_03.jpg,587,108,133
478,MAD22,MIPGAN_I,random_80_20,train,/nas-ctm01/datasets/public/BIOMETRICS/Face_Morphing/MAD22/original_sorted/MIPGAN_I/097_03-vs-129_03.png,097_03-vs-129_03.png,097_03-vs-129_03,097_03,129_03,097,129,/nas-ctm01/datasets/public/BIOMETRICS/Face_Morphing/MAD22/original_sorted/BonaFide/097_03.jpg,/nas-ctm01/datasets/public/BIOMETRICS/Face_Morphing/MAD22/original_sorted/BonaFide/129_03.jpg,588,108,154
479,MAD22,MIPGAN_I,random_80_20,train,/nas-ctm01/datasets/public/BIOMETRICS/Face_Morphing/MAD22/original_sorted/MIPGAN_I/097_08-vs-118_08.png,097_08-vs-118_08.png,097_08-vs-118_08,097_08,118_08,097,118,/nas-ctm01/datasets/public/BIOMETRICS/Face_Morphing/MAD22/original_sorted/BonaFide/097_08.jpg,/nas-ctm01/datasets/public/BIOMETRICS/Face_Morphing/MAD22/original_sorted/BonaFide/118_08.jpg,591,109,134
480,MAD22,MIPGAN_I,random_80_20,train,/nas-ctm01/datasets/public/BIOMETRICS/Face_Morphing/MAD22/original_sorted/MIPGAN_I/097_08-vs-120_08.png,097_08-vs-120_08.png,097_08-vs-120_08,097_08,120_08,097,120,/nas-ctm01/datasets/public/BIOMETRICS/Face_Morphing/MAD22/original_sorted/BonaFide/097_08.jpg,/nas-ctm01/datasets/public/BIOMETRICS/Face_Morphing/MAD22/original_sorted/BonaFide/120_08.jpg,592,109,138
481,MAD22,MIPGAN_I,random_80_20,train,/nas-ctm01/datasets/public/BIOMETRICS/Face_Morphing/MAD22/original_sorted/MIPGAN_I/097_08-vs-139_08.png,097_08-vs-139_08.png,097_08-vs-139_08,097_08,139_08,097,139,/nas-ctm01/datasets/public/BIOMETRICS/Face_Morphing/MAD22/original_sorted/BonaFide/097_08.jpg,/nas-ctm01/datasets/public/BIOMETRICS/Face_Morphing/MAD22/original_sorted/BonaFide/139_08.jpg,593,109,171
482,MAD22,MIPGAN_I,random_80_20,train,/nas-ctm01/datasets/public/BIOMETRICS/Face_Morphing/MAD22/original_sorted/MIPGAN_I/097_08-vs-144_08.png,097_08-vs-144_08.png,097_08-vs-144_08,097_08,144_08,097,144,/nas-ctm01/datasets/public/BIOMETRICS/Face_Morphing/MAD22/original_sorted/BonaFide/097_08.jpg,/nas-ctm01/datasets/public/BIOMETRICS/Face_Morphing/MAD22/original_sorted/BonaFide/144_08.jpg,594,109,180
483,MAD22,MIPGAN_I,random_80_20,train,/nas-ctm01/datasets/public/BIOMETRICS/Face_Morphing/MAD22/original_sorted/MIPGAN_I/099_03-vs-112_03.png,099_03-vs-112_03.png,099_03-vs-112_03,099_03,112_03,099,112,/nas-ctm01/datasets/public/BIOMETRICS/Face_Morphing/MAD22/original_sorted/BonaFide/099_03.jpg,/nas-ctm01/datasets/public/BIOMETRICS/Face_Morphing/MAD22/original_sorted/BonaFide/112_03.jpg,595,110,125
484,MAD22,MIPGAN_I,random_80_20,train,/nas-ctm01/datasets/public/BIOMETRICS/Face_Morphing/MAD22/original_sorted/MIPGAN_I/099_03-vs-122_03.png,099_03-vs-122_03.png,099_03-vs-122_03,099_03,122_03,099,122,/nas-ctm01/datasets/public/BIOMETRICS/Face_Morphing/MAD22/original_sorted/BonaFide/099_03.jpg,/nas-ctm01/datasets/public/BIOMETRICS/Face_Morphing/MAD22/original_sorted/BonaFide/122_03.jpg,596,110,141
485,MAD22,MIPGAN_I,random_80_20,train,/nas-ctm01/datasets/public/BIOMETRICS/Face_Morphing/MAD22/original_sorted/MIPGAN_I/099_08-vs-126_08.png,099_08-vs-126_08.png,099_08-vs-126_08,099_08,126_08,099,126,/nas-ctm01/datasets/public/BIOMETRICS/Face_Morphing/MAD22/original_sorted/BonaFide/099_08.jpg,/nas-ctm01/datasets/public/BIOMETRICS/Face_Morphing/MAD22/original_sorted/BonaFide/126_08.jpg,598,111,150
486,MAD22,MIPGAN_I,random_80_20,train,/nas-ctm01/datasets/public/BIOMETRICS/Face_Morphing/MAD22/original_sorted/MIPGAN_I/100_03-vs-122_03.png,100_03-vs-122_03.png,100_03-vs-122_03,100_03,122_03,100,122,/nas-ctm01/datasets/public/BIOMETRICS/Face_Morphing/MAD22/original_sorted/BonaFide/100_03.jpg,/nas-ctm01/datasets/public/BIOMETRICS/Face_Morphing/MAD22/original_sorted/BonaFide/122_03.jpg,600,112,141
487,MAD22,MIPGAN_I,random_80_20,train,/nas-ctm01/datasets/public/BIOMETRICS/Face_Morphing/MAD22/original_sorted/MIPGAN_I/100_03-vs-136_03.png,100_03-vs-136_03.png,100_03-vs-136_03,100_03,136_03,100,136,/nas-ctm01/datasets/public/BIOMETRICS/Face_Morphing/MAD22/original_sorted/BonaFide/100_03.jpg,/nas-ctm01/datasets/public/BIOMETRICS/Face_Morphing/MAD22/original_sorted/BonaFide/136_03.jpg,601,112,166
488,MAD22,MIPGAN_I,random_80_20,train,/nas-ctm01/datasets/public/BIOMETRICS/Face_Morphing/MAD22/original_sorted/MIPGAN_I/101_03-vs-121_03.png,101_03-vs-121_03.png,101_03-vs-121_03,101_03,121_03,101,121,/nas-ctm01/datasets/public/BIOMETRICS/Face_Morphing/MAD22/original_sorted/BonaFide/101_03.jpg,/nas-ctm01/datasets/public/BIOMETRICS/Face_Morphing/MAD22/original_sorted/BonaFide/121_03.jpg,603,113,139
489,MAD22,MIPGAN_I,random_80_20,train,/nas-ctm01/datasets/public/BIOMETRICS/Face_Morphing/MAD22/original_sorted/MIPGAN_I/101_03-vs-131_03.png,101_03-vs-131_03.png,101_03-vs-131_03,101_03,131_03,101,131,/nas-ctm01/datasets/public/BIOMETRICS/Face_Morphing/MAD22/original_sorted/BonaFide/101_03.jpg,/nas-ctm01/datasets/public/BIOMETRICS/Face_Morphing/MAD22/original_sorted/BonaFide/131_03.jpg,604,113,158
490,MAD22,MIPGAN_I,random_80_20,train,/nas-ctm01/datasets/public/BIOMETRICS/Face_Morphing/MAD22/original_sorted/MIPGAN_I/101_03-vs-132_03.png,101_03-vs-132_03.png,101_03-vs-132_03,101_03,132_03,101,132,/nas-ctm01/datasets/public/BIOMETRICS/Face_Morphing/MAD22/original_sorted/BonaFide/101_03.jpg,/nas-ctm01/datasets/public/BIOMETRICS/Face_Morphing/MAD22/original_sorted/BonaFide/132_03.jpg,605,113,160
491,MAD22,MIPGAN_I,random_80_20,train,/nas-ctm01/datasets/public/BIOMETRICS/Face_Morphing/MAD22/original_sorted/MIPGAN_I/101_08-vs-117_08.png,101_08-vs-117_08.png,101_08-vs-117_08,101_08,117_08,101,117,/nas-ctm01/datasets/public/BIOMETRICS/Face_Morphing/MAD22/original_sorted/BonaFide/101_08.jpg,/nas-ctm01/datasets/public/BIOMETRICS/Face_Morphing/MAD22/original_sorted/BonaFide/117_08.jpg,606,114,132
492,MAD22,MIPGAN_I,random_80_20,train,/nas-ctm01/datasets/public/BIOMETRICS/Face_Morphing/MAD22/original_sorted/MIPGAN_I/101_08-vs-121_08.png,101_08-vs-121_08.png,101_08-vs-121_08,101_08,121_08,101,121,/nas-ctm01/datasets/public/BIOMETRICS/Face_Morphing/MAD22/original_sorted/BonaFide/101_08.jpg,/nas-ctm01/datasets/public/BIOMETRICS/Face_Morphing/MAD22/original_sorted/BonaFide/121_08.jpg,607,114,140
493,MAD22,MIPGAN_I,random_80_20,train,/nas-ctm01/datasets/public/BIOMETRICS/Face_Morphing/MAD22/original_sorted/MIPGAN_I/101_08-vs-123_08.png,101_08-vs-123_08.png,101_08-vs-123_08,101_08,123_08,101,123,/nas-ctm01/datasets/public/BIOMETRICS/Face_Morphing/MAD22/original_sorted/BonaFide/101_08.jpg,/nas-ctm01/datasets/public/BIOMETRICS/Face_Morphing/MAD22/original_sorted/BonaFide/123_08.jpg,608,114,144
494,MAD22,MIPGAN_I,random_80_20,train,/nas-ctm01/datasets/public/BIOMETRICS/Face_Morphing/MAD22/original_sorted/MIPGAN_I/102_03-vs-107_03.png,102_03-vs-107_03.png,102_03-vs-107_03,102_03,107_03,102,107,/nas-ctm01/datasets/public/BIOMETRICS/Face_Morphing/MAD22/original_sorted/BonaFide/102_03.jpg,/nas-ctm01/datasets/public/BIOMETRICS/Face_Morphing/MAD22/original_sorted/BonaFide/107_03.jpg,612,115,121
495,MAD22,MIPGAN_I,random_80_20,train,/nas-ctm01/datasets/public/BIOMETRICS/Face_Morphing/MAD22/original_sorted/MIPGAN_I/102_03-vs-136_03.png,102_03-vs-136_03.png,102_03-vs-136_03,102_03,136_03,102,136,/nas-ctm01/datasets/public/BIOMETRICS/Face_Morphing/MAD22/original_sorted/BonaFide/102_03.jpg,/nas-ctm01/datasets/public/BIOMETRICS/Face_Morphing/MAD22/original_sorted/BonaFide/136_03.jpg,613,115,166
496,MAD22,MIPGAN_I,random_80_20,train,/nas-ctm01/datasets/public/BIOMETRICS/Face_Morphing/MAD22/original_sorted/MIPGAN_I/102_03-vs-139_03.png,102_03-vs-139_03.png,102_03-vs-139_03,102_03,139_03,102,139,/nas-ctm01/datasets/public/BIOMETRICS/Face_Morphing/MAD22/original_sorted/BonaFide/102_03.jpg,/nas-ctm01/datasets/public/BIOMETRICS/Face_Morphing/MAD22/original_sorted/BonaFide/139_03.jpg,614,115,170
497,MAD22,MIPGAN_I,random_80_20,train,/nas-ctm01/datasets/public/BIOMETRICS/Face_Morphing/MAD22/original_sorted/MIPGAN_I/102_08-vs-107_08.png,102_08-vs-107_08.png,102_08-vs-107_08,102_08,107_08,102,107,/nas-ctm01/datasets/public/BIOMETRICS/Face_Morphing/MAD22/original_sorted/BonaFide/102_08.jpg,/nas-ctm01/datasets/public/BIOMETRICS/Face_Morphing/MAD22/original_sorted/BonaFide/107_08.jpg,616,116,122
498,MAD22,MIPGAN_I,random_80_20,train,/nas-ctm01/datasets/public/BIOMETRICS/Face_Morphing/MAD22/original_sorted/MIPGAN_I/102_08-vs-122_08.png,102_08-vs-122_08.png,102_08-vs-122_08,102_08,122_08,102,122,/nas-ctm01/datasets/public/BIOMETRICS/Face_Morphing/MAD22/original_sorted/BonaFide/102_08.jpg,/nas-ctm01/datasets/public/BIOMETRICS/Face_Morphing/MAD22/original_sorted/BonaFide/122_08.jpg,618,116,142
499,MAD22,MIPGAN_I,random_80_20,train,/nas-ctm01/datasets/public/BIOMETRICS/Face_Morphing/MAD22/original_sorted/MIPGAN_I/102_08-vs-124_08.png,102_08-vs-124_08.png,102_08-vs-124_08,102_08,124_08,102,124,/nas-ctm01/datasets/public/BIOMETRICS/Face_Morphing/MAD22/original_sorted/BonaFide/102_08.jpg,/nas-ctm01/datasets/public/BIOMETRICS/Face_Morphing/MAD22/original_sorted/BonaFide/124_08.jpg,619,116,146
500,MAD22,MIPGAN_I,random_80_20,train,/nas-ctm01/datasets/public/BIOMETRICS/Face_Morphing/MAD22/original_sorted/MIPGAN_I/103_03-vs-128_03.png,103_03-vs-128_03.png,103_03-vs-128_03,103_03,128_03,103,128,/nas-ctm01/datasets/public/BIOMETRICS/Face_Morphing/MAD22/original_sorted/BonaFide/103_03.jpg,/nas-ctm01/datasets/public/BIOMETRICS/Face_Morphing/MAD22/original_sorted/BonaFide/128_03.jpg,623,117,152
501,MAD22,MIPGAN_I,random_80_20,train,/nas-ctm01/datasets/public/BIOMETRICS/Face_Morphing/MAD22/original_sorted/MIPGAN_I/103_08-vs-108_08.png,103_08-vs-108_08.png,103_08-vs-108_08,103_08,108_08,103,108,/nas-ctm01/datasets/public/BIOMETRICS/Face_Morphing/MAD22/original_sorted/BonaFide/103_08.jpg,/nas-ctm01/datasets/public/BIOMETRICS/Face_Morphing/MAD22/original_sorted/BonaFide/108_08.jpg,624,118,124
502,MAD22,MIPGAN_I,random_80_20,train,/nas-ctm01/datasets/public/BIOMETRICS/Face_Morphing/MAD22/original_sorted/MIPGAN_I/103_08-vs-128_08.png,103_08-vs-128_08.png,103_08-vs-128_08,103_08,128_08,103,128,/nas-ctm01/datasets/public/BIOMETRICS/Face_Morphing/MAD22/original_sorted/BonaFide/103_08.jpg,/nas-ctm01/datasets/public/BIOMETRICS/Face_Morphing/MAD22/original_sorted/BonaFide/128_08.jpg,625,118,153
503,MAD22,MIPGAN_I,random_80_20,train,/nas-ctm01/datasets/public/BIOMETRICS/Face_Morphing/MAD22/original_sorted/MIPGAN_I/104_03-vs-130_03.png,104_03-vs-130_03.png,104_03-vs-130_03,104_03,130_03,104,130,/nas-ctm01/datasets/public/BIOMETRICS/Face_Morphing/MAD22/original_sorted/BonaFide/104_03.jpg,/nas-ctm01/datasets/public/BIOMETRICS/Face_Morphing/MAD22/original_sorted/BonaFide/130_03.jpg,626,119,156
504,MAD22,MIPGAN_I,random_80_20,train,/nas-ctm01/datasets/public/BIOMETRICS/Face_Morphing/MAD22/original_sorted/MIPGAN_I/104_03-vs-141_03.png,104_03-vs-141_03.png,104_03-vs-141_03,104_03,141_03,104,141,/nas-ctm01/datasets/public/BIOMETRICS/Face_Morphing/MAD22/original_sorted/BonaFide/104_03.jpg,/nas-ctm01/datasets/public/BIOMETRICS/Face_Morphing/MAD22/original_sorted/BonaFide/141_03.jpg,627,119,173
505,MAD22,MIPGAN_I,random_80_20,train,/nas-ctm01/datasets/public/BIOMETRICS/Face_Morphing/MAD22/original_sorted/MIPGAN_I/105_03-vs-125_03.png,105_03-vs-125_03.png,105_03-vs-125_03,105_03,125_03,105,125,/nas-ctm01/datasets/public/BIOMETRICS/Face_Morphing/MAD22/original_sorted/BonaFide/105_03.jpg,/nas-ctm01/datasets/public/BIOMETRICS/Face_Morphing/MAD22/original_sorted/BonaFide/125_03.jpg,629,120,147
506,MAD22,MIPGAN_I,random_80_20,train,/nas-ctm01/datasets/public/BIOMETRICS/Face_Morphing/MAD22/original_sorted/MIPGAN_I/105_03-vs-141_03.png,105_03-vs-141_03.png,105_03-vs-141_03,105_03,141_03,105,141,/nas-ctm01/datasets/public/BIOMETRICS/Face_Morphing/MAD22/original_sorted/BonaFide/105_03.jpg,/nas-ctm01/datasets/public/BIOMETRICS/Face_Morphing/MAD22/original_sorted/BonaFide/141_03.jpg,630,120,173
507,MAD22,MIPGAN_I,random_80_20,train,/nas-ctm01/datasets/public/BIOMETRICS/Face_Morphing/MAD22/original_sorted/MIPGAN_I/107_08-vs-118_08.png,107_08-vs-118_08.png,107_08-vs-118_08,107_08,118_08,107,118,/nas-ctm01/datasets/public/BIOMETRICS/Face_Morphing/MAD22/original_sorted/BonaFide/107_08.jpg,/nas-ctm01/datasets/public/BIOMETRICS/Face_Morphing/MAD22/original_sorted/BonaFide/118_08.jpg,631,122,134
508,MAD22,MIPGAN_I,random_80_20,train,/nas-ctm01/datasets/public/BIOMETRICS/Face_Morphing/MAD22/original_sorted/MIPGAN_I/107_08-vs-139_08.png,107_08-vs-139_08.png,107_08-vs-139_08,107_08,139_08,107,139,/nas-ctm01/datasets/public/BIOMETRICS/Face_Morphing/MAD22/original_sorted/BonaFide/107_08.jpg,/nas-ctm01/datasets/public/BIOMETRICS/Face_Morphing/MAD22/original_sorted/BonaFide/139_08.jpg,632,122,171
509,MAD22,MIPGAN_I,random_80_20,train,/nas-ctm01/datasets/public/BIOMETRICS/Face_Morphing/MAD22/original_sorted/MIPGAN_I/108_03-vs-128_03.png,108_03-vs-128_03.png,108_03-vs-128_03,108_03,128_03,108,128,/nas-ctm01/datasets/public/BIOMETRICS/Face_Morphing/MAD22/original_sorted/BonaFide/108_03.jpg,/nas-ctm01/datasets/public/BIOMETRICS/Face_Morphing/MAD22/original_sorted/BonaFide/128_03.jpg,633,123,152
510,MAD22,MIPGAN_I,random_80_20,train,/nas-ctm01/datasets/public/BIOMETRICS/Face_Morphing/MAD22/original_sorted/MIPGAN_I/108_03-vs-143_03.png,108_03-vs-143_03.png,108_03-vs-143_03,108_03,143_03,108,143,/nas-ctm01/datasets/public/BIOMETRICS/Face_Morphing/MAD22/original_sorted/BonaFide/108_03.jpg,/nas-ctm01/datasets/public/BIOMETRICS/Face_Morphing/MAD22/original_sorted/BonaFide/143_03.jpg,635,123,177
511,MAD22,MIPGAN_I,random_80_20,train,/nas-ctm01/datasets/public/BIOMETRICS/Face_Morphing/MAD22/original_sorted/MIPGAN_I/108_08-vs-119_08.png,108_08-vs-119_08.png,108_08-vs-119_08,108_08,119_08,108,119,/nas-ctm01/datasets/public/BIOMETRICS/Face_Morphing/MAD22/original_sorted/BonaFide/108_08.jpg,/nas-ctm01/datasets/public/BIOMETRICS/Face_Morphing/MAD22/original_sorted/BonaFide/119_08.jpg,636,124,136
512,MAD22,MIPGAN_I,random_80_20,train,/nas-ctm01/datasets/public/BIOMETRICS/Face_Morphing/MAD22/original_sorted/MIPGAN_I/108_08-vs-142_08.png,108_08-vs-142_08.png,108_08-vs-142_08,108_08,142_08,108,142,/nas-ctm01/datasets/public/BIOMETRICS/Face_Morphing/MAD22/original_sorted/BonaFide/108_08.jpg,/nas-ctm01/datasets/public/BIOMETRICS/Face_Morphing/MAD22/original_sorted/BonaFide/142_08.jpg,638,124,176
513,MAD22,MIPGAN_I,random_80_20,train,/nas-ctm01/datasets/public/BIOMETRICS/Face_Morphing/MAD22/original_sorted/MIPGAN_I/108_08-vs-143_08.png,108_08-vs-143_08.png,108_08-vs-143_08,108_08,143_08,108,143,/nas-ctm01/datasets/public/BIOMETRICS/Face_Morphing/MAD22/original_sorted/BonaFide/108_08.jpg,/nas-ctm01/datasets/public/BIOMETRICS/Face_Morphing/MAD22/original_sorted/BonaFide/143_08.jpg,639,124,178
514,MAD22,MIPGAN_I,random_80_20,train,/nas-ctm01/datasets/public/BIOMETRICS/Face_Morphing/MAD22/original_sorted/MIPGAN_I/112_03-vs-122_03.png,112_03-vs-122_03.png,112_03-vs-122_03,112_03,122_03,112,122,/nas-ctm01/datasets/public/BIOMETRICS/Face_Morphing/MAD22/original_sorted/BonaFide/112_03.jpg,/nas-ctm01/datasets/public/BIOMETRICS/Face_Morphing/MAD22/original_sorted/BonaFide/122_03.jpg,640,125,141
515,MAD22,MIPGAN_I,random_80_20,train,/nas-ctm01/datasets/public/BIOMETRICS/Face_Morphing/MAD22/original_sorted/MIPGAN_I/112_03-vs-139_03.png,112_03-vs-139_03.png,112_03-vs-139_03,112_03,139_03,112,139,/nas-ctm01/datasets/public/BIOMETRICS/Face_Morphing/MAD22/original_sorted/BonaFide/112_03.jpg,/nas-ctm01/datasets/public/BIOMETRICS/Face_Morphing/MAD22/original_sorted/BonaFide/139_03.jpg,642,125,170
516,MAD22,MIPGAN_I,random_80_20,train,/nas-ctm01/datasets/public/BIOMETRICS/Face_Morphing/MAD22/original_sorted/MIPGAN_I/113_08-vs-118_08.png,113_08-vs-118_08.png,113_08-vs-118_08,113_08,118_08,113,118,/nas-ctm01/datasets/public/BIOMETRICS/Face_Morphing/MAD22/original_sorted/BonaFide/113_08.jpg,/nas-ctm01/datasets/public/BIOMETRICS/Face_Morphing/MAD22/original_sorted/BonaFide/118_08.jpg,644,128,134
517,MAD22,MIPGAN_I,random_80_20,train,/nas-ctm01/datasets/public/BIOMETRICS/Face_Morphing/MAD22/original_sorted/MIPGAN_I/113_08-vs-139_08.png,113_08-vs-139_08.png,113_08-vs-139_08,113_08,139_08,113,139,/nas-ctm01/datasets/public/BIOMETRICS/Face_Morphing/MAD22/original_sorted/BonaFide/113_08.jpg,/nas-ctm01/datasets/public/BIOMETRICS/Face_Morphing/MAD22/original_sorted/BonaFide/139_08.jpg,645,128,171
518,MAD22,MIPGAN_I,random_80_20,train,/nas-ctm01/datasets/public/BIOMETRICS/Face_Morphing/MAD22/original_sorted/MIPGAN_I/114_08-vs-128_08.png,114_08-vs-128_08.png,114_08-vs-128_08,114_08,128_08,114,128,/nas-ctm01/datasets/public/BIOMETRICS/Face_Morphing/MAD22/original_sorted/BonaFide/114_08.jpg,/nas-ctm01/datasets/public/BIOMETRICS/Face_Morphing/MAD22/original_sorted/BonaFide/128_08.jpg,646,129,153
519,MAD22,MIPGAN_I,random_80_20,train,/nas-ctm01/datasets/public/BIOMETRICS/Face_Morphing/MAD22/original_sorted/MIPGAN_I/115_03-vs-125_03.png,115_03-vs-125_03.png,115_03-vs-125_03,115_03,125_03,115,125,/nas-ctm01/datasets/public/BIOMETRICS/Face_Morphing/MAD22/original_sorted/BonaFide/115_03.jpg,/nas-ctm01/datasets/public/BIOMETRICS/Face_Morphing/MAD22/original_sorted/BonaFide/125_03.jpg,649,130,147
520,MAD22,MIPGAN_I,random_80_20,train,/nas-ctm01/datasets/public/BIOMETRICS/Face_Morphing/MAD22/original_sorted/MIPGAN_I/115_03-vs-132_03.png,115_03-vs-132_03.png,115_03-vs-132_03,115_03,132_03,115,132,/nas-ctm01/datasets/public/BIOMETRICS/Face_Morphing/MAD22/original_sorted/BonaFide/115_03.jpg,/nas-ctm01/datasets/public/BIOMETRICS/Face_Morphing/MAD22/original_sorted/BonaFide/132_03.jpg,650,130,160
521,MAD22,MIPGAN_I,random_80_20,train,/nas-ctm01/datasets/public/BIOMETRICS/Face_Morphing/MAD22/original_sorted/MIPGAN_I/115_08-vs-125_08.png,115_08-vs-125_08.png,115_08-vs-125_08,115_08,125_08,115,125,/nas-ctm01/datasets/public/BIOMETRICS/Face_Morphing/MAD22/original_sorted/BonaFide/115_08.jpg,/nas-ctm01/datasets/public/BIOMETRICS/Face_Morphing/MAD22/original_sorted/BonaFide/125_08.jpg,652,131,148
522,MAD22,MIPGAN_I,random_80_20,train,/nas-ctm01/datasets/public/BIOMETRICS/Face_Morphing/MAD22/original_sorted/MIPGAN_I/115_08-vs-132_08.png,115_08-vs-132_08.png,115_08-vs-132_08,115_08,132_08,115,132,/nas-ctm01/datasets/public/BIOMETRICS/Face_Morphing/MAD22/original_sorted/BonaFide/115_08.jpg,/nas-ctm01/datasets/public/BIOMETRICS/Face_Morphing/MAD22/original_sorted/BonaFide/132_08.jpg,653,131,161
523,MAD22,MIPGAN_I,random_80_20,train,/nas-ctm01/datasets/public/BIOMETRICS/Face_Morphing/MAD22/original_sorted/MIPGAN_I/117_08-vs-123_08.png,117_08-vs-123_08.png,117_08-vs-123_08,117_08,123_08,117,123,/nas-ctm01/datasets/public/BIOMETRICS/Face_Morphing/MAD22/original_sorted/BonaFide/117_08.jpg,/nas-ctm01/datasets/public/BIOMETRICS/Face_Morphing/MAD22/original_sorted/BonaFide/123_08.jpg,654,132,144
524,MAD22,MIPGAN_I,random_80_20,train,/nas-ctm01/datasets/public/BIOMETRICS/Face_Morphing/MAD22/original_sorted/MIPGAN_I/117_08-vs-141_08.png,117_08-vs-141_08.png,117_08-vs-141_08,117_08,141_08,117,141,/nas-ctm01/datasets/public/BIOMETRICS/Face_Morphing/MAD22/original_sorted/BonaFide/117_08.jpg,/nas-ctm01/datasets/public/BIOMETRICS/Face_Morphing/MAD22/original_sorted/BonaFide/141_08.jpg,655,132,174
525,MAD22,MIPGAN_I,random_80_20,train,/nas-ctm01/datasets/public/BIOMETRICS/Face_Morphing/MAD22/original_sorted/MIPGAN_I/117_08-vs-173_08.png,117_08-vs-173_08.png,117_08-vs-173_08,117_08,173_08,117,173,/nas-ctm01/datasets/public/BIOMETRICS/Face_Morphing/MAD22/original_sorted/BonaFide/117_08.jpg,/nas-ctm01/datasets/public/BIOMETRICS/Face_Morphing/MAD22/original_sorted/BonaFide/173_08.jpg,656,132,184
526,MAD22,MIPGAN_I,random_80_20,train,/nas-ctm01/datasets/public/BIOMETRICS/Face_Morphing/MAD22/original_sorted/MIPGAN_I/118_03-vs-139_03.png,118_03-vs-139_03.png,118_03-vs-139_03,118_03,139_03,118,139,/nas-ctm01/datasets/public/BIOMETRICS/Face_Morphing/MAD22/original_sorted/BonaFide/118_03.jpg,/nas-ctm01/datasets/public/BIOMETRICS/Face_Morphing/MAD22/original_sorted/BonaFide/139_03.jpg,657,133,170
527,MAD22,MIPGAN_I,random_80_20,train,/nas-ctm01/datasets/public/BIOMETRICS/Face_Morphing/MAD22/original_sorted/MIPGAN_I/118_08-vs-139_08.png,118_08-vs-139_08.png,118_08-vs-139_08,118_08,139_08,118,139,/nas-ctm01/datasets/public/BIOMETRICS/Face_Morphing/MAD22/original_sorted/BonaFide/118_08.jpg,/nas-ctm01/datasets/public/BIOMETRICS/Face_Morphing/MAD22/original_sorted/BonaFide/139_08.jpg,658,134,171
528,MAD22,MIPGAN_I,random_80_20,train,/nas-ctm01/datasets/public/BIOMETRICS/Face_Morphing/MAD22/original_sorted/MIPGAN_I/119_03-vs-137_03.png,119_03-vs-137_03.png,119_03-vs-137_03,119_03,137_03,119,137,/nas-ctm01/datasets/public/BIOMETRICS/Face_Morphing/MAD22/original_sorted/BonaFide/119_03.jpg,/nas-ctm01/datasets/public/BIOMETRICS/Face_Morphing/MAD22/original_sorted/BonaFide/137_03.jpg,660,135,168
529,MAD22,MIPGAN_I,random_80_20,train,/nas-ctm01/datasets/public/BIOMETRICS/Face_Morphing/MAD22/original_sorted/MIPGAN_I/119_08-vs-140_08.png,119_08-vs-140_08.png,119_08-vs-140_08,119_08,140_08,119,140,/nas-ctm01/datasets/public/BIOMETRICS/Face_Morphing/MAD22/original_sorted/BonaFide/119_08.jpg,/nas-ctm01/datasets/public/BIOMETRICS/Face_Morphing/MAD22/original_sorted/BonaFide/140_08.jpg,661,136,172
530,MAD22,MIPGAN_I,random_80_20,train,/nas-ctm01/datasets/public/BIOMETRICS/Face_Morphing/MAD22/original_sorted/MIPGAN_I/120_03-vs-136_03.png,120_03-vs-136_03.png,120_03-vs-136_03,120_03,136_03,120,136,/nas-ctm01/datasets/public/BIOMETRICS/Face_Morphing/MAD22/original_sorted/BonaFide/120_03.jpg,/nas-ctm01/datasets/public/BIOMETRICS/Face_Morphing/MAD22/original_sorted/BonaFide/136_03.jpg,662,137,166
531,MAD22,MIPGAN_I,random_80_20,train,/nas-ctm01/datasets/public/BIOMETRICS/Face_Morphing/MAD22/original_sorted/MIPGAN_I/120_08-vs-135_08.png,120_08-vs-135_08.png,120_08-vs-135_08,120_08,135_08,120,135,/nas-ctm01/datasets/public/BIOMETRICS/Face_Morphing/MAD22/original_sorted/BonaFide/120_08.jpg,/nas-ctm01/datasets/public/BIOMETRICS/Face_Morphing/MAD22/original_sorted/BonaFide/135_08.jpg,664,138,165
532,MAD22,MIPGAN_I,random_80_20,train,/nas-ctm01/datasets/public/BIOMETRICS/Face_Morphing/MAD22/original_sorted/MIPGAN_I/120_08-vs-144_08.png,120_08-vs-144_08.png,120_08-vs-144_08,120_08,144_08,120,144,/nas-ctm01/datasets/public/BIOMETRICS/Face_Morphing/MAD22/original_sorted/BonaFide/120_08.jpg,/nas-ctm01/datasets/public/BIOMETRICS/Face_Morphing/MAD22/original_sorted/BonaFide/144_08.jpg,665,138,180
533,MAD22,MIPGAN_I,random_80_20,train,/nas-ctm01/datasets/public/BIOMETRICS/Face_Morphing/MAD22/original_sorted/MIPGAN_I/121_03-vs-137_03.png,121_03-vs-137_03.png,121_03-vs-137_03,121_03,137_03,121,137,/nas-ctm01/datasets/public/BIOMETRICS/Face_Morphing/MAD22/original_sorted/BonaFide/121_03.jpg,/nas-ctm01/datasets/public/BIOMETRICS/Face_Morphing/MAD22/original_sorted/BonaFide/137_03.jpg,666,139,168
534,MAD22,MIPGAN_I,random_80_20,train,/nas-ctm01/datasets/public/BIOMETRICS/Face_Morphing/MAD22/original_sorted/MIPGAN_I/121_03-vs-142_03.png,121_03-vs-142_03.png,121_03-vs-142_03,121_03,142_03,121,142,/nas-ctm01/datasets/public/BIOMETRICS/Face_Morphing/MAD22/original_sorted/BonaFide/121_03.jpg,/nas-ctm01/datasets/public/BIOMETRICS/Face_Morphing/MAD22/original_sorted/BonaFide/142_03.jpg,667,139,175
535,MAD22,MIPGAN_I,random_80_20,train,/nas-ctm01/datasets/public/BIOMETRICS/Face_Morphing/MAD22/original_sorted/MIPGAN_I/121_08-vs-140_08.png,121_08-vs-140_08.png,121_08-vs-140_08,121_08,140_08,121,140,/nas-ctm01/datasets/public/BIOMETRICS/Face_Morphing/MAD22/original_sorted/BonaFide/121_08.jpg,/nas-ctm01/datasets/public/BIOMETRICS/Face_Morphing/MAD22/original_sorted/BonaFide/140_08.jpg,668,140,172
536,MAD22,MIPGAN_I,random_80_20,train,/nas-ctm01/datasets/public/BIOMETRICS/Face_Morphing/MAD22/original_sorted/MIPGAN_I/121_08-vs-142_08.png,121_08-vs-142_08.png,121_08-vs-142_08,121_08,142_08,121,142,/nas-ctm01/datasets/public/BIOMETRICS/Face_Morphing/MAD22/original_sorted/BonaFide/121_08.jpg,/nas-ctm01/datasets/public/BIOMETRICS/Face_Morphing/MAD22/original_sorted/BonaFide/142_08.jpg,669,140,176
537,MAD22,MIPGAN_I,random_80_20,train,/nas-ctm01/datasets/public/BIOMETRICS/Face_Morphing/MAD22/original_sorted/MIPGAN_I/122_03-vs-129_03.png,122_03-vs-129_03.png,122_03-vs-129_03,122_03,129_03,122,129,/nas-ctm01/datasets/public/BIOMETRICS/Face_Morphing/MAD22/original_sorted/BonaFide/122_03.jpg,/nas-ctm01/datasets/public/BIOMETRICS/Face_Morphing/MAD22/original_sorted/BonaFide/129_03.jpg,670,141,154
538,MAD22,MIPGAN_I,random_80_20,train,/nas-ctm01/datasets/public/BIOMETRICS/Face_Morphing/MAD22/original_sorted/MIPGAN_I/122_03-vs-139_03.png,122_03-vs-139_03.png,122_03-vs-139_03,122_03,139_03,122,139,/nas-ctm01/datasets/public/BIOMETRICS/Face_Morphing/MAD22/original_sorted/BonaFide/122_03.jpg,/nas-ctm01/datasets/public/BIOMETRICS/Face_Morphing/MAD22/original_sorted/BonaFide/139_03.jpg,671,141,170
539,MAD22,MIPGAN_I,random_80_20,train,/nas-ctm01/datasets/public/BIOMETRICS/Face_Morphing/MAD22/original_sorted/MIPGAN_I/123_03-vs-130_03.png,123_03-vs-130_03.png,123_03-vs-130_03,123_03,130_03,123,130,/nas-ctm01/datasets/public/BIOMETRICS/Face_Morphing/MAD22/original_sorted/BonaFide/123_03.jpg,/nas-ctm01/datasets/public/BIOMETRICS/Face_Morphing/MAD22/original_sorted/BonaFide/130_03.jpg,673,143,156
540,MAD22,MIPGAN_I,random_80_20,train,/nas-ctm01/datasets/public/BIOMETRICS/Face_Morphing/MAD22/original_sorted/MIPGAN_I/123_03-vs-131_03.png,123_03-vs-131_03.png,123_03-vs-131_03,123_03,131_03,123,131,/nas-ctm01/datasets/public/BIOMETRICS/Face_Morphing/MAD22/original_sorted/BonaFide/123_03.jpg,/nas-ctm01/datasets/public/BIOMETRICS/Face_Morphing/MAD22/original_sorted/BonaFide/131_03.jpg,674,143,158
541,MAD22,MIPGAN_I,random_80_20,train,/nas-ctm01/datasets/public/BIOMETRICS/Face_Morphing/MAD22/original_sorted/MIPGAN_I/123_03-vs-142_03.png,123_03-vs-142_03.png,123_03-vs-142_03,123_03,142_03,123,142,/nas-ctm01/datasets/public/BIOMETRICS/Face_Morphing/MAD22/original_sorted/BonaFide/123_03.jpg,/nas-ctm01/datasets/public/BIOMETRICS/Face_Morphing/MAD22/original_sorted/BonaFide/142_03.jpg,676,143,175
542,MAD22,MIPGAN_I,random_80_20,train,/nas-ctm01/datasets/public/BIOMETRICS/Face_Morphing/MAD22/original_sorted/MIPGAN_I/124_03-vs-126_03.png,124_03-vs-126_03.png,124_03-vs-126_03,124_03,126_03,124,126,/nas-ctm01/datasets/public/BIOMETRICS/Face_Morphing/MAD22/original_sorted/BonaFide/124_03.jpg,/nas-ctm01/datasets/public/BIOMETRICS/Face_Morphing/MAD22/original_sorted/BonaFide/126_03.jpg,677,145,149
543,MAD22,MIPGAN_I,random_80_20,train,/nas-ctm01/datasets/public/BIOMETRICS/Face_Morphing/MAD22/original_sorted/MIPGAN_I/124_03-vs-136_03.png,124_03-vs-136_03.png,124_03-vs-136_03,124_03,136_03,124,136,/nas-ctm01/datasets/public/BIOMETRICS/Face_Morphing/MAD22/original_sorted/BonaFide/124_03.jpg,/nas-ctm01/datasets/public/BIOMETRICS/Face_Morphing/MAD22/original_sorted/BonaFide/136_03.jpg,678,145,166
544,MAD22,MIPGAN_I,random_80_20,train,/nas-ctm01/datasets/public/BIOMETRICS/Face_Morphing/MAD22/original_sorted/MIPGAN_I/125_03-vs-132_03.png,125_03-vs-132_03.png,125_03-vs-132_03,125_03,132_03,125,132,/nas-ctm01/datasets/public/BIOMETRICS/Face_Morphing/MAD22/original_sorted/BonaFide/125_03.jpg,/nas-ctm01/datasets/public/BIOMETRICS/Face_Morphing/MAD22/original_sorted/BonaFide/132_03.jpg,680,147,160
545,MAD22,MIPGAN_I,random_80_20,train,/nas-ctm01/datasets/public/BIOMETRICS/Face_Morphing/MAD22/original_sorted/MIPGAN_I/125_03-vs-138_03.png,125_03-vs-138_03.png,125_03-vs-138_03,125_03,138_03,125,138,/nas-ctm01/datasets/public/BIOMETRICS/Face_Morphing/MAD22/original_sorted/BonaFide/125_03.jpg,/nas-ctm01/datasets/public/BIOMETRICS/Face_Morphing/MAD22/original_sorted/BonaFide/138_03.jpg,681,147,169
546,MAD22,MIPGAN_I,random_80_20,train,/nas-ctm01/datasets/public/BIOMETRICS/Face_Morphing/MAD22/original_sorted/MIPGAN_I/125_03-vs-141_03.png,125_03-vs-141_03.png,125_03-vs-141_03,125_03,141_03,125,141,/nas-ctm01/datasets/public/BIOMETRICS/Face_Morphing/MAD22/original_sorted/BonaFide/125_03.jpg,/nas-ctm01/datasets/public/BIOMETRICS/Face_Morphing/MAD22/original_sorted/BonaFide/141_03.jpg,682,147,173
547,MAD22,MIPGAN_I,random_80_20,train,/nas-ctm01/datasets/public/BIOMETRICS/Face_Morphing/MAD22/original_sorted/MIPGAN_I/125_03-vs-172_03.png,125_03-vs-172_03.png,125_03-vs-172_03,125_03,172_03,125,172,/nas-ctm01/datasets/public/BIOMETRICS/Face_Morphing/MAD22/original_sorted/BonaFide/125_03.jpg,/nas-ctm01/datasets/public/BIOMETRICS/Face_Morphing/MAD22/original_sorted/BonaFide/172_03.jpg,683,147,181
548,MAD22,MIPGAN_I,random_80_20,train,/nas-ctm01/datasets/public/BIOMETRICS/Face_Morphing/MAD22/original_sorted/MIPGAN_I/125_03-vs-173_03.png,125_03-vs-173_03.png,125_03-vs-173_03,125_03,173_03,125,173,/nas-ctm01/datasets/public/BIOMETRICS/Face_Morphing/MAD22/original_sorted/BonaFide/125_03.jpg,/nas-ctm01/datasets/public/BIOMETRICS/Face_Morphing/MAD22/original_sorted/BonaFide/173_03.jpg,684,147,183
549,MAD22,MIPGAN_I,random_80_20,train,/nas-ctm01/datasets/public/BIOMETRICS/Face_Morphing/MAD22/original_sorted/MIPGAN_I/125_08-vs-141_08.png,125_08-vs-141_08.png,125_08-vs-141_08,125_08,141_08,125,141,/nas-ctm01/datasets/public/BIOMETRICS/Face_Morphing/MAD22/original_sorted/BonaFide/125_08.jpg,/nas-ctm01/datasets/public/BIOMETRICS/Face_Morphing/MAD22/original_sorted/BonaFide/141_08.jpg,685,148,174
550,MAD22,MIPGAN_I,random_80_20,train,/nas-ctm01/datasets/public/BIOMETRICS/Face_Morphing/MAD22/original_sorted/MIPGAN_I/125_08-vs-172_08.png,125_08-vs-172_08.png,125_08-vs-172_08,125_08,172_08,125,172,/nas-ctm01/datasets/public/BIOMETRICS/Face_Morphing/MAD22/original_sorted/BonaFide/125_08.jpg,/nas-ctm01/datasets/public/BIOMETRICS/Face_Morphing/MAD22/original_sorted/BonaFide/172_08.jpg,686,148,182
551,MAD22,MIPGAN_I,random_80_20,train,/nas-ctm01/datasets/public/BIOMETRICS/Face_Morphing/MAD22/original_sorted/MIPGAN_I/126_03-vs-136_03.png,126_03-vs-136_03.png,126_03-vs-136_03,126_03,136_03,126,136,/nas-ctm01/datasets/public/BIOMETRICS/Face_Morphing/MAD22/original_sorted/BonaFide/126_03.jpg,/nas-ctm01/datasets/public/BIOMETRICS/Face_Morphing/MAD22/original_sorted/BonaFide/136_03.jpg,688,149,166
552,MAD22,MIPGAN_I,random_80_20,train,/nas-ctm01/datasets/public/BIOMETRICS/Face_Morphing/MAD22/original_sorted/MIPGAN_I/126_08-vs-127_08.png,126_08-vs-127_08.png,126_08-vs-127_08,126_08,127_08,126,127,/nas-ctm01/datasets/public/BIOMETRICS/Face_Morphing/MAD22/original_sorted/BonaFide/126_08.jpg,/nas-ctm01/datasets/public/BIOMETRICS/Face_Morphing/MAD22/original_sorted/BonaFide/127_08.jpg,690,150,151
553,MAD22,MIPGAN_I,random_80_20,train,/nas-ctm01/datasets/public/BIOMETRICS/Face_Morphing/MAD22/original_sorted/MIPGAN_I/126_08-vs-144_08.png,126_08-vs-144_08.png,126_08-vs-144_08,126_08,144_08,126,144,/nas-ctm01/datasets/public/BIOMETRICS/Face_Morphing/MAD22/original_sorted/BonaFide/126_08.jpg,/nas-ctm01/datasets/public/BIOMETRICS/Face_Morphing/MAD22/original_sorted/BonaFide/144_08.jpg,692,150,180
554,MAD22,MIPGAN_I,random_80_20,train,/nas-ctm01/datasets/public/BIOMETRICS/Face_Morphing/MAD22/original_sorted/MIPGAN_I/128_03-vs-130_03.png,128_03-vs-130_03.png,128_03-vs-130_03,128_03,130_03,128,130,/nas-ctm01/datasets/public/BIOMETRICS/Face_Morphing/MAD22/original_sorted/BonaFide/128_03.jpg,/nas-ctm01/datasets/public/BIOMETRICS/Face_Morphing/MAD22/original_sorted/BonaFide/130_03.jpg,693,152,156
555,MAD22,MIPGAN_I,random_80_20,train,/nas-ctm01/datasets/public/BIOMETRICS/Face_Morphing/MAD22/original_sorted/MIPGAN_I/128_03-vs-132_03.png,128_03-vs-132_03.png,128_03-vs-132_03,128_03,132_03,128,132,/nas-ctm01/datasets/public/BIOMETRICS/Face_Morphing/MAD22/original_sorted/BonaFide/128_03.jpg,/nas-ctm01/datasets/public/BIOMETRICS/Face_Morphing/MAD22/original_sorted/BonaFide/132_03.jpg,694,152,160
556,MAD22,MIPGAN_I,random_80_20,train,/nas-ctm01/datasets/public/BIOMETRICS/Face_Morphing/MAD22/original_sorted/MIPGAN_I/128_03-vs-141_03.png,128_03-vs-141_03.png,128_03-vs-141_03,128_03,141_03,128,141,/nas-ctm01/datasets/public/BIOMETRICS/Face_Morphing/MAD22/original_sorted/BonaFide/128_03.jpg,/nas-ctm01/datasets/public/BIOMETRICS/Face_Morphing/MAD22/original_sorted/BonaFide/141_03.jpg,695,152,173
557,MAD22,MIPGAN_I,random_80_20,train,/nas-ctm01/datasets/public/BIOMETRICS/Face_Morphing/MAD22/original_sorted/MIPGAN_I/128_03-vs-143_03.png,128_03-vs-143_03.png,128_03-vs-143_03,128_03,143_03,128,143,/nas-ctm01/datasets/public/BIOMETRICS/Face_Morphing/MAD22/original_sorted/BonaFide/128_03.jpg,/nas-ctm01/datasets/public/BIOMETRICS/Face_Morphing/MAD22/original_sorted/BonaFide/143_03.jpg,697,152,177
558,MAD22,MIPGAN_I,random_80_20,train,/nas-ctm01/datasets/public/BIOMETRICS/Face_Morphing/MAD22/original_sorted/MIPGAN_I/128_08-vs-132_08.png,128_08-vs-132_08.png,128_08-vs-132_08,128_08,132_08,128,132,/nas-ctm01/datasets/public/BIOMETRICS/Face_Morphing/MAD22/original_sorted/BonaFide/128_08.jpg,/nas-ctm01/datasets/public/BIOMETRICS/Face_Morphing/MAD22/original_sorted/BonaFide/132_08.jpg,698,153,161
559,MAD22,MIPGAN_I,random_80_20,train,/nas-ctm01/datasets/public/BIOMETRICS/Face_Morphing/MAD22/original_sorted/MIPGAN_I/128_08-vs-141_08.png,128_08-vs-141_08.png,128_08-vs-141_08,128_08,141_08,128,141,/nas-ctm01/datasets/public/BIOMETRICS/Face_Morphing/MAD22/original_sorted/BonaFide/128_08.jpg,/nas-ctm01/datasets/public/BIOMETRICS/Face_Morphing/MAD22/original_sorted/BonaFide/141_08.jpg,700,153,174
560,MAD22,MIPGAN_I,random_80_20,train,/nas-ctm01/datasets/public/BIOMETRICS/Face_Morphing/MAD22/original_sorted/MIPGAN_I/128_08-vs-143_08.png,128_08-vs-143_08.png,128_08-vs-143_08,128_08,143_08,128,143,/nas-ctm01/datasets/public/BIOMETRICS/Face_Morphing/MAD22/original_sorted/BonaFide/128_08.jpg,/nas-ctm01/datasets/public/BIOMETRICS/Face_Morphing/MAD22/original_sorted/BonaFide/143_08.jpg,701,153,178
561,MAD22,MIPGAN_I,random_80_20,train,/nas-ctm01/datasets/public/BIOMETRICS/Face_Morphing/MAD22/original_sorted/MIPGAN_I/130_03-vs-131_03.png,130_03-vs-131_03.png,130_03-vs-131_03,130_03,131_03,130,131,/nas-ctm01/datasets/public/BIOMETRICS/Face_Morphing/MAD22/original_sorted/BonaFide/130_03.jpg,/nas-ctm01/datasets/public/BIOMETRICS/Face_Morphing/MAD22/original_sorted/BonaFide/131_03.jpg,702,156,158
562,MAD22,MIPGAN_I,random_80_20,train,/nas-ctm01/datasets/public/BIOMETRICS/Face_Morphing/MAD22/original_sorted/MIPGAN_I/130_03-vs-132_03.png,130_03-vs-132_03.png,130_03-vs-132_03,130_03,132_03,130,132,/nas-ctm01/datasets/public/BIOMETRICS/Face_Morphing/MAD22/original_sorted/BonaFide/130_03.jpg,/nas-ctm01/datasets/public/BIOMETRICS/Face_Morphing/MAD22/original_sorted/BonaFide/132_03.jpg,703,156,160
563,MAD22,MIPGAN_I,random_80_20,train,/nas-ctm01/datasets/public/BIOMETRICS/Face_Morphing/MAD22/original_sorted/MIPGAN_I/130_03-vs-138_03.png,130_03-vs-138_03.png,130_03-vs-138_03,130_03,138_03,130,138,/nas-ctm01/datasets/public/BIOMETRICS/Face_Morphing/MAD22/original_sorted/BonaFide/130_03.jpg,/nas-ctm01/datasets/public/BIOMETRICS/Face_Morphing/MAD22/original_sorted/BonaFide/138_03.jpg,704,156,169
564,MAD22,MIPGAN_I,random_80_20,train,/nas-ctm01/datasets/public/BIOMETRICS/Face_Morphing/MAD22/original_sorted/MIPGAN_I/130_08-vs-131_08.png,130_08-vs-131_08.png,130_08-vs-131_08,130_08,131_08,130,131,/nas-ctm01/datasets/public/BIOMETRICS/Face_Morphing/MAD22/original_sorted/BonaFide/130_08.jpg,/nas-ctm01/datasets/public/BIOMETRICS/Face_Morphing/MAD22/original_sorted/BonaFide/131_08.jpg,707,157,159
565,MAD22,MIPGAN_I,random_80_20,train,/nas-ctm01/datasets/public/BIOMETRICS/Face_Morphing/MAD22/original_sorted/MIPGAN_I/130_08-vs-141_08.png,130_08-vs-141_08.png,130_08-vs-141_08,130_08,141_08,130,141,/nas-ctm01/datasets/public/BIOMETRICS/Face_Morphing/MAD22/original_sorted/BonaFide/130_08.jpg,/nas-ctm01/datasets/public/BIOMETRICS/Face_Morphing/MAD22/original_sorted/BonaFide/141_08.jpg,708,157,174
566,MAD22,MIPGAN_I,random_80_20,train,/nas-ctm01/datasets/public/BIOMETRICS/Face_Morphing/MAD22/original_sorted/MIPGAN_I/131_03-vs-138_03.png,131_03-vs-138_03.png,131_03-vs-138_03,131_03,138_03,131,138,/nas-ctm01/datasets/public/BIOMETRICS/Face_Morphing/MAD22/original_sorted/BonaFide/131_03.jpg,/nas-ctm01/datasets/public/BIOMETRICS/Face_Morphing/MAD22/original_sorted/BonaFide/138_03.jpg,709,158,169
567,MAD22,MIPGAN_I,random_80_20,train,/nas-ctm01/datasets/public/BIOMETRICS/Face_Morphing/MAD22/original_sorted/MIPGAN_I/131_03-vs-172_03.png,131_03-vs-172_03.png,131_03-vs-172_03,131_03,172_03,131,172,/nas-ctm01/datasets/public/BIOMETRICS/Face_Morphing/MAD22/original_sorted/BonaFide/131_03.jpg,/nas-ctm01/datasets/public/BIOMETRICS/Face_Morphing/MAD22/original_sorted/BonaFide/172_03.jpg,710,158,181
568,MAD22,MIPGAN_I,random_80_20,train,/nas-ctm01/datasets/public/BIOMETRICS/Face_Morphing/MAD22/original_sorted/MIPGAN_I/131_08-vs-172_08.png,131_08-vs-172_08.png,131_08-vs-172_08,131_08,172_08,131,172,/nas-ctm01/datasets/public/BIOMETRICS/Face_Morphing/MAD22/original_sorted/BonaFide/131_08.jpg,/nas-ctm01/datasets/public/BIOMETRICS/Face_Morphing/MAD22/original_sorted/BonaFide/172_08.jpg,711,159,182
569,MAD22,MIPGAN_I,random_80_20,train,/nas-ctm01/datasets/public/BIOMETRICS/Face_Morphing/MAD22/original_sorted/MIPGAN_I/132_03-vs-172_03.png,132_03-vs-172_03.png,132_03-vs-172_03,132_03,172_03,132,172,/nas-ctm01/datasets/public/BIOMETRICS/Face_Morphing/MAD22/original_sorted/BonaFide/132_03.jpg,/nas-ctm01/datasets/public/BIOMETRICS/Face_Morphing/MAD22/original_sorted/BonaFide/172_03.jpg,712,160,181
570,MAD22,MIPGAN_I,random_80_20,train,/nas-ctm01/datasets/public/BIOMETRICS/Face_Morphing/MAD22/original_sorted/MIPGAN_I/134_03-vs-139_03.png,134_03-vs-139_03.png,134_03-vs-139_03,134_03,139_03,134,139,/nas-ctm01/datasets/public/BIOMETRICS/Face_Morphing/MAD22/original_sorted/BonaFide/134_03.jpg,/nas-ctm01/datasets/public/BIOMETRICS/Face_Morphing/MAD22/original_sorted/BonaFide/139_03.jpg,714,162,170
571,MAD22,MIPGAN_I,random_80_20,train,/nas-ctm01/datasets/public/BIOMETRICS/Face_Morphing/MAD22/original_sorted/MIPGAN_I/134_08-vs-139_08.png,134_08-vs-139_08.png,134_08-vs-139_08,134_08,139_08,134,139,/nas-ctm01/datasets/public/BIOMETRICS/Face_Morphing/MAD22/original_sorted/BonaFide/134_08.jpg,/nas-ctm01/datasets/public/BIOMETRICS/Face_Morphing/MAD22/original_sorted/BonaFide/139_08.jpg,715,163,171
572,MAD22,MIPGAN_I,random_80_20,train,/nas-ctm01/datasets/public/BIOMETRICS/Face_Morphing/MAD22/original_sorted/MIPGAN_I/136_03-vs-144_03.png,136_03-vs-144_03.png,136_03-vs-144_03,136_03,144_03,136,144,/nas-ctm01/datasets/public/BIOMETRICS/Face_Morphing/MAD22/original_sorted/BonaFide/136_03.jpg,/nas-ctm01/datasets/public/BIOMETRICS/Face_Morphing/MAD22/original_sorted/BonaFide/144_03.jpg,716,166,179
573,MAD22,MIPGAN_I,random_80_20,train,/nas-ctm01/datasets/public/BIOMETRICS/Face_Morphing/MAD22/original_sorted/MIPGAN_I/136_08-vs-144_08.png,136_08-vs-144_08.png,136_08-vs-144_08,136_08,144_08,136,144,/nas-ctm01/datasets/public/BIOMETRICS/Face_Morphing/MAD22/original_sorted/BonaFide/136_08.jpg,/nas-ctm01/datasets/public/BIOMETRICS/Face_Morphing/MAD22/original_sorted/BonaFide/144_08.jpg,717,167,180
574,MAD22,MIPGAN_I,random_80_20,train,/nas-ctm01/datasets/public/BIOMETRICS/Face_Morphing/MAD22/original_sorted/MIPGAN_I/137_03-vs-143_03.png,137_03-vs-143_03.png,137_03-vs-143_03,137_03,143_03,137,143,/nas-ctm01/datasets/public/BIOMETRICS/Face_Morphing/MAD22/original_sorted/BonaFide/137_03.jpg,/nas-ctm01/datasets/public/BIOMETRICS/Face_Morphing/MAD22/original_sorted/BonaFide/143_03.jpg,718,168,177
575,MAD22,MIPGAN_I,random_80_20,train,/nas-ctm01/datasets/public/BIOMETRICS/Face_Morphing/MAD22/original_sorted/MIPGAN_I/138_03-vs-141_03.png,138_03-vs-141_03.png,138_03-vs-141_03,138_03,141_03,138,141,/nas-ctm01/datasets/public/BIOMETRICS/Face_Morphing/MAD22/original_sorted/BonaFide/138_03.jpg,/nas-ctm01/datasets/public/BIOMETRICS/Face_Morphing/MAD22/original_sorted/BonaFide/141_03.jpg,719,169,173
576,MAD22,MIPGAN_I,random_80_20,train,/nas-ctm01/datasets/public/BIOMETRICS/Face_Morphing/MAD22/original_sorted/MIPGAN_I/139_08-vs-144_08.png,139_08-vs-144_08.png,139_08-vs-144_08,139_08,144_08,139,144,/nas-ctm01/datasets/public/BIOMETRICS/Face_Morphing/MAD22/original_sorted/BonaFide/139_08.jpg,/nas-ctm01/datasets/public/BIOMETRICS/Face_Morphing/MAD22/original_sorted/BonaFide/144_08.jpg,721,171,180
577,MAD22,MIPGAN_I,random_80_20,train,/nas-ctm01/datasets/public/BIOMETRICS/Face_Morphing/MAD22/original_sorted/MIPGAN_I/140_08-vs-141_08.png,140_08-vs-141_08.png,140_08-vs-141_08,140_08,141_08,140,141,/nas-ctm01/datasets/public/BIOMETRICS/Face_Morphing/MAD22/original_sorted/BonaFide/140_08.jpg,/nas-ctm01/datasets/public/BIOMETRICS/Face_Morphing/MAD22/original_sorted/BonaFide/141_08.jpg,722,172,174
578,MAD22,MIPGAN_I,random_80_20,train,/nas-ctm01/datasets/public/BIOMETRICS/Face_Morphing/MAD22/original_sorted/MIPGAN_I/140_08-vs-173_08.png,140_08-vs-173_08.png,140_08-vs-173_08,140_08,173_08,140,173,/nas-ctm01/datasets/public/BIOMETRICS/Face_Morphing/MAD22/original_sorted/BonaFide/140_08.jpg,/nas-ctm01/datasets/public/BIOMETRICS/Face_Morphing/MAD22/original_sorted/BonaFide/173_08.jpg,723,172,184
579,MAD22,MIPGAN_I,random_80_20,train,/nas-ctm01/datasets/public/BIOMETRICS/Face_Morphing/MAD22/original_sorted/MIPGAN_I/141_03-vs-143_03.png,141_03-vs-143_03.png,141_03-vs-143_03,141_03,143_03,141,143,/nas-ctm01/datasets/public/BIOMETRICS/Face_Morphing/MAD22/original_sorted/BonaFide/141_03.jpg,/nas-ctm01/datasets/public/BIOMETRICS/Face_Morphing/MAD22/original_sorted/BonaFide/143_03.jpg,724,173,177
580,MAD22,MIPGAN_I,random_80_20,train,/nas-ctm01/datasets/public/BIOMETRICS/Face_Morphing/MAD22/original_sorted/MIPGAN_I/141_08-vs-143_08.png,141_08-vs-143_08.png,141_08-vs-143_08,141_08,143_08,141,143,/nas-ctm01/datasets/public/BIOMETRICS/Face_Morphing/MAD22/original_sorted/BonaFide/141_08.jpg,/nas-ctm01/datasets/public/BIOMETRICS/Face_Morphing/MAD22/original_sorted/BonaFide/143_08.jpg,725,174,178
