embedding_index,image_path,filename
0,/nas-ctm01/datasets/public/AFHQ/resized/train/wild/flickr_wild_000002.jpg,flickr_wild_000002.jpg
1,/nas-ctm01/datasets/public/AFHQ/resized/train/wild/flickr_wild_000003.jpg,flickr_wild_000003.jpg
2,/nas-ctm01/datasets/public/AFHQ/resized/train/wild/flickr_wild_000005.jpg,flickr_wild_000005.jpg
3,/nas-ctm01/datasets/public/AFHQ/resized/train/wild/flickr_wild_000006.jpg,flickr_wild_000006.jpg
4,/nas-ctm01/datasets/public/AFHQ/resized/train/wild/flickr_wild_000007.jpg,flickr_wild_000007.jpg
5,/nas-ctm01/datasets/public/AFHQ/resized/train/wild/flickr_wild_000008.jpg,flickr_wild_000008.jpg
6,/nas-ctm01/datasets/public/AFHQ/resized/train/wild/flickr_wild_000009.jpg,flickr_wild_000009.jpg
7,/nas-ctm01/datasets/public/AFHQ/resized/train/wild/flickr_wild_000010.jpg,flickr_wild_000010.jpg
8,/nas-ctm01/datasets/public/AFHQ/resized/train/wild/flickr_wild_000011.jpg,flickr_wild_000011.jpg
9,/nas-ctm01/datasets/public/AFHQ/resized/train/wild/flickr_wild_000013.jpg,flickr_wild_000013.jpg
10,/nas-ctm01/datasets/public/AFHQ/resized/train/wild/flickr_wild_000014.jpg,flickr_wild_000014.jpg
11,/nas-ctm01/datasets/public/AFHQ/resized/train/wild/flickr_wild_000015.jpg,flickr_wild_000015.jpg
12,/nas-ctm01/datasets/public/AFHQ/resized/train/wild/flickr_wild_000016.jpg,flickr_wild_000016.jpg
13,/nas-ctm01/datasets/public/AFHQ/resized/train/wild/flickr_wild_000018.jpg,flickr_wild_000018.jpg
14,/nas-ctm01/datasets/public/AFHQ/resized/train/wild/flickr_wild_000019.jpg,flickr_wild_000019.jpg
15,/nas-ctm01/datasets/public/AFHQ/resized/train/wild/flickr_wild_000020.jpg,flickr_wild_000020.jpg
16,/nas-ctm01/datasets/public/AFHQ/resized/train/wild/flickr_wild_000021.jpg,flickr_wild_000021.jpg
17,/nas-ctm01/datasets/public/AFHQ/resized/train/wild/flickr_wild_000022.jpg,flickr_wild_000022.jpg
18,/nas-ctm01/datasets/public/AFHQ/resized/train/wild/flickr_wild_000023.jpg,flickr_wild_000023.jpg
19,/nas-ctm01/datasets/public/AFHQ/resized/train/wild/flickr_wild_000024.jpg,flickr_wild_000024.jpg
20,/nas-ctm01/datasets/public/AFHQ/resized/train/wild/flickr_wild_000025.jpg,flickr_wild_000025.jpg
21,/nas-ctm01/datasets/public/AFHQ/resized/train/wild/flickr_wild_000026.jpg,flickr_wild_000026.jpg
22,/nas-ctm01/datasets/public/AFHQ/resized/train/wild/flickr_wild_000027.jpg,flickr_wild_000027.jpg
23,/nas-ctm01/datasets/public/AFHQ/resized/train/wild/flickr_wild_000028.jpg,flickr_wild_000028.jpg
24,/nas-ctm01/datasets/public/AFHQ/resized/train/wild/flickr_wild_000029.jpg,flickr_wild_000029.jpg
25,/nas-ctm01/datasets/public/AFHQ/resized/train/wild/flickr_wild_000030.jpg,flickr_wild_000030.jpg
26,/nas-ctm01/datasets/public/AFHQ/resized/train/wild/flickr_wild_000031.jpg,flickr_wild_000031.jpg
27,/nas-ctm01/datasets/public/AFHQ/resized/train/wild/flickr_wild_000032.jpg,flickr_wild_000032.jpg
28,/nas-ctm01/datasets/public/AFHQ/resized/train/wild/flickr_wild_000033.jpg,flickr_wild_000033.jpg
29,/nas-ctm01/datasets/public/AFHQ/resized/train/wild/flickr_wild_000034.jpg,flickr_wild_000034.jpg
30,/nas-ctm01/datasets/public/AFHQ/resized/train/wild/flickr_wild_000035.jpg,flickr_wild_000035.jpg
31,/nas-ctm01/datasets/public/AFHQ/resized/train/wild/flickr_wild_000036.jpg,flickr_wild_000036.jpg
32,/nas-ctm01/datasets/public/AFHQ/resized/train/wild/flickr_wild_000037.jpg,flickr_wild_000037.jpg
33,/nas-ctm01/datasets/public/AFHQ/resized/train/wild/flickr_wild_000041.jpg,flickr_wild_000041.jpg
34,/nas-ctm01/datasets/public/AFHQ/resized/train/wild/flickr_wild_000042.jpg,flickr_wild_000042.jpg
35,/nas-ctm01/datasets/public/AFHQ/resized/train/wild/flickr_wild_000043.jpg,flickr_wild_000043.jpg
36,/nas-ctm01/datasets/public/AFHQ/resized/train/wild/flickr_wild_000044.jpg,flickr_wild_000044.jpg
37,/nas-ctm01/datasets/public/AFHQ/resized/train/wild/flickr_wild_000045.jpg,flickr_wild_000045.jpg
38,/nas-ctm01/datasets/public/AFHQ/resized/train/wild/flickr_wild_000047.jpg,flickr_wild_000047.jpg
39,/nas-ctm01/datasets/public/AFHQ/resized/train/wild/flickr_wild_000048.jpg,flickr_wild_000048.jpg
40,/nas-ctm01/datasets/public/AFHQ/resized/train/wild/flickr_wild_000049.jpg,flickr_wild_000049.jpg
41,/nas-ctm01/datasets/public/AFHQ/resized/train/wild/flickr_wild_000050.jpg,flickr_wild_000050.jpg
42,/nas-ctm01/datasets/public/AFHQ/resized/train/wild/flickr_wild_000051.jpg,flickr_wild_000051.jpg
43,/nas-ctm01/datasets/public/AFHQ/resized/train/wild/flickr_wild_000052.jpg,flickr_wild_000052.jpg
44,/nas-ctm01/datasets/public/AFHQ/resized/train/wild/flickr_wild_000054.jpg,flickr_wild_000054.jpg
45,/nas-ctm01/datasets/public/AFHQ/resized/train/wild/flickr_wild_000055.jpg,flickr_wild_000055.jpg
46,/nas-ctm01/datasets/public/AFHQ/resized/train/wild/flickr_wild_000056.jpg,flickr_wild_000056.jpg
47,/nas-ctm01/datasets/public/AFHQ/resized/train/wild/flickr_wild_000057.jpg,flickr_wild_000057.jpg
48,/nas-ctm01/datasets/public/AFHQ/resized/train/wild/flickr_wild_000058.jpg,flickr_wild_000058.jpg
49,/nas-ctm01/datasets/public/AFHQ/resized/train/wild/flickr_wild_000059.jpg,flickr_wild_000059.jpg
50,/nas-ctm01/datasets/public/AFHQ/resized/train/wild/flickr_wild_000060.jpg,flickr_wild_000060.jpg
51,/nas-ctm01/datasets/public/AFHQ/resized/train/wild/flickr_wild_000062.jpg,flickr_wild_000062.jpg
52,/nas-ctm01/datasets/public/AFHQ/resized/train/wild/flickr_wild_000065.jpg,flickr_wild_000065.jpg
53,/nas-ctm01/datasets/public/AFHQ/resized/train/wild/flickr_wild_000066.jpg,flickr_wild_000066.jpg
54,/nas-ctm01/datasets/public/AFHQ/resized/train/wild/flickr_wild_000067.jpg,flickr_wild_000067.jpg
55,/nas-ctm01/datasets/public/AFHQ/resized/train/wild/flickr_wild_000068.jpg,flickr_wild_000068.jpg
56,/nas-ctm01/datasets/public/AFHQ/resized/train/wild/flickr_wild_000069.jpg,flickr_wild_000069.jpg
57,/nas-ctm01/datasets/public/AFHQ/resized/train/wild/flickr_wild_000070.jpg,flickr_wild_000070.jpg
58,/nas-ctm01/datasets/public/AFHQ/resized/train/wild/flickr_wild_000071.jpg,flickr_wild_000071.jpg
59,/nas-ctm01/datasets/public/AFHQ/resized/train/wild/flickr_wild_000072.jpg,flickr_wild_000072.jpg
60,/nas-ctm01/datasets/public/AFHQ/resized/train/wild/flickr_wild_000073.jpg,flickr_wild_000073.jpg
61,/nas-ctm01/datasets/public/AFHQ/resized/train/wild/flickr_wild_000074.jpg,flickr_wild_000074.jpg
62,/nas-ctm01/datasets/public/AFHQ/resized/train/wild/flickr_wild_000076.jpg,flickr_wild_000076.jpg
63,/nas-ctm01/datasets/public/AFHQ/resized/train/wild/flickr_wild_000077.jpg,flickr_wild_000077.jpg
64,/nas-ctm01/datasets/public/AFHQ/resized/train/wild/flickr_wild_000078.jpg,flickr_wild_000078.jpg
65,/nas-ctm01/datasets/public/AFHQ/resized/train/wild/flickr_wild_000079.jpg,flickr_wild_000079.jpg
66,/nas-ctm01/datasets/public/AFHQ/resized/train/wild/flickr_wild_000080.jpg,flickr_wild_000080.jpg
67,/nas-ctm01/datasets/public/AFHQ/resized/train/wild/flickr_wild_000081.jpg,flickr_wild_000081.jpg
68,/nas-ctm01/datasets/public/AFHQ/resized/train/wild/flickr_wild_000082.jpg,flickr_wild_000082.jpg
69,/nas-ctm01/datasets/public/AFHQ/resized/train/wild/flickr_wild_000083.jpg,flickr_wild_000083.jpg
70,/nas-ctm01/datasets/public/AFHQ/resized/train/wild/flickr_wild_000084.jpg,flickr_wild_000084.jpg
71,/nas-ctm01/datasets/public/AFHQ/resized/train/wild/flickr_wild_000085.jpg,flickr_wild_000085.jpg
72,/nas-ctm01/datasets/public/AFHQ/resized/train/wild/flickr_wild_000086.jpg,flickr_wild_000086.jpg
73,/nas-ctm01/datasets/public/AFHQ/resized/train/wild/flickr_wild_000087.jpg,flickr_wild_000087.jpg
74,/nas-ctm01/datasets/public/AFHQ/resized/train/wild/flickr_wild_000088.jpg,flickr_wild_000088.jpg
75,/nas-ctm01/datasets/public/AFHQ/resized/train/wild/flickr_wild_000089.jpg,flickr_wild_000089.jpg
76,/nas-ctm01/datasets/public/AFHQ/resized/train/wild/flickr_wild_000091.jpg,flickr_wild_000091.jpg
77,/nas-ctm01/datasets/public/AFHQ/resized/train/wild/flickr_wild_000092.jpg,flickr_wild_000092.jpg
78,/nas-ctm01/datasets/public/AFHQ/resized/train/wild/flickr_wild_000093.jpg,flickr_wild_000093.jpg
79,/nas-ctm01/datasets/public/AFHQ/resized/train/wild/flickr_wild_000094.jpg,flickr_wild_000094.jpg
80,/nas-ctm01/datasets/public/AFHQ/resized/train/wild/flickr_wild_000095.jpg,flickr_wild_000095.jpg
81,/nas-ctm01/datasets/public/AFHQ/resized/train/wild/flickr_wild_000096.jpg,flickr_wild_000096.jpg
82,/nas-ctm01/datasets/public/AFHQ/resized/train/wild/flickr_wild_000097.jpg,flickr_wild_000097.jpg
83,/nas-ctm01/datasets/public/AFHQ/resized/train/wild/flickr_wild_000098.jpg,flickr_wild_000098.jpg
84,/nas-ctm01/datasets/public/AFHQ/resized/train/wild/flickr_wild_000100.jpg,flickr_wild_000100.jpg
85,/nas-ctm01/datasets/public/AFHQ/resized/train/wild/flickr_wild_000101.jpg,flickr_wild_000101.jpg
86,/nas-ctm01/datasets/public/AFHQ/resized/train/wild/flickr_wild_000102.jpg,flickr_wild_000102.jpg
87,/nas-ctm01/datasets/public/AFHQ/resized/train/wild/flickr_wild_000103.jpg,flickr_wild_000103.jpg
88,/nas-ctm01/datasets/public/AFHQ/resized/train/wild/flickr_wild_000104.jpg,flickr_wild_000104.jpg
89,/nas-ctm01/datasets/public/AFHQ/resized/train/wild/flickr_wild_000105.jpg,flickr_wild_000105.jpg
90,/nas-ctm01/datasets/public/AFHQ/resized/train/wild/flickr_wild_000106.jpg,flickr_wild_000106.jpg
91,/nas-ctm01/datasets/public/AFHQ/resized/train/wild/flickr_wild_000107.jpg,flickr_wild_000107.jpg
92,/nas-ctm01/datasets/public/AFHQ/resized/train/wild/flickr_wild_000108.jpg,flickr_wild_000108.jpg
93,/nas-ctm01/datasets/public/AFHQ/resized/train/wild/flickr_wild_000109.jpg,flickr_wild_000109.jpg
94,/nas-ctm01/datasets/public/AFHQ/resized/train/wild/flickr_wild_000110.jpg,flickr_wild_000110.jpg
95,/nas-ctm01/datasets/public/AFHQ/resized/train/wild/flickr_wild_000111.jpg,flickr_wild_000111.jpg
96,/nas-ctm01/datasets/public/AFHQ/resized/train/wild/flickr_wild_000112.jpg,flickr_wild_000112.jpg
97,/nas-ctm01/datasets/public/AFHQ/resized/train/wild/flickr_wild_000113.jpg,flickr_wild_000113.jpg
98,/nas-ctm01/datasets/public/AFHQ/resized/train/wild/flickr_wild_000114.jpg,flickr_wild_000114.jpg
99,/nas-ctm01/datasets/public/AFHQ/resized/train/wild/flickr_wild_000115.jpg,flickr_wild_000115.jpg
100,/nas-ctm01/datasets/public/AFHQ/resized/train/wild/flickr_wild_000116.jpg,flickr_wild_000116.jpg
101,/nas-ctm01/datasets/public/AFHQ/resized/train/wild/flickr_wild_000117.jpg,flickr_wild_000117.jpg
102,/nas-ctm01/datasets/public/AFHQ/resized/train/wild/flickr_wild_000118.jpg,flickr_wild_000118.jpg
103,/nas-ctm01/datasets/public/AFHQ/resized/train/wild/flickr_wild_000119.jpg,flickr_wild_000119.jpg
104,/nas-ctm01/datasets/public/AFHQ/resized/train/wild/flickr_wild_000120.jpg,flickr_wild_000120.jpg
105,/nas-ctm01/datasets/public/AFHQ/resized/train/wild/flickr_wild_000121.jpg,flickr_wild_000121.jpg
106,/nas-ctm01/datasets/public/AFHQ/resized/train/wild/flickr_wild_000122.jpg,flickr_wild_000122.jpg
107,/nas-ctm01/datasets/public/AFHQ/resized/train/wild/flickr_wild_000123.jpg,flickr_wild_000123.jpg
108,/nas-ctm01/datasets/public/AFHQ/resized/train/wild/flickr_wild_000124.jpg,flickr_wild_000124.jpg
109,/nas-ctm01/datasets/public/AFHQ/resized/train/wild/flickr_wild_000126.jpg,flickr_wild_000126.jpg
110,/nas-ctm01/datasets/public/AFHQ/resized/train/wild/flickr_wild_000127.jpg,flickr_wild_000127.jpg
111,/nas-ctm01/datasets/public/AFHQ/resized/train/wild/flickr_wild_000130.jpg,flickr_wild_000130.jpg
112,/nas-ctm01/datasets/public/AFHQ/resized/train/wild/flickr_wild_000131.jpg,flickr_wild_000131.jpg
113,/nas-ctm01/datasets/public/AFHQ/resized/train/wild/flickr_wild_000132.jpg,flickr_wild_000132.jpg
114,/nas-ctm01/datasets/public/AFHQ/resized/train/wild/flickr_wild_000134.jpg,flickr_wild_000134.jpg
115,/nas-ctm01/datasets/public/AFHQ/resized/train/wild/flickr_wild_000136.jpg,flickr_wild_000136.jpg
116,/nas-ctm01/datasets/public/AFHQ/resized/train/wild/flickr_wild_000137.jpg,flickr_wild_000137.jpg
117,/nas-ctm01/datasets/public/AFHQ/resized/train/wild/flickr_wild_000138.jpg,flickr_wild_000138.jpg
118,/nas-ctm01/datasets/public/AFHQ/resized/train/wild/flickr_wild_000139.jpg,flickr_wild_000139.jpg
119,/nas-ctm01/datasets/public/AFHQ/resized/train/wild/flickr_wild_000140.jpg,flickr_wild_000140.jpg
120,/nas-ctm01/datasets/public/AFHQ/resized/train/wild/flickr_wild_000141.jpg,flickr_wild_000141.jpg
121,/nas-ctm01/datasets/public/AFHQ/resized/train/wild/flickr_wild_000142.jpg,flickr_wild_000142.jpg
122,/nas-ctm01/datasets/public/AFHQ/resized/train/wild/flickr_wild_000143.jpg,flickr_wild_000143.jpg
123,/nas-ctm01/datasets/public/AFHQ/resized/train/wild/flickr_wild_000145.jpg,flickr_wild_000145.jpg
124,/nas-ctm01/datasets/public/AFHQ/resized/train/wild/flickr_wild_000146.jpg,flickr_wild_000146.jpg
125,/nas-ctm01/datasets/public/AFHQ/resized/train/wild/flickr_wild_000148.jpg,flickr_wild_000148.jpg
126,/nas-ctm01/datasets/public/AFHQ/resized/train/wild/flickr_wild_000150.jpg,flickr_wild_000150.jpg
127,/nas-ctm01/datasets/public/AFHQ/resized/train/wild/flickr_wild_000151.jpg,flickr_wild_000151.jpg
128,/nas-ctm01/datasets/public/AFHQ/resized/train/wild/flickr_wild_000152.jpg,flickr_wild_000152.jpg
129,/nas-ctm01/datasets/public/AFHQ/resized/train/wild/flickr_wild_000153.jpg,flickr_wild_000153.jpg
130,/nas-ctm01/datasets/public/AFHQ/resized/train/wild/flickr_wild_000154.jpg,flickr_wild_000154.jpg
131,/nas-ctm01/datasets/public/AFHQ/resized/train/wild/flickr_wild_000155.jpg,flickr_wild_000155.jpg
132,/nas-ctm01/datasets/public/AFHQ/resized/train/wild/flickr_wild_000156.jpg,flickr_wild_000156.jpg
133,/nas-ctm01/datasets/public/AFHQ/resized/train/wild/flickr_wild_000157.jpg,flickr_wild_000157.jpg
134,/nas-ctm01/datasets/public/AFHQ/resized/train/wild/flickr_wild_000158.jpg,flickr_wild_000158.jpg
135,/nas-ctm01/datasets/public/AFHQ/resized/train/wild/flickr_wild_000159.jpg,flickr_wild_000159.jpg
136,/nas-ctm01/datasets/public/AFHQ/resized/train/wild/flickr_wild_000160.jpg,flickr_wild_000160.jpg
137,/nas-ctm01/datasets/public/AFHQ/resized/train/wild/flickr_wild_000161.jpg,flickr_wild_000161.jpg
138,/nas-ctm01/datasets/public/AFHQ/resized/train/wild/flickr_wild_000162.jpg,flickr_wild_000162.jpg
139,/nas-ctm01/datasets/public/AFHQ/resized/train/wild/flickr_wild_000163.jpg,flickr_wild_000163.jpg
140,/nas-ctm01/datasets/public/AFHQ/resized/train/wild/flickr_wild_000164.jpg,flickr_wild_000164.jpg
141,/nas-ctm01/datasets/public/AFHQ/resized/train/wild/flickr_wild_000165.jpg,flickr_wild_000165.jpg
142,/nas-ctm01/datasets/public/AFHQ/resized/train/wild/flickr_wild_000166.jpg,flickr_wild_000166.jpg
143,/nas-ctm01/datasets/public/AFHQ/resized/train/wild/flickr_wild_000167.jpg,flickr_wild_000167.jpg
144,/nas-ctm01/datasets/public/AFHQ/resized/train/wild/flickr_wild_000168.jpg,flickr_wild_000168.jpg
145,/nas-ctm01/datasets/public/AFHQ/resized/train/wild/flickr_wild_000169.jpg,flickr_wild_000169.jpg
146,/nas-ctm01/datasets/public/AFHQ/resized/train/wild/flickr_wild_000170.jpg,flickr_wild_000170.jpg
147,/nas-ctm01/datasets/public/AFHQ/resized/train/wild/flickr_wild_000171.jpg,flickr_wild_000171.jpg
148,/nas-ctm01/datasets/public/AFHQ/resized/train/wild/flickr_wild_000172.jpg,flickr_wild_000172.jpg
149,/nas-ctm01/datasets/public/AFHQ/resized/train/wild/flickr_wild_000173.jpg,flickr_wild_000173.jpg
150,/nas-ctm01/datasets/public/AFHQ/resized/train/wild/flickr_wild_000174.jpg,flickr_wild_000174.jpg
151,/nas-ctm01/datasets/public/AFHQ/resized/train/wild/flickr_wild_000175.jpg,flickr_wild_000175.jpg
152,/nas-ctm01/datasets/public/AFHQ/resized/train/wild/flickr_wild_000176.jpg,flickr_wild_000176.jpg
153,/nas-ctm01/datasets/public/AFHQ/resized/train/wild/flickr_wild_000177.jpg,flickr_wild_000177.jpg
154,/nas-ctm01/datasets/public/AFHQ/resized/train/wild/flickr_wild_000178.jpg,flickr_wild_000178.jpg
155,/nas-ctm01/datasets/public/AFHQ/resized/train/wild/flickr_wild_000179.jpg,flickr_wild_000179.jpg
156,/nas-ctm01/datasets/public/AFHQ/resized/train/wild/flickr_wild_000180.jpg,flickr_wild_000180.jpg
157,/nas-ctm01/datasets/public/AFHQ/resized/train/wild/flickr_wild_000181.jpg,flickr_wild_000181.jpg
158,/nas-ctm01/datasets/public/AFHQ/resized/train/wild/flickr_wild_000182.jpg,flickr_wild_000182.jpg
159,/nas-ctm01/datasets/public/AFHQ/resized/train/wild/flickr_wild_000183.jpg,flickr_wild_000183.jpg
160,/nas-ctm01/datasets/public/AFHQ/resized/train/wild/flickr_wild_000184.jpg,flickr_wild_000184.jpg
161,/nas-ctm01/datasets/public/AFHQ/resized/train/wild/flickr_wild_000185.jpg,flickr_wild_000185.jpg
162,/nas-ctm01/datasets/public/AFHQ/resized/train/wild/flickr_wild_000186.jpg,flickr_wild_000186.jpg
163,/nas-ctm01/datasets/public/AFHQ/resized/train/wild/flickr_wild_000188.jpg,flickr_wild_000188.jpg
164,/nas-ctm01/datasets/public/AFHQ/resized/train/wild/flickr_wild_000189.jpg,flickr_wild_000189.jpg
165,/nas-ctm01/datasets/public/AFHQ/resized/train/wild/flickr_wild_000190.jpg,flickr_wild_000190.jpg
166,/nas-ctm01/datasets/public/AFHQ/resized/train/wild/flickr_wild_000191.jpg,flickr_wild_000191.jpg
167,/nas-ctm01/datasets/public/AFHQ/resized/train/wild/flickr_wild_000193.jpg,flickr_wild_000193.jpg
168,/nas-ctm01/datasets/public/AFHQ/resized/train/wild/flickr_wild_000195.jpg,flickr_wild_000195.jpg
169,/nas-ctm01/datasets/public/AFHQ/resized/train/wild/flickr_wild_000196.jpg,flickr_wild_000196.jpg
170,/nas-ctm01/datasets/public/AFHQ/resized/train/wild/flickr_wild_000197.jpg,flickr_wild_000197.jpg
171,/nas-ctm01/datasets/public/AFHQ/resized/train/wild/flickr_wild_000198.jpg,flickr_wild_000198.jpg
172,/nas-ctm01/datasets/public/AFHQ/resized/train/wild/flickr_wild_000199.jpg,flickr_wild_000199.jpg
173,/nas-ctm01/datasets/public/AFHQ/resized/train/wild/flickr_wild_000200.jpg,flickr_wild_000200.jpg
174,/nas-ctm01/datasets/public/AFHQ/resized/train/wild/flickr_wild_000201.jpg,flickr_wild_000201.jpg
175,/nas-ctm01/datasets/public/AFHQ/resized/train/wild/flickr_wild_000202.jpg,flickr_wild_000202.jpg
176,/nas-ctm01/datasets/public/AFHQ/resized/train/wild/flickr_wild_000203.jpg,flickr_wild_000203.jpg
177,/nas-ctm01/datasets/public/AFHQ/resized/train/wild/flickr_wild_000204.jpg,flickr_wild_000204.jpg
178,/nas-ctm01/datasets/public/AFHQ/resized/train/wild/flickr_wild_000205.jpg,flickr_wild_000205.jpg
179,/nas-ctm01/datasets/public/AFHQ/resized/train/wild/flickr_wild_000207.jpg,flickr_wild_000207.jpg
180,/nas-ctm01/datasets/public/AFHQ/resized/train/wild/flickr_wild_000208.jpg,flickr_wild_000208.jpg
181,/nas-ctm01/datasets/public/AFHQ/resized/train/wild/flickr_wild_000209.jpg,flickr_wild_000209.jpg
182,/nas-ctm01/datasets/public/AFHQ/resized/train/wild/flickr_wild_000210.jpg,flickr_wild_000210.jpg
183,/nas-ctm01/datasets/public/AFHQ/resized/train/wild/flickr_wild_000212.jpg,flickr_wild_000212.jpg
184,/nas-ctm01/datasets/public/AFHQ/resized/train/wild/flickr_wild_000213.jpg,flickr_wild_000213.jpg
185,/nas-ctm01/datasets/public/AFHQ/resized/train/wild/flickr_wild_000214.jpg,flickr_wild_000214.jpg
186,/nas-ctm01/datasets/public/AFHQ/resized/train/wild/flickr_wild_000215.jpg,flickr_wild_000215.jpg
187,/nas-ctm01/datasets/public/AFHQ/resized/train/wild/flickr_wild_000216.jpg,flickr_wild_000216.jpg
188,/nas-ctm01/datasets/public/AFHQ/resized/train/wild/flickr_wild_000217.jpg,flickr_wild_000217.jpg
189,/nas-ctm01/datasets/public/AFHQ/resized/train/wild/flickr_wild_000218.jpg,flickr_wild_000218.jpg
190,/nas-ctm01/datasets/public/AFHQ/resized/train/wild/flickr_wild_000219.jpg,flickr_wild_000219.jpg
191,/nas-ctm01/datasets/public/AFHQ/resized/train/wild/flickr_wild_000220.jpg,flickr_wild_000220.jpg
192,/nas-ctm01/datasets/public/AFHQ/resized/train/wild/flickr_wild_000221.jpg,flickr_wild_000221.jpg
193,/nas-ctm01/datasets/public/AFHQ/resized/train/wild/flickr_wild_000222.jpg,flickr_wild_000222.jpg
194,/nas-ctm01/datasets/public/AFHQ/resized/train/wild/flickr_wild_000223.jpg,flickr_wild_000223.jpg
195,/nas-ctm01/datasets/public/AFHQ/resized/train/wild/flickr_wild_000224.jpg,flickr_wild_000224.jpg
196,/nas-ctm01/datasets/public/AFHQ/resized/train/wild/flickr_wild_000226.jpg,flickr_wild_000226.jpg
197,/nas-ctm01/datasets/public/AFHQ/resized/train/wild/flickr_wild_000227.jpg,flickr_wild_000227.jpg
198,/nas-ctm01/datasets/public/AFHQ/resized/train/wild/flickr_wild_000228.jpg,flickr_wild_000228.jpg
199,/nas-ctm01/datasets/public/AFHQ/resized/train/wild/flickr_wild_000229.jpg,flickr_wild_000229.jpg
200,/nas-ctm01/datasets/public/AFHQ/resized/train/wild/flickr_wild_000230.jpg,flickr_wild_000230.jpg
201,/nas-ctm01/datasets/public/AFHQ/resized/train/wild/flickr_wild_000231.jpg,flickr_wild_000231.jpg
202,/nas-ctm01/datasets/public/AFHQ/resized/train/wild/flickr_wild_000232.jpg,flickr_wild_000232.jpg
203,/nas-ctm01/datasets/public/AFHQ/resized/train/wild/flickr_wild_000233.jpg,flickr_wild_000233.jpg
204,/nas-ctm01/datasets/public/AFHQ/resized/train/wild/flickr_wild_000234.jpg,flickr_wild_000234.jpg
205,/nas-ctm01/datasets/public/AFHQ/resized/train/wild/flickr_wild_000235.jpg,flickr_wild_000235.jpg
206,/nas-ctm01/datasets/public/AFHQ/resized/train/wild/flickr_wild_000236.jpg,flickr_wild_000236.jpg
207,/nas-ctm01/datasets/public/AFHQ/resized/train/wild/flickr_wild_000237.jpg,flickr_wild_000237.jpg
208,/nas-ctm01/datasets/public/AFHQ/resized/train/wild/flickr_wild_000238.jpg,flickr_wild_000238.jpg
209,/nas-ctm01/datasets/public/AFHQ/resized/train/wild/flickr_wild_000239.jpg,flickr_wild_000239.jpg
210,/nas-ctm01/datasets/public/AFHQ/resized/train/wild/flickr_wild_000240.jpg,flickr_wild_000240.jpg
211,/nas-ctm01/datasets/public/AFHQ/resized/train/wild/flickr_wild_000241.jpg,flickr_wild_000241.jpg
212,/nas-ctm01/datasets/public/AFHQ/resized/train/wild/flickr_wild_000242.jpg,flickr_wild_000242.jpg
213,/nas-ctm01/datasets/public/AFHQ/resized/train/wild/flickr_wild_000243.jpg,flickr_wild_000243.jpg
214,/nas-ctm01/datasets/public/AFHQ/resized/train/wild/flickr_wild_000244.jpg,flickr_wild_000244.jpg
215,/nas-ctm01/datasets/public/AFHQ/resized/train/wild/flickr_wild_000245.jpg,flickr_wild_000245.jpg
216,/nas-ctm01/datasets/public/AFHQ/resized/train/wild/flickr_wild_000246.jpg,flickr_wild_000246.jpg
217,/nas-ctm01/datasets/public/AFHQ/resized/train/wild/flickr_wild_000247.jpg,flickr_wild_000247.jpg
218,/nas-ctm01/datasets/public/AFHQ/resized/train/wild/flickr_wild_000248.jpg,flickr_wild_000248.jpg
219,/nas-ctm01/datasets/public/AFHQ/resized/train/wild/flickr_wild_000249.jpg,flickr_wild_000249.jpg
220,/nas-ctm01/datasets/public/AFHQ/resized/train/wild/flickr_wild_000250.jpg,flickr_wild_000250.jpg
221,/nas-ctm01/datasets/public/AFHQ/resized/train/wild/flickr_wild_000251.jpg,flickr_wild_000251.jpg
222,/nas-ctm01/datasets/public/AFHQ/resized/train/wild/flickr_wild_000253.jpg,flickr_wild_000253.jpg
223,/nas-ctm01/datasets/public/AFHQ/resized/train/wild/flickr_wild_000254.jpg,flickr_wild_000254.jpg
224,/nas-ctm01/datasets/public/AFHQ/resized/train/wild/flickr_wild_000255.jpg,flickr_wild_000255.jpg
225,/nas-ctm01/datasets/public/AFHQ/resized/train/wild/flickr_wild_000256.jpg,flickr_wild_000256.jpg
226,/nas-ctm01/datasets/public/AFHQ/resized/train/wild/flickr_wild_000258.jpg,flickr_wild_000258.jpg
227,/nas-ctm01/datasets/public/AFHQ/resized/train/wild/flickr_wild_000259.jpg,flickr_wild_000259.jpg
228,/nas-ctm01/datasets/public/AFHQ/resized/train/wild/flickr_wild_000260.jpg,flickr_wild_000260.jpg
229,/nas-ctm01/datasets/public/AFHQ/resized/train/wild/flickr_wild_000261.jpg,flickr_wild_000261.jpg
230,/nas-ctm01/datasets/public/AFHQ/resized/train/wild/flickr_wild_000262.jpg,flickr_wild_000262.jpg
231,/nas-ctm01/datasets/public/AFHQ/resized/train/wild/flickr_wild_000263.jpg,flickr_wild_000263.jpg
232,/nas-ctm01/datasets/public/AFHQ/resized/train/wild/flickr_wild_000264.jpg,flickr_wild_000264.jpg
233,/nas-ctm01/datasets/public/AFHQ/resized/train/wild/flickr_wild_000265.jpg,flickr_wild_000265.jpg
234,/nas-ctm01/datasets/public/AFHQ/resized/train/wild/flickr_wild_000266.jpg,flickr_wild_000266.jpg
235,/nas-ctm01/datasets/public/AFHQ/resized/train/wild/flickr_wild_000268.jpg,flickr_wild_000268.jpg
236,/nas-ctm01/datasets/public/AFHQ/resized/train/wild/flickr_wild_000269.jpg,flickr_wild_000269.jpg
237,/nas-ctm01/datasets/public/AFHQ/resized/train/wild/flickr_wild_000270.jpg,flickr_wild_000270.jpg
238,/nas-ctm01/datasets/public/AFHQ/resized/train/wild/flickr_wild_000271.jpg,flickr_wild_000271.jpg
239,/nas-ctm01/datasets/public/AFHQ/resized/train/wild/flickr_wild_000272.jpg,flickr_wild_000272.jpg
240,/nas-ctm01/datasets/public/AFHQ/resized/train/wild/flickr_wild_000273.jpg,flickr_wild_000273.jpg
241,/nas-ctm01/datasets/public/AFHQ/resized/train/wild/flickr_wild_000274.jpg,flickr_wild_000274.jpg
242,/nas-ctm01/datasets/public/AFHQ/resized/train/wild/flickr_wild_000275.jpg,flickr_wild_000275.jpg
243,/nas-ctm01/datasets/public/AFHQ/resized/train/wild/flickr_wild_000276.jpg,flickr_wild_000276.jpg
244,/nas-ctm01/datasets/public/AFHQ/resized/train/wild/flickr_wild_000277.jpg,flickr_wild_000277.jpg
245,/nas-ctm01/datasets/public/AFHQ/resized/train/wild/flickr_wild_000278.jpg,flickr_wild_000278.jpg
246,/nas-ctm01/datasets/public/AFHQ/resized/train/wild/flickr_wild_000279.jpg,flickr_wild_000279.jpg
247,/nas-ctm01/datasets/public/AFHQ/resized/train/wild/flickr_wild_000280.jpg,flickr_wild_000280.jpg
248,/nas-ctm01/datasets/public/AFHQ/resized/train/wild/flickr_wild_000281.jpg,flickr_wild_000281.jpg
249,/nas-ctm01/datasets/public/AFHQ/resized/train/wild/flickr_wild_000282.jpg,flickr_wild_000282.jpg
250,/nas-ctm01/datasets/public/AFHQ/resized/train/wild/flickr_wild_000283.jpg,flickr_wild_000283.jpg
251,/nas-ctm01/datasets/public/AFHQ/resized/train/wild/flickr_wild_000284.jpg,flickr_wild_000284.jpg
252,/nas-ctm01/datasets/public/AFHQ/resized/train/wild/flickr_wild_000285.jpg,flickr_wild_000285.jpg
253,/nas-ctm01/datasets/public/AFHQ/resized/train/wild/flickr_wild_000287.jpg,flickr_wild_000287.jpg
254,/nas-ctm01/datasets/public/AFHQ/resized/train/wild/flickr_wild_000288.jpg,flickr_wild_000288.jpg
255,/nas-ctm01/datasets/public/AFHQ/resized/train/wild/flickr_wild_000289.jpg,flickr_wild_000289.jpg
256,/nas-ctm01/datasets/public/AFHQ/resized/train/wild/flickr_wild_000290.jpg,flickr_wild_000290.jpg
257,/nas-ctm01/datasets/public/AFHQ/resized/train/wild/flickr_wild_000291.jpg,flickr_wild_000291.jpg
258,/nas-ctm01/datasets/public/AFHQ/resized/train/wild/flickr_wild_000292.jpg,flickr_wild_000292.jpg
259,/nas-ctm01/datasets/public/AFHQ/resized/train/wild/flickr_wild_000293.jpg,flickr_wild_000293.jpg
260,/nas-ctm01/datasets/public/AFHQ/resized/train/wild/flickr_wild_000294.jpg,flickr_wild_000294.jpg
261,/nas-ctm01/datasets/public/AFHQ/resized/train/wild/flickr_wild_000295.jpg,flickr_wild_000295.jpg
262,/nas-ctm01/datasets/public/AFHQ/resized/train/wild/flickr_wild_000296.jpg,flickr_wild_000296.jpg
263,/nas-ctm01/datasets/public/AFHQ/resized/train/wild/flickr_wild_000297.jpg,flickr_wild_000297.jpg
264,/nas-ctm01/datasets/public/AFHQ/resized/train/wild/flickr_wild_000298.jpg,flickr_wild_000298.jpg
265,/nas-ctm01/datasets/public/AFHQ/resized/train/wild/flickr_wild_000299.jpg,flickr_wild_000299.jpg
266,/nas-ctm01/datasets/public/AFHQ/resized/train/wild/flickr_wild_000300.jpg,flickr_wild_000300.jpg
267,/nas-ctm01/datasets/public/AFHQ/resized/train/wild/flickr_wild_000301.jpg,flickr_wild_000301.jpg
268,/nas-ctm01/datasets/public/AFHQ/resized/train/wild/flickr_wild_000303.jpg,flickr_wild_000303.jpg
269,/nas-ctm01/datasets/public/AFHQ/resized/train/wild/flickr_wild_000304.jpg,flickr_wild_000304.jpg
270,/nas-ctm01/datasets/public/AFHQ/resized/train/wild/flickr_wild_000305.jpg,flickr_wild_000305.jpg
271,/nas-ctm01/datasets/public/AFHQ/resized/train/wild/flickr_wild_000307.jpg,flickr_wild_000307.jpg
272,/nas-ctm01/datasets/public/AFHQ/resized/train/wild/flickr_wild_000308.jpg,flickr_wild_000308.jpg
273,/nas-ctm01/datasets/public/AFHQ/resized/train/wild/flickr_wild_000309.jpg,flickr_wild_000309.jpg
274,/nas-ctm01/datasets/public/AFHQ/resized/train/wild/flickr_wild_000310.jpg,flickr_wild_000310.jpg
275,/nas-ctm01/datasets/public/AFHQ/resized/train/wild/flickr_wild_000311.jpg,flickr_wild_000311.jpg
276,/nas-ctm01/datasets/public/AFHQ/resized/train/wild/flickr_wild_000312.jpg,flickr_wild_000312.jpg
277,/nas-ctm01/datasets/public/AFHQ/resized/train/wild/flickr_wild_000313.jpg,flickr_wild_000313.jpg
278,/nas-ctm01/datasets/public/AFHQ/resized/train/wild/flickr_wild_000315.jpg,flickr_wild_000315.jpg
279,/nas-ctm01/datasets/public/AFHQ/resized/train/wild/flickr_wild_000316.jpg,flickr_wild_000316.jpg
280,/nas-ctm01/datasets/public/AFHQ/resized/train/wild/flickr_wild_000317.jpg,flickr_wild_000317.jpg
281,/nas-ctm01/datasets/public/AFHQ/resized/train/wild/flickr_wild_000318.jpg,flickr_wild_000318.jpg
282,/nas-ctm01/datasets/public/AFHQ/resized/train/wild/flickr_wild_000319.jpg,flickr_wild_000319.jpg
283,/nas-ctm01/datasets/public/AFHQ/resized/train/wild/flickr_wild_000320.jpg,flickr_wild_000320.jpg
284,/nas-ctm01/datasets/public/AFHQ/resized/train/wild/flickr_wild_000321.jpg,flickr_wild_000321.jpg
285,/nas-ctm01/datasets/public/AFHQ/resized/train/wild/flickr_wild_000322.jpg,flickr_wild_000322.jpg
286,/nas-ctm01/datasets/public/AFHQ/resized/train/wild/flickr_wild_000323.jpg,flickr_wild_000323.jpg
287,/nas-ctm01/datasets/public/AFHQ/resized/train/wild/flickr_wild_000324.jpg,flickr_wild_000324.jpg
288,/nas-ctm01/datasets/public/AFHQ/resized/train/wild/flickr_wild_000325.jpg,flickr_wild_000325.jpg
289,/nas-ctm01/datasets/public/AFHQ/resized/train/wild/flickr_wild_000326.jpg,flickr_wild_000326.jpg
290,/nas-ctm01/datasets/public/AFHQ/resized/train/wild/flickr_wild_000327.jpg,flickr_wild_000327.jpg
291,/nas-ctm01/datasets/public/AFHQ/resized/train/wild/flickr_wild_000328.jpg,flickr_wild_000328.jpg
292,/nas-ctm01/datasets/public/AFHQ/resized/train/wild/flickr_wild_000329.jpg,flickr_wild_000329.jpg
293,/nas-ctm01/datasets/public/AFHQ/resized/train/wild/flickr_wild_000330.jpg,flickr_wild_000330.jpg
294,/nas-ctm01/datasets/public/AFHQ/resized/train/wild/flickr_wild_000331.jpg,flickr_wild_000331.jpg
295,/nas-ctm01/datasets/public/AFHQ/resized/train/wild/flickr_wild_000332.jpg,flickr_wild_000332.jpg
296,/nas-ctm01/datasets/public/AFHQ/resized/train/wild/flickr_wild_000333.jpg,flickr_wild_000333.jpg
297,/nas-ctm01/datasets/public/AFHQ/resized/train/wild/flickr_wild_000334.jpg,flickr_wild_000334.jpg
298,/nas-ctm01/datasets/public/AFHQ/resized/train/wild/flickr_wild_000335.jpg,flickr_wild_000335.jpg
299,/nas-ctm01/datasets/public/AFHQ/resized/train/wild/flickr_wild_000336.jpg,flickr_wild_000336.jpg
300,/nas-ctm01/datasets/public/AFHQ/resized/train/wild/flickr_wild_000337.jpg,flickr_wild_000337.jpg
301,/nas-ctm01/datasets/public/AFHQ/resized/train/wild/flickr_wild_000338.jpg,flickr_wild_000338.jpg
302,/nas-ctm01/datasets/public/AFHQ/resized/train/wild/flickr_wild_000339.jpg,flickr_wild_000339.jpg
303,/nas-ctm01/datasets/public/AFHQ/resized/train/wild/flickr_wild_000340.jpg,flickr_wild_000340.jpg
304,/nas-ctm01/datasets/public/AFHQ/resized/train/wild/flickr_wild_000341.jpg,flickr_wild_000341.jpg
305,/nas-ctm01/datasets/public/AFHQ/resized/train/wild/flickr_wild_000342.jpg,flickr_wild_000342.jpg
306,/nas-ctm01/datasets/public/AFHQ/resized/train/wild/flickr_wild_000343.jpg,flickr_wild_000343.jpg
307,/nas-ctm01/datasets/public/AFHQ/resized/train/wild/flickr_wild_000344.jpg,flickr_wild_000344.jpg
308,/nas-ctm01/datasets/public/AFHQ/resized/train/wild/flickr_wild_000345.jpg,flickr_wild_000345.jpg
309,/nas-ctm01/datasets/public/AFHQ/resized/train/wild/flickr_wild_000346.jpg,flickr_wild_000346.jpg
310,/nas-ctm01/datasets/public/AFHQ/resized/train/wild/flickr_wild_000347.jpg,flickr_wild_000347.jpg
311,/nas-ctm01/datasets/public/AFHQ/resized/train/wild/flickr_wild_000348.jpg,flickr_wild_000348.jpg
312,/nas-ctm01/datasets/public/AFHQ/resized/train/wild/flickr_wild_000349.jpg,flickr_wild_000349.jpg
313,/nas-ctm01/datasets/public/AFHQ/resized/train/wild/flickr_wild_000350.jpg,flickr_wild_000350.jpg
314,/nas-ctm01/datasets/public/AFHQ/resized/train/wild/flickr_wild_000351.jpg,flickr_wild_000351.jpg
315,/nas-ctm01/datasets/public/AFHQ/resized/train/wild/flickr_wild_000352.jpg,flickr_wild_000352.jpg
316,/nas-ctm01/datasets/public/AFHQ/resized/train/wild/flickr_wild_000353.jpg,flickr_wild_000353.jpg
317,/nas-ctm01/datasets/public/AFHQ/resized/train/wild/flickr_wild_000355.jpg,flickr_wild_000355.jpg
318,/nas-ctm01/datasets/public/AFHQ/resized/train/wild/flickr_wild_000356.jpg,flickr_wild_000356.jpg
319,/nas-ctm01/datasets/public/AFHQ/resized/train/wild/flickr_wild_000357.jpg,flickr_wild_000357.jpg
320,/nas-ctm01/datasets/public/AFHQ/resized/train/wild/flickr_wild_000358.jpg,flickr_wild_000358.jpg
321,/nas-ctm01/datasets/public/AFHQ/resized/train/wild/flickr_wild_000359.jpg,flickr_wild_000359.jpg
322,/nas-ctm01/datasets/public/AFHQ/resized/train/wild/flickr_wild_000362.jpg,flickr_wild_000362.jpg
323,/nas-ctm01/datasets/public/AFHQ/resized/train/wild/flickr_wild_000363.jpg,flickr_wild_000363.jpg
324,/nas-ctm01/datasets/public/AFHQ/resized/train/wild/flickr_wild_000364.jpg,flickr_wild_000364.jpg
325,/nas-ctm01/datasets/public/AFHQ/resized/train/wild/flickr_wild_000365.jpg,flickr_wild_000365.jpg
326,/nas-ctm01/datasets/public/AFHQ/resized/train/wild/flickr_wild_000366.jpg,flickr_wild_000366.jpg
327,/nas-ctm01/datasets/public/AFHQ/resized/train/wild/flickr_wild_000367.jpg,flickr_wild_000367.jpg
328,/nas-ctm01/datasets/public/AFHQ/resized/train/wild/flickr_wild_000368.jpg,flickr_wild_000368.jpg
329,/nas-ctm01/datasets/public/AFHQ/resized/train/wild/flickr_wild_000369.jpg,flickr_wild_000369.jpg
330,/nas-ctm01/datasets/public/AFHQ/resized/train/wild/flickr_wild_000370.jpg,flickr_wild_000370.jpg
331,/nas-ctm01/datasets/public/AFHQ/resized/train/wild/flickr_wild_000371.jpg,flickr_wild_000371.jpg
332,/nas-ctm01/datasets/public/AFHQ/resized/train/wild/flickr_wild_000372.jpg,flickr_wild_000372.jpg
333,/nas-ctm01/datasets/public/AFHQ/resized/train/wild/flickr_wild_000374.jpg,flickr_wild_000374.jpg
334,/nas-ctm01/datasets/public/AFHQ/resized/train/wild/flickr_wild_000376.jpg,flickr_wild_000376.jpg
335,/nas-ctm01/datasets/public/AFHQ/resized/train/wild/flickr_wild_000377.jpg,flickr_wild_000377.jpg
336,/nas-ctm01/datasets/public/AFHQ/resized/train/wild/flickr_wild_000378.jpg,flickr_wild_000378.jpg
337,/nas-ctm01/datasets/public/AFHQ/resized/train/wild/flickr_wild_000380.jpg,flickr_wild_000380.jpg
338,/nas-ctm01/datasets/public/AFHQ/resized/train/wild/flickr_wild_000381.jpg,flickr_wild_000381.jpg
339,/nas-ctm01/datasets/public/AFHQ/resized/train/wild/flickr_wild_000383.jpg,flickr_wild_000383.jpg
340,/nas-ctm01/datasets/public/AFHQ/resized/train/wild/flickr_wild_000384.jpg,flickr_wild_000384.jpg
341,/nas-ctm01/datasets/public/AFHQ/resized/train/wild/flickr_wild_000385.jpg,flickr_wild_000385.jpg
342,/nas-ctm01/datasets/public/AFHQ/resized/train/wild/flickr_wild_000386.jpg,flickr_wild_000386.jpg
343,/nas-ctm01/datasets/public/AFHQ/resized/train/wild/flickr_wild_000387.jpg,flickr_wild_000387.jpg
344,/nas-ctm01/datasets/public/AFHQ/resized/train/wild/flickr_wild_000388.jpg,flickr_wild_000388.jpg
345,/nas-ctm01/datasets/public/AFHQ/resized/train/wild/flickr_wild_000389.jpg,flickr_wild_000389.jpg
346,/nas-ctm01/datasets/public/AFHQ/resized/train/wild/flickr_wild_000390.jpg,flickr_wild_000390.jpg
347,/nas-ctm01/datasets/public/AFHQ/resized/train/wild/flickr_wild_000391.jpg,flickr_wild_000391.jpg
348,/nas-ctm01/datasets/public/AFHQ/resized/train/wild/flickr_wild_000392.jpg,flickr_wild_000392.jpg
349,/nas-ctm01/datasets/public/AFHQ/resized/train/wild/flickr_wild_000393.jpg,flickr_wild_000393.jpg
350,/nas-ctm01/datasets/public/AFHQ/resized/train/wild/flickr_wild_000394.jpg,flickr_wild_000394.jpg
351,/nas-ctm01/datasets/public/AFHQ/resized/train/wild/flickr_wild_000395.jpg,flickr_wild_000395.jpg
352,/nas-ctm01/datasets/public/AFHQ/resized/train/wild/flickr_wild_000396.jpg,flickr_wild_000396.jpg
353,/nas-ctm01/datasets/public/AFHQ/resized/train/wild/flickr_wild_000398.jpg,flickr_wild_000398.jpg
354,/nas-ctm01/datasets/public/AFHQ/resized/train/wild/flickr_wild_000399.jpg,flickr_wild_000399.jpg
355,/nas-ctm01/datasets/public/AFHQ/resized/train/wild/flickr_wild_000400.jpg,flickr_wild_000400.jpg
356,/nas-ctm01/datasets/public/AFHQ/resized/train/wild/flickr_wild_000401.jpg,flickr_wild_000401.jpg
357,/nas-ctm01/datasets/public/AFHQ/resized/train/wild/flickr_wild_000402.jpg,flickr_wild_000402.jpg
358,/nas-ctm01/datasets/public/AFHQ/resized/train/wild/flickr_wild_000403.jpg,flickr_wild_000403.jpg
359,/nas-ctm01/datasets/public/AFHQ/resized/train/wild/flickr_wild_000404.jpg,flickr_wild_000404.jpg
360,/nas-ctm01/datasets/public/AFHQ/resized/train/wild/flickr_wild_000405.jpg,flickr_wild_000405.jpg
361,/nas-ctm01/datasets/public/AFHQ/resized/train/wild/flickr_wild_000407.jpg,flickr_wild_000407.jpg
362,/nas-ctm01/datasets/public/AFHQ/resized/train/wild/flickr_wild_000408.jpg,flickr_wild_000408.jpg
363,/nas-ctm01/datasets/public/AFHQ/resized/train/wild/flickr_wild_000410.jpg,flickr_wild_000410.jpg
364,/nas-ctm01/datasets/public/AFHQ/resized/train/wild/flickr_wild_000412.jpg,flickr_wild_000412.jpg
365,/nas-ctm01/datasets/public/AFHQ/resized/train/wild/flickr_wild_000413.jpg,flickr_wild_000413.jpg
366,/nas-ctm01/datasets/public/AFHQ/resized/train/wild/flickr_wild_000414.jpg,flickr_wild_000414.jpg
367,/nas-ctm01/datasets/public/AFHQ/resized/train/wild/flickr_wild_000415.jpg,flickr_wild_000415.jpg
368,/nas-ctm01/datasets/public/AFHQ/resized/train/wild/flickr_wild_000416.jpg,flickr_wild_000416.jpg
369,/nas-ctm01/datasets/public/AFHQ/resized/train/wild/flickr_wild_000417.jpg,flickr_wild_000417.jpg
370,/nas-ctm01/datasets/public/AFHQ/resized/train/wild/flickr_wild_000421.jpg,flickr_wild_000421.jpg
371,/nas-ctm01/datasets/public/AFHQ/resized/train/wild/flickr_wild_000422.jpg,flickr_wild_000422.jpg
372,/nas-ctm01/datasets/public/AFHQ/resized/train/wild/flickr_wild_000423.jpg,flickr_wild_000423.jpg
373,/nas-ctm01/datasets/public/AFHQ/resized/train/wild/flickr_wild_000424.jpg,flickr_wild_000424.jpg
374,/nas-ctm01/datasets/public/AFHQ/resized/train/wild/flickr_wild_000425.jpg,flickr_wild_000425.jpg
375,/nas-ctm01/datasets/public/AFHQ/resized/train/wild/flickr_wild_000426.jpg,flickr_wild_000426.jpg
376,/nas-ctm01/datasets/public/AFHQ/resized/train/wild/flickr_wild_000427.jpg,flickr_wild_000427.jpg
377,/nas-ctm01/datasets/public/AFHQ/resized/train/wild/flickr_wild_000429.jpg,flickr_wild_000429.jpg
378,/nas-ctm01/datasets/public/AFHQ/resized/train/wild/flickr_wild_000430.jpg,flickr_wild_000430.jpg
379,/nas-ctm01/datasets/public/AFHQ/resized/train/wild/flickr_wild_000431.jpg,flickr_wild_000431.jpg
380,/nas-ctm01/datasets/public/AFHQ/resized/train/wild/flickr_wild_000433.jpg,flickr_wild_000433.jpg
381,/nas-ctm01/datasets/public/AFHQ/resized/train/wild/flickr_wild_000434.jpg,flickr_wild_000434.jpg
382,/nas-ctm01/datasets/public/AFHQ/resized/train/wild/flickr_wild_000435.jpg,flickr_wild_000435.jpg
383,/nas-ctm01/datasets/public/AFHQ/resized/train/wild/flickr_wild_000436.jpg,flickr_wild_000436.jpg
384,/nas-ctm01/datasets/public/AFHQ/resized/train/wild/flickr_wild_000437.jpg,flickr_wild_000437.jpg
385,/nas-ctm01/datasets/public/AFHQ/resized/train/wild/flickr_wild_000438.jpg,flickr_wild_000438.jpg
386,/nas-ctm01/datasets/public/AFHQ/resized/train/wild/flickr_wild_000439.jpg,flickr_wild_000439.jpg
387,/nas-ctm01/datasets/public/AFHQ/resized/train/wild/flickr_wild_000440.jpg,flickr_wild_000440.jpg
388,/nas-ctm01/datasets/public/AFHQ/resized/train/wild/flickr_wild_000442.jpg,flickr_wild_000442.jpg
389,/nas-ctm01/datasets/public/AFHQ/resized/train/wild/flickr_wild_000443.jpg,flickr_wild_000443.jpg
390,/nas-ctm01/datasets/public/AFHQ/resized/train/wild/flickr_wild_000444.jpg,flickr_wild_000444.jpg
391,/nas-ctm01/datasets/public/AFHQ/resized/train/wild/flickr_wild_000445.jpg,flickr_wild_000445.jpg
392,/nas-ctm01/datasets/public/AFHQ/resized/train/wild/flickr_wild_000446.jpg,flickr_wild_000446.jpg
393,/nas-ctm01/datasets/public/AFHQ/resized/train/wild/flickr_wild_000447.jpg,flickr_wild_000447.jpg
394,/nas-ctm01/datasets/public/AFHQ/resized/train/wild/flickr_wild_000448.jpg,flickr_wild_000448.jpg
395,/nas-ctm01/datasets/public/AFHQ/resized/train/wild/flickr_wild_000449.jpg,flickr_wild_000449.jpg
396,/nas-ctm01/datasets/public/AFHQ/resized/train/wild/flickr_wild_000450.jpg,flickr_wild_000450.jpg
397,/nas-ctm01/datasets/public/AFHQ/resized/train/wild/flickr_wild_000451.jpg,flickr_wild_000451.jpg
398,/nas-ctm01/datasets/public/AFHQ/resized/train/wild/flickr_wild_000452.jpg,flickr_wild_000452.jpg
399,/nas-ctm01/datasets/public/AFHQ/resized/train/wild/flickr_wild_000453.jpg,flickr_wild_000453.jpg
400,/nas-ctm01/datasets/public/AFHQ/resized/train/wild/flickr_wild_000454.jpg,flickr_wild_000454.jpg
401,/nas-ctm01/datasets/public/AFHQ/resized/train/wild/flickr_wild_000455.jpg,flickr_wild_000455.jpg
402,/nas-ctm01/datasets/public/AFHQ/resized/train/wild/flickr_wild_000456.jpg,flickr_wild_000456.jpg
403,/nas-ctm01/datasets/public/AFHQ/resized/train/wild/flickr_wild_000457.jpg,flickr_wild_000457.jpg
404,/nas-ctm01/datasets/public/AFHQ/resized/train/wild/flickr_wild_000458.jpg,flickr_wild_000458.jpg
405,/nas-ctm01/datasets/public/AFHQ/resized/train/wild/flickr_wild_000459.jpg,flickr_wild_000459.jpg
406,/nas-ctm01/datasets/public/AFHQ/resized/train/wild/flickr_wild_000460.jpg,flickr_wild_000460.jpg
407,/nas-ctm01/datasets/public/AFHQ/resized/train/wild/flickr_wild_000461.jpg,flickr_wild_000461.jpg
408,/nas-ctm01/datasets/public/AFHQ/resized/train/wild/flickr_wild_000462.jpg,flickr_wild_000462.jpg
409,/nas-ctm01/datasets/public/AFHQ/resized/train/wild/flickr_wild_000463.jpg,flickr_wild_000463.jpg
410,/nas-ctm01/datasets/public/AFHQ/resized/train/wild/flickr_wild_000464.jpg,flickr_wild_000464.jpg
411,/nas-ctm01/datasets/public/AFHQ/resized/train/wild/flickr_wild_000465.jpg,flickr_wild_000465.jpg
412,/nas-ctm01/datasets/public/AFHQ/resized/train/wild/flickr_wild_000466.jpg,flickr_wild_000466.jpg
413,/nas-ctm01/datasets/public/AFHQ/resized/train/wild/flickr_wild_000467.jpg,flickr_wild_000467.jpg
414,/nas-ctm01/datasets/public/AFHQ/resized/train/wild/flickr_wild_000468.jpg,flickr_wild_000468.jpg
415,/nas-ctm01/datasets/public/AFHQ/resized/train/wild/flickr_wild_000469.jpg,flickr_wild_000469.jpg
416,/nas-ctm01/datasets/public/AFHQ/resized/train/wild/flickr_wild_000471.jpg,flickr_wild_000471.jpg
417,/nas-ctm01/datasets/public/AFHQ/resized/train/wild/flickr_wild_000472.jpg,flickr_wild_000472.jpg
418,/nas-ctm01/datasets/public/AFHQ/resized/train/wild/flickr_wild_000473.jpg,flickr_wild_000473.jpg
419,/nas-ctm01/datasets/public/AFHQ/resized/train/wild/flickr_wild_000474.jpg,flickr_wild_000474.jpg
420,/nas-ctm01/datasets/public/AFHQ/resized/train/wild/flickr_wild_000475.jpg,flickr_wild_000475.jpg
421,/nas-ctm01/datasets/public/AFHQ/resized/train/wild/flickr_wild_000476.jpg,flickr_wild_000476.jpg
422,/nas-ctm01/datasets/public/AFHQ/resized/train/wild/flickr_wild_000477.jpg,flickr_wild_000477.jpg
423,/nas-ctm01/datasets/public/AFHQ/resized/train/wild/flickr_wild_000478.jpg,flickr_wild_000478.jpg
424,/nas-ctm01/datasets/public/AFHQ/resized/train/wild/flickr_wild_000479.jpg,flickr_wild_000479.jpg
425,/nas-ctm01/datasets/public/AFHQ/resized/train/wild/flickr_wild_000480.jpg,flickr_wild_000480.jpg
426,/nas-ctm01/datasets/public/AFHQ/resized/train/wild/flickr_wild_000481.jpg,flickr_wild_000481.jpg
427,/nas-ctm01/datasets/public/AFHQ/resized/train/wild/flickr_wild_000482.jpg,flickr_wild_000482.jpg
428,/nas-ctm01/datasets/public/AFHQ/resized/train/wild/flickr_wild_000483.jpg,flickr_wild_000483.jpg
429,/nas-ctm01/datasets/public/AFHQ/resized/train/wild/flickr_wild_000484.jpg,flickr_wild_000484.jpg
430,/nas-ctm01/datasets/public/AFHQ/resized/train/wild/flickr_wild_000485.jpg,flickr_wild_000485.jpg
431,/nas-ctm01/datasets/public/AFHQ/resized/train/wild/flickr_wild_000486.jpg,flickr_wild_000486.jpg
432,/nas-ctm01/datasets/public/AFHQ/resized/train/wild/flickr_wild_000487.jpg,flickr_wild_000487.jpg
433,/nas-ctm01/datasets/public/AFHQ/resized/train/wild/flickr_wild_000488.jpg,flickr_wild_000488.jpg
434,/nas-ctm01/datasets/public/AFHQ/resized/train/wild/flickr_wild_000489.jpg,flickr_wild_000489.jpg
435,/nas-ctm01/datasets/public/AFHQ/resized/train/wild/flickr_wild_000490.jpg,flickr_wild_000490.jpg
436,/nas-ctm01/datasets/public/AFHQ/resized/train/wild/flickr_wild_000491.jpg,flickr_wild_000491.jpg
437,/nas-ctm01/datasets/public/AFHQ/resized/train/wild/flickr_wild_000492.jpg,flickr_wild_000492.jpg
438,/nas-ctm01/datasets/public/AFHQ/resized/train/wild/flickr_wild_000493.jpg,flickr_wild_000493.jpg
439,/nas-ctm01/datasets/public/AFHQ/resized/train/wild/flickr_wild_000494.jpg,flickr_wild_000494.jpg
440,/nas-ctm01/datasets/public/AFHQ/resized/train/wild/flickr_wild_000495.jpg,flickr_wild_000495.jpg
441,/nas-ctm01/datasets/public/AFHQ/resized/train/wild/flickr_wild_000496.jpg,flickr_wild_000496.jpg
442,/nas-ctm01/datasets/public/AFHQ/resized/train/wild/flickr_wild_000497.jpg,flickr_wild_000497.jpg
443,/nas-ctm01/datasets/public/AFHQ/resized/train/wild/flickr_wild_000499.jpg,flickr_wild_000499.jpg
444,/nas-ctm01/datasets/public/AFHQ/resized/train/wild/flickr_wild_000500.jpg,flickr_wild_000500.jpg
445,/nas-ctm01/datasets/public/AFHQ/resized/train/wild/flickr_wild_000501.jpg,flickr_wild_000501.jpg
446,/nas-ctm01/datasets/public/AFHQ/resized/train/wild/flickr_wild_000502.jpg,flickr_wild_000502.jpg
447,/nas-ctm01/datasets/public/AFHQ/resized/train/wild/flickr_wild_000503.jpg,flickr_wild_000503.jpg
448,/nas-ctm01/datasets/public/AFHQ/resized/train/wild/flickr_wild_000505.jpg,flickr_wild_000505.jpg
449,/nas-ctm01/datasets/public/AFHQ/resized/train/wild/flickr_wild_000507.jpg,flickr_wild_000507.jpg
450,/nas-ctm01/datasets/public/AFHQ/resized/train/wild/flickr_wild_000508.jpg,flickr_wild_000508.jpg
451,/nas-ctm01/datasets/public/AFHQ/resized/train/wild/flickr_wild_000509.jpg,flickr_wild_000509.jpg
452,/nas-ctm01/datasets/public/AFHQ/resized/train/wild/flickr_wild_000510.jpg,flickr_wild_000510.jpg
453,/nas-ctm01/datasets/public/AFHQ/resized/train/wild/flickr_wild_000511.jpg,flickr_wild_000511.jpg
454,/nas-ctm01/datasets/public/AFHQ/resized/train/wild/flickr_wild_000512.jpg,flickr_wild_000512.jpg
455,/nas-ctm01/datasets/public/AFHQ/resized/train/wild/flickr_wild_000513.jpg,flickr_wild_000513.jpg
456,/nas-ctm01/datasets/public/AFHQ/resized/train/wild/flickr_wild_000514.jpg,flickr_wild_000514.jpg
457,/nas-ctm01/datasets/public/AFHQ/resized/train/wild/flickr_wild_000515.jpg,flickr_wild_000515.jpg
458,/nas-ctm01/datasets/public/AFHQ/resized/train/wild/flickr_wild_000516.jpg,flickr_wild_000516.jpg
459,/nas-ctm01/datasets/public/AFHQ/resized/train/wild/flickr_wild_000518.jpg,flickr_wild_000518.jpg
460,/nas-ctm01/datasets/public/AFHQ/resized/train/wild/flickr_wild_000519.jpg,flickr_wild_000519.jpg
461,/nas-ctm01/datasets/public/AFHQ/resized/train/wild/flickr_wild_000520.jpg,flickr_wild_000520.jpg
462,/nas-ctm01/datasets/public/AFHQ/resized/train/wild/flickr_wild_000522.jpg,flickr_wild_000522.jpg
463,/nas-ctm01/datasets/public/AFHQ/resized/train/wild/flickr_wild_000523.jpg,flickr_wild_000523.jpg
464,/nas-ctm01/datasets/public/AFHQ/resized/train/wild/flickr_wild_000525.jpg,flickr_wild_000525.jpg
465,/nas-ctm01/datasets/public/AFHQ/resized/train/wild/flickr_wild_000528.jpg,flickr_wild_000528.jpg
466,/nas-ctm01/datasets/public/AFHQ/resized/train/wild/flickr_wild_000529.jpg,flickr_wild_000529.jpg
467,/nas-ctm01/datasets/public/AFHQ/resized/train/wild/flickr_wild_000530.jpg,flickr_wild_000530.jpg
468,/nas-ctm01/datasets/public/AFHQ/resized/train/wild/flickr_wild_000531.jpg,flickr_wild_000531.jpg
469,/nas-ctm01/datasets/public/AFHQ/resized/train/wild/flickr_wild_000532.jpg,flickr_wild_000532.jpg
470,/nas-ctm01/datasets/public/AFHQ/resized/train/wild/flickr_wild_000533.jpg,flickr_wild_000533.jpg
471,/nas-ctm01/datasets/public/AFHQ/resized/train/wild/flickr_wild_000534.jpg,flickr_wild_000534.jpg
472,/nas-ctm01/datasets/public/AFHQ/resized/train/wild/flickr_wild_000536.jpg,flickr_wild_000536.jpg
473,/nas-ctm01/datasets/public/AFHQ/resized/train/wild/flickr_wild_000537.jpg,flickr_wild_000537.jpg
474,/nas-ctm01/datasets/public/AFHQ/resized/train/wild/flickr_wild_000538.jpg,flickr_wild_000538.jpg
475,/nas-ctm01/datasets/public/AFHQ/resized/train/wild/flickr_wild_000539.jpg,flickr_wild_000539.jpg
476,/nas-ctm01/datasets/public/AFHQ/resized/train/wild/flickr_wild_000540.jpg,flickr_wild_000540.jpg
477,/nas-ctm01/datasets/public/AFHQ/resized/train/wild/flickr_wild_000541.jpg,flickr_wild_000541.jpg
478,/nas-ctm01/datasets/public/AFHQ/resized/train/wild/flickr_wild_000542.jpg,flickr_wild_000542.jpg
479,/nas-ctm01/datasets/public/AFHQ/resized/train/wild/flickr_wild_000543.jpg,flickr_wild_000543.jpg
480,/nas-ctm01/datasets/public/AFHQ/resized/train/wild/flickr_wild_000544.jpg,flickr_wild_000544.jpg
481,/nas-ctm01/datasets/public/AFHQ/resized/train/wild/flickr_wild_000545.jpg,flickr_wild_000545.jpg
482,/nas-ctm01/datasets/public/AFHQ/resized/train/wild/flickr_wild_000546.jpg,flickr_wild_000546.jpg
483,/nas-ctm01/datasets/public/AFHQ/resized/train/wild/flickr_wild_000547.jpg,flickr_wild_000547.jpg
484,/nas-ctm01/datasets/public/AFHQ/resized/train/wild/flickr_wild_000548.jpg,flickr_wild_000548.jpg
485,/nas-ctm01/datasets/public/AFHQ/resized/train/wild/flickr_wild_000549.jpg,flickr_wild_000549.jpg
486,/nas-ctm01/datasets/public/AFHQ/resized/train/wild/flickr_wild_000550.jpg,flickr_wild_000550.jpg
487,/nas-ctm01/datasets/public/AFHQ/resized/train/wild/flickr_wild_000551.jpg,flickr_wild_000551.jpg
488,/nas-ctm01/datasets/public/AFHQ/resized/train/wild/flickr_wild_000552.jpg,flickr_wild_000552.jpg
489,/nas-ctm01/datasets/public/AFHQ/resized/train/wild/flickr_wild_000553.jpg,flickr_wild_000553.jpg
490,/nas-ctm01/datasets/public/AFHQ/resized/train/wild/flickr_wild_000554.jpg,flickr_wild_000554.jpg
491,/nas-ctm01/datasets/public/AFHQ/resized/train/wild/flickr_wild_000555.jpg,flickr_wild_000555.jpg
492,/nas-ctm01/datasets/public/AFHQ/resized/train/wild/flickr_wild_000556.jpg,flickr_wild_000556.jpg
493,/nas-ctm01/datasets/public/AFHQ/resized/train/wild/flickr_wild_000558.jpg,flickr_wild_000558.jpg
494,/nas-ctm01/datasets/public/AFHQ/resized/train/wild/flickr_wild_000559.jpg,flickr_wild_000559.jpg
495,/nas-ctm01/datasets/public/AFHQ/resized/train/wild/flickr_wild_000561.jpg,flickr_wild_000561.jpg
496,/nas-ctm01/datasets/public/AFHQ/resized/train/wild/flickr_wild_000562.jpg,flickr_wild_000562.jpg
497,/nas-ctm01/datasets/public/AFHQ/resized/train/wild/flickr_wild_000563.jpg,flickr_wild_000563.jpg
498,/nas-ctm01/datasets/public/AFHQ/resized/train/wild/flickr_wild_000564.jpg,flickr_wild_000564.jpg
499,/nas-ctm01/datasets/public/AFHQ/resized/train/wild/flickr_wild_000565.jpg,flickr_wild_000565.jpg
500,/nas-ctm01/datasets/public/AFHQ/resized/train/wild/flickr_wild_000566.jpg,flickr_wild_000566.jpg
501,/nas-ctm01/datasets/public/AFHQ/resized/train/wild/flickr_wild_000567.jpg,flickr_wild_000567.jpg
502,/nas-ctm01/datasets/public/AFHQ/resized/train/wild/flickr_wild_000569.jpg,flickr_wild_000569.jpg
503,/nas-ctm01/datasets/public/AFHQ/resized/train/wild/flickr_wild_000570.jpg,flickr_wild_000570.jpg
504,/nas-ctm01/datasets/public/AFHQ/resized/train/wild/flickr_wild_000571.jpg,flickr_wild_000571.jpg
505,/nas-ctm01/datasets/public/AFHQ/resized/train/wild/flickr_wild_000572.jpg,flickr_wild_000572.jpg
506,/nas-ctm01/datasets/public/AFHQ/resized/train/wild/flickr_wild_000573.jpg,flickr_wild_000573.jpg
507,/nas-ctm01/datasets/public/AFHQ/resized/train/wild/flickr_wild_000574.jpg,flickr_wild_000574.jpg
508,/nas-ctm01/datasets/public/AFHQ/resized/train/wild/flickr_wild_000575.jpg,flickr_wild_000575.jpg
509,/nas-ctm01/datasets/public/AFHQ/resized/train/wild/flickr_wild_000576.jpg,flickr_wild_000576.jpg
510,/nas-ctm01/datasets/public/AFHQ/resized/train/wild/flickr_wild_000577.jpg,flickr_wild_000577.jpg
511,/nas-ctm01/datasets/public/AFHQ/resized/train/wild/flickr_wild_000578.jpg,flickr_wild_000578.jpg
512,/nas-ctm01/datasets/public/AFHQ/resized/train/wild/flickr_wild_000579.jpg,flickr_wild_000579.jpg
513,/nas-ctm01/datasets/public/AFHQ/resized/train/wild/flickr_wild_000580.jpg,flickr_wild_000580.jpg
514,/nas-ctm01/datasets/public/AFHQ/resized/train/wild/flickr_wild_000581.jpg,flickr_wild_000581.jpg
515,/nas-ctm01/datasets/public/AFHQ/resized/train/wild/flickr_wild_000582.jpg,flickr_wild_000582.jpg
516,/nas-ctm01/datasets/public/AFHQ/resized/train/wild/flickr_wild_000583.jpg,flickr_wild_000583.jpg
517,/nas-ctm01/datasets/public/AFHQ/resized/train/wild/flickr_wild_000584.jpg,flickr_wild_000584.jpg
518,/nas-ctm01/datasets/public/AFHQ/resized/train/wild/flickr_wild_000585.jpg,flickr_wild_000585.jpg
519,/nas-ctm01/datasets/public/AFHQ/resized/train/wild/flickr_wild_000586.jpg,flickr_wild_000586.jpg
520,/nas-ctm01/datasets/public/AFHQ/resized/train/wild/flickr_wild_000587.jpg,flickr_wild_000587.jpg
521,/nas-ctm01/datasets/public/AFHQ/resized/train/wild/flickr_wild_000588.jpg,flickr_wild_000588.jpg
522,/nas-ctm01/datasets/public/AFHQ/resized/train/wild/flickr_wild_000589.jpg,flickr_wild_000589.jpg
523,/nas-ctm01/datasets/public/AFHQ/resized/train/wild/flickr_wild_000590.jpg,flickr_wild_000590.jpg
524,/nas-ctm01/datasets/public/AFHQ/resized/train/wild/flickr_wild_000591.jpg,flickr_wild_000591.jpg
525,/nas-ctm01/datasets/public/AFHQ/resized/train/wild/flickr_wild_000592.jpg,flickr_wild_000592.jpg
526,/nas-ctm01/datasets/public/AFHQ/resized/train/wild/flickr_wild_000593.jpg,flickr_wild_000593.jpg
527,/nas-ctm01/datasets/public/AFHQ/resized/train/wild/flickr_wild_000594.jpg,flickr_wild_000594.jpg
528,/nas-ctm01/datasets/public/AFHQ/resized/train/wild/flickr_wild_000595.jpg,flickr_wild_000595.jpg
529,/nas-ctm01/datasets/public/AFHQ/resized/train/wild/flickr_wild_000596.jpg,flickr_wild_000596.jpg
530,/nas-ctm01/datasets/public/AFHQ/resized/train/wild/flickr_wild_000597.jpg,flickr_wild_000597.jpg
531,/nas-ctm01/datasets/public/AFHQ/resized/train/wild/flickr_wild_000598.jpg,flickr_wild_000598.jpg
532,/nas-ctm01/datasets/public/AFHQ/resized/train/wild/flickr_wild_000600.jpg,flickr_wild_000600.jpg
533,/nas-ctm01/datasets/public/AFHQ/resized/train/wild/flickr_wild_000601.jpg,flickr_wild_000601.jpg
534,/nas-ctm01/datasets/public/AFHQ/resized/train/wild/flickr_wild_000602.jpg,flickr_wild_000602.jpg
535,/nas-ctm01/datasets/public/AFHQ/resized/train/wild/flickr_wild_000604.jpg,flickr_wild_000604.jpg
536,/nas-ctm01/datasets/public/AFHQ/resized/train/wild/flickr_wild_000605.jpg,flickr_wild_000605.jpg
537,/nas-ctm01/datasets/public/AFHQ/resized/train/wild/flickr_wild_000606.jpg,flickr_wild_000606.jpg
538,/nas-ctm01/datasets/public/AFHQ/resized/train/wild/flickr_wild_000608.jpg,flickr_wild_000608.jpg
539,/nas-ctm01/datasets/public/AFHQ/resized/train/wild/flickr_wild_000610.jpg,flickr_wild_000610.jpg
540,/nas-ctm01/datasets/public/AFHQ/resized/train/wild/flickr_wild_000611.jpg,flickr_wild_000611.jpg
541,/nas-ctm01/datasets/public/AFHQ/resized/train/wild/flickr_wild_000612.jpg,flickr_wild_000612.jpg
542,/nas-ctm01/datasets/public/AFHQ/resized/train/wild/flickr_wild_000613.jpg,flickr_wild_000613.jpg
543,/nas-ctm01/datasets/public/AFHQ/resized/train/wild/flickr_wild_000614.jpg,flickr_wild_000614.jpg
544,/nas-ctm01/datasets/public/AFHQ/resized/train/wild/flickr_wild_000615.jpg,flickr_wild_000615.jpg
545,/nas-ctm01/datasets/public/AFHQ/resized/train/wild/flickr_wild_000616.jpg,flickr_wild_000616.jpg
546,/nas-ctm01/datasets/public/AFHQ/resized/train/wild/flickr_wild_000617.jpg,flickr_wild_000617.jpg
547,/nas-ctm01/datasets/public/AFHQ/resized/train/wild/flickr_wild_000618.jpg,flickr_wild_000618.jpg
548,/nas-ctm01/datasets/public/AFHQ/resized/train/wild/flickr_wild_000619.jpg,flickr_wild_000619.jpg
549,/nas-ctm01/datasets/public/AFHQ/resized/train/wild/flickr_wild_000620.jpg,flickr_wild_000620.jpg
550,/nas-ctm01/datasets/public/AFHQ/resized/train/wild/flickr_wild_000621.jpg,flickr_wild_000621.jpg
551,/nas-ctm01/datasets/public/AFHQ/resized/train/wild/flickr_wild_000622.jpg,flickr_wild_000622.jpg
552,/nas-ctm01/datasets/public/AFHQ/resized/train/wild/flickr_wild_000623.jpg,flickr_wild_000623.jpg
553,/nas-ctm01/datasets/public/AFHQ/resized/train/wild/flickr_wild_000624.jpg,flickr_wild_000624.jpg
554,/nas-ctm01/datasets/public/AFHQ/resized/train/wild/flickr_wild_000625.jpg,flickr_wild_000625.jpg
555,/nas-ctm01/datasets/public/AFHQ/resized/train/wild/flickr_wild_000626.jpg,flickr_wild_000626.jpg
556,/nas-ctm01/datasets/public/AFHQ/resized/train/wild/flickr_wild_000627.jpg,flickr_wild_000627.jpg
557,/nas-ctm01/datasets/public/AFHQ/resized/train/wild/flickr_wild_000630.jpg,flickr_wild_000630.jpg
558,/nas-ctm01/datasets/public/AFHQ/resized/train/wild/flickr_wild_000631.jpg,flickr_wild_000631.jpg
559,/nas-ctm01/datasets/public/AFHQ/resized/train/wild/flickr_wild_000633.jpg,flickr_wild_000633.jpg
560,/nas-ctm01/datasets/public/AFHQ/resized/train/wild/flickr_wild_000635.jpg,flickr_wild_000635.jpg
561,/nas-ctm01/datasets/public/AFHQ/resized/train/wild/flickr_wild_000636.jpg,flickr_wild_000636.jpg
562,/nas-ctm01/datasets/public/AFHQ/resized/train/wild/flickr_wild_000637.jpg,flickr_wild_000637.jpg
563,/nas-ctm01/datasets/public/AFHQ/resized/train/wild/flickr_wild_000638.jpg,flickr_wild_000638.jpg
564,/nas-ctm01/datasets/public/AFHQ/resized/train/wild/flickr_wild_000639.jpg,flickr_wild_000639.jpg
565,/nas-ctm01/datasets/public/AFHQ/resized/train/wild/flickr_wild_000640.jpg,flickr_wild_000640.jpg
566,/nas-ctm01/datasets/public/AFHQ/resized/train/wild/flickr_wild_000641.jpg,flickr_wild_000641.jpg
567,/nas-ctm01/datasets/public/AFHQ/resized/train/wild/flickr_wild_000642.jpg,flickr_wild_000642.jpg
568,/nas-ctm01/datasets/public/AFHQ/resized/train/wild/flickr_wild_000643.jpg,flickr_wild_000643.jpg
569,/nas-ctm01/datasets/public/AFHQ/resized/train/wild/flickr_wild_000644.jpg,flickr_wild_000644.jpg
570,/nas-ctm01/datasets/public/AFHQ/resized/train/wild/flickr_wild_000645.jpg,flickr_wild_000645.jpg
571,/nas-ctm01/datasets/public/AFHQ/resized/train/wild/flickr_wild_000646.jpg,flickr_wild_000646.jpg
572,/nas-ctm01/datasets/public/AFHQ/resized/train/wild/flickr_wild_000647.jpg,flickr_wild_000647.jpg
573,/nas-ctm01/datasets/public/AFHQ/resized/train/wild/flickr_wild_000648.jpg,flickr_wild_000648.jpg
574,/nas-ctm01/datasets/public/AFHQ/resized/train/wild/flickr_wild_000649.jpg,flickr_wild_000649.jpg
575,/nas-ctm01/datasets/public/AFHQ/resized/train/wild/flickr_wild_000650.jpg,flickr_wild_000650.jpg
576,/nas-ctm01/datasets/public/AFHQ/resized/train/wild/flickr_wild_000651.jpg,flickr_wild_000651.jpg
577,/nas-ctm01/datasets/public/AFHQ/resized/train/wild/flickr_wild_000652.jpg,flickr_wild_000652.jpg
578,/nas-ctm01/datasets/public/AFHQ/resized/train/wild/flickr_wild_000653.jpg,flickr_wild_000653.jpg
579,/nas-ctm01/datasets/public/AFHQ/resized/train/wild/flickr_wild_000654.jpg,flickr_wild_000654.jpg
580,/nas-ctm01/datasets/public/AFHQ/resized/train/wild/flickr_wild_000655.jpg,flickr_wild_000655.jpg
581,/nas-ctm01/datasets/public/AFHQ/resized/train/wild/flickr_wild_000656.jpg,flickr_wild_000656.jpg
582,/nas-ctm01/datasets/public/AFHQ/resized/train/wild/flickr_wild_000657.jpg,flickr_wild_000657.jpg
583,/nas-ctm01/datasets/public/AFHQ/resized/train/wild/flickr_wild_000658.jpg,flickr_wild_000658.jpg
584,/nas-ctm01/datasets/public/AFHQ/resized/train/wild/flickr_wild_000659.jpg,flickr_wild_000659.jpg
585,/nas-ctm01/datasets/public/AFHQ/resized/train/wild/flickr_wild_000660.jpg,flickr_wild_000660.jpg
586,/nas-ctm01/datasets/public/AFHQ/resized/train/wild/flickr_wild_000661.jpg,flickr_wild_000661.jpg
587,/nas-ctm01/datasets/public/AFHQ/resized/train/wild/flickr_wild_000663.jpg,flickr_wild_000663.jpg
588,/nas-ctm01/datasets/public/AFHQ/resized/train/wild/flickr_wild_000664.jpg,flickr_wild_000664.jpg
589,/nas-ctm01/datasets/public/AFHQ/resized/train/wild/flickr_wild_000665.jpg,flickr_wild_000665.jpg
590,/nas-ctm01/datasets/public/AFHQ/resized/train/wild/flickr_wild_000666.jpg,flickr_wild_000666.jpg
591,/nas-ctm01/datasets/public/AFHQ/resized/train/wild/flickr_wild_000667.jpg,flickr_wild_000667.jpg
592,/nas-ctm01/datasets/public/AFHQ/resized/train/wild/flickr_wild_000668.jpg,flickr_wild_000668.jpg
593,/nas-ctm01/datasets/public/AFHQ/resized/train/wild/flickr_wild_000669.jpg,flickr_wild_000669.jpg
594,/nas-ctm01/datasets/public/AFHQ/resized/train/wild/flickr_wild_000670.jpg,flickr_wild_000670.jpg
595,/nas-ctm01/datasets/public/AFHQ/resized/train/wild/flickr_wild_000671.jpg,flickr_wild_000671.jpg
596,/nas-ctm01/datasets/public/AFHQ/resized/train/wild/flickr_wild_000672.jpg,flickr_wild_000672.jpg
597,/nas-ctm01/datasets/public/AFHQ/resized/train/wild/flickr_wild_000673.jpg,flickr_wild_000673.jpg
598,/nas-ctm01/datasets/public/AFHQ/resized/train/wild/flickr_wild_000674.jpg,flickr_wild_000674.jpg
599,/nas-ctm01/datasets/public/AFHQ/resized/train/wild/flickr_wild_000675.jpg,flickr_wild_000675.jpg
600,/nas-ctm01/datasets/public/AFHQ/resized/train/wild/flickr_wild_000676.jpg,flickr_wild_000676.jpg
601,/nas-ctm01/datasets/public/AFHQ/resized/train/wild/flickr_wild_000677.jpg,flickr_wild_000677.jpg
602,/nas-ctm01/datasets/public/AFHQ/resized/train/wild/flickr_wild_000678.jpg,flickr_wild_000678.jpg
603,/nas-ctm01/datasets/public/AFHQ/resized/train/wild/flickr_wild_000679.jpg,flickr_wild_000679.jpg
604,/nas-ctm01/datasets/public/AFHQ/resized/train/wild/flickr_wild_000680.jpg,flickr_wild_000680.jpg
605,/nas-ctm01/datasets/public/AFHQ/resized/train/wild/flickr_wild_000681.jpg,flickr_wild_000681.jpg
606,/nas-ctm01/datasets/public/AFHQ/resized/train/wild/flickr_wild_000682.jpg,flickr_wild_000682.jpg
607,/nas-ctm01/datasets/public/AFHQ/resized/train/wild/flickr_wild_000683.jpg,flickr_wild_000683.jpg
608,/nas-ctm01/datasets/public/AFHQ/resized/train/wild/flickr_wild_000684.jpg,flickr_wild_000684.jpg
609,/nas-ctm01/datasets/public/AFHQ/resized/train/wild/flickr_wild_000686.jpg,flickr_wild_000686.jpg
610,/nas-ctm01/datasets/public/AFHQ/resized/train/wild/flickr_wild_000687.jpg,flickr_wild_000687.jpg
611,/nas-ctm01/datasets/public/AFHQ/resized/train/wild/flickr_wild_000688.jpg,flickr_wild_000688.jpg
612,/nas-ctm01/datasets/public/AFHQ/resized/train/wild/flickr_wild_000689.jpg,flickr_wild_000689.jpg
613,/nas-ctm01/datasets/public/AFHQ/resized/train/wild/flickr_wild_000691.jpg,flickr_wild_000691.jpg
614,/nas-ctm01/datasets/public/AFHQ/resized/train/wild/flickr_wild_000692.jpg,flickr_wild_000692.jpg
615,/nas-ctm01/datasets/public/AFHQ/resized/train/wild/flickr_wild_000693.jpg,flickr_wild_000693.jpg
616,/nas-ctm01/datasets/public/AFHQ/resized/train/wild/flickr_wild_000694.jpg,flickr_wild_000694.jpg
617,/nas-ctm01/datasets/public/AFHQ/resized/train/wild/flickr_wild_000695.jpg,flickr_wild_000695.jpg
618,/nas-ctm01/datasets/public/AFHQ/resized/train/wild/flickr_wild_000696.jpg,flickr_wild_000696.jpg
619,/nas-ctm01/datasets/public/AFHQ/resized/train/wild/flickr_wild_000697.jpg,flickr_wild_000697.jpg
620,/nas-ctm01/datasets/public/AFHQ/resized/train/wild/flickr_wild_000698.jpg,flickr_wild_000698.jpg
621,/nas-ctm01/datasets/public/AFHQ/resized/train/wild/flickr_wild_000701.jpg,flickr_wild_000701.jpg
622,/nas-ctm01/datasets/public/AFHQ/resized/train/wild/flickr_wild_000702.jpg,flickr_wild_000702.jpg
623,/nas-ctm01/datasets/public/AFHQ/resized/train/wild/flickr_wild_000703.jpg,flickr_wild_000703.jpg
624,/nas-ctm01/datasets/public/AFHQ/resized/train/wild/flickr_wild_000704.jpg,flickr_wild_000704.jpg
625,/nas-ctm01/datasets/public/AFHQ/resized/train/wild/flickr_wild_000705.jpg,flickr_wild_000705.jpg
626,/nas-ctm01/datasets/public/AFHQ/resized/train/wild/flickr_wild_000706.jpg,flickr_wild_000706.jpg
627,/nas-ctm01/datasets/public/AFHQ/resized/train/wild/flickr_wild_000707.jpg,flickr_wild_000707.jpg
628,/nas-ctm01/datasets/public/AFHQ/resized/train/wild/flickr_wild_000708.jpg,flickr_wild_000708.jpg
629,/nas-ctm01/datasets/public/AFHQ/resized/train/wild/flickr_wild_000709.jpg,flickr_wild_000709.jpg
630,/nas-ctm01/datasets/public/AFHQ/resized/train/wild/flickr_wild_000710.jpg,flickr_wild_000710.jpg
631,/nas-ctm01/datasets/public/AFHQ/resized/train/wild/flickr_wild_000713.jpg,flickr_wild_000713.jpg
632,/nas-ctm01/datasets/public/AFHQ/resized/train/wild/flickr_wild_000714.jpg,flickr_wild_000714.jpg
633,/nas-ctm01/datasets/public/AFHQ/resized/train/wild/flickr_wild_000715.jpg,flickr_wild_000715.jpg
634,/nas-ctm01/datasets/public/AFHQ/resized/train/wild/flickr_wild_000716.jpg,flickr_wild_000716.jpg
635,/nas-ctm01/datasets/public/AFHQ/resized/train/wild/flickr_wild_000717.jpg,flickr_wild_000717.jpg
636,/nas-ctm01/datasets/public/AFHQ/resized/train/wild/flickr_wild_000718.jpg,flickr_wild_000718.jpg
637,/nas-ctm01/datasets/public/AFHQ/resized/train/wild/flickr_wild_000719.jpg,flickr_wild_000719.jpg
638,/nas-ctm01/datasets/public/AFHQ/resized/train/wild/flickr_wild_000720.jpg,flickr_wild_000720.jpg
639,/nas-ctm01/datasets/public/AFHQ/resized/train/wild/flickr_wild_000721.jpg,flickr_wild_000721.jpg
640,/nas-ctm01/datasets/public/AFHQ/resized/train/wild/flickr_wild_000722.jpg,flickr_wild_000722.jpg
641,/nas-ctm01/datasets/public/AFHQ/resized/train/wild/flickr_wild_000723.jpg,flickr_wild_000723.jpg
642,/nas-ctm01/datasets/public/AFHQ/resized/train/wild/flickr_wild_000724.jpg,flickr_wild_000724.jpg
643,/nas-ctm01/datasets/public/AFHQ/resized/train/wild/flickr_wild_000725.jpg,flickr_wild_000725.jpg
644,/nas-ctm01/datasets/public/AFHQ/resized/train/wild/flickr_wild_000726.jpg,flickr_wild_000726.jpg
645,/nas-ctm01/datasets/public/AFHQ/resized/train/wild/flickr_wild_000727.jpg,flickr_wild_000727.jpg
646,/nas-ctm01/datasets/public/AFHQ/resized/train/wild/flickr_wild_000728.jpg,flickr_wild_000728.jpg
647,/nas-ctm01/datasets/public/AFHQ/resized/train/wild/flickr_wild_000730.jpg,flickr_wild_000730.jpg
648,/nas-ctm01/datasets/public/AFHQ/resized/train/wild/flickr_wild_000732.jpg,flickr_wild_000732.jpg
649,/nas-ctm01/datasets/public/AFHQ/resized/train/wild/flickr_wild_000733.jpg,flickr_wild_000733.jpg
650,/nas-ctm01/datasets/public/AFHQ/resized/train/wild/flickr_wild_000734.jpg,flickr_wild_000734.jpg
651,/nas-ctm01/datasets/public/AFHQ/resized/train/wild/flickr_wild_000735.jpg,flickr_wild_000735.jpg
652,/nas-ctm01/datasets/public/AFHQ/resized/train/wild/flickr_wild_000736.jpg,flickr_wild_000736.jpg
653,/nas-ctm01/datasets/public/AFHQ/resized/train/wild/flickr_wild_000737.jpg,flickr_wild_000737.jpg
654,/nas-ctm01/datasets/public/AFHQ/resized/train/wild/flickr_wild_000739.jpg,flickr_wild_000739.jpg
655,/nas-ctm01/datasets/public/AFHQ/resized/train/wild/flickr_wild_000740.jpg,flickr_wild_000740.jpg
656,/nas-ctm01/datasets/public/AFHQ/resized/train/wild/flickr_wild_000741.jpg,flickr_wild_000741.jpg
657,/nas-ctm01/datasets/public/AFHQ/resized/train/wild/flickr_wild_000742.jpg,flickr_wild_000742.jpg
658,/nas-ctm01/datasets/public/AFHQ/resized/train/wild/flickr_wild_000743.jpg,flickr_wild_000743.jpg
659,/nas-ctm01/datasets/public/AFHQ/resized/train/wild/flickr_wild_000744.jpg,flickr_wild_000744.jpg
660,/nas-ctm01/datasets/public/AFHQ/resized/train/wild/flickr_wild_000745.jpg,flickr_wild_000745.jpg
661,/nas-ctm01/datasets/public/AFHQ/resized/train/wild/flickr_wild_000746.jpg,flickr_wild_000746.jpg
662,/nas-ctm01/datasets/public/AFHQ/resized/train/wild/flickr_wild_000747.jpg,flickr_wild_000747.jpg
663,/nas-ctm01/datasets/public/AFHQ/resized/train/wild/flickr_wild_000748.jpg,flickr_wild_000748.jpg
664,/nas-ctm01/datasets/public/AFHQ/resized/train/wild/flickr_wild_000749.jpg,flickr_wild_000749.jpg
665,/nas-ctm01/datasets/public/AFHQ/resized/train/wild/flickr_wild_000750.jpg,flickr_wild_000750.jpg
666,/nas-ctm01/datasets/public/AFHQ/resized/train/wild/flickr_wild_000751.jpg,flickr_wild_000751.jpg
667,/nas-ctm01/datasets/public/AFHQ/resized/train/wild/flickr_wild_000753.jpg,flickr_wild_000753.jpg
668,/nas-ctm01/datasets/public/AFHQ/resized/train/wild/flickr_wild_000754.jpg,flickr_wild_000754.jpg
669,/nas-ctm01/datasets/public/AFHQ/resized/train/wild/flickr_wild_000755.jpg,flickr_wild_000755.jpg
670,/nas-ctm01/datasets/public/AFHQ/resized/train/wild/flickr_wild_000756.jpg,flickr_wild_000756.jpg
671,/nas-ctm01/datasets/public/AFHQ/resized/train/wild/flickr_wild_000757.jpg,flickr_wild_000757.jpg
672,/nas-ctm01/datasets/public/AFHQ/resized/train/wild/flickr_wild_000758.jpg,flickr_wild_000758.jpg
673,/nas-ctm01/datasets/public/AFHQ/resized/train/wild/flickr_wild_000759.jpg,flickr_wild_000759.jpg
674,/nas-ctm01/datasets/public/AFHQ/resized/train/wild/flickr_wild_000760.jpg,flickr_wild_000760.jpg
675,/nas-ctm01/datasets/public/AFHQ/resized/train/wild/flickr_wild_000761.jpg,flickr_wild_000761.jpg
676,/nas-ctm01/datasets/public/AFHQ/resized/train/wild/flickr_wild_000762.jpg,flickr_wild_000762.jpg
677,/nas-ctm01/datasets/public/AFHQ/resized/train/wild/flickr_wild_000763.jpg,flickr_wild_000763.jpg
678,/nas-ctm01/datasets/public/AFHQ/resized/train/wild/flickr_wild_000764.jpg,flickr_wild_000764.jpg
679,/nas-ctm01/datasets/public/AFHQ/resized/train/wild/flickr_wild_000765.jpg,flickr_wild_000765.jpg
680,/nas-ctm01/datasets/public/AFHQ/resized/train/wild/flickr_wild_000766.jpg,flickr_wild_000766.jpg
681,/nas-ctm01/datasets/public/AFHQ/resized/train/wild/flickr_wild_000767.jpg,flickr_wild_000767.jpg
682,/nas-ctm01/datasets/public/AFHQ/resized/train/wild/flickr_wild_000768.jpg,flickr_wild_000768.jpg
683,/nas-ctm01/datasets/public/AFHQ/resized/train/wild/flickr_wild_000769.jpg,flickr_wild_000769.jpg
684,/nas-ctm01/datasets/public/AFHQ/resized/train/wild/flickr_wild_000770.jpg,flickr_wild_000770.jpg
685,/nas-ctm01/datasets/public/AFHQ/resized/train/wild/flickr_wild_000772.jpg,flickr_wild_000772.jpg
686,/nas-ctm01/datasets/public/AFHQ/resized/train/wild/flickr_wild_000773.jpg,flickr_wild_000773.jpg
687,/nas-ctm01/datasets/public/AFHQ/resized/train/wild/flickr_wild_000774.jpg,flickr_wild_000774.jpg
688,/nas-ctm01/datasets/public/AFHQ/resized/train/wild/flickr_wild_000775.jpg,flickr_wild_000775.jpg
689,/nas-ctm01/datasets/public/AFHQ/resized/train/wild/flickr_wild_000776.jpg,flickr_wild_000776.jpg
690,/nas-ctm01/datasets/public/AFHQ/resized/train/wild/flickr_wild_000777.jpg,flickr_wild_000777.jpg
691,/nas-ctm01/datasets/public/AFHQ/resized/train/wild/flickr_wild_000778.jpg,flickr_wild_000778.jpg
692,/nas-ctm01/datasets/public/AFHQ/resized/train/wild/flickr_wild_000779.jpg,flickr_wild_000779.jpg
693,/nas-ctm01/datasets/public/AFHQ/resized/train/wild/flickr_wild_000780.jpg,flickr_wild_000780.jpg
694,/nas-ctm01/datasets/public/AFHQ/resized/train/wild/flickr_wild_000781.jpg,flickr_wild_000781.jpg
695,/nas-ctm01/datasets/public/AFHQ/resized/train/wild/flickr_wild_000782.jpg,flickr_wild_000782.jpg
696,/nas-ctm01/datasets/public/AFHQ/resized/train/wild/flickr_wild_000783.jpg,flickr_wild_000783.jpg
697,/nas-ctm01/datasets/public/AFHQ/resized/train/wild/flickr_wild_000784.jpg,flickr_wild_000784.jpg
698,/nas-ctm01/datasets/public/AFHQ/resized/train/wild/flickr_wild_000785.jpg,flickr_wild_000785.jpg
699,/nas-ctm01/datasets/public/AFHQ/resized/train/wild/flickr_wild_000786.jpg,flickr_wild_000786.jpg
700,/nas-ctm01/datasets/public/AFHQ/resized/train/wild/flickr_wild_000787.jpg,flickr_wild_000787.jpg
701,/nas-ctm01/datasets/public/AFHQ/resized/train/wild/flickr_wild_000788.jpg,flickr_wild_000788.jpg
702,/nas-ctm01/datasets/public/AFHQ/resized/train/wild/flickr_wild_000789.jpg,flickr_wild_000789.jpg
703,/nas-ctm01/datasets/public/AFHQ/resized/train/wild/flickr_wild_000790.jpg,flickr_wild_000790.jpg
704,/nas-ctm01/datasets/public/AFHQ/resized/train/wild/flickr_wild_000791.jpg,flickr_wild_000791.jpg
705,/nas-ctm01/datasets/public/AFHQ/resized/train/wild/flickr_wild_000792.jpg,flickr_wild_000792.jpg
706,/nas-ctm01/datasets/public/AFHQ/resized/train/wild/flickr_wild_000793.jpg,flickr_wild_000793.jpg
707,/nas-ctm01/datasets/public/AFHQ/resized/train/wild/flickr_wild_000794.jpg,flickr_wild_000794.jpg
708,/nas-ctm01/datasets/public/AFHQ/resized/train/wild/flickr_wild_000795.jpg,flickr_wild_000795.jpg
709,/nas-ctm01/datasets/public/AFHQ/resized/train/wild/flickr_wild_000796.jpg,flickr_wild_000796.jpg
710,/nas-ctm01/datasets/public/AFHQ/resized/train/wild/flickr_wild_000797.jpg,flickr_wild_000797.jpg
711,/nas-ctm01/datasets/public/AFHQ/resized/train/wild/flickr_wild_000798.jpg,flickr_wild_000798.jpg
712,/nas-ctm01/datasets/public/AFHQ/resized/train/wild/flickr_wild_000799.jpg,flickr_wild_000799.jpg
713,/nas-ctm01/datasets/public/AFHQ/resized/train/wild/flickr_wild_000800.jpg,flickr_wild_000800.jpg
714,/nas-ctm01/datasets/public/AFHQ/resized/train/wild/flickr_wild_000801.jpg,flickr_wild_000801.jpg
715,/nas-ctm01/datasets/public/AFHQ/resized/train/wild/flickr_wild_000802.jpg,flickr_wild_000802.jpg
716,/nas-ctm01/datasets/public/AFHQ/resized/train/wild/flickr_wild_000803.jpg,flickr_wild_000803.jpg
717,/nas-ctm01/datasets/public/AFHQ/resized/train/wild/flickr_wild_000804.jpg,flickr_wild_000804.jpg
718,/nas-ctm01/datasets/public/AFHQ/resized/train/wild/flickr_wild_000805.jpg,flickr_wild_000805.jpg
719,/nas-ctm01/datasets/public/AFHQ/resized/train/wild/flickr_wild_000806.jpg,flickr_wild_000806.jpg
720,/nas-ctm01/datasets/public/AFHQ/resized/train/wild/flickr_wild_000807.jpg,flickr_wild_000807.jpg
721,/nas-ctm01/datasets/public/AFHQ/resized/train/wild/flickr_wild_000808.jpg,flickr_wild_000808.jpg
722,/nas-ctm01/datasets/public/AFHQ/resized/train/wild/flickr_wild_000809.jpg,flickr_wild_000809.jpg
723,/nas-ctm01/datasets/public/AFHQ/resized/train/wild/flickr_wild_000810.jpg,flickr_wild_000810.jpg
724,/nas-ctm01/datasets/public/AFHQ/resized/train/wild/flickr_wild_000811.jpg,flickr_wild_000811.jpg
725,/nas-ctm01/datasets/public/AFHQ/resized/train/wild/flickr_wild_000812.jpg,flickr_wild_000812.jpg
726,/nas-ctm01/datasets/public/AFHQ/resized/train/wild/flickr_wild_000813.jpg,flickr_wild_000813.jpg
727,/nas-ctm01/datasets/public/AFHQ/resized/train/wild/flickr_wild_000815.jpg,flickr_wild_000815.jpg
728,/nas-ctm01/datasets/public/AFHQ/resized/train/wild/flickr_wild_000816.jpg,flickr_wild_000816.jpg
729,/nas-ctm01/datasets/public/AFHQ/resized/train/wild/flickr_wild_000817.jpg,flickr_wild_000817.jpg
730,/nas-ctm01/datasets/public/AFHQ/resized/train/wild/flickr_wild_000818.jpg,flickr_wild_000818.jpg
731,/nas-ctm01/datasets/public/AFHQ/resized/train/wild/flickr_wild_000819.jpg,flickr_wild_000819.jpg
732,/nas-ctm01/datasets/public/AFHQ/resized/train/wild/flickr_wild_000820.jpg,flickr_wild_000820.jpg
733,/nas-ctm01/datasets/public/AFHQ/resized/train/wild/flickr_wild_000821.jpg,flickr_wild_000821.jpg
734,/nas-ctm01/datasets/public/AFHQ/resized/train/wild/flickr_wild_000822.jpg,flickr_wild_000822.jpg
735,/nas-ctm01/datasets/public/AFHQ/resized/train/wild/flickr_wild_000823.jpg,flickr_wild_000823.jpg
736,/nas-ctm01/datasets/public/AFHQ/resized/train/wild/flickr_wild_000824.jpg,flickr_wild_000824.jpg
737,/nas-ctm01/datasets/public/AFHQ/resized/train/wild/flickr_wild_000825.jpg,flickr_wild_000825.jpg
738,/nas-ctm01/datasets/public/AFHQ/resized/train/wild/flickr_wild_000826.jpg,flickr_wild_000826.jpg
739,/nas-ctm01/datasets/public/AFHQ/resized/train/wild/flickr_wild_000827.jpg,flickr_wild_000827.jpg
740,/nas-ctm01/datasets/public/AFHQ/resized/train/wild/flickr_wild_000828.jpg,flickr_wild_000828.jpg
741,/nas-ctm01/datasets/public/AFHQ/resized/train/wild/flickr_wild_000829.jpg,flickr_wild_000829.jpg
742,/nas-ctm01/datasets/public/AFHQ/resized/train/wild/flickr_wild_000830.jpg,flickr_wild_000830.jpg
743,/nas-ctm01/datasets/public/AFHQ/resized/train/wild/flickr_wild_000831.jpg,flickr_wild_000831.jpg
744,/nas-ctm01/datasets/public/AFHQ/resized/train/wild/flickr_wild_000832.jpg,flickr_wild_000832.jpg
745,/nas-ctm01/datasets/public/AFHQ/resized/train/wild/flickr_wild_000834.jpg,flickr_wild_000834.jpg
746,/nas-ctm01/datasets/public/AFHQ/resized/train/wild/flickr_wild_000835.jpg,flickr_wild_000835.jpg
747,/nas-ctm01/datasets/public/AFHQ/resized/train/wild/flickr_wild_000837.jpg,flickr_wild_000837.jpg
748,/nas-ctm01/datasets/public/AFHQ/resized/train/wild/flickr_wild_000838.jpg,flickr_wild_000838.jpg
749,/nas-ctm01/datasets/public/AFHQ/resized/train/wild/flickr_wild_000839.jpg,flickr_wild_000839.jpg
750,/nas-ctm01/datasets/public/AFHQ/resized/train/wild/flickr_wild_000840.jpg,flickr_wild_000840.jpg
751,/nas-ctm01/datasets/public/AFHQ/resized/train/wild/flickr_wild_000841.jpg,flickr_wild_000841.jpg
752,/nas-ctm01/datasets/public/AFHQ/resized/train/wild/flickr_wild_000842.jpg,flickr_wild_000842.jpg
753,/nas-ctm01/datasets/public/AFHQ/resized/train/wild/flickr_wild_000843.jpg,flickr_wild_000843.jpg
754,/nas-ctm01/datasets/public/AFHQ/resized/train/wild/flickr_wild_000844.jpg,flickr_wild_000844.jpg
755,/nas-ctm01/datasets/public/AFHQ/resized/train/wild/flickr_wild_000845.jpg,flickr_wild_000845.jpg
756,/nas-ctm01/datasets/public/AFHQ/resized/train/wild/flickr_wild_000846.jpg,flickr_wild_000846.jpg
757,/nas-ctm01/datasets/public/AFHQ/resized/train/wild/flickr_wild_000847.jpg,flickr_wild_000847.jpg
758,/nas-ctm01/datasets/public/AFHQ/resized/train/wild/flickr_wild_000848.jpg,flickr_wild_000848.jpg
759,/nas-ctm01/datasets/public/AFHQ/resized/train/wild/flickr_wild_000849.jpg,flickr_wild_000849.jpg
760,/nas-ctm01/datasets/public/AFHQ/resized/train/wild/flickr_wild_000850.jpg,flickr_wild_000850.jpg
761,/nas-ctm01/datasets/public/AFHQ/resized/train/wild/flickr_wild_000851.jpg,flickr_wild_000851.jpg
762,/nas-ctm01/datasets/public/AFHQ/resized/train/wild/flickr_wild_000852.jpg,flickr_wild_000852.jpg
763,/nas-ctm01/datasets/public/AFHQ/resized/train/wild/flickr_wild_000853.jpg,flickr_wild_000853.jpg
764,/nas-ctm01/datasets/public/AFHQ/resized/train/wild/flickr_wild_000854.jpg,flickr_wild_000854.jpg
765,/nas-ctm01/datasets/public/AFHQ/resized/train/wild/flickr_wild_000856.jpg,flickr_wild_000856.jpg
766,/nas-ctm01/datasets/public/AFHQ/resized/train/wild/flickr_wild_000857.jpg,flickr_wild_000857.jpg
767,/nas-ctm01/datasets/public/AFHQ/resized/train/wild/flickr_wild_000858.jpg,flickr_wild_000858.jpg
768,/nas-ctm01/datasets/public/AFHQ/resized/train/wild/flickr_wild_000859.jpg,flickr_wild_000859.jpg
769,/nas-ctm01/datasets/public/AFHQ/resized/train/wild/flickr_wild_000860.jpg,flickr_wild_000860.jpg
770,/nas-ctm01/datasets/public/AFHQ/resized/train/wild/flickr_wild_000861.jpg,flickr_wild_000861.jpg
771,/nas-ctm01/datasets/public/AFHQ/resized/train/wild/flickr_wild_000862.jpg,flickr_wild_000862.jpg
772,/nas-ctm01/datasets/public/AFHQ/resized/train/wild/flickr_wild_000863.jpg,flickr_wild_000863.jpg
773,/nas-ctm01/datasets/public/AFHQ/resized/train/wild/flickr_wild_000864.jpg,flickr_wild_000864.jpg
774,/nas-ctm01/datasets/public/AFHQ/resized/train/wild/flickr_wild_000865.jpg,flickr_wild_000865.jpg
775,/nas-ctm01/datasets/public/AFHQ/resized/train/wild/flickr_wild_000866.jpg,flickr_wild_000866.jpg
776,/nas-ctm01/datasets/public/AFHQ/resized/train/wild/flickr_wild_000867.jpg,flickr_wild_000867.jpg
777,/nas-ctm01/datasets/public/AFHQ/resized/train/wild/flickr_wild_000868.jpg,flickr_wild_000868.jpg
778,/nas-ctm01/datasets/public/AFHQ/resized/train/wild/flickr_wild_000869.jpg,flickr_wild_000869.jpg
779,/nas-ctm01/datasets/public/AFHQ/resized/train/wild/flickr_wild_000871.jpg,flickr_wild_000871.jpg
780,/nas-ctm01/datasets/public/AFHQ/resized/train/wild/flickr_wild_000872.jpg,flickr_wild_000872.jpg
781,/nas-ctm01/datasets/public/AFHQ/resized/train/wild/flickr_wild_000873.jpg,flickr_wild_000873.jpg
782,/nas-ctm01/datasets/public/AFHQ/resized/train/wild/flickr_wild_000874.jpg,flickr_wild_000874.jpg
783,/nas-ctm01/datasets/public/AFHQ/resized/train/wild/flickr_wild_000875.jpg,flickr_wild_000875.jpg
784,/nas-ctm01/datasets/public/AFHQ/resized/train/wild/flickr_wild_000876.jpg,flickr_wild_000876.jpg
785,/nas-ctm01/datasets/public/AFHQ/resized/train/wild/flickr_wild_000877.jpg,flickr_wild_000877.jpg
786,/nas-ctm01/datasets/public/AFHQ/resized/train/wild/flickr_wild_000878.jpg,flickr_wild_000878.jpg
787,/nas-ctm01/datasets/public/AFHQ/resized/train/wild/flickr_wild_000879.jpg,flickr_wild_000879.jpg
788,/nas-ctm01/datasets/public/AFHQ/resized/train/wild/flickr_wild_000880.jpg,flickr_wild_000880.jpg
789,/nas-ctm01/datasets/public/AFHQ/resized/train/wild/flickr_wild_000881.jpg,flickr_wild_000881.jpg
790,/nas-ctm01/datasets/public/AFHQ/resized/train/wild/flickr_wild_000882.jpg,flickr_wild_000882.jpg
791,/nas-ctm01/datasets/public/AFHQ/resized/train/wild/flickr_wild_000883.jpg,flickr_wild_000883.jpg
792,/nas-ctm01/datasets/public/AFHQ/resized/train/wild/flickr_wild_000884.jpg,flickr_wild_000884.jpg
793,/nas-ctm01/datasets/public/AFHQ/resized/train/wild/flickr_wild_000885.jpg,flickr_wild_000885.jpg
794,/nas-ctm01/datasets/public/AFHQ/resized/train/wild/flickr_wild_000886.jpg,flickr_wild_000886.jpg
795,/nas-ctm01/datasets/public/AFHQ/resized/train/wild/flickr_wild_000887.jpg,flickr_wild_000887.jpg
796,/nas-ctm01/datasets/public/AFHQ/resized/train/wild/flickr_wild_000888.jpg,flickr_wild_000888.jpg
797,/nas-ctm01/datasets/public/AFHQ/resized/train/wild/flickr_wild_000889.jpg,flickr_wild_000889.jpg
798,/nas-ctm01/datasets/public/AFHQ/resized/train/wild/flickr_wild_000890.jpg,flickr_wild_000890.jpg
799,/nas-ctm01/datasets/public/AFHQ/resized/train/wild/flickr_wild_000891.jpg,flickr_wild_000891.jpg
800,/nas-ctm01/datasets/public/AFHQ/resized/train/wild/flickr_wild_000892.jpg,flickr_wild_000892.jpg
801,/nas-ctm01/datasets/public/AFHQ/resized/train/wild/flickr_wild_000893.jpg,flickr_wild_000893.jpg
802,/nas-ctm01/datasets/public/AFHQ/resized/train/wild/flickr_wild_000894.jpg,flickr_wild_000894.jpg
803,/nas-ctm01/datasets/public/AFHQ/resized/train/wild/flickr_wild_000895.jpg,flickr_wild_000895.jpg
804,/nas-ctm01/datasets/public/AFHQ/resized/train/wild/flickr_wild_000896.jpg,flickr_wild_000896.jpg
805,/nas-ctm01/datasets/public/AFHQ/resized/train/wild/flickr_wild_000897.jpg,flickr_wild_000897.jpg
806,/nas-ctm01/datasets/public/AFHQ/resized/train/wild/flickr_wild_000899.jpg,flickr_wild_000899.jpg
807,/nas-ctm01/datasets/public/AFHQ/resized/train/wild/flickr_wild_000900.jpg,flickr_wild_000900.jpg
808,/nas-ctm01/datasets/public/AFHQ/resized/train/wild/flickr_wild_000901.jpg,flickr_wild_000901.jpg
809,/nas-ctm01/datasets/public/AFHQ/resized/train/wild/flickr_wild_000902.jpg,flickr_wild_000902.jpg
810,/nas-ctm01/datasets/public/AFHQ/resized/train/wild/flickr_wild_000903.jpg,flickr_wild_000903.jpg
811,/nas-ctm01/datasets/public/AFHQ/resized/train/wild/flickr_wild_000904.jpg,flickr_wild_000904.jpg
812,/nas-ctm01/datasets/public/AFHQ/resized/train/wild/flickr_wild_000905.jpg,flickr_wild_000905.jpg
813,/nas-ctm01/datasets/public/AFHQ/resized/train/wild/flickr_wild_000906.jpg,flickr_wild_000906.jpg
814,/nas-ctm01/datasets/public/AFHQ/resized/train/wild/flickr_wild_000907.jpg,flickr_wild_000907.jpg
815,/nas-ctm01/datasets/public/AFHQ/resized/train/wild/flickr_wild_000908.jpg,flickr_wild_000908.jpg
816,/nas-ctm01/datasets/public/AFHQ/resized/train/wild/flickr_wild_000909.jpg,flickr_wild_000909.jpg
817,/nas-ctm01/datasets/public/AFHQ/resized/train/wild/flickr_wild_000910.jpg,flickr_wild_000910.jpg
818,/nas-ctm01/datasets/public/AFHQ/resized/train/wild/flickr_wild_000911.jpg,flickr_wild_000911.jpg
819,/nas-ctm01/datasets/public/AFHQ/resized/train/wild/flickr_wild_000912.jpg,flickr_wild_000912.jpg
820,/nas-ctm01/datasets/public/AFHQ/resized/train/wild/flickr_wild_000913.jpg,flickr_wild_000913.jpg
821,/nas-ctm01/datasets/public/AFHQ/resized/train/wild/flickr_wild_000914.jpg,flickr_wild_000914.jpg
822,/nas-ctm01/datasets/public/AFHQ/resized/train/wild/flickr_wild_000915.jpg,flickr_wild_000915.jpg
823,/nas-ctm01/datasets/public/AFHQ/resized/train/wild/flickr_wild_000916.jpg,flickr_wild_000916.jpg
824,/nas-ctm01/datasets/public/AFHQ/resized/train/wild/flickr_wild_000917.jpg,flickr_wild_000917.jpg
825,/nas-ctm01/datasets/public/AFHQ/resized/train/wild/flickr_wild_000918.jpg,flickr_wild_000918.jpg
826,/nas-ctm01/datasets/public/AFHQ/resized/train/wild/flickr_wild_000919.jpg,flickr_wild_000919.jpg
827,/nas-ctm01/datasets/public/AFHQ/resized/train/wild/flickr_wild_000920.jpg,flickr_wild_000920.jpg
828,/nas-ctm01/datasets/public/AFHQ/resized/train/wild/flickr_wild_000921.jpg,flickr_wild_000921.jpg
829,/nas-ctm01/datasets/public/AFHQ/resized/train/wild/flickr_wild_000922.jpg,flickr_wild_000922.jpg
830,/nas-ctm01/datasets/public/AFHQ/resized/train/wild/flickr_wild_000924.jpg,flickr_wild_000924.jpg
831,/nas-ctm01/datasets/public/AFHQ/resized/train/wild/flickr_wild_000925.jpg,flickr_wild_000925.jpg
832,/nas-ctm01/datasets/public/AFHQ/resized/train/wild/flickr_wild_000926.jpg,flickr_wild_000926.jpg
833,/nas-ctm01/datasets/public/AFHQ/resized/train/wild/flickr_wild_000927.jpg,flickr_wild_000927.jpg
834,/nas-ctm01/datasets/public/AFHQ/resized/train/wild/flickr_wild_000928.jpg,flickr_wild_000928.jpg
835,/nas-ctm01/datasets/public/AFHQ/resized/train/wild/flickr_wild_000930.jpg,flickr_wild_000930.jpg
836,/nas-ctm01/datasets/public/AFHQ/resized/train/wild/flickr_wild_000931.jpg,flickr_wild_000931.jpg
837,/nas-ctm01/datasets/public/AFHQ/resized/train/wild/flickr_wild_000933.jpg,flickr_wild_000933.jpg
838,/nas-ctm01/datasets/public/AFHQ/resized/train/wild/flickr_wild_000934.jpg,flickr_wild_000934.jpg
839,/nas-ctm01/datasets/public/AFHQ/resized/train/wild/flickr_wild_000935.jpg,flickr_wild_000935.jpg
840,/nas-ctm01/datasets/public/AFHQ/resized/train/wild/flickr_wild_000936.jpg,flickr_wild_000936.jpg
841,/nas-ctm01/datasets/public/AFHQ/resized/train/wild/flickr_wild_000937.jpg,flickr_wild_000937.jpg
842,/nas-ctm01/datasets/public/AFHQ/resized/train/wild/flickr_wild_000938.jpg,flickr_wild_000938.jpg
843,/nas-ctm01/datasets/public/AFHQ/resized/train/wild/flickr_wild_000939.jpg,flickr_wild_000939.jpg
844,/nas-ctm01/datasets/public/AFHQ/resized/train/wild/flickr_wild_000940.jpg,flickr_wild_000940.jpg
845,/nas-ctm01/datasets/public/AFHQ/resized/train/wild/flickr_wild_000941.jpg,flickr_wild_000941.jpg
846,/nas-ctm01/datasets/public/AFHQ/resized/train/wild/flickr_wild_000943.jpg,flickr_wild_000943.jpg
847,/nas-ctm01/datasets/public/AFHQ/resized/train/wild/flickr_wild_000944.jpg,flickr_wild_000944.jpg
848,/nas-ctm01/datasets/public/AFHQ/resized/train/wild/flickr_wild_000945.jpg,flickr_wild_000945.jpg
849,/nas-ctm01/datasets/public/AFHQ/resized/train/wild/flickr_wild_000947.jpg,flickr_wild_000947.jpg
850,/nas-ctm01/datasets/public/AFHQ/resized/train/wild/flickr_wild_000948.jpg,flickr_wild_000948.jpg
851,/nas-ctm01/datasets/public/AFHQ/resized/train/wild/flickr_wild_000949.jpg,flickr_wild_000949.jpg
852,/nas-ctm01/datasets/public/AFHQ/resized/train/wild/flickr_wild_000950.jpg,flickr_wild_000950.jpg
853,/nas-ctm01/datasets/public/AFHQ/resized/train/wild/flickr_wild_000951.jpg,flickr_wild_000951.jpg
854,/nas-ctm01/datasets/public/AFHQ/resized/train/wild/flickr_wild_000952.jpg,flickr_wild_000952.jpg
855,/nas-ctm01/datasets/public/AFHQ/resized/train/wild/flickr_wild_000953.jpg,flickr_wild_000953.jpg
856,/nas-ctm01/datasets/public/AFHQ/resized/train/wild/flickr_wild_000954.jpg,flickr_wild_000954.jpg
857,/nas-ctm01/datasets/public/AFHQ/resized/train/wild/flickr_wild_000955.jpg,flickr_wild_000955.jpg
858,/nas-ctm01/datasets/public/AFHQ/resized/train/wild/flickr_wild_000956.jpg,flickr_wild_000956.jpg
859,/nas-ctm01/datasets/public/AFHQ/resized/train/wild/flickr_wild_000957.jpg,flickr_wild_000957.jpg
860,/nas-ctm01/datasets/public/AFHQ/resized/train/wild/flickr_wild_000958.jpg,flickr_wild_000958.jpg
861,/nas-ctm01/datasets/public/AFHQ/resized/train/wild/flickr_wild_000959.jpg,flickr_wild_000959.jpg
862,/nas-ctm01/datasets/public/AFHQ/resized/train/wild/flickr_wild_000960.jpg,flickr_wild_000960.jpg
863,/nas-ctm01/datasets/public/AFHQ/resized/train/wild/flickr_wild_000961.jpg,flickr_wild_000961.jpg
864,/nas-ctm01/datasets/public/AFHQ/resized/train/wild/flickr_wild_000962.jpg,flickr_wild_000962.jpg
865,/nas-ctm01/datasets/public/AFHQ/resized/train/wild/flickr_wild_000963.jpg,flickr_wild_000963.jpg
866,/nas-ctm01/datasets/public/AFHQ/resized/train/wild/flickr_wild_000964.jpg,flickr_wild_000964.jpg
867,/nas-ctm01/datasets/public/AFHQ/resized/train/wild/flickr_wild_000965.jpg,flickr_wild_000965.jpg
868,/nas-ctm01/datasets/public/AFHQ/resized/train/wild/flickr_wild_000966.jpg,flickr_wild_000966.jpg
869,/nas-ctm01/datasets/public/AFHQ/resized/train/wild/flickr_wild_000967.jpg,flickr_wild_000967.jpg
870,/nas-ctm01/datasets/public/AFHQ/resized/train/wild/flickr_wild_000968.jpg,flickr_wild_000968.jpg
871,/nas-ctm01/datasets/public/AFHQ/resized/train/wild/flickr_wild_000969.jpg,flickr_wild_000969.jpg
872,/nas-ctm01/datasets/public/AFHQ/resized/train/wild/flickr_wild_000970.jpg,flickr_wild_000970.jpg
873,/nas-ctm01/datasets/public/AFHQ/resized/train/wild/flickr_wild_000971.jpg,flickr_wild_000971.jpg
874,/nas-ctm01/datasets/public/AFHQ/resized/train/wild/flickr_wild_000972.jpg,flickr_wild_000972.jpg
875,/nas-ctm01/datasets/public/AFHQ/resized/train/wild/flickr_wild_000973.jpg,flickr_wild_000973.jpg
876,/nas-ctm01/datasets/public/AFHQ/resized/train/wild/flickr_wild_000974.jpg,flickr_wild_000974.jpg
877,/nas-ctm01/datasets/public/AFHQ/resized/train/wild/flickr_wild_000975.jpg,flickr_wild_000975.jpg
878,/nas-ctm01/datasets/public/AFHQ/resized/train/wild/flickr_wild_000976.jpg,flickr_wild_000976.jpg
879,/nas-ctm01/datasets/public/AFHQ/resized/train/wild/flickr_wild_000977.jpg,flickr_wild_000977.jpg
880,/nas-ctm01/datasets/public/AFHQ/resized/train/wild/flickr_wild_000978.jpg,flickr_wild_000978.jpg
881,/nas-ctm01/datasets/public/AFHQ/resized/train/wild/flickr_wild_000979.jpg,flickr_wild_000979.jpg
882,/nas-ctm01/datasets/public/AFHQ/resized/train/wild/flickr_wild_000980.jpg,flickr_wild_000980.jpg
883,/nas-ctm01/datasets/public/AFHQ/resized/train/wild/flickr_wild_000981.jpg,flickr_wild_000981.jpg
884,/nas-ctm01/datasets/public/AFHQ/resized/train/wild/flickr_wild_000982.jpg,flickr_wild_000982.jpg
885,/nas-ctm01/datasets/public/AFHQ/resized/train/wild/flickr_wild_000983.jpg,flickr_wild_000983.jpg
886,/nas-ctm01/datasets/public/AFHQ/resized/train/wild/flickr_wild_000984.jpg,flickr_wild_000984.jpg
887,/nas-ctm01/datasets/public/AFHQ/resized/train/wild/flickr_wild_000985.jpg,flickr_wild_000985.jpg
888,/nas-ctm01/datasets/public/AFHQ/resized/train/wild/flickr_wild_000986.jpg,flickr_wild_000986.jpg
889,/nas-ctm01/datasets/public/AFHQ/resized/train/wild/flickr_wild_000987.jpg,flickr_wild_000987.jpg
890,/nas-ctm01/datasets/public/AFHQ/resized/train/wild/flickr_wild_000989.jpg,flickr_wild_000989.jpg
891,/nas-ctm01/datasets/public/AFHQ/resized/train/wild/flickr_wild_000990.jpg,flickr_wild_000990.jpg
892,/nas-ctm01/datasets/public/AFHQ/resized/train/wild/flickr_wild_000991.jpg,flickr_wild_000991.jpg
893,/nas-ctm01/datasets/public/AFHQ/resized/train/wild/flickr_wild_000992.jpg,flickr_wild_000992.jpg
894,/nas-ctm01/datasets/public/AFHQ/resized/train/wild/flickr_wild_000993.jpg,flickr_wild_000993.jpg
895,/nas-ctm01/datasets/public/AFHQ/resized/train/wild/flickr_wild_000994.jpg,flickr_wild_000994.jpg
896,/nas-ctm01/datasets/public/AFHQ/resized/train/wild/flickr_wild_000995.jpg,flickr_wild_000995.jpg
897,/nas-ctm01/datasets/public/AFHQ/resized/train/wild/flickr_wild_000996.jpg,flickr_wild_000996.jpg
898,/nas-ctm01/datasets/public/AFHQ/resized/train/wild/flickr_wild_000997.jpg,flickr_wild_000997.jpg
899,/nas-ctm01/datasets/public/AFHQ/resized/train/wild/flickr_wild_000998.jpg,flickr_wild_000998.jpg
900,/nas-ctm01/datasets/public/AFHQ/resized/train/wild/flickr_wild_000999.jpg,flickr_wild_000999.jpg
901,/nas-ctm01/datasets/public/AFHQ/resized/train/wild/flickr_wild_001000.jpg,flickr_wild_001000.jpg
902,/nas-ctm01/datasets/public/AFHQ/resized/train/wild/flickr_wild_001001.jpg,flickr_wild_001001.jpg
903,/nas-ctm01/datasets/public/AFHQ/resized/train/wild/flickr_wild_001002.jpg,flickr_wild_001002.jpg
904,/nas-ctm01/datasets/public/AFHQ/resized/train/wild/flickr_wild_001004.jpg,flickr_wild_001004.jpg
905,/nas-ctm01/datasets/public/AFHQ/resized/train/wild/flickr_wild_001005.jpg,flickr_wild_001005.jpg
906,/nas-ctm01/datasets/public/AFHQ/resized/train/wild/flickr_wild_001006.jpg,flickr_wild_001006.jpg
907,/nas-ctm01/datasets/public/AFHQ/resized/train/wild/flickr_wild_001007.jpg,flickr_wild_001007.jpg
908,/nas-ctm01/datasets/public/AFHQ/resized/train/wild/flickr_wild_001008.jpg,flickr_wild_001008.jpg
909,/nas-ctm01/datasets/public/AFHQ/resized/train/wild/flickr_wild_001009.jpg,flickr_wild_001009.jpg
910,/nas-ctm01/datasets/public/AFHQ/resized/train/wild/flickr_wild_001010.jpg,flickr_wild_001010.jpg
911,/nas-ctm01/datasets/public/AFHQ/resized/train/wild/flickr_wild_001011.jpg,flickr_wild_001011.jpg
912,/nas-ctm01/datasets/public/AFHQ/resized/train/wild/flickr_wild_001012.jpg,flickr_wild_001012.jpg
913,/nas-ctm01/datasets/public/AFHQ/resized/train/wild/flickr_wild_001013.jpg,flickr_wild_001013.jpg
914,/nas-ctm01/datasets/public/AFHQ/resized/train/wild/flickr_wild_001014.jpg,flickr_wild_001014.jpg
915,/nas-ctm01/datasets/public/AFHQ/resized/train/wild/flickr_wild_001015.jpg,flickr_wild_001015.jpg
916,/nas-ctm01/datasets/public/AFHQ/resized/train/wild/flickr_wild_001016.jpg,flickr_wild_001016.jpg
917,/nas-ctm01/datasets/public/AFHQ/resized/train/wild/flickr_wild_001017.jpg,flickr_wild_001017.jpg
918,/nas-ctm01/datasets/public/AFHQ/resized/train/wild/flickr_wild_001018.jpg,flickr_wild_001018.jpg
919,/nas-ctm01/datasets/public/AFHQ/resized/train/wild/flickr_wild_001019.jpg,flickr_wild_001019.jpg
920,/nas-ctm01/datasets/public/AFHQ/resized/train/wild/flickr_wild_001020.jpg,flickr_wild_001020.jpg
921,/nas-ctm01/datasets/public/AFHQ/resized/train/wild/flickr_wild_001021.jpg,flickr_wild_001021.jpg
922,/nas-ctm01/datasets/public/AFHQ/resized/train/wild/flickr_wild_001022.jpg,flickr_wild_001022.jpg
923,/nas-ctm01/datasets/public/AFHQ/resized/train/wild/flickr_wild_001023.jpg,flickr_wild_001023.jpg
924,/nas-ctm01/datasets/public/AFHQ/resized/train/wild/flickr_wild_001024.jpg,flickr_wild_001024.jpg
925,/nas-ctm01/datasets/public/AFHQ/resized/train/wild/flickr_wild_001025.jpg,flickr_wild_001025.jpg
926,/nas-ctm01/datasets/public/AFHQ/resized/train/wild/flickr_wild_001026.jpg,flickr_wild_001026.jpg
927,/nas-ctm01/datasets/public/AFHQ/resized/train/wild/flickr_wild_001027.jpg,flickr_wild_001027.jpg
928,/nas-ctm01/datasets/public/AFHQ/resized/train/wild/flickr_wild_001028.jpg,flickr_wild_001028.jpg
929,/nas-ctm01/datasets/public/AFHQ/resized/train/wild/flickr_wild_001029.jpg,flickr_wild_001029.jpg
930,/nas-ctm01/datasets/public/AFHQ/resized/train/wild/flickr_wild_001030.jpg,flickr_wild_001030.jpg
931,/nas-ctm01/datasets/public/AFHQ/resized/train/wild/flickr_wild_001031.jpg,flickr_wild_001031.jpg
932,/nas-ctm01/datasets/public/AFHQ/resized/train/wild/flickr_wild_001032.jpg,flickr_wild_001032.jpg
933,/nas-ctm01/datasets/public/AFHQ/resized/train/wild/flickr_wild_001033.jpg,flickr_wild_001033.jpg
934,/nas-ctm01/datasets/public/AFHQ/resized/train/wild/flickr_wild_001034.jpg,flickr_wild_001034.jpg
935,/nas-ctm01/datasets/public/AFHQ/resized/train/wild/flickr_wild_001035.jpg,flickr_wild_001035.jpg
936,/nas-ctm01/datasets/public/AFHQ/resized/train/wild/flickr_wild_001036.jpg,flickr_wild_001036.jpg
937,/nas-ctm01/datasets/public/AFHQ/resized/train/wild/flickr_wild_001038.jpg,flickr_wild_001038.jpg
938,/nas-ctm01/datasets/public/AFHQ/resized/train/wild/flickr_wild_001039.jpg,flickr_wild_001039.jpg
939,/nas-ctm01/datasets/public/AFHQ/resized/train/wild/flickr_wild_001040.jpg,flickr_wild_001040.jpg
940,/nas-ctm01/datasets/public/AFHQ/resized/train/wild/flickr_wild_001041.jpg,flickr_wild_001041.jpg
941,/nas-ctm01/datasets/public/AFHQ/resized/train/wild/flickr_wild_001042.jpg,flickr_wild_001042.jpg
942,/nas-ctm01/datasets/public/AFHQ/resized/train/wild/flickr_wild_001044.jpg,flickr_wild_001044.jpg
943,/nas-ctm01/datasets/public/AFHQ/resized/train/wild/flickr_wild_001045.jpg,flickr_wild_001045.jpg
944,/nas-ctm01/datasets/public/AFHQ/resized/train/wild/flickr_wild_001046.jpg,flickr_wild_001046.jpg
945,/nas-ctm01/datasets/public/AFHQ/resized/train/wild/flickr_wild_001047.jpg,flickr_wild_001047.jpg
946,/nas-ctm01/datasets/public/AFHQ/resized/train/wild/flickr_wild_001048.jpg,flickr_wild_001048.jpg
947,/nas-ctm01/datasets/public/AFHQ/resized/train/wild/flickr_wild_001049.jpg,flickr_wild_001049.jpg
948,/nas-ctm01/datasets/public/AFHQ/resized/train/wild/flickr_wild_001051.jpg,flickr_wild_001051.jpg
949,/nas-ctm01/datasets/public/AFHQ/resized/train/wild/flickr_wild_001052.jpg,flickr_wild_001052.jpg
950,/nas-ctm01/datasets/public/AFHQ/resized/train/wild/flickr_wild_001054.jpg,flickr_wild_001054.jpg
951,/nas-ctm01/datasets/public/AFHQ/resized/train/wild/flickr_wild_001055.jpg,flickr_wild_001055.jpg
952,/nas-ctm01/datasets/public/AFHQ/resized/train/wild/flickr_wild_001056.jpg,flickr_wild_001056.jpg
953,/nas-ctm01/datasets/public/AFHQ/resized/train/wild/flickr_wild_001057.jpg,flickr_wild_001057.jpg
954,/nas-ctm01/datasets/public/AFHQ/resized/train/wild/flickr_wild_001058.jpg,flickr_wild_001058.jpg
955,/nas-ctm01/datasets/public/AFHQ/resized/train/wild/flickr_wild_001059.jpg,flickr_wild_001059.jpg
956,/nas-ctm01/datasets/public/AFHQ/resized/train/wild/flickr_wild_001060.jpg,flickr_wild_001060.jpg
957,/nas-ctm01/datasets/public/AFHQ/resized/train/wild/flickr_wild_001061.jpg,flickr_wild_001061.jpg
958,/nas-ctm01/datasets/public/AFHQ/resized/train/wild/flickr_wild_001062.jpg,flickr_wild_001062.jpg
959,/nas-ctm01/datasets/public/AFHQ/resized/train/wild/flickr_wild_001063.jpg,flickr_wild_001063.jpg
960,/nas-ctm01/datasets/public/AFHQ/resized/train/wild/flickr_wild_001064.jpg,flickr_wild_001064.jpg
961,/nas-ctm01/datasets/public/AFHQ/resized/train/wild/flickr_wild_001065.jpg,flickr_wild_001065.jpg
962,/nas-ctm01/datasets/public/AFHQ/resized/train/wild/flickr_wild_001066.jpg,flickr_wild_001066.jpg
963,/nas-ctm01/datasets/public/AFHQ/resized/train/wild/flickr_wild_001067.jpg,flickr_wild_001067.jpg
964,/nas-ctm01/datasets/public/AFHQ/resized/train/wild/flickr_wild_001068.jpg,flickr_wild_001068.jpg
965,/nas-ctm01/datasets/public/AFHQ/resized/train/wild/flickr_wild_001069.jpg,flickr_wild_001069.jpg
966,/nas-ctm01/datasets/public/AFHQ/resized/train/wild/flickr_wild_001070.jpg,flickr_wild_001070.jpg
967,/nas-ctm01/datasets/public/AFHQ/resized/train/wild/flickr_wild_001071.jpg,flickr_wild_001071.jpg
968,/nas-ctm01/datasets/public/AFHQ/resized/train/wild/flickr_wild_001072.jpg,flickr_wild_001072.jpg
969,/nas-ctm01/datasets/public/AFHQ/resized/train/wild/flickr_wild_001073.jpg,flickr_wild_001073.jpg
970,/nas-ctm01/datasets/public/AFHQ/resized/train/wild/flickr_wild_001074.jpg,flickr_wild_001074.jpg
971,/nas-ctm01/datasets/public/AFHQ/resized/train/wild/flickr_wild_001075.jpg,flickr_wild_001075.jpg
972,/nas-ctm01/datasets/public/AFHQ/resized/train/wild/flickr_wild_001076.jpg,flickr_wild_001076.jpg
973,/nas-ctm01/datasets/public/AFHQ/resized/train/wild/flickr_wild_001077.jpg,flickr_wild_001077.jpg
974,/nas-ctm01/datasets/public/AFHQ/resized/train/wild/flickr_wild_001078.jpg,flickr_wild_001078.jpg
975,/nas-ctm01/datasets/public/AFHQ/resized/train/wild/flickr_wild_001079.jpg,flickr_wild_001079.jpg
976,/nas-ctm01/datasets/public/AFHQ/resized/train/wild/flickr_wild_001080.jpg,flickr_wild_001080.jpg
977,/nas-ctm01/datasets/public/AFHQ/resized/train/wild/flickr_wild_001081.jpg,flickr_wild_001081.jpg
978,/nas-ctm01/datasets/public/AFHQ/resized/train/wild/flickr_wild_001082.jpg,flickr_wild_001082.jpg
979,/nas-ctm01/datasets/public/AFHQ/resized/train/wild/flickr_wild_001083.jpg,flickr_wild_001083.jpg
980,/nas-ctm01/datasets/public/AFHQ/resized/train/wild/flickr_wild_001084.jpg,flickr_wild_001084.jpg
981,/nas-ctm01/datasets/public/AFHQ/resized/train/wild/flickr_wild_001085.jpg,flickr_wild_001085.jpg
982,/nas-ctm01/datasets/public/AFHQ/resized/train/wild/flickr_wild_001086.jpg,flickr_wild_001086.jpg
983,/nas-ctm01/datasets/public/AFHQ/resized/train/wild/flickr_wild_001087.jpg,flickr_wild_001087.jpg
984,/nas-ctm01/datasets/public/AFHQ/resized/train/wild/flickr_wild_001089.jpg,flickr_wild_001089.jpg
985,/nas-ctm01/datasets/public/AFHQ/resized/train/wild/flickr_wild_001090.jpg,flickr_wild_001090.jpg
986,/nas-ctm01/datasets/public/AFHQ/resized/train/wild/flickr_wild_001091.jpg,flickr_wild_001091.jpg
987,/nas-ctm01/datasets/public/AFHQ/resized/train/wild/flickr_wild_001092.jpg,flickr_wild_001092.jpg
988,/nas-ctm01/datasets/public/AFHQ/resized/train/wild/flickr_wild_001093.jpg,flickr_wild_001093.jpg
989,/nas-ctm01/datasets/public/AFHQ/resized/train/wild/flickr_wild_001095.jpg,flickr_wild_001095.jpg
990,/nas-ctm01/datasets/public/AFHQ/resized/train/wild/flickr_wild_001097.jpg,flickr_wild_001097.jpg
991,/nas-ctm01/datasets/public/AFHQ/resized/train/wild/flickr_wild_001098.jpg,flickr_wild_001098.jpg
992,/nas-ctm01/datasets/public/AFHQ/resized/train/wild/flickr_wild_001099.jpg,flickr_wild_001099.jpg
993,/nas-ctm01/datasets/public/AFHQ/resized/train/wild/flickr_wild_001100.jpg,flickr_wild_001100.jpg
994,/nas-ctm01/datasets/public/AFHQ/resized/train/wild/flickr_wild_001101.jpg,flickr_wild_001101.jpg
995,/nas-ctm01/datasets/public/AFHQ/resized/train/wild/flickr_wild_001102.jpg,flickr_wild_001102.jpg
996,/nas-ctm01/datasets/public/AFHQ/resized/train/wild/flickr_wild_001103.jpg,flickr_wild_001103.jpg
997,/nas-ctm01/datasets/public/AFHQ/resized/train/wild/flickr_wild_001104.jpg,flickr_wild_001104.jpg
998,/nas-ctm01/datasets/public/AFHQ/resized/train/wild/flickr_wild_001105.jpg,flickr_wild_001105.jpg
999,/nas-ctm01/datasets/public/AFHQ/resized/train/wild/flickr_wild_001106.jpg,flickr_wild_001106.jpg
1000,/nas-ctm01/datasets/public/AFHQ/resized/train/wild/flickr_wild_001107.jpg,flickr_wild_001107.jpg
1001,/nas-ctm01/datasets/public/AFHQ/resized/train/wild/flickr_wild_001108.jpg,flickr_wild_001108.jpg
1002,/nas-ctm01/datasets/public/AFHQ/resized/train/wild/flickr_wild_001109.jpg,flickr_wild_001109.jpg
1003,/nas-ctm01/datasets/public/AFHQ/resized/train/wild/flickr_wild_001110.jpg,flickr_wild_001110.jpg
1004,/nas-ctm01/datasets/public/AFHQ/resized/train/wild/flickr_wild_001111.jpg,flickr_wild_001111.jpg
1005,/nas-ctm01/datasets/public/AFHQ/resized/train/wild/flickr_wild_001115.jpg,flickr_wild_001115.jpg
1006,/nas-ctm01/datasets/public/AFHQ/resized/train/wild/flickr_wild_001116.jpg,flickr_wild_001116.jpg
1007,/nas-ctm01/datasets/public/AFHQ/resized/train/wild/flickr_wild_001117.jpg,flickr_wild_001117.jpg
1008,/nas-ctm01/datasets/public/AFHQ/resized/train/wild/flickr_wild_001118.jpg,flickr_wild_001118.jpg
1009,/nas-ctm01/datasets/public/AFHQ/resized/train/wild/flickr_wild_001120.jpg,flickr_wild_001120.jpg
1010,/nas-ctm01/datasets/public/AFHQ/resized/train/wild/flickr_wild_001121.jpg,flickr_wild_001121.jpg
1011,/nas-ctm01/datasets/public/AFHQ/resized/train/wild/flickr_wild_001122.jpg,flickr_wild_001122.jpg
1012,/nas-ctm01/datasets/public/AFHQ/resized/train/wild/flickr_wild_001123.jpg,flickr_wild_001123.jpg
1013,/nas-ctm01/datasets/public/AFHQ/resized/train/wild/flickr_wild_001124.jpg,flickr_wild_001124.jpg
1014,/nas-ctm01/datasets/public/AFHQ/resized/train/wild/flickr_wild_001125.jpg,flickr_wild_001125.jpg
1015,/nas-ctm01/datasets/public/AFHQ/resized/train/wild/flickr_wild_001126.jpg,flickr_wild_001126.jpg
1016,/nas-ctm01/datasets/public/AFHQ/resized/train/wild/flickr_wild_001127.jpg,flickr_wild_001127.jpg
1017,/nas-ctm01/datasets/public/AFHQ/resized/train/wild/flickr_wild_001128.jpg,flickr_wild_001128.jpg
1018,/nas-ctm01/datasets/public/AFHQ/resized/train/wild/flickr_wild_001130.jpg,flickr_wild_001130.jpg
1019,/nas-ctm01/datasets/public/AFHQ/resized/train/wild/flickr_wild_001131.jpg,flickr_wild_001131.jpg
1020,/nas-ctm01/datasets/public/AFHQ/resized/train/wild/flickr_wild_001132.jpg,flickr_wild_001132.jpg
1021,/nas-ctm01/datasets/public/AFHQ/resized/train/wild/flickr_wild_001133.jpg,flickr_wild_001133.jpg
1022,/nas-ctm01/datasets/public/AFHQ/resized/train/wild/flickr_wild_001134.jpg,flickr_wild_001134.jpg
1023,/nas-ctm01/datasets/public/AFHQ/resized/train/wild/flickr_wild_001135.jpg,flickr_wild_001135.jpg
1024,/nas-ctm01/datasets/public/AFHQ/resized/train/wild/flickr_wild_001136.jpg,flickr_wild_001136.jpg
1025,/nas-ctm01/datasets/public/AFHQ/resized/train/wild/flickr_wild_001138.jpg,flickr_wild_001138.jpg
1026,/nas-ctm01/datasets/public/AFHQ/resized/train/wild/flickr_wild_001139.jpg,flickr_wild_001139.jpg
1027,/nas-ctm01/datasets/public/AFHQ/resized/train/wild/flickr_wild_001140.jpg,flickr_wild_001140.jpg
1028,/nas-ctm01/datasets/public/AFHQ/resized/train/wild/flickr_wild_001141.jpg,flickr_wild_001141.jpg
1029,/nas-ctm01/datasets/public/AFHQ/resized/train/wild/flickr_wild_001142.jpg,flickr_wild_001142.jpg
1030,/nas-ctm01/datasets/public/AFHQ/resized/train/wild/flickr_wild_001143.jpg,flickr_wild_001143.jpg
1031,/nas-ctm01/datasets/public/AFHQ/resized/train/wild/flickr_wild_001144.jpg,flickr_wild_001144.jpg
1032,/nas-ctm01/datasets/public/AFHQ/resized/train/wild/flickr_wild_001145.jpg,flickr_wild_001145.jpg
1033,/nas-ctm01/datasets/public/AFHQ/resized/train/wild/flickr_wild_001146.jpg,flickr_wild_001146.jpg
1034,/nas-ctm01/datasets/public/AFHQ/resized/train/wild/flickr_wild_001147.jpg,flickr_wild_001147.jpg
1035,/nas-ctm01/datasets/public/AFHQ/resized/train/wild/flickr_wild_001148.jpg,flickr_wild_001148.jpg
1036,/nas-ctm01/datasets/public/AFHQ/resized/train/wild/flickr_wild_001149.jpg,flickr_wild_001149.jpg
1037,/nas-ctm01/datasets/public/AFHQ/resized/train/wild/flickr_wild_001150.jpg,flickr_wild_001150.jpg
1038,/nas-ctm01/datasets/public/AFHQ/resized/train/wild/flickr_wild_001151.jpg,flickr_wild_001151.jpg
1039,/nas-ctm01/datasets/public/AFHQ/resized/train/wild/flickr_wild_001153.jpg,flickr_wild_001153.jpg
1040,/nas-ctm01/datasets/public/AFHQ/resized/train/wild/flickr_wild_001154.jpg,flickr_wild_001154.jpg
1041,/nas-ctm01/datasets/public/AFHQ/resized/train/wild/flickr_wild_001155.jpg,flickr_wild_001155.jpg
1042,/nas-ctm01/datasets/public/AFHQ/resized/train/wild/flickr_wild_001156.jpg,flickr_wild_001156.jpg
1043,/nas-ctm01/datasets/public/AFHQ/resized/train/wild/flickr_wild_001157.jpg,flickr_wild_001157.jpg
1044,/nas-ctm01/datasets/public/AFHQ/resized/train/wild/flickr_wild_001158.jpg,flickr_wild_001158.jpg
1045,/nas-ctm01/datasets/public/AFHQ/resized/train/wild/flickr_wild_001159.jpg,flickr_wild_001159.jpg
1046,/nas-ctm01/datasets/public/AFHQ/resized/train/wild/flickr_wild_001160.jpg,flickr_wild_001160.jpg
1047,/nas-ctm01/datasets/public/AFHQ/resized/train/wild/flickr_wild_001161.jpg,flickr_wild_001161.jpg
1048,/nas-ctm01/datasets/public/AFHQ/resized/train/wild/flickr_wild_001162.jpg,flickr_wild_001162.jpg
1049,/nas-ctm01/datasets/public/AFHQ/resized/train/wild/flickr_wild_001163.jpg,flickr_wild_001163.jpg
1050,/nas-ctm01/datasets/public/AFHQ/resized/train/wild/flickr_wild_001164.jpg,flickr_wild_001164.jpg
1051,/nas-ctm01/datasets/public/AFHQ/resized/train/wild/flickr_wild_001165.jpg,flickr_wild_001165.jpg
1052,/nas-ctm01/datasets/public/AFHQ/resized/train/wild/flickr_wild_001166.jpg,flickr_wild_001166.jpg
1053,/nas-ctm01/datasets/public/AFHQ/resized/train/wild/flickr_wild_001167.jpg,flickr_wild_001167.jpg
1054,/nas-ctm01/datasets/public/AFHQ/resized/train/wild/flickr_wild_001168.jpg,flickr_wild_001168.jpg
1055,/nas-ctm01/datasets/public/AFHQ/resized/train/wild/flickr_wild_001169.jpg,flickr_wild_001169.jpg
1056,/nas-ctm01/datasets/public/AFHQ/resized/train/wild/flickr_wild_001170.jpg,flickr_wild_001170.jpg
1057,/nas-ctm01/datasets/public/AFHQ/resized/train/wild/flickr_wild_001171.jpg,flickr_wild_001171.jpg
1058,/nas-ctm01/datasets/public/AFHQ/resized/train/wild/flickr_wild_001172.jpg,flickr_wild_001172.jpg
1059,/nas-ctm01/datasets/public/AFHQ/resized/train/wild/flickr_wild_001173.jpg,flickr_wild_001173.jpg
1060,/nas-ctm01/datasets/public/AFHQ/resized/train/wild/flickr_wild_001174.jpg,flickr_wild_001174.jpg
1061,/nas-ctm01/datasets/public/AFHQ/resized/train/wild/flickr_wild_001175.jpg,flickr_wild_001175.jpg
1062,/nas-ctm01/datasets/public/AFHQ/resized/train/wild/flickr_wild_001176.jpg,flickr_wild_001176.jpg
1063,/nas-ctm01/datasets/public/AFHQ/resized/train/wild/flickr_wild_001178.jpg,flickr_wild_001178.jpg
1064,/nas-ctm01/datasets/public/AFHQ/resized/train/wild/flickr_wild_001179.jpg,flickr_wild_001179.jpg
1065,/nas-ctm01/datasets/public/AFHQ/resized/train/wild/flickr_wild_001180.jpg,flickr_wild_001180.jpg
1066,/nas-ctm01/datasets/public/AFHQ/resized/train/wild/flickr_wild_001181.jpg,flickr_wild_001181.jpg
1067,/nas-ctm01/datasets/public/AFHQ/resized/train/wild/flickr_wild_001182.jpg,flickr_wild_001182.jpg
1068,/nas-ctm01/datasets/public/AFHQ/resized/train/wild/flickr_wild_001183.jpg,flickr_wild_001183.jpg
1069,/nas-ctm01/datasets/public/AFHQ/resized/train/wild/flickr_wild_001184.jpg,flickr_wild_001184.jpg
1070,/nas-ctm01/datasets/public/AFHQ/resized/train/wild/flickr_wild_001185.jpg,flickr_wild_001185.jpg
1071,/nas-ctm01/datasets/public/AFHQ/resized/train/wild/flickr_wild_001186.jpg,flickr_wild_001186.jpg
1072,/nas-ctm01/datasets/public/AFHQ/resized/train/wild/flickr_wild_001187.jpg,flickr_wild_001187.jpg
1073,/nas-ctm01/datasets/public/AFHQ/resized/train/wild/flickr_wild_001188.jpg,flickr_wild_001188.jpg
1074,/nas-ctm01/datasets/public/AFHQ/resized/train/wild/flickr_wild_001189.jpg,flickr_wild_001189.jpg
1075,/nas-ctm01/datasets/public/AFHQ/resized/train/wild/flickr_wild_001190.jpg,flickr_wild_001190.jpg
1076,/nas-ctm01/datasets/public/AFHQ/resized/train/wild/flickr_wild_001191.jpg,flickr_wild_001191.jpg
1077,/nas-ctm01/datasets/public/AFHQ/resized/train/wild/flickr_wild_001192.jpg,flickr_wild_001192.jpg
1078,/nas-ctm01/datasets/public/AFHQ/resized/train/wild/flickr_wild_001193.jpg,flickr_wild_001193.jpg
1079,/nas-ctm01/datasets/public/AFHQ/resized/train/wild/flickr_wild_001194.jpg,flickr_wild_001194.jpg
1080,/nas-ctm01/datasets/public/AFHQ/resized/train/wild/flickr_wild_001195.jpg,flickr_wild_001195.jpg
1081,/nas-ctm01/datasets/public/AFHQ/resized/train/wild/flickr_wild_001196.jpg,flickr_wild_001196.jpg
1082,/nas-ctm01/datasets/public/AFHQ/resized/train/wild/flickr_wild_001197.jpg,flickr_wild_001197.jpg
1083,/nas-ctm01/datasets/public/AFHQ/resized/train/wild/flickr_wild_001198.jpg,flickr_wild_001198.jpg
1084,/nas-ctm01/datasets/public/AFHQ/resized/train/wild/flickr_wild_001199.jpg,flickr_wild_001199.jpg
1085,/nas-ctm01/datasets/public/AFHQ/resized/train/wild/flickr_wild_001200.jpg,flickr_wild_001200.jpg
1086,/nas-ctm01/datasets/public/AFHQ/resized/train/wild/flickr_wild_001201.jpg,flickr_wild_001201.jpg
1087,/nas-ctm01/datasets/public/AFHQ/resized/train/wild/flickr_wild_001202.jpg,flickr_wild_001202.jpg
1088,/nas-ctm01/datasets/public/AFHQ/resized/train/wild/flickr_wild_001203.jpg,flickr_wild_001203.jpg
1089,/nas-ctm01/datasets/public/AFHQ/resized/train/wild/flickr_wild_001204.jpg,flickr_wild_001204.jpg
1090,/nas-ctm01/datasets/public/AFHQ/resized/train/wild/flickr_wild_001206.jpg,flickr_wild_001206.jpg
1091,/nas-ctm01/datasets/public/AFHQ/resized/train/wild/flickr_wild_001207.jpg,flickr_wild_001207.jpg
1092,/nas-ctm01/datasets/public/AFHQ/resized/train/wild/flickr_wild_001208.jpg,flickr_wild_001208.jpg
1093,/nas-ctm01/datasets/public/AFHQ/resized/train/wild/flickr_wild_001209.jpg,flickr_wild_001209.jpg
1094,/nas-ctm01/datasets/public/AFHQ/resized/train/wild/flickr_wild_001210.jpg,flickr_wild_001210.jpg
1095,/nas-ctm01/datasets/public/AFHQ/resized/train/wild/flickr_wild_001212.jpg,flickr_wild_001212.jpg
1096,/nas-ctm01/datasets/public/AFHQ/resized/train/wild/flickr_wild_001213.jpg,flickr_wild_001213.jpg
1097,/nas-ctm01/datasets/public/AFHQ/resized/train/wild/flickr_wild_001214.jpg,flickr_wild_001214.jpg
1098,/nas-ctm01/datasets/public/AFHQ/resized/train/wild/flickr_wild_001215.jpg,flickr_wild_001215.jpg
1099,/nas-ctm01/datasets/public/AFHQ/resized/train/wild/flickr_wild_001216.jpg,flickr_wild_001216.jpg
1100,/nas-ctm01/datasets/public/AFHQ/resized/train/wild/flickr_wild_001218.jpg,flickr_wild_001218.jpg
1101,/nas-ctm01/datasets/public/AFHQ/resized/train/wild/flickr_wild_001220.jpg,flickr_wild_001220.jpg
1102,/nas-ctm01/datasets/public/AFHQ/resized/train/wild/flickr_wild_001221.jpg,flickr_wild_001221.jpg
1103,/nas-ctm01/datasets/public/AFHQ/resized/train/wild/flickr_wild_001222.jpg,flickr_wild_001222.jpg
1104,/nas-ctm01/datasets/public/AFHQ/resized/train/wild/flickr_wild_001224.jpg,flickr_wild_001224.jpg
1105,/nas-ctm01/datasets/public/AFHQ/resized/train/wild/flickr_wild_001225.jpg,flickr_wild_001225.jpg
1106,/nas-ctm01/datasets/public/AFHQ/resized/train/wild/flickr_wild_001226.jpg,flickr_wild_001226.jpg
1107,/nas-ctm01/datasets/public/AFHQ/resized/train/wild/flickr_wild_001227.jpg,flickr_wild_001227.jpg
1108,/nas-ctm01/datasets/public/AFHQ/resized/train/wild/flickr_wild_001228.jpg,flickr_wild_001228.jpg
1109,/nas-ctm01/datasets/public/AFHQ/resized/train/wild/flickr_wild_001229.jpg,flickr_wild_001229.jpg
1110,/nas-ctm01/datasets/public/AFHQ/resized/train/wild/flickr_wild_001231.jpg,flickr_wild_001231.jpg
1111,/nas-ctm01/datasets/public/AFHQ/resized/train/wild/flickr_wild_001232.jpg,flickr_wild_001232.jpg
1112,/nas-ctm01/datasets/public/AFHQ/resized/train/wild/flickr_wild_001233.jpg,flickr_wild_001233.jpg
1113,/nas-ctm01/datasets/public/AFHQ/resized/train/wild/flickr_wild_001234.jpg,flickr_wild_001234.jpg
1114,/nas-ctm01/datasets/public/AFHQ/resized/train/wild/flickr_wild_001235.jpg,flickr_wild_001235.jpg
1115,/nas-ctm01/datasets/public/AFHQ/resized/train/wild/flickr_wild_001236.jpg,flickr_wild_001236.jpg
1116,/nas-ctm01/datasets/public/AFHQ/resized/train/wild/flickr_wild_001238.jpg,flickr_wild_001238.jpg
1117,/nas-ctm01/datasets/public/AFHQ/resized/train/wild/flickr_wild_001239.jpg,flickr_wild_001239.jpg
1118,/nas-ctm01/datasets/public/AFHQ/resized/train/wild/flickr_wild_001240.jpg,flickr_wild_001240.jpg
1119,/nas-ctm01/datasets/public/AFHQ/resized/train/wild/flickr_wild_001241.jpg,flickr_wild_001241.jpg
1120,/nas-ctm01/datasets/public/AFHQ/resized/train/wild/flickr_wild_001242.jpg,flickr_wild_001242.jpg
1121,/nas-ctm01/datasets/public/AFHQ/resized/train/wild/flickr_wild_001243.jpg,flickr_wild_001243.jpg
1122,/nas-ctm01/datasets/public/AFHQ/resized/train/wild/flickr_wild_001244.jpg,flickr_wild_001244.jpg
1123,/nas-ctm01/datasets/public/AFHQ/resized/train/wild/flickr_wild_001245.jpg,flickr_wild_001245.jpg
1124,/nas-ctm01/datasets/public/AFHQ/resized/train/wild/flickr_wild_001246.jpg,flickr_wild_001246.jpg
1125,/nas-ctm01/datasets/public/AFHQ/resized/train/wild/flickr_wild_001247.jpg,flickr_wild_001247.jpg
1126,/nas-ctm01/datasets/public/AFHQ/resized/train/wild/flickr_wild_001248.jpg,flickr_wild_001248.jpg
1127,/nas-ctm01/datasets/public/AFHQ/resized/train/wild/flickr_wild_001249.jpg,flickr_wild_001249.jpg
1128,/nas-ctm01/datasets/public/AFHQ/resized/train/wild/flickr_wild_001252.jpg,flickr_wild_001252.jpg
1129,/nas-ctm01/datasets/public/AFHQ/resized/train/wild/flickr_wild_001254.jpg,flickr_wild_001254.jpg
1130,/nas-ctm01/datasets/public/AFHQ/resized/train/wild/flickr_wild_001255.jpg,flickr_wild_001255.jpg
1131,/nas-ctm01/datasets/public/AFHQ/resized/train/wild/flickr_wild_001256.jpg,flickr_wild_001256.jpg
1132,/nas-ctm01/datasets/public/AFHQ/resized/train/wild/flickr_wild_001257.jpg,flickr_wild_001257.jpg
1133,/nas-ctm01/datasets/public/AFHQ/resized/train/wild/flickr_wild_001259.jpg,flickr_wild_001259.jpg
1134,/nas-ctm01/datasets/public/AFHQ/resized/train/wild/flickr_wild_001260.jpg,flickr_wild_001260.jpg
1135,/nas-ctm01/datasets/public/AFHQ/resized/train/wild/flickr_wild_001261.jpg,flickr_wild_001261.jpg
1136,/nas-ctm01/datasets/public/AFHQ/resized/train/wild/flickr_wild_001262.jpg,flickr_wild_001262.jpg
1137,/nas-ctm01/datasets/public/AFHQ/resized/train/wild/flickr_wild_001263.jpg,flickr_wild_001263.jpg
1138,/nas-ctm01/datasets/public/AFHQ/resized/train/wild/flickr_wild_001264.jpg,flickr_wild_001264.jpg
1139,/nas-ctm01/datasets/public/AFHQ/resized/train/wild/flickr_wild_001265.jpg,flickr_wild_001265.jpg
1140,/nas-ctm01/datasets/public/AFHQ/resized/train/wild/flickr_wild_001266.jpg,flickr_wild_001266.jpg
1141,/nas-ctm01/datasets/public/AFHQ/resized/train/wild/flickr_wild_001267.jpg,flickr_wild_001267.jpg
1142,/nas-ctm01/datasets/public/AFHQ/resized/train/wild/flickr_wild_001268.jpg,flickr_wild_001268.jpg
1143,/nas-ctm01/datasets/public/AFHQ/resized/train/wild/flickr_wild_001269.jpg,flickr_wild_001269.jpg
1144,/nas-ctm01/datasets/public/AFHQ/resized/train/wild/flickr_wild_001270.jpg,flickr_wild_001270.jpg
1145,/nas-ctm01/datasets/public/AFHQ/resized/train/wild/flickr_wild_001271.jpg,flickr_wild_001271.jpg
1146,/nas-ctm01/datasets/public/AFHQ/resized/train/wild/flickr_wild_001272.jpg,flickr_wild_001272.jpg
1147,/nas-ctm01/datasets/public/AFHQ/resized/train/wild/flickr_wild_001273.jpg,flickr_wild_001273.jpg
1148,/nas-ctm01/datasets/public/AFHQ/resized/train/wild/flickr_wild_001274.jpg,flickr_wild_001274.jpg
1149,/nas-ctm01/datasets/public/AFHQ/resized/train/wild/flickr_wild_001276.jpg,flickr_wild_001276.jpg
1150,/nas-ctm01/datasets/public/AFHQ/resized/train/wild/flickr_wild_001277.jpg,flickr_wild_001277.jpg
1151,/nas-ctm01/datasets/public/AFHQ/resized/train/wild/flickr_wild_001278.jpg,flickr_wild_001278.jpg
1152,/nas-ctm01/datasets/public/AFHQ/resized/train/wild/flickr_wild_001279.jpg,flickr_wild_001279.jpg
1153,/nas-ctm01/datasets/public/AFHQ/resized/train/wild/flickr_wild_001280.jpg,flickr_wild_001280.jpg
1154,/nas-ctm01/datasets/public/AFHQ/resized/train/wild/flickr_wild_001281.jpg,flickr_wild_001281.jpg
1155,/nas-ctm01/datasets/public/AFHQ/resized/train/wild/flickr_wild_001282.jpg,flickr_wild_001282.jpg
1156,/nas-ctm01/datasets/public/AFHQ/resized/train/wild/flickr_wild_001283.jpg,flickr_wild_001283.jpg
1157,/nas-ctm01/datasets/public/AFHQ/resized/train/wild/flickr_wild_001284.jpg,flickr_wild_001284.jpg
1158,/nas-ctm01/datasets/public/AFHQ/resized/train/wild/flickr_wild_001285.jpg,flickr_wild_001285.jpg
1159,/nas-ctm01/datasets/public/AFHQ/resized/train/wild/flickr_wild_001287.jpg,flickr_wild_001287.jpg
1160,/nas-ctm01/datasets/public/AFHQ/resized/train/wild/flickr_wild_001288.jpg,flickr_wild_001288.jpg
1161,/nas-ctm01/datasets/public/AFHQ/resized/train/wild/flickr_wild_001289.jpg,flickr_wild_001289.jpg
1162,/nas-ctm01/datasets/public/AFHQ/resized/train/wild/flickr_wild_001290.jpg,flickr_wild_001290.jpg
1163,/nas-ctm01/datasets/public/AFHQ/resized/train/wild/flickr_wild_001291.jpg,flickr_wild_001291.jpg
1164,/nas-ctm01/datasets/public/AFHQ/resized/train/wild/flickr_wild_001292.jpg,flickr_wild_001292.jpg
1165,/nas-ctm01/datasets/public/AFHQ/resized/train/wild/flickr_wild_001293.jpg,flickr_wild_001293.jpg
1166,/nas-ctm01/datasets/public/AFHQ/resized/train/wild/flickr_wild_001294.jpg,flickr_wild_001294.jpg
1167,/nas-ctm01/datasets/public/AFHQ/resized/train/wild/flickr_wild_001295.jpg,flickr_wild_001295.jpg
1168,/nas-ctm01/datasets/public/AFHQ/resized/train/wild/flickr_wild_001296.jpg,flickr_wild_001296.jpg
1169,/nas-ctm01/datasets/public/AFHQ/resized/train/wild/flickr_wild_001298.jpg,flickr_wild_001298.jpg
1170,/nas-ctm01/datasets/public/AFHQ/resized/train/wild/flickr_wild_001300.jpg,flickr_wild_001300.jpg
1171,/nas-ctm01/datasets/public/AFHQ/resized/train/wild/flickr_wild_001301.jpg,flickr_wild_001301.jpg
1172,/nas-ctm01/datasets/public/AFHQ/resized/train/wild/flickr_wild_001302.jpg,flickr_wild_001302.jpg
1173,/nas-ctm01/datasets/public/AFHQ/resized/train/wild/flickr_wild_001303.jpg,flickr_wild_001303.jpg
1174,/nas-ctm01/datasets/public/AFHQ/resized/train/wild/flickr_wild_001304.jpg,flickr_wild_001304.jpg
1175,/nas-ctm01/datasets/public/AFHQ/resized/train/wild/flickr_wild_001305.jpg,flickr_wild_001305.jpg
1176,/nas-ctm01/datasets/public/AFHQ/resized/train/wild/flickr_wild_001306.jpg,flickr_wild_001306.jpg
1177,/nas-ctm01/datasets/public/AFHQ/resized/train/wild/flickr_wild_001307.jpg,flickr_wild_001307.jpg
1178,/nas-ctm01/datasets/public/AFHQ/resized/train/wild/flickr_wild_001309.jpg,flickr_wild_001309.jpg
1179,/nas-ctm01/datasets/public/AFHQ/resized/train/wild/flickr_wild_001310.jpg,flickr_wild_001310.jpg
1180,/nas-ctm01/datasets/public/AFHQ/resized/train/wild/flickr_wild_001311.jpg,flickr_wild_001311.jpg
1181,/nas-ctm01/datasets/public/AFHQ/resized/train/wild/flickr_wild_001313.jpg,flickr_wild_001313.jpg
1182,/nas-ctm01/datasets/public/AFHQ/resized/train/wild/flickr_wild_001314.jpg,flickr_wild_001314.jpg
1183,/nas-ctm01/datasets/public/AFHQ/resized/train/wild/flickr_wild_001315.jpg,flickr_wild_001315.jpg
1184,/nas-ctm01/datasets/public/AFHQ/resized/train/wild/flickr_wild_001316.jpg,flickr_wild_001316.jpg
1185,/nas-ctm01/datasets/public/AFHQ/resized/train/wild/flickr_wild_001317.jpg,flickr_wild_001317.jpg
1186,/nas-ctm01/datasets/public/AFHQ/resized/train/wild/flickr_wild_001318.jpg,flickr_wild_001318.jpg
1187,/nas-ctm01/datasets/public/AFHQ/resized/train/wild/flickr_wild_001320.jpg,flickr_wild_001320.jpg
1188,/nas-ctm01/datasets/public/AFHQ/resized/train/wild/flickr_wild_001322.jpg,flickr_wild_001322.jpg
1189,/nas-ctm01/datasets/public/AFHQ/resized/train/wild/flickr_wild_001323.jpg,flickr_wild_001323.jpg
1190,/nas-ctm01/datasets/public/AFHQ/resized/train/wild/flickr_wild_001324.jpg,flickr_wild_001324.jpg
1191,/nas-ctm01/datasets/public/AFHQ/resized/train/wild/flickr_wild_001326.jpg,flickr_wild_001326.jpg
1192,/nas-ctm01/datasets/public/AFHQ/resized/train/wild/flickr_wild_001328.jpg,flickr_wild_001328.jpg
1193,/nas-ctm01/datasets/public/AFHQ/resized/train/wild/flickr_wild_001331.jpg,flickr_wild_001331.jpg
1194,/nas-ctm01/datasets/public/AFHQ/resized/train/wild/flickr_wild_001333.jpg,flickr_wild_001333.jpg
1195,/nas-ctm01/datasets/public/AFHQ/resized/train/wild/flickr_wild_001334.jpg,flickr_wild_001334.jpg
1196,/nas-ctm01/datasets/public/AFHQ/resized/train/wild/flickr_wild_001335.jpg,flickr_wild_001335.jpg
1197,/nas-ctm01/datasets/public/AFHQ/resized/train/wild/flickr_wild_001336.jpg,flickr_wild_001336.jpg
1198,/nas-ctm01/datasets/public/AFHQ/resized/train/wild/flickr_wild_001337.jpg,flickr_wild_001337.jpg
1199,/nas-ctm01/datasets/public/AFHQ/resized/train/wild/flickr_wild_001338.jpg,flickr_wild_001338.jpg
1200,/nas-ctm01/datasets/public/AFHQ/resized/train/wild/flickr_wild_001339.jpg,flickr_wild_001339.jpg
1201,/nas-ctm01/datasets/public/AFHQ/resized/train/wild/flickr_wild_001340.jpg,flickr_wild_001340.jpg
1202,/nas-ctm01/datasets/public/AFHQ/resized/train/wild/flickr_wild_001341.jpg,flickr_wild_001341.jpg
1203,/nas-ctm01/datasets/public/AFHQ/resized/train/wild/flickr_wild_001342.jpg,flickr_wild_001342.jpg
1204,/nas-ctm01/datasets/public/AFHQ/resized/train/wild/flickr_wild_001343.jpg,flickr_wild_001343.jpg
1205,/nas-ctm01/datasets/public/AFHQ/resized/train/wild/flickr_wild_001344.jpg,flickr_wild_001344.jpg
1206,/nas-ctm01/datasets/public/AFHQ/resized/train/wild/flickr_wild_001345.jpg,flickr_wild_001345.jpg
1207,/nas-ctm01/datasets/public/AFHQ/resized/train/wild/flickr_wild_001346.jpg,flickr_wild_001346.jpg
1208,/nas-ctm01/datasets/public/AFHQ/resized/train/wild/flickr_wild_001347.jpg,flickr_wild_001347.jpg
1209,/nas-ctm01/datasets/public/AFHQ/resized/train/wild/flickr_wild_001348.jpg,flickr_wild_001348.jpg
1210,/nas-ctm01/datasets/public/AFHQ/resized/train/wild/flickr_wild_001349.jpg,flickr_wild_001349.jpg
1211,/nas-ctm01/datasets/public/AFHQ/resized/train/wild/flickr_wild_001350.jpg,flickr_wild_001350.jpg
1212,/nas-ctm01/datasets/public/AFHQ/resized/train/wild/flickr_wild_001351.jpg,flickr_wild_001351.jpg
1213,/nas-ctm01/datasets/public/AFHQ/resized/train/wild/flickr_wild_001352.jpg,flickr_wild_001352.jpg
1214,/nas-ctm01/datasets/public/AFHQ/resized/train/wild/flickr_wild_001353.jpg,flickr_wild_001353.jpg
1215,/nas-ctm01/datasets/public/AFHQ/resized/train/wild/flickr_wild_001355.jpg,flickr_wild_001355.jpg
1216,/nas-ctm01/datasets/public/AFHQ/resized/train/wild/flickr_wild_001356.jpg,flickr_wild_001356.jpg
1217,/nas-ctm01/datasets/public/AFHQ/resized/train/wild/flickr_wild_001357.jpg,flickr_wild_001357.jpg
1218,/nas-ctm01/datasets/public/AFHQ/resized/train/wild/flickr_wild_001358.jpg,flickr_wild_001358.jpg
1219,/nas-ctm01/datasets/public/AFHQ/resized/train/wild/flickr_wild_001359.jpg,flickr_wild_001359.jpg
1220,/nas-ctm01/datasets/public/AFHQ/resized/train/wild/flickr_wild_001360.jpg,flickr_wild_001360.jpg
1221,/nas-ctm01/datasets/public/AFHQ/resized/train/wild/flickr_wild_001361.jpg,flickr_wild_001361.jpg
1222,/nas-ctm01/datasets/public/AFHQ/resized/train/wild/flickr_wild_001362.jpg,flickr_wild_001362.jpg
1223,/nas-ctm01/datasets/public/AFHQ/resized/train/wild/flickr_wild_001363.jpg,flickr_wild_001363.jpg
1224,/nas-ctm01/datasets/public/AFHQ/resized/train/wild/flickr_wild_001364.jpg,flickr_wild_001364.jpg
1225,/nas-ctm01/datasets/public/AFHQ/resized/train/wild/flickr_wild_001365.jpg,flickr_wild_001365.jpg
1226,/nas-ctm01/datasets/public/AFHQ/resized/train/wild/flickr_wild_001366.jpg,flickr_wild_001366.jpg
1227,/nas-ctm01/datasets/public/AFHQ/resized/train/wild/flickr_wild_001367.jpg,flickr_wild_001367.jpg
1228,/nas-ctm01/datasets/public/AFHQ/resized/train/wild/flickr_wild_001368.jpg,flickr_wild_001368.jpg
1229,/nas-ctm01/datasets/public/AFHQ/resized/train/wild/flickr_wild_001369.jpg,flickr_wild_001369.jpg
1230,/nas-ctm01/datasets/public/AFHQ/resized/train/wild/flickr_wild_001370.jpg,flickr_wild_001370.jpg
1231,/nas-ctm01/datasets/public/AFHQ/resized/train/wild/flickr_wild_001371.jpg,flickr_wild_001371.jpg
1232,/nas-ctm01/datasets/public/AFHQ/resized/train/wild/flickr_wild_001372.jpg,flickr_wild_001372.jpg
1233,/nas-ctm01/datasets/public/AFHQ/resized/train/wild/flickr_wild_001373.jpg,flickr_wild_001373.jpg
1234,/nas-ctm01/datasets/public/AFHQ/resized/train/wild/flickr_wild_001374.jpg,flickr_wild_001374.jpg
1235,/nas-ctm01/datasets/public/AFHQ/resized/train/wild/flickr_wild_001375.jpg,flickr_wild_001375.jpg
1236,/nas-ctm01/datasets/public/AFHQ/resized/train/wild/flickr_wild_001376.jpg,flickr_wild_001376.jpg
1237,/nas-ctm01/datasets/public/AFHQ/resized/train/wild/flickr_wild_001377.jpg,flickr_wild_001377.jpg
1238,/nas-ctm01/datasets/public/AFHQ/resized/train/wild/flickr_wild_001378.jpg,flickr_wild_001378.jpg
1239,/nas-ctm01/datasets/public/AFHQ/resized/train/wild/flickr_wild_001379.jpg,flickr_wild_001379.jpg
1240,/nas-ctm01/datasets/public/AFHQ/resized/train/wild/flickr_wild_001380.jpg,flickr_wild_001380.jpg
1241,/nas-ctm01/datasets/public/AFHQ/resized/train/wild/flickr_wild_001381.jpg,flickr_wild_001381.jpg
1242,/nas-ctm01/datasets/public/AFHQ/resized/train/wild/flickr_wild_001382.jpg,flickr_wild_001382.jpg
1243,/nas-ctm01/datasets/public/AFHQ/resized/train/wild/flickr_wild_001384.jpg,flickr_wild_001384.jpg
1244,/nas-ctm01/datasets/public/AFHQ/resized/train/wild/flickr_wild_001385.jpg,flickr_wild_001385.jpg
1245,/nas-ctm01/datasets/public/AFHQ/resized/train/wild/flickr_wild_001386.jpg,flickr_wild_001386.jpg
1246,/nas-ctm01/datasets/public/AFHQ/resized/train/wild/flickr_wild_001387.jpg,flickr_wild_001387.jpg
1247,/nas-ctm01/datasets/public/AFHQ/resized/train/wild/flickr_wild_001388.jpg,flickr_wild_001388.jpg
1248,/nas-ctm01/datasets/public/AFHQ/resized/train/wild/flickr_wild_001389.jpg,flickr_wild_001389.jpg
1249,/nas-ctm01/datasets/public/AFHQ/resized/train/wild/flickr_wild_001390.jpg,flickr_wild_001390.jpg
1250,/nas-ctm01/datasets/public/AFHQ/resized/train/wild/flickr_wild_001391.jpg,flickr_wild_001391.jpg
1251,/nas-ctm01/datasets/public/AFHQ/resized/train/wild/flickr_wild_001392.jpg,flickr_wild_001392.jpg
1252,/nas-ctm01/datasets/public/AFHQ/resized/train/wild/flickr_wild_001393.jpg,flickr_wild_001393.jpg
1253,/nas-ctm01/datasets/public/AFHQ/resized/train/wild/flickr_wild_001394.jpg,flickr_wild_001394.jpg
1254,/nas-ctm01/datasets/public/AFHQ/resized/train/wild/flickr_wild_001395.jpg,flickr_wild_001395.jpg
1255,/nas-ctm01/datasets/public/AFHQ/resized/train/wild/flickr_wild_001396.jpg,flickr_wild_001396.jpg
1256,/nas-ctm01/datasets/public/AFHQ/resized/train/wild/flickr_wild_001399.jpg,flickr_wild_001399.jpg
1257,/nas-ctm01/datasets/public/AFHQ/resized/train/wild/flickr_wild_001400.jpg,flickr_wild_001400.jpg
1258,/nas-ctm01/datasets/public/AFHQ/resized/train/wild/flickr_wild_001401.jpg,flickr_wild_001401.jpg
1259,/nas-ctm01/datasets/public/AFHQ/resized/train/wild/flickr_wild_001403.jpg,flickr_wild_001403.jpg
1260,/nas-ctm01/datasets/public/AFHQ/resized/train/wild/flickr_wild_001404.jpg,flickr_wild_001404.jpg
1261,/nas-ctm01/datasets/public/AFHQ/resized/train/wild/flickr_wild_001405.jpg,flickr_wild_001405.jpg
1262,/nas-ctm01/datasets/public/AFHQ/resized/train/wild/flickr_wild_001406.jpg,flickr_wild_001406.jpg
1263,/nas-ctm01/datasets/public/AFHQ/resized/train/wild/flickr_wild_001407.jpg,flickr_wild_001407.jpg
1264,/nas-ctm01/datasets/public/AFHQ/resized/train/wild/flickr_wild_001408.jpg,flickr_wild_001408.jpg
1265,/nas-ctm01/datasets/public/AFHQ/resized/train/wild/flickr_wild_001409.jpg,flickr_wild_001409.jpg
1266,/nas-ctm01/datasets/public/AFHQ/resized/train/wild/flickr_wild_001410.jpg,flickr_wild_001410.jpg
1267,/nas-ctm01/datasets/public/AFHQ/resized/train/wild/flickr_wild_001411.jpg,flickr_wild_001411.jpg
1268,/nas-ctm01/datasets/public/AFHQ/resized/train/wild/flickr_wild_001412.jpg,flickr_wild_001412.jpg
1269,/nas-ctm01/datasets/public/AFHQ/resized/train/wild/flickr_wild_001413.jpg,flickr_wild_001413.jpg
1270,/nas-ctm01/datasets/public/AFHQ/resized/train/wild/flickr_wild_001414.jpg,flickr_wild_001414.jpg
1271,/nas-ctm01/datasets/public/AFHQ/resized/train/wild/flickr_wild_001415.jpg,flickr_wild_001415.jpg
1272,/nas-ctm01/datasets/public/AFHQ/resized/train/wild/flickr_wild_001416.jpg,flickr_wild_001416.jpg
1273,/nas-ctm01/datasets/public/AFHQ/resized/train/wild/flickr_wild_001417.jpg,flickr_wild_001417.jpg
1274,/nas-ctm01/datasets/public/AFHQ/resized/train/wild/flickr_wild_001418.jpg,flickr_wild_001418.jpg
1275,/nas-ctm01/datasets/public/AFHQ/resized/train/wild/flickr_wild_001419.jpg,flickr_wild_001419.jpg
1276,/nas-ctm01/datasets/public/AFHQ/resized/train/wild/flickr_wild_001420.jpg,flickr_wild_001420.jpg
1277,/nas-ctm01/datasets/public/AFHQ/resized/train/wild/flickr_wild_001421.jpg,flickr_wild_001421.jpg
1278,/nas-ctm01/datasets/public/AFHQ/resized/train/wild/flickr_wild_001422.jpg,flickr_wild_001422.jpg
1279,/nas-ctm01/datasets/public/AFHQ/resized/train/wild/flickr_wild_001423.jpg,flickr_wild_001423.jpg
1280,/nas-ctm01/datasets/public/AFHQ/resized/train/wild/flickr_wild_001424.jpg,flickr_wild_001424.jpg
1281,/nas-ctm01/datasets/public/AFHQ/resized/train/wild/flickr_wild_001425.jpg,flickr_wild_001425.jpg
1282,/nas-ctm01/datasets/public/AFHQ/resized/train/wild/flickr_wild_001426.jpg,flickr_wild_001426.jpg
1283,/nas-ctm01/datasets/public/AFHQ/resized/train/wild/flickr_wild_001427.jpg,flickr_wild_001427.jpg
1284,/nas-ctm01/datasets/public/AFHQ/resized/train/wild/flickr_wild_001428.jpg,flickr_wild_001428.jpg
1285,/nas-ctm01/datasets/public/AFHQ/resized/train/wild/flickr_wild_001429.jpg,flickr_wild_001429.jpg
1286,/nas-ctm01/datasets/public/AFHQ/resized/train/wild/flickr_wild_001430.jpg,flickr_wild_001430.jpg
1287,/nas-ctm01/datasets/public/AFHQ/resized/train/wild/flickr_wild_001431.jpg,flickr_wild_001431.jpg
1288,/nas-ctm01/datasets/public/AFHQ/resized/train/wild/flickr_wild_001433.jpg,flickr_wild_001433.jpg
1289,/nas-ctm01/datasets/public/AFHQ/resized/train/wild/flickr_wild_001435.jpg,flickr_wild_001435.jpg
1290,/nas-ctm01/datasets/public/AFHQ/resized/train/wild/flickr_wild_001437.jpg,flickr_wild_001437.jpg
1291,/nas-ctm01/datasets/public/AFHQ/resized/train/wild/flickr_wild_001438.jpg,flickr_wild_001438.jpg
1292,/nas-ctm01/datasets/public/AFHQ/resized/train/wild/flickr_wild_001439.jpg,flickr_wild_001439.jpg
1293,/nas-ctm01/datasets/public/AFHQ/resized/train/wild/flickr_wild_001440.jpg,flickr_wild_001440.jpg
1294,/nas-ctm01/datasets/public/AFHQ/resized/train/wild/flickr_wild_001441.jpg,flickr_wild_001441.jpg
1295,/nas-ctm01/datasets/public/AFHQ/resized/train/wild/flickr_wild_001442.jpg,flickr_wild_001442.jpg
1296,/nas-ctm01/datasets/public/AFHQ/resized/train/wild/flickr_wild_001443.jpg,flickr_wild_001443.jpg
1297,/nas-ctm01/datasets/public/AFHQ/resized/train/wild/flickr_wild_001444.jpg,flickr_wild_001444.jpg
1298,/nas-ctm01/datasets/public/AFHQ/resized/train/wild/flickr_wild_001445.jpg,flickr_wild_001445.jpg
1299,/nas-ctm01/datasets/public/AFHQ/resized/train/wild/flickr_wild_001446.jpg,flickr_wild_001446.jpg
1300,/nas-ctm01/datasets/public/AFHQ/resized/train/wild/flickr_wild_001447.jpg,flickr_wild_001447.jpg
1301,/nas-ctm01/datasets/public/AFHQ/resized/train/wild/flickr_wild_001449.jpg,flickr_wild_001449.jpg
1302,/nas-ctm01/datasets/public/AFHQ/resized/train/wild/flickr_wild_001450.jpg,flickr_wild_001450.jpg
1303,/nas-ctm01/datasets/public/AFHQ/resized/train/wild/flickr_wild_001451.jpg,flickr_wild_001451.jpg
1304,/nas-ctm01/datasets/public/AFHQ/resized/train/wild/flickr_wild_001452.jpg,flickr_wild_001452.jpg
1305,/nas-ctm01/datasets/public/AFHQ/resized/train/wild/flickr_wild_001453.jpg,flickr_wild_001453.jpg
1306,/nas-ctm01/datasets/public/AFHQ/resized/train/wild/flickr_wild_001454.jpg,flickr_wild_001454.jpg
1307,/nas-ctm01/datasets/public/AFHQ/resized/train/wild/flickr_wild_001455.jpg,flickr_wild_001455.jpg
1308,/nas-ctm01/datasets/public/AFHQ/resized/train/wild/flickr_wild_001456.jpg,flickr_wild_001456.jpg
1309,/nas-ctm01/datasets/public/AFHQ/resized/train/wild/flickr_wild_001458.jpg,flickr_wild_001458.jpg
1310,/nas-ctm01/datasets/public/AFHQ/resized/train/wild/flickr_wild_001459.jpg,flickr_wild_001459.jpg
1311,/nas-ctm01/datasets/public/AFHQ/resized/train/wild/flickr_wild_001461.jpg,flickr_wild_001461.jpg
1312,/nas-ctm01/datasets/public/AFHQ/resized/train/wild/flickr_wild_001462.jpg,flickr_wild_001462.jpg
1313,/nas-ctm01/datasets/public/AFHQ/resized/train/wild/flickr_wild_001463.jpg,flickr_wild_001463.jpg
1314,/nas-ctm01/datasets/public/AFHQ/resized/train/wild/flickr_wild_001464.jpg,flickr_wild_001464.jpg
1315,/nas-ctm01/datasets/public/AFHQ/resized/train/wild/flickr_wild_001465.jpg,flickr_wild_001465.jpg
1316,/nas-ctm01/datasets/public/AFHQ/resized/train/wild/flickr_wild_001466.jpg,flickr_wild_001466.jpg
1317,/nas-ctm01/datasets/public/AFHQ/resized/train/wild/flickr_wild_001467.jpg,flickr_wild_001467.jpg
1318,/nas-ctm01/datasets/public/AFHQ/resized/train/wild/flickr_wild_001468.jpg,flickr_wild_001468.jpg
1319,/nas-ctm01/datasets/public/AFHQ/resized/train/wild/flickr_wild_001470.jpg,flickr_wild_001470.jpg
1320,/nas-ctm01/datasets/public/AFHQ/resized/train/wild/flickr_wild_001471.jpg,flickr_wild_001471.jpg
1321,/nas-ctm01/datasets/public/AFHQ/resized/train/wild/flickr_wild_001472.jpg,flickr_wild_001472.jpg
1322,/nas-ctm01/datasets/public/AFHQ/resized/train/wild/flickr_wild_001473.jpg,flickr_wild_001473.jpg
1323,/nas-ctm01/datasets/public/AFHQ/resized/train/wild/flickr_wild_001474.jpg,flickr_wild_001474.jpg
1324,/nas-ctm01/datasets/public/AFHQ/resized/train/wild/flickr_wild_001476.jpg,flickr_wild_001476.jpg
1325,/nas-ctm01/datasets/public/AFHQ/resized/train/wild/flickr_wild_001477.jpg,flickr_wild_001477.jpg
1326,/nas-ctm01/datasets/public/AFHQ/resized/train/wild/flickr_wild_001478.jpg,flickr_wild_001478.jpg
1327,/nas-ctm01/datasets/public/AFHQ/resized/train/wild/flickr_wild_001479.jpg,flickr_wild_001479.jpg
1328,/nas-ctm01/datasets/public/AFHQ/resized/train/wild/flickr_wild_001480.jpg,flickr_wild_001480.jpg
1329,/nas-ctm01/datasets/public/AFHQ/resized/train/wild/flickr_wild_001481.jpg,flickr_wild_001481.jpg
1330,/nas-ctm01/datasets/public/AFHQ/resized/train/wild/flickr_wild_001482.jpg,flickr_wild_001482.jpg
1331,/nas-ctm01/datasets/public/AFHQ/resized/train/wild/flickr_wild_001483.jpg,flickr_wild_001483.jpg
1332,/nas-ctm01/datasets/public/AFHQ/resized/train/wild/flickr_wild_001484.jpg,flickr_wild_001484.jpg
1333,/nas-ctm01/datasets/public/AFHQ/resized/train/wild/flickr_wild_001485.jpg,flickr_wild_001485.jpg
1334,/nas-ctm01/datasets/public/AFHQ/resized/train/wild/flickr_wild_001486.jpg,flickr_wild_001486.jpg
1335,/nas-ctm01/datasets/public/AFHQ/resized/train/wild/flickr_wild_001487.jpg,flickr_wild_001487.jpg
1336,/nas-ctm01/datasets/public/AFHQ/resized/train/wild/flickr_wild_001488.jpg,flickr_wild_001488.jpg
1337,/nas-ctm01/datasets/public/AFHQ/resized/train/wild/flickr_wild_001489.jpg,flickr_wild_001489.jpg
1338,/nas-ctm01/datasets/public/AFHQ/resized/train/wild/flickr_wild_001490.jpg,flickr_wild_001490.jpg
1339,/nas-ctm01/datasets/public/AFHQ/resized/train/wild/flickr_wild_001491.jpg,flickr_wild_001491.jpg
1340,/nas-ctm01/datasets/public/AFHQ/resized/train/wild/flickr_wild_001492.jpg,flickr_wild_001492.jpg
1341,/nas-ctm01/datasets/public/AFHQ/resized/train/wild/flickr_wild_001493.jpg,flickr_wild_001493.jpg
1342,/nas-ctm01/datasets/public/AFHQ/resized/train/wild/flickr_wild_001494.jpg,flickr_wild_001494.jpg
1343,/nas-ctm01/datasets/public/AFHQ/resized/train/wild/flickr_wild_001495.jpg,flickr_wild_001495.jpg
1344,/nas-ctm01/datasets/public/AFHQ/resized/train/wild/flickr_wild_001496.jpg,flickr_wild_001496.jpg
1345,/nas-ctm01/datasets/public/AFHQ/resized/train/wild/flickr_wild_001497.jpg,flickr_wild_001497.jpg
1346,/nas-ctm01/datasets/public/AFHQ/resized/train/wild/flickr_wild_001498.jpg,flickr_wild_001498.jpg
1347,/nas-ctm01/datasets/public/AFHQ/resized/train/wild/flickr_wild_001499.jpg,flickr_wild_001499.jpg
1348,/nas-ctm01/datasets/public/AFHQ/resized/train/wild/flickr_wild_001500.jpg,flickr_wild_001500.jpg
1349,/nas-ctm01/datasets/public/AFHQ/resized/train/wild/flickr_wild_001501.jpg,flickr_wild_001501.jpg
1350,/nas-ctm01/datasets/public/AFHQ/resized/train/wild/flickr_wild_001502.jpg,flickr_wild_001502.jpg
1351,/nas-ctm01/datasets/public/AFHQ/resized/train/wild/flickr_wild_001503.jpg,flickr_wild_001503.jpg
1352,/nas-ctm01/datasets/public/AFHQ/resized/train/wild/flickr_wild_001504.jpg,flickr_wild_001504.jpg
1353,/nas-ctm01/datasets/public/AFHQ/resized/train/wild/flickr_wild_001505.jpg,flickr_wild_001505.jpg
1354,/nas-ctm01/datasets/public/AFHQ/resized/train/wild/flickr_wild_001506.jpg,flickr_wild_001506.jpg
1355,/nas-ctm01/datasets/public/AFHQ/resized/train/wild/flickr_wild_001507.jpg,flickr_wild_001507.jpg
1356,/nas-ctm01/datasets/public/AFHQ/resized/train/wild/flickr_wild_001509.jpg,flickr_wild_001509.jpg
1357,/nas-ctm01/datasets/public/AFHQ/resized/train/wild/flickr_wild_001510.jpg,flickr_wild_001510.jpg
1358,/nas-ctm01/datasets/public/AFHQ/resized/train/wild/flickr_wild_001511.jpg,flickr_wild_001511.jpg
1359,/nas-ctm01/datasets/public/AFHQ/resized/train/wild/flickr_wild_001512.jpg,flickr_wild_001512.jpg
1360,/nas-ctm01/datasets/public/AFHQ/resized/train/wild/flickr_wild_001513.jpg,flickr_wild_001513.jpg
1361,/nas-ctm01/datasets/public/AFHQ/resized/train/wild/flickr_wild_001514.jpg,flickr_wild_001514.jpg
1362,/nas-ctm01/datasets/public/AFHQ/resized/train/wild/flickr_wild_001515.jpg,flickr_wild_001515.jpg
1363,/nas-ctm01/datasets/public/AFHQ/resized/train/wild/flickr_wild_001516.jpg,flickr_wild_001516.jpg
1364,/nas-ctm01/datasets/public/AFHQ/resized/train/wild/flickr_wild_001518.jpg,flickr_wild_001518.jpg
1365,/nas-ctm01/datasets/public/AFHQ/resized/train/wild/flickr_wild_001519.jpg,flickr_wild_001519.jpg
1366,/nas-ctm01/datasets/public/AFHQ/resized/train/wild/flickr_wild_001520.jpg,flickr_wild_001520.jpg
1367,/nas-ctm01/datasets/public/AFHQ/resized/train/wild/flickr_wild_001521.jpg,flickr_wild_001521.jpg
1368,/nas-ctm01/datasets/public/AFHQ/resized/train/wild/flickr_wild_001522.jpg,flickr_wild_001522.jpg
1369,/nas-ctm01/datasets/public/AFHQ/resized/train/wild/flickr_wild_001523.jpg,flickr_wild_001523.jpg
1370,/nas-ctm01/datasets/public/AFHQ/resized/train/wild/flickr_wild_001524.jpg,flickr_wild_001524.jpg
1371,/nas-ctm01/datasets/public/AFHQ/resized/train/wild/flickr_wild_001525.jpg,flickr_wild_001525.jpg
1372,/nas-ctm01/datasets/public/AFHQ/resized/train/wild/flickr_wild_001526.jpg,flickr_wild_001526.jpg
1373,/nas-ctm01/datasets/public/AFHQ/resized/train/wild/flickr_wild_001527.jpg,flickr_wild_001527.jpg
1374,/nas-ctm01/datasets/public/AFHQ/resized/train/wild/flickr_wild_001528.jpg,flickr_wild_001528.jpg
1375,/nas-ctm01/datasets/public/AFHQ/resized/train/wild/flickr_wild_001529.jpg,flickr_wild_001529.jpg
1376,/nas-ctm01/datasets/public/AFHQ/resized/train/wild/flickr_wild_001530.jpg,flickr_wild_001530.jpg
1377,/nas-ctm01/datasets/public/AFHQ/resized/train/wild/flickr_wild_001531.jpg,flickr_wild_001531.jpg
1378,/nas-ctm01/datasets/public/AFHQ/resized/train/wild/flickr_wild_001532.jpg,flickr_wild_001532.jpg
1379,/nas-ctm01/datasets/public/AFHQ/resized/train/wild/flickr_wild_001533.jpg,flickr_wild_001533.jpg
1380,/nas-ctm01/datasets/public/AFHQ/resized/train/wild/flickr_wild_001534.jpg,flickr_wild_001534.jpg
1381,/nas-ctm01/datasets/public/AFHQ/resized/train/wild/flickr_wild_001535.jpg,flickr_wild_001535.jpg
1382,/nas-ctm01/datasets/public/AFHQ/resized/train/wild/flickr_wild_001536.jpg,flickr_wild_001536.jpg
1383,/nas-ctm01/datasets/public/AFHQ/resized/train/wild/flickr_wild_001537.jpg,flickr_wild_001537.jpg
1384,/nas-ctm01/datasets/public/AFHQ/resized/train/wild/flickr_wild_001538.jpg,flickr_wild_001538.jpg
1385,/nas-ctm01/datasets/public/AFHQ/resized/train/wild/flickr_wild_001539.jpg,flickr_wild_001539.jpg
1386,/nas-ctm01/datasets/public/AFHQ/resized/train/wild/flickr_wild_001540.jpg,flickr_wild_001540.jpg
1387,/nas-ctm01/datasets/public/AFHQ/resized/train/wild/flickr_wild_001541.jpg,flickr_wild_001541.jpg
1388,/nas-ctm01/datasets/public/AFHQ/resized/train/wild/flickr_wild_001542.jpg,flickr_wild_001542.jpg
1389,/nas-ctm01/datasets/public/AFHQ/resized/train/wild/flickr_wild_001543.jpg,flickr_wild_001543.jpg
1390,/nas-ctm01/datasets/public/AFHQ/resized/train/wild/flickr_wild_001544.jpg,flickr_wild_001544.jpg
1391,/nas-ctm01/datasets/public/AFHQ/resized/train/wild/flickr_wild_001546.jpg,flickr_wild_001546.jpg
1392,/nas-ctm01/datasets/public/AFHQ/resized/train/wild/flickr_wild_001548.jpg,flickr_wild_001548.jpg
1393,/nas-ctm01/datasets/public/AFHQ/resized/train/wild/flickr_wild_001549.jpg,flickr_wild_001549.jpg
1394,/nas-ctm01/datasets/public/AFHQ/resized/train/wild/flickr_wild_001550.jpg,flickr_wild_001550.jpg
1395,/nas-ctm01/datasets/public/AFHQ/resized/train/wild/flickr_wild_001551.jpg,flickr_wild_001551.jpg
1396,/nas-ctm01/datasets/public/AFHQ/resized/train/wild/flickr_wild_001553.jpg,flickr_wild_001553.jpg
1397,/nas-ctm01/datasets/public/AFHQ/resized/train/wild/flickr_wild_001554.jpg,flickr_wild_001554.jpg
1398,/nas-ctm01/datasets/public/AFHQ/resized/train/wild/flickr_wild_001555.jpg,flickr_wild_001555.jpg
1399,/nas-ctm01/datasets/public/AFHQ/resized/train/wild/flickr_wild_001556.jpg,flickr_wild_001556.jpg
1400,/nas-ctm01/datasets/public/AFHQ/resized/train/wild/flickr_wild_001557.jpg,flickr_wild_001557.jpg
1401,/nas-ctm01/datasets/public/AFHQ/resized/train/wild/flickr_wild_001558.jpg,flickr_wild_001558.jpg
1402,/nas-ctm01/datasets/public/AFHQ/resized/train/wild/flickr_wild_001559.jpg,flickr_wild_001559.jpg
1403,/nas-ctm01/datasets/public/AFHQ/resized/train/wild/flickr_wild_001560.jpg,flickr_wild_001560.jpg
1404,/nas-ctm01/datasets/public/AFHQ/resized/train/wild/flickr_wild_001561.jpg,flickr_wild_001561.jpg
1405,/nas-ctm01/datasets/public/AFHQ/resized/train/wild/flickr_wild_001562.jpg,flickr_wild_001562.jpg
1406,/nas-ctm01/datasets/public/AFHQ/resized/train/wild/flickr_wild_001564.jpg,flickr_wild_001564.jpg
1407,/nas-ctm01/datasets/public/AFHQ/resized/train/wild/flickr_wild_001565.jpg,flickr_wild_001565.jpg
1408,/nas-ctm01/datasets/public/AFHQ/resized/train/wild/flickr_wild_001566.jpg,flickr_wild_001566.jpg
1409,/nas-ctm01/datasets/public/AFHQ/resized/train/wild/flickr_wild_001567.jpg,flickr_wild_001567.jpg
1410,/nas-ctm01/datasets/public/AFHQ/resized/train/wild/flickr_wild_001568.jpg,flickr_wild_001568.jpg
1411,/nas-ctm01/datasets/public/AFHQ/resized/train/wild/flickr_wild_001569.jpg,flickr_wild_001569.jpg
1412,/nas-ctm01/datasets/public/AFHQ/resized/train/wild/flickr_wild_001570.jpg,flickr_wild_001570.jpg
1413,/nas-ctm01/datasets/public/AFHQ/resized/train/wild/flickr_wild_001571.jpg,flickr_wild_001571.jpg
1414,/nas-ctm01/datasets/public/AFHQ/resized/train/wild/flickr_wild_001572.jpg,flickr_wild_001572.jpg
1415,/nas-ctm01/datasets/public/AFHQ/resized/train/wild/flickr_wild_001573.jpg,flickr_wild_001573.jpg
1416,/nas-ctm01/datasets/public/AFHQ/resized/train/wild/flickr_wild_001574.jpg,flickr_wild_001574.jpg
1417,/nas-ctm01/datasets/public/AFHQ/resized/train/wild/flickr_wild_001575.jpg,flickr_wild_001575.jpg
1418,/nas-ctm01/datasets/public/AFHQ/resized/train/wild/flickr_wild_001577.jpg,flickr_wild_001577.jpg
1419,/nas-ctm01/datasets/public/AFHQ/resized/train/wild/flickr_wild_001578.jpg,flickr_wild_001578.jpg
1420,/nas-ctm01/datasets/public/AFHQ/resized/train/wild/flickr_wild_001579.jpg,flickr_wild_001579.jpg
1421,/nas-ctm01/datasets/public/AFHQ/resized/train/wild/flickr_wild_001580.jpg,flickr_wild_001580.jpg
1422,/nas-ctm01/datasets/public/AFHQ/resized/train/wild/flickr_wild_001581.jpg,flickr_wild_001581.jpg
1423,/nas-ctm01/datasets/public/AFHQ/resized/train/wild/flickr_wild_001582.jpg,flickr_wild_001582.jpg
1424,/nas-ctm01/datasets/public/AFHQ/resized/train/wild/flickr_wild_001584.jpg,flickr_wild_001584.jpg
1425,/nas-ctm01/datasets/public/AFHQ/resized/train/wild/flickr_wild_001585.jpg,flickr_wild_001585.jpg
1426,/nas-ctm01/datasets/public/AFHQ/resized/train/wild/flickr_wild_001586.jpg,flickr_wild_001586.jpg
1427,/nas-ctm01/datasets/public/AFHQ/resized/train/wild/flickr_wild_001588.jpg,flickr_wild_001588.jpg
1428,/nas-ctm01/datasets/public/AFHQ/resized/train/wild/flickr_wild_001589.jpg,flickr_wild_001589.jpg
1429,/nas-ctm01/datasets/public/AFHQ/resized/train/wild/flickr_wild_001590.jpg,flickr_wild_001590.jpg
1430,/nas-ctm01/datasets/public/AFHQ/resized/train/wild/flickr_wild_001591.jpg,flickr_wild_001591.jpg
1431,/nas-ctm01/datasets/public/AFHQ/resized/train/wild/flickr_wild_001592.jpg,flickr_wild_001592.jpg
1432,/nas-ctm01/datasets/public/AFHQ/resized/train/wild/flickr_wild_001593.jpg,flickr_wild_001593.jpg
1433,/nas-ctm01/datasets/public/AFHQ/resized/train/wild/flickr_wild_001594.jpg,flickr_wild_001594.jpg
1434,/nas-ctm01/datasets/public/AFHQ/resized/train/wild/flickr_wild_001595.jpg,flickr_wild_001595.jpg
1435,/nas-ctm01/datasets/public/AFHQ/resized/train/wild/flickr_wild_001596.jpg,flickr_wild_001596.jpg
1436,/nas-ctm01/datasets/public/AFHQ/resized/train/wild/flickr_wild_001597.jpg,flickr_wild_001597.jpg
1437,/nas-ctm01/datasets/public/AFHQ/resized/train/wild/flickr_wild_001599.jpg,flickr_wild_001599.jpg
1438,/nas-ctm01/datasets/public/AFHQ/resized/train/wild/flickr_wild_001600.jpg,flickr_wild_001600.jpg
1439,/nas-ctm01/datasets/public/AFHQ/resized/train/wild/flickr_wild_001601.jpg,flickr_wild_001601.jpg
1440,/nas-ctm01/datasets/public/AFHQ/resized/train/wild/flickr_wild_001603.jpg,flickr_wild_001603.jpg
1441,/nas-ctm01/datasets/public/AFHQ/resized/train/wild/flickr_wild_001604.jpg,flickr_wild_001604.jpg
1442,/nas-ctm01/datasets/public/AFHQ/resized/train/wild/flickr_wild_001605.jpg,flickr_wild_001605.jpg
1443,/nas-ctm01/datasets/public/AFHQ/resized/train/wild/flickr_wild_001607.jpg,flickr_wild_001607.jpg
1444,/nas-ctm01/datasets/public/AFHQ/resized/train/wild/flickr_wild_001608.jpg,flickr_wild_001608.jpg
1445,/nas-ctm01/datasets/public/AFHQ/resized/train/wild/flickr_wild_001609.jpg,flickr_wild_001609.jpg
1446,/nas-ctm01/datasets/public/AFHQ/resized/train/wild/flickr_wild_001610.jpg,flickr_wild_001610.jpg
1447,/nas-ctm01/datasets/public/AFHQ/resized/train/wild/flickr_wild_001611.jpg,flickr_wild_001611.jpg
1448,/nas-ctm01/datasets/public/AFHQ/resized/train/wild/flickr_wild_001612.jpg,flickr_wild_001612.jpg
1449,/nas-ctm01/datasets/public/AFHQ/resized/train/wild/flickr_wild_001613.jpg,flickr_wild_001613.jpg
1450,/nas-ctm01/datasets/public/AFHQ/resized/train/wild/flickr_wild_001614.jpg,flickr_wild_001614.jpg
1451,/nas-ctm01/datasets/public/AFHQ/resized/train/wild/flickr_wild_001615.jpg,flickr_wild_001615.jpg
1452,/nas-ctm01/datasets/public/AFHQ/resized/train/wild/flickr_wild_001616.jpg,flickr_wild_001616.jpg
1453,/nas-ctm01/datasets/public/AFHQ/resized/train/wild/flickr_wild_001617.jpg,flickr_wild_001617.jpg
1454,/nas-ctm01/datasets/public/AFHQ/resized/train/wild/flickr_wild_001618.jpg,flickr_wild_001618.jpg
1455,/nas-ctm01/datasets/public/AFHQ/resized/train/wild/flickr_wild_001620.jpg,flickr_wild_001620.jpg
1456,/nas-ctm01/datasets/public/AFHQ/resized/train/wild/flickr_wild_001621.jpg,flickr_wild_001621.jpg
1457,/nas-ctm01/datasets/public/AFHQ/resized/train/wild/flickr_wild_001622.jpg,flickr_wild_001622.jpg
1458,/nas-ctm01/datasets/public/AFHQ/resized/train/wild/flickr_wild_001623.jpg,flickr_wild_001623.jpg
1459,/nas-ctm01/datasets/public/AFHQ/resized/train/wild/flickr_wild_001624.jpg,flickr_wild_001624.jpg
1460,/nas-ctm01/datasets/public/AFHQ/resized/train/wild/flickr_wild_001626.jpg,flickr_wild_001626.jpg
1461,/nas-ctm01/datasets/public/AFHQ/resized/train/wild/flickr_wild_001628.jpg,flickr_wild_001628.jpg
1462,/nas-ctm01/datasets/public/AFHQ/resized/train/wild/flickr_wild_001629.jpg,flickr_wild_001629.jpg
1463,/nas-ctm01/datasets/public/AFHQ/resized/train/wild/flickr_wild_001630.jpg,flickr_wild_001630.jpg
1464,/nas-ctm01/datasets/public/AFHQ/resized/train/wild/flickr_wild_001631.jpg,flickr_wild_001631.jpg
1465,/nas-ctm01/datasets/public/AFHQ/resized/train/wild/flickr_wild_001632.jpg,flickr_wild_001632.jpg
1466,/nas-ctm01/datasets/public/AFHQ/resized/train/wild/flickr_wild_001633.jpg,flickr_wild_001633.jpg
1467,/nas-ctm01/datasets/public/AFHQ/resized/train/wild/flickr_wild_001635.jpg,flickr_wild_001635.jpg
1468,/nas-ctm01/datasets/public/AFHQ/resized/train/wild/flickr_wild_001636.jpg,flickr_wild_001636.jpg
1469,/nas-ctm01/datasets/public/AFHQ/resized/train/wild/flickr_wild_001637.jpg,flickr_wild_001637.jpg
1470,/nas-ctm01/datasets/public/AFHQ/resized/train/wild/flickr_wild_001638.jpg,flickr_wild_001638.jpg
1471,/nas-ctm01/datasets/public/AFHQ/resized/train/wild/flickr_wild_001639.jpg,flickr_wild_001639.jpg
1472,/nas-ctm01/datasets/public/AFHQ/resized/train/wild/flickr_wild_001640.jpg,flickr_wild_001640.jpg
1473,/nas-ctm01/datasets/public/AFHQ/resized/train/wild/flickr_wild_001642.jpg,flickr_wild_001642.jpg
1474,/nas-ctm01/datasets/public/AFHQ/resized/train/wild/flickr_wild_001643.jpg,flickr_wild_001643.jpg
1475,/nas-ctm01/datasets/public/AFHQ/resized/train/wild/flickr_wild_001644.jpg,flickr_wild_001644.jpg
1476,/nas-ctm01/datasets/public/AFHQ/resized/train/wild/flickr_wild_001645.jpg,flickr_wild_001645.jpg
1477,/nas-ctm01/datasets/public/AFHQ/resized/train/wild/flickr_wild_001646.jpg,flickr_wild_001646.jpg
1478,/nas-ctm01/datasets/public/AFHQ/resized/train/wild/flickr_wild_001647.jpg,flickr_wild_001647.jpg
1479,/nas-ctm01/datasets/public/AFHQ/resized/train/wild/flickr_wild_001648.jpg,flickr_wild_001648.jpg
1480,/nas-ctm01/datasets/public/AFHQ/resized/train/wild/flickr_wild_001649.jpg,flickr_wild_001649.jpg
1481,/nas-ctm01/datasets/public/AFHQ/resized/train/wild/flickr_wild_001650.jpg,flickr_wild_001650.jpg
1482,/nas-ctm01/datasets/public/AFHQ/resized/train/wild/flickr_wild_001651.jpg,flickr_wild_001651.jpg
1483,/nas-ctm01/datasets/public/AFHQ/resized/train/wild/flickr_wild_001652.jpg,flickr_wild_001652.jpg
1484,/nas-ctm01/datasets/public/AFHQ/resized/train/wild/flickr_wild_001653.jpg,flickr_wild_001653.jpg
1485,/nas-ctm01/datasets/public/AFHQ/resized/train/wild/flickr_wild_001654.jpg,flickr_wild_001654.jpg
1486,/nas-ctm01/datasets/public/AFHQ/resized/train/wild/flickr_wild_001655.jpg,flickr_wild_001655.jpg
1487,/nas-ctm01/datasets/public/AFHQ/resized/train/wild/flickr_wild_001656.jpg,flickr_wild_001656.jpg
1488,/nas-ctm01/datasets/public/AFHQ/resized/train/wild/flickr_wild_001657.jpg,flickr_wild_001657.jpg
1489,/nas-ctm01/datasets/public/AFHQ/resized/train/wild/flickr_wild_001659.jpg,flickr_wild_001659.jpg
1490,/nas-ctm01/datasets/public/AFHQ/resized/train/wild/flickr_wild_001660.jpg,flickr_wild_001660.jpg
1491,/nas-ctm01/datasets/public/AFHQ/resized/train/wild/flickr_wild_001661.jpg,flickr_wild_001661.jpg
1492,/nas-ctm01/datasets/public/AFHQ/resized/train/wild/flickr_wild_001662.jpg,flickr_wild_001662.jpg
1493,/nas-ctm01/datasets/public/AFHQ/resized/train/wild/flickr_wild_001663.jpg,flickr_wild_001663.jpg
1494,/nas-ctm01/datasets/public/AFHQ/resized/train/wild/flickr_wild_001664.jpg,flickr_wild_001664.jpg
1495,/nas-ctm01/datasets/public/AFHQ/resized/train/wild/flickr_wild_001665.jpg,flickr_wild_001665.jpg
1496,/nas-ctm01/datasets/public/AFHQ/resized/train/wild/flickr_wild_001666.jpg,flickr_wild_001666.jpg
1497,/nas-ctm01/datasets/public/AFHQ/resized/train/wild/flickr_wild_001667.jpg,flickr_wild_001667.jpg
1498,/nas-ctm01/datasets/public/AFHQ/resized/train/wild/flickr_wild_001668.jpg,flickr_wild_001668.jpg
1499,/nas-ctm01/datasets/public/AFHQ/resized/train/wild/flickr_wild_001669.jpg,flickr_wild_001669.jpg
1500,/nas-ctm01/datasets/public/AFHQ/resized/train/wild/flickr_wild_001670.jpg,flickr_wild_001670.jpg
1501,/nas-ctm01/datasets/public/AFHQ/resized/train/wild/flickr_wild_001671.jpg,flickr_wild_001671.jpg
1502,/nas-ctm01/datasets/public/AFHQ/resized/train/wild/flickr_wild_001672.jpg,flickr_wild_001672.jpg
1503,/nas-ctm01/datasets/public/AFHQ/resized/train/wild/flickr_wild_001673.jpg,flickr_wild_001673.jpg
1504,/nas-ctm01/datasets/public/AFHQ/resized/train/wild/flickr_wild_001674.jpg,flickr_wild_001674.jpg
1505,/nas-ctm01/datasets/public/AFHQ/resized/train/wild/flickr_wild_001675.jpg,flickr_wild_001675.jpg
1506,/nas-ctm01/datasets/public/AFHQ/resized/train/wild/flickr_wild_001676.jpg,flickr_wild_001676.jpg
1507,/nas-ctm01/datasets/public/AFHQ/resized/train/wild/flickr_wild_001677.jpg,flickr_wild_001677.jpg
1508,/nas-ctm01/datasets/public/AFHQ/resized/train/wild/flickr_wild_001678.jpg,flickr_wild_001678.jpg
1509,/nas-ctm01/datasets/public/AFHQ/resized/train/wild/flickr_wild_001679.jpg,flickr_wild_001679.jpg
1510,/nas-ctm01/datasets/public/AFHQ/resized/train/wild/flickr_wild_001680.jpg,flickr_wild_001680.jpg
1511,/nas-ctm01/datasets/public/AFHQ/resized/train/wild/flickr_wild_001681.jpg,flickr_wild_001681.jpg
1512,/nas-ctm01/datasets/public/AFHQ/resized/train/wild/flickr_wild_001682.jpg,flickr_wild_001682.jpg
1513,/nas-ctm01/datasets/public/AFHQ/resized/train/wild/flickr_wild_001684.jpg,flickr_wild_001684.jpg
1514,/nas-ctm01/datasets/public/AFHQ/resized/train/wild/flickr_wild_001685.jpg,flickr_wild_001685.jpg
1515,/nas-ctm01/datasets/public/AFHQ/resized/train/wild/flickr_wild_001686.jpg,flickr_wild_001686.jpg
1516,/nas-ctm01/datasets/public/AFHQ/resized/train/wild/flickr_wild_001687.jpg,flickr_wild_001687.jpg
1517,/nas-ctm01/datasets/public/AFHQ/resized/train/wild/flickr_wild_001688.jpg,flickr_wild_001688.jpg
1518,/nas-ctm01/datasets/public/AFHQ/resized/train/wild/flickr_wild_001689.jpg,flickr_wild_001689.jpg
1519,/nas-ctm01/datasets/public/AFHQ/resized/train/wild/flickr_wild_001690.jpg,flickr_wild_001690.jpg
1520,/nas-ctm01/datasets/public/AFHQ/resized/train/wild/flickr_wild_001691.jpg,flickr_wild_001691.jpg
1521,/nas-ctm01/datasets/public/AFHQ/resized/train/wild/flickr_wild_001693.jpg,flickr_wild_001693.jpg
1522,/nas-ctm01/datasets/public/AFHQ/resized/train/wild/flickr_wild_001694.jpg,flickr_wild_001694.jpg
1523,/nas-ctm01/datasets/public/AFHQ/resized/train/wild/flickr_wild_001695.jpg,flickr_wild_001695.jpg
1524,/nas-ctm01/datasets/public/AFHQ/resized/train/wild/flickr_wild_001696.jpg,flickr_wild_001696.jpg
1525,/nas-ctm01/datasets/public/AFHQ/resized/train/wild/flickr_wild_001697.jpg,flickr_wild_001697.jpg
1526,/nas-ctm01/datasets/public/AFHQ/resized/train/wild/flickr_wild_001698.jpg,flickr_wild_001698.jpg
1527,/nas-ctm01/datasets/public/AFHQ/resized/train/wild/flickr_wild_001699.jpg,flickr_wild_001699.jpg
1528,/nas-ctm01/datasets/public/AFHQ/resized/train/wild/flickr_wild_001700.jpg,flickr_wild_001700.jpg
1529,/nas-ctm01/datasets/public/AFHQ/resized/train/wild/flickr_wild_001701.jpg,flickr_wild_001701.jpg
1530,/nas-ctm01/datasets/public/AFHQ/resized/train/wild/flickr_wild_001702.jpg,flickr_wild_001702.jpg
1531,/nas-ctm01/datasets/public/AFHQ/resized/train/wild/flickr_wild_001703.jpg,flickr_wild_001703.jpg
1532,/nas-ctm01/datasets/public/AFHQ/resized/train/wild/flickr_wild_001704.jpg,flickr_wild_001704.jpg
1533,/nas-ctm01/datasets/public/AFHQ/resized/train/wild/flickr_wild_001705.jpg,flickr_wild_001705.jpg
1534,/nas-ctm01/datasets/public/AFHQ/resized/train/wild/flickr_wild_001706.jpg,flickr_wild_001706.jpg
1535,/nas-ctm01/datasets/public/AFHQ/resized/train/wild/flickr_wild_001707.jpg,flickr_wild_001707.jpg
1536,/nas-ctm01/datasets/public/AFHQ/resized/train/wild/flickr_wild_001708.jpg,flickr_wild_001708.jpg
1537,/nas-ctm01/datasets/public/AFHQ/resized/train/wild/flickr_wild_001709.jpg,flickr_wild_001709.jpg
1538,/nas-ctm01/datasets/public/AFHQ/resized/train/wild/flickr_wild_001710.jpg,flickr_wild_001710.jpg
1539,/nas-ctm01/datasets/public/AFHQ/resized/train/wild/flickr_wild_001712.jpg,flickr_wild_001712.jpg
1540,/nas-ctm01/datasets/public/AFHQ/resized/train/wild/flickr_wild_001713.jpg,flickr_wild_001713.jpg
1541,/nas-ctm01/datasets/public/AFHQ/resized/train/wild/flickr_wild_001714.jpg,flickr_wild_001714.jpg
1542,/nas-ctm01/datasets/public/AFHQ/resized/train/wild/flickr_wild_001715.jpg,flickr_wild_001715.jpg
1543,/nas-ctm01/datasets/public/AFHQ/resized/train/wild/flickr_wild_001716.jpg,flickr_wild_001716.jpg
1544,/nas-ctm01/datasets/public/AFHQ/resized/train/wild/flickr_wild_001717.jpg,flickr_wild_001717.jpg
1545,/nas-ctm01/datasets/public/AFHQ/resized/train/wild/flickr_wild_001718.jpg,flickr_wild_001718.jpg
1546,/nas-ctm01/datasets/public/AFHQ/resized/train/wild/flickr_wild_001719.jpg,flickr_wild_001719.jpg
1547,/nas-ctm01/datasets/public/AFHQ/resized/train/wild/flickr_wild_001720.jpg,flickr_wild_001720.jpg
1548,/nas-ctm01/datasets/public/AFHQ/resized/train/wild/flickr_wild_001721.jpg,flickr_wild_001721.jpg
1549,/nas-ctm01/datasets/public/AFHQ/resized/train/wild/flickr_wild_001722.jpg,flickr_wild_001722.jpg
1550,/nas-ctm01/datasets/public/AFHQ/resized/train/wild/flickr_wild_001723.jpg,flickr_wild_001723.jpg
1551,/nas-ctm01/datasets/public/AFHQ/resized/train/wild/flickr_wild_001724.jpg,flickr_wild_001724.jpg
1552,/nas-ctm01/datasets/public/AFHQ/resized/train/wild/flickr_wild_001725.jpg,flickr_wild_001725.jpg
1553,/nas-ctm01/datasets/public/AFHQ/resized/train/wild/flickr_wild_001726.jpg,flickr_wild_001726.jpg
1554,/nas-ctm01/datasets/public/AFHQ/resized/train/wild/flickr_wild_001727.jpg,flickr_wild_001727.jpg
1555,/nas-ctm01/datasets/public/AFHQ/resized/train/wild/flickr_wild_001728.jpg,flickr_wild_001728.jpg
1556,/nas-ctm01/datasets/public/AFHQ/resized/train/wild/flickr_wild_001729.jpg,flickr_wild_001729.jpg
1557,/nas-ctm01/datasets/public/AFHQ/resized/train/wild/flickr_wild_001730.jpg,flickr_wild_001730.jpg
1558,/nas-ctm01/datasets/public/AFHQ/resized/train/wild/flickr_wild_001731.jpg,flickr_wild_001731.jpg
1559,/nas-ctm01/datasets/public/AFHQ/resized/train/wild/flickr_wild_001733.jpg,flickr_wild_001733.jpg
1560,/nas-ctm01/datasets/public/AFHQ/resized/train/wild/flickr_wild_001734.jpg,flickr_wild_001734.jpg
1561,/nas-ctm01/datasets/public/AFHQ/resized/train/wild/flickr_wild_001735.jpg,flickr_wild_001735.jpg
1562,/nas-ctm01/datasets/public/AFHQ/resized/train/wild/flickr_wild_001736.jpg,flickr_wild_001736.jpg
1563,/nas-ctm01/datasets/public/AFHQ/resized/train/wild/flickr_wild_001738.jpg,flickr_wild_001738.jpg
1564,/nas-ctm01/datasets/public/AFHQ/resized/train/wild/flickr_wild_001739.jpg,flickr_wild_001739.jpg
1565,/nas-ctm01/datasets/public/AFHQ/resized/train/wild/flickr_wild_001740.jpg,flickr_wild_001740.jpg
1566,/nas-ctm01/datasets/public/AFHQ/resized/train/wild/flickr_wild_001741.jpg,flickr_wild_001741.jpg
1567,/nas-ctm01/datasets/public/AFHQ/resized/train/wild/flickr_wild_001742.jpg,flickr_wild_001742.jpg
1568,/nas-ctm01/datasets/public/AFHQ/resized/train/wild/flickr_wild_001743.jpg,flickr_wild_001743.jpg
1569,/nas-ctm01/datasets/public/AFHQ/resized/train/wild/flickr_wild_001744.jpg,flickr_wild_001744.jpg
1570,/nas-ctm01/datasets/public/AFHQ/resized/train/wild/flickr_wild_001745.jpg,flickr_wild_001745.jpg
1571,/nas-ctm01/datasets/public/AFHQ/resized/train/wild/flickr_wild_001746.jpg,flickr_wild_001746.jpg
1572,/nas-ctm01/datasets/public/AFHQ/resized/train/wild/flickr_wild_001747.jpg,flickr_wild_001747.jpg
1573,/nas-ctm01/datasets/public/AFHQ/resized/train/wild/flickr_wild_001748.jpg,flickr_wild_001748.jpg
1574,/nas-ctm01/datasets/public/AFHQ/resized/train/wild/flickr_wild_001749.jpg,flickr_wild_001749.jpg
1575,/nas-ctm01/datasets/public/AFHQ/resized/train/wild/flickr_wild_001750.jpg,flickr_wild_001750.jpg
1576,/nas-ctm01/datasets/public/AFHQ/resized/train/wild/flickr_wild_001751.jpg,flickr_wild_001751.jpg
1577,/nas-ctm01/datasets/public/AFHQ/resized/train/wild/flickr_wild_001752.jpg,flickr_wild_001752.jpg
1578,/nas-ctm01/datasets/public/AFHQ/resized/train/wild/flickr_wild_001753.jpg,flickr_wild_001753.jpg
1579,/nas-ctm01/datasets/public/AFHQ/resized/train/wild/flickr_wild_001754.jpg,flickr_wild_001754.jpg
1580,/nas-ctm01/datasets/public/AFHQ/resized/train/wild/flickr_wild_001755.jpg,flickr_wild_001755.jpg
1581,/nas-ctm01/datasets/public/AFHQ/resized/train/wild/flickr_wild_001756.jpg,flickr_wild_001756.jpg
1582,/nas-ctm01/datasets/public/AFHQ/resized/train/wild/flickr_wild_001757.jpg,flickr_wild_001757.jpg
1583,/nas-ctm01/datasets/public/AFHQ/resized/train/wild/flickr_wild_001758.jpg,flickr_wild_001758.jpg
1584,/nas-ctm01/datasets/public/AFHQ/resized/train/wild/flickr_wild_001759.jpg,flickr_wild_001759.jpg
1585,/nas-ctm01/datasets/public/AFHQ/resized/train/wild/flickr_wild_001760.jpg,flickr_wild_001760.jpg
1586,/nas-ctm01/datasets/public/AFHQ/resized/train/wild/flickr_wild_001761.jpg,flickr_wild_001761.jpg
1587,/nas-ctm01/datasets/public/AFHQ/resized/train/wild/flickr_wild_001762.jpg,flickr_wild_001762.jpg
1588,/nas-ctm01/datasets/public/AFHQ/resized/train/wild/flickr_wild_001763.jpg,flickr_wild_001763.jpg
1589,/nas-ctm01/datasets/public/AFHQ/resized/train/wild/flickr_wild_001764.jpg,flickr_wild_001764.jpg
1590,/nas-ctm01/datasets/public/AFHQ/resized/train/wild/flickr_wild_001765.jpg,flickr_wild_001765.jpg
1591,/nas-ctm01/datasets/public/AFHQ/resized/train/wild/flickr_wild_001766.jpg,flickr_wild_001766.jpg
1592,/nas-ctm01/datasets/public/AFHQ/resized/train/wild/flickr_wild_001767.jpg,flickr_wild_001767.jpg
1593,/nas-ctm01/datasets/public/AFHQ/resized/train/wild/flickr_wild_001768.jpg,flickr_wild_001768.jpg
1594,/nas-ctm01/datasets/public/AFHQ/resized/train/wild/flickr_wild_001769.jpg,flickr_wild_001769.jpg
1595,/nas-ctm01/datasets/public/AFHQ/resized/train/wild/flickr_wild_001770.jpg,flickr_wild_001770.jpg
1596,/nas-ctm01/datasets/public/AFHQ/resized/train/wild/flickr_wild_001771.jpg,flickr_wild_001771.jpg
1597,/nas-ctm01/datasets/public/AFHQ/resized/train/wild/flickr_wild_001772.jpg,flickr_wild_001772.jpg
1598,/nas-ctm01/datasets/public/AFHQ/resized/train/wild/flickr_wild_001773.jpg,flickr_wild_001773.jpg
1599,/nas-ctm01/datasets/public/AFHQ/resized/train/wild/flickr_wild_001774.jpg,flickr_wild_001774.jpg
1600,/nas-ctm01/datasets/public/AFHQ/resized/train/wild/flickr_wild_001775.jpg,flickr_wild_001775.jpg
1601,/nas-ctm01/datasets/public/AFHQ/resized/train/wild/flickr_wild_001776.jpg,flickr_wild_001776.jpg
1602,/nas-ctm01/datasets/public/AFHQ/resized/train/wild/flickr_wild_001777.jpg,flickr_wild_001777.jpg
1603,/nas-ctm01/datasets/public/AFHQ/resized/train/wild/flickr_wild_001778.jpg,flickr_wild_001778.jpg
1604,/nas-ctm01/datasets/public/AFHQ/resized/train/wild/flickr_wild_001779.jpg,flickr_wild_001779.jpg
1605,/nas-ctm01/datasets/public/AFHQ/resized/train/wild/flickr_wild_001780.jpg,flickr_wild_001780.jpg
1606,/nas-ctm01/datasets/public/AFHQ/resized/train/wild/flickr_wild_001781.jpg,flickr_wild_001781.jpg
1607,/nas-ctm01/datasets/public/AFHQ/resized/train/wild/flickr_wild_001782.jpg,flickr_wild_001782.jpg
1608,/nas-ctm01/datasets/public/AFHQ/resized/train/wild/flickr_wild_001783.jpg,flickr_wild_001783.jpg
1609,/nas-ctm01/datasets/public/AFHQ/resized/train/wild/flickr_wild_001784.jpg,flickr_wild_001784.jpg
1610,/nas-ctm01/datasets/public/AFHQ/resized/train/wild/flickr_wild_001785.jpg,flickr_wild_001785.jpg
1611,/nas-ctm01/datasets/public/AFHQ/resized/train/wild/flickr_wild_001786.jpg,flickr_wild_001786.jpg
1612,/nas-ctm01/datasets/public/AFHQ/resized/train/wild/flickr_wild_001787.jpg,flickr_wild_001787.jpg
1613,/nas-ctm01/datasets/public/AFHQ/resized/train/wild/flickr_wild_001788.jpg,flickr_wild_001788.jpg
1614,/nas-ctm01/datasets/public/AFHQ/resized/train/wild/flickr_wild_001789.jpg,flickr_wild_001789.jpg
1615,/nas-ctm01/datasets/public/AFHQ/resized/train/wild/flickr_wild_001790.jpg,flickr_wild_001790.jpg
1616,/nas-ctm01/datasets/public/AFHQ/resized/train/wild/flickr_wild_001791.jpg,flickr_wild_001791.jpg
1617,/nas-ctm01/datasets/public/AFHQ/resized/train/wild/flickr_wild_001792.jpg,flickr_wild_001792.jpg
1618,/nas-ctm01/datasets/public/AFHQ/resized/train/wild/flickr_wild_001794.jpg,flickr_wild_001794.jpg
1619,/nas-ctm01/datasets/public/AFHQ/resized/train/wild/flickr_wild_001795.jpg,flickr_wild_001795.jpg
1620,/nas-ctm01/datasets/public/AFHQ/resized/train/wild/flickr_wild_001796.jpg,flickr_wild_001796.jpg
1621,/nas-ctm01/datasets/public/AFHQ/resized/train/wild/flickr_wild_001797.jpg,flickr_wild_001797.jpg
1622,/nas-ctm01/datasets/public/AFHQ/resized/train/wild/flickr_wild_001798.jpg,flickr_wild_001798.jpg
1623,/nas-ctm01/datasets/public/AFHQ/resized/train/wild/flickr_wild_001799.jpg,flickr_wild_001799.jpg
1624,/nas-ctm01/datasets/public/AFHQ/resized/train/wild/flickr_wild_001800.jpg,flickr_wild_001800.jpg
1625,/nas-ctm01/datasets/public/AFHQ/resized/train/wild/flickr_wild_001801.jpg,flickr_wild_001801.jpg
1626,/nas-ctm01/datasets/public/AFHQ/resized/train/wild/flickr_wild_001802.jpg,flickr_wild_001802.jpg
1627,/nas-ctm01/datasets/public/AFHQ/resized/train/wild/flickr_wild_001803.jpg,flickr_wild_001803.jpg
1628,/nas-ctm01/datasets/public/AFHQ/resized/train/wild/flickr_wild_001804.jpg,flickr_wild_001804.jpg
1629,/nas-ctm01/datasets/public/AFHQ/resized/train/wild/flickr_wild_001805.jpg,flickr_wild_001805.jpg
1630,/nas-ctm01/datasets/public/AFHQ/resized/train/wild/flickr_wild_001806.jpg,flickr_wild_001806.jpg
1631,/nas-ctm01/datasets/public/AFHQ/resized/train/wild/flickr_wild_001807.jpg,flickr_wild_001807.jpg
1632,/nas-ctm01/datasets/public/AFHQ/resized/train/wild/flickr_wild_001808.jpg,flickr_wild_001808.jpg
1633,/nas-ctm01/datasets/public/AFHQ/resized/train/wild/flickr_wild_001809.jpg,flickr_wild_001809.jpg
1634,/nas-ctm01/datasets/public/AFHQ/resized/train/wild/flickr_wild_001810.jpg,flickr_wild_001810.jpg
1635,/nas-ctm01/datasets/public/AFHQ/resized/train/wild/flickr_wild_001811.jpg,flickr_wild_001811.jpg
1636,/nas-ctm01/datasets/public/AFHQ/resized/train/wild/flickr_wild_001812.jpg,flickr_wild_001812.jpg
1637,/nas-ctm01/datasets/public/AFHQ/resized/train/wild/flickr_wild_001813.jpg,flickr_wild_001813.jpg
1638,/nas-ctm01/datasets/public/AFHQ/resized/train/wild/flickr_wild_001814.jpg,flickr_wild_001814.jpg
1639,/nas-ctm01/datasets/public/AFHQ/resized/train/wild/flickr_wild_001816.jpg,flickr_wild_001816.jpg
1640,/nas-ctm01/datasets/public/AFHQ/resized/train/wild/flickr_wild_001817.jpg,flickr_wild_001817.jpg
1641,/nas-ctm01/datasets/public/AFHQ/resized/train/wild/flickr_wild_001818.jpg,flickr_wild_001818.jpg
1642,/nas-ctm01/datasets/public/AFHQ/resized/train/wild/flickr_wild_001819.jpg,flickr_wild_001819.jpg
1643,/nas-ctm01/datasets/public/AFHQ/resized/train/wild/flickr_wild_001820.jpg,flickr_wild_001820.jpg
1644,/nas-ctm01/datasets/public/AFHQ/resized/train/wild/flickr_wild_001821.jpg,flickr_wild_001821.jpg
1645,/nas-ctm01/datasets/public/AFHQ/resized/train/wild/flickr_wild_001822.jpg,flickr_wild_001822.jpg
1646,/nas-ctm01/datasets/public/AFHQ/resized/train/wild/flickr_wild_001823.jpg,flickr_wild_001823.jpg
1647,/nas-ctm01/datasets/public/AFHQ/resized/train/wild/flickr_wild_001824.jpg,flickr_wild_001824.jpg
1648,/nas-ctm01/datasets/public/AFHQ/resized/train/wild/flickr_wild_001826.jpg,flickr_wild_001826.jpg
1649,/nas-ctm01/datasets/public/AFHQ/resized/train/wild/flickr_wild_001827.jpg,flickr_wild_001827.jpg
1650,/nas-ctm01/datasets/public/AFHQ/resized/train/wild/flickr_wild_001828.jpg,flickr_wild_001828.jpg
1651,/nas-ctm01/datasets/public/AFHQ/resized/train/wild/flickr_wild_001829.jpg,flickr_wild_001829.jpg
1652,/nas-ctm01/datasets/public/AFHQ/resized/train/wild/flickr_wild_001830.jpg,flickr_wild_001830.jpg
1653,/nas-ctm01/datasets/public/AFHQ/resized/train/wild/flickr_wild_001831.jpg,flickr_wild_001831.jpg
1654,/nas-ctm01/datasets/public/AFHQ/resized/train/wild/flickr_wild_001832.jpg,flickr_wild_001832.jpg
1655,/nas-ctm01/datasets/public/AFHQ/resized/train/wild/flickr_wild_001833.jpg,flickr_wild_001833.jpg
1656,/nas-ctm01/datasets/public/AFHQ/resized/train/wild/flickr_wild_001834.jpg,flickr_wild_001834.jpg
1657,/nas-ctm01/datasets/public/AFHQ/resized/train/wild/flickr_wild_001835.jpg,flickr_wild_001835.jpg
1658,/nas-ctm01/datasets/public/AFHQ/resized/train/wild/flickr_wild_001836.jpg,flickr_wild_001836.jpg
1659,/nas-ctm01/datasets/public/AFHQ/resized/train/wild/flickr_wild_001837.jpg,flickr_wild_001837.jpg
1660,/nas-ctm01/datasets/public/AFHQ/resized/train/wild/flickr_wild_001838.jpg,flickr_wild_001838.jpg
1661,/nas-ctm01/datasets/public/AFHQ/resized/train/wild/flickr_wild_001840.jpg,flickr_wild_001840.jpg
1662,/nas-ctm01/datasets/public/AFHQ/resized/train/wild/flickr_wild_001841.jpg,flickr_wild_001841.jpg
1663,/nas-ctm01/datasets/public/AFHQ/resized/train/wild/flickr_wild_001842.jpg,flickr_wild_001842.jpg
1664,/nas-ctm01/datasets/public/AFHQ/resized/train/wild/flickr_wild_001844.jpg,flickr_wild_001844.jpg
1665,/nas-ctm01/datasets/public/AFHQ/resized/train/wild/flickr_wild_001845.jpg,flickr_wild_001845.jpg
1666,/nas-ctm01/datasets/public/AFHQ/resized/train/wild/flickr_wild_001847.jpg,flickr_wild_001847.jpg
1667,/nas-ctm01/datasets/public/AFHQ/resized/train/wild/flickr_wild_001848.jpg,flickr_wild_001848.jpg
1668,/nas-ctm01/datasets/public/AFHQ/resized/train/wild/flickr_wild_001849.jpg,flickr_wild_001849.jpg
1669,/nas-ctm01/datasets/public/AFHQ/resized/train/wild/flickr_wild_001850.jpg,flickr_wild_001850.jpg
1670,/nas-ctm01/datasets/public/AFHQ/resized/train/wild/flickr_wild_001851.jpg,flickr_wild_001851.jpg
1671,/nas-ctm01/datasets/public/AFHQ/resized/train/wild/flickr_wild_001852.jpg,flickr_wild_001852.jpg
1672,/nas-ctm01/datasets/public/AFHQ/resized/train/wild/flickr_wild_001853.jpg,flickr_wild_001853.jpg
1673,/nas-ctm01/datasets/public/AFHQ/resized/train/wild/flickr_wild_001854.jpg,flickr_wild_001854.jpg
1674,/nas-ctm01/datasets/public/AFHQ/resized/train/wild/flickr_wild_001855.jpg,flickr_wild_001855.jpg
1675,/nas-ctm01/datasets/public/AFHQ/resized/train/wild/flickr_wild_001856.jpg,flickr_wild_001856.jpg
1676,/nas-ctm01/datasets/public/AFHQ/resized/train/wild/flickr_wild_001857.jpg,flickr_wild_001857.jpg
1677,/nas-ctm01/datasets/public/AFHQ/resized/train/wild/flickr_wild_001858.jpg,flickr_wild_001858.jpg
1678,/nas-ctm01/datasets/public/AFHQ/resized/train/wild/flickr_wild_001859.jpg,flickr_wild_001859.jpg
1679,/nas-ctm01/datasets/public/AFHQ/resized/train/wild/flickr_wild_001860.jpg,flickr_wild_001860.jpg
1680,/nas-ctm01/datasets/public/AFHQ/resized/train/wild/flickr_wild_001861.jpg,flickr_wild_001861.jpg
1681,/nas-ctm01/datasets/public/AFHQ/resized/train/wild/flickr_wild_001863.jpg,flickr_wild_001863.jpg
1682,/nas-ctm01/datasets/public/AFHQ/resized/train/wild/flickr_wild_001864.jpg,flickr_wild_001864.jpg
1683,/nas-ctm01/datasets/public/AFHQ/resized/train/wild/flickr_wild_001865.jpg,flickr_wild_001865.jpg
1684,/nas-ctm01/datasets/public/AFHQ/resized/train/wild/flickr_wild_001866.jpg,flickr_wild_001866.jpg
1685,/nas-ctm01/datasets/public/AFHQ/resized/train/wild/flickr_wild_001867.jpg,flickr_wild_001867.jpg
1686,/nas-ctm01/datasets/public/AFHQ/resized/train/wild/flickr_wild_001868.jpg,flickr_wild_001868.jpg
1687,/nas-ctm01/datasets/public/AFHQ/resized/train/wild/flickr_wild_001869.jpg,flickr_wild_001869.jpg
1688,/nas-ctm01/datasets/public/AFHQ/resized/train/wild/flickr_wild_001870.jpg,flickr_wild_001870.jpg
1689,/nas-ctm01/datasets/public/AFHQ/resized/train/wild/flickr_wild_001871.jpg,flickr_wild_001871.jpg
1690,/nas-ctm01/datasets/public/AFHQ/resized/train/wild/flickr_wild_001872.jpg,flickr_wild_001872.jpg
1691,/nas-ctm01/datasets/public/AFHQ/resized/train/wild/flickr_wild_001873.jpg,flickr_wild_001873.jpg
1692,/nas-ctm01/datasets/public/AFHQ/resized/train/wild/flickr_wild_001876.jpg,flickr_wild_001876.jpg
1693,/nas-ctm01/datasets/public/AFHQ/resized/train/wild/flickr_wild_001877.jpg,flickr_wild_001877.jpg
1694,/nas-ctm01/datasets/public/AFHQ/resized/train/wild/flickr_wild_001878.jpg,flickr_wild_001878.jpg
1695,/nas-ctm01/datasets/public/AFHQ/resized/train/wild/flickr_wild_001879.jpg,flickr_wild_001879.jpg
1696,/nas-ctm01/datasets/public/AFHQ/resized/train/wild/flickr_wild_001880.jpg,flickr_wild_001880.jpg
1697,/nas-ctm01/datasets/public/AFHQ/resized/train/wild/flickr_wild_001881.jpg,flickr_wild_001881.jpg
1698,/nas-ctm01/datasets/public/AFHQ/resized/train/wild/flickr_wild_001882.jpg,flickr_wild_001882.jpg
1699,/nas-ctm01/datasets/public/AFHQ/resized/train/wild/flickr_wild_001883.jpg,flickr_wild_001883.jpg
1700,/nas-ctm01/datasets/public/AFHQ/resized/train/wild/flickr_wild_001884.jpg,flickr_wild_001884.jpg
1701,/nas-ctm01/datasets/public/AFHQ/resized/train/wild/flickr_wild_001885.jpg,flickr_wild_001885.jpg
1702,/nas-ctm01/datasets/public/AFHQ/resized/train/wild/flickr_wild_001886.jpg,flickr_wild_001886.jpg
1703,/nas-ctm01/datasets/public/AFHQ/resized/train/wild/flickr_wild_001887.jpg,flickr_wild_001887.jpg
1704,/nas-ctm01/datasets/public/AFHQ/resized/train/wild/flickr_wild_001888.jpg,flickr_wild_001888.jpg
1705,/nas-ctm01/datasets/public/AFHQ/resized/train/wild/flickr_wild_001889.jpg,flickr_wild_001889.jpg
1706,/nas-ctm01/datasets/public/AFHQ/resized/train/wild/flickr_wild_001891.jpg,flickr_wild_001891.jpg
1707,/nas-ctm01/datasets/public/AFHQ/resized/train/wild/flickr_wild_001893.jpg,flickr_wild_001893.jpg
1708,/nas-ctm01/datasets/public/AFHQ/resized/train/wild/flickr_wild_001894.jpg,flickr_wild_001894.jpg
1709,/nas-ctm01/datasets/public/AFHQ/resized/train/wild/flickr_wild_001895.jpg,flickr_wild_001895.jpg
1710,/nas-ctm01/datasets/public/AFHQ/resized/train/wild/flickr_wild_001896.jpg,flickr_wild_001896.jpg
1711,/nas-ctm01/datasets/public/AFHQ/resized/train/wild/flickr_wild_001897.jpg,flickr_wild_001897.jpg
1712,/nas-ctm01/datasets/public/AFHQ/resized/train/wild/flickr_wild_001898.jpg,flickr_wild_001898.jpg
1713,/nas-ctm01/datasets/public/AFHQ/resized/train/wild/flickr_wild_001899.jpg,flickr_wild_001899.jpg
1714,/nas-ctm01/datasets/public/AFHQ/resized/train/wild/flickr_wild_001900.jpg,flickr_wild_001900.jpg
1715,/nas-ctm01/datasets/public/AFHQ/resized/train/wild/flickr_wild_001901.jpg,flickr_wild_001901.jpg
1716,/nas-ctm01/datasets/public/AFHQ/resized/train/wild/flickr_wild_001902.jpg,flickr_wild_001902.jpg
1717,/nas-ctm01/datasets/public/AFHQ/resized/train/wild/flickr_wild_001903.jpg,flickr_wild_001903.jpg
1718,/nas-ctm01/datasets/public/AFHQ/resized/train/wild/flickr_wild_001904.jpg,flickr_wild_001904.jpg
1719,/nas-ctm01/datasets/public/AFHQ/resized/train/wild/flickr_wild_001905.jpg,flickr_wild_001905.jpg
1720,/nas-ctm01/datasets/public/AFHQ/resized/train/wild/flickr_wild_001906.jpg,flickr_wild_001906.jpg
1721,/nas-ctm01/datasets/public/AFHQ/resized/train/wild/flickr_wild_001907.jpg,flickr_wild_001907.jpg
1722,/nas-ctm01/datasets/public/AFHQ/resized/train/wild/flickr_wild_001908.jpg,flickr_wild_001908.jpg
1723,/nas-ctm01/datasets/public/AFHQ/resized/train/wild/flickr_wild_001909.jpg,flickr_wild_001909.jpg
1724,/nas-ctm01/datasets/public/AFHQ/resized/train/wild/flickr_wild_001910.jpg,flickr_wild_001910.jpg
1725,/nas-ctm01/datasets/public/AFHQ/resized/train/wild/flickr_wild_001911.jpg,flickr_wild_001911.jpg
1726,/nas-ctm01/datasets/public/AFHQ/resized/train/wild/flickr_wild_001912.jpg,flickr_wild_001912.jpg
1727,/nas-ctm01/datasets/public/AFHQ/resized/train/wild/flickr_wild_001913.jpg,flickr_wild_001913.jpg
1728,/nas-ctm01/datasets/public/AFHQ/resized/train/wild/flickr_wild_001914.jpg,flickr_wild_001914.jpg
1729,/nas-ctm01/datasets/public/AFHQ/resized/train/wild/flickr_wild_001915.jpg,flickr_wild_001915.jpg
1730,/nas-ctm01/datasets/public/AFHQ/resized/train/wild/flickr_wild_001916.jpg,flickr_wild_001916.jpg
1731,/nas-ctm01/datasets/public/AFHQ/resized/train/wild/flickr_wild_001917.jpg,flickr_wild_001917.jpg
1732,/nas-ctm01/datasets/public/AFHQ/resized/train/wild/flickr_wild_001918.jpg,flickr_wild_001918.jpg
1733,/nas-ctm01/datasets/public/AFHQ/resized/train/wild/flickr_wild_001919.jpg,flickr_wild_001919.jpg
1734,/nas-ctm01/datasets/public/AFHQ/resized/train/wild/flickr_wild_001920.jpg,flickr_wild_001920.jpg
1735,/nas-ctm01/datasets/public/AFHQ/resized/train/wild/flickr_wild_001921.jpg,flickr_wild_001921.jpg
1736,/nas-ctm01/datasets/public/AFHQ/resized/train/wild/flickr_wild_001922.jpg,flickr_wild_001922.jpg
1737,/nas-ctm01/datasets/public/AFHQ/resized/train/wild/flickr_wild_001923.jpg,flickr_wild_001923.jpg
1738,/nas-ctm01/datasets/public/AFHQ/resized/train/wild/flickr_wild_001924.jpg,flickr_wild_001924.jpg
1739,/nas-ctm01/datasets/public/AFHQ/resized/train/wild/flickr_wild_001925.jpg,flickr_wild_001925.jpg
1740,/nas-ctm01/datasets/public/AFHQ/resized/train/wild/flickr_wild_001926.jpg,flickr_wild_001926.jpg
1741,/nas-ctm01/datasets/public/AFHQ/resized/train/wild/flickr_wild_001928.jpg,flickr_wild_001928.jpg
1742,/nas-ctm01/datasets/public/AFHQ/resized/train/wild/flickr_wild_001929.jpg,flickr_wild_001929.jpg
1743,/nas-ctm01/datasets/public/AFHQ/resized/train/wild/flickr_wild_001930.jpg,flickr_wild_001930.jpg
1744,/nas-ctm01/datasets/public/AFHQ/resized/train/wild/flickr_wild_001931.jpg,flickr_wild_001931.jpg
1745,/nas-ctm01/datasets/public/AFHQ/resized/train/wild/flickr_wild_001932.jpg,flickr_wild_001932.jpg
1746,/nas-ctm01/datasets/public/AFHQ/resized/train/wild/flickr_wild_001933.jpg,flickr_wild_001933.jpg
1747,/nas-ctm01/datasets/public/AFHQ/resized/train/wild/flickr_wild_001934.jpg,flickr_wild_001934.jpg
1748,/nas-ctm01/datasets/public/AFHQ/resized/train/wild/flickr_wild_001935.jpg,flickr_wild_001935.jpg
1749,/nas-ctm01/datasets/public/AFHQ/resized/train/wild/flickr_wild_001936.jpg,flickr_wild_001936.jpg
1750,/nas-ctm01/datasets/public/AFHQ/resized/train/wild/flickr_wild_001937.jpg,flickr_wild_001937.jpg
1751,/nas-ctm01/datasets/public/AFHQ/resized/train/wild/flickr_wild_001939.jpg,flickr_wild_001939.jpg
1752,/nas-ctm01/datasets/public/AFHQ/resized/train/wild/flickr_wild_001940.jpg,flickr_wild_001940.jpg
1753,/nas-ctm01/datasets/public/AFHQ/resized/train/wild/flickr_wild_001942.jpg,flickr_wild_001942.jpg
1754,/nas-ctm01/datasets/public/AFHQ/resized/train/wild/flickr_wild_001943.jpg,flickr_wild_001943.jpg
1755,/nas-ctm01/datasets/public/AFHQ/resized/train/wild/flickr_wild_001944.jpg,flickr_wild_001944.jpg
1756,/nas-ctm01/datasets/public/AFHQ/resized/train/wild/flickr_wild_001946.jpg,flickr_wild_001946.jpg
1757,/nas-ctm01/datasets/public/AFHQ/resized/train/wild/flickr_wild_001947.jpg,flickr_wild_001947.jpg
1758,/nas-ctm01/datasets/public/AFHQ/resized/train/wild/flickr_wild_001948.jpg,flickr_wild_001948.jpg
1759,/nas-ctm01/datasets/public/AFHQ/resized/train/wild/flickr_wild_001949.jpg,flickr_wild_001949.jpg
1760,/nas-ctm01/datasets/public/AFHQ/resized/train/wild/flickr_wild_001950.jpg,flickr_wild_001950.jpg
1761,/nas-ctm01/datasets/public/AFHQ/resized/train/wild/flickr_wild_001951.jpg,flickr_wild_001951.jpg
1762,/nas-ctm01/datasets/public/AFHQ/resized/train/wild/flickr_wild_001952.jpg,flickr_wild_001952.jpg
1763,/nas-ctm01/datasets/public/AFHQ/resized/train/wild/flickr_wild_001954.jpg,flickr_wild_001954.jpg
1764,/nas-ctm01/datasets/public/AFHQ/resized/train/wild/flickr_wild_001955.jpg,flickr_wild_001955.jpg
1765,/nas-ctm01/datasets/public/AFHQ/resized/train/wild/flickr_wild_001956.jpg,flickr_wild_001956.jpg
1766,/nas-ctm01/datasets/public/AFHQ/resized/train/wild/flickr_wild_001957.jpg,flickr_wild_001957.jpg
1767,/nas-ctm01/datasets/public/AFHQ/resized/train/wild/flickr_wild_001958.jpg,flickr_wild_001958.jpg
1768,/nas-ctm01/datasets/public/AFHQ/resized/train/wild/flickr_wild_001959.jpg,flickr_wild_001959.jpg
1769,/nas-ctm01/datasets/public/AFHQ/resized/train/wild/flickr_wild_001960.jpg,flickr_wild_001960.jpg
1770,/nas-ctm01/datasets/public/AFHQ/resized/train/wild/flickr_wild_001961.jpg,flickr_wild_001961.jpg
1771,/nas-ctm01/datasets/public/AFHQ/resized/train/wild/flickr_wild_001962.jpg,flickr_wild_001962.jpg
1772,/nas-ctm01/datasets/public/AFHQ/resized/train/wild/flickr_wild_001963.jpg,flickr_wild_001963.jpg
1773,/nas-ctm01/datasets/public/AFHQ/resized/train/wild/flickr_wild_001964.jpg,flickr_wild_001964.jpg
1774,/nas-ctm01/datasets/public/AFHQ/resized/train/wild/flickr_wild_001965.jpg,flickr_wild_001965.jpg
1775,/nas-ctm01/datasets/public/AFHQ/resized/train/wild/flickr_wild_001966.jpg,flickr_wild_001966.jpg
1776,/nas-ctm01/datasets/public/AFHQ/resized/train/wild/flickr_wild_001967.jpg,flickr_wild_001967.jpg
1777,/nas-ctm01/datasets/public/AFHQ/resized/train/wild/flickr_wild_001968.jpg,flickr_wild_001968.jpg
1778,/nas-ctm01/datasets/public/AFHQ/resized/train/wild/flickr_wild_001969.jpg,flickr_wild_001969.jpg
1779,/nas-ctm01/datasets/public/AFHQ/resized/train/wild/flickr_wild_001970.jpg,flickr_wild_001970.jpg
1780,/nas-ctm01/datasets/public/AFHQ/resized/train/wild/flickr_wild_001971.jpg,flickr_wild_001971.jpg
1781,/nas-ctm01/datasets/public/AFHQ/resized/train/wild/flickr_wild_001972.jpg,flickr_wild_001972.jpg
1782,/nas-ctm01/datasets/public/AFHQ/resized/train/wild/flickr_wild_001973.jpg,flickr_wild_001973.jpg
1783,/nas-ctm01/datasets/public/AFHQ/resized/train/wild/flickr_wild_001974.jpg,flickr_wild_001974.jpg
1784,/nas-ctm01/datasets/public/AFHQ/resized/train/wild/flickr_wild_001975.jpg,flickr_wild_001975.jpg
1785,/nas-ctm01/datasets/public/AFHQ/resized/train/wild/flickr_wild_001976.jpg,flickr_wild_001976.jpg
1786,/nas-ctm01/datasets/public/AFHQ/resized/train/wild/flickr_wild_001977.jpg,flickr_wild_001977.jpg
1787,/nas-ctm01/datasets/public/AFHQ/resized/train/wild/flickr_wild_001978.jpg,flickr_wild_001978.jpg
1788,/nas-ctm01/datasets/public/AFHQ/resized/train/wild/flickr_wild_001979.jpg,flickr_wild_001979.jpg
1789,/nas-ctm01/datasets/public/AFHQ/resized/train/wild/flickr_wild_001980.jpg,flickr_wild_001980.jpg
1790,/nas-ctm01/datasets/public/AFHQ/resized/train/wild/flickr_wild_001981.jpg,flickr_wild_001981.jpg
1791,/nas-ctm01/datasets/public/AFHQ/resized/train/wild/flickr_wild_001982.jpg,flickr_wild_001982.jpg
1792,/nas-ctm01/datasets/public/AFHQ/resized/train/wild/flickr_wild_001983.jpg,flickr_wild_001983.jpg
1793,/nas-ctm01/datasets/public/AFHQ/resized/train/wild/flickr_wild_001984.jpg,flickr_wild_001984.jpg
1794,/nas-ctm01/datasets/public/AFHQ/resized/train/wild/flickr_wild_001985.jpg,flickr_wild_001985.jpg
1795,/nas-ctm01/datasets/public/AFHQ/resized/train/wild/flickr_wild_001987.jpg,flickr_wild_001987.jpg
1796,/nas-ctm01/datasets/public/AFHQ/resized/train/wild/flickr_wild_001989.jpg,flickr_wild_001989.jpg
1797,/nas-ctm01/datasets/public/AFHQ/resized/train/wild/flickr_wild_001990.jpg,flickr_wild_001990.jpg
1798,/nas-ctm01/datasets/public/AFHQ/resized/train/wild/flickr_wild_001991.jpg,flickr_wild_001991.jpg
1799,/nas-ctm01/datasets/public/AFHQ/resized/train/wild/flickr_wild_001992.jpg,flickr_wild_001992.jpg
1800,/nas-ctm01/datasets/public/AFHQ/resized/train/wild/flickr_wild_001993.jpg,flickr_wild_001993.jpg
1801,/nas-ctm01/datasets/public/AFHQ/resized/train/wild/flickr_wild_001994.jpg,flickr_wild_001994.jpg
1802,/nas-ctm01/datasets/public/AFHQ/resized/train/wild/flickr_wild_001996.jpg,flickr_wild_001996.jpg
1803,/nas-ctm01/datasets/public/AFHQ/resized/train/wild/flickr_wild_001997.jpg,flickr_wild_001997.jpg
1804,/nas-ctm01/datasets/public/AFHQ/resized/train/wild/flickr_wild_001998.jpg,flickr_wild_001998.jpg
1805,/nas-ctm01/datasets/public/AFHQ/resized/train/wild/flickr_wild_001999.jpg,flickr_wild_001999.jpg
1806,/nas-ctm01/datasets/public/AFHQ/resized/train/wild/flickr_wild_002000.jpg,flickr_wild_002000.jpg
1807,/nas-ctm01/datasets/public/AFHQ/resized/train/wild/flickr_wild_002001.jpg,flickr_wild_002001.jpg
1808,/nas-ctm01/datasets/public/AFHQ/resized/train/wild/flickr_wild_002002.jpg,flickr_wild_002002.jpg
1809,/nas-ctm01/datasets/public/AFHQ/resized/train/wild/flickr_wild_002003.jpg,flickr_wild_002003.jpg
1810,/nas-ctm01/datasets/public/AFHQ/resized/train/wild/flickr_wild_002004.jpg,flickr_wild_002004.jpg
1811,/nas-ctm01/datasets/public/AFHQ/resized/train/wild/flickr_wild_002005.jpg,flickr_wild_002005.jpg
1812,/nas-ctm01/datasets/public/AFHQ/resized/train/wild/flickr_wild_002006.jpg,flickr_wild_002006.jpg
1813,/nas-ctm01/datasets/public/AFHQ/resized/train/wild/flickr_wild_002007.jpg,flickr_wild_002007.jpg
1814,/nas-ctm01/datasets/public/AFHQ/resized/train/wild/flickr_wild_002008.jpg,flickr_wild_002008.jpg
1815,/nas-ctm01/datasets/public/AFHQ/resized/train/wild/flickr_wild_002009.jpg,flickr_wild_002009.jpg
1816,/nas-ctm01/datasets/public/AFHQ/resized/train/wild/flickr_wild_002010.jpg,flickr_wild_002010.jpg
1817,/nas-ctm01/datasets/public/AFHQ/resized/train/wild/flickr_wild_002011.jpg,flickr_wild_002011.jpg
1818,/nas-ctm01/datasets/public/AFHQ/resized/train/wild/flickr_wild_002012.jpg,flickr_wild_002012.jpg
1819,/nas-ctm01/datasets/public/AFHQ/resized/train/wild/flickr_wild_002013.jpg,flickr_wild_002013.jpg
1820,/nas-ctm01/datasets/public/AFHQ/resized/train/wild/flickr_wild_002014.jpg,flickr_wild_002014.jpg
1821,/nas-ctm01/datasets/public/AFHQ/resized/train/wild/flickr_wild_002015.jpg,flickr_wild_002015.jpg
1822,/nas-ctm01/datasets/public/AFHQ/resized/train/wild/flickr_wild_002017.jpg,flickr_wild_002017.jpg
1823,/nas-ctm01/datasets/public/AFHQ/resized/train/wild/flickr_wild_002018.jpg,flickr_wild_002018.jpg
1824,/nas-ctm01/datasets/public/AFHQ/resized/train/wild/flickr_wild_002019.jpg,flickr_wild_002019.jpg
1825,/nas-ctm01/datasets/public/AFHQ/resized/train/wild/flickr_wild_002021.jpg,flickr_wild_002021.jpg
1826,/nas-ctm01/datasets/public/AFHQ/resized/train/wild/flickr_wild_002023.jpg,flickr_wild_002023.jpg
1827,/nas-ctm01/datasets/public/AFHQ/resized/train/wild/flickr_wild_002024.jpg,flickr_wild_002024.jpg
1828,/nas-ctm01/datasets/public/AFHQ/resized/train/wild/flickr_wild_002025.jpg,flickr_wild_002025.jpg
1829,/nas-ctm01/datasets/public/AFHQ/resized/train/wild/flickr_wild_002026.jpg,flickr_wild_002026.jpg
1830,/nas-ctm01/datasets/public/AFHQ/resized/train/wild/flickr_wild_002027.jpg,flickr_wild_002027.jpg
1831,/nas-ctm01/datasets/public/AFHQ/resized/train/wild/flickr_wild_002028.jpg,flickr_wild_002028.jpg
1832,/nas-ctm01/datasets/public/AFHQ/resized/train/wild/flickr_wild_002029.jpg,flickr_wild_002029.jpg
1833,/nas-ctm01/datasets/public/AFHQ/resized/train/wild/flickr_wild_002031.jpg,flickr_wild_002031.jpg
1834,/nas-ctm01/datasets/public/AFHQ/resized/train/wild/flickr_wild_002033.jpg,flickr_wild_002033.jpg
1835,/nas-ctm01/datasets/public/AFHQ/resized/train/wild/flickr_wild_002034.jpg,flickr_wild_002034.jpg
1836,/nas-ctm01/datasets/public/AFHQ/resized/train/wild/flickr_wild_002035.jpg,flickr_wild_002035.jpg
1837,/nas-ctm01/datasets/public/AFHQ/resized/train/wild/flickr_wild_002037.jpg,flickr_wild_002037.jpg
1838,/nas-ctm01/datasets/public/AFHQ/resized/train/wild/flickr_wild_002038.jpg,flickr_wild_002038.jpg
1839,/nas-ctm01/datasets/public/AFHQ/resized/train/wild/flickr_wild_002039.jpg,flickr_wild_002039.jpg
1840,/nas-ctm01/datasets/public/AFHQ/resized/train/wild/flickr_wild_002040.jpg,flickr_wild_002040.jpg
1841,/nas-ctm01/datasets/public/AFHQ/resized/train/wild/flickr_wild_002041.jpg,flickr_wild_002041.jpg
1842,/nas-ctm01/datasets/public/AFHQ/resized/train/wild/flickr_wild_002042.jpg,flickr_wild_002042.jpg
1843,/nas-ctm01/datasets/public/AFHQ/resized/train/wild/flickr_wild_002044.jpg,flickr_wild_002044.jpg
1844,/nas-ctm01/datasets/public/AFHQ/resized/train/wild/flickr_wild_002045.jpg,flickr_wild_002045.jpg
1845,/nas-ctm01/datasets/public/AFHQ/resized/train/wild/flickr_wild_002046.jpg,flickr_wild_002046.jpg
1846,/nas-ctm01/datasets/public/AFHQ/resized/train/wild/flickr_wild_002047.jpg,flickr_wild_002047.jpg
1847,/nas-ctm01/datasets/public/AFHQ/resized/train/wild/flickr_wild_002048.jpg,flickr_wild_002048.jpg
1848,/nas-ctm01/datasets/public/AFHQ/resized/train/wild/flickr_wild_002049.jpg,flickr_wild_002049.jpg
1849,/nas-ctm01/datasets/public/AFHQ/resized/train/wild/flickr_wild_002050.jpg,flickr_wild_002050.jpg
1850,/nas-ctm01/datasets/public/AFHQ/resized/train/wild/flickr_wild_002051.jpg,flickr_wild_002051.jpg
1851,/nas-ctm01/datasets/public/AFHQ/resized/train/wild/flickr_wild_002052.jpg,flickr_wild_002052.jpg
1852,/nas-ctm01/datasets/public/AFHQ/resized/train/wild/flickr_wild_002054.jpg,flickr_wild_002054.jpg
1853,/nas-ctm01/datasets/public/AFHQ/resized/train/wild/flickr_wild_002056.jpg,flickr_wild_002056.jpg
1854,/nas-ctm01/datasets/public/AFHQ/resized/train/wild/flickr_wild_002057.jpg,flickr_wild_002057.jpg
1855,/nas-ctm01/datasets/public/AFHQ/resized/train/wild/flickr_wild_002059.jpg,flickr_wild_002059.jpg
1856,/nas-ctm01/datasets/public/AFHQ/resized/train/wild/flickr_wild_002060.jpg,flickr_wild_002060.jpg
1857,/nas-ctm01/datasets/public/AFHQ/resized/train/wild/flickr_wild_002061.jpg,flickr_wild_002061.jpg
1858,/nas-ctm01/datasets/public/AFHQ/resized/train/wild/flickr_wild_002062.jpg,flickr_wild_002062.jpg
1859,/nas-ctm01/datasets/public/AFHQ/resized/train/wild/flickr_wild_002063.jpg,flickr_wild_002063.jpg
1860,/nas-ctm01/datasets/public/AFHQ/resized/train/wild/flickr_wild_002065.jpg,flickr_wild_002065.jpg
1861,/nas-ctm01/datasets/public/AFHQ/resized/train/wild/flickr_wild_002066.jpg,flickr_wild_002066.jpg
1862,/nas-ctm01/datasets/public/AFHQ/resized/train/wild/flickr_wild_002067.jpg,flickr_wild_002067.jpg
1863,/nas-ctm01/datasets/public/AFHQ/resized/train/wild/flickr_wild_002068.jpg,flickr_wild_002068.jpg
1864,/nas-ctm01/datasets/public/AFHQ/resized/train/wild/flickr_wild_002069.jpg,flickr_wild_002069.jpg
1865,/nas-ctm01/datasets/public/AFHQ/resized/train/wild/flickr_wild_002070.jpg,flickr_wild_002070.jpg
1866,/nas-ctm01/datasets/public/AFHQ/resized/train/wild/flickr_wild_002071.jpg,flickr_wild_002071.jpg
1867,/nas-ctm01/datasets/public/AFHQ/resized/train/wild/flickr_wild_002072.jpg,flickr_wild_002072.jpg
1868,/nas-ctm01/datasets/public/AFHQ/resized/train/wild/flickr_wild_002073.jpg,flickr_wild_002073.jpg
1869,/nas-ctm01/datasets/public/AFHQ/resized/train/wild/flickr_wild_002074.jpg,flickr_wild_002074.jpg
1870,/nas-ctm01/datasets/public/AFHQ/resized/train/wild/flickr_wild_002075.jpg,flickr_wild_002075.jpg
1871,/nas-ctm01/datasets/public/AFHQ/resized/train/wild/flickr_wild_002076.jpg,flickr_wild_002076.jpg
1872,/nas-ctm01/datasets/public/AFHQ/resized/train/wild/flickr_wild_002077.jpg,flickr_wild_002077.jpg
1873,/nas-ctm01/datasets/public/AFHQ/resized/train/wild/flickr_wild_002078.jpg,flickr_wild_002078.jpg
1874,/nas-ctm01/datasets/public/AFHQ/resized/train/wild/flickr_wild_002079.jpg,flickr_wild_002079.jpg
1875,/nas-ctm01/datasets/public/AFHQ/resized/train/wild/flickr_wild_002080.jpg,flickr_wild_002080.jpg
1876,/nas-ctm01/datasets/public/AFHQ/resized/train/wild/flickr_wild_002082.jpg,flickr_wild_002082.jpg
1877,/nas-ctm01/datasets/public/AFHQ/resized/train/wild/flickr_wild_002083.jpg,flickr_wild_002083.jpg
1878,/nas-ctm01/datasets/public/AFHQ/resized/train/wild/flickr_wild_002084.jpg,flickr_wild_002084.jpg
1879,/nas-ctm01/datasets/public/AFHQ/resized/train/wild/flickr_wild_002085.jpg,flickr_wild_002085.jpg
1880,/nas-ctm01/datasets/public/AFHQ/resized/train/wild/flickr_wild_002086.jpg,flickr_wild_002086.jpg
1881,/nas-ctm01/datasets/public/AFHQ/resized/train/wild/flickr_wild_002087.jpg,flickr_wild_002087.jpg
1882,/nas-ctm01/datasets/public/AFHQ/resized/train/wild/flickr_wild_002088.jpg,flickr_wild_002088.jpg
1883,/nas-ctm01/datasets/public/AFHQ/resized/train/wild/flickr_wild_002089.jpg,flickr_wild_002089.jpg
1884,/nas-ctm01/datasets/public/AFHQ/resized/train/wild/flickr_wild_002090.jpg,flickr_wild_002090.jpg
1885,/nas-ctm01/datasets/public/AFHQ/resized/train/wild/flickr_wild_002091.jpg,flickr_wild_002091.jpg
1886,/nas-ctm01/datasets/public/AFHQ/resized/train/wild/flickr_wild_002094.jpg,flickr_wild_002094.jpg
1887,/nas-ctm01/datasets/public/AFHQ/resized/train/wild/flickr_wild_002095.jpg,flickr_wild_002095.jpg
1888,/nas-ctm01/datasets/public/AFHQ/resized/train/wild/flickr_wild_002096.jpg,flickr_wild_002096.jpg
1889,/nas-ctm01/datasets/public/AFHQ/resized/train/wild/flickr_wild_002097.jpg,flickr_wild_002097.jpg
1890,/nas-ctm01/datasets/public/AFHQ/resized/train/wild/flickr_wild_002098.jpg,flickr_wild_002098.jpg
1891,/nas-ctm01/datasets/public/AFHQ/resized/train/wild/flickr_wild_002099.jpg,flickr_wild_002099.jpg
1892,/nas-ctm01/datasets/public/AFHQ/resized/train/wild/flickr_wild_002100.jpg,flickr_wild_002100.jpg
1893,/nas-ctm01/datasets/public/AFHQ/resized/train/wild/flickr_wild_002101.jpg,flickr_wild_002101.jpg
1894,/nas-ctm01/datasets/public/AFHQ/resized/train/wild/flickr_wild_002102.jpg,flickr_wild_002102.jpg
1895,/nas-ctm01/datasets/public/AFHQ/resized/train/wild/flickr_wild_002103.jpg,flickr_wild_002103.jpg
1896,/nas-ctm01/datasets/public/AFHQ/resized/train/wild/flickr_wild_002104.jpg,flickr_wild_002104.jpg
1897,/nas-ctm01/datasets/public/AFHQ/resized/train/wild/flickr_wild_002105.jpg,flickr_wild_002105.jpg
1898,/nas-ctm01/datasets/public/AFHQ/resized/train/wild/flickr_wild_002106.jpg,flickr_wild_002106.jpg
1899,/nas-ctm01/datasets/public/AFHQ/resized/train/wild/flickr_wild_002107.jpg,flickr_wild_002107.jpg
1900,/nas-ctm01/datasets/public/AFHQ/resized/train/wild/flickr_wild_002108.jpg,flickr_wild_002108.jpg
1901,/nas-ctm01/datasets/public/AFHQ/resized/train/wild/flickr_wild_002109.jpg,flickr_wild_002109.jpg
1902,/nas-ctm01/datasets/public/AFHQ/resized/train/wild/flickr_wild_002110.jpg,flickr_wild_002110.jpg
1903,/nas-ctm01/datasets/public/AFHQ/resized/train/wild/flickr_wild_002111.jpg,flickr_wild_002111.jpg
1904,/nas-ctm01/datasets/public/AFHQ/resized/train/wild/flickr_wild_002113.jpg,flickr_wild_002113.jpg
1905,/nas-ctm01/datasets/public/AFHQ/resized/train/wild/flickr_wild_002114.jpg,flickr_wild_002114.jpg
1906,/nas-ctm01/datasets/public/AFHQ/resized/train/wild/flickr_wild_002115.jpg,flickr_wild_002115.jpg
1907,/nas-ctm01/datasets/public/AFHQ/resized/train/wild/flickr_wild_002116.jpg,flickr_wild_002116.jpg
1908,/nas-ctm01/datasets/public/AFHQ/resized/train/wild/flickr_wild_002117.jpg,flickr_wild_002117.jpg
1909,/nas-ctm01/datasets/public/AFHQ/resized/train/wild/flickr_wild_002118.jpg,flickr_wild_002118.jpg
1910,/nas-ctm01/datasets/public/AFHQ/resized/train/wild/flickr_wild_002119.jpg,flickr_wild_002119.jpg
1911,/nas-ctm01/datasets/public/AFHQ/resized/train/wild/flickr_wild_002120.jpg,flickr_wild_002120.jpg
1912,/nas-ctm01/datasets/public/AFHQ/resized/train/wild/flickr_wild_002121.jpg,flickr_wild_002121.jpg
1913,/nas-ctm01/datasets/public/AFHQ/resized/train/wild/flickr_wild_002122.jpg,flickr_wild_002122.jpg
1914,/nas-ctm01/datasets/public/AFHQ/resized/train/wild/flickr_wild_002123.jpg,flickr_wild_002123.jpg
1915,/nas-ctm01/datasets/public/AFHQ/resized/train/wild/flickr_wild_002125.jpg,flickr_wild_002125.jpg
1916,/nas-ctm01/datasets/public/AFHQ/resized/train/wild/flickr_wild_002126.jpg,flickr_wild_002126.jpg
1917,/nas-ctm01/datasets/public/AFHQ/resized/train/wild/flickr_wild_002127.jpg,flickr_wild_002127.jpg
1918,/nas-ctm01/datasets/public/AFHQ/resized/train/wild/flickr_wild_002128.jpg,flickr_wild_002128.jpg
1919,/nas-ctm01/datasets/public/AFHQ/resized/train/wild/flickr_wild_002129.jpg,flickr_wild_002129.jpg
1920,/nas-ctm01/datasets/public/AFHQ/resized/train/wild/flickr_wild_002130.jpg,flickr_wild_002130.jpg
1921,/nas-ctm01/datasets/public/AFHQ/resized/train/wild/flickr_wild_002131.jpg,flickr_wild_002131.jpg
1922,/nas-ctm01/datasets/public/AFHQ/resized/train/wild/flickr_wild_002132.jpg,flickr_wild_002132.jpg
1923,/nas-ctm01/datasets/public/AFHQ/resized/train/wild/flickr_wild_002133.jpg,flickr_wild_002133.jpg
1924,/nas-ctm01/datasets/public/AFHQ/resized/train/wild/flickr_wild_002134.jpg,flickr_wild_002134.jpg
1925,/nas-ctm01/datasets/public/AFHQ/resized/train/wild/flickr_wild_002135.jpg,flickr_wild_002135.jpg
1926,/nas-ctm01/datasets/public/AFHQ/resized/train/wild/flickr_wild_002136.jpg,flickr_wild_002136.jpg
1927,/nas-ctm01/datasets/public/AFHQ/resized/train/wild/flickr_wild_002137.jpg,flickr_wild_002137.jpg
1928,/nas-ctm01/datasets/public/AFHQ/resized/train/wild/flickr_wild_002140.jpg,flickr_wild_002140.jpg
1929,/nas-ctm01/datasets/public/AFHQ/resized/train/wild/flickr_wild_002141.jpg,flickr_wild_002141.jpg
1930,/nas-ctm01/datasets/public/AFHQ/resized/train/wild/flickr_wild_002142.jpg,flickr_wild_002142.jpg
1931,/nas-ctm01/datasets/public/AFHQ/resized/train/wild/flickr_wild_002143.jpg,flickr_wild_002143.jpg
1932,/nas-ctm01/datasets/public/AFHQ/resized/train/wild/flickr_wild_002144.jpg,flickr_wild_002144.jpg
1933,/nas-ctm01/datasets/public/AFHQ/resized/train/wild/flickr_wild_002146.jpg,flickr_wild_002146.jpg
1934,/nas-ctm01/datasets/public/AFHQ/resized/train/wild/flickr_wild_002147.jpg,flickr_wild_002147.jpg
1935,/nas-ctm01/datasets/public/AFHQ/resized/train/wild/flickr_wild_002148.jpg,flickr_wild_002148.jpg
1936,/nas-ctm01/datasets/public/AFHQ/resized/train/wild/flickr_wild_002149.jpg,flickr_wild_002149.jpg
1937,/nas-ctm01/datasets/public/AFHQ/resized/train/wild/flickr_wild_002150.jpg,flickr_wild_002150.jpg
1938,/nas-ctm01/datasets/public/AFHQ/resized/train/wild/flickr_wild_002151.jpg,flickr_wild_002151.jpg
1939,/nas-ctm01/datasets/public/AFHQ/resized/train/wild/flickr_wild_002152.jpg,flickr_wild_002152.jpg
1940,/nas-ctm01/datasets/public/AFHQ/resized/train/wild/flickr_wild_002153.jpg,flickr_wild_002153.jpg
1941,/nas-ctm01/datasets/public/AFHQ/resized/train/wild/flickr_wild_002154.jpg,flickr_wild_002154.jpg
1942,/nas-ctm01/datasets/public/AFHQ/resized/train/wild/flickr_wild_002155.jpg,flickr_wild_002155.jpg
1943,/nas-ctm01/datasets/public/AFHQ/resized/train/wild/flickr_wild_002156.jpg,flickr_wild_002156.jpg
1944,/nas-ctm01/datasets/public/AFHQ/resized/train/wild/flickr_wild_002157.jpg,flickr_wild_002157.jpg
1945,/nas-ctm01/datasets/public/AFHQ/resized/train/wild/flickr_wild_002158.jpg,flickr_wild_002158.jpg
1946,/nas-ctm01/datasets/public/AFHQ/resized/train/wild/flickr_wild_002160.jpg,flickr_wild_002160.jpg
1947,/nas-ctm01/datasets/public/AFHQ/resized/train/wild/flickr_wild_002161.jpg,flickr_wild_002161.jpg
1948,/nas-ctm01/datasets/public/AFHQ/resized/train/wild/flickr_wild_002162.jpg,flickr_wild_002162.jpg
1949,/nas-ctm01/datasets/public/AFHQ/resized/train/wild/flickr_wild_002163.jpg,flickr_wild_002163.jpg
1950,/nas-ctm01/datasets/public/AFHQ/resized/train/wild/flickr_wild_002164.jpg,flickr_wild_002164.jpg
1951,/nas-ctm01/datasets/public/AFHQ/resized/train/wild/flickr_wild_002165.jpg,flickr_wild_002165.jpg
1952,/nas-ctm01/datasets/public/AFHQ/resized/train/wild/flickr_wild_002167.jpg,flickr_wild_002167.jpg
1953,/nas-ctm01/datasets/public/AFHQ/resized/train/wild/flickr_wild_002168.jpg,flickr_wild_002168.jpg
1954,/nas-ctm01/datasets/public/AFHQ/resized/train/wild/flickr_wild_002169.jpg,flickr_wild_002169.jpg
1955,/nas-ctm01/datasets/public/AFHQ/resized/train/wild/flickr_wild_002170.jpg,flickr_wild_002170.jpg
1956,/nas-ctm01/datasets/public/AFHQ/resized/train/wild/flickr_wild_002171.jpg,flickr_wild_002171.jpg
1957,/nas-ctm01/datasets/public/AFHQ/resized/train/wild/flickr_wild_002172.jpg,flickr_wild_002172.jpg
1958,/nas-ctm01/datasets/public/AFHQ/resized/train/wild/flickr_wild_002173.jpg,flickr_wild_002173.jpg
1959,/nas-ctm01/datasets/public/AFHQ/resized/train/wild/flickr_wild_002174.jpg,flickr_wild_002174.jpg
1960,/nas-ctm01/datasets/public/AFHQ/resized/train/wild/flickr_wild_002175.jpg,flickr_wild_002175.jpg
1961,/nas-ctm01/datasets/public/AFHQ/resized/train/wild/flickr_wild_002176.jpg,flickr_wild_002176.jpg
1962,/nas-ctm01/datasets/public/AFHQ/resized/train/wild/flickr_wild_002177.jpg,flickr_wild_002177.jpg
1963,/nas-ctm01/datasets/public/AFHQ/resized/train/wild/flickr_wild_002178.jpg,flickr_wild_002178.jpg
1964,/nas-ctm01/datasets/public/AFHQ/resized/train/wild/flickr_wild_002179.jpg,flickr_wild_002179.jpg
1965,/nas-ctm01/datasets/public/AFHQ/resized/train/wild/flickr_wild_002180.jpg,flickr_wild_002180.jpg
1966,/nas-ctm01/datasets/public/AFHQ/resized/train/wild/flickr_wild_002181.jpg,flickr_wild_002181.jpg
1967,/nas-ctm01/datasets/public/AFHQ/resized/train/wild/flickr_wild_002183.jpg,flickr_wild_002183.jpg
1968,/nas-ctm01/datasets/public/AFHQ/resized/train/wild/flickr_wild_002184.jpg,flickr_wild_002184.jpg
1969,/nas-ctm01/datasets/public/AFHQ/resized/train/wild/flickr_wild_002186.jpg,flickr_wild_002186.jpg
1970,/nas-ctm01/datasets/public/AFHQ/resized/train/wild/flickr_wild_002187.jpg,flickr_wild_002187.jpg
1971,/nas-ctm01/datasets/public/AFHQ/resized/train/wild/flickr_wild_002188.jpg,flickr_wild_002188.jpg
1972,/nas-ctm01/datasets/public/AFHQ/resized/train/wild/flickr_wild_002189.jpg,flickr_wild_002189.jpg
1973,/nas-ctm01/datasets/public/AFHQ/resized/train/wild/flickr_wild_002191.jpg,flickr_wild_002191.jpg
1974,/nas-ctm01/datasets/public/AFHQ/resized/train/wild/flickr_wild_002192.jpg,flickr_wild_002192.jpg
1975,/nas-ctm01/datasets/public/AFHQ/resized/train/wild/flickr_wild_002193.jpg,flickr_wild_002193.jpg
1976,/nas-ctm01/datasets/public/AFHQ/resized/train/wild/flickr_wild_002194.jpg,flickr_wild_002194.jpg
1977,/nas-ctm01/datasets/public/AFHQ/resized/train/wild/flickr_wild_002195.jpg,flickr_wild_002195.jpg
1978,/nas-ctm01/datasets/public/AFHQ/resized/train/wild/flickr_wild_002196.jpg,flickr_wild_002196.jpg
1979,/nas-ctm01/datasets/public/AFHQ/resized/train/wild/flickr_wild_002197.jpg,flickr_wild_002197.jpg
1980,/nas-ctm01/datasets/public/AFHQ/resized/train/wild/flickr_wild_002198.jpg,flickr_wild_002198.jpg
1981,/nas-ctm01/datasets/public/AFHQ/resized/train/wild/flickr_wild_002199.jpg,flickr_wild_002199.jpg
1982,/nas-ctm01/datasets/public/AFHQ/resized/train/wild/flickr_wild_002200.jpg,flickr_wild_002200.jpg
1983,/nas-ctm01/datasets/public/AFHQ/resized/train/wild/flickr_wild_002201.jpg,flickr_wild_002201.jpg
1984,/nas-ctm01/datasets/public/AFHQ/resized/train/wild/flickr_wild_002202.jpg,flickr_wild_002202.jpg
1985,/nas-ctm01/datasets/public/AFHQ/resized/train/wild/flickr_wild_002203.jpg,flickr_wild_002203.jpg
1986,/nas-ctm01/datasets/public/AFHQ/resized/train/wild/flickr_wild_002204.jpg,flickr_wild_002204.jpg
1987,/nas-ctm01/datasets/public/AFHQ/resized/train/wild/flickr_wild_002205.jpg,flickr_wild_002205.jpg
1988,/nas-ctm01/datasets/public/AFHQ/resized/train/wild/flickr_wild_002206.jpg,flickr_wild_002206.jpg
1989,/nas-ctm01/datasets/public/AFHQ/resized/train/wild/flickr_wild_002207.jpg,flickr_wild_002207.jpg
1990,/nas-ctm01/datasets/public/AFHQ/resized/train/wild/flickr_wild_002208.jpg,flickr_wild_002208.jpg
1991,/nas-ctm01/datasets/public/AFHQ/resized/train/wild/flickr_wild_002209.jpg,flickr_wild_002209.jpg
1992,/nas-ctm01/datasets/public/AFHQ/resized/train/wild/flickr_wild_002211.jpg,flickr_wild_002211.jpg
1993,/nas-ctm01/datasets/public/AFHQ/resized/train/wild/flickr_wild_002212.jpg,flickr_wild_002212.jpg
1994,/nas-ctm01/datasets/public/AFHQ/resized/train/wild/flickr_wild_002213.jpg,flickr_wild_002213.jpg
1995,/nas-ctm01/datasets/public/AFHQ/resized/train/wild/flickr_wild_002214.jpg,flickr_wild_002214.jpg
1996,/nas-ctm01/datasets/public/AFHQ/resized/train/wild/flickr_wild_002215.jpg,flickr_wild_002215.jpg
1997,/nas-ctm01/datasets/public/AFHQ/resized/train/wild/flickr_wild_002216.jpg,flickr_wild_002216.jpg
1998,/nas-ctm01/datasets/public/AFHQ/resized/train/wild/flickr_wild_002218.jpg,flickr_wild_002218.jpg
1999,/nas-ctm01/datasets/public/AFHQ/resized/train/wild/flickr_wild_002219.jpg,flickr_wild_002219.jpg
2000,/nas-ctm01/datasets/public/AFHQ/resized/train/wild/flickr_wild_002220.jpg,flickr_wild_002220.jpg
2001,/nas-ctm01/datasets/public/AFHQ/resized/train/wild/flickr_wild_002221.jpg,flickr_wild_002221.jpg
2002,/nas-ctm01/datasets/public/AFHQ/resized/train/wild/flickr_wild_002222.jpg,flickr_wild_002222.jpg
2003,/nas-ctm01/datasets/public/AFHQ/resized/train/wild/flickr_wild_002223.jpg,flickr_wild_002223.jpg
2004,/nas-ctm01/datasets/public/AFHQ/resized/train/wild/flickr_wild_002224.jpg,flickr_wild_002224.jpg
2005,/nas-ctm01/datasets/public/AFHQ/resized/train/wild/flickr_wild_002225.jpg,flickr_wild_002225.jpg
2006,/nas-ctm01/datasets/public/AFHQ/resized/train/wild/flickr_wild_002227.jpg,flickr_wild_002227.jpg
2007,/nas-ctm01/datasets/public/AFHQ/resized/train/wild/flickr_wild_002228.jpg,flickr_wild_002228.jpg
2008,/nas-ctm01/datasets/public/AFHQ/resized/train/wild/flickr_wild_002229.jpg,flickr_wild_002229.jpg
2009,/nas-ctm01/datasets/public/AFHQ/resized/train/wild/flickr_wild_002230.jpg,flickr_wild_002230.jpg
2010,/nas-ctm01/datasets/public/AFHQ/resized/train/wild/flickr_wild_002231.jpg,flickr_wild_002231.jpg
2011,/nas-ctm01/datasets/public/AFHQ/resized/train/wild/flickr_wild_002232.jpg,flickr_wild_002232.jpg
2012,/nas-ctm01/datasets/public/AFHQ/resized/train/wild/flickr_wild_002233.jpg,flickr_wild_002233.jpg
2013,/nas-ctm01/datasets/public/AFHQ/resized/train/wild/flickr_wild_002234.jpg,flickr_wild_002234.jpg
2014,/nas-ctm01/datasets/public/AFHQ/resized/train/wild/flickr_wild_002235.jpg,flickr_wild_002235.jpg
2015,/nas-ctm01/datasets/public/AFHQ/resized/train/wild/flickr_wild_002236.jpg,flickr_wild_002236.jpg
2016,/nas-ctm01/datasets/public/AFHQ/resized/train/wild/flickr_wild_002237.jpg,flickr_wild_002237.jpg
2017,/nas-ctm01/datasets/public/AFHQ/resized/train/wild/flickr_wild_002238.jpg,flickr_wild_002238.jpg
2018,/nas-ctm01/datasets/public/AFHQ/resized/train/wild/flickr_wild_002240.jpg,flickr_wild_002240.jpg
2019,/nas-ctm01/datasets/public/AFHQ/resized/train/wild/flickr_wild_002241.jpg,flickr_wild_002241.jpg
2020,/nas-ctm01/datasets/public/AFHQ/resized/train/wild/flickr_wild_002242.jpg,flickr_wild_002242.jpg
2021,/nas-ctm01/datasets/public/AFHQ/resized/train/wild/flickr_wild_002243.jpg,flickr_wild_002243.jpg
2022,/nas-ctm01/datasets/public/AFHQ/resized/train/wild/flickr_wild_002244.jpg,flickr_wild_002244.jpg
2023,/nas-ctm01/datasets/public/AFHQ/resized/train/wild/flickr_wild_002245.jpg,flickr_wild_002245.jpg
2024,/nas-ctm01/datasets/public/AFHQ/resized/train/wild/flickr_wild_002246.jpg,flickr_wild_002246.jpg
2025,/nas-ctm01/datasets/public/AFHQ/resized/train/wild/flickr_wild_002247.jpg,flickr_wild_002247.jpg
2026,/nas-ctm01/datasets/public/AFHQ/resized/train/wild/flickr_wild_002248.jpg,flickr_wild_002248.jpg
2027,/nas-ctm01/datasets/public/AFHQ/resized/train/wild/flickr_wild_002249.jpg,flickr_wild_002249.jpg
2028,/nas-ctm01/datasets/public/AFHQ/resized/train/wild/flickr_wild_002251.jpg,flickr_wild_002251.jpg
2029,/nas-ctm01/datasets/public/AFHQ/resized/train/wild/flickr_wild_002252.jpg,flickr_wild_002252.jpg
2030,/nas-ctm01/datasets/public/AFHQ/resized/train/wild/flickr_wild_002253.jpg,flickr_wild_002253.jpg
2031,/nas-ctm01/datasets/public/AFHQ/resized/train/wild/flickr_wild_002254.jpg,flickr_wild_002254.jpg
2032,/nas-ctm01/datasets/public/AFHQ/resized/train/wild/flickr_wild_002255.jpg,flickr_wild_002255.jpg
2033,/nas-ctm01/datasets/public/AFHQ/resized/train/wild/flickr_wild_002256.jpg,flickr_wild_002256.jpg
2034,/nas-ctm01/datasets/public/AFHQ/resized/train/wild/flickr_wild_002257.jpg,flickr_wild_002257.jpg
2035,/nas-ctm01/datasets/public/AFHQ/resized/train/wild/flickr_wild_002258.jpg,flickr_wild_002258.jpg
2036,/nas-ctm01/datasets/public/AFHQ/resized/train/wild/flickr_wild_002260.jpg,flickr_wild_002260.jpg
2037,/nas-ctm01/datasets/public/AFHQ/resized/train/wild/flickr_wild_002261.jpg,flickr_wild_002261.jpg
2038,/nas-ctm01/datasets/public/AFHQ/resized/train/wild/flickr_wild_002262.jpg,flickr_wild_002262.jpg
2039,/nas-ctm01/datasets/public/AFHQ/resized/train/wild/flickr_wild_002263.jpg,flickr_wild_002263.jpg
2040,/nas-ctm01/datasets/public/AFHQ/resized/train/wild/flickr_wild_002264.jpg,flickr_wild_002264.jpg
2041,/nas-ctm01/datasets/public/AFHQ/resized/train/wild/flickr_wild_002265.jpg,flickr_wild_002265.jpg
2042,/nas-ctm01/datasets/public/AFHQ/resized/train/wild/flickr_wild_002266.jpg,flickr_wild_002266.jpg
2043,/nas-ctm01/datasets/public/AFHQ/resized/train/wild/flickr_wild_002267.jpg,flickr_wild_002267.jpg
2044,/nas-ctm01/datasets/public/AFHQ/resized/train/wild/flickr_wild_002268.jpg,flickr_wild_002268.jpg
2045,/nas-ctm01/datasets/public/AFHQ/resized/train/wild/flickr_wild_002269.jpg,flickr_wild_002269.jpg
2046,/nas-ctm01/datasets/public/AFHQ/resized/train/wild/flickr_wild_002270.jpg,flickr_wild_002270.jpg
2047,/nas-ctm01/datasets/public/AFHQ/resized/train/wild/flickr_wild_002271.jpg,flickr_wild_002271.jpg
2048,/nas-ctm01/datasets/public/AFHQ/resized/train/wild/flickr_wild_002274.jpg,flickr_wild_002274.jpg
2049,/nas-ctm01/datasets/public/AFHQ/resized/train/wild/flickr_wild_002275.jpg,flickr_wild_002275.jpg
2050,/nas-ctm01/datasets/public/AFHQ/resized/train/wild/flickr_wild_002277.jpg,flickr_wild_002277.jpg
2051,/nas-ctm01/datasets/public/AFHQ/resized/train/wild/flickr_wild_002278.jpg,flickr_wild_002278.jpg
2052,/nas-ctm01/datasets/public/AFHQ/resized/train/wild/flickr_wild_002279.jpg,flickr_wild_002279.jpg
2053,/nas-ctm01/datasets/public/AFHQ/resized/train/wild/flickr_wild_002280.jpg,flickr_wild_002280.jpg
2054,/nas-ctm01/datasets/public/AFHQ/resized/train/wild/flickr_wild_002281.jpg,flickr_wild_002281.jpg
2055,/nas-ctm01/datasets/public/AFHQ/resized/train/wild/flickr_wild_002282.jpg,flickr_wild_002282.jpg
2056,/nas-ctm01/datasets/public/AFHQ/resized/train/wild/flickr_wild_002283.jpg,flickr_wild_002283.jpg
2057,/nas-ctm01/datasets/public/AFHQ/resized/train/wild/flickr_wild_002284.jpg,flickr_wild_002284.jpg
2058,/nas-ctm01/datasets/public/AFHQ/resized/train/wild/flickr_wild_002285.jpg,flickr_wild_002285.jpg
2059,/nas-ctm01/datasets/public/AFHQ/resized/train/wild/flickr_wild_002286.jpg,flickr_wild_002286.jpg
2060,/nas-ctm01/datasets/public/AFHQ/resized/train/wild/flickr_wild_002287.jpg,flickr_wild_002287.jpg
2061,/nas-ctm01/datasets/public/AFHQ/resized/train/wild/flickr_wild_002288.jpg,flickr_wild_002288.jpg
2062,/nas-ctm01/datasets/public/AFHQ/resized/train/wild/flickr_wild_002289.jpg,flickr_wild_002289.jpg
2063,/nas-ctm01/datasets/public/AFHQ/resized/train/wild/flickr_wild_002290.jpg,flickr_wild_002290.jpg
2064,/nas-ctm01/datasets/public/AFHQ/resized/train/wild/flickr_wild_002291.jpg,flickr_wild_002291.jpg
2065,/nas-ctm01/datasets/public/AFHQ/resized/train/wild/flickr_wild_002292.jpg,flickr_wild_002292.jpg
2066,/nas-ctm01/datasets/public/AFHQ/resized/train/wild/flickr_wild_002293.jpg,flickr_wild_002293.jpg
2067,/nas-ctm01/datasets/public/AFHQ/resized/train/wild/flickr_wild_002294.jpg,flickr_wild_002294.jpg
2068,/nas-ctm01/datasets/public/AFHQ/resized/train/wild/flickr_wild_002296.jpg,flickr_wild_002296.jpg
2069,/nas-ctm01/datasets/public/AFHQ/resized/train/wild/flickr_wild_002297.jpg,flickr_wild_002297.jpg
2070,/nas-ctm01/datasets/public/AFHQ/resized/train/wild/flickr_wild_002298.jpg,flickr_wild_002298.jpg
2071,/nas-ctm01/datasets/public/AFHQ/resized/train/wild/flickr_wild_002299.jpg,flickr_wild_002299.jpg
2072,/nas-ctm01/datasets/public/AFHQ/resized/train/wild/flickr_wild_002300.jpg,flickr_wild_002300.jpg
2073,/nas-ctm01/datasets/public/AFHQ/resized/train/wild/flickr_wild_002301.jpg,flickr_wild_002301.jpg
2074,/nas-ctm01/datasets/public/AFHQ/resized/train/wild/flickr_wild_002302.jpg,flickr_wild_002302.jpg
2075,/nas-ctm01/datasets/public/AFHQ/resized/train/wild/flickr_wild_002303.jpg,flickr_wild_002303.jpg
2076,/nas-ctm01/datasets/public/AFHQ/resized/train/wild/flickr_wild_002304.jpg,flickr_wild_002304.jpg
2077,/nas-ctm01/datasets/public/AFHQ/resized/train/wild/flickr_wild_002305.jpg,flickr_wild_002305.jpg
2078,/nas-ctm01/datasets/public/AFHQ/resized/train/wild/flickr_wild_002306.jpg,flickr_wild_002306.jpg
2079,/nas-ctm01/datasets/public/AFHQ/resized/train/wild/flickr_wild_002307.jpg,flickr_wild_002307.jpg
2080,/nas-ctm01/datasets/public/AFHQ/resized/train/wild/flickr_wild_002308.jpg,flickr_wild_002308.jpg
2081,/nas-ctm01/datasets/public/AFHQ/resized/train/wild/flickr_wild_002309.jpg,flickr_wild_002309.jpg
2082,/nas-ctm01/datasets/public/AFHQ/resized/train/wild/flickr_wild_002310.jpg,flickr_wild_002310.jpg
2083,/nas-ctm01/datasets/public/AFHQ/resized/train/wild/flickr_wild_002311.jpg,flickr_wild_002311.jpg
2084,/nas-ctm01/datasets/public/AFHQ/resized/train/wild/flickr_wild_002313.jpg,flickr_wild_002313.jpg
2085,/nas-ctm01/datasets/public/AFHQ/resized/train/wild/flickr_wild_002315.jpg,flickr_wild_002315.jpg
2086,/nas-ctm01/datasets/public/AFHQ/resized/train/wild/flickr_wild_002316.jpg,flickr_wild_002316.jpg
2087,/nas-ctm01/datasets/public/AFHQ/resized/train/wild/flickr_wild_002317.jpg,flickr_wild_002317.jpg
2088,/nas-ctm01/datasets/public/AFHQ/resized/train/wild/flickr_wild_002318.jpg,flickr_wild_002318.jpg
2089,/nas-ctm01/datasets/public/AFHQ/resized/train/wild/flickr_wild_002320.jpg,flickr_wild_002320.jpg
2090,/nas-ctm01/datasets/public/AFHQ/resized/train/wild/flickr_wild_002321.jpg,flickr_wild_002321.jpg
2091,/nas-ctm01/datasets/public/AFHQ/resized/train/wild/flickr_wild_002322.jpg,flickr_wild_002322.jpg
2092,/nas-ctm01/datasets/public/AFHQ/resized/train/wild/flickr_wild_002323.jpg,flickr_wild_002323.jpg
2093,/nas-ctm01/datasets/public/AFHQ/resized/train/wild/flickr_wild_002324.jpg,flickr_wild_002324.jpg
2094,/nas-ctm01/datasets/public/AFHQ/resized/train/wild/flickr_wild_002326.jpg,flickr_wild_002326.jpg
2095,/nas-ctm01/datasets/public/AFHQ/resized/train/wild/flickr_wild_002327.jpg,flickr_wild_002327.jpg
2096,/nas-ctm01/datasets/public/AFHQ/resized/train/wild/flickr_wild_002328.jpg,flickr_wild_002328.jpg
2097,/nas-ctm01/datasets/public/AFHQ/resized/train/wild/flickr_wild_002329.jpg,flickr_wild_002329.jpg
2098,/nas-ctm01/datasets/public/AFHQ/resized/train/wild/flickr_wild_002330.jpg,flickr_wild_002330.jpg
2099,/nas-ctm01/datasets/public/AFHQ/resized/train/wild/flickr_wild_002331.jpg,flickr_wild_002331.jpg
2100,/nas-ctm01/datasets/public/AFHQ/resized/train/wild/flickr_wild_002332.jpg,flickr_wild_002332.jpg
2101,/nas-ctm01/datasets/public/AFHQ/resized/train/wild/flickr_wild_002333.jpg,flickr_wild_002333.jpg
2102,/nas-ctm01/datasets/public/AFHQ/resized/train/wild/flickr_wild_002334.jpg,flickr_wild_002334.jpg
2103,/nas-ctm01/datasets/public/AFHQ/resized/train/wild/flickr_wild_002335.jpg,flickr_wild_002335.jpg
2104,/nas-ctm01/datasets/public/AFHQ/resized/train/wild/flickr_wild_002337.jpg,flickr_wild_002337.jpg
2105,/nas-ctm01/datasets/public/AFHQ/resized/train/wild/flickr_wild_002338.jpg,flickr_wild_002338.jpg
2106,/nas-ctm01/datasets/public/AFHQ/resized/train/wild/flickr_wild_002339.jpg,flickr_wild_002339.jpg
2107,/nas-ctm01/datasets/public/AFHQ/resized/train/wild/flickr_wild_002340.jpg,flickr_wild_002340.jpg
2108,/nas-ctm01/datasets/public/AFHQ/resized/train/wild/flickr_wild_002341.jpg,flickr_wild_002341.jpg
2109,/nas-ctm01/datasets/public/AFHQ/resized/train/wild/flickr_wild_002342.jpg,flickr_wild_002342.jpg
2110,/nas-ctm01/datasets/public/AFHQ/resized/train/wild/flickr_wild_002343.jpg,flickr_wild_002343.jpg
2111,/nas-ctm01/datasets/public/AFHQ/resized/train/wild/flickr_wild_002344.jpg,flickr_wild_002344.jpg
2112,/nas-ctm01/datasets/public/AFHQ/resized/train/wild/flickr_wild_002345.jpg,flickr_wild_002345.jpg
2113,/nas-ctm01/datasets/public/AFHQ/resized/train/wild/flickr_wild_002346.jpg,flickr_wild_002346.jpg
2114,/nas-ctm01/datasets/public/AFHQ/resized/train/wild/flickr_wild_002347.jpg,flickr_wild_002347.jpg
2115,/nas-ctm01/datasets/public/AFHQ/resized/train/wild/flickr_wild_002348.jpg,flickr_wild_002348.jpg
2116,/nas-ctm01/datasets/public/AFHQ/resized/train/wild/flickr_wild_002349.jpg,flickr_wild_002349.jpg
2117,/nas-ctm01/datasets/public/AFHQ/resized/train/wild/flickr_wild_002350.jpg,flickr_wild_002350.jpg
2118,/nas-ctm01/datasets/public/AFHQ/resized/train/wild/flickr_wild_002351.jpg,flickr_wild_002351.jpg
2119,/nas-ctm01/datasets/public/AFHQ/resized/train/wild/flickr_wild_002352.jpg,flickr_wild_002352.jpg
2120,/nas-ctm01/datasets/public/AFHQ/resized/train/wild/flickr_wild_002353.jpg,flickr_wild_002353.jpg
2121,/nas-ctm01/datasets/public/AFHQ/resized/train/wild/flickr_wild_002354.jpg,flickr_wild_002354.jpg
2122,/nas-ctm01/datasets/public/AFHQ/resized/train/wild/flickr_wild_002355.jpg,flickr_wild_002355.jpg
2123,/nas-ctm01/datasets/public/AFHQ/resized/train/wild/flickr_wild_002356.jpg,flickr_wild_002356.jpg
2124,/nas-ctm01/datasets/public/AFHQ/resized/train/wild/flickr_wild_002357.jpg,flickr_wild_002357.jpg
2125,/nas-ctm01/datasets/public/AFHQ/resized/train/wild/flickr_wild_002358.jpg,flickr_wild_002358.jpg
2126,/nas-ctm01/datasets/public/AFHQ/resized/train/wild/flickr_wild_002359.jpg,flickr_wild_002359.jpg
2127,/nas-ctm01/datasets/public/AFHQ/resized/train/wild/flickr_wild_002360.jpg,flickr_wild_002360.jpg
2128,/nas-ctm01/datasets/public/AFHQ/resized/train/wild/flickr_wild_002361.jpg,flickr_wild_002361.jpg
2129,/nas-ctm01/datasets/public/AFHQ/resized/train/wild/flickr_wild_002362.jpg,flickr_wild_002362.jpg
2130,/nas-ctm01/datasets/public/AFHQ/resized/train/wild/flickr_wild_002363.jpg,flickr_wild_002363.jpg
2131,/nas-ctm01/datasets/public/AFHQ/resized/train/wild/flickr_wild_002365.jpg,flickr_wild_002365.jpg
2132,/nas-ctm01/datasets/public/AFHQ/resized/train/wild/flickr_wild_002366.jpg,flickr_wild_002366.jpg
2133,/nas-ctm01/datasets/public/AFHQ/resized/train/wild/flickr_wild_002367.jpg,flickr_wild_002367.jpg
2134,/nas-ctm01/datasets/public/AFHQ/resized/train/wild/flickr_wild_002368.jpg,flickr_wild_002368.jpg
2135,/nas-ctm01/datasets/public/AFHQ/resized/train/wild/flickr_wild_002369.jpg,flickr_wild_002369.jpg
2136,/nas-ctm01/datasets/public/AFHQ/resized/train/wild/flickr_wild_002370.jpg,flickr_wild_002370.jpg
2137,/nas-ctm01/datasets/public/AFHQ/resized/train/wild/flickr_wild_002371.jpg,flickr_wild_002371.jpg
2138,/nas-ctm01/datasets/public/AFHQ/resized/train/wild/flickr_wild_002372.jpg,flickr_wild_002372.jpg
2139,/nas-ctm01/datasets/public/AFHQ/resized/train/wild/flickr_wild_002373.jpg,flickr_wild_002373.jpg
2140,/nas-ctm01/datasets/public/AFHQ/resized/train/wild/flickr_wild_002374.jpg,flickr_wild_002374.jpg
2141,/nas-ctm01/datasets/public/AFHQ/resized/train/wild/flickr_wild_002375.jpg,flickr_wild_002375.jpg
2142,/nas-ctm01/datasets/public/AFHQ/resized/train/wild/flickr_wild_002376.jpg,flickr_wild_002376.jpg
2143,/nas-ctm01/datasets/public/AFHQ/resized/train/wild/flickr_wild_002377.jpg,flickr_wild_002377.jpg
2144,/nas-ctm01/datasets/public/AFHQ/resized/train/wild/flickr_wild_002378.jpg,flickr_wild_002378.jpg
2145,/nas-ctm01/datasets/public/AFHQ/resized/train/wild/flickr_wild_002379.jpg,flickr_wild_002379.jpg
2146,/nas-ctm01/datasets/public/AFHQ/resized/train/wild/flickr_wild_002380.jpg,flickr_wild_002380.jpg
2147,/nas-ctm01/datasets/public/AFHQ/resized/train/wild/flickr_wild_002381.jpg,flickr_wild_002381.jpg
2148,/nas-ctm01/datasets/public/AFHQ/resized/train/wild/flickr_wild_002382.jpg,flickr_wild_002382.jpg
2149,/nas-ctm01/datasets/public/AFHQ/resized/train/wild/flickr_wild_002383.jpg,flickr_wild_002383.jpg
2150,/nas-ctm01/datasets/public/AFHQ/resized/train/wild/flickr_wild_002384.jpg,flickr_wild_002384.jpg
2151,/nas-ctm01/datasets/public/AFHQ/resized/train/wild/flickr_wild_002385.jpg,flickr_wild_002385.jpg
2152,/nas-ctm01/datasets/public/AFHQ/resized/train/wild/flickr_wild_002386.jpg,flickr_wild_002386.jpg
2153,/nas-ctm01/datasets/public/AFHQ/resized/train/wild/flickr_wild_002387.jpg,flickr_wild_002387.jpg
2154,/nas-ctm01/datasets/public/AFHQ/resized/train/wild/flickr_wild_002388.jpg,flickr_wild_002388.jpg
2155,/nas-ctm01/datasets/public/AFHQ/resized/train/wild/flickr_wild_002389.jpg,flickr_wild_002389.jpg
2156,/nas-ctm01/datasets/public/AFHQ/resized/train/wild/flickr_wild_002390.jpg,flickr_wild_002390.jpg
2157,/nas-ctm01/datasets/public/AFHQ/resized/train/wild/flickr_wild_002391.jpg,flickr_wild_002391.jpg
2158,/nas-ctm01/datasets/public/AFHQ/resized/train/wild/flickr_wild_002392.jpg,flickr_wild_002392.jpg
2159,/nas-ctm01/datasets/public/AFHQ/resized/train/wild/flickr_wild_002394.jpg,flickr_wild_002394.jpg
2160,/nas-ctm01/datasets/public/AFHQ/resized/train/wild/flickr_wild_002395.jpg,flickr_wild_002395.jpg
2161,/nas-ctm01/datasets/public/AFHQ/resized/train/wild/flickr_wild_002396.jpg,flickr_wild_002396.jpg
2162,/nas-ctm01/datasets/public/AFHQ/resized/train/wild/flickr_wild_002397.jpg,flickr_wild_002397.jpg
2163,/nas-ctm01/datasets/public/AFHQ/resized/train/wild/flickr_wild_002398.jpg,flickr_wild_002398.jpg
2164,/nas-ctm01/datasets/public/AFHQ/resized/train/wild/flickr_wild_002399.jpg,flickr_wild_002399.jpg
2165,/nas-ctm01/datasets/public/AFHQ/resized/train/wild/flickr_wild_002400.jpg,flickr_wild_002400.jpg
2166,/nas-ctm01/datasets/public/AFHQ/resized/train/wild/flickr_wild_002401.jpg,flickr_wild_002401.jpg
2167,/nas-ctm01/datasets/public/AFHQ/resized/train/wild/flickr_wild_002402.jpg,flickr_wild_002402.jpg
2168,/nas-ctm01/datasets/public/AFHQ/resized/train/wild/flickr_wild_002403.jpg,flickr_wild_002403.jpg
2169,/nas-ctm01/datasets/public/AFHQ/resized/train/wild/flickr_wild_002404.jpg,flickr_wild_002404.jpg
2170,/nas-ctm01/datasets/public/AFHQ/resized/train/wild/flickr_wild_002405.jpg,flickr_wild_002405.jpg
2171,/nas-ctm01/datasets/public/AFHQ/resized/train/wild/flickr_wild_002406.jpg,flickr_wild_002406.jpg
2172,/nas-ctm01/datasets/public/AFHQ/resized/train/wild/flickr_wild_002407.jpg,flickr_wild_002407.jpg
2173,/nas-ctm01/datasets/public/AFHQ/resized/train/wild/flickr_wild_002408.jpg,flickr_wild_002408.jpg
2174,/nas-ctm01/datasets/public/AFHQ/resized/train/wild/flickr_wild_002409.jpg,flickr_wild_002409.jpg
2175,/nas-ctm01/datasets/public/AFHQ/resized/train/wild/flickr_wild_002411.jpg,flickr_wild_002411.jpg
2176,/nas-ctm01/datasets/public/AFHQ/resized/train/wild/flickr_wild_002412.jpg,flickr_wild_002412.jpg
2177,/nas-ctm01/datasets/public/AFHQ/resized/train/wild/flickr_wild_002413.jpg,flickr_wild_002413.jpg
2178,/nas-ctm01/datasets/public/AFHQ/resized/train/wild/flickr_wild_002414.jpg,flickr_wild_002414.jpg
2179,/nas-ctm01/datasets/public/AFHQ/resized/train/wild/flickr_wild_002415.jpg,flickr_wild_002415.jpg
2180,/nas-ctm01/datasets/public/AFHQ/resized/train/wild/flickr_wild_002416.jpg,flickr_wild_002416.jpg
2181,/nas-ctm01/datasets/public/AFHQ/resized/train/wild/flickr_wild_002417.jpg,flickr_wild_002417.jpg
2182,/nas-ctm01/datasets/public/AFHQ/resized/train/wild/flickr_wild_002418.jpg,flickr_wild_002418.jpg
2183,/nas-ctm01/datasets/public/AFHQ/resized/train/wild/flickr_wild_002419.jpg,flickr_wild_002419.jpg
2184,/nas-ctm01/datasets/public/AFHQ/resized/train/wild/flickr_wild_002420.jpg,flickr_wild_002420.jpg
2185,/nas-ctm01/datasets/public/AFHQ/resized/train/wild/flickr_wild_002421.jpg,flickr_wild_002421.jpg
2186,/nas-ctm01/datasets/public/AFHQ/resized/train/wild/flickr_wild_002422.jpg,flickr_wild_002422.jpg
2187,/nas-ctm01/datasets/public/AFHQ/resized/train/wild/flickr_wild_002423.jpg,flickr_wild_002423.jpg
2188,/nas-ctm01/datasets/public/AFHQ/resized/train/wild/flickr_wild_002424.jpg,flickr_wild_002424.jpg
2189,/nas-ctm01/datasets/public/AFHQ/resized/train/wild/flickr_wild_002425.jpg,flickr_wild_002425.jpg
2190,/nas-ctm01/datasets/public/AFHQ/resized/train/wild/flickr_wild_002426.jpg,flickr_wild_002426.jpg
2191,/nas-ctm01/datasets/public/AFHQ/resized/train/wild/flickr_wild_002427.jpg,flickr_wild_002427.jpg
2192,/nas-ctm01/datasets/public/AFHQ/resized/train/wild/flickr_wild_002428.jpg,flickr_wild_002428.jpg
2193,/nas-ctm01/datasets/public/AFHQ/resized/train/wild/flickr_wild_002429.jpg,flickr_wild_002429.jpg
2194,/nas-ctm01/datasets/public/AFHQ/resized/train/wild/flickr_wild_002430.jpg,flickr_wild_002430.jpg
2195,/nas-ctm01/datasets/public/AFHQ/resized/train/wild/flickr_wild_002431.jpg,flickr_wild_002431.jpg
2196,/nas-ctm01/datasets/public/AFHQ/resized/train/wild/flickr_wild_002432.jpg,flickr_wild_002432.jpg
2197,/nas-ctm01/datasets/public/AFHQ/resized/train/wild/flickr_wild_002434.jpg,flickr_wild_002434.jpg
2198,/nas-ctm01/datasets/public/AFHQ/resized/train/wild/flickr_wild_002435.jpg,flickr_wild_002435.jpg
2199,/nas-ctm01/datasets/public/AFHQ/resized/train/wild/flickr_wild_002436.jpg,flickr_wild_002436.jpg
2200,/nas-ctm01/datasets/public/AFHQ/resized/train/wild/flickr_wild_002437.jpg,flickr_wild_002437.jpg
2201,/nas-ctm01/datasets/public/AFHQ/resized/train/wild/flickr_wild_002438.jpg,flickr_wild_002438.jpg
2202,/nas-ctm01/datasets/public/AFHQ/resized/train/wild/flickr_wild_002439.jpg,flickr_wild_002439.jpg
2203,/nas-ctm01/datasets/public/AFHQ/resized/train/wild/flickr_wild_002440.jpg,flickr_wild_002440.jpg
2204,/nas-ctm01/datasets/public/AFHQ/resized/train/wild/flickr_wild_002441.jpg,flickr_wild_002441.jpg
2205,/nas-ctm01/datasets/public/AFHQ/resized/train/wild/flickr_wild_002442.jpg,flickr_wild_002442.jpg
2206,/nas-ctm01/datasets/public/AFHQ/resized/train/wild/flickr_wild_002443.jpg,flickr_wild_002443.jpg
2207,/nas-ctm01/datasets/public/AFHQ/resized/train/wild/flickr_wild_002444.jpg,flickr_wild_002444.jpg
2208,/nas-ctm01/datasets/public/AFHQ/resized/train/wild/flickr_wild_002446.jpg,flickr_wild_002446.jpg
2209,/nas-ctm01/datasets/public/AFHQ/resized/train/wild/flickr_wild_002447.jpg,flickr_wild_002447.jpg
2210,/nas-ctm01/datasets/public/AFHQ/resized/train/wild/flickr_wild_002448.jpg,flickr_wild_002448.jpg
2211,/nas-ctm01/datasets/public/AFHQ/resized/train/wild/flickr_wild_002449.jpg,flickr_wild_002449.jpg
2212,/nas-ctm01/datasets/public/AFHQ/resized/train/wild/flickr_wild_002450.jpg,flickr_wild_002450.jpg
2213,/nas-ctm01/datasets/public/AFHQ/resized/train/wild/flickr_wild_002451.jpg,flickr_wild_002451.jpg
2214,/nas-ctm01/datasets/public/AFHQ/resized/train/wild/flickr_wild_002452.jpg,flickr_wild_002452.jpg
2215,/nas-ctm01/datasets/public/AFHQ/resized/train/wild/flickr_wild_002453.jpg,flickr_wild_002453.jpg
2216,/nas-ctm01/datasets/public/AFHQ/resized/train/wild/flickr_wild_002454.jpg,flickr_wild_002454.jpg
2217,/nas-ctm01/datasets/public/AFHQ/resized/train/wild/flickr_wild_002455.jpg,flickr_wild_002455.jpg
2218,/nas-ctm01/datasets/public/AFHQ/resized/train/wild/flickr_wild_002456.jpg,flickr_wild_002456.jpg
2219,/nas-ctm01/datasets/public/AFHQ/resized/train/wild/flickr_wild_002457.jpg,flickr_wild_002457.jpg
2220,/nas-ctm01/datasets/public/AFHQ/resized/train/wild/flickr_wild_002458.jpg,flickr_wild_002458.jpg
2221,/nas-ctm01/datasets/public/AFHQ/resized/train/wild/flickr_wild_002459.jpg,flickr_wild_002459.jpg
2222,/nas-ctm01/datasets/public/AFHQ/resized/train/wild/flickr_wild_002460.jpg,flickr_wild_002460.jpg
2223,/nas-ctm01/datasets/public/AFHQ/resized/train/wild/flickr_wild_002462.jpg,flickr_wild_002462.jpg
2224,/nas-ctm01/datasets/public/AFHQ/resized/train/wild/flickr_wild_002463.jpg,flickr_wild_002463.jpg
2225,/nas-ctm01/datasets/public/AFHQ/resized/train/wild/flickr_wild_002464.jpg,flickr_wild_002464.jpg
2226,/nas-ctm01/datasets/public/AFHQ/resized/train/wild/flickr_wild_002465.jpg,flickr_wild_002465.jpg
2227,/nas-ctm01/datasets/public/AFHQ/resized/train/wild/flickr_wild_002466.jpg,flickr_wild_002466.jpg
2228,/nas-ctm01/datasets/public/AFHQ/resized/train/wild/flickr_wild_002467.jpg,flickr_wild_002467.jpg
2229,/nas-ctm01/datasets/public/AFHQ/resized/train/wild/flickr_wild_002468.jpg,flickr_wild_002468.jpg
2230,/nas-ctm01/datasets/public/AFHQ/resized/train/wild/flickr_wild_002469.jpg,flickr_wild_002469.jpg
2231,/nas-ctm01/datasets/public/AFHQ/resized/train/wild/flickr_wild_002470.jpg,flickr_wild_002470.jpg
2232,/nas-ctm01/datasets/public/AFHQ/resized/train/wild/flickr_wild_002471.jpg,flickr_wild_002471.jpg
2233,/nas-ctm01/datasets/public/AFHQ/resized/train/wild/flickr_wild_002472.jpg,flickr_wild_002472.jpg
2234,/nas-ctm01/datasets/public/AFHQ/resized/train/wild/flickr_wild_002473.jpg,flickr_wild_002473.jpg
2235,/nas-ctm01/datasets/public/AFHQ/resized/train/wild/flickr_wild_002474.jpg,flickr_wild_002474.jpg
2236,/nas-ctm01/datasets/public/AFHQ/resized/train/wild/flickr_wild_002475.jpg,flickr_wild_002475.jpg
2237,/nas-ctm01/datasets/public/AFHQ/resized/train/wild/flickr_wild_002476.jpg,flickr_wild_002476.jpg
2238,/nas-ctm01/datasets/public/AFHQ/resized/train/wild/flickr_wild_002477.jpg,flickr_wild_002477.jpg
2239,/nas-ctm01/datasets/public/AFHQ/resized/train/wild/flickr_wild_002478.jpg,flickr_wild_002478.jpg
2240,/nas-ctm01/datasets/public/AFHQ/resized/train/wild/flickr_wild_002479.jpg,flickr_wild_002479.jpg
2241,/nas-ctm01/datasets/public/AFHQ/resized/train/wild/flickr_wild_002480.jpg,flickr_wild_002480.jpg
2242,/nas-ctm01/datasets/public/AFHQ/resized/train/wild/flickr_wild_002481.jpg,flickr_wild_002481.jpg
2243,/nas-ctm01/datasets/public/AFHQ/resized/train/wild/flickr_wild_002482.jpg,flickr_wild_002482.jpg
2244,/nas-ctm01/datasets/public/AFHQ/resized/train/wild/flickr_wild_002483.jpg,flickr_wild_002483.jpg
2245,/nas-ctm01/datasets/public/AFHQ/resized/train/wild/flickr_wild_002484.jpg,flickr_wild_002484.jpg
2246,/nas-ctm01/datasets/public/AFHQ/resized/train/wild/flickr_wild_002485.jpg,flickr_wild_002485.jpg
2247,/nas-ctm01/datasets/public/AFHQ/resized/train/wild/flickr_wild_002487.jpg,flickr_wild_002487.jpg
2248,/nas-ctm01/datasets/public/AFHQ/resized/train/wild/flickr_wild_002488.jpg,flickr_wild_002488.jpg
2249,/nas-ctm01/datasets/public/AFHQ/resized/train/wild/flickr_wild_002489.jpg,flickr_wild_002489.jpg
2250,/nas-ctm01/datasets/public/AFHQ/resized/train/wild/flickr_wild_002490.jpg,flickr_wild_002490.jpg
2251,/nas-ctm01/datasets/public/AFHQ/resized/train/wild/flickr_wild_002491.jpg,flickr_wild_002491.jpg
2252,/nas-ctm01/datasets/public/AFHQ/resized/train/wild/flickr_wild_002492.jpg,flickr_wild_002492.jpg
2253,/nas-ctm01/datasets/public/AFHQ/resized/train/wild/flickr_wild_002493.jpg,flickr_wild_002493.jpg
2254,/nas-ctm01/datasets/public/AFHQ/resized/train/wild/flickr_wild_002494.jpg,flickr_wild_002494.jpg
2255,/nas-ctm01/datasets/public/AFHQ/resized/train/wild/flickr_wild_002495.jpg,flickr_wild_002495.jpg
2256,/nas-ctm01/datasets/public/AFHQ/resized/train/wild/flickr_wild_002496.jpg,flickr_wild_002496.jpg
2257,/nas-ctm01/datasets/public/AFHQ/resized/train/wild/flickr_wild_002497.jpg,flickr_wild_002497.jpg
2258,/nas-ctm01/datasets/public/AFHQ/resized/train/wild/flickr_wild_002498.jpg,flickr_wild_002498.jpg
2259,/nas-ctm01/datasets/public/AFHQ/resized/train/wild/flickr_wild_002499.jpg,flickr_wild_002499.jpg
2260,/nas-ctm01/datasets/public/AFHQ/resized/train/wild/flickr_wild_002502.jpg,flickr_wild_002502.jpg
2261,/nas-ctm01/datasets/public/AFHQ/resized/train/wild/flickr_wild_002503.jpg,flickr_wild_002503.jpg
2262,/nas-ctm01/datasets/public/AFHQ/resized/train/wild/flickr_wild_002504.jpg,flickr_wild_002504.jpg
2263,/nas-ctm01/datasets/public/AFHQ/resized/train/wild/flickr_wild_002505.jpg,flickr_wild_002505.jpg
2264,/nas-ctm01/datasets/public/AFHQ/resized/train/wild/flickr_wild_002506.jpg,flickr_wild_002506.jpg
2265,/nas-ctm01/datasets/public/AFHQ/resized/train/wild/flickr_wild_002507.jpg,flickr_wild_002507.jpg
2266,/nas-ctm01/datasets/public/AFHQ/resized/train/wild/flickr_wild_002509.jpg,flickr_wild_002509.jpg
2267,/nas-ctm01/datasets/public/AFHQ/resized/train/wild/flickr_wild_002510.jpg,flickr_wild_002510.jpg
2268,/nas-ctm01/datasets/public/AFHQ/resized/train/wild/flickr_wild_002511.jpg,flickr_wild_002511.jpg
2269,/nas-ctm01/datasets/public/AFHQ/resized/train/wild/flickr_wild_002512.jpg,flickr_wild_002512.jpg
2270,/nas-ctm01/datasets/public/AFHQ/resized/train/wild/flickr_wild_002513.jpg,flickr_wild_002513.jpg
2271,/nas-ctm01/datasets/public/AFHQ/resized/train/wild/flickr_wild_002514.jpg,flickr_wild_002514.jpg
2272,/nas-ctm01/datasets/public/AFHQ/resized/train/wild/flickr_wild_002515.jpg,flickr_wild_002515.jpg
2273,/nas-ctm01/datasets/public/AFHQ/resized/train/wild/flickr_wild_002516.jpg,flickr_wild_002516.jpg
2274,/nas-ctm01/datasets/public/AFHQ/resized/train/wild/flickr_wild_002518.jpg,flickr_wild_002518.jpg
2275,/nas-ctm01/datasets/public/AFHQ/resized/train/wild/flickr_wild_002519.jpg,flickr_wild_002519.jpg
2276,/nas-ctm01/datasets/public/AFHQ/resized/train/wild/flickr_wild_002521.jpg,flickr_wild_002521.jpg
2277,/nas-ctm01/datasets/public/AFHQ/resized/train/wild/flickr_wild_002522.jpg,flickr_wild_002522.jpg
2278,/nas-ctm01/datasets/public/AFHQ/resized/train/wild/flickr_wild_002523.jpg,flickr_wild_002523.jpg
2279,/nas-ctm01/datasets/public/AFHQ/resized/train/wild/flickr_wild_002525.jpg,flickr_wild_002525.jpg
2280,/nas-ctm01/datasets/public/AFHQ/resized/train/wild/flickr_wild_002526.jpg,flickr_wild_002526.jpg
2281,/nas-ctm01/datasets/public/AFHQ/resized/train/wild/flickr_wild_002527.jpg,flickr_wild_002527.jpg
2282,/nas-ctm01/datasets/public/AFHQ/resized/train/wild/flickr_wild_002528.jpg,flickr_wild_002528.jpg
2283,/nas-ctm01/datasets/public/AFHQ/resized/train/wild/flickr_wild_002529.jpg,flickr_wild_002529.jpg
2284,/nas-ctm01/datasets/public/AFHQ/resized/train/wild/flickr_wild_002530.jpg,flickr_wild_002530.jpg
2285,/nas-ctm01/datasets/public/AFHQ/resized/train/wild/flickr_wild_002531.jpg,flickr_wild_002531.jpg
2286,/nas-ctm01/datasets/public/AFHQ/resized/train/wild/flickr_wild_002532.jpg,flickr_wild_002532.jpg
2287,/nas-ctm01/datasets/public/AFHQ/resized/train/wild/flickr_wild_002533.jpg,flickr_wild_002533.jpg
2288,/nas-ctm01/datasets/public/AFHQ/resized/train/wild/flickr_wild_002534.jpg,flickr_wild_002534.jpg
2289,/nas-ctm01/datasets/public/AFHQ/resized/train/wild/flickr_wild_002535.jpg,flickr_wild_002535.jpg
2290,/nas-ctm01/datasets/public/AFHQ/resized/train/wild/flickr_wild_002536.jpg,flickr_wild_002536.jpg
2291,/nas-ctm01/datasets/public/AFHQ/resized/train/wild/flickr_wild_002537.jpg,flickr_wild_002537.jpg
2292,/nas-ctm01/datasets/public/AFHQ/resized/train/wild/flickr_wild_002538.jpg,flickr_wild_002538.jpg
2293,/nas-ctm01/datasets/public/AFHQ/resized/train/wild/flickr_wild_002539.jpg,flickr_wild_002539.jpg
2294,/nas-ctm01/datasets/public/AFHQ/resized/train/wild/flickr_wild_002540.jpg,flickr_wild_002540.jpg
2295,/nas-ctm01/datasets/public/AFHQ/resized/train/wild/flickr_wild_002541.jpg,flickr_wild_002541.jpg
2296,/nas-ctm01/datasets/public/AFHQ/resized/train/wild/flickr_wild_002543.jpg,flickr_wild_002543.jpg
2297,/nas-ctm01/datasets/public/AFHQ/resized/train/wild/flickr_wild_002546.jpg,flickr_wild_002546.jpg
2298,/nas-ctm01/datasets/public/AFHQ/resized/train/wild/flickr_wild_002547.jpg,flickr_wild_002547.jpg
2299,/nas-ctm01/datasets/public/AFHQ/resized/train/wild/flickr_wild_002548.jpg,flickr_wild_002548.jpg
2300,/nas-ctm01/datasets/public/AFHQ/resized/train/wild/flickr_wild_002549.jpg,flickr_wild_002549.jpg
2301,/nas-ctm01/datasets/public/AFHQ/resized/train/wild/flickr_wild_002550.jpg,flickr_wild_002550.jpg
2302,/nas-ctm01/datasets/public/AFHQ/resized/train/wild/flickr_wild_002551.jpg,flickr_wild_002551.jpg
2303,/nas-ctm01/datasets/public/AFHQ/resized/train/wild/flickr_wild_002552.jpg,flickr_wild_002552.jpg
2304,/nas-ctm01/datasets/public/AFHQ/resized/train/wild/flickr_wild_002554.jpg,flickr_wild_002554.jpg
2305,/nas-ctm01/datasets/public/AFHQ/resized/train/wild/flickr_wild_002555.jpg,flickr_wild_002555.jpg
2306,/nas-ctm01/datasets/public/AFHQ/resized/train/wild/flickr_wild_002556.jpg,flickr_wild_002556.jpg
2307,/nas-ctm01/datasets/public/AFHQ/resized/train/wild/flickr_wild_002557.jpg,flickr_wild_002557.jpg
2308,/nas-ctm01/datasets/public/AFHQ/resized/train/wild/flickr_wild_002559.jpg,flickr_wild_002559.jpg
2309,/nas-ctm01/datasets/public/AFHQ/resized/train/wild/flickr_wild_002560.jpg,flickr_wild_002560.jpg
2310,/nas-ctm01/datasets/public/AFHQ/resized/train/wild/flickr_wild_002561.jpg,flickr_wild_002561.jpg
2311,/nas-ctm01/datasets/public/AFHQ/resized/train/wild/flickr_wild_002563.jpg,flickr_wild_002563.jpg
2312,/nas-ctm01/datasets/public/AFHQ/resized/train/wild/flickr_wild_002564.jpg,flickr_wild_002564.jpg
2313,/nas-ctm01/datasets/public/AFHQ/resized/train/wild/flickr_wild_002566.jpg,flickr_wild_002566.jpg
2314,/nas-ctm01/datasets/public/AFHQ/resized/train/wild/flickr_wild_002567.jpg,flickr_wild_002567.jpg
2315,/nas-ctm01/datasets/public/AFHQ/resized/train/wild/flickr_wild_002568.jpg,flickr_wild_002568.jpg
2316,/nas-ctm01/datasets/public/AFHQ/resized/train/wild/flickr_wild_002569.jpg,flickr_wild_002569.jpg
2317,/nas-ctm01/datasets/public/AFHQ/resized/train/wild/flickr_wild_002570.jpg,flickr_wild_002570.jpg
2318,/nas-ctm01/datasets/public/AFHQ/resized/train/wild/flickr_wild_002572.jpg,flickr_wild_002572.jpg
2319,/nas-ctm01/datasets/public/AFHQ/resized/train/wild/flickr_wild_002573.jpg,flickr_wild_002573.jpg
2320,/nas-ctm01/datasets/public/AFHQ/resized/train/wild/flickr_wild_002574.jpg,flickr_wild_002574.jpg
2321,/nas-ctm01/datasets/public/AFHQ/resized/train/wild/flickr_wild_002575.jpg,flickr_wild_002575.jpg
2322,/nas-ctm01/datasets/public/AFHQ/resized/train/wild/flickr_wild_002576.jpg,flickr_wild_002576.jpg
2323,/nas-ctm01/datasets/public/AFHQ/resized/train/wild/flickr_wild_002577.jpg,flickr_wild_002577.jpg
2324,/nas-ctm01/datasets/public/AFHQ/resized/train/wild/flickr_wild_002579.jpg,flickr_wild_002579.jpg
2325,/nas-ctm01/datasets/public/AFHQ/resized/train/wild/flickr_wild_002580.jpg,flickr_wild_002580.jpg
2326,/nas-ctm01/datasets/public/AFHQ/resized/train/wild/flickr_wild_002581.jpg,flickr_wild_002581.jpg
2327,/nas-ctm01/datasets/public/AFHQ/resized/train/wild/flickr_wild_002582.jpg,flickr_wild_002582.jpg
2328,/nas-ctm01/datasets/public/AFHQ/resized/train/wild/flickr_wild_002583.jpg,flickr_wild_002583.jpg
2329,/nas-ctm01/datasets/public/AFHQ/resized/train/wild/flickr_wild_002584.jpg,flickr_wild_002584.jpg
2330,/nas-ctm01/datasets/public/AFHQ/resized/train/wild/flickr_wild_002585.jpg,flickr_wild_002585.jpg
2331,/nas-ctm01/datasets/public/AFHQ/resized/train/wild/flickr_wild_002586.jpg,flickr_wild_002586.jpg
2332,/nas-ctm01/datasets/public/AFHQ/resized/train/wild/flickr_wild_002587.jpg,flickr_wild_002587.jpg
2333,/nas-ctm01/datasets/public/AFHQ/resized/train/wild/flickr_wild_002588.jpg,flickr_wild_002588.jpg
2334,/nas-ctm01/datasets/public/AFHQ/resized/train/wild/flickr_wild_002589.jpg,flickr_wild_002589.jpg
2335,/nas-ctm01/datasets/public/AFHQ/resized/train/wild/flickr_wild_002590.jpg,flickr_wild_002590.jpg
2336,/nas-ctm01/datasets/public/AFHQ/resized/train/wild/flickr_wild_002591.jpg,flickr_wild_002591.jpg
2337,/nas-ctm01/datasets/public/AFHQ/resized/train/wild/flickr_wild_002592.jpg,flickr_wild_002592.jpg
2338,/nas-ctm01/datasets/public/AFHQ/resized/train/wild/flickr_wild_002593.jpg,flickr_wild_002593.jpg
2339,/nas-ctm01/datasets/public/AFHQ/resized/train/wild/flickr_wild_002594.jpg,flickr_wild_002594.jpg
2340,/nas-ctm01/datasets/public/AFHQ/resized/train/wild/flickr_wild_002595.jpg,flickr_wild_002595.jpg
2341,/nas-ctm01/datasets/public/AFHQ/resized/train/wild/flickr_wild_002596.jpg,flickr_wild_002596.jpg
2342,/nas-ctm01/datasets/public/AFHQ/resized/train/wild/flickr_wild_002597.jpg,flickr_wild_002597.jpg
2343,/nas-ctm01/datasets/public/AFHQ/resized/train/wild/flickr_wild_002598.jpg,flickr_wild_002598.jpg
2344,/nas-ctm01/datasets/public/AFHQ/resized/train/wild/flickr_wild_002599.jpg,flickr_wild_002599.jpg
2345,/nas-ctm01/datasets/public/AFHQ/resized/train/wild/flickr_wild_002600.jpg,flickr_wild_002600.jpg
2346,/nas-ctm01/datasets/public/AFHQ/resized/train/wild/flickr_wild_002601.jpg,flickr_wild_002601.jpg
2347,/nas-ctm01/datasets/public/AFHQ/resized/train/wild/flickr_wild_002602.jpg,flickr_wild_002602.jpg
2348,/nas-ctm01/datasets/public/AFHQ/resized/train/wild/flickr_wild_002604.jpg,flickr_wild_002604.jpg
2349,/nas-ctm01/datasets/public/AFHQ/resized/train/wild/flickr_wild_002605.jpg,flickr_wild_002605.jpg
2350,/nas-ctm01/datasets/public/AFHQ/resized/train/wild/flickr_wild_002606.jpg,flickr_wild_002606.jpg
2351,/nas-ctm01/datasets/public/AFHQ/resized/train/wild/flickr_wild_002607.jpg,flickr_wild_002607.jpg
2352,/nas-ctm01/datasets/public/AFHQ/resized/train/wild/flickr_wild_002608.jpg,flickr_wild_002608.jpg
2353,/nas-ctm01/datasets/public/AFHQ/resized/train/wild/flickr_wild_002609.jpg,flickr_wild_002609.jpg
2354,/nas-ctm01/datasets/public/AFHQ/resized/train/wild/flickr_wild_002610.jpg,flickr_wild_002610.jpg
2355,/nas-ctm01/datasets/public/AFHQ/resized/train/wild/flickr_wild_002611.jpg,flickr_wild_002611.jpg
2356,/nas-ctm01/datasets/public/AFHQ/resized/train/wild/flickr_wild_002612.jpg,flickr_wild_002612.jpg
2357,/nas-ctm01/datasets/public/AFHQ/resized/train/wild/flickr_wild_002613.jpg,flickr_wild_002613.jpg
2358,/nas-ctm01/datasets/public/AFHQ/resized/train/wild/flickr_wild_002615.jpg,flickr_wild_002615.jpg
2359,/nas-ctm01/datasets/public/AFHQ/resized/train/wild/flickr_wild_002616.jpg,flickr_wild_002616.jpg
2360,/nas-ctm01/datasets/public/AFHQ/resized/train/wild/flickr_wild_002617.jpg,flickr_wild_002617.jpg
2361,/nas-ctm01/datasets/public/AFHQ/resized/train/wild/flickr_wild_002618.jpg,flickr_wild_002618.jpg
2362,/nas-ctm01/datasets/public/AFHQ/resized/train/wild/flickr_wild_002619.jpg,flickr_wild_002619.jpg
2363,/nas-ctm01/datasets/public/AFHQ/resized/train/wild/flickr_wild_002620.jpg,flickr_wild_002620.jpg
2364,/nas-ctm01/datasets/public/AFHQ/resized/train/wild/flickr_wild_002621.jpg,flickr_wild_002621.jpg
2365,/nas-ctm01/datasets/public/AFHQ/resized/train/wild/flickr_wild_002622.jpg,flickr_wild_002622.jpg
2366,/nas-ctm01/datasets/public/AFHQ/resized/train/wild/flickr_wild_002623.jpg,flickr_wild_002623.jpg
2367,/nas-ctm01/datasets/public/AFHQ/resized/train/wild/flickr_wild_002624.jpg,flickr_wild_002624.jpg
2368,/nas-ctm01/datasets/public/AFHQ/resized/train/wild/flickr_wild_002625.jpg,flickr_wild_002625.jpg
2369,/nas-ctm01/datasets/public/AFHQ/resized/train/wild/flickr_wild_002626.jpg,flickr_wild_002626.jpg
2370,/nas-ctm01/datasets/public/AFHQ/resized/train/wild/flickr_wild_002627.jpg,flickr_wild_002627.jpg
2371,/nas-ctm01/datasets/public/AFHQ/resized/train/wild/flickr_wild_002628.jpg,flickr_wild_002628.jpg
2372,/nas-ctm01/datasets/public/AFHQ/resized/train/wild/flickr_wild_002629.jpg,flickr_wild_002629.jpg
2373,/nas-ctm01/datasets/public/AFHQ/resized/train/wild/flickr_wild_002630.jpg,flickr_wild_002630.jpg
2374,/nas-ctm01/datasets/public/AFHQ/resized/train/wild/flickr_wild_002631.jpg,flickr_wild_002631.jpg
2375,/nas-ctm01/datasets/public/AFHQ/resized/train/wild/flickr_wild_002632.jpg,flickr_wild_002632.jpg
2376,/nas-ctm01/datasets/public/AFHQ/resized/train/wild/flickr_wild_002633.jpg,flickr_wild_002633.jpg
2377,/nas-ctm01/datasets/public/AFHQ/resized/train/wild/flickr_wild_002634.jpg,flickr_wild_002634.jpg
2378,/nas-ctm01/datasets/public/AFHQ/resized/train/wild/flickr_wild_002635.jpg,flickr_wild_002635.jpg
2379,/nas-ctm01/datasets/public/AFHQ/resized/train/wild/flickr_wild_002636.jpg,flickr_wild_002636.jpg
2380,/nas-ctm01/datasets/public/AFHQ/resized/train/wild/flickr_wild_002638.jpg,flickr_wild_002638.jpg
2381,/nas-ctm01/datasets/public/AFHQ/resized/train/wild/flickr_wild_002639.jpg,flickr_wild_002639.jpg
2382,/nas-ctm01/datasets/public/AFHQ/resized/train/wild/flickr_wild_002640.jpg,flickr_wild_002640.jpg
2383,/nas-ctm01/datasets/public/AFHQ/resized/train/wild/flickr_wild_002641.jpg,flickr_wild_002641.jpg
2384,/nas-ctm01/datasets/public/AFHQ/resized/train/wild/flickr_wild_002642.jpg,flickr_wild_002642.jpg
2385,/nas-ctm01/datasets/public/AFHQ/resized/train/wild/flickr_wild_002643.jpg,flickr_wild_002643.jpg
2386,/nas-ctm01/datasets/public/AFHQ/resized/train/wild/flickr_wild_002644.jpg,flickr_wild_002644.jpg
2387,/nas-ctm01/datasets/public/AFHQ/resized/train/wild/flickr_wild_002645.jpg,flickr_wild_002645.jpg
2388,/nas-ctm01/datasets/public/AFHQ/resized/train/wild/flickr_wild_002646.jpg,flickr_wild_002646.jpg
2389,/nas-ctm01/datasets/public/AFHQ/resized/train/wild/flickr_wild_002647.jpg,flickr_wild_002647.jpg
2390,/nas-ctm01/datasets/public/AFHQ/resized/train/wild/flickr_wild_002648.jpg,flickr_wild_002648.jpg
2391,/nas-ctm01/datasets/public/AFHQ/resized/train/wild/flickr_wild_002649.jpg,flickr_wild_002649.jpg
2392,/nas-ctm01/datasets/public/AFHQ/resized/train/wild/flickr_wild_002650.jpg,flickr_wild_002650.jpg
2393,/nas-ctm01/datasets/public/AFHQ/resized/train/wild/flickr_wild_002651.jpg,flickr_wild_002651.jpg
2394,/nas-ctm01/datasets/public/AFHQ/resized/train/wild/flickr_wild_002652.jpg,flickr_wild_002652.jpg
2395,/nas-ctm01/datasets/public/AFHQ/resized/train/wild/flickr_wild_002653.jpg,flickr_wild_002653.jpg
2396,/nas-ctm01/datasets/public/AFHQ/resized/train/wild/flickr_wild_002654.jpg,flickr_wild_002654.jpg
2397,/nas-ctm01/datasets/public/AFHQ/resized/train/wild/flickr_wild_002655.jpg,flickr_wild_002655.jpg
2398,/nas-ctm01/datasets/public/AFHQ/resized/train/wild/flickr_wild_002656.jpg,flickr_wild_002656.jpg
2399,/nas-ctm01/datasets/public/AFHQ/resized/train/wild/flickr_wild_002657.jpg,flickr_wild_002657.jpg
2400,/nas-ctm01/datasets/public/AFHQ/resized/train/wild/flickr_wild_002658.jpg,flickr_wild_002658.jpg
2401,/nas-ctm01/datasets/public/AFHQ/resized/train/wild/flickr_wild_002659.jpg,flickr_wild_002659.jpg
2402,/nas-ctm01/datasets/public/AFHQ/resized/train/wild/flickr_wild_002660.jpg,flickr_wild_002660.jpg
2403,/nas-ctm01/datasets/public/AFHQ/resized/train/wild/flickr_wild_002661.jpg,flickr_wild_002661.jpg
2404,/nas-ctm01/datasets/public/AFHQ/resized/train/wild/flickr_wild_002662.jpg,flickr_wild_002662.jpg
2405,/nas-ctm01/datasets/public/AFHQ/resized/train/wild/flickr_wild_002663.jpg,flickr_wild_002663.jpg
2406,/nas-ctm01/datasets/public/AFHQ/resized/train/wild/flickr_wild_002664.jpg,flickr_wild_002664.jpg
2407,/nas-ctm01/datasets/public/AFHQ/resized/train/wild/flickr_wild_002665.jpg,flickr_wild_002665.jpg
2408,/nas-ctm01/datasets/public/AFHQ/resized/train/wild/flickr_wild_002666.jpg,flickr_wild_002666.jpg
2409,/nas-ctm01/datasets/public/AFHQ/resized/train/wild/flickr_wild_002667.jpg,flickr_wild_002667.jpg
2410,/nas-ctm01/datasets/public/AFHQ/resized/train/wild/flickr_wild_002668.jpg,flickr_wild_002668.jpg
2411,/nas-ctm01/datasets/public/AFHQ/resized/train/wild/flickr_wild_002669.jpg,flickr_wild_002669.jpg
2412,/nas-ctm01/datasets/public/AFHQ/resized/train/wild/flickr_wild_002670.jpg,flickr_wild_002670.jpg
2413,/nas-ctm01/datasets/public/AFHQ/resized/train/wild/flickr_wild_002671.jpg,flickr_wild_002671.jpg
2414,/nas-ctm01/datasets/public/AFHQ/resized/train/wild/flickr_wild_002672.jpg,flickr_wild_002672.jpg
2415,/nas-ctm01/datasets/public/AFHQ/resized/train/wild/flickr_wild_002673.jpg,flickr_wild_002673.jpg
2416,/nas-ctm01/datasets/public/AFHQ/resized/train/wild/flickr_wild_002674.jpg,flickr_wild_002674.jpg
2417,/nas-ctm01/datasets/public/AFHQ/resized/train/wild/flickr_wild_002675.jpg,flickr_wild_002675.jpg
2418,/nas-ctm01/datasets/public/AFHQ/resized/train/wild/flickr_wild_002677.jpg,flickr_wild_002677.jpg
2419,/nas-ctm01/datasets/public/AFHQ/resized/train/wild/flickr_wild_002678.jpg,flickr_wild_002678.jpg
2420,/nas-ctm01/datasets/public/AFHQ/resized/train/wild/flickr_wild_002679.jpg,flickr_wild_002679.jpg
2421,/nas-ctm01/datasets/public/AFHQ/resized/train/wild/flickr_wild_002680.jpg,flickr_wild_002680.jpg
2422,/nas-ctm01/datasets/public/AFHQ/resized/train/wild/flickr_wild_002681.jpg,flickr_wild_002681.jpg
2423,/nas-ctm01/datasets/public/AFHQ/resized/train/wild/flickr_wild_002682.jpg,flickr_wild_002682.jpg
2424,/nas-ctm01/datasets/public/AFHQ/resized/train/wild/flickr_wild_002683.jpg,flickr_wild_002683.jpg
2425,/nas-ctm01/datasets/public/AFHQ/resized/train/wild/flickr_wild_002684.jpg,flickr_wild_002684.jpg
2426,/nas-ctm01/datasets/public/AFHQ/resized/train/wild/flickr_wild_002685.jpg,flickr_wild_002685.jpg
2427,/nas-ctm01/datasets/public/AFHQ/resized/train/wild/flickr_wild_002687.jpg,flickr_wild_002687.jpg
2428,/nas-ctm01/datasets/public/AFHQ/resized/train/wild/flickr_wild_002688.jpg,flickr_wild_002688.jpg
2429,/nas-ctm01/datasets/public/AFHQ/resized/train/wild/flickr_wild_002689.jpg,flickr_wild_002689.jpg
2430,/nas-ctm01/datasets/public/AFHQ/resized/train/wild/flickr_wild_002690.jpg,flickr_wild_002690.jpg
2431,/nas-ctm01/datasets/public/AFHQ/resized/train/wild/flickr_wild_002691.jpg,flickr_wild_002691.jpg
2432,/nas-ctm01/datasets/public/AFHQ/resized/train/wild/flickr_wild_002692.jpg,flickr_wild_002692.jpg
2433,/nas-ctm01/datasets/public/AFHQ/resized/train/wild/flickr_wild_002693.jpg,flickr_wild_002693.jpg
2434,/nas-ctm01/datasets/public/AFHQ/resized/train/wild/flickr_wild_002695.jpg,flickr_wild_002695.jpg
2435,/nas-ctm01/datasets/public/AFHQ/resized/train/wild/flickr_wild_002696.jpg,flickr_wild_002696.jpg
2436,/nas-ctm01/datasets/public/AFHQ/resized/train/wild/flickr_wild_002697.jpg,flickr_wild_002697.jpg
2437,/nas-ctm01/datasets/public/AFHQ/resized/train/wild/flickr_wild_002698.jpg,flickr_wild_002698.jpg
2438,/nas-ctm01/datasets/public/AFHQ/resized/train/wild/flickr_wild_002699.jpg,flickr_wild_002699.jpg
2439,/nas-ctm01/datasets/public/AFHQ/resized/train/wild/flickr_wild_002700.jpg,flickr_wild_002700.jpg
2440,/nas-ctm01/datasets/public/AFHQ/resized/train/wild/flickr_wild_002701.jpg,flickr_wild_002701.jpg
2441,/nas-ctm01/datasets/public/AFHQ/resized/train/wild/flickr_wild_002702.jpg,flickr_wild_002702.jpg
2442,/nas-ctm01/datasets/public/AFHQ/resized/train/wild/flickr_wild_002703.jpg,flickr_wild_002703.jpg
2443,/nas-ctm01/datasets/public/AFHQ/resized/train/wild/flickr_wild_002704.jpg,flickr_wild_002704.jpg
2444,/nas-ctm01/datasets/public/AFHQ/resized/train/wild/flickr_wild_002705.jpg,flickr_wild_002705.jpg
2445,/nas-ctm01/datasets/public/AFHQ/resized/train/wild/flickr_wild_002706.jpg,flickr_wild_002706.jpg
2446,/nas-ctm01/datasets/public/AFHQ/resized/train/wild/flickr_wild_002707.jpg,flickr_wild_002707.jpg
2447,/nas-ctm01/datasets/public/AFHQ/resized/train/wild/flickr_wild_002708.jpg,flickr_wild_002708.jpg
2448,/nas-ctm01/datasets/public/AFHQ/resized/train/wild/flickr_wild_002710.jpg,flickr_wild_002710.jpg
2449,/nas-ctm01/datasets/public/AFHQ/resized/train/wild/flickr_wild_002711.jpg,flickr_wild_002711.jpg
2450,/nas-ctm01/datasets/public/AFHQ/resized/train/wild/flickr_wild_002712.jpg,flickr_wild_002712.jpg
2451,/nas-ctm01/datasets/public/AFHQ/resized/train/wild/flickr_wild_002715.jpg,flickr_wild_002715.jpg
2452,/nas-ctm01/datasets/public/AFHQ/resized/train/wild/flickr_wild_002716.jpg,flickr_wild_002716.jpg
2453,/nas-ctm01/datasets/public/AFHQ/resized/train/wild/flickr_wild_002717.jpg,flickr_wild_002717.jpg
2454,/nas-ctm01/datasets/public/AFHQ/resized/train/wild/flickr_wild_002718.jpg,flickr_wild_002718.jpg
2455,/nas-ctm01/datasets/public/AFHQ/resized/train/wild/flickr_wild_002719.jpg,flickr_wild_002719.jpg
2456,/nas-ctm01/datasets/public/AFHQ/resized/train/wild/flickr_wild_002720.jpg,flickr_wild_002720.jpg
2457,/nas-ctm01/datasets/public/AFHQ/resized/train/wild/flickr_wild_002721.jpg,flickr_wild_002721.jpg
2458,/nas-ctm01/datasets/public/AFHQ/resized/train/wild/flickr_wild_002722.jpg,flickr_wild_002722.jpg
2459,/nas-ctm01/datasets/public/AFHQ/resized/train/wild/flickr_wild_002723.jpg,flickr_wild_002723.jpg
2460,/nas-ctm01/datasets/public/AFHQ/resized/train/wild/flickr_wild_002724.jpg,flickr_wild_002724.jpg
2461,/nas-ctm01/datasets/public/AFHQ/resized/train/wild/flickr_wild_002725.jpg,flickr_wild_002725.jpg
2462,/nas-ctm01/datasets/public/AFHQ/resized/train/wild/flickr_wild_002727.jpg,flickr_wild_002727.jpg
2463,/nas-ctm01/datasets/public/AFHQ/resized/train/wild/flickr_wild_002728.jpg,flickr_wild_002728.jpg
2464,/nas-ctm01/datasets/public/AFHQ/resized/train/wild/flickr_wild_002729.jpg,flickr_wild_002729.jpg
2465,/nas-ctm01/datasets/public/AFHQ/resized/train/wild/flickr_wild_002730.jpg,flickr_wild_002730.jpg
2466,/nas-ctm01/datasets/public/AFHQ/resized/train/wild/flickr_wild_002731.jpg,flickr_wild_002731.jpg
2467,/nas-ctm01/datasets/public/AFHQ/resized/train/wild/flickr_wild_002732.jpg,flickr_wild_002732.jpg
2468,/nas-ctm01/datasets/public/AFHQ/resized/train/wild/flickr_wild_002734.jpg,flickr_wild_002734.jpg
2469,/nas-ctm01/datasets/public/AFHQ/resized/train/wild/flickr_wild_002735.jpg,flickr_wild_002735.jpg
2470,/nas-ctm01/datasets/public/AFHQ/resized/train/wild/flickr_wild_002736.jpg,flickr_wild_002736.jpg
2471,/nas-ctm01/datasets/public/AFHQ/resized/train/wild/flickr_wild_002737.jpg,flickr_wild_002737.jpg
2472,/nas-ctm01/datasets/public/AFHQ/resized/train/wild/flickr_wild_002738.jpg,flickr_wild_002738.jpg
2473,/nas-ctm01/datasets/public/AFHQ/resized/train/wild/flickr_wild_002739.jpg,flickr_wild_002739.jpg
2474,/nas-ctm01/datasets/public/AFHQ/resized/train/wild/flickr_wild_002740.jpg,flickr_wild_002740.jpg
2475,/nas-ctm01/datasets/public/AFHQ/resized/train/wild/flickr_wild_002741.jpg,flickr_wild_002741.jpg
2476,/nas-ctm01/datasets/public/AFHQ/resized/train/wild/flickr_wild_002742.jpg,flickr_wild_002742.jpg
2477,/nas-ctm01/datasets/public/AFHQ/resized/train/wild/flickr_wild_002743.jpg,flickr_wild_002743.jpg
2478,/nas-ctm01/datasets/public/AFHQ/resized/train/wild/flickr_wild_002744.jpg,flickr_wild_002744.jpg
2479,/nas-ctm01/datasets/public/AFHQ/resized/train/wild/flickr_wild_002745.jpg,flickr_wild_002745.jpg
2480,/nas-ctm01/datasets/public/AFHQ/resized/train/wild/flickr_wild_002746.jpg,flickr_wild_002746.jpg
2481,/nas-ctm01/datasets/public/AFHQ/resized/train/wild/flickr_wild_002748.jpg,flickr_wild_002748.jpg
2482,/nas-ctm01/datasets/public/AFHQ/resized/train/wild/flickr_wild_002749.jpg,flickr_wild_002749.jpg
2483,/nas-ctm01/datasets/public/AFHQ/resized/train/wild/flickr_wild_002750.jpg,flickr_wild_002750.jpg
2484,/nas-ctm01/datasets/public/AFHQ/resized/train/wild/flickr_wild_002751.jpg,flickr_wild_002751.jpg
2485,/nas-ctm01/datasets/public/AFHQ/resized/train/wild/flickr_wild_002752.jpg,flickr_wild_002752.jpg
2486,/nas-ctm01/datasets/public/AFHQ/resized/train/wild/flickr_wild_002753.jpg,flickr_wild_002753.jpg
2487,/nas-ctm01/datasets/public/AFHQ/resized/train/wild/flickr_wild_002755.jpg,flickr_wild_002755.jpg
2488,/nas-ctm01/datasets/public/AFHQ/resized/train/wild/flickr_wild_002756.jpg,flickr_wild_002756.jpg
2489,/nas-ctm01/datasets/public/AFHQ/resized/train/wild/flickr_wild_002757.jpg,flickr_wild_002757.jpg
2490,/nas-ctm01/datasets/public/AFHQ/resized/train/wild/flickr_wild_002758.jpg,flickr_wild_002758.jpg
2491,/nas-ctm01/datasets/public/AFHQ/resized/train/wild/flickr_wild_002759.jpg,flickr_wild_002759.jpg
2492,/nas-ctm01/datasets/public/AFHQ/resized/train/wild/flickr_wild_002760.jpg,flickr_wild_002760.jpg
2493,/nas-ctm01/datasets/public/AFHQ/resized/train/wild/flickr_wild_002761.jpg,flickr_wild_002761.jpg
2494,/nas-ctm01/datasets/public/AFHQ/resized/train/wild/flickr_wild_002762.jpg,flickr_wild_002762.jpg
2495,/nas-ctm01/datasets/public/AFHQ/resized/train/wild/flickr_wild_002763.jpg,flickr_wild_002763.jpg
2496,/nas-ctm01/datasets/public/AFHQ/resized/train/wild/flickr_wild_002764.jpg,flickr_wild_002764.jpg
2497,/nas-ctm01/datasets/public/AFHQ/resized/train/wild/flickr_wild_002765.jpg,flickr_wild_002765.jpg
2498,/nas-ctm01/datasets/public/AFHQ/resized/train/wild/flickr_wild_002766.jpg,flickr_wild_002766.jpg
2499,/nas-ctm01/datasets/public/AFHQ/resized/train/wild/flickr_wild_002767.jpg,flickr_wild_002767.jpg
2500,/nas-ctm01/datasets/public/AFHQ/resized/train/wild/flickr_wild_002768.jpg,flickr_wild_002768.jpg
2501,/nas-ctm01/datasets/public/AFHQ/resized/train/wild/flickr_wild_002769.jpg,flickr_wild_002769.jpg
2502,/nas-ctm01/datasets/public/AFHQ/resized/train/wild/flickr_wild_002770.jpg,flickr_wild_002770.jpg
2503,/nas-ctm01/datasets/public/AFHQ/resized/train/wild/flickr_wild_002771.jpg,flickr_wild_002771.jpg
2504,/nas-ctm01/datasets/public/AFHQ/resized/train/wild/flickr_wild_002772.jpg,flickr_wild_002772.jpg
2505,/nas-ctm01/datasets/public/AFHQ/resized/train/wild/flickr_wild_002773.jpg,flickr_wild_002773.jpg
2506,/nas-ctm01/datasets/public/AFHQ/resized/train/wild/flickr_wild_002774.jpg,flickr_wild_002774.jpg
2507,/nas-ctm01/datasets/public/AFHQ/resized/train/wild/flickr_wild_002776.jpg,flickr_wild_002776.jpg
2508,/nas-ctm01/datasets/public/AFHQ/resized/train/wild/flickr_wild_002777.jpg,flickr_wild_002777.jpg
2509,/nas-ctm01/datasets/public/AFHQ/resized/train/wild/flickr_wild_002778.jpg,flickr_wild_002778.jpg
2510,/nas-ctm01/datasets/public/AFHQ/resized/train/wild/flickr_wild_002779.jpg,flickr_wild_002779.jpg
2511,/nas-ctm01/datasets/public/AFHQ/resized/train/wild/flickr_wild_002780.jpg,flickr_wild_002780.jpg
2512,/nas-ctm01/datasets/public/AFHQ/resized/train/wild/flickr_wild_002781.jpg,flickr_wild_002781.jpg
2513,/nas-ctm01/datasets/public/AFHQ/resized/train/wild/flickr_wild_002782.jpg,flickr_wild_002782.jpg
2514,/nas-ctm01/datasets/public/AFHQ/resized/train/wild/flickr_wild_002783.jpg,flickr_wild_002783.jpg
2515,/nas-ctm01/datasets/public/AFHQ/resized/train/wild/flickr_wild_002786.jpg,flickr_wild_002786.jpg
2516,/nas-ctm01/datasets/public/AFHQ/resized/train/wild/flickr_wild_002787.jpg,flickr_wild_002787.jpg
2517,/nas-ctm01/datasets/public/AFHQ/resized/train/wild/flickr_wild_002788.jpg,flickr_wild_002788.jpg
2518,/nas-ctm01/datasets/public/AFHQ/resized/train/wild/flickr_wild_002789.jpg,flickr_wild_002789.jpg
2519,/nas-ctm01/datasets/public/AFHQ/resized/train/wild/flickr_wild_002790.jpg,flickr_wild_002790.jpg
2520,/nas-ctm01/datasets/public/AFHQ/resized/train/wild/flickr_wild_002791.jpg,flickr_wild_002791.jpg
2521,/nas-ctm01/datasets/public/AFHQ/resized/train/wild/flickr_wild_002792.jpg,flickr_wild_002792.jpg
2522,/nas-ctm01/datasets/public/AFHQ/resized/train/wild/flickr_wild_002793.jpg,flickr_wild_002793.jpg
2523,/nas-ctm01/datasets/public/AFHQ/resized/train/wild/flickr_wild_002794.jpg,flickr_wild_002794.jpg
2524,/nas-ctm01/datasets/public/AFHQ/resized/train/wild/flickr_wild_002795.jpg,flickr_wild_002795.jpg
2525,/nas-ctm01/datasets/public/AFHQ/resized/train/wild/flickr_wild_002796.jpg,flickr_wild_002796.jpg
2526,/nas-ctm01/datasets/public/AFHQ/resized/train/wild/flickr_wild_002797.jpg,flickr_wild_002797.jpg
2527,/nas-ctm01/datasets/public/AFHQ/resized/train/wild/flickr_wild_002798.jpg,flickr_wild_002798.jpg
2528,/nas-ctm01/datasets/public/AFHQ/resized/train/wild/flickr_wild_002799.jpg,flickr_wild_002799.jpg
2529,/nas-ctm01/datasets/public/AFHQ/resized/train/wild/flickr_wild_002800.jpg,flickr_wild_002800.jpg
2530,/nas-ctm01/datasets/public/AFHQ/resized/train/wild/flickr_wild_002802.jpg,flickr_wild_002802.jpg
2531,/nas-ctm01/datasets/public/AFHQ/resized/train/wild/flickr_wild_002803.jpg,flickr_wild_002803.jpg
2532,/nas-ctm01/datasets/public/AFHQ/resized/train/wild/flickr_wild_002804.jpg,flickr_wild_002804.jpg
2533,/nas-ctm01/datasets/public/AFHQ/resized/train/wild/flickr_wild_002805.jpg,flickr_wild_002805.jpg
2534,/nas-ctm01/datasets/public/AFHQ/resized/train/wild/flickr_wild_002806.jpg,flickr_wild_002806.jpg
2535,/nas-ctm01/datasets/public/AFHQ/resized/train/wild/flickr_wild_002807.jpg,flickr_wild_002807.jpg
2536,/nas-ctm01/datasets/public/AFHQ/resized/train/wild/flickr_wild_002808.jpg,flickr_wild_002808.jpg
2537,/nas-ctm01/datasets/public/AFHQ/resized/train/wild/flickr_wild_002810.jpg,flickr_wild_002810.jpg
2538,/nas-ctm01/datasets/public/AFHQ/resized/train/wild/flickr_wild_002811.jpg,flickr_wild_002811.jpg
2539,/nas-ctm01/datasets/public/AFHQ/resized/train/wild/flickr_wild_002812.jpg,flickr_wild_002812.jpg
2540,/nas-ctm01/datasets/public/AFHQ/resized/train/wild/flickr_wild_002813.jpg,flickr_wild_002813.jpg
2541,/nas-ctm01/datasets/public/AFHQ/resized/train/wild/flickr_wild_002814.jpg,flickr_wild_002814.jpg
2542,/nas-ctm01/datasets/public/AFHQ/resized/train/wild/flickr_wild_002815.jpg,flickr_wild_002815.jpg
2543,/nas-ctm01/datasets/public/AFHQ/resized/train/wild/flickr_wild_002816.jpg,flickr_wild_002816.jpg
2544,/nas-ctm01/datasets/public/AFHQ/resized/train/wild/flickr_wild_002817.jpg,flickr_wild_002817.jpg
2545,/nas-ctm01/datasets/public/AFHQ/resized/train/wild/flickr_wild_002818.jpg,flickr_wild_002818.jpg
2546,/nas-ctm01/datasets/public/AFHQ/resized/train/wild/flickr_wild_002819.jpg,flickr_wild_002819.jpg
2547,/nas-ctm01/datasets/public/AFHQ/resized/train/wild/flickr_wild_002820.jpg,flickr_wild_002820.jpg
2548,/nas-ctm01/datasets/public/AFHQ/resized/train/wild/flickr_wild_002821.jpg,flickr_wild_002821.jpg
2549,/nas-ctm01/datasets/public/AFHQ/resized/train/wild/flickr_wild_002822.jpg,flickr_wild_002822.jpg
2550,/nas-ctm01/datasets/public/AFHQ/resized/train/wild/flickr_wild_002823.jpg,flickr_wild_002823.jpg
2551,/nas-ctm01/datasets/public/AFHQ/resized/train/wild/flickr_wild_002824.jpg,flickr_wild_002824.jpg
2552,/nas-ctm01/datasets/public/AFHQ/resized/train/wild/flickr_wild_002825.jpg,flickr_wild_002825.jpg
2553,/nas-ctm01/datasets/public/AFHQ/resized/train/wild/flickr_wild_002826.jpg,flickr_wild_002826.jpg
2554,/nas-ctm01/datasets/public/AFHQ/resized/train/wild/flickr_wild_002827.jpg,flickr_wild_002827.jpg
2555,/nas-ctm01/datasets/public/AFHQ/resized/train/wild/flickr_wild_002828.jpg,flickr_wild_002828.jpg
2556,/nas-ctm01/datasets/public/AFHQ/resized/train/wild/flickr_wild_002830.jpg,flickr_wild_002830.jpg
2557,/nas-ctm01/datasets/public/AFHQ/resized/train/wild/flickr_wild_002831.jpg,flickr_wild_002831.jpg
2558,/nas-ctm01/datasets/public/AFHQ/resized/train/wild/flickr_wild_002832.jpg,flickr_wild_002832.jpg
2559,/nas-ctm01/datasets/public/AFHQ/resized/train/wild/flickr_wild_002833.jpg,flickr_wild_002833.jpg
2560,/nas-ctm01/datasets/public/AFHQ/resized/train/wild/flickr_wild_002834.jpg,flickr_wild_002834.jpg
2561,/nas-ctm01/datasets/public/AFHQ/resized/train/wild/flickr_wild_002835.jpg,flickr_wild_002835.jpg
2562,/nas-ctm01/datasets/public/AFHQ/resized/train/wild/flickr_wild_002836.jpg,flickr_wild_002836.jpg
2563,/nas-ctm01/datasets/public/AFHQ/resized/train/wild/flickr_wild_002837.jpg,flickr_wild_002837.jpg
2564,/nas-ctm01/datasets/public/AFHQ/resized/train/wild/flickr_wild_002838.jpg,flickr_wild_002838.jpg
2565,/nas-ctm01/datasets/public/AFHQ/resized/train/wild/flickr_wild_002839.jpg,flickr_wild_002839.jpg
2566,/nas-ctm01/datasets/public/AFHQ/resized/train/wild/flickr_wild_002840.jpg,flickr_wild_002840.jpg
2567,/nas-ctm01/datasets/public/AFHQ/resized/train/wild/flickr_wild_002841.jpg,flickr_wild_002841.jpg
2568,/nas-ctm01/datasets/public/AFHQ/resized/train/wild/flickr_wild_002842.jpg,flickr_wild_002842.jpg
2569,/nas-ctm01/datasets/public/AFHQ/resized/train/wild/flickr_wild_002843.jpg,flickr_wild_002843.jpg
2570,/nas-ctm01/datasets/public/AFHQ/resized/train/wild/flickr_wild_002844.jpg,flickr_wild_002844.jpg
2571,/nas-ctm01/datasets/public/AFHQ/resized/train/wild/flickr_wild_002845.jpg,flickr_wild_002845.jpg
2572,/nas-ctm01/datasets/public/AFHQ/resized/train/wild/flickr_wild_002846.jpg,flickr_wild_002846.jpg
2573,/nas-ctm01/datasets/public/AFHQ/resized/train/wild/flickr_wild_002847.jpg,flickr_wild_002847.jpg
2574,/nas-ctm01/datasets/public/AFHQ/resized/train/wild/flickr_wild_002848.jpg,flickr_wild_002848.jpg
2575,/nas-ctm01/datasets/public/AFHQ/resized/train/wild/flickr_wild_002849.jpg,flickr_wild_002849.jpg
2576,/nas-ctm01/datasets/public/AFHQ/resized/train/wild/flickr_wild_002850.jpg,flickr_wild_002850.jpg
2577,/nas-ctm01/datasets/public/AFHQ/resized/train/wild/flickr_wild_002851.jpg,flickr_wild_002851.jpg
2578,/nas-ctm01/datasets/public/AFHQ/resized/train/wild/flickr_wild_002852.jpg,flickr_wild_002852.jpg
2579,/nas-ctm01/datasets/public/AFHQ/resized/train/wild/flickr_wild_002853.jpg,flickr_wild_002853.jpg
2580,/nas-ctm01/datasets/public/AFHQ/resized/train/wild/flickr_wild_002854.jpg,flickr_wild_002854.jpg
2581,/nas-ctm01/datasets/public/AFHQ/resized/train/wild/flickr_wild_002855.jpg,flickr_wild_002855.jpg
2582,/nas-ctm01/datasets/public/AFHQ/resized/train/wild/flickr_wild_002857.jpg,flickr_wild_002857.jpg
2583,/nas-ctm01/datasets/public/AFHQ/resized/train/wild/flickr_wild_002858.jpg,flickr_wild_002858.jpg
2584,/nas-ctm01/datasets/public/AFHQ/resized/train/wild/flickr_wild_002859.jpg,flickr_wild_002859.jpg
2585,/nas-ctm01/datasets/public/AFHQ/resized/train/wild/flickr_wild_002860.jpg,flickr_wild_002860.jpg
2586,/nas-ctm01/datasets/public/AFHQ/resized/train/wild/flickr_wild_002861.jpg,flickr_wild_002861.jpg
2587,/nas-ctm01/datasets/public/AFHQ/resized/train/wild/flickr_wild_002862.jpg,flickr_wild_002862.jpg
2588,/nas-ctm01/datasets/public/AFHQ/resized/train/wild/flickr_wild_002863.jpg,flickr_wild_002863.jpg
2589,/nas-ctm01/datasets/public/AFHQ/resized/train/wild/flickr_wild_002864.jpg,flickr_wild_002864.jpg
2590,/nas-ctm01/datasets/public/AFHQ/resized/train/wild/flickr_wild_002865.jpg,flickr_wild_002865.jpg
2591,/nas-ctm01/datasets/public/AFHQ/resized/train/wild/flickr_wild_002866.jpg,flickr_wild_002866.jpg
2592,/nas-ctm01/datasets/public/AFHQ/resized/train/wild/flickr_wild_002868.jpg,flickr_wild_002868.jpg
2593,/nas-ctm01/datasets/public/AFHQ/resized/train/wild/flickr_wild_002869.jpg,flickr_wild_002869.jpg
2594,/nas-ctm01/datasets/public/AFHQ/resized/train/wild/flickr_wild_002870.jpg,flickr_wild_002870.jpg
2595,/nas-ctm01/datasets/public/AFHQ/resized/train/wild/flickr_wild_002872.jpg,flickr_wild_002872.jpg
2596,/nas-ctm01/datasets/public/AFHQ/resized/train/wild/flickr_wild_002873.jpg,flickr_wild_002873.jpg
2597,/nas-ctm01/datasets/public/AFHQ/resized/train/wild/flickr_wild_002875.jpg,flickr_wild_002875.jpg
2598,/nas-ctm01/datasets/public/AFHQ/resized/train/wild/flickr_wild_002876.jpg,flickr_wild_002876.jpg
2599,/nas-ctm01/datasets/public/AFHQ/resized/train/wild/flickr_wild_002877.jpg,flickr_wild_002877.jpg
2600,/nas-ctm01/datasets/public/AFHQ/resized/train/wild/flickr_wild_002878.jpg,flickr_wild_002878.jpg
2601,/nas-ctm01/datasets/public/AFHQ/resized/train/wild/flickr_wild_002879.jpg,flickr_wild_002879.jpg
2602,/nas-ctm01/datasets/public/AFHQ/resized/train/wild/flickr_wild_002880.jpg,flickr_wild_002880.jpg
2603,/nas-ctm01/datasets/public/AFHQ/resized/train/wild/flickr_wild_002881.jpg,flickr_wild_002881.jpg
2604,/nas-ctm01/datasets/public/AFHQ/resized/train/wild/flickr_wild_002882.jpg,flickr_wild_002882.jpg
2605,/nas-ctm01/datasets/public/AFHQ/resized/train/wild/flickr_wild_002883.jpg,flickr_wild_002883.jpg
2606,/nas-ctm01/datasets/public/AFHQ/resized/train/wild/flickr_wild_002884.jpg,flickr_wild_002884.jpg
2607,/nas-ctm01/datasets/public/AFHQ/resized/train/wild/flickr_wild_002885.jpg,flickr_wild_002885.jpg
2608,/nas-ctm01/datasets/public/AFHQ/resized/train/wild/flickr_wild_002887.jpg,flickr_wild_002887.jpg
2609,/nas-ctm01/datasets/public/AFHQ/resized/train/wild/flickr_wild_002888.jpg,flickr_wild_002888.jpg
2610,/nas-ctm01/datasets/public/AFHQ/resized/train/wild/flickr_wild_002889.jpg,flickr_wild_002889.jpg
2611,/nas-ctm01/datasets/public/AFHQ/resized/train/wild/flickr_wild_002890.jpg,flickr_wild_002890.jpg
2612,/nas-ctm01/datasets/public/AFHQ/resized/train/wild/flickr_wild_002891.jpg,flickr_wild_002891.jpg
2613,/nas-ctm01/datasets/public/AFHQ/resized/train/wild/flickr_wild_002892.jpg,flickr_wild_002892.jpg
2614,/nas-ctm01/datasets/public/AFHQ/resized/train/wild/flickr_wild_002893.jpg,flickr_wild_002893.jpg
2615,/nas-ctm01/datasets/public/AFHQ/resized/train/wild/flickr_wild_002894.jpg,flickr_wild_002894.jpg
2616,/nas-ctm01/datasets/public/AFHQ/resized/train/wild/flickr_wild_002895.jpg,flickr_wild_002895.jpg
2617,/nas-ctm01/datasets/public/AFHQ/resized/train/wild/flickr_wild_002897.jpg,flickr_wild_002897.jpg
2618,/nas-ctm01/datasets/public/AFHQ/resized/train/wild/flickr_wild_002898.jpg,flickr_wild_002898.jpg
2619,/nas-ctm01/datasets/public/AFHQ/resized/train/wild/flickr_wild_002899.jpg,flickr_wild_002899.jpg
2620,/nas-ctm01/datasets/public/AFHQ/resized/train/wild/flickr_wild_002900.jpg,flickr_wild_002900.jpg
2621,/nas-ctm01/datasets/public/AFHQ/resized/train/wild/flickr_wild_002901.jpg,flickr_wild_002901.jpg
2622,/nas-ctm01/datasets/public/AFHQ/resized/train/wild/flickr_wild_002902.jpg,flickr_wild_002902.jpg
2623,/nas-ctm01/datasets/public/AFHQ/resized/train/wild/flickr_wild_002903.jpg,flickr_wild_002903.jpg
2624,/nas-ctm01/datasets/public/AFHQ/resized/train/wild/flickr_wild_002904.jpg,flickr_wild_002904.jpg
2625,/nas-ctm01/datasets/public/AFHQ/resized/train/wild/flickr_wild_002905.jpg,flickr_wild_002905.jpg
2626,/nas-ctm01/datasets/public/AFHQ/resized/train/wild/flickr_wild_002906.jpg,flickr_wild_002906.jpg
2627,/nas-ctm01/datasets/public/AFHQ/resized/train/wild/flickr_wild_002907.jpg,flickr_wild_002907.jpg
2628,/nas-ctm01/datasets/public/AFHQ/resized/train/wild/flickr_wild_002908.jpg,flickr_wild_002908.jpg
2629,/nas-ctm01/datasets/public/AFHQ/resized/train/wild/flickr_wild_002909.jpg,flickr_wild_002909.jpg
2630,/nas-ctm01/datasets/public/AFHQ/resized/train/wild/flickr_wild_002910.jpg,flickr_wild_002910.jpg
2631,/nas-ctm01/datasets/public/AFHQ/resized/train/wild/flickr_wild_002911.jpg,flickr_wild_002911.jpg
2632,/nas-ctm01/datasets/public/AFHQ/resized/train/wild/flickr_wild_002912.jpg,flickr_wild_002912.jpg
2633,/nas-ctm01/datasets/public/AFHQ/resized/train/wild/flickr_wild_002913.jpg,flickr_wild_002913.jpg
2634,/nas-ctm01/datasets/public/AFHQ/resized/train/wild/flickr_wild_002915.jpg,flickr_wild_002915.jpg
2635,/nas-ctm01/datasets/public/AFHQ/resized/train/wild/flickr_wild_002916.jpg,flickr_wild_002916.jpg
2636,/nas-ctm01/datasets/public/AFHQ/resized/train/wild/flickr_wild_002917.jpg,flickr_wild_002917.jpg
2637,/nas-ctm01/datasets/public/AFHQ/resized/train/wild/flickr_wild_002918.jpg,flickr_wild_002918.jpg
2638,/nas-ctm01/datasets/public/AFHQ/resized/train/wild/flickr_wild_002919.jpg,flickr_wild_002919.jpg
2639,/nas-ctm01/datasets/public/AFHQ/resized/train/wild/flickr_wild_002920.jpg,flickr_wild_002920.jpg
2640,/nas-ctm01/datasets/public/AFHQ/resized/train/wild/flickr_wild_002921.jpg,flickr_wild_002921.jpg
2641,/nas-ctm01/datasets/public/AFHQ/resized/train/wild/flickr_wild_002922.jpg,flickr_wild_002922.jpg
2642,/nas-ctm01/datasets/public/AFHQ/resized/train/wild/flickr_wild_002923.jpg,flickr_wild_002923.jpg
2643,/nas-ctm01/datasets/public/AFHQ/resized/train/wild/flickr_wild_002925.jpg,flickr_wild_002925.jpg
2644,/nas-ctm01/datasets/public/AFHQ/resized/train/wild/flickr_wild_002927.jpg,flickr_wild_002927.jpg
2645,/nas-ctm01/datasets/public/AFHQ/resized/train/wild/flickr_wild_002928.jpg,flickr_wild_002928.jpg
2646,/nas-ctm01/datasets/public/AFHQ/resized/train/wild/flickr_wild_002930.jpg,flickr_wild_002930.jpg
2647,/nas-ctm01/datasets/public/AFHQ/resized/train/wild/flickr_wild_002931.jpg,flickr_wild_002931.jpg
2648,/nas-ctm01/datasets/public/AFHQ/resized/train/wild/flickr_wild_002932.jpg,flickr_wild_002932.jpg
2649,/nas-ctm01/datasets/public/AFHQ/resized/train/wild/flickr_wild_002934.jpg,flickr_wild_002934.jpg
2650,/nas-ctm01/datasets/public/AFHQ/resized/train/wild/flickr_wild_002935.jpg,flickr_wild_002935.jpg
2651,/nas-ctm01/datasets/public/AFHQ/resized/train/wild/flickr_wild_002937.jpg,flickr_wild_002937.jpg
2652,/nas-ctm01/datasets/public/AFHQ/resized/train/wild/flickr_wild_002938.jpg,flickr_wild_002938.jpg
2653,/nas-ctm01/datasets/public/AFHQ/resized/train/wild/flickr_wild_002939.jpg,flickr_wild_002939.jpg
2654,/nas-ctm01/datasets/public/AFHQ/resized/train/wild/flickr_wild_002940.jpg,flickr_wild_002940.jpg
2655,/nas-ctm01/datasets/public/AFHQ/resized/train/wild/flickr_wild_002941.jpg,flickr_wild_002941.jpg
2656,/nas-ctm01/datasets/public/AFHQ/resized/train/wild/flickr_wild_002943.jpg,flickr_wild_002943.jpg
2657,/nas-ctm01/datasets/public/AFHQ/resized/train/wild/flickr_wild_002944.jpg,flickr_wild_002944.jpg
2658,/nas-ctm01/datasets/public/AFHQ/resized/train/wild/flickr_wild_002945.jpg,flickr_wild_002945.jpg
2659,/nas-ctm01/datasets/public/AFHQ/resized/train/wild/flickr_wild_002947.jpg,flickr_wild_002947.jpg
2660,/nas-ctm01/datasets/public/AFHQ/resized/train/wild/flickr_wild_002949.jpg,flickr_wild_002949.jpg
2661,/nas-ctm01/datasets/public/AFHQ/resized/train/wild/flickr_wild_002950.jpg,flickr_wild_002950.jpg
2662,/nas-ctm01/datasets/public/AFHQ/resized/train/wild/flickr_wild_002951.jpg,flickr_wild_002951.jpg
2663,/nas-ctm01/datasets/public/AFHQ/resized/train/wild/flickr_wild_002952.jpg,flickr_wild_002952.jpg
2664,/nas-ctm01/datasets/public/AFHQ/resized/train/wild/flickr_wild_002953.jpg,flickr_wild_002953.jpg
2665,/nas-ctm01/datasets/public/AFHQ/resized/train/wild/flickr_wild_002954.jpg,flickr_wild_002954.jpg
2666,/nas-ctm01/datasets/public/AFHQ/resized/train/wild/flickr_wild_002957.jpg,flickr_wild_002957.jpg
2667,/nas-ctm01/datasets/public/AFHQ/resized/train/wild/flickr_wild_002958.jpg,flickr_wild_002958.jpg
2668,/nas-ctm01/datasets/public/AFHQ/resized/train/wild/flickr_wild_002959.jpg,flickr_wild_002959.jpg
2669,/nas-ctm01/datasets/public/AFHQ/resized/train/wild/flickr_wild_002960.jpg,flickr_wild_002960.jpg
2670,/nas-ctm01/datasets/public/AFHQ/resized/train/wild/flickr_wild_002961.jpg,flickr_wild_002961.jpg
2671,/nas-ctm01/datasets/public/AFHQ/resized/train/wild/flickr_wild_002962.jpg,flickr_wild_002962.jpg
2672,/nas-ctm01/datasets/public/AFHQ/resized/train/wild/flickr_wild_002963.jpg,flickr_wild_002963.jpg
2673,/nas-ctm01/datasets/public/AFHQ/resized/train/wild/flickr_wild_002964.jpg,flickr_wild_002964.jpg
2674,/nas-ctm01/datasets/public/AFHQ/resized/train/wild/flickr_wild_002965.jpg,flickr_wild_002965.jpg
2675,/nas-ctm01/datasets/public/AFHQ/resized/train/wild/flickr_wild_002966.jpg,flickr_wild_002966.jpg
2676,/nas-ctm01/datasets/public/AFHQ/resized/train/wild/flickr_wild_002967.jpg,flickr_wild_002967.jpg
2677,/nas-ctm01/datasets/public/AFHQ/resized/train/wild/flickr_wild_002968.jpg,flickr_wild_002968.jpg
2678,/nas-ctm01/datasets/public/AFHQ/resized/train/wild/flickr_wild_002969.jpg,flickr_wild_002969.jpg
2679,/nas-ctm01/datasets/public/AFHQ/resized/train/wild/flickr_wild_002970.jpg,flickr_wild_002970.jpg
2680,/nas-ctm01/datasets/public/AFHQ/resized/train/wild/flickr_wild_002972.jpg,flickr_wild_002972.jpg
2681,/nas-ctm01/datasets/public/AFHQ/resized/train/wild/flickr_wild_002973.jpg,flickr_wild_002973.jpg
2682,/nas-ctm01/datasets/public/AFHQ/resized/train/wild/flickr_wild_002974.jpg,flickr_wild_002974.jpg
2683,/nas-ctm01/datasets/public/AFHQ/resized/train/wild/flickr_wild_002975.jpg,flickr_wild_002975.jpg
2684,/nas-ctm01/datasets/public/AFHQ/resized/train/wild/flickr_wild_002976.jpg,flickr_wild_002976.jpg
2685,/nas-ctm01/datasets/public/AFHQ/resized/train/wild/flickr_wild_002977.jpg,flickr_wild_002977.jpg
2686,/nas-ctm01/datasets/public/AFHQ/resized/train/wild/flickr_wild_002978.jpg,flickr_wild_002978.jpg
2687,/nas-ctm01/datasets/public/AFHQ/resized/train/wild/flickr_wild_002979.jpg,flickr_wild_002979.jpg
2688,/nas-ctm01/datasets/public/AFHQ/resized/train/wild/flickr_wild_002980.jpg,flickr_wild_002980.jpg
2689,/nas-ctm01/datasets/public/AFHQ/resized/train/wild/flickr_wild_002981.jpg,flickr_wild_002981.jpg
2690,/nas-ctm01/datasets/public/AFHQ/resized/train/wild/flickr_wild_002982.jpg,flickr_wild_002982.jpg
2691,/nas-ctm01/datasets/public/AFHQ/resized/train/wild/flickr_wild_002983.jpg,flickr_wild_002983.jpg
2692,/nas-ctm01/datasets/public/AFHQ/resized/train/wild/flickr_wild_002984.jpg,flickr_wild_002984.jpg
2693,/nas-ctm01/datasets/public/AFHQ/resized/train/wild/flickr_wild_002985.jpg,flickr_wild_002985.jpg
2694,/nas-ctm01/datasets/public/AFHQ/resized/train/wild/flickr_wild_002986.jpg,flickr_wild_002986.jpg
2695,/nas-ctm01/datasets/public/AFHQ/resized/train/wild/flickr_wild_002987.jpg,flickr_wild_002987.jpg
2696,/nas-ctm01/datasets/public/AFHQ/resized/train/wild/flickr_wild_002988.jpg,flickr_wild_002988.jpg
2697,/nas-ctm01/datasets/public/AFHQ/resized/train/wild/flickr_wild_002989.jpg,flickr_wild_002989.jpg
2698,/nas-ctm01/datasets/public/AFHQ/resized/train/wild/flickr_wild_002990.jpg,flickr_wild_002990.jpg
2699,/nas-ctm01/datasets/public/AFHQ/resized/train/wild/flickr_wild_002991.jpg,flickr_wild_002991.jpg
2700,/nas-ctm01/datasets/public/AFHQ/resized/train/wild/flickr_wild_002992.jpg,flickr_wild_002992.jpg
2701,/nas-ctm01/datasets/public/AFHQ/resized/train/wild/flickr_wild_002993.jpg,flickr_wild_002993.jpg
2702,/nas-ctm01/datasets/public/AFHQ/resized/train/wild/flickr_wild_002995.jpg,flickr_wild_002995.jpg
2703,/nas-ctm01/datasets/public/AFHQ/resized/train/wild/flickr_wild_002996.jpg,flickr_wild_002996.jpg
2704,/nas-ctm01/datasets/public/AFHQ/resized/train/wild/flickr_wild_002997.jpg,flickr_wild_002997.jpg
2705,/nas-ctm01/datasets/public/AFHQ/resized/train/wild/flickr_wild_002999.jpg,flickr_wild_002999.jpg
2706,/nas-ctm01/datasets/public/AFHQ/resized/train/wild/flickr_wild_003001.jpg,flickr_wild_003001.jpg
2707,/nas-ctm01/datasets/public/AFHQ/resized/train/wild/flickr_wild_003002.jpg,flickr_wild_003002.jpg
2708,/nas-ctm01/datasets/public/AFHQ/resized/train/wild/flickr_wild_003003.jpg,flickr_wild_003003.jpg
2709,/nas-ctm01/datasets/public/AFHQ/resized/train/wild/flickr_wild_003004.jpg,flickr_wild_003004.jpg
2710,/nas-ctm01/datasets/public/AFHQ/resized/train/wild/flickr_wild_003005.jpg,flickr_wild_003005.jpg
2711,/nas-ctm01/datasets/public/AFHQ/resized/train/wild/flickr_wild_003006.jpg,flickr_wild_003006.jpg
2712,/nas-ctm01/datasets/public/AFHQ/resized/train/wild/flickr_wild_003007.jpg,flickr_wild_003007.jpg
2713,/nas-ctm01/datasets/public/AFHQ/resized/train/wild/flickr_wild_003008.jpg,flickr_wild_003008.jpg
2714,/nas-ctm01/datasets/public/AFHQ/resized/train/wild/flickr_wild_003009.jpg,flickr_wild_003009.jpg
2715,/nas-ctm01/datasets/public/AFHQ/resized/train/wild/flickr_wild_003010.jpg,flickr_wild_003010.jpg
2716,/nas-ctm01/datasets/public/AFHQ/resized/train/wild/flickr_wild_003011.jpg,flickr_wild_003011.jpg
2717,/nas-ctm01/datasets/public/AFHQ/resized/train/wild/flickr_wild_003012.jpg,flickr_wild_003012.jpg
2718,/nas-ctm01/datasets/public/AFHQ/resized/train/wild/flickr_wild_003013.jpg,flickr_wild_003013.jpg
2719,/nas-ctm01/datasets/public/AFHQ/resized/train/wild/flickr_wild_003014.jpg,flickr_wild_003014.jpg
2720,/nas-ctm01/datasets/public/AFHQ/resized/train/wild/flickr_wild_003015.jpg,flickr_wild_003015.jpg
2721,/nas-ctm01/datasets/public/AFHQ/resized/train/wild/flickr_wild_003016.jpg,flickr_wild_003016.jpg
2722,/nas-ctm01/datasets/public/AFHQ/resized/train/wild/flickr_wild_003017.jpg,flickr_wild_003017.jpg
2723,/nas-ctm01/datasets/public/AFHQ/resized/train/wild/flickr_wild_003018.jpg,flickr_wild_003018.jpg
2724,/nas-ctm01/datasets/public/AFHQ/resized/train/wild/flickr_wild_003019.jpg,flickr_wild_003019.jpg
2725,/nas-ctm01/datasets/public/AFHQ/resized/train/wild/flickr_wild_003020.jpg,flickr_wild_003020.jpg
2726,/nas-ctm01/datasets/public/AFHQ/resized/train/wild/flickr_wild_003021.jpg,flickr_wild_003021.jpg
2727,/nas-ctm01/datasets/public/AFHQ/resized/train/wild/flickr_wild_003022.jpg,flickr_wild_003022.jpg
2728,/nas-ctm01/datasets/public/AFHQ/resized/train/wild/flickr_wild_003023.jpg,flickr_wild_003023.jpg
2729,/nas-ctm01/datasets/public/AFHQ/resized/train/wild/flickr_wild_003024.jpg,flickr_wild_003024.jpg
2730,/nas-ctm01/datasets/public/AFHQ/resized/train/wild/flickr_wild_003025.jpg,flickr_wild_003025.jpg
2731,/nas-ctm01/datasets/public/AFHQ/resized/train/wild/flickr_wild_003027.jpg,flickr_wild_003027.jpg
2732,/nas-ctm01/datasets/public/AFHQ/resized/train/wild/flickr_wild_003028.jpg,flickr_wild_003028.jpg
2733,/nas-ctm01/datasets/public/AFHQ/resized/train/wild/flickr_wild_003029.jpg,flickr_wild_003029.jpg
2734,/nas-ctm01/datasets/public/AFHQ/resized/train/wild/flickr_wild_003030.jpg,flickr_wild_003030.jpg
2735,/nas-ctm01/datasets/public/AFHQ/resized/train/wild/flickr_wild_003031.jpg,flickr_wild_003031.jpg
2736,/nas-ctm01/datasets/public/AFHQ/resized/train/wild/flickr_wild_003032.jpg,flickr_wild_003032.jpg
2737,/nas-ctm01/datasets/public/AFHQ/resized/train/wild/flickr_wild_003033.jpg,flickr_wild_003033.jpg
2738,/nas-ctm01/datasets/public/AFHQ/resized/train/wild/flickr_wild_003034.jpg,flickr_wild_003034.jpg
2739,/nas-ctm01/datasets/public/AFHQ/resized/train/wild/flickr_wild_003035.jpg,flickr_wild_003035.jpg
2740,/nas-ctm01/datasets/public/AFHQ/resized/train/wild/flickr_wild_003036.jpg,flickr_wild_003036.jpg
2741,/nas-ctm01/datasets/public/AFHQ/resized/train/wild/flickr_wild_003037.jpg,flickr_wild_003037.jpg
2742,/nas-ctm01/datasets/public/AFHQ/resized/train/wild/flickr_wild_003038.jpg,flickr_wild_003038.jpg
2743,/nas-ctm01/datasets/public/AFHQ/resized/train/wild/flickr_wild_003039.jpg,flickr_wild_003039.jpg
2744,/nas-ctm01/datasets/public/AFHQ/resized/train/wild/flickr_wild_003040.jpg,flickr_wild_003040.jpg
2745,/nas-ctm01/datasets/public/AFHQ/resized/train/wild/flickr_wild_003041.jpg,flickr_wild_003041.jpg
2746,/nas-ctm01/datasets/public/AFHQ/resized/train/wild/flickr_wild_003042.jpg,flickr_wild_003042.jpg
2747,/nas-ctm01/datasets/public/AFHQ/resized/train/wild/flickr_wild_003043.jpg,flickr_wild_003043.jpg
2748,/nas-ctm01/datasets/public/AFHQ/resized/train/wild/flickr_wild_003044.jpg,flickr_wild_003044.jpg
2749,/nas-ctm01/datasets/public/AFHQ/resized/train/wild/flickr_wild_003045.jpg,flickr_wild_003045.jpg
2750,/nas-ctm01/datasets/public/AFHQ/resized/train/wild/flickr_wild_003046.jpg,flickr_wild_003046.jpg
2751,/nas-ctm01/datasets/public/AFHQ/resized/train/wild/flickr_wild_003047.jpg,flickr_wild_003047.jpg
2752,/nas-ctm01/datasets/public/AFHQ/resized/train/wild/flickr_wild_003048.jpg,flickr_wild_003048.jpg
2753,/nas-ctm01/datasets/public/AFHQ/resized/train/wild/flickr_wild_003049.jpg,flickr_wild_003049.jpg
2754,/nas-ctm01/datasets/public/AFHQ/resized/train/wild/flickr_wild_003050.jpg,flickr_wild_003050.jpg
2755,/nas-ctm01/datasets/public/AFHQ/resized/train/wild/flickr_wild_003051.jpg,flickr_wild_003051.jpg
2756,/nas-ctm01/datasets/public/AFHQ/resized/train/wild/flickr_wild_003052.jpg,flickr_wild_003052.jpg
2757,/nas-ctm01/datasets/public/AFHQ/resized/train/wild/flickr_wild_003053.jpg,flickr_wild_003053.jpg
2758,/nas-ctm01/datasets/public/AFHQ/resized/train/wild/flickr_wild_003054.jpg,flickr_wild_003054.jpg
2759,/nas-ctm01/datasets/public/AFHQ/resized/train/wild/flickr_wild_003055.jpg,flickr_wild_003055.jpg
2760,/nas-ctm01/datasets/public/AFHQ/resized/train/wild/flickr_wild_003056.jpg,flickr_wild_003056.jpg
2761,/nas-ctm01/datasets/public/AFHQ/resized/train/wild/flickr_wild_003057.jpg,flickr_wild_003057.jpg
2762,/nas-ctm01/datasets/public/AFHQ/resized/train/wild/flickr_wild_003058.jpg,flickr_wild_003058.jpg
2763,/nas-ctm01/datasets/public/AFHQ/resized/train/wild/flickr_wild_003059.jpg,flickr_wild_003059.jpg
2764,/nas-ctm01/datasets/public/AFHQ/resized/train/wild/flickr_wild_003062.jpg,flickr_wild_003062.jpg
2765,/nas-ctm01/datasets/public/AFHQ/resized/train/wild/flickr_wild_003063.jpg,flickr_wild_003063.jpg
2766,/nas-ctm01/datasets/public/AFHQ/resized/train/wild/flickr_wild_003064.jpg,flickr_wild_003064.jpg
2767,/nas-ctm01/datasets/public/AFHQ/resized/train/wild/flickr_wild_003066.jpg,flickr_wild_003066.jpg
2768,/nas-ctm01/datasets/public/AFHQ/resized/train/wild/flickr_wild_003068.jpg,flickr_wild_003068.jpg
2769,/nas-ctm01/datasets/public/AFHQ/resized/train/wild/flickr_wild_003069.jpg,flickr_wild_003069.jpg
2770,/nas-ctm01/datasets/public/AFHQ/resized/train/wild/flickr_wild_003070.jpg,flickr_wild_003070.jpg
2771,/nas-ctm01/datasets/public/AFHQ/resized/train/wild/flickr_wild_003071.jpg,flickr_wild_003071.jpg
2772,/nas-ctm01/datasets/public/AFHQ/resized/train/wild/flickr_wild_003072.jpg,flickr_wild_003072.jpg
2773,/nas-ctm01/datasets/public/AFHQ/resized/train/wild/flickr_wild_003074.jpg,flickr_wild_003074.jpg
2774,/nas-ctm01/datasets/public/AFHQ/resized/train/wild/flickr_wild_003075.jpg,flickr_wild_003075.jpg
2775,/nas-ctm01/datasets/public/AFHQ/resized/train/wild/flickr_wild_003076.jpg,flickr_wild_003076.jpg
2776,/nas-ctm01/datasets/public/AFHQ/resized/train/wild/flickr_wild_003077.jpg,flickr_wild_003077.jpg
2777,/nas-ctm01/datasets/public/AFHQ/resized/train/wild/flickr_wild_003078.jpg,flickr_wild_003078.jpg
2778,/nas-ctm01/datasets/public/AFHQ/resized/train/wild/flickr_wild_003079.jpg,flickr_wild_003079.jpg
2779,/nas-ctm01/datasets/public/AFHQ/resized/train/wild/flickr_wild_003080.jpg,flickr_wild_003080.jpg
2780,/nas-ctm01/datasets/public/AFHQ/resized/train/wild/flickr_wild_003081.jpg,flickr_wild_003081.jpg
2781,/nas-ctm01/datasets/public/AFHQ/resized/train/wild/flickr_wild_003082.jpg,flickr_wild_003082.jpg
2782,/nas-ctm01/datasets/public/AFHQ/resized/train/wild/flickr_wild_003083.jpg,flickr_wild_003083.jpg
2783,/nas-ctm01/datasets/public/AFHQ/resized/train/wild/flickr_wild_003084.jpg,flickr_wild_003084.jpg
2784,/nas-ctm01/datasets/public/AFHQ/resized/train/wild/flickr_wild_003086.jpg,flickr_wild_003086.jpg
2785,/nas-ctm01/datasets/public/AFHQ/resized/train/wild/flickr_wild_003087.jpg,flickr_wild_003087.jpg
2786,/nas-ctm01/datasets/public/AFHQ/resized/train/wild/flickr_wild_003088.jpg,flickr_wild_003088.jpg
2787,/nas-ctm01/datasets/public/AFHQ/resized/train/wild/flickr_wild_003089.jpg,flickr_wild_003089.jpg
2788,/nas-ctm01/datasets/public/AFHQ/resized/train/wild/flickr_wild_003090.jpg,flickr_wild_003090.jpg
2789,/nas-ctm01/datasets/public/AFHQ/resized/train/wild/flickr_wild_003091.jpg,flickr_wild_003091.jpg
2790,/nas-ctm01/datasets/public/AFHQ/resized/train/wild/flickr_wild_003092.jpg,flickr_wild_003092.jpg
2791,/nas-ctm01/datasets/public/AFHQ/resized/train/wild/flickr_wild_003093.jpg,flickr_wild_003093.jpg
2792,/nas-ctm01/datasets/public/AFHQ/resized/train/wild/flickr_wild_003094.jpg,flickr_wild_003094.jpg
2793,/nas-ctm01/datasets/public/AFHQ/resized/train/wild/flickr_wild_003095.jpg,flickr_wild_003095.jpg
2794,/nas-ctm01/datasets/public/AFHQ/resized/train/wild/flickr_wild_003096.jpg,flickr_wild_003096.jpg
2795,/nas-ctm01/datasets/public/AFHQ/resized/train/wild/flickr_wild_003097.jpg,flickr_wild_003097.jpg
2796,/nas-ctm01/datasets/public/AFHQ/resized/train/wild/flickr_wild_003098.jpg,flickr_wild_003098.jpg
2797,/nas-ctm01/datasets/public/AFHQ/resized/train/wild/flickr_wild_003099.jpg,flickr_wild_003099.jpg
2798,/nas-ctm01/datasets/public/AFHQ/resized/train/wild/flickr_wild_003100.jpg,flickr_wild_003100.jpg
2799,/nas-ctm01/datasets/public/AFHQ/resized/train/wild/flickr_wild_003101.jpg,flickr_wild_003101.jpg
2800,/nas-ctm01/datasets/public/AFHQ/resized/train/wild/flickr_wild_003102.jpg,flickr_wild_003102.jpg
2801,/nas-ctm01/datasets/public/AFHQ/resized/train/wild/flickr_wild_003103.jpg,flickr_wild_003103.jpg
2802,/nas-ctm01/datasets/public/AFHQ/resized/train/wild/flickr_wild_003104.jpg,flickr_wild_003104.jpg
2803,/nas-ctm01/datasets/public/AFHQ/resized/train/wild/flickr_wild_003105.jpg,flickr_wild_003105.jpg
2804,/nas-ctm01/datasets/public/AFHQ/resized/train/wild/flickr_wild_003106.jpg,flickr_wild_003106.jpg
2805,/nas-ctm01/datasets/public/AFHQ/resized/train/wild/flickr_wild_003107.jpg,flickr_wild_003107.jpg
2806,/nas-ctm01/datasets/public/AFHQ/resized/train/wild/flickr_wild_003108.jpg,flickr_wild_003108.jpg
2807,/nas-ctm01/datasets/public/AFHQ/resized/train/wild/flickr_wild_003109.jpg,flickr_wild_003109.jpg
2808,/nas-ctm01/datasets/public/AFHQ/resized/train/wild/flickr_wild_003110.jpg,flickr_wild_003110.jpg
2809,/nas-ctm01/datasets/public/AFHQ/resized/train/wild/flickr_wild_003111.jpg,flickr_wild_003111.jpg
2810,/nas-ctm01/datasets/public/AFHQ/resized/train/wild/flickr_wild_003112.jpg,flickr_wild_003112.jpg
2811,/nas-ctm01/datasets/public/AFHQ/resized/train/wild/flickr_wild_003113.jpg,flickr_wild_003113.jpg
2812,/nas-ctm01/datasets/public/AFHQ/resized/train/wild/flickr_wild_003114.jpg,flickr_wild_003114.jpg
2813,/nas-ctm01/datasets/public/AFHQ/resized/train/wild/flickr_wild_003115.jpg,flickr_wild_003115.jpg
2814,/nas-ctm01/datasets/public/AFHQ/resized/train/wild/flickr_wild_003116.jpg,flickr_wild_003116.jpg
2815,/nas-ctm01/datasets/public/AFHQ/resized/train/wild/flickr_wild_003117.jpg,flickr_wild_003117.jpg
2816,/nas-ctm01/datasets/public/AFHQ/resized/train/wild/flickr_wild_003118.jpg,flickr_wild_003118.jpg
2817,/nas-ctm01/datasets/public/AFHQ/resized/train/wild/flickr_wild_003119.jpg,flickr_wild_003119.jpg
2818,/nas-ctm01/datasets/public/AFHQ/resized/train/wild/flickr_wild_003121.jpg,flickr_wild_003121.jpg
2819,/nas-ctm01/datasets/public/AFHQ/resized/train/wild/flickr_wild_003122.jpg,flickr_wild_003122.jpg
2820,/nas-ctm01/datasets/public/AFHQ/resized/train/wild/flickr_wild_003123.jpg,flickr_wild_003123.jpg
2821,/nas-ctm01/datasets/public/AFHQ/resized/train/wild/flickr_wild_003124.jpg,flickr_wild_003124.jpg
2822,/nas-ctm01/datasets/public/AFHQ/resized/train/wild/flickr_wild_003125.jpg,flickr_wild_003125.jpg
2823,/nas-ctm01/datasets/public/AFHQ/resized/train/wild/flickr_wild_003126.jpg,flickr_wild_003126.jpg
2824,/nas-ctm01/datasets/public/AFHQ/resized/train/wild/flickr_wild_003127.jpg,flickr_wild_003127.jpg
2825,/nas-ctm01/datasets/public/AFHQ/resized/train/wild/flickr_wild_003128.jpg,flickr_wild_003128.jpg
2826,/nas-ctm01/datasets/public/AFHQ/resized/train/wild/flickr_wild_003129.jpg,flickr_wild_003129.jpg
2827,/nas-ctm01/datasets/public/AFHQ/resized/train/wild/flickr_wild_003131.jpg,flickr_wild_003131.jpg
2828,/nas-ctm01/datasets/public/AFHQ/resized/train/wild/flickr_wild_003132.jpg,flickr_wild_003132.jpg
2829,/nas-ctm01/datasets/public/AFHQ/resized/train/wild/flickr_wild_003133.jpg,flickr_wild_003133.jpg
2830,/nas-ctm01/datasets/public/AFHQ/resized/train/wild/flickr_wild_003134.jpg,flickr_wild_003134.jpg
2831,/nas-ctm01/datasets/public/AFHQ/resized/train/wild/flickr_wild_003135.jpg,flickr_wild_003135.jpg
2832,/nas-ctm01/datasets/public/AFHQ/resized/train/wild/flickr_wild_003136.jpg,flickr_wild_003136.jpg
2833,/nas-ctm01/datasets/public/AFHQ/resized/train/wild/flickr_wild_003138.jpg,flickr_wild_003138.jpg
2834,/nas-ctm01/datasets/public/AFHQ/resized/train/wild/flickr_wild_003139.jpg,flickr_wild_003139.jpg
2835,/nas-ctm01/datasets/public/AFHQ/resized/train/wild/flickr_wild_003140.jpg,flickr_wild_003140.jpg
2836,/nas-ctm01/datasets/public/AFHQ/resized/train/wild/flickr_wild_003141.jpg,flickr_wild_003141.jpg
2837,/nas-ctm01/datasets/public/AFHQ/resized/train/wild/flickr_wild_003142.jpg,flickr_wild_003142.jpg
2838,/nas-ctm01/datasets/public/AFHQ/resized/train/wild/flickr_wild_003143.jpg,flickr_wild_003143.jpg
2839,/nas-ctm01/datasets/public/AFHQ/resized/train/wild/flickr_wild_003144.jpg,flickr_wild_003144.jpg
2840,/nas-ctm01/datasets/public/AFHQ/resized/train/wild/flickr_wild_003146.jpg,flickr_wild_003146.jpg
2841,/nas-ctm01/datasets/public/AFHQ/resized/train/wild/flickr_wild_003147.jpg,flickr_wild_003147.jpg
2842,/nas-ctm01/datasets/public/AFHQ/resized/train/wild/flickr_wild_003150.jpg,flickr_wild_003150.jpg
2843,/nas-ctm01/datasets/public/AFHQ/resized/train/wild/flickr_wild_003151.jpg,flickr_wild_003151.jpg
2844,/nas-ctm01/datasets/public/AFHQ/resized/train/wild/flickr_wild_003152.jpg,flickr_wild_003152.jpg
2845,/nas-ctm01/datasets/public/AFHQ/resized/train/wild/flickr_wild_003153.jpg,flickr_wild_003153.jpg
2846,/nas-ctm01/datasets/public/AFHQ/resized/train/wild/flickr_wild_003154.jpg,flickr_wild_003154.jpg
2847,/nas-ctm01/datasets/public/AFHQ/resized/train/wild/flickr_wild_003155.jpg,flickr_wild_003155.jpg
2848,/nas-ctm01/datasets/public/AFHQ/resized/train/wild/flickr_wild_003157.jpg,flickr_wild_003157.jpg
2849,/nas-ctm01/datasets/public/AFHQ/resized/train/wild/flickr_wild_003158.jpg,flickr_wild_003158.jpg
2850,/nas-ctm01/datasets/public/AFHQ/resized/train/wild/flickr_wild_003159.jpg,flickr_wild_003159.jpg
2851,/nas-ctm01/datasets/public/AFHQ/resized/train/wild/flickr_wild_003160.jpg,flickr_wild_003160.jpg
2852,/nas-ctm01/datasets/public/AFHQ/resized/train/wild/flickr_wild_003161.jpg,flickr_wild_003161.jpg
2853,/nas-ctm01/datasets/public/AFHQ/resized/train/wild/flickr_wild_003162.jpg,flickr_wild_003162.jpg
2854,/nas-ctm01/datasets/public/AFHQ/resized/train/wild/flickr_wild_003163.jpg,flickr_wild_003163.jpg
2855,/nas-ctm01/datasets/public/AFHQ/resized/train/wild/flickr_wild_003164.jpg,flickr_wild_003164.jpg
2856,/nas-ctm01/datasets/public/AFHQ/resized/train/wild/flickr_wild_003165.jpg,flickr_wild_003165.jpg
2857,/nas-ctm01/datasets/public/AFHQ/resized/train/wild/flickr_wild_003166.jpg,flickr_wild_003166.jpg
2858,/nas-ctm01/datasets/public/AFHQ/resized/train/wild/flickr_wild_003167.jpg,flickr_wild_003167.jpg
2859,/nas-ctm01/datasets/public/AFHQ/resized/train/wild/flickr_wild_003168.jpg,flickr_wild_003168.jpg
2860,/nas-ctm01/datasets/public/AFHQ/resized/train/wild/flickr_wild_003170.jpg,flickr_wild_003170.jpg
2861,/nas-ctm01/datasets/public/AFHQ/resized/train/wild/flickr_wild_003171.jpg,flickr_wild_003171.jpg
2862,/nas-ctm01/datasets/public/AFHQ/resized/train/wild/flickr_wild_003172.jpg,flickr_wild_003172.jpg
2863,/nas-ctm01/datasets/public/AFHQ/resized/train/wild/flickr_wild_003174.jpg,flickr_wild_003174.jpg
2864,/nas-ctm01/datasets/public/AFHQ/resized/train/wild/flickr_wild_003175.jpg,flickr_wild_003175.jpg
2865,/nas-ctm01/datasets/public/AFHQ/resized/train/wild/flickr_wild_003176.jpg,flickr_wild_003176.jpg
2866,/nas-ctm01/datasets/public/AFHQ/resized/train/wild/flickr_wild_003177.jpg,flickr_wild_003177.jpg
2867,/nas-ctm01/datasets/public/AFHQ/resized/train/wild/flickr_wild_003178.jpg,flickr_wild_003178.jpg
2868,/nas-ctm01/datasets/public/AFHQ/resized/train/wild/flickr_wild_003179.jpg,flickr_wild_003179.jpg
2869,/nas-ctm01/datasets/public/AFHQ/resized/train/wild/flickr_wild_003180.jpg,flickr_wild_003180.jpg
2870,/nas-ctm01/datasets/public/AFHQ/resized/train/wild/flickr_wild_003181.jpg,flickr_wild_003181.jpg
2871,/nas-ctm01/datasets/public/AFHQ/resized/train/wild/flickr_wild_003182.jpg,flickr_wild_003182.jpg
2872,/nas-ctm01/datasets/public/AFHQ/resized/train/wild/flickr_wild_003184.jpg,flickr_wild_003184.jpg
2873,/nas-ctm01/datasets/public/AFHQ/resized/train/wild/flickr_wild_003185.jpg,flickr_wild_003185.jpg
2874,/nas-ctm01/datasets/public/AFHQ/resized/train/wild/flickr_wild_003187.jpg,flickr_wild_003187.jpg
2875,/nas-ctm01/datasets/public/AFHQ/resized/train/wild/flickr_wild_003188.jpg,flickr_wild_003188.jpg
2876,/nas-ctm01/datasets/public/AFHQ/resized/train/wild/flickr_wild_003189.jpg,flickr_wild_003189.jpg
2877,/nas-ctm01/datasets/public/AFHQ/resized/train/wild/flickr_wild_003191.jpg,flickr_wild_003191.jpg
2878,/nas-ctm01/datasets/public/AFHQ/resized/train/wild/flickr_wild_003194.jpg,flickr_wild_003194.jpg
2879,/nas-ctm01/datasets/public/AFHQ/resized/train/wild/flickr_wild_003195.jpg,flickr_wild_003195.jpg
2880,/nas-ctm01/datasets/public/AFHQ/resized/train/wild/flickr_wild_003196.jpg,flickr_wild_003196.jpg
2881,/nas-ctm01/datasets/public/AFHQ/resized/train/wild/flickr_wild_003198.jpg,flickr_wild_003198.jpg
2882,/nas-ctm01/datasets/public/AFHQ/resized/train/wild/flickr_wild_003199.jpg,flickr_wild_003199.jpg
2883,/nas-ctm01/datasets/public/AFHQ/resized/train/wild/flickr_wild_003200.jpg,flickr_wild_003200.jpg
2884,/nas-ctm01/datasets/public/AFHQ/resized/train/wild/flickr_wild_003201.jpg,flickr_wild_003201.jpg
2885,/nas-ctm01/datasets/public/AFHQ/resized/train/wild/flickr_wild_003202.jpg,flickr_wild_003202.jpg
2886,/nas-ctm01/datasets/public/AFHQ/resized/train/wild/flickr_wild_003203.jpg,flickr_wild_003203.jpg
2887,/nas-ctm01/datasets/public/AFHQ/resized/train/wild/flickr_wild_003204.jpg,flickr_wild_003204.jpg
2888,/nas-ctm01/datasets/public/AFHQ/resized/train/wild/flickr_wild_003205.jpg,flickr_wild_003205.jpg
2889,/nas-ctm01/datasets/public/AFHQ/resized/train/wild/flickr_wild_003206.jpg,flickr_wild_003206.jpg
2890,/nas-ctm01/datasets/public/AFHQ/resized/train/wild/flickr_wild_003210.jpg,flickr_wild_003210.jpg
2891,/nas-ctm01/datasets/public/AFHQ/resized/train/wild/flickr_wild_003211.jpg,flickr_wild_003211.jpg
2892,/nas-ctm01/datasets/public/AFHQ/resized/train/wild/flickr_wild_003212.jpg,flickr_wild_003212.jpg
2893,/nas-ctm01/datasets/public/AFHQ/resized/train/wild/flickr_wild_003213.jpg,flickr_wild_003213.jpg
2894,/nas-ctm01/datasets/public/AFHQ/resized/train/wild/flickr_wild_003214.jpg,flickr_wild_003214.jpg
2895,/nas-ctm01/datasets/public/AFHQ/resized/train/wild/flickr_wild_003215.jpg,flickr_wild_003215.jpg
2896,/nas-ctm01/datasets/public/AFHQ/resized/train/wild/flickr_wild_003216.jpg,flickr_wild_003216.jpg
2897,/nas-ctm01/datasets/public/AFHQ/resized/train/wild/flickr_wild_003217.jpg,flickr_wild_003217.jpg
2898,/nas-ctm01/datasets/public/AFHQ/resized/train/wild/flickr_wild_003218.jpg,flickr_wild_003218.jpg
2899,/nas-ctm01/datasets/public/AFHQ/resized/train/wild/flickr_wild_003219.jpg,flickr_wild_003219.jpg
2900,/nas-ctm01/datasets/public/AFHQ/resized/train/wild/flickr_wild_003220.jpg,flickr_wild_003220.jpg
2901,/nas-ctm01/datasets/public/AFHQ/resized/train/wild/flickr_wild_003221.jpg,flickr_wild_003221.jpg
2902,/nas-ctm01/datasets/public/AFHQ/resized/train/wild/flickr_wild_003222.jpg,flickr_wild_003222.jpg
2903,/nas-ctm01/datasets/public/AFHQ/resized/train/wild/flickr_wild_003223.jpg,flickr_wild_003223.jpg
2904,/nas-ctm01/datasets/public/AFHQ/resized/train/wild/flickr_wild_003224.jpg,flickr_wild_003224.jpg
2905,/nas-ctm01/datasets/public/AFHQ/resized/train/wild/flickr_wild_003225.jpg,flickr_wild_003225.jpg
2906,/nas-ctm01/datasets/public/AFHQ/resized/train/wild/flickr_wild_003226.jpg,flickr_wild_003226.jpg
2907,/nas-ctm01/datasets/public/AFHQ/resized/train/wild/flickr_wild_003227.jpg,flickr_wild_003227.jpg
2908,/nas-ctm01/datasets/public/AFHQ/resized/train/wild/flickr_wild_003228.jpg,flickr_wild_003228.jpg
2909,/nas-ctm01/datasets/public/AFHQ/resized/train/wild/flickr_wild_003229.jpg,flickr_wild_003229.jpg
2910,/nas-ctm01/datasets/public/AFHQ/resized/train/wild/flickr_wild_003232.jpg,flickr_wild_003232.jpg
2911,/nas-ctm01/datasets/public/AFHQ/resized/train/wild/flickr_wild_003233.jpg,flickr_wild_003233.jpg
2912,/nas-ctm01/datasets/public/AFHQ/resized/train/wild/flickr_wild_003235.jpg,flickr_wild_003235.jpg
2913,/nas-ctm01/datasets/public/AFHQ/resized/train/wild/flickr_wild_003236.jpg,flickr_wild_003236.jpg
2914,/nas-ctm01/datasets/public/AFHQ/resized/train/wild/flickr_wild_003237.jpg,flickr_wild_003237.jpg
2915,/nas-ctm01/datasets/public/AFHQ/resized/train/wild/flickr_wild_003239.jpg,flickr_wild_003239.jpg
2916,/nas-ctm01/datasets/public/AFHQ/resized/train/wild/flickr_wild_003240.jpg,flickr_wild_003240.jpg
2917,/nas-ctm01/datasets/public/AFHQ/resized/train/wild/flickr_wild_003241.jpg,flickr_wild_003241.jpg
2918,/nas-ctm01/datasets/public/AFHQ/resized/train/wild/flickr_wild_003242.jpg,flickr_wild_003242.jpg
2919,/nas-ctm01/datasets/public/AFHQ/resized/train/wild/flickr_wild_003243.jpg,flickr_wild_003243.jpg
2920,/nas-ctm01/datasets/public/AFHQ/resized/train/wild/flickr_wild_003244.jpg,flickr_wild_003244.jpg
2921,/nas-ctm01/datasets/public/AFHQ/resized/train/wild/flickr_wild_003245.jpg,flickr_wild_003245.jpg
2922,/nas-ctm01/datasets/public/AFHQ/resized/train/wild/flickr_wild_003247.jpg,flickr_wild_003247.jpg
2923,/nas-ctm01/datasets/public/AFHQ/resized/train/wild/flickr_wild_003248.jpg,flickr_wild_003248.jpg
2924,/nas-ctm01/datasets/public/AFHQ/resized/train/wild/flickr_wild_003249.jpg,flickr_wild_003249.jpg
2925,/nas-ctm01/datasets/public/AFHQ/resized/train/wild/flickr_wild_003250.jpg,flickr_wild_003250.jpg
2926,/nas-ctm01/datasets/public/AFHQ/resized/train/wild/flickr_wild_003251.jpg,flickr_wild_003251.jpg
2927,/nas-ctm01/datasets/public/AFHQ/resized/train/wild/flickr_wild_003252.jpg,flickr_wild_003252.jpg
2928,/nas-ctm01/datasets/public/AFHQ/resized/train/wild/flickr_wild_003253.jpg,flickr_wild_003253.jpg
2929,/nas-ctm01/datasets/public/AFHQ/resized/train/wild/flickr_wild_003254.jpg,flickr_wild_003254.jpg
2930,/nas-ctm01/datasets/public/AFHQ/resized/train/wild/flickr_wild_003255.jpg,flickr_wild_003255.jpg
2931,/nas-ctm01/datasets/public/AFHQ/resized/train/wild/flickr_wild_003256.jpg,flickr_wild_003256.jpg
2932,/nas-ctm01/datasets/public/AFHQ/resized/train/wild/flickr_wild_003257.jpg,flickr_wild_003257.jpg
2933,/nas-ctm01/datasets/public/AFHQ/resized/train/wild/flickr_wild_003258.jpg,flickr_wild_003258.jpg
2934,/nas-ctm01/datasets/public/AFHQ/resized/train/wild/flickr_wild_003259.jpg,flickr_wild_003259.jpg
2935,/nas-ctm01/datasets/public/AFHQ/resized/train/wild/flickr_wild_003260.jpg,flickr_wild_003260.jpg
2936,/nas-ctm01/datasets/public/AFHQ/resized/train/wild/flickr_wild_003261.jpg,flickr_wild_003261.jpg
2937,/nas-ctm01/datasets/public/AFHQ/resized/train/wild/flickr_wild_003262.jpg,flickr_wild_003262.jpg
2938,/nas-ctm01/datasets/public/AFHQ/resized/train/wild/flickr_wild_003264.jpg,flickr_wild_003264.jpg
2939,/nas-ctm01/datasets/public/AFHQ/resized/train/wild/flickr_wild_003265.jpg,flickr_wild_003265.jpg
2940,/nas-ctm01/datasets/public/AFHQ/resized/train/wild/flickr_wild_003266.jpg,flickr_wild_003266.jpg
2941,/nas-ctm01/datasets/public/AFHQ/resized/train/wild/flickr_wild_003267.jpg,flickr_wild_003267.jpg
2942,/nas-ctm01/datasets/public/AFHQ/resized/train/wild/flickr_wild_003268.jpg,flickr_wild_003268.jpg
2943,/nas-ctm01/datasets/public/AFHQ/resized/train/wild/flickr_wild_003269.jpg,flickr_wild_003269.jpg
2944,/nas-ctm01/datasets/public/AFHQ/resized/train/wild/flickr_wild_003270.jpg,flickr_wild_003270.jpg
2945,/nas-ctm01/datasets/public/AFHQ/resized/train/wild/flickr_wild_003271.jpg,flickr_wild_003271.jpg
2946,/nas-ctm01/datasets/public/AFHQ/resized/train/wild/flickr_wild_003272.jpg,flickr_wild_003272.jpg
2947,/nas-ctm01/datasets/public/AFHQ/resized/train/wild/flickr_wild_003273.jpg,flickr_wild_003273.jpg
2948,/nas-ctm01/datasets/public/AFHQ/resized/train/wild/flickr_wild_003274.jpg,flickr_wild_003274.jpg
2949,/nas-ctm01/datasets/public/AFHQ/resized/train/wild/flickr_wild_003275.jpg,flickr_wild_003275.jpg
2950,/nas-ctm01/datasets/public/AFHQ/resized/train/wild/flickr_wild_003276.jpg,flickr_wild_003276.jpg
2951,/nas-ctm01/datasets/public/AFHQ/resized/train/wild/flickr_wild_003277.jpg,flickr_wild_003277.jpg
2952,/nas-ctm01/datasets/public/AFHQ/resized/train/wild/flickr_wild_003278.jpg,flickr_wild_003278.jpg
2953,/nas-ctm01/datasets/public/AFHQ/resized/train/wild/flickr_wild_003279.jpg,flickr_wild_003279.jpg
2954,/nas-ctm01/datasets/public/AFHQ/resized/train/wild/flickr_wild_003280.jpg,flickr_wild_003280.jpg
2955,/nas-ctm01/datasets/public/AFHQ/resized/train/wild/flickr_wild_003281.jpg,flickr_wild_003281.jpg
2956,/nas-ctm01/datasets/public/AFHQ/resized/train/wild/flickr_wild_003282.jpg,flickr_wild_003282.jpg
2957,/nas-ctm01/datasets/public/AFHQ/resized/train/wild/flickr_wild_003283.jpg,flickr_wild_003283.jpg
2958,/nas-ctm01/datasets/public/AFHQ/resized/train/wild/flickr_wild_003284.jpg,flickr_wild_003284.jpg
2959,/nas-ctm01/datasets/public/AFHQ/resized/train/wild/flickr_wild_003285.jpg,flickr_wild_003285.jpg
2960,/nas-ctm01/datasets/public/AFHQ/resized/train/wild/flickr_wild_003286.jpg,flickr_wild_003286.jpg
2961,/nas-ctm01/datasets/public/AFHQ/resized/train/wild/flickr_wild_003287.jpg,flickr_wild_003287.jpg
2962,/nas-ctm01/datasets/public/AFHQ/resized/train/wild/flickr_wild_003288.jpg,flickr_wild_003288.jpg
2963,/nas-ctm01/datasets/public/AFHQ/resized/train/wild/flickr_wild_003289.jpg,flickr_wild_003289.jpg
2964,/nas-ctm01/datasets/public/AFHQ/resized/train/wild/flickr_wild_003290.jpg,flickr_wild_003290.jpg
2965,/nas-ctm01/datasets/public/AFHQ/resized/train/wild/flickr_wild_003291.jpg,flickr_wild_003291.jpg
2966,/nas-ctm01/datasets/public/AFHQ/resized/train/wild/flickr_wild_003292.jpg,flickr_wild_003292.jpg
2967,/nas-ctm01/datasets/public/AFHQ/resized/train/wild/flickr_wild_003293.jpg,flickr_wild_003293.jpg
2968,/nas-ctm01/datasets/public/AFHQ/resized/train/wild/flickr_wild_003294.jpg,flickr_wild_003294.jpg
2969,/nas-ctm01/datasets/public/AFHQ/resized/train/wild/flickr_wild_003295.jpg,flickr_wild_003295.jpg
2970,/nas-ctm01/datasets/public/AFHQ/resized/train/wild/flickr_wild_003296.jpg,flickr_wild_003296.jpg
2971,/nas-ctm01/datasets/public/AFHQ/resized/train/wild/flickr_wild_003297.jpg,flickr_wild_003297.jpg
2972,/nas-ctm01/datasets/public/AFHQ/resized/train/wild/flickr_wild_003298.jpg,flickr_wild_003298.jpg
2973,/nas-ctm01/datasets/public/AFHQ/resized/train/wild/flickr_wild_003299.jpg,flickr_wild_003299.jpg
2974,/nas-ctm01/datasets/public/AFHQ/resized/train/wild/flickr_wild_003300.jpg,flickr_wild_003300.jpg
2975,/nas-ctm01/datasets/public/AFHQ/resized/train/wild/flickr_wild_003301.jpg,flickr_wild_003301.jpg
2976,/nas-ctm01/datasets/public/AFHQ/resized/train/wild/flickr_wild_003302.jpg,flickr_wild_003302.jpg
2977,/nas-ctm01/datasets/public/AFHQ/resized/train/wild/flickr_wild_003303.jpg,flickr_wild_003303.jpg
2978,/nas-ctm01/datasets/public/AFHQ/resized/train/wild/flickr_wild_003304.jpg,flickr_wild_003304.jpg
2979,/nas-ctm01/datasets/public/AFHQ/resized/train/wild/flickr_wild_003305.jpg,flickr_wild_003305.jpg
2980,/nas-ctm01/datasets/public/AFHQ/resized/train/wild/flickr_wild_003306.jpg,flickr_wild_003306.jpg
2981,/nas-ctm01/datasets/public/AFHQ/resized/train/wild/flickr_wild_003307.jpg,flickr_wild_003307.jpg
2982,/nas-ctm01/datasets/public/AFHQ/resized/train/wild/flickr_wild_003308.jpg,flickr_wild_003308.jpg
2983,/nas-ctm01/datasets/public/AFHQ/resized/train/wild/flickr_wild_003309.jpg,flickr_wild_003309.jpg
2984,/nas-ctm01/datasets/public/AFHQ/resized/train/wild/flickr_wild_003310.jpg,flickr_wild_003310.jpg
2985,/nas-ctm01/datasets/public/AFHQ/resized/train/wild/flickr_wild_003311.jpg,flickr_wild_003311.jpg
2986,/nas-ctm01/datasets/public/AFHQ/resized/train/wild/flickr_wild_003312.jpg,flickr_wild_003312.jpg
2987,/nas-ctm01/datasets/public/AFHQ/resized/train/wild/flickr_wild_003313.jpg,flickr_wild_003313.jpg
2988,/nas-ctm01/datasets/public/AFHQ/resized/train/wild/flickr_wild_003314.jpg,flickr_wild_003314.jpg
2989,/nas-ctm01/datasets/public/AFHQ/resized/train/wild/flickr_wild_003315.jpg,flickr_wild_003315.jpg
2990,/nas-ctm01/datasets/public/AFHQ/resized/train/wild/flickr_wild_003316.jpg,flickr_wild_003316.jpg
2991,/nas-ctm01/datasets/public/AFHQ/resized/train/wild/flickr_wild_003317.jpg,flickr_wild_003317.jpg
2992,/nas-ctm01/datasets/public/AFHQ/resized/train/wild/flickr_wild_003318.jpg,flickr_wild_003318.jpg
2993,/nas-ctm01/datasets/public/AFHQ/resized/train/wild/flickr_wild_003319.jpg,flickr_wild_003319.jpg
2994,/nas-ctm01/datasets/public/AFHQ/resized/train/wild/flickr_wild_003320.jpg,flickr_wild_003320.jpg
2995,/nas-ctm01/datasets/public/AFHQ/resized/train/wild/flickr_wild_003321.jpg,flickr_wild_003321.jpg
2996,/nas-ctm01/datasets/public/AFHQ/resized/train/wild/flickr_wild_003322.jpg,flickr_wild_003322.jpg
2997,/nas-ctm01/datasets/public/AFHQ/resized/train/wild/flickr_wild_003323.jpg,flickr_wild_003323.jpg
2998,/nas-ctm01/datasets/public/AFHQ/resized/train/wild/flickr_wild_003325.jpg,flickr_wild_003325.jpg
2999,/nas-ctm01/datasets/public/AFHQ/resized/train/wild/flickr_wild_003327.jpg,flickr_wild_003327.jpg
3000,/nas-ctm01/datasets/public/AFHQ/resized/train/wild/flickr_wild_003328.jpg,flickr_wild_003328.jpg
3001,/nas-ctm01/datasets/public/AFHQ/resized/train/wild/flickr_wild_003329.jpg,flickr_wild_003329.jpg
3002,/nas-ctm01/datasets/public/AFHQ/resized/train/wild/flickr_wild_003330.jpg,flickr_wild_003330.jpg
3003,/nas-ctm01/datasets/public/AFHQ/resized/train/wild/flickr_wild_003332.jpg,flickr_wild_003332.jpg
3004,/nas-ctm01/datasets/public/AFHQ/resized/train/wild/flickr_wild_003333.jpg,flickr_wild_003333.jpg
3005,/nas-ctm01/datasets/public/AFHQ/resized/train/wild/flickr_wild_003334.jpg,flickr_wild_003334.jpg
3006,/nas-ctm01/datasets/public/AFHQ/resized/train/wild/flickr_wild_003336.jpg,flickr_wild_003336.jpg
3007,/nas-ctm01/datasets/public/AFHQ/resized/train/wild/flickr_wild_003337.jpg,flickr_wild_003337.jpg
3008,/nas-ctm01/datasets/public/AFHQ/resized/train/wild/flickr_wild_003338.jpg,flickr_wild_003338.jpg
3009,/nas-ctm01/datasets/public/AFHQ/resized/train/wild/flickr_wild_003339.jpg,flickr_wild_003339.jpg
3010,/nas-ctm01/datasets/public/AFHQ/resized/train/wild/flickr_wild_003340.jpg,flickr_wild_003340.jpg
3011,/nas-ctm01/datasets/public/AFHQ/resized/train/wild/flickr_wild_003341.jpg,flickr_wild_003341.jpg
3012,/nas-ctm01/datasets/public/AFHQ/resized/train/wild/flickr_wild_003342.jpg,flickr_wild_003342.jpg
3013,/nas-ctm01/datasets/public/AFHQ/resized/train/wild/flickr_wild_003343.jpg,flickr_wild_003343.jpg
3014,/nas-ctm01/datasets/public/AFHQ/resized/train/wild/flickr_wild_003344.jpg,flickr_wild_003344.jpg
3015,/nas-ctm01/datasets/public/AFHQ/resized/train/wild/flickr_wild_003345.jpg,flickr_wild_003345.jpg
3016,/nas-ctm01/datasets/public/AFHQ/resized/train/wild/flickr_wild_003347.jpg,flickr_wild_003347.jpg
3017,/nas-ctm01/datasets/public/AFHQ/resized/train/wild/flickr_wild_003348.jpg,flickr_wild_003348.jpg
3018,/nas-ctm01/datasets/public/AFHQ/resized/train/wild/flickr_wild_003349.jpg,flickr_wild_003349.jpg
3019,/nas-ctm01/datasets/public/AFHQ/resized/train/wild/flickr_wild_003351.jpg,flickr_wild_003351.jpg
3020,/nas-ctm01/datasets/public/AFHQ/resized/train/wild/flickr_wild_003352.jpg,flickr_wild_003352.jpg
3021,/nas-ctm01/datasets/public/AFHQ/resized/train/wild/flickr_wild_003353.jpg,flickr_wild_003353.jpg
3022,/nas-ctm01/datasets/public/AFHQ/resized/train/wild/flickr_wild_003354.jpg,flickr_wild_003354.jpg
3023,/nas-ctm01/datasets/public/AFHQ/resized/train/wild/flickr_wild_003356.jpg,flickr_wild_003356.jpg
3024,/nas-ctm01/datasets/public/AFHQ/resized/train/wild/flickr_wild_003358.jpg,flickr_wild_003358.jpg
3025,/nas-ctm01/datasets/public/AFHQ/resized/train/wild/flickr_wild_003359.jpg,flickr_wild_003359.jpg
3026,/nas-ctm01/datasets/public/AFHQ/resized/train/wild/flickr_wild_003360.jpg,flickr_wild_003360.jpg
3027,/nas-ctm01/datasets/public/AFHQ/resized/train/wild/flickr_wild_003362.jpg,flickr_wild_003362.jpg
3028,/nas-ctm01/datasets/public/AFHQ/resized/train/wild/flickr_wild_003363.jpg,flickr_wild_003363.jpg
3029,/nas-ctm01/datasets/public/AFHQ/resized/train/wild/flickr_wild_003364.jpg,flickr_wild_003364.jpg
3030,/nas-ctm01/datasets/public/AFHQ/resized/train/wild/flickr_wild_003365.jpg,flickr_wild_003365.jpg
3031,/nas-ctm01/datasets/public/AFHQ/resized/train/wild/flickr_wild_003366.jpg,flickr_wild_003366.jpg
3032,/nas-ctm01/datasets/public/AFHQ/resized/train/wild/flickr_wild_003368.jpg,flickr_wild_003368.jpg
3033,/nas-ctm01/datasets/public/AFHQ/resized/train/wild/flickr_wild_003369.jpg,flickr_wild_003369.jpg
3034,/nas-ctm01/datasets/public/AFHQ/resized/train/wild/flickr_wild_003370.jpg,flickr_wild_003370.jpg
3035,/nas-ctm01/datasets/public/AFHQ/resized/train/wild/flickr_wild_003371.jpg,flickr_wild_003371.jpg
3036,/nas-ctm01/datasets/public/AFHQ/resized/train/wild/flickr_wild_003372.jpg,flickr_wild_003372.jpg
3037,/nas-ctm01/datasets/public/AFHQ/resized/train/wild/flickr_wild_003373.jpg,flickr_wild_003373.jpg
3038,/nas-ctm01/datasets/public/AFHQ/resized/train/wild/flickr_wild_003374.jpg,flickr_wild_003374.jpg
3039,/nas-ctm01/datasets/public/AFHQ/resized/train/wild/flickr_wild_003375.jpg,flickr_wild_003375.jpg
3040,/nas-ctm01/datasets/public/AFHQ/resized/train/wild/flickr_wild_003376.jpg,flickr_wild_003376.jpg
3041,/nas-ctm01/datasets/public/AFHQ/resized/train/wild/flickr_wild_003377.jpg,flickr_wild_003377.jpg
3042,/nas-ctm01/datasets/public/AFHQ/resized/train/wild/flickr_wild_003378.jpg,flickr_wild_003378.jpg
3043,/nas-ctm01/datasets/public/AFHQ/resized/train/wild/flickr_wild_003379.jpg,flickr_wild_003379.jpg
3044,/nas-ctm01/datasets/public/AFHQ/resized/train/wild/flickr_wild_003381.jpg,flickr_wild_003381.jpg
3045,/nas-ctm01/datasets/public/AFHQ/resized/train/wild/flickr_wild_003382.jpg,flickr_wild_003382.jpg
3046,/nas-ctm01/datasets/public/AFHQ/resized/train/wild/flickr_wild_003383.jpg,flickr_wild_003383.jpg
3047,/nas-ctm01/datasets/public/AFHQ/resized/train/wild/flickr_wild_003384.jpg,flickr_wild_003384.jpg
3048,/nas-ctm01/datasets/public/AFHQ/resized/train/wild/flickr_wild_003385.jpg,flickr_wild_003385.jpg
3049,/nas-ctm01/datasets/public/AFHQ/resized/train/wild/flickr_wild_003387.jpg,flickr_wild_003387.jpg
3050,/nas-ctm01/datasets/public/AFHQ/resized/train/wild/flickr_wild_003390.jpg,flickr_wild_003390.jpg
3051,/nas-ctm01/datasets/public/AFHQ/resized/train/wild/flickr_wild_003391.jpg,flickr_wild_003391.jpg
3052,/nas-ctm01/datasets/public/AFHQ/resized/train/wild/flickr_wild_003393.jpg,flickr_wild_003393.jpg
3053,/nas-ctm01/datasets/public/AFHQ/resized/train/wild/flickr_wild_003394.jpg,flickr_wild_003394.jpg
3054,/nas-ctm01/datasets/public/AFHQ/resized/train/wild/flickr_wild_003395.jpg,flickr_wild_003395.jpg
3055,/nas-ctm01/datasets/public/AFHQ/resized/train/wild/flickr_wild_003396.jpg,flickr_wild_003396.jpg
3056,/nas-ctm01/datasets/public/AFHQ/resized/train/wild/flickr_wild_003397.jpg,flickr_wild_003397.jpg
3057,/nas-ctm01/datasets/public/AFHQ/resized/train/wild/flickr_wild_003398.jpg,flickr_wild_003398.jpg
3058,/nas-ctm01/datasets/public/AFHQ/resized/train/wild/flickr_wild_003400.jpg,flickr_wild_003400.jpg
3059,/nas-ctm01/datasets/public/AFHQ/resized/train/wild/flickr_wild_003401.jpg,flickr_wild_003401.jpg
3060,/nas-ctm01/datasets/public/AFHQ/resized/train/wild/flickr_wild_003402.jpg,flickr_wild_003402.jpg
3061,/nas-ctm01/datasets/public/AFHQ/resized/train/wild/flickr_wild_003403.jpg,flickr_wild_003403.jpg
3062,/nas-ctm01/datasets/public/AFHQ/resized/train/wild/flickr_wild_003404.jpg,flickr_wild_003404.jpg
3063,/nas-ctm01/datasets/public/AFHQ/resized/train/wild/flickr_wild_003405.jpg,flickr_wild_003405.jpg
3064,/nas-ctm01/datasets/public/AFHQ/resized/train/wild/flickr_wild_003406.jpg,flickr_wild_003406.jpg
3065,/nas-ctm01/datasets/public/AFHQ/resized/train/wild/flickr_wild_003407.jpg,flickr_wild_003407.jpg
3066,/nas-ctm01/datasets/public/AFHQ/resized/train/wild/flickr_wild_003409.jpg,flickr_wild_003409.jpg
3067,/nas-ctm01/datasets/public/AFHQ/resized/train/wild/flickr_wild_003410.jpg,flickr_wild_003410.jpg
3068,/nas-ctm01/datasets/public/AFHQ/resized/train/wild/flickr_wild_003411.jpg,flickr_wild_003411.jpg
3069,/nas-ctm01/datasets/public/AFHQ/resized/train/wild/flickr_wild_003412.jpg,flickr_wild_003412.jpg
3070,/nas-ctm01/datasets/public/AFHQ/resized/train/wild/flickr_wild_003413.jpg,flickr_wild_003413.jpg
3071,/nas-ctm01/datasets/public/AFHQ/resized/train/wild/flickr_wild_003414.jpg,flickr_wild_003414.jpg
3072,/nas-ctm01/datasets/public/AFHQ/resized/train/wild/flickr_wild_003415.jpg,flickr_wild_003415.jpg
3073,/nas-ctm01/datasets/public/AFHQ/resized/train/wild/flickr_wild_003416.jpg,flickr_wild_003416.jpg
3074,/nas-ctm01/datasets/public/AFHQ/resized/train/wild/flickr_wild_003417.jpg,flickr_wild_003417.jpg
3075,/nas-ctm01/datasets/public/AFHQ/resized/train/wild/flickr_wild_003418.jpg,flickr_wild_003418.jpg
3076,/nas-ctm01/datasets/public/AFHQ/resized/train/wild/flickr_wild_003419.jpg,flickr_wild_003419.jpg
3077,/nas-ctm01/datasets/public/AFHQ/resized/train/wild/flickr_wild_003420.jpg,flickr_wild_003420.jpg
3078,/nas-ctm01/datasets/public/AFHQ/resized/train/wild/flickr_wild_003422.jpg,flickr_wild_003422.jpg
3079,/nas-ctm01/datasets/public/AFHQ/resized/train/wild/flickr_wild_003423.jpg,flickr_wild_003423.jpg
3080,/nas-ctm01/datasets/public/AFHQ/resized/train/wild/flickr_wild_003424.jpg,flickr_wild_003424.jpg
3081,/nas-ctm01/datasets/public/AFHQ/resized/train/wild/flickr_wild_003425.jpg,flickr_wild_003425.jpg
3082,/nas-ctm01/datasets/public/AFHQ/resized/train/wild/flickr_wild_003426.jpg,flickr_wild_003426.jpg
3083,/nas-ctm01/datasets/public/AFHQ/resized/train/wild/flickr_wild_003427.jpg,flickr_wild_003427.jpg
3084,/nas-ctm01/datasets/public/AFHQ/resized/train/wild/flickr_wild_003428.jpg,flickr_wild_003428.jpg
3085,/nas-ctm01/datasets/public/AFHQ/resized/train/wild/flickr_wild_003429.jpg,flickr_wild_003429.jpg
3086,/nas-ctm01/datasets/public/AFHQ/resized/train/wild/flickr_wild_003430.jpg,flickr_wild_003430.jpg
3087,/nas-ctm01/datasets/public/AFHQ/resized/train/wild/flickr_wild_003431.jpg,flickr_wild_003431.jpg
3088,/nas-ctm01/datasets/public/AFHQ/resized/train/wild/flickr_wild_003432.jpg,flickr_wild_003432.jpg
3089,/nas-ctm01/datasets/public/AFHQ/resized/train/wild/flickr_wild_003433.jpg,flickr_wild_003433.jpg
3090,/nas-ctm01/datasets/public/AFHQ/resized/train/wild/flickr_wild_003434.jpg,flickr_wild_003434.jpg
3091,/nas-ctm01/datasets/public/AFHQ/resized/train/wild/flickr_wild_003435.jpg,flickr_wild_003435.jpg
3092,/nas-ctm01/datasets/public/AFHQ/resized/train/wild/flickr_wild_003437.jpg,flickr_wild_003437.jpg
3093,/nas-ctm01/datasets/public/AFHQ/resized/train/wild/flickr_wild_003438.jpg,flickr_wild_003438.jpg
3094,/nas-ctm01/datasets/public/AFHQ/resized/train/wild/flickr_wild_003439.jpg,flickr_wild_003439.jpg
3095,/nas-ctm01/datasets/public/AFHQ/resized/train/wild/flickr_wild_003440.jpg,flickr_wild_003440.jpg
3096,/nas-ctm01/datasets/public/AFHQ/resized/train/wild/flickr_wild_003441.jpg,flickr_wild_003441.jpg
3097,/nas-ctm01/datasets/public/AFHQ/resized/train/wild/flickr_wild_003442.jpg,flickr_wild_003442.jpg
3098,/nas-ctm01/datasets/public/AFHQ/resized/train/wild/flickr_wild_003443.jpg,flickr_wild_003443.jpg
3099,/nas-ctm01/datasets/public/AFHQ/resized/train/wild/flickr_wild_003444.jpg,flickr_wild_003444.jpg
3100,/nas-ctm01/datasets/public/AFHQ/resized/train/wild/flickr_wild_003445.jpg,flickr_wild_003445.jpg
3101,/nas-ctm01/datasets/public/AFHQ/resized/train/wild/flickr_wild_003446.jpg,flickr_wild_003446.jpg
3102,/nas-ctm01/datasets/public/AFHQ/resized/train/wild/flickr_wild_003447.jpg,flickr_wild_003447.jpg
3103,/nas-ctm01/datasets/public/AFHQ/resized/train/wild/flickr_wild_003448.jpg,flickr_wild_003448.jpg
3104,/nas-ctm01/datasets/public/AFHQ/resized/train/wild/flickr_wild_003450.jpg,flickr_wild_003450.jpg
3105,/nas-ctm01/datasets/public/AFHQ/resized/train/wild/flickr_wild_003451.jpg,flickr_wild_003451.jpg
3106,/nas-ctm01/datasets/public/AFHQ/resized/train/wild/flickr_wild_003452.jpg,flickr_wild_003452.jpg
3107,/nas-ctm01/datasets/public/AFHQ/resized/train/wild/flickr_wild_003453.jpg,flickr_wild_003453.jpg
3108,/nas-ctm01/datasets/public/AFHQ/resized/train/wild/flickr_wild_003454.jpg,flickr_wild_003454.jpg
3109,/nas-ctm01/datasets/public/AFHQ/resized/train/wild/flickr_wild_003455.jpg,flickr_wild_003455.jpg
3110,/nas-ctm01/datasets/public/AFHQ/resized/train/wild/flickr_wild_003456.jpg,flickr_wild_003456.jpg
3111,/nas-ctm01/datasets/public/AFHQ/resized/train/wild/flickr_wild_003457.jpg,flickr_wild_003457.jpg
3112,/nas-ctm01/datasets/public/AFHQ/resized/train/wild/flickr_wild_003458.jpg,flickr_wild_003458.jpg
3113,/nas-ctm01/datasets/public/AFHQ/resized/train/wild/flickr_wild_003459.jpg,flickr_wild_003459.jpg
3114,/nas-ctm01/datasets/public/AFHQ/resized/train/wild/flickr_wild_003460.jpg,flickr_wild_003460.jpg
3115,/nas-ctm01/datasets/public/AFHQ/resized/train/wild/flickr_wild_003461.jpg,flickr_wild_003461.jpg
3116,/nas-ctm01/datasets/public/AFHQ/resized/train/wild/flickr_wild_003462.jpg,flickr_wild_003462.jpg
3117,/nas-ctm01/datasets/public/AFHQ/resized/train/wild/flickr_wild_003463.jpg,flickr_wild_003463.jpg
3118,/nas-ctm01/datasets/public/AFHQ/resized/train/wild/flickr_wild_003464.jpg,flickr_wild_003464.jpg
3119,/nas-ctm01/datasets/public/AFHQ/resized/train/wild/flickr_wild_003466.jpg,flickr_wild_003466.jpg
3120,/nas-ctm01/datasets/public/AFHQ/resized/train/wild/flickr_wild_003467.jpg,flickr_wild_003467.jpg
3121,/nas-ctm01/datasets/public/AFHQ/resized/train/wild/flickr_wild_003468.jpg,flickr_wild_003468.jpg
3122,/nas-ctm01/datasets/public/AFHQ/resized/train/wild/flickr_wild_003469.jpg,flickr_wild_003469.jpg
3123,/nas-ctm01/datasets/public/AFHQ/resized/train/wild/flickr_wild_003470.jpg,flickr_wild_003470.jpg
3124,/nas-ctm01/datasets/public/AFHQ/resized/train/wild/flickr_wild_003471.jpg,flickr_wild_003471.jpg
3125,/nas-ctm01/datasets/public/AFHQ/resized/train/wild/flickr_wild_003472.jpg,flickr_wild_003472.jpg
3126,/nas-ctm01/datasets/public/AFHQ/resized/train/wild/flickr_wild_003473.jpg,flickr_wild_003473.jpg
3127,/nas-ctm01/datasets/public/AFHQ/resized/train/wild/flickr_wild_003474.jpg,flickr_wild_003474.jpg
3128,/nas-ctm01/datasets/public/AFHQ/resized/train/wild/flickr_wild_003476.jpg,flickr_wild_003476.jpg
3129,/nas-ctm01/datasets/public/AFHQ/resized/train/wild/flickr_wild_003477.jpg,flickr_wild_003477.jpg
3130,/nas-ctm01/datasets/public/AFHQ/resized/train/wild/flickr_wild_003478.jpg,flickr_wild_003478.jpg
3131,/nas-ctm01/datasets/public/AFHQ/resized/train/wild/flickr_wild_003479.jpg,flickr_wild_003479.jpg
3132,/nas-ctm01/datasets/public/AFHQ/resized/train/wild/flickr_wild_003480.jpg,flickr_wild_003480.jpg
3133,/nas-ctm01/datasets/public/AFHQ/resized/train/wild/flickr_wild_003481.jpg,flickr_wild_003481.jpg
3134,/nas-ctm01/datasets/public/AFHQ/resized/train/wild/flickr_wild_003482.jpg,flickr_wild_003482.jpg
3135,/nas-ctm01/datasets/public/AFHQ/resized/train/wild/flickr_wild_003483.jpg,flickr_wild_003483.jpg
3136,/nas-ctm01/datasets/public/AFHQ/resized/train/wild/flickr_wild_003484.jpg,flickr_wild_003484.jpg
3137,/nas-ctm01/datasets/public/AFHQ/resized/train/wild/flickr_wild_003485.jpg,flickr_wild_003485.jpg
3138,/nas-ctm01/datasets/public/AFHQ/resized/train/wild/flickr_wild_003486.jpg,flickr_wild_003486.jpg
3139,/nas-ctm01/datasets/public/AFHQ/resized/train/wild/flickr_wild_003487.jpg,flickr_wild_003487.jpg
3140,/nas-ctm01/datasets/public/AFHQ/resized/train/wild/flickr_wild_003488.jpg,flickr_wild_003488.jpg
3141,/nas-ctm01/datasets/public/AFHQ/resized/train/wild/flickr_wild_003489.jpg,flickr_wild_003489.jpg
3142,/nas-ctm01/datasets/public/AFHQ/resized/train/wild/flickr_wild_003490.jpg,flickr_wild_003490.jpg
3143,/nas-ctm01/datasets/public/AFHQ/resized/train/wild/flickr_wild_003491.jpg,flickr_wild_003491.jpg
3144,/nas-ctm01/datasets/public/AFHQ/resized/train/wild/flickr_wild_003492.jpg,flickr_wild_003492.jpg
3145,/nas-ctm01/datasets/public/AFHQ/resized/train/wild/flickr_wild_003493.jpg,flickr_wild_003493.jpg
3146,/nas-ctm01/datasets/public/AFHQ/resized/train/wild/flickr_wild_003494.jpg,flickr_wild_003494.jpg
3147,/nas-ctm01/datasets/public/AFHQ/resized/train/wild/flickr_wild_003495.jpg,flickr_wild_003495.jpg
3148,/nas-ctm01/datasets/public/AFHQ/resized/train/wild/flickr_wild_003496.jpg,flickr_wild_003496.jpg
3149,/nas-ctm01/datasets/public/AFHQ/resized/train/wild/flickr_wild_003497.jpg,flickr_wild_003497.jpg
3150,/nas-ctm01/datasets/public/AFHQ/resized/train/wild/flickr_wild_003499.jpg,flickr_wild_003499.jpg
3151,/nas-ctm01/datasets/public/AFHQ/resized/train/wild/flickr_wild_003500.jpg,flickr_wild_003500.jpg
3152,/nas-ctm01/datasets/public/AFHQ/resized/train/wild/flickr_wild_003502.jpg,flickr_wild_003502.jpg
3153,/nas-ctm01/datasets/public/AFHQ/resized/train/wild/flickr_wild_003503.jpg,flickr_wild_003503.jpg
3154,/nas-ctm01/datasets/public/AFHQ/resized/train/wild/flickr_wild_003504.jpg,flickr_wild_003504.jpg
3155,/nas-ctm01/datasets/public/AFHQ/resized/train/wild/flickr_wild_003505.jpg,flickr_wild_003505.jpg
3156,/nas-ctm01/datasets/public/AFHQ/resized/train/wild/flickr_wild_003507.jpg,flickr_wild_003507.jpg
3157,/nas-ctm01/datasets/public/AFHQ/resized/train/wild/flickr_wild_003508.jpg,flickr_wild_003508.jpg
3158,/nas-ctm01/datasets/public/AFHQ/resized/train/wild/flickr_wild_003509.jpg,flickr_wild_003509.jpg
3159,/nas-ctm01/datasets/public/AFHQ/resized/train/wild/flickr_wild_003510.jpg,flickr_wild_003510.jpg
3160,/nas-ctm01/datasets/public/AFHQ/resized/train/wild/flickr_wild_003511.jpg,flickr_wild_003511.jpg
3161,/nas-ctm01/datasets/public/AFHQ/resized/train/wild/flickr_wild_003512.jpg,flickr_wild_003512.jpg
3162,/nas-ctm01/datasets/public/AFHQ/resized/train/wild/flickr_wild_003514.jpg,flickr_wild_003514.jpg
3163,/nas-ctm01/datasets/public/AFHQ/resized/train/wild/flickr_wild_003515.jpg,flickr_wild_003515.jpg
3164,/nas-ctm01/datasets/public/AFHQ/resized/train/wild/flickr_wild_003516.jpg,flickr_wild_003516.jpg
3165,/nas-ctm01/datasets/public/AFHQ/resized/train/wild/flickr_wild_003517.jpg,flickr_wild_003517.jpg
3166,/nas-ctm01/datasets/public/AFHQ/resized/train/wild/flickr_wild_003518.jpg,flickr_wild_003518.jpg
3167,/nas-ctm01/datasets/public/AFHQ/resized/train/wild/flickr_wild_003520.jpg,flickr_wild_003520.jpg
3168,/nas-ctm01/datasets/public/AFHQ/resized/train/wild/flickr_wild_003521.jpg,flickr_wild_003521.jpg
3169,/nas-ctm01/datasets/public/AFHQ/resized/train/wild/flickr_wild_003522.jpg,flickr_wild_003522.jpg
3170,/nas-ctm01/datasets/public/AFHQ/resized/train/wild/flickr_wild_003523.jpg,flickr_wild_003523.jpg
3171,/nas-ctm01/datasets/public/AFHQ/resized/train/wild/flickr_wild_003524.jpg,flickr_wild_003524.jpg
3172,/nas-ctm01/datasets/public/AFHQ/resized/train/wild/flickr_wild_003525.jpg,flickr_wild_003525.jpg
3173,/nas-ctm01/datasets/public/AFHQ/resized/train/wild/flickr_wild_003526.jpg,flickr_wild_003526.jpg
3174,/nas-ctm01/datasets/public/AFHQ/resized/train/wild/flickr_wild_003527.jpg,flickr_wild_003527.jpg
3175,/nas-ctm01/datasets/public/AFHQ/resized/train/wild/flickr_wild_003528.jpg,flickr_wild_003528.jpg
3176,/nas-ctm01/datasets/public/AFHQ/resized/train/wild/flickr_wild_003529.jpg,flickr_wild_003529.jpg
3177,/nas-ctm01/datasets/public/AFHQ/resized/train/wild/flickr_wild_003530.jpg,flickr_wild_003530.jpg
3178,/nas-ctm01/datasets/public/AFHQ/resized/train/wild/flickr_wild_003531.jpg,flickr_wild_003531.jpg
3179,/nas-ctm01/datasets/public/AFHQ/resized/train/wild/flickr_wild_003532.jpg,flickr_wild_003532.jpg
3180,/nas-ctm01/datasets/public/AFHQ/resized/train/wild/flickr_wild_003533.jpg,flickr_wild_003533.jpg
3181,/nas-ctm01/datasets/public/AFHQ/resized/train/wild/flickr_wild_003534.jpg,flickr_wild_003534.jpg
3182,/nas-ctm01/datasets/public/AFHQ/resized/train/wild/flickr_wild_003535.jpg,flickr_wild_003535.jpg
3183,/nas-ctm01/datasets/public/AFHQ/resized/train/wild/flickr_wild_003536.jpg,flickr_wild_003536.jpg
3184,/nas-ctm01/datasets/public/AFHQ/resized/train/wild/flickr_wild_003537.jpg,flickr_wild_003537.jpg
3185,/nas-ctm01/datasets/public/AFHQ/resized/train/wild/flickr_wild_003538.jpg,flickr_wild_003538.jpg
3186,/nas-ctm01/datasets/public/AFHQ/resized/train/wild/flickr_wild_003539.jpg,flickr_wild_003539.jpg
3187,/nas-ctm01/datasets/public/AFHQ/resized/train/wild/flickr_wild_003540.jpg,flickr_wild_003540.jpg
3188,/nas-ctm01/datasets/public/AFHQ/resized/train/wild/flickr_wild_003541.jpg,flickr_wild_003541.jpg
3189,/nas-ctm01/datasets/public/AFHQ/resized/train/wild/flickr_wild_003542.jpg,flickr_wild_003542.jpg
3190,/nas-ctm01/datasets/public/AFHQ/resized/train/wild/flickr_wild_003544.jpg,flickr_wild_003544.jpg
3191,/nas-ctm01/datasets/public/AFHQ/resized/train/wild/flickr_wild_003545.jpg,flickr_wild_003545.jpg
3192,/nas-ctm01/datasets/public/AFHQ/resized/train/wild/flickr_wild_003546.jpg,flickr_wild_003546.jpg
3193,/nas-ctm01/datasets/public/AFHQ/resized/train/wild/flickr_wild_003547.jpg,flickr_wild_003547.jpg
3194,/nas-ctm01/datasets/public/AFHQ/resized/train/wild/flickr_wild_003548.jpg,flickr_wild_003548.jpg
3195,/nas-ctm01/datasets/public/AFHQ/resized/train/wild/flickr_wild_003549.jpg,flickr_wild_003549.jpg
3196,/nas-ctm01/datasets/public/AFHQ/resized/train/wild/flickr_wild_003550.jpg,flickr_wild_003550.jpg
3197,/nas-ctm01/datasets/public/AFHQ/resized/train/wild/flickr_wild_003551.jpg,flickr_wild_003551.jpg
3198,/nas-ctm01/datasets/public/AFHQ/resized/train/wild/flickr_wild_003552.jpg,flickr_wild_003552.jpg
3199,/nas-ctm01/datasets/public/AFHQ/resized/train/wild/flickr_wild_003553.jpg,flickr_wild_003553.jpg
3200,/nas-ctm01/datasets/public/AFHQ/resized/train/wild/flickr_wild_003554.jpg,flickr_wild_003554.jpg
3201,/nas-ctm01/datasets/public/AFHQ/resized/train/wild/flickr_wild_003555.jpg,flickr_wild_003555.jpg
3202,/nas-ctm01/datasets/public/AFHQ/resized/train/wild/flickr_wild_003556.jpg,flickr_wild_003556.jpg
3203,/nas-ctm01/datasets/public/AFHQ/resized/train/wild/flickr_wild_003557.jpg,flickr_wild_003557.jpg
3204,/nas-ctm01/datasets/public/AFHQ/resized/train/wild/flickr_wild_003558.jpg,flickr_wild_003558.jpg
3205,/nas-ctm01/datasets/public/AFHQ/resized/train/wild/flickr_wild_003559.jpg,flickr_wild_003559.jpg
3206,/nas-ctm01/datasets/public/AFHQ/resized/train/wild/flickr_wild_003560.jpg,flickr_wild_003560.jpg
3207,/nas-ctm01/datasets/public/AFHQ/resized/train/wild/flickr_wild_003561.jpg,flickr_wild_003561.jpg
3208,/nas-ctm01/datasets/public/AFHQ/resized/train/wild/flickr_wild_003562.jpg,flickr_wild_003562.jpg
3209,/nas-ctm01/datasets/public/AFHQ/resized/train/wild/flickr_wild_003563.jpg,flickr_wild_003563.jpg
3210,/nas-ctm01/datasets/public/AFHQ/resized/train/wild/flickr_wild_003564.jpg,flickr_wild_003564.jpg
3211,/nas-ctm01/datasets/public/AFHQ/resized/train/wild/flickr_wild_003565.jpg,flickr_wild_003565.jpg
3212,/nas-ctm01/datasets/public/AFHQ/resized/train/wild/flickr_wild_003566.jpg,flickr_wild_003566.jpg
3213,/nas-ctm01/datasets/public/AFHQ/resized/train/wild/flickr_wild_003567.jpg,flickr_wild_003567.jpg
3214,/nas-ctm01/datasets/public/AFHQ/resized/train/wild/flickr_wild_003568.jpg,flickr_wild_003568.jpg
3215,/nas-ctm01/datasets/public/AFHQ/resized/train/wild/flickr_wild_003569.jpg,flickr_wild_003569.jpg
3216,/nas-ctm01/datasets/public/AFHQ/resized/train/wild/flickr_wild_003570.jpg,flickr_wild_003570.jpg
3217,/nas-ctm01/datasets/public/AFHQ/resized/train/wild/flickr_wild_003572.jpg,flickr_wild_003572.jpg
3218,/nas-ctm01/datasets/public/AFHQ/resized/train/wild/flickr_wild_003573.jpg,flickr_wild_003573.jpg
3219,/nas-ctm01/datasets/public/AFHQ/resized/train/wild/flickr_wild_003574.jpg,flickr_wild_003574.jpg
3220,/nas-ctm01/datasets/public/AFHQ/resized/train/wild/flickr_wild_003575.jpg,flickr_wild_003575.jpg
3221,/nas-ctm01/datasets/public/AFHQ/resized/train/wild/flickr_wild_003576.jpg,flickr_wild_003576.jpg
3222,/nas-ctm01/datasets/public/AFHQ/resized/train/wild/flickr_wild_003577.jpg,flickr_wild_003577.jpg
3223,/nas-ctm01/datasets/public/AFHQ/resized/train/wild/flickr_wild_003578.jpg,flickr_wild_003578.jpg
3224,/nas-ctm01/datasets/public/AFHQ/resized/train/wild/flickr_wild_003579.jpg,flickr_wild_003579.jpg
3225,/nas-ctm01/datasets/public/AFHQ/resized/train/wild/flickr_wild_003580.jpg,flickr_wild_003580.jpg
3226,/nas-ctm01/datasets/public/AFHQ/resized/train/wild/flickr_wild_003581.jpg,flickr_wild_003581.jpg
3227,/nas-ctm01/datasets/public/AFHQ/resized/train/wild/flickr_wild_003582.jpg,flickr_wild_003582.jpg
3228,/nas-ctm01/datasets/public/AFHQ/resized/train/wild/flickr_wild_003583.jpg,flickr_wild_003583.jpg
3229,/nas-ctm01/datasets/public/AFHQ/resized/train/wild/flickr_wild_003584.jpg,flickr_wild_003584.jpg
3230,/nas-ctm01/datasets/public/AFHQ/resized/train/wild/flickr_wild_003585.jpg,flickr_wild_003585.jpg
3231,/nas-ctm01/datasets/public/AFHQ/resized/train/wild/flickr_wild_003588.jpg,flickr_wild_003588.jpg
3232,/nas-ctm01/datasets/public/AFHQ/resized/train/wild/flickr_wild_003589.jpg,flickr_wild_003589.jpg
3233,/nas-ctm01/datasets/public/AFHQ/resized/train/wild/flickr_wild_003590.jpg,flickr_wild_003590.jpg
3234,/nas-ctm01/datasets/public/AFHQ/resized/train/wild/flickr_wild_003591.jpg,flickr_wild_003591.jpg
3235,/nas-ctm01/datasets/public/AFHQ/resized/train/wild/flickr_wild_003592.jpg,flickr_wild_003592.jpg
3236,/nas-ctm01/datasets/public/AFHQ/resized/train/wild/flickr_wild_003593.jpg,flickr_wild_003593.jpg
3237,/nas-ctm01/datasets/public/AFHQ/resized/train/wild/flickr_wild_003594.jpg,flickr_wild_003594.jpg
3238,/nas-ctm01/datasets/public/AFHQ/resized/train/wild/flickr_wild_003595.jpg,flickr_wild_003595.jpg
3239,/nas-ctm01/datasets/public/AFHQ/resized/train/wild/flickr_wild_003596.jpg,flickr_wild_003596.jpg
3240,/nas-ctm01/datasets/public/AFHQ/resized/train/wild/flickr_wild_003597.jpg,flickr_wild_003597.jpg
3241,/nas-ctm01/datasets/public/AFHQ/resized/train/wild/flickr_wild_003598.jpg,flickr_wild_003598.jpg
3242,/nas-ctm01/datasets/public/AFHQ/resized/train/wild/flickr_wild_003599.jpg,flickr_wild_003599.jpg
3243,/nas-ctm01/datasets/public/AFHQ/resized/train/wild/flickr_wild_003600.jpg,flickr_wild_003600.jpg
3244,/nas-ctm01/datasets/public/AFHQ/resized/train/wild/flickr_wild_003601.jpg,flickr_wild_003601.jpg
3245,/nas-ctm01/datasets/public/AFHQ/resized/train/wild/flickr_wild_003602.jpg,flickr_wild_003602.jpg
3246,/nas-ctm01/datasets/public/AFHQ/resized/train/wild/flickr_wild_003604.jpg,flickr_wild_003604.jpg
3247,/nas-ctm01/datasets/public/AFHQ/resized/train/wild/flickr_wild_003605.jpg,flickr_wild_003605.jpg
3248,/nas-ctm01/datasets/public/AFHQ/resized/train/wild/flickr_wild_003606.jpg,flickr_wild_003606.jpg
3249,/nas-ctm01/datasets/public/AFHQ/resized/train/wild/flickr_wild_003607.jpg,flickr_wild_003607.jpg
3250,/nas-ctm01/datasets/public/AFHQ/resized/train/wild/flickr_wild_003608.jpg,flickr_wild_003608.jpg
3251,/nas-ctm01/datasets/public/AFHQ/resized/train/wild/flickr_wild_003609.jpg,flickr_wild_003609.jpg
3252,/nas-ctm01/datasets/public/AFHQ/resized/train/wild/flickr_wild_003610.jpg,flickr_wild_003610.jpg
3253,/nas-ctm01/datasets/public/AFHQ/resized/train/wild/flickr_wild_003611.jpg,flickr_wild_003611.jpg
3254,/nas-ctm01/datasets/public/AFHQ/resized/train/wild/flickr_wild_003612.jpg,flickr_wild_003612.jpg
3255,/nas-ctm01/datasets/public/AFHQ/resized/train/wild/flickr_wild_003613.jpg,flickr_wild_003613.jpg
3256,/nas-ctm01/datasets/public/AFHQ/resized/train/wild/flickr_wild_003614.jpg,flickr_wild_003614.jpg
3257,/nas-ctm01/datasets/public/AFHQ/resized/train/wild/flickr_wild_003616.jpg,flickr_wild_003616.jpg
3258,/nas-ctm01/datasets/public/AFHQ/resized/train/wild/flickr_wild_003618.jpg,flickr_wild_003618.jpg
3259,/nas-ctm01/datasets/public/AFHQ/resized/train/wild/flickr_wild_003619.jpg,flickr_wild_003619.jpg
3260,/nas-ctm01/datasets/public/AFHQ/resized/train/wild/flickr_wild_003620.jpg,flickr_wild_003620.jpg
3261,/nas-ctm01/datasets/public/AFHQ/resized/train/wild/flickr_wild_003621.jpg,flickr_wild_003621.jpg
3262,/nas-ctm01/datasets/public/AFHQ/resized/train/wild/flickr_wild_003622.jpg,flickr_wild_003622.jpg
3263,/nas-ctm01/datasets/public/AFHQ/resized/train/wild/flickr_wild_003623.jpg,flickr_wild_003623.jpg
3264,/nas-ctm01/datasets/public/AFHQ/resized/train/wild/flickr_wild_003624.jpg,flickr_wild_003624.jpg
3265,/nas-ctm01/datasets/public/AFHQ/resized/train/wild/flickr_wild_003625.jpg,flickr_wild_003625.jpg
3266,/nas-ctm01/datasets/public/AFHQ/resized/train/wild/flickr_wild_003626.jpg,flickr_wild_003626.jpg
3267,/nas-ctm01/datasets/public/AFHQ/resized/train/wild/flickr_wild_003627.jpg,flickr_wild_003627.jpg
3268,/nas-ctm01/datasets/public/AFHQ/resized/train/wild/flickr_wild_003628.jpg,flickr_wild_003628.jpg
3269,/nas-ctm01/datasets/public/AFHQ/resized/train/wild/flickr_wild_003629.jpg,flickr_wild_003629.jpg
3270,/nas-ctm01/datasets/public/AFHQ/resized/train/wild/flickr_wild_003630.jpg,flickr_wild_003630.jpg
3271,/nas-ctm01/datasets/public/AFHQ/resized/train/wild/flickr_wild_003631.jpg,flickr_wild_003631.jpg
3272,/nas-ctm01/datasets/public/AFHQ/resized/train/wild/flickr_wild_003632.jpg,flickr_wild_003632.jpg
3273,/nas-ctm01/datasets/public/AFHQ/resized/train/wild/flickr_wild_003633.jpg,flickr_wild_003633.jpg
3274,/nas-ctm01/datasets/public/AFHQ/resized/train/wild/flickr_wild_003634.jpg,flickr_wild_003634.jpg
3275,/nas-ctm01/datasets/public/AFHQ/resized/train/wild/flickr_wild_003635.jpg,flickr_wild_003635.jpg
3276,/nas-ctm01/datasets/public/AFHQ/resized/train/wild/flickr_wild_003636.jpg,flickr_wild_003636.jpg
3277,/nas-ctm01/datasets/public/AFHQ/resized/train/wild/flickr_wild_003637.jpg,flickr_wild_003637.jpg
3278,/nas-ctm01/datasets/public/AFHQ/resized/train/wild/flickr_wild_003638.jpg,flickr_wild_003638.jpg
3279,/nas-ctm01/datasets/public/AFHQ/resized/train/wild/flickr_wild_003639.jpg,flickr_wild_003639.jpg
3280,/nas-ctm01/datasets/public/AFHQ/resized/train/wild/flickr_wild_003640.jpg,flickr_wild_003640.jpg
3281,/nas-ctm01/datasets/public/AFHQ/resized/train/wild/flickr_wild_003641.jpg,flickr_wild_003641.jpg
3282,/nas-ctm01/datasets/public/AFHQ/resized/train/wild/flickr_wild_003642.jpg,flickr_wild_003642.jpg
3283,/nas-ctm01/datasets/public/AFHQ/resized/train/wild/flickr_wild_003644.jpg,flickr_wild_003644.jpg
3284,/nas-ctm01/datasets/public/AFHQ/resized/train/wild/flickr_wild_003645.jpg,flickr_wild_003645.jpg
3285,/nas-ctm01/datasets/public/AFHQ/resized/train/wild/flickr_wild_003646.jpg,flickr_wild_003646.jpg
3286,/nas-ctm01/datasets/public/AFHQ/resized/train/wild/flickr_wild_003647.jpg,flickr_wild_003647.jpg
3287,/nas-ctm01/datasets/public/AFHQ/resized/train/wild/flickr_wild_003648.jpg,flickr_wild_003648.jpg
3288,/nas-ctm01/datasets/public/AFHQ/resized/train/wild/flickr_wild_003649.jpg,flickr_wild_003649.jpg
3289,/nas-ctm01/datasets/public/AFHQ/resized/train/wild/flickr_wild_003650.jpg,flickr_wild_003650.jpg
3290,/nas-ctm01/datasets/public/AFHQ/resized/train/wild/flickr_wild_003651.jpg,flickr_wild_003651.jpg
3291,/nas-ctm01/datasets/public/AFHQ/resized/train/wild/flickr_wild_003652.jpg,flickr_wild_003652.jpg
3292,/nas-ctm01/datasets/public/AFHQ/resized/train/wild/flickr_wild_003653.jpg,flickr_wild_003653.jpg
3293,/nas-ctm01/datasets/public/AFHQ/resized/train/wild/flickr_wild_003654.jpg,flickr_wild_003654.jpg
3294,/nas-ctm01/datasets/public/AFHQ/resized/train/wild/flickr_wild_003655.jpg,flickr_wild_003655.jpg
3295,/nas-ctm01/datasets/public/AFHQ/resized/train/wild/flickr_wild_003657.jpg,flickr_wild_003657.jpg
3296,/nas-ctm01/datasets/public/AFHQ/resized/train/wild/flickr_wild_003658.jpg,flickr_wild_003658.jpg
3297,/nas-ctm01/datasets/public/AFHQ/resized/train/wild/flickr_wild_003659.jpg,flickr_wild_003659.jpg
3298,/nas-ctm01/datasets/public/AFHQ/resized/train/wild/flickr_wild_003660.jpg,flickr_wild_003660.jpg
3299,/nas-ctm01/datasets/public/AFHQ/resized/train/wild/flickr_wild_003661.jpg,flickr_wild_003661.jpg
3300,/nas-ctm01/datasets/public/AFHQ/resized/train/wild/flickr_wild_003662.jpg,flickr_wild_003662.jpg
3301,/nas-ctm01/datasets/public/AFHQ/resized/train/wild/flickr_wild_003663.jpg,flickr_wild_003663.jpg
3302,/nas-ctm01/datasets/public/AFHQ/resized/train/wild/flickr_wild_003664.jpg,flickr_wild_003664.jpg
3303,/nas-ctm01/datasets/public/AFHQ/resized/train/wild/flickr_wild_003665.jpg,flickr_wild_003665.jpg
3304,/nas-ctm01/datasets/public/AFHQ/resized/train/wild/flickr_wild_003666.jpg,flickr_wild_003666.jpg
3305,/nas-ctm01/datasets/public/AFHQ/resized/train/wild/flickr_wild_003667.jpg,flickr_wild_003667.jpg
3306,/nas-ctm01/datasets/public/AFHQ/resized/train/wild/flickr_wild_003668.jpg,flickr_wild_003668.jpg
3307,/nas-ctm01/datasets/public/AFHQ/resized/train/wild/flickr_wild_003670.jpg,flickr_wild_003670.jpg
3308,/nas-ctm01/datasets/public/AFHQ/resized/train/wild/flickr_wild_003671.jpg,flickr_wild_003671.jpg
3309,/nas-ctm01/datasets/public/AFHQ/resized/train/wild/flickr_wild_003672.jpg,flickr_wild_003672.jpg
3310,/nas-ctm01/datasets/public/AFHQ/resized/train/wild/flickr_wild_003673.jpg,flickr_wild_003673.jpg
3311,/nas-ctm01/datasets/public/AFHQ/resized/train/wild/flickr_wild_003674.jpg,flickr_wild_003674.jpg
3312,/nas-ctm01/datasets/public/AFHQ/resized/train/wild/flickr_wild_003675.jpg,flickr_wild_003675.jpg
3313,/nas-ctm01/datasets/public/AFHQ/resized/train/wild/flickr_wild_003676.jpg,flickr_wild_003676.jpg
3314,/nas-ctm01/datasets/public/AFHQ/resized/train/wild/flickr_wild_003677.jpg,flickr_wild_003677.jpg
3315,/nas-ctm01/datasets/public/AFHQ/resized/train/wild/flickr_wild_003678.jpg,flickr_wild_003678.jpg
3316,/nas-ctm01/datasets/public/AFHQ/resized/train/wild/flickr_wild_003679.jpg,flickr_wild_003679.jpg
3317,/nas-ctm01/datasets/public/AFHQ/resized/train/wild/flickr_wild_003680.jpg,flickr_wild_003680.jpg
3318,/nas-ctm01/datasets/public/AFHQ/resized/train/wild/flickr_wild_003681.jpg,flickr_wild_003681.jpg
3319,/nas-ctm01/datasets/public/AFHQ/resized/train/wild/flickr_wild_003682.jpg,flickr_wild_003682.jpg
3320,/nas-ctm01/datasets/public/AFHQ/resized/train/wild/flickr_wild_003683.jpg,flickr_wild_003683.jpg
3321,/nas-ctm01/datasets/public/AFHQ/resized/train/wild/flickr_wild_003684.jpg,flickr_wild_003684.jpg
3322,/nas-ctm01/datasets/public/AFHQ/resized/train/wild/flickr_wild_003685.jpg,flickr_wild_003685.jpg
3323,/nas-ctm01/datasets/public/AFHQ/resized/train/wild/flickr_wild_003686.jpg,flickr_wild_003686.jpg
3324,/nas-ctm01/datasets/public/AFHQ/resized/train/wild/flickr_wild_003687.jpg,flickr_wild_003687.jpg
3325,/nas-ctm01/datasets/public/AFHQ/resized/train/wild/flickr_wild_003688.jpg,flickr_wild_003688.jpg
3326,/nas-ctm01/datasets/public/AFHQ/resized/train/wild/flickr_wild_003689.jpg,flickr_wild_003689.jpg
3327,/nas-ctm01/datasets/public/AFHQ/resized/train/wild/flickr_wild_003690.jpg,flickr_wild_003690.jpg
3328,/nas-ctm01/datasets/public/AFHQ/resized/train/wild/flickr_wild_003691.jpg,flickr_wild_003691.jpg
3329,/nas-ctm01/datasets/public/AFHQ/resized/train/wild/flickr_wild_003692.jpg,flickr_wild_003692.jpg
3330,/nas-ctm01/datasets/public/AFHQ/resized/train/wild/flickr_wild_003693.jpg,flickr_wild_003693.jpg
3331,/nas-ctm01/datasets/public/AFHQ/resized/train/wild/flickr_wild_003694.jpg,flickr_wild_003694.jpg
3332,/nas-ctm01/datasets/public/AFHQ/resized/train/wild/flickr_wild_003695.jpg,flickr_wild_003695.jpg
3333,/nas-ctm01/datasets/public/AFHQ/resized/train/wild/flickr_wild_003696.jpg,flickr_wild_003696.jpg
3334,/nas-ctm01/datasets/public/AFHQ/resized/train/wild/flickr_wild_003697.jpg,flickr_wild_003697.jpg
3335,/nas-ctm01/datasets/public/AFHQ/resized/train/wild/flickr_wild_003698.jpg,flickr_wild_003698.jpg
3336,/nas-ctm01/datasets/public/AFHQ/resized/train/wild/flickr_wild_003699.jpg,flickr_wild_003699.jpg
3337,/nas-ctm01/datasets/public/AFHQ/resized/train/wild/flickr_wild_003700.jpg,flickr_wild_003700.jpg
3338,/nas-ctm01/datasets/public/AFHQ/resized/train/wild/flickr_wild_003701.jpg,flickr_wild_003701.jpg
3339,/nas-ctm01/datasets/public/AFHQ/resized/train/wild/flickr_wild_003702.jpg,flickr_wild_003702.jpg
3340,/nas-ctm01/datasets/public/AFHQ/resized/train/wild/flickr_wild_003703.jpg,flickr_wild_003703.jpg
3341,/nas-ctm01/datasets/public/AFHQ/resized/train/wild/flickr_wild_003704.jpg,flickr_wild_003704.jpg
3342,/nas-ctm01/datasets/public/AFHQ/resized/train/wild/flickr_wild_003705.jpg,flickr_wild_003705.jpg
3343,/nas-ctm01/datasets/public/AFHQ/resized/train/wild/flickr_wild_003706.jpg,flickr_wild_003706.jpg
3344,/nas-ctm01/datasets/public/AFHQ/resized/train/wild/flickr_wild_003707.jpg,flickr_wild_003707.jpg
3345,/nas-ctm01/datasets/public/AFHQ/resized/train/wild/flickr_wild_003708.jpg,flickr_wild_003708.jpg
3346,/nas-ctm01/datasets/public/AFHQ/resized/train/wild/flickr_wild_003709.jpg,flickr_wild_003709.jpg
3347,/nas-ctm01/datasets/public/AFHQ/resized/train/wild/flickr_wild_003711.jpg,flickr_wild_003711.jpg
3348,/nas-ctm01/datasets/public/AFHQ/resized/train/wild/flickr_wild_003713.jpg,flickr_wild_003713.jpg
3349,/nas-ctm01/datasets/public/AFHQ/resized/train/wild/flickr_wild_003714.jpg,flickr_wild_003714.jpg
3350,/nas-ctm01/datasets/public/AFHQ/resized/train/wild/flickr_wild_003715.jpg,flickr_wild_003715.jpg
3351,/nas-ctm01/datasets/public/AFHQ/resized/train/wild/flickr_wild_003716.jpg,flickr_wild_003716.jpg
3352,/nas-ctm01/datasets/public/AFHQ/resized/train/wild/flickr_wild_003717.jpg,flickr_wild_003717.jpg
3353,/nas-ctm01/datasets/public/AFHQ/resized/train/wild/flickr_wild_003719.jpg,flickr_wild_003719.jpg
3354,/nas-ctm01/datasets/public/AFHQ/resized/train/wild/flickr_wild_003720.jpg,flickr_wild_003720.jpg
3355,/nas-ctm01/datasets/public/AFHQ/resized/train/wild/flickr_wild_003721.jpg,flickr_wild_003721.jpg
3356,/nas-ctm01/datasets/public/AFHQ/resized/train/wild/flickr_wild_003722.jpg,flickr_wild_003722.jpg
3357,/nas-ctm01/datasets/public/AFHQ/resized/train/wild/flickr_wild_003723.jpg,flickr_wild_003723.jpg
3358,/nas-ctm01/datasets/public/AFHQ/resized/train/wild/flickr_wild_003724.jpg,flickr_wild_003724.jpg
3359,/nas-ctm01/datasets/public/AFHQ/resized/train/wild/flickr_wild_003725.jpg,flickr_wild_003725.jpg
3360,/nas-ctm01/datasets/public/AFHQ/resized/train/wild/flickr_wild_003726.jpg,flickr_wild_003726.jpg
3361,/nas-ctm01/datasets/public/AFHQ/resized/train/wild/flickr_wild_003727.jpg,flickr_wild_003727.jpg
3362,/nas-ctm01/datasets/public/AFHQ/resized/train/wild/flickr_wild_003728.jpg,flickr_wild_003728.jpg
3363,/nas-ctm01/datasets/public/AFHQ/resized/train/wild/flickr_wild_003729.jpg,flickr_wild_003729.jpg
3364,/nas-ctm01/datasets/public/AFHQ/resized/train/wild/flickr_wild_003730.jpg,flickr_wild_003730.jpg
3365,/nas-ctm01/datasets/public/AFHQ/resized/train/wild/flickr_wild_003731.jpg,flickr_wild_003731.jpg
3366,/nas-ctm01/datasets/public/AFHQ/resized/train/wild/flickr_wild_003732.jpg,flickr_wild_003732.jpg
3367,/nas-ctm01/datasets/public/AFHQ/resized/train/wild/flickr_wild_003733.jpg,flickr_wild_003733.jpg
3368,/nas-ctm01/datasets/public/AFHQ/resized/train/wild/flickr_wild_003735.jpg,flickr_wild_003735.jpg
3369,/nas-ctm01/datasets/public/AFHQ/resized/train/wild/flickr_wild_003736.jpg,flickr_wild_003736.jpg
3370,/nas-ctm01/datasets/public/AFHQ/resized/train/wild/flickr_wild_003737.jpg,flickr_wild_003737.jpg
3371,/nas-ctm01/datasets/public/AFHQ/resized/train/wild/flickr_wild_003738.jpg,flickr_wild_003738.jpg
3372,/nas-ctm01/datasets/public/AFHQ/resized/train/wild/flickr_wild_003739.jpg,flickr_wild_003739.jpg
3373,/nas-ctm01/datasets/public/AFHQ/resized/train/wild/flickr_wild_003740.jpg,flickr_wild_003740.jpg
3374,/nas-ctm01/datasets/public/AFHQ/resized/train/wild/flickr_wild_003741.jpg,flickr_wild_003741.jpg
3375,/nas-ctm01/datasets/public/AFHQ/resized/train/wild/flickr_wild_003742.jpg,flickr_wild_003742.jpg
3376,/nas-ctm01/datasets/public/AFHQ/resized/train/wild/flickr_wild_003743.jpg,flickr_wild_003743.jpg
3377,/nas-ctm01/datasets/public/AFHQ/resized/train/wild/flickr_wild_003744.jpg,flickr_wild_003744.jpg
3378,/nas-ctm01/datasets/public/AFHQ/resized/train/wild/flickr_wild_003745.jpg,flickr_wild_003745.jpg
3379,/nas-ctm01/datasets/public/AFHQ/resized/train/wild/flickr_wild_003746.jpg,flickr_wild_003746.jpg
3380,/nas-ctm01/datasets/public/AFHQ/resized/train/wild/flickr_wild_003747.jpg,flickr_wild_003747.jpg
3381,/nas-ctm01/datasets/public/AFHQ/resized/train/wild/flickr_wild_003748.jpg,flickr_wild_003748.jpg
3382,/nas-ctm01/datasets/public/AFHQ/resized/train/wild/flickr_wild_003749.jpg,flickr_wild_003749.jpg
3383,/nas-ctm01/datasets/public/AFHQ/resized/train/wild/flickr_wild_003750.jpg,flickr_wild_003750.jpg
3384,/nas-ctm01/datasets/public/AFHQ/resized/train/wild/flickr_wild_003751.jpg,flickr_wild_003751.jpg
3385,/nas-ctm01/datasets/public/AFHQ/resized/train/wild/flickr_wild_003752.jpg,flickr_wild_003752.jpg
3386,/nas-ctm01/datasets/public/AFHQ/resized/train/wild/flickr_wild_003753.jpg,flickr_wild_003753.jpg
3387,/nas-ctm01/datasets/public/AFHQ/resized/train/wild/flickr_wild_003754.jpg,flickr_wild_003754.jpg
3388,/nas-ctm01/datasets/public/AFHQ/resized/train/wild/flickr_wild_003755.jpg,flickr_wild_003755.jpg
3389,/nas-ctm01/datasets/public/AFHQ/resized/train/wild/flickr_wild_003756.jpg,flickr_wild_003756.jpg
3390,/nas-ctm01/datasets/public/AFHQ/resized/train/wild/flickr_wild_003757.jpg,flickr_wild_003757.jpg
3391,/nas-ctm01/datasets/public/AFHQ/resized/train/wild/flickr_wild_003758.jpg,flickr_wild_003758.jpg
3392,/nas-ctm01/datasets/public/AFHQ/resized/train/wild/flickr_wild_003759.jpg,flickr_wild_003759.jpg
3393,/nas-ctm01/datasets/public/AFHQ/resized/train/wild/flickr_wild_003760.jpg,flickr_wild_003760.jpg
3394,/nas-ctm01/datasets/public/AFHQ/resized/train/wild/flickr_wild_003762.jpg,flickr_wild_003762.jpg
3395,/nas-ctm01/datasets/public/AFHQ/resized/train/wild/flickr_wild_003763.jpg,flickr_wild_003763.jpg
3396,/nas-ctm01/datasets/public/AFHQ/resized/train/wild/flickr_wild_003764.jpg,flickr_wild_003764.jpg
3397,/nas-ctm01/datasets/public/AFHQ/resized/train/wild/flickr_wild_003765.jpg,flickr_wild_003765.jpg
3398,/nas-ctm01/datasets/public/AFHQ/resized/train/wild/flickr_wild_003766.jpg,flickr_wild_003766.jpg
3399,/nas-ctm01/datasets/public/AFHQ/resized/train/wild/flickr_wild_003769.jpg,flickr_wild_003769.jpg
3400,/nas-ctm01/datasets/public/AFHQ/resized/train/wild/flickr_wild_003770.jpg,flickr_wild_003770.jpg
3401,/nas-ctm01/datasets/public/AFHQ/resized/train/wild/flickr_wild_003771.jpg,flickr_wild_003771.jpg
3402,/nas-ctm01/datasets/public/AFHQ/resized/train/wild/flickr_wild_003772.jpg,flickr_wild_003772.jpg
3403,/nas-ctm01/datasets/public/AFHQ/resized/train/wild/flickr_wild_003774.jpg,flickr_wild_003774.jpg
3404,/nas-ctm01/datasets/public/AFHQ/resized/train/wild/flickr_wild_003775.jpg,flickr_wild_003775.jpg
3405,/nas-ctm01/datasets/public/AFHQ/resized/train/wild/flickr_wild_003776.jpg,flickr_wild_003776.jpg
3406,/nas-ctm01/datasets/public/AFHQ/resized/train/wild/flickr_wild_003778.jpg,flickr_wild_003778.jpg
3407,/nas-ctm01/datasets/public/AFHQ/resized/train/wild/flickr_wild_003781.jpg,flickr_wild_003781.jpg
3408,/nas-ctm01/datasets/public/AFHQ/resized/train/wild/flickr_wild_003782.jpg,flickr_wild_003782.jpg
3409,/nas-ctm01/datasets/public/AFHQ/resized/train/wild/flickr_wild_003783.jpg,flickr_wild_003783.jpg
3410,/nas-ctm01/datasets/public/AFHQ/resized/train/wild/flickr_wild_003784.jpg,flickr_wild_003784.jpg
3411,/nas-ctm01/datasets/public/AFHQ/resized/train/wild/flickr_wild_003785.jpg,flickr_wild_003785.jpg
3412,/nas-ctm01/datasets/public/AFHQ/resized/train/wild/flickr_wild_003787.jpg,flickr_wild_003787.jpg
3413,/nas-ctm01/datasets/public/AFHQ/resized/train/wild/flickr_wild_003788.jpg,flickr_wild_003788.jpg
3414,/nas-ctm01/datasets/public/AFHQ/resized/train/wild/flickr_wild_003789.jpg,flickr_wild_003789.jpg
3415,/nas-ctm01/datasets/public/AFHQ/resized/train/wild/flickr_wild_003790.jpg,flickr_wild_003790.jpg
3416,/nas-ctm01/datasets/public/AFHQ/resized/train/wild/flickr_wild_003792.jpg,flickr_wild_003792.jpg
3417,/nas-ctm01/datasets/public/AFHQ/resized/train/wild/flickr_wild_003793.jpg,flickr_wild_003793.jpg
3418,/nas-ctm01/datasets/public/AFHQ/resized/train/wild/flickr_wild_003794.jpg,flickr_wild_003794.jpg
3419,/nas-ctm01/datasets/public/AFHQ/resized/train/wild/flickr_wild_003795.jpg,flickr_wild_003795.jpg
3420,/nas-ctm01/datasets/public/AFHQ/resized/train/wild/flickr_wild_003797.jpg,flickr_wild_003797.jpg
3421,/nas-ctm01/datasets/public/AFHQ/resized/train/wild/flickr_wild_003798.jpg,flickr_wild_003798.jpg
3422,/nas-ctm01/datasets/public/AFHQ/resized/train/wild/flickr_wild_003799.jpg,flickr_wild_003799.jpg
3423,/nas-ctm01/datasets/public/AFHQ/resized/train/wild/flickr_wild_003800.jpg,flickr_wild_003800.jpg
3424,/nas-ctm01/datasets/public/AFHQ/resized/train/wild/flickr_wild_003801.jpg,flickr_wild_003801.jpg
3425,/nas-ctm01/datasets/public/AFHQ/resized/train/wild/flickr_wild_003802.jpg,flickr_wild_003802.jpg
3426,/nas-ctm01/datasets/public/AFHQ/resized/train/wild/flickr_wild_003803.jpg,flickr_wild_003803.jpg
3427,/nas-ctm01/datasets/public/AFHQ/resized/train/wild/flickr_wild_003804.jpg,flickr_wild_003804.jpg
3428,/nas-ctm01/datasets/public/AFHQ/resized/train/wild/flickr_wild_003805.jpg,flickr_wild_003805.jpg
3429,/nas-ctm01/datasets/public/AFHQ/resized/train/wild/flickr_wild_003806.jpg,flickr_wild_003806.jpg
3430,/nas-ctm01/datasets/public/AFHQ/resized/train/wild/flickr_wild_003807.jpg,flickr_wild_003807.jpg
3431,/nas-ctm01/datasets/public/AFHQ/resized/train/wild/flickr_wild_003809.jpg,flickr_wild_003809.jpg
3432,/nas-ctm01/datasets/public/AFHQ/resized/train/wild/flickr_wild_003810.jpg,flickr_wild_003810.jpg
3433,/nas-ctm01/datasets/public/AFHQ/resized/train/wild/flickr_wild_003811.jpg,flickr_wild_003811.jpg
3434,/nas-ctm01/datasets/public/AFHQ/resized/train/wild/flickr_wild_003812.jpg,flickr_wild_003812.jpg
3435,/nas-ctm01/datasets/public/AFHQ/resized/train/wild/flickr_wild_003813.jpg,flickr_wild_003813.jpg
3436,/nas-ctm01/datasets/public/AFHQ/resized/train/wild/flickr_wild_003814.jpg,flickr_wild_003814.jpg
3437,/nas-ctm01/datasets/public/AFHQ/resized/train/wild/flickr_wild_003815.jpg,flickr_wild_003815.jpg
3438,/nas-ctm01/datasets/public/AFHQ/resized/train/wild/flickr_wild_003816.jpg,flickr_wild_003816.jpg
3439,/nas-ctm01/datasets/public/AFHQ/resized/train/wild/flickr_wild_003818.jpg,flickr_wild_003818.jpg
3440,/nas-ctm01/datasets/public/AFHQ/resized/train/wild/flickr_wild_003819.jpg,flickr_wild_003819.jpg
3441,/nas-ctm01/datasets/public/AFHQ/resized/train/wild/flickr_wild_003820.jpg,flickr_wild_003820.jpg
3442,/nas-ctm01/datasets/public/AFHQ/resized/train/wild/flickr_wild_003821.jpg,flickr_wild_003821.jpg
3443,/nas-ctm01/datasets/public/AFHQ/resized/train/wild/flickr_wild_003822.jpg,flickr_wild_003822.jpg
3444,/nas-ctm01/datasets/public/AFHQ/resized/train/wild/flickr_wild_003824.jpg,flickr_wild_003824.jpg
3445,/nas-ctm01/datasets/public/AFHQ/resized/train/wild/flickr_wild_003825.jpg,flickr_wild_003825.jpg
3446,/nas-ctm01/datasets/public/AFHQ/resized/train/wild/flickr_wild_003826.jpg,flickr_wild_003826.jpg
3447,/nas-ctm01/datasets/public/AFHQ/resized/train/wild/flickr_wild_003828.jpg,flickr_wild_003828.jpg
3448,/nas-ctm01/datasets/public/AFHQ/resized/train/wild/flickr_wild_003829.jpg,flickr_wild_003829.jpg
3449,/nas-ctm01/datasets/public/AFHQ/resized/train/wild/flickr_wild_003830.jpg,flickr_wild_003830.jpg
3450,/nas-ctm01/datasets/public/AFHQ/resized/train/wild/flickr_wild_003832.jpg,flickr_wild_003832.jpg
3451,/nas-ctm01/datasets/public/AFHQ/resized/train/wild/flickr_wild_003833.jpg,flickr_wild_003833.jpg
3452,/nas-ctm01/datasets/public/AFHQ/resized/train/wild/flickr_wild_003834.jpg,flickr_wild_003834.jpg
3453,/nas-ctm01/datasets/public/AFHQ/resized/train/wild/flickr_wild_003835.jpg,flickr_wild_003835.jpg
3454,/nas-ctm01/datasets/public/AFHQ/resized/train/wild/flickr_wild_003836.jpg,flickr_wild_003836.jpg
3455,/nas-ctm01/datasets/public/AFHQ/resized/train/wild/flickr_wild_003837.jpg,flickr_wild_003837.jpg
3456,/nas-ctm01/datasets/public/AFHQ/resized/train/wild/flickr_wild_003838.jpg,flickr_wild_003838.jpg
3457,/nas-ctm01/datasets/public/AFHQ/resized/train/wild/flickr_wild_003839.jpg,flickr_wild_003839.jpg
3458,/nas-ctm01/datasets/public/AFHQ/resized/train/wild/flickr_wild_003841.jpg,flickr_wild_003841.jpg
3459,/nas-ctm01/datasets/public/AFHQ/resized/train/wild/flickr_wild_003843.jpg,flickr_wild_003843.jpg
3460,/nas-ctm01/datasets/public/AFHQ/resized/train/wild/flickr_wild_003844.jpg,flickr_wild_003844.jpg
3461,/nas-ctm01/datasets/public/AFHQ/resized/train/wild/flickr_wild_003845.jpg,flickr_wild_003845.jpg
3462,/nas-ctm01/datasets/public/AFHQ/resized/train/wild/flickr_wild_003846.jpg,flickr_wild_003846.jpg
3463,/nas-ctm01/datasets/public/AFHQ/resized/train/wild/flickr_wild_003847.jpg,flickr_wild_003847.jpg
3464,/nas-ctm01/datasets/public/AFHQ/resized/train/wild/flickr_wild_003848.jpg,flickr_wild_003848.jpg
3465,/nas-ctm01/datasets/public/AFHQ/resized/train/wild/flickr_wild_003850.jpg,flickr_wild_003850.jpg
3466,/nas-ctm01/datasets/public/AFHQ/resized/train/wild/flickr_wild_003851.jpg,flickr_wild_003851.jpg
3467,/nas-ctm01/datasets/public/AFHQ/resized/train/wild/flickr_wild_003852.jpg,flickr_wild_003852.jpg
3468,/nas-ctm01/datasets/public/AFHQ/resized/train/wild/flickr_wild_003853.jpg,flickr_wild_003853.jpg
3469,/nas-ctm01/datasets/public/AFHQ/resized/train/wild/flickr_wild_003855.jpg,flickr_wild_003855.jpg
3470,/nas-ctm01/datasets/public/AFHQ/resized/train/wild/flickr_wild_003856.jpg,flickr_wild_003856.jpg
3471,/nas-ctm01/datasets/public/AFHQ/resized/train/wild/flickr_wild_003857.jpg,flickr_wild_003857.jpg
3472,/nas-ctm01/datasets/public/AFHQ/resized/train/wild/flickr_wild_003858.jpg,flickr_wild_003858.jpg
3473,/nas-ctm01/datasets/public/AFHQ/resized/train/wild/flickr_wild_003859.jpg,flickr_wild_003859.jpg
3474,/nas-ctm01/datasets/public/AFHQ/resized/train/wild/flickr_wild_003860.jpg,flickr_wild_003860.jpg
3475,/nas-ctm01/datasets/public/AFHQ/resized/train/wild/flickr_wild_003861.jpg,flickr_wild_003861.jpg
3476,/nas-ctm01/datasets/public/AFHQ/resized/train/wild/flickr_wild_003862.jpg,flickr_wild_003862.jpg
3477,/nas-ctm01/datasets/public/AFHQ/resized/train/wild/flickr_wild_003863.jpg,flickr_wild_003863.jpg
3478,/nas-ctm01/datasets/public/AFHQ/resized/train/wild/flickr_wild_003864.jpg,flickr_wild_003864.jpg
3479,/nas-ctm01/datasets/public/AFHQ/resized/train/wild/flickr_wild_003865.jpg,flickr_wild_003865.jpg
3480,/nas-ctm01/datasets/public/AFHQ/resized/train/wild/flickr_wild_003866.jpg,flickr_wild_003866.jpg
3481,/nas-ctm01/datasets/public/AFHQ/resized/train/wild/flickr_wild_003867.jpg,flickr_wild_003867.jpg
3482,/nas-ctm01/datasets/public/AFHQ/resized/train/wild/flickr_wild_003868.jpg,flickr_wild_003868.jpg
3483,/nas-ctm01/datasets/public/AFHQ/resized/train/wild/flickr_wild_003869.jpg,flickr_wild_003869.jpg
3484,/nas-ctm01/datasets/public/AFHQ/resized/train/wild/flickr_wild_003870.jpg,flickr_wild_003870.jpg
3485,/nas-ctm01/datasets/public/AFHQ/resized/train/wild/flickr_wild_003871.jpg,flickr_wild_003871.jpg
3486,/nas-ctm01/datasets/public/AFHQ/resized/train/wild/flickr_wild_003872.jpg,flickr_wild_003872.jpg
3487,/nas-ctm01/datasets/public/AFHQ/resized/train/wild/flickr_wild_003873.jpg,flickr_wild_003873.jpg
3488,/nas-ctm01/datasets/public/AFHQ/resized/train/wild/flickr_wild_003874.jpg,flickr_wild_003874.jpg
3489,/nas-ctm01/datasets/public/AFHQ/resized/train/wild/flickr_wild_003875.jpg,flickr_wild_003875.jpg
3490,/nas-ctm01/datasets/public/AFHQ/resized/train/wild/flickr_wild_003876.jpg,flickr_wild_003876.jpg
3491,/nas-ctm01/datasets/public/AFHQ/resized/train/wild/flickr_wild_003877.jpg,flickr_wild_003877.jpg
3492,/nas-ctm01/datasets/public/AFHQ/resized/train/wild/flickr_wild_003878.jpg,flickr_wild_003878.jpg
3493,/nas-ctm01/datasets/public/AFHQ/resized/train/wild/flickr_wild_003879.jpg,flickr_wild_003879.jpg
3494,/nas-ctm01/datasets/public/AFHQ/resized/train/wild/flickr_wild_003880.jpg,flickr_wild_003880.jpg
3495,/nas-ctm01/datasets/public/AFHQ/resized/train/wild/flickr_wild_003881.jpg,flickr_wild_003881.jpg
3496,/nas-ctm01/datasets/public/AFHQ/resized/train/wild/flickr_wild_003883.jpg,flickr_wild_003883.jpg
3497,/nas-ctm01/datasets/public/AFHQ/resized/train/wild/flickr_wild_003884.jpg,flickr_wild_003884.jpg
3498,/nas-ctm01/datasets/public/AFHQ/resized/train/wild/flickr_wild_003885.jpg,flickr_wild_003885.jpg
3499,/nas-ctm01/datasets/public/AFHQ/resized/train/wild/flickr_wild_003886.jpg,flickr_wild_003886.jpg
3500,/nas-ctm01/datasets/public/AFHQ/resized/train/wild/flickr_wild_003887.jpg,flickr_wild_003887.jpg
3501,/nas-ctm01/datasets/public/AFHQ/resized/train/wild/flickr_wild_003888.jpg,flickr_wild_003888.jpg
3502,/nas-ctm01/datasets/public/AFHQ/resized/train/wild/flickr_wild_003889.jpg,flickr_wild_003889.jpg
3503,/nas-ctm01/datasets/public/AFHQ/resized/train/wild/flickr_wild_003890.jpg,flickr_wild_003890.jpg
3504,/nas-ctm01/datasets/public/AFHQ/resized/train/wild/flickr_wild_003891.jpg,flickr_wild_003891.jpg
3505,/nas-ctm01/datasets/public/AFHQ/resized/train/wild/flickr_wild_003892.jpg,flickr_wild_003892.jpg
3506,/nas-ctm01/datasets/public/AFHQ/resized/train/wild/flickr_wild_003893.jpg,flickr_wild_003893.jpg
3507,/nas-ctm01/datasets/public/AFHQ/resized/train/wild/flickr_wild_003894.jpg,flickr_wild_003894.jpg
3508,/nas-ctm01/datasets/public/AFHQ/resized/train/wild/flickr_wild_003895.jpg,flickr_wild_003895.jpg
3509,/nas-ctm01/datasets/public/AFHQ/resized/train/wild/flickr_wild_003896.jpg,flickr_wild_003896.jpg
3510,/nas-ctm01/datasets/public/AFHQ/resized/train/wild/flickr_wild_003897.jpg,flickr_wild_003897.jpg
3511,/nas-ctm01/datasets/public/AFHQ/resized/train/wild/flickr_wild_003898.jpg,flickr_wild_003898.jpg
3512,/nas-ctm01/datasets/public/AFHQ/resized/train/wild/flickr_wild_003899.jpg,flickr_wild_003899.jpg
3513,/nas-ctm01/datasets/public/AFHQ/resized/train/wild/flickr_wild_003900.jpg,flickr_wild_003900.jpg
3514,/nas-ctm01/datasets/public/AFHQ/resized/train/wild/flickr_wild_003901.jpg,flickr_wild_003901.jpg
3515,/nas-ctm01/datasets/public/AFHQ/resized/train/wild/flickr_wild_003902.jpg,flickr_wild_003902.jpg
3516,/nas-ctm01/datasets/public/AFHQ/resized/train/wild/flickr_wild_003903.jpg,flickr_wild_003903.jpg
3517,/nas-ctm01/datasets/public/AFHQ/resized/train/wild/flickr_wild_003904.jpg,flickr_wild_003904.jpg
3518,/nas-ctm01/datasets/public/AFHQ/resized/train/wild/flickr_wild_003905.jpg,flickr_wild_003905.jpg
3519,/nas-ctm01/datasets/public/AFHQ/resized/train/wild/flickr_wild_003906.jpg,flickr_wild_003906.jpg
3520,/nas-ctm01/datasets/public/AFHQ/resized/train/wild/flickr_wild_003907.jpg,flickr_wild_003907.jpg
3521,/nas-ctm01/datasets/public/AFHQ/resized/train/wild/flickr_wild_003908.jpg,flickr_wild_003908.jpg
3522,/nas-ctm01/datasets/public/AFHQ/resized/train/wild/flickr_wild_003909.jpg,flickr_wild_003909.jpg
3523,/nas-ctm01/datasets/public/AFHQ/resized/train/wild/flickr_wild_003910.jpg,flickr_wild_003910.jpg
3524,/nas-ctm01/datasets/public/AFHQ/resized/train/wild/flickr_wild_003911.jpg,flickr_wild_003911.jpg
3525,/nas-ctm01/datasets/public/AFHQ/resized/train/wild/flickr_wild_003912.jpg,flickr_wild_003912.jpg
3526,/nas-ctm01/datasets/public/AFHQ/resized/train/wild/flickr_wild_003913.jpg,flickr_wild_003913.jpg
3527,/nas-ctm01/datasets/public/AFHQ/resized/train/wild/flickr_wild_003914.jpg,flickr_wild_003914.jpg
3528,/nas-ctm01/datasets/public/AFHQ/resized/train/wild/flickr_wild_003915.jpg,flickr_wild_003915.jpg
3529,/nas-ctm01/datasets/public/AFHQ/resized/train/wild/flickr_wild_003916.jpg,flickr_wild_003916.jpg
3530,/nas-ctm01/datasets/public/AFHQ/resized/train/wild/flickr_wild_003917.jpg,flickr_wild_003917.jpg
3531,/nas-ctm01/datasets/public/AFHQ/resized/train/wild/flickr_wild_003919.jpg,flickr_wild_003919.jpg
3532,/nas-ctm01/datasets/public/AFHQ/resized/train/wild/flickr_wild_003920.jpg,flickr_wild_003920.jpg
3533,/nas-ctm01/datasets/public/AFHQ/resized/train/wild/flickr_wild_003921.jpg,flickr_wild_003921.jpg
3534,/nas-ctm01/datasets/public/AFHQ/resized/train/wild/flickr_wild_003922.jpg,flickr_wild_003922.jpg
3535,/nas-ctm01/datasets/public/AFHQ/resized/train/wild/flickr_wild_003923.jpg,flickr_wild_003923.jpg
3536,/nas-ctm01/datasets/public/AFHQ/resized/train/wild/flickr_wild_003925.jpg,flickr_wild_003925.jpg
3537,/nas-ctm01/datasets/public/AFHQ/resized/train/wild/flickr_wild_003926.jpg,flickr_wild_003926.jpg
3538,/nas-ctm01/datasets/public/AFHQ/resized/train/wild/flickr_wild_003928.jpg,flickr_wild_003928.jpg
3539,/nas-ctm01/datasets/public/AFHQ/resized/train/wild/flickr_wild_003929.jpg,flickr_wild_003929.jpg
3540,/nas-ctm01/datasets/public/AFHQ/resized/train/wild/flickr_wild_003930.jpg,flickr_wild_003930.jpg
3541,/nas-ctm01/datasets/public/AFHQ/resized/train/wild/flickr_wild_003931.jpg,flickr_wild_003931.jpg
3542,/nas-ctm01/datasets/public/AFHQ/resized/train/wild/flickr_wild_003932.jpg,flickr_wild_003932.jpg
3543,/nas-ctm01/datasets/public/AFHQ/resized/train/wild/flickr_wild_003933.jpg,flickr_wild_003933.jpg
3544,/nas-ctm01/datasets/public/AFHQ/resized/train/wild/flickr_wild_003934.jpg,flickr_wild_003934.jpg
3545,/nas-ctm01/datasets/public/AFHQ/resized/train/wild/flickr_wild_003935.jpg,flickr_wild_003935.jpg
3546,/nas-ctm01/datasets/public/AFHQ/resized/train/wild/flickr_wild_003936.jpg,flickr_wild_003936.jpg
3547,/nas-ctm01/datasets/public/AFHQ/resized/train/wild/flickr_wild_003937.jpg,flickr_wild_003937.jpg
3548,/nas-ctm01/datasets/public/AFHQ/resized/train/wild/flickr_wild_003938.jpg,flickr_wild_003938.jpg
3549,/nas-ctm01/datasets/public/AFHQ/resized/train/wild/flickr_wild_003939.jpg,flickr_wild_003939.jpg
3550,/nas-ctm01/datasets/public/AFHQ/resized/train/wild/flickr_wild_003940.jpg,flickr_wild_003940.jpg
3551,/nas-ctm01/datasets/public/AFHQ/resized/train/wild/flickr_wild_003941.jpg,flickr_wild_003941.jpg
3552,/nas-ctm01/datasets/public/AFHQ/resized/train/wild/flickr_wild_003942.jpg,flickr_wild_003942.jpg
3553,/nas-ctm01/datasets/public/AFHQ/resized/train/wild/flickr_wild_003944.jpg,flickr_wild_003944.jpg
3554,/nas-ctm01/datasets/public/AFHQ/resized/train/wild/flickr_wild_003945.jpg,flickr_wild_003945.jpg
3555,/nas-ctm01/datasets/public/AFHQ/resized/train/wild/flickr_wild_003946.jpg,flickr_wild_003946.jpg
3556,/nas-ctm01/datasets/public/AFHQ/resized/train/wild/flickr_wild_003948.jpg,flickr_wild_003948.jpg
3557,/nas-ctm01/datasets/public/AFHQ/resized/train/wild/flickr_wild_003949.jpg,flickr_wild_003949.jpg
3558,/nas-ctm01/datasets/public/AFHQ/resized/train/wild/flickr_wild_003950.jpg,flickr_wild_003950.jpg
3559,/nas-ctm01/datasets/public/AFHQ/resized/train/wild/flickr_wild_003951.jpg,flickr_wild_003951.jpg
3560,/nas-ctm01/datasets/public/AFHQ/resized/train/wild/flickr_wild_003952.jpg,flickr_wild_003952.jpg
3561,/nas-ctm01/datasets/public/AFHQ/resized/train/wild/flickr_wild_003953.jpg,flickr_wild_003953.jpg
3562,/nas-ctm01/datasets/public/AFHQ/resized/train/wild/flickr_wild_003954.jpg,flickr_wild_003954.jpg
3563,/nas-ctm01/datasets/public/AFHQ/resized/train/wild/flickr_wild_003955.jpg,flickr_wild_003955.jpg
3564,/nas-ctm01/datasets/public/AFHQ/resized/train/wild/flickr_wild_003956.jpg,flickr_wild_003956.jpg
3565,/nas-ctm01/datasets/public/AFHQ/resized/train/wild/flickr_wild_003957.jpg,flickr_wild_003957.jpg
3566,/nas-ctm01/datasets/public/AFHQ/resized/train/wild/flickr_wild_003958.jpg,flickr_wild_003958.jpg
3567,/nas-ctm01/datasets/public/AFHQ/resized/train/wild/flickr_wild_003959.jpg,flickr_wild_003959.jpg
3568,/nas-ctm01/datasets/public/AFHQ/resized/train/wild/flickr_wild_003960.jpg,flickr_wild_003960.jpg
3569,/nas-ctm01/datasets/public/AFHQ/resized/train/wild/flickr_wild_003961.jpg,flickr_wild_003961.jpg
3570,/nas-ctm01/datasets/public/AFHQ/resized/train/wild/flickr_wild_003962.jpg,flickr_wild_003962.jpg
3571,/nas-ctm01/datasets/public/AFHQ/resized/train/wild/flickr_wild_003964.jpg,flickr_wild_003964.jpg
3572,/nas-ctm01/datasets/public/AFHQ/resized/train/wild/flickr_wild_003965.jpg,flickr_wild_003965.jpg
3573,/nas-ctm01/datasets/public/AFHQ/resized/train/wild/flickr_wild_003966.jpg,flickr_wild_003966.jpg
3574,/nas-ctm01/datasets/public/AFHQ/resized/train/wild/flickr_wild_003967.jpg,flickr_wild_003967.jpg
3575,/nas-ctm01/datasets/public/AFHQ/resized/train/wild/flickr_wild_003968.jpg,flickr_wild_003968.jpg
3576,/nas-ctm01/datasets/public/AFHQ/resized/train/wild/flickr_wild_003971.jpg,flickr_wild_003971.jpg
3577,/nas-ctm01/datasets/public/AFHQ/resized/train/wild/flickr_wild_003972.jpg,flickr_wild_003972.jpg
3578,/nas-ctm01/datasets/public/AFHQ/resized/train/wild/flickr_wild_003973.jpg,flickr_wild_003973.jpg
3579,/nas-ctm01/datasets/public/AFHQ/resized/train/wild/flickr_wild_003974.jpg,flickr_wild_003974.jpg
3580,/nas-ctm01/datasets/public/AFHQ/resized/train/wild/flickr_wild_003975.jpg,flickr_wild_003975.jpg
3581,/nas-ctm01/datasets/public/AFHQ/resized/train/wild/flickr_wild_003976.jpg,flickr_wild_003976.jpg
3582,/nas-ctm01/datasets/public/AFHQ/resized/train/wild/flickr_wild_003977.jpg,flickr_wild_003977.jpg
3583,/nas-ctm01/datasets/public/AFHQ/resized/train/wild/flickr_wild_003978.jpg,flickr_wild_003978.jpg
3584,/nas-ctm01/datasets/public/AFHQ/resized/train/wild/flickr_wild_003979.jpg,flickr_wild_003979.jpg
3585,/nas-ctm01/datasets/public/AFHQ/resized/train/wild/flickr_wild_003980.jpg,flickr_wild_003980.jpg
3586,/nas-ctm01/datasets/public/AFHQ/resized/train/wild/flickr_wild_003982.jpg,flickr_wild_003982.jpg
3587,/nas-ctm01/datasets/public/AFHQ/resized/train/wild/flickr_wild_003983.jpg,flickr_wild_003983.jpg
3588,/nas-ctm01/datasets/public/AFHQ/resized/train/wild/flickr_wild_003984.jpg,flickr_wild_003984.jpg
3589,/nas-ctm01/datasets/public/AFHQ/resized/train/wild/flickr_wild_003985.jpg,flickr_wild_003985.jpg
3590,/nas-ctm01/datasets/public/AFHQ/resized/train/wild/flickr_wild_003986.jpg,flickr_wild_003986.jpg
3591,/nas-ctm01/datasets/public/AFHQ/resized/train/wild/flickr_wild_003987.jpg,flickr_wild_003987.jpg
3592,/nas-ctm01/datasets/public/AFHQ/resized/train/wild/pixabay_wild_000002.jpg,pixabay_wild_000002.jpg
3593,/nas-ctm01/datasets/public/AFHQ/resized/train/wild/pixabay_wild_000003.jpg,pixabay_wild_000003.jpg
3594,/nas-ctm01/datasets/public/AFHQ/resized/train/wild/pixabay_wild_000004.jpg,pixabay_wild_000004.jpg
3595,/nas-ctm01/datasets/public/AFHQ/resized/train/wild/pixabay_wild_000005.jpg,pixabay_wild_000005.jpg
3596,/nas-ctm01/datasets/public/AFHQ/resized/train/wild/pixabay_wild_000006.jpg,pixabay_wild_000006.jpg
3597,/nas-ctm01/datasets/public/AFHQ/resized/train/wild/pixabay_wild_000007.jpg,pixabay_wild_000007.jpg
3598,/nas-ctm01/datasets/public/AFHQ/resized/train/wild/pixabay_wild_000008.jpg,pixabay_wild_000008.jpg
3599,/nas-ctm01/datasets/public/AFHQ/resized/train/wild/pixabay_wild_000009.jpg,pixabay_wild_000009.jpg
3600,/nas-ctm01/datasets/public/AFHQ/resized/train/wild/pixabay_wild_000010.jpg,pixabay_wild_000010.jpg
3601,/nas-ctm01/datasets/public/AFHQ/resized/train/wild/pixabay_wild_000011.jpg,pixabay_wild_000011.jpg
3602,/nas-ctm01/datasets/public/AFHQ/resized/train/wild/pixabay_wild_000012.jpg,pixabay_wild_000012.jpg
3603,/nas-ctm01/datasets/public/AFHQ/resized/train/wild/pixabay_wild_000013.jpg,pixabay_wild_000013.jpg
3604,/nas-ctm01/datasets/public/AFHQ/resized/train/wild/pixabay_wild_000014.jpg,pixabay_wild_000014.jpg
3605,/nas-ctm01/datasets/public/AFHQ/resized/train/wild/pixabay_wild_000015.jpg,pixabay_wild_000015.jpg
3606,/nas-ctm01/datasets/public/AFHQ/resized/train/wild/pixabay_wild_000016.jpg,pixabay_wild_000016.jpg
3607,/nas-ctm01/datasets/public/AFHQ/resized/train/wild/pixabay_wild_000018.jpg,pixabay_wild_000018.jpg
3608,/nas-ctm01/datasets/public/AFHQ/resized/train/wild/pixabay_wild_000019.jpg,pixabay_wild_000019.jpg
3609,/nas-ctm01/datasets/public/AFHQ/resized/train/wild/pixabay_wild_000020.jpg,pixabay_wild_000020.jpg
3610,/nas-ctm01/datasets/public/AFHQ/resized/train/wild/pixabay_wild_000021.jpg,pixabay_wild_000021.jpg
3611,/nas-ctm01/datasets/public/AFHQ/resized/train/wild/pixabay_wild_000023.jpg,pixabay_wild_000023.jpg
3612,/nas-ctm01/datasets/public/AFHQ/resized/train/wild/pixabay_wild_000024.jpg,pixabay_wild_000024.jpg
3613,/nas-ctm01/datasets/public/AFHQ/resized/train/wild/pixabay_wild_000026.jpg,pixabay_wild_000026.jpg
3614,/nas-ctm01/datasets/public/AFHQ/resized/train/wild/pixabay_wild_000027.jpg,pixabay_wild_000027.jpg
3615,/nas-ctm01/datasets/public/AFHQ/resized/train/wild/pixabay_wild_000028.jpg,pixabay_wild_000028.jpg
3616,/nas-ctm01/datasets/public/AFHQ/resized/train/wild/pixabay_wild_000029.jpg,pixabay_wild_000029.jpg
3617,/nas-ctm01/datasets/public/AFHQ/resized/train/wild/pixabay_wild_000030.jpg,pixabay_wild_000030.jpg
3618,/nas-ctm01/datasets/public/AFHQ/resized/train/wild/pixabay_wild_000031.jpg,pixabay_wild_000031.jpg
3619,/nas-ctm01/datasets/public/AFHQ/resized/train/wild/pixabay_wild_000032.jpg,pixabay_wild_000032.jpg
3620,/nas-ctm01/datasets/public/AFHQ/resized/train/wild/pixabay_wild_000033.jpg,pixabay_wild_000033.jpg
3621,/nas-ctm01/datasets/public/AFHQ/resized/train/wild/pixabay_wild_000035.jpg,pixabay_wild_000035.jpg
3622,/nas-ctm01/datasets/public/AFHQ/resized/train/wild/pixabay_wild_000036.jpg,pixabay_wild_000036.jpg
3623,/nas-ctm01/datasets/public/AFHQ/resized/train/wild/pixabay_wild_000037.jpg,pixabay_wild_000037.jpg
3624,/nas-ctm01/datasets/public/AFHQ/resized/train/wild/pixabay_wild_000038.jpg,pixabay_wild_000038.jpg
3625,/nas-ctm01/datasets/public/AFHQ/resized/train/wild/pixabay_wild_000039.jpg,pixabay_wild_000039.jpg
3626,/nas-ctm01/datasets/public/AFHQ/resized/train/wild/pixabay_wild_000040.jpg,pixabay_wild_000040.jpg
3627,/nas-ctm01/datasets/public/AFHQ/resized/train/wild/pixabay_wild_000041.jpg,pixabay_wild_000041.jpg
3628,/nas-ctm01/datasets/public/AFHQ/resized/train/wild/pixabay_wild_000042.jpg,pixabay_wild_000042.jpg
3629,/nas-ctm01/datasets/public/AFHQ/resized/train/wild/pixabay_wild_000043.jpg,pixabay_wild_000043.jpg
3630,/nas-ctm01/datasets/public/AFHQ/resized/train/wild/pixabay_wild_000044.jpg,pixabay_wild_000044.jpg
3631,/nas-ctm01/datasets/public/AFHQ/resized/train/wild/pixabay_wild_000045.jpg,pixabay_wild_000045.jpg
3632,/nas-ctm01/datasets/public/AFHQ/resized/train/wild/pixabay_wild_000048.jpg,pixabay_wild_000048.jpg
3633,/nas-ctm01/datasets/public/AFHQ/resized/train/wild/pixabay_wild_000049.jpg,pixabay_wild_000049.jpg
3634,/nas-ctm01/datasets/public/AFHQ/resized/train/wild/pixabay_wild_000050.jpg,pixabay_wild_000050.jpg
3635,/nas-ctm01/datasets/public/AFHQ/resized/train/wild/pixabay_wild_000051.jpg,pixabay_wild_000051.jpg
3636,/nas-ctm01/datasets/public/AFHQ/resized/train/wild/pixabay_wild_000052.jpg,pixabay_wild_000052.jpg
3637,/nas-ctm01/datasets/public/AFHQ/resized/train/wild/pixabay_wild_000053.jpg,pixabay_wild_000053.jpg
3638,/nas-ctm01/datasets/public/AFHQ/resized/train/wild/pixabay_wild_000054.jpg,pixabay_wild_000054.jpg
3639,/nas-ctm01/datasets/public/AFHQ/resized/train/wild/pixabay_wild_000055.jpg,pixabay_wild_000055.jpg
3640,/nas-ctm01/datasets/public/AFHQ/resized/train/wild/pixabay_wild_000056.jpg,pixabay_wild_000056.jpg
3641,/nas-ctm01/datasets/public/AFHQ/resized/train/wild/pixabay_wild_000057.jpg,pixabay_wild_000057.jpg
3642,/nas-ctm01/datasets/public/AFHQ/resized/train/wild/pixabay_wild_000058.jpg,pixabay_wild_000058.jpg
3643,/nas-ctm01/datasets/public/AFHQ/resized/train/wild/pixabay_wild_000059.jpg,pixabay_wild_000059.jpg
3644,/nas-ctm01/datasets/public/AFHQ/resized/train/wild/pixabay_wild_000060.jpg,pixabay_wild_000060.jpg
3645,/nas-ctm01/datasets/public/AFHQ/resized/train/wild/pixabay_wild_000061.jpg,pixabay_wild_000061.jpg
3646,/nas-ctm01/datasets/public/AFHQ/resized/train/wild/pixabay_wild_000062.jpg,pixabay_wild_000062.jpg
3647,/nas-ctm01/datasets/public/AFHQ/resized/train/wild/pixabay_wild_000063.jpg,pixabay_wild_000063.jpg
3648,/nas-ctm01/datasets/public/AFHQ/resized/train/wild/pixabay_wild_000064.jpg,pixabay_wild_000064.jpg
3649,/nas-ctm01/datasets/public/AFHQ/resized/train/wild/pixabay_wild_000065.jpg,pixabay_wild_000065.jpg
3650,/nas-ctm01/datasets/public/AFHQ/resized/train/wild/pixabay_wild_000066.jpg,pixabay_wild_000066.jpg
3651,/nas-ctm01/datasets/public/AFHQ/resized/train/wild/pixabay_wild_000067.jpg,pixabay_wild_000067.jpg
3652,/nas-ctm01/datasets/public/AFHQ/resized/train/wild/pixabay_wild_000068.jpg,pixabay_wild_000068.jpg
3653,/nas-ctm01/datasets/public/AFHQ/resized/train/wild/pixabay_wild_000069.jpg,pixabay_wild_000069.jpg
3654,/nas-ctm01/datasets/public/AFHQ/resized/train/wild/pixabay_wild_000070.jpg,pixabay_wild_000070.jpg
3655,/nas-ctm01/datasets/public/AFHQ/resized/train/wild/pixabay_wild_000071.jpg,pixabay_wild_000071.jpg
3656,/nas-ctm01/datasets/public/AFHQ/resized/train/wild/pixabay_wild_000072.jpg,pixabay_wild_000072.jpg
3657,/nas-ctm01/datasets/public/AFHQ/resized/train/wild/pixabay_wild_000073.jpg,pixabay_wild_000073.jpg
3658,/nas-ctm01/datasets/public/AFHQ/resized/train/wild/pixabay_wild_000074.jpg,pixabay_wild_000074.jpg
3659,/nas-ctm01/datasets/public/AFHQ/resized/train/wild/pixabay_wild_000075.jpg,pixabay_wild_000075.jpg
3660,/nas-ctm01/datasets/public/AFHQ/resized/train/wild/pixabay_wild_000076.jpg,pixabay_wild_000076.jpg
3661,/nas-ctm01/datasets/public/AFHQ/resized/train/wild/pixabay_wild_000077.jpg,pixabay_wild_000077.jpg
3662,/nas-ctm01/datasets/public/AFHQ/resized/train/wild/pixabay_wild_000078.jpg,pixabay_wild_000078.jpg
3663,/nas-ctm01/datasets/public/AFHQ/resized/train/wild/pixabay_wild_000079.jpg,pixabay_wild_000079.jpg
3664,/nas-ctm01/datasets/public/AFHQ/resized/train/wild/pixabay_wild_000080.jpg,pixabay_wild_000080.jpg
3665,/nas-ctm01/datasets/public/AFHQ/resized/train/wild/pixabay_wild_000081.jpg,pixabay_wild_000081.jpg
3666,/nas-ctm01/datasets/public/AFHQ/resized/train/wild/pixabay_wild_000082.jpg,pixabay_wild_000082.jpg
3667,/nas-ctm01/datasets/public/AFHQ/resized/train/wild/pixabay_wild_000083.jpg,pixabay_wild_000083.jpg
3668,/nas-ctm01/datasets/public/AFHQ/resized/train/wild/pixabay_wild_000084.jpg,pixabay_wild_000084.jpg
3669,/nas-ctm01/datasets/public/AFHQ/resized/train/wild/pixabay_wild_000085.jpg,pixabay_wild_000085.jpg
3670,/nas-ctm01/datasets/public/AFHQ/resized/train/wild/pixabay_wild_000086.jpg,pixabay_wild_000086.jpg
3671,/nas-ctm01/datasets/public/AFHQ/resized/train/wild/pixabay_wild_000087.jpg,pixabay_wild_000087.jpg
3672,/nas-ctm01/datasets/public/AFHQ/resized/train/wild/pixabay_wild_000088.jpg,pixabay_wild_000088.jpg
3673,/nas-ctm01/datasets/public/AFHQ/resized/train/wild/pixabay_wild_000089.jpg,pixabay_wild_000089.jpg
3674,/nas-ctm01/datasets/public/AFHQ/resized/train/wild/pixabay_wild_000090.jpg,pixabay_wild_000090.jpg
3675,/nas-ctm01/datasets/public/AFHQ/resized/train/wild/pixabay_wild_000091.jpg,pixabay_wild_000091.jpg
3676,/nas-ctm01/datasets/public/AFHQ/resized/train/wild/pixabay_wild_000092.jpg,pixabay_wild_000092.jpg
3677,/nas-ctm01/datasets/public/AFHQ/resized/train/wild/pixabay_wild_000093.jpg,pixabay_wild_000093.jpg
3678,/nas-ctm01/datasets/public/AFHQ/resized/train/wild/pixabay_wild_000094.jpg,pixabay_wild_000094.jpg
3679,/nas-ctm01/datasets/public/AFHQ/resized/train/wild/pixabay_wild_000095.jpg,pixabay_wild_000095.jpg
3680,/nas-ctm01/datasets/public/AFHQ/resized/train/wild/pixabay_wild_000096.jpg,pixabay_wild_000096.jpg
3681,/nas-ctm01/datasets/public/AFHQ/resized/train/wild/pixabay_wild_000097.jpg,pixabay_wild_000097.jpg
3682,/nas-ctm01/datasets/public/AFHQ/resized/train/wild/pixabay_wild_000098.jpg,pixabay_wild_000098.jpg
3683,/nas-ctm01/datasets/public/AFHQ/resized/train/wild/pixabay_wild_000099.jpg,pixabay_wild_000099.jpg
3684,/nas-ctm01/datasets/public/AFHQ/resized/train/wild/pixabay_wild_000100.jpg,pixabay_wild_000100.jpg
3685,/nas-ctm01/datasets/public/AFHQ/resized/train/wild/pixabay_wild_000101.jpg,pixabay_wild_000101.jpg
3686,/nas-ctm01/datasets/public/AFHQ/resized/train/wild/pixabay_wild_000102.jpg,pixabay_wild_000102.jpg
3687,/nas-ctm01/datasets/public/AFHQ/resized/train/wild/pixabay_wild_000103.jpg,pixabay_wild_000103.jpg
3688,/nas-ctm01/datasets/public/AFHQ/resized/train/wild/pixabay_wild_000104.jpg,pixabay_wild_000104.jpg
3689,/nas-ctm01/datasets/public/AFHQ/resized/train/wild/pixabay_wild_000107.jpg,pixabay_wild_000107.jpg
3690,/nas-ctm01/datasets/public/AFHQ/resized/train/wild/pixabay_wild_000108.jpg,pixabay_wild_000108.jpg
3691,/nas-ctm01/datasets/public/AFHQ/resized/train/wild/pixabay_wild_000109.jpg,pixabay_wild_000109.jpg
3692,/nas-ctm01/datasets/public/AFHQ/resized/train/wild/pixabay_wild_000110.jpg,pixabay_wild_000110.jpg
3693,/nas-ctm01/datasets/public/AFHQ/resized/train/wild/pixabay_wild_000111.jpg,pixabay_wild_000111.jpg
3694,/nas-ctm01/datasets/public/AFHQ/resized/train/wild/pixabay_wild_000112.jpg,pixabay_wild_000112.jpg
3695,/nas-ctm01/datasets/public/AFHQ/resized/train/wild/pixabay_wild_000113.jpg,pixabay_wild_000113.jpg
3696,/nas-ctm01/datasets/public/AFHQ/resized/train/wild/pixabay_wild_000114.jpg,pixabay_wild_000114.jpg
3697,/nas-ctm01/datasets/public/AFHQ/resized/train/wild/pixabay_wild_000115.jpg,pixabay_wild_000115.jpg
3698,/nas-ctm01/datasets/public/AFHQ/resized/train/wild/pixabay_wild_000116.jpg,pixabay_wild_000116.jpg
3699,/nas-ctm01/datasets/public/AFHQ/resized/train/wild/pixabay_wild_000117.jpg,pixabay_wild_000117.jpg
3700,/nas-ctm01/datasets/public/AFHQ/resized/train/wild/pixabay_wild_000118.jpg,pixabay_wild_000118.jpg
3701,/nas-ctm01/datasets/public/AFHQ/resized/train/wild/pixabay_wild_000119.jpg,pixabay_wild_000119.jpg
3702,/nas-ctm01/datasets/public/AFHQ/resized/train/wild/pixabay_wild_000120.jpg,pixabay_wild_000120.jpg
3703,/nas-ctm01/datasets/public/AFHQ/resized/train/wild/pixabay_wild_000121.jpg,pixabay_wild_000121.jpg
3704,/nas-ctm01/datasets/public/AFHQ/resized/train/wild/pixabay_wild_000122.jpg,pixabay_wild_000122.jpg
3705,/nas-ctm01/datasets/public/AFHQ/resized/train/wild/pixabay_wild_000123.jpg,pixabay_wild_000123.jpg
3706,/nas-ctm01/datasets/public/AFHQ/resized/train/wild/pixabay_wild_000124.jpg,pixabay_wild_000124.jpg
3707,/nas-ctm01/datasets/public/AFHQ/resized/train/wild/pixabay_wild_000125.jpg,pixabay_wild_000125.jpg
3708,/nas-ctm01/datasets/public/AFHQ/resized/train/wild/pixabay_wild_000126.jpg,pixabay_wild_000126.jpg
3709,/nas-ctm01/datasets/public/AFHQ/resized/train/wild/pixabay_wild_000127.jpg,pixabay_wild_000127.jpg
3710,/nas-ctm01/datasets/public/AFHQ/resized/train/wild/pixabay_wild_000128.jpg,pixabay_wild_000128.jpg
3711,/nas-ctm01/datasets/public/AFHQ/resized/train/wild/pixabay_wild_000129.jpg,pixabay_wild_000129.jpg
3712,/nas-ctm01/datasets/public/AFHQ/resized/train/wild/pixabay_wild_000130.jpg,pixabay_wild_000130.jpg
3713,/nas-ctm01/datasets/public/AFHQ/resized/train/wild/pixabay_wild_000131.jpg,pixabay_wild_000131.jpg
3714,/nas-ctm01/datasets/public/AFHQ/resized/train/wild/pixabay_wild_000132.jpg,pixabay_wild_000132.jpg
3715,/nas-ctm01/datasets/public/AFHQ/resized/train/wild/pixabay_wild_000133.jpg,pixabay_wild_000133.jpg
3716,/nas-ctm01/datasets/public/AFHQ/resized/train/wild/pixabay_wild_000134.jpg,pixabay_wild_000134.jpg
3717,/nas-ctm01/datasets/public/AFHQ/resized/train/wild/pixabay_wild_000135.jpg,pixabay_wild_000135.jpg
3718,/nas-ctm01/datasets/public/AFHQ/resized/train/wild/pixabay_wild_000136.jpg,pixabay_wild_000136.jpg
3719,/nas-ctm01/datasets/public/AFHQ/resized/train/wild/pixabay_wild_000137.jpg,pixabay_wild_000137.jpg
3720,/nas-ctm01/datasets/public/AFHQ/resized/train/wild/pixabay_wild_000138.jpg,pixabay_wild_000138.jpg
3721,/nas-ctm01/datasets/public/AFHQ/resized/train/wild/pixabay_wild_000139.jpg,pixabay_wild_000139.jpg
3722,/nas-ctm01/datasets/public/AFHQ/resized/train/wild/pixabay_wild_000140.jpg,pixabay_wild_000140.jpg
3723,/nas-ctm01/datasets/public/AFHQ/resized/train/wild/pixabay_wild_000141.jpg,pixabay_wild_000141.jpg
3724,/nas-ctm01/datasets/public/AFHQ/resized/train/wild/pixabay_wild_000142.jpg,pixabay_wild_000142.jpg
3725,/nas-ctm01/datasets/public/AFHQ/resized/train/wild/pixabay_wild_000143.jpg,pixabay_wild_000143.jpg
3726,/nas-ctm01/datasets/public/AFHQ/resized/train/wild/pixabay_wild_000144.jpg,pixabay_wild_000144.jpg
3727,/nas-ctm01/datasets/public/AFHQ/resized/train/wild/pixabay_wild_000145.jpg,pixabay_wild_000145.jpg
3728,/nas-ctm01/datasets/public/AFHQ/resized/train/wild/pixabay_wild_000146.jpg,pixabay_wild_000146.jpg
3729,/nas-ctm01/datasets/public/AFHQ/resized/train/wild/pixabay_wild_000147.jpg,pixabay_wild_000147.jpg
3730,/nas-ctm01/datasets/public/AFHQ/resized/train/wild/pixabay_wild_000148.jpg,pixabay_wild_000148.jpg
3731,/nas-ctm01/datasets/public/AFHQ/resized/train/wild/pixabay_wild_000149.jpg,pixabay_wild_000149.jpg
3732,/nas-ctm01/datasets/public/AFHQ/resized/train/wild/pixabay_wild_000150.jpg,pixabay_wild_000150.jpg
3733,/nas-ctm01/datasets/public/AFHQ/resized/train/wild/pixabay_wild_000151.jpg,pixabay_wild_000151.jpg
3734,/nas-ctm01/datasets/public/AFHQ/resized/train/wild/pixabay_wild_000152.jpg,pixabay_wild_000152.jpg
3735,/nas-ctm01/datasets/public/AFHQ/resized/train/wild/pixabay_wild_000153.jpg,pixabay_wild_000153.jpg
3736,/nas-ctm01/datasets/public/AFHQ/resized/train/wild/pixabay_wild_000154.jpg,pixabay_wild_000154.jpg
3737,/nas-ctm01/datasets/public/AFHQ/resized/train/wild/pixabay_wild_000156.jpg,pixabay_wild_000156.jpg
3738,/nas-ctm01/datasets/public/AFHQ/resized/train/wild/pixabay_wild_000157.jpg,pixabay_wild_000157.jpg
3739,/nas-ctm01/datasets/public/AFHQ/resized/train/wild/pixabay_wild_000158.jpg,pixabay_wild_000158.jpg
3740,/nas-ctm01/datasets/public/AFHQ/resized/train/wild/pixabay_wild_000159.jpg,pixabay_wild_000159.jpg
3741,/nas-ctm01/datasets/public/AFHQ/resized/train/wild/pixabay_wild_000160.jpg,pixabay_wild_000160.jpg
3742,/nas-ctm01/datasets/public/AFHQ/resized/train/wild/pixabay_wild_000161.jpg,pixabay_wild_000161.jpg
3743,/nas-ctm01/datasets/public/AFHQ/resized/train/wild/pixabay_wild_000162.jpg,pixabay_wild_000162.jpg
3744,/nas-ctm01/datasets/public/AFHQ/resized/train/wild/pixabay_wild_000163.jpg,pixabay_wild_000163.jpg
3745,/nas-ctm01/datasets/public/AFHQ/resized/train/wild/pixabay_wild_000164.jpg,pixabay_wild_000164.jpg
3746,/nas-ctm01/datasets/public/AFHQ/resized/train/wild/pixabay_wild_000165.jpg,pixabay_wild_000165.jpg
3747,/nas-ctm01/datasets/public/AFHQ/resized/train/wild/pixabay_wild_000166.jpg,pixabay_wild_000166.jpg
3748,/nas-ctm01/datasets/public/AFHQ/resized/train/wild/pixabay_wild_000167.jpg,pixabay_wild_000167.jpg
3749,/nas-ctm01/datasets/public/AFHQ/resized/train/wild/pixabay_wild_000168.jpg,pixabay_wild_000168.jpg
3750,/nas-ctm01/datasets/public/AFHQ/resized/train/wild/pixabay_wild_000169.jpg,pixabay_wild_000169.jpg
3751,/nas-ctm01/datasets/public/AFHQ/resized/train/wild/pixabay_wild_000170.jpg,pixabay_wild_000170.jpg
3752,/nas-ctm01/datasets/public/AFHQ/resized/train/wild/pixabay_wild_000171.jpg,pixabay_wild_000171.jpg
3753,/nas-ctm01/datasets/public/AFHQ/resized/train/wild/pixabay_wild_000172.jpg,pixabay_wild_000172.jpg
3754,/nas-ctm01/datasets/public/AFHQ/resized/train/wild/pixabay_wild_000173.jpg,pixabay_wild_000173.jpg
3755,/nas-ctm01/datasets/public/AFHQ/resized/train/wild/pixabay_wild_000174.jpg,pixabay_wild_000174.jpg
3756,/nas-ctm01/datasets/public/AFHQ/resized/train/wild/pixabay_wild_000175.jpg,pixabay_wild_000175.jpg
3757,/nas-ctm01/datasets/public/AFHQ/resized/train/wild/pixabay_wild_000176.jpg,pixabay_wild_000176.jpg
3758,/nas-ctm01/datasets/public/AFHQ/resized/train/wild/pixabay_wild_000177.jpg,pixabay_wild_000177.jpg
3759,/nas-ctm01/datasets/public/AFHQ/resized/train/wild/pixabay_wild_000178.jpg,pixabay_wild_000178.jpg
3760,/nas-ctm01/datasets/public/AFHQ/resized/train/wild/pixabay_wild_000179.jpg,pixabay_wild_000179.jpg
3761,/nas-ctm01/datasets/public/AFHQ/resized/train/wild/pixabay_wild_000180.jpg,pixabay_wild_000180.jpg
3762,/nas-ctm01/datasets/public/AFHQ/resized/train/wild/pixabay_wild_000181.jpg,pixabay_wild_000181.jpg
3763,/nas-ctm01/datasets/public/AFHQ/resized/train/wild/pixabay_wild_000182.jpg,pixabay_wild_000182.jpg
3764,/nas-ctm01/datasets/public/AFHQ/resized/train/wild/pixabay_wild_000184.jpg,pixabay_wild_000184.jpg
3765,/nas-ctm01/datasets/public/AFHQ/resized/train/wild/pixabay_wild_000186.jpg,pixabay_wild_000186.jpg
3766,/nas-ctm01/datasets/public/AFHQ/resized/train/wild/pixabay_wild_000187.jpg,pixabay_wild_000187.jpg
3767,/nas-ctm01/datasets/public/AFHQ/resized/train/wild/pixabay_wild_000188.jpg,pixabay_wild_000188.jpg
3768,/nas-ctm01/datasets/public/AFHQ/resized/train/wild/pixabay_wild_000189.jpg,pixabay_wild_000189.jpg
3769,/nas-ctm01/datasets/public/AFHQ/resized/train/wild/pixabay_wild_000191.jpg,pixabay_wild_000191.jpg
3770,/nas-ctm01/datasets/public/AFHQ/resized/train/wild/pixabay_wild_000192.jpg,pixabay_wild_000192.jpg
3771,/nas-ctm01/datasets/public/AFHQ/resized/train/wild/pixabay_wild_000193.jpg,pixabay_wild_000193.jpg
3772,/nas-ctm01/datasets/public/AFHQ/resized/train/wild/pixabay_wild_000194.jpg,pixabay_wild_000194.jpg
3773,/nas-ctm01/datasets/public/AFHQ/resized/train/wild/pixabay_wild_000195.jpg,pixabay_wild_000195.jpg
3774,/nas-ctm01/datasets/public/AFHQ/resized/train/wild/pixabay_wild_000196.jpg,pixabay_wild_000196.jpg
3775,/nas-ctm01/datasets/public/AFHQ/resized/train/wild/pixabay_wild_000197.jpg,pixabay_wild_000197.jpg
3776,/nas-ctm01/datasets/public/AFHQ/resized/train/wild/pixabay_wild_000198.jpg,pixabay_wild_000198.jpg
3777,/nas-ctm01/datasets/public/AFHQ/resized/train/wild/pixabay_wild_000199.jpg,pixabay_wild_000199.jpg
3778,/nas-ctm01/datasets/public/AFHQ/resized/train/wild/pixabay_wild_000200.jpg,pixabay_wild_000200.jpg
3779,/nas-ctm01/datasets/public/AFHQ/resized/train/wild/pixabay_wild_000201.jpg,pixabay_wild_000201.jpg
3780,/nas-ctm01/datasets/public/AFHQ/resized/train/wild/pixabay_wild_000202.jpg,pixabay_wild_000202.jpg
3781,/nas-ctm01/datasets/public/AFHQ/resized/train/wild/pixabay_wild_000203.jpg,pixabay_wild_000203.jpg
3782,/nas-ctm01/datasets/public/AFHQ/resized/train/wild/pixabay_wild_000204.jpg,pixabay_wild_000204.jpg
3783,/nas-ctm01/datasets/public/AFHQ/resized/train/wild/pixabay_wild_000205.jpg,pixabay_wild_000205.jpg
3784,/nas-ctm01/datasets/public/AFHQ/resized/train/wild/pixabay_wild_000206.jpg,pixabay_wild_000206.jpg
3785,/nas-ctm01/datasets/public/AFHQ/resized/train/wild/pixabay_wild_000207.jpg,pixabay_wild_000207.jpg
3786,/nas-ctm01/datasets/public/AFHQ/resized/train/wild/pixabay_wild_000208.jpg,pixabay_wild_000208.jpg
3787,/nas-ctm01/datasets/public/AFHQ/resized/train/wild/pixabay_wild_000209.jpg,pixabay_wild_000209.jpg
3788,/nas-ctm01/datasets/public/AFHQ/resized/train/wild/pixabay_wild_000210.jpg,pixabay_wild_000210.jpg
3789,/nas-ctm01/datasets/public/AFHQ/resized/train/wild/pixabay_wild_000211.jpg,pixabay_wild_000211.jpg
3790,/nas-ctm01/datasets/public/AFHQ/resized/train/wild/pixabay_wild_000212.jpg,pixabay_wild_000212.jpg
3791,/nas-ctm01/datasets/public/AFHQ/resized/train/wild/pixabay_wild_000213.jpg,pixabay_wild_000213.jpg
3792,/nas-ctm01/datasets/public/AFHQ/resized/train/wild/pixabay_wild_000214.jpg,pixabay_wild_000214.jpg
3793,/nas-ctm01/datasets/public/AFHQ/resized/train/wild/pixabay_wild_000215.jpg,pixabay_wild_000215.jpg
3794,/nas-ctm01/datasets/public/AFHQ/resized/train/wild/pixabay_wild_000216.jpg,pixabay_wild_000216.jpg
3795,/nas-ctm01/datasets/public/AFHQ/resized/train/wild/pixabay_wild_000218.jpg,pixabay_wild_000218.jpg
3796,/nas-ctm01/datasets/public/AFHQ/resized/train/wild/pixabay_wild_000219.jpg,pixabay_wild_000219.jpg
3797,/nas-ctm01/datasets/public/AFHQ/resized/train/wild/pixabay_wild_000220.jpg,pixabay_wild_000220.jpg
3798,/nas-ctm01/datasets/public/AFHQ/resized/train/wild/pixabay_wild_000221.jpg,pixabay_wild_000221.jpg
3799,/nas-ctm01/datasets/public/AFHQ/resized/train/wild/pixabay_wild_000222.jpg,pixabay_wild_000222.jpg
3800,/nas-ctm01/datasets/public/AFHQ/resized/train/wild/pixabay_wild_000223.jpg,pixabay_wild_000223.jpg
3801,/nas-ctm01/datasets/public/AFHQ/resized/train/wild/pixabay_wild_000224.jpg,pixabay_wild_000224.jpg
3802,/nas-ctm01/datasets/public/AFHQ/resized/train/wild/pixabay_wild_000225.jpg,pixabay_wild_000225.jpg
3803,/nas-ctm01/datasets/public/AFHQ/resized/train/wild/pixabay_wild_000226.jpg,pixabay_wild_000226.jpg
3804,/nas-ctm01/datasets/public/AFHQ/resized/train/wild/pixabay_wild_000227.jpg,pixabay_wild_000227.jpg
3805,/nas-ctm01/datasets/public/AFHQ/resized/train/wild/pixabay_wild_000228.jpg,pixabay_wild_000228.jpg
3806,/nas-ctm01/datasets/public/AFHQ/resized/train/wild/pixabay_wild_000229.jpg,pixabay_wild_000229.jpg
3807,/nas-ctm01/datasets/public/AFHQ/resized/train/wild/pixabay_wild_000230.jpg,pixabay_wild_000230.jpg
3808,/nas-ctm01/datasets/public/AFHQ/resized/train/wild/pixabay_wild_000231.jpg,pixabay_wild_000231.jpg
3809,/nas-ctm01/datasets/public/AFHQ/resized/train/wild/pixabay_wild_000232.jpg,pixabay_wild_000232.jpg
3810,/nas-ctm01/datasets/public/AFHQ/resized/train/wild/pixabay_wild_000233.jpg,pixabay_wild_000233.jpg
3811,/nas-ctm01/datasets/public/AFHQ/resized/train/wild/pixabay_wild_000234.jpg,pixabay_wild_000234.jpg
3812,/nas-ctm01/datasets/public/AFHQ/resized/train/wild/pixabay_wild_000235.jpg,pixabay_wild_000235.jpg
3813,/nas-ctm01/datasets/public/AFHQ/resized/train/wild/pixabay_wild_000236.jpg,pixabay_wild_000236.jpg
3814,/nas-ctm01/datasets/public/AFHQ/resized/train/wild/pixabay_wild_000237.jpg,pixabay_wild_000237.jpg
3815,/nas-ctm01/datasets/public/AFHQ/resized/train/wild/pixabay_wild_000238.jpg,pixabay_wild_000238.jpg
3816,/nas-ctm01/datasets/public/AFHQ/resized/train/wild/pixabay_wild_000239.jpg,pixabay_wild_000239.jpg
3817,/nas-ctm01/datasets/public/AFHQ/resized/train/wild/pixabay_wild_000240.jpg,pixabay_wild_000240.jpg
3818,/nas-ctm01/datasets/public/AFHQ/resized/train/wild/pixabay_wild_000241.jpg,pixabay_wild_000241.jpg
3819,/nas-ctm01/datasets/public/AFHQ/resized/train/wild/pixabay_wild_000242.jpg,pixabay_wild_000242.jpg
3820,/nas-ctm01/datasets/public/AFHQ/resized/train/wild/pixabay_wild_000243.jpg,pixabay_wild_000243.jpg
3821,/nas-ctm01/datasets/public/AFHQ/resized/train/wild/pixabay_wild_000244.jpg,pixabay_wild_000244.jpg
3822,/nas-ctm01/datasets/public/AFHQ/resized/train/wild/pixabay_wild_000245.jpg,pixabay_wild_000245.jpg
3823,/nas-ctm01/datasets/public/AFHQ/resized/train/wild/pixabay_wild_000246.jpg,pixabay_wild_000246.jpg
3824,/nas-ctm01/datasets/public/AFHQ/resized/train/wild/pixabay_wild_000247.jpg,pixabay_wild_000247.jpg
3825,/nas-ctm01/datasets/public/AFHQ/resized/train/wild/pixabay_wild_000248.jpg,pixabay_wild_000248.jpg
3826,/nas-ctm01/datasets/public/AFHQ/resized/train/wild/pixabay_wild_000249.jpg,pixabay_wild_000249.jpg
3827,/nas-ctm01/datasets/public/AFHQ/resized/train/wild/pixabay_wild_000250.jpg,pixabay_wild_000250.jpg
3828,/nas-ctm01/datasets/public/AFHQ/resized/train/wild/pixabay_wild_000251.jpg,pixabay_wild_000251.jpg
3829,/nas-ctm01/datasets/public/AFHQ/resized/train/wild/pixabay_wild_000252.jpg,pixabay_wild_000252.jpg
3830,/nas-ctm01/datasets/public/AFHQ/resized/train/wild/pixabay_wild_000253.jpg,pixabay_wild_000253.jpg
3831,/nas-ctm01/datasets/public/AFHQ/resized/train/wild/pixabay_wild_000254.jpg,pixabay_wild_000254.jpg
3832,/nas-ctm01/datasets/public/AFHQ/resized/train/wild/pixabay_wild_000255.jpg,pixabay_wild_000255.jpg
3833,/nas-ctm01/datasets/public/AFHQ/resized/train/wild/pixabay_wild_000256.jpg,pixabay_wild_000256.jpg
3834,/nas-ctm01/datasets/public/AFHQ/resized/train/wild/pixabay_wild_000257.jpg,pixabay_wild_000257.jpg
3835,/nas-ctm01/datasets/public/AFHQ/resized/train/wild/pixabay_wild_000258.jpg,pixabay_wild_000258.jpg
3836,/nas-ctm01/datasets/public/AFHQ/resized/train/wild/pixabay_wild_000259.jpg,pixabay_wild_000259.jpg
3837,/nas-ctm01/datasets/public/AFHQ/resized/train/wild/pixabay_wild_000260.jpg,pixabay_wild_000260.jpg
3838,/nas-ctm01/datasets/public/AFHQ/resized/train/wild/pixabay_wild_000261.jpg,pixabay_wild_000261.jpg
3839,/nas-ctm01/datasets/public/AFHQ/resized/train/wild/pixabay_wild_000262.jpg,pixabay_wild_000262.jpg
3840,/nas-ctm01/datasets/public/AFHQ/resized/train/wild/pixabay_wild_000263.jpg,pixabay_wild_000263.jpg
3841,/nas-ctm01/datasets/public/AFHQ/resized/train/wild/pixabay_wild_000264.jpg,pixabay_wild_000264.jpg
3842,/nas-ctm01/datasets/public/AFHQ/resized/train/wild/pixabay_wild_000266.jpg,pixabay_wild_000266.jpg
3843,/nas-ctm01/datasets/public/AFHQ/resized/train/wild/pixabay_wild_000268.jpg,pixabay_wild_000268.jpg
3844,/nas-ctm01/datasets/public/AFHQ/resized/train/wild/pixabay_wild_000269.jpg,pixabay_wild_000269.jpg
3845,/nas-ctm01/datasets/public/AFHQ/resized/train/wild/pixabay_wild_000270.jpg,pixabay_wild_000270.jpg
3846,/nas-ctm01/datasets/public/AFHQ/resized/train/wild/pixabay_wild_000271.jpg,pixabay_wild_000271.jpg
3847,/nas-ctm01/datasets/public/AFHQ/resized/train/wild/pixabay_wild_000272.jpg,pixabay_wild_000272.jpg
3848,/nas-ctm01/datasets/public/AFHQ/resized/train/wild/pixabay_wild_000273.jpg,pixabay_wild_000273.jpg
3849,/nas-ctm01/datasets/public/AFHQ/resized/train/wild/pixabay_wild_000275.jpg,pixabay_wild_000275.jpg
3850,/nas-ctm01/datasets/public/AFHQ/resized/train/wild/pixabay_wild_000276.jpg,pixabay_wild_000276.jpg
3851,/nas-ctm01/datasets/public/AFHQ/resized/train/wild/pixabay_wild_000277.jpg,pixabay_wild_000277.jpg
3852,/nas-ctm01/datasets/public/AFHQ/resized/train/wild/pixabay_wild_000278.jpg,pixabay_wild_000278.jpg
3853,/nas-ctm01/datasets/public/AFHQ/resized/train/wild/pixabay_wild_000279.jpg,pixabay_wild_000279.jpg
3854,/nas-ctm01/datasets/public/AFHQ/resized/train/wild/pixabay_wild_000280.jpg,pixabay_wild_000280.jpg
3855,/nas-ctm01/datasets/public/AFHQ/resized/train/wild/pixabay_wild_000282.jpg,pixabay_wild_000282.jpg
3856,/nas-ctm01/datasets/public/AFHQ/resized/train/wild/pixabay_wild_000283.jpg,pixabay_wild_000283.jpg
3857,/nas-ctm01/datasets/public/AFHQ/resized/train/wild/pixabay_wild_000284.jpg,pixabay_wild_000284.jpg
3858,/nas-ctm01/datasets/public/AFHQ/resized/train/wild/pixabay_wild_000285.jpg,pixabay_wild_000285.jpg
3859,/nas-ctm01/datasets/public/AFHQ/resized/train/wild/pixabay_wild_000286.jpg,pixabay_wild_000286.jpg
3860,/nas-ctm01/datasets/public/AFHQ/resized/train/wild/pixabay_wild_000287.jpg,pixabay_wild_000287.jpg
3861,/nas-ctm01/datasets/public/AFHQ/resized/train/wild/pixabay_wild_000288.jpg,pixabay_wild_000288.jpg
3862,/nas-ctm01/datasets/public/AFHQ/resized/train/wild/pixabay_wild_000289.jpg,pixabay_wild_000289.jpg
3863,/nas-ctm01/datasets/public/AFHQ/resized/train/wild/pixabay_wild_000290.jpg,pixabay_wild_000290.jpg
3864,/nas-ctm01/datasets/public/AFHQ/resized/train/wild/pixabay_wild_000291.jpg,pixabay_wild_000291.jpg
3865,/nas-ctm01/datasets/public/AFHQ/resized/train/wild/pixabay_wild_000292.jpg,pixabay_wild_000292.jpg
3866,/nas-ctm01/datasets/public/AFHQ/resized/train/wild/pixabay_wild_000293.jpg,pixabay_wild_000293.jpg
3867,/nas-ctm01/datasets/public/AFHQ/resized/train/wild/pixabay_wild_000294.jpg,pixabay_wild_000294.jpg
3868,/nas-ctm01/datasets/public/AFHQ/resized/train/wild/pixabay_wild_000295.jpg,pixabay_wild_000295.jpg
3869,/nas-ctm01/datasets/public/AFHQ/resized/train/wild/pixabay_wild_000296.jpg,pixabay_wild_000296.jpg
3870,/nas-ctm01/datasets/public/AFHQ/resized/train/wild/pixabay_wild_000297.jpg,pixabay_wild_000297.jpg
3871,/nas-ctm01/datasets/public/AFHQ/resized/train/wild/pixabay_wild_000299.jpg,pixabay_wild_000299.jpg
3872,/nas-ctm01/datasets/public/AFHQ/resized/train/wild/pixabay_wild_000300.jpg,pixabay_wild_000300.jpg
3873,/nas-ctm01/datasets/public/AFHQ/resized/train/wild/pixabay_wild_000301.jpg,pixabay_wild_000301.jpg
3874,/nas-ctm01/datasets/public/AFHQ/resized/train/wild/pixabay_wild_000302.jpg,pixabay_wild_000302.jpg
3875,/nas-ctm01/datasets/public/AFHQ/resized/train/wild/pixabay_wild_000303.jpg,pixabay_wild_000303.jpg
3876,/nas-ctm01/datasets/public/AFHQ/resized/train/wild/pixabay_wild_000304.jpg,pixabay_wild_000304.jpg
3877,/nas-ctm01/datasets/public/AFHQ/resized/train/wild/pixabay_wild_000305.jpg,pixabay_wild_000305.jpg
3878,/nas-ctm01/datasets/public/AFHQ/resized/train/wild/pixabay_wild_000306.jpg,pixabay_wild_000306.jpg
3879,/nas-ctm01/datasets/public/AFHQ/resized/train/wild/pixabay_wild_000307.jpg,pixabay_wild_000307.jpg
3880,/nas-ctm01/datasets/public/AFHQ/resized/train/wild/pixabay_wild_000308.jpg,pixabay_wild_000308.jpg
3881,/nas-ctm01/datasets/public/AFHQ/resized/train/wild/pixabay_wild_000309.jpg,pixabay_wild_000309.jpg
3882,/nas-ctm01/datasets/public/AFHQ/resized/train/wild/pixabay_wild_000310.jpg,pixabay_wild_000310.jpg
3883,/nas-ctm01/datasets/public/AFHQ/resized/train/wild/pixabay_wild_000311.jpg,pixabay_wild_000311.jpg
3884,/nas-ctm01/datasets/public/AFHQ/resized/train/wild/pixabay_wild_000312.jpg,pixabay_wild_000312.jpg
3885,/nas-ctm01/datasets/public/AFHQ/resized/train/wild/pixabay_wild_000313.jpg,pixabay_wild_000313.jpg
3886,/nas-ctm01/datasets/public/AFHQ/resized/train/wild/pixabay_wild_000314.jpg,pixabay_wild_000314.jpg
3887,/nas-ctm01/datasets/public/AFHQ/resized/train/wild/pixabay_wild_000315.jpg,pixabay_wild_000315.jpg
3888,/nas-ctm01/datasets/public/AFHQ/resized/train/wild/pixabay_wild_000316.jpg,pixabay_wild_000316.jpg
3889,/nas-ctm01/datasets/public/AFHQ/resized/train/wild/pixabay_wild_000317.jpg,pixabay_wild_000317.jpg
3890,/nas-ctm01/datasets/public/AFHQ/resized/train/wild/pixabay_wild_000318.jpg,pixabay_wild_000318.jpg
3891,/nas-ctm01/datasets/public/AFHQ/resized/train/wild/pixabay_wild_000319.jpg,pixabay_wild_000319.jpg
3892,/nas-ctm01/datasets/public/AFHQ/resized/train/wild/pixabay_wild_000320.jpg,pixabay_wild_000320.jpg
3893,/nas-ctm01/datasets/public/AFHQ/resized/train/wild/pixabay_wild_000321.jpg,pixabay_wild_000321.jpg
3894,/nas-ctm01/datasets/public/AFHQ/resized/train/wild/pixabay_wild_000322.jpg,pixabay_wild_000322.jpg
3895,/nas-ctm01/datasets/public/AFHQ/resized/train/wild/pixabay_wild_000323.jpg,pixabay_wild_000323.jpg
3896,/nas-ctm01/datasets/public/AFHQ/resized/train/wild/pixabay_wild_000324.jpg,pixabay_wild_000324.jpg
3897,/nas-ctm01/datasets/public/AFHQ/resized/train/wild/pixabay_wild_000325.jpg,pixabay_wild_000325.jpg
3898,/nas-ctm01/datasets/public/AFHQ/resized/train/wild/pixabay_wild_000327.jpg,pixabay_wild_000327.jpg
3899,/nas-ctm01/datasets/public/AFHQ/resized/train/wild/pixabay_wild_000328.jpg,pixabay_wild_000328.jpg
3900,/nas-ctm01/datasets/public/AFHQ/resized/train/wild/pixabay_wild_000329.jpg,pixabay_wild_000329.jpg
3901,/nas-ctm01/datasets/public/AFHQ/resized/train/wild/pixabay_wild_000330.jpg,pixabay_wild_000330.jpg
3902,/nas-ctm01/datasets/public/AFHQ/resized/train/wild/pixabay_wild_000331.jpg,pixabay_wild_000331.jpg
3903,/nas-ctm01/datasets/public/AFHQ/resized/train/wild/pixabay_wild_000332.jpg,pixabay_wild_000332.jpg
3904,/nas-ctm01/datasets/public/AFHQ/resized/train/wild/pixabay_wild_000333.jpg,pixabay_wild_000333.jpg
3905,/nas-ctm01/datasets/public/AFHQ/resized/train/wild/pixabay_wild_000334.jpg,pixabay_wild_000334.jpg
3906,/nas-ctm01/datasets/public/AFHQ/resized/train/wild/pixabay_wild_000335.jpg,pixabay_wild_000335.jpg
3907,/nas-ctm01/datasets/public/AFHQ/resized/train/wild/pixabay_wild_000336.jpg,pixabay_wild_000336.jpg
3908,/nas-ctm01/datasets/public/AFHQ/resized/train/wild/pixabay_wild_000337.jpg,pixabay_wild_000337.jpg
3909,/nas-ctm01/datasets/public/AFHQ/resized/train/wild/pixabay_wild_000338.jpg,pixabay_wild_000338.jpg
3910,/nas-ctm01/datasets/public/AFHQ/resized/train/wild/pixabay_wild_000339.jpg,pixabay_wild_000339.jpg
3911,/nas-ctm01/datasets/public/AFHQ/resized/train/wild/pixabay_wild_000340.jpg,pixabay_wild_000340.jpg
3912,/nas-ctm01/datasets/public/AFHQ/resized/train/wild/pixabay_wild_000341.jpg,pixabay_wild_000341.jpg
3913,/nas-ctm01/datasets/public/AFHQ/resized/train/wild/pixabay_wild_000342.jpg,pixabay_wild_000342.jpg
3914,/nas-ctm01/datasets/public/AFHQ/resized/train/wild/pixabay_wild_000344.jpg,pixabay_wild_000344.jpg
3915,/nas-ctm01/datasets/public/AFHQ/resized/train/wild/pixabay_wild_000345.jpg,pixabay_wild_000345.jpg
3916,/nas-ctm01/datasets/public/AFHQ/resized/train/wild/pixabay_wild_000346.jpg,pixabay_wild_000346.jpg
3917,/nas-ctm01/datasets/public/AFHQ/resized/train/wild/pixabay_wild_000347.jpg,pixabay_wild_000347.jpg
3918,/nas-ctm01/datasets/public/AFHQ/resized/train/wild/pixabay_wild_000348.jpg,pixabay_wild_000348.jpg
3919,/nas-ctm01/datasets/public/AFHQ/resized/train/wild/pixabay_wild_000350.jpg,pixabay_wild_000350.jpg
3920,/nas-ctm01/datasets/public/AFHQ/resized/train/wild/pixabay_wild_000351.jpg,pixabay_wild_000351.jpg
3921,/nas-ctm01/datasets/public/AFHQ/resized/train/wild/pixabay_wild_000352.jpg,pixabay_wild_000352.jpg
3922,/nas-ctm01/datasets/public/AFHQ/resized/train/wild/pixabay_wild_000353.jpg,pixabay_wild_000353.jpg
3923,/nas-ctm01/datasets/public/AFHQ/resized/train/wild/pixabay_wild_000355.jpg,pixabay_wild_000355.jpg
3924,/nas-ctm01/datasets/public/AFHQ/resized/train/wild/pixabay_wild_000357.jpg,pixabay_wild_000357.jpg
3925,/nas-ctm01/datasets/public/AFHQ/resized/train/wild/pixabay_wild_000358.jpg,pixabay_wild_000358.jpg
3926,/nas-ctm01/datasets/public/AFHQ/resized/train/wild/pixabay_wild_000359.jpg,pixabay_wild_000359.jpg
3927,/nas-ctm01/datasets/public/AFHQ/resized/train/wild/pixabay_wild_000360.jpg,pixabay_wild_000360.jpg
3928,/nas-ctm01/datasets/public/AFHQ/resized/train/wild/pixabay_wild_000362.jpg,pixabay_wild_000362.jpg
3929,/nas-ctm01/datasets/public/AFHQ/resized/train/wild/pixabay_wild_000364.jpg,pixabay_wild_000364.jpg
3930,/nas-ctm01/datasets/public/AFHQ/resized/train/wild/pixabay_wild_000365.jpg,pixabay_wild_000365.jpg
3931,/nas-ctm01/datasets/public/AFHQ/resized/train/wild/pixabay_wild_000366.jpg,pixabay_wild_000366.jpg
3932,/nas-ctm01/datasets/public/AFHQ/resized/train/wild/pixabay_wild_000367.jpg,pixabay_wild_000367.jpg
3933,/nas-ctm01/datasets/public/AFHQ/resized/train/wild/pixabay_wild_000368.jpg,pixabay_wild_000368.jpg
3934,/nas-ctm01/datasets/public/AFHQ/resized/train/wild/pixabay_wild_000369.jpg,pixabay_wild_000369.jpg
3935,/nas-ctm01/datasets/public/AFHQ/resized/train/wild/pixabay_wild_000370.jpg,pixabay_wild_000370.jpg
3936,/nas-ctm01/datasets/public/AFHQ/resized/train/wild/pixabay_wild_000371.jpg,pixabay_wild_000371.jpg
3937,/nas-ctm01/datasets/public/AFHQ/resized/train/wild/pixabay_wild_000372.jpg,pixabay_wild_000372.jpg
3938,/nas-ctm01/datasets/public/AFHQ/resized/train/wild/pixabay_wild_000373.jpg,pixabay_wild_000373.jpg
3939,/nas-ctm01/datasets/public/AFHQ/resized/train/wild/pixabay_wild_000374.jpg,pixabay_wild_000374.jpg
3940,/nas-ctm01/datasets/public/AFHQ/resized/train/wild/pixabay_wild_000375.jpg,pixabay_wild_000375.jpg
3941,/nas-ctm01/datasets/public/AFHQ/resized/train/wild/pixabay_wild_000376.jpg,pixabay_wild_000376.jpg
3942,/nas-ctm01/datasets/public/AFHQ/resized/train/wild/pixabay_wild_000377.jpg,pixabay_wild_000377.jpg
3943,/nas-ctm01/datasets/public/AFHQ/resized/train/wild/pixabay_wild_000378.jpg,pixabay_wild_000378.jpg
3944,/nas-ctm01/datasets/public/AFHQ/resized/train/wild/pixabay_wild_000379.jpg,pixabay_wild_000379.jpg
3945,/nas-ctm01/datasets/public/AFHQ/resized/train/wild/pixabay_wild_000380.jpg,pixabay_wild_000380.jpg
3946,/nas-ctm01/datasets/public/AFHQ/resized/train/wild/pixabay_wild_000382.jpg,pixabay_wild_000382.jpg
3947,/nas-ctm01/datasets/public/AFHQ/resized/train/wild/pixabay_wild_000383.jpg,pixabay_wild_000383.jpg
3948,/nas-ctm01/datasets/public/AFHQ/resized/train/wild/pixabay_wild_000384.jpg,pixabay_wild_000384.jpg
3949,/nas-ctm01/datasets/public/AFHQ/resized/train/wild/pixabay_wild_000385.jpg,pixabay_wild_000385.jpg
3950,/nas-ctm01/datasets/public/AFHQ/resized/train/wild/pixabay_wild_000386.jpg,pixabay_wild_000386.jpg
3951,/nas-ctm01/datasets/public/AFHQ/resized/train/wild/pixabay_wild_000387.jpg,pixabay_wild_000387.jpg
3952,/nas-ctm01/datasets/public/AFHQ/resized/train/wild/pixabay_wild_000388.jpg,pixabay_wild_000388.jpg
3953,/nas-ctm01/datasets/public/AFHQ/resized/train/wild/pixabay_wild_000389.jpg,pixabay_wild_000389.jpg
3954,/nas-ctm01/datasets/public/AFHQ/resized/train/wild/pixabay_wild_000390.jpg,pixabay_wild_000390.jpg
3955,/nas-ctm01/datasets/public/AFHQ/resized/train/wild/pixabay_wild_000391.jpg,pixabay_wild_000391.jpg
3956,/nas-ctm01/datasets/public/AFHQ/resized/train/wild/pixabay_wild_000392.jpg,pixabay_wild_000392.jpg
3957,/nas-ctm01/datasets/public/AFHQ/resized/train/wild/pixabay_wild_000394.jpg,pixabay_wild_000394.jpg
3958,/nas-ctm01/datasets/public/AFHQ/resized/train/wild/pixabay_wild_000395.jpg,pixabay_wild_000395.jpg
3959,/nas-ctm01/datasets/public/AFHQ/resized/train/wild/pixabay_wild_000396.jpg,pixabay_wild_000396.jpg
3960,/nas-ctm01/datasets/public/AFHQ/resized/train/wild/pixabay_wild_000397.jpg,pixabay_wild_000397.jpg
3961,/nas-ctm01/datasets/public/AFHQ/resized/train/wild/pixabay_wild_000398.jpg,pixabay_wild_000398.jpg
3962,/nas-ctm01/datasets/public/AFHQ/resized/train/wild/pixabay_wild_000399.jpg,pixabay_wild_000399.jpg
3963,/nas-ctm01/datasets/public/AFHQ/resized/train/wild/pixabay_wild_000400.jpg,pixabay_wild_000400.jpg
3964,/nas-ctm01/datasets/public/AFHQ/resized/train/wild/pixabay_wild_000401.jpg,pixabay_wild_000401.jpg
3965,/nas-ctm01/datasets/public/AFHQ/resized/train/wild/pixabay_wild_000402.jpg,pixabay_wild_000402.jpg
3966,/nas-ctm01/datasets/public/AFHQ/resized/train/wild/pixabay_wild_000403.jpg,pixabay_wild_000403.jpg
3967,/nas-ctm01/datasets/public/AFHQ/resized/train/wild/pixabay_wild_000405.jpg,pixabay_wild_000405.jpg
3968,/nas-ctm01/datasets/public/AFHQ/resized/train/wild/pixabay_wild_000406.jpg,pixabay_wild_000406.jpg
3969,/nas-ctm01/datasets/public/AFHQ/resized/train/wild/pixabay_wild_000407.jpg,pixabay_wild_000407.jpg
3970,/nas-ctm01/datasets/public/AFHQ/resized/train/wild/pixabay_wild_000408.jpg,pixabay_wild_000408.jpg
3971,/nas-ctm01/datasets/public/AFHQ/resized/train/wild/pixabay_wild_000409.jpg,pixabay_wild_000409.jpg
3972,/nas-ctm01/datasets/public/AFHQ/resized/train/wild/pixabay_wild_000410.jpg,pixabay_wild_000410.jpg
3973,/nas-ctm01/datasets/public/AFHQ/resized/train/wild/pixabay_wild_000411.jpg,pixabay_wild_000411.jpg
3974,/nas-ctm01/datasets/public/AFHQ/resized/train/wild/pixabay_wild_000412.jpg,pixabay_wild_000412.jpg
3975,/nas-ctm01/datasets/public/AFHQ/resized/train/wild/pixabay_wild_000413.jpg,pixabay_wild_000413.jpg
3976,/nas-ctm01/datasets/public/AFHQ/resized/train/wild/pixabay_wild_000415.jpg,pixabay_wild_000415.jpg
3977,/nas-ctm01/datasets/public/AFHQ/resized/train/wild/pixabay_wild_000416.jpg,pixabay_wild_000416.jpg
3978,/nas-ctm01/datasets/public/AFHQ/resized/train/wild/pixabay_wild_000417.jpg,pixabay_wild_000417.jpg
3979,/nas-ctm01/datasets/public/AFHQ/resized/train/wild/pixabay_wild_000419.jpg,pixabay_wild_000419.jpg
3980,/nas-ctm01/datasets/public/AFHQ/resized/train/wild/pixabay_wild_000421.jpg,pixabay_wild_000421.jpg
3981,/nas-ctm01/datasets/public/AFHQ/resized/train/wild/pixabay_wild_000422.jpg,pixabay_wild_000422.jpg
3982,/nas-ctm01/datasets/public/AFHQ/resized/train/wild/pixabay_wild_000424.jpg,pixabay_wild_000424.jpg
3983,/nas-ctm01/datasets/public/AFHQ/resized/train/wild/pixabay_wild_000425.jpg,pixabay_wild_000425.jpg
3984,/nas-ctm01/datasets/public/AFHQ/resized/train/wild/pixabay_wild_000426.jpg,pixabay_wild_000426.jpg
3985,/nas-ctm01/datasets/public/AFHQ/resized/train/wild/pixabay_wild_000427.jpg,pixabay_wild_000427.jpg
3986,/nas-ctm01/datasets/public/AFHQ/resized/train/wild/pixabay_wild_000429.jpg,pixabay_wild_000429.jpg
3987,/nas-ctm01/datasets/public/AFHQ/resized/train/wild/pixabay_wild_000430.jpg,pixabay_wild_000430.jpg
3988,/nas-ctm01/datasets/public/AFHQ/resized/train/wild/pixabay_wild_000431.jpg,pixabay_wild_000431.jpg
3989,/nas-ctm01/datasets/public/AFHQ/resized/train/wild/pixabay_wild_000432.jpg,pixabay_wild_000432.jpg
3990,/nas-ctm01/datasets/public/AFHQ/resized/train/wild/pixabay_wild_000433.jpg,pixabay_wild_000433.jpg
3991,/nas-ctm01/datasets/public/AFHQ/resized/train/wild/pixabay_wild_000435.jpg,pixabay_wild_000435.jpg
3992,/nas-ctm01/datasets/public/AFHQ/resized/train/wild/pixabay_wild_000436.jpg,pixabay_wild_000436.jpg
3993,/nas-ctm01/datasets/public/AFHQ/resized/train/wild/pixabay_wild_000437.jpg,pixabay_wild_000437.jpg
3994,/nas-ctm01/datasets/public/AFHQ/resized/train/wild/pixabay_wild_000438.jpg,pixabay_wild_000438.jpg
3995,/nas-ctm01/datasets/public/AFHQ/resized/train/wild/pixabay_wild_000439.jpg,pixabay_wild_000439.jpg
3996,/nas-ctm01/datasets/public/AFHQ/resized/train/wild/pixabay_wild_000440.jpg,pixabay_wild_000440.jpg
3997,/nas-ctm01/datasets/public/AFHQ/resized/train/wild/pixabay_wild_000441.jpg,pixabay_wild_000441.jpg
3998,/nas-ctm01/datasets/public/AFHQ/resized/train/wild/pixabay_wild_000442.jpg,pixabay_wild_000442.jpg
3999,/nas-ctm01/datasets/public/AFHQ/resized/train/wild/pixabay_wild_000443.jpg,pixabay_wild_000443.jpg
4000,/nas-ctm01/datasets/public/AFHQ/resized/train/wild/pixabay_wild_000444.jpg,pixabay_wild_000444.jpg
4001,/nas-ctm01/datasets/public/AFHQ/resized/train/wild/pixabay_wild_000445.jpg,pixabay_wild_000445.jpg
4002,/nas-ctm01/datasets/public/AFHQ/resized/train/wild/pixabay_wild_000446.jpg,pixabay_wild_000446.jpg
4003,/nas-ctm01/datasets/public/AFHQ/resized/train/wild/pixabay_wild_000447.jpg,pixabay_wild_000447.jpg
4004,/nas-ctm01/datasets/public/AFHQ/resized/train/wild/pixabay_wild_000448.jpg,pixabay_wild_000448.jpg
4005,/nas-ctm01/datasets/public/AFHQ/resized/train/wild/pixabay_wild_000450.jpg,pixabay_wild_000450.jpg
4006,/nas-ctm01/datasets/public/AFHQ/resized/train/wild/pixabay_wild_000451.jpg,pixabay_wild_000451.jpg
4007,/nas-ctm01/datasets/public/AFHQ/resized/train/wild/pixabay_wild_000452.jpg,pixabay_wild_000452.jpg
4008,/nas-ctm01/datasets/public/AFHQ/resized/train/wild/pixabay_wild_000453.jpg,pixabay_wild_000453.jpg
4009,/nas-ctm01/datasets/public/AFHQ/resized/train/wild/pixabay_wild_000454.jpg,pixabay_wild_000454.jpg
4010,/nas-ctm01/datasets/public/AFHQ/resized/train/wild/pixabay_wild_000455.jpg,pixabay_wild_000455.jpg
4011,/nas-ctm01/datasets/public/AFHQ/resized/train/wild/pixabay_wild_000456.jpg,pixabay_wild_000456.jpg
4012,/nas-ctm01/datasets/public/AFHQ/resized/train/wild/pixabay_wild_000457.jpg,pixabay_wild_000457.jpg
4013,/nas-ctm01/datasets/public/AFHQ/resized/train/wild/pixabay_wild_000458.jpg,pixabay_wild_000458.jpg
4014,/nas-ctm01/datasets/public/AFHQ/resized/train/wild/pixabay_wild_000459.jpg,pixabay_wild_000459.jpg
4015,/nas-ctm01/datasets/public/AFHQ/resized/train/wild/pixabay_wild_000460.jpg,pixabay_wild_000460.jpg
4016,/nas-ctm01/datasets/public/AFHQ/resized/train/wild/pixabay_wild_000461.jpg,pixabay_wild_000461.jpg
4017,/nas-ctm01/datasets/public/AFHQ/resized/train/wild/pixabay_wild_000462.jpg,pixabay_wild_000462.jpg
4018,/nas-ctm01/datasets/public/AFHQ/resized/train/wild/pixabay_wild_000463.jpg,pixabay_wild_000463.jpg
4019,/nas-ctm01/datasets/public/AFHQ/resized/train/wild/pixabay_wild_000464.jpg,pixabay_wild_000464.jpg
4020,/nas-ctm01/datasets/public/AFHQ/resized/train/wild/pixabay_wild_000465.jpg,pixabay_wild_000465.jpg
4021,/nas-ctm01/datasets/public/AFHQ/resized/train/wild/pixabay_wild_000466.jpg,pixabay_wild_000466.jpg
4022,/nas-ctm01/datasets/public/AFHQ/resized/train/wild/pixabay_wild_000467.jpg,pixabay_wild_000467.jpg
4023,/nas-ctm01/datasets/public/AFHQ/resized/train/wild/pixabay_wild_000468.jpg,pixabay_wild_000468.jpg
4024,/nas-ctm01/datasets/public/AFHQ/resized/train/wild/pixabay_wild_000469.jpg,pixabay_wild_000469.jpg
4025,/nas-ctm01/datasets/public/AFHQ/resized/train/wild/pixabay_wild_000471.jpg,pixabay_wild_000471.jpg
4026,/nas-ctm01/datasets/public/AFHQ/resized/train/wild/pixabay_wild_000472.jpg,pixabay_wild_000472.jpg
4027,/nas-ctm01/datasets/public/AFHQ/resized/train/wild/pixabay_wild_000473.jpg,pixabay_wild_000473.jpg
4028,/nas-ctm01/datasets/public/AFHQ/resized/train/wild/pixabay_wild_000474.jpg,pixabay_wild_000474.jpg
4029,/nas-ctm01/datasets/public/AFHQ/resized/train/wild/pixabay_wild_000475.jpg,pixabay_wild_000475.jpg
4030,/nas-ctm01/datasets/public/AFHQ/resized/train/wild/pixabay_wild_000476.jpg,pixabay_wild_000476.jpg
4031,/nas-ctm01/datasets/public/AFHQ/resized/train/wild/pixabay_wild_000477.jpg,pixabay_wild_000477.jpg
4032,/nas-ctm01/datasets/public/AFHQ/resized/train/wild/pixabay_wild_000479.jpg,pixabay_wild_000479.jpg
4033,/nas-ctm01/datasets/public/AFHQ/resized/train/wild/pixabay_wild_000480.jpg,pixabay_wild_000480.jpg
4034,/nas-ctm01/datasets/public/AFHQ/resized/train/wild/pixabay_wild_000481.jpg,pixabay_wild_000481.jpg
4035,/nas-ctm01/datasets/public/AFHQ/resized/train/wild/pixabay_wild_000482.jpg,pixabay_wild_000482.jpg
4036,/nas-ctm01/datasets/public/AFHQ/resized/train/wild/pixabay_wild_000483.jpg,pixabay_wild_000483.jpg
4037,/nas-ctm01/datasets/public/AFHQ/resized/train/wild/pixabay_wild_000484.jpg,pixabay_wild_000484.jpg
4038,/nas-ctm01/datasets/public/AFHQ/resized/train/wild/pixabay_wild_000485.jpg,pixabay_wild_000485.jpg
4039,/nas-ctm01/datasets/public/AFHQ/resized/train/wild/pixabay_wild_000486.jpg,pixabay_wild_000486.jpg
4040,/nas-ctm01/datasets/public/AFHQ/resized/train/wild/pixabay_wild_000487.jpg,pixabay_wild_000487.jpg
4041,/nas-ctm01/datasets/public/AFHQ/resized/train/wild/pixabay_wild_000488.jpg,pixabay_wild_000488.jpg
4042,/nas-ctm01/datasets/public/AFHQ/resized/train/wild/pixabay_wild_000489.jpg,pixabay_wild_000489.jpg
4043,/nas-ctm01/datasets/public/AFHQ/resized/train/wild/pixabay_wild_000490.jpg,pixabay_wild_000490.jpg
4044,/nas-ctm01/datasets/public/AFHQ/resized/train/wild/pixabay_wild_000491.jpg,pixabay_wild_000491.jpg
4045,/nas-ctm01/datasets/public/AFHQ/resized/train/wild/pixabay_wild_000492.jpg,pixabay_wild_000492.jpg
4046,/nas-ctm01/datasets/public/AFHQ/resized/train/wild/pixabay_wild_000494.jpg,pixabay_wild_000494.jpg
4047,/nas-ctm01/datasets/public/AFHQ/resized/train/wild/pixabay_wild_000495.jpg,pixabay_wild_000495.jpg
4048,/nas-ctm01/datasets/public/AFHQ/resized/train/wild/pixabay_wild_000496.jpg,pixabay_wild_000496.jpg
4049,/nas-ctm01/datasets/public/AFHQ/resized/train/wild/pixabay_wild_000497.jpg,pixabay_wild_000497.jpg
4050,/nas-ctm01/datasets/public/AFHQ/resized/train/wild/pixabay_wild_000498.jpg,pixabay_wild_000498.jpg
4051,/nas-ctm01/datasets/public/AFHQ/resized/train/wild/pixabay_wild_000499.jpg,pixabay_wild_000499.jpg
4052,/nas-ctm01/datasets/public/AFHQ/resized/train/wild/pixabay_wild_000500.jpg,pixabay_wild_000500.jpg
4053,/nas-ctm01/datasets/public/AFHQ/resized/train/wild/pixabay_wild_000501.jpg,pixabay_wild_000501.jpg
4054,/nas-ctm01/datasets/public/AFHQ/resized/train/wild/pixabay_wild_000502.jpg,pixabay_wild_000502.jpg
4055,/nas-ctm01/datasets/public/AFHQ/resized/train/wild/pixabay_wild_000503.jpg,pixabay_wild_000503.jpg
4056,/nas-ctm01/datasets/public/AFHQ/resized/train/wild/pixabay_wild_000504.jpg,pixabay_wild_000504.jpg
4057,/nas-ctm01/datasets/public/AFHQ/resized/train/wild/pixabay_wild_000505.jpg,pixabay_wild_000505.jpg
4058,/nas-ctm01/datasets/public/AFHQ/resized/train/wild/pixabay_wild_000506.jpg,pixabay_wild_000506.jpg
4059,/nas-ctm01/datasets/public/AFHQ/resized/train/wild/pixabay_wild_000507.jpg,pixabay_wild_000507.jpg
4060,/nas-ctm01/datasets/public/AFHQ/resized/train/wild/pixabay_wild_000508.jpg,pixabay_wild_000508.jpg
4061,/nas-ctm01/datasets/public/AFHQ/resized/train/wild/pixabay_wild_000509.jpg,pixabay_wild_000509.jpg
4062,/nas-ctm01/datasets/public/AFHQ/resized/train/wild/pixabay_wild_000510.jpg,pixabay_wild_000510.jpg
4063,/nas-ctm01/datasets/public/AFHQ/resized/train/wild/pixabay_wild_000511.jpg,pixabay_wild_000511.jpg
4064,/nas-ctm01/datasets/public/AFHQ/resized/train/wild/pixabay_wild_000512.jpg,pixabay_wild_000512.jpg
4065,/nas-ctm01/datasets/public/AFHQ/resized/train/wild/pixabay_wild_000513.jpg,pixabay_wild_000513.jpg
4066,/nas-ctm01/datasets/public/AFHQ/resized/train/wild/pixabay_wild_000514.jpg,pixabay_wild_000514.jpg
4067,/nas-ctm01/datasets/public/AFHQ/resized/train/wild/pixabay_wild_000515.jpg,pixabay_wild_000515.jpg
4068,/nas-ctm01/datasets/public/AFHQ/resized/train/wild/pixabay_wild_000516.jpg,pixabay_wild_000516.jpg
4069,/nas-ctm01/datasets/public/AFHQ/resized/train/wild/pixabay_wild_000517.jpg,pixabay_wild_000517.jpg
4070,/nas-ctm01/datasets/public/AFHQ/resized/train/wild/pixabay_wild_000518.jpg,pixabay_wild_000518.jpg
4071,/nas-ctm01/datasets/public/AFHQ/resized/train/wild/pixabay_wild_000519.jpg,pixabay_wild_000519.jpg
4072,/nas-ctm01/datasets/public/AFHQ/resized/train/wild/pixabay_wild_000520.jpg,pixabay_wild_000520.jpg
4073,/nas-ctm01/datasets/public/AFHQ/resized/train/wild/pixabay_wild_000521.jpg,pixabay_wild_000521.jpg
4074,/nas-ctm01/datasets/public/AFHQ/resized/train/wild/pixabay_wild_000523.jpg,pixabay_wild_000523.jpg
4075,/nas-ctm01/datasets/public/AFHQ/resized/train/wild/pixabay_wild_000524.jpg,pixabay_wild_000524.jpg
4076,/nas-ctm01/datasets/public/AFHQ/resized/train/wild/pixabay_wild_000525.jpg,pixabay_wild_000525.jpg
4077,/nas-ctm01/datasets/public/AFHQ/resized/train/wild/pixabay_wild_000526.jpg,pixabay_wild_000526.jpg
4078,/nas-ctm01/datasets/public/AFHQ/resized/train/wild/pixabay_wild_000527.jpg,pixabay_wild_000527.jpg
4079,/nas-ctm01/datasets/public/AFHQ/resized/train/wild/pixabay_wild_000528.jpg,pixabay_wild_000528.jpg
4080,/nas-ctm01/datasets/public/AFHQ/resized/train/wild/pixabay_wild_000529.jpg,pixabay_wild_000529.jpg
4081,/nas-ctm01/datasets/public/AFHQ/resized/train/wild/pixabay_wild_000530.jpg,pixabay_wild_000530.jpg
4082,/nas-ctm01/datasets/public/AFHQ/resized/train/wild/pixabay_wild_000531.jpg,pixabay_wild_000531.jpg
4083,/nas-ctm01/datasets/public/AFHQ/resized/train/wild/pixabay_wild_000532.jpg,pixabay_wild_000532.jpg
4084,/nas-ctm01/datasets/public/AFHQ/resized/train/wild/pixabay_wild_000533.jpg,pixabay_wild_000533.jpg
4085,/nas-ctm01/datasets/public/AFHQ/resized/train/wild/pixabay_wild_000534.jpg,pixabay_wild_000534.jpg
4086,/nas-ctm01/datasets/public/AFHQ/resized/train/wild/pixabay_wild_000537.jpg,pixabay_wild_000537.jpg
4087,/nas-ctm01/datasets/public/AFHQ/resized/train/wild/pixabay_wild_000538.jpg,pixabay_wild_000538.jpg
4088,/nas-ctm01/datasets/public/AFHQ/resized/train/wild/pixabay_wild_000539.jpg,pixabay_wild_000539.jpg
4089,/nas-ctm01/datasets/public/AFHQ/resized/train/wild/pixabay_wild_000540.jpg,pixabay_wild_000540.jpg
4090,/nas-ctm01/datasets/public/AFHQ/resized/train/wild/pixabay_wild_000541.jpg,pixabay_wild_000541.jpg
4091,/nas-ctm01/datasets/public/AFHQ/resized/train/wild/pixabay_wild_000542.jpg,pixabay_wild_000542.jpg
4092,/nas-ctm01/datasets/public/AFHQ/resized/train/wild/pixabay_wild_000543.jpg,pixabay_wild_000543.jpg
4093,/nas-ctm01/datasets/public/AFHQ/resized/train/wild/pixabay_wild_000544.jpg,pixabay_wild_000544.jpg
4094,/nas-ctm01/datasets/public/AFHQ/resized/train/wild/pixabay_wild_000545.jpg,pixabay_wild_000545.jpg
4095,/nas-ctm01/datasets/public/AFHQ/resized/train/wild/pixabay_wild_000546.jpg,pixabay_wild_000546.jpg
4096,/nas-ctm01/datasets/public/AFHQ/resized/train/wild/pixabay_wild_000547.jpg,pixabay_wild_000547.jpg
4097,/nas-ctm01/datasets/public/AFHQ/resized/train/wild/pixabay_wild_000548.jpg,pixabay_wild_000548.jpg
4098,/nas-ctm01/datasets/public/AFHQ/resized/train/wild/pixabay_wild_000549.jpg,pixabay_wild_000549.jpg
4099,/nas-ctm01/datasets/public/AFHQ/resized/train/wild/pixabay_wild_000550.jpg,pixabay_wild_000550.jpg
4100,/nas-ctm01/datasets/public/AFHQ/resized/train/wild/pixabay_wild_000551.jpg,pixabay_wild_000551.jpg
4101,/nas-ctm01/datasets/public/AFHQ/resized/train/wild/pixabay_wild_000552.jpg,pixabay_wild_000552.jpg
4102,/nas-ctm01/datasets/public/AFHQ/resized/train/wild/pixabay_wild_000553.jpg,pixabay_wild_000553.jpg
4103,/nas-ctm01/datasets/public/AFHQ/resized/train/wild/pixabay_wild_000554.jpg,pixabay_wild_000554.jpg
4104,/nas-ctm01/datasets/public/AFHQ/resized/train/wild/pixabay_wild_000556.jpg,pixabay_wild_000556.jpg
4105,/nas-ctm01/datasets/public/AFHQ/resized/train/wild/pixabay_wild_000557.jpg,pixabay_wild_000557.jpg
4106,/nas-ctm01/datasets/public/AFHQ/resized/train/wild/pixabay_wild_000560.jpg,pixabay_wild_000560.jpg
4107,/nas-ctm01/datasets/public/AFHQ/resized/train/wild/pixabay_wild_000561.jpg,pixabay_wild_000561.jpg
4108,/nas-ctm01/datasets/public/AFHQ/resized/train/wild/pixabay_wild_000562.jpg,pixabay_wild_000562.jpg
4109,/nas-ctm01/datasets/public/AFHQ/resized/train/wild/pixabay_wild_000563.jpg,pixabay_wild_000563.jpg
4110,/nas-ctm01/datasets/public/AFHQ/resized/train/wild/pixabay_wild_000565.jpg,pixabay_wild_000565.jpg
4111,/nas-ctm01/datasets/public/AFHQ/resized/train/wild/pixabay_wild_000566.jpg,pixabay_wild_000566.jpg
4112,/nas-ctm01/datasets/public/AFHQ/resized/train/wild/pixabay_wild_000567.jpg,pixabay_wild_000567.jpg
4113,/nas-ctm01/datasets/public/AFHQ/resized/train/wild/pixabay_wild_000568.jpg,pixabay_wild_000568.jpg
4114,/nas-ctm01/datasets/public/AFHQ/resized/train/wild/pixabay_wild_000569.jpg,pixabay_wild_000569.jpg
4115,/nas-ctm01/datasets/public/AFHQ/resized/train/wild/pixabay_wild_000570.jpg,pixabay_wild_000570.jpg
4116,/nas-ctm01/datasets/public/AFHQ/resized/train/wild/pixabay_wild_000571.jpg,pixabay_wild_000571.jpg
4117,/nas-ctm01/datasets/public/AFHQ/resized/train/wild/pixabay_wild_000572.jpg,pixabay_wild_000572.jpg
4118,/nas-ctm01/datasets/public/AFHQ/resized/train/wild/pixabay_wild_000573.jpg,pixabay_wild_000573.jpg
4119,/nas-ctm01/datasets/public/AFHQ/resized/train/wild/pixabay_wild_000575.jpg,pixabay_wild_000575.jpg
4120,/nas-ctm01/datasets/public/AFHQ/resized/train/wild/pixabay_wild_000576.jpg,pixabay_wild_000576.jpg
4121,/nas-ctm01/datasets/public/AFHQ/resized/train/wild/pixabay_wild_000577.jpg,pixabay_wild_000577.jpg
4122,/nas-ctm01/datasets/public/AFHQ/resized/train/wild/pixabay_wild_000578.jpg,pixabay_wild_000578.jpg
4123,/nas-ctm01/datasets/public/AFHQ/resized/train/wild/pixabay_wild_000579.jpg,pixabay_wild_000579.jpg
4124,/nas-ctm01/datasets/public/AFHQ/resized/train/wild/pixabay_wild_000580.jpg,pixabay_wild_000580.jpg
4125,/nas-ctm01/datasets/public/AFHQ/resized/train/wild/pixabay_wild_000581.jpg,pixabay_wild_000581.jpg
4126,/nas-ctm01/datasets/public/AFHQ/resized/train/wild/pixabay_wild_000582.jpg,pixabay_wild_000582.jpg
4127,/nas-ctm01/datasets/public/AFHQ/resized/train/wild/pixabay_wild_000583.jpg,pixabay_wild_000583.jpg
4128,/nas-ctm01/datasets/public/AFHQ/resized/train/wild/pixabay_wild_000585.jpg,pixabay_wild_000585.jpg
4129,/nas-ctm01/datasets/public/AFHQ/resized/train/wild/pixabay_wild_000586.jpg,pixabay_wild_000586.jpg
4130,/nas-ctm01/datasets/public/AFHQ/resized/train/wild/pixabay_wild_000587.jpg,pixabay_wild_000587.jpg
4131,/nas-ctm01/datasets/public/AFHQ/resized/train/wild/pixabay_wild_000588.jpg,pixabay_wild_000588.jpg
4132,/nas-ctm01/datasets/public/AFHQ/resized/train/wild/pixabay_wild_000589.jpg,pixabay_wild_000589.jpg
4133,/nas-ctm01/datasets/public/AFHQ/resized/train/wild/pixabay_wild_000590.jpg,pixabay_wild_000590.jpg
4134,/nas-ctm01/datasets/public/AFHQ/resized/train/wild/pixabay_wild_000591.jpg,pixabay_wild_000591.jpg
4135,/nas-ctm01/datasets/public/AFHQ/resized/train/wild/pixabay_wild_000592.jpg,pixabay_wild_000592.jpg
4136,/nas-ctm01/datasets/public/AFHQ/resized/train/wild/pixabay_wild_000593.jpg,pixabay_wild_000593.jpg
4137,/nas-ctm01/datasets/public/AFHQ/resized/train/wild/pixabay_wild_000595.jpg,pixabay_wild_000595.jpg
4138,/nas-ctm01/datasets/public/AFHQ/resized/train/wild/pixabay_wild_000596.jpg,pixabay_wild_000596.jpg
4139,/nas-ctm01/datasets/public/AFHQ/resized/train/wild/pixabay_wild_000597.jpg,pixabay_wild_000597.jpg
4140,/nas-ctm01/datasets/public/AFHQ/resized/train/wild/pixabay_wild_000599.jpg,pixabay_wild_000599.jpg
4141,/nas-ctm01/datasets/public/AFHQ/resized/train/wild/pixabay_wild_000600.jpg,pixabay_wild_000600.jpg
4142,/nas-ctm01/datasets/public/AFHQ/resized/train/wild/pixabay_wild_000601.jpg,pixabay_wild_000601.jpg
4143,/nas-ctm01/datasets/public/AFHQ/resized/train/wild/pixabay_wild_000602.jpg,pixabay_wild_000602.jpg
4144,/nas-ctm01/datasets/public/AFHQ/resized/train/wild/pixabay_wild_000603.jpg,pixabay_wild_000603.jpg
4145,/nas-ctm01/datasets/public/AFHQ/resized/train/wild/pixabay_wild_000605.jpg,pixabay_wild_000605.jpg
4146,/nas-ctm01/datasets/public/AFHQ/resized/train/wild/pixabay_wild_000606.jpg,pixabay_wild_000606.jpg
4147,/nas-ctm01/datasets/public/AFHQ/resized/train/wild/pixabay_wild_000607.jpg,pixabay_wild_000607.jpg
4148,/nas-ctm01/datasets/public/AFHQ/resized/train/wild/pixabay_wild_000608.jpg,pixabay_wild_000608.jpg
4149,/nas-ctm01/datasets/public/AFHQ/resized/train/wild/pixabay_wild_000609.jpg,pixabay_wild_000609.jpg
4150,/nas-ctm01/datasets/public/AFHQ/resized/train/wild/pixabay_wild_000610.jpg,pixabay_wild_000610.jpg
4151,/nas-ctm01/datasets/public/AFHQ/resized/train/wild/pixabay_wild_000611.jpg,pixabay_wild_000611.jpg
4152,/nas-ctm01/datasets/public/AFHQ/resized/train/wild/pixabay_wild_000612.jpg,pixabay_wild_000612.jpg
4153,/nas-ctm01/datasets/public/AFHQ/resized/train/wild/pixabay_wild_000614.jpg,pixabay_wild_000614.jpg
4154,/nas-ctm01/datasets/public/AFHQ/resized/train/wild/pixabay_wild_000615.jpg,pixabay_wild_000615.jpg
4155,/nas-ctm01/datasets/public/AFHQ/resized/train/wild/pixabay_wild_000616.jpg,pixabay_wild_000616.jpg
4156,/nas-ctm01/datasets/public/AFHQ/resized/train/wild/pixabay_wild_000617.jpg,pixabay_wild_000617.jpg
4157,/nas-ctm01/datasets/public/AFHQ/resized/train/wild/pixabay_wild_000618.jpg,pixabay_wild_000618.jpg
4158,/nas-ctm01/datasets/public/AFHQ/resized/train/wild/pixabay_wild_000619.jpg,pixabay_wild_000619.jpg
4159,/nas-ctm01/datasets/public/AFHQ/resized/train/wild/pixabay_wild_000620.jpg,pixabay_wild_000620.jpg
4160,/nas-ctm01/datasets/public/AFHQ/resized/train/wild/pixabay_wild_000621.jpg,pixabay_wild_000621.jpg
4161,/nas-ctm01/datasets/public/AFHQ/resized/train/wild/pixabay_wild_000622.jpg,pixabay_wild_000622.jpg
4162,/nas-ctm01/datasets/public/AFHQ/resized/train/wild/pixabay_wild_000623.jpg,pixabay_wild_000623.jpg
4163,/nas-ctm01/datasets/public/AFHQ/resized/train/wild/pixabay_wild_000624.jpg,pixabay_wild_000624.jpg
4164,/nas-ctm01/datasets/public/AFHQ/resized/train/wild/pixabay_wild_000625.jpg,pixabay_wild_000625.jpg
4165,/nas-ctm01/datasets/public/AFHQ/resized/train/wild/pixabay_wild_000626.jpg,pixabay_wild_000626.jpg
4166,/nas-ctm01/datasets/public/AFHQ/resized/train/wild/pixabay_wild_000627.jpg,pixabay_wild_000627.jpg
4167,/nas-ctm01/datasets/public/AFHQ/resized/train/wild/pixabay_wild_000628.jpg,pixabay_wild_000628.jpg
4168,/nas-ctm01/datasets/public/AFHQ/resized/train/wild/pixabay_wild_000630.jpg,pixabay_wild_000630.jpg
4169,/nas-ctm01/datasets/public/AFHQ/resized/train/wild/pixabay_wild_000631.jpg,pixabay_wild_000631.jpg
4170,/nas-ctm01/datasets/public/AFHQ/resized/train/wild/pixabay_wild_000632.jpg,pixabay_wild_000632.jpg
4171,/nas-ctm01/datasets/public/AFHQ/resized/train/wild/pixabay_wild_000633.jpg,pixabay_wild_000633.jpg
4172,/nas-ctm01/datasets/public/AFHQ/resized/train/wild/pixabay_wild_000634.jpg,pixabay_wild_000634.jpg
4173,/nas-ctm01/datasets/public/AFHQ/resized/train/wild/pixabay_wild_000635.jpg,pixabay_wild_000635.jpg
4174,/nas-ctm01/datasets/public/AFHQ/resized/train/wild/pixabay_wild_000636.jpg,pixabay_wild_000636.jpg
4175,/nas-ctm01/datasets/public/AFHQ/resized/train/wild/pixabay_wild_000638.jpg,pixabay_wild_000638.jpg
4176,/nas-ctm01/datasets/public/AFHQ/resized/train/wild/pixabay_wild_000640.jpg,pixabay_wild_000640.jpg
4177,/nas-ctm01/datasets/public/AFHQ/resized/train/wild/pixabay_wild_000641.jpg,pixabay_wild_000641.jpg
4178,/nas-ctm01/datasets/public/AFHQ/resized/train/wild/pixabay_wild_000642.jpg,pixabay_wild_000642.jpg
4179,/nas-ctm01/datasets/public/AFHQ/resized/train/wild/pixabay_wild_000643.jpg,pixabay_wild_000643.jpg
4180,/nas-ctm01/datasets/public/AFHQ/resized/train/wild/pixabay_wild_000644.jpg,pixabay_wild_000644.jpg
4181,/nas-ctm01/datasets/public/AFHQ/resized/train/wild/pixabay_wild_000645.jpg,pixabay_wild_000645.jpg
4182,/nas-ctm01/datasets/public/AFHQ/resized/train/wild/pixabay_wild_000646.jpg,pixabay_wild_000646.jpg
4183,/nas-ctm01/datasets/public/AFHQ/resized/train/wild/pixabay_wild_000647.jpg,pixabay_wild_000647.jpg
4184,/nas-ctm01/datasets/public/AFHQ/resized/train/wild/pixabay_wild_000648.jpg,pixabay_wild_000648.jpg
4185,/nas-ctm01/datasets/public/AFHQ/resized/train/wild/pixabay_wild_000649.jpg,pixabay_wild_000649.jpg
4186,/nas-ctm01/datasets/public/AFHQ/resized/train/wild/pixabay_wild_000651.jpg,pixabay_wild_000651.jpg
4187,/nas-ctm01/datasets/public/AFHQ/resized/train/wild/pixabay_wild_000652.jpg,pixabay_wild_000652.jpg
4188,/nas-ctm01/datasets/public/AFHQ/resized/train/wild/pixabay_wild_000653.jpg,pixabay_wild_000653.jpg
4189,/nas-ctm01/datasets/public/AFHQ/resized/train/wild/pixabay_wild_000655.jpg,pixabay_wild_000655.jpg
4190,/nas-ctm01/datasets/public/AFHQ/resized/train/wild/pixabay_wild_000656.jpg,pixabay_wild_000656.jpg
4191,/nas-ctm01/datasets/public/AFHQ/resized/train/wild/pixabay_wild_000657.jpg,pixabay_wild_000657.jpg
4192,/nas-ctm01/datasets/public/AFHQ/resized/train/wild/pixabay_wild_000658.jpg,pixabay_wild_000658.jpg
4193,/nas-ctm01/datasets/public/AFHQ/resized/train/wild/pixabay_wild_000659.jpg,pixabay_wild_000659.jpg
4194,/nas-ctm01/datasets/public/AFHQ/resized/train/wild/pixabay_wild_000660.jpg,pixabay_wild_000660.jpg
4195,/nas-ctm01/datasets/public/AFHQ/resized/train/wild/pixabay_wild_000661.jpg,pixabay_wild_000661.jpg
4196,/nas-ctm01/datasets/public/AFHQ/resized/train/wild/pixabay_wild_000662.jpg,pixabay_wild_000662.jpg
4197,/nas-ctm01/datasets/public/AFHQ/resized/train/wild/pixabay_wild_000663.jpg,pixabay_wild_000663.jpg
4198,/nas-ctm01/datasets/public/AFHQ/resized/train/wild/pixabay_wild_000665.jpg,pixabay_wild_000665.jpg
4199,/nas-ctm01/datasets/public/AFHQ/resized/train/wild/pixabay_wild_000666.jpg,pixabay_wild_000666.jpg
4200,/nas-ctm01/datasets/public/AFHQ/resized/train/wild/pixabay_wild_000667.jpg,pixabay_wild_000667.jpg
4201,/nas-ctm01/datasets/public/AFHQ/resized/train/wild/pixabay_wild_000668.jpg,pixabay_wild_000668.jpg
4202,/nas-ctm01/datasets/public/AFHQ/resized/train/wild/pixabay_wild_000669.jpg,pixabay_wild_000669.jpg
4203,/nas-ctm01/datasets/public/AFHQ/resized/train/wild/pixabay_wild_000670.jpg,pixabay_wild_000670.jpg
4204,/nas-ctm01/datasets/public/AFHQ/resized/train/wild/pixabay_wild_000671.jpg,pixabay_wild_000671.jpg
4205,/nas-ctm01/datasets/public/AFHQ/resized/train/wild/pixabay_wild_000672.jpg,pixabay_wild_000672.jpg
4206,/nas-ctm01/datasets/public/AFHQ/resized/train/wild/pixabay_wild_000673.jpg,pixabay_wild_000673.jpg
4207,/nas-ctm01/datasets/public/AFHQ/resized/train/wild/pixabay_wild_000674.jpg,pixabay_wild_000674.jpg
4208,/nas-ctm01/datasets/public/AFHQ/resized/train/wild/pixabay_wild_000675.jpg,pixabay_wild_000675.jpg
4209,/nas-ctm01/datasets/public/AFHQ/resized/train/wild/pixabay_wild_000676.jpg,pixabay_wild_000676.jpg
4210,/nas-ctm01/datasets/public/AFHQ/resized/train/wild/pixabay_wild_000677.jpg,pixabay_wild_000677.jpg
4211,/nas-ctm01/datasets/public/AFHQ/resized/train/wild/pixabay_wild_000678.jpg,pixabay_wild_000678.jpg
4212,/nas-ctm01/datasets/public/AFHQ/resized/train/wild/pixabay_wild_000679.jpg,pixabay_wild_000679.jpg
4213,/nas-ctm01/datasets/public/AFHQ/resized/train/wild/pixabay_wild_000681.jpg,pixabay_wild_000681.jpg
4214,/nas-ctm01/datasets/public/AFHQ/resized/train/wild/pixabay_wild_000682.jpg,pixabay_wild_000682.jpg
4215,/nas-ctm01/datasets/public/AFHQ/resized/train/wild/pixabay_wild_000685.jpg,pixabay_wild_000685.jpg
4216,/nas-ctm01/datasets/public/AFHQ/resized/train/wild/pixabay_wild_000686.jpg,pixabay_wild_000686.jpg
4217,/nas-ctm01/datasets/public/AFHQ/resized/train/wild/pixabay_wild_000687.jpg,pixabay_wild_000687.jpg
4218,/nas-ctm01/datasets/public/AFHQ/resized/train/wild/pixabay_wild_000688.jpg,pixabay_wild_000688.jpg
4219,/nas-ctm01/datasets/public/AFHQ/resized/train/wild/pixabay_wild_000689.jpg,pixabay_wild_000689.jpg
4220,/nas-ctm01/datasets/public/AFHQ/resized/train/wild/pixabay_wild_000690.jpg,pixabay_wild_000690.jpg
4221,/nas-ctm01/datasets/public/AFHQ/resized/train/wild/pixabay_wild_000691.jpg,pixabay_wild_000691.jpg
4222,/nas-ctm01/datasets/public/AFHQ/resized/train/wild/pixabay_wild_000692.jpg,pixabay_wild_000692.jpg
4223,/nas-ctm01/datasets/public/AFHQ/resized/train/wild/pixabay_wild_000693.jpg,pixabay_wild_000693.jpg
4224,/nas-ctm01/datasets/public/AFHQ/resized/train/wild/pixabay_wild_000694.jpg,pixabay_wild_000694.jpg
4225,/nas-ctm01/datasets/public/AFHQ/resized/train/wild/pixabay_wild_000695.jpg,pixabay_wild_000695.jpg
4226,/nas-ctm01/datasets/public/AFHQ/resized/train/wild/pixabay_wild_000696.jpg,pixabay_wild_000696.jpg
4227,/nas-ctm01/datasets/public/AFHQ/resized/train/wild/pixabay_wild_000697.jpg,pixabay_wild_000697.jpg
4228,/nas-ctm01/datasets/public/AFHQ/resized/train/wild/pixabay_wild_000698.jpg,pixabay_wild_000698.jpg
4229,/nas-ctm01/datasets/public/AFHQ/resized/train/wild/pixabay_wild_000699.jpg,pixabay_wild_000699.jpg
4230,/nas-ctm01/datasets/public/AFHQ/resized/train/wild/pixabay_wild_000700.jpg,pixabay_wild_000700.jpg
4231,/nas-ctm01/datasets/public/AFHQ/resized/train/wild/pixabay_wild_000701.jpg,pixabay_wild_000701.jpg
4232,/nas-ctm01/datasets/public/AFHQ/resized/train/wild/pixabay_wild_000702.jpg,pixabay_wild_000702.jpg
4233,/nas-ctm01/datasets/public/AFHQ/resized/train/wild/pixabay_wild_000703.jpg,pixabay_wild_000703.jpg
4234,/nas-ctm01/datasets/public/AFHQ/resized/train/wild/pixabay_wild_000704.jpg,pixabay_wild_000704.jpg
4235,/nas-ctm01/datasets/public/AFHQ/resized/train/wild/pixabay_wild_000705.jpg,pixabay_wild_000705.jpg
4236,/nas-ctm01/datasets/public/AFHQ/resized/train/wild/pixabay_wild_000706.jpg,pixabay_wild_000706.jpg
4237,/nas-ctm01/datasets/public/AFHQ/resized/train/wild/pixabay_wild_000707.jpg,pixabay_wild_000707.jpg
4238,/nas-ctm01/datasets/public/AFHQ/resized/train/wild/pixabay_wild_000708.jpg,pixabay_wild_000708.jpg
4239,/nas-ctm01/datasets/public/AFHQ/resized/train/wild/pixabay_wild_000709.jpg,pixabay_wild_000709.jpg
4240,/nas-ctm01/datasets/public/AFHQ/resized/train/wild/pixabay_wild_000710.jpg,pixabay_wild_000710.jpg
4241,/nas-ctm01/datasets/public/AFHQ/resized/train/wild/pixabay_wild_000711.jpg,pixabay_wild_000711.jpg
4242,/nas-ctm01/datasets/public/AFHQ/resized/train/wild/pixabay_wild_000712.jpg,pixabay_wild_000712.jpg
4243,/nas-ctm01/datasets/public/AFHQ/resized/train/wild/pixabay_wild_000713.jpg,pixabay_wild_000713.jpg
4244,/nas-ctm01/datasets/public/AFHQ/resized/train/wild/pixabay_wild_000714.jpg,pixabay_wild_000714.jpg
4245,/nas-ctm01/datasets/public/AFHQ/resized/train/wild/pixabay_wild_000715.jpg,pixabay_wild_000715.jpg
4246,/nas-ctm01/datasets/public/AFHQ/resized/train/wild/pixabay_wild_000716.jpg,pixabay_wild_000716.jpg
4247,/nas-ctm01/datasets/public/AFHQ/resized/train/wild/pixabay_wild_000717.jpg,pixabay_wild_000717.jpg
4248,/nas-ctm01/datasets/public/AFHQ/resized/train/wild/pixabay_wild_000718.jpg,pixabay_wild_000718.jpg
4249,/nas-ctm01/datasets/public/AFHQ/resized/train/wild/pixabay_wild_000720.jpg,pixabay_wild_000720.jpg
4250,/nas-ctm01/datasets/public/AFHQ/resized/train/wild/pixabay_wild_000721.jpg,pixabay_wild_000721.jpg
4251,/nas-ctm01/datasets/public/AFHQ/resized/train/wild/pixabay_wild_000722.jpg,pixabay_wild_000722.jpg
4252,/nas-ctm01/datasets/public/AFHQ/resized/train/wild/pixabay_wild_000723.jpg,pixabay_wild_000723.jpg
4253,/nas-ctm01/datasets/public/AFHQ/resized/train/wild/pixabay_wild_000724.jpg,pixabay_wild_000724.jpg
4254,/nas-ctm01/datasets/public/AFHQ/resized/train/wild/pixabay_wild_000725.jpg,pixabay_wild_000725.jpg
4255,/nas-ctm01/datasets/public/AFHQ/resized/train/wild/pixabay_wild_000726.jpg,pixabay_wild_000726.jpg
4256,/nas-ctm01/datasets/public/AFHQ/resized/train/wild/pixabay_wild_000727.jpg,pixabay_wild_000727.jpg
4257,/nas-ctm01/datasets/public/AFHQ/resized/train/wild/pixabay_wild_000728.jpg,pixabay_wild_000728.jpg
4258,/nas-ctm01/datasets/public/AFHQ/resized/train/wild/pixabay_wild_000729.jpg,pixabay_wild_000729.jpg
4259,/nas-ctm01/datasets/public/AFHQ/resized/train/wild/pixabay_wild_000730.jpg,pixabay_wild_000730.jpg
4260,/nas-ctm01/datasets/public/AFHQ/resized/train/wild/pixabay_wild_000731.jpg,pixabay_wild_000731.jpg
4261,/nas-ctm01/datasets/public/AFHQ/resized/train/wild/pixabay_wild_000733.jpg,pixabay_wild_000733.jpg
4262,/nas-ctm01/datasets/public/AFHQ/resized/train/wild/pixabay_wild_000734.jpg,pixabay_wild_000734.jpg
4263,/nas-ctm01/datasets/public/AFHQ/resized/train/wild/pixabay_wild_000735.jpg,pixabay_wild_000735.jpg
4264,/nas-ctm01/datasets/public/AFHQ/resized/train/wild/pixabay_wild_000736.jpg,pixabay_wild_000736.jpg
4265,/nas-ctm01/datasets/public/AFHQ/resized/train/wild/pixabay_wild_000737.jpg,pixabay_wild_000737.jpg
4266,/nas-ctm01/datasets/public/AFHQ/resized/train/wild/pixabay_wild_000738.jpg,pixabay_wild_000738.jpg
4267,/nas-ctm01/datasets/public/AFHQ/resized/train/wild/pixabay_wild_000739.jpg,pixabay_wild_000739.jpg
4268,/nas-ctm01/datasets/public/AFHQ/resized/train/wild/pixabay_wild_000740.jpg,pixabay_wild_000740.jpg
4269,/nas-ctm01/datasets/public/AFHQ/resized/train/wild/pixabay_wild_000741.jpg,pixabay_wild_000741.jpg
4270,/nas-ctm01/datasets/public/AFHQ/resized/train/wild/pixabay_wild_000742.jpg,pixabay_wild_000742.jpg
4271,/nas-ctm01/datasets/public/AFHQ/resized/train/wild/pixabay_wild_000743.jpg,pixabay_wild_000743.jpg
4272,/nas-ctm01/datasets/public/AFHQ/resized/train/wild/pixabay_wild_000744.jpg,pixabay_wild_000744.jpg
4273,/nas-ctm01/datasets/public/AFHQ/resized/train/wild/pixabay_wild_000746.jpg,pixabay_wild_000746.jpg
4274,/nas-ctm01/datasets/public/AFHQ/resized/train/wild/pixabay_wild_000747.jpg,pixabay_wild_000747.jpg
4275,/nas-ctm01/datasets/public/AFHQ/resized/train/wild/pixabay_wild_000748.jpg,pixabay_wild_000748.jpg
4276,/nas-ctm01/datasets/public/AFHQ/resized/train/wild/pixabay_wild_000749.jpg,pixabay_wild_000749.jpg
4277,/nas-ctm01/datasets/public/AFHQ/resized/train/wild/pixabay_wild_000750.jpg,pixabay_wild_000750.jpg
4278,/nas-ctm01/datasets/public/AFHQ/resized/train/wild/pixabay_wild_000752.jpg,pixabay_wild_000752.jpg
4279,/nas-ctm01/datasets/public/AFHQ/resized/train/wild/pixabay_wild_000753.jpg,pixabay_wild_000753.jpg
4280,/nas-ctm01/datasets/public/AFHQ/resized/train/wild/pixabay_wild_000754.jpg,pixabay_wild_000754.jpg
4281,/nas-ctm01/datasets/public/AFHQ/resized/train/wild/pixabay_wild_000755.jpg,pixabay_wild_000755.jpg
4282,/nas-ctm01/datasets/public/AFHQ/resized/train/wild/pixabay_wild_000756.jpg,pixabay_wild_000756.jpg
4283,/nas-ctm01/datasets/public/AFHQ/resized/train/wild/pixabay_wild_000757.jpg,pixabay_wild_000757.jpg
4284,/nas-ctm01/datasets/public/AFHQ/resized/train/wild/pixabay_wild_000758.jpg,pixabay_wild_000758.jpg
4285,/nas-ctm01/datasets/public/AFHQ/resized/train/wild/pixabay_wild_000759.jpg,pixabay_wild_000759.jpg
4286,/nas-ctm01/datasets/public/AFHQ/resized/train/wild/pixabay_wild_000760.jpg,pixabay_wild_000760.jpg
4287,/nas-ctm01/datasets/public/AFHQ/resized/train/wild/pixabay_wild_000761.jpg,pixabay_wild_000761.jpg
4288,/nas-ctm01/datasets/public/AFHQ/resized/train/wild/pixabay_wild_000763.jpg,pixabay_wild_000763.jpg
4289,/nas-ctm01/datasets/public/AFHQ/resized/train/wild/pixabay_wild_000764.jpg,pixabay_wild_000764.jpg
4290,/nas-ctm01/datasets/public/AFHQ/resized/train/wild/pixabay_wild_000765.jpg,pixabay_wild_000765.jpg
4291,/nas-ctm01/datasets/public/AFHQ/resized/train/wild/pixabay_wild_000766.jpg,pixabay_wild_000766.jpg
4292,/nas-ctm01/datasets/public/AFHQ/resized/train/wild/pixabay_wild_000767.jpg,pixabay_wild_000767.jpg
4293,/nas-ctm01/datasets/public/AFHQ/resized/train/wild/pixabay_wild_000768.jpg,pixabay_wild_000768.jpg
4294,/nas-ctm01/datasets/public/AFHQ/resized/train/wild/pixabay_wild_000769.jpg,pixabay_wild_000769.jpg
4295,/nas-ctm01/datasets/public/AFHQ/resized/train/wild/pixabay_wild_000770.jpg,pixabay_wild_000770.jpg
4296,/nas-ctm01/datasets/public/AFHQ/resized/train/wild/pixabay_wild_000771.jpg,pixabay_wild_000771.jpg
4297,/nas-ctm01/datasets/public/AFHQ/resized/train/wild/pixabay_wild_000772.jpg,pixabay_wild_000772.jpg
4298,/nas-ctm01/datasets/public/AFHQ/resized/train/wild/pixabay_wild_000773.jpg,pixabay_wild_000773.jpg
4299,/nas-ctm01/datasets/public/AFHQ/resized/train/wild/pixabay_wild_000774.jpg,pixabay_wild_000774.jpg
4300,/nas-ctm01/datasets/public/AFHQ/resized/train/wild/pixabay_wild_000775.jpg,pixabay_wild_000775.jpg
4301,/nas-ctm01/datasets/public/AFHQ/resized/train/wild/pixabay_wild_000777.jpg,pixabay_wild_000777.jpg
4302,/nas-ctm01/datasets/public/AFHQ/resized/train/wild/pixabay_wild_000778.jpg,pixabay_wild_000778.jpg
4303,/nas-ctm01/datasets/public/AFHQ/resized/train/wild/pixabay_wild_000779.jpg,pixabay_wild_000779.jpg
4304,/nas-ctm01/datasets/public/AFHQ/resized/train/wild/pixabay_wild_000780.jpg,pixabay_wild_000780.jpg
4305,/nas-ctm01/datasets/public/AFHQ/resized/train/wild/pixabay_wild_000781.jpg,pixabay_wild_000781.jpg
4306,/nas-ctm01/datasets/public/AFHQ/resized/train/wild/pixabay_wild_000782.jpg,pixabay_wild_000782.jpg
4307,/nas-ctm01/datasets/public/AFHQ/resized/train/wild/pixabay_wild_000783.jpg,pixabay_wild_000783.jpg
4308,/nas-ctm01/datasets/public/AFHQ/resized/train/wild/pixabay_wild_000784.jpg,pixabay_wild_000784.jpg
4309,/nas-ctm01/datasets/public/AFHQ/resized/train/wild/pixabay_wild_000785.jpg,pixabay_wild_000785.jpg
4310,/nas-ctm01/datasets/public/AFHQ/resized/train/wild/pixabay_wild_000786.jpg,pixabay_wild_000786.jpg
4311,/nas-ctm01/datasets/public/AFHQ/resized/train/wild/pixabay_wild_000787.jpg,pixabay_wild_000787.jpg
4312,/nas-ctm01/datasets/public/AFHQ/resized/train/wild/pixabay_wild_000788.jpg,pixabay_wild_000788.jpg
4313,/nas-ctm01/datasets/public/AFHQ/resized/train/wild/pixabay_wild_000789.jpg,pixabay_wild_000789.jpg
4314,/nas-ctm01/datasets/public/AFHQ/resized/train/wild/pixabay_wild_000790.jpg,pixabay_wild_000790.jpg
4315,/nas-ctm01/datasets/public/AFHQ/resized/train/wild/pixabay_wild_000792.jpg,pixabay_wild_000792.jpg
4316,/nas-ctm01/datasets/public/AFHQ/resized/train/wild/pixabay_wild_000793.jpg,pixabay_wild_000793.jpg
4317,/nas-ctm01/datasets/public/AFHQ/resized/train/wild/pixabay_wild_000795.jpg,pixabay_wild_000795.jpg
4318,/nas-ctm01/datasets/public/AFHQ/resized/train/wild/pixabay_wild_000796.jpg,pixabay_wild_000796.jpg
4319,/nas-ctm01/datasets/public/AFHQ/resized/train/wild/pixabay_wild_000797.jpg,pixabay_wild_000797.jpg
4320,/nas-ctm01/datasets/public/AFHQ/resized/train/wild/pixabay_wild_000798.jpg,pixabay_wild_000798.jpg
4321,/nas-ctm01/datasets/public/AFHQ/resized/train/wild/pixabay_wild_000799.jpg,pixabay_wild_000799.jpg
4322,/nas-ctm01/datasets/public/AFHQ/resized/train/wild/pixabay_wild_000800.jpg,pixabay_wild_000800.jpg
4323,/nas-ctm01/datasets/public/AFHQ/resized/train/wild/pixabay_wild_000802.jpg,pixabay_wild_000802.jpg
4324,/nas-ctm01/datasets/public/AFHQ/resized/train/wild/pixabay_wild_000803.jpg,pixabay_wild_000803.jpg
4325,/nas-ctm01/datasets/public/AFHQ/resized/train/wild/pixabay_wild_000804.jpg,pixabay_wild_000804.jpg
4326,/nas-ctm01/datasets/public/AFHQ/resized/train/wild/pixabay_wild_000805.jpg,pixabay_wild_000805.jpg
4327,/nas-ctm01/datasets/public/AFHQ/resized/train/wild/pixabay_wild_000806.jpg,pixabay_wild_000806.jpg
4328,/nas-ctm01/datasets/public/AFHQ/resized/train/wild/pixabay_wild_000807.jpg,pixabay_wild_000807.jpg
4329,/nas-ctm01/datasets/public/AFHQ/resized/train/wild/pixabay_wild_000808.jpg,pixabay_wild_000808.jpg
4330,/nas-ctm01/datasets/public/AFHQ/resized/train/wild/pixabay_wild_000809.jpg,pixabay_wild_000809.jpg
4331,/nas-ctm01/datasets/public/AFHQ/resized/train/wild/pixabay_wild_000810.jpg,pixabay_wild_000810.jpg
4332,/nas-ctm01/datasets/public/AFHQ/resized/train/wild/pixabay_wild_000811.jpg,pixabay_wild_000811.jpg
4333,/nas-ctm01/datasets/public/AFHQ/resized/train/wild/pixabay_wild_000812.jpg,pixabay_wild_000812.jpg
4334,/nas-ctm01/datasets/public/AFHQ/resized/train/wild/pixabay_wild_000813.jpg,pixabay_wild_000813.jpg
4335,/nas-ctm01/datasets/public/AFHQ/resized/train/wild/pixabay_wild_000814.jpg,pixabay_wild_000814.jpg
4336,/nas-ctm01/datasets/public/AFHQ/resized/train/wild/pixabay_wild_000815.jpg,pixabay_wild_000815.jpg
4337,/nas-ctm01/datasets/public/AFHQ/resized/train/wild/pixabay_wild_000816.jpg,pixabay_wild_000816.jpg
4338,/nas-ctm01/datasets/public/AFHQ/resized/train/wild/pixabay_wild_000817.jpg,pixabay_wild_000817.jpg
4339,/nas-ctm01/datasets/public/AFHQ/resized/train/wild/pixabay_wild_000818.jpg,pixabay_wild_000818.jpg
4340,/nas-ctm01/datasets/public/AFHQ/resized/train/wild/pixabay_wild_000819.jpg,pixabay_wild_000819.jpg
4341,/nas-ctm01/datasets/public/AFHQ/resized/train/wild/pixabay_wild_000820.jpg,pixabay_wild_000820.jpg
4342,/nas-ctm01/datasets/public/AFHQ/resized/train/wild/pixabay_wild_000821.jpg,pixabay_wild_000821.jpg
4343,/nas-ctm01/datasets/public/AFHQ/resized/train/wild/pixabay_wild_000822.jpg,pixabay_wild_000822.jpg
4344,/nas-ctm01/datasets/public/AFHQ/resized/train/wild/pixabay_wild_000823.jpg,pixabay_wild_000823.jpg
4345,/nas-ctm01/datasets/public/AFHQ/resized/train/wild/pixabay_wild_000824.jpg,pixabay_wild_000824.jpg
4346,/nas-ctm01/datasets/public/AFHQ/resized/train/wild/pixabay_wild_000825.jpg,pixabay_wild_000825.jpg
4347,/nas-ctm01/datasets/public/AFHQ/resized/train/wild/pixabay_wild_000826.jpg,pixabay_wild_000826.jpg
4348,/nas-ctm01/datasets/public/AFHQ/resized/train/wild/pixabay_wild_000827.jpg,pixabay_wild_000827.jpg
4349,/nas-ctm01/datasets/public/AFHQ/resized/train/wild/pixabay_wild_000828.jpg,pixabay_wild_000828.jpg
4350,/nas-ctm01/datasets/public/AFHQ/resized/train/wild/pixabay_wild_000829.jpg,pixabay_wild_000829.jpg
4351,/nas-ctm01/datasets/public/AFHQ/resized/train/wild/pixabay_wild_000830.jpg,pixabay_wild_000830.jpg
4352,/nas-ctm01/datasets/public/AFHQ/resized/train/wild/pixabay_wild_000831.jpg,pixabay_wild_000831.jpg
4353,/nas-ctm01/datasets/public/AFHQ/resized/train/wild/pixabay_wild_000832.jpg,pixabay_wild_000832.jpg
4354,/nas-ctm01/datasets/public/AFHQ/resized/train/wild/pixabay_wild_000833.jpg,pixabay_wild_000833.jpg
4355,/nas-ctm01/datasets/public/AFHQ/resized/train/wild/pixabay_wild_000834.jpg,pixabay_wild_000834.jpg
4356,/nas-ctm01/datasets/public/AFHQ/resized/train/wild/pixabay_wild_000835.jpg,pixabay_wild_000835.jpg
4357,/nas-ctm01/datasets/public/AFHQ/resized/train/wild/pixabay_wild_000836.jpg,pixabay_wild_000836.jpg
4358,/nas-ctm01/datasets/public/AFHQ/resized/train/wild/pixabay_wild_000837.jpg,pixabay_wild_000837.jpg
4359,/nas-ctm01/datasets/public/AFHQ/resized/train/wild/pixabay_wild_000839.jpg,pixabay_wild_000839.jpg
4360,/nas-ctm01/datasets/public/AFHQ/resized/train/wild/pixabay_wild_000841.jpg,pixabay_wild_000841.jpg
4361,/nas-ctm01/datasets/public/AFHQ/resized/train/wild/pixabay_wild_000842.jpg,pixabay_wild_000842.jpg
4362,/nas-ctm01/datasets/public/AFHQ/resized/train/wild/pixabay_wild_000843.jpg,pixabay_wild_000843.jpg
4363,/nas-ctm01/datasets/public/AFHQ/resized/train/wild/pixabay_wild_000844.jpg,pixabay_wild_000844.jpg
4364,/nas-ctm01/datasets/public/AFHQ/resized/train/wild/pixabay_wild_000845.jpg,pixabay_wild_000845.jpg
4365,/nas-ctm01/datasets/public/AFHQ/resized/train/wild/pixabay_wild_000846.jpg,pixabay_wild_000846.jpg
4366,/nas-ctm01/datasets/public/AFHQ/resized/train/wild/pixabay_wild_000847.jpg,pixabay_wild_000847.jpg
4367,/nas-ctm01/datasets/public/AFHQ/resized/train/wild/pixabay_wild_000848.jpg,pixabay_wild_000848.jpg
4368,/nas-ctm01/datasets/public/AFHQ/resized/train/wild/pixabay_wild_000849.jpg,pixabay_wild_000849.jpg
4369,/nas-ctm01/datasets/public/AFHQ/resized/train/wild/pixabay_wild_000850.jpg,pixabay_wild_000850.jpg
4370,/nas-ctm01/datasets/public/AFHQ/resized/train/wild/pixabay_wild_000851.jpg,pixabay_wild_000851.jpg
4371,/nas-ctm01/datasets/public/AFHQ/resized/train/wild/pixabay_wild_000852.jpg,pixabay_wild_000852.jpg
4372,/nas-ctm01/datasets/public/AFHQ/resized/train/wild/pixabay_wild_000853.jpg,pixabay_wild_000853.jpg
4373,/nas-ctm01/datasets/public/AFHQ/resized/train/wild/pixabay_wild_000854.jpg,pixabay_wild_000854.jpg
4374,/nas-ctm01/datasets/public/AFHQ/resized/train/wild/pixabay_wild_000857.jpg,pixabay_wild_000857.jpg
4375,/nas-ctm01/datasets/public/AFHQ/resized/train/wild/pixabay_wild_000858.jpg,pixabay_wild_000858.jpg
4376,/nas-ctm01/datasets/public/AFHQ/resized/train/wild/pixabay_wild_000859.jpg,pixabay_wild_000859.jpg
4377,/nas-ctm01/datasets/public/AFHQ/resized/train/wild/pixabay_wild_000860.jpg,pixabay_wild_000860.jpg
4378,/nas-ctm01/datasets/public/AFHQ/resized/train/wild/pixabay_wild_000861.jpg,pixabay_wild_000861.jpg
4379,/nas-ctm01/datasets/public/AFHQ/resized/train/wild/pixabay_wild_000862.jpg,pixabay_wild_000862.jpg
4380,/nas-ctm01/datasets/public/AFHQ/resized/train/wild/pixabay_wild_000865.jpg,pixabay_wild_000865.jpg
4381,/nas-ctm01/datasets/public/AFHQ/resized/train/wild/pixabay_wild_000867.jpg,pixabay_wild_000867.jpg
4382,/nas-ctm01/datasets/public/AFHQ/resized/train/wild/pixabay_wild_000868.jpg,pixabay_wild_000868.jpg
4383,/nas-ctm01/datasets/public/AFHQ/resized/train/wild/pixabay_wild_000869.jpg,pixabay_wild_000869.jpg
4384,/nas-ctm01/datasets/public/AFHQ/resized/train/wild/pixabay_wild_000870.jpg,pixabay_wild_000870.jpg
4385,/nas-ctm01/datasets/public/AFHQ/resized/train/wild/pixabay_wild_000871.jpg,pixabay_wild_000871.jpg
4386,/nas-ctm01/datasets/public/AFHQ/resized/train/wild/pixabay_wild_000872.jpg,pixabay_wild_000872.jpg
4387,/nas-ctm01/datasets/public/AFHQ/resized/train/wild/pixabay_wild_000873.jpg,pixabay_wild_000873.jpg
4388,/nas-ctm01/datasets/public/AFHQ/resized/train/wild/pixabay_wild_000874.jpg,pixabay_wild_000874.jpg
4389,/nas-ctm01/datasets/public/AFHQ/resized/train/wild/pixabay_wild_000875.jpg,pixabay_wild_000875.jpg
4390,/nas-ctm01/datasets/public/AFHQ/resized/train/wild/pixabay_wild_000876.jpg,pixabay_wild_000876.jpg
4391,/nas-ctm01/datasets/public/AFHQ/resized/train/wild/pixabay_wild_000878.jpg,pixabay_wild_000878.jpg
4392,/nas-ctm01/datasets/public/AFHQ/resized/train/wild/pixabay_wild_000879.jpg,pixabay_wild_000879.jpg
4393,/nas-ctm01/datasets/public/AFHQ/resized/train/wild/pixabay_wild_000880.jpg,pixabay_wild_000880.jpg
4394,/nas-ctm01/datasets/public/AFHQ/resized/train/wild/pixabay_wild_000881.jpg,pixabay_wild_000881.jpg
4395,/nas-ctm01/datasets/public/AFHQ/resized/train/wild/pixabay_wild_000882.jpg,pixabay_wild_000882.jpg
4396,/nas-ctm01/datasets/public/AFHQ/resized/train/wild/pixabay_wild_000883.jpg,pixabay_wild_000883.jpg
4397,/nas-ctm01/datasets/public/AFHQ/resized/train/wild/pixabay_wild_000884.jpg,pixabay_wild_000884.jpg
4398,/nas-ctm01/datasets/public/AFHQ/resized/train/wild/pixabay_wild_000886.jpg,pixabay_wild_000886.jpg
4399,/nas-ctm01/datasets/public/AFHQ/resized/train/wild/pixabay_wild_000887.jpg,pixabay_wild_000887.jpg
4400,/nas-ctm01/datasets/public/AFHQ/resized/train/wild/pixabay_wild_000888.jpg,pixabay_wild_000888.jpg
4401,/nas-ctm01/datasets/public/AFHQ/resized/train/wild/pixabay_wild_000889.jpg,pixabay_wild_000889.jpg
4402,/nas-ctm01/datasets/public/AFHQ/resized/train/wild/pixabay_wild_000890.jpg,pixabay_wild_000890.jpg
4403,/nas-ctm01/datasets/public/AFHQ/resized/train/wild/pixabay_wild_000891.jpg,pixabay_wild_000891.jpg
4404,/nas-ctm01/datasets/public/AFHQ/resized/train/wild/pixabay_wild_000892.jpg,pixabay_wild_000892.jpg
4405,/nas-ctm01/datasets/public/AFHQ/resized/train/wild/pixabay_wild_000893.jpg,pixabay_wild_000893.jpg
4406,/nas-ctm01/datasets/public/AFHQ/resized/train/wild/pixabay_wild_000894.jpg,pixabay_wild_000894.jpg
4407,/nas-ctm01/datasets/public/AFHQ/resized/train/wild/pixabay_wild_000895.jpg,pixabay_wild_000895.jpg
4408,/nas-ctm01/datasets/public/AFHQ/resized/train/wild/pixabay_wild_000896.jpg,pixabay_wild_000896.jpg
4409,/nas-ctm01/datasets/public/AFHQ/resized/train/wild/pixabay_wild_000897.jpg,pixabay_wild_000897.jpg
4410,/nas-ctm01/datasets/public/AFHQ/resized/train/wild/pixabay_wild_000898.jpg,pixabay_wild_000898.jpg
4411,/nas-ctm01/datasets/public/AFHQ/resized/train/wild/pixabay_wild_000899.jpg,pixabay_wild_000899.jpg
4412,/nas-ctm01/datasets/public/AFHQ/resized/train/wild/pixabay_wild_000900.jpg,pixabay_wild_000900.jpg
4413,/nas-ctm01/datasets/public/AFHQ/resized/train/wild/pixabay_wild_000901.jpg,pixabay_wild_000901.jpg
4414,/nas-ctm01/datasets/public/AFHQ/resized/train/wild/pixabay_wild_000902.jpg,pixabay_wild_000902.jpg
4415,/nas-ctm01/datasets/public/AFHQ/resized/train/wild/pixabay_wild_000903.jpg,pixabay_wild_000903.jpg
4416,/nas-ctm01/datasets/public/AFHQ/resized/train/wild/pixabay_wild_000904.jpg,pixabay_wild_000904.jpg
4417,/nas-ctm01/datasets/public/AFHQ/resized/train/wild/pixabay_wild_000905.jpg,pixabay_wild_000905.jpg
4418,/nas-ctm01/datasets/public/AFHQ/resized/train/wild/pixabay_wild_000906.jpg,pixabay_wild_000906.jpg
4419,/nas-ctm01/datasets/public/AFHQ/resized/train/wild/pixabay_wild_000907.jpg,pixabay_wild_000907.jpg
4420,/nas-ctm01/datasets/public/AFHQ/resized/train/wild/pixabay_wild_000908.jpg,pixabay_wild_000908.jpg
4421,/nas-ctm01/datasets/public/AFHQ/resized/train/wild/pixabay_wild_000909.jpg,pixabay_wild_000909.jpg
4422,/nas-ctm01/datasets/public/AFHQ/resized/train/wild/pixabay_wild_000910.jpg,pixabay_wild_000910.jpg
4423,/nas-ctm01/datasets/public/AFHQ/resized/train/wild/pixabay_wild_000911.jpg,pixabay_wild_000911.jpg
4424,/nas-ctm01/datasets/public/AFHQ/resized/train/wild/pixabay_wild_000912.jpg,pixabay_wild_000912.jpg
4425,/nas-ctm01/datasets/public/AFHQ/resized/train/wild/pixabay_wild_000913.jpg,pixabay_wild_000913.jpg
4426,/nas-ctm01/datasets/public/AFHQ/resized/train/wild/pixabay_wild_000914.jpg,pixabay_wild_000914.jpg
4427,/nas-ctm01/datasets/public/AFHQ/resized/train/wild/pixabay_wild_000915.jpg,pixabay_wild_000915.jpg
4428,/nas-ctm01/datasets/public/AFHQ/resized/train/wild/pixabay_wild_000916.jpg,pixabay_wild_000916.jpg
4429,/nas-ctm01/datasets/public/AFHQ/resized/train/wild/pixabay_wild_000917.jpg,pixabay_wild_000917.jpg
4430,/nas-ctm01/datasets/public/AFHQ/resized/train/wild/pixabay_wild_000918.jpg,pixabay_wild_000918.jpg
4431,/nas-ctm01/datasets/public/AFHQ/resized/train/wild/pixabay_wild_000919.jpg,pixabay_wild_000919.jpg
4432,/nas-ctm01/datasets/public/AFHQ/resized/train/wild/pixabay_wild_000921.jpg,pixabay_wild_000921.jpg
4433,/nas-ctm01/datasets/public/AFHQ/resized/train/wild/pixabay_wild_000922.jpg,pixabay_wild_000922.jpg
4434,/nas-ctm01/datasets/public/AFHQ/resized/train/wild/pixabay_wild_000923.jpg,pixabay_wild_000923.jpg
4435,/nas-ctm01/datasets/public/AFHQ/resized/train/wild/pixabay_wild_000924.jpg,pixabay_wild_000924.jpg
4436,/nas-ctm01/datasets/public/AFHQ/resized/train/wild/pixabay_wild_000925.jpg,pixabay_wild_000925.jpg
4437,/nas-ctm01/datasets/public/AFHQ/resized/train/wild/pixabay_wild_000927.jpg,pixabay_wild_000927.jpg
4438,/nas-ctm01/datasets/public/AFHQ/resized/train/wild/pixabay_wild_000928.jpg,pixabay_wild_000928.jpg
4439,/nas-ctm01/datasets/public/AFHQ/resized/train/wild/pixabay_wild_000929.jpg,pixabay_wild_000929.jpg
4440,/nas-ctm01/datasets/public/AFHQ/resized/train/wild/pixabay_wild_000930.jpg,pixabay_wild_000930.jpg
4441,/nas-ctm01/datasets/public/AFHQ/resized/train/wild/pixabay_wild_000931.jpg,pixabay_wild_000931.jpg
4442,/nas-ctm01/datasets/public/AFHQ/resized/train/wild/pixabay_wild_000932.jpg,pixabay_wild_000932.jpg
4443,/nas-ctm01/datasets/public/AFHQ/resized/train/wild/pixabay_wild_000933.jpg,pixabay_wild_000933.jpg
4444,/nas-ctm01/datasets/public/AFHQ/resized/train/wild/pixabay_wild_000934.jpg,pixabay_wild_000934.jpg
4445,/nas-ctm01/datasets/public/AFHQ/resized/train/wild/pixabay_wild_000935.jpg,pixabay_wild_000935.jpg
4446,/nas-ctm01/datasets/public/AFHQ/resized/train/wild/pixabay_wild_000936.jpg,pixabay_wild_000936.jpg
4447,/nas-ctm01/datasets/public/AFHQ/resized/train/wild/pixabay_wild_000937.jpg,pixabay_wild_000937.jpg
4448,/nas-ctm01/datasets/public/AFHQ/resized/train/wild/pixabay_wild_000938.jpg,pixabay_wild_000938.jpg
4449,/nas-ctm01/datasets/public/AFHQ/resized/train/wild/pixabay_wild_000939.jpg,pixabay_wild_000939.jpg
4450,/nas-ctm01/datasets/public/AFHQ/resized/train/wild/pixabay_wild_000941.jpg,pixabay_wild_000941.jpg
4451,/nas-ctm01/datasets/public/AFHQ/resized/train/wild/pixabay_wild_000942.jpg,pixabay_wild_000942.jpg
4452,/nas-ctm01/datasets/public/AFHQ/resized/train/wild/pixabay_wild_000943.jpg,pixabay_wild_000943.jpg
4453,/nas-ctm01/datasets/public/AFHQ/resized/train/wild/pixabay_wild_000944.jpg,pixabay_wild_000944.jpg
4454,/nas-ctm01/datasets/public/AFHQ/resized/train/wild/pixabay_wild_000945.jpg,pixabay_wild_000945.jpg
4455,/nas-ctm01/datasets/public/AFHQ/resized/train/wild/pixabay_wild_000946.jpg,pixabay_wild_000946.jpg
4456,/nas-ctm01/datasets/public/AFHQ/resized/train/wild/pixabay_wild_000947.jpg,pixabay_wild_000947.jpg
4457,/nas-ctm01/datasets/public/AFHQ/resized/train/wild/pixabay_wild_000948.jpg,pixabay_wild_000948.jpg
4458,/nas-ctm01/datasets/public/AFHQ/resized/train/wild/pixabay_wild_000949.jpg,pixabay_wild_000949.jpg
4459,/nas-ctm01/datasets/public/AFHQ/resized/train/wild/pixabay_wild_000950.jpg,pixabay_wild_000950.jpg
4460,/nas-ctm01/datasets/public/AFHQ/resized/train/wild/pixabay_wild_000951.jpg,pixabay_wild_000951.jpg
4461,/nas-ctm01/datasets/public/AFHQ/resized/train/wild/pixabay_wild_000952.jpg,pixabay_wild_000952.jpg
4462,/nas-ctm01/datasets/public/AFHQ/resized/train/wild/pixabay_wild_000953.jpg,pixabay_wild_000953.jpg
4463,/nas-ctm01/datasets/public/AFHQ/resized/train/wild/pixabay_wild_000954.jpg,pixabay_wild_000954.jpg
4464,/nas-ctm01/datasets/public/AFHQ/resized/train/wild/pixabay_wild_000956.jpg,pixabay_wild_000956.jpg
4465,/nas-ctm01/datasets/public/AFHQ/resized/train/wild/pixabay_wild_000957.jpg,pixabay_wild_000957.jpg
4466,/nas-ctm01/datasets/public/AFHQ/resized/train/wild/pixabay_wild_000959.jpg,pixabay_wild_000959.jpg
4467,/nas-ctm01/datasets/public/AFHQ/resized/train/wild/pixabay_wild_000960.jpg,pixabay_wild_000960.jpg
4468,/nas-ctm01/datasets/public/AFHQ/resized/train/wild/pixabay_wild_000961.jpg,pixabay_wild_000961.jpg
4469,/nas-ctm01/datasets/public/AFHQ/resized/train/wild/pixabay_wild_000962.jpg,pixabay_wild_000962.jpg
4470,/nas-ctm01/datasets/public/AFHQ/resized/train/wild/pixabay_wild_000963.jpg,pixabay_wild_000963.jpg
4471,/nas-ctm01/datasets/public/AFHQ/resized/train/wild/pixabay_wild_000964.jpg,pixabay_wild_000964.jpg
4472,/nas-ctm01/datasets/public/AFHQ/resized/train/wild/pixabay_wild_000967.jpg,pixabay_wild_000967.jpg
4473,/nas-ctm01/datasets/public/AFHQ/resized/train/wild/pixabay_wild_000968.jpg,pixabay_wild_000968.jpg
4474,/nas-ctm01/datasets/public/AFHQ/resized/train/wild/pixabay_wild_000969.jpg,pixabay_wild_000969.jpg
4475,/nas-ctm01/datasets/public/AFHQ/resized/train/wild/pixabay_wild_000970.jpg,pixabay_wild_000970.jpg
4476,/nas-ctm01/datasets/public/AFHQ/resized/train/wild/pixabay_wild_000971.jpg,pixabay_wild_000971.jpg
4477,/nas-ctm01/datasets/public/AFHQ/resized/train/wild/pixabay_wild_000973.jpg,pixabay_wild_000973.jpg
4478,/nas-ctm01/datasets/public/AFHQ/resized/train/wild/pixabay_wild_000974.jpg,pixabay_wild_000974.jpg
4479,/nas-ctm01/datasets/public/AFHQ/resized/train/wild/pixabay_wild_000975.jpg,pixabay_wild_000975.jpg
4480,/nas-ctm01/datasets/public/AFHQ/resized/train/wild/pixabay_wild_000976.jpg,pixabay_wild_000976.jpg
4481,/nas-ctm01/datasets/public/AFHQ/resized/train/wild/pixabay_wild_000977.jpg,pixabay_wild_000977.jpg
4482,/nas-ctm01/datasets/public/AFHQ/resized/train/wild/pixabay_wild_000978.jpg,pixabay_wild_000978.jpg
4483,/nas-ctm01/datasets/public/AFHQ/resized/train/wild/pixabay_wild_000979.jpg,pixabay_wild_000979.jpg
4484,/nas-ctm01/datasets/public/AFHQ/resized/train/wild/pixabay_wild_000980.jpg,pixabay_wild_000980.jpg
4485,/nas-ctm01/datasets/public/AFHQ/resized/train/wild/pixabay_wild_000981.jpg,pixabay_wild_000981.jpg
4486,/nas-ctm01/datasets/public/AFHQ/resized/train/wild/pixabay_wild_000982.jpg,pixabay_wild_000982.jpg
4487,/nas-ctm01/datasets/public/AFHQ/resized/train/wild/pixabay_wild_000983.jpg,pixabay_wild_000983.jpg
4488,/nas-ctm01/datasets/public/AFHQ/resized/train/wild/pixabay_wild_000984.jpg,pixabay_wild_000984.jpg
4489,/nas-ctm01/datasets/public/AFHQ/resized/train/wild/pixabay_wild_000985.jpg,pixabay_wild_000985.jpg
4490,/nas-ctm01/datasets/public/AFHQ/resized/train/wild/pixabay_wild_000986.jpg,pixabay_wild_000986.jpg
4491,/nas-ctm01/datasets/public/AFHQ/resized/train/wild/pixabay_wild_000987.jpg,pixabay_wild_000987.jpg
4492,/nas-ctm01/datasets/public/AFHQ/resized/train/wild/pixabay_wild_000989.jpg,pixabay_wild_000989.jpg
4493,/nas-ctm01/datasets/public/AFHQ/resized/train/wild/pixabay_wild_000990.jpg,pixabay_wild_000990.jpg
4494,/nas-ctm01/datasets/public/AFHQ/resized/train/wild/pixabay_wild_000991.jpg,pixabay_wild_000991.jpg
4495,/nas-ctm01/datasets/public/AFHQ/resized/train/wild/pixabay_wild_000992.jpg,pixabay_wild_000992.jpg
4496,/nas-ctm01/datasets/public/AFHQ/resized/train/wild/pixabay_wild_000993.jpg,pixabay_wild_000993.jpg
4497,/nas-ctm01/datasets/public/AFHQ/resized/train/wild/pixabay_wild_000995.jpg,pixabay_wild_000995.jpg
4498,/nas-ctm01/datasets/public/AFHQ/resized/train/wild/pixabay_wild_000996.jpg,pixabay_wild_000996.jpg
4499,/nas-ctm01/datasets/public/AFHQ/resized/train/wild/pixabay_wild_000997.jpg,pixabay_wild_000997.jpg
4500,/nas-ctm01/datasets/public/AFHQ/resized/train/wild/pixabay_wild_000998.jpg,pixabay_wild_000998.jpg
4501,/nas-ctm01/datasets/public/AFHQ/resized/train/wild/pixabay_wild_000999.jpg,pixabay_wild_000999.jpg
4502,/nas-ctm01/datasets/public/AFHQ/resized/train/wild/pixabay_wild_001000.jpg,pixabay_wild_001000.jpg
4503,/nas-ctm01/datasets/public/AFHQ/resized/train/wild/pixabay_wild_001002.jpg,pixabay_wild_001002.jpg
4504,/nas-ctm01/datasets/public/AFHQ/resized/train/wild/pixabay_wild_001003.jpg,pixabay_wild_001003.jpg
4505,/nas-ctm01/datasets/public/AFHQ/resized/train/wild/pixabay_wild_001004.jpg,pixabay_wild_001004.jpg
4506,/nas-ctm01/datasets/public/AFHQ/resized/train/wild/pixabay_wild_001005.jpg,pixabay_wild_001005.jpg
4507,/nas-ctm01/datasets/public/AFHQ/resized/train/wild/pixabay_wild_001006.jpg,pixabay_wild_001006.jpg
4508,/nas-ctm01/datasets/public/AFHQ/resized/train/wild/pixabay_wild_001007.jpg,pixabay_wild_001007.jpg
4509,/nas-ctm01/datasets/public/AFHQ/resized/train/wild/pixabay_wild_001008.jpg,pixabay_wild_001008.jpg
4510,/nas-ctm01/datasets/public/AFHQ/resized/train/wild/pixabay_wild_001009.jpg,pixabay_wild_001009.jpg
4511,/nas-ctm01/datasets/public/AFHQ/resized/train/wild/pixabay_wild_001011.jpg,pixabay_wild_001011.jpg
4512,/nas-ctm01/datasets/public/AFHQ/resized/train/wild/pixabay_wild_001012.jpg,pixabay_wild_001012.jpg
4513,/nas-ctm01/datasets/public/AFHQ/resized/train/wild/pixabay_wild_001013.jpg,pixabay_wild_001013.jpg
4514,/nas-ctm01/datasets/public/AFHQ/resized/train/wild/pixabay_wild_001014.jpg,pixabay_wild_001014.jpg
4515,/nas-ctm01/datasets/public/AFHQ/resized/train/wild/pixabay_wild_001015.jpg,pixabay_wild_001015.jpg
4516,/nas-ctm01/datasets/public/AFHQ/resized/train/wild/pixabay_wild_001016.jpg,pixabay_wild_001016.jpg
4517,/nas-ctm01/datasets/public/AFHQ/resized/train/wild/pixabay_wild_001017.jpg,pixabay_wild_001017.jpg
4518,/nas-ctm01/datasets/public/AFHQ/resized/train/wild/pixabay_wild_001018.jpg,pixabay_wild_001018.jpg
4519,/nas-ctm01/datasets/public/AFHQ/resized/train/wild/pixabay_wild_001019.jpg,pixabay_wild_001019.jpg
4520,/nas-ctm01/datasets/public/AFHQ/resized/train/wild/pixabay_wild_001020.jpg,pixabay_wild_001020.jpg
4521,/nas-ctm01/datasets/public/AFHQ/resized/train/wild/pixabay_wild_001021.jpg,pixabay_wild_001021.jpg
4522,/nas-ctm01/datasets/public/AFHQ/resized/train/wild/pixabay_wild_001022.jpg,pixabay_wild_001022.jpg
4523,/nas-ctm01/datasets/public/AFHQ/resized/train/wild/pixabay_wild_001023.jpg,pixabay_wild_001023.jpg
4524,/nas-ctm01/datasets/public/AFHQ/resized/train/wild/pixabay_wild_001024.jpg,pixabay_wild_001024.jpg
4525,/nas-ctm01/datasets/public/AFHQ/resized/train/wild/pixabay_wild_001025.jpg,pixabay_wild_001025.jpg
4526,/nas-ctm01/datasets/public/AFHQ/resized/train/wild/pixabay_wild_001026.jpg,pixabay_wild_001026.jpg
4527,/nas-ctm01/datasets/public/AFHQ/resized/train/wild/pixabay_wild_001027.jpg,pixabay_wild_001027.jpg
4528,/nas-ctm01/datasets/public/AFHQ/resized/train/wild/pixabay_wild_001029.jpg,pixabay_wild_001029.jpg
4529,/nas-ctm01/datasets/public/AFHQ/resized/train/wild/pixabay_wild_001030.jpg,pixabay_wild_001030.jpg
4530,/nas-ctm01/datasets/public/AFHQ/resized/train/wild/pixabay_wild_001031.jpg,pixabay_wild_001031.jpg
4531,/nas-ctm01/datasets/public/AFHQ/resized/train/wild/pixabay_wild_001032.jpg,pixabay_wild_001032.jpg
4532,/nas-ctm01/datasets/public/AFHQ/resized/train/wild/pixabay_wild_001033.jpg,pixabay_wild_001033.jpg
4533,/nas-ctm01/datasets/public/AFHQ/resized/train/wild/pixabay_wild_001034.jpg,pixabay_wild_001034.jpg
4534,/nas-ctm01/datasets/public/AFHQ/resized/train/wild/pixabay_wild_001035.jpg,pixabay_wild_001035.jpg
4535,/nas-ctm01/datasets/public/AFHQ/resized/train/wild/pixabay_wild_001036.jpg,pixabay_wild_001036.jpg
4536,/nas-ctm01/datasets/public/AFHQ/resized/train/wild/pixabay_wild_001037.jpg,pixabay_wild_001037.jpg
4537,/nas-ctm01/datasets/public/AFHQ/resized/train/wild/pixabay_wild_001038.jpg,pixabay_wild_001038.jpg
4538,/nas-ctm01/datasets/public/AFHQ/resized/train/wild/pixabay_wild_001039.jpg,pixabay_wild_001039.jpg
4539,/nas-ctm01/datasets/public/AFHQ/resized/train/wild/pixabay_wild_001040.jpg,pixabay_wild_001040.jpg
4540,/nas-ctm01/datasets/public/AFHQ/resized/train/wild/pixabay_wild_001041.jpg,pixabay_wild_001041.jpg
4541,/nas-ctm01/datasets/public/AFHQ/resized/train/wild/pixabay_wild_001042.jpg,pixabay_wild_001042.jpg
4542,/nas-ctm01/datasets/public/AFHQ/resized/train/wild/pixabay_wild_001044.jpg,pixabay_wild_001044.jpg
4543,/nas-ctm01/datasets/public/AFHQ/resized/train/wild/pixabay_wild_001045.jpg,pixabay_wild_001045.jpg
4544,/nas-ctm01/datasets/public/AFHQ/resized/train/wild/pixabay_wild_001046.jpg,pixabay_wild_001046.jpg
4545,/nas-ctm01/datasets/public/AFHQ/resized/train/wild/pixabay_wild_001047.jpg,pixabay_wild_001047.jpg
4546,/nas-ctm01/datasets/public/AFHQ/resized/train/wild/pixabay_wild_001048.jpg,pixabay_wild_001048.jpg
4547,/nas-ctm01/datasets/public/AFHQ/resized/train/wild/pixabay_wild_001049.jpg,pixabay_wild_001049.jpg
4548,/nas-ctm01/datasets/public/AFHQ/resized/train/wild/pixabay_wild_001050.jpg,pixabay_wild_001050.jpg
4549,/nas-ctm01/datasets/public/AFHQ/resized/train/wild/pixabay_wild_001051.jpg,pixabay_wild_001051.jpg
4550,/nas-ctm01/datasets/public/AFHQ/resized/train/wild/pixabay_wild_001052.jpg,pixabay_wild_001052.jpg
4551,/nas-ctm01/datasets/public/AFHQ/resized/train/wild/pixabay_wild_001053.jpg,pixabay_wild_001053.jpg
4552,/nas-ctm01/datasets/public/AFHQ/resized/train/wild/pixabay_wild_001054.jpg,pixabay_wild_001054.jpg
4553,/nas-ctm01/datasets/public/AFHQ/resized/train/wild/pixabay_wild_001055.jpg,pixabay_wild_001055.jpg
4554,/nas-ctm01/datasets/public/AFHQ/resized/train/wild/pixabay_wild_001056.jpg,pixabay_wild_001056.jpg
4555,/nas-ctm01/datasets/public/AFHQ/resized/train/wild/pixabay_wild_001057.jpg,pixabay_wild_001057.jpg
4556,/nas-ctm01/datasets/public/AFHQ/resized/train/wild/pixabay_wild_001059.jpg,pixabay_wild_001059.jpg
4557,/nas-ctm01/datasets/public/AFHQ/resized/train/wild/pixabay_wild_001060.jpg,pixabay_wild_001060.jpg
4558,/nas-ctm01/datasets/public/AFHQ/resized/train/wild/pixabay_wild_001061.jpg,pixabay_wild_001061.jpg
4559,/nas-ctm01/datasets/public/AFHQ/resized/train/wild/pixabay_wild_001062.jpg,pixabay_wild_001062.jpg
4560,/nas-ctm01/datasets/public/AFHQ/resized/train/wild/pixabay_wild_001063.jpg,pixabay_wild_001063.jpg
4561,/nas-ctm01/datasets/public/AFHQ/resized/train/wild/pixabay_wild_001064.jpg,pixabay_wild_001064.jpg
4562,/nas-ctm01/datasets/public/AFHQ/resized/train/wild/pixabay_wild_001065.jpg,pixabay_wild_001065.jpg
4563,/nas-ctm01/datasets/public/AFHQ/resized/train/wild/pixabay_wild_001066.jpg,pixabay_wild_001066.jpg
4564,/nas-ctm01/datasets/public/AFHQ/resized/train/wild/pixabay_wild_001067.jpg,pixabay_wild_001067.jpg
4565,/nas-ctm01/datasets/public/AFHQ/resized/train/wild/pixabay_wild_001068.jpg,pixabay_wild_001068.jpg
4566,/nas-ctm01/datasets/public/AFHQ/resized/train/wild/pixabay_wild_001069.jpg,pixabay_wild_001069.jpg
4567,/nas-ctm01/datasets/public/AFHQ/resized/train/wild/pixabay_wild_001070.jpg,pixabay_wild_001070.jpg
4568,/nas-ctm01/datasets/public/AFHQ/resized/train/wild/pixabay_wild_001071.jpg,pixabay_wild_001071.jpg
4569,/nas-ctm01/datasets/public/AFHQ/resized/train/wild/pixabay_wild_001072.jpg,pixabay_wild_001072.jpg
4570,/nas-ctm01/datasets/public/AFHQ/resized/train/wild/pixabay_wild_001073.jpg,pixabay_wild_001073.jpg
4571,/nas-ctm01/datasets/public/AFHQ/resized/train/wild/pixabay_wild_001074.jpg,pixabay_wild_001074.jpg
4572,/nas-ctm01/datasets/public/AFHQ/resized/train/wild/pixabay_wild_001075.jpg,pixabay_wild_001075.jpg
4573,/nas-ctm01/datasets/public/AFHQ/resized/train/wild/pixabay_wild_001076.jpg,pixabay_wild_001076.jpg
4574,/nas-ctm01/datasets/public/AFHQ/resized/train/wild/pixabay_wild_001077.jpg,pixabay_wild_001077.jpg
4575,/nas-ctm01/datasets/public/AFHQ/resized/train/wild/pixabay_wild_001078.jpg,pixabay_wild_001078.jpg
4576,/nas-ctm01/datasets/public/AFHQ/resized/train/wild/pixabay_wild_001079.jpg,pixabay_wild_001079.jpg
4577,/nas-ctm01/datasets/public/AFHQ/resized/train/wild/pixabay_wild_001080.jpg,pixabay_wild_001080.jpg
4578,/nas-ctm01/datasets/public/AFHQ/resized/train/wild/pixabay_wild_001081.jpg,pixabay_wild_001081.jpg
4579,/nas-ctm01/datasets/public/AFHQ/resized/train/wild/pixabay_wild_001083.jpg,pixabay_wild_001083.jpg
4580,/nas-ctm01/datasets/public/AFHQ/resized/train/wild/pixabay_wild_001084.jpg,pixabay_wild_001084.jpg
4581,/nas-ctm01/datasets/public/AFHQ/resized/train/wild/pixabay_wild_001085.jpg,pixabay_wild_001085.jpg
4582,/nas-ctm01/datasets/public/AFHQ/resized/train/wild/pixabay_wild_001086.jpg,pixabay_wild_001086.jpg
4583,/nas-ctm01/datasets/public/AFHQ/resized/train/wild/pixabay_wild_001087.jpg,pixabay_wild_001087.jpg
4584,/nas-ctm01/datasets/public/AFHQ/resized/train/wild/pixabay_wild_001088.jpg,pixabay_wild_001088.jpg
4585,/nas-ctm01/datasets/public/AFHQ/resized/train/wild/pixabay_wild_001089.jpg,pixabay_wild_001089.jpg
4586,/nas-ctm01/datasets/public/AFHQ/resized/train/wild/pixabay_wild_001090.jpg,pixabay_wild_001090.jpg
4587,/nas-ctm01/datasets/public/AFHQ/resized/train/wild/pixabay_wild_001091.jpg,pixabay_wild_001091.jpg
4588,/nas-ctm01/datasets/public/AFHQ/resized/train/wild/pixabay_wild_001092.jpg,pixabay_wild_001092.jpg
4589,/nas-ctm01/datasets/public/AFHQ/resized/train/wild/pixabay_wild_001095.jpg,pixabay_wild_001095.jpg
4590,/nas-ctm01/datasets/public/AFHQ/resized/train/wild/pixabay_wild_001096.jpg,pixabay_wild_001096.jpg
4591,/nas-ctm01/datasets/public/AFHQ/resized/train/wild/pixabay_wild_001097.jpg,pixabay_wild_001097.jpg
4592,/nas-ctm01/datasets/public/AFHQ/resized/train/wild/pixabay_wild_001098.jpg,pixabay_wild_001098.jpg
4593,/nas-ctm01/datasets/public/AFHQ/resized/train/wild/pixabay_wild_001099.jpg,pixabay_wild_001099.jpg
4594,/nas-ctm01/datasets/public/AFHQ/resized/train/wild/pixabay_wild_001100.jpg,pixabay_wild_001100.jpg
4595,/nas-ctm01/datasets/public/AFHQ/resized/train/wild/pixabay_wild_001101.jpg,pixabay_wild_001101.jpg
4596,/nas-ctm01/datasets/public/AFHQ/resized/train/wild/pixabay_wild_001102.jpg,pixabay_wild_001102.jpg
4597,/nas-ctm01/datasets/public/AFHQ/resized/train/wild/pixabay_wild_001103.jpg,pixabay_wild_001103.jpg
4598,/nas-ctm01/datasets/public/AFHQ/resized/train/wild/pixabay_wild_001104.jpg,pixabay_wild_001104.jpg
4599,/nas-ctm01/datasets/public/AFHQ/resized/train/wild/pixabay_wild_001105.jpg,pixabay_wild_001105.jpg
4600,/nas-ctm01/datasets/public/AFHQ/resized/train/wild/pixabay_wild_001106.jpg,pixabay_wild_001106.jpg
4601,/nas-ctm01/datasets/public/AFHQ/resized/train/wild/pixabay_wild_001107.jpg,pixabay_wild_001107.jpg
4602,/nas-ctm01/datasets/public/AFHQ/resized/train/wild/pixabay_wild_001108.jpg,pixabay_wild_001108.jpg
4603,/nas-ctm01/datasets/public/AFHQ/resized/train/wild/pixabay_wild_001109.jpg,pixabay_wild_001109.jpg
4604,/nas-ctm01/datasets/public/AFHQ/resized/train/wild/pixabay_wild_001110.jpg,pixabay_wild_001110.jpg
4605,/nas-ctm01/datasets/public/AFHQ/resized/train/wild/pixabay_wild_001111.jpg,pixabay_wild_001111.jpg
4606,/nas-ctm01/datasets/public/AFHQ/resized/train/wild/pixabay_wild_001113.jpg,pixabay_wild_001113.jpg
4607,/nas-ctm01/datasets/public/AFHQ/resized/train/wild/pixabay_wild_001114.jpg,pixabay_wild_001114.jpg
4608,/nas-ctm01/datasets/public/AFHQ/resized/train/wild/pixabay_wild_001116.jpg,pixabay_wild_001116.jpg
4609,/nas-ctm01/datasets/public/AFHQ/resized/train/wild/pixabay_wild_001117.jpg,pixabay_wild_001117.jpg
4610,/nas-ctm01/datasets/public/AFHQ/resized/train/wild/pixabay_wild_001118.jpg,pixabay_wild_001118.jpg
4611,/nas-ctm01/datasets/public/AFHQ/resized/train/wild/pixabay_wild_001119.jpg,pixabay_wild_001119.jpg
4612,/nas-ctm01/datasets/public/AFHQ/resized/train/wild/pixabay_wild_001120.jpg,pixabay_wild_001120.jpg
4613,/nas-ctm01/datasets/public/AFHQ/resized/train/wild/pixabay_wild_001121.jpg,pixabay_wild_001121.jpg
4614,/nas-ctm01/datasets/public/AFHQ/resized/train/wild/pixabay_wild_001122.jpg,pixabay_wild_001122.jpg
4615,/nas-ctm01/datasets/public/AFHQ/resized/train/wild/pixabay_wild_001123.jpg,pixabay_wild_001123.jpg
4616,/nas-ctm01/datasets/public/AFHQ/resized/train/wild/pixabay_wild_001124.jpg,pixabay_wild_001124.jpg
4617,/nas-ctm01/datasets/public/AFHQ/resized/train/wild/pixabay_wild_001125.jpg,pixabay_wild_001125.jpg
4618,/nas-ctm01/datasets/public/AFHQ/resized/train/wild/pixabay_wild_001126.jpg,pixabay_wild_001126.jpg
4619,/nas-ctm01/datasets/public/AFHQ/resized/train/wild/pixabay_wild_001127.jpg,pixabay_wild_001127.jpg
4620,/nas-ctm01/datasets/public/AFHQ/resized/train/wild/pixabay_wild_001129.jpg,pixabay_wild_001129.jpg
4621,/nas-ctm01/datasets/public/AFHQ/resized/train/wild/pixabay_wild_001130.jpg,pixabay_wild_001130.jpg
4622,/nas-ctm01/datasets/public/AFHQ/resized/train/wild/pixabay_wild_001131.jpg,pixabay_wild_001131.jpg
4623,/nas-ctm01/datasets/public/AFHQ/resized/train/wild/pixabay_wild_001132.jpg,pixabay_wild_001132.jpg
4624,/nas-ctm01/datasets/public/AFHQ/resized/train/wild/pixabay_wild_001135.jpg,pixabay_wild_001135.jpg
4625,/nas-ctm01/datasets/public/AFHQ/resized/train/wild/pixabay_wild_001136.jpg,pixabay_wild_001136.jpg
4626,/nas-ctm01/datasets/public/AFHQ/resized/train/wild/pixabay_wild_001137.jpg,pixabay_wild_001137.jpg
4627,/nas-ctm01/datasets/public/AFHQ/resized/train/wild/pixabay_wild_001138.jpg,pixabay_wild_001138.jpg
4628,/nas-ctm01/datasets/public/AFHQ/resized/train/wild/pixabay_wild_001139.jpg,pixabay_wild_001139.jpg
4629,/nas-ctm01/datasets/public/AFHQ/resized/train/wild/pixabay_wild_001140.jpg,pixabay_wild_001140.jpg
4630,/nas-ctm01/datasets/public/AFHQ/resized/train/wild/pixabay_wild_001141.jpg,pixabay_wild_001141.jpg
4631,/nas-ctm01/datasets/public/AFHQ/resized/train/wild/pixabay_wild_001142.jpg,pixabay_wild_001142.jpg
4632,/nas-ctm01/datasets/public/AFHQ/resized/train/wild/pixabay_wild_001143.jpg,pixabay_wild_001143.jpg
4633,/nas-ctm01/datasets/public/AFHQ/resized/train/wild/pixabay_wild_001144.jpg,pixabay_wild_001144.jpg
4634,/nas-ctm01/datasets/public/AFHQ/resized/train/wild/pixabay_wild_001145.jpg,pixabay_wild_001145.jpg
4635,/nas-ctm01/datasets/public/AFHQ/resized/train/wild/pixabay_wild_001146.jpg,pixabay_wild_001146.jpg
4636,/nas-ctm01/datasets/public/AFHQ/resized/train/wild/pixabay_wild_001147.jpg,pixabay_wild_001147.jpg
4637,/nas-ctm01/datasets/public/AFHQ/resized/train/wild/pixabay_wild_001148.jpg,pixabay_wild_001148.jpg
4638,/nas-ctm01/datasets/public/AFHQ/resized/train/wild/pixabay_wild_001149.jpg,pixabay_wild_001149.jpg
4639,/nas-ctm01/datasets/public/AFHQ/resized/train/wild/pixabay_wild_001150.jpg,pixabay_wild_001150.jpg
4640,/nas-ctm01/datasets/public/AFHQ/resized/train/wild/pixabay_wild_001151.jpg,pixabay_wild_001151.jpg
4641,/nas-ctm01/datasets/public/AFHQ/resized/train/wild/pixabay_wild_001152.jpg,pixabay_wild_001152.jpg
4642,/nas-ctm01/datasets/public/AFHQ/resized/train/wild/pixabay_wild_001153.jpg,pixabay_wild_001153.jpg
4643,/nas-ctm01/datasets/public/AFHQ/resized/train/wild/pixabay_wild_001154.jpg,pixabay_wild_001154.jpg
4644,/nas-ctm01/datasets/public/AFHQ/resized/train/wild/pixabay_wild_001155.jpg,pixabay_wild_001155.jpg
4645,/nas-ctm01/datasets/public/AFHQ/resized/train/wild/pixabay_wild_001156.jpg,pixabay_wild_001156.jpg
4646,/nas-ctm01/datasets/public/AFHQ/resized/train/wild/pixabay_wild_001157.jpg,pixabay_wild_001157.jpg
4647,/nas-ctm01/datasets/public/AFHQ/resized/train/wild/pixabay_wild_001158.jpg,pixabay_wild_001158.jpg
4648,/nas-ctm01/datasets/public/AFHQ/resized/train/wild/pixabay_wild_001159.jpg,pixabay_wild_001159.jpg
4649,/nas-ctm01/datasets/public/AFHQ/resized/train/wild/pixabay_wild_001160.jpg,pixabay_wild_001160.jpg
4650,/nas-ctm01/datasets/public/AFHQ/resized/train/wild/pixabay_wild_001161.jpg,pixabay_wild_001161.jpg
4651,/nas-ctm01/datasets/public/AFHQ/resized/train/wild/pixabay_wild_001162.jpg,pixabay_wild_001162.jpg
4652,/nas-ctm01/datasets/public/AFHQ/resized/train/wild/pixabay_wild_001163.jpg,pixabay_wild_001163.jpg
4653,/nas-ctm01/datasets/public/AFHQ/resized/train/wild/pixabay_wild_001164.jpg,pixabay_wild_001164.jpg
4654,/nas-ctm01/datasets/public/AFHQ/resized/train/wild/pixabay_wild_001166.jpg,pixabay_wild_001166.jpg
4655,/nas-ctm01/datasets/public/AFHQ/resized/train/wild/pixabay_wild_001167.jpg,pixabay_wild_001167.jpg
4656,/nas-ctm01/datasets/public/AFHQ/resized/train/wild/pixabay_wild_001168.jpg,pixabay_wild_001168.jpg
4657,/nas-ctm01/datasets/public/AFHQ/resized/train/wild/pixabay_wild_001169.jpg,pixabay_wild_001169.jpg
4658,/nas-ctm01/datasets/public/AFHQ/resized/train/wild/pixabay_wild_001171.jpg,pixabay_wild_001171.jpg
4659,/nas-ctm01/datasets/public/AFHQ/resized/train/wild/pixabay_wild_001172.jpg,pixabay_wild_001172.jpg
4660,/nas-ctm01/datasets/public/AFHQ/resized/train/wild/pixabay_wild_001173.jpg,pixabay_wild_001173.jpg
4661,/nas-ctm01/datasets/public/AFHQ/resized/train/wild/pixabay_wild_001174.jpg,pixabay_wild_001174.jpg
4662,/nas-ctm01/datasets/public/AFHQ/resized/train/wild/pixabay_wild_001175.jpg,pixabay_wild_001175.jpg
4663,/nas-ctm01/datasets/public/AFHQ/resized/train/wild/pixabay_wild_001176.jpg,pixabay_wild_001176.jpg
4664,/nas-ctm01/datasets/public/AFHQ/resized/train/wild/pixabay_wild_001177.jpg,pixabay_wild_001177.jpg
4665,/nas-ctm01/datasets/public/AFHQ/resized/train/wild/pixabay_wild_001178.jpg,pixabay_wild_001178.jpg
4666,/nas-ctm01/datasets/public/AFHQ/resized/train/wild/pixabay_wild_001179.jpg,pixabay_wild_001179.jpg
4667,/nas-ctm01/datasets/public/AFHQ/resized/train/wild/pixabay_wild_001180.jpg,pixabay_wild_001180.jpg
4668,/nas-ctm01/datasets/public/AFHQ/resized/train/wild/pixabay_wild_001181.jpg,pixabay_wild_001181.jpg
4669,/nas-ctm01/datasets/public/AFHQ/resized/train/wild/pixabay_wild_001182.jpg,pixabay_wild_001182.jpg
4670,/nas-ctm01/datasets/public/AFHQ/resized/train/wild/pixabay_wild_001183.jpg,pixabay_wild_001183.jpg
4671,/nas-ctm01/datasets/public/AFHQ/resized/train/wild/pixabay_wild_001185.jpg,pixabay_wild_001185.jpg
4672,/nas-ctm01/datasets/public/AFHQ/resized/train/wild/pixabay_wild_001186.jpg,pixabay_wild_001186.jpg
4673,/nas-ctm01/datasets/public/AFHQ/resized/train/wild/pixabay_wild_001187.jpg,pixabay_wild_001187.jpg
4674,/nas-ctm01/datasets/public/AFHQ/resized/train/wild/pixabay_wild_001188.jpg,pixabay_wild_001188.jpg
4675,/nas-ctm01/datasets/public/AFHQ/resized/train/wild/pixabay_wild_001189.jpg,pixabay_wild_001189.jpg
4676,/nas-ctm01/datasets/public/AFHQ/resized/train/wild/pixabay_wild_001190.jpg,pixabay_wild_001190.jpg
4677,/nas-ctm01/datasets/public/AFHQ/resized/train/wild/pixabay_wild_001191.jpg,pixabay_wild_001191.jpg
4678,/nas-ctm01/datasets/public/AFHQ/resized/train/wild/pixabay_wild_001193.jpg,pixabay_wild_001193.jpg
4679,/nas-ctm01/datasets/public/AFHQ/resized/train/wild/pixabay_wild_001194.jpg,pixabay_wild_001194.jpg
4680,/nas-ctm01/datasets/public/AFHQ/resized/train/wild/pixabay_wild_001195.jpg,pixabay_wild_001195.jpg
4681,/nas-ctm01/datasets/public/AFHQ/resized/train/wild/pixabay_wild_001196.jpg,pixabay_wild_001196.jpg
4682,/nas-ctm01/datasets/public/AFHQ/resized/train/wild/pixabay_wild_001197.jpg,pixabay_wild_001197.jpg
4683,/nas-ctm01/datasets/public/AFHQ/resized/train/wild/pixabay_wild_001198.jpg,pixabay_wild_001198.jpg
4684,/nas-ctm01/datasets/public/AFHQ/resized/train/wild/pixabay_wild_001199.jpg,pixabay_wild_001199.jpg
4685,/nas-ctm01/datasets/public/AFHQ/resized/train/wild/pixabay_wild_001200.jpg,pixabay_wild_001200.jpg
4686,/nas-ctm01/datasets/public/AFHQ/resized/train/wild/pixabay_wild_001201.jpg,pixabay_wild_001201.jpg
4687,/nas-ctm01/datasets/public/AFHQ/resized/train/wild/pixabay_wild_001202.jpg,pixabay_wild_001202.jpg
4688,/nas-ctm01/datasets/public/AFHQ/resized/train/wild/pixabay_wild_001203.jpg,pixabay_wild_001203.jpg
4689,/nas-ctm01/datasets/public/AFHQ/resized/train/wild/pixabay_wild_001204.jpg,pixabay_wild_001204.jpg
4690,/nas-ctm01/datasets/public/AFHQ/resized/train/wild/pixabay_wild_001205.jpg,pixabay_wild_001205.jpg
4691,/nas-ctm01/datasets/public/AFHQ/resized/train/wild/pixabay_wild_001206.jpg,pixabay_wild_001206.jpg
4692,/nas-ctm01/datasets/public/AFHQ/resized/train/wild/pixabay_wild_001207.jpg,pixabay_wild_001207.jpg
4693,/nas-ctm01/datasets/public/AFHQ/resized/train/wild/pixabay_wild_001208.jpg,pixabay_wild_001208.jpg
4694,/nas-ctm01/datasets/public/AFHQ/resized/train/wild/pixabay_wild_001209.jpg,pixabay_wild_001209.jpg
4695,/nas-ctm01/datasets/public/AFHQ/resized/train/wild/pixabay_wild_001210.jpg,pixabay_wild_001210.jpg
4696,/nas-ctm01/datasets/public/AFHQ/resized/train/wild/pixabay_wild_001211.jpg,pixabay_wild_001211.jpg
4697,/nas-ctm01/datasets/public/AFHQ/resized/train/wild/pixabay_wild_001212.jpg,pixabay_wild_001212.jpg
4698,/nas-ctm01/datasets/public/AFHQ/resized/train/wild/pixabay_wild_001213.jpg,pixabay_wild_001213.jpg
4699,/nas-ctm01/datasets/public/AFHQ/resized/train/wild/pixabay_wild_001214.jpg,pixabay_wild_001214.jpg
4700,/nas-ctm01/datasets/public/AFHQ/resized/train/wild/pixabay_wild_001215.jpg,pixabay_wild_001215.jpg
4701,/nas-ctm01/datasets/public/AFHQ/resized/train/wild/pixabay_wild_001216.jpg,pixabay_wild_001216.jpg
4702,/nas-ctm01/datasets/public/AFHQ/resized/train/wild/pixabay_wild_001217.jpg,pixabay_wild_001217.jpg
4703,/nas-ctm01/datasets/public/AFHQ/resized/train/wild/pixabay_wild_001218.jpg,pixabay_wild_001218.jpg
4704,/nas-ctm01/datasets/public/AFHQ/resized/train/wild/pixabay_wild_001219.jpg,pixabay_wild_001219.jpg
4705,/nas-ctm01/datasets/public/AFHQ/resized/train/wild/pixabay_wild_001220.jpg,pixabay_wild_001220.jpg
4706,/nas-ctm01/datasets/public/AFHQ/resized/train/wild/pixabay_wild_001221.jpg,pixabay_wild_001221.jpg
4707,/nas-ctm01/datasets/public/AFHQ/resized/train/wild/pixabay_wild_001222.jpg,pixabay_wild_001222.jpg
4708,/nas-ctm01/datasets/public/AFHQ/resized/train/wild/pixabay_wild_001223.jpg,pixabay_wild_001223.jpg
4709,/nas-ctm01/datasets/public/AFHQ/resized/train/wild/pixabay_wild_001225.jpg,pixabay_wild_001225.jpg
4710,/nas-ctm01/datasets/public/AFHQ/resized/train/wild/pixabay_wild_001226.jpg,pixabay_wild_001226.jpg
4711,/nas-ctm01/datasets/public/AFHQ/resized/train/wild/pixabay_wild_001227.jpg,pixabay_wild_001227.jpg
4712,/nas-ctm01/datasets/public/AFHQ/resized/train/wild/pixabay_wild_001228.jpg,pixabay_wild_001228.jpg
4713,/nas-ctm01/datasets/public/AFHQ/resized/train/wild/pixabay_wild_001229.jpg,pixabay_wild_001229.jpg
4714,/nas-ctm01/datasets/public/AFHQ/resized/train/wild/pixabay_wild_001230.jpg,pixabay_wild_001230.jpg
4715,/nas-ctm01/datasets/public/AFHQ/resized/train/wild/pixabay_wild_001231.jpg,pixabay_wild_001231.jpg
4716,/nas-ctm01/datasets/public/AFHQ/resized/train/wild/pixabay_wild_001232.jpg,pixabay_wild_001232.jpg
4717,/nas-ctm01/datasets/public/AFHQ/resized/train/wild/pixabay_wild_001233.jpg,pixabay_wild_001233.jpg
4718,/nas-ctm01/datasets/public/AFHQ/resized/train/wild/pixabay_wild_001234.jpg,pixabay_wild_001234.jpg
4719,/nas-ctm01/datasets/public/AFHQ/resized/train/wild/pixabay_wild_001235.jpg,pixabay_wild_001235.jpg
4720,/nas-ctm01/datasets/public/AFHQ/resized/train/wild/pixabay_wild_001236.jpg,pixabay_wild_001236.jpg
4721,/nas-ctm01/datasets/public/AFHQ/resized/train/wild/pixabay_wild_001237.jpg,pixabay_wild_001237.jpg
4722,/nas-ctm01/datasets/public/AFHQ/resized/train/wild/pixabay_wild_001238.jpg,pixabay_wild_001238.jpg
4723,/nas-ctm01/datasets/public/AFHQ/resized/train/wild/pixabay_wild_001239.jpg,pixabay_wild_001239.jpg
4724,/nas-ctm01/datasets/public/AFHQ/resized/train/wild/pixabay_wild_001240.jpg,pixabay_wild_001240.jpg
4725,/nas-ctm01/datasets/public/AFHQ/resized/train/wild/pixabay_wild_001241.jpg,pixabay_wild_001241.jpg
4726,/nas-ctm01/datasets/public/AFHQ/resized/train/wild/pixabay_wild_001242.jpg,pixabay_wild_001242.jpg
4727,/nas-ctm01/datasets/public/AFHQ/resized/train/wild/pixabay_wild_001243.jpg,pixabay_wild_001243.jpg
4728,/nas-ctm01/datasets/public/AFHQ/resized/train/wild/pixabay_wild_001244.jpg,pixabay_wild_001244.jpg
4729,/nas-ctm01/datasets/public/AFHQ/resized/train/wild/pixabay_wild_001245.jpg,pixabay_wild_001245.jpg
4730,/nas-ctm01/datasets/public/AFHQ/resized/train/wild/pixabay_wild_001246.jpg,pixabay_wild_001246.jpg
4731,/nas-ctm01/datasets/public/AFHQ/resized/train/wild/pixabay_wild_001247.jpg,pixabay_wild_001247.jpg
4732,/nas-ctm01/datasets/public/AFHQ/resized/train/wild/pixabay_wild_001248.jpg,pixabay_wild_001248.jpg
4733,/nas-ctm01/datasets/public/AFHQ/resized/train/wild/pixabay_wild_001249.jpg,pixabay_wild_001249.jpg
4734,/nas-ctm01/datasets/public/AFHQ/resized/train/wild/pixabay_wild_001250.jpg,pixabay_wild_001250.jpg
4735,/nas-ctm01/datasets/public/AFHQ/resized/train/wild/pixabay_wild_001251.jpg,pixabay_wild_001251.jpg
4736,/nas-ctm01/datasets/public/AFHQ/resized/train/wild/pixabay_wild_001252.jpg,pixabay_wild_001252.jpg
4737,/nas-ctm01/datasets/public/AFHQ/resized/train/wild/pixabay_wild_001253.jpg,pixabay_wild_001253.jpg
