cache_index,image_path,filename,stem
0,/nas-ctm01/datasets/public/BIOMETRICS/Face_Morphing/MAD22/original_sorted/FaceMorpher/001_03-vs-010_03.jpg,001_03-vs-010_03.jpg,001_03-vs-010_03
1,/nas-ctm01/datasets/public/BIOMETRICS/Face_Morphing/MAD22/original_sorted/FaceMorpher/001_03-vs-014_03.jpg,001_03-vs-014_03.jpg,001_03-vs-014_03
2,/nas-ctm01/datasets/public/BIOMETRICS/Face_Morphing/MAD22/original_sorted/FaceMorpher/001_03-vs-030_03.jpg,001_03-vs-030_03.jpg,001_03-vs-030_03
3,/nas-ctm01/datasets/public/BIOMETRICS/Face_Morphing/MAD22/original_sorted/FaceMorpher/001_03-vs-032_03.jpg,001_03-vs-032_03.jpg,001_03-vs-032_03
4,/nas-ctm01/datasets/public/BIOMETRICS/Face_Morphing/MAD22/original_sorted/FaceMorpher/001_03-vs-090_03.jpg,001_03-vs-090_03.jpg,001_03-vs-090_03
5,/nas-ctm01/datasets/public/BIOMETRICS/Face_Morphing/MAD22/original_sorted/FaceMorpher/001_03-vs-107_03.jpg,001_03-vs-107_03.jpg,001_03-vs-107_03
6,/nas-ctm01/datasets/public/BIOMETRICS/Face_Morphing/MAD22/original_sorted/FaceMorpher/001_03-vs-113_03.jpg,001_03-vs-113_03.jpg,001_03-vs-113_03
7,/nas-ctm01/datasets/public/BIOMETRICS/Face_Morphing/MAD22/original_sorted/FaceMorpher/001_03-vs-122_03.jpg,001_03-vs-122_03.jpg,001_03-vs-122_03
8,/nas-ctm01/datasets/public/BIOMETRICS/Face_Morphing/MAD22/original_sorted/FaceMorpher/001_03-vs-129_03.jpg,001_03-vs-129_03.jpg,001_03-vs-129_03
9,/nas-ctm01/datasets/public/BIOMETRICS/Face_Morphing/MAD22/original_sorted/FaceMorpher/001_08-vs-010_08.jpg,001_08-vs-010_08.jpg,001_08-vs-010_08
10,/nas-ctm01/datasets/public/BIOMETRICS/Face_Morphing/MAD22/original_sorted/FaceMorpher/001_08-vs-014_08.jpg,001_08-vs-014_08.jpg,001_08-vs-014_08
11,/nas-ctm01/datasets/public/BIOMETRICS/Face_Morphing/MAD22/original_sorted/FaceMorpher/001_08-vs-032_08.jpg,001_08-vs-032_08.jpg,001_08-vs-032_08
12,/nas-ctm01/datasets/public/BIOMETRICS/Face_Morphing/MAD22/original_sorted/FaceMorpher/001_08-vs-039_08.jpg,001_08-vs-039_08.jpg,001_08-vs-039_08
13,/nas-ctm01/datasets/public/BIOMETRICS/Face_Morphing/MAD22/original_sorted/FaceMorpher/001_08-vs-087_08.jpg,001_08-vs-087_08.jpg,001_08-vs-087_08
14,/nas-ctm01/datasets/public/BIOMETRICS/Face_Morphing/MAD22/original_sorted/FaceMorpher/001_08-vs-090_08.jpg,001_08-vs-090_08.jpg,001_08-vs-090_08
15,/nas-ctm01/datasets/public/BIOMETRICS/Face_Morphing/MAD22/original_sorted/FaceMorpher/001_08-vs-094_08.jpg,001_08-vs-094_08.jpg,001_08-vs-094_08
16,/nas-ctm01/datasets/public/BIOMETRICS/Face_Morphing/MAD22/original_sorted/FaceMorpher/001_08-vs-107_08.jpg,001_08-vs-107_08.jpg,001_08-vs-107_08
17,/nas-ctm01/datasets/public/BIOMETRICS/Face_Morphing/MAD22/original_sorted/FaceMorpher/001_08-vs-122_08.jpg,001_08-vs-122_08.jpg,001_08-vs-122_08
18,/nas-ctm01/datasets/public/BIOMETRICS/Face_Morphing/MAD22/original_sorted/FaceMorpher/002_03-vs-011_03.jpg,002_03-vs-011_03.jpg,002_03-vs-011_03
19,/nas-ctm01/datasets/public/BIOMETRICS/Face_Morphing/MAD22/original_sorted/FaceMorpher/002_03-vs-020_03.jpg,002_03-vs-020_03.jpg,002_03-vs-020_03
20,/nas-ctm01/datasets/public/BIOMETRICS/Face_Morphing/MAD22/original_sorted/FaceMorpher/002_03-vs-027_03.jpg,002_03-vs-027_03.jpg,002_03-vs-027_03
21,/nas-ctm01/datasets/public/BIOMETRICS/Face_Morphing/MAD22/original_sorted/FaceMorpher/002_03-vs-032_03.jpg,002_03-vs-032_03.jpg,002_03-vs-032_03
22,/nas-ctm01/datasets/public/BIOMETRICS/Face_Morphing/MAD22/original_sorted/FaceMorpher/002_03-vs-039_03.jpg,002_03-vs-039_03.jpg,002_03-vs-039_03
23,/nas-ctm01/datasets/public/BIOMETRICS/Face_Morphing/MAD22/original_sorted/FaceMorpher/002_03-vs-094_03.jpg,002_03-vs-094_03.jpg,002_03-vs-094_03
24,/nas-ctm01/datasets/public/BIOMETRICS/Face_Morphing/MAD22/original_sorted/FaceMorpher/002_03-vs-097_03.jpg,002_03-vs-097_03.jpg,002_03-vs-097_03
25,/nas-ctm01/datasets/public/BIOMETRICS/Face_Morphing/MAD22/original_sorted/FaceMorpher/002_03-vs-100_03.jpg,002_03-vs-100_03.jpg,002_03-vs-100_03
26,/nas-ctm01/datasets/public/BIOMETRICS/Face_Morphing/MAD22/original_sorted/FaceMorpher/002_03-vs-102_03.jpg,002_03-vs-102_03.jpg,002_03-vs-102_03
27,/nas-ctm01/datasets/public/BIOMETRICS/Face_Morphing/MAD22/original_sorted/FaceMorpher/002_03-vs-118_03.jpg,002_03-vs-118_03.jpg,002_03-vs-118_03
28,/nas-ctm01/datasets/public/BIOMETRICS/Face_Morphing/MAD22/original_sorted/FaceMorpher/002_03-vs-124_03.jpg,002_03-vs-124_03.jpg,002_03-vs-124_03
29,/nas-ctm01/datasets/public/BIOMETRICS/Face_Morphing/MAD22/original_sorted/FaceMorpher/002_03-vs-136_03.jpg,002_03-vs-136_03.jpg,002_03-vs-136_03
30,/nas-ctm01/datasets/public/BIOMETRICS/Face_Morphing/MAD22/original_sorted/FaceMorpher/002_03-vs-144_03.jpg,002_03-vs-144_03.jpg,002_03-vs-144_03
31,/nas-ctm01/datasets/public/BIOMETRICS/Face_Morphing/MAD22/original_sorted/FaceMorpher/002_08-vs-003_08.jpg,002_08-vs-003_08.jpg,002_08-vs-003_08
32,/nas-ctm01/datasets/public/BIOMETRICS/Face_Morphing/MAD22/original_sorted/FaceMorpher/002_08-vs-011_08.jpg,002_08-vs-011_08.jpg,002_08-vs-011_08
33,/nas-ctm01/datasets/public/BIOMETRICS/Face_Morphing/MAD22/original_sorted/FaceMorpher/002_08-vs-025_08.jpg,002_08-vs-025_08.jpg,002_08-vs-025_08
34,/nas-ctm01/datasets/public/BIOMETRICS/Face_Morphing/MAD22/original_sorted/FaceMorpher/002_08-vs-027_08.jpg,002_08-vs-027_08.jpg,002_08-vs-027_08
35,/nas-ctm01/datasets/public/BIOMETRICS/Face_Morphing/MAD22/original_sorted/FaceMorpher/002_08-vs-030_08.jpg,002_08-vs-030_08.jpg,002_08-vs-030_08
36,/nas-ctm01/datasets/public/BIOMETRICS/Face_Morphing/MAD22/original_sorted/FaceMorpher/002_08-vs-032_08.jpg,002_08-vs-032_08.jpg,002_08-vs-032_08
37,/nas-ctm01/datasets/public/BIOMETRICS/Face_Morphing/MAD22/original_sorted/FaceMorpher/002_08-vs-039_08.jpg,002_08-vs-039_08.jpg,002_08-vs-039_08
38,/nas-ctm01/datasets/public/BIOMETRICS/Face_Morphing/MAD22/original_sorted/FaceMorpher/002_08-vs-081_08.jpg,002_08-vs-081_08.jpg,002_08-vs-081_08
39,/nas-ctm01/datasets/public/BIOMETRICS/Face_Morphing/MAD22/original_sorted/FaceMorpher/002_08-vs-091_08.jpg,002_08-vs-091_08.jpg,002_08-vs-091_08
40,/nas-ctm01/datasets/public/BIOMETRICS/Face_Morphing/MAD22/original_sorted/FaceMorpher/002_08-vs-097_08.jpg,002_08-vs-097_08.jpg,002_08-vs-097_08
41,/nas-ctm01/datasets/public/BIOMETRICS/Face_Morphing/MAD22/original_sorted/FaceMorpher/002_08-vs-102_08.jpg,002_08-vs-102_08.jpg,002_08-vs-102_08
42,/nas-ctm01/datasets/public/BIOMETRICS/Face_Morphing/MAD22/original_sorted/FaceMorpher/002_08-vs-118_08.jpg,002_08-vs-118_08.jpg,002_08-vs-118_08
43,/nas-ctm01/datasets/public/BIOMETRICS/Face_Morphing/MAD22/original_sorted/FaceMorpher/002_08-vs-124_08.jpg,002_08-vs-124_08.jpg,002_08-vs-124_08
44,/nas-ctm01/datasets/public/BIOMETRICS/Face_Morphing/MAD22/original_sorted/FaceMorpher/002_08-vs-135_08.jpg,002_08-vs-135_08.jpg,002_08-vs-135_08
45,/nas-ctm01/datasets/public/BIOMETRICS/Face_Morphing/MAD22/original_sorted/FaceMorpher/002_08-vs-136_08.jpg,002_08-vs-136_08.jpg,002_08-vs-136_08
46,/nas-ctm01/datasets/public/BIOMETRICS/Face_Morphing/MAD22/original_sorted/FaceMorpher/002_08-vs-139_08.jpg,002_08-vs-139_08.jpg,002_08-vs-139_08
47,/nas-ctm01/datasets/public/BIOMETRICS/Face_Morphing/MAD22/original_sorted/FaceMorpher/002_08-vs-144_08.jpg,002_08-vs-144_08.jpg,002_08-vs-144_08
48,/nas-ctm01/datasets/public/BIOMETRICS/Face_Morphing/MAD22/original_sorted/FaceMorpher/003_03-vs-011_03.jpg,003_03-vs-011_03.jpg,003_03-vs-011_03
49,/nas-ctm01/datasets/public/BIOMETRICS/Face_Morphing/MAD22/original_sorted/FaceMorpher/003_03-vs-014_03.jpg,003_03-vs-014_03.jpg,003_03-vs-014_03
50,/nas-ctm01/datasets/public/BIOMETRICS/Face_Morphing/MAD22/original_sorted/FaceMorpher/003_03-vs-016_03.jpg,003_03-vs-016_03.jpg,003_03-vs-016_03
51,/nas-ctm01/datasets/public/BIOMETRICS/Face_Morphing/MAD22/original_sorted/FaceMorpher/003_03-vs-027_03.jpg,003_03-vs-027_03.jpg,003_03-vs-027_03
52,/nas-ctm01/datasets/public/BIOMETRICS/Face_Morphing/MAD22/original_sorted/FaceMorpher/003_03-vs-102_03.jpg,003_03-vs-102_03.jpg,003_03-vs-102_03
53,/nas-ctm01/datasets/public/BIOMETRICS/Face_Morphing/MAD22/original_sorted/FaceMorpher/003_03-vs-124_03.jpg,003_03-vs-124_03.jpg,003_03-vs-124_03
54,/nas-ctm01/datasets/public/BIOMETRICS/Face_Morphing/MAD22/original_sorted/FaceMorpher/003_03-vs-136_03.jpg,003_03-vs-136_03.jpg,003_03-vs-136_03
55,/nas-ctm01/datasets/public/BIOMETRICS/Face_Morphing/MAD22/original_sorted/FaceMorpher/003_08-vs-011_08.jpg,003_08-vs-011_08.jpg,003_08-vs-011_08
56,/nas-ctm01/datasets/public/BIOMETRICS/Face_Morphing/MAD22/original_sorted/FaceMorpher/003_08-vs-032_08.jpg,003_08-vs-032_08.jpg,003_08-vs-032_08
57,/nas-ctm01/datasets/public/BIOMETRICS/Face_Morphing/MAD22/original_sorted/FaceMorpher/003_08-vs-124_08.jpg,003_08-vs-124_08.jpg,003_08-vs-124_08
58,/nas-ctm01/datasets/public/BIOMETRICS/Face_Morphing/MAD22/original_sorted/FaceMorpher/003_08-vs-136_08.jpg,003_08-vs-136_08.jpg,003_08-vs-136_08
59,/nas-ctm01/datasets/public/BIOMETRICS/Face_Morphing/MAD22/original_sorted/FaceMorpher/003_08-vs-144_08.jpg,003_08-vs-144_08.jpg,003_08-vs-144_08
60,/nas-ctm01/datasets/public/BIOMETRICS/Face_Morphing/MAD22/original_sorted/FaceMorpher/004_03-vs-012_03.jpg,004_03-vs-012_03.jpg,004_03-vs-012_03
61,/nas-ctm01/datasets/public/BIOMETRICS/Face_Morphing/MAD22/original_sorted/FaceMorpher/004_03-vs-092_03.jpg,004_03-vs-092_03.jpg,004_03-vs-092_03
62,/nas-ctm01/datasets/public/BIOMETRICS/Face_Morphing/MAD22/original_sorted/FaceMorpher/004_03-vs-103_03.jpg,004_03-vs-103_03.jpg,004_03-vs-103_03
63,/nas-ctm01/datasets/public/BIOMETRICS/Face_Morphing/MAD22/original_sorted/FaceMorpher/004_03-vs-105_03.jpg,004_03-vs-105_03.jpg,004_03-vs-105_03
64,/nas-ctm01/datasets/public/BIOMETRICS/Face_Morphing/MAD22/original_sorted/FaceMorpher/004_03-vs-128_03.jpg,004_03-vs-128_03.jpg,004_03-vs-128_03
65,/nas-ctm01/datasets/public/BIOMETRICS/Face_Morphing/MAD22/original_sorted/FaceMorpher/004_03-vs-141_03.jpg,004_03-vs-141_03.jpg,004_03-vs-141_03
66,/nas-ctm01/datasets/public/BIOMETRICS/Face_Morphing/MAD22/original_sorted/FaceMorpher/004_03-vs-142_03.jpg,004_03-vs-142_03.jpg,004_03-vs-142_03
67,/nas-ctm01/datasets/public/BIOMETRICS/Face_Morphing/MAD22/original_sorted/FaceMorpher/004_03-vs-172_03.jpg,004_03-vs-172_03.jpg,004_03-vs-172_03
68,/nas-ctm01/datasets/public/BIOMETRICS/Face_Morphing/MAD22/original_sorted/FaceMorpher/005_03-vs-008_03.jpg,005_03-vs-008_03.jpg,005_03-vs-008_03
69,/nas-ctm01/datasets/public/BIOMETRICS/Face_Morphing/MAD22/original_sorted/FaceMorpher/005_03-vs-018_03.jpg,005_03-vs-018_03.jpg,005_03-vs-018_03
70,/nas-ctm01/datasets/public/BIOMETRICS/Face_Morphing/MAD22/original_sorted/FaceMorpher/005_03-vs-021_03.jpg,005_03-vs-021_03.jpg,005_03-vs-021_03
71,/nas-ctm01/datasets/public/BIOMETRICS/Face_Morphing/MAD22/original_sorted/FaceMorpher/005_03-vs-022_03.jpg,005_03-vs-022_03.jpg,005_03-vs-022_03
72,/nas-ctm01/datasets/public/BIOMETRICS/Face_Morphing/MAD22/original_sorted/FaceMorpher/005_03-vs-067_03.jpg,005_03-vs-067_03.jpg,005_03-vs-067_03
73,/nas-ctm01/datasets/public/BIOMETRICS/Face_Morphing/MAD22/original_sorted/FaceMorpher/005_03-vs-068_03.jpg,005_03-vs-068_03.jpg,005_03-vs-068_03
74,/nas-ctm01/datasets/public/BIOMETRICS/Face_Morphing/MAD22/original_sorted/FaceMorpher/005_03-vs-104_03.jpg,005_03-vs-104_03.jpg,005_03-vs-104_03
75,/nas-ctm01/datasets/public/BIOMETRICS/Face_Morphing/MAD22/original_sorted/FaceMorpher/005_03-vs-115_03.jpg,005_03-vs-115_03.jpg,005_03-vs-115_03
76,/nas-ctm01/datasets/public/BIOMETRICS/Face_Morphing/MAD22/original_sorted/FaceMorpher/005_08-vs-008_08.jpg,005_08-vs-008_08.jpg,005_08-vs-008_08
77,/nas-ctm01/datasets/public/BIOMETRICS/Face_Morphing/MAD22/original_sorted/FaceMorpher/005_08-vs-018_08.jpg,005_08-vs-018_08.jpg,005_08-vs-018_08
78,/nas-ctm01/datasets/public/BIOMETRICS/Face_Morphing/MAD22/original_sorted/FaceMorpher/005_08-vs-021_08.jpg,005_08-vs-021_08.jpg,005_08-vs-021_08
79,/nas-ctm01/datasets/public/BIOMETRICS/Face_Morphing/MAD22/original_sorted/FaceMorpher/005_08-vs-033_08.jpg,005_08-vs-033_08.jpg,005_08-vs-033_08
80,/nas-ctm01/datasets/public/BIOMETRICS/Face_Morphing/MAD22/original_sorted/FaceMorpher/005_08-vs-067_08.jpg,005_08-vs-067_08.jpg,005_08-vs-067_08
81,/nas-ctm01/datasets/public/BIOMETRICS/Face_Morphing/MAD22/original_sorted/FaceMorpher/005_08-vs-068_08.jpg,005_08-vs-068_08.jpg,005_08-vs-068_08
82,/nas-ctm01/datasets/public/BIOMETRICS/Face_Morphing/MAD22/original_sorted/FaceMorpher/005_08-vs-082_08.jpg,005_08-vs-082_08.jpg,005_08-vs-082_08
83,/nas-ctm01/datasets/public/BIOMETRICS/Face_Morphing/MAD22/original_sorted/FaceMorpher/005_08-vs-114_08.jpg,005_08-vs-114_08.jpg,005_08-vs-114_08
84,/nas-ctm01/datasets/public/BIOMETRICS/Face_Morphing/MAD22/original_sorted/FaceMorpher/005_08-vs-115_08.jpg,005_08-vs-115_08.jpg,005_08-vs-115_08
85,/nas-ctm01/datasets/public/BIOMETRICS/Face_Morphing/MAD22/original_sorted/FaceMorpher/005_08-vs-140_08.jpg,005_08-vs-140_08.jpg,005_08-vs-140_08
86,/nas-ctm01/datasets/public/BIOMETRICS/Face_Morphing/MAD22/original_sorted/FaceMorpher/006_03-vs-016_03.jpg,006_03-vs-016_03.jpg,006_03-vs-016_03
87,/nas-ctm01/datasets/public/BIOMETRICS/Face_Morphing/MAD22/original_sorted/FaceMorpher/006_03-vs-064_03.jpg,006_03-vs-064_03.jpg,006_03-vs-064_03
88,/nas-ctm01/datasets/public/BIOMETRICS/Face_Morphing/MAD22/original_sorted/FaceMorpher/006_03-vs-094_03.jpg,006_03-vs-094_03.jpg,006_03-vs-094_03
89,/nas-ctm01/datasets/public/BIOMETRICS/Face_Morphing/MAD22/original_sorted/FaceMorpher/006_03-vs-097_03.jpg,006_03-vs-097_03.jpg,006_03-vs-097_03
90,/nas-ctm01/datasets/public/BIOMETRICS/Face_Morphing/MAD22/original_sorted/FaceMorpher/006_03-vs-102_03.jpg,006_03-vs-102_03.jpg,006_03-vs-102_03
91,/nas-ctm01/datasets/public/BIOMETRICS/Face_Morphing/MAD22/original_sorted/FaceMorpher/006_03-vs-118_03.jpg,006_03-vs-118_03.jpg,006_03-vs-118_03
92,/nas-ctm01/datasets/public/BIOMETRICS/Face_Morphing/MAD22/original_sorted/FaceMorpher/006_08-vs-016_08.jpg,006_08-vs-016_08.jpg,006_08-vs-016_08
93,/nas-ctm01/datasets/public/BIOMETRICS/Face_Morphing/MAD22/original_sorted/FaceMorpher/006_08-vs-081_08.jpg,006_08-vs-081_08.jpg,006_08-vs-081_08
94,/nas-ctm01/datasets/public/BIOMETRICS/Face_Morphing/MAD22/original_sorted/FaceMorpher/006_08-vs-097_08.jpg,006_08-vs-097_08.jpg,006_08-vs-097_08
95,/nas-ctm01/datasets/public/BIOMETRICS/Face_Morphing/MAD22/original_sorted/FaceMorpher/006_08-vs-102_08.jpg,006_08-vs-102_08.jpg,006_08-vs-102_08
96,/nas-ctm01/datasets/public/BIOMETRICS/Face_Morphing/MAD22/original_sorted/FaceMorpher/006_08-vs-118_08.jpg,006_08-vs-118_08.jpg,006_08-vs-118_08
97,/nas-ctm01/datasets/public/BIOMETRICS/Face_Morphing/MAD22/original_sorted/FaceMorpher/006_08-vs-139_08.jpg,006_08-vs-139_08.jpg,006_08-vs-139_08
98,/nas-ctm01/datasets/public/BIOMETRICS/Face_Morphing/MAD22/original_sorted/FaceMorpher/006_08-vs-144_08.jpg,006_08-vs-144_08.jpg,006_08-vs-144_08
99,/nas-ctm01/datasets/public/BIOMETRICS/Face_Morphing/MAD22/original_sorted/FaceMorpher/007_03-vs-039_03.jpg,007_03-vs-039_03.jpg,007_03-vs-039_03
100,/nas-ctm01/datasets/public/BIOMETRICS/Face_Morphing/MAD22/original_sorted/FaceMorpher/007_03-vs-062_03.jpg,007_03-vs-062_03.jpg,007_03-vs-062_03
101,/nas-ctm01/datasets/public/BIOMETRICS/Face_Morphing/MAD22/original_sorted/FaceMorpher/007_03-vs-094_03.jpg,007_03-vs-094_03.jpg,007_03-vs-094_03
102,/nas-ctm01/datasets/public/BIOMETRICS/Face_Morphing/MAD22/original_sorted/FaceMorpher/007_03-vs-107_03.jpg,007_03-vs-107_03.jpg,007_03-vs-107_03
103,/nas-ctm01/datasets/public/BIOMETRICS/Face_Morphing/MAD22/original_sorted/FaceMorpher/007_03-vs-122_03.jpg,007_03-vs-122_03.jpg,007_03-vs-122_03
104,/nas-ctm01/datasets/public/BIOMETRICS/Face_Morphing/MAD22/original_sorted/FaceMorpher/007_03-vs-124_03.jpg,007_03-vs-124_03.jpg,007_03-vs-124_03
105,/nas-ctm01/datasets/public/BIOMETRICS/Face_Morphing/MAD22/original_sorted/FaceMorpher/008_03-vs-063_03.jpg,008_03-vs-063_03.jpg,008_03-vs-063_03
106,/nas-ctm01/datasets/public/BIOMETRICS/Face_Morphing/MAD22/original_sorted/FaceMorpher/008_03-vs-108_03.jpg,008_03-vs-108_03.jpg,008_03-vs-108_03
107,/nas-ctm01/datasets/public/BIOMETRICS/Face_Morphing/MAD22/original_sorted/FaceMorpher/008_03-vs-143_03.jpg,008_03-vs-143_03.jpg,008_03-vs-143_03
108,/nas-ctm01/datasets/public/BIOMETRICS/Face_Morphing/MAD22/original_sorted/FaceMorpher/008_08-vs-061_08.jpg,008_08-vs-061_08.jpg,008_08-vs-061_08
109,/nas-ctm01/datasets/public/BIOMETRICS/Face_Morphing/MAD22/original_sorted/FaceMorpher/008_08-vs-063_08.jpg,008_08-vs-063_08.jpg,008_08-vs-063_08
110,/nas-ctm01/datasets/public/BIOMETRICS/Face_Morphing/MAD22/original_sorted/FaceMorpher/008_08-vs-070_08.jpg,008_08-vs-070_08.jpg,008_08-vs-070_08
111,/nas-ctm01/datasets/public/BIOMETRICS/Face_Morphing/MAD22/original_sorted/FaceMorpher/008_08-vs-096_08.jpg,008_08-vs-096_08.jpg,008_08-vs-096_08
112,/nas-ctm01/datasets/public/BIOMETRICS/Face_Morphing/MAD22/original_sorted/FaceMorpher/009_03-vs-014_03.jpg,009_03-vs-014_03.jpg,009_03-vs-014_03
113,/nas-ctm01/datasets/public/BIOMETRICS/Face_Morphing/MAD22/original_sorted/FaceMorpher/009_03-vs-019_03.jpg,009_03-vs-019_03.jpg,009_03-vs-019_03
114,/nas-ctm01/datasets/public/BIOMETRICS/Face_Morphing/MAD22/original_sorted/FaceMorpher/009_03-vs-027_03.jpg,009_03-vs-027_03.jpg,009_03-vs-027_03
115,/nas-ctm01/datasets/public/BIOMETRICS/Face_Morphing/MAD22/original_sorted/FaceMorpher/009_03-vs-039_03.jpg,009_03-vs-039_03.jpg,009_03-vs-039_03
116,/nas-ctm01/datasets/public/BIOMETRICS/Face_Morphing/MAD22/original_sorted/FaceMorpher/009_03-vs-066_03.jpg,009_03-vs-066_03.jpg,009_03-vs-066_03
117,/nas-ctm01/datasets/public/BIOMETRICS/Face_Morphing/MAD22/original_sorted/FaceMorpher/009_03-vs-090_03.jpg,009_03-vs-090_03.jpg,009_03-vs-090_03
118,/nas-ctm01/datasets/public/BIOMETRICS/Face_Morphing/MAD22/original_sorted/FaceMorpher/009_03-vs-100_03.jpg,009_03-vs-100_03.jpg,009_03-vs-100_03
119,/nas-ctm01/datasets/public/BIOMETRICS/Face_Morphing/MAD22/original_sorted/FaceMorpher/009_03-vs-107_03.jpg,009_03-vs-107_03.jpg,009_03-vs-107_03
120,/nas-ctm01/datasets/public/BIOMETRICS/Face_Morphing/MAD22/original_sorted/FaceMorpher/009_03-vs-112_03.jpg,009_03-vs-112_03.jpg,009_03-vs-112_03
121,/nas-ctm01/datasets/public/BIOMETRICS/Face_Morphing/MAD22/original_sorted/FaceMorpher/009_03-vs-122_03.jpg,009_03-vs-122_03.jpg,009_03-vs-122_03
122,/nas-ctm01/datasets/public/BIOMETRICS/Face_Morphing/MAD22/original_sorted/FaceMorpher/009_03-vs-129_03.jpg,009_03-vs-129_03.jpg,009_03-vs-129_03
123,/nas-ctm01/datasets/public/BIOMETRICS/Face_Morphing/MAD22/original_sorted/FaceMorpher/009_03-vs-139_03.jpg,009_03-vs-139_03.jpg,009_03-vs-139_03
124,/nas-ctm01/datasets/public/BIOMETRICS/Face_Morphing/MAD22/original_sorted/FaceMorpher/009_03-vs-144_03.jpg,009_03-vs-144_03.jpg,009_03-vs-144_03
125,/nas-ctm01/datasets/public/BIOMETRICS/Face_Morphing/MAD22/original_sorted/FaceMorpher/009_08-vs-019_08.jpg,009_08-vs-019_08.jpg,009_08-vs-019_08
126,/nas-ctm01/datasets/public/BIOMETRICS/Face_Morphing/MAD22/original_sorted/FaceMorpher/009_08-vs-062_08.jpg,009_08-vs-062_08.jpg,009_08-vs-062_08
127,/nas-ctm01/datasets/public/BIOMETRICS/Face_Morphing/MAD22/original_sorted/FaceMorpher/009_08-vs-090_08.jpg,009_08-vs-090_08.jpg,009_08-vs-090_08
128,/nas-ctm01/datasets/public/BIOMETRICS/Face_Morphing/MAD22/original_sorted/FaceMorpher/009_08-vs-107_08.jpg,009_08-vs-107_08.jpg,009_08-vs-107_08
129,/nas-ctm01/datasets/public/BIOMETRICS/Face_Morphing/MAD22/original_sorted/FaceMorpher/009_08-vs-112_08.jpg,009_08-vs-112_08.jpg,009_08-vs-112_08
130,/nas-ctm01/datasets/public/BIOMETRICS/Face_Morphing/MAD22/original_sorted/FaceMorpher/009_08-vs-122_08.jpg,009_08-vs-122_08.jpg,009_08-vs-122_08
131,/nas-ctm01/datasets/public/BIOMETRICS/Face_Morphing/MAD22/original_sorted/FaceMorpher/009_08-vs-129_08.jpg,009_08-vs-129_08.jpg,009_08-vs-129_08
132,/nas-ctm01/datasets/public/BIOMETRICS/Face_Morphing/MAD22/original_sorted/FaceMorpher/009_08-vs-139_08.jpg,009_08-vs-139_08.jpg,009_08-vs-139_08
133,/nas-ctm01/datasets/public/BIOMETRICS/Face_Morphing/MAD22/original_sorted/FaceMorpher/009_08-vs-144_08.jpg,009_08-vs-144_08.jpg,009_08-vs-144_08
134,/nas-ctm01/datasets/public/BIOMETRICS/Face_Morphing/MAD22/original_sorted/FaceMorpher/010_03-vs-030_03.jpg,010_03-vs-030_03.jpg,010_03-vs-030_03
135,/nas-ctm01/datasets/public/BIOMETRICS/Face_Morphing/MAD22/original_sorted/FaceMorpher/010_03-vs-038_03.jpg,010_03-vs-038_03.jpg,010_03-vs-038_03
136,/nas-ctm01/datasets/public/BIOMETRICS/Face_Morphing/MAD22/original_sorted/FaceMorpher/010_03-vs-090_03.jpg,010_03-vs-090_03.jpg,010_03-vs-090_03
137,/nas-ctm01/datasets/public/BIOMETRICS/Face_Morphing/MAD22/original_sorted/FaceMorpher/010_03-vs-126_03.jpg,010_03-vs-126_03.jpg,010_03-vs-126_03
138,/nas-ctm01/datasets/public/BIOMETRICS/Face_Morphing/MAD22/original_sorted/FaceMorpher/010_08-vs-030_08.jpg,010_08-vs-030_08.jpg,010_08-vs-030_08
139,/nas-ctm01/datasets/public/BIOMETRICS/Face_Morphing/MAD22/original_sorted/FaceMorpher/010_08-vs-039_08.jpg,010_08-vs-039_08.jpg,010_08-vs-039_08
140,/nas-ctm01/datasets/public/BIOMETRICS/Face_Morphing/MAD22/original_sorted/FaceMorpher/010_08-vs-136_08.jpg,010_08-vs-136_08.jpg,010_08-vs-136_08
141,/nas-ctm01/datasets/public/BIOMETRICS/Face_Morphing/MAD22/original_sorted/FaceMorpher/011_03-vs-020_03.jpg,011_03-vs-020_03.jpg,011_03-vs-020_03
142,/nas-ctm01/datasets/public/BIOMETRICS/Face_Morphing/MAD22/original_sorted/FaceMorpher/011_03-vs-032_03.jpg,011_03-vs-032_03.jpg,011_03-vs-032_03
143,/nas-ctm01/datasets/public/BIOMETRICS/Face_Morphing/MAD22/original_sorted/FaceMorpher/011_03-vs-062_03.jpg,011_03-vs-062_03.jpg,011_03-vs-062_03
144,/nas-ctm01/datasets/public/BIOMETRICS/Face_Morphing/MAD22/original_sorted/FaceMorpher/011_03-vs-064_03.jpg,011_03-vs-064_03.jpg,011_03-vs-064_03
145,/nas-ctm01/datasets/public/BIOMETRICS/Face_Morphing/MAD22/original_sorted/FaceMorpher/011_03-vs-097_03.jpg,011_03-vs-097_03.jpg,011_03-vs-097_03
146,/nas-ctm01/datasets/public/BIOMETRICS/Face_Morphing/MAD22/original_sorted/FaceMorpher/011_03-vs-118_03.jpg,011_03-vs-118_03.jpg,011_03-vs-118_03
147,/nas-ctm01/datasets/public/BIOMETRICS/Face_Morphing/MAD22/original_sorted/FaceMorpher/011_03-vs-120_03.jpg,011_03-vs-120_03.jpg,011_03-vs-120_03
148,/nas-ctm01/datasets/public/BIOMETRICS/Face_Morphing/MAD22/original_sorted/FaceMorpher/011_03-vs-124_03.jpg,011_03-vs-124_03.jpg,011_03-vs-124_03
149,/nas-ctm01/datasets/public/BIOMETRICS/Face_Morphing/MAD22/original_sorted/FaceMorpher/011_03-vs-135_03.jpg,011_03-vs-135_03.jpg,011_03-vs-135_03
150,/nas-ctm01/datasets/public/BIOMETRICS/Face_Morphing/MAD22/original_sorted/FaceMorpher/011_08-vs-020_08.jpg,011_08-vs-020_08.jpg,011_08-vs-020_08
151,/nas-ctm01/datasets/public/BIOMETRICS/Face_Morphing/MAD22/original_sorted/FaceMorpher/011_08-vs-032_08.jpg,011_08-vs-032_08.jpg,011_08-vs-032_08
152,/nas-ctm01/datasets/public/BIOMETRICS/Face_Morphing/MAD22/original_sorted/FaceMorpher/011_08-vs-062_08.jpg,011_08-vs-062_08.jpg,011_08-vs-062_08
153,/nas-ctm01/datasets/public/BIOMETRICS/Face_Morphing/MAD22/original_sorted/FaceMorpher/011_08-vs-091_08.jpg,011_08-vs-091_08.jpg,011_08-vs-091_08
154,/nas-ctm01/datasets/public/BIOMETRICS/Face_Morphing/MAD22/original_sorted/FaceMorpher/011_08-vs-124_08.jpg,011_08-vs-124_08.jpg,011_08-vs-124_08
155,/nas-ctm01/datasets/public/BIOMETRICS/Face_Morphing/MAD22/original_sorted/FaceMorpher/011_08-vs-135_08.jpg,011_08-vs-135_08.jpg,011_08-vs-135_08
156,/nas-ctm01/datasets/public/BIOMETRICS/Face_Morphing/MAD22/original_sorted/FaceMorpher/011_08-vs-136_08.jpg,011_08-vs-136_08.jpg,011_08-vs-136_08
157,/nas-ctm01/datasets/public/BIOMETRICS/Face_Morphing/MAD22/original_sorted/FaceMorpher/012_03-vs-096_03.jpg,012_03-vs-096_03.jpg,012_03-vs-096_03
158,/nas-ctm01/datasets/public/BIOMETRICS/Face_Morphing/MAD22/original_sorted/FaceMorpher/012_03-vs-138_03.jpg,012_03-vs-138_03.jpg,012_03-vs-138_03
159,/nas-ctm01/datasets/public/BIOMETRICS/Face_Morphing/MAD22/original_sorted/FaceMorpher/012_03-vs-141_03.jpg,012_03-vs-141_03.jpg,012_03-vs-141_03
160,/nas-ctm01/datasets/public/BIOMETRICS/Face_Morphing/MAD22/original_sorted/FaceMorpher/012_08-vs-017_08.jpg,012_08-vs-017_08.jpg,012_08-vs-017_08
161,/nas-ctm01/datasets/public/BIOMETRICS/Face_Morphing/MAD22/original_sorted/FaceMorpher/012_08-vs-026_08.jpg,012_08-vs-026_08.jpg,012_08-vs-026_08
162,/nas-ctm01/datasets/public/BIOMETRICS/Face_Morphing/MAD22/original_sorted/FaceMorpher/012_08-vs-041_08.jpg,012_08-vs-041_08.jpg,012_08-vs-041_08
163,/nas-ctm01/datasets/public/BIOMETRICS/Face_Morphing/MAD22/original_sorted/FaceMorpher/012_08-vs-042_08.jpg,012_08-vs-042_08.jpg,012_08-vs-042_08
164,/nas-ctm01/datasets/public/BIOMETRICS/Face_Morphing/MAD22/original_sorted/FaceMorpher/012_08-vs-061_08.jpg,012_08-vs-061_08.jpg,012_08-vs-061_08
165,/nas-ctm01/datasets/public/BIOMETRICS/Face_Morphing/MAD22/original_sorted/FaceMorpher/012_08-vs-130_08.jpg,012_08-vs-130_08.jpg,012_08-vs-130_08
166,/nas-ctm01/datasets/public/BIOMETRICS/Face_Morphing/MAD22/original_sorted/FaceMorpher/012_08-vs-141_08.jpg,012_08-vs-141_08.jpg,012_08-vs-141_08
167,/nas-ctm01/datasets/public/BIOMETRICS/Face_Morphing/MAD22/original_sorted/FaceMorpher/012_08-vs-143_08.jpg,012_08-vs-143_08.jpg,012_08-vs-143_08
168,/nas-ctm01/datasets/public/BIOMETRICS/Face_Morphing/MAD22/original_sorted/FaceMorpher/013_08-vs-020_08.jpg,013_08-vs-020_08.jpg,013_08-vs-020_08
169,/nas-ctm01/datasets/public/BIOMETRICS/Face_Morphing/MAD22/original_sorted/FaceMorpher/013_08-vs-030_08.jpg,013_08-vs-030_08.jpg,013_08-vs-030_08
170,/nas-ctm01/datasets/public/BIOMETRICS/Face_Morphing/MAD22/original_sorted/FaceMorpher/013_08-vs-038_08.jpg,013_08-vs-038_08.jpg,013_08-vs-038_08
171,/nas-ctm01/datasets/public/BIOMETRICS/Face_Morphing/MAD22/original_sorted/FaceMorpher/013_08-vs-066_08.jpg,013_08-vs-066_08.jpg,013_08-vs-066_08
172,/nas-ctm01/datasets/public/BIOMETRICS/Face_Morphing/MAD22/original_sorted/FaceMorpher/013_08-vs-118_08.jpg,013_08-vs-118_08.jpg,013_08-vs-118_08
173,/nas-ctm01/datasets/public/BIOMETRICS/Face_Morphing/MAD22/original_sorted/FaceMorpher/014_03-vs-019_03.jpg,014_03-vs-019_03.jpg,014_03-vs-019_03
174,/nas-ctm01/datasets/public/BIOMETRICS/Face_Morphing/MAD22/original_sorted/FaceMorpher/014_03-vs-030_03.jpg,014_03-vs-030_03.jpg,014_03-vs-030_03
175,/nas-ctm01/datasets/public/BIOMETRICS/Face_Morphing/MAD22/original_sorted/FaceMorpher/014_03-vs-038_03.jpg,014_03-vs-038_03.jpg,014_03-vs-038_03
176,/nas-ctm01/datasets/public/BIOMETRICS/Face_Morphing/MAD22/original_sorted/FaceMorpher/014_03-vs-122_03.jpg,014_03-vs-122_03.jpg,014_03-vs-122_03
177,/nas-ctm01/datasets/public/BIOMETRICS/Face_Morphing/MAD22/original_sorted/FaceMorpher/014_03-vs-134_03.jpg,014_03-vs-134_03.jpg,014_03-vs-134_03
178,/nas-ctm01/datasets/public/BIOMETRICS/Face_Morphing/MAD22/original_sorted/FaceMorpher/014_03-vs-139_03.jpg,014_03-vs-139_03.jpg,014_03-vs-139_03
179,/nas-ctm01/datasets/public/BIOMETRICS/Face_Morphing/MAD22/original_sorted/FaceMorpher/014_08-vs-019_08.jpg,014_08-vs-019_08.jpg,014_08-vs-019_08
180,/nas-ctm01/datasets/public/BIOMETRICS/Face_Morphing/MAD22/original_sorted/FaceMorpher/014_08-vs-038_08.jpg,014_08-vs-038_08.jpg,014_08-vs-038_08
181,/nas-ctm01/datasets/public/BIOMETRICS/Face_Morphing/MAD22/original_sorted/FaceMorpher/014_08-vs-122_08.jpg,014_08-vs-122_08.jpg,014_08-vs-122_08
182,/nas-ctm01/datasets/public/BIOMETRICS/Face_Morphing/MAD22/original_sorted/FaceMorpher/014_08-vs-134_08.jpg,014_08-vs-134_08.jpg,014_08-vs-134_08
183,/nas-ctm01/datasets/public/BIOMETRICS/Face_Morphing/MAD22/original_sorted/FaceMorpher/016_03-vs-027_03.jpg,016_03-vs-027_03.jpg,016_03-vs-027_03
184,/nas-ctm01/datasets/public/BIOMETRICS/Face_Morphing/MAD22/original_sorted/FaceMorpher/016_03-vs-083_03.jpg,016_03-vs-083_03.jpg,016_03-vs-083_03
185,/nas-ctm01/datasets/public/BIOMETRICS/Face_Morphing/MAD22/original_sorted/FaceMorpher/016_03-vs-086_03.jpg,016_03-vs-086_03.jpg,016_03-vs-086_03
186,/nas-ctm01/datasets/public/BIOMETRICS/Face_Morphing/MAD22/original_sorted/FaceMorpher/016_03-vs-094_03.jpg,016_03-vs-094_03.jpg,016_03-vs-094_03
187,/nas-ctm01/datasets/public/BIOMETRICS/Face_Morphing/MAD22/original_sorted/FaceMorpher/016_08-vs-081_08.jpg,016_08-vs-081_08.jpg,016_08-vs-081_08
188,/nas-ctm01/datasets/public/BIOMETRICS/Face_Morphing/MAD22/original_sorted/FaceMorpher/016_08-vs-083_08.jpg,016_08-vs-083_08.jpg,016_08-vs-083_08
189,/nas-ctm01/datasets/public/BIOMETRICS/Face_Morphing/MAD22/original_sorted/FaceMorpher/016_08-vs-099_08.jpg,016_08-vs-099_08.jpg,016_08-vs-099_08
190,/nas-ctm01/datasets/public/BIOMETRICS/Face_Morphing/MAD22/original_sorted/FaceMorpher/016_08-vs-144_08.jpg,016_08-vs-144_08.jpg,016_08-vs-144_08
191,/nas-ctm01/datasets/public/BIOMETRICS/Face_Morphing/MAD22/original_sorted/FaceMorpher/017_08-vs-024_08.jpg,017_08-vs-024_08.jpg,017_08-vs-024_08
192,/nas-ctm01/datasets/public/BIOMETRICS/Face_Morphing/MAD22/original_sorted/FaceMorpher/017_08-vs-067_08.jpg,017_08-vs-067_08.jpg,017_08-vs-067_08
193,/nas-ctm01/datasets/public/BIOMETRICS/Face_Morphing/MAD22/original_sorted/FaceMorpher/017_08-vs-068_08.jpg,017_08-vs-068_08.jpg,017_08-vs-068_08
194,/nas-ctm01/datasets/public/BIOMETRICS/Face_Morphing/MAD22/original_sorted/FaceMorpher/017_08-vs-128_08.jpg,017_08-vs-128_08.jpg,017_08-vs-128_08
195,/nas-ctm01/datasets/public/BIOMETRICS/Face_Morphing/MAD22/original_sorted/FaceMorpher/017_08-vs-130_08.jpg,017_08-vs-130_08.jpg,017_08-vs-130_08
196,/nas-ctm01/datasets/public/BIOMETRICS/Face_Morphing/MAD22/original_sorted/FaceMorpher/017_08-vs-141_08.jpg,017_08-vs-141_08.jpg,017_08-vs-141_08
197,/nas-ctm01/datasets/public/BIOMETRICS/Face_Morphing/MAD22/original_sorted/FaceMorpher/018_03-vs-061_03.jpg,018_03-vs-061_03.jpg,018_03-vs-061_03
198,/nas-ctm01/datasets/public/BIOMETRICS/Face_Morphing/MAD22/original_sorted/FaceMorpher/018_03-vs-063_03.jpg,018_03-vs-063_03.jpg,018_03-vs-063_03
199,/nas-ctm01/datasets/public/BIOMETRICS/Face_Morphing/MAD22/original_sorted/FaceMorpher/018_03-vs-101_03.jpg,018_03-vs-101_03.jpg,018_03-vs-101_03
200,/nas-ctm01/datasets/public/BIOMETRICS/Face_Morphing/MAD22/original_sorted/FaceMorpher/018_03-vs-121_03.jpg,018_03-vs-121_03.jpg,018_03-vs-121_03
201,/nas-ctm01/datasets/public/BIOMETRICS/Face_Morphing/MAD22/original_sorted/FaceMorpher/018_03-vs-131_03.jpg,018_03-vs-131_03.jpg,018_03-vs-131_03
202,/nas-ctm01/datasets/public/BIOMETRICS/Face_Morphing/MAD22/original_sorted/FaceMorpher/018_03-vs-132_03.jpg,018_03-vs-132_03.jpg,018_03-vs-132_03
203,/nas-ctm01/datasets/public/BIOMETRICS/Face_Morphing/MAD22/original_sorted/FaceMorpher/018_03-vs-138_03.jpg,018_03-vs-138_03.jpg,018_03-vs-138_03
204,/nas-ctm01/datasets/public/BIOMETRICS/Face_Morphing/MAD22/original_sorted/FaceMorpher/018_08-vs-045_08.jpg,018_08-vs-045_08.jpg,018_08-vs-045_08
205,/nas-ctm01/datasets/public/BIOMETRICS/Face_Morphing/MAD22/original_sorted/FaceMorpher/018_08-vs-061_08.jpg,018_08-vs-061_08.jpg,018_08-vs-061_08
206,/nas-ctm01/datasets/public/BIOMETRICS/Face_Morphing/MAD22/original_sorted/FaceMorpher/018_08-vs-063_08.jpg,018_08-vs-063_08.jpg,018_08-vs-063_08
207,/nas-ctm01/datasets/public/BIOMETRICS/Face_Morphing/MAD22/original_sorted/FaceMorpher/018_08-vs-069_08.jpg,018_08-vs-069_08.jpg,018_08-vs-069_08
208,/nas-ctm01/datasets/public/BIOMETRICS/Face_Morphing/MAD22/original_sorted/FaceMorpher/018_08-vs-092_08.jpg,018_08-vs-092_08.jpg,018_08-vs-092_08
209,/nas-ctm01/datasets/public/BIOMETRICS/Face_Morphing/MAD22/original_sorted/FaceMorpher/018_08-vs-101_08.jpg,018_08-vs-101_08.jpg,018_08-vs-101_08
210,/nas-ctm01/datasets/public/BIOMETRICS/Face_Morphing/MAD22/original_sorted/FaceMorpher/018_08-vs-119_08.jpg,018_08-vs-119_08.jpg,018_08-vs-119_08
211,/nas-ctm01/datasets/public/BIOMETRICS/Face_Morphing/MAD22/original_sorted/FaceMorpher/018_08-vs-121_08.jpg,018_08-vs-121_08.jpg,018_08-vs-121_08
212,/nas-ctm01/datasets/public/BIOMETRICS/Face_Morphing/MAD22/original_sorted/FaceMorpher/018_08-vs-132_08.jpg,018_08-vs-132_08.jpg,018_08-vs-132_08
213,/nas-ctm01/datasets/public/BIOMETRICS/Face_Morphing/MAD22/original_sorted/FaceMorpher/018_08-vs-140_08.jpg,018_08-vs-140_08.jpg,018_08-vs-140_08
214,/nas-ctm01/datasets/public/BIOMETRICS/Face_Morphing/MAD22/original_sorted/FaceMorpher/018_08-vs-172_08.jpg,018_08-vs-172_08.jpg,018_08-vs-172_08
215,/nas-ctm01/datasets/public/BIOMETRICS/Face_Morphing/MAD22/original_sorted/FaceMorpher/019_03-vs-027_03.jpg,019_03-vs-027_03.jpg,019_03-vs-027_03
216,/nas-ctm01/datasets/public/BIOMETRICS/Face_Morphing/MAD22/original_sorted/FaceMorpher/019_03-vs-039_03.jpg,019_03-vs-039_03.jpg,019_03-vs-039_03
217,/nas-ctm01/datasets/public/BIOMETRICS/Face_Morphing/MAD22/original_sorted/FaceMorpher/019_03-vs-083_03.jpg,019_03-vs-083_03.jpg,019_03-vs-083_03
218,/nas-ctm01/datasets/public/BIOMETRICS/Face_Morphing/MAD22/original_sorted/FaceMorpher/019_03-vs-097_03.jpg,019_03-vs-097_03.jpg,019_03-vs-097_03
219,/nas-ctm01/datasets/public/BIOMETRICS/Face_Morphing/MAD22/original_sorted/FaceMorpher/019_03-vs-100_03.jpg,019_03-vs-100_03.jpg,019_03-vs-100_03
220,/nas-ctm01/datasets/public/BIOMETRICS/Face_Morphing/MAD22/original_sorted/FaceMorpher/019_03-vs-122_03.jpg,019_03-vs-122_03.jpg,019_03-vs-122_03
221,/nas-ctm01/datasets/public/BIOMETRICS/Face_Morphing/MAD22/original_sorted/FaceMorpher/019_03-vs-139_03.jpg,019_03-vs-139_03.jpg,019_03-vs-139_03
222,/nas-ctm01/datasets/public/BIOMETRICS/Face_Morphing/MAD22/original_sorted/FaceMorpher/019_03-vs-144_03.jpg,019_03-vs-144_03.jpg,019_03-vs-144_03
223,/nas-ctm01/datasets/public/BIOMETRICS/Face_Morphing/MAD22/original_sorted/FaceMorpher/019_08-vs-027_08.jpg,019_08-vs-027_08.jpg,019_08-vs-027_08
224,/nas-ctm01/datasets/public/BIOMETRICS/Face_Morphing/MAD22/original_sorted/FaceMorpher/019_08-vs-038_08.jpg,019_08-vs-038_08.jpg,019_08-vs-038_08
225,/nas-ctm01/datasets/public/BIOMETRICS/Face_Morphing/MAD22/original_sorted/FaceMorpher/019_08-vs-039_08.jpg,019_08-vs-039_08.jpg,019_08-vs-039_08
226,/nas-ctm01/datasets/public/BIOMETRICS/Face_Morphing/MAD22/original_sorted/FaceMorpher/019_08-vs-083_08.jpg,019_08-vs-083_08.jpg,019_08-vs-083_08
227,/nas-ctm01/datasets/public/BIOMETRICS/Face_Morphing/MAD22/original_sorted/FaceMorpher/019_08-vs-097_08.jpg,019_08-vs-097_08.jpg,019_08-vs-097_08
228,/nas-ctm01/datasets/public/BIOMETRICS/Face_Morphing/MAD22/original_sorted/FaceMorpher/019_08-vs-102_08.jpg,019_08-vs-102_08.jpg,019_08-vs-102_08
229,/nas-ctm01/datasets/public/BIOMETRICS/Face_Morphing/MAD22/original_sorted/FaceMorpher/019_08-vs-122_08.jpg,019_08-vs-122_08.jpg,019_08-vs-122_08
230,/nas-ctm01/datasets/public/BIOMETRICS/Face_Morphing/MAD22/original_sorted/FaceMorpher/019_08-vs-135_08.jpg,019_08-vs-135_08.jpg,019_08-vs-135_08
231,/nas-ctm01/datasets/public/BIOMETRICS/Face_Morphing/MAD22/original_sorted/FaceMorpher/019_08-vs-139_08.jpg,019_08-vs-139_08.jpg,019_08-vs-139_08
232,/nas-ctm01/datasets/public/BIOMETRICS/Face_Morphing/MAD22/original_sorted/FaceMorpher/019_08-vs-144_08.jpg,019_08-vs-144_08.jpg,019_08-vs-144_08
233,/nas-ctm01/datasets/public/BIOMETRICS/Face_Morphing/MAD22/original_sorted/FaceMorpher/020_03-vs-062_03.jpg,020_03-vs-062_03.jpg,020_03-vs-062_03
234,/nas-ctm01/datasets/public/BIOMETRICS/Face_Morphing/MAD22/original_sorted/FaceMorpher/020_03-vs-064_03.jpg,020_03-vs-064_03.jpg,020_03-vs-064_03
235,/nas-ctm01/datasets/public/BIOMETRICS/Face_Morphing/MAD22/original_sorted/FaceMorpher/020_03-vs-102_03.jpg,020_03-vs-102_03.jpg,020_03-vs-102_03
236,/nas-ctm01/datasets/public/BIOMETRICS/Face_Morphing/MAD22/original_sorted/FaceMorpher/020_08-vs-064_08.jpg,020_08-vs-064_08.jpg,020_08-vs-064_08
237,/nas-ctm01/datasets/public/BIOMETRICS/Face_Morphing/MAD22/original_sorted/FaceMorpher/020_08-vs-099_08.jpg,020_08-vs-099_08.jpg,020_08-vs-099_08
238,/nas-ctm01/datasets/public/BIOMETRICS/Face_Morphing/MAD22/original_sorted/FaceMorpher/020_08-vs-102_08.jpg,020_08-vs-102_08.jpg,020_08-vs-102_08
239,/nas-ctm01/datasets/public/BIOMETRICS/Face_Morphing/MAD22/original_sorted/FaceMorpher/021_03-vs-029_03.jpg,021_03-vs-029_03.jpg,021_03-vs-029_03
240,/nas-ctm01/datasets/public/BIOMETRICS/Face_Morphing/MAD22/original_sorted/FaceMorpher/021_03-vs-037_03.jpg,021_03-vs-037_03.jpg,021_03-vs-037_03
241,/nas-ctm01/datasets/public/BIOMETRICS/Face_Morphing/MAD22/original_sorted/FaceMorpher/021_03-vs-121_03.jpg,021_03-vs-121_03.jpg,021_03-vs-121_03
242,/nas-ctm01/datasets/public/BIOMETRICS/Face_Morphing/MAD22/original_sorted/FaceMorpher/021_03-vs-125_03.jpg,021_03-vs-125_03.jpg,021_03-vs-125_03
243,/nas-ctm01/datasets/public/BIOMETRICS/Face_Morphing/MAD22/original_sorted/FaceMorpher/021_08-vs-029_08.jpg,021_08-vs-029_08.jpg,021_08-vs-029_08
244,/nas-ctm01/datasets/public/BIOMETRICS/Face_Morphing/MAD22/original_sorted/FaceMorpher/021_08-vs-121_08.jpg,021_08-vs-121_08.jpg,021_08-vs-121_08
245,/nas-ctm01/datasets/public/BIOMETRICS/Face_Morphing/MAD22/original_sorted/FaceMorpher/021_08-vs-125_08.jpg,021_08-vs-125_08.jpg,021_08-vs-125_08
246,/nas-ctm01/datasets/public/BIOMETRICS/Face_Morphing/MAD22/original_sorted/FaceMorpher/021_08-vs-130_08.jpg,021_08-vs-130_08.jpg,021_08-vs-130_08
247,/nas-ctm01/datasets/public/BIOMETRICS/Face_Morphing/MAD22/original_sorted/FaceMorpher/021_08-vs-132_08.jpg,021_08-vs-132_08.jpg,021_08-vs-132_08
248,/nas-ctm01/datasets/public/BIOMETRICS/Face_Morphing/MAD22/original_sorted/FaceMorpher/021_08-vs-140_08.jpg,021_08-vs-140_08.jpg,021_08-vs-140_08
249,/nas-ctm01/datasets/public/BIOMETRICS/Face_Morphing/MAD22/original_sorted/FaceMorpher/021_08-vs-173_08.jpg,021_08-vs-173_08.jpg,021_08-vs-173_08
250,/nas-ctm01/datasets/public/BIOMETRICS/Face_Morphing/MAD22/original_sorted/FaceMorpher/022_03-vs-069_03.jpg,022_03-vs-069_03.jpg,022_03-vs-069_03
251,/nas-ctm01/datasets/public/BIOMETRICS/Face_Morphing/MAD22/original_sorted/FaceMorpher/022_03-vs-082_03.jpg,022_03-vs-082_03.jpg,022_03-vs-082_03
252,/nas-ctm01/datasets/public/BIOMETRICS/Face_Morphing/MAD22/original_sorted/FaceMorpher/022_03-vs-123_03.jpg,022_03-vs-123_03.jpg,022_03-vs-123_03
253,/nas-ctm01/datasets/public/BIOMETRICS/Face_Morphing/MAD22/original_sorted/FaceMorpher/022_03-vs-172_03.jpg,022_03-vs-172_03.jpg,022_03-vs-172_03
254,/nas-ctm01/datasets/public/BIOMETRICS/Face_Morphing/MAD22/original_sorted/FaceMorpher/022_03-vs-173_03.jpg,022_03-vs-173_03.jpg,022_03-vs-173_03
255,/nas-ctm01/datasets/public/BIOMETRICS/Face_Morphing/MAD22/original_sorted/FaceMorpher/022_08-vs-031_08.jpg,022_08-vs-031_08.jpg,022_08-vs-031_08
256,/nas-ctm01/datasets/public/BIOMETRICS/Face_Morphing/MAD22/original_sorted/FaceMorpher/022_08-vs-042_08.jpg,022_08-vs-042_08.jpg,022_08-vs-042_08
257,/nas-ctm01/datasets/public/BIOMETRICS/Face_Morphing/MAD22/original_sorted/FaceMorpher/022_08-vs-082_08.jpg,022_08-vs-082_08.jpg,022_08-vs-082_08
258,/nas-ctm01/datasets/public/BIOMETRICS/Face_Morphing/MAD22/original_sorted/FaceMorpher/022_08-vs-172_08.jpg,022_08-vs-172_08.jpg,022_08-vs-172_08
259,/nas-ctm01/datasets/public/BIOMETRICS/Face_Morphing/MAD22/original_sorted/FaceMorpher/022_08-vs-173_08.jpg,022_08-vs-173_08.jpg,022_08-vs-173_08
260,/nas-ctm01/datasets/public/BIOMETRICS/Face_Morphing/MAD22/original_sorted/FaceMorpher/024_03-vs-031_03.jpg,024_03-vs-031_03.jpg,024_03-vs-031_03
261,/nas-ctm01/datasets/public/BIOMETRICS/Face_Morphing/MAD22/original_sorted/FaceMorpher/024_03-vs-036_03.jpg,024_03-vs-036_03.jpg,024_03-vs-036_03
262,/nas-ctm01/datasets/public/BIOMETRICS/Face_Morphing/MAD22/original_sorted/FaceMorpher/024_03-vs-042_03.jpg,024_03-vs-042_03.jpg,024_03-vs-042_03
263,/nas-ctm01/datasets/public/BIOMETRICS/Face_Morphing/MAD22/original_sorted/FaceMorpher/024_03-vs-061_03.jpg,024_03-vs-061_03.jpg,024_03-vs-061_03
264,/nas-ctm01/datasets/public/BIOMETRICS/Face_Morphing/MAD22/original_sorted/FaceMorpher/024_03-vs-092_03.jpg,024_03-vs-092_03.jpg,024_03-vs-092_03
265,/nas-ctm01/datasets/public/BIOMETRICS/Face_Morphing/MAD22/original_sorted/FaceMorpher/024_03-vs-125_03.jpg,024_03-vs-125_03.jpg,024_03-vs-125_03
266,/nas-ctm01/datasets/public/BIOMETRICS/Face_Morphing/MAD22/original_sorted/FaceMorpher/024_03-vs-131_03.jpg,024_03-vs-131_03.jpg,024_03-vs-131_03
267,/nas-ctm01/datasets/public/BIOMETRICS/Face_Morphing/MAD22/original_sorted/FaceMorpher/024_03-vs-137_03.jpg,024_03-vs-137_03.jpg,024_03-vs-137_03
268,/nas-ctm01/datasets/public/BIOMETRICS/Face_Morphing/MAD22/original_sorted/FaceMorpher/024_03-vs-138_03.jpg,024_03-vs-138_03.jpg,024_03-vs-138_03
269,/nas-ctm01/datasets/public/BIOMETRICS/Face_Morphing/MAD22/original_sorted/FaceMorpher/024_03-vs-141_03.jpg,024_03-vs-141_03.jpg,024_03-vs-141_03
270,/nas-ctm01/datasets/public/BIOMETRICS/Face_Morphing/MAD22/original_sorted/FaceMorpher/024_03-vs-173_03.jpg,024_03-vs-173_03.jpg,024_03-vs-173_03
271,/nas-ctm01/datasets/public/BIOMETRICS/Face_Morphing/MAD22/original_sorted/FaceMorpher/024_08-vs-036_08.jpg,024_08-vs-036_08.jpg,024_08-vs-036_08
272,/nas-ctm01/datasets/public/BIOMETRICS/Face_Morphing/MAD22/original_sorted/FaceMorpher/024_08-vs-045_08.jpg,024_08-vs-045_08.jpg,024_08-vs-045_08
273,/nas-ctm01/datasets/public/BIOMETRICS/Face_Morphing/MAD22/original_sorted/FaceMorpher/024_08-vs-061_08.jpg,024_08-vs-061_08.jpg,024_08-vs-061_08
274,/nas-ctm01/datasets/public/BIOMETRICS/Face_Morphing/MAD22/original_sorted/FaceMorpher/024_08-vs-069_08.jpg,024_08-vs-069_08.jpg,024_08-vs-069_08
275,/nas-ctm01/datasets/public/BIOMETRICS/Face_Morphing/MAD22/original_sorted/FaceMorpher/024_08-vs-092_08.jpg,024_08-vs-092_08.jpg,024_08-vs-092_08
276,/nas-ctm01/datasets/public/BIOMETRICS/Face_Morphing/MAD22/original_sorted/FaceMorpher/024_08-vs-121_08.jpg,024_08-vs-121_08.jpg,024_08-vs-121_08
277,/nas-ctm01/datasets/public/BIOMETRICS/Face_Morphing/MAD22/original_sorted/FaceMorpher/024_08-vs-125_08.jpg,024_08-vs-125_08.jpg,024_08-vs-125_08
278,/nas-ctm01/datasets/public/BIOMETRICS/Face_Morphing/MAD22/original_sorted/FaceMorpher/024_08-vs-141_08.jpg,024_08-vs-141_08.jpg,024_08-vs-141_08
279,/nas-ctm01/datasets/public/BIOMETRICS/Face_Morphing/MAD22/original_sorted/FaceMorpher/024_08-vs-173_08.jpg,024_08-vs-173_08.jpg,024_08-vs-173_08
280,/nas-ctm01/datasets/public/BIOMETRICS/Face_Morphing/MAD22/original_sorted/FaceMorpher/025_03-vs-038_03.jpg,025_03-vs-038_03.jpg,025_03-vs-038_03
281,/nas-ctm01/datasets/public/BIOMETRICS/Face_Morphing/MAD22/original_sorted/FaceMorpher/025_03-vs-062_03.jpg,025_03-vs-062_03.jpg,025_03-vs-062_03
282,/nas-ctm01/datasets/public/BIOMETRICS/Face_Morphing/MAD22/original_sorted/FaceMorpher/025_03-vs-124_03.jpg,025_03-vs-124_03.jpg,025_03-vs-124_03
283,/nas-ctm01/datasets/public/BIOMETRICS/Face_Morphing/MAD22/original_sorted/FaceMorpher/025_03-vs-134_03.jpg,025_03-vs-134_03.jpg,025_03-vs-134_03
284,/nas-ctm01/datasets/public/BIOMETRICS/Face_Morphing/MAD22/original_sorted/FaceMorpher/025_03-vs-136_03.jpg,025_03-vs-136_03.jpg,025_03-vs-136_03
285,/nas-ctm01/datasets/public/BIOMETRICS/Face_Morphing/MAD22/original_sorted/FaceMorpher/025_08-vs-038_08.jpg,025_08-vs-038_08.jpg,025_08-vs-038_08
286,/nas-ctm01/datasets/public/BIOMETRICS/Face_Morphing/MAD22/original_sorted/FaceMorpher/025_08-vs-091_08.jpg,025_08-vs-091_08.jpg,025_08-vs-091_08
287,/nas-ctm01/datasets/public/BIOMETRICS/Face_Morphing/MAD22/original_sorted/FaceMorpher/025_08-vs-124_08.jpg,025_08-vs-124_08.jpg,025_08-vs-124_08
288,/nas-ctm01/datasets/public/BIOMETRICS/Face_Morphing/MAD22/original_sorted/FaceMorpher/025_08-vs-134_08.jpg,025_08-vs-134_08.jpg,025_08-vs-134_08
289,/nas-ctm01/datasets/public/BIOMETRICS/Face_Morphing/MAD22/original_sorted/FaceMorpher/025_08-vs-136_08.jpg,025_08-vs-136_08.jpg,025_08-vs-136_08
290,/nas-ctm01/datasets/public/BIOMETRICS/Face_Morphing/MAD22/original_sorted/FaceMorpher/026_03-vs-123_03.jpg,026_03-vs-123_03.jpg,026_03-vs-123_03
291,/nas-ctm01/datasets/public/BIOMETRICS/Face_Morphing/MAD22/original_sorted/FaceMorpher/026_03-vs-130_03.jpg,026_03-vs-130_03.jpg,026_03-vs-130_03
292,/nas-ctm01/datasets/public/BIOMETRICS/Face_Morphing/MAD22/original_sorted/FaceMorpher/026_03-vs-143_03.jpg,026_03-vs-143_03.jpg,026_03-vs-143_03
293,/nas-ctm01/datasets/public/BIOMETRICS/Face_Morphing/MAD22/original_sorted/FaceMorpher/026_08-vs-045_08.jpg,026_08-vs-045_08.jpg,026_08-vs-045_08
294,/nas-ctm01/datasets/public/BIOMETRICS/Face_Morphing/MAD22/original_sorted/FaceMorpher/026_08-vs-070_08.jpg,026_08-vs-070_08.jpg,026_08-vs-070_08
295,/nas-ctm01/datasets/public/BIOMETRICS/Face_Morphing/MAD22/original_sorted/FaceMorpher/026_08-vs-130_08.jpg,026_08-vs-130_08.jpg,026_08-vs-130_08
296,/nas-ctm01/datasets/public/BIOMETRICS/Face_Morphing/MAD22/original_sorted/FaceMorpher/026_08-vs-140_08.jpg,026_08-vs-140_08.jpg,026_08-vs-140_08
297,/nas-ctm01/datasets/public/BIOMETRICS/Face_Morphing/MAD22/original_sorted/FaceMorpher/027_03-vs-083_03.jpg,027_03-vs-083_03.jpg,027_03-vs-083_03
298,/nas-ctm01/datasets/public/BIOMETRICS/Face_Morphing/MAD22/original_sorted/FaceMorpher/027_03-vs-090_03.jpg,027_03-vs-090_03.jpg,027_03-vs-090_03
299,/nas-ctm01/datasets/public/BIOMETRICS/Face_Morphing/MAD22/original_sorted/FaceMorpher/027_03-vs-094_03.jpg,027_03-vs-094_03.jpg,027_03-vs-094_03
300,/nas-ctm01/datasets/public/BIOMETRICS/Face_Morphing/MAD22/original_sorted/FaceMorpher/027_03-vs-099_03.jpg,027_03-vs-099_03.jpg,027_03-vs-099_03
301,/nas-ctm01/datasets/public/BIOMETRICS/Face_Morphing/MAD22/original_sorted/FaceMorpher/027_03-vs-100_03.jpg,027_03-vs-100_03.jpg,027_03-vs-100_03
302,/nas-ctm01/datasets/public/BIOMETRICS/Face_Morphing/MAD22/original_sorted/FaceMorpher/027_03-vs-102_03.jpg,027_03-vs-102_03.jpg,027_03-vs-102_03
303,/nas-ctm01/datasets/public/BIOMETRICS/Face_Morphing/MAD22/original_sorted/FaceMorpher/027_03-vs-118_03.jpg,027_03-vs-118_03.jpg,027_03-vs-118_03
304,/nas-ctm01/datasets/public/BIOMETRICS/Face_Morphing/MAD22/original_sorted/FaceMorpher/027_03-vs-139_03.jpg,027_03-vs-139_03.jpg,027_03-vs-139_03
305,/nas-ctm01/datasets/public/BIOMETRICS/Face_Morphing/MAD22/original_sorted/FaceMorpher/027_03-vs-144_03.jpg,027_03-vs-144_03.jpg,027_03-vs-144_03
306,/nas-ctm01/datasets/public/BIOMETRICS/Face_Morphing/MAD22/original_sorted/FaceMorpher/027_08-vs-032_08.jpg,027_08-vs-032_08.jpg,027_08-vs-032_08
307,/nas-ctm01/datasets/public/BIOMETRICS/Face_Morphing/MAD22/original_sorted/FaceMorpher/027_08-vs-038_08.jpg,027_08-vs-038_08.jpg,027_08-vs-038_08
308,/nas-ctm01/datasets/public/BIOMETRICS/Face_Morphing/MAD22/original_sorted/FaceMorpher/027_08-vs-081_08.jpg,027_08-vs-081_08.jpg,027_08-vs-081_08
309,/nas-ctm01/datasets/public/BIOMETRICS/Face_Morphing/MAD22/original_sorted/FaceMorpher/027_08-vs-083_08.jpg,027_08-vs-083_08.jpg,027_08-vs-083_08
310,/nas-ctm01/datasets/public/BIOMETRICS/Face_Morphing/MAD22/original_sorted/FaceMorpher/027_08-vs-090_08.jpg,027_08-vs-090_08.jpg,027_08-vs-090_08
311,/nas-ctm01/datasets/public/BIOMETRICS/Face_Morphing/MAD22/original_sorted/FaceMorpher/027_08-vs-099_08.jpg,027_08-vs-099_08.jpg,027_08-vs-099_08
312,/nas-ctm01/datasets/public/BIOMETRICS/Face_Morphing/MAD22/original_sorted/FaceMorpher/027_08-vs-102_08.jpg,027_08-vs-102_08.jpg,027_08-vs-102_08
313,/nas-ctm01/datasets/public/BIOMETRICS/Face_Morphing/MAD22/original_sorted/FaceMorpher/027_08-vs-118_08.jpg,027_08-vs-118_08.jpg,027_08-vs-118_08
314,/nas-ctm01/datasets/public/BIOMETRICS/Face_Morphing/MAD22/original_sorted/FaceMorpher/027_08-vs-139_08.jpg,027_08-vs-139_08.jpg,027_08-vs-139_08
315,/nas-ctm01/datasets/public/BIOMETRICS/Face_Morphing/MAD22/original_sorted/FaceMorpher/027_08-vs-144_08.jpg,027_08-vs-144_08.jpg,027_08-vs-144_08
316,/nas-ctm01/datasets/public/BIOMETRICS/Face_Morphing/MAD22/original_sorted/FaceMorpher/029_03-vs-041_03.jpg,029_03-vs-041_03.jpg,029_03-vs-041_03
317,/nas-ctm01/datasets/public/BIOMETRICS/Face_Morphing/MAD22/original_sorted/FaceMorpher/029_03-vs-044_03.jpg,029_03-vs-044_03.jpg,029_03-vs-044_03
318,/nas-ctm01/datasets/public/BIOMETRICS/Face_Morphing/MAD22/original_sorted/FaceMorpher/029_03-vs-082_03.jpg,029_03-vs-082_03.jpg,029_03-vs-082_03
319,/nas-ctm01/datasets/public/BIOMETRICS/Face_Morphing/MAD22/original_sorted/FaceMorpher/029_03-vs-143_03.jpg,029_03-vs-143_03.jpg,029_03-vs-143_03
320,/nas-ctm01/datasets/public/BIOMETRICS/Face_Morphing/MAD22/original_sorted/FaceMorpher/029_03-vs-173_03.jpg,029_03-vs-173_03.jpg,029_03-vs-173_03
321,/nas-ctm01/datasets/public/BIOMETRICS/Face_Morphing/MAD22/original_sorted/FaceMorpher/029_08-vs-041_08.jpg,029_08-vs-041_08.jpg,029_08-vs-041_08
322,/nas-ctm01/datasets/public/BIOMETRICS/Face_Morphing/MAD22/original_sorted/FaceMorpher/029_08-vs-044_08.jpg,029_08-vs-044_08.jpg,029_08-vs-044_08
323,/nas-ctm01/datasets/public/BIOMETRICS/Face_Morphing/MAD22/original_sorted/FaceMorpher/029_08-vs-082_08.jpg,029_08-vs-082_08.jpg,029_08-vs-082_08
324,/nas-ctm01/datasets/public/BIOMETRICS/Face_Morphing/MAD22/original_sorted/FaceMorpher/029_08-vs-143_08.jpg,029_08-vs-143_08.jpg,029_08-vs-143_08
325,/nas-ctm01/datasets/public/BIOMETRICS/Face_Morphing/MAD22/original_sorted/FaceMorpher/029_08-vs-173_08.jpg,029_08-vs-173_08.jpg,029_08-vs-173_08
326,/nas-ctm01/datasets/public/BIOMETRICS/Face_Morphing/MAD22/original_sorted/FaceMorpher/030_03-vs-039_03.jpg,030_03-vs-039_03.jpg,030_03-vs-039_03
327,/nas-ctm01/datasets/public/BIOMETRICS/Face_Morphing/MAD22/original_sorted/FaceMorpher/030_03-vs-062_03.jpg,030_03-vs-062_03.jpg,030_03-vs-062_03
328,/nas-ctm01/datasets/public/BIOMETRICS/Face_Morphing/MAD22/original_sorted/FaceMorpher/030_03-vs-134_03.jpg,030_03-vs-134_03.jpg,030_03-vs-134_03
329,/nas-ctm01/datasets/public/BIOMETRICS/Face_Morphing/MAD22/original_sorted/FaceMorpher/030_08-vs-039_08.jpg,030_08-vs-039_08.jpg,030_08-vs-039_08
330,/nas-ctm01/datasets/public/BIOMETRICS/Face_Morphing/MAD22/original_sorted/FaceMorpher/030_08-vs-112_08.jpg,030_08-vs-112_08.jpg,030_08-vs-112_08
331,/nas-ctm01/datasets/public/BIOMETRICS/Face_Morphing/MAD22/original_sorted/FaceMorpher/030_08-vs-127_08.jpg,030_08-vs-127_08.jpg,030_08-vs-127_08
332,/nas-ctm01/datasets/public/BIOMETRICS/Face_Morphing/MAD22/original_sorted/FaceMorpher/030_08-vs-134_08.jpg,030_08-vs-134_08.jpg,030_08-vs-134_08
333,/nas-ctm01/datasets/public/BIOMETRICS/Face_Morphing/MAD22/original_sorted/FaceMorpher/031_03-vs-042_03.jpg,031_03-vs-042_03.jpg,031_03-vs-042_03
334,/nas-ctm01/datasets/public/BIOMETRICS/Face_Morphing/MAD22/original_sorted/FaceMorpher/031_03-vs-043_03.jpg,031_03-vs-043_03.jpg,031_03-vs-043_03
335,/nas-ctm01/datasets/public/BIOMETRICS/Face_Morphing/MAD22/original_sorted/FaceMorpher/031_03-vs-068_03.jpg,031_03-vs-068_03.jpg,031_03-vs-068_03
336,/nas-ctm01/datasets/public/BIOMETRICS/Face_Morphing/MAD22/original_sorted/FaceMorpher/031_03-vs-121_03.jpg,031_03-vs-121_03.jpg,031_03-vs-121_03
337,/nas-ctm01/datasets/public/BIOMETRICS/Face_Morphing/MAD22/original_sorted/FaceMorpher/031_03-vs-132_03.jpg,031_03-vs-132_03.jpg,031_03-vs-132_03
338,/nas-ctm01/datasets/public/BIOMETRICS/Face_Morphing/MAD22/original_sorted/FaceMorpher/031_03-vs-137_03.jpg,031_03-vs-137_03.jpg,031_03-vs-137_03
339,/nas-ctm01/datasets/public/BIOMETRICS/Face_Morphing/MAD22/original_sorted/FaceMorpher/031_08-vs-042_08.jpg,031_08-vs-042_08.jpg,031_08-vs-042_08
340,/nas-ctm01/datasets/public/BIOMETRICS/Face_Morphing/MAD22/original_sorted/FaceMorpher/031_08-vs-043_08.jpg,031_08-vs-043_08.jpg,031_08-vs-043_08
341,/nas-ctm01/datasets/public/BIOMETRICS/Face_Morphing/MAD22/original_sorted/FaceMorpher/031_08-vs-068_08.jpg,031_08-vs-068_08.jpg,031_08-vs-068_08
342,/nas-ctm01/datasets/public/BIOMETRICS/Face_Morphing/MAD22/original_sorted/FaceMorpher/031_08-vs-115_08.jpg,031_08-vs-115_08.jpg,031_08-vs-115_08
343,/nas-ctm01/datasets/public/BIOMETRICS/Face_Morphing/MAD22/original_sorted/FaceMorpher/031_08-vs-117_08.jpg,031_08-vs-117_08.jpg,031_08-vs-117_08
344,/nas-ctm01/datasets/public/BIOMETRICS/Face_Morphing/MAD22/original_sorted/FaceMorpher/032_03-vs-086_03.jpg,032_03-vs-086_03.jpg,032_03-vs-086_03
345,/nas-ctm01/datasets/public/BIOMETRICS/Face_Morphing/MAD22/original_sorted/FaceMorpher/032_03-vs-094_03.jpg,032_03-vs-094_03.jpg,032_03-vs-094_03
346,/nas-ctm01/datasets/public/BIOMETRICS/Face_Morphing/MAD22/original_sorted/FaceMorpher/032_03-vs-107_03.jpg,032_03-vs-107_03.jpg,032_03-vs-107_03
347,/nas-ctm01/datasets/public/BIOMETRICS/Face_Morphing/MAD22/original_sorted/FaceMorpher/032_03-vs-126_03.jpg,032_03-vs-126_03.jpg,032_03-vs-126_03
348,/nas-ctm01/datasets/public/BIOMETRICS/Face_Morphing/MAD22/original_sorted/FaceMorpher/032_08-vs-039_08.jpg,032_08-vs-039_08.jpg,032_08-vs-039_08
349,/nas-ctm01/datasets/public/BIOMETRICS/Face_Morphing/MAD22/original_sorted/FaceMorpher/032_08-vs-086_08.jpg,032_08-vs-086_08.jpg,032_08-vs-086_08
350,/nas-ctm01/datasets/public/BIOMETRICS/Face_Morphing/MAD22/original_sorted/FaceMorpher/032_08-vs-091_08.jpg,032_08-vs-091_08.jpg,032_08-vs-091_08
351,/nas-ctm01/datasets/public/BIOMETRICS/Face_Morphing/MAD22/original_sorted/FaceMorpher/032_08-vs-099_08.jpg,032_08-vs-099_08.jpg,032_08-vs-099_08
352,/nas-ctm01/datasets/public/BIOMETRICS/Face_Morphing/MAD22/original_sorted/FaceMorpher/032_08-vs-124_08.jpg,032_08-vs-124_08.jpg,032_08-vs-124_08
353,/nas-ctm01/datasets/public/BIOMETRICS/Face_Morphing/MAD22/original_sorted/FaceMorpher/032_08-vs-126_08.jpg,032_08-vs-126_08.jpg,032_08-vs-126_08
354,/nas-ctm01/datasets/public/BIOMETRICS/Face_Morphing/MAD22/original_sorted/FaceMorpher/032_08-vs-144_08.jpg,032_08-vs-144_08.jpg,032_08-vs-144_08
355,/nas-ctm01/datasets/public/BIOMETRICS/Face_Morphing/MAD22/original_sorted/FaceMorpher/033_03-vs-044_03.jpg,033_03-vs-044_03.jpg,033_03-vs-044_03
356,/nas-ctm01/datasets/public/BIOMETRICS/Face_Morphing/MAD22/original_sorted/FaceMorpher/033_03-vs-092_03.jpg,033_03-vs-092_03.jpg,033_03-vs-092_03
357,/nas-ctm01/datasets/public/BIOMETRICS/Face_Morphing/MAD22/original_sorted/FaceMorpher/033_03-vs-108_03.jpg,033_03-vs-108_03.jpg,033_03-vs-108_03
358,/nas-ctm01/datasets/public/BIOMETRICS/Face_Morphing/MAD22/original_sorted/FaceMorpher/033_03-vs-119_03.jpg,033_03-vs-119_03.jpg,033_03-vs-119_03
359,/nas-ctm01/datasets/public/BIOMETRICS/Face_Morphing/MAD22/original_sorted/FaceMorpher/033_03-vs-143_03.jpg,033_03-vs-143_03.jpg,033_03-vs-143_03
360,/nas-ctm01/datasets/public/BIOMETRICS/Face_Morphing/MAD22/original_sorted/FaceMorpher/033_08-vs-044_08.jpg,033_08-vs-044_08.jpg,033_08-vs-044_08
361,/nas-ctm01/datasets/public/BIOMETRICS/Face_Morphing/MAD22/original_sorted/FaceMorpher/033_08-vs-045_08.jpg,033_08-vs-045_08.jpg,033_08-vs-045_08
362,/nas-ctm01/datasets/public/BIOMETRICS/Face_Morphing/MAD22/original_sorted/FaceMorpher/033_08-vs-092_08.jpg,033_08-vs-092_08.jpg,033_08-vs-092_08
363,/nas-ctm01/datasets/public/BIOMETRICS/Face_Morphing/MAD22/original_sorted/FaceMorpher/033_08-vs-108_08.jpg,033_08-vs-108_08.jpg,033_08-vs-108_08
364,/nas-ctm01/datasets/public/BIOMETRICS/Face_Morphing/MAD22/original_sorted/FaceMorpher/033_08-vs-119_08.jpg,033_08-vs-119_08.jpg,033_08-vs-119_08
365,/nas-ctm01/datasets/public/BIOMETRICS/Face_Morphing/MAD22/original_sorted/FaceMorpher/033_08-vs-140_08.jpg,033_08-vs-140_08.jpg,033_08-vs-140_08
366,/nas-ctm01/datasets/public/BIOMETRICS/Face_Morphing/MAD22/original_sorted/FaceMorpher/033_08-vs-143_08.jpg,033_08-vs-143_08.jpg,033_08-vs-143_08
367,/nas-ctm01/datasets/public/BIOMETRICS/Face_Morphing/MAD22/original_sorted/FaceMorpher/034_03-vs-100_03.jpg,034_03-vs-100_03.jpg,034_03-vs-100_03
368,/nas-ctm01/datasets/public/BIOMETRICS/Face_Morphing/MAD22/original_sorted/FaceMorpher/034_03-vs-118_03.jpg,034_03-vs-118_03.jpg,034_03-vs-118_03
369,/nas-ctm01/datasets/public/BIOMETRICS/Face_Morphing/MAD22/original_sorted/FaceMorpher/034_08-vs-062_08.jpg,034_08-vs-062_08.jpg,034_08-vs-062_08
370,/nas-ctm01/datasets/public/BIOMETRICS/Face_Morphing/MAD22/original_sorted/FaceMorpher/034_08-vs-094_08.jpg,034_08-vs-094_08.jpg,034_08-vs-094_08
371,/nas-ctm01/datasets/public/BIOMETRICS/Face_Morphing/MAD22/original_sorted/FaceMorpher/034_08-vs-099_08.jpg,034_08-vs-099_08.jpg,034_08-vs-099_08
372,/nas-ctm01/datasets/public/BIOMETRICS/Face_Morphing/MAD22/original_sorted/FaceMorpher/034_08-vs-127_08.jpg,034_08-vs-127_08.jpg,034_08-vs-127_08
373,/nas-ctm01/datasets/public/BIOMETRICS/Face_Morphing/MAD22/original_sorted/FaceMorpher/036_03-vs-063_03.jpg,036_03-vs-063_03.jpg,036_03-vs-063_03
374,/nas-ctm01/datasets/public/BIOMETRICS/Face_Morphing/MAD22/original_sorted/FaceMorpher/036_03-vs-096_03.jpg,036_03-vs-096_03.jpg,036_03-vs-096_03
375,/nas-ctm01/datasets/public/BIOMETRICS/Face_Morphing/MAD22/original_sorted/FaceMorpher/036_03-vs-128_03.jpg,036_03-vs-128_03.jpg,036_03-vs-128_03
376,/nas-ctm01/datasets/public/BIOMETRICS/Face_Morphing/MAD22/original_sorted/FaceMorpher/036_03-vs-130_03.jpg,036_03-vs-130_03.jpg,036_03-vs-130_03
377,/nas-ctm01/datasets/public/BIOMETRICS/Face_Morphing/MAD22/original_sorted/FaceMorpher/036_03-vs-142_03.jpg,036_03-vs-142_03.jpg,036_03-vs-142_03
378,/nas-ctm01/datasets/public/BIOMETRICS/Face_Morphing/MAD22/original_sorted/FaceMorpher/036_03-vs-143_03.jpg,036_03-vs-143_03.jpg,036_03-vs-143_03
379,/nas-ctm01/datasets/public/BIOMETRICS/Face_Morphing/MAD22/original_sorted/FaceMorpher/036_08-vs-096_08.jpg,036_08-vs-096_08.jpg,036_08-vs-096_08
380,/nas-ctm01/datasets/public/BIOMETRICS/Face_Morphing/MAD22/original_sorted/FaceMorpher/036_08-vs-128_08.jpg,036_08-vs-128_08.jpg,036_08-vs-128_08
381,/nas-ctm01/datasets/public/BIOMETRICS/Face_Morphing/MAD22/original_sorted/FaceMorpher/036_08-vs-141_08.jpg,036_08-vs-141_08.jpg,036_08-vs-141_08
382,/nas-ctm01/datasets/public/BIOMETRICS/Face_Morphing/MAD22/original_sorted/FaceMorpher/037_03-vs-103_03.jpg,037_03-vs-103_03.jpg,037_03-vs-103_03
383,/nas-ctm01/datasets/public/BIOMETRICS/Face_Morphing/MAD22/original_sorted/FaceMorpher/037_03-vs-108_03.jpg,037_03-vs-108_03.jpg,037_03-vs-108_03
384,/nas-ctm01/datasets/public/BIOMETRICS/Face_Morphing/MAD22/original_sorted/FaceMorpher/037_03-vs-132_03.jpg,037_03-vs-132_03.jpg,037_03-vs-132_03
385,/nas-ctm01/datasets/public/BIOMETRICS/Face_Morphing/MAD22/original_sorted/FaceMorpher/037_03-vs-172_03.jpg,037_03-vs-172_03.jpg,037_03-vs-172_03
386,/nas-ctm01/datasets/public/BIOMETRICS/Face_Morphing/MAD22/original_sorted/FaceMorpher/038_03-vs-062_03.jpg,038_03-vs-062_03.jpg,038_03-vs-062_03
387,/nas-ctm01/datasets/public/BIOMETRICS/Face_Morphing/MAD22/original_sorted/FaceMorpher/038_03-vs-066_03.jpg,038_03-vs-066_03.jpg,038_03-vs-066_03
388,/nas-ctm01/datasets/public/BIOMETRICS/Face_Morphing/MAD22/original_sorted/FaceMorpher/038_03-vs-102_03.jpg,038_03-vs-102_03.jpg,038_03-vs-102_03
389,/nas-ctm01/datasets/public/BIOMETRICS/Face_Morphing/MAD22/original_sorted/FaceMorpher/038_03-vs-124_03.jpg,038_03-vs-124_03.jpg,038_03-vs-124_03
390,/nas-ctm01/datasets/public/BIOMETRICS/Face_Morphing/MAD22/original_sorted/FaceMorpher/038_03-vs-136_03.jpg,038_03-vs-136_03.jpg,038_03-vs-136_03
391,/nas-ctm01/datasets/public/BIOMETRICS/Face_Morphing/MAD22/original_sorted/FaceMorpher/038_08-vs-062_08.jpg,038_08-vs-062_08.jpg,038_08-vs-062_08
392,/nas-ctm01/datasets/public/BIOMETRICS/Face_Morphing/MAD22/original_sorted/FaceMorpher/038_08-vs-066_08.jpg,038_08-vs-066_08.jpg,038_08-vs-066_08
393,/nas-ctm01/datasets/public/BIOMETRICS/Face_Morphing/MAD22/original_sorted/FaceMorpher/038_08-vs-091_08.jpg,038_08-vs-091_08.jpg,038_08-vs-091_08
394,/nas-ctm01/datasets/public/BIOMETRICS/Face_Morphing/MAD22/original_sorted/FaceMorpher/038_08-vs-099_08.jpg,038_08-vs-099_08.jpg,038_08-vs-099_08
395,/nas-ctm01/datasets/public/BIOMETRICS/Face_Morphing/MAD22/original_sorted/FaceMorpher/038_08-vs-124_08.jpg,038_08-vs-124_08.jpg,038_08-vs-124_08
396,/nas-ctm01/datasets/public/BIOMETRICS/Face_Morphing/MAD22/original_sorted/FaceMorpher/038_08-vs-129_08.jpg,038_08-vs-129_08.jpg,038_08-vs-129_08
397,/nas-ctm01/datasets/public/BIOMETRICS/Face_Morphing/MAD22/original_sorted/FaceMorpher/038_08-vs-136_08.jpg,038_08-vs-136_08.jpg,038_08-vs-136_08
398,/nas-ctm01/datasets/public/BIOMETRICS/Face_Morphing/MAD22/original_sorted/FaceMorpher/039_03-vs-097_03.jpg,039_03-vs-097_03.jpg,039_03-vs-097_03
399,/nas-ctm01/datasets/public/BIOMETRICS/Face_Morphing/MAD22/original_sorted/FaceMorpher/039_03-vs-102_03.jpg,039_03-vs-102_03.jpg,039_03-vs-102_03
400,/nas-ctm01/datasets/public/BIOMETRICS/Face_Morphing/MAD22/original_sorted/FaceMorpher/039_03-vs-107_03.jpg,039_03-vs-107_03.jpg,039_03-vs-107_03
401,/nas-ctm01/datasets/public/BIOMETRICS/Face_Morphing/MAD22/original_sorted/FaceMorpher/039_03-vs-139_03.jpg,039_03-vs-139_03.jpg,039_03-vs-139_03
402,/nas-ctm01/datasets/public/BIOMETRICS/Face_Morphing/MAD22/original_sorted/FaceMorpher/039_03-vs-144_03.jpg,039_03-vs-144_03.jpg,039_03-vs-144_03
403,/nas-ctm01/datasets/public/BIOMETRICS/Face_Morphing/MAD22/original_sorted/FaceMorpher/039_08-vs-102_08.jpg,039_08-vs-102_08.jpg,039_08-vs-102_08
404,/nas-ctm01/datasets/public/BIOMETRICS/Face_Morphing/MAD22/original_sorted/FaceMorpher/039_08-vs-118_08.jpg,039_08-vs-118_08.jpg,039_08-vs-118_08
405,/nas-ctm01/datasets/public/BIOMETRICS/Face_Morphing/MAD22/original_sorted/FaceMorpher/039_08-vs-124_08.jpg,039_08-vs-124_08.jpg,039_08-vs-124_08
406,/nas-ctm01/datasets/public/BIOMETRICS/Face_Morphing/MAD22/original_sorted/FaceMorpher/039_08-vs-139_08.jpg,039_08-vs-139_08.jpg,039_08-vs-139_08
407,/nas-ctm01/datasets/public/BIOMETRICS/Face_Morphing/MAD22/original_sorted/FaceMorpher/041_03-vs-123_03.jpg,041_03-vs-123_03.jpg,041_03-vs-123_03
408,/nas-ctm01/datasets/public/BIOMETRICS/Face_Morphing/MAD22/original_sorted/FaceMorpher/041_03-vs-137_03.jpg,041_03-vs-137_03.jpg,041_03-vs-137_03
409,/nas-ctm01/datasets/public/BIOMETRICS/Face_Morphing/MAD22/original_sorted/FaceMorpher/041_03-vs-143_03.jpg,041_03-vs-143_03.jpg,041_03-vs-143_03
410,/nas-ctm01/datasets/public/BIOMETRICS/Face_Morphing/MAD22/original_sorted/FaceMorpher/041_03-vs-173_03.jpg,041_03-vs-173_03.jpg,041_03-vs-173_03
411,/nas-ctm01/datasets/public/BIOMETRICS/Face_Morphing/MAD22/original_sorted/FaceMorpher/041_08-vs-044_08.jpg,041_08-vs-044_08.jpg,041_08-vs-044_08
412,/nas-ctm01/datasets/public/BIOMETRICS/Face_Morphing/MAD22/original_sorted/FaceMorpher/041_08-vs-069_08.jpg,041_08-vs-069_08.jpg,041_08-vs-069_08
413,/nas-ctm01/datasets/public/BIOMETRICS/Face_Morphing/MAD22/original_sorted/FaceMorpher/041_08-vs-070_08.jpg,041_08-vs-070_08.jpg,041_08-vs-070_08
414,/nas-ctm01/datasets/public/BIOMETRICS/Face_Morphing/MAD22/original_sorted/FaceMorpher/041_08-vs-143_08.jpg,041_08-vs-143_08.jpg,041_08-vs-143_08
415,/nas-ctm01/datasets/public/BIOMETRICS/Face_Morphing/MAD22/original_sorted/FaceMorpher/041_08-vs-173_08.jpg,041_08-vs-173_08.jpg,041_08-vs-173_08
416,/nas-ctm01/datasets/public/BIOMETRICS/Face_Morphing/MAD22/original_sorted/FaceMorpher/042_03-vs-137_03.jpg,042_03-vs-137_03.jpg,042_03-vs-137_03
417,/nas-ctm01/datasets/public/BIOMETRICS/Face_Morphing/MAD22/original_sorted/FaceMorpher/042_03-vs-141_03.jpg,042_03-vs-141_03.jpg,042_03-vs-141_03
418,/nas-ctm01/datasets/public/BIOMETRICS/Face_Morphing/MAD22/original_sorted/FaceMorpher/042_08-vs-045_08.jpg,042_08-vs-045_08.jpg,042_08-vs-045_08
419,/nas-ctm01/datasets/public/BIOMETRICS/Face_Morphing/MAD22/original_sorted/FaceMorpher/042_08-vs-115_08.jpg,042_08-vs-115_08.jpg,042_08-vs-115_08
420,/nas-ctm01/datasets/public/BIOMETRICS/Face_Morphing/MAD22/original_sorted/FaceMorpher/042_08-vs-141_08.jpg,042_08-vs-141_08.jpg,042_08-vs-141_08
421,/nas-ctm01/datasets/public/BIOMETRICS/Face_Morphing/MAD22/original_sorted/FaceMorpher/043_03-vs-172_03.jpg,043_03-vs-172_03.jpg,043_03-vs-172_03
422,/nas-ctm01/datasets/public/BIOMETRICS/Face_Morphing/MAD22/original_sorted/FaceMorpher/043_08-vs-045_08.jpg,043_08-vs-045_08.jpg,043_08-vs-045_08
423,/nas-ctm01/datasets/public/BIOMETRICS/Face_Morphing/MAD22/original_sorted/FaceMorpher/043_08-vs-123_08.jpg,043_08-vs-123_08.jpg,043_08-vs-123_08
424,/nas-ctm01/datasets/public/BIOMETRICS/Face_Morphing/MAD22/original_sorted/FaceMorpher/043_08-vs-172_08.jpg,043_08-vs-172_08.jpg,043_08-vs-172_08
425,/nas-ctm01/datasets/public/BIOMETRICS/Face_Morphing/MAD22/original_sorted/FaceMorpher/044_03-vs-067_03.jpg,044_03-vs-067_03.jpg,044_03-vs-067_03
426,/nas-ctm01/datasets/public/BIOMETRICS/Face_Morphing/MAD22/original_sorted/FaceMorpher/044_03-vs-082_03.jpg,044_03-vs-082_03.jpg,044_03-vs-082_03
427,/nas-ctm01/datasets/public/BIOMETRICS/Face_Morphing/MAD22/original_sorted/FaceMorpher/044_03-vs-115_03.jpg,044_03-vs-115_03.jpg,044_03-vs-115_03
428,/nas-ctm01/datasets/public/BIOMETRICS/Face_Morphing/MAD22/original_sorted/FaceMorpher/044_03-vs-173_03.jpg,044_03-vs-173_03.jpg,044_03-vs-173_03
429,/nas-ctm01/datasets/public/BIOMETRICS/Face_Morphing/MAD22/original_sorted/FaceMorpher/044_08-vs-061_08.jpg,044_08-vs-061_08.jpg,044_08-vs-061_08
430,/nas-ctm01/datasets/public/BIOMETRICS/Face_Morphing/MAD22/original_sorted/FaceMorpher/044_08-vs-082_08.jpg,044_08-vs-082_08.jpg,044_08-vs-082_08
431,/nas-ctm01/datasets/public/BIOMETRICS/Face_Morphing/MAD22/original_sorted/FaceMorpher/044_08-vs-115_08.jpg,044_08-vs-115_08.jpg,044_08-vs-115_08
432,/nas-ctm01/datasets/public/BIOMETRICS/Face_Morphing/MAD22/original_sorted/FaceMorpher/045_08-vs-063_08.jpg,045_08-vs-063_08.jpg,045_08-vs-063_08
433,/nas-ctm01/datasets/public/BIOMETRICS/Face_Morphing/MAD22/original_sorted/FaceMorpher/045_08-vs-092_08.jpg,045_08-vs-092_08.jpg,045_08-vs-092_08
434,/nas-ctm01/datasets/public/BIOMETRICS/Face_Morphing/MAD22/original_sorted/FaceMorpher/045_08-vs-123_08.jpg,045_08-vs-123_08.jpg,045_08-vs-123_08
435,/nas-ctm01/datasets/public/BIOMETRICS/Face_Morphing/MAD22/original_sorted/FaceMorpher/045_08-vs-128_08.jpg,045_08-vs-128_08.jpg,045_08-vs-128_08
436,/nas-ctm01/datasets/public/BIOMETRICS/Face_Morphing/MAD22/original_sorted/FaceMorpher/045_08-vs-140_08.jpg,045_08-vs-140_08.jpg,045_08-vs-140_08
437,/nas-ctm01/datasets/public/BIOMETRICS/Face_Morphing/MAD22/original_sorted/FaceMorpher/045_08-vs-143_08.jpg,045_08-vs-143_08.jpg,045_08-vs-143_08
438,/nas-ctm01/datasets/public/BIOMETRICS/Face_Morphing/MAD22/original_sorted/FaceMorpher/061_03-vs-125_03.jpg,061_03-vs-125_03.jpg,061_03-vs-125_03
439,/nas-ctm01/datasets/public/BIOMETRICS/Face_Morphing/MAD22/original_sorted/FaceMorpher/061_03-vs-141_03.jpg,061_03-vs-141_03.jpg,061_03-vs-141_03
440,/nas-ctm01/datasets/public/BIOMETRICS/Face_Morphing/MAD22/original_sorted/FaceMorpher/061_03-vs-142_03.jpg,061_03-vs-142_03.jpg,061_03-vs-142_03
441,/nas-ctm01/datasets/public/BIOMETRICS/Face_Morphing/MAD22/original_sorted/FaceMorpher/061_08-vs-121_08.jpg,061_08-vs-121_08.jpg,061_08-vs-121_08
442,/nas-ctm01/datasets/public/BIOMETRICS/Face_Morphing/MAD22/original_sorted/FaceMorpher/061_08-vs-125_08.jpg,061_08-vs-125_08.jpg,061_08-vs-125_08
443,/nas-ctm01/datasets/public/BIOMETRICS/Face_Morphing/MAD22/original_sorted/FaceMorpher/061_08-vs-141_08.jpg,061_08-vs-141_08.jpg,061_08-vs-141_08
444,/nas-ctm01/datasets/public/BIOMETRICS/Face_Morphing/MAD22/original_sorted/FaceMorpher/062_03-vs-066_03.jpg,062_03-vs-066_03.jpg,062_03-vs-066_03
445,/nas-ctm01/datasets/public/BIOMETRICS/Face_Morphing/MAD22/original_sorted/FaceMorpher/062_03-vs-099_03.jpg,062_03-vs-099_03.jpg,062_03-vs-099_03
446,/nas-ctm01/datasets/public/BIOMETRICS/Face_Morphing/MAD22/original_sorted/FaceMorpher/062_03-vs-102_03.jpg,062_03-vs-102_03.jpg,062_03-vs-102_03
447,/nas-ctm01/datasets/public/BIOMETRICS/Face_Morphing/MAD22/original_sorted/FaceMorpher/062_03-vs-118_03.jpg,062_03-vs-118_03.jpg,062_03-vs-118_03
448,/nas-ctm01/datasets/public/BIOMETRICS/Face_Morphing/MAD22/original_sorted/FaceMorpher/062_03-vs-124_03.jpg,062_03-vs-124_03.jpg,062_03-vs-124_03
449,/nas-ctm01/datasets/public/BIOMETRICS/Face_Morphing/MAD22/original_sorted/FaceMorpher/062_03-vs-126_03.jpg,062_03-vs-126_03.jpg,062_03-vs-126_03
450,/nas-ctm01/datasets/public/BIOMETRICS/Face_Morphing/MAD22/original_sorted/FaceMorpher/062_08-vs-066_08.jpg,062_08-vs-066_08.jpg,062_08-vs-066_08
451,/nas-ctm01/datasets/public/BIOMETRICS/Face_Morphing/MAD22/original_sorted/FaceMorpher/062_08-vs-083_08.jpg,062_08-vs-083_08.jpg,062_08-vs-083_08
452,/nas-ctm01/datasets/public/BIOMETRICS/Face_Morphing/MAD22/original_sorted/FaceMorpher/062_08-vs-094_08.jpg,062_08-vs-094_08.jpg,062_08-vs-094_08
453,/nas-ctm01/datasets/public/BIOMETRICS/Face_Morphing/MAD22/original_sorted/FaceMorpher/062_08-vs-099_08.jpg,062_08-vs-099_08.jpg,062_08-vs-099_08
454,/nas-ctm01/datasets/public/BIOMETRICS/Face_Morphing/MAD22/original_sorted/FaceMorpher/062_08-vs-102_08.jpg,062_08-vs-102_08.jpg,062_08-vs-102_08
455,/nas-ctm01/datasets/public/BIOMETRICS/Face_Morphing/MAD22/original_sorted/FaceMorpher/062_08-vs-118_08.jpg,062_08-vs-118_08.jpg,062_08-vs-118_08
456,/nas-ctm01/datasets/public/BIOMETRICS/Face_Morphing/MAD22/original_sorted/FaceMorpher/062_08-vs-124_08.jpg,062_08-vs-124_08.jpg,062_08-vs-124_08
457,/nas-ctm01/datasets/public/BIOMETRICS/Face_Morphing/MAD22/original_sorted/FaceMorpher/062_08-vs-126_08.jpg,062_08-vs-126_08.jpg,062_08-vs-126_08
458,/nas-ctm01/datasets/public/BIOMETRICS/Face_Morphing/MAD22/original_sorted/FaceMorpher/063_03-vs-069_03.jpg,063_03-vs-069_03.jpg,063_03-vs-069_03
459,/nas-ctm01/datasets/public/BIOMETRICS/Face_Morphing/MAD22/original_sorted/FaceMorpher/063_03-vs-092_03.jpg,063_03-vs-092_03.jpg,063_03-vs-092_03
460,/nas-ctm01/datasets/public/BIOMETRICS/Face_Morphing/MAD22/original_sorted/FaceMorpher/063_03-vs-104_03.jpg,063_03-vs-104_03.jpg,063_03-vs-104_03
461,/nas-ctm01/datasets/public/BIOMETRICS/Face_Morphing/MAD22/original_sorted/FaceMorpher/063_03-vs-123_03.jpg,063_03-vs-123_03.jpg,063_03-vs-123_03
462,/nas-ctm01/datasets/public/BIOMETRICS/Face_Morphing/MAD22/original_sorted/FaceMorpher/063_03-vs-125_03.jpg,063_03-vs-125_03.jpg,063_03-vs-125_03
463,/nas-ctm01/datasets/public/BIOMETRICS/Face_Morphing/MAD22/original_sorted/FaceMorpher/063_03-vs-130_03.jpg,063_03-vs-130_03.jpg,063_03-vs-130_03
464,/nas-ctm01/datasets/public/BIOMETRICS/Face_Morphing/MAD22/original_sorted/FaceMorpher/063_08-vs-069_08.jpg,063_08-vs-069_08.jpg,063_08-vs-069_08
465,/nas-ctm01/datasets/public/BIOMETRICS/Face_Morphing/MAD22/original_sorted/FaceMorpher/063_08-vs-070_08.jpg,063_08-vs-070_08.jpg,063_08-vs-070_08
466,/nas-ctm01/datasets/public/BIOMETRICS/Face_Morphing/MAD22/original_sorted/FaceMorpher/063_08-vs-092_08.jpg,063_08-vs-092_08.jpg,063_08-vs-092_08
467,/nas-ctm01/datasets/public/BIOMETRICS/Face_Morphing/MAD22/original_sorted/FaceMorpher/063_08-vs-096_08.jpg,063_08-vs-096_08.jpg,063_08-vs-096_08
468,/nas-ctm01/datasets/public/BIOMETRICS/Face_Morphing/MAD22/original_sorted/FaceMorpher/063_08-vs-115_08.jpg,063_08-vs-115_08.jpg,063_08-vs-115_08
469,/nas-ctm01/datasets/public/BIOMETRICS/Face_Morphing/MAD22/original_sorted/FaceMorpher/063_08-vs-125_08.jpg,063_08-vs-125_08.jpg,063_08-vs-125_08
470,/nas-ctm01/datasets/public/BIOMETRICS/Face_Morphing/MAD22/original_sorted/FaceMorpher/063_08-vs-130_08.jpg,063_08-vs-130_08.jpg,063_08-vs-130_08
471,/nas-ctm01/datasets/public/BIOMETRICS/Face_Morphing/MAD22/original_sorted/FaceMorpher/063_08-vs-132_08.jpg,063_08-vs-132_08.jpg,063_08-vs-132_08
472,/nas-ctm01/datasets/public/BIOMETRICS/Face_Morphing/MAD22/original_sorted/FaceMorpher/063_08-vs-140_08.jpg,063_08-vs-140_08.jpg,063_08-vs-140_08
473,/nas-ctm01/datasets/public/BIOMETRICS/Face_Morphing/MAD22/original_sorted/FaceMorpher/063_08-vs-143_08.jpg,063_08-vs-143_08.jpg,063_08-vs-143_08
474,/nas-ctm01/datasets/public/BIOMETRICS/Face_Morphing/MAD22/original_sorted/FaceMorpher/064_03-vs-066_03.jpg,064_03-vs-066_03.jpg,064_03-vs-066_03
475,/nas-ctm01/datasets/public/BIOMETRICS/Face_Morphing/MAD22/original_sorted/FaceMorpher/064_03-vs-094_03.jpg,064_03-vs-094_03.jpg,064_03-vs-094_03
476,/nas-ctm01/datasets/public/BIOMETRICS/Face_Morphing/MAD22/original_sorted/FaceMorpher/064_03-vs-099_03.jpg,064_03-vs-099_03.jpg,064_03-vs-099_03
477,/nas-ctm01/datasets/public/BIOMETRICS/Face_Morphing/MAD22/original_sorted/FaceMorpher/064_03-vs-122_03.jpg,064_03-vs-122_03.jpg,064_03-vs-122_03
478,/nas-ctm01/datasets/public/BIOMETRICS/Face_Morphing/MAD22/original_sorted/FaceMorpher/064_03-vs-134_03.jpg,064_03-vs-134_03.jpg,064_03-vs-134_03
479,/nas-ctm01/datasets/public/BIOMETRICS/Face_Morphing/MAD22/original_sorted/FaceMorpher/064_08-vs-066_08.jpg,064_08-vs-066_08.jpg,064_08-vs-066_08
480,/nas-ctm01/datasets/public/BIOMETRICS/Face_Morphing/MAD22/original_sorted/FaceMorpher/064_08-vs-091_08.jpg,064_08-vs-091_08.jpg,064_08-vs-091_08
481,/nas-ctm01/datasets/public/BIOMETRICS/Face_Morphing/MAD22/original_sorted/FaceMorpher/064_08-vs-097_08.jpg,064_08-vs-097_08.jpg,064_08-vs-097_08
482,/nas-ctm01/datasets/public/BIOMETRICS/Face_Morphing/MAD22/original_sorted/FaceMorpher/064_08-vs-099_08.jpg,064_08-vs-099_08.jpg,064_08-vs-099_08
483,/nas-ctm01/datasets/public/BIOMETRICS/Face_Morphing/MAD22/original_sorted/FaceMorpher/064_08-vs-122_08.jpg,064_08-vs-122_08.jpg,064_08-vs-122_08
484,/nas-ctm01/datasets/public/BIOMETRICS/Face_Morphing/MAD22/original_sorted/FaceMorpher/064_08-vs-127_08.jpg,064_08-vs-127_08.jpg,064_08-vs-127_08
485,/nas-ctm01/datasets/public/BIOMETRICS/Face_Morphing/MAD22/original_sorted/FaceMorpher/064_08-vs-134_08.jpg,064_08-vs-134_08.jpg,064_08-vs-134_08
486,/nas-ctm01/datasets/public/BIOMETRICS/Face_Morphing/MAD22/original_sorted/FaceMorpher/066_03-vs-090_03.jpg,066_03-vs-090_03.jpg,066_03-vs-090_03
487,/nas-ctm01/datasets/public/BIOMETRICS/Face_Morphing/MAD22/original_sorted/FaceMorpher/066_03-vs-094_03.jpg,066_03-vs-094_03.jpg,066_03-vs-094_03
488,/nas-ctm01/datasets/public/BIOMETRICS/Face_Morphing/MAD22/original_sorted/FaceMorpher/066_03-vs-097_03.jpg,066_03-vs-097_03.jpg,066_03-vs-097_03
489,/nas-ctm01/datasets/public/BIOMETRICS/Face_Morphing/MAD22/original_sorted/FaceMorpher/066_03-vs-099_03.jpg,066_03-vs-099_03.jpg,066_03-vs-099_03
490,/nas-ctm01/datasets/public/BIOMETRICS/Face_Morphing/MAD22/original_sorted/FaceMorpher/066_03-vs-100_03.jpg,066_03-vs-100_03.jpg,066_03-vs-100_03
491,/nas-ctm01/datasets/public/BIOMETRICS/Face_Morphing/MAD22/original_sorted/FaceMorpher/066_03-vs-113_03.jpg,066_03-vs-113_03.jpg,066_03-vs-113_03
492,/nas-ctm01/datasets/public/BIOMETRICS/Face_Morphing/MAD22/original_sorted/FaceMorpher/066_03-vs-126_03.jpg,066_03-vs-126_03.jpg,066_03-vs-126_03
493,/nas-ctm01/datasets/public/BIOMETRICS/Face_Morphing/MAD22/original_sorted/FaceMorpher/066_08-vs-083_08.jpg,066_08-vs-083_08.jpg,066_08-vs-083_08
494,/nas-ctm01/datasets/public/BIOMETRICS/Face_Morphing/MAD22/original_sorted/FaceMorpher/066_08-vs-087_08.jpg,066_08-vs-087_08.jpg,066_08-vs-087_08
495,/nas-ctm01/datasets/public/BIOMETRICS/Face_Morphing/MAD22/original_sorted/FaceMorpher/066_08-vs-094_08.jpg,066_08-vs-094_08.jpg,066_08-vs-094_08
496,/nas-ctm01/datasets/public/BIOMETRICS/Face_Morphing/MAD22/original_sorted/FaceMorpher/066_08-vs-097_08.jpg,066_08-vs-097_08.jpg,066_08-vs-097_08
497,/nas-ctm01/datasets/public/BIOMETRICS/Face_Morphing/MAD22/original_sorted/FaceMorpher/066_08-vs-099_08.jpg,066_08-vs-099_08.jpg,066_08-vs-099_08
498,/nas-ctm01/datasets/public/BIOMETRICS/Face_Morphing/MAD22/original_sorted/FaceMorpher/066_08-vs-126_08.jpg,066_08-vs-126_08.jpg,066_08-vs-126_08
499,/nas-ctm01/datasets/public/BIOMETRICS/Face_Morphing/MAD22/original_sorted/FaceMorpher/066_08-vs-129_08.jpg,066_08-vs-129_08.jpg,066_08-vs-129_08
500,/nas-ctm01/datasets/public/BIOMETRICS/Face_Morphing/MAD22/original_sorted/FaceMorpher/067_03-vs-128_03.jpg,067_03-vs-128_03.jpg,067_03-vs-128_03
501,/nas-ctm01/datasets/public/BIOMETRICS/Face_Morphing/MAD22/original_sorted/FaceMorpher/067_03-vs-130_03.jpg,067_03-vs-130_03.jpg,067_03-vs-130_03
502,/nas-ctm01/datasets/public/BIOMETRICS/Face_Morphing/MAD22/original_sorted/FaceMorpher/067_08-vs-069_08.jpg,067_08-vs-069_08.jpg,067_08-vs-069_08
503,/nas-ctm01/datasets/public/BIOMETRICS/Face_Morphing/MAD22/original_sorted/FaceMorpher/067_08-vs-114_08.jpg,067_08-vs-114_08.jpg,067_08-vs-114_08
504,/nas-ctm01/datasets/public/BIOMETRICS/Face_Morphing/MAD22/original_sorted/FaceMorpher/067_08-vs-115_08.jpg,067_08-vs-115_08.jpg,067_08-vs-115_08
505,/nas-ctm01/datasets/public/BIOMETRICS/Face_Morphing/MAD22/original_sorted/FaceMorpher/067_08-vs-128_08.jpg,067_08-vs-128_08.jpg,067_08-vs-128_08
506,/nas-ctm01/datasets/public/BIOMETRICS/Face_Morphing/MAD22/original_sorted/FaceMorpher/067_08-vs-130_08.jpg,067_08-vs-130_08.jpg,067_08-vs-130_08
507,/nas-ctm01/datasets/public/BIOMETRICS/Face_Morphing/MAD22/original_sorted/FaceMorpher/067_08-vs-141_08.jpg,067_08-vs-141_08.jpg,067_08-vs-141_08
508,/nas-ctm01/datasets/public/BIOMETRICS/Face_Morphing/MAD22/original_sorted/FaceMorpher/068_03-vs-115_03.jpg,068_03-vs-115_03.jpg,068_03-vs-115_03
509,/nas-ctm01/datasets/public/BIOMETRICS/Face_Morphing/MAD22/original_sorted/FaceMorpher/068_03-vs-128_03.jpg,068_03-vs-128_03.jpg,068_03-vs-128_03
510,/nas-ctm01/datasets/public/BIOMETRICS/Face_Morphing/MAD22/original_sorted/FaceMorpher/068_03-vs-132_03.jpg,068_03-vs-132_03.jpg,068_03-vs-132_03
511,/nas-ctm01/datasets/public/BIOMETRICS/Face_Morphing/MAD22/original_sorted/FaceMorpher/068_03-vs-138_03.jpg,068_03-vs-138_03.jpg,068_03-vs-138_03
512,/nas-ctm01/datasets/public/BIOMETRICS/Face_Morphing/MAD22/original_sorted/FaceMorpher/068_03-vs-143_03.jpg,068_03-vs-143_03.jpg,068_03-vs-143_03
513,/nas-ctm01/datasets/public/BIOMETRICS/Face_Morphing/MAD22/original_sorted/FaceMorpher/068_08-vs-082_08.jpg,068_08-vs-082_08.jpg,068_08-vs-082_08
514,/nas-ctm01/datasets/public/BIOMETRICS/Face_Morphing/MAD22/original_sorted/FaceMorpher/068_08-vs-128_08.jpg,068_08-vs-128_08.jpg,068_08-vs-128_08
515,/nas-ctm01/datasets/public/BIOMETRICS/Face_Morphing/MAD22/original_sorted/FaceMorpher/068_08-vs-132_08.jpg,068_08-vs-132_08.jpg,068_08-vs-132_08
516,/nas-ctm01/datasets/public/BIOMETRICS/Face_Morphing/MAD22/original_sorted/FaceMorpher/068_08-vs-143_08.jpg,068_08-vs-143_08.jpg,068_08-vs-143_08
517,/nas-ctm01/datasets/public/BIOMETRICS/Face_Morphing/MAD22/original_sorted/FaceMorpher/069_03-vs-115_03.jpg,069_03-vs-115_03.jpg,069_03-vs-115_03
518,/nas-ctm01/datasets/public/BIOMETRICS/Face_Morphing/MAD22/original_sorted/FaceMorpher/069_03-vs-130_03.jpg,069_03-vs-130_03.jpg,069_03-vs-130_03
519,/nas-ctm01/datasets/public/BIOMETRICS/Face_Morphing/MAD22/original_sorted/FaceMorpher/069_03-vs-131_03.jpg,069_03-vs-131_03.jpg,069_03-vs-131_03
520,/nas-ctm01/datasets/public/BIOMETRICS/Face_Morphing/MAD22/original_sorted/FaceMorpher/069_03-vs-132_03.jpg,069_03-vs-132_03.jpg,069_03-vs-132_03
521,/nas-ctm01/datasets/public/BIOMETRICS/Face_Morphing/MAD22/original_sorted/FaceMorpher/069_03-vs-172_03.jpg,069_03-vs-172_03.jpg,069_03-vs-172_03
522,/nas-ctm01/datasets/public/BIOMETRICS/Face_Morphing/MAD22/original_sorted/FaceMorpher/069_08-vs-130_08.jpg,069_08-vs-130_08.jpg,069_08-vs-130_08
523,/nas-ctm01/datasets/public/BIOMETRICS/Face_Morphing/MAD22/original_sorted/FaceMorpher/069_08-vs-131_08.jpg,069_08-vs-131_08.jpg,069_08-vs-131_08
524,/nas-ctm01/datasets/public/BIOMETRICS/Face_Morphing/MAD22/original_sorted/FaceMorpher/069_08-vs-132_08.jpg,069_08-vs-132_08.jpg,069_08-vs-132_08
525,/nas-ctm01/datasets/public/BIOMETRICS/Face_Morphing/MAD22/original_sorted/FaceMorpher/070_08-vs-108_08.jpg,070_08-vs-108_08.jpg,070_08-vs-108_08
526,/nas-ctm01/datasets/public/BIOMETRICS/Face_Morphing/MAD22/original_sorted/FaceMorpher/070_08-vs-143_08.jpg,070_08-vs-143_08.jpg,070_08-vs-143_08
527,/nas-ctm01/datasets/public/BIOMETRICS/Face_Morphing/MAD22/original_sorted/FaceMorpher/081_08-vs-090_08.jpg,081_08-vs-090_08.jpg,081_08-vs-090_08
528,/nas-ctm01/datasets/public/BIOMETRICS/Face_Morphing/MAD22/original_sorted/FaceMorpher/081_08-vs-091_08.jpg,081_08-vs-091_08.jpg,081_08-vs-091_08
529,/nas-ctm01/datasets/public/BIOMETRICS/Face_Morphing/MAD22/original_sorted/FaceMorpher/081_08-vs-118_08.jpg,081_08-vs-118_08.jpg,081_08-vs-118_08
530,/nas-ctm01/datasets/public/BIOMETRICS/Face_Morphing/MAD22/original_sorted/FaceMorpher/081_08-vs-122_08.jpg,081_08-vs-122_08.jpg,081_08-vs-122_08
531,/nas-ctm01/datasets/public/BIOMETRICS/Face_Morphing/MAD22/original_sorted/FaceMorpher/081_08-vs-135_08.jpg,081_08-vs-135_08.jpg,081_08-vs-135_08
532,/nas-ctm01/datasets/public/BIOMETRICS/Face_Morphing/MAD22/original_sorted/FaceMorpher/082_03-vs-105_03.jpg,082_03-vs-105_03.jpg,082_03-vs-105_03
533,/nas-ctm01/datasets/public/BIOMETRICS/Face_Morphing/MAD22/original_sorted/FaceMorpher/082_03-vs-128_03.jpg,082_03-vs-128_03.jpg,082_03-vs-128_03
534,/nas-ctm01/datasets/public/BIOMETRICS/Face_Morphing/MAD22/original_sorted/FaceMorpher/082_03-vs-138_03.jpg,082_03-vs-138_03.jpg,082_03-vs-138_03
535,/nas-ctm01/datasets/public/BIOMETRICS/Face_Morphing/MAD22/original_sorted/FaceMorpher/082_08-vs-101_08.jpg,082_08-vs-101_08.jpg,082_08-vs-101_08
536,/nas-ctm01/datasets/public/BIOMETRICS/Face_Morphing/MAD22/original_sorted/FaceMorpher/082_08-vs-130_08.jpg,082_08-vs-130_08.jpg,082_08-vs-130_08
537,/nas-ctm01/datasets/public/BIOMETRICS/Face_Morphing/MAD22/original_sorted/FaceMorpher/082_08-vs-140_08.jpg,082_08-vs-140_08.jpg,082_08-vs-140_08
538,/nas-ctm01/datasets/public/BIOMETRICS/Face_Morphing/MAD22/original_sorted/FaceMorpher/083_03-vs-113_03.jpg,083_03-vs-113_03.jpg,083_03-vs-113_03
539,/nas-ctm01/datasets/public/BIOMETRICS/Face_Morphing/MAD22/original_sorted/FaceMorpher/083_08-vs-087_08.jpg,083_08-vs-087_08.jpg,083_08-vs-087_08
540,/nas-ctm01/datasets/public/BIOMETRICS/Face_Morphing/MAD22/original_sorted/FaceMorpher/083_08-vs-118_08.jpg,083_08-vs-118_08.jpg,083_08-vs-118_08
541,/nas-ctm01/datasets/public/BIOMETRICS/Face_Morphing/MAD22/original_sorted/FaceMorpher/083_08-vs-129_08.jpg,083_08-vs-129_08.jpg,083_08-vs-129_08
542,/nas-ctm01/datasets/public/BIOMETRICS/Face_Morphing/MAD22/original_sorted/FaceMorpher/086_08-vs-091_08.jpg,086_08-vs-091_08.jpg,086_08-vs-091_08
543,/nas-ctm01/datasets/public/BIOMETRICS/Face_Morphing/MAD22/original_sorted/FaceMorpher/087_08-vs-090_08.jpg,087_08-vs-090_08.jpg,087_08-vs-090_08
544,/nas-ctm01/datasets/public/BIOMETRICS/Face_Morphing/MAD22/original_sorted/FaceMorpher/087_08-vs-118_08.jpg,087_08-vs-118_08.jpg,087_08-vs-118_08
545,/nas-ctm01/datasets/public/BIOMETRICS/Face_Morphing/MAD22/original_sorted/FaceMorpher/087_08-vs-124_08.jpg,087_08-vs-124_08.jpg,087_08-vs-124_08
546,/nas-ctm01/datasets/public/BIOMETRICS/Face_Morphing/MAD22/original_sorted/FaceMorpher/087_08-vs-135_08.jpg,087_08-vs-135_08.jpg,087_08-vs-135_08
547,/nas-ctm01/datasets/public/BIOMETRICS/Face_Morphing/MAD22/original_sorted/FaceMorpher/087_08-vs-136_08.jpg,087_08-vs-136_08.jpg,087_08-vs-136_08
548,/nas-ctm01/datasets/public/BIOMETRICS/Face_Morphing/MAD22/original_sorted/FaceMorpher/090_03-vs-100_03.jpg,090_03-vs-100_03.jpg,090_03-vs-100_03
549,/nas-ctm01/datasets/public/BIOMETRICS/Face_Morphing/MAD22/original_sorted/FaceMorpher/090_03-vs-102_03.jpg,090_03-vs-102_03.jpg,090_03-vs-102_03
550,/nas-ctm01/datasets/public/BIOMETRICS/Face_Morphing/MAD22/original_sorted/FaceMorpher/090_03-vs-107_03.jpg,090_03-vs-107_03.jpg,090_03-vs-107_03
551,/nas-ctm01/datasets/public/BIOMETRICS/Face_Morphing/MAD22/original_sorted/FaceMorpher/090_03-vs-112_03.jpg,090_03-vs-112_03.jpg,090_03-vs-112_03
552,/nas-ctm01/datasets/public/BIOMETRICS/Face_Morphing/MAD22/original_sorted/FaceMorpher/090_03-vs-122_03.jpg,090_03-vs-122_03.jpg,090_03-vs-122_03
553,/nas-ctm01/datasets/public/BIOMETRICS/Face_Morphing/MAD22/original_sorted/FaceMorpher/090_03-vs-135_03.jpg,090_03-vs-135_03.jpg,090_03-vs-135_03
554,/nas-ctm01/datasets/public/BIOMETRICS/Face_Morphing/MAD22/original_sorted/FaceMorpher/090_08-vs-097_08.jpg,090_08-vs-097_08.jpg,090_08-vs-097_08
555,/nas-ctm01/datasets/public/BIOMETRICS/Face_Morphing/MAD22/original_sorted/FaceMorpher/090_08-vs-102_08.jpg,090_08-vs-102_08.jpg,090_08-vs-102_08
556,/nas-ctm01/datasets/public/BIOMETRICS/Face_Morphing/MAD22/original_sorted/FaceMorpher/090_08-vs-107_08.jpg,090_08-vs-107_08.jpg,090_08-vs-107_08
557,/nas-ctm01/datasets/public/BIOMETRICS/Face_Morphing/MAD22/original_sorted/FaceMorpher/090_08-vs-122_08.jpg,090_08-vs-122_08.jpg,090_08-vs-122_08
558,/nas-ctm01/datasets/public/BIOMETRICS/Face_Morphing/MAD22/original_sorted/FaceMorpher/090_08-vs-127_08.jpg,090_08-vs-127_08.jpg,090_08-vs-127_08
559,/nas-ctm01/datasets/public/BIOMETRICS/Face_Morphing/MAD22/original_sorted/FaceMorpher/090_08-vs-135_08.jpg,090_08-vs-135_08.jpg,090_08-vs-135_08
560,/nas-ctm01/datasets/public/BIOMETRICS/Face_Morphing/MAD22/original_sorted/FaceMorpher/090_08-vs-136_08.jpg,090_08-vs-136_08.jpg,090_08-vs-136_08
561,/nas-ctm01/datasets/public/BIOMETRICS/Face_Morphing/MAD22/original_sorted/FaceMorpher/091_08-vs-097_08.jpg,091_08-vs-097_08.jpg,091_08-vs-097_08
562,/nas-ctm01/datasets/public/BIOMETRICS/Face_Morphing/MAD22/original_sorted/FaceMorpher/092_03-vs-104_03.jpg,092_03-vs-104_03.jpg,092_03-vs-104_03
563,/nas-ctm01/datasets/public/BIOMETRICS/Face_Morphing/MAD22/original_sorted/FaceMorpher/092_03-vs-123_03.jpg,092_03-vs-123_03.jpg,092_03-vs-123_03
564,/nas-ctm01/datasets/public/BIOMETRICS/Face_Morphing/MAD22/original_sorted/FaceMorpher/092_03-vs-128_03.jpg,092_03-vs-128_03.jpg,092_03-vs-128_03
565,/nas-ctm01/datasets/public/BIOMETRICS/Face_Morphing/MAD22/original_sorted/FaceMorpher/092_08-vs-123_08.jpg,092_08-vs-123_08.jpg,092_08-vs-123_08
566,/nas-ctm01/datasets/public/BIOMETRICS/Face_Morphing/MAD22/original_sorted/FaceMorpher/092_08-vs-128_08.jpg,092_08-vs-128_08.jpg,092_08-vs-128_08
567,/nas-ctm01/datasets/public/BIOMETRICS/Face_Morphing/MAD22/original_sorted/FaceMorpher/094_03-vs-099_03.jpg,094_03-vs-099_03.jpg,094_03-vs-099_03
568,/nas-ctm01/datasets/public/BIOMETRICS/Face_Morphing/MAD22/original_sorted/FaceMorpher/094_03-vs-102_03.jpg,094_03-vs-102_03.jpg,094_03-vs-102_03
569,/nas-ctm01/datasets/public/BIOMETRICS/Face_Morphing/MAD22/original_sorted/FaceMorpher/094_03-vs-124_03.jpg,094_03-vs-124_03.jpg,094_03-vs-124_03
570,/nas-ctm01/datasets/public/BIOMETRICS/Face_Morphing/MAD22/original_sorted/FaceMorpher/094_03-vs-126_03.jpg,094_03-vs-126_03.jpg,094_03-vs-126_03
571,/nas-ctm01/datasets/public/BIOMETRICS/Face_Morphing/MAD22/original_sorted/FaceMorpher/094_03-vs-139_03.jpg,094_03-vs-139_03.jpg,094_03-vs-139_03
572,/nas-ctm01/datasets/public/BIOMETRICS/Face_Morphing/MAD22/original_sorted/FaceMorpher/094_08-vs-099_08.jpg,094_08-vs-099_08.jpg,094_08-vs-099_08
573,/nas-ctm01/datasets/public/BIOMETRICS/Face_Morphing/MAD22/original_sorted/FaceMorpher/094_08-vs-124_08.jpg,094_08-vs-124_08.jpg,094_08-vs-124_08
574,/nas-ctm01/datasets/public/BIOMETRICS/Face_Morphing/MAD22/original_sorted/FaceMorpher/094_08-vs-126_08.jpg,094_08-vs-126_08.jpg,094_08-vs-126_08
575,/nas-ctm01/datasets/public/BIOMETRICS/Face_Morphing/MAD22/original_sorted/FaceMorpher/094_08-vs-127_08.jpg,094_08-vs-127_08.jpg,094_08-vs-127_08
576,/nas-ctm01/datasets/public/BIOMETRICS/Face_Morphing/MAD22/original_sorted/FaceMorpher/094_08-vs-139_08.jpg,094_08-vs-139_08.jpg,094_08-vs-139_08
577,/nas-ctm01/datasets/public/BIOMETRICS/Face_Morphing/MAD22/original_sorted/FaceMorpher/096_03-vs-104_03.jpg,096_03-vs-104_03.jpg,096_03-vs-104_03
578,/nas-ctm01/datasets/public/BIOMETRICS/Face_Morphing/MAD22/original_sorted/FaceMorpher/096_03-vs-128_03.jpg,096_03-vs-128_03.jpg,096_03-vs-128_03
579,/nas-ctm01/datasets/public/BIOMETRICS/Face_Morphing/MAD22/original_sorted/FaceMorpher/096_03-vs-130_03.jpg,096_03-vs-130_03.jpg,096_03-vs-130_03
580,/nas-ctm01/datasets/public/BIOMETRICS/Face_Morphing/MAD22/original_sorted/FaceMorpher/096_03-vs-137_03.jpg,096_03-vs-137_03.jpg,096_03-vs-137_03
581,/nas-ctm01/datasets/public/BIOMETRICS/Face_Morphing/MAD22/original_sorted/FaceMorpher/096_03-vs-141_03.jpg,096_03-vs-141_03.jpg,096_03-vs-141_03
582,/nas-ctm01/datasets/public/BIOMETRICS/Face_Morphing/MAD22/original_sorted/FaceMorpher/096_08-vs-128_08.jpg,096_08-vs-128_08.jpg,096_08-vs-128_08
583,/nas-ctm01/datasets/public/BIOMETRICS/Face_Morphing/MAD22/original_sorted/FaceMorpher/097_03-vs-099_03.jpg,097_03-vs-099_03.jpg,097_03-vs-099_03
584,/nas-ctm01/datasets/public/BIOMETRICS/Face_Morphing/MAD22/original_sorted/FaceMorpher/097_03-vs-118_03.jpg,097_03-vs-118_03.jpg,097_03-vs-118_03
585,/nas-ctm01/datasets/public/BIOMETRICS/Face_Morphing/MAD22/original_sorted/FaceMorpher/097_03-vs-129_03.jpg,097_03-vs-129_03.jpg,097_03-vs-129_03
586,/nas-ctm01/datasets/public/BIOMETRICS/Face_Morphing/MAD22/original_sorted/FaceMorpher/097_03-vs-135_03.jpg,097_03-vs-135_03.jpg,097_03-vs-135_03
587,/nas-ctm01/datasets/public/BIOMETRICS/Face_Morphing/MAD22/original_sorted/FaceMorpher/097_03-vs-144_03.jpg,097_03-vs-144_03.jpg,097_03-vs-144_03
588,/nas-ctm01/datasets/public/BIOMETRICS/Face_Morphing/MAD22/original_sorted/FaceMorpher/097_08-vs-102_08.jpg,097_08-vs-102_08.jpg,097_08-vs-102_08
589,/nas-ctm01/datasets/public/BIOMETRICS/Face_Morphing/MAD22/original_sorted/FaceMorpher/097_08-vs-118_08.jpg,097_08-vs-118_08.jpg,097_08-vs-118_08
590,/nas-ctm01/datasets/public/BIOMETRICS/Face_Morphing/MAD22/original_sorted/FaceMorpher/097_08-vs-120_08.jpg,097_08-vs-120_08.jpg,097_08-vs-120_08
591,/nas-ctm01/datasets/public/BIOMETRICS/Face_Morphing/MAD22/original_sorted/FaceMorpher/097_08-vs-139_08.jpg,097_08-vs-139_08.jpg,097_08-vs-139_08
592,/nas-ctm01/datasets/public/BIOMETRICS/Face_Morphing/MAD22/original_sorted/FaceMorpher/097_08-vs-144_08.jpg,097_08-vs-144_08.jpg,097_08-vs-144_08
593,/nas-ctm01/datasets/public/BIOMETRICS/Face_Morphing/MAD22/original_sorted/FaceMorpher/099_03-vs-112_03.jpg,099_03-vs-112_03.jpg,099_03-vs-112_03
594,/nas-ctm01/datasets/public/BIOMETRICS/Face_Morphing/MAD22/original_sorted/FaceMorpher/099_03-vs-122_03.jpg,099_03-vs-122_03.jpg,099_03-vs-122_03
595,/nas-ctm01/datasets/public/BIOMETRICS/Face_Morphing/MAD22/original_sorted/FaceMorpher/099_03-vs-126_03.jpg,099_03-vs-126_03.jpg,099_03-vs-126_03
596,/nas-ctm01/datasets/public/BIOMETRICS/Face_Morphing/MAD22/original_sorted/FaceMorpher/099_08-vs-126_08.jpg,099_08-vs-126_08.jpg,099_08-vs-126_08
597,/nas-ctm01/datasets/public/BIOMETRICS/Face_Morphing/MAD22/original_sorted/FaceMorpher/100_03-vs-118_03.jpg,100_03-vs-118_03.jpg,100_03-vs-118_03
598,/nas-ctm01/datasets/public/BIOMETRICS/Face_Morphing/MAD22/original_sorted/FaceMorpher/100_03-vs-136_03.jpg,100_03-vs-136_03.jpg,100_03-vs-136_03
599,/nas-ctm01/datasets/public/BIOMETRICS/Face_Morphing/MAD22/original_sorted/FaceMorpher/101_03-vs-105_03.jpg,101_03-vs-105_03.jpg,101_03-vs-105_03
600,/nas-ctm01/datasets/public/BIOMETRICS/Face_Morphing/MAD22/original_sorted/FaceMorpher/101_03-vs-121_03.jpg,101_03-vs-121_03.jpg,101_03-vs-121_03
601,/nas-ctm01/datasets/public/BIOMETRICS/Face_Morphing/MAD22/original_sorted/FaceMorpher/101_03-vs-131_03.jpg,101_03-vs-131_03.jpg,101_03-vs-131_03
602,/nas-ctm01/datasets/public/BIOMETRICS/Face_Morphing/MAD22/original_sorted/FaceMorpher/101_03-vs-132_03.jpg,101_03-vs-132_03.jpg,101_03-vs-132_03
603,/nas-ctm01/datasets/public/BIOMETRICS/Face_Morphing/MAD22/original_sorted/FaceMorpher/101_08-vs-117_08.jpg,101_08-vs-117_08.jpg,101_08-vs-117_08
604,/nas-ctm01/datasets/public/BIOMETRICS/Face_Morphing/MAD22/original_sorted/FaceMorpher/101_08-vs-121_08.jpg,101_08-vs-121_08.jpg,101_08-vs-121_08
605,/nas-ctm01/datasets/public/BIOMETRICS/Face_Morphing/MAD22/original_sorted/FaceMorpher/101_08-vs-123_08.jpg,101_08-vs-123_08.jpg,101_08-vs-123_08
606,/nas-ctm01/datasets/public/BIOMETRICS/Face_Morphing/MAD22/original_sorted/FaceMorpher/101_08-vs-131_08.jpg,101_08-vs-131_08.jpg,101_08-vs-131_08
607,/nas-ctm01/datasets/public/BIOMETRICS/Face_Morphing/MAD22/original_sorted/FaceMorpher/101_08-vs-132_08.jpg,101_08-vs-132_08.jpg,101_08-vs-132_08
608,/nas-ctm01/datasets/public/BIOMETRICS/Face_Morphing/MAD22/original_sorted/FaceMorpher/101_08-vs-140_08.jpg,101_08-vs-140_08.jpg,101_08-vs-140_08
609,/nas-ctm01/datasets/public/BIOMETRICS/Face_Morphing/MAD22/original_sorted/FaceMorpher/102_03-vs-107_03.jpg,102_03-vs-107_03.jpg,102_03-vs-107_03
610,/nas-ctm01/datasets/public/BIOMETRICS/Face_Morphing/MAD22/original_sorted/FaceMorpher/102_03-vs-118_03.jpg,102_03-vs-118_03.jpg,102_03-vs-118_03
611,/nas-ctm01/datasets/public/BIOMETRICS/Face_Morphing/MAD22/original_sorted/FaceMorpher/102_03-vs-136_03.jpg,102_03-vs-136_03.jpg,102_03-vs-136_03
612,/nas-ctm01/datasets/public/BIOMETRICS/Face_Morphing/MAD22/original_sorted/FaceMorpher/102_03-vs-139_03.jpg,102_03-vs-139_03.jpg,102_03-vs-139_03
613,/nas-ctm01/datasets/public/BIOMETRICS/Face_Morphing/MAD22/original_sorted/FaceMorpher/102_03-vs-144_03.jpg,102_03-vs-144_03.jpg,102_03-vs-144_03
614,/nas-ctm01/datasets/public/BIOMETRICS/Face_Morphing/MAD22/original_sorted/FaceMorpher/102_08-vs-107_08.jpg,102_08-vs-107_08.jpg,102_08-vs-107_08
615,/nas-ctm01/datasets/public/BIOMETRICS/Face_Morphing/MAD22/original_sorted/FaceMorpher/102_08-vs-118_08.jpg,102_08-vs-118_08.jpg,102_08-vs-118_08
616,/nas-ctm01/datasets/public/BIOMETRICS/Face_Morphing/MAD22/original_sorted/FaceMorpher/102_08-vs-122_08.jpg,102_08-vs-122_08.jpg,102_08-vs-122_08
617,/nas-ctm01/datasets/public/BIOMETRICS/Face_Morphing/MAD22/original_sorted/FaceMorpher/102_08-vs-124_08.jpg,102_08-vs-124_08.jpg,102_08-vs-124_08
618,/nas-ctm01/datasets/public/BIOMETRICS/Face_Morphing/MAD22/original_sorted/FaceMorpher/102_08-vs-136_08.jpg,102_08-vs-136_08.jpg,102_08-vs-136_08
619,/nas-ctm01/datasets/public/BIOMETRICS/Face_Morphing/MAD22/original_sorted/FaceMorpher/102_08-vs-139_08.jpg,102_08-vs-139_08.jpg,102_08-vs-139_08
620,/nas-ctm01/datasets/public/BIOMETRICS/Face_Morphing/MAD22/original_sorted/FaceMorpher/102_08-vs-144_08.jpg,102_08-vs-144_08.jpg,102_08-vs-144_08
621,/nas-ctm01/datasets/public/BIOMETRICS/Face_Morphing/MAD22/original_sorted/FaceMorpher/103_03-vs-108_03.jpg,103_03-vs-108_03.jpg,103_03-vs-108_03
622,/nas-ctm01/datasets/public/BIOMETRICS/Face_Morphing/MAD22/original_sorted/FaceMorpher/103_03-vs-128_03.jpg,103_03-vs-128_03.jpg,103_03-vs-128_03
623,/nas-ctm01/datasets/public/BIOMETRICS/Face_Morphing/MAD22/original_sorted/FaceMorpher/103_03-vs-143_03.jpg,103_03-vs-143_03.jpg,103_03-vs-143_03
624,/nas-ctm01/datasets/public/BIOMETRICS/Face_Morphing/MAD22/original_sorted/FaceMorpher/103_08-vs-108_08.jpg,103_08-vs-108_08.jpg,103_08-vs-108_08
625,/nas-ctm01/datasets/public/BIOMETRICS/Face_Morphing/MAD22/original_sorted/FaceMorpher/103_08-vs-128_08.jpg,103_08-vs-128_08.jpg,103_08-vs-128_08
626,/nas-ctm01/datasets/public/BIOMETRICS/Face_Morphing/MAD22/original_sorted/FaceMorpher/104_03-vs-123_03.jpg,104_03-vs-123_03.jpg,104_03-vs-123_03
627,/nas-ctm01/datasets/public/BIOMETRICS/Face_Morphing/MAD22/original_sorted/FaceMorpher/104_03-vs-130_03.jpg,104_03-vs-130_03.jpg,104_03-vs-130_03
628,/nas-ctm01/datasets/public/BIOMETRICS/Face_Morphing/MAD22/original_sorted/FaceMorpher/104_03-vs-141_03.jpg,104_03-vs-141_03.jpg,104_03-vs-141_03
629,/nas-ctm01/datasets/public/BIOMETRICS/Face_Morphing/MAD22/original_sorted/FaceMorpher/105_03-vs-121_03.jpg,105_03-vs-121_03.jpg,105_03-vs-121_03
630,/nas-ctm01/datasets/public/BIOMETRICS/Face_Morphing/MAD22/original_sorted/FaceMorpher/105_03-vs-125_03.jpg,105_03-vs-125_03.jpg,105_03-vs-125_03
631,/nas-ctm01/datasets/public/BIOMETRICS/Face_Morphing/MAD22/original_sorted/FaceMorpher/105_03-vs-141_03.jpg,105_03-vs-141_03.jpg,105_03-vs-141_03
632,/nas-ctm01/datasets/public/BIOMETRICS/Face_Morphing/MAD22/original_sorted/FaceMorpher/107_08-vs-118_08.jpg,107_08-vs-118_08.jpg,107_08-vs-118_08
633,/nas-ctm01/datasets/public/BIOMETRICS/Face_Morphing/MAD22/original_sorted/FaceMorpher/107_08-vs-139_08.jpg,107_08-vs-139_08.jpg,107_08-vs-139_08
634,/nas-ctm01/datasets/public/BIOMETRICS/Face_Morphing/MAD22/original_sorted/FaceMorpher/108_03-vs-128_03.jpg,108_03-vs-128_03.jpg,108_03-vs-128_03
635,/nas-ctm01/datasets/public/BIOMETRICS/Face_Morphing/MAD22/original_sorted/FaceMorpher/108_03-vs-142_03.jpg,108_03-vs-142_03.jpg,108_03-vs-142_03
636,/nas-ctm01/datasets/public/BIOMETRICS/Face_Morphing/MAD22/original_sorted/FaceMorpher/108_03-vs-143_03.jpg,108_03-vs-143_03.jpg,108_03-vs-143_03
637,/nas-ctm01/datasets/public/BIOMETRICS/Face_Morphing/MAD22/original_sorted/FaceMorpher/108_08-vs-119_08.jpg,108_08-vs-119_08.jpg,108_08-vs-119_08
638,/nas-ctm01/datasets/public/BIOMETRICS/Face_Morphing/MAD22/original_sorted/FaceMorpher/108_08-vs-142_08.jpg,108_08-vs-142_08.jpg,108_08-vs-142_08
639,/nas-ctm01/datasets/public/BIOMETRICS/Face_Morphing/MAD22/original_sorted/FaceMorpher/108_08-vs-143_08.jpg,108_08-vs-143_08.jpg,108_08-vs-143_08
640,/nas-ctm01/datasets/public/BIOMETRICS/Face_Morphing/MAD22/original_sorted/FaceMorpher/112_03-vs-122_03.jpg,112_03-vs-122_03.jpg,112_03-vs-122_03
641,/nas-ctm01/datasets/public/BIOMETRICS/Face_Morphing/MAD22/original_sorted/FaceMorpher/112_03-vs-134_03.jpg,112_03-vs-134_03.jpg,112_03-vs-134_03
642,/nas-ctm01/datasets/public/BIOMETRICS/Face_Morphing/MAD22/original_sorted/FaceMorpher/112_03-vs-139_03.jpg,112_03-vs-139_03.jpg,112_03-vs-139_03
643,/nas-ctm01/datasets/public/BIOMETRICS/Face_Morphing/MAD22/original_sorted/FaceMorpher/113_03-vs-118_03.jpg,113_03-vs-118_03.jpg,113_03-vs-118_03
644,/nas-ctm01/datasets/public/BIOMETRICS/Face_Morphing/MAD22/original_sorted/FaceMorpher/113_08-vs-118_08.jpg,113_08-vs-118_08.jpg,113_08-vs-118_08
645,/nas-ctm01/datasets/public/BIOMETRICS/Face_Morphing/MAD22/original_sorted/FaceMorpher/113_08-vs-139_08.jpg,113_08-vs-139_08.jpg,113_08-vs-139_08
646,/nas-ctm01/datasets/public/BIOMETRICS/Face_Morphing/MAD22/original_sorted/FaceMorpher/114_08-vs-125_08.jpg,114_08-vs-125_08.jpg,114_08-vs-125_08
647,/nas-ctm01/datasets/public/BIOMETRICS/Face_Morphing/MAD22/original_sorted/FaceMorpher/114_08-vs-128_08.jpg,114_08-vs-128_08.jpg,114_08-vs-128_08
648,/nas-ctm01/datasets/public/BIOMETRICS/Face_Morphing/MAD22/original_sorted/FaceMorpher/114_08-vs-132_08.jpg,114_08-vs-132_08.jpg,114_08-vs-132_08
649,/nas-ctm01/datasets/public/BIOMETRICS/Face_Morphing/MAD22/original_sorted/FaceMorpher/115_03-vs-123_03.jpg,115_03-vs-123_03.jpg,115_03-vs-123_03
650,/nas-ctm01/datasets/public/BIOMETRICS/Face_Morphing/MAD22/original_sorted/FaceMorpher/115_03-vs-125_03.jpg,115_03-vs-125_03.jpg,115_03-vs-125_03
651,/nas-ctm01/datasets/public/BIOMETRICS/Face_Morphing/MAD22/original_sorted/FaceMorpher/115_03-vs-132_03.jpg,115_03-vs-132_03.jpg,115_03-vs-132_03
652,/nas-ctm01/datasets/public/BIOMETRICS/Face_Morphing/MAD22/original_sorted/FaceMorpher/115_08-vs-125_08.jpg,115_08-vs-125_08.jpg,115_08-vs-125_08
653,/nas-ctm01/datasets/public/BIOMETRICS/Face_Morphing/MAD22/original_sorted/FaceMorpher/115_08-vs-132_08.jpg,115_08-vs-132_08.jpg,115_08-vs-132_08
654,/nas-ctm01/datasets/public/BIOMETRICS/Face_Morphing/MAD22/original_sorted/FaceMorpher/115_08-vs-142_08.jpg,115_08-vs-142_08.jpg,115_08-vs-142_08
655,/nas-ctm01/datasets/public/BIOMETRICS/Face_Morphing/MAD22/original_sorted/FaceMorpher/117_08-vs-121_08.jpg,117_08-vs-121_08.jpg,117_08-vs-121_08
656,/nas-ctm01/datasets/public/BIOMETRICS/Face_Morphing/MAD22/original_sorted/FaceMorpher/117_08-vs-123_08.jpg,117_08-vs-123_08.jpg,117_08-vs-123_08
657,/nas-ctm01/datasets/public/BIOMETRICS/Face_Morphing/MAD22/original_sorted/FaceMorpher/117_08-vs-141_08.jpg,117_08-vs-141_08.jpg,117_08-vs-141_08
658,/nas-ctm01/datasets/public/BIOMETRICS/Face_Morphing/MAD22/original_sorted/FaceMorpher/117_08-vs-173_08.jpg,117_08-vs-173_08.jpg,117_08-vs-173_08
659,/nas-ctm01/datasets/public/BIOMETRICS/Face_Morphing/MAD22/original_sorted/FaceMorpher/118_03-vs-139_03.jpg,118_03-vs-139_03.jpg,118_03-vs-139_03
660,/nas-ctm01/datasets/public/BIOMETRICS/Face_Morphing/MAD22/original_sorted/FaceMorpher/118_08-vs-139_08.jpg,118_08-vs-139_08.jpg,118_08-vs-139_08
661,/nas-ctm01/datasets/public/BIOMETRICS/Face_Morphing/MAD22/original_sorted/FaceMorpher/118_08-vs-144_08.jpg,118_08-vs-144_08.jpg,118_08-vs-144_08
662,/nas-ctm01/datasets/public/BIOMETRICS/Face_Morphing/MAD22/original_sorted/FaceMorpher/119_03-vs-137_03.jpg,119_03-vs-137_03.jpg,119_03-vs-137_03
663,/nas-ctm01/datasets/public/BIOMETRICS/Face_Morphing/MAD22/original_sorted/FaceMorpher/119_08-vs-140_08.jpg,119_08-vs-140_08.jpg,119_08-vs-140_08
664,/nas-ctm01/datasets/public/BIOMETRICS/Face_Morphing/MAD22/original_sorted/FaceMorpher/120_03-vs-136_03.jpg,120_03-vs-136_03.jpg,120_03-vs-136_03
665,/nas-ctm01/datasets/public/BIOMETRICS/Face_Morphing/MAD22/original_sorted/FaceMorpher/120_08-vs-136_08.jpg,120_08-vs-136_08.jpg,120_08-vs-136_08
666,/nas-ctm01/datasets/public/BIOMETRICS/Face_Morphing/MAD22/original_sorted/FaceMorpher/120_08-vs-144_08.jpg,120_08-vs-144_08.jpg,120_08-vs-144_08
667,/nas-ctm01/datasets/public/BIOMETRICS/Face_Morphing/MAD22/original_sorted/FaceMorpher/121_03-vs-137_03.jpg,121_03-vs-137_03.jpg,121_03-vs-137_03
668,/nas-ctm01/datasets/public/BIOMETRICS/Face_Morphing/MAD22/original_sorted/FaceMorpher/121_03-vs-142_03.jpg,121_03-vs-142_03.jpg,121_03-vs-142_03
669,/nas-ctm01/datasets/public/BIOMETRICS/Face_Morphing/MAD22/original_sorted/FaceMorpher/121_08-vs-140_08.jpg,121_08-vs-140_08.jpg,121_08-vs-140_08
670,/nas-ctm01/datasets/public/BIOMETRICS/Face_Morphing/MAD22/original_sorted/FaceMorpher/122_03-vs-129_03.jpg,122_03-vs-129_03.jpg,122_03-vs-129_03
671,/nas-ctm01/datasets/public/BIOMETRICS/Face_Morphing/MAD22/original_sorted/FaceMorpher/122_03-vs-139_03.jpg,122_03-vs-139_03.jpg,122_03-vs-139_03
672,/nas-ctm01/datasets/public/BIOMETRICS/Face_Morphing/MAD22/original_sorted/FaceMorpher/122_08-vs-129_08.jpg,122_08-vs-129_08.jpg,122_08-vs-129_08
673,/nas-ctm01/datasets/public/BIOMETRICS/Face_Morphing/MAD22/original_sorted/FaceMorpher/122_08-vs-139_08.jpg,122_08-vs-139_08.jpg,122_08-vs-139_08
674,/nas-ctm01/datasets/public/BIOMETRICS/Face_Morphing/MAD22/original_sorted/FaceMorpher/123_03-vs-130_03.jpg,123_03-vs-130_03.jpg,123_03-vs-130_03
675,/nas-ctm01/datasets/public/BIOMETRICS/Face_Morphing/MAD22/original_sorted/FaceMorpher/123_03-vs-138_03.jpg,123_03-vs-138_03.jpg,123_03-vs-138_03
676,/nas-ctm01/datasets/public/BIOMETRICS/Face_Morphing/MAD22/original_sorted/FaceMorpher/123_03-vs-142_03.jpg,123_03-vs-142_03.jpg,123_03-vs-142_03
677,/nas-ctm01/datasets/public/BIOMETRICS/Face_Morphing/MAD22/original_sorted/FaceMorpher/123_03-vs-173_03.jpg,123_03-vs-173_03.jpg,123_03-vs-173_03
678,/nas-ctm01/datasets/public/BIOMETRICS/Face_Morphing/MAD22/original_sorted/FaceMorpher/124_03-vs-126_03.jpg,124_03-vs-126_03.jpg,124_03-vs-126_03
679,/nas-ctm01/datasets/public/BIOMETRICS/Face_Morphing/MAD22/original_sorted/FaceMorpher/124_03-vs-136_03.jpg,124_03-vs-136_03.jpg,124_03-vs-136_03
680,/nas-ctm01/datasets/public/BIOMETRICS/Face_Morphing/MAD22/original_sorted/FaceMorpher/124_08-vs-126_08.jpg,124_08-vs-126_08.jpg,124_08-vs-126_08
681,/nas-ctm01/datasets/public/BIOMETRICS/Face_Morphing/MAD22/original_sorted/FaceMorpher/124_08-vs-136_08.jpg,124_08-vs-136_08.jpg,124_08-vs-136_08
682,/nas-ctm01/datasets/public/BIOMETRICS/Face_Morphing/MAD22/original_sorted/FaceMorpher/125_03-vs-132_03.jpg,125_03-vs-132_03.jpg,125_03-vs-132_03
683,/nas-ctm01/datasets/public/BIOMETRICS/Face_Morphing/MAD22/original_sorted/FaceMorpher/125_03-vs-141_03.jpg,125_03-vs-141_03.jpg,125_03-vs-141_03
684,/nas-ctm01/datasets/public/BIOMETRICS/Face_Morphing/MAD22/original_sorted/FaceMorpher/125_03-vs-172_03.jpg,125_03-vs-172_03.jpg,125_03-vs-172_03
685,/nas-ctm01/datasets/public/BIOMETRICS/Face_Morphing/MAD22/original_sorted/FaceMorpher/125_08-vs-141_08.jpg,125_08-vs-141_08.jpg,125_08-vs-141_08
686,/nas-ctm01/datasets/public/BIOMETRICS/Face_Morphing/MAD22/original_sorted/FaceMorpher/125_08-vs-172_08.jpg,125_08-vs-172_08.jpg,125_08-vs-172_08
687,/nas-ctm01/datasets/public/BIOMETRICS/Face_Morphing/MAD22/original_sorted/FaceMorpher/125_08-vs-173_08.jpg,125_08-vs-173_08.jpg,125_08-vs-173_08
688,/nas-ctm01/datasets/public/BIOMETRICS/Face_Morphing/MAD22/original_sorted/FaceMorpher/126_03-vs-136_03.jpg,126_03-vs-136_03.jpg,126_03-vs-136_03
689,/nas-ctm01/datasets/public/BIOMETRICS/Face_Morphing/MAD22/original_sorted/FaceMorpher/126_08-vs-127_08.jpg,126_08-vs-127_08.jpg,126_08-vs-127_08
690,/nas-ctm01/datasets/public/BIOMETRICS/Face_Morphing/MAD22/original_sorted/FaceMorpher/126_08-vs-136_08.jpg,126_08-vs-136_08.jpg,126_08-vs-136_08
691,/nas-ctm01/datasets/public/BIOMETRICS/Face_Morphing/MAD22/original_sorted/FaceMorpher/126_08-vs-144_08.jpg,126_08-vs-144_08.jpg,126_08-vs-144_08
692,/nas-ctm01/datasets/public/BIOMETRICS/Face_Morphing/MAD22/original_sorted/FaceMorpher/128_03-vs-130_03.jpg,128_03-vs-130_03.jpg,128_03-vs-130_03
693,/nas-ctm01/datasets/public/BIOMETRICS/Face_Morphing/MAD22/original_sorted/FaceMorpher/128_03-vs-132_03.jpg,128_03-vs-132_03.jpg,128_03-vs-132_03
694,/nas-ctm01/datasets/public/BIOMETRICS/Face_Morphing/MAD22/original_sorted/FaceMorpher/128_03-vs-138_03.jpg,128_03-vs-138_03.jpg,128_03-vs-138_03
695,/nas-ctm01/datasets/public/BIOMETRICS/Face_Morphing/MAD22/original_sorted/FaceMorpher/128_03-vs-142_03.jpg,128_03-vs-142_03.jpg,128_03-vs-142_03
696,/nas-ctm01/datasets/public/BIOMETRICS/Face_Morphing/MAD22/original_sorted/FaceMorpher/128_03-vs-143_03.jpg,128_03-vs-143_03.jpg,128_03-vs-143_03
697,/nas-ctm01/datasets/public/BIOMETRICS/Face_Morphing/MAD22/original_sorted/FaceMorpher/128_08-vs-130_08.jpg,128_08-vs-130_08.jpg,128_08-vs-130_08
698,/nas-ctm01/datasets/public/BIOMETRICS/Face_Morphing/MAD22/original_sorted/FaceMorpher/128_08-vs-132_08.jpg,128_08-vs-132_08.jpg,128_08-vs-132_08
699,/nas-ctm01/datasets/public/BIOMETRICS/Face_Morphing/MAD22/original_sorted/FaceMorpher/128_08-vs-140_08.jpg,128_08-vs-140_08.jpg,128_08-vs-140_08
700,/nas-ctm01/datasets/public/BIOMETRICS/Face_Morphing/MAD22/original_sorted/FaceMorpher/128_08-vs-143_08.jpg,128_08-vs-143_08.jpg,128_08-vs-143_08
701,/nas-ctm01/datasets/public/BIOMETRICS/Face_Morphing/MAD22/original_sorted/FaceMorpher/130_03-vs-131_03.jpg,130_03-vs-131_03.jpg,130_03-vs-131_03
702,/nas-ctm01/datasets/public/BIOMETRICS/Face_Morphing/MAD22/original_sorted/FaceMorpher/130_03-vs-132_03.jpg,130_03-vs-132_03.jpg,130_03-vs-132_03
703,/nas-ctm01/datasets/public/BIOMETRICS/Face_Morphing/MAD22/original_sorted/FaceMorpher/130_03-vs-138_03.jpg,130_03-vs-138_03.jpg,130_03-vs-138_03
704,/nas-ctm01/datasets/public/BIOMETRICS/Face_Morphing/MAD22/original_sorted/FaceMorpher/130_03-vs-141_03.jpg,130_03-vs-141_03.jpg,130_03-vs-141_03
705,/nas-ctm01/datasets/public/BIOMETRICS/Face_Morphing/MAD22/original_sorted/FaceMorpher/130_03-vs-173_03.jpg,130_03-vs-173_03.jpg,130_03-vs-173_03
706,/nas-ctm01/datasets/public/BIOMETRICS/Face_Morphing/MAD22/original_sorted/FaceMorpher/130_08-vs-131_08.jpg,130_08-vs-131_08.jpg,130_08-vs-131_08
707,/nas-ctm01/datasets/public/BIOMETRICS/Face_Morphing/MAD22/original_sorted/FaceMorpher/130_08-vs-132_08.jpg,130_08-vs-132_08.jpg,130_08-vs-132_08
708,/nas-ctm01/datasets/public/BIOMETRICS/Face_Morphing/MAD22/original_sorted/FaceMorpher/130_08-vs-141_08.jpg,130_08-vs-141_08.jpg,130_08-vs-141_08
709,/nas-ctm01/datasets/public/BIOMETRICS/Face_Morphing/MAD22/original_sorted/FaceMorpher/131_03-vs-138_03.jpg,131_03-vs-138_03.jpg,131_03-vs-138_03
710,/nas-ctm01/datasets/public/BIOMETRICS/Face_Morphing/MAD22/original_sorted/FaceMorpher/131_03-vs-172_03.jpg,131_03-vs-172_03.jpg,131_03-vs-172_03
711,/nas-ctm01/datasets/public/BIOMETRICS/Face_Morphing/MAD22/original_sorted/FaceMorpher/131_08-vs-172_08.jpg,131_08-vs-172_08.jpg,131_08-vs-172_08
712,/nas-ctm01/datasets/public/BIOMETRICS/Face_Morphing/MAD22/original_sorted/FaceMorpher/132_03-vs-172_03.jpg,132_03-vs-172_03.jpg,132_03-vs-172_03
713,/nas-ctm01/datasets/public/BIOMETRICS/Face_Morphing/MAD22/original_sorted/FaceMorpher/132_08-vs-172_08.jpg,132_08-vs-172_08.jpg,132_08-vs-172_08
714,/nas-ctm01/datasets/public/BIOMETRICS/Face_Morphing/MAD22/original_sorted/FaceMorpher/134_08-vs-139_08.jpg,134_08-vs-139_08.jpg,134_08-vs-139_08
715,/nas-ctm01/datasets/public/BIOMETRICS/Face_Morphing/MAD22/original_sorted/FaceMorpher/136_08-vs-144_08.jpg,136_08-vs-144_08.jpg,136_08-vs-144_08
716,/nas-ctm01/datasets/public/BIOMETRICS/Face_Morphing/MAD22/original_sorted/FaceMorpher/137_03-vs-143_03.jpg,137_03-vs-143_03.jpg,137_03-vs-143_03
717,/nas-ctm01/datasets/public/BIOMETRICS/Face_Morphing/MAD22/original_sorted/FaceMorpher/138_03-vs-141_03.jpg,138_03-vs-141_03.jpg,138_03-vs-141_03
718,/nas-ctm01/datasets/public/BIOMETRICS/Face_Morphing/MAD22/original_sorted/FaceMorpher/139_03-vs-144_03.jpg,139_03-vs-144_03.jpg,139_03-vs-144_03
719,/nas-ctm01/datasets/public/BIOMETRICS/Face_Morphing/MAD22/original_sorted/FaceMorpher/139_08-vs-144_08.jpg,139_08-vs-144_08.jpg,139_08-vs-144_08
720,/nas-ctm01/datasets/public/BIOMETRICS/Face_Morphing/MAD22/original_sorted/FaceMorpher/140_08-vs-141_08.jpg,140_08-vs-141_08.jpg,140_08-vs-141_08
721,/nas-ctm01/datasets/public/BIOMETRICS/Face_Morphing/MAD22/original_sorted/FaceMorpher/140_08-vs-173_08.jpg,140_08-vs-173_08.jpg,140_08-vs-173_08
722,/nas-ctm01/datasets/public/BIOMETRICS/Face_Morphing/MAD22/original_sorted/FaceMorpher/141_03-vs-143_03.jpg,141_03-vs-143_03.jpg,141_03-vs-143_03
723,/nas-ctm01/datasets/public/BIOMETRICS/Face_Morphing/MAD22/original_sorted/FaceMorpher/141_08-vs-143_08.jpg,141_08-vs-143_08.jpg,141_08-vs-143_08
