embedding_index,split,method,morph_path,morph_filename,criminal_stem,accomplice_stem,criminal_bonafide_path,accomplice_bonafide_path
0,train,MIPGAN_II,/nas-ctm01/datasets/public/BIOMETRICS/Face_Morphing/MAD22/original_sorted/MIPGAN_II/001_03-vs-013_03.png,001_03-vs-013_03.png,001_03,013_03,/nas-ctm01/datasets/public/BIOMETRICS/Face_Morphing/MAD22/original_sorted/BonaFide/001_03.jpg,/nas-ctm01/datasets/public/BIOMETRICS/Face_Morphing/MAD22/original_sorted/BonaFide/013_03.jpg
1,train,MIPGAN_II,/nas-ctm01/datasets/public/BIOMETRICS/Face_Morphing/MAD22/original_sorted/MIPGAN_II/001_03-vs-014_03.png,001_03-vs-014_03.png,001_03,014_03,/nas-ctm01/datasets/public/BIOMETRICS/Face_Morphing/MAD22/original_sorted/BonaFide/001_03.jpg,/nas-ctm01/datasets/public/BIOMETRICS/Face_Morphing/MAD22/original_sorted/BonaFide/014_03.jpg
2,train,MIPGAN_II,/nas-ctm01/datasets/public/BIOMETRICS/Face_Morphing/MAD22/original_sorted/MIPGAN_II/001_03-vs-030_03.png,001_03-vs-030_03.png,001_03,030_03,/nas-ctm01/datasets/public/BIOMETRICS/Face_Morphing/MAD22/original_sorted/BonaFide/001_03.jpg,/nas-ctm01/datasets/public/BIOMETRICS/Face_Morphing/MAD22/original_sorted/BonaFide/030_03.jpg
3,train,MIPGAN_II,/nas-ctm01/datasets/public/BIOMETRICS/Face_Morphing/MAD22/original_sorted/MIPGAN_II/001_03-vs-122_03.png,001_03-vs-122_03.png,001_03,122_03,/nas-ctm01/datasets/public/BIOMETRICS/Face_Morphing/MAD22/original_sorted/BonaFide/001_03.jpg,/nas-ctm01/datasets/public/BIOMETRICS/Face_Morphing/MAD22/original_sorted/BonaFide/122_03.jpg
4,train,MIPGAN_II,/nas-ctm01/datasets/public/BIOMETRICS/Face_Morphing/MAD22/original_sorted/MIPGAN_II/001_03-vs-129_03.png,001_03-vs-129_03.png,001_03,129_03,/nas-ctm01/datasets/public/BIOMETRICS/Face_Morphing/MAD22/original_sorted/BonaFide/001_03.jpg,/nas-ctm01/datasets/public/BIOMETRICS/Face_Morphing/MAD22/original_sorted/BonaFide/129_03.jpg
5,train,MIPGAN_II,/nas-ctm01/datasets/public/BIOMETRICS/Face_Morphing/MAD22/original_sorted/MIPGAN_II/001_08-vs-010_08.png,001_08-vs-010_08.png,001_08,010_08,/nas-ctm01/datasets/public/BIOMETRICS/Face_Morphing/MAD22/original_sorted/BonaFide/001_08.jpg,/nas-ctm01/datasets/public/BIOMETRICS/Face_Morphing/MAD22/original_sorted/BonaFide/010_08.jpg
6,train,MIPGAN_II,/nas-ctm01/datasets/public/BIOMETRICS/Face_Morphing/MAD22/original_sorted/MIPGAN_II/001_08-vs-014_08.png,001_08-vs-014_08.png,001_08,014_08,/nas-ctm01/datasets/public/BIOMETRICS/Face_Morphing/MAD22/original_sorted/BonaFide/001_08.jpg,/nas-ctm01/datasets/public/BIOMETRICS/Face_Morphing/MAD22/original_sorted/BonaFide/014_08.jpg
7,train,MIPGAN_II,/nas-ctm01/datasets/public/BIOMETRICS/Face_Morphing/MAD22/original_sorted/MIPGAN_II/001_08-vs-039_08.png,001_08-vs-039_08.png,001_08,039_08,/nas-ctm01/datasets/public/BIOMETRICS/Face_Morphing/MAD22/original_sorted/BonaFide/001_08.jpg,/nas-ctm01/datasets/public/BIOMETRICS/Face_Morphing/MAD22/original_sorted/BonaFide/039_08.jpg
8,train,MIPGAN_II,/nas-ctm01/datasets/public/BIOMETRICS/Face_Morphing/MAD22/original_sorted/MIPGAN_II/001_08-vs-087_08.png,001_08-vs-087_08.png,001_08,087_08,/nas-ctm01/datasets/public/BIOMETRICS/Face_Morphing/MAD22/original_sorted/BonaFide/001_08.jpg,/nas-ctm01/datasets/public/BIOMETRICS/Face_Morphing/MAD22/original_sorted/BonaFide/087_08.jpg
9,train,MIPGAN_II,/nas-ctm01/datasets/public/BIOMETRICS/Face_Morphing/MAD22/original_sorted/MIPGAN_II/001_08-vs-094_08.png,001_08-vs-094_08.png,001_08,094_08,/nas-ctm01/datasets/public/BIOMETRICS/Face_Morphing/MAD22/original_sorted/BonaFide/001_08.jpg,/nas-ctm01/datasets/public/BIOMETRICS/Face_Morphing/MAD22/original_sorted/BonaFide/094_08.jpg
10,train,MIPGAN_II,/nas-ctm01/datasets/public/BIOMETRICS/Face_Morphing/MAD22/original_sorted/MIPGAN_II/001_08-vs-107_08.png,001_08-vs-107_08.png,001_08,107_08,/nas-ctm01/datasets/public/BIOMETRICS/Face_Morphing/MAD22/original_sorted/BonaFide/001_08.jpg,/nas-ctm01/datasets/public/BIOMETRICS/Face_Morphing/MAD22/original_sorted/BonaFide/107_08.jpg
11,train,MIPGAN_II,/nas-ctm01/datasets/public/BIOMETRICS/Face_Morphing/MAD22/original_sorted/MIPGAN_II/002_03-vs-032_03.png,002_03-vs-032_03.png,002_03,032_03,/nas-ctm01/datasets/public/BIOMETRICS/Face_Morphing/MAD22/original_sorted/BonaFide/002_03.jpg,/nas-ctm01/datasets/public/BIOMETRICS/Face_Morphing/MAD22/original_sorted/BonaFide/032_03.jpg
12,train,MIPGAN_II,/nas-ctm01/datasets/public/BIOMETRICS/Face_Morphing/MAD22/original_sorted/MIPGAN_II/002_03-vs-102_03.png,002_03-vs-102_03.png,002_03,102_03,/nas-ctm01/datasets/public/BIOMETRICS/Face_Morphing/MAD22/original_sorted/BonaFide/002_03.jpg,/nas-ctm01/datasets/public/BIOMETRICS/Face_Morphing/MAD22/original_sorted/BonaFide/102_03.jpg
13,train,MIPGAN_II,/nas-ctm01/datasets/public/BIOMETRICS/Face_Morphing/MAD22/original_sorted/MIPGAN_II/002_03-vs-118_03.png,002_03-vs-118_03.png,002_03,118_03,/nas-ctm01/datasets/public/BIOMETRICS/Face_Morphing/MAD22/original_sorted/BonaFide/002_03.jpg,/nas-ctm01/datasets/public/BIOMETRICS/Face_Morphing/MAD22/original_sorted/BonaFide/118_03.jpg
14,train,MIPGAN_II,/nas-ctm01/datasets/public/BIOMETRICS/Face_Morphing/MAD22/original_sorted/MIPGAN_II/002_03-vs-124_03.png,002_03-vs-124_03.png,002_03,124_03,/nas-ctm01/datasets/public/BIOMETRICS/Face_Morphing/MAD22/original_sorted/BonaFide/002_03.jpg,/nas-ctm01/datasets/public/BIOMETRICS/Face_Morphing/MAD22/original_sorted/BonaFide/124_03.jpg
15,train,MIPGAN_II,/nas-ctm01/datasets/public/BIOMETRICS/Face_Morphing/MAD22/original_sorted/MIPGAN_II/002_03-vs-136_03.png,002_03-vs-136_03.png,002_03,136_03,/nas-ctm01/datasets/public/BIOMETRICS/Face_Morphing/MAD22/original_sorted/BonaFide/002_03.jpg,/nas-ctm01/datasets/public/BIOMETRICS/Face_Morphing/MAD22/original_sorted/BonaFide/136_03.jpg
16,train,MIPGAN_II,/nas-ctm01/datasets/public/BIOMETRICS/Face_Morphing/MAD22/original_sorted/MIPGAN_II/002_03-vs-139_03.png,002_03-vs-139_03.png,002_03,139_03,/nas-ctm01/datasets/public/BIOMETRICS/Face_Morphing/MAD22/original_sorted/BonaFide/002_03.jpg,/nas-ctm01/datasets/public/BIOMETRICS/Face_Morphing/MAD22/original_sorted/BonaFide/139_03.jpg
17,train,MIPGAN_II,/nas-ctm01/datasets/public/BIOMETRICS/Face_Morphing/MAD22/original_sorted/MIPGAN_II/002_08-vs-027_08.png,002_08-vs-027_08.png,002_08,027_08,/nas-ctm01/datasets/public/BIOMETRICS/Face_Morphing/MAD22/original_sorted/BonaFide/002_08.jpg,/nas-ctm01/datasets/public/BIOMETRICS/Face_Morphing/MAD22/original_sorted/BonaFide/027_08.jpg
18,train,MIPGAN_II,/nas-ctm01/datasets/public/BIOMETRICS/Face_Morphing/MAD22/original_sorted/MIPGAN_II/002_08-vs-030_08.png,002_08-vs-030_08.png,002_08,030_08,/nas-ctm01/datasets/public/BIOMETRICS/Face_Morphing/MAD22/original_sorted/BonaFide/002_08.jpg,/nas-ctm01/datasets/public/BIOMETRICS/Face_Morphing/MAD22/original_sorted/BonaFide/030_08.jpg
19,train,MIPGAN_II,/nas-ctm01/datasets/public/BIOMETRICS/Face_Morphing/MAD22/original_sorted/MIPGAN_II/002_08-vs-032_08.png,002_08-vs-032_08.png,002_08,032_08,/nas-ctm01/datasets/public/BIOMETRICS/Face_Morphing/MAD22/original_sorted/BonaFide/002_08.jpg,/nas-ctm01/datasets/public/BIOMETRICS/Face_Morphing/MAD22/original_sorted/BonaFide/032_08.jpg
20,train,MIPGAN_II,/nas-ctm01/datasets/public/BIOMETRICS/Face_Morphing/MAD22/original_sorted/MIPGAN_II/002_08-vs-081_08.png,002_08-vs-081_08.png,002_08,081_08,/nas-ctm01/datasets/public/BIOMETRICS/Face_Morphing/MAD22/original_sorted/BonaFide/002_08.jpg,/nas-ctm01/datasets/public/BIOMETRICS/Face_Morphing/MAD22/original_sorted/BonaFide/081_08.jpg
21,train,MIPGAN_II,/nas-ctm01/datasets/public/BIOMETRICS/Face_Morphing/MAD22/original_sorted/MIPGAN_II/002_08-vs-090_08.png,002_08-vs-090_08.png,002_08,090_08,/nas-ctm01/datasets/public/BIOMETRICS/Face_Morphing/MAD22/original_sorted/BonaFide/002_08.jpg,/nas-ctm01/datasets/public/BIOMETRICS/Face_Morphing/MAD22/original_sorted/BonaFide/090_08.jpg
22,train,MIPGAN_II,/nas-ctm01/datasets/public/BIOMETRICS/Face_Morphing/MAD22/original_sorted/MIPGAN_II/002_08-vs-091_08.png,002_08-vs-091_08.png,002_08,091_08,/nas-ctm01/datasets/public/BIOMETRICS/Face_Morphing/MAD22/original_sorted/BonaFide/002_08.jpg,/nas-ctm01/datasets/public/BIOMETRICS/Face_Morphing/MAD22/original_sorted/BonaFide/091_08.jpg
23,train,MIPGAN_II,/nas-ctm01/datasets/public/BIOMETRICS/Face_Morphing/MAD22/original_sorted/MIPGAN_II/002_08-vs-099_08.png,002_08-vs-099_08.png,002_08,099_08,/nas-ctm01/datasets/public/BIOMETRICS/Face_Morphing/MAD22/original_sorted/BonaFide/002_08.jpg,/nas-ctm01/datasets/public/BIOMETRICS/Face_Morphing/MAD22/original_sorted/BonaFide/099_08.jpg
24,train,MIPGAN_II,/nas-ctm01/datasets/public/BIOMETRICS/Face_Morphing/MAD22/original_sorted/MIPGAN_II/002_08-vs-100_08.png,002_08-vs-100_08.png,002_08,100_08,/nas-ctm01/datasets/public/BIOMETRICS/Face_Morphing/MAD22/original_sorted/BonaFide/002_08.jpg,/nas-ctm01/datasets/public/BIOMETRICS/Face_Morphing/MAD22/original_sorted/BonaFide/100_08.jpg
25,train,MIPGAN_II,/nas-ctm01/datasets/public/BIOMETRICS/Face_Morphing/MAD22/original_sorted/MIPGAN_II/002_08-vs-102_08.png,002_08-vs-102_08.png,002_08,102_08,/nas-ctm01/datasets/public/BIOMETRICS/Face_Morphing/MAD22/original_sorted/BonaFide/002_08.jpg,/nas-ctm01/datasets/public/BIOMETRICS/Face_Morphing/MAD22/original_sorted/BonaFide/102_08.jpg
26,train,MIPGAN_II,/nas-ctm01/datasets/public/BIOMETRICS/Face_Morphing/MAD22/original_sorted/MIPGAN_II/002_08-vs-118_08.png,002_08-vs-118_08.png,002_08,118_08,/nas-ctm01/datasets/public/BIOMETRICS/Face_Morphing/MAD22/original_sorted/BonaFide/002_08.jpg,/nas-ctm01/datasets/public/BIOMETRICS/Face_Morphing/MAD22/original_sorted/BonaFide/118_08.jpg
27,train,MIPGAN_II,/nas-ctm01/datasets/public/BIOMETRICS/Face_Morphing/MAD22/original_sorted/MIPGAN_II/002_08-vs-139_08.png,002_08-vs-139_08.png,002_08,139_08,/nas-ctm01/datasets/public/BIOMETRICS/Face_Morphing/MAD22/original_sorted/BonaFide/002_08.jpg,/nas-ctm01/datasets/public/BIOMETRICS/Face_Morphing/MAD22/original_sorted/BonaFide/139_08.jpg
28,train,MIPGAN_II,/nas-ctm01/datasets/public/BIOMETRICS/Face_Morphing/MAD22/original_sorted/MIPGAN_II/003_03-vs-014_03.png,003_03-vs-014_03.png,003_03,014_03,/nas-ctm01/datasets/public/BIOMETRICS/Face_Morphing/MAD22/original_sorted/BonaFide/003_03.jpg,/nas-ctm01/datasets/public/BIOMETRICS/Face_Morphing/MAD22/original_sorted/BonaFide/014_03.jpg
29,train,MIPGAN_II,/nas-ctm01/datasets/public/BIOMETRICS/Face_Morphing/MAD22/original_sorted/MIPGAN_II/003_03-vs-027_03.png,003_03-vs-027_03.png,003_03,027_03,/nas-ctm01/datasets/public/BIOMETRICS/Face_Morphing/MAD22/original_sorted/BonaFide/003_03.jpg,/nas-ctm01/datasets/public/BIOMETRICS/Face_Morphing/MAD22/original_sorted/BonaFide/027_03.jpg
30,train,MIPGAN_II,/nas-ctm01/datasets/public/BIOMETRICS/Face_Morphing/MAD22/original_sorted/MIPGAN_II/003_03-vs-039_03.png,003_03-vs-039_03.png,003_03,039_03,/nas-ctm01/datasets/public/BIOMETRICS/Face_Morphing/MAD22/original_sorted/BonaFide/003_03.jpg,/nas-ctm01/datasets/public/BIOMETRICS/Face_Morphing/MAD22/original_sorted/BonaFide/039_03.jpg
31,train,MIPGAN_II,/nas-ctm01/datasets/public/BIOMETRICS/Face_Morphing/MAD22/original_sorted/MIPGAN_II/003_03-vs-081_03.png,003_03-vs-081_03.png,003_03,081_03,/nas-ctm01/datasets/public/BIOMETRICS/Face_Morphing/MAD22/original_sorted/BonaFide/003_03.jpg,/nas-ctm01/datasets/public/BIOMETRICS/Face_Morphing/MAD22/original_sorted/BonaFide/081_03.jpg
32,train,MIPGAN_II,/nas-ctm01/datasets/public/BIOMETRICS/Face_Morphing/MAD22/original_sorted/MIPGAN_II/003_03-vs-124_03.png,003_03-vs-124_03.png,003_03,124_03,/nas-ctm01/datasets/public/BIOMETRICS/Face_Morphing/MAD22/original_sorted/BonaFide/003_03.jpg,/nas-ctm01/datasets/public/BIOMETRICS/Face_Morphing/MAD22/original_sorted/BonaFide/124_03.jpg
33,train,MIPGAN_II,/nas-ctm01/datasets/public/BIOMETRICS/Face_Morphing/MAD22/original_sorted/MIPGAN_II/003_03-vs-136_03.png,003_03-vs-136_03.png,003_03,136_03,/nas-ctm01/datasets/public/BIOMETRICS/Face_Morphing/MAD22/original_sorted/BonaFide/003_03.jpg,/nas-ctm01/datasets/public/BIOMETRICS/Face_Morphing/MAD22/original_sorted/BonaFide/136_03.jpg
34,train,MIPGAN_II,/nas-ctm01/datasets/public/BIOMETRICS/Face_Morphing/MAD22/original_sorted/MIPGAN_II/003_08-vs-011_08.png,003_08-vs-011_08.png,003_08,011_08,/nas-ctm01/datasets/public/BIOMETRICS/Face_Morphing/MAD22/original_sorted/BonaFide/003_08.jpg,/nas-ctm01/datasets/public/BIOMETRICS/Face_Morphing/MAD22/original_sorted/BonaFide/011_08.jpg
35,train,MIPGAN_II,/nas-ctm01/datasets/public/BIOMETRICS/Face_Morphing/MAD22/original_sorted/MIPGAN_II/003_08-vs-136_08.png,003_08-vs-136_08.png,003_08,136_08,/nas-ctm01/datasets/public/BIOMETRICS/Face_Morphing/MAD22/original_sorted/BonaFide/003_08.jpg,/nas-ctm01/datasets/public/BIOMETRICS/Face_Morphing/MAD22/original_sorted/BonaFide/136_08.jpg
36,train,MIPGAN_II,/nas-ctm01/datasets/public/BIOMETRICS/Face_Morphing/MAD22/original_sorted/MIPGAN_II/003_08-vs-144_08.png,003_08-vs-144_08.png,003_08,144_08,/nas-ctm01/datasets/public/BIOMETRICS/Face_Morphing/MAD22/original_sorted/BonaFide/003_08.jpg,/nas-ctm01/datasets/public/BIOMETRICS/Face_Morphing/MAD22/original_sorted/BonaFide/144_08.jpg
37,train,MIPGAN_II,/nas-ctm01/datasets/public/BIOMETRICS/Face_Morphing/MAD22/original_sorted/MIPGAN_II/004_03-vs-103_03.png,004_03-vs-103_03.png,004_03,103_03,/nas-ctm01/datasets/public/BIOMETRICS/Face_Morphing/MAD22/original_sorted/BonaFide/004_03.jpg,/nas-ctm01/datasets/public/BIOMETRICS/Face_Morphing/MAD22/original_sorted/BonaFide/103_03.jpg
38,train,MIPGAN_II,/nas-ctm01/datasets/public/BIOMETRICS/Face_Morphing/MAD22/original_sorted/MIPGAN_II/004_03-vs-141_03.png,004_03-vs-141_03.png,004_03,141_03,/nas-ctm01/datasets/public/BIOMETRICS/Face_Morphing/MAD22/original_sorted/BonaFide/004_03.jpg,/nas-ctm01/datasets/public/BIOMETRICS/Face_Morphing/MAD22/original_sorted/BonaFide/141_03.jpg
39,train,MIPGAN_II,/nas-ctm01/datasets/public/BIOMETRICS/Face_Morphing/MAD22/original_sorted/MIPGAN_II/005_03-vs-008_03.png,005_03-vs-008_03.png,005_03,008_03,/nas-ctm01/datasets/public/BIOMETRICS/Face_Morphing/MAD22/original_sorted/BonaFide/005_03.jpg,/nas-ctm01/datasets/public/BIOMETRICS/Face_Morphing/MAD22/original_sorted/BonaFide/008_03.jpg
40,train,MIPGAN_II,/nas-ctm01/datasets/public/BIOMETRICS/Face_Morphing/MAD22/original_sorted/MIPGAN_II/005_03-vs-018_03.png,005_03-vs-018_03.png,005_03,018_03,/nas-ctm01/datasets/public/BIOMETRICS/Face_Morphing/MAD22/original_sorted/BonaFide/005_03.jpg,/nas-ctm01/datasets/public/BIOMETRICS/Face_Morphing/MAD22/original_sorted/BonaFide/018_03.jpg
41,train,MIPGAN_II,/nas-ctm01/datasets/public/BIOMETRICS/Face_Morphing/MAD22/original_sorted/MIPGAN_II/005_03-vs-021_03.png,005_03-vs-021_03.png,005_03,021_03,/nas-ctm01/datasets/public/BIOMETRICS/Face_Morphing/MAD22/original_sorted/BonaFide/005_03.jpg,/nas-ctm01/datasets/public/BIOMETRICS/Face_Morphing/MAD22/original_sorted/BonaFide/021_03.jpg
42,train,MIPGAN_II,/nas-ctm01/datasets/public/BIOMETRICS/Face_Morphing/MAD22/original_sorted/MIPGAN_II/005_03-vs-022_03.png,005_03-vs-022_03.png,005_03,022_03,/nas-ctm01/datasets/public/BIOMETRICS/Face_Morphing/MAD22/original_sorted/BonaFide/005_03.jpg,/nas-ctm01/datasets/public/BIOMETRICS/Face_Morphing/MAD22/original_sorted/BonaFide/022_03.jpg
43,train,MIPGAN_II,/nas-ctm01/datasets/public/BIOMETRICS/Face_Morphing/MAD22/original_sorted/MIPGAN_II/005_03-vs-068_03.png,005_03-vs-068_03.png,005_03,068_03,/nas-ctm01/datasets/public/BIOMETRICS/Face_Morphing/MAD22/original_sorted/BonaFide/005_03.jpg,/nas-ctm01/datasets/public/BIOMETRICS/Face_Morphing/MAD22/original_sorted/BonaFide/068_03.jpg
44,train,MIPGAN_II,/nas-ctm01/datasets/public/BIOMETRICS/Face_Morphing/MAD22/original_sorted/MIPGAN_II/005_03-vs-082_03.png,005_03-vs-082_03.png,005_03,082_03,/nas-ctm01/datasets/public/BIOMETRICS/Face_Morphing/MAD22/original_sorted/BonaFide/005_03.jpg,/nas-ctm01/datasets/public/BIOMETRICS/Face_Morphing/MAD22/original_sorted/BonaFide/082_03.jpg
45,train,MIPGAN_II,/nas-ctm01/datasets/public/BIOMETRICS/Face_Morphing/MAD22/original_sorted/MIPGAN_II/005_03-vs-104_03.png,005_03-vs-104_03.png,005_03,104_03,/nas-ctm01/datasets/public/BIOMETRICS/Face_Morphing/MAD22/original_sorted/BonaFide/005_03.jpg,/nas-ctm01/datasets/public/BIOMETRICS/Face_Morphing/MAD22/original_sorted/BonaFide/104_03.jpg
46,train,MIPGAN_II,/nas-ctm01/datasets/public/BIOMETRICS/Face_Morphing/MAD22/original_sorted/MIPGAN_II/005_03-vs-140_03.png,005_03-vs-140_03.png,005_03,140_03,/nas-ctm01/datasets/public/BIOMETRICS/Face_Morphing/MAD22/original_sorted/BonaFide/005_03.jpg,/nas-ctm01/datasets/public/BIOMETRICS/Face_Morphing/MAD22/original_sorted/BonaFide/140_03.jpg
47,train,MIPGAN_II,/nas-ctm01/datasets/public/BIOMETRICS/Face_Morphing/MAD22/original_sorted/MIPGAN_II/005_08-vs-021_08.png,005_08-vs-021_08.png,005_08,021_08,/nas-ctm01/datasets/public/BIOMETRICS/Face_Morphing/MAD22/original_sorted/BonaFide/005_08.jpg,/nas-ctm01/datasets/public/BIOMETRICS/Face_Morphing/MAD22/original_sorted/BonaFide/021_08.jpg
48,train,MIPGAN_II,/nas-ctm01/datasets/public/BIOMETRICS/Face_Morphing/MAD22/original_sorted/MIPGAN_II/006_03-vs-064_03.png,006_03-vs-064_03.png,006_03,064_03,/nas-ctm01/datasets/public/BIOMETRICS/Face_Morphing/MAD22/original_sorted/BonaFide/006_03.jpg,/nas-ctm01/datasets/public/BIOMETRICS/Face_Morphing/MAD22/original_sorted/BonaFide/064_03.jpg
49,train,MIPGAN_II,/nas-ctm01/datasets/public/BIOMETRICS/Face_Morphing/MAD22/original_sorted/MIPGAN_II/006_03-vs-097_03.png,006_03-vs-097_03.png,006_03,097_03,/nas-ctm01/datasets/public/BIOMETRICS/Face_Morphing/MAD22/original_sorted/BonaFide/006_03.jpg,/nas-ctm01/datasets/public/BIOMETRICS/Face_Morphing/MAD22/original_sorted/BonaFide/097_03.jpg
50,train,MIPGAN_II,/nas-ctm01/datasets/public/BIOMETRICS/Face_Morphing/MAD22/original_sorted/MIPGAN_II/006_03-vs-102_03.png,006_03-vs-102_03.png,006_03,102_03,/nas-ctm01/datasets/public/BIOMETRICS/Face_Morphing/MAD22/original_sorted/BonaFide/006_03.jpg,/nas-ctm01/datasets/public/BIOMETRICS/Face_Morphing/MAD22/original_sorted/BonaFide/102_03.jpg
51,train,MIPGAN_II,/nas-ctm01/datasets/public/BIOMETRICS/Face_Morphing/MAD22/original_sorted/MIPGAN_II/006_03-vs-118_03.png,006_03-vs-118_03.png,006_03,118_03,/nas-ctm01/datasets/public/BIOMETRICS/Face_Morphing/MAD22/original_sorted/BonaFide/006_03.jpg,/nas-ctm01/datasets/public/BIOMETRICS/Face_Morphing/MAD22/original_sorted/BonaFide/118_03.jpg
52,train,MIPGAN_II,/nas-ctm01/datasets/public/BIOMETRICS/Face_Morphing/MAD22/original_sorted/MIPGAN_II/006_08-vs-016_08.png,006_08-vs-016_08.png,006_08,016_08,/nas-ctm01/datasets/public/BIOMETRICS/Face_Morphing/MAD22/original_sorted/BonaFide/006_08.jpg,/nas-ctm01/datasets/public/BIOMETRICS/Face_Morphing/MAD22/original_sorted/BonaFide/016_08.jpg
53,train,MIPGAN_II,/nas-ctm01/datasets/public/BIOMETRICS/Face_Morphing/MAD22/original_sorted/MIPGAN_II/006_08-vs-081_08.png,006_08-vs-081_08.png,006_08,081_08,/nas-ctm01/datasets/public/BIOMETRICS/Face_Morphing/MAD22/original_sorted/BonaFide/006_08.jpg,/nas-ctm01/datasets/public/BIOMETRICS/Face_Morphing/MAD22/original_sorted/BonaFide/081_08.jpg
54,train,MIPGAN_II,/nas-ctm01/datasets/public/BIOMETRICS/Face_Morphing/MAD22/original_sorted/MIPGAN_II/006_08-vs-097_08.png,006_08-vs-097_08.png,006_08,097_08,/nas-ctm01/datasets/public/BIOMETRICS/Face_Morphing/MAD22/original_sorted/BonaFide/006_08.jpg,/nas-ctm01/datasets/public/BIOMETRICS/Face_Morphing/MAD22/original_sorted/BonaFide/097_08.jpg
55,train,MIPGAN_II,/nas-ctm01/datasets/public/BIOMETRICS/Face_Morphing/MAD22/original_sorted/MIPGAN_II/006_08-vs-139_08.png,006_08-vs-139_08.png,006_08,139_08,/nas-ctm01/datasets/public/BIOMETRICS/Face_Morphing/MAD22/original_sorted/BonaFide/006_08.jpg,/nas-ctm01/datasets/public/BIOMETRICS/Face_Morphing/MAD22/original_sorted/BonaFide/139_08.jpg
56,train,MIPGAN_II,/nas-ctm01/datasets/public/BIOMETRICS/Face_Morphing/MAD22/original_sorted/MIPGAN_II/006_08-vs-144_08.png,006_08-vs-144_08.png,006_08,144_08,/nas-ctm01/datasets/public/BIOMETRICS/Face_Morphing/MAD22/original_sorted/BonaFide/006_08.jpg,/nas-ctm01/datasets/public/BIOMETRICS/Face_Morphing/MAD22/original_sorted/BonaFide/144_08.jpg
57,train,MIPGAN_II,/nas-ctm01/datasets/public/BIOMETRICS/Face_Morphing/MAD22/original_sorted/MIPGAN_II/007_03-vs-081_03.png,007_03-vs-081_03.png,007_03,081_03,/nas-ctm01/datasets/public/BIOMETRICS/Face_Morphing/MAD22/original_sorted/BonaFide/007_03.jpg,/nas-ctm01/datasets/public/BIOMETRICS/Face_Morphing/MAD22/original_sorted/BonaFide/081_03.jpg
58,train,MIPGAN_II,/nas-ctm01/datasets/public/BIOMETRICS/Face_Morphing/MAD22/original_sorted/MIPGAN_II/007_03-vs-094_03.png,007_03-vs-094_03.png,007_03,094_03,/nas-ctm01/datasets/public/BIOMETRICS/Face_Morphing/MAD22/original_sorted/BonaFide/007_03.jpg,/nas-ctm01/datasets/public/BIOMETRICS/Face_Morphing/MAD22/original_sorted/BonaFide/094_03.jpg
59,train,MIPGAN_II,/nas-ctm01/datasets/public/BIOMETRICS/Face_Morphing/MAD22/original_sorted/MIPGAN_II/007_03-vs-107_03.png,007_03-vs-107_03.png,007_03,107_03,/nas-ctm01/datasets/public/BIOMETRICS/Face_Morphing/MAD22/original_sorted/BonaFide/007_03.jpg,/nas-ctm01/datasets/public/BIOMETRICS/Face_Morphing/MAD22/original_sorted/BonaFide/107_03.jpg
60,train,MIPGAN_II,/nas-ctm01/datasets/public/BIOMETRICS/Face_Morphing/MAD22/original_sorted/MIPGAN_II/007_08-vs-062_08.png,007_08-vs-062_08.png,007_08,062_08,/nas-ctm01/datasets/public/BIOMETRICS/Face_Morphing/MAD22/original_sorted/BonaFide/007_08.jpg,/nas-ctm01/datasets/public/BIOMETRICS/Face_Morphing/MAD22/original_sorted/BonaFide/062_08.jpg
61,train,MIPGAN_II,/nas-ctm01/datasets/public/BIOMETRICS/Face_Morphing/MAD22/original_sorted/MIPGAN_II/007_08-vs-081_08.png,007_08-vs-081_08.png,007_08,081_08,/nas-ctm01/datasets/public/BIOMETRICS/Face_Morphing/MAD22/original_sorted/BonaFide/007_08.jpg,/nas-ctm01/datasets/public/BIOMETRICS/Face_Morphing/MAD22/original_sorted/BonaFide/081_08.jpg
62,train,MIPGAN_II,/nas-ctm01/datasets/public/BIOMETRICS/Face_Morphing/MAD22/original_sorted/MIPGAN_II/007_08-vs-100_08.png,007_08-vs-100_08.png,007_08,100_08,/nas-ctm01/datasets/public/BIOMETRICS/Face_Morphing/MAD22/original_sorted/BonaFide/007_08.jpg,/nas-ctm01/datasets/public/BIOMETRICS/Face_Morphing/MAD22/original_sorted/BonaFide/100_08.jpg
63,train,MIPGAN_II,/nas-ctm01/datasets/public/BIOMETRICS/Face_Morphing/MAD22/original_sorted/MIPGAN_II/007_08-vs-107_08.png,007_08-vs-107_08.png,007_08,107_08,/nas-ctm01/datasets/public/BIOMETRICS/Face_Morphing/MAD22/original_sorted/BonaFide/007_08.jpg,/nas-ctm01/datasets/public/BIOMETRICS/Face_Morphing/MAD22/original_sorted/BonaFide/107_08.jpg
64,train,MIPGAN_II,/nas-ctm01/datasets/public/BIOMETRICS/Face_Morphing/MAD22/original_sorted/MIPGAN_II/008_03-vs-104_03.png,008_03-vs-104_03.png,008_03,104_03,/nas-ctm01/datasets/public/BIOMETRICS/Face_Morphing/MAD22/original_sorted/BonaFide/008_03.jpg,/nas-ctm01/datasets/public/BIOMETRICS/Face_Morphing/MAD22/original_sorted/BonaFide/104_03.jpg
65,train,MIPGAN_II,/nas-ctm01/datasets/public/BIOMETRICS/Face_Morphing/MAD22/original_sorted/MIPGAN_II/008_03-vs-108_03.png,008_03-vs-108_03.png,008_03,108_03,/nas-ctm01/datasets/public/BIOMETRICS/Face_Morphing/MAD22/original_sorted/BonaFide/008_03.jpg,/nas-ctm01/datasets/public/BIOMETRICS/Face_Morphing/MAD22/original_sorted/BonaFide/108_03.jpg
66,train,MIPGAN_II,/nas-ctm01/datasets/public/BIOMETRICS/Face_Morphing/MAD22/original_sorted/MIPGAN_II/008_03-vs-143_03.png,008_03-vs-143_03.png,008_03,143_03,/nas-ctm01/datasets/public/BIOMETRICS/Face_Morphing/MAD22/original_sorted/BonaFide/008_03.jpg,/nas-ctm01/datasets/public/BIOMETRICS/Face_Morphing/MAD22/original_sorted/BonaFide/143_03.jpg
67,train,MIPGAN_II,/nas-ctm01/datasets/public/BIOMETRICS/Face_Morphing/MAD22/original_sorted/MIPGAN_II/009_03-vs-014_03.png,009_03-vs-014_03.png,009_03,014_03,/nas-ctm01/datasets/public/BIOMETRICS/Face_Morphing/MAD22/original_sorted/BonaFide/009_03.jpg,/nas-ctm01/datasets/public/BIOMETRICS/Face_Morphing/MAD22/original_sorted/BonaFide/014_03.jpg
68,train,MIPGAN_II,/nas-ctm01/datasets/public/BIOMETRICS/Face_Morphing/MAD22/original_sorted/MIPGAN_II/009_03-vs-027_03.png,009_03-vs-027_03.png,009_03,027_03,/nas-ctm01/datasets/public/BIOMETRICS/Face_Morphing/MAD22/original_sorted/BonaFide/009_03.jpg,/nas-ctm01/datasets/public/BIOMETRICS/Face_Morphing/MAD22/original_sorted/BonaFide/027_03.jpg
69,train,MIPGAN_II,/nas-ctm01/datasets/public/BIOMETRICS/Face_Morphing/MAD22/original_sorted/MIPGAN_II/009_03-vs-039_03.png,009_03-vs-039_03.png,009_03,039_03,/nas-ctm01/datasets/public/BIOMETRICS/Face_Morphing/MAD22/original_sorted/BonaFide/009_03.jpg,/nas-ctm01/datasets/public/BIOMETRICS/Face_Morphing/MAD22/original_sorted/BonaFide/039_03.jpg
70,train,MIPGAN_II,/nas-ctm01/datasets/public/BIOMETRICS/Face_Morphing/MAD22/original_sorted/MIPGAN_II/009_03-vs-066_03.png,009_03-vs-066_03.png,009_03,066_03,/nas-ctm01/datasets/public/BIOMETRICS/Face_Morphing/MAD22/original_sorted/BonaFide/009_03.jpg,/nas-ctm01/datasets/public/BIOMETRICS/Face_Morphing/MAD22/original_sorted/BonaFide/066_03.jpg
71,train,MIPGAN_II,/nas-ctm01/datasets/public/BIOMETRICS/Face_Morphing/MAD22/original_sorted/MIPGAN_II/009_03-vs-107_03.png,009_03-vs-107_03.png,009_03,107_03,/nas-ctm01/datasets/public/BIOMETRICS/Face_Morphing/MAD22/original_sorted/BonaFide/009_03.jpg,/nas-ctm01/datasets/public/BIOMETRICS/Face_Morphing/MAD22/original_sorted/BonaFide/107_03.jpg
72,train,MIPGAN_II,/nas-ctm01/datasets/public/BIOMETRICS/Face_Morphing/MAD22/original_sorted/MIPGAN_II/009_03-vs-112_03.png,009_03-vs-112_03.png,009_03,112_03,/nas-ctm01/datasets/public/BIOMETRICS/Face_Morphing/MAD22/original_sorted/BonaFide/009_03.jpg,/nas-ctm01/datasets/public/BIOMETRICS/Face_Morphing/MAD22/original_sorted/BonaFide/112_03.jpg
73,train,MIPGAN_II,/nas-ctm01/datasets/public/BIOMETRICS/Face_Morphing/MAD22/original_sorted/MIPGAN_II/009_08-vs-062_08.png,009_08-vs-062_08.png,009_08,062_08,/nas-ctm01/datasets/public/BIOMETRICS/Face_Morphing/MAD22/original_sorted/BonaFide/009_08.jpg,/nas-ctm01/datasets/public/BIOMETRICS/Face_Morphing/MAD22/original_sorted/BonaFide/062_08.jpg
74,train,MIPGAN_II,/nas-ctm01/datasets/public/BIOMETRICS/Face_Morphing/MAD22/original_sorted/MIPGAN_II/009_08-vs-090_08.png,009_08-vs-090_08.png,009_08,090_08,/nas-ctm01/datasets/public/BIOMETRICS/Face_Morphing/MAD22/original_sorted/BonaFide/009_08.jpg,/nas-ctm01/datasets/public/BIOMETRICS/Face_Morphing/MAD22/original_sorted/BonaFide/090_08.jpg
75,train,MIPGAN_II,/nas-ctm01/datasets/public/BIOMETRICS/Face_Morphing/MAD22/original_sorted/MIPGAN_II/009_08-vs-112_08.png,009_08-vs-112_08.png,009_08,112_08,/nas-ctm01/datasets/public/BIOMETRICS/Face_Morphing/MAD22/original_sorted/BonaFide/009_08.jpg,/nas-ctm01/datasets/public/BIOMETRICS/Face_Morphing/MAD22/original_sorted/BonaFide/112_08.jpg
76,train,MIPGAN_II,/nas-ctm01/datasets/public/BIOMETRICS/Face_Morphing/MAD22/original_sorted/MIPGAN_II/009_08-vs-135_08.png,009_08-vs-135_08.png,009_08,135_08,/nas-ctm01/datasets/public/BIOMETRICS/Face_Morphing/MAD22/original_sorted/BonaFide/009_08.jpg,/nas-ctm01/datasets/public/BIOMETRICS/Face_Morphing/MAD22/original_sorted/BonaFide/135_08.jpg
77,train,MIPGAN_II,/nas-ctm01/datasets/public/BIOMETRICS/Face_Morphing/MAD22/original_sorted/MIPGAN_II/009_08-vs-144_08.png,009_08-vs-144_08.png,009_08,144_08,/nas-ctm01/datasets/public/BIOMETRICS/Face_Morphing/MAD22/original_sorted/BonaFide/009_08.jpg,/nas-ctm01/datasets/public/BIOMETRICS/Face_Morphing/MAD22/original_sorted/BonaFide/144_08.jpg
78,train,MIPGAN_II,/nas-ctm01/datasets/public/BIOMETRICS/Face_Morphing/MAD22/original_sorted/MIPGAN_II/010_08-vs-020_08.png,010_08-vs-020_08.png,010_08,020_08,/nas-ctm01/datasets/public/BIOMETRICS/Face_Morphing/MAD22/original_sorted/BonaFide/010_08.jpg,/nas-ctm01/datasets/public/BIOMETRICS/Face_Morphing/MAD22/original_sorted/BonaFide/020_08.jpg
79,train,MIPGAN_II,/nas-ctm01/datasets/public/BIOMETRICS/Face_Morphing/MAD22/original_sorted/MIPGAN_II/010_08-vs-030_08.png,010_08-vs-030_08.png,010_08,030_08,/nas-ctm01/datasets/public/BIOMETRICS/Face_Morphing/MAD22/original_sorted/BonaFide/010_08.jpg,/nas-ctm01/datasets/public/BIOMETRICS/Face_Morphing/MAD22/original_sorted/BonaFide/030_08.jpg
80,train,MIPGAN_II,/nas-ctm01/datasets/public/BIOMETRICS/Face_Morphing/MAD22/original_sorted/MIPGAN_II/010_08-vs-039_08.png,010_08-vs-039_08.png,010_08,039_08,/nas-ctm01/datasets/public/BIOMETRICS/Face_Morphing/MAD22/original_sorted/BonaFide/010_08.jpg,/nas-ctm01/datasets/public/BIOMETRICS/Face_Morphing/MAD22/original_sorted/BonaFide/039_08.jpg
81,train,MIPGAN_II,/nas-ctm01/datasets/public/BIOMETRICS/Face_Morphing/MAD22/original_sorted/MIPGAN_II/010_08-vs-136_08.png,010_08-vs-136_08.png,010_08,136_08,/nas-ctm01/datasets/public/BIOMETRICS/Face_Morphing/MAD22/original_sorted/BonaFide/010_08.jpg,/nas-ctm01/datasets/public/BIOMETRICS/Face_Morphing/MAD22/original_sorted/BonaFide/136_08.jpg
82,train,MIPGAN_II,/nas-ctm01/datasets/public/BIOMETRICS/Face_Morphing/MAD22/original_sorted/MIPGAN_II/011_03-vs-032_03.png,011_03-vs-032_03.png,011_03,032_03,/nas-ctm01/datasets/public/BIOMETRICS/Face_Morphing/MAD22/original_sorted/BonaFide/011_03.jpg,/nas-ctm01/datasets/public/BIOMETRICS/Face_Morphing/MAD22/original_sorted/BonaFide/032_03.jpg
83,train,MIPGAN_II,/nas-ctm01/datasets/public/BIOMETRICS/Face_Morphing/MAD22/original_sorted/MIPGAN_II/011_03-vs-062_03.png,011_03-vs-062_03.png,011_03,062_03,/nas-ctm01/datasets/public/BIOMETRICS/Face_Morphing/MAD22/original_sorted/BonaFide/011_03.jpg,/nas-ctm01/datasets/public/BIOMETRICS/Face_Morphing/MAD22/original_sorted/BonaFide/062_03.jpg
84,train,MIPGAN_II,/nas-ctm01/datasets/public/BIOMETRICS/Face_Morphing/MAD22/original_sorted/MIPGAN_II/011_03-vs-081_03.png,011_03-vs-081_03.png,011_03,081_03,/nas-ctm01/datasets/public/BIOMETRICS/Face_Morphing/MAD22/original_sorted/BonaFide/011_03.jpg,/nas-ctm01/datasets/public/BIOMETRICS/Face_Morphing/MAD22/original_sorted/BonaFide/081_03.jpg
85,train,MIPGAN_II,/nas-ctm01/datasets/public/BIOMETRICS/Face_Morphing/MAD22/original_sorted/MIPGAN_II/011_03-vs-135_03.png,011_03-vs-135_03.png,011_03,135_03,/nas-ctm01/datasets/public/BIOMETRICS/Face_Morphing/MAD22/original_sorted/BonaFide/011_03.jpg,/nas-ctm01/datasets/public/BIOMETRICS/Face_Morphing/MAD22/original_sorted/BonaFide/135_03.jpg
86,train,MIPGAN_II,/nas-ctm01/datasets/public/BIOMETRICS/Face_Morphing/MAD22/original_sorted/MIPGAN_II/011_08-vs-032_08.png,011_08-vs-032_08.png,011_08,032_08,/nas-ctm01/datasets/public/BIOMETRICS/Face_Morphing/MAD22/original_sorted/BonaFide/011_08.jpg,/nas-ctm01/datasets/public/BIOMETRICS/Face_Morphing/MAD22/original_sorted/BonaFide/032_08.jpg
87,train,MIPGAN_II,/nas-ctm01/datasets/public/BIOMETRICS/Face_Morphing/MAD22/original_sorted/MIPGAN_II/012_03-vs-037_03.png,012_03-vs-037_03.png,012_03,037_03,/nas-ctm01/datasets/public/BIOMETRICS/Face_Morphing/MAD22/original_sorted/BonaFide/012_03.jpg,/nas-ctm01/datasets/public/BIOMETRICS/Face_Morphing/MAD22/original_sorted/BonaFide/037_03.jpg
88,train,MIPGAN_II,/nas-ctm01/datasets/public/BIOMETRICS/Face_Morphing/MAD22/original_sorted/MIPGAN_II/012_03-vs-096_03.png,012_03-vs-096_03.png,012_03,096_03,/nas-ctm01/datasets/public/BIOMETRICS/Face_Morphing/MAD22/original_sorted/BonaFide/012_03.jpg,/nas-ctm01/datasets/public/BIOMETRICS/Face_Morphing/MAD22/original_sorted/BonaFide/096_03.jpg
89,train,MIPGAN_II,/nas-ctm01/datasets/public/BIOMETRICS/Face_Morphing/MAD22/original_sorted/MIPGAN_II/012_08-vs-104_08.png,012_08-vs-104_08.png,012_08,104_08,/nas-ctm01/datasets/public/BIOMETRICS/Face_Morphing/MAD22/original_sorted/BonaFide/012_08.jpg,/nas-ctm01/datasets/public/BIOMETRICS/Face_Morphing/MAD22/original_sorted/BonaFide/104_08.jpg
90,train,MIPGAN_II,/nas-ctm01/datasets/public/BIOMETRICS/Face_Morphing/MAD22/original_sorted/MIPGAN_II/012_08-vs-130_08.png,012_08-vs-130_08.png,012_08,130_08,/nas-ctm01/datasets/public/BIOMETRICS/Face_Morphing/MAD22/original_sorted/BonaFide/012_08.jpg,/nas-ctm01/datasets/public/BIOMETRICS/Face_Morphing/MAD22/original_sorted/BonaFide/130_08.jpg
91,train,MIPGAN_II,/nas-ctm01/datasets/public/BIOMETRICS/Face_Morphing/MAD22/original_sorted/MIPGAN_II/012_08-vs-143_08.png,012_08-vs-143_08.png,012_08,143_08,/nas-ctm01/datasets/public/BIOMETRICS/Face_Morphing/MAD22/original_sorted/BonaFide/012_08.jpg,/nas-ctm01/datasets/public/BIOMETRICS/Face_Morphing/MAD22/original_sorted/BonaFide/143_08.jpg
92,train,MIPGAN_II,/nas-ctm01/datasets/public/BIOMETRICS/Face_Morphing/MAD22/original_sorted/MIPGAN_II/013_03-vs-016_03.png,013_03-vs-016_03.png,013_03,016_03,/nas-ctm01/datasets/public/BIOMETRICS/Face_Morphing/MAD22/original_sorted/BonaFide/013_03.jpg,/nas-ctm01/datasets/public/BIOMETRICS/Face_Morphing/MAD22/original_sorted/BonaFide/016_03.jpg
93,train,MIPGAN_II,/nas-ctm01/datasets/public/BIOMETRICS/Face_Morphing/MAD22/original_sorted/MIPGAN_II/013_03-vs-020_03.png,013_03-vs-020_03.png,013_03,020_03,/nas-ctm01/datasets/public/BIOMETRICS/Face_Morphing/MAD22/original_sorted/BonaFide/013_03.jpg,/nas-ctm01/datasets/public/BIOMETRICS/Face_Morphing/MAD22/original_sorted/BonaFide/020_03.jpg
94,train,MIPGAN_II,/nas-ctm01/datasets/public/BIOMETRICS/Face_Morphing/MAD22/original_sorted/MIPGAN_II/013_03-vs-038_03.png,013_03-vs-038_03.png,013_03,038_03,/nas-ctm01/datasets/public/BIOMETRICS/Face_Morphing/MAD22/original_sorted/BonaFide/013_03.jpg,/nas-ctm01/datasets/public/BIOMETRICS/Face_Morphing/MAD22/original_sorted/BonaFide/038_03.jpg
95,train,MIPGAN_II,/nas-ctm01/datasets/public/BIOMETRICS/Face_Morphing/MAD22/original_sorted/MIPGAN_II/013_03-vs-081_03.png,013_03-vs-081_03.png,013_03,081_03,/nas-ctm01/datasets/public/BIOMETRICS/Face_Morphing/MAD22/original_sorted/BonaFide/013_03.jpg,/nas-ctm01/datasets/public/BIOMETRICS/Face_Morphing/MAD22/original_sorted/BonaFide/081_03.jpg
96,train,MIPGAN_II,/nas-ctm01/datasets/public/BIOMETRICS/Face_Morphing/MAD22/original_sorted/MIPGAN_II/013_08-vs-030_08.png,013_08-vs-030_08.png,013_08,030_08,/nas-ctm01/datasets/public/BIOMETRICS/Face_Morphing/MAD22/original_sorted/BonaFide/013_08.jpg,/nas-ctm01/datasets/public/BIOMETRICS/Face_Morphing/MAD22/original_sorted/BonaFide/030_08.jpg
97,train,MIPGAN_II,/nas-ctm01/datasets/public/BIOMETRICS/Face_Morphing/MAD22/original_sorted/MIPGAN_II/013_08-vs-038_08.png,013_08-vs-038_08.png,013_08,038_08,/nas-ctm01/datasets/public/BIOMETRICS/Face_Morphing/MAD22/original_sorted/BonaFide/013_08.jpg,/nas-ctm01/datasets/public/BIOMETRICS/Face_Morphing/MAD22/original_sorted/BonaFide/038_08.jpg
98,train,MIPGAN_II,/nas-ctm01/datasets/public/BIOMETRICS/Face_Morphing/MAD22/original_sorted/MIPGAN_II/013_08-vs-066_08.png,013_08-vs-066_08.png,013_08,066_08,/nas-ctm01/datasets/public/BIOMETRICS/Face_Morphing/MAD22/original_sorted/BonaFide/013_08.jpg,/nas-ctm01/datasets/public/BIOMETRICS/Face_Morphing/MAD22/original_sorted/BonaFide/066_08.jpg
99,train,MIPGAN_II,/nas-ctm01/datasets/public/BIOMETRICS/Face_Morphing/MAD22/original_sorted/MIPGAN_II/013_08-vs-097_08.png,013_08-vs-097_08.png,013_08,097_08,/nas-ctm01/datasets/public/BIOMETRICS/Face_Morphing/MAD22/original_sorted/BonaFide/013_08.jpg,/nas-ctm01/datasets/public/BIOMETRICS/Face_Morphing/MAD22/original_sorted/BonaFide/097_08.jpg
100,train,MIPGAN_II,/nas-ctm01/datasets/public/BIOMETRICS/Face_Morphing/MAD22/original_sorted/MIPGAN_II/014_03-vs-030_03.png,014_03-vs-030_03.png,014_03,030_03,/nas-ctm01/datasets/public/BIOMETRICS/Face_Morphing/MAD22/original_sorted/BonaFide/014_03.jpg,/nas-ctm01/datasets/public/BIOMETRICS/Face_Morphing/MAD22/original_sorted/BonaFide/030_03.jpg
101,train,MIPGAN_II,/nas-ctm01/datasets/public/BIOMETRICS/Face_Morphing/MAD22/original_sorted/MIPGAN_II/014_03-vs-038_03.png,014_03-vs-038_03.png,014_03,038_03,/nas-ctm01/datasets/public/BIOMETRICS/Face_Morphing/MAD22/original_sorted/BonaFide/014_03.jpg,/nas-ctm01/datasets/public/BIOMETRICS/Face_Morphing/MAD22/original_sorted/BonaFide/038_03.jpg
102,train,MIPGAN_II,/nas-ctm01/datasets/public/BIOMETRICS/Face_Morphing/MAD22/original_sorted/MIPGAN_II/014_03-vs-139_03.png,014_03-vs-139_03.png,014_03,139_03,/nas-ctm01/datasets/public/BIOMETRICS/Face_Morphing/MAD22/original_sorted/BonaFide/014_03.jpg,/nas-ctm01/datasets/public/BIOMETRICS/Face_Morphing/MAD22/original_sorted/BonaFide/139_03.jpg
103,train,MIPGAN_II,/nas-ctm01/datasets/public/BIOMETRICS/Face_Morphing/MAD22/original_sorted/MIPGAN_II/014_08-vs-019_08.png,014_08-vs-019_08.png,014_08,019_08,/nas-ctm01/datasets/public/BIOMETRICS/Face_Morphing/MAD22/original_sorted/BonaFide/014_08.jpg,/nas-ctm01/datasets/public/BIOMETRICS/Face_Morphing/MAD22/original_sorted/BonaFide/019_08.jpg
104,train,MIPGAN_II,/nas-ctm01/datasets/public/BIOMETRICS/Face_Morphing/MAD22/original_sorted/MIPGAN_II/014_08-vs-038_08.png,014_08-vs-038_08.png,014_08,038_08,/nas-ctm01/datasets/public/BIOMETRICS/Face_Morphing/MAD22/original_sorted/BonaFide/014_08.jpg,/nas-ctm01/datasets/public/BIOMETRICS/Face_Morphing/MAD22/original_sorted/BonaFide/038_08.jpg
105,train,MIPGAN_II,/nas-ctm01/datasets/public/BIOMETRICS/Face_Morphing/MAD22/original_sorted/MIPGAN_II/016_03-vs-094_03.png,016_03-vs-094_03.png,016_03,094_03,/nas-ctm01/datasets/public/BIOMETRICS/Face_Morphing/MAD22/original_sorted/BonaFide/016_03.jpg,/nas-ctm01/datasets/public/BIOMETRICS/Face_Morphing/MAD22/original_sorted/BonaFide/094_03.jpg
106,train,MIPGAN_II,/nas-ctm01/datasets/public/BIOMETRICS/Face_Morphing/MAD22/original_sorted/MIPGAN_II/016_08-vs-025_08.png,016_08-vs-025_08.png,016_08,025_08,/nas-ctm01/datasets/public/BIOMETRICS/Face_Morphing/MAD22/original_sorted/BonaFide/016_08.jpg,/nas-ctm01/datasets/public/BIOMETRICS/Face_Morphing/MAD22/original_sorted/BonaFide/025_08.jpg
107,train,MIPGAN_II,/nas-ctm01/datasets/public/BIOMETRICS/Face_Morphing/MAD22/original_sorted/MIPGAN_II/016_08-vs-081_08.png,016_08-vs-081_08.png,016_08,081_08,/nas-ctm01/datasets/public/BIOMETRICS/Face_Morphing/MAD22/original_sorted/BonaFide/016_08.jpg,/nas-ctm01/datasets/public/BIOMETRICS/Face_Morphing/MAD22/original_sorted/BonaFide/081_08.jpg
108,train,MIPGAN_II,/nas-ctm01/datasets/public/BIOMETRICS/Face_Morphing/MAD22/original_sorted/MIPGAN_II/016_08-vs-099_08.png,016_08-vs-099_08.png,016_08,099_08,/nas-ctm01/datasets/public/BIOMETRICS/Face_Morphing/MAD22/original_sorted/BonaFide/016_08.jpg,/nas-ctm01/datasets/public/BIOMETRICS/Face_Morphing/MAD22/original_sorted/BonaFide/099_08.jpg
109,train,MIPGAN_II,/nas-ctm01/datasets/public/BIOMETRICS/Face_Morphing/MAD22/original_sorted/MIPGAN_II/017_03-vs-024_03.png,017_03-vs-024_03.png,017_03,024_03,/nas-ctm01/datasets/public/BIOMETRICS/Face_Morphing/MAD22/original_sorted/BonaFide/017_03.jpg,/nas-ctm01/datasets/public/BIOMETRICS/Face_Morphing/MAD22/original_sorted/BonaFide/024_03.jpg
110,train,MIPGAN_II,/nas-ctm01/datasets/public/BIOMETRICS/Face_Morphing/MAD22/original_sorted/MIPGAN_II/017_03-vs-036_03.png,017_03-vs-036_03.png,017_03,036_03,/nas-ctm01/datasets/public/BIOMETRICS/Face_Morphing/MAD22/original_sorted/BonaFide/017_03.jpg,/nas-ctm01/datasets/public/BIOMETRICS/Face_Morphing/MAD22/original_sorted/BonaFide/036_03.jpg
111,train,MIPGAN_II,/nas-ctm01/datasets/public/BIOMETRICS/Face_Morphing/MAD22/original_sorted/MIPGAN_II/017_03-vs-068_03.png,017_03-vs-068_03.png,017_03,068_03,/nas-ctm01/datasets/public/BIOMETRICS/Face_Morphing/MAD22/original_sorted/BonaFide/017_03.jpg,/nas-ctm01/datasets/public/BIOMETRICS/Face_Morphing/MAD22/original_sorted/BonaFide/068_03.jpg
112,train,MIPGAN_II,/nas-ctm01/datasets/public/BIOMETRICS/Face_Morphing/MAD22/original_sorted/MIPGAN_II/017_03-vs-101_03.png,017_03-vs-101_03.png,017_03,101_03,/nas-ctm01/datasets/public/BIOMETRICS/Face_Morphing/MAD22/original_sorted/BonaFide/017_03.jpg,/nas-ctm01/datasets/public/BIOMETRICS/Face_Morphing/MAD22/original_sorted/BonaFide/101_03.jpg
113,train,MIPGAN_II,/nas-ctm01/datasets/public/BIOMETRICS/Face_Morphing/MAD22/original_sorted/MIPGAN_II/017_03-vs-140_03.png,017_03-vs-140_03.png,017_03,140_03,/nas-ctm01/datasets/public/BIOMETRICS/Face_Morphing/MAD22/original_sorted/BonaFide/017_03.jpg,/nas-ctm01/datasets/public/BIOMETRICS/Face_Morphing/MAD22/original_sorted/BonaFide/140_03.jpg
114,train,MIPGAN_II,/nas-ctm01/datasets/public/BIOMETRICS/Face_Morphing/MAD22/original_sorted/MIPGAN_II/017_08-vs-130_08.png,017_08-vs-130_08.png,017_08,130_08,/nas-ctm01/datasets/public/BIOMETRICS/Face_Morphing/MAD22/original_sorted/BonaFide/017_08.jpg,/nas-ctm01/datasets/public/BIOMETRICS/Face_Morphing/MAD22/original_sorted/BonaFide/130_08.jpg
115,train,MIPGAN_II,/nas-ctm01/datasets/public/BIOMETRICS/Face_Morphing/MAD22/original_sorted/MIPGAN_II/018_03-vs-063_03.png,018_03-vs-063_03.png,018_03,063_03,/nas-ctm01/datasets/public/BIOMETRICS/Face_Morphing/MAD22/original_sorted/BonaFide/018_03.jpg,/nas-ctm01/datasets/public/BIOMETRICS/Face_Morphing/MAD22/original_sorted/BonaFide/063_03.jpg
116,train,MIPGAN_II,/nas-ctm01/datasets/public/BIOMETRICS/Face_Morphing/MAD22/original_sorted/MIPGAN_II/018_03-vs-101_03.png,018_03-vs-101_03.png,018_03,101_03,/nas-ctm01/datasets/public/BIOMETRICS/Face_Morphing/MAD22/original_sorted/BonaFide/018_03.jpg,/nas-ctm01/datasets/public/BIOMETRICS/Face_Morphing/MAD22/original_sorted/BonaFide/101_03.jpg
117,train,MIPGAN_II,/nas-ctm01/datasets/public/BIOMETRICS/Face_Morphing/MAD22/original_sorted/MIPGAN_II/018_03-vs-114_03.png,018_03-vs-114_03.png,018_03,114_03,/nas-ctm01/datasets/public/BIOMETRICS/Face_Morphing/MAD22/original_sorted/BonaFide/018_03.jpg,/nas-ctm01/datasets/public/BIOMETRICS/Face_Morphing/MAD22/original_sorted/BonaFide/114_03.jpg
118,train,MIPGAN_II,/nas-ctm01/datasets/public/BIOMETRICS/Face_Morphing/MAD22/original_sorted/MIPGAN_II/018_03-vs-121_03.png,018_03-vs-121_03.png,018_03,121_03,/nas-ctm01/datasets/public/BIOMETRICS/Face_Morphing/MAD22/original_sorted/BonaFide/018_03.jpg,/nas-ctm01/datasets/public/BIOMETRICS/Face_Morphing/MAD22/original_sorted/BonaFide/121_03.jpg
119,train,MIPGAN_II,/nas-ctm01/datasets/public/BIOMETRICS/Face_Morphing/MAD22/original_sorted/MIPGAN_II/018_03-vs-131_03.png,018_03-vs-131_03.png,018_03,131_03,/nas-ctm01/datasets/public/BIOMETRICS/Face_Morphing/MAD22/original_sorted/BonaFide/018_03.jpg,/nas-ctm01/datasets/public/BIOMETRICS/Face_Morphing/MAD22/original_sorted/BonaFide/131_03.jpg
120,train,MIPGAN_II,/nas-ctm01/datasets/public/BIOMETRICS/Face_Morphing/MAD22/original_sorted/MIPGAN_II/018_03-vs-132_03.png,018_03-vs-132_03.png,018_03,132_03,/nas-ctm01/datasets/public/BIOMETRICS/Face_Morphing/MAD22/original_sorted/BonaFide/018_03.jpg,/nas-ctm01/datasets/public/BIOMETRICS/Face_Morphing/MAD22/original_sorted/BonaFide/132_03.jpg
121,train,MIPGAN_II,/nas-ctm01/datasets/public/BIOMETRICS/Face_Morphing/MAD22/original_sorted/MIPGAN_II/018_03-vs-138_03.png,018_03-vs-138_03.png,018_03,138_03,/nas-ctm01/datasets/public/BIOMETRICS/Face_Morphing/MAD22/original_sorted/BonaFide/018_03.jpg,/nas-ctm01/datasets/public/BIOMETRICS/Face_Morphing/MAD22/original_sorted/BonaFide/138_03.jpg
122,train,MIPGAN_II,/nas-ctm01/datasets/public/BIOMETRICS/Face_Morphing/MAD22/original_sorted/MIPGAN_II/018_03-vs-140_03.png,018_03-vs-140_03.png,018_03,140_03,/nas-ctm01/datasets/public/BIOMETRICS/Face_Morphing/MAD22/original_sorted/BonaFide/018_03.jpg,/nas-ctm01/datasets/public/BIOMETRICS/Face_Morphing/MAD22/original_sorted/BonaFide/140_03.jpg
123,train,MIPGAN_II,/nas-ctm01/datasets/public/BIOMETRICS/Face_Morphing/MAD22/original_sorted/MIPGAN_II/018_08-vs-045_08.png,018_08-vs-045_08.png,018_08,045_08,/nas-ctm01/datasets/public/BIOMETRICS/Face_Morphing/MAD22/original_sorted/BonaFide/018_08.jpg,/nas-ctm01/datasets/public/BIOMETRICS/Face_Morphing/MAD22/original_sorted/BonaFide/045_08.jpg
124,train,MIPGAN_II,/nas-ctm01/datasets/public/BIOMETRICS/Face_Morphing/MAD22/original_sorted/MIPGAN_II/018_08-vs-069_08.png,018_08-vs-069_08.png,018_08,069_08,/nas-ctm01/datasets/public/BIOMETRICS/Face_Morphing/MAD22/original_sorted/BonaFide/018_08.jpg,/nas-ctm01/datasets/public/BIOMETRICS/Face_Morphing/MAD22/original_sorted/BonaFide/069_08.jpg
125,train,MIPGAN_II,/nas-ctm01/datasets/public/BIOMETRICS/Face_Morphing/MAD22/original_sorted/MIPGAN_II/018_08-vs-092_08.png,018_08-vs-092_08.png,018_08,092_08,/nas-ctm01/datasets/public/BIOMETRICS/Face_Morphing/MAD22/original_sorted/BonaFide/018_08.jpg,/nas-ctm01/datasets/public/BIOMETRICS/Face_Morphing/MAD22/original_sorted/BonaFide/092_08.jpg
126,train,MIPGAN_II,/nas-ctm01/datasets/public/BIOMETRICS/Face_Morphing/MAD22/original_sorted/MIPGAN_II/018_08-vs-121_08.png,018_08-vs-121_08.png,018_08,121_08,/nas-ctm01/datasets/public/BIOMETRICS/Face_Morphing/MAD22/original_sorted/BonaFide/018_08.jpg,/nas-ctm01/datasets/public/BIOMETRICS/Face_Morphing/MAD22/original_sorted/BonaFide/121_08.jpg
127,train,MIPGAN_II,/nas-ctm01/datasets/public/BIOMETRICS/Face_Morphing/MAD22/original_sorted/MIPGAN_II/018_08-vs-132_08.png,018_08-vs-132_08.png,018_08,132_08,/nas-ctm01/datasets/public/BIOMETRICS/Face_Morphing/MAD22/original_sorted/BonaFide/018_08.jpg,/nas-ctm01/datasets/public/BIOMETRICS/Face_Morphing/MAD22/original_sorted/BonaFide/132_08.jpg
128,train,MIPGAN_II,/nas-ctm01/datasets/public/BIOMETRICS/Face_Morphing/MAD22/original_sorted/MIPGAN_II/018_08-vs-140_08.png,018_08-vs-140_08.png,018_08,140_08,/nas-ctm01/datasets/public/BIOMETRICS/Face_Morphing/MAD22/original_sorted/BonaFide/018_08.jpg,/nas-ctm01/datasets/public/BIOMETRICS/Face_Morphing/MAD22/original_sorted/BonaFide/140_08.jpg
129,train,MIPGAN_II,/nas-ctm01/datasets/public/BIOMETRICS/Face_Morphing/MAD22/original_sorted/MIPGAN_II/018_08-vs-172_08.png,018_08-vs-172_08.png,018_08,172_08,/nas-ctm01/datasets/public/BIOMETRICS/Face_Morphing/MAD22/original_sorted/BonaFide/018_08.jpg,/nas-ctm01/datasets/public/BIOMETRICS/Face_Morphing/MAD22/original_sorted/BonaFide/172_08.jpg
130,train,MIPGAN_II,/nas-ctm01/datasets/public/BIOMETRICS/Face_Morphing/MAD22/original_sorted/MIPGAN_II/019_03-vs-027_03.png,019_03-vs-027_03.png,019_03,027_03,/nas-ctm01/datasets/public/BIOMETRICS/Face_Morphing/MAD22/original_sorted/BonaFide/019_03.jpg,/nas-ctm01/datasets/public/BIOMETRICS/Face_Morphing/MAD22/original_sorted/BonaFide/027_03.jpg
131,train,MIPGAN_II,/nas-ctm01/datasets/public/BIOMETRICS/Face_Morphing/MAD22/original_sorted/MIPGAN_II/019_03-vs-097_03.png,019_03-vs-097_03.png,019_03,097_03,/nas-ctm01/datasets/public/BIOMETRICS/Face_Morphing/MAD22/original_sorted/BonaFide/019_03.jpg,/nas-ctm01/datasets/public/BIOMETRICS/Face_Morphing/MAD22/original_sorted/BonaFide/097_03.jpg
132,train,MIPGAN_II,/nas-ctm01/datasets/public/BIOMETRICS/Face_Morphing/MAD22/original_sorted/MIPGAN_II/019_03-vs-100_03.png,019_03-vs-100_03.png,019_03,100_03,/nas-ctm01/datasets/public/BIOMETRICS/Face_Morphing/MAD22/original_sorted/BonaFide/019_03.jpg,/nas-ctm01/datasets/public/BIOMETRICS/Face_Morphing/MAD22/original_sorted/BonaFide/100_03.jpg
133,train,MIPGAN_II,/nas-ctm01/datasets/public/BIOMETRICS/Face_Morphing/MAD22/original_sorted/MIPGAN_II/019_03-vs-122_03.png,019_03-vs-122_03.png,019_03,122_03,/nas-ctm01/datasets/public/BIOMETRICS/Face_Morphing/MAD22/original_sorted/BonaFide/019_03.jpg,/nas-ctm01/datasets/public/BIOMETRICS/Face_Morphing/MAD22/original_sorted/BonaFide/122_03.jpg
134,train,MIPGAN_II,/nas-ctm01/datasets/public/BIOMETRICS/Face_Morphing/MAD22/original_sorted/MIPGAN_II/019_03-vs-139_03.png,019_03-vs-139_03.png,019_03,139_03,/nas-ctm01/datasets/public/BIOMETRICS/Face_Morphing/MAD22/original_sorted/BonaFide/019_03.jpg,/nas-ctm01/datasets/public/BIOMETRICS/Face_Morphing/MAD22/original_sorted/BonaFide/139_03.jpg
135,train,MIPGAN_II,/nas-ctm01/datasets/public/BIOMETRICS/Face_Morphing/MAD22/original_sorted/MIPGAN_II/019_08-vs-027_08.png,019_08-vs-027_08.png,019_08,027_08,/nas-ctm01/datasets/public/BIOMETRICS/Face_Morphing/MAD22/original_sorted/BonaFide/019_08.jpg,/nas-ctm01/datasets/public/BIOMETRICS/Face_Morphing/MAD22/original_sorted/BonaFide/027_08.jpg
136,train,MIPGAN_II,/nas-ctm01/datasets/public/BIOMETRICS/Face_Morphing/MAD22/original_sorted/MIPGAN_II/019_08-vs-083_08.png,019_08-vs-083_08.png,019_08,083_08,/nas-ctm01/datasets/public/BIOMETRICS/Face_Morphing/MAD22/original_sorted/BonaFide/019_08.jpg,/nas-ctm01/datasets/public/BIOMETRICS/Face_Morphing/MAD22/original_sorted/BonaFide/083_08.jpg
137,train,MIPGAN_II,/nas-ctm01/datasets/public/BIOMETRICS/Face_Morphing/MAD22/original_sorted/MIPGAN_II/019_08-vs-122_08.png,019_08-vs-122_08.png,019_08,122_08,/nas-ctm01/datasets/public/BIOMETRICS/Face_Morphing/MAD22/original_sorted/BonaFide/019_08.jpg,/nas-ctm01/datasets/public/BIOMETRICS/Face_Morphing/MAD22/original_sorted/BonaFide/122_08.jpg
138,train,MIPGAN_II,/nas-ctm01/datasets/public/BIOMETRICS/Face_Morphing/MAD22/original_sorted/MIPGAN_II/020_03-vs-064_03.png,020_03-vs-064_03.png,020_03,064_03,/nas-ctm01/datasets/public/BIOMETRICS/Face_Morphing/MAD22/original_sorted/BonaFide/020_03.jpg,/nas-ctm01/datasets/public/BIOMETRICS/Face_Morphing/MAD22/original_sorted/BonaFide/064_03.jpg
139,train,MIPGAN_II,/nas-ctm01/datasets/public/BIOMETRICS/Face_Morphing/MAD22/original_sorted/MIPGAN_II/020_08-vs-102_08.png,020_08-vs-102_08.png,020_08,102_08,/nas-ctm01/datasets/public/BIOMETRICS/Face_Morphing/MAD22/original_sorted/BonaFide/020_08.jpg,/nas-ctm01/datasets/public/BIOMETRICS/Face_Morphing/MAD22/original_sorted/BonaFide/102_08.jpg
140,train,MIPGAN_II,/nas-ctm01/datasets/public/BIOMETRICS/Face_Morphing/MAD22/original_sorted/MIPGAN_II/021_03-vs-029_03.png,021_03-vs-029_03.png,021_03,029_03,/nas-ctm01/datasets/public/BIOMETRICS/Face_Morphing/MAD22/original_sorted/BonaFide/021_03.jpg,/nas-ctm01/datasets/public/BIOMETRICS/Face_Morphing/MAD22/original_sorted/BonaFide/029_03.jpg
141,train,MIPGAN_II,/nas-ctm01/datasets/public/BIOMETRICS/Face_Morphing/MAD22/original_sorted/MIPGAN_II/021_03-vs-037_03.png,021_03-vs-037_03.png,021_03,037_03,/nas-ctm01/datasets/public/BIOMETRICS/Face_Morphing/MAD22/original_sorted/BonaFide/021_03.jpg,/nas-ctm01/datasets/public/BIOMETRICS/Face_Morphing/MAD22/original_sorted/BonaFide/037_03.jpg
142,train,MIPGAN_II,/nas-ctm01/datasets/public/BIOMETRICS/Face_Morphing/MAD22/original_sorted/MIPGAN_II/021_03-vs-173_03.png,021_03-vs-173_03.png,021_03,173_03,/nas-ctm01/datasets/public/BIOMETRICS/Face_Morphing/MAD22/original_sorted/BonaFide/021_03.jpg,/nas-ctm01/datasets/public/BIOMETRICS/Face_Morphing/MAD22/original_sorted/BonaFide/173_03.jpg
143,train,MIPGAN_II,/nas-ctm01/datasets/public/BIOMETRICS/Face_Morphing/MAD22/original_sorted/MIPGAN_II/021_08-vs-130_08.png,021_08-vs-130_08.png,021_08,130_08,/nas-ctm01/datasets/public/BIOMETRICS/Face_Morphing/MAD22/original_sorted/BonaFide/021_08.jpg,/nas-ctm01/datasets/public/BIOMETRICS/Face_Morphing/MAD22/original_sorted/BonaFide/130_08.jpg
144,train,MIPGAN_II,/nas-ctm01/datasets/public/BIOMETRICS/Face_Morphing/MAD22/original_sorted/MIPGAN_II/022_03-vs-069_03.png,022_03-vs-069_03.png,022_03,069_03,/nas-ctm01/datasets/public/BIOMETRICS/Face_Morphing/MAD22/original_sorted/BonaFide/022_03.jpg,/nas-ctm01/datasets/public/BIOMETRICS/Face_Morphing/MAD22/original_sorted/BonaFide/069_03.jpg
145,train,MIPGAN_II,/nas-ctm01/datasets/public/BIOMETRICS/Face_Morphing/MAD22/original_sorted/MIPGAN_II/022_03-vs-082_03.png,022_03-vs-082_03.png,022_03,082_03,/nas-ctm01/datasets/public/BIOMETRICS/Face_Morphing/MAD22/original_sorted/BonaFide/022_03.jpg,/nas-ctm01/datasets/public/BIOMETRICS/Face_Morphing/MAD22/original_sorted/BonaFide/082_03.jpg
146,train,MIPGAN_II,/nas-ctm01/datasets/public/BIOMETRICS/Face_Morphing/MAD22/original_sorted/MIPGAN_II/022_03-vs-172_03.png,022_03-vs-172_03.png,022_03,172_03,/nas-ctm01/datasets/public/BIOMETRICS/Face_Morphing/MAD22/original_sorted/BonaFide/022_03.jpg,/nas-ctm01/datasets/public/BIOMETRICS/Face_Morphing/MAD22/original_sorted/BonaFide/172_03.jpg
147,train,MIPGAN_II,/nas-ctm01/datasets/public/BIOMETRICS/Face_Morphing/MAD22/original_sorted/MIPGAN_II/022_03-vs-173_03.png,022_03-vs-173_03.png,022_03,173_03,/nas-ctm01/datasets/public/BIOMETRICS/Face_Morphing/MAD22/original_sorted/BonaFide/022_03.jpg,/nas-ctm01/datasets/public/BIOMETRICS/Face_Morphing/MAD22/original_sorted/BonaFide/173_03.jpg
148,train,MIPGAN_II,/nas-ctm01/datasets/public/BIOMETRICS/Face_Morphing/MAD22/original_sorted/MIPGAN_II/022_08-vs-031_08.png,022_08-vs-031_08.png,022_08,031_08,/nas-ctm01/datasets/public/BIOMETRICS/Face_Morphing/MAD22/original_sorted/BonaFide/022_08.jpg,/nas-ctm01/datasets/public/BIOMETRICS/Face_Morphing/MAD22/original_sorted/BonaFide/031_08.jpg
149,train,MIPGAN_II,/nas-ctm01/datasets/public/BIOMETRICS/Face_Morphing/MAD22/original_sorted/MIPGAN_II/024_03-vs-036_03.png,024_03-vs-036_03.png,024_03,036_03,/nas-ctm01/datasets/public/BIOMETRICS/Face_Morphing/MAD22/original_sorted/BonaFide/024_03.jpg,/nas-ctm01/datasets/public/BIOMETRICS/Face_Morphing/MAD22/original_sorted/BonaFide/036_03.jpg
150,train,MIPGAN_II,/nas-ctm01/datasets/public/BIOMETRICS/Face_Morphing/MAD22/original_sorted/MIPGAN_II/024_03-vs-061_03.png,024_03-vs-061_03.png,024_03,061_03,/nas-ctm01/datasets/public/BIOMETRICS/Face_Morphing/MAD22/original_sorted/BonaFide/024_03.jpg,/nas-ctm01/datasets/public/BIOMETRICS/Face_Morphing/MAD22/original_sorted/BonaFide/061_03.jpg
151,train,MIPGAN_II,/nas-ctm01/datasets/public/BIOMETRICS/Face_Morphing/MAD22/original_sorted/MIPGAN_II/024_03-vs-137_03.png,024_03-vs-137_03.png,024_03,137_03,/nas-ctm01/datasets/public/BIOMETRICS/Face_Morphing/MAD22/original_sorted/BonaFide/024_03.jpg,/nas-ctm01/datasets/public/BIOMETRICS/Face_Morphing/MAD22/original_sorted/BonaFide/137_03.jpg
152,train,MIPGAN_II,/nas-ctm01/datasets/public/BIOMETRICS/Face_Morphing/MAD22/original_sorted/MIPGAN_II/024_03-vs-138_03.png,024_03-vs-138_03.png,024_03,138_03,/nas-ctm01/datasets/public/BIOMETRICS/Face_Morphing/MAD22/original_sorted/BonaFide/024_03.jpg,/nas-ctm01/datasets/public/BIOMETRICS/Face_Morphing/MAD22/original_sorted/BonaFide/138_03.jpg
153,train,MIPGAN_II,/nas-ctm01/datasets/public/BIOMETRICS/Face_Morphing/MAD22/original_sorted/MIPGAN_II/024_03-vs-140_03.png,024_03-vs-140_03.png,024_03,140_03,/nas-ctm01/datasets/public/BIOMETRICS/Face_Morphing/MAD22/original_sorted/BonaFide/024_03.jpg,/nas-ctm01/datasets/public/BIOMETRICS/Face_Morphing/MAD22/original_sorted/BonaFide/140_03.jpg
154,train,MIPGAN_II,/nas-ctm01/datasets/public/BIOMETRICS/Face_Morphing/MAD22/original_sorted/MIPGAN_II/024_08-vs-121_08.png,024_08-vs-121_08.png,024_08,121_08,/nas-ctm01/datasets/public/BIOMETRICS/Face_Morphing/MAD22/original_sorted/BonaFide/024_08.jpg,/nas-ctm01/datasets/public/BIOMETRICS/Face_Morphing/MAD22/original_sorted/BonaFide/121_08.jpg
155,train,MIPGAN_II,/nas-ctm01/datasets/public/BIOMETRICS/Face_Morphing/MAD22/original_sorted/MIPGAN_II/024_08-vs-137_08.png,024_08-vs-137_08.png,024_08,137_08,/nas-ctm01/datasets/public/BIOMETRICS/Face_Morphing/MAD22/original_sorted/BonaFide/024_08.jpg,/nas-ctm01/datasets/public/BIOMETRICS/Face_Morphing/MAD22/original_sorted/BonaFide/137_08.jpg
156,train,MIPGAN_II,/nas-ctm01/datasets/public/BIOMETRICS/Face_Morphing/MAD22/original_sorted/MIPGAN_II/025_03-vs-062_03.png,025_03-vs-062_03.png,025_03,062_03,/nas-ctm01/datasets/public/BIOMETRICS/Face_Morphing/MAD22/original_sorted/BonaFide/025_03.jpg,/nas-ctm01/datasets/public/BIOMETRICS/Face_Morphing/MAD22/original_sorted/BonaFide/062_03.jpg
157,train,MIPGAN_II,/nas-ctm01/datasets/public/BIOMETRICS/Face_Morphing/MAD22/original_sorted/MIPGAN_II/025_03-vs-124_03.png,025_03-vs-124_03.png,025_03,124_03,/nas-ctm01/datasets/public/BIOMETRICS/Face_Morphing/MAD22/original_sorted/BonaFide/025_03.jpg,/nas-ctm01/datasets/public/BIOMETRICS/Face_Morphing/MAD22/original_sorted/BonaFide/124_03.jpg
158,train,MIPGAN_II,/nas-ctm01/datasets/public/BIOMETRICS/Face_Morphing/MAD22/original_sorted/MIPGAN_II/025_03-vs-134_03.png,025_03-vs-134_03.png,025_03,134_03,/nas-ctm01/datasets/public/BIOMETRICS/Face_Morphing/MAD22/original_sorted/BonaFide/025_03.jpg,/nas-ctm01/datasets/public/BIOMETRICS/Face_Morphing/MAD22/original_sorted/BonaFide/134_03.jpg
159,train,MIPGAN_II,/nas-ctm01/datasets/public/BIOMETRICS/Face_Morphing/MAD22/original_sorted/MIPGAN_II/025_03-vs-136_03.png,025_03-vs-136_03.png,025_03,136_03,/nas-ctm01/datasets/public/BIOMETRICS/Face_Morphing/MAD22/original_sorted/BonaFide/025_03.jpg,/nas-ctm01/datasets/public/BIOMETRICS/Face_Morphing/MAD22/original_sorted/BonaFide/136_03.jpg
160,train,MIPGAN_II,/nas-ctm01/datasets/public/BIOMETRICS/Face_Morphing/MAD22/original_sorted/MIPGAN_II/025_08-vs-091_08.png,025_08-vs-091_08.png,025_08,091_08,/nas-ctm01/datasets/public/BIOMETRICS/Face_Morphing/MAD22/original_sorted/BonaFide/025_08.jpg,/nas-ctm01/datasets/public/BIOMETRICS/Face_Morphing/MAD22/original_sorted/BonaFide/091_08.jpg
161,train,MIPGAN_II,/nas-ctm01/datasets/public/BIOMETRICS/Face_Morphing/MAD22/original_sorted/MIPGAN_II/025_08-vs-124_08.png,025_08-vs-124_08.png,025_08,124_08,/nas-ctm01/datasets/public/BIOMETRICS/Face_Morphing/MAD22/original_sorted/BonaFide/025_08.jpg,/nas-ctm01/datasets/public/BIOMETRICS/Face_Morphing/MAD22/original_sorted/BonaFide/124_08.jpg
162,train,MIPGAN_II,/nas-ctm01/datasets/public/BIOMETRICS/Face_Morphing/MAD22/original_sorted/MIPGAN_II/025_08-vs-134_08.png,025_08-vs-134_08.png,025_08,134_08,/nas-ctm01/datasets/public/BIOMETRICS/Face_Morphing/MAD22/original_sorted/BonaFide/025_08.jpg,/nas-ctm01/datasets/public/BIOMETRICS/Face_Morphing/MAD22/original_sorted/BonaFide/134_08.jpg
163,train,MIPGAN_II,/nas-ctm01/datasets/public/BIOMETRICS/Face_Morphing/MAD22/original_sorted/MIPGAN_II/025_08-vs-136_08.png,025_08-vs-136_08.png,025_08,136_08,/nas-ctm01/datasets/public/BIOMETRICS/Face_Morphing/MAD22/original_sorted/BonaFide/025_08.jpg,/nas-ctm01/datasets/public/BIOMETRICS/Face_Morphing/MAD22/original_sorted/BonaFide/136_08.jpg
164,train,MIPGAN_II,/nas-ctm01/datasets/public/BIOMETRICS/Face_Morphing/MAD22/original_sorted/MIPGAN_II/026_03-vs-045_03.png,026_03-vs-045_03.png,026_03,045_03,/nas-ctm01/datasets/public/BIOMETRICS/Face_Morphing/MAD22/original_sorted/BonaFide/026_03.jpg,/nas-ctm01/datasets/public/BIOMETRICS/Face_Morphing/MAD22/original_sorted/BonaFide/045_03.jpg
165,train,MIPGAN_II,/nas-ctm01/datasets/public/BIOMETRICS/Face_Morphing/MAD22/original_sorted/MIPGAN_II/026_03-vs-143_03.png,026_03-vs-143_03.png,026_03,143_03,/nas-ctm01/datasets/public/BIOMETRICS/Face_Morphing/MAD22/original_sorted/BonaFide/026_03.jpg,/nas-ctm01/datasets/public/BIOMETRICS/Face_Morphing/MAD22/original_sorted/BonaFide/143_03.jpg
166,train,MIPGAN_II,/nas-ctm01/datasets/public/BIOMETRICS/Face_Morphing/MAD22/original_sorted/MIPGAN_II/026_08-vs-138_08.png,026_08-vs-138_08.png,026_08,138_08,/nas-ctm01/datasets/public/BIOMETRICS/Face_Morphing/MAD22/original_sorted/BonaFide/026_08.jpg,/nas-ctm01/datasets/public/BIOMETRICS/Face_Morphing/MAD22/original_sorted/BonaFide/138_08.jpg
167,train,MIPGAN_II,/nas-ctm01/datasets/public/BIOMETRICS/Face_Morphing/MAD22/original_sorted/MIPGAN_II/027_03-vs-090_03.png,027_03-vs-090_03.png,027_03,090_03,/nas-ctm01/datasets/public/BIOMETRICS/Face_Morphing/MAD22/original_sorted/BonaFide/027_03.jpg,/nas-ctm01/datasets/public/BIOMETRICS/Face_Morphing/MAD22/original_sorted/BonaFide/090_03.jpg
168,train,MIPGAN_II,/nas-ctm01/datasets/public/BIOMETRICS/Face_Morphing/MAD22/original_sorted/MIPGAN_II/027_03-vs-118_03.png,027_03-vs-118_03.png,027_03,118_03,/nas-ctm01/datasets/public/BIOMETRICS/Face_Morphing/MAD22/original_sorted/BonaFide/027_03.jpg,/nas-ctm01/datasets/public/BIOMETRICS/Face_Morphing/MAD22/original_sorted/BonaFide/118_03.jpg
169,train,MIPGAN_II,/nas-ctm01/datasets/public/BIOMETRICS/Face_Morphing/MAD22/original_sorted/MIPGAN_II/027_03-vs-144_03.png,027_03-vs-144_03.png,027_03,144_03,/nas-ctm01/datasets/public/BIOMETRICS/Face_Morphing/MAD22/original_sorted/BonaFide/027_03.jpg,/nas-ctm01/datasets/public/BIOMETRICS/Face_Morphing/MAD22/original_sorted/BonaFide/144_03.jpg
170,train,MIPGAN_II,/nas-ctm01/datasets/public/BIOMETRICS/Face_Morphing/MAD22/original_sorted/MIPGAN_II/027_08-vs-038_08.png,027_08-vs-038_08.png,027_08,038_08,/nas-ctm01/datasets/public/BIOMETRICS/Face_Morphing/MAD22/original_sorted/BonaFide/027_08.jpg,/nas-ctm01/datasets/public/BIOMETRICS/Face_Morphing/MAD22/original_sorted/BonaFide/038_08.jpg
171,train,MIPGAN_II,/nas-ctm01/datasets/public/BIOMETRICS/Face_Morphing/MAD22/original_sorted/MIPGAN_II/027_08-vs-100_08.png,027_08-vs-100_08.png,027_08,100_08,/nas-ctm01/datasets/public/BIOMETRICS/Face_Morphing/MAD22/original_sorted/BonaFide/027_08.jpg,/nas-ctm01/datasets/public/BIOMETRICS/Face_Morphing/MAD22/original_sorted/BonaFide/100_08.jpg
172,train,MIPGAN_II,/nas-ctm01/datasets/public/BIOMETRICS/Face_Morphing/MAD22/original_sorted/MIPGAN_II/027_08-vs-102_08.png,027_08-vs-102_08.png,027_08,102_08,/nas-ctm01/datasets/public/BIOMETRICS/Face_Morphing/MAD22/original_sorted/BonaFide/027_08.jpg,/nas-ctm01/datasets/public/BIOMETRICS/Face_Morphing/MAD22/original_sorted/BonaFide/102_08.jpg
173,train,MIPGAN_II,/nas-ctm01/datasets/public/BIOMETRICS/Face_Morphing/MAD22/original_sorted/MIPGAN_II/027_08-vs-139_08.png,027_08-vs-139_08.png,027_08,139_08,/nas-ctm01/datasets/public/BIOMETRICS/Face_Morphing/MAD22/original_sorted/BonaFide/027_08.jpg,/nas-ctm01/datasets/public/BIOMETRICS/Face_Morphing/MAD22/original_sorted/BonaFide/139_08.jpg
174,train,MIPGAN_II,/nas-ctm01/datasets/public/BIOMETRICS/Face_Morphing/MAD22/original_sorted/MIPGAN_II/029_03-vs-033_03.png,029_03-vs-033_03.png,029_03,033_03,/nas-ctm01/datasets/public/BIOMETRICS/Face_Morphing/MAD22/original_sorted/BonaFide/029_03.jpg,/nas-ctm01/datasets/public/BIOMETRICS/Face_Morphing/MAD22/original_sorted/BonaFide/033_03.jpg
175,train,MIPGAN_II,/nas-ctm01/datasets/public/BIOMETRICS/Face_Morphing/MAD22/original_sorted/MIPGAN_II/029_03-vs-044_03.png,029_03-vs-044_03.png,029_03,044_03,/nas-ctm01/datasets/public/BIOMETRICS/Face_Morphing/MAD22/original_sorted/BonaFide/029_03.jpg,/nas-ctm01/datasets/public/BIOMETRICS/Face_Morphing/MAD22/original_sorted/BonaFide/044_03.jpg
176,train,MIPGAN_II,/nas-ctm01/datasets/public/BIOMETRICS/Face_Morphing/MAD22/original_sorted/MIPGAN_II/029_03-vs-173_03.png,029_03-vs-173_03.png,029_03,173_03,/nas-ctm01/datasets/public/BIOMETRICS/Face_Morphing/MAD22/original_sorted/BonaFide/029_03.jpg,/nas-ctm01/datasets/public/BIOMETRICS/Face_Morphing/MAD22/original_sorted/BonaFide/173_03.jpg
177,train,MIPGAN_II,/nas-ctm01/datasets/public/BIOMETRICS/Face_Morphing/MAD22/original_sorted/MIPGAN_II/029_08-vs-082_08.png,029_08-vs-082_08.png,029_08,082_08,/nas-ctm01/datasets/public/BIOMETRICS/Face_Morphing/MAD22/original_sorted/BonaFide/029_08.jpg,/nas-ctm01/datasets/public/BIOMETRICS/Face_Morphing/MAD22/original_sorted/BonaFide/082_08.jpg
178,train,MIPGAN_II,/nas-ctm01/datasets/public/BIOMETRICS/Face_Morphing/MAD22/original_sorted/MIPGAN_II/030_03-vs-062_03.png,030_03-vs-062_03.png,030_03,062_03,/nas-ctm01/datasets/public/BIOMETRICS/Face_Morphing/MAD22/original_sorted/BonaFide/030_03.jpg,/nas-ctm01/datasets/public/BIOMETRICS/Face_Morphing/MAD22/original_sorted/BonaFide/062_03.jpg
179,train,MIPGAN_II,/nas-ctm01/datasets/public/BIOMETRICS/Face_Morphing/MAD22/original_sorted/MIPGAN_II/030_03-vs-091_03.png,030_03-vs-091_03.png,030_03,091_03,/nas-ctm01/datasets/public/BIOMETRICS/Face_Morphing/MAD22/original_sorted/BonaFide/030_03.jpg,/nas-ctm01/datasets/public/BIOMETRICS/Face_Morphing/MAD22/original_sorted/BonaFide/091_03.jpg
180,train,MIPGAN_II,/nas-ctm01/datasets/public/BIOMETRICS/Face_Morphing/MAD22/original_sorted/MIPGAN_II/030_08-vs-039_08.png,030_08-vs-039_08.png,030_08,039_08,/nas-ctm01/datasets/public/BIOMETRICS/Face_Morphing/MAD22/original_sorted/BonaFide/030_08.jpg,/nas-ctm01/datasets/public/BIOMETRICS/Face_Morphing/MAD22/original_sorted/BonaFide/039_08.jpg
181,train,MIPGAN_II,/nas-ctm01/datasets/public/BIOMETRICS/Face_Morphing/MAD22/original_sorted/MIPGAN_II/030_08-vs-134_08.png,030_08-vs-134_08.png,030_08,134_08,/nas-ctm01/datasets/public/BIOMETRICS/Face_Morphing/MAD22/original_sorted/BonaFide/030_08.jpg,/nas-ctm01/datasets/public/BIOMETRICS/Face_Morphing/MAD22/original_sorted/BonaFide/134_08.jpg
182,train,MIPGAN_II,/nas-ctm01/datasets/public/BIOMETRICS/Face_Morphing/MAD22/original_sorted/MIPGAN_II/031_03-vs-042_03.png,031_03-vs-042_03.png,031_03,042_03,/nas-ctm01/datasets/public/BIOMETRICS/Face_Morphing/MAD22/original_sorted/BonaFide/031_03.jpg,/nas-ctm01/datasets/public/BIOMETRICS/Face_Morphing/MAD22/original_sorted/BonaFide/042_03.jpg
183,train,MIPGAN_II,/nas-ctm01/datasets/public/BIOMETRICS/Face_Morphing/MAD22/original_sorted/MIPGAN_II/031_03-vs-121_03.png,031_03-vs-121_03.png,031_03,121_03,/nas-ctm01/datasets/public/BIOMETRICS/Face_Morphing/MAD22/original_sorted/BonaFide/031_03.jpg,/nas-ctm01/datasets/public/BIOMETRICS/Face_Morphing/MAD22/original_sorted/BonaFide/121_03.jpg
184,train,MIPGAN_II,/nas-ctm01/datasets/public/BIOMETRICS/Face_Morphing/MAD22/original_sorted/MIPGAN_II/031_03-vs-132_03.png,031_03-vs-132_03.png,031_03,132_03,/nas-ctm01/datasets/public/BIOMETRICS/Face_Morphing/MAD22/original_sorted/BonaFide/031_03.jpg,/nas-ctm01/datasets/public/BIOMETRICS/Face_Morphing/MAD22/original_sorted/BonaFide/132_03.jpg
185,train,MIPGAN_II,/nas-ctm01/datasets/public/BIOMETRICS/Face_Morphing/MAD22/original_sorted/MIPGAN_II/032_03-vs-086_03.png,032_03-vs-086_03.png,032_03,086_03,/nas-ctm01/datasets/public/BIOMETRICS/Face_Morphing/MAD22/original_sorted/BonaFide/032_03.jpg,/nas-ctm01/datasets/public/BIOMETRICS/Face_Morphing/MAD22/original_sorted/BonaFide/086_03.jpg
186,train,MIPGAN_II,/nas-ctm01/datasets/public/BIOMETRICS/Face_Morphing/MAD22/original_sorted/MIPGAN_II/032_03-vs-094_03.png,032_03-vs-094_03.png,032_03,094_03,/nas-ctm01/datasets/public/BIOMETRICS/Face_Morphing/MAD22/original_sorted/BonaFide/032_03.jpg,/nas-ctm01/datasets/public/BIOMETRICS/Face_Morphing/MAD22/original_sorted/BonaFide/094_03.jpg
187,train,MIPGAN_II,/nas-ctm01/datasets/public/BIOMETRICS/Face_Morphing/MAD22/original_sorted/MIPGAN_II/032_03-vs-107_03.png,032_03-vs-107_03.png,032_03,107_03,/nas-ctm01/datasets/public/BIOMETRICS/Face_Morphing/MAD22/original_sorted/BonaFide/032_03.jpg,/nas-ctm01/datasets/public/BIOMETRICS/Face_Morphing/MAD22/original_sorted/BonaFide/107_03.jpg
188,train,MIPGAN_II,/nas-ctm01/datasets/public/BIOMETRICS/Face_Morphing/MAD22/original_sorted/MIPGAN_II/032_03-vs-126_03.png,032_03-vs-126_03.png,032_03,126_03,/nas-ctm01/datasets/public/BIOMETRICS/Face_Morphing/MAD22/original_sorted/BonaFide/032_03.jpg,/nas-ctm01/datasets/public/BIOMETRICS/Face_Morphing/MAD22/original_sorted/BonaFide/126_03.jpg
189,train,MIPGAN_II,/nas-ctm01/datasets/public/BIOMETRICS/Face_Morphing/MAD22/original_sorted/MIPGAN_II/032_08-vs-039_08.png,032_08-vs-039_08.png,032_08,039_08,/nas-ctm01/datasets/public/BIOMETRICS/Face_Morphing/MAD22/original_sorted/BonaFide/032_08.jpg,/nas-ctm01/datasets/public/BIOMETRICS/Face_Morphing/MAD22/original_sorted/BonaFide/039_08.jpg
190,train,MIPGAN_II,/nas-ctm01/datasets/public/BIOMETRICS/Face_Morphing/MAD22/original_sorted/MIPGAN_II/032_08-vs-091_08.png,032_08-vs-091_08.png,032_08,091_08,/nas-ctm01/datasets/public/BIOMETRICS/Face_Morphing/MAD22/original_sorted/BonaFide/032_08.jpg,/nas-ctm01/datasets/public/BIOMETRICS/Face_Morphing/MAD22/original_sorted/BonaFide/091_08.jpg
191,train,MIPGAN_II,/nas-ctm01/datasets/public/BIOMETRICS/Face_Morphing/MAD22/original_sorted/MIPGAN_II/032_08-vs-099_08.png,032_08-vs-099_08.png,032_08,099_08,/nas-ctm01/datasets/public/BIOMETRICS/Face_Morphing/MAD22/original_sorted/BonaFide/032_08.jpg,/nas-ctm01/datasets/public/BIOMETRICS/Face_Morphing/MAD22/original_sorted/BonaFide/099_08.jpg
192,train,MIPGAN_II,/nas-ctm01/datasets/public/BIOMETRICS/Face_Morphing/MAD22/original_sorted/MIPGAN_II/032_08-vs-124_08.png,032_08-vs-124_08.png,032_08,124_08,/nas-ctm01/datasets/public/BIOMETRICS/Face_Morphing/MAD22/original_sorted/BonaFide/032_08.jpg,/nas-ctm01/datasets/public/BIOMETRICS/Face_Morphing/MAD22/original_sorted/BonaFide/124_08.jpg
193,train,MIPGAN_II,/nas-ctm01/datasets/public/BIOMETRICS/Face_Morphing/MAD22/original_sorted/MIPGAN_II/032_08-vs-126_08.png,032_08-vs-126_08.png,032_08,126_08,/nas-ctm01/datasets/public/BIOMETRICS/Face_Morphing/MAD22/original_sorted/BonaFide/032_08.jpg,/nas-ctm01/datasets/public/BIOMETRICS/Face_Morphing/MAD22/original_sorted/BonaFide/126_08.jpg
194,train,MIPGAN_II,/nas-ctm01/datasets/public/BIOMETRICS/Face_Morphing/MAD22/original_sorted/MIPGAN_II/032_08-vs-144_08.png,032_08-vs-144_08.png,032_08,144_08,/nas-ctm01/datasets/public/BIOMETRICS/Face_Morphing/MAD22/original_sorted/BonaFide/032_08.jpg,/nas-ctm01/datasets/public/BIOMETRICS/Face_Morphing/MAD22/original_sorted/BonaFide/144_08.jpg
195,train,MIPGAN_II,/nas-ctm01/datasets/public/BIOMETRICS/Face_Morphing/MAD22/original_sorted/MIPGAN_II/033_03-vs-044_03.png,033_03-vs-044_03.png,033_03,044_03,/nas-ctm01/datasets/public/BIOMETRICS/Face_Morphing/MAD22/original_sorted/BonaFide/033_03.jpg,/nas-ctm01/datasets/public/BIOMETRICS/Face_Morphing/MAD22/original_sorted/BonaFide/044_03.jpg
196,train,MIPGAN_II,/nas-ctm01/datasets/public/BIOMETRICS/Face_Morphing/MAD22/original_sorted/MIPGAN_II/033_03-vs-092_03.png,033_03-vs-092_03.png,033_03,092_03,/nas-ctm01/datasets/public/BIOMETRICS/Face_Morphing/MAD22/original_sorted/BonaFide/033_03.jpg,/nas-ctm01/datasets/public/BIOMETRICS/Face_Morphing/MAD22/original_sorted/BonaFide/092_03.jpg
197,train,MIPGAN_II,/nas-ctm01/datasets/public/BIOMETRICS/Face_Morphing/MAD22/original_sorted/MIPGAN_II/033_03-vs-119_03.png,033_03-vs-119_03.png,033_03,119_03,/nas-ctm01/datasets/public/BIOMETRICS/Face_Morphing/MAD22/original_sorted/BonaFide/033_03.jpg,/nas-ctm01/datasets/public/BIOMETRICS/Face_Morphing/MAD22/original_sorted/BonaFide/119_03.jpg
198,train,MIPGAN_II,/nas-ctm01/datasets/public/BIOMETRICS/Face_Morphing/MAD22/original_sorted/MIPGAN_II/033_03-vs-140_03.png,033_03-vs-140_03.png,033_03,140_03,/nas-ctm01/datasets/public/BIOMETRICS/Face_Morphing/MAD22/original_sorted/BonaFide/033_03.jpg,/nas-ctm01/datasets/public/BIOMETRICS/Face_Morphing/MAD22/original_sorted/BonaFide/140_03.jpg
199,train,MIPGAN_II,/nas-ctm01/datasets/public/BIOMETRICS/Face_Morphing/MAD22/original_sorted/MIPGAN_II/033_03-vs-143_03.png,033_03-vs-143_03.png,033_03,143_03,/nas-ctm01/datasets/public/BIOMETRICS/Face_Morphing/MAD22/original_sorted/BonaFide/033_03.jpg,/nas-ctm01/datasets/public/BIOMETRICS/Face_Morphing/MAD22/original_sorted/BonaFide/143_03.jpg
200,train,MIPGAN_II,/nas-ctm01/datasets/public/BIOMETRICS/Face_Morphing/MAD22/original_sorted/MIPGAN_II/033_08-vs-045_08.png,033_08-vs-045_08.png,033_08,045_08,/nas-ctm01/datasets/public/BIOMETRICS/Face_Morphing/MAD22/original_sorted/BonaFide/033_08.jpg,/nas-ctm01/datasets/public/BIOMETRICS/Face_Morphing/MAD22/original_sorted/BonaFide/045_08.jpg
201,train,MIPGAN_II,/nas-ctm01/datasets/public/BIOMETRICS/Face_Morphing/MAD22/original_sorted/MIPGAN_II/033_08-vs-082_08.png,033_08-vs-082_08.png,033_08,082_08,/nas-ctm01/datasets/public/BIOMETRICS/Face_Morphing/MAD22/original_sorted/BonaFide/033_08.jpg,/nas-ctm01/datasets/public/BIOMETRICS/Face_Morphing/MAD22/original_sorted/BonaFide/082_08.jpg
202,train,MIPGAN_II,/nas-ctm01/datasets/public/BIOMETRICS/Face_Morphing/MAD22/original_sorted/MIPGAN_II/033_08-vs-104_08.png,033_08-vs-104_08.png,033_08,104_08,/nas-ctm01/datasets/public/BIOMETRICS/Face_Morphing/MAD22/original_sorted/BonaFide/033_08.jpg,/nas-ctm01/datasets/public/BIOMETRICS/Face_Morphing/MAD22/original_sorted/BonaFide/104_08.jpg
203,train,MIPGAN_II,/nas-ctm01/datasets/public/BIOMETRICS/Face_Morphing/MAD22/original_sorted/MIPGAN_II/033_08-vs-140_08.png,033_08-vs-140_08.png,033_08,140_08,/nas-ctm01/datasets/public/BIOMETRICS/Face_Morphing/MAD22/original_sorted/BonaFide/033_08.jpg,/nas-ctm01/datasets/public/BIOMETRICS/Face_Morphing/MAD22/original_sorted/BonaFide/140_08.jpg
204,train,MIPGAN_II,/nas-ctm01/datasets/public/BIOMETRICS/Face_Morphing/MAD22/original_sorted/MIPGAN_II/034_03-vs-099_03.png,034_03-vs-099_03.png,034_03,099_03,/nas-ctm01/datasets/public/BIOMETRICS/Face_Morphing/MAD22/original_sorted/BonaFide/034_03.jpg,/nas-ctm01/datasets/public/BIOMETRICS/Face_Morphing/MAD22/original_sorted/BonaFide/099_03.jpg
205,train,MIPGAN_II,/nas-ctm01/datasets/public/BIOMETRICS/Face_Morphing/MAD22/original_sorted/MIPGAN_II/034_03-vs-100_03.png,034_03-vs-100_03.png,034_03,100_03,/nas-ctm01/datasets/public/BIOMETRICS/Face_Morphing/MAD22/original_sorted/BonaFide/034_03.jpg,/nas-ctm01/datasets/public/BIOMETRICS/Face_Morphing/MAD22/original_sorted/BonaFide/100_03.jpg
206,train,MIPGAN_II,/nas-ctm01/datasets/public/BIOMETRICS/Face_Morphing/MAD22/original_sorted/MIPGAN_II/034_03-vs-118_03.png,034_03-vs-118_03.png,034_03,118_03,/nas-ctm01/datasets/public/BIOMETRICS/Face_Morphing/MAD22/original_sorted/BonaFide/034_03.jpg,/nas-ctm01/datasets/public/BIOMETRICS/Face_Morphing/MAD22/original_sorted/BonaFide/118_03.jpg
207,train,MIPGAN_II,/nas-ctm01/datasets/public/BIOMETRICS/Face_Morphing/MAD22/original_sorted/MIPGAN_II/034_08-vs-062_08.png,034_08-vs-062_08.png,034_08,062_08,/nas-ctm01/datasets/public/BIOMETRICS/Face_Morphing/MAD22/original_sorted/BonaFide/034_08.jpg,/nas-ctm01/datasets/public/BIOMETRICS/Face_Morphing/MAD22/original_sorted/BonaFide/062_08.jpg
208,train,MIPGAN_II,/nas-ctm01/datasets/public/BIOMETRICS/Face_Morphing/MAD22/original_sorted/MIPGAN_II/034_08-vs-064_08.png,034_08-vs-064_08.png,034_08,064_08,/nas-ctm01/datasets/public/BIOMETRICS/Face_Morphing/MAD22/original_sorted/BonaFide/034_08.jpg,/nas-ctm01/datasets/public/BIOMETRICS/Face_Morphing/MAD22/original_sorted/BonaFide/064_08.jpg
209,train,MIPGAN_II,/nas-ctm01/datasets/public/BIOMETRICS/Face_Morphing/MAD22/original_sorted/MIPGAN_II/034_08-vs-094_08.png,034_08-vs-094_08.png,034_08,094_08,/nas-ctm01/datasets/public/BIOMETRICS/Face_Morphing/MAD22/original_sorted/BonaFide/034_08.jpg,/nas-ctm01/datasets/public/BIOMETRICS/Face_Morphing/MAD22/original_sorted/BonaFide/094_08.jpg
210,train,MIPGAN_II,/nas-ctm01/datasets/public/BIOMETRICS/Face_Morphing/MAD22/original_sorted/MIPGAN_II/034_08-vs-099_08.png,034_08-vs-099_08.png,034_08,099_08,/nas-ctm01/datasets/public/BIOMETRICS/Face_Morphing/MAD22/original_sorted/BonaFide/034_08.jpg,/nas-ctm01/datasets/public/BIOMETRICS/Face_Morphing/MAD22/original_sorted/BonaFide/099_08.jpg
211,train,MIPGAN_II,/nas-ctm01/datasets/public/BIOMETRICS/Face_Morphing/MAD22/original_sorted/MIPGAN_II/034_08-vs-126_08.png,034_08-vs-126_08.png,034_08,126_08,/nas-ctm01/datasets/public/BIOMETRICS/Face_Morphing/MAD22/original_sorted/BonaFide/034_08.jpg,/nas-ctm01/datasets/public/BIOMETRICS/Face_Morphing/MAD22/original_sorted/BonaFide/126_08.jpg
212,train,MIPGAN_II,/nas-ctm01/datasets/public/BIOMETRICS/Face_Morphing/MAD22/original_sorted/MIPGAN_II/036_03-vs-063_03.png,036_03-vs-063_03.png,036_03,063_03,/nas-ctm01/datasets/public/BIOMETRICS/Face_Morphing/MAD22/original_sorted/BonaFide/036_03.jpg,/nas-ctm01/datasets/public/BIOMETRICS/Face_Morphing/MAD22/original_sorted/BonaFide/063_03.jpg
213,train,MIPGAN_II,/nas-ctm01/datasets/public/BIOMETRICS/Face_Morphing/MAD22/original_sorted/MIPGAN_II/036_03-vs-096_03.png,036_03-vs-096_03.png,036_03,096_03,/nas-ctm01/datasets/public/BIOMETRICS/Face_Morphing/MAD22/original_sorted/BonaFide/036_03.jpg,/nas-ctm01/datasets/public/BIOMETRICS/Face_Morphing/MAD22/original_sorted/BonaFide/096_03.jpg
214,train,MIPGAN_II,/nas-ctm01/datasets/public/BIOMETRICS/Face_Morphing/MAD22/original_sorted/MIPGAN_II/036_03-vs-130_03.png,036_03-vs-130_03.png,036_03,130_03,/nas-ctm01/datasets/public/BIOMETRICS/Face_Morphing/MAD22/original_sorted/BonaFide/036_03.jpg,/nas-ctm01/datasets/public/BIOMETRICS/Face_Morphing/MAD22/original_sorted/BonaFide/130_03.jpg
215,train,MIPGAN_II,/nas-ctm01/datasets/public/BIOMETRICS/Face_Morphing/MAD22/original_sorted/MIPGAN_II/036_03-vs-141_03.png,036_03-vs-141_03.png,036_03,141_03,/nas-ctm01/datasets/public/BIOMETRICS/Face_Morphing/MAD22/original_sorted/BonaFide/036_03.jpg,/nas-ctm01/datasets/public/BIOMETRICS/Face_Morphing/MAD22/original_sorted/BonaFide/141_03.jpg
216,train,MIPGAN_II,/nas-ctm01/datasets/public/BIOMETRICS/Face_Morphing/MAD22/original_sorted/MIPGAN_II/036_03-vs-142_03.png,036_03-vs-142_03.png,036_03,142_03,/nas-ctm01/datasets/public/BIOMETRICS/Face_Morphing/MAD22/original_sorted/BonaFide/036_03.jpg,/nas-ctm01/datasets/public/BIOMETRICS/Face_Morphing/MAD22/original_sorted/BonaFide/142_03.jpg
217,train,MIPGAN_II,/nas-ctm01/datasets/public/BIOMETRICS/Face_Morphing/MAD22/original_sorted/MIPGAN_II/036_03-vs-143_03.png,036_03-vs-143_03.png,036_03,143_03,/nas-ctm01/datasets/public/BIOMETRICS/Face_Morphing/MAD22/original_sorted/BonaFide/036_03.jpg,/nas-ctm01/datasets/public/BIOMETRICS/Face_Morphing/MAD22/original_sorted/BonaFide/143_03.jpg
218,train,MIPGAN_II,/nas-ctm01/datasets/public/BIOMETRICS/Face_Morphing/MAD22/original_sorted/MIPGAN_II/036_08-vs-096_08.png,036_08-vs-096_08.png,036_08,096_08,/nas-ctm01/datasets/public/BIOMETRICS/Face_Morphing/MAD22/original_sorted/BonaFide/036_08.jpg,/nas-ctm01/datasets/public/BIOMETRICS/Face_Morphing/MAD22/original_sorted/BonaFide/096_08.jpg
219,train,MIPGAN_II,/nas-ctm01/datasets/public/BIOMETRICS/Face_Morphing/MAD22/original_sorted/MIPGAN_II/036_08-vs-130_08.png,036_08-vs-130_08.png,036_08,130_08,/nas-ctm01/datasets/public/BIOMETRICS/Face_Morphing/MAD22/original_sorted/BonaFide/036_08.jpg,/nas-ctm01/datasets/public/BIOMETRICS/Face_Morphing/MAD22/original_sorted/BonaFide/130_08.jpg
220,train,MIPGAN_II,/nas-ctm01/datasets/public/BIOMETRICS/Face_Morphing/MAD22/original_sorted/MIPGAN_II/036_08-vs-141_08.png,036_08-vs-141_08.png,036_08,141_08,/nas-ctm01/datasets/public/BIOMETRICS/Face_Morphing/MAD22/original_sorted/BonaFide/036_08.jpg,/nas-ctm01/datasets/public/BIOMETRICS/Face_Morphing/MAD22/original_sorted/BonaFide/141_08.jpg
221,train,MIPGAN_II,/nas-ctm01/datasets/public/BIOMETRICS/Face_Morphing/MAD22/original_sorted/MIPGAN_II/037_03-vs-070_03.png,037_03-vs-070_03.png,037_03,070_03,/nas-ctm01/datasets/public/BIOMETRICS/Face_Morphing/MAD22/original_sorted/BonaFide/037_03.jpg,/nas-ctm01/datasets/public/BIOMETRICS/Face_Morphing/MAD22/original_sorted/BonaFide/070_03.jpg
222,train,MIPGAN_II,/nas-ctm01/datasets/public/BIOMETRICS/Face_Morphing/MAD22/original_sorted/MIPGAN_II/037_03-vs-108_03.png,037_03-vs-108_03.png,037_03,108_03,/nas-ctm01/datasets/public/BIOMETRICS/Face_Morphing/MAD22/original_sorted/BonaFide/037_03.jpg,/nas-ctm01/datasets/public/BIOMETRICS/Face_Morphing/MAD22/original_sorted/BonaFide/108_03.jpg
223,train,MIPGAN_II,/nas-ctm01/datasets/public/BIOMETRICS/Face_Morphing/MAD22/original_sorted/MIPGAN_II/037_03-vs-140_03.png,037_03-vs-140_03.png,037_03,140_03,/nas-ctm01/datasets/public/BIOMETRICS/Face_Morphing/MAD22/original_sorted/BonaFide/037_03.jpg,/nas-ctm01/datasets/public/BIOMETRICS/Face_Morphing/MAD22/original_sorted/BonaFide/140_03.jpg
224,train,MIPGAN_II,/nas-ctm01/datasets/public/BIOMETRICS/Face_Morphing/MAD22/original_sorted/MIPGAN_II/037_08-vs-108_08.png,037_08-vs-108_08.png,037_08,108_08,/nas-ctm01/datasets/public/BIOMETRICS/Face_Morphing/MAD22/original_sorted/BonaFide/037_08.jpg,/nas-ctm01/datasets/public/BIOMETRICS/Face_Morphing/MAD22/original_sorted/BonaFide/108_08.jpg
225,train,MIPGAN_II,/nas-ctm01/datasets/public/BIOMETRICS/Face_Morphing/MAD22/original_sorted/MIPGAN_II/037_08-vs-130_08.png,037_08-vs-130_08.png,037_08,130_08,/nas-ctm01/datasets/public/BIOMETRICS/Face_Morphing/MAD22/original_sorted/BonaFide/037_08.jpg,/nas-ctm01/datasets/public/BIOMETRICS/Face_Morphing/MAD22/original_sorted/BonaFide/130_08.jpg
226,train,MIPGAN_II,/nas-ctm01/datasets/public/BIOMETRICS/Face_Morphing/MAD22/original_sorted/MIPGAN_II/038_08-vs-091_08.png,038_08-vs-091_08.png,038_08,091_08,/nas-ctm01/datasets/public/BIOMETRICS/Face_Morphing/MAD22/original_sorted/BonaFide/038_08.jpg,/nas-ctm01/datasets/public/BIOMETRICS/Face_Morphing/MAD22/original_sorted/BonaFide/091_08.jpg
227,train,MIPGAN_II,/nas-ctm01/datasets/public/BIOMETRICS/Face_Morphing/MAD22/original_sorted/MIPGAN_II/038_08-vs-129_08.png,038_08-vs-129_08.png,038_08,129_08,/nas-ctm01/datasets/public/BIOMETRICS/Face_Morphing/MAD22/original_sorted/BonaFide/038_08.jpg,/nas-ctm01/datasets/public/BIOMETRICS/Face_Morphing/MAD22/original_sorted/BonaFide/129_08.jpg
228,train,MIPGAN_II,/nas-ctm01/datasets/public/BIOMETRICS/Face_Morphing/MAD22/original_sorted/MIPGAN_II/039_03-vs-090_03.png,039_03-vs-090_03.png,039_03,090_03,/nas-ctm01/datasets/public/BIOMETRICS/Face_Morphing/MAD22/original_sorted/BonaFide/039_03.jpg,/nas-ctm01/datasets/public/BIOMETRICS/Face_Morphing/MAD22/original_sorted/BonaFide/090_03.jpg
229,train,MIPGAN_II,/nas-ctm01/datasets/public/BIOMETRICS/Face_Morphing/MAD22/original_sorted/MIPGAN_II/039_03-vs-144_03.png,039_03-vs-144_03.png,039_03,144_03,/nas-ctm01/datasets/public/BIOMETRICS/Face_Morphing/MAD22/original_sorted/BonaFide/039_03.jpg,/nas-ctm01/datasets/public/BIOMETRICS/Face_Morphing/MAD22/original_sorted/BonaFide/144_03.jpg
230,train,MIPGAN_II,/nas-ctm01/datasets/public/BIOMETRICS/Face_Morphing/MAD22/original_sorted/MIPGAN_II/039_08-vs-090_08.png,039_08-vs-090_08.png,039_08,090_08,/nas-ctm01/datasets/public/BIOMETRICS/Face_Morphing/MAD22/original_sorted/BonaFide/039_08.jpg,/nas-ctm01/datasets/public/BIOMETRICS/Face_Morphing/MAD22/original_sorted/BonaFide/090_08.jpg
231,train,MIPGAN_II,/nas-ctm01/datasets/public/BIOMETRICS/Face_Morphing/MAD22/original_sorted/MIPGAN_II/039_08-vs-097_08.png,039_08-vs-097_08.png,039_08,097_08,/nas-ctm01/datasets/public/BIOMETRICS/Face_Morphing/MAD22/original_sorted/BonaFide/039_08.jpg,/nas-ctm01/datasets/public/BIOMETRICS/Face_Morphing/MAD22/original_sorted/BonaFide/097_08.jpg
232,train,MIPGAN_II,/nas-ctm01/datasets/public/BIOMETRICS/Face_Morphing/MAD22/original_sorted/MIPGAN_II/039_08-vs-124_08.png,039_08-vs-124_08.png,039_08,124_08,/nas-ctm01/datasets/public/BIOMETRICS/Face_Morphing/MAD22/original_sorted/BonaFide/039_08.jpg,/nas-ctm01/datasets/public/BIOMETRICS/Face_Morphing/MAD22/original_sorted/BonaFide/124_08.jpg
233,train,MIPGAN_II,/nas-ctm01/datasets/public/BIOMETRICS/Face_Morphing/MAD22/original_sorted/MIPGAN_II/039_08-vs-144_08.png,039_08-vs-144_08.png,039_08,144_08,/nas-ctm01/datasets/public/BIOMETRICS/Face_Morphing/MAD22/original_sorted/BonaFide/039_08.jpg,/nas-ctm01/datasets/public/BIOMETRICS/Face_Morphing/MAD22/original_sorted/BonaFide/144_08.jpg
234,train,MIPGAN_II,/nas-ctm01/datasets/public/BIOMETRICS/Face_Morphing/MAD22/original_sorted/MIPGAN_II/041_03-vs-123_03.png,041_03-vs-123_03.png,041_03,123_03,/nas-ctm01/datasets/public/BIOMETRICS/Face_Morphing/MAD22/original_sorted/BonaFide/041_03.jpg,/nas-ctm01/datasets/public/BIOMETRICS/Face_Morphing/MAD22/original_sorted/BonaFide/123_03.jpg
235,train,MIPGAN_II,/nas-ctm01/datasets/public/BIOMETRICS/Face_Morphing/MAD22/original_sorted/MIPGAN_II/041_03-vs-137_03.png,041_03-vs-137_03.png,041_03,137_03,/nas-ctm01/datasets/public/BIOMETRICS/Face_Morphing/MAD22/original_sorted/BonaFide/041_03.jpg,/nas-ctm01/datasets/public/BIOMETRICS/Face_Morphing/MAD22/original_sorted/BonaFide/137_03.jpg
236,train,MIPGAN_II,/nas-ctm01/datasets/public/BIOMETRICS/Face_Morphing/MAD22/original_sorted/MIPGAN_II/041_03-vs-138_03.png,041_03-vs-138_03.png,041_03,138_03,/nas-ctm01/datasets/public/BIOMETRICS/Face_Morphing/MAD22/original_sorted/BonaFide/041_03.jpg,/nas-ctm01/datasets/public/BIOMETRICS/Face_Morphing/MAD22/original_sorted/BonaFide/138_03.jpg
237,train,MIPGAN_II,/nas-ctm01/datasets/public/BIOMETRICS/Face_Morphing/MAD22/original_sorted/MIPGAN_II/041_03-vs-143_03.png,041_03-vs-143_03.png,041_03,143_03,/nas-ctm01/datasets/public/BIOMETRICS/Face_Morphing/MAD22/original_sorted/BonaFide/041_03.jpg,/nas-ctm01/datasets/public/BIOMETRICS/Face_Morphing/MAD22/original_sorted/BonaFide/143_03.jpg
238,train,MIPGAN_II,/nas-ctm01/datasets/public/BIOMETRICS/Face_Morphing/MAD22/original_sorted/MIPGAN_II/041_03-vs-173_03.png,041_03-vs-173_03.png,041_03,173_03,/nas-ctm01/datasets/public/BIOMETRICS/Face_Morphing/MAD22/original_sorted/BonaFide/041_03.jpg,/nas-ctm01/datasets/public/BIOMETRICS/Face_Morphing/MAD22/original_sorted/BonaFide/173_03.jpg
239,train,MIPGAN_II,/nas-ctm01/datasets/public/BIOMETRICS/Face_Morphing/MAD22/original_sorted/MIPGAN_II/041_08-vs-069_08.png,041_08-vs-069_08.png,041_08,069_08,/nas-ctm01/datasets/public/BIOMETRICS/Face_Morphing/MAD22/original_sorted/BonaFide/041_08.jpg,/nas-ctm01/datasets/public/BIOMETRICS/Face_Morphing/MAD22/original_sorted/BonaFide/069_08.jpg
240,train,MIPGAN_II,/nas-ctm01/datasets/public/BIOMETRICS/Face_Morphing/MAD22/original_sorted/MIPGAN_II/042_03-vs-115_03.png,042_03-vs-115_03.png,042_03,115_03,/nas-ctm01/datasets/public/BIOMETRICS/Face_Morphing/MAD22/original_sorted/BonaFide/042_03.jpg,/nas-ctm01/datasets/public/BIOMETRICS/Face_Morphing/MAD22/original_sorted/BonaFide/115_03.jpg
241,train,MIPGAN_II,/nas-ctm01/datasets/public/BIOMETRICS/Face_Morphing/MAD22/original_sorted/MIPGAN_II/042_08-vs-115_08.png,042_08-vs-115_08.png,042_08,115_08,/nas-ctm01/datasets/public/BIOMETRICS/Face_Morphing/MAD22/original_sorted/BonaFide/042_08.jpg,/nas-ctm01/datasets/public/BIOMETRICS/Face_Morphing/MAD22/original_sorted/BonaFide/115_08.jpg
242,train,MIPGAN_II,/nas-ctm01/datasets/public/BIOMETRICS/Face_Morphing/MAD22/original_sorted/MIPGAN_II/043_03-vs-092_03.png,043_03-vs-092_03.png,043_03,092_03,/nas-ctm01/datasets/public/BIOMETRICS/Face_Morphing/MAD22/original_sorted/BonaFide/043_03.jpg,/nas-ctm01/datasets/public/BIOMETRICS/Face_Morphing/MAD22/original_sorted/BonaFide/092_03.jpg
243,train,MIPGAN_II,/nas-ctm01/datasets/public/BIOMETRICS/Face_Morphing/MAD22/original_sorted/MIPGAN_II/043_03-vs-172_03.png,043_03-vs-172_03.png,043_03,172_03,/nas-ctm01/datasets/public/BIOMETRICS/Face_Morphing/MAD22/original_sorted/BonaFide/043_03.jpg,/nas-ctm01/datasets/public/BIOMETRICS/Face_Morphing/MAD22/original_sorted/BonaFide/172_03.jpg
244,train,MIPGAN_II,/nas-ctm01/datasets/public/BIOMETRICS/Face_Morphing/MAD22/original_sorted/MIPGAN_II/044_03-vs-067_03.png,044_03-vs-067_03.png,044_03,067_03,/nas-ctm01/datasets/public/BIOMETRICS/Face_Morphing/MAD22/original_sorted/BonaFide/044_03.jpg,/nas-ctm01/datasets/public/BIOMETRICS/Face_Morphing/MAD22/original_sorted/BonaFide/067_03.jpg
245,train,MIPGAN_II,/nas-ctm01/datasets/public/BIOMETRICS/Face_Morphing/MAD22/original_sorted/MIPGAN_II/044_03-vs-114_03.png,044_03-vs-114_03.png,044_03,114_03,/nas-ctm01/datasets/public/BIOMETRICS/Face_Morphing/MAD22/original_sorted/BonaFide/044_03.jpg,/nas-ctm01/datasets/public/BIOMETRICS/Face_Morphing/MAD22/original_sorted/BonaFide/114_03.jpg
246,train,MIPGAN_II,/nas-ctm01/datasets/public/BIOMETRICS/Face_Morphing/MAD22/original_sorted/MIPGAN_II/044_03-vs-115_03.png,044_03-vs-115_03.png,044_03,115_03,/nas-ctm01/datasets/public/BIOMETRICS/Face_Morphing/MAD22/original_sorted/BonaFide/044_03.jpg,/nas-ctm01/datasets/public/BIOMETRICS/Face_Morphing/MAD22/original_sorted/BonaFide/115_03.jpg
247,train,MIPGAN_II,/nas-ctm01/datasets/public/BIOMETRICS/Face_Morphing/MAD22/original_sorted/MIPGAN_II/044_03-vs-173_03.png,044_03-vs-173_03.png,044_03,173_03,/nas-ctm01/datasets/public/BIOMETRICS/Face_Morphing/MAD22/original_sorted/BonaFide/044_03.jpg,/nas-ctm01/datasets/public/BIOMETRICS/Face_Morphing/MAD22/original_sorted/BonaFide/173_03.jpg
248,train,MIPGAN_II,/nas-ctm01/datasets/public/BIOMETRICS/Face_Morphing/MAD22/original_sorted/MIPGAN_II/044_08-vs-061_08.png,044_08-vs-061_08.png,044_08,061_08,/nas-ctm01/datasets/public/BIOMETRICS/Face_Morphing/MAD22/original_sorted/BonaFide/044_08.jpg,/nas-ctm01/datasets/public/BIOMETRICS/Face_Morphing/MAD22/original_sorted/BonaFide/061_08.jpg
249,train,MIPGAN_II,/nas-ctm01/datasets/public/BIOMETRICS/Face_Morphing/MAD22/original_sorted/MIPGAN_II/045_03-vs-108_03.png,045_03-vs-108_03.png,045_03,108_03,/nas-ctm01/datasets/public/BIOMETRICS/Face_Morphing/MAD22/original_sorted/BonaFide/045_03.jpg,/nas-ctm01/datasets/public/BIOMETRICS/Face_Morphing/MAD22/original_sorted/BonaFide/108_03.jpg
250,train,MIPGAN_II,/nas-ctm01/datasets/public/BIOMETRICS/Face_Morphing/MAD22/original_sorted/MIPGAN_II/045_03-vs-123_03.png,045_03-vs-123_03.png,045_03,123_03,/nas-ctm01/datasets/public/BIOMETRICS/Face_Morphing/MAD22/original_sorted/BonaFide/045_03.jpg,/nas-ctm01/datasets/public/BIOMETRICS/Face_Morphing/MAD22/original_sorted/BonaFide/123_03.jpg
251,train,MIPGAN_II,/nas-ctm01/datasets/public/BIOMETRICS/Face_Morphing/MAD22/original_sorted/MIPGAN_II/045_03-vs-140_03.png,045_03-vs-140_03.png,045_03,140_03,/nas-ctm01/datasets/public/BIOMETRICS/Face_Morphing/MAD22/original_sorted/BonaFide/045_03.jpg,/nas-ctm01/datasets/public/BIOMETRICS/Face_Morphing/MAD22/original_sorted/BonaFide/140_03.jpg
252,train,MIPGAN_II,/nas-ctm01/datasets/public/BIOMETRICS/Face_Morphing/MAD22/original_sorted/MIPGAN_II/045_03-vs-143_03.png,045_03-vs-143_03.png,045_03,143_03,/nas-ctm01/datasets/public/BIOMETRICS/Face_Morphing/MAD22/original_sorted/BonaFide/045_03.jpg,/nas-ctm01/datasets/public/BIOMETRICS/Face_Morphing/MAD22/original_sorted/BonaFide/143_03.jpg
253,train,MIPGAN_II,/nas-ctm01/datasets/public/BIOMETRICS/Face_Morphing/MAD22/original_sorted/MIPGAN_II/045_08-vs-063_08.png,045_08-vs-063_08.png,045_08,063_08,/nas-ctm01/datasets/public/BIOMETRICS/Face_Morphing/MAD22/original_sorted/BonaFide/045_08.jpg,/nas-ctm01/datasets/public/BIOMETRICS/Face_Morphing/MAD22/original_sorted/BonaFide/063_08.jpg
254,train,MIPGAN_II,/nas-ctm01/datasets/public/BIOMETRICS/Face_Morphing/MAD22/original_sorted/MIPGAN_II/045_08-vs-128_08.png,045_08-vs-128_08.png,045_08,128_08,/nas-ctm01/datasets/public/BIOMETRICS/Face_Morphing/MAD22/original_sorted/BonaFide/045_08.jpg,/nas-ctm01/datasets/public/BIOMETRICS/Face_Morphing/MAD22/original_sorted/BonaFide/128_08.jpg
255,train,MIPGAN_II,/nas-ctm01/datasets/public/BIOMETRICS/Face_Morphing/MAD22/original_sorted/MIPGAN_II/061_03-vs-125_03.png,061_03-vs-125_03.png,061_03,125_03,/nas-ctm01/datasets/public/BIOMETRICS/Face_Morphing/MAD22/original_sorted/BonaFide/061_03.jpg,/nas-ctm01/datasets/public/BIOMETRICS/Face_Morphing/MAD22/original_sorted/BonaFide/125_03.jpg
256,train,MIPGAN_II,/nas-ctm01/datasets/public/BIOMETRICS/Face_Morphing/MAD22/original_sorted/MIPGAN_II/062_03-vs-099_03.png,062_03-vs-099_03.png,062_03,099_03,/nas-ctm01/datasets/public/BIOMETRICS/Face_Morphing/MAD22/original_sorted/BonaFide/062_03.jpg,/nas-ctm01/datasets/public/BIOMETRICS/Face_Morphing/MAD22/original_sorted/BonaFide/099_03.jpg
257,train,MIPGAN_II,/nas-ctm01/datasets/public/BIOMETRICS/Face_Morphing/MAD22/original_sorted/MIPGAN_II/062_03-vs-102_03.png,062_03-vs-102_03.png,062_03,102_03,/nas-ctm01/datasets/public/BIOMETRICS/Face_Morphing/MAD22/original_sorted/BonaFide/062_03.jpg,/nas-ctm01/datasets/public/BIOMETRICS/Face_Morphing/MAD22/original_sorted/BonaFide/102_03.jpg
258,train,MIPGAN_II,/nas-ctm01/datasets/public/BIOMETRICS/Face_Morphing/MAD22/original_sorted/MIPGAN_II/062_03-vs-118_03.png,062_03-vs-118_03.png,062_03,118_03,/nas-ctm01/datasets/public/BIOMETRICS/Face_Morphing/MAD22/original_sorted/BonaFide/062_03.jpg,/nas-ctm01/datasets/public/BIOMETRICS/Face_Morphing/MAD22/original_sorted/BonaFide/118_03.jpg
259,train,MIPGAN_II,/nas-ctm01/datasets/public/BIOMETRICS/Face_Morphing/MAD22/original_sorted/MIPGAN_II/062_08-vs-064_08.png,062_08-vs-064_08.png,062_08,064_08,/nas-ctm01/datasets/public/BIOMETRICS/Face_Morphing/MAD22/original_sorted/BonaFide/062_08.jpg,/nas-ctm01/datasets/public/BIOMETRICS/Face_Morphing/MAD22/original_sorted/BonaFide/064_08.jpg
260,train,MIPGAN_II,/nas-ctm01/datasets/public/BIOMETRICS/Face_Morphing/MAD22/original_sorted/MIPGAN_II/062_08-vs-083_08.png,062_08-vs-083_08.png,062_08,083_08,/nas-ctm01/datasets/public/BIOMETRICS/Face_Morphing/MAD22/original_sorted/BonaFide/062_08.jpg,/nas-ctm01/datasets/public/BIOMETRICS/Face_Morphing/MAD22/original_sorted/BonaFide/083_08.jpg
261,train,MIPGAN_II,/nas-ctm01/datasets/public/BIOMETRICS/Face_Morphing/MAD22/original_sorted/MIPGAN_II/062_08-vs-102_08.png,062_08-vs-102_08.png,062_08,102_08,/nas-ctm01/datasets/public/BIOMETRICS/Face_Morphing/MAD22/original_sorted/BonaFide/062_08.jpg,/nas-ctm01/datasets/public/BIOMETRICS/Face_Morphing/MAD22/original_sorted/BonaFide/102_08.jpg
262,train,MIPGAN_II,/nas-ctm01/datasets/public/BIOMETRICS/Face_Morphing/MAD22/original_sorted/MIPGAN_II/063_03-vs-069_03.png,063_03-vs-069_03.png,063_03,069_03,/nas-ctm01/datasets/public/BIOMETRICS/Face_Morphing/MAD22/original_sorted/BonaFide/063_03.jpg,/nas-ctm01/datasets/public/BIOMETRICS/Face_Morphing/MAD22/original_sorted/BonaFide/069_03.jpg
263,train,MIPGAN_II,/nas-ctm01/datasets/public/BIOMETRICS/Face_Morphing/MAD22/original_sorted/MIPGAN_II/063_03-vs-123_03.png,063_03-vs-123_03.png,063_03,123_03,/nas-ctm01/datasets/public/BIOMETRICS/Face_Morphing/MAD22/original_sorted/BonaFide/063_03.jpg,/nas-ctm01/datasets/public/BIOMETRICS/Face_Morphing/MAD22/original_sorted/BonaFide/123_03.jpg
264,train,MIPGAN_II,/nas-ctm01/datasets/public/BIOMETRICS/Face_Morphing/MAD22/original_sorted/MIPGAN_II/063_03-vs-125_03.png,063_03-vs-125_03.png,063_03,125_03,/nas-ctm01/datasets/public/BIOMETRICS/Face_Morphing/MAD22/original_sorted/BonaFide/063_03.jpg,/nas-ctm01/datasets/public/BIOMETRICS/Face_Morphing/MAD22/original_sorted/BonaFide/125_03.jpg
265,train,MIPGAN_II,/nas-ctm01/datasets/public/BIOMETRICS/Face_Morphing/MAD22/original_sorted/MIPGAN_II/063_03-vs-130_03.png,063_03-vs-130_03.png,063_03,130_03,/nas-ctm01/datasets/public/BIOMETRICS/Face_Morphing/MAD22/original_sorted/BonaFide/063_03.jpg,/nas-ctm01/datasets/public/BIOMETRICS/Face_Morphing/MAD22/original_sorted/BonaFide/130_03.jpg
266,train,MIPGAN_II,/nas-ctm01/datasets/public/BIOMETRICS/Face_Morphing/MAD22/original_sorted/MIPGAN_II/063_08-vs-130_08.png,063_08-vs-130_08.png,063_08,130_08,/nas-ctm01/datasets/public/BIOMETRICS/Face_Morphing/MAD22/original_sorted/BonaFide/063_08.jpg,/nas-ctm01/datasets/public/BIOMETRICS/Face_Morphing/MAD22/original_sorted/BonaFide/130_08.jpg
267,train,MIPGAN_II,/nas-ctm01/datasets/public/BIOMETRICS/Face_Morphing/MAD22/original_sorted/MIPGAN_II/063_08-vs-132_08.png,063_08-vs-132_08.png,063_08,132_08,/nas-ctm01/datasets/public/BIOMETRICS/Face_Morphing/MAD22/original_sorted/BonaFide/063_08.jpg,/nas-ctm01/datasets/public/BIOMETRICS/Face_Morphing/MAD22/original_sorted/BonaFide/132_08.jpg
268,train,MIPGAN_II,/nas-ctm01/datasets/public/BIOMETRICS/Face_Morphing/MAD22/original_sorted/MIPGAN_II/063_08-vs-140_08.png,063_08-vs-140_08.png,063_08,140_08,/nas-ctm01/datasets/public/BIOMETRICS/Face_Morphing/MAD22/original_sorted/BonaFide/063_08.jpg,/nas-ctm01/datasets/public/BIOMETRICS/Face_Morphing/MAD22/original_sorted/BonaFide/140_08.jpg
269,train,MIPGAN_II,/nas-ctm01/datasets/public/BIOMETRICS/Face_Morphing/MAD22/original_sorted/MIPGAN_II/064_03-vs-094_03.png,064_03-vs-094_03.png,064_03,094_03,/nas-ctm01/datasets/public/BIOMETRICS/Face_Morphing/MAD22/original_sorted/BonaFide/064_03.jpg,/nas-ctm01/datasets/public/BIOMETRICS/Face_Morphing/MAD22/original_sorted/BonaFide/094_03.jpg
270,train,MIPGAN_II,/nas-ctm01/datasets/public/BIOMETRICS/Face_Morphing/MAD22/original_sorted/MIPGAN_II/064_03-vs-135_03.png,064_03-vs-135_03.png,064_03,135_03,/nas-ctm01/datasets/public/BIOMETRICS/Face_Morphing/MAD22/original_sorted/BonaFide/064_03.jpg,/nas-ctm01/datasets/public/BIOMETRICS/Face_Morphing/MAD22/original_sorted/BonaFide/135_03.jpg
271,train,MIPGAN_II,/nas-ctm01/datasets/public/BIOMETRICS/Face_Morphing/MAD22/original_sorted/MIPGAN_II/064_08-vs-099_08.png,064_08-vs-099_08.png,064_08,099_08,/nas-ctm01/datasets/public/BIOMETRICS/Face_Morphing/MAD22/original_sorted/BonaFide/064_08.jpg,/nas-ctm01/datasets/public/BIOMETRICS/Face_Morphing/MAD22/original_sorted/BonaFide/099_08.jpg
272,train,MIPGAN_II,/nas-ctm01/datasets/public/BIOMETRICS/Face_Morphing/MAD22/original_sorted/MIPGAN_II/064_08-vs-122_08.png,064_08-vs-122_08.png,064_08,122_08,/nas-ctm01/datasets/public/BIOMETRICS/Face_Morphing/MAD22/original_sorted/BonaFide/064_08.jpg,/nas-ctm01/datasets/public/BIOMETRICS/Face_Morphing/MAD22/original_sorted/BonaFide/122_08.jpg
273,train,MIPGAN_II,/nas-ctm01/datasets/public/BIOMETRICS/Face_Morphing/MAD22/original_sorted/MIPGAN_II/064_08-vs-127_08.png,064_08-vs-127_08.png,064_08,127_08,/nas-ctm01/datasets/public/BIOMETRICS/Face_Morphing/MAD22/original_sorted/BonaFide/064_08.jpg,/nas-ctm01/datasets/public/BIOMETRICS/Face_Morphing/MAD22/original_sorted/BonaFide/127_08.jpg
274,train,MIPGAN_II,/nas-ctm01/datasets/public/BIOMETRICS/Face_Morphing/MAD22/original_sorted/MIPGAN_II/064_08-vs-134_08.png,064_08-vs-134_08.png,064_08,134_08,/nas-ctm01/datasets/public/BIOMETRICS/Face_Morphing/MAD22/original_sorted/BonaFide/064_08.jpg,/nas-ctm01/datasets/public/BIOMETRICS/Face_Morphing/MAD22/original_sorted/BonaFide/134_08.jpg
275,train,MIPGAN_II,/nas-ctm01/datasets/public/BIOMETRICS/Face_Morphing/MAD22/original_sorted/MIPGAN_II/066_03-vs-100_03.png,066_03-vs-100_03.png,066_03,100_03,/nas-ctm01/datasets/public/BIOMETRICS/Face_Morphing/MAD22/original_sorted/BonaFide/066_03.jpg,/nas-ctm01/datasets/public/BIOMETRICS/Face_Morphing/MAD22/original_sorted/BonaFide/100_03.jpg
276,train,MIPGAN_II,/nas-ctm01/datasets/public/BIOMETRICS/Face_Morphing/MAD22/original_sorted/MIPGAN_II/066_03-vs-113_03.png,066_03-vs-113_03.png,066_03,113_03,/nas-ctm01/datasets/public/BIOMETRICS/Face_Morphing/MAD22/original_sorted/BonaFide/066_03.jpg,/nas-ctm01/datasets/public/BIOMETRICS/Face_Morphing/MAD22/original_sorted/BonaFide/113_03.jpg
277,train,MIPGAN_II,/nas-ctm01/datasets/public/BIOMETRICS/Face_Morphing/MAD22/original_sorted/MIPGAN_II/067_03-vs-128_03.png,067_03-vs-128_03.png,067_03,128_03,/nas-ctm01/datasets/public/BIOMETRICS/Face_Morphing/MAD22/original_sorted/BonaFide/067_03.jpg,/nas-ctm01/datasets/public/BIOMETRICS/Face_Morphing/MAD22/original_sorted/BonaFide/128_03.jpg
278,train,MIPGAN_II,/nas-ctm01/datasets/public/BIOMETRICS/Face_Morphing/MAD22/original_sorted/MIPGAN_II/067_08-vs-141_08.png,067_08-vs-141_08.png,067_08,141_08,/nas-ctm01/datasets/public/BIOMETRICS/Face_Morphing/MAD22/original_sorted/BonaFide/067_08.jpg,/nas-ctm01/datasets/public/BIOMETRICS/Face_Morphing/MAD22/original_sorted/BonaFide/141_08.jpg
279,train,MIPGAN_II,/nas-ctm01/datasets/public/BIOMETRICS/Face_Morphing/MAD22/original_sorted/MIPGAN_II/068_03-vs-117_03.png,068_03-vs-117_03.png,068_03,117_03,/nas-ctm01/datasets/public/BIOMETRICS/Face_Morphing/MAD22/original_sorted/BonaFide/068_03.jpg,/nas-ctm01/datasets/public/BIOMETRICS/Face_Morphing/MAD22/original_sorted/BonaFide/117_03.jpg
280,train,MIPGAN_II,/nas-ctm01/datasets/public/BIOMETRICS/Face_Morphing/MAD22/original_sorted/MIPGAN_II/068_03-vs-128_03.png,068_03-vs-128_03.png,068_03,128_03,/nas-ctm01/datasets/public/BIOMETRICS/Face_Morphing/MAD22/original_sorted/BonaFide/068_03.jpg,/nas-ctm01/datasets/public/BIOMETRICS/Face_Morphing/MAD22/original_sorted/BonaFide/128_03.jpg
281,train,MIPGAN_II,/nas-ctm01/datasets/public/BIOMETRICS/Face_Morphing/MAD22/original_sorted/MIPGAN_II/068_08-vs-082_08.png,068_08-vs-082_08.png,068_08,082_08,/nas-ctm01/datasets/public/BIOMETRICS/Face_Morphing/MAD22/original_sorted/BonaFide/068_08.jpg,/nas-ctm01/datasets/public/BIOMETRICS/Face_Morphing/MAD22/original_sorted/BonaFide/082_08.jpg
282,train,MIPGAN_II,/nas-ctm01/datasets/public/BIOMETRICS/Face_Morphing/MAD22/original_sorted/MIPGAN_II/068_08-vs-128_08.png,068_08-vs-128_08.png,068_08,128_08,/nas-ctm01/datasets/public/BIOMETRICS/Face_Morphing/MAD22/original_sorted/BonaFide/068_08.jpg,/nas-ctm01/datasets/public/BIOMETRICS/Face_Morphing/MAD22/original_sorted/BonaFide/128_08.jpg
283,train,MIPGAN_II,/nas-ctm01/datasets/public/BIOMETRICS/Face_Morphing/MAD22/original_sorted/MIPGAN_II/068_08-vs-132_08.png,068_08-vs-132_08.png,068_08,132_08,/nas-ctm01/datasets/public/BIOMETRICS/Face_Morphing/MAD22/original_sorted/BonaFide/068_08.jpg,/nas-ctm01/datasets/public/BIOMETRICS/Face_Morphing/MAD22/original_sorted/BonaFide/132_08.jpg
284,train,MIPGAN_II,/nas-ctm01/datasets/public/BIOMETRICS/Face_Morphing/MAD22/original_sorted/MIPGAN_II/069_03-vs-172_03.png,069_03-vs-172_03.png,069_03,172_03,/nas-ctm01/datasets/public/BIOMETRICS/Face_Morphing/MAD22/original_sorted/BonaFide/069_03.jpg,/nas-ctm01/datasets/public/BIOMETRICS/Face_Morphing/MAD22/original_sorted/BonaFide/172_03.jpg
285,train,MIPGAN_II,/nas-ctm01/datasets/public/BIOMETRICS/Face_Morphing/MAD22/original_sorted/MIPGAN_II/069_08-vs-092_08.png,069_08-vs-092_08.png,069_08,092_08,/nas-ctm01/datasets/public/BIOMETRICS/Face_Morphing/MAD22/original_sorted/BonaFide/069_08.jpg,/nas-ctm01/datasets/public/BIOMETRICS/Face_Morphing/MAD22/original_sorted/BonaFide/092_08.jpg
286,train,MIPGAN_II,/nas-ctm01/datasets/public/BIOMETRICS/Face_Morphing/MAD22/original_sorted/MIPGAN_II/070_03-vs-108_03.png,070_03-vs-108_03.png,070_03,108_03,/nas-ctm01/datasets/public/BIOMETRICS/Face_Morphing/MAD22/original_sorted/BonaFide/070_03.jpg,/nas-ctm01/datasets/public/BIOMETRICS/Face_Morphing/MAD22/original_sorted/BonaFide/108_03.jpg
287,train,MIPGAN_II,/nas-ctm01/datasets/public/BIOMETRICS/Face_Morphing/MAD22/original_sorted/MIPGAN_II/070_03-vs-143_03.png,070_03-vs-143_03.png,070_03,143_03,/nas-ctm01/datasets/public/BIOMETRICS/Face_Morphing/MAD22/original_sorted/BonaFide/070_03.jpg,/nas-ctm01/datasets/public/BIOMETRICS/Face_Morphing/MAD22/original_sorted/BonaFide/143_03.jpg
288,train,MIPGAN_II,/nas-ctm01/datasets/public/BIOMETRICS/Face_Morphing/MAD22/original_sorted/MIPGAN_II/070_08-vs-108_08.png,070_08-vs-108_08.png,070_08,108_08,/nas-ctm01/datasets/public/BIOMETRICS/Face_Morphing/MAD22/original_sorted/BonaFide/070_08.jpg,/nas-ctm01/datasets/public/BIOMETRICS/Face_Morphing/MAD22/original_sorted/BonaFide/108_08.jpg
289,train,MIPGAN_II,/nas-ctm01/datasets/public/BIOMETRICS/Face_Morphing/MAD22/original_sorted/MIPGAN_II/081_03-vs-087_03.png,081_03-vs-087_03.png,081_03,087_03,/nas-ctm01/datasets/public/BIOMETRICS/Face_Morphing/MAD22/original_sorted/BonaFide/081_03.jpg,/nas-ctm01/datasets/public/BIOMETRICS/Face_Morphing/MAD22/original_sorted/BonaFide/087_03.jpg
290,train,MIPGAN_II,/nas-ctm01/datasets/public/BIOMETRICS/Face_Morphing/MAD22/original_sorted/MIPGAN_II/081_03-vs-127_03.png,081_03-vs-127_03.png,081_03,127_03,/nas-ctm01/datasets/public/BIOMETRICS/Face_Morphing/MAD22/original_sorted/BonaFide/081_03.jpg,/nas-ctm01/datasets/public/BIOMETRICS/Face_Morphing/MAD22/original_sorted/BonaFide/127_03.jpg
291,train,MIPGAN_II,/nas-ctm01/datasets/public/BIOMETRICS/Face_Morphing/MAD22/original_sorted/MIPGAN_II/081_03-vs-135_03.png,081_03-vs-135_03.png,081_03,135_03,/nas-ctm01/datasets/public/BIOMETRICS/Face_Morphing/MAD22/original_sorted/BonaFide/081_03.jpg,/nas-ctm01/datasets/public/BIOMETRICS/Face_Morphing/MAD22/original_sorted/BonaFide/135_03.jpg
292,train,MIPGAN_II,/nas-ctm01/datasets/public/BIOMETRICS/Face_Morphing/MAD22/original_sorted/MIPGAN_II/081_08-vs-100_08.png,081_08-vs-100_08.png,081_08,100_08,/nas-ctm01/datasets/public/BIOMETRICS/Face_Morphing/MAD22/original_sorted/BonaFide/081_08.jpg,/nas-ctm01/datasets/public/BIOMETRICS/Face_Morphing/MAD22/original_sorted/BonaFide/100_08.jpg
293,train,MIPGAN_II,/nas-ctm01/datasets/public/BIOMETRICS/Face_Morphing/MAD22/original_sorted/MIPGAN_II/081_08-vs-135_08.png,081_08-vs-135_08.png,081_08,135_08,/nas-ctm01/datasets/public/BIOMETRICS/Face_Morphing/MAD22/original_sorted/BonaFide/081_08.jpg,/nas-ctm01/datasets/public/BIOMETRICS/Face_Morphing/MAD22/original_sorted/BonaFide/135_08.jpg
294,train,MIPGAN_II,/nas-ctm01/datasets/public/BIOMETRICS/Face_Morphing/MAD22/original_sorted/MIPGAN_II/082_03-vs-105_03.png,082_03-vs-105_03.png,082_03,105_03,/nas-ctm01/datasets/public/BIOMETRICS/Face_Morphing/MAD22/original_sorted/BonaFide/082_03.jpg,/nas-ctm01/datasets/public/BIOMETRICS/Face_Morphing/MAD22/original_sorted/BonaFide/105_03.jpg
295,train,MIPGAN_II,/nas-ctm01/datasets/public/BIOMETRICS/Face_Morphing/MAD22/original_sorted/MIPGAN_II/082_03-vs-138_03.png,082_03-vs-138_03.png,082_03,138_03,/nas-ctm01/datasets/public/BIOMETRICS/Face_Morphing/MAD22/original_sorted/BonaFide/082_03.jpg,/nas-ctm01/datasets/public/BIOMETRICS/Face_Morphing/MAD22/original_sorted/BonaFide/138_03.jpg
296,train,MIPGAN_II,/nas-ctm01/datasets/public/BIOMETRICS/Face_Morphing/MAD22/original_sorted/MIPGAN_II/082_08-vs-101_08.png,082_08-vs-101_08.png,082_08,101_08,/nas-ctm01/datasets/public/BIOMETRICS/Face_Morphing/MAD22/original_sorted/BonaFide/082_08.jpg,/nas-ctm01/datasets/public/BIOMETRICS/Face_Morphing/MAD22/original_sorted/BonaFide/101_08.jpg
297,train,MIPGAN_II,/nas-ctm01/datasets/public/BIOMETRICS/Face_Morphing/MAD22/original_sorted/MIPGAN_II/082_08-vs-130_08.png,082_08-vs-130_08.png,082_08,130_08,/nas-ctm01/datasets/public/BIOMETRICS/Face_Morphing/MAD22/original_sorted/BonaFide/082_08.jpg,/nas-ctm01/datasets/public/BIOMETRICS/Face_Morphing/MAD22/original_sorted/BonaFide/130_08.jpg
298,train,MIPGAN_II,/nas-ctm01/datasets/public/BIOMETRICS/Face_Morphing/MAD22/original_sorted/MIPGAN_II/083_03-vs-087_03.png,083_03-vs-087_03.png,083_03,087_03,/nas-ctm01/datasets/public/BIOMETRICS/Face_Morphing/MAD22/original_sorted/BonaFide/083_03.jpg,/nas-ctm01/datasets/public/BIOMETRICS/Face_Morphing/MAD22/original_sorted/BonaFide/087_03.jpg
299,train,MIPGAN_II,/nas-ctm01/datasets/public/BIOMETRICS/Face_Morphing/MAD22/original_sorted/MIPGAN_II/083_03-vs-113_03.png,083_03-vs-113_03.png,083_03,113_03,/nas-ctm01/datasets/public/BIOMETRICS/Face_Morphing/MAD22/original_sorted/BonaFide/083_03.jpg,/nas-ctm01/datasets/public/BIOMETRICS/Face_Morphing/MAD22/original_sorted/BonaFide/113_03.jpg
300,train,MIPGAN_II,/nas-ctm01/datasets/public/BIOMETRICS/Face_Morphing/MAD22/original_sorted/MIPGAN_II/083_08-vs-087_08.png,083_08-vs-087_08.png,083_08,087_08,/nas-ctm01/datasets/public/BIOMETRICS/Face_Morphing/MAD22/original_sorted/BonaFide/083_08.jpg,/nas-ctm01/datasets/public/BIOMETRICS/Face_Morphing/MAD22/original_sorted/BonaFide/087_08.jpg
301,train,MIPGAN_II,/nas-ctm01/datasets/public/BIOMETRICS/Face_Morphing/MAD22/original_sorted/MIPGAN_II/083_08-vs-129_08.png,083_08-vs-129_08.png,083_08,129_08,/nas-ctm01/datasets/public/BIOMETRICS/Face_Morphing/MAD22/original_sorted/BonaFide/083_08.jpg,/nas-ctm01/datasets/public/BIOMETRICS/Face_Morphing/MAD22/original_sorted/BonaFide/129_08.jpg
302,train,MIPGAN_II,/nas-ctm01/datasets/public/BIOMETRICS/Face_Morphing/MAD22/original_sorted/MIPGAN_II/087_03-vs-135_03.png,087_03-vs-135_03.png,087_03,135_03,/nas-ctm01/datasets/public/BIOMETRICS/Face_Morphing/MAD22/original_sorted/BonaFide/087_03.jpg,/nas-ctm01/datasets/public/BIOMETRICS/Face_Morphing/MAD22/original_sorted/BonaFide/135_03.jpg
303,train,MIPGAN_II,/nas-ctm01/datasets/public/BIOMETRICS/Face_Morphing/MAD22/original_sorted/MIPGAN_II/087_08-vs-090_08.png,087_08-vs-090_08.png,087_08,090_08,/nas-ctm01/datasets/public/BIOMETRICS/Face_Morphing/MAD22/original_sorted/BonaFide/087_08.jpg,/nas-ctm01/datasets/public/BIOMETRICS/Face_Morphing/MAD22/original_sorted/BonaFide/090_08.jpg
304,train,MIPGAN_II,/nas-ctm01/datasets/public/BIOMETRICS/Face_Morphing/MAD22/original_sorted/MIPGAN_II/087_08-vs-118_08.png,087_08-vs-118_08.png,087_08,118_08,/nas-ctm01/datasets/public/BIOMETRICS/Face_Morphing/MAD22/original_sorted/BonaFide/087_08.jpg,/nas-ctm01/datasets/public/BIOMETRICS/Face_Morphing/MAD22/original_sorted/BonaFide/118_08.jpg
305,train,MIPGAN_II,/nas-ctm01/datasets/public/BIOMETRICS/Face_Morphing/MAD22/original_sorted/MIPGAN_II/087_08-vs-124_08.png,087_08-vs-124_08.png,087_08,124_08,/nas-ctm01/datasets/public/BIOMETRICS/Face_Morphing/MAD22/original_sorted/BonaFide/087_08.jpg,/nas-ctm01/datasets/public/BIOMETRICS/Face_Morphing/MAD22/original_sorted/BonaFide/124_08.jpg
306,train,MIPGAN_II,/nas-ctm01/datasets/public/BIOMETRICS/Face_Morphing/MAD22/original_sorted/MIPGAN_II/087_08-vs-135_08.png,087_08-vs-135_08.png,087_08,135_08,/nas-ctm01/datasets/public/BIOMETRICS/Face_Morphing/MAD22/original_sorted/BonaFide/087_08.jpg,/nas-ctm01/datasets/public/BIOMETRICS/Face_Morphing/MAD22/original_sorted/BonaFide/135_08.jpg
307,train,MIPGAN_II,/nas-ctm01/datasets/public/BIOMETRICS/Face_Morphing/MAD22/original_sorted/MIPGAN_II/087_08-vs-136_08.png,087_08-vs-136_08.png,087_08,136_08,/nas-ctm01/datasets/public/BIOMETRICS/Face_Morphing/MAD22/original_sorted/BonaFide/087_08.jpg,/nas-ctm01/datasets/public/BIOMETRICS/Face_Morphing/MAD22/original_sorted/BonaFide/136_08.jpg
308,train,MIPGAN_II,/nas-ctm01/datasets/public/BIOMETRICS/Face_Morphing/MAD22/original_sorted/MIPGAN_II/090_03-vs-091_03.png,090_03-vs-091_03.png,090_03,091_03,/nas-ctm01/datasets/public/BIOMETRICS/Face_Morphing/MAD22/original_sorted/BonaFide/090_03.jpg,/nas-ctm01/datasets/public/BIOMETRICS/Face_Morphing/MAD22/original_sorted/BonaFide/091_03.jpg
309,train,MIPGAN_II,/nas-ctm01/datasets/public/BIOMETRICS/Face_Morphing/MAD22/original_sorted/MIPGAN_II/090_03-vs-112_03.png,090_03-vs-112_03.png,090_03,112_03,/nas-ctm01/datasets/public/BIOMETRICS/Face_Morphing/MAD22/original_sorted/BonaFide/090_03.jpg,/nas-ctm01/datasets/public/BIOMETRICS/Face_Morphing/MAD22/original_sorted/BonaFide/112_03.jpg
310,train,MIPGAN_II,/nas-ctm01/datasets/public/BIOMETRICS/Face_Morphing/MAD22/original_sorted/MIPGAN_II/090_08-vs-127_08.png,090_08-vs-127_08.png,090_08,127_08,/nas-ctm01/datasets/public/BIOMETRICS/Face_Morphing/MAD22/original_sorted/BonaFide/090_08.jpg,/nas-ctm01/datasets/public/BIOMETRICS/Face_Morphing/MAD22/original_sorted/BonaFide/127_08.jpg
311,train,MIPGAN_II,/nas-ctm01/datasets/public/BIOMETRICS/Face_Morphing/MAD22/original_sorted/MIPGAN_II/091_03-vs-129_03.png,091_03-vs-129_03.png,091_03,129_03,/nas-ctm01/datasets/public/BIOMETRICS/Face_Morphing/MAD22/original_sorted/BonaFide/091_03.jpg,/nas-ctm01/datasets/public/BIOMETRICS/Face_Morphing/MAD22/original_sorted/BonaFide/129_03.jpg
312,train,MIPGAN_II,/nas-ctm01/datasets/public/BIOMETRICS/Face_Morphing/MAD22/original_sorted/MIPGAN_II/092_03-vs-104_03.png,092_03-vs-104_03.png,092_03,104_03,/nas-ctm01/datasets/public/BIOMETRICS/Face_Morphing/MAD22/original_sorted/BonaFide/092_03.jpg,/nas-ctm01/datasets/public/BIOMETRICS/Face_Morphing/MAD22/original_sorted/BonaFide/104_03.jpg
313,train,MIPGAN_II,/nas-ctm01/datasets/public/BIOMETRICS/Face_Morphing/MAD22/original_sorted/MIPGAN_II/092_03-vs-123_03.png,092_03-vs-123_03.png,092_03,123_03,/nas-ctm01/datasets/public/BIOMETRICS/Face_Morphing/MAD22/original_sorted/BonaFide/092_03.jpg,/nas-ctm01/datasets/public/BIOMETRICS/Face_Morphing/MAD22/original_sorted/BonaFide/123_03.jpg
314,train,MIPGAN_II,/nas-ctm01/datasets/public/BIOMETRICS/Face_Morphing/MAD22/original_sorted/MIPGAN_II/092_03-vs-128_03.png,092_03-vs-128_03.png,092_03,128_03,/nas-ctm01/datasets/public/BIOMETRICS/Face_Morphing/MAD22/original_sorted/BonaFide/092_03.jpg,/nas-ctm01/datasets/public/BIOMETRICS/Face_Morphing/MAD22/original_sorted/BonaFide/128_03.jpg
315,train,MIPGAN_II,/nas-ctm01/datasets/public/BIOMETRICS/Face_Morphing/MAD22/original_sorted/MIPGAN_II/094_03-vs-124_03.png,094_03-vs-124_03.png,094_03,124_03,/nas-ctm01/datasets/public/BIOMETRICS/Face_Morphing/MAD22/original_sorted/BonaFide/094_03.jpg,/nas-ctm01/datasets/public/BIOMETRICS/Face_Morphing/MAD22/original_sorted/BonaFide/124_03.jpg
316,train,MIPGAN_II,/nas-ctm01/datasets/public/BIOMETRICS/Face_Morphing/MAD22/original_sorted/MIPGAN_II/094_03-vs-126_03.png,094_03-vs-126_03.png,094_03,126_03,/nas-ctm01/datasets/public/BIOMETRICS/Face_Morphing/MAD22/original_sorted/BonaFide/094_03.jpg,/nas-ctm01/datasets/public/BIOMETRICS/Face_Morphing/MAD22/original_sorted/BonaFide/126_03.jpg
317,train,MIPGAN_II,/nas-ctm01/datasets/public/BIOMETRICS/Face_Morphing/MAD22/original_sorted/MIPGAN_II/094_08-vs-097_08.png,094_08-vs-097_08.png,094_08,097_08,/nas-ctm01/datasets/public/BIOMETRICS/Face_Morphing/MAD22/original_sorted/BonaFide/094_08.jpg,/nas-ctm01/datasets/public/BIOMETRICS/Face_Morphing/MAD22/original_sorted/BonaFide/097_08.jpg
318,train,MIPGAN_II,/nas-ctm01/datasets/public/BIOMETRICS/Face_Morphing/MAD22/original_sorted/MIPGAN_II/094_08-vs-099_08.png,094_08-vs-099_08.png,094_08,099_08,/nas-ctm01/datasets/public/BIOMETRICS/Face_Morphing/MAD22/original_sorted/BonaFide/094_08.jpg,/nas-ctm01/datasets/public/BIOMETRICS/Face_Morphing/MAD22/original_sorted/BonaFide/099_08.jpg
319,train,MIPGAN_II,/nas-ctm01/datasets/public/BIOMETRICS/Face_Morphing/MAD22/original_sorted/MIPGAN_II/094_08-vs-124_08.png,094_08-vs-124_08.png,094_08,124_08,/nas-ctm01/datasets/public/BIOMETRICS/Face_Morphing/MAD22/original_sorted/BonaFide/094_08.jpg,/nas-ctm01/datasets/public/BIOMETRICS/Face_Morphing/MAD22/original_sorted/BonaFide/124_08.jpg
320,train,MIPGAN_II,/nas-ctm01/datasets/public/BIOMETRICS/Face_Morphing/MAD22/original_sorted/MIPGAN_II/094_08-vs-127_08.png,094_08-vs-127_08.png,094_08,127_08,/nas-ctm01/datasets/public/BIOMETRICS/Face_Morphing/MAD22/original_sorted/BonaFide/094_08.jpg,/nas-ctm01/datasets/public/BIOMETRICS/Face_Morphing/MAD22/original_sorted/BonaFide/127_08.jpg
321,train,MIPGAN_II,/nas-ctm01/datasets/public/BIOMETRICS/Face_Morphing/MAD22/original_sorted/MIPGAN_II/094_08-vs-139_08.png,094_08-vs-139_08.png,094_08,139_08,/nas-ctm01/datasets/public/BIOMETRICS/Face_Morphing/MAD22/original_sorted/BonaFide/094_08.jpg,/nas-ctm01/datasets/public/BIOMETRICS/Face_Morphing/MAD22/original_sorted/BonaFide/139_08.jpg
322,train,MIPGAN_II,/nas-ctm01/datasets/public/BIOMETRICS/Face_Morphing/MAD22/original_sorted/MIPGAN_II/096_03-vs-130_03.png,096_03-vs-130_03.png,096_03,130_03,/nas-ctm01/datasets/public/BIOMETRICS/Face_Morphing/MAD22/original_sorted/BonaFide/096_03.jpg,/nas-ctm01/datasets/public/BIOMETRICS/Face_Morphing/MAD22/original_sorted/BonaFide/130_03.jpg
323,train,MIPGAN_II,/nas-ctm01/datasets/public/BIOMETRICS/Face_Morphing/MAD22/original_sorted/MIPGAN_II/096_03-vs-137_03.png,096_03-vs-137_03.png,096_03,137_03,/nas-ctm01/datasets/public/BIOMETRICS/Face_Morphing/MAD22/original_sorted/BonaFide/096_03.jpg,/nas-ctm01/datasets/public/BIOMETRICS/Face_Morphing/MAD22/original_sorted/BonaFide/137_03.jpg
324,train,MIPGAN_II,/nas-ctm01/datasets/public/BIOMETRICS/Face_Morphing/MAD22/original_sorted/MIPGAN_II/096_03-vs-141_03.png,096_03-vs-141_03.png,096_03,141_03,/nas-ctm01/datasets/public/BIOMETRICS/Face_Morphing/MAD22/original_sorted/BonaFide/096_03.jpg,/nas-ctm01/datasets/public/BIOMETRICS/Face_Morphing/MAD22/original_sorted/BonaFide/141_03.jpg
325,train,MIPGAN_II,/nas-ctm01/datasets/public/BIOMETRICS/Face_Morphing/MAD22/original_sorted/MIPGAN_II/097_03-vs-099_03.png,097_03-vs-099_03.png,097_03,099_03,/nas-ctm01/datasets/public/BIOMETRICS/Face_Morphing/MAD22/original_sorted/BonaFide/097_03.jpg,/nas-ctm01/datasets/public/BIOMETRICS/Face_Morphing/MAD22/original_sorted/BonaFide/099_03.jpg
326,train,MIPGAN_II,/nas-ctm01/datasets/public/BIOMETRICS/Face_Morphing/MAD22/original_sorted/MIPGAN_II/097_03-vs-112_03.png,097_03-vs-112_03.png,097_03,112_03,/nas-ctm01/datasets/public/BIOMETRICS/Face_Morphing/MAD22/original_sorted/BonaFide/097_03.jpg,/nas-ctm01/datasets/public/BIOMETRICS/Face_Morphing/MAD22/original_sorted/BonaFide/112_03.jpg
327,train,MIPGAN_II,/nas-ctm01/datasets/public/BIOMETRICS/Face_Morphing/MAD22/original_sorted/MIPGAN_II/097_03-vs-129_03.png,097_03-vs-129_03.png,097_03,129_03,/nas-ctm01/datasets/public/BIOMETRICS/Face_Morphing/MAD22/original_sorted/BonaFide/097_03.jpg,/nas-ctm01/datasets/public/BIOMETRICS/Face_Morphing/MAD22/original_sorted/BonaFide/129_03.jpg
328,train,MIPGAN_II,/nas-ctm01/datasets/public/BIOMETRICS/Face_Morphing/MAD22/original_sorted/MIPGAN_II/097_03-vs-135_03.png,097_03-vs-135_03.png,097_03,135_03,/nas-ctm01/datasets/public/BIOMETRICS/Face_Morphing/MAD22/original_sorted/BonaFide/097_03.jpg,/nas-ctm01/datasets/public/BIOMETRICS/Face_Morphing/MAD22/original_sorted/BonaFide/135_03.jpg
329,train,MIPGAN_II,/nas-ctm01/datasets/public/BIOMETRICS/Face_Morphing/MAD22/original_sorted/MIPGAN_II/097_08-vs-120_08.png,097_08-vs-120_08.png,097_08,120_08,/nas-ctm01/datasets/public/BIOMETRICS/Face_Morphing/MAD22/original_sorted/BonaFide/097_08.jpg,/nas-ctm01/datasets/public/BIOMETRICS/Face_Morphing/MAD22/original_sorted/BonaFide/120_08.jpg
330,train,MIPGAN_II,/nas-ctm01/datasets/public/BIOMETRICS/Face_Morphing/MAD22/original_sorted/MIPGAN_II/097_08-vs-139_08.png,097_08-vs-139_08.png,097_08,139_08,/nas-ctm01/datasets/public/BIOMETRICS/Face_Morphing/MAD22/original_sorted/BonaFide/097_08.jpg,/nas-ctm01/datasets/public/BIOMETRICS/Face_Morphing/MAD22/original_sorted/BonaFide/139_08.jpg
331,train,MIPGAN_II,/nas-ctm01/datasets/public/BIOMETRICS/Face_Morphing/MAD22/original_sorted/MIPGAN_II/100_03-vs-136_03.png,100_03-vs-136_03.png,100_03,136_03,/nas-ctm01/datasets/public/BIOMETRICS/Face_Morphing/MAD22/original_sorted/BonaFide/100_03.jpg,/nas-ctm01/datasets/public/BIOMETRICS/Face_Morphing/MAD22/original_sorted/BonaFide/136_03.jpg
332,train,MIPGAN_II,/nas-ctm01/datasets/public/BIOMETRICS/Face_Morphing/MAD22/original_sorted/MIPGAN_II/100_08-vs-136_08.png,100_08-vs-136_08.png,100_08,136_08,/nas-ctm01/datasets/public/BIOMETRICS/Face_Morphing/MAD22/original_sorted/BonaFide/100_08.jpg,/nas-ctm01/datasets/public/BIOMETRICS/Face_Morphing/MAD22/original_sorted/BonaFide/136_08.jpg
333,train,MIPGAN_II,/nas-ctm01/datasets/public/BIOMETRICS/Face_Morphing/MAD22/original_sorted/MIPGAN_II/101_03-vs-105_03.png,101_03-vs-105_03.png,101_03,105_03,/nas-ctm01/datasets/public/BIOMETRICS/Face_Morphing/MAD22/original_sorted/BonaFide/101_03.jpg,/nas-ctm01/datasets/public/BIOMETRICS/Face_Morphing/MAD22/original_sorted/BonaFide/105_03.jpg
334,train,MIPGAN_II,/nas-ctm01/datasets/public/BIOMETRICS/Face_Morphing/MAD22/original_sorted/MIPGAN_II/101_03-vs-132_03.png,101_03-vs-132_03.png,101_03,132_03,/nas-ctm01/datasets/public/BIOMETRICS/Face_Morphing/MAD22/original_sorted/BonaFide/101_03.jpg,/nas-ctm01/datasets/public/BIOMETRICS/Face_Morphing/MAD22/original_sorted/BonaFide/132_03.jpg
335,train,MIPGAN_II,/nas-ctm01/datasets/public/BIOMETRICS/Face_Morphing/MAD22/original_sorted/MIPGAN_II/101_03-vs-140_03.png,101_03-vs-140_03.png,101_03,140_03,/nas-ctm01/datasets/public/BIOMETRICS/Face_Morphing/MAD22/original_sorted/BonaFide/101_03.jpg,/nas-ctm01/datasets/public/BIOMETRICS/Face_Morphing/MAD22/original_sorted/BonaFide/140_03.jpg
336,train,MIPGAN_II,/nas-ctm01/datasets/public/BIOMETRICS/Face_Morphing/MAD22/original_sorted/MIPGAN_II/101_08-vs-117_08.png,101_08-vs-117_08.png,101_08,117_08,/nas-ctm01/datasets/public/BIOMETRICS/Face_Morphing/MAD22/original_sorted/BonaFide/101_08.jpg,/nas-ctm01/datasets/public/BIOMETRICS/Face_Morphing/MAD22/original_sorted/BonaFide/117_08.jpg
337,train,MIPGAN_II,/nas-ctm01/datasets/public/BIOMETRICS/Face_Morphing/MAD22/original_sorted/MIPGAN_II/102_03-vs-136_03.png,102_03-vs-136_03.png,102_03,136_03,/nas-ctm01/datasets/public/BIOMETRICS/Face_Morphing/MAD22/original_sorted/BonaFide/102_03.jpg,/nas-ctm01/datasets/public/BIOMETRICS/Face_Morphing/MAD22/original_sorted/BonaFide/136_03.jpg
338,train,MIPGAN_II,/nas-ctm01/datasets/public/BIOMETRICS/Face_Morphing/MAD22/original_sorted/MIPGAN_II/102_03-vs-139_03.png,102_03-vs-139_03.png,102_03,139_03,/nas-ctm01/datasets/public/BIOMETRICS/Face_Morphing/MAD22/original_sorted/BonaFide/102_03.jpg,/nas-ctm01/datasets/public/BIOMETRICS/Face_Morphing/MAD22/original_sorted/BonaFide/139_03.jpg
339,train,MIPGAN_II,/nas-ctm01/datasets/public/BIOMETRICS/Face_Morphing/MAD22/original_sorted/MIPGAN_II/102_03-vs-144_03.png,102_03-vs-144_03.png,102_03,144_03,/nas-ctm01/datasets/public/BIOMETRICS/Face_Morphing/MAD22/original_sorted/BonaFide/102_03.jpg,/nas-ctm01/datasets/public/BIOMETRICS/Face_Morphing/MAD22/original_sorted/BonaFide/144_03.jpg
340,train,MIPGAN_II,/nas-ctm01/datasets/public/BIOMETRICS/Face_Morphing/MAD22/original_sorted/MIPGAN_II/102_08-vs-124_08.png,102_08-vs-124_08.png,102_08,124_08,/nas-ctm01/datasets/public/BIOMETRICS/Face_Morphing/MAD22/original_sorted/BonaFide/102_08.jpg,/nas-ctm01/datasets/public/BIOMETRICS/Face_Morphing/MAD22/original_sorted/BonaFide/124_08.jpg
341,train,MIPGAN_II,/nas-ctm01/datasets/public/BIOMETRICS/Face_Morphing/MAD22/original_sorted/MIPGAN_II/103_03-vs-117_03.png,103_03-vs-117_03.png,103_03,117_03,/nas-ctm01/datasets/public/BIOMETRICS/Face_Morphing/MAD22/original_sorted/BonaFide/103_03.jpg,/nas-ctm01/datasets/public/BIOMETRICS/Face_Morphing/MAD22/original_sorted/BonaFide/117_03.jpg
342,train,MIPGAN_II,/nas-ctm01/datasets/public/BIOMETRICS/Face_Morphing/MAD22/original_sorted/MIPGAN_II/103_03-vs-143_03.png,103_03-vs-143_03.png,103_03,143_03,/nas-ctm01/datasets/public/BIOMETRICS/Face_Morphing/MAD22/original_sorted/BonaFide/103_03.jpg,/nas-ctm01/datasets/public/BIOMETRICS/Face_Morphing/MAD22/original_sorted/BonaFide/143_03.jpg
343,train,MIPGAN_II,/nas-ctm01/datasets/public/BIOMETRICS/Face_Morphing/MAD22/original_sorted/MIPGAN_II/104_03-vs-141_03.png,104_03-vs-141_03.png,104_03,141_03,/nas-ctm01/datasets/public/BIOMETRICS/Face_Morphing/MAD22/original_sorted/BonaFide/104_03.jpg,/nas-ctm01/datasets/public/BIOMETRICS/Face_Morphing/MAD22/original_sorted/BonaFide/141_03.jpg
344,train,MIPGAN_II,/nas-ctm01/datasets/public/BIOMETRICS/Face_Morphing/MAD22/original_sorted/MIPGAN_II/104_08-vs-141_08.png,104_08-vs-141_08.png,104_08,141_08,/nas-ctm01/datasets/public/BIOMETRICS/Face_Morphing/MAD22/original_sorted/BonaFide/104_08.jpg,/nas-ctm01/datasets/public/BIOMETRICS/Face_Morphing/MAD22/original_sorted/BonaFide/141_08.jpg
345,train,MIPGAN_II,/nas-ctm01/datasets/public/BIOMETRICS/Face_Morphing/MAD22/original_sorted/MIPGAN_II/105_03-vs-117_03.png,105_03-vs-117_03.png,105_03,117_03,/nas-ctm01/datasets/public/BIOMETRICS/Face_Morphing/MAD22/original_sorted/BonaFide/105_03.jpg,/nas-ctm01/datasets/public/BIOMETRICS/Face_Morphing/MAD22/original_sorted/BonaFide/117_03.jpg
346,train,MIPGAN_II,/nas-ctm01/datasets/public/BIOMETRICS/Face_Morphing/MAD22/original_sorted/MIPGAN_II/105_03-vs-140_03.png,105_03-vs-140_03.png,105_03,140_03,/nas-ctm01/datasets/public/BIOMETRICS/Face_Morphing/MAD22/original_sorted/BonaFide/105_03.jpg,/nas-ctm01/datasets/public/BIOMETRICS/Face_Morphing/MAD22/original_sorted/BonaFide/140_03.jpg
347,train,MIPGAN_II,/nas-ctm01/datasets/public/BIOMETRICS/Face_Morphing/MAD22/original_sorted/MIPGAN_II/105_03-vs-141_03.png,105_03-vs-141_03.png,105_03,141_03,/nas-ctm01/datasets/public/BIOMETRICS/Face_Morphing/MAD22/original_sorted/BonaFide/105_03.jpg,/nas-ctm01/datasets/public/BIOMETRICS/Face_Morphing/MAD22/original_sorted/BonaFide/141_03.jpg
348,train,MIPGAN_II,/nas-ctm01/datasets/public/BIOMETRICS/Face_Morphing/MAD22/original_sorted/MIPGAN_II/107_03-vs-139_03.png,107_03-vs-139_03.png,107_03,139_03,/nas-ctm01/datasets/public/BIOMETRICS/Face_Morphing/MAD22/original_sorted/BonaFide/107_03.jpg,/nas-ctm01/datasets/public/BIOMETRICS/Face_Morphing/MAD22/original_sorted/BonaFide/139_03.jpg
349,train,MIPGAN_II,/nas-ctm01/datasets/public/BIOMETRICS/Face_Morphing/MAD22/original_sorted/MIPGAN_II/107_08-vs-118_08.png,107_08-vs-118_08.png,107_08,118_08,/nas-ctm01/datasets/public/BIOMETRICS/Face_Morphing/MAD22/original_sorted/BonaFide/107_08.jpg,/nas-ctm01/datasets/public/BIOMETRICS/Face_Morphing/MAD22/original_sorted/BonaFide/118_08.jpg
350,train,MIPGAN_II,/nas-ctm01/datasets/public/BIOMETRICS/Face_Morphing/MAD22/original_sorted/MIPGAN_II/108_03-vs-143_03.png,108_03-vs-143_03.png,108_03,143_03,/nas-ctm01/datasets/public/BIOMETRICS/Face_Morphing/MAD22/original_sorted/BonaFide/108_03.jpg,/nas-ctm01/datasets/public/BIOMETRICS/Face_Morphing/MAD22/original_sorted/BonaFide/143_03.jpg
351,train,MIPGAN_II,/nas-ctm01/datasets/public/BIOMETRICS/Face_Morphing/MAD22/original_sorted/MIPGAN_II/108_08-vs-143_08.png,108_08-vs-143_08.png,108_08,143_08,/nas-ctm01/datasets/public/BIOMETRICS/Face_Morphing/MAD22/original_sorted/BonaFide/108_08.jpg,/nas-ctm01/datasets/public/BIOMETRICS/Face_Morphing/MAD22/original_sorted/BonaFide/143_08.jpg
352,train,MIPGAN_II,/nas-ctm01/datasets/public/BIOMETRICS/Face_Morphing/MAD22/original_sorted/MIPGAN_II/113_03-vs-118_03.png,113_03-vs-118_03.png,113_03,118_03,/nas-ctm01/datasets/public/BIOMETRICS/Face_Morphing/MAD22/original_sorted/BonaFide/113_03.jpg,/nas-ctm01/datasets/public/BIOMETRICS/Face_Morphing/MAD22/original_sorted/BonaFide/118_03.jpg
353,train,MIPGAN_II,/nas-ctm01/datasets/public/BIOMETRICS/Face_Morphing/MAD22/original_sorted/MIPGAN_II/113_08-vs-118_08.png,113_08-vs-118_08.png,113_08,118_08,/nas-ctm01/datasets/public/BIOMETRICS/Face_Morphing/MAD22/original_sorted/BonaFide/113_08.jpg,/nas-ctm01/datasets/public/BIOMETRICS/Face_Morphing/MAD22/original_sorted/BonaFide/118_08.jpg
354,train,MIPGAN_II,/nas-ctm01/datasets/public/BIOMETRICS/Face_Morphing/MAD22/original_sorted/MIPGAN_II/113_08-vs-139_08.png,113_08-vs-139_08.png,113_08,139_08,/nas-ctm01/datasets/public/BIOMETRICS/Face_Morphing/MAD22/original_sorted/BonaFide/113_08.jpg,/nas-ctm01/datasets/public/BIOMETRICS/Face_Morphing/MAD22/original_sorted/BonaFide/139_08.jpg
355,train,MIPGAN_II,/nas-ctm01/datasets/public/BIOMETRICS/Face_Morphing/MAD22/original_sorted/MIPGAN_II/114_03-vs-121_03.png,114_03-vs-121_03.png,114_03,121_03,/nas-ctm01/datasets/public/BIOMETRICS/Face_Morphing/MAD22/original_sorted/BonaFide/114_03.jpg,/nas-ctm01/datasets/public/BIOMETRICS/Face_Morphing/MAD22/original_sorted/BonaFide/121_03.jpg
356,train,MIPGAN_II,/nas-ctm01/datasets/public/BIOMETRICS/Face_Morphing/MAD22/original_sorted/MIPGAN_II/114_03-vs-125_03.png,114_03-vs-125_03.png,114_03,125_03,/nas-ctm01/datasets/public/BIOMETRICS/Face_Morphing/MAD22/original_sorted/BonaFide/114_03.jpg,/nas-ctm01/datasets/public/BIOMETRICS/Face_Morphing/MAD22/original_sorted/BonaFide/125_03.jpg
357,train,MIPGAN_II,/nas-ctm01/datasets/public/BIOMETRICS/Face_Morphing/MAD22/original_sorted/MIPGAN_II/114_08-vs-125_08.png,114_08-vs-125_08.png,114_08,125_08,/nas-ctm01/datasets/public/BIOMETRICS/Face_Morphing/MAD22/original_sorted/BonaFide/114_08.jpg,/nas-ctm01/datasets/public/BIOMETRICS/Face_Morphing/MAD22/original_sorted/BonaFide/125_08.jpg
358,train,MIPGAN_II,/nas-ctm01/datasets/public/BIOMETRICS/Face_Morphing/MAD22/original_sorted/MIPGAN_II/115_03-vs-125_03.png,115_03-vs-125_03.png,115_03,125_03,/nas-ctm01/datasets/public/BIOMETRICS/Face_Morphing/MAD22/original_sorted/BonaFide/115_03.jpg,/nas-ctm01/datasets/public/BIOMETRICS/Face_Morphing/MAD22/original_sorted/BonaFide/125_03.jpg
359,train,MIPGAN_II,/nas-ctm01/datasets/public/BIOMETRICS/Face_Morphing/MAD22/original_sorted/MIPGAN_II/117_08-vs-173_08.png,117_08-vs-173_08.png,117_08,173_08,/nas-ctm01/datasets/public/BIOMETRICS/Face_Morphing/MAD22/original_sorted/BonaFide/117_08.jpg,/nas-ctm01/datasets/public/BIOMETRICS/Face_Morphing/MAD22/original_sorted/BonaFide/173_08.jpg
360,train,MIPGAN_II,/nas-ctm01/datasets/public/BIOMETRICS/Face_Morphing/MAD22/original_sorted/MIPGAN_II/118_03-vs-139_03.png,118_03-vs-139_03.png,118_03,139_03,/nas-ctm01/datasets/public/BIOMETRICS/Face_Morphing/MAD22/original_sorted/BonaFide/118_03.jpg,/nas-ctm01/datasets/public/BIOMETRICS/Face_Morphing/MAD22/original_sorted/BonaFide/139_03.jpg
361,train,MIPGAN_II,/nas-ctm01/datasets/public/BIOMETRICS/Face_Morphing/MAD22/original_sorted/MIPGAN_II/118_08-vs-144_08.png,118_08-vs-144_08.png,118_08,144_08,/nas-ctm01/datasets/public/BIOMETRICS/Face_Morphing/MAD22/original_sorted/BonaFide/118_08.jpg,/nas-ctm01/datasets/public/BIOMETRICS/Face_Morphing/MAD22/original_sorted/BonaFide/144_08.jpg
362,train,MIPGAN_II,/nas-ctm01/datasets/public/BIOMETRICS/Face_Morphing/MAD22/original_sorted/MIPGAN_II/119_03-vs-137_03.png,119_03-vs-137_03.png,119_03,137_03,/nas-ctm01/datasets/public/BIOMETRICS/Face_Morphing/MAD22/original_sorted/BonaFide/119_03.jpg,/nas-ctm01/datasets/public/BIOMETRICS/Face_Morphing/MAD22/original_sorted/BonaFide/137_03.jpg
363,train,MIPGAN_II,/nas-ctm01/datasets/public/BIOMETRICS/Face_Morphing/MAD22/original_sorted/MIPGAN_II/119_03-vs-140_03.png,119_03-vs-140_03.png,119_03,140_03,/nas-ctm01/datasets/public/BIOMETRICS/Face_Morphing/MAD22/original_sorted/BonaFide/119_03.jpg,/nas-ctm01/datasets/public/BIOMETRICS/Face_Morphing/MAD22/original_sorted/BonaFide/140_03.jpg
364,train,MIPGAN_II,/nas-ctm01/datasets/public/BIOMETRICS/Face_Morphing/MAD22/original_sorted/MIPGAN_II/120_08-vs-135_08.png,120_08-vs-135_08.png,120_08,135_08,/nas-ctm01/datasets/public/BIOMETRICS/Face_Morphing/MAD22/original_sorted/BonaFide/120_08.jpg,/nas-ctm01/datasets/public/BIOMETRICS/Face_Morphing/MAD22/original_sorted/BonaFide/135_08.jpg
365,train,MIPGAN_II,/nas-ctm01/datasets/public/BIOMETRICS/Face_Morphing/MAD22/original_sorted/MIPGAN_II/121_03-vs-137_03.png,121_03-vs-137_03.png,121_03,137_03,/nas-ctm01/datasets/public/BIOMETRICS/Face_Morphing/MAD22/original_sorted/BonaFide/121_03.jpg,/nas-ctm01/datasets/public/BIOMETRICS/Face_Morphing/MAD22/original_sorted/BonaFide/137_03.jpg
366,train,MIPGAN_II,/nas-ctm01/datasets/public/BIOMETRICS/Face_Morphing/MAD22/original_sorted/MIPGAN_II/121_08-vs-140_08.png,121_08-vs-140_08.png,121_08,140_08,/nas-ctm01/datasets/public/BIOMETRICS/Face_Morphing/MAD22/original_sorted/BonaFide/121_08.jpg,/nas-ctm01/datasets/public/BIOMETRICS/Face_Morphing/MAD22/original_sorted/BonaFide/140_08.jpg
367,train,MIPGAN_II,/nas-ctm01/datasets/public/BIOMETRICS/Face_Morphing/MAD22/original_sorted/MIPGAN_II/122_03-vs-139_03.png,122_03-vs-139_03.png,122_03,139_03,/nas-ctm01/datasets/public/BIOMETRICS/Face_Morphing/MAD22/original_sorted/BonaFide/122_03.jpg,/nas-ctm01/datasets/public/BIOMETRICS/Face_Morphing/MAD22/original_sorted/BonaFide/139_03.jpg
368,train,MIPGAN_II,/nas-ctm01/datasets/public/BIOMETRICS/Face_Morphing/MAD22/original_sorted/MIPGAN_II/123_03-vs-130_03.png,123_03-vs-130_03.png,123_03,130_03,/nas-ctm01/datasets/public/BIOMETRICS/Face_Morphing/MAD22/original_sorted/BonaFide/123_03.jpg,/nas-ctm01/datasets/public/BIOMETRICS/Face_Morphing/MAD22/original_sorted/BonaFide/130_03.jpg
369,train,MIPGAN_II,/nas-ctm01/datasets/public/BIOMETRICS/Face_Morphing/MAD22/original_sorted/MIPGAN_II/123_03-vs-131_03.png,123_03-vs-131_03.png,123_03,131_03,/nas-ctm01/datasets/public/BIOMETRICS/Face_Morphing/MAD22/original_sorted/BonaFide/123_03.jpg,/nas-ctm01/datasets/public/BIOMETRICS/Face_Morphing/MAD22/original_sorted/BonaFide/131_03.jpg
370,train,MIPGAN_II,/nas-ctm01/datasets/public/BIOMETRICS/Face_Morphing/MAD22/original_sorted/MIPGAN_II/123_03-vs-173_03.png,123_03-vs-173_03.png,123_03,173_03,/nas-ctm01/datasets/public/BIOMETRICS/Face_Morphing/MAD22/original_sorted/BonaFide/123_03.jpg,/nas-ctm01/datasets/public/BIOMETRICS/Face_Morphing/MAD22/original_sorted/BonaFide/173_03.jpg
371,train,MIPGAN_II,/nas-ctm01/datasets/public/BIOMETRICS/Face_Morphing/MAD22/original_sorted/MIPGAN_II/124_03-vs-126_03.png,124_03-vs-126_03.png,124_03,126_03,/nas-ctm01/datasets/public/BIOMETRICS/Face_Morphing/MAD22/original_sorted/BonaFide/124_03.jpg,/nas-ctm01/datasets/public/BIOMETRICS/Face_Morphing/MAD22/original_sorted/BonaFide/126_03.jpg
372,train,MIPGAN_II,/nas-ctm01/datasets/public/BIOMETRICS/Face_Morphing/MAD22/original_sorted/MIPGAN_II/124_08-vs-136_08.png,124_08-vs-136_08.png,124_08,136_08,/nas-ctm01/datasets/public/BIOMETRICS/Face_Morphing/MAD22/original_sorted/BonaFide/124_08.jpg,/nas-ctm01/datasets/public/BIOMETRICS/Face_Morphing/MAD22/original_sorted/BonaFide/136_08.jpg
373,train,MIPGAN_II,/nas-ctm01/datasets/public/BIOMETRICS/Face_Morphing/MAD22/original_sorted/MIPGAN_II/125_03-vs-138_03.png,125_03-vs-138_03.png,125_03,138_03,/nas-ctm01/datasets/public/BIOMETRICS/Face_Morphing/MAD22/original_sorted/BonaFide/125_03.jpg,/nas-ctm01/datasets/public/BIOMETRICS/Face_Morphing/MAD22/original_sorted/BonaFide/138_03.jpg
374,train,MIPGAN_II,/nas-ctm01/datasets/public/BIOMETRICS/Face_Morphing/MAD22/original_sorted/MIPGAN_II/125_03-vs-172_03.png,125_03-vs-172_03.png,125_03,172_03,/nas-ctm01/datasets/public/BIOMETRICS/Face_Morphing/MAD22/original_sorted/BonaFide/125_03.jpg,/nas-ctm01/datasets/public/BIOMETRICS/Face_Morphing/MAD22/original_sorted/BonaFide/172_03.jpg
375,train,MIPGAN_II,/nas-ctm01/datasets/public/BIOMETRICS/Face_Morphing/MAD22/original_sorted/MIPGAN_II/126_03-vs-136_03.png,126_03-vs-136_03.png,126_03,136_03,/nas-ctm01/datasets/public/BIOMETRICS/Face_Morphing/MAD22/original_sorted/BonaFide/126_03.jpg,/nas-ctm01/datasets/public/BIOMETRICS/Face_Morphing/MAD22/original_sorted/BonaFide/136_03.jpg
376,train,MIPGAN_II,/nas-ctm01/datasets/public/BIOMETRICS/Face_Morphing/MAD22/original_sorted/MIPGAN_II/126_08-vs-144_08.png,126_08-vs-144_08.png,126_08,144_08,/nas-ctm01/datasets/public/BIOMETRICS/Face_Morphing/MAD22/original_sorted/BonaFide/126_08.jpg,/nas-ctm01/datasets/public/BIOMETRICS/Face_Morphing/MAD22/original_sorted/BonaFide/144_08.jpg
377,train,MIPGAN_II,/nas-ctm01/datasets/public/BIOMETRICS/Face_Morphing/MAD22/original_sorted/MIPGAN_II/128_03-vs-138_03.png,128_03-vs-138_03.png,128_03,138_03,/nas-ctm01/datasets/public/BIOMETRICS/Face_Morphing/MAD22/original_sorted/BonaFide/128_03.jpg,/nas-ctm01/datasets/public/BIOMETRICS/Face_Morphing/MAD22/original_sorted/BonaFide/138_03.jpg
378,train,MIPGAN_II,/nas-ctm01/datasets/public/BIOMETRICS/Face_Morphing/MAD22/original_sorted/MIPGAN_II/128_08-vs-140_08.png,128_08-vs-140_08.png,128_08,140_08,/nas-ctm01/datasets/public/BIOMETRICS/Face_Morphing/MAD22/original_sorted/BonaFide/128_08.jpg,/nas-ctm01/datasets/public/BIOMETRICS/Face_Morphing/MAD22/original_sorted/BonaFide/140_08.jpg
379,train,MIPGAN_II,/nas-ctm01/datasets/public/BIOMETRICS/Face_Morphing/MAD22/original_sorted/MIPGAN_II/130_03-vs-132_03.png,130_03-vs-132_03.png,130_03,132_03,/nas-ctm01/datasets/public/BIOMETRICS/Face_Morphing/MAD22/original_sorted/BonaFide/130_03.jpg,/nas-ctm01/datasets/public/BIOMETRICS/Face_Morphing/MAD22/original_sorted/BonaFide/132_03.jpg
380,train,MIPGAN_II,/nas-ctm01/datasets/public/BIOMETRICS/Face_Morphing/MAD22/original_sorted/MIPGAN_II/130_03-vs-173_03.png,130_03-vs-173_03.png,130_03,173_03,/nas-ctm01/datasets/public/BIOMETRICS/Face_Morphing/MAD22/original_sorted/BonaFide/130_03.jpg,/nas-ctm01/datasets/public/BIOMETRICS/Face_Morphing/MAD22/original_sorted/BonaFide/173_03.jpg
381,train,MIPGAN_II,/nas-ctm01/datasets/public/BIOMETRICS/Face_Morphing/MAD22/original_sorted/MIPGAN_II/131_03-vs-138_03.png,131_03-vs-138_03.png,131_03,138_03,/nas-ctm01/datasets/public/BIOMETRICS/Face_Morphing/MAD22/original_sorted/BonaFide/131_03.jpg,/nas-ctm01/datasets/public/BIOMETRICS/Face_Morphing/MAD22/original_sorted/BonaFide/138_03.jpg
382,train,MIPGAN_II,/nas-ctm01/datasets/public/BIOMETRICS/Face_Morphing/MAD22/original_sorted/MIPGAN_II/132_08-vs-172_08.png,132_08-vs-172_08.png,132_08,172_08,/nas-ctm01/datasets/public/BIOMETRICS/Face_Morphing/MAD22/original_sorted/BonaFide/132_08.jpg,/nas-ctm01/datasets/public/BIOMETRICS/Face_Morphing/MAD22/original_sorted/BonaFide/172_08.jpg
383,train,MIPGAN_II,/nas-ctm01/datasets/public/BIOMETRICS/Face_Morphing/MAD22/original_sorted/MIPGAN_II/134_03-vs-139_03.png,134_03-vs-139_03.png,134_03,139_03,/nas-ctm01/datasets/public/BIOMETRICS/Face_Morphing/MAD22/original_sorted/BonaFide/134_03.jpg,/nas-ctm01/datasets/public/BIOMETRICS/Face_Morphing/MAD22/original_sorted/BonaFide/139_03.jpg
384,train,MIPGAN_II,/nas-ctm01/datasets/public/BIOMETRICS/Face_Morphing/MAD22/original_sorted/MIPGAN_II/134_08-vs-139_08.png,134_08-vs-139_08.png,134_08,139_08,/nas-ctm01/datasets/public/BIOMETRICS/Face_Morphing/MAD22/original_sorted/BonaFide/134_08.jpg,/nas-ctm01/datasets/public/BIOMETRICS/Face_Morphing/MAD22/original_sorted/BonaFide/139_08.jpg
385,train,MIPGAN_II,/nas-ctm01/datasets/public/BIOMETRICS/Face_Morphing/MAD22/original_sorted/MIPGAN_II/136_08-vs-144_08.png,136_08-vs-144_08.png,136_08,144_08,/nas-ctm01/datasets/public/BIOMETRICS/Face_Morphing/MAD22/original_sorted/BonaFide/136_08.jpg,/nas-ctm01/datasets/public/BIOMETRICS/Face_Morphing/MAD22/original_sorted/BonaFide/144_08.jpg
386,train,MIPGAN_II,/nas-ctm01/datasets/public/BIOMETRICS/Face_Morphing/MAD22/original_sorted/MIPGAN_II/137_03-vs-140_03.png,137_03-vs-140_03.png,137_03,140_03,/nas-ctm01/datasets/public/BIOMETRICS/Face_Morphing/MAD22/original_sorted/BonaFide/137_03.jpg,/nas-ctm01/datasets/public/BIOMETRICS/Face_Morphing/MAD22/original_sorted/BonaFide/140_03.jpg
387,train,MIPGAN_II,/nas-ctm01/datasets/public/BIOMETRICS/Face_Morphing/MAD22/original_sorted/MIPGAN_II/137_03-vs-143_03.png,137_03-vs-143_03.png,137_03,143_03,/nas-ctm01/datasets/public/BIOMETRICS/Face_Morphing/MAD22/original_sorted/BonaFide/137_03.jpg,/nas-ctm01/datasets/public/BIOMETRICS/Face_Morphing/MAD22/original_sorted/BonaFide/143_03.jpg
388,train,MIPGAN_II,/nas-ctm01/datasets/public/BIOMETRICS/Face_Morphing/MAD22/original_sorted/MIPGAN_II/139_03-vs-144_03.png,139_03-vs-144_03.png,139_03,144_03,/nas-ctm01/datasets/public/BIOMETRICS/Face_Morphing/MAD22/original_sorted/BonaFide/139_03.jpg,/nas-ctm01/datasets/public/BIOMETRICS/Face_Morphing/MAD22/original_sorted/BonaFide/144_03.jpg
389,train,MIPGAN_II,/nas-ctm01/datasets/public/BIOMETRICS/Face_Morphing/MAD22/original_sorted/MIPGAN_II/140_03-vs-141_03.png,140_03-vs-141_03.png,140_03,141_03,/nas-ctm01/datasets/public/BIOMETRICS/Face_Morphing/MAD22/original_sorted/BonaFide/140_03.jpg,/nas-ctm01/datasets/public/BIOMETRICS/Face_Morphing/MAD22/original_sorted/BonaFide/141_03.jpg
390,train,MIPGAN_II,/nas-ctm01/datasets/public/BIOMETRICS/Face_Morphing/MAD22/original_sorted/MIPGAN_II/140_08-vs-141_08.png,140_08-vs-141_08.png,140_08,141_08,/nas-ctm01/datasets/public/BIOMETRICS/Face_Morphing/MAD22/original_sorted/BonaFide/140_08.jpg,/nas-ctm01/datasets/public/BIOMETRICS/Face_Morphing/MAD22/original_sorted/BonaFide/141_08.jpg
391,train,MIPGAN_II,/nas-ctm01/datasets/public/BIOMETRICS/Face_Morphing/MAD22/original_sorted/MIPGAN_II/140_08-vs-173_08.png,140_08-vs-173_08.png,140_08,173_08,/nas-ctm01/datasets/public/BIOMETRICS/Face_Morphing/MAD22/original_sorted/BonaFide/140_08.jpg,/nas-ctm01/datasets/public/BIOMETRICS/Face_Morphing/MAD22/original_sorted/BonaFide/173_08.jpg
392,train,MIPGAN_II,/nas-ctm01/datasets/public/BIOMETRICS/Face_Morphing/MAD22/original_sorted/MIPGAN_II/141_03-vs-143_03.png,141_03-vs-143_03.png,141_03,143_03,/nas-ctm01/datasets/public/BIOMETRICS/Face_Morphing/MAD22/original_sorted/BonaFide/141_03.jpg,/nas-ctm01/datasets/public/BIOMETRICS/Face_Morphing/MAD22/original_sorted/BonaFide/143_03.jpg
