embedding_index,dataset,method,scenario,split,morph_image_path,morph_filename,morph_stem,accomplice_stem,criminal_stem,accomplice_id,criminal_id,accomplice_image_path,criminal_image_path,morph_cache_index,accomplice_cache_index,criminal_cache_index
0,MAD22,MIPGAN_II,identity_disjoint_80_20,train,/nas-ctm01/datasets/public/BIOMETRICS/Face_Morphing/MAD22/original_sorted/MIPGAN_II/001_03-vs-010_03.png,001_03-vs-010_03.png,001_03-vs-010_03,001_03,010_03,001,010,/nas-ctm01/datasets/public/BIOMETRICS/Face_Morphing/MAD22/original_sorted/BonaFide/001_03.jpg,/nas-ctm01/datasets/public/BIOMETRICS/Face_Morphing/MAD22/original_sorted/BonaFide/010_03.jpg,0,0,16
1,MAD22,MIPGAN_II,identity_disjoint_80_20,train,/nas-ctm01/datasets/public/BIOMETRICS/Face_Morphing/MAD22/original_sorted/MIPGAN_II/001_03-vs-014_03.png,001_03-vs-014_03.png,001_03-vs-014_03,001_03,014_03,001,014,/nas-ctm01/datasets/public/BIOMETRICS/Face_Morphing/MAD22/original_sorted/BonaFide/001_03.jpg,/nas-ctm01/datasets/public/BIOMETRICS/Face_Morphing/MAD22/original_sorted/BonaFide/014_03.jpg,1,0,23
2,MAD22,MIPGAN_II,identity_disjoint_80_20,train,/nas-ctm01/datasets/public/BIOMETRICS/Face_Morphing/MAD22/original_sorted/MIPGAN_II/001_03-vs-030_03.png,001_03-vs-030_03.png,001_03-vs-030_03,001_03,030_03,001,030,/nas-ctm01/datasets/public/BIOMETRICS/Face_Morphing/MAD22/original_sorted/BonaFide/001_03.jpg,/nas-ctm01/datasets/public/BIOMETRICS/Face_Morphing/MAD22/original_sorted/BonaFide/030_03.jpg,2,0,48
3,MAD22,MIPGAN_II,identity_disjoint_80_20,train,/nas-ctm01/datasets/public/BIOMETRICS/Face_Morphing/MAD22/original_sorted/MIPGAN_II/001_03-vs-090_03.png,001_03-vs-090_03.png,001_03-vs-090_03,001_03,090_03,001,090,/nas-ctm01/datasets/public/BIOMETRICS/Face_Morphing/MAD22/original_sorted/BonaFide/001_03.jpg,/nas-ctm01/datasets/public/BIOMETRICS/Face_Morphing/MAD22/original_sorted/BonaFide/090_03.jpg,3,0,99
4,MAD22,MIPGAN_II,identity_disjoint_80_20,train,/nas-ctm01/datasets/public/BIOMETRICS/Face_Morphing/MAD22/original_sorted/MIPGAN_II/001_03-vs-107_03.png,001_03-vs-107_03.png,001_03-vs-107_03,001_03,107_03,001,107,/nas-ctm01/datasets/public/BIOMETRICS/Face_Morphing/MAD22/original_sorted/BonaFide/001_03.jpg,/nas-ctm01/datasets/public/BIOMETRICS/Face_Morphing/MAD22/original_sorted/BonaFide/107_03.jpg,4,0,121
5,MAD22,MIPGAN_II,identity_disjoint_80_20,train,/nas-ctm01/datasets/public/BIOMETRICS/Face_Morphing/MAD22/original_sorted/MIPGAN_II/001_03-vs-113_03.png,001_03-vs-113_03.png,001_03-vs-113_03,001_03,113_03,001,113,/nas-ctm01/datasets/public/BIOMETRICS/Face_Morphing/MAD22/original_sorted/BonaFide/001_03.jpg,/nas-ctm01/datasets/public/BIOMETRICS/Face_Morphing/MAD22/original_sorted/BonaFide/113_03.jpg,5,0,127
6,MAD22,MIPGAN_II,identity_disjoint_80_20,train,/nas-ctm01/datasets/public/BIOMETRICS/Face_Morphing/MAD22/original_sorted/MIPGAN_II/001_03-vs-122_03.png,001_03-vs-122_03.png,001_03-vs-122_03,001_03,122_03,001,122,/nas-ctm01/datasets/public/BIOMETRICS/Face_Morphing/MAD22/original_sorted/BonaFide/001_03.jpg,/nas-ctm01/datasets/public/BIOMETRICS/Face_Morphing/MAD22/original_sorted/BonaFide/122_03.jpg,6,0,141
7,MAD22,MIPGAN_II,identity_disjoint_80_20,train,/nas-ctm01/datasets/public/BIOMETRICS/Face_Morphing/MAD22/original_sorted/MIPGAN_II/001_08-vs-014_08.png,001_08-vs-014_08.png,001_08-vs-014_08,001_08,014_08,001,014,/nas-ctm01/datasets/public/BIOMETRICS/Face_Morphing/MAD22/original_sorted/BonaFide/001_08.jpg,/nas-ctm01/datasets/public/BIOMETRICS/Face_Morphing/MAD22/original_sorted/BonaFide/014_08.jpg,7,1,24
8,MAD22,MIPGAN_II,identity_disjoint_80_20,train,/nas-ctm01/datasets/public/BIOMETRICS/Face_Morphing/MAD22/original_sorted/MIPGAN_II/001_08-vs-039_08.png,001_08-vs-039_08.png,001_08-vs-039_08,001_08,039_08,001,039,/nas-ctm01/datasets/public/BIOMETRICS/Face_Morphing/MAD22/original_sorted/BonaFide/001_08.jpg,/nas-ctm01/datasets/public/BIOMETRICS/Face_Morphing/MAD22/original_sorted/BonaFide/039_08.jpg,8,1,64
9,MAD22,MIPGAN_II,identity_disjoint_80_20,train,/nas-ctm01/datasets/public/BIOMETRICS/Face_Morphing/MAD22/original_sorted/MIPGAN_II/001_08-vs-087_08.png,001_08-vs-087_08.png,001_08-vs-087_08,001_08,087_08,001,087,/nas-ctm01/datasets/public/BIOMETRICS/Face_Morphing/MAD22/original_sorted/BonaFide/001_08.jpg,/nas-ctm01/datasets/public/BIOMETRICS/Face_Morphing/MAD22/original_sorted/BonaFide/087_08.jpg,9,1,98
10,MAD22,MIPGAN_II,identity_disjoint_80_20,train,/nas-ctm01/datasets/public/BIOMETRICS/Face_Morphing/MAD22/original_sorted/MIPGAN_II/001_08-vs-090_08.png,001_08-vs-090_08.png,001_08-vs-090_08,001_08,090_08,001,090,/nas-ctm01/datasets/public/BIOMETRICS/Face_Morphing/MAD22/original_sorted/BonaFide/001_08.jpg,/nas-ctm01/datasets/public/BIOMETRICS/Face_Morphing/MAD22/original_sorted/BonaFide/090_08.jpg,10,1,100
11,MAD22,MIPGAN_II,identity_disjoint_80_20,train,/nas-ctm01/datasets/public/BIOMETRICS/Face_Morphing/MAD22/original_sorted/MIPGAN_II/001_08-vs-094_08.png,001_08-vs-094_08.png,001_08-vs-094_08,001_08,094_08,001,094,/nas-ctm01/datasets/public/BIOMETRICS/Face_Morphing/MAD22/original_sorted/BonaFide/001_08.jpg,/nas-ctm01/datasets/public/BIOMETRICS/Face_Morphing/MAD22/original_sorted/BonaFide/094_08.jpg,11,1,105
12,MAD22,MIPGAN_II,identity_disjoint_80_20,train,/nas-ctm01/datasets/public/BIOMETRICS/Face_Morphing/MAD22/original_sorted/MIPGAN_II/001_08-vs-107_08.png,001_08-vs-107_08.png,001_08-vs-107_08,001_08,107_08,001,107,/nas-ctm01/datasets/public/BIOMETRICS/Face_Morphing/MAD22/original_sorted/BonaFide/001_08.jpg,/nas-ctm01/datasets/public/BIOMETRICS/Face_Morphing/MAD22/original_sorted/BonaFide/107_08.jpg,12,1,122
13,MAD22,MIPGAN_II,identity_disjoint_80_20,train,/nas-ctm01/datasets/public/BIOMETRICS/Face_Morphing/MAD22/original_sorted/MIPGAN_II/001_08-vs-122_08.png,001_08-vs-122_08.png,001_08-vs-122_08,001_08,122_08,001,122,/nas-ctm01/datasets/public/BIOMETRICS/Face_Morphing/MAD22/original_sorted/BonaFide/001_08.jpg,/nas-ctm01/datasets/public/BIOMETRICS/Face_Morphing/MAD22/original_sorted/BonaFide/122_08.jpg,13,1,142
14,MAD22,MIPGAN_II,identity_disjoint_80_20,train,/nas-ctm01/datasets/public/BIOMETRICS/Face_Morphing/MAD22/original_sorted/MIPGAN_II/002_03-vs-011_03.png,002_03-vs-011_03.png,002_03-vs-011_03,002_03,011_03,002,011,/nas-ctm01/datasets/public/BIOMETRICS/Face_Morphing/MAD22/original_sorted/BonaFide/002_03.jpg,/nas-ctm01/datasets/public/BIOMETRICS/Face_Morphing/MAD22/original_sorted/BonaFide/011_03.jpg,14,2,18
15,MAD22,MIPGAN_II,identity_disjoint_80_20,train,/nas-ctm01/datasets/public/BIOMETRICS/Face_Morphing/MAD22/original_sorted/MIPGAN_II/002_03-vs-020_03.png,002_03-vs-020_03.png,002_03-vs-020_03,002_03,020_03,002,020,/nas-ctm01/datasets/public/BIOMETRICS/Face_Morphing/MAD22/original_sorted/BonaFide/002_03.jpg,/nas-ctm01/datasets/public/BIOMETRICS/Face_Morphing/MAD22/original_sorted/BonaFide/020_03.jpg,15,2,32
16,MAD22,MIPGAN_II,identity_disjoint_80_20,train,/nas-ctm01/datasets/public/BIOMETRICS/Face_Morphing/MAD22/original_sorted/MIPGAN_II/002_03-vs-027_03.png,002_03-vs-027_03.png,002_03-vs-027_03,002_03,027_03,002,027,/nas-ctm01/datasets/public/BIOMETRICS/Face_Morphing/MAD22/original_sorted/BonaFide/002_03.jpg,/nas-ctm01/datasets/public/BIOMETRICS/Face_Morphing/MAD22/original_sorted/BonaFide/027_03.jpg,16,2,44
17,MAD22,MIPGAN_II,identity_disjoint_80_20,train,/nas-ctm01/datasets/public/BIOMETRICS/Face_Morphing/MAD22/original_sorted/MIPGAN_II/002_03-vs-032_03.png,002_03-vs-032_03.png,002_03-vs-032_03,002_03,032_03,002,032,/nas-ctm01/datasets/public/BIOMETRICS/Face_Morphing/MAD22/original_sorted/BonaFide/002_03.jpg,/nas-ctm01/datasets/public/BIOMETRICS/Face_Morphing/MAD22/original_sorted/BonaFide/032_03.jpg,17,2,52
18,MAD22,MIPGAN_II,identity_disjoint_80_20,train,/nas-ctm01/datasets/public/BIOMETRICS/Face_Morphing/MAD22/original_sorted/MIPGAN_II/002_03-vs-094_03.png,002_03-vs-094_03.png,002_03-vs-094_03,002_03,094_03,002,094,/nas-ctm01/datasets/public/BIOMETRICS/Face_Morphing/MAD22/original_sorted/BonaFide/002_03.jpg,/nas-ctm01/datasets/public/BIOMETRICS/Face_Morphing/MAD22/original_sorted/BonaFide/094_03.jpg,18,2,104
19,MAD22,MIPGAN_II,identity_disjoint_80_20,train,/nas-ctm01/datasets/public/BIOMETRICS/Face_Morphing/MAD22/original_sorted/MIPGAN_II/002_03-vs-097_03.png,002_03-vs-097_03.png,002_03-vs-097_03,002_03,097_03,002,097,/nas-ctm01/datasets/public/BIOMETRICS/Face_Morphing/MAD22/original_sorted/BonaFide/002_03.jpg,/nas-ctm01/datasets/public/BIOMETRICS/Face_Morphing/MAD22/original_sorted/BonaFide/097_03.jpg,19,2,108
20,MAD22,MIPGAN_II,identity_disjoint_80_20,train,/nas-ctm01/datasets/public/BIOMETRICS/Face_Morphing/MAD22/original_sorted/MIPGAN_II/002_03-vs-100_03.png,002_03-vs-100_03.png,002_03-vs-100_03,002_03,100_03,002,100,/nas-ctm01/datasets/public/BIOMETRICS/Face_Morphing/MAD22/original_sorted/BonaFide/002_03.jpg,/nas-ctm01/datasets/public/BIOMETRICS/Face_Morphing/MAD22/original_sorted/BonaFide/100_03.jpg,20,2,112
21,MAD22,MIPGAN_II,identity_disjoint_80_20,train,/nas-ctm01/datasets/public/BIOMETRICS/Face_Morphing/MAD22/original_sorted/MIPGAN_II/002_03-vs-102_03.png,002_03-vs-102_03.png,002_03-vs-102_03,002_03,102_03,002,102,/nas-ctm01/datasets/public/BIOMETRICS/Face_Morphing/MAD22/original_sorted/BonaFide/002_03.jpg,/nas-ctm01/datasets/public/BIOMETRICS/Face_Morphing/MAD22/original_sorted/BonaFide/102_03.jpg,21,2,115
22,MAD22,MIPGAN_II,identity_disjoint_80_20,train,/nas-ctm01/datasets/public/BIOMETRICS/Face_Morphing/MAD22/original_sorted/MIPGAN_II/002_03-vs-118_03.png,002_03-vs-118_03.png,002_03-vs-118_03,002_03,118_03,002,118,/nas-ctm01/datasets/public/BIOMETRICS/Face_Morphing/MAD22/original_sorted/BonaFide/002_03.jpg,/nas-ctm01/datasets/public/BIOMETRICS/Face_Morphing/MAD22/original_sorted/BonaFide/118_03.jpg,22,2,133
23,MAD22,MIPGAN_II,identity_disjoint_80_20,train,/nas-ctm01/datasets/public/BIOMETRICS/Face_Morphing/MAD22/original_sorted/MIPGAN_II/002_03-vs-124_03.png,002_03-vs-124_03.png,002_03-vs-124_03,002_03,124_03,002,124,/nas-ctm01/datasets/public/BIOMETRICS/Face_Morphing/MAD22/original_sorted/BonaFide/002_03.jpg,/nas-ctm01/datasets/public/BIOMETRICS/Face_Morphing/MAD22/original_sorted/BonaFide/124_03.jpg,23,2,145
24,MAD22,MIPGAN_II,identity_disjoint_80_20,train,/nas-ctm01/datasets/public/BIOMETRICS/Face_Morphing/MAD22/original_sorted/MIPGAN_II/002_03-vs-136_03.png,002_03-vs-136_03.png,002_03-vs-136_03,002_03,136_03,002,136,/nas-ctm01/datasets/public/BIOMETRICS/Face_Morphing/MAD22/original_sorted/BonaFide/002_03.jpg,/nas-ctm01/datasets/public/BIOMETRICS/Face_Morphing/MAD22/original_sorted/BonaFide/136_03.jpg,24,2,166
25,MAD22,MIPGAN_II,identity_disjoint_80_20,train,/nas-ctm01/datasets/public/BIOMETRICS/Face_Morphing/MAD22/original_sorted/MIPGAN_II/002_03-vs-139_03.png,002_03-vs-139_03.png,002_03-vs-139_03,002_03,139_03,002,139,/nas-ctm01/datasets/public/BIOMETRICS/Face_Morphing/MAD22/original_sorted/BonaFide/002_03.jpg,/nas-ctm01/datasets/public/BIOMETRICS/Face_Morphing/MAD22/original_sorted/BonaFide/139_03.jpg,25,2,170
26,MAD22,MIPGAN_II,identity_disjoint_80_20,train,/nas-ctm01/datasets/public/BIOMETRICS/Face_Morphing/MAD22/original_sorted/MIPGAN_II/002_03-vs-144_03.png,002_03-vs-144_03.png,002_03-vs-144_03,002_03,144_03,002,144,/nas-ctm01/datasets/public/BIOMETRICS/Face_Morphing/MAD22/original_sorted/BonaFide/002_03.jpg,/nas-ctm01/datasets/public/BIOMETRICS/Face_Morphing/MAD22/original_sorted/BonaFide/144_03.jpg,26,2,179
27,MAD22,MIPGAN_II,identity_disjoint_80_20,train,/nas-ctm01/datasets/public/BIOMETRICS/Face_Morphing/MAD22/original_sorted/MIPGAN_II/002_08-vs-003_08.png,002_08-vs-003_08.png,002_08-vs-003_08,002_08,003_08,002,003,/nas-ctm01/datasets/public/BIOMETRICS/Face_Morphing/MAD22/original_sorted/BonaFide/002_08.jpg,/nas-ctm01/datasets/public/BIOMETRICS/Face_Morphing/MAD22/original_sorted/BonaFide/003_08.jpg,27,3,5
28,MAD22,MIPGAN_II,identity_disjoint_80_20,train,/nas-ctm01/datasets/public/BIOMETRICS/Face_Morphing/MAD22/original_sorted/MIPGAN_II/002_08-vs-011_08.png,002_08-vs-011_08.png,002_08-vs-011_08,002_08,011_08,002,011,/nas-ctm01/datasets/public/BIOMETRICS/Face_Morphing/MAD22/original_sorted/BonaFide/002_08.jpg,/nas-ctm01/datasets/public/BIOMETRICS/Face_Morphing/MAD22/original_sorted/BonaFide/011_08.jpg,28,3,19
29,MAD22,MIPGAN_II,identity_disjoint_80_20,train,/nas-ctm01/datasets/public/BIOMETRICS/Face_Morphing/MAD22/original_sorted/MIPGAN_II/002_08-vs-025_08.png,002_08-vs-025_08.png,002_08-vs-025_08,002_08,025_08,002,025,/nas-ctm01/datasets/public/BIOMETRICS/Face_Morphing/MAD22/original_sorted/BonaFide/002_08.jpg,/nas-ctm01/datasets/public/BIOMETRICS/Face_Morphing/MAD22/original_sorted/BonaFide/025_08.jpg,29,3,41
30,MAD22,MIPGAN_II,identity_disjoint_80_20,train,/nas-ctm01/datasets/public/BIOMETRICS/Face_Morphing/MAD22/original_sorted/MIPGAN_II/002_08-vs-030_08.png,002_08-vs-030_08.png,002_08-vs-030_08,002_08,030_08,002,030,/nas-ctm01/datasets/public/BIOMETRICS/Face_Morphing/MAD22/original_sorted/BonaFide/002_08.jpg,/nas-ctm01/datasets/public/BIOMETRICS/Face_Morphing/MAD22/original_sorted/BonaFide/030_08.jpg,30,3,49
31,MAD22,MIPGAN_II,identity_disjoint_80_20,train,/nas-ctm01/datasets/public/BIOMETRICS/Face_Morphing/MAD22/original_sorted/MIPGAN_II/002_08-vs-039_08.png,002_08-vs-039_08.png,002_08-vs-039_08,002_08,039_08,002,039,/nas-ctm01/datasets/public/BIOMETRICS/Face_Morphing/MAD22/original_sorted/BonaFide/002_08.jpg,/nas-ctm01/datasets/public/BIOMETRICS/Face_Morphing/MAD22/original_sorted/BonaFide/039_08.jpg,31,3,64
32,MAD22,MIPGAN_II,identity_disjoint_80_20,train,/nas-ctm01/datasets/public/BIOMETRICS/Face_Morphing/MAD22/original_sorted/MIPGAN_II/002_08-vs-081_08.png,002_08-vs-081_08.png,002_08-vs-081_08,002_08,081_08,002,081,/nas-ctm01/datasets/public/BIOMETRICS/Face_Morphing/MAD22/original_sorted/BonaFide/002_08.jpg,/nas-ctm01/datasets/public/BIOMETRICS/Face_Morphing/MAD22/original_sorted/BonaFide/081_08.jpg,32,3,91
33,MAD22,MIPGAN_II,identity_disjoint_80_20,train,/nas-ctm01/datasets/public/BIOMETRICS/Face_Morphing/MAD22/original_sorted/MIPGAN_II/002_08-vs-090_08.png,002_08-vs-090_08.png,002_08-vs-090_08,002_08,090_08,002,090,/nas-ctm01/datasets/public/BIOMETRICS/Face_Morphing/MAD22/original_sorted/BonaFide/002_08.jpg,/nas-ctm01/datasets/public/BIOMETRICS/Face_Morphing/MAD22/original_sorted/BonaFide/090_08.jpg,33,3,100
34,MAD22,MIPGAN_II,identity_disjoint_80_20,train,/nas-ctm01/datasets/public/BIOMETRICS/Face_Morphing/MAD22/original_sorted/MIPGAN_II/002_08-vs-097_08.png,002_08-vs-097_08.png,002_08-vs-097_08,002_08,097_08,002,097,/nas-ctm01/datasets/public/BIOMETRICS/Face_Morphing/MAD22/original_sorted/BonaFide/002_08.jpg,/nas-ctm01/datasets/public/BIOMETRICS/Face_Morphing/MAD22/original_sorted/BonaFide/097_08.jpg,34,3,109
35,MAD22,MIPGAN_II,identity_disjoint_80_20,train,/nas-ctm01/datasets/public/BIOMETRICS/Face_Morphing/MAD22/original_sorted/MIPGAN_II/002_08-vs-099_08.png,002_08-vs-099_08.png,002_08-vs-099_08,002_08,099_08,002,099,/nas-ctm01/datasets/public/BIOMETRICS/Face_Morphing/MAD22/original_sorted/BonaFide/002_08.jpg,/nas-ctm01/datasets/public/BIOMETRICS/Face_Morphing/MAD22/original_sorted/BonaFide/099_08.jpg,35,3,111
36,MAD22,MIPGAN_II,identity_disjoint_80_20,train,/nas-ctm01/datasets/public/BIOMETRICS/Face_Morphing/MAD22/original_sorted/MIPGAN_II/002_08-vs-102_08.png,002_08-vs-102_08.png,002_08-vs-102_08,002_08,102_08,002,102,/nas-ctm01/datasets/public/BIOMETRICS/Face_Morphing/MAD22/original_sorted/BonaFide/002_08.jpg,/nas-ctm01/datasets/public/BIOMETRICS/Face_Morphing/MAD22/original_sorted/BonaFide/102_08.jpg,36,3,116
37,MAD22,MIPGAN_II,identity_disjoint_80_20,train,/nas-ctm01/datasets/public/BIOMETRICS/Face_Morphing/MAD22/original_sorted/MIPGAN_II/002_08-vs-118_08.png,002_08-vs-118_08.png,002_08-vs-118_08,002_08,118_08,002,118,/nas-ctm01/datasets/public/BIOMETRICS/Face_Morphing/MAD22/original_sorted/BonaFide/002_08.jpg,/nas-ctm01/datasets/public/BIOMETRICS/Face_Morphing/MAD22/original_sorted/BonaFide/118_08.jpg,37,3,134
38,MAD22,MIPGAN_II,identity_disjoint_80_20,train,/nas-ctm01/datasets/public/BIOMETRICS/Face_Morphing/MAD22/original_sorted/MIPGAN_II/002_08-vs-124_08.png,002_08-vs-124_08.png,002_08-vs-124_08,002_08,124_08,002,124,/nas-ctm01/datasets/public/BIOMETRICS/Face_Morphing/MAD22/original_sorted/BonaFide/002_08.jpg,/nas-ctm01/datasets/public/BIOMETRICS/Face_Morphing/MAD22/original_sorted/BonaFide/124_08.jpg,38,3,146
39,MAD22,MIPGAN_II,identity_disjoint_80_20,train,/nas-ctm01/datasets/public/BIOMETRICS/Face_Morphing/MAD22/original_sorted/MIPGAN_II/002_08-vs-135_08.png,002_08-vs-135_08.png,002_08-vs-135_08,002_08,135_08,002,135,/nas-ctm01/datasets/public/BIOMETRICS/Face_Morphing/MAD22/original_sorted/BonaFide/002_08.jpg,/nas-ctm01/datasets/public/BIOMETRICS/Face_Morphing/MAD22/original_sorted/BonaFide/135_08.jpg,39,3,165
40,MAD22,MIPGAN_II,identity_disjoint_80_20,train,/nas-ctm01/datasets/public/BIOMETRICS/Face_Morphing/MAD22/original_sorted/MIPGAN_II/002_08-vs-136_08.png,002_08-vs-136_08.png,002_08-vs-136_08,002_08,136_08,002,136,/nas-ctm01/datasets/public/BIOMETRICS/Face_Morphing/MAD22/original_sorted/BonaFide/002_08.jpg,/nas-ctm01/datasets/public/BIOMETRICS/Face_Morphing/MAD22/original_sorted/BonaFide/136_08.jpg,40,3,167
41,MAD22,MIPGAN_II,identity_disjoint_80_20,train,/nas-ctm01/datasets/public/BIOMETRICS/Face_Morphing/MAD22/original_sorted/MIPGAN_II/002_08-vs-139_08.png,002_08-vs-139_08.png,002_08-vs-139_08,002_08,139_08,002,139,/nas-ctm01/datasets/public/BIOMETRICS/Face_Morphing/MAD22/original_sorted/BonaFide/002_08.jpg,/nas-ctm01/datasets/public/BIOMETRICS/Face_Morphing/MAD22/original_sorted/BonaFide/139_08.jpg,41,3,171
42,MAD22,MIPGAN_II,identity_disjoint_80_20,train,/nas-ctm01/datasets/public/BIOMETRICS/Face_Morphing/MAD22/original_sorted/MIPGAN_II/003_03-vs-011_03.png,003_03-vs-011_03.png,003_03-vs-011_03,003_03,011_03,003,011,/nas-ctm01/datasets/public/BIOMETRICS/Face_Morphing/MAD22/original_sorted/BonaFide/003_03.jpg,/nas-ctm01/datasets/public/BIOMETRICS/Face_Morphing/MAD22/original_sorted/BonaFide/011_03.jpg,42,4,18
43,MAD22,MIPGAN_II,identity_disjoint_80_20,train,/nas-ctm01/datasets/public/BIOMETRICS/Face_Morphing/MAD22/original_sorted/MIPGAN_II/003_03-vs-016_03.png,003_03-vs-016_03.png,003_03-vs-016_03,003_03,016_03,003,016,/nas-ctm01/datasets/public/BIOMETRICS/Face_Morphing/MAD22/original_sorted/BonaFide/003_03.jpg,/nas-ctm01/datasets/public/BIOMETRICS/Face_Morphing/MAD22/original_sorted/BonaFide/016_03.jpg,43,4,25
44,MAD22,MIPGAN_II,identity_disjoint_80_20,train,/nas-ctm01/datasets/public/BIOMETRICS/Face_Morphing/MAD22/original_sorted/MIPGAN_II/003_03-vs-039_03.png,003_03-vs-039_03.png,003_03-vs-039_03,003_03,039_03,003,039,/nas-ctm01/datasets/public/BIOMETRICS/Face_Morphing/MAD22/original_sorted/BonaFide/003_03.jpg,/nas-ctm01/datasets/public/BIOMETRICS/Face_Morphing/MAD22/original_sorted/BonaFide/039_03.jpg,44,4,63
45,MAD22,MIPGAN_II,identity_disjoint_80_20,train,/nas-ctm01/datasets/public/BIOMETRICS/Face_Morphing/MAD22/original_sorted/MIPGAN_II/003_03-vs-102_03.png,003_03-vs-102_03.png,003_03-vs-102_03,003_03,102_03,003,102,/nas-ctm01/datasets/public/BIOMETRICS/Face_Morphing/MAD22/original_sorted/BonaFide/003_03.jpg,/nas-ctm01/datasets/public/BIOMETRICS/Face_Morphing/MAD22/original_sorted/BonaFide/102_03.jpg,45,4,115
46,MAD22,MIPGAN_II,identity_disjoint_80_20,train,/nas-ctm01/datasets/public/BIOMETRICS/Face_Morphing/MAD22/original_sorted/MIPGAN_II/003_03-vs-124_03.png,003_03-vs-124_03.png,003_03-vs-124_03,003_03,124_03,003,124,/nas-ctm01/datasets/public/BIOMETRICS/Face_Morphing/MAD22/original_sorted/BonaFide/003_03.jpg,/nas-ctm01/datasets/public/BIOMETRICS/Face_Morphing/MAD22/original_sorted/BonaFide/124_03.jpg,46,4,145
47,MAD22,MIPGAN_II,identity_disjoint_80_20,train,/nas-ctm01/datasets/public/BIOMETRICS/Face_Morphing/MAD22/original_sorted/MIPGAN_II/003_03-vs-136_03.png,003_03-vs-136_03.png,003_03-vs-136_03,003_03,136_03,003,136,/nas-ctm01/datasets/public/BIOMETRICS/Face_Morphing/MAD22/original_sorted/BonaFide/003_03.jpg,/nas-ctm01/datasets/public/BIOMETRICS/Face_Morphing/MAD22/original_sorted/BonaFide/136_03.jpg,47,4,166
48,MAD22,MIPGAN_II,identity_disjoint_80_20,train,/nas-ctm01/datasets/public/BIOMETRICS/Face_Morphing/MAD22/original_sorted/MIPGAN_II/003_08-vs-011_08.png,003_08-vs-011_08.png,003_08-vs-011_08,003_08,011_08,003,011,/nas-ctm01/datasets/public/BIOMETRICS/Face_Morphing/MAD22/original_sorted/BonaFide/003_08.jpg,/nas-ctm01/datasets/public/BIOMETRICS/Face_Morphing/MAD22/original_sorted/BonaFide/011_08.jpg,48,5,19
49,MAD22,MIPGAN_II,identity_disjoint_80_20,train,/nas-ctm01/datasets/public/BIOMETRICS/Face_Morphing/MAD22/original_sorted/MIPGAN_II/003_08-vs-016_08.png,003_08-vs-016_08.png,003_08-vs-016_08,003_08,016_08,003,016,/nas-ctm01/datasets/public/BIOMETRICS/Face_Morphing/MAD22/original_sorted/BonaFide/003_08.jpg,/nas-ctm01/datasets/public/BIOMETRICS/Face_Morphing/MAD22/original_sorted/BonaFide/016_08.jpg,49,5,26
50,MAD22,MIPGAN_II,identity_disjoint_80_20,train,/nas-ctm01/datasets/public/BIOMETRICS/Face_Morphing/MAD22/original_sorted/MIPGAN_II/003_08-vs-027_08.png,003_08-vs-027_08.png,003_08-vs-027_08,003_08,027_08,003,027,/nas-ctm01/datasets/public/BIOMETRICS/Face_Morphing/MAD22/original_sorted/BonaFide/003_08.jpg,/nas-ctm01/datasets/public/BIOMETRICS/Face_Morphing/MAD22/original_sorted/BonaFide/027_08.jpg,50,5,45
51,MAD22,MIPGAN_II,identity_disjoint_80_20,train,/nas-ctm01/datasets/public/BIOMETRICS/Face_Morphing/MAD22/original_sorted/MIPGAN_II/003_08-vs-032_08.png,003_08-vs-032_08.png,003_08-vs-032_08,003_08,032_08,003,032,/nas-ctm01/datasets/public/BIOMETRICS/Face_Morphing/MAD22/original_sorted/BonaFide/003_08.jpg,/nas-ctm01/datasets/public/BIOMETRICS/Face_Morphing/MAD22/original_sorted/BonaFide/032_08.jpg,51,5,53
52,MAD22,MIPGAN_II,identity_disjoint_80_20,train,/nas-ctm01/datasets/public/BIOMETRICS/Face_Morphing/MAD22/original_sorted/MIPGAN_II/003_08-vs-124_08.png,003_08-vs-124_08.png,003_08-vs-124_08,003_08,124_08,003,124,/nas-ctm01/datasets/public/BIOMETRICS/Face_Morphing/MAD22/original_sorted/BonaFide/003_08.jpg,/nas-ctm01/datasets/public/BIOMETRICS/Face_Morphing/MAD22/original_sorted/BonaFide/124_08.jpg,52,5,146
53,MAD22,MIPGAN_II,identity_disjoint_80_20,train,/nas-ctm01/datasets/public/BIOMETRICS/Face_Morphing/MAD22/original_sorted/MIPGAN_II/003_08-vs-144_08.png,003_08-vs-144_08.png,003_08-vs-144_08,003_08,144_08,003,144,/nas-ctm01/datasets/public/BIOMETRICS/Face_Morphing/MAD22/original_sorted/BonaFide/003_08.jpg,/nas-ctm01/datasets/public/BIOMETRICS/Face_Morphing/MAD22/original_sorted/BonaFide/144_08.jpg,53,5,180
54,MAD22,MIPGAN_II,identity_disjoint_80_20,train,/nas-ctm01/datasets/public/BIOMETRICS/Face_Morphing/MAD22/original_sorted/MIPGAN_II/004_03-vs-012_03.png,004_03-vs-012_03.png,004_03-vs-012_03,004_03,012_03,004,012,/nas-ctm01/datasets/public/BIOMETRICS/Face_Morphing/MAD22/original_sorted/BonaFide/004_03.jpg,/nas-ctm01/datasets/public/BIOMETRICS/Face_Morphing/MAD22/original_sorted/BonaFide/012_03.jpg,54,6,20
55,MAD22,MIPGAN_II,identity_disjoint_80_20,train,/nas-ctm01/datasets/public/BIOMETRICS/Face_Morphing/MAD22/original_sorted/MIPGAN_II/004_03-vs-092_03.png,004_03-vs-092_03.png,004_03-vs-092_03,004_03,092_03,004,092,/nas-ctm01/datasets/public/BIOMETRICS/Face_Morphing/MAD22/original_sorted/BonaFide/004_03.jpg,/nas-ctm01/datasets/public/BIOMETRICS/Face_Morphing/MAD22/original_sorted/BonaFide/092_03.jpg,55,6,102
56,MAD22,MIPGAN_II,identity_disjoint_80_20,train,/nas-ctm01/datasets/public/BIOMETRICS/Face_Morphing/MAD22/original_sorted/MIPGAN_II/004_03-vs-103_03.png,004_03-vs-103_03.png,004_03-vs-103_03,004_03,103_03,004,103,/nas-ctm01/datasets/public/BIOMETRICS/Face_Morphing/MAD22/original_sorted/BonaFide/004_03.jpg,/nas-ctm01/datasets/public/BIOMETRICS/Face_Morphing/MAD22/original_sorted/BonaFide/103_03.jpg,56,6,117
57,MAD22,MIPGAN_II,identity_disjoint_80_20,train,/nas-ctm01/datasets/public/BIOMETRICS/Face_Morphing/MAD22/original_sorted/MIPGAN_II/004_03-vs-128_03.png,004_03-vs-128_03.png,004_03-vs-128_03,004_03,128_03,004,128,/nas-ctm01/datasets/public/BIOMETRICS/Face_Morphing/MAD22/original_sorted/BonaFide/004_03.jpg,/nas-ctm01/datasets/public/BIOMETRICS/Face_Morphing/MAD22/original_sorted/BonaFide/128_03.jpg,58,6,152
58,MAD22,MIPGAN_II,identity_disjoint_80_20,train,/nas-ctm01/datasets/public/BIOMETRICS/Face_Morphing/MAD22/original_sorted/MIPGAN_II/004_03-vs-141_03.png,004_03-vs-141_03.png,004_03-vs-141_03,004_03,141_03,004,141,/nas-ctm01/datasets/public/BIOMETRICS/Face_Morphing/MAD22/original_sorted/BonaFide/004_03.jpg,/nas-ctm01/datasets/public/BIOMETRICS/Face_Morphing/MAD22/original_sorted/BonaFide/141_03.jpg,59,6,173
59,MAD22,MIPGAN_II,identity_disjoint_80_20,train,/nas-ctm01/datasets/public/BIOMETRICS/Face_Morphing/MAD22/original_sorted/MIPGAN_II/004_03-vs-142_03.png,004_03-vs-142_03.png,004_03-vs-142_03,004_03,142_03,004,142,/nas-ctm01/datasets/public/BIOMETRICS/Face_Morphing/MAD22/original_sorted/BonaFide/004_03.jpg,/nas-ctm01/datasets/public/BIOMETRICS/Face_Morphing/MAD22/original_sorted/BonaFide/142_03.jpg,60,6,175
60,MAD22,MIPGAN_II,identity_disjoint_80_20,train,/nas-ctm01/datasets/public/BIOMETRICS/Face_Morphing/MAD22/original_sorted/MIPGAN_II/004_03-vs-172_03.png,004_03-vs-172_03.png,004_03-vs-172_03,004_03,172_03,004,172,/nas-ctm01/datasets/public/BIOMETRICS/Face_Morphing/MAD22/original_sorted/BonaFide/004_03.jpg,/nas-ctm01/datasets/public/BIOMETRICS/Face_Morphing/MAD22/original_sorted/BonaFide/172_03.jpg,61,6,181
61,MAD22,MIPGAN_II,identity_disjoint_80_20,train,/nas-ctm01/datasets/public/BIOMETRICS/Face_Morphing/MAD22/original_sorted/MIPGAN_II/006_03-vs-016_03.png,006_03-vs-016_03.png,006_03-vs-016_03,006_03,016_03,006,016,/nas-ctm01/datasets/public/BIOMETRICS/Face_Morphing/MAD22/original_sorted/BonaFide/006_03.jpg,/nas-ctm01/datasets/public/BIOMETRICS/Face_Morphing/MAD22/original_sorted/BonaFide/016_03.jpg,78,9,25
62,MAD22,MIPGAN_II,identity_disjoint_80_20,train,/nas-ctm01/datasets/public/BIOMETRICS/Face_Morphing/MAD22/original_sorted/MIPGAN_II/006_03-vs-064_03.png,006_03-vs-064_03.png,006_03-vs-064_03,006_03,064_03,006,064,/nas-ctm01/datasets/public/BIOMETRICS/Face_Morphing/MAD22/original_sorted/BonaFide/006_03.jpg,/nas-ctm01/datasets/public/BIOMETRICS/Face_Morphing/MAD22/original_sorted/BonaFide/064_03.jpg,79,9,80
63,MAD22,MIPGAN_II,identity_disjoint_80_20,train,/nas-ctm01/datasets/public/BIOMETRICS/Face_Morphing/MAD22/original_sorted/MIPGAN_II/006_03-vs-094_03.png,006_03-vs-094_03.png,006_03-vs-094_03,006_03,094_03,006,094,/nas-ctm01/datasets/public/BIOMETRICS/Face_Morphing/MAD22/original_sorted/BonaFide/006_03.jpg,/nas-ctm01/datasets/public/BIOMETRICS/Face_Morphing/MAD22/original_sorted/BonaFide/094_03.jpg,80,9,104
64,MAD22,MIPGAN_II,identity_disjoint_80_20,train,/nas-ctm01/datasets/public/BIOMETRICS/Face_Morphing/MAD22/original_sorted/MIPGAN_II/006_03-vs-097_03.png,006_03-vs-097_03.png,006_03-vs-097_03,006_03,097_03,006,097,/nas-ctm01/datasets/public/BIOMETRICS/Face_Morphing/MAD22/original_sorted/BonaFide/006_03.jpg,/nas-ctm01/datasets/public/BIOMETRICS/Face_Morphing/MAD22/original_sorted/BonaFide/097_03.jpg,81,9,108
65,MAD22,MIPGAN_II,identity_disjoint_80_20,train,/nas-ctm01/datasets/public/BIOMETRICS/Face_Morphing/MAD22/original_sorted/MIPGAN_II/006_03-vs-102_03.png,006_03-vs-102_03.png,006_03-vs-102_03,006_03,102_03,006,102,/nas-ctm01/datasets/public/BIOMETRICS/Face_Morphing/MAD22/original_sorted/BonaFide/006_03.jpg,/nas-ctm01/datasets/public/BIOMETRICS/Face_Morphing/MAD22/original_sorted/BonaFide/102_03.jpg,82,9,115
66,MAD22,MIPGAN_II,identity_disjoint_80_20,train,/nas-ctm01/datasets/public/BIOMETRICS/Face_Morphing/MAD22/original_sorted/MIPGAN_II/006_03-vs-118_03.png,006_03-vs-118_03.png,006_03-vs-118_03,006_03,118_03,006,118,/nas-ctm01/datasets/public/BIOMETRICS/Face_Morphing/MAD22/original_sorted/BonaFide/006_03.jpg,/nas-ctm01/datasets/public/BIOMETRICS/Face_Morphing/MAD22/original_sorted/BonaFide/118_03.jpg,83,9,133
67,MAD22,MIPGAN_II,identity_disjoint_80_20,train,/nas-ctm01/datasets/public/BIOMETRICS/Face_Morphing/MAD22/original_sorted/MIPGAN_II/006_08-vs-016_08.png,006_08-vs-016_08.png,006_08-vs-016_08,006_08,016_08,006,016,/nas-ctm01/datasets/public/BIOMETRICS/Face_Morphing/MAD22/original_sorted/BonaFide/006_08.jpg,/nas-ctm01/datasets/public/BIOMETRICS/Face_Morphing/MAD22/original_sorted/BonaFide/016_08.jpg,84,10,26
68,MAD22,MIPGAN_II,identity_disjoint_80_20,train,/nas-ctm01/datasets/public/BIOMETRICS/Face_Morphing/MAD22/original_sorted/MIPGAN_II/006_08-vs-081_08.png,006_08-vs-081_08.png,006_08-vs-081_08,006_08,081_08,006,081,/nas-ctm01/datasets/public/BIOMETRICS/Face_Morphing/MAD22/original_sorted/BonaFide/006_08.jpg,/nas-ctm01/datasets/public/BIOMETRICS/Face_Morphing/MAD22/original_sorted/BonaFide/081_08.jpg,85,10,91
69,MAD22,MIPGAN_II,identity_disjoint_80_20,train,/nas-ctm01/datasets/public/BIOMETRICS/Face_Morphing/MAD22/original_sorted/MIPGAN_II/006_08-vs-102_08.png,006_08-vs-102_08.png,006_08-vs-102_08,006_08,102_08,006,102,/nas-ctm01/datasets/public/BIOMETRICS/Face_Morphing/MAD22/original_sorted/BonaFide/006_08.jpg,/nas-ctm01/datasets/public/BIOMETRICS/Face_Morphing/MAD22/original_sorted/BonaFide/102_08.jpg,86,10,116
70,MAD22,MIPGAN_II,identity_disjoint_80_20,train,/nas-ctm01/datasets/public/BIOMETRICS/Face_Morphing/MAD22/original_sorted/MIPGAN_II/006_08-vs-118_08.png,006_08-vs-118_08.png,006_08-vs-118_08,006_08,118_08,006,118,/nas-ctm01/datasets/public/BIOMETRICS/Face_Morphing/MAD22/original_sorted/BonaFide/006_08.jpg,/nas-ctm01/datasets/public/BIOMETRICS/Face_Morphing/MAD22/original_sorted/BonaFide/118_08.jpg,87,10,134
71,MAD22,MIPGAN_II,identity_disjoint_80_20,train,/nas-ctm01/datasets/public/BIOMETRICS/Face_Morphing/MAD22/original_sorted/MIPGAN_II/006_08-vs-139_08.png,006_08-vs-139_08.png,006_08-vs-139_08,006_08,139_08,006,139,/nas-ctm01/datasets/public/BIOMETRICS/Face_Morphing/MAD22/original_sorted/BonaFide/006_08.jpg,/nas-ctm01/datasets/public/BIOMETRICS/Face_Morphing/MAD22/original_sorted/BonaFide/139_08.jpg,88,10,171
72,MAD22,MIPGAN_II,identity_disjoint_80_20,train,/nas-ctm01/datasets/public/BIOMETRICS/Face_Morphing/MAD22/original_sorted/MIPGAN_II/006_08-vs-144_08.png,006_08-vs-144_08.png,006_08-vs-144_08,006_08,144_08,006,144,/nas-ctm01/datasets/public/BIOMETRICS/Face_Morphing/MAD22/original_sorted/BonaFide/006_08.jpg,/nas-ctm01/datasets/public/BIOMETRICS/Face_Morphing/MAD22/original_sorted/BonaFide/144_08.jpg,89,10,180
73,MAD22,MIPGAN_II,identity_disjoint_80_20,train,/nas-ctm01/datasets/public/BIOMETRICS/Face_Morphing/MAD22/original_sorted/MIPGAN_II/007_03-vs-039_03.png,007_03-vs-039_03.png,007_03-vs-039_03,007_03,039_03,007,039,/nas-ctm01/datasets/public/BIOMETRICS/Face_Morphing/MAD22/original_sorted/BonaFide/007_03.jpg,/nas-ctm01/datasets/public/BIOMETRICS/Face_Morphing/MAD22/original_sorted/BonaFide/039_03.jpg,90,11,63
74,MAD22,MIPGAN_II,identity_disjoint_80_20,train,/nas-ctm01/datasets/public/BIOMETRICS/Face_Morphing/MAD22/original_sorted/MIPGAN_II/007_03-vs-062_03.png,007_03-vs-062_03.png,007_03-vs-062_03,007_03,062_03,007,062,/nas-ctm01/datasets/public/BIOMETRICS/Face_Morphing/MAD22/original_sorted/BonaFide/007_03.jpg,/nas-ctm01/datasets/public/BIOMETRICS/Face_Morphing/MAD22/original_sorted/BonaFide/062_03.jpg,91,11,76
75,MAD22,MIPGAN_II,identity_disjoint_80_20,train,/nas-ctm01/datasets/public/BIOMETRICS/Face_Morphing/MAD22/original_sorted/MIPGAN_II/007_03-vs-094_03.png,007_03-vs-094_03.png,007_03-vs-094_03,007_03,094_03,007,094,/nas-ctm01/datasets/public/BIOMETRICS/Face_Morphing/MAD22/original_sorted/BonaFide/007_03.jpg,/nas-ctm01/datasets/public/BIOMETRICS/Face_Morphing/MAD22/original_sorted/BonaFide/094_03.jpg,92,11,104
76,MAD22,MIPGAN_II,identity_disjoint_80_20,train,/nas-ctm01/datasets/public/BIOMETRICS/Face_Morphing/MAD22/original_sorted/MIPGAN_II/007_03-vs-107_03.png,007_03-vs-107_03.png,007_03-vs-107_03,007_03,107_03,007,107,/nas-ctm01/datasets/public/BIOMETRICS/Face_Morphing/MAD22/original_sorted/BonaFide/007_03.jpg,/nas-ctm01/datasets/public/BIOMETRICS/Face_Morphing/MAD22/original_sorted/BonaFide/107_03.jpg,93,11,121
77,MAD22,MIPGAN_II,identity_disjoint_80_20,train,/nas-ctm01/datasets/public/BIOMETRICS/Face_Morphing/MAD22/original_sorted/MIPGAN_II/007_03-vs-122_03.png,007_03-vs-122_03.png,007_03-vs-122_03,007_03,122_03,007,122,/nas-ctm01/datasets/public/BIOMETRICS/Face_Morphing/MAD22/original_sorted/BonaFide/007_03.jpg,/nas-ctm01/datasets/public/BIOMETRICS/Face_Morphing/MAD22/original_sorted/BonaFide/122_03.jpg,94,11,141
78,MAD22,MIPGAN_II,identity_disjoint_80_20,train,/nas-ctm01/datasets/public/BIOMETRICS/Face_Morphing/MAD22/original_sorted/MIPGAN_II/007_03-vs-124_03.png,007_03-vs-124_03.png,007_03-vs-124_03,007_03,124_03,007,124,/nas-ctm01/datasets/public/BIOMETRICS/Face_Morphing/MAD22/original_sorted/BonaFide/007_03.jpg,/nas-ctm01/datasets/public/BIOMETRICS/Face_Morphing/MAD22/original_sorted/BonaFide/124_03.jpg,95,11,145
79,MAD22,MIPGAN_II,identity_disjoint_80_20,train,/nas-ctm01/datasets/public/BIOMETRICS/Face_Morphing/MAD22/original_sorted/MIPGAN_II/008_03-vs-104_03.png,008_03-vs-104_03.png,008_03-vs-104_03,008_03,104_03,008,104,/nas-ctm01/datasets/public/BIOMETRICS/Face_Morphing/MAD22/original_sorted/BonaFide/008_03.jpg,/nas-ctm01/datasets/public/BIOMETRICS/Face_Morphing/MAD22/original_sorted/BonaFide/104_03.jpg,96,12,119
80,MAD22,MIPGAN_II,identity_disjoint_80_20,train,/nas-ctm01/datasets/public/BIOMETRICS/Face_Morphing/MAD22/original_sorted/MIPGAN_II/008_03-vs-143_03.png,008_03-vs-143_03.png,008_03-vs-143_03,008_03,143_03,008,143,/nas-ctm01/datasets/public/BIOMETRICS/Face_Morphing/MAD22/original_sorted/BonaFide/008_03.jpg,/nas-ctm01/datasets/public/BIOMETRICS/Face_Morphing/MAD22/original_sorted/BonaFide/143_03.jpg,97,12,177
81,MAD22,MIPGAN_II,identity_disjoint_80_20,train,/nas-ctm01/datasets/public/BIOMETRICS/Face_Morphing/MAD22/original_sorted/MIPGAN_II/008_08-vs-061_08.png,008_08-vs-061_08.png,008_08-vs-061_08,008_08,061_08,008,061,/nas-ctm01/datasets/public/BIOMETRICS/Face_Morphing/MAD22/original_sorted/BonaFide/008_08.jpg,/nas-ctm01/datasets/public/BIOMETRICS/Face_Morphing/MAD22/original_sorted/BonaFide/061_08.jpg,99,13,75
82,MAD22,MIPGAN_II,identity_disjoint_80_20,train,/nas-ctm01/datasets/public/BIOMETRICS/Face_Morphing/MAD22/original_sorted/MIPGAN_II/008_08-vs-063_08.png,008_08-vs-063_08.png,008_08-vs-063_08,008_08,063_08,008,063,/nas-ctm01/datasets/public/BIOMETRICS/Face_Morphing/MAD22/original_sorted/BonaFide/008_08.jpg,/nas-ctm01/datasets/public/BIOMETRICS/Face_Morphing/MAD22/original_sorted/BonaFide/063_08.jpg,100,13,79
83,MAD22,MIPGAN_II,identity_disjoint_80_20,train,/nas-ctm01/datasets/public/BIOMETRICS/Face_Morphing/MAD22/original_sorted/MIPGAN_II/008_08-vs-070_08.png,008_08-vs-070_08.png,008_08-vs-070_08,008_08,070_08,008,070,/nas-ctm01/datasets/public/BIOMETRICS/Face_Morphing/MAD22/original_sorted/BonaFide/008_08.jpg,/nas-ctm01/datasets/public/BIOMETRICS/Face_Morphing/MAD22/original_sorted/BonaFide/070_08.jpg,101,13,90
84,MAD22,MIPGAN_II,identity_disjoint_80_20,train,/nas-ctm01/datasets/public/BIOMETRICS/Face_Morphing/MAD22/original_sorted/MIPGAN_II/008_08-vs-096_08.png,008_08-vs-096_08.png,008_08-vs-096_08,008_08,096_08,008,096,/nas-ctm01/datasets/public/BIOMETRICS/Face_Morphing/MAD22/original_sorted/BonaFide/008_08.jpg,/nas-ctm01/datasets/public/BIOMETRICS/Face_Morphing/MAD22/original_sorted/BonaFide/096_08.jpg,102,13,107
85,MAD22,MIPGAN_II,identity_disjoint_80_20,train,/nas-ctm01/datasets/public/BIOMETRICS/Face_Morphing/MAD22/original_sorted/MIPGAN_II/009_03-vs-014_03.png,009_03-vs-014_03.png,009_03-vs-014_03,009_03,014_03,009,014,/nas-ctm01/datasets/public/BIOMETRICS/Face_Morphing/MAD22/original_sorted/BonaFide/009_03.jpg,/nas-ctm01/datasets/public/BIOMETRICS/Face_Morphing/MAD22/original_sorted/BonaFide/014_03.jpg,103,14,23
86,MAD22,MIPGAN_II,identity_disjoint_80_20,train,/nas-ctm01/datasets/public/BIOMETRICS/Face_Morphing/MAD22/original_sorted/MIPGAN_II/009_03-vs-019_03.png,009_03-vs-019_03.png,009_03-vs-019_03,009_03,019_03,009,019,/nas-ctm01/datasets/public/BIOMETRICS/Face_Morphing/MAD22/original_sorted/BonaFide/009_03.jpg,/nas-ctm01/datasets/public/BIOMETRICS/Face_Morphing/MAD22/original_sorted/BonaFide/019_03.jpg,104,14,30
87,MAD22,MIPGAN_II,identity_disjoint_80_20,train,/nas-ctm01/datasets/public/BIOMETRICS/Face_Morphing/MAD22/original_sorted/MIPGAN_II/009_03-vs-027_03.png,009_03-vs-027_03.png,009_03-vs-027_03,009_03,027_03,009,027,/nas-ctm01/datasets/public/BIOMETRICS/Face_Morphing/MAD22/original_sorted/BonaFide/009_03.jpg,/nas-ctm01/datasets/public/BIOMETRICS/Face_Morphing/MAD22/original_sorted/BonaFide/027_03.jpg,105,14,44
88,MAD22,MIPGAN_II,identity_disjoint_80_20,train,/nas-ctm01/datasets/public/BIOMETRICS/Face_Morphing/MAD22/original_sorted/MIPGAN_II/009_03-vs-039_03.png,009_03-vs-039_03.png,009_03-vs-039_03,009_03,039_03,009,039,/nas-ctm01/datasets/public/BIOMETRICS/Face_Morphing/MAD22/original_sorted/BonaFide/009_03.jpg,/nas-ctm01/datasets/public/BIOMETRICS/Face_Morphing/MAD22/original_sorted/BonaFide/039_03.jpg,106,14,63
89,MAD22,MIPGAN_II,identity_disjoint_80_20,train,/nas-ctm01/datasets/public/BIOMETRICS/Face_Morphing/MAD22/original_sorted/MIPGAN_II/009_03-vs-066_03.png,009_03-vs-066_03.png,009_03-vs-066_03,009_03,066_03,009,066,/nas-ctm01/datasets/public/BIOMETRICS/Face_Morphing/MAD22/original_sorted/BonaFide/009_03.jpg,/nas-ctm01/datasets/public/BIOMETRICS/Face_Morphing/MAD22/original_sorted/BonaFide/066_03.jpg,107,14,82
90,MAD22,MIPGAN_II,identity_disjoint_80_20,train,/nas-ctm01/datasets/public/BIOMETRICS/Face_Morphing/MAD22/original_sorted/MIPGAN_II/009_03-vs-083_03.png,009_03-vs-083_03.png,009_03-vs-083_03,009_03,083_03,009,083,/nas-ctm01/datasets/public/BIOMETRICS/Face_Morphing/MAD22/original_sorted/BonaFide/009_03.jpg,/nas-ctm01/datasets/public/BIOMETRICS/Face_Morphing/MAD22/original_sorted/BonaFide/083_03.jpg,108,14,94
91,MAD22,MIPGAN_II,identity_disjoint_80_20,train,/nas-ctm01/datasets/public/BIOMETRICS/Face_Morphing/MAD22/original_sorted/MIPGAN_II/009_03-vs-090_03.png,009_03-vs-090_03.png,009_03-vs-090_03,009_03,090_03,009,090,/nas-ctm01/datasets/public/BIOMETRICS/Face_Morphing/MAD22/original_sorted/BonaFide/009_03.jpg,/nas-ctm01/datasets/public/BIOMETRICS/Face_Morphing/MAD22/original_sorted/BonaFide/090_03.jpg,109,14,99
92,MAD22,MIPGAN_II,identity_disjoint_80_20,train,/nas-ctm01/datasets/public/BIOMETRICS/Face_Morphing/MAD22/original_sorted/MIPGAN_II/009_03-vs-107_03.png,009_03-vs-107_03.png,009_03-vs-107_03,009_03,107_03,009,107,/nas-ctm01/datasets/public/BIOMETRICS/Face_Morphing/MAD22/original_sorted/BonaFide/009_03.jpg,/nas-ctm01/datasets/public/BIOMETRICS/Face_Morphing/MAD22/original_sorted/BonaFide/107_03.jpg,110,14,121
93,MAD22,MIPGAN_II,identity_disjoint_80_20,train,/nas-ctm01/datasets/public/BIOMETRICS/Face_Morphing/MAD22/original_sorted/MIPGAN_II/009_03-vs-112_03.png,009_03-vs-112_03.png,009_03-vs-112_03,009_03,112_03,009,112,/nas-ctm01/datasets/public/BIOMETRICS/Face_Morphing/MAD22/original_sorted/BonaFide/009_03.jpg,/nas-ctm01/datasets/public/BIOMETRICS/Face_Morphing/MAD22/original_sorted/BonaFide/112_03.jpg,111,14,125
94,MAD22,MIPGAN_II,identity_disjoint_80_20,train,/nas-ctm01/datasets/public/BIOMETRICS/Face_Morphing/MAD22/original_sorted/MIPGAN_II/009_03-vs-122_03.png,009_03-vs-122_03.png,009_03-vs-122_03,009_03,122_03,009,122,/nas-ctm01/datasets/public/BIOMETRICS/Face_Morphing/MAD22/original_sorted/BonaFide/009_03.jpg,/nas-ctm01/datasets/public/BIOMETRICS/Face_Morphing/MAD22/original_sorted/BonaFide/122_03.jpg,112,14,141
95,MAD22,MIPGAN_II,identity_disjoint_80_20,train,/nas-ctm01/datasets/public/BIOMETRICS/Face_Morphing/MAD22/original_sorted/MIPGAN_II/009_03-vs-129_03.png,009_03-vs-129_03.png,009_03-vs-129_03,009_03,129_03,009,129,/nas-ctm01/datasets/public/BIOMETRICS/Face_Morphing/MAD22/original_sorted/BonaFide/009_03.jpg,/nas-ctm01/datasets/public/BIOMETRICS/Face_Morphing/MAD22/original_sorted/BonaFide/129_03.jpg,113,14,154
96,MAD22,MIPGAN_II,identity_disjoint_80_20,train,/nas-ctm01/datasets/public/BIOMETRICS/Face_Morphing/MAD22/original_sorted/MIPGAN_II/009_03-vs-144_03.png,009_03-vs-144_03.png,009_03-vs-144_03,009_03,144_03,009,144,/nas-ctm01/datasets/public/BIOMETRICS/Face_Morphing/MAD22/original_sorted/BonaFide/009_03.jpg,/nas-ctm01/datasets/public/BIOMETRICS/Face_Morphing/MAD22/original_sorted/BonaFide/144_03.jpg,114,14,179
97,MAD22,MIPGAN_II,identity_disjoint_80_20,train,/nas-ctm01/datasets/public/BIOMETRICS/Face_Morphing/MAD22/original_sorted/MIPGAN_II/009_08-vs-019_08.png,009_08-vs-019_08.png,009_08-vs-019_08,009_08,019_08,009,019,/nas-ctm01/datasets/public/BIOMETRICS/Face_Morphing/MAD22/original_sorted/BonaFide/009_08.jpg,/nas-ctm01/datasets/public/BIOMETRICS/Face_Morphing/MAD22/original_sorted/BonaFide/019_08.jpg,115,15,31
98,MAD22,MIPGAN_II,identity_disjoint_80_20,train,/nas-ctm01/datasets/public/BIOMETRICS/Face_Morphing/MAD22/original_sorted/MIPGAN_II/009_08-vs-062_08.png,009_08-vs-062_08.png,009_08-vs-062_08,009_08,062_08,009,062,/nas-ctm01/datasets/public/BIOMETRICS/Face_Morphing/MAD22/original_sorted/BonaFide/009_08.jpg,/nas-ctm01/datasets/public/BIOMETRICS/Face_Morphing/MAD22/original_sorted/BonaFide/062_08.jpg,116,15,77
99,MAD22,MIPGAN_II,identity_disjoint_80_20,train,/nas-ctm01/datasets/public/BIOMETRICS/Face_Morphing/MAD22/original_sorted/MIPGAN_II/009_08-vs-083_08.png,009_08-vs-083_08.png,009_08-vs-083_08,009_08,083_08,009,083,/nas-ctm01/datasets/public/BIOMETRICS/Face_Morphing/MAD22/original_sorted/BonaFide/009_08.jpg,/nas-ctm01/datasets/public/BIOMETRICS/Face_Morphing/MAD22/original_sorted/BonaFide/083_08.jpg,117,15,95
100,MAD22,MIPGAN_II,identity_disjoint_80_20,train,/nas-ctm01/datasets/public/BIOMETRICS/Face_Morphing/MAD22/original_sorted/MIPGAN_II/009_08-vs-090_08.png,009_08-vs-090_08.png,009_08-vs-090_08,009_08,090_08,009,090,/nas-ctm01/datasets/public/BIOMETRICS/Face_Morphing/MAD22/original_sorted/BonaFide/009_08.jpg,/nas-ctm01/datasets/public/BIOMETRICS/Face_Morphing/MAD22/original_sorted/BonaFide/090_08.jpg,118,15,100
101,MAD22,MIPGAN_II,identity_disjoint_80_20,train,/nas-ctm01/datasets/public/BIOMETRICS/Face_Morphing/MAD22/original_sorted/MIPGAN_II/009_08-vs-107_08.png,009_08-vs-107_08.png,009_08-vs-107_08,009_08,107_08,009,107,/nas-ctm01/datasets/public/BIOMETRICS/Face_Morphing/MAD22/original_sorted/BonaFide/009_08.jpg,/nas-ctm01/datasets/public/BIOMETRICS/Face_Morphing/MAD22/original_sorted/BonaFide/107_08.jpg,119,15,122
102,MAD22,MIPGAN_II,identity_disjoint_80_20,train,/nas-ctm01/datasets/public/BIOMETRICS/Face_Morphing/MAD22/original_sorted/MIPGAN_II/009_08-vs-112_08.png,009_08-vs-112_08.png,009_08-vs-112_08,009_08,112_08,009,112,/nas-ctm01/datasets/public/BIOMETRICS/Face_Morphing/MAD22/original_sorted/BonaFide/009_08.jpg,/nas-ctm01/datasets/public/BIOMETRICS/Face_Morphing/MAD22/original_sorted/BonaFide/112_08.jpg,120,15,126
103,MAD22,MIPGAN_II,identity_disjoint_80_20,train,/nas-ctm01/datasets/public/BIOMETRICS/Face_Morphing/MAD22/original_sorted/MIPGAN_II/009_08-vs-122_08.png,009_08-vs-122_08.png,009_08-vs-122_08,009_08,122_08,009,122,/nas-ctm01/datasets/public/BIOMETRICS/Face_Morphing/MAD22/original_sorted/BonaFide/009_08.jpg,/nas-ctm01/datasets/public/BIOMETRICS/Face_Morphing/MAD22/original_sorted/BonaFide/122_08.jpg,121,15,142
104,MAD22,MIPGAN_II,identity_disjoint_80_20,train,/nas-ctm01/datasets/public/BIOMETRICS/Face_Morphing/MAD22/original_sorted/MIPGAN_II/009_08-vs-129_08.png,009_08-vs-129_08.png,009_08-vs-129_08,009_08,129_08,009,129,/nas-ctm01/datasets/public/BIOMETRICS/Face_Morphing/MAD22/original_sorted/BonaFide/009_08.jpg,/nas-ctm01/datasets/public/BIOMETRICS/Face_Morphing/MAD22/original_sorted/BonaFide/129_08.jpg,122,15,155
105,MAD22,MIPGAN_II,identity_disjoint_80_20,train,/nas-ctm01/datasets/public/BIOMETRICS/Face_Morphing/MAD22/original_sorted/MIPGAN_II/009_08-vs-135_08.png,009_08-vs-135_08.png,009_08-vs-135_08,009_08,135_08,009,135,/nas-ctm01/datasets/public/BIOMETRICS/Face_Morphing/MAD22/original_sorted/BonaFide/009_08.jpg,/nas-ctm01/datasets/public/BIOMETRICS/Face_Morphing/MAD22/original_sorted/BonaFide/135_08.jpg,123,15,165
106,MAD22,MIPGAN_II,identity_disjoint_80_20,train,/nas-ctm01/datasets/public/BIOMETRICS/Face_Morphing/MAD22/original_sorted/MIPGAN_II/009_08-vs-139_08.png,009_08-vs-139_08.png,009_08-vs-139_08,009_08,139_08,009,139,/nas-ctm01/datasets/public/BIOMETRICS/Face_Morphing/MAD22/original_sorted/BonaFide/009_08.jpg,/nas-ctm01/datasets/public/BIOMETRICS/Face_Morphing/MAD22/original_sorted/BonaFide/139_08.jpg,124,15,171
107,MAD22,MIPGAN_II,identity_disjoint_80_20,train,/nas-ctm01/datasets/public/BIOMETRICS/Face_Morphing/MAD22/original_sorted/MIPGAN_II/009_08-vs-144_08.png,009_08-vs-144_08.png,009_08-vs-144_08,009_08,144_08,009,144,/nas-ctm01/datasets/public/BIOMETRICS/Face_Morphing/MAD22/original_sorted/BonaFide/009_08.jpg,/nas-ctm01/datasets/public/BIOMETRICS/Face_Morphing/MAD22/original_sorted/BonaFide/144_08.jpg,125,15,180
108,MAD22,MIPGAN_II,identity_disjoint_80_20,train,/nas-ctm01/datasets/public/BIOMETRICS/Face_Morphing/MAD22/original_sorted/MIPGAN_II/010_03-vs-030_03.png,010_03-vs-030_03.png,010_03-vs-030_03,010_03,030_03,010,030,/nas-ctm01/datasets/public/BIOMETRICS/Face_Morphing/MAD22/original_sorted/BonaFide/010_03.jpg,/nas-ctm01/datasets/public/BIOMETRICS/Face_Morphing/MAD22/original_sorted/BonaFide/030_03.jpg,126,16,48
109,MAD22,MIPGAN_II,identity_disjoint_80_20,train,/nas-ctm01/datasets/public/BIOMETRICS/Face_Morphing/MAD22/original_sorted/MIPGAN_II/010_03-vs-038_03.png,010_03-vs-038_03.png,010_03-vs-038_03,010_03,038_03,010,038,/nas-ctm01/datasets/public/BIOMETRICS/Face_Morphing/MAD22/original_sorted/BonaFide/010_03.jpg,/nas-ctm01/datasets/public/BIOMETRICS/Face_Morphing/MAD22/original_sorted/BonaFide/038_03.jpg,127,16,61
110,MAD22,MIPGAN_II,identity_disjoint_80_20,train,/nas-ctm01/datasets/public/BIOMETRICS/Face_Morphing/MAD22/original_sorted/MIPGAN_II/010_03-vs-039_03.png,010_03-vs-039_03.png,010_03-vs-039_03,010_03,039_03,010,039,/nas-ctm01/datasets/public/BIOMETRICS/Face_Morphing/MAD22/original_sorted/BonaFide/010_03.jpg,/nas-ctm01/datasets/public/BIOMETRICS/Face_Morphing/MAD22/original_sorted/BonaFide/039_03.jpg,128,16,63
111,MAD22,MIPGAN_II,identity_disjoint_80_20,train,/nas-ctm01/datasets/public/BIOMETRICS/Face_Morphing/MAD22/original_sorted/MIPGAN_II/010_03-vs-090_03.png,010_03-vs-090_03.png,010_03-vs-090_03,010_03,090_03,010,090,/nas-ctm01/datasets/public/BIOMETRICS/Face_Morphing/MAD22/original_sorted/BonaFide/010_03.jpg,/nas-ctm01/datasets/public/BIOMETRICS/Face_Morphing/MAD22/original_sorted/BonaFide/090_03.jpg,129,16,99
112,MAD22,MIPGAN_II,identity_disjoint_80_20,train,/nas-ctm01/datasets/public/BIOMETRICS/Face_Morphing/MAD22/original_sorted/MIPGAN_II/010_08-vs-020_08.png,010_08-vs-020_08.png,010_08-vs-020_08,010_08,020_08,010,020,/nas-ctm01/datasets/public/BIOMETRICS/Face_Morphing/MAD22/original_sorted/BonaFide/010_08.jpg,/nas-ctm01/datasets/public/BIOMETRICS/Face_Morphing/MAD22/original_sorted/BonaFide/020_08.jpg,130,17,33
113,MAD22,MIPGAN_II,identity_disjoint_80_20,train,/nas-ctm01/datasets/public/BIOMETRICS/Face_Morphing/MAD22/original_sorted/MIPGAN_II/010_08-vs-038_08.png,010_08-vs-038_08.png,010_08-vs-038_08,010_08,038_08,010,038,/nas-ctm01/datasets/public/BIOMETRICS/Face_Morphing/MAD22/original_sorted/BonaFide/010_08.jpg,/nas-ctm01/datasets/public/BIOMETRICS/Face_Morphing/MAD22/original_sorted/BonaFide/038_08.jpg,131,17,62
114,MAD22,MIPGAN_II,identity_disjoint_80_20,train,/nas-ctm01/datasets/public/BIOMETRICS/Face_Morphing/MAD22/original_sorted/MIPGAN_II/010_08-vs-039_08.png,010_08-vs-039_08.png,010_08-vs-039_08,010_08,039_08,010,039,/nas-ctm01/datasets/public/BIOMETRICS/Face_Morphing/MAD22/original_sorted/BonaFide/010_08.jpg,/nas-ctm01/datasets/public/BIOMETRICS/Face_Morphing/MAD22/original_sorted/BonaFide/039_08.jpg,132,17,64
115,MAD22,MIPGAN_II,identity_disjoint_80_20,train,/nas-ctm01/datasets/public/BIOMETRICS/Face_Morphing/MAD22/original_sorted/MIPGAN_II/011_03-vs-020_03.png,011_03-vs-020_03.png,011_03-vs-020_03,011_03,020_03,011,020,/nas-ctm01/datasets/public/BIOMETRICS/Face_Morphing/MAD22/original_sorted/BonaFide/011_03.jpg,/nas-ctm01/datasets/public/BIOMETRICS/Face_Morphing/MAD22/original_sorted/BonaFide/020_03.jpg,133,18,32
116,MAD22,MIPGAN_II,identity_disjoint_80_20,train,/nas-ctm01/datasets/public/BIOMETRICS/Face_Morphing/MAD22/original_sorted/MIPGAN_II/011_03-vs-032_03.png,011_03-vs-032_03.png,011_03-vs-032_03,011_03,032_03,011,032,/nas-ctm01/datasets/public/BIOMETRICS/Face_Morphing/MAD22/original_sorted/BonaFide/011_03.jpg,/nas-ctm01/datasets/public/BIOMETRICS/Face_Morphing/MAD22/original_sorted/BonaFide/032_03.jpg,134,18,52
117,MAD22,MIPGAN_II,identity_disjoint_80_20,train,/nas-ctm01/datasets/public/BIOMETRICS/Face_Morphing/MAD22/original_sorted/MIPGAN_II/011_03-vs-062_03.png,011_03-vs-062_03.png,011_03-vs-062_03,011_03,062_03,011,062,/nas-ctm01/datasets/public/BIOMETRICS/Face_Morphing/MAD22/original_sorted/BonaFide/011_03.jpg,/nas-ctm01/datasets/public/BIOMETRICS/Face_Morphing/MAD22/original_sorted/BonaFide/062_03.jpg,135,18,76
118,MAD22,MIPGAN_II,identity_disjoint_80_20,train,/nas-ctm01/datasets/public/BIOMETRICS/Face_Morphing/MAD22/original_sorted/MIPGAN_II/011_03-vs-064_03.png,011_03-vs-064_03.png,011_03-vs-064_03,011_03,064_03,011,064,/nas-ctm01/datasets/public/BIOMETRICS/Face_Morphing/MAD22/original_sorted/BonaFide/011_03.jpg,/nas-ctm01/datasets/public/BIOMETRICS/Face_Morphing/MAD22/original_sorted/BonaFide/064_03.jpg,136,18,80
119,MAD22,MIPGAN_II,identity_disjoint_80_20,train,/nas-ctm01/datasets/public/BIOMETRICS/Face_Morphing/MAD22/original_sorted/MIPGAN_II/011_03-vs-097_03.png,011_03-vs-097_03.png,011_03-vs-097_03,011_03,097_03,011,097,/nas-ctm01/datasets/public/BIOMETRICS/Face_Morphing/MAD22/original_sorted/BonaFide/011_03.jpg,/nas-ctm01/datasets/public/BIOMETRICS/Face_Morphing/MAD22/original_sorted/BonaFide/097_03.jpg,137,18,108
120,MAD22,MIPGAN_II,identity_disjoint_80_20,train,/nas-ctm01/datasets/public/BIOMETRICS/Face_Morphing/MAD22/original_sorted/MIPGAN_II/011_03-vs-120_03.png,011_03-vs-120_03.png,011_03-vs-120_03,011_03,120_03,011,120,/nas-ctm01/datasets/public/BIOMETRICS/Face_Morphing/MAD22/original_sorted/BonaFide/011_03.jpg,/nas-ctm01/datasets/public/BIOMETRICS/Face_Morphing/MAD22/original_sorted/BonaFide/120_03.jpg,138,18,137
121,MAD22,MIPGAN_II,identity_disjoint_80_20,train,/nas-ctm01/datasets/public/BIOMETRICS/Face_Morphing/MAD22/original_sorted/MIPGAN_II/011_03-vs-124_03.png,011_03-vs-124_03.png,011_03-vs-124_03,011_03,124_03,011,124,/nas-ctm01/datasets/public/BIOMETRICS/Face_Morphing/MAD22/original_sorted/BonaFide/011_03.jpg,/nas-ctm01/datasets/public/BIOMETRICS/Face_Morphing/MAD22/original_sorted/BonaFide/124_03.jpg,139,18,145
122,MAD22,MIPGAN_II,identity_disjoint_80_20,train,/nas-ctm01/datasets/public/BIOMETRICS/Face_Morphing/MAD22/original_sorted/MIPGAN_II/011_03-vs-135_03.png,011_03-vs-135_03.png,011_03-vs-135_03,011_03,135_03,011,135,/nas-ctm01/datasets/public/BIOMETRICS/Face_Morphing/MAD22/original_sorted/BonaFide/011_03.jpg,/nas-ctm01/datasets/public/BIOMETRICS/Face_Morphing/MAD22/original_sorted/BonaFide/135_03.jpg,140,18,164
123,MAD22,MIPGAN_II,identity_disjoint_80_20,train,/nas-ctm01/datasets/public/BIOMETRICS/Face_Morphing/MAD22/original_sorted/MIPGAN_II/011_08-vs-020_08.png,011_08-vs-020_08.png,011_08-vs-020_08,011_08,020_08,011,020,/nas-ctm01/datasets/public/BIOMETRICS/Face_Morphing/MAD22/original_sorted/BonaFide/011_08.jpg,/nas-ctm01/datasets/public/BIOMETRICS/Face_Morphing/MAD22/original_sorted/BonaFide/020_08.jpg,141,19,33
124,MAD22,MIPGAN_II,identity_disjoint_80_20,train,/nas-ctm01/datasets/public/BIOMETRICS/Face_Morphing/MAD22/original_sorted/MIPGAN_II/011_08-vs-032_08.png,011_08-vs-032_08.png,011_08-vs-032_08,011_08,032_08,011,032,/nas-ctm01/datasets/public/BIOMETRICS/Face_Morphing/MAD22/original_sorted/BonaFide/011_08.jpg,/nas-ctm01/datasets/public/BIOMETRICS/Face_Morphing/MAD22/original_sorted/BonaFide/032_08.jpg,142,19,53
125,MAD22,MIPGAN_II,identity_disjoint_80_20,train,/nas-ctm01/datasets/public/BIOMETRICS/Face_Morphing/MAD22/original_sorted/MIPGAN_II/011_08-vs-062_08.png,011_08-vs-062_08.png,011_08-vs-062_08,011_08,062_08,011,062,/nas-ctm01/datasets/public/BIOMETRICS/Face_Morphing/MAD22/original_sorted/BonaFide/011_08.jpg,/nas-ctm01/datasets/public/BIOMETRICS/Face_Morphing/MAD22/original_sorted/BonaFide/062_08.jpg,143,19,77
126,MAD22,MIPGAN_II,identity_disjoint_80_20,train,/nas-ctm01/datasets/public/BIOMETRICS/Face_Morphing/MAD22/original_sorted/MIPGAN_II/011_08-vs-064_08.png,011_08-vs-064_08.png,011_08-vs-064_08,011_08,064_08,011,064,/nas-ctm01/datasets/public/BIOMETRICS/Face_Morphing/MAD22/original_sorted/BonaFide/011_08.jpg,/nas-ctm01/datasets/public/BIOMETRICS/Face_Morphing/MAD22/original_sorted/BonaFide/064_08.jpg,144,19,81
127,MAD22,MIPGAN_II,identity_disjoint_80_20,train,/nas-ctm01/datasets/public/BIOMETRICS/Face_Morphing/MAD22/original_sorted/MIPGAN_II/011_08-vs-091_08.png,011_08-vs-091_08.png,011_08-vs-091_08,011_08,091_08,011,091,/nas-ctm01/datasets/public/BIOMETRICS/Face_Morphing/MAD22/original_sorted/BonaFide/011_08.jpg,/nas-ctm01/datasets/public/BIOMETRICS/Face_Morphing/MAD22/original_sorted/BonaFide/091_08.jpg,145,19,101
128,MAD22,MIPGAN_II,identity_disjoint_80_20,train,/nas-ctm01/datasets/public/BIOMETRICS/Face_Morphing/MAD22/original_sorted/MIPGAN_II/011_08-vs-124_08.png,011_08-vs-124_08.png,011_08-vs-124_08,011_08,124_08,011,124,/nas-ctm01/datasets/public/BIOMETRICS/Face_Morphing/MAD22/original_sorted/BonaFide/011_08.jpg,/nas-ctm01/datasets/public/BIOMETRICS/Face_Morphing/MAD22/original_sorted/BonaFide/124_08.jpg,146,19,146
129,MAD22,MIPGAN_II,identity_disjoint_80_20,train,/nas-ctm01/datasets/public/BIOMETRICS/Face_Morphing/MAD22/original_sorted/MIPGAN_II/011_08-vs-135_08.png,011_08-vs-135_08.png,011_08-vs-135_08,011_08,135_08,011,135,/nas-ctm01/datasets/public/BIOMETRICS/Face_Morphing/MAD22/original_sorted/BonaFide/011_08.jpg,/nas-ctm01/datasets/public/BIOMETRICS/Face_Morphing/MAD22/original_sorted/BonaFide/135_08.jpg,147,19,165
130,MAD22,MIPGAN_II,identity_disjoint_80_20,train,/nas-ctm01/datasets/public/BIOMETRICS/Face_Morphing/MAD22/original_sorted/MIPGAN_II/011_08-vs-136_08.png,011_08-vs-136_08.png,011_08-vs-136_08,011_08,136_08,011,136,/nas-ctm01/datasets/public/BIOMETRICS/Face_Morphing/MAD22/original_sorted/BonaFide/011_08.jpg,/nas-ctm01/datasets/public/BIOMETRICS/Face_Morphing/MAD22/original_sorted/BonaFide/136_08.jpg,148,19,167
131,MAD22,MIPGAN_II,identity_disjoint_80_20,train,/nas-ctm01/datasets/public/BIOMETRICS/Face_Morphing/MAD22/original_sorted/MIPGAN_II/012_03-vs-026_03.png,012_03-vs-026_03.png,012_03-vs-026_03,012_03,026_03,012,026,/nas-ctm01/datasets/public/BIOMETRICS/Face_Morphing/MAD22/original_sorted/BonaFide/012_03.jpg,/nas-ctm01/datasets/public/BIOMETRICS/Face_Morphing/MAD22/original_sorted/BonaFide/026_03.jpg,149,20,42
132,MAD22,MIPGAN_II,identity_disjoint_80_20,train,/nas-ctm01/datasets/public/BIOMETRICS/Face_Morphing/MAD22/original_sorted/MIPGAN_II/012_03-vs-037_03.png,012_03-vs-037_03.png,012_03-vs-037_03,012_03,037_03,012,037,/nas-ctm01/datasets/public/BIOMETRICS/Face_Morphing/MAD22/original_sorted/BonaFide/012_03.jpg,/nas-ctm01/datasets/public/BIOMETRICS/Face_Morphing/MAD22/original_sorted/BonaFide/037_03.jpg,150,20,60
133,MAD22,MIPGAN_II,identity_disjoint_80_20,train,/nas-ctm01/datasets/public/BIOMETRICS/Face_Morphing/MAD22/original_sorted/MIPGAN_II/012_03-vs-096_03.png,012_03-vs-096_03.png,012_03-vs-096_03,012_03,096_03,012,096,/nas-ctm01/datasets/public/BIOMETRICS/Face_Morphing/MAD22/original_sorted/BonaFide/012_03.jpg,/nas-ctm01/datasets/public/BIOMETRICS/Face_Morphing/MAD22/original_sorted/BonaFide/096_03.jpg,152,20,106
134,MAD22,MIPGAN_II,identity_disjoint_80_20,train,/nas-ctm01/datasets/public/BIOMETRICS/Face_Morphing/MAD22/original_sorted/MIPGAN_II/012_03-vs-138_03.png,012_03-vs-138_03.png,012_03-vs-138_03,012_03,138_03,012,138,/nas-ctm01/datasets/public/BIOMETRICS/Face_Morphing/MAD22/original_sorted/BonaFide/012_03.jpg,/nas-ctm01/datasets/public/BIOMETRICS/Face_Morphing/MAD22/original_sorted/BonaFide/138_03.jpg,153,20,169
135,MAD22,MIPGAN_II,identity_disjoint_80_20,train,/nas-ctm01/datasets/public/BIOMETRICS/Face_Morphing/MAD22/original_sorted/MIPGAN_II/012_03-vs-141_03.png,012_03-vs-141_03.png,012_03-vs-141_03,012_03,141_03,012,141,/nas-ctm01/datasets/public/BIOMETRICS/Face_Morphing/MAD22/original_sorted/BonaFide/012_03.jpg,/nas-ctm01/datasets/public/BIOMETRICS/Face_Morphing/MAD22/original_sorted/BonaFide/141_03.jpg,154,20,173
136,MAD22,MIPGAN_II,identity_disjoint_80_20,train,/nas-ctm01/datasets/public/BIOMETRICS/Face_Morphing/MAD22/original_sorted/MIPGAN_II/012_08-vs-026_08.png,012_08-vs-026_08.png,012_08-vs-026_08,012_08,026_08,012,026,/nas-ctm01/datasets/public/BIOMETRICS/Face_Morphing/MAD22/original_sorted/BonaFide/012_08.jpg,/nas-ctm01/datasets/public/BIOMETRICS/Face_Morphing/MAD22/original_sorted/BonaFide/026_08.jpg,155,21,43
137,MAD22,MIPGAN_II,identity_disjoint_80_20,train,/nas-ctm01/datasets/public/BIOMETRICS/Face_Morphing/MAD22/original_sorted/MIPGAN_II/012_08-vs-061_08.png,012_08-vs-061_08.png,012_08-vs-061_08,012_08,061_08,012,061,/nas-ctm01/datasets/public/BIOMETRICS/Face_Morphing/MAD22/original_sorted/BonaFide/012_08.jpg,/nas-ctm01/datasets/public/BIOMETRICS/Face_Morphing/MAD22/original_sorted/BonaFide/061_08.jpg,158,21,75
138,MAD22,MIPGAN_II,identity_disjoint_80_20,train,/nas-ctm01/datasets/public/BIOMETRICS/Face_Morphing/MAD22/original_sorted/MIPGAN_II/012_08-vs-130_08.png,012_08-vs-130_08.png,012_08-vs-130_08,012_08,130_08,012,130,/nas-ctm01/datasets/public/BIOMETRICS/Face_Morphing/MAD22/original_sorted/BonaFide/012_08.jpg,/nas-ctm01/datasets/public/BIOMETRICS/Face_Morphing/MAD22/original_sorted/BonaFide/130_08.jpg,159,21,157
139,MAD22,MIPGAN_II,identity_disjoint_80_20,train,/nas-ctm01/datasets/public/BIOMETRICS/Face_Morphing/MAD22/original_sorted/MIPGAN_II/012_08-vs-141_08.png,012_08-vs-141_08.png,012_08-vs-141_08,012_08,141_08,012,141,/nas-ctm01/datasets/public/BIOMETRICS/Face_Morphing/MAD22/original_sorted/BonaFide/012_08.jpg,/nas-ctm01/datasets/public/BIOMETRICS/Face_Morphing/MAD22/original_sorted/BonaFide/141_08.jpg,160,21,174
140,MAD22,MIPGAN_II,identity_disjoint_80_20,train,/nas-ctm01/datasets/public/BIOMETRICS/Face_Morphing/MAD22/original_sorted/MIPGAN_II/012_08-vs-143_08.png,012_08-vs-143_08.png,012_08-vs-143_08,012_08,143_08,012,143,/nas-ctm01/datasets/public/BIOMETRICS/Face_Morphing/MAD22/original_sorted/BonaFide/012_08.jpg,/nas-ctm01/datasets/public/BIOMETRICS/Face_Morphing/MAD22/original_sorted/BonaFide/143_08.jpg,161,21,178
141,MAD22,MIPGAN_II,identity_disjoint_80_20,train,/nas-ctm01/datasets/public/BIOMETRICS/Face_Morphing/MAD22/original_sorted/MIPGAN_II/013_08-vs-030_08.png,013_08-vs-030_08.png,013_08-vs-030_08,013_08,030_08,013,030,/nas-ctm01/datasets/public/BIOMETRICS/Face_Morphing/MAD22/original_sorted/BonaFide/013_08.jpg,/nas-ctm01/datasets/public/BIOMETRICS/Face_Morphing/MAD22/original_sorted/BonaFide/030_08.jpg,162,22,49
142,MAD22,MIPGAN_II,identity_disjoint_80_20,train,/nas-ctm01/datasets/public/BIOMETRICS/Face_Morphing/MAD22/original_sorted/MIPGAN_II/013_08-vs-038_08.png,013_08-vs-038_08.png,013_08-vs-038_08,013_08,038_08,013,038,/nas-ctm01/datasets/public/BIOMETRICS/Face_Morphing/MAD22/original_sorted/BonaFide/013_08.jpg,/nas-ctm01/datasets/public/BIOMETRICS/Face_Morphing/MAD22/original_sorted/BonaFide/038_08.jpg,163,22,62
143,MAD22,MIPGAN_II,identity_disjoint_80_20,train,/nas-ctm01/datasets/public/BIOMETRICS/Face_Morphing/MAD22/original_sorted/MIPGAN_II/013_08-vs-066_08.png,013_08-vs-066_08.png,013_08-vs-066_08,013_08,066_08,013,066,/nas-ctm01/datasets/public/BIOMETRICS/Face_Morphing/MAD22/original_sorted/BonaFide/013_08.jpg,/nas-ctm01/datasets/public/BIOMETRICS/Face_Morphing/MAD22/original_sorted/BonaFide/066_08.jpg,164,22,83
144,MAD22,MIPGAN_II,identity_disjoint_80_20,train,/nas-ctm01/datasets/public/BIOMETRICS/Face_Morphing/MAD22/original_sorted/MIPGAN_II/013_08-vs-097_08.png,013_08-vs-097_08.png,013_08-vs-097_08,013_08,097_08,013,097,/nas-ctm01/datasets/public/BIOMETRICS/Face_Morphing/MAD22/original_sorted/BonaFide/013_08.jpg,/nas-ctm01/datasets/public/BIOMETRICS/Face_Morphing/MAD22/original_sorted/BonaFide/097_08.jpg,165,22,109
145,MAD22,MIPGAN_II,identity_disjoint_80_20,train,/nas-ctm01/datasets/public/BIOMETRICS/Face_Morphing/MAD22/original_sorted/MIPGAN_II/013_08-vs-118_08.png,013_08-vs-118_08.png,013_08-vs-118_08,013_08,118_08,013,118,/nas-ctm01/datasets/public/BIOMETRICS/Face_Morphing/MAD22/original_sorted/BonaFide/013_08.jpg,/nas-ctm01/datasets/public/BIOMETRICS/Face_Morphing/MAD22/original_sorted/BonaFide/118_08.jpg,166,22,134
146,MAD22,MIPGAN_II,identity_disjoint_80_20,train,/nas-ctm01/datasets/public/BIOMETRICS/Face_Morphing/MAD22/original_sorted/MIPGAN_II/014_03-vs-019_03.png,014_03-vs-019_03.png,014_03-vs-019_03,014_03,019_03,014,019,/nas-ctm01/datasets/public/BIOMETRICS/Face_Morphing/MAD22/original_sorted/BonaFide/014_03.jpg,/nas-ctm01/datasets/public/BIOMETRICS/Face_Morphing/MAD22/original_sorted/BonaFide/019_03.jpg,167,23,30
147,MAD22,MIPGAN_II,identity_disjoint_80_20,train,/nas-ctm01/datasets/public/BIOMETRICS/Face_Morphing/MAD22/original_sorted/MIPGAN_II/014_03-vs-030_03.png,014_03-vs-030_03.png,014_03-vs-030_03,014_03,030_03,014,030,/nas-ctm01/datasets/public/BIOMETRICS/Face_Morphing/MAD22/original_sorted/BonaFide/014_03.jpg,/nas-ctm01/datasets/public/BIOMETRICS/Face_Morphing/MAD22/original_sorted/BonaFide/030_03.jpg,168,23,48
148,MAD22,MIPGAN_II,identity_disjoint_80_20,train,/nas-ctm01/datasets/public/BIOMETRICS/Face_Morphing/MAD22/original_sorted/MIPGAN_II/014_03-vs-038_03.png,014_03-vs-038_03.png,014_03-vs-038_03,014_03,038_03,014,038,/nas-ctm01/datasets/public/BIOMETRICS/Face_Morphing/MAD22/original_sorted/BonaFide/014_03.jpg,/nas-ctm01/datasets/public/BIOMETRICS/Face_Morphing/MAD22/original_sorted/BonaFide/038_03.jpg,169,23,61
149,MAD22,MIPGAN_II,identity_disjoint_80_20,train,/nas-ctm01/datasets/public/BIOMETRICS/Face_Morphing/MAD22/original_sorted/MIPGAN_II/014_03-vs-122_03.png,014_03-vs-122_03.png,014_03-vs-122_03,014_03,122_03,014,122,/nas-ctm01/datasets/public/BIOMETRICS/Face_Morphing/MAD22/original_sorted/BonaFide/014_03.jpg,/nas-ctm01/datasets/public/BIOMETRICS/Face_Morphing/MAD22/original_sorted/BonaFide/122_03.jpg,170,23,141
150,MAD22,MIPGAN_II,identity_disjoint_80_20,train,/nas-ctm01/datasets/public/BIOMETRICS/Face_Morphing/MAD22/original_sorted/MIPGAN_II/014_03-vs-134_03.png,014_03-vs-134_03.png,014_03-vs-134_03,014_03,134_03,014,134,/nas-ctm01/datasets/public/BIOMETRICS/Face_Morphing/MAD22/original_sorted/BonaFide/014_03.jpg,/nas-ctm01/datasets/public/BIOMETRICS/Face_Morphing/MAD22/original_sorted/BonaFide/134_03.jpg,171,23,162
151,MAD22,MIPGAN_II,identity_disjoint_80_20,train,/nas-ctm01/datasets/public/BIOMETRICS/Face_Morphing/MAD22/original_sorted/MIPGAN_II/014_03-vs-139_03.png,014_03-vs-139_03.png,014_03-vs-139_03,014_03,139_03,014,139,/nas-ctm01/datasets/public/BIOMETRICS/Face_Morphing/MAD22/original_sorted/BonaFide/014_03.jpg,/nas-ctm01/datasets/public/BIOMETRICS/Face_Morphing/MAD22/original_sorted/BonaFide/139_03.jpg,172,23,170
152,MAD22,MIPGAN_II,identity_disjoint_80_20,train,/nas-ctm01/datasets/public/BIOMETRICS/Face_Morphing/MAD22/original_sorted/MIPGAN_II/014_08-vs-019_08.png,014_08-vs-019_08.png,014_08-vs-019_08,014_08,019_08,014,019,/nas-ctm01/datasets/public/BIOMETRICS/Face_Morphing/MAD22/original_sorted/BonaFide/014_08.jpg,/nas-ctm01/datasets/public/BIOMETRICS/Face_Morphing/MAD22/original_sorted/BonaFide/019_08.jpg,173,24,31
153,MAD22,MIPGAN_II,identity_disjoint_80_20,train,/nas-ctm01/datasets/public/BIOMETRICS/Face_Morphing/MAD22/original_sorted/MIPGAN_II/014_08-vs-038_08.png,014_08-vs-038_08.png,014_08-vs-038_08,014_08,038_08,014,038,/nas-ctm01/datasets/public/BIOMETRICS/Face_Morphing/MAD22/original_sorted/BonaFide/014_08.jpg,/nas-ctm01/datasets/public/BIOMETRICS/Face_Morphing/MAD22/original_sorted/BonaFide/038_08.jpg,174,24,62
154,MAD22,MIPGAN_II,identity_disjoint_80_20,train,/nas-ctm01/datasets/public/BIOMETRICS/Face_Morphing/MAD22/original_sorted/MIPGAN_II/014_08-vs-122_08.png,014_08-vs-122_08.png,014_08-vs-122_08,014_08,122_08,014,122,/nas-ctm01/datasets/public/BIOMETRICS/Face_Morphing/MAD22/original_sorted/BonaFide/014_08.jpg,/nas-ctm01/datasets/public/BIOMETRICS/Face_Morphing/MAD22/original_sorted/BonaFide/122_08.jpg,175,24,142
155,MAD22,MIPGAN_II,identity_disjoint_80_20,train,/nas-ctm01/datasets/public/BIOMETRICS/Face_Morphing/MAD22/original_sorted/MIPGAN_II/014_08-vs-134_08.png,014_08-vs-134_08.png,014_08-vs-134_08,014_08,134_08,014,134,/nas-ctm01/datasets/public/BIOMETRICS/Face_Morphing/MAD22/original_sorted/BonaFide/014_08.jpg,/nas-ctm01/datasets/public/BIOMETRICS/Face_Morphing/MAD22/original_sorted/BonaFide/134_08.jpg,176,24,163
156,MAD22,MIPGAN_II,identity_disjoint_80_20,train,/nas-ctm01/datasets/public/BIOMETRICS/Face_Morphing/MAD22/original_sorted/MIPGAN_II/016_03-vs-027_03.png,016_03-vs-027_03.png,016_03-vs-027_03,016_03,027_03,016,027,/nas-ctm01/datasets/public/BIOMETRICS/Face_Morphing/MAD22/original_sorted/BonaFide/016_03.jpg,/nas-ctm01/datasets/public/BIOMETRICS/Face_Morphing/MAD22/original_sorted/BonaFide/027_03.jpg,177,25,44
157,MAD22,MIPGAN_II,identity_disjoint_80_20,train,/nas-ctm01/datasets/public/BIOMETRICS/Face_Morphing/MAD22/original_sorted/MIPGAN_II/016_03-vs-083_03.png,016_03-vs-083_03.png,016_03-vs-083_03,016_03,083_03,016,083,/nas-ctm01/datasets/public/BIOMETRICS/Face_Morphing/MAD22/original_sorted/BonaFide/016_03.jpg,/nas-ctm01/datasets/public/BIOMETRICS/Face_Morphing/MAD22/original_sorted/BonaFide/083_03.jpg,178,25,94
158,MAD22,MIPGAN_II,identity_disjoint_80_20,train,/nas-ctm01/datasets/public/BIOMETRICS/Face_Morphing/MAD22/original_sorted/MIPGAN_II/016_03-vs-086_03.png,016_03-vs-086_03.png,016_03-vs-086_03,016_03,086_03,016,086,/nas-ctm01/datasets/public/BIOMETRICS/Face_Morphing/MAD22/original_sorted/BonaFide/016_03.jpg,/nas-ctm01/datasets/public/BIOMETRICS/Face_Morphing/MAD22/original_sorted/BonaFide/086_03.jpg,179,25,96
159,MAD22,MIPGAN_II,identity_disjoint_80_20,train,/nas-ctm01/datasets/public/BIOMETRICS/Face_Morphing/MAD22/original_sorted/MIPGAN_II/016_03-vs-094_03.png,016_03-vs-094_03.png,016_03-vs-094_03,016_03,094_03,016,094,/nas-ctm01/datasets/public/BIOMETRICS/Face_Morphing/MAD22/original_sorted/BonaFide/016_03.jpg,/nas-ctm01/datasets/public/BIOMETRICS/Face_Morphing/MAD22/original_sorted/BonaFide/094_03.jpg,180,25,104
160,MAD22,MIPGAN_II,identity_disjoint_80_20,train,/nas-ctm01/datasets/public/BIOMETRICS/Face_Morphing/MAD22/original_sorted/MIPGAN_II/016_08-vs-025_08.png,016_08-vs-025_08.png,016_08-vs-025_08,016_08,025_08,016,025,/nas-ctm01/datasets/public/BIOMETRICS/Face_Morphing/MAD22/original_sorted/BonaFide/016_08.jpg,/nas-ctm01/datasets/public/BIOMETRICS/Face_Morphing/MAD22/original_sorted/BonaFide/025_08.jpg,181,26,41
161,MAD22,MIPGAN_II,identity_disjoint_80_20,train,/nas-ctm01/datasets/public/BIOMETRICS/Face_Morphing/MAD22/original_sorted/MIPGAN_II/016_08-vs-081_08.png,016_08-vs-081_08.png,016_08-vs-081_08,016_08,081_08,016,081,/nas-ctm01/datasets/public/BIOMETRICS/Face_Morphing/MAD22/original_sorted/BonaFide/016_08.jpg,/nas-ctm01/datasets/public/BIOMETRICS/Face_Morphing/MAD22/original_sorted/BonaFide/081_08.jpg,182,26,91
162,MAD22,MIPGAN_II,identity_disjoint_80_20,train,/nas-ctm01/datasets/public/BIOMETRICS/Face_Morphing/MAD22/original_sorted/MIPGAN_II/016_08-vs-083_08.png,016_08-vs-083_08.png,016_08-vs-083_08,016_08,083_08,016,083,/nas-ctm01/datasets/public/BIOMETRICS/Face_Morphing/MAD22/original_sorted/BonaFide/016_08.jpg,/nas-ctm01/datasets/public/BIOMETRICS/Face_Morphing/MAD22/original_sorted/BonaFide/083_08.jpg,183,26,95
163,MAD22,MIPGAN_II,identity_disjoint_80_20,train,/nas-ctm01/datasets/public/BIOMETRICS/Face_Morphing/MAD22/original_sorted/MIPGAN_II/016_08-vs-086_08.png,016_08-vs-086_08.png,016_08-vs-086_08,016_08,086_08,016,086,/nas-ctm01/datasets/public/BIOMETRICS/Face_Morphing/MAD22/original_sorted/BonaFide/016_08.jpg,/nas-ctm01/datasets/public/BIOMETRICS/Face_Morphing/MAD22/original_sorted/BonaFide/086_08.jpg,184,26,97
164,MAD22,MIPGAN_II,identity_disjoint_80_20,train,/nas-ctm01/datasets/public/BIOMETRICS/Face_Morphing/MAD22/original_sorted/MIPGAN_II/016_08-vs-099_08.png,016_08-vs-099_08.png,016_08-vs-099_08,016_08,099_08,016,099,/nas-ctm01/datasets/public/BIOMETRICS/Face_Morphing/MAD22/original_sorted/BonaFide/016_08.jpg,/nas-ctm01/datasets/public/BIOMETRICS/Face_Morphing/MAD22/original_sorted/BonaFide/099_08.jpg,185,26,111
165,MAD22,MIPGAN_II,identity_disjoint_80_20,train,/nas-ctm01/datasets/public/BIOMETRICS/Face_Morphing/MAD22/original_sorted/MIPGAN_II/017_08-vs-024_08.png,017_08-vs-024_08.png,017_08-vs-024_08,017_08,024_08,017,024,/nas-ctm01/datasets/public/BIOMETRICS/Face_Morphing/MAD22/original_sorted/BonaFide/017_08.jpg,/nas-ctm01/datasets/public/BIOMETRICS/Face_Morphing/MAD22/original_sorted/BonaFide/024_08.jpg,186,27,39
166,MAD22,MIPGAN_II,identity_disjoint_80_20,train,/nas-ctm01/datasets/public/BIOMETRICS/Face_Morphing/MAD22/original_sorted/MIPGAN_II/017_08-vs-067_08.png,017_08-vs-067_08.png,017_08-vs-067_08,017_08,067_08,017,067,/nas-ctm01/datasets/public/BIOMETRICS/Face_Morphing/MAD22/original_sorted/BonaFide/017_08.jpg,/nas-ctm01/datasets/public/BIOMETRICS/Face_Morphing/MAD22/original_sorted/BonaFide/067_08.jpg,187,27,85
167,MAD22,MIPGAN_II,identity_disjoint_80_20,train,/nas-ctm01/datasets/public/BIOMETRICS/Face_Morphing/MAD22/original_sorted/MIPGAN_II/017_08-vs-130_08.png,017_08-vs-130_08.png,017_08-vs-130_08,017_08,130_08,017,130,/nas-ctm01/datasets/public/BIOMETRICS/Face_Morphing/MAD22/original_sorted/BonaFide/017_08.jpg,/nas-ctm01/datasets/public/BIOMETRICS/Face_Morphing/MAD22/original_sorted/BonaFide/130_08.jpg,189,27,157
168,MAD22,MIPGAN_II,identity_disjoint_80_20,train,/nas-ctm01/datasets/public/BIOMETRICS/Face_Morphing/MAD22/original_sorted/MIPGAN_II/017_08-vs-141_08.png,017_08-vs-141_08.png,017_08-vs-141_08,017_08,141_08,017,141,/nas-ctm01/datasets/public/BIOMETRICS/Face_Morphing/MAD22/original_sorted/BonaFide/017_08.jpg,/nas-ctm01/datasets/public/BIOMETRICS/Face_Morphing/MAD22/original_sorted/BonaFide/141_08.jpg,190,27,174
169,MAD22,MIPGAN_II,identity_disjoint_80_20,train,/nas-ctm01/datasets/public/BIOMETRICS/Face_Morphing/MAD22/original_sorted/MIPGAN_II/018_03-vs-061_03.png,018_03-vs-061_03.png,018_03-vs-061_03,018_03,061_03,018,061,/nas-ctm01/datasets/public/BIOMETRICS/Face_Morphing/MAD22/original_sorted/BonaFide/018_03.jpg,/nas-ctm01/datasets/public/BIOMETRICS/Face_Morphing/MAD22/original_sorted/BonaFide/061_03.jpg,191,28,74
170,MAD22,MIPGAN_II,identity_disjoint_80_20,train,/nas-ctm01/datasets/public/BIOMETRICS/Face_Morphing/MAD22/original_sorted/MIPGAN_II/018_03-vs-063_03.png,018_03-vs-063_03.png,018_03-vs-063_03,018_03,063_03,018,063,/nas-ctm01/datasets/public/BIOMETRICS/Face_Morphing/MAD22/original_sorted/BonaFide/018_03.jpg,/nas-ctm01/datasets/public/BIOMETRICS/Face_Morphing/MAD22/original_sorted/BonaFide/063_03.jpg,192,28,78
171,MAD22,MIPGAN_II,identity_disjoint_80_20,train,/nas-ctm01/datasets/public/BIOMETRICS/Face_Morphing/MAD22/original_sorted/MIPGAN_II/018_03-vs-131_03.png,018_03-vs-131_03.png,018_03-vs-131_03,018_03,131_03,018,131,/nas-ctm01/datasets/public/BIOMETRICS/Face_Morphing/MAD22/original_sorted/BonaFide/018_03.jpg,/nas-ctm01/datasets/public/BIOMETRICS/Face_Morphing/MAD22/original_sorted/BonaFide/131_03.jpg,195,28,158
172,MAD22,MIPGAN_II,identity_disjoint_80_20,train,/nas-ctm01/datasets/public/BIOMETRICS/Face_Morphing/MAD22/original_sorted/MIPGAN_II/018_03-vs-132_03.png,018_03-vs-132_03.png,018_03-vs-132_03,018_03,132_03,018,132,/nas-ctm01/datasets/public/BIOMETRICS/Face_Morphing/MAD22/original_sorted/BonaFide/018_03.jpg,/nas-ctm01/datasets/public/BIOMETRICS/Face_Morphing/MAD22/original_sorted/BonaFide/132_03.jpg,196,28,160
173,MAD22,MIPGAN_II,identity_disjoint_80_20,train,/nas-ctm01/datasets/public/BIOMETRICS/Face_Morphing/MAD22/original_sorted/MIPGAN_II/018_03-vs-138_03.png,018_03-vs-138_03.png,018_03-vs-138_03,018_03,138_03,018,138,/nas-ctm01/datasets/public/BIOMETRICS/Face_Morphing/MAD22/original_sorted/BonaFide/018_03.jpg,/nas-ctm01/datasets/public/BIOMETRICS/Face_Morphing/MAD22/original_sorted/BonaFide/138_03.jpg,197,28,169
174,MAD22,MIPGAN_II,identity_disjoint_80_20,train,/nas-ctm01/datasets/public/BIOMETRICS/Face_Morphing/MAD22/original_sorted/MIPGAN_II/018_08-vs-045_08.png,018_08-vs-045_08.png,018_08-vs-045_08,018_08,045_08,018,045,/nas-ctm01/datasets/public/BIOMETRICS/Face_Morphing/MAD22/original_sorted/BonaFide/018_08.jpg,/nas-ctm01/datasets/public/BIOMETRICS/Face_Morphing/MAD22/original_sorted/BonaFide/045_08.jpg,198,29,73
175,MAD22,MIPGAN_II,identity_disjoint_80_20,train,/nas-ctm01/datasets/public/BIOMETRICS/Face_Morphing/MAD22/original_sorted/MIPGAN_II/018_08-vs-063_08.png,018_08-vs-063_08.png,018_08-vs-063_08,018_08,063_08,018,063,/nas-ctm01/datasets/public/BIOMETRICS/Face_Morphing/MAD22/original_sorted/BonaFide/018_08.jpg,/nas-ctm01/datasets/public/BIOMETRICS/Face_Morphing/MAD22/original_sorted/BonaFide/063_08.jpg,199,29,79
176,MAD22,MIPGAN_II,identity_disjoint_80_20,train,/nas-ctm01/datasets/public/BIOMETRICS/Face_Morphing/MAD22/original_sorted/MIPGAN_II/018_08-vs-069_08.png,018_08-vs-069_08.png,018_08-vs-069_08,018_08,069_08,018,069,/nas-ctm01/datasets/public/BIOMETRICS/Face_Morphing/MAD22/original_sorted/BonaFide/018_08.jpg,/nas-ctm01/datasets/public/BIOMETRICS/Face_Morphing/MAD22/original_sorted/BonaFide/069_08.jpg,200,29,89
177,MAD22,MIPGAN_II,identity_disjoint_80_20,train,/nas-ctm01/datasets/public/BIOMETRICS/Face_Morphing/MAD22/original_sorted/MIPGAN_II/018_08-vs-092_08.png,018_08-vs-092_08.png,018_08-vs-092_08,018_08,092_08,018,092,/nas-ctm01/datasets/public/BIOMETRICS/Face_Morphing/MAD22/original_sorted/BonaFide/018_08.jpg,/nas-ctm01/datasets/public/BIOMETRICS/Face_Morphing/MAD22/original_sorted/BonaFide/092_08.jpg,201,29,103
178,MAD22,MIPGAN_II,identity_disjoint_80_20,train,/nas-ctm01/datasets/public/BIOMETRICS/Face_Morphing/MAD22/original_sorted/MIPGAN_II/018_08-vs-132_08.png,018_08-vs-132_08.png,018_08-vs-132_08,018_08,132_08,018,132,/nas-ctm01/datasets/public/BIOMETRICS/Face_Morphing/MAD22/original_sorted/BonaFide/018_08.jpg,/nas-ctm01/datasets/public/BIOMETRICS/Face_Morphing/MAD22/original_sorted/BonaFide/132_08.jpg,204,29,161
179,MAD22,MIPGAN_II,identity_disjoint_80_20,train,/nas-ctm01/datasets/public/BIOMETRICS/Face_Morphing/MAD22/original_sorted/MIPGAN_II/019_03-vs-027_03.png,019_03-vs-027_03.png,019_03-vs-027_03,019_03,027_03,019,027,/nas-ctm01/datasets/public/BIOMETRICS/Face_Morphing/MAD22/original_sorted/BonaFide/019_03.jpg,/nas-ctm01/datasets/public/BIOMETRICS/Face_Morphing/MAD22/original_sorted/BonaFide/027_03.jpg,206,30,44
180,MAD22,MIPGAN_II,identity_disjoint_80_20,train,/nas-ctm01/datasets/public/BIOMETRICS/Face_Morphing/MAD22/original_sorted/MIPGAN_II/019_03-vs-039_03.png,019_03-vs-039_03.png,019_03-vs-039_03,019_03,039_03,019,039,/nas-ctm01/datasets/public/BIOMETRICS/Face_Morphing/MAD22/original_sorted/BonaFide/019_03.jpg,/nas-ctm01/datasets/public/BIOMETRICS/Face_Morphing/MAD22/original_sorted/BonaFide/039_03.jpg,207,30,63
181,MAD22,MIPGAN_II,identity_disjoint_80_20,train,/nas-ctm01/datasets/public/BIOMETRICS/Face_Morphing/MAD22/original_sorted/MIPGAN_II/019_03-vs-083_03.png,019_03-vs-083_03.png,019_03-vs-083_03,019_03,083_03,019,083,/nas-ctm01/datasets/public/BIOMETRICS/Face_Morphing/MAD22/original_sorted/BonaFide/019_03.jpg,/nas-ctm01/datasets/public/BIOMETRICS/Face_Morphing/MAD22/original_sorted/BonaFide/083_03.jpg,208,30,94
182,MAD22,MIPGAN_II,identity_disjoint_80_20,train,/nas-ctm01/datasets/public/BIOMETRICS/Face_Morphing/MAD22/original_sorted/MIPGAN_II/019_03-vs-097_03.png,019_03-vs-097_03.png,019_03-vs-097_03,019_03,097_03,019,097,/nas-ctm01/datasets/public/BIOMETRICS/Face_Morphing/MAD22/original_sorted/BonaFide/019_03.jpg,/nas-ctm01/datasets/public/BIOMETRICS/Face_Morphing/MAD22/original_sorted/BonaFide/097_03.jpg,209,30,108
183,MAD22,MIPGAN_II,identity_disjoint_80_20,train,/nas-ctm01/datasets/public/BIOMETRICS/Face_Morphing/MAD22/original_sorted/MIPGAN_II/019_03-vs-100_03.png,019_03-vs-100_03.png,019_03-vs-100_03,019_03,100_03,019,100,/nas-ctm01/datasets/public/BIOMETRICS/Face_Morphing/MAD22/original_sorted/BonaFide/019_03.jpg,/nas-ctm01/datasets/public/BIOMETRICS/Face_Morphing/MAD22/original_sorted/BonaFide/100_03.jpg,210,30,112
184,MAD22,MIPGAN_II,identity_disjoint_80_20,train,/nas-ctm01/datasets/public/BIOMETRICS/Face_Morphing/MAD22/original_sorted/MIPGAN_II/019_03-vs-122_03.png,019_03-vs-122_03.png,019_03-vs-122_03,019_03,122_03,019,122,/nas-ctm01/datasets/public/BIOMETRICS/Face_Morphing/MAD22/original_sorted/BonaFide/019_03.jpg,/nas-ctm01/datasets/public/BIOMETRICS/Face_Morphing/MAD22/original_sorted/BonaFide/122_03.jpg,211,30,141
185,MAD22,MIPGAN_II,identity_disjoint_80_20,train,/nas-ctm01/datasets/public/BIOMETRICS/Face_Morphing/MAD22/original_sorted/MIPGAN_II/019_03-vs-139_03.png,019_03-vs-139_03.png,019_03-vs-139_03,019_03,139_03,019,139,/nas-ctm01/datasets/public/BIOMETRICS/Face_Morphing/MAD22/original_sorted/BonaFide/019_03.jpg,/nas-ctm01/datasets/public/BIOMETRICS/Face_Morphing/MAD22/original_sorted/BonaFide/139_03.jpg,212,30,170
186,MAD22,MIPGAN_II,identity_disjoint_80_20,train,/nas-ctm01/datasets/public/BIOMETRICS/Face_Morphing/MAD22/original_sorted/MIPGAN_II/019_03-vs-144_03.png,019_03-vs-144_03.png,019_03-vs-144_03,019_03,144_03,019,144,/nas-ctm01/datasets/public/BIOMETRICS/Face_Morphing/MAD22/original_sorted/BonaFide/019_03.jpg,/nas-ctm01/datasets/public/BIOMETRICS/Face_Morphing/MAD22/original_sorted/BonaFide/144_03.jpg,213,30,179
187,MAD22,MIPGAN_II,identity_disjoint_80_20,train,/nas-ctm01/datasets/public/BIOMETRICS/Face_Morphing/MAD22/original_sorted/MIPGAN_II/019_08-vs-027_08.png,019_08-vs-027_08.png,019_08-vs-027_08,019_08,027_08,019,027,/nas-ctm01/datasets/public/BIOMETRICS/Face_Morphing/MAD22/original_sorted/BonaFide/019_08.jpg,/nas-ctm01/datasets/public/BIOMETRICS/Face_Morphing/MAD22/original_sorted/BonaFide/027_08.jpg,214,31,45
188,MAD22,MIPGAN_II,identity_disjoint_80_20,train,/nas-ctm01/datasets/public/BIOMETRICS/Face_Morphing/MAD22/original_sorted/MIPGAN_II/019_08-vs-038_08.png,019_08-vs-038_08.png,019_08-vs-038_08,019_08,038_08,019,038,/nas-ctm01/datasets/public/BIOMETRICS/Face_Morphing/MAD22/original_sorted/BonaFide/019_08.jpg,/nas-ctm01/datasets/public/BIOMETRICS/Face_Morphing/MAD22/original_sorted/BonaFide/038_08.jpg,215,31,62
189,MAD22,MIPGAN_II,identity_disjoint_80_20,train,/nas-ctm01/datasets/public/BIOMETRICS/Face_Morphing/MAD22/original_sorted/MIPGAN_II/019_08-vs-039_08.png,019_08-vs-039_08.png,019_08-vs-039_08,019_08,039_08,019,039,/nas-ctm01/datasets/public/BIOMETRICS/Face_Morphing/MAD22/original_sorted/BonaFide/019_08.jpg,/nas-ctm01/datasets/public/BIOMETRICS/Face_Morphing/MAD22/original_sorted/BonaFide/039_08.jpg,216,31,64
190,MAD22,MIPGAN_II,identity_disjoint_80_20,train,/nas-ctm01/datasets/public/BIOMETRICS/Face_Morphing/MAD22/original_sorted/MIPGAN_II/019_08-vs-083_08.png,019_08-vs-083_08.png,019_08-vs-083_08,019_08,083_08,019,083,/nas-ctm01/datasets/public/BIOMETRICS/Face_Morphing/MAD22/original_sorted/BonaFide/019_08.jpg,/nas-ctm01/datasets/public/BIOMETRICS/Face_Morphing/MAD22/original_sorted/BonaFide/083_08.jpg,217,31,95
191,MAD22,MIPGAN_II,identity_disjoint_80_20,train,/nas-ctm01/datasets/public/BIOMETRICS/Face_Morphing/MAD22/original_sorted/MIPGAN_II/019_08-vs-097_08.png,019_08-vs-097_08.png,019_08-vs-097_08,019_08,097_08,019,097,/nas-ctm01/datasets/public/BIOMETRICS/Face_Morphing/MAD22/original_sorted/BonaFide/019_08.jpg,/nas-ctm01/datasets/public/BIOMETRICS/Face_Morphing/MAD22/original_sorted/BonaFide/097_08.jpg,218,31,109
192,MAD22,MIPGAN_II,identity_disjoint_80_20,train,/nas-ctm01/datasets/public/BIOMETRICS/Face_Morphing/MAD22/original_sorted/MIPGAN_II/019_08-vs-102_08.png,019_08-vs-102_08.png,019_08-vs-102_08,019_08,102_08,019,102,/nas-ctm01/datasets/public/BIOMETRICS/Face_Morphing/MAD22/original_sorted/BonaFide/019_08.jpg,/nas-ctm01/datasets/public/BIOMETRICS/Face_Morphing/MAD22/original_sorted/BonaFide/102_08.jpg,219,31,116
193,MAD22,MIPGAN_II,identity_disjoint_80_20,train,/nas-ctm01/datasets/public/BIOMETRICS/Face_Morphing/MAD22/original_sorted/MIPGAN_II/019_08-vs-122_08.png,019_08-vs-122_08.png,019_08-vs-122_08,019_08,122_08,019,122,/nas-ctm01/datasets/public/BIOMETRICS/Face_Morphing/MAD22/original_sorted/BonaFide/019_08.jpg,/nas-ctm01/datasets/public/BIOMETRICS/Face_Morphing/MAD22/original_sorted/BonaFide/122_08.jpg,220,31,142
194,MAD22,MIPGAN_II,identity_disjoint_80_20,train,/nas-ctm01/datasets/public/BIOMETRICS/Face_Morphing/MAD22/original_sorted/MIPGAN_II/019_08-vs-135_08.png,019_08-vs-135_08.png,019_08-vs-135_08,019_08,135_08,019,135,/nas-ctm01/datasets/public/BIOMETRICS/Face_Morphing/MAD22/original_sorted/BonaFide/019_08.jpg,/nas-ctm01/datasets/public/BIOMETRICS/Face_Morphing/MAD22/original_sorted/BonaFide/135_08.jpg,221,31,165
195,MAD22,MIPGAN_II,identity_disjoint_80_20,train,/nas-ctm01/datasets/public/BIOMETRICS/Face_Morphing/MAD22/original_sorted/MIPGAN_II/019_08-vs-139_08.png,019_08-vs-139_08.png,019_08-vs-139_08,019_08,139_08,019,139,/nas-ctm01/datasets/public/BIOMETRICS/Face_Morphing/MAD22/original_sorted/BonaFide/019_08.jpg,/nas-ctm01/datasets/public/BIOMETRICS/Face_Morphing/MAD22/original_sorted/BonaFide/139_08.jpg,222,31,171
196,MAD22,MIPGAN_II,identity_disjoint_80_20,train,/nas-ctm01/datasets/public/BIOMETRICS/Face_Morphing/MAD22/original_sorted/MIPGAN_II/019_08-vs-144_08.png,019_08-vs-144_08.png,019_08-vs-144_08,019_08,144_08,019,144,/nas-ctm01/datasets/public/BIOMETRICS/Face_Morphing/MAD22/original_sorted/BonaFide/019_08.jpg,/nas-ctm01/datasets/public/BIOMETRICS/Face_Morphing/MAD22/original_sorted/BonaFide/144_08.jpg,223,31,180
197,MAD22,MIPGAN_II,identity_disjoint_80_20,train,/nas-ctm01/datasets/public/BIOMETRICS/Face_Morphing/MAD22/original_sorted/MIPGAN_II/020_03-vs-062_03.png,020_03-vs-062_03.png,020_03-vs-062_03,020_03,062_03,020,062,/nas-ctm01/datasets/public/BIOMETRICS/Face_Morphing/MAD22/original_sorted/BonaFide/020_03.jpg,/nas-ctm01/datasets/public/BIOMETRICS/Face_Morphing/MAD22/original_sorted/BonaFide/062_03.jpg,224,32,76
198,MAD22,MIPGAN_II,identity_disjoint_80_20,train,/nas-ctm01/datasets/public/BIOMETRICS/Face_Morphing/MAD22/original_sorted/MIPGAN_II/020_03-vs-064_03.png,020_03-vs-064_03.png,020_03-vs-064_03,020_03,064_03,020,064,/nas-ctm01/datasets/public/BIOMETRICS/Face_Morphing/MAD22/original_sorted/BonaFide/020_03.jpg,/nas-ctm01/datasets/public/BIOMETRICS/Face_Morphing/MAD22/original_sorted/BonaFide/064_03.jpg,225,32,80
199,MAD22,MIPGAN_II,identity_disjoint_80_20,train,/nas-ctm01/datasets/public/BIOMETRICS/Face_Morphing/MAD22/original_sorted/MIPGAN_II/020_03-vs-102_03.png,020_03-vs-102_03.png,020_03-vs-102_03,020_03,102_03,020,102,/nas-ctm01/datasets/public/BIOMETRICS/Face_Morphing/MAD22/original_sorted/BonaFide/020_03.jpg,/nas-ctm01/datasets/public/BIOMETRICS/Face_Morphing/MAD22/original_sorted/BonaFide/102_03.jpg,226,32,115
200,MAD22,MIPGAN_II,identity_disjoint_80_20,train,/nas-ctm01/datasets/public/BIOMETRICS/Face_Morphing/MAD22/original_sorted/MIPGAN_II/020_08-vs-064_08.png,020_08-vs-064_08.png,020_08-vs-064_08,020_08,064_08,020,064,/nas-ctm01/datasets/public/BIOMETRICS/Face_Morphing/MAD22/original_sorted/BonaFide/020_08.jpg,/nas-ctm01/datasets/public/BIOMETRICS/Face_Morphing/MAD22/original_sorted/BonaFide/064_08.jpg,227,33,81
201,MAD22,MIPGAN_II,identity_disjoint_80_20,train,/nas-ctm01/datasets/public/BIOMETRICS/Face_Morphing/MAD22/original_sorted/MIPGAN_II/020_08-vs-099_08.png,020_08-vs-099_08.png,020_08-vs-099_08,020_08,099_08,020,099,/nas-ctm01/datasets/public/BIOMETRICS/Face_Morphing/MAD22/original_sorted/BonaFide/020_08.jpg,/nas-ctm01/datasets/public/BIOMETRICS/Face_Morphing/MAD22/original_sorted/BonaFide/099_08.jpg,228,33,111
202,MAD22,MIPGAN_II,identity_disjoint_80_20,train,/nas-ctm01/datasets/public/BIOMETRICS/Face_Morphing/MAD22/original_sorted/MIPGAN_II/020_08-vs-102_08.png,020_08-vs-102_08.png,020_08-vs-102_08,020_08,102_08,020,102,/nas-ctm01/datasets/public/BIOMETRICS/Face_Morphing/MAD22/original_sorted/BonaFide/020_08.jpg,/nas-ctm01/datasets/public/BIOMETRICS/Face_Morphing/MAD22/original_sorted/BonaFide/102_08.jpg,229,33,116
203,MAD22,MIPGAN_II,identity_disjoint_80_20,train,/nas-ctm01/datasets/public/BIOMETRICS/Face_Morphing/MAD22/original_sorted/MIPGAN_II/024_03-vs-036_03.png,024_03-vs-036_03.png,024_03-vs-036_03,024_03,036_03,024,036,/nas-ctm01/datasets/public/BIOMETRICS/Face_Morphing/MAD22/original_sorted/BonaFide/024_03.jpg,/nas-ctm01/datasets/public/BIOMETRICS/Face_Morphing/MAD22/original_sorted/BonaFide/036_03.jpg,251,38,58
204,MAD22,MIPGAN_II,identity_disjoint_80_20,train,/nas-ctm01/datasets/public/BIOMETRICS/Face_Morphing/MAD22/original_sorted/MIPGAN_II/024_03-vs-061_03.png,024_03-vs-061_03.png,024_03-vs-061_03,024_03,061_03,024,061,/nas-ctm01/datasets/public/BIOMETRICS/Face_Morphing/MAD22/original_sorted/BonaFide/024_03.jpg,/nas-ctm01/datasets/public/BIOMETRICS/Face_Morphing/MAD22/original_sorted/BonaFide/061_03.jpg,253,38,74
205,MAD22,MIPGAN_II,identity_disjoint_80_20,train,/nas-ctm01/datasets/public/BIOMETRICS/Face_Morphing/MAD22/original_sorted/MIPGAN_II/024_03-vs-092_03.png,024_03-vs-092_03.png,024_03-vs-092_03,024_03,092_03,024,092,/nas-ctm01/datasets/public/BIOMETRICS/Face_Morphing/MAD22/original_sorted/BonaFide/024_03.jpg,/nas-ctm01/datasets/public/BIOMETRICS/Face_Morphing/MAD22/original_sorted/BonaFide/092_03.jpg,254,38,102
206,MAD22,MIPGAN_II,identity_disjoint_80_20,train,/nas-ctm01/datasets/public/BIOMETRICS/Face_Morphing/MAD22/original_sorted/MIPGAN_II/024_03-vs-125_03.png,024_03-vs-125_03.png,024_03-vs-125_03,024_03,125_03,024,125,/nas-ctm01/datasets/public/BIOMETRICS/Face_Morphing/MAD22/original_sorted/BonaFide/024_03.jpg,/nas-ctm01/datasets/public/BIOMETRICS/Face_Morphing/MAD22/original_sorted/BonaFide/125_03.jpg,255,38,147
207,MAD22,MIPGAN_II,identity_disjoint_80_20,train,/nas-ctm01/datasets/public/BIOMETRICS/Face_Morphing/MAD22/original_sorted/MIPGAN_II/024_03-vs-131_03.png,024_03-vs-131_03.png,024_03-vs-131_03,024_03,131_03,024,131,/nas-ctm01/datasets/public/BIOMETRICS/Face_Morphing/MAD22/original_sorted/BonaFide/024_03.jpg,/nas-ctm01/datasets/public/BIOMETRICS/Face_Morphing/MAD22/original_sorted/BonaFide/131_03.jpg,256,38,158
208,MAD22,MIPGAN_II,identity_disjoint_80_20,train,/nas-ctm01/datasets/public/BIOMETRICS/Face_Morphing/MAD22/original_sorted/MIPGAN_II/024_03-vs-138_03.png,024_03-vs-138_03.png,024_03-vs-138_03,024_03,138_03,024,138,/nas-ctm01/datasets/public/BIOMETRICS/Face_Morphing/MAD22/original_sorted/BonaFide/024_03.jpg,/nas-ctm01/datasets/public/BIOMETRICS/Face_Morphing/MAD22/original_sorted/BonaFide/138_03.jpg,258,38,169
209,MAD22,MIPGAN_II,identity_disjoint_80_20,train,/nas-ctm01/datasets/public/BIOMETRICS/Face_Morphing/MAD22/original_sorted/MIPGAN_II/024_08-vs-036_08.png,024_08-vs-036_08.png,024_08-vs-036_08,024_08,036_08,024,036,/nas-ctm01/datasets/public/BIOMETRICS/Face_Morphing/MAD22/original_sorted/BonaFide/024_08.jpg,/nas-ctm01/datasets/public/BIOMETRICS/Face_Morphing/MAD22/original_sorted/BonaFide/036_08.jpg,260,39,59
210,MAD22,MIPGAN_II,identity_disjoint_80_20,train,/nas-ctm01/datasets/public/BIOMETRICS/Face_Morphing/MAD22/original_sorted/MIPGAN_II/024_08-vs-061_08.png,024_08-vs-061_08.png,024_08-vs-061_08,024_08,061_08,024,061,/nas-ctm01/datasets/public/BIOMETRICS/Face_Morphing/MAD22/original_sorted/BonaFide/024_08.jpg,/nas-ctm01/datasets/public/BIOMETRICS/Face_Morphing/MAD22/original_sorted/BonaFide/061_08.jpg,261,39,75
211,MAD22,MIPGAN_II,identity_disjoint_80_20,train,/nas-ctm01/datasets/public/BIOMETRICS/Face_Morphing/MAD22/original_sorted/MIPGAN_II/024_08-vs-069_08.png,024_08-vs-069_08.png,024_08-vs-069_08,024_08,069_08,024,069,/nas-ctm01/datasets/public/BIOMETRICS/Face_Morphing/MAD22/original_sorted/BonaFide/024_08.jpg,/nas-ctm01/datasets/public/BIOMETRICS/Face_Morphing/MAD22/original_sorted/BonaFide/069_08.jpg,262,39,89
212,MAD22,MIPGAN_II,identity_disjoint_80_20,train,/nas-ctm01/datasets/public/BIOMETRICS/Face_Morphing/MAD22/original_sorted/MIPGAN_II/024_08-vs-092_08.png,024_08-vs-092_08.png,024_08-vs-092_08,024_08,092_08,024,092,/nas-ctm01/datasets/public/BIOMETRICS/Face_Morphing/MAD22/original_sorted/BonaFide/024_08.jpg,/nas-ctm01/datasets/public/BIOMETRICS/Face_Morphing/MAD22/original_sorted/BonaFide/092_08.jpg,263,39,103
213,MAD22,MIPGAN_II,identity_disjoint_80_20,train,/nas-ctm01/datasets/public/BIOMETRICS/Face_Morphing/MAD22/original_sorted/MIPGAN_II/024_08-vs-125_08.png,024_08-vs-125_08.png,024_08-vs-125_08,024_08,125_08,024,125,/nas-ctm01/datasets/public/BIOMETRICS/Face_Morphing/MAD22/original_sorted/BonaFide/024_08.jpg,/nas-ctm01/datasets/public/BIOMETRICS/Face_Morphing/MAD22/original_sorted/BonaFide/125_08.jpg,265,39,148
214,MAD22,MIPGAN_II,identity_disjoint_80_20,train,/nas-ctm01/datasets/public/BIOMETRICS/Face_Morphing/MAD22/original_sorted/MIPGAN_II/024_08-vs-131_08.png,024_08-vs-131_08.png,024_08-vs-131_08,024_08,131_08,024,131,/nas-ctm01/datasets/public/BIOMETRICS/Face_Morphing/MAD22/original_sorted/BonaFide/024_08.jpg,/nas-ctm01/datasets/public/BIOMETRICS/Face_Morphing/MAD22/original_sorted/BonaFide/131_08.jpg,266,39,159
215,MAD22,MIPGAN_II,identity_disjoint_80_20,train,/nas-ctm01/datasets/public/BIOMETRICS/Face_Morphing/MAD22/original_sorted/MIPGAN_II/024_08-vs-141_08.png,024_08-vs-141_08.png,024_08-vs-141_08,024_08,141_08,024,141,/nas-ctm01/datasets/public/BIOMETRICS/Face_Morphing/MAD22/original_sorted/BonaFide/024_08.jpg,/nas-ctm01/datasets/public/BIOMETRICS/Face_Morphing/MAD22/original_sorted/BonaFide/141_08.jpg,267,39,174
216,MAD22,MIPGAN_II,identity_disjoint_80_20,train,/nas-ctm01/datasets/public/BIOMETRICS/Face_Morphing/MAD22/original_sorted/MIPGAN_II/025_03-vs-038_03.png,025_03-vs-038_03.png,025_03-vs-038_03,025_03,038_03,025,038,/nas-ctm01/datasets/public/BIOMETRICS/Face_Morphing/MAD22/original_sorted/BonaFide/025_03.jpg,/nas-ctm01/datasets/public/BIOMETRICS/Face_Morphing/MAD22/original_sorted/BonaFide/038_03.jpg,268,40,61
217,MAD22,MIPGAN_II,identity_disjoint_80_20,train,/nas-ctm01/datasets/public/BIOMETRICS/Face_Morphing/MAD22/original_sorted/MIPGAN_II/025_03-vs-062_03.png,025_03-vs-062_03.png,025_03-vs-062_03,025_03,062_03,025,062,/nas-ctm01/datasets/public/BIOMETRICS/Face_Morphing/MAD22/original_sorted/BonaFide/025_03.jpg,/nas-ctm01/datasets/public/BIOMETRICS/Face_Morphing/MAD22/original_sorted/BonaFide/062_03.jpg,269,40,76
218,MAD22,MIPGAN_II,identity_disjoint_80_20,train,/nas-ctm01/datasets/public/BIOMETRICS/Face_Morphing/MAD22/original_sorted/MIPGAN_II/025_03-vs-124_03.png,025_03-vs-124_03.png,025_03-vs-124_03,025_03,124_03,025,124,/nas-ctm01/datasets/public/BIOMETRICS/Face_Morphing/MAD22/original_sorted/BonaFide/025_03.jpg,/nas-ctm01/datasets/public/BIOMETRICS/Face_Morphing/MAD22/original_sorted/BonaFide/124_03.jpg,270,40,145
219,MAD22,MIPGAN_II,identity_disjoint_80_20,train,/nas-ctm01/datasets/public/BIOMETRICS/Face_Morphing/MAD22/original_sorted/MIPGAN_II/025_03-vs-134_03.png,025_03-vs-134_03.png,025_03-vs-134_03,025_03,134_03,025,134,/nas-ctm01/datasets/public/BIOMETRICS/Face_Morphing/MAD22/original_sorted/BonaFide/025_03.jpg,/nas-ctm01/datasets/public/BIOMETRICS/Face_Morphing/MAD22/original_sorted/BonaFide/134_03.jpg,271,40,162
220,MAD22,MIPGAN_II,identity_disjoint_80_20,train,/nas-ctm01/datasets/public/BIOMETRICS/Face_Morphing/MAD22/original_sorted/MIPGAN_II/025_03-vs-136_03.png,025_03-vs-136_03.png,025_03-vs-136_03,025_03,136_03,025,136,/nas-ctm01/datasets/public/BIOMETRICS/Face_Morphing/MAD22/original_sorted/BonaFide/025_03.jpg,/nas-ctm01/datasets/public/BIOMETRICS/Face_Morphing/MAD22/original_sorted/BonaFide/136_03.jpg,272,40,166
221,MAD22,MIPGAN_II,identity_disjoint_80_20,train,/nas-ctm01/datasets/public/BIOMETRICS/Face_Morphing/MAD22/original_sorted/MIPGAN_II/025_08-vs-038_08.png,025_08-vs-038_08.png,025_08-vs-038_08,025_08,038_08,025,038,/nas-ctm01/datasets/public/BIOMETRICS/Face_Morphing/MAD22/original_sorted/BonaFide/025_08.jpg,/nas-ctm01/datasets/public/BIOMETRICS/Face_Morphing/MAD22/original_sorted/BonaFide/038_08.jpg,273,41,62
222,MAD22,MIPGAN_II,identity_disjoint_80_20,train,/nas-ctm01/datasets/public/BIOMETRICS/Face_Morphing/MAD22/original_sorted/MIPGAN_II/025_08-vs-091_08.png,025_08-vs-091_08.png,025_08-vs-091_08,025_08,091_08,025,091,/nas-ctm01/datasets/public/BIOMETRICS/Face_Morphing/MAD22/original_sorted/BonaFide/025_08.jpg,/nas-ctm01/datasets/public/BIOMETRICS/Face_Morphing/MAD22/original_sorted/BonaFide/091_08.jpg,274,41,101
223,MAD22,MIPGAN_II,identity_disjoint_80_20,train,/nas-ctm01/datasets/public/BIOMETRICS/Face_Morphing/MAD22/original_sorted/MIPGAN_II/025_08-vs-124_08.png,025_08-vs-124_08.png,025_08-vs-124_08,025_08,124_08,025,124,/nas-ctm01/datasets/public/BIOMETRICS/Face_Morphing/MAD22/original_sorted/BonaFide/025_08.jpg,/nas-ctm01/datasets/public/BIOMETRICS/Face_Morphing/MAD22/original_sorted/BonaFide/124_08.jpg,275,41,146
224,MAD22,MIPGAN_II,identity_disjoint_80_20,train,/nas-ctm01/datasets/public/BIOMETRICS/Face_Morphing/MAD22/original_sorted/MIPGAN_II/025_08-vs-134_08.png,025_08-vs-134_08.png,025_08-vs-134_08,025_08,134_08,025,134,/nas-ctm01/datasets/public/BIOMETRICS/Face_Morphing/MAD22/original_sorted/BonaFide/025_08.jpg,/nas-ctm01/datasets/public/BIOMETRICS/Face_Morphing/MAD22/original_sorted/BonaFide/134_08.jpg,276,41,163
225,MAD22,MIPGAN_II,identity_disjoint_80_20,train,/nas-ctm01/datasets/public/BIOMETRICS/Face_Morphing/MAD22/original_sorted/MIPGAN_II/025_08-vs-136_08.png,025_08-vs-136_08.png,025_08-vs-136_08,025_08,136_08,025,136,/nas-ctm01/datasets/public/BIOMETRICS/Face_Morphing/MAD22/original_sorted/BonaFide/025_08.jpg,/nas-ctm01/datasets/public/BIOMETRICS/Face_Morphing/MAD22/original_sorted/BonaFide/136_08.jpg,277,41,167
226,MAD22,MIPGAN_II,identity_disjoint_80_20,train,/nas-ctm01/datasets/public/BIOMETRICS/Face_Morphing/MAD22/original_sorted/MIPGAN_II/026_03-vs-123_03.png,026_03-vs-123_03.png,026_03-vs-123_03,026_03,123_03,026,123,/nas-ctm01/datasets/public/BIOMETRICS/Face_Morphing/MAD22/original_sorted/BonaFide/026_03.jpg,/nas-ctm01/datasets/public/BIOMETRICS/Face_Morphing/MAD22/original_sorted/BonaFide/123_03.jpg,278,42,143
227,MAD22,MIPGAN_II,identity_disjoint_80_20,train,/nas-ctm01/datasets/public/BIOMETRICS/Face_Morphing/MAD22/original_sorted/MIPGAN_II/026_03-vs-130_03.png,026_03-vs-130_03.png,026_03-vs-130_03,026_03,130_03,026,130,/nas-ctm01/datasets/public/BIOMETRICS/Face_Morphing/MAD22/original_sorted/BonaFide/026_03.jpg,/nas-ctm01/datasets/public/BIOMETRICS/Face_Morphing/MAD22/original_sorted/BonaFide/130_03.jpg,279,42,156
228,MAD22,MIPGAN_II,identity_disjoint_80_20,train,/nas-ctm01/datasets/public/BIOMETRICS/Face_Morphing/MAD22/original_sorted/MIPGAN_II/026_03-vs-143_03.png,026_03-vs-143_03.png,026_03-vs-143_03,026_03,143_03,026,143,/nas-ctm01/datasets/public/BIOMETRICS/Face_Morphing/MAD22/original_sorted/BonaFide/026_03.jpg,/nas-ctm01/datasets/public/BIOMETRICS/Face_Morphing/MAD22/original_sorted/BonaFide/143_03.jpg,280,42,177
229,MAD22,MIPGAN_II,identity_disjoint_80_20,train,/nas-ctm01/datasets/public/BIOMETRICS/Face_Morphing/MAD22/original_sorted/MIPGAN_II/026_08-vs-045_08.png,026_08-vs-045_08.png,026_08-vs-045_08,026_08,045_08,026,045,/nas-ctm01/datasets/public/BIOMETRICS/Face_Morphing/MAD22/original_sorted/BonaFide/026_08.jpg,/nas-ctm01/datasets/public/BIOMETRICS/Face_Morphing/MAD22/original_sorted/BonaFide/045_08.jpg,281,43,73
230,MAD22,MIPGAN_II,identity_disjoint_80_20,train,/nas-ctm01/datasets/public/BIOMETRICS/Face_Morphing/MAD22/original_sorted/MIPGAN_II/026_08-vs-070_08.png,026_08-vs-070_08.png,026_08-vs-070_08,026_08,070_08,026,070,/nas-ctm01/datasets/public/BIOMETRICS/Face_Morphing/MAD22/original_sorted/BonaFide/026_08.jpg,/nas-ctm01/datasets/public/BIOMETRICS/Face_Morphing/MAD22/original_sorted/BonaFide/070_08.jpg,282,43,90
231,MAD22,MIPGAN_II,identity_disjoint_80_20,train,/nas-ctm01/datasets/public/BIOMETRICS/Face_Morphing/MAD22/original_sorted/MIPGAN_II/026_08-vs-130_08.png,026_08-vs-130_08.png,026_08-vs-130_08,026_08,130_08,026,130,/nas-ctm01/datasets/public/BIOMETRICS/Face_Morphing/MAD22/original_sorted/BonaFide/026_08.jpg,/nas-ctm01/datasets/public/BIOMETRICS/Face_Morphing/MAD22/original_sorted/BonaFide/130_08.jpg,283,43,157
232,MAD22,MIPGAN_II,identity_disjoint_80_20,train,/nas-ctm01/datasets/public/BIOMETRICS/Face_Morphing/MAD22/original_sorted/MIPGAN_II/026_08-vs-132_08.png,026_08-vs-132_08.png,026_08-vs-132_08,026_08,132_08,026,132,/nas-ctm01/datasets/public/BIOMETRICS/Face_Morphing/MAD22/original_sorted/BonaFide/026_08.jpg,/nas-ctm01/datasets/public/BIOMETRICS/Face_Morphing/MAD22/original_sorted/BonaFide/132_08.jpg,284,43,161
233,MAD22,MIPGAN_II,identity_disjoint_80_20,train,/nas-ctm01/datasets/public/BIOMETRICS/Face_Morphing/MAD22/original_sorted/MIPGAN_II/027_03-vs-083_03.png,027_03-vs-083_03.png,027_03-vs-083_03,027_03,083_03,027,083,/nas-ctm01/datasets/public/BIOMETRICS/Face_Morphing/MAD22/original_sorted/BonaFide/027_03.jpg,/nas-ctm01/datasets/public/BIOMETRICS/Face_Morphing/MAD22/original_sorted/BonaFide/083_03.jpg,286,44,94
234,MAD22,MIPGAN_II,identity_disjoint_80_20,train,/nas-ctm01/datasets/public/BIOMETRICS/Face_Morphing/MAD22/original_sorted/MIPGAN_II/027_03-vs-090_03.png,027_03-vs-090_03.png,027_03-vs-090_03,027_03,090_03,027,090,/nas-ctm01/datasets/public/BIOMETRICS/Face_Morphing/MAD22/original_sorted/BonaFide/027_03.jpg,/nas-ctm01/datasets/public/BIOMETRICS/Face_Morphing/MAD22/original_sorted/BonaFide/090_03.jpg,287,44,99
235,MAD22,MIPGAN_II,identity_disjoint_80_20,train,/nas-ctm01/datasets/public/BIOMETRICS/Face_Morphing/MAD22/original_sorted/MIPGAN_II/027_03-vs-094_03.png,027_03-vs-094_03.png,027_03-vs-094_03,027_03,094_03,027,094,/nas-ctm01/datasets/public/BIOMETRICS/Face_Morphing/MAD22/original_sorted/BonaFide/027_03.jpg,/nas-ctm01/datasets/public/BIOMETRICS/Face_Morphing/MAD22/original_sorted/BonaFide/094_03.jpg,288,44,104
236,MAD22,MIPGAN_II,identity_disjoint_80_20,train,/nas-ctm01/datasets/public/BIOMETRICS/Face_Morphing/MAD22/original_sorted/MIPGAN_II/027_03-vs-099_03.png,027_03-vs-099_03.png,027_03-vs-099_03,027_03,099_03,027,099,/nas-ctm01/datasets/public/BIOMETRICS/Face_Morphing/MAD22/original_sorted/BonaFide/027_03.jpg,/nas-ctm01/datasets/public/BIOMETRICS/Face_Morphing/MAD22/original_sorted/BonaFide/099_03.jpg,289,44,110
237,MAD22,MIPGAN_II,identity_disjoint_80_20,train,/nas-ctm01/datasets/public/BIOMETRICS/Face_Morphing/MAD22/original_sorted/MIPGAN_II/027_03-vs-100_03.png,027_03-vs-100_03.png,027_03-vs-100_03,027_03,100_03,027,100,/nas-ctm01/datasets/public/BIOMETRICS/Face_Morphing/MAD22/original_sorted/BonaFide/027_03.jpg,/nas-ctm01/datasets/public/BIOMETRICS/Face_Morphing/MAD22/original_sorted/BonaFide/100_03.jpg,290,44,112
238,MAD22,MIPGAN_II,identity_disjoint_80_20,train,/nas-ctm01/datasets/public/BIOMETRICS/Face_Morphing/MAD22/original_sorted/MIPGAN_II/027_03-vs-102_03.png,027_03-vs-102_03.png,027_03-vs-102_03,027_03,102_03,027,102,/nas-ctm01/datasets/public/BIOMETRICS/Face_Morphing/MAD22/original_sorted/BonaFide/027_03.jpg,/nas-ctm01/datasets/public/BIOMETRICS/Face_Morphing/MAD22/original_sorted/BonaFide/102_03.jpg,291,44,115
239,MAD22,MIPGAN_II,identity_disjoint_80_20,train,/nas-ctm01/datasets/public/BIOMETRICS/Face_Morphing/MAD22/original_sorted/MIPGAN_II/027_03-vs-118_03.png,027_03-vs-118_03.png,027_03-vs-118_03,027_03,118_03,027,118,/nas-ctm01/datasets/public/BIOMETRICS/Face_Morphing/MAD22/original_sorted/BonaFide/027_03.jpg,/nas-ctm01/datasets/public/BIOMETRICS/Face_Morphing/MAD22/original_sorted/BonaFide/118_03.jpg,292,44,133
240,MAD22,MIPGAN_II,identity_disjoint_80_20,train,/nas-ctm01/datasets/public/BIOMETRICS/Face_Morphing/MAD22/original_sorted/MIPGAN_II/027_03-vs-139_03.png,027_03-vs-139_03.png,027_03-vs-139_03,027_03,139_03,027,139,/nas-ctm01/datasets/public/BIOMETRICS/Face_Morphing/MAD22/original_sorted/BonaFide/027_03.jpg,/nas-ctm01/datasets/public/BIOMETRICS/Face_Morphing/MAD22/original_sorted/BonaFide/139_03.jpg,293,44,170
241,MAD22,MIPGAN_II,identity_disjoint_80_20,train,/nas-ctm01/datasets/public/BIOMETRICS/Face_Morphing/MAD22/original_sorted/MIPGAN_II/027_03-vs-144_03.png,027_03-vs-144_03.png,027_03-vs-144_03,027_03,144_03,027,144,/nas-ctm01/datasets/public/BIOMETRICS/Face_Morphing/MAD22/original_sorted/BonaFide/027_03.jpg,/nas-ctm01/datasets/public/BIOMETRICS/Face_Morphing/MAD22/original_sorted/BonaFide/144_03.jpg,294,44,179
242,MAD22,MIPGAN_II,identity_disjoint_80_20,train,/nas-ctm01/datasets/public/BIOMETRICS/Face_Morphing/MAD22/original_sorted/MIPGAN_II/027_08-vs-032_08.png,027_08-vs-032_08.png,027_08-vs-032_08,027_08,032_08,027,032,/nas-ctm01/datasets/public/BIOMETRICS/Face_Morphing/MAD22/original_sorted/BonaFide/027_08.jpg,/nas-ctm01/datasets/public/BIOMETRICS/Face_Morphing/MAD22/original_sorted/BonaFide/032_08.jpg,295,45,53
243,MAD22,MIPGAN_II,identity_disjoint_80_20,train,/nas-ctm01/datasets/public/BIOMETRICS/Face_Morphing/MAD22/original_sorted/MIPGAN_II/027_08-vs-081_08.png,027_08-vs-081_08.png,027_08-vs-081_08,027_08,081_08,027,081,/nas-ctm01/datasets/public/BIOMETRICS/Face_Morphing/MAD22/original_sorted/BonaFide/027_08.jpg,/nas-ctm01/datasets/public/BIOMETRICS/Face_Morphing/MAD22/original_sorted/BonaFide/081_08.jpg,296,45,91
244,MAD22,MIPGAN_II,identity_disjoint_80_20,train,/nas-ctm01/datasets/public/BIOMETRICS/Face_Morphing/MAD22/original_sorted/MIPGAN_II/027_08-vs-083_08.png,027_08-vs-083_08.png,027_08-vs-083_08,027_08,083_08,027,083,/nas-ctm01/datasets/public/BIOMETRICS/Face_Morphing/MAD22/original_sorted/BonaFide/027_08.jpg,/nas-ctm01/datasets/public/BIOMETRICS/Face_Morphing/MAD22/original_sorted/BonaFide/083_08.jpg,297,45,95
245,MAD22,MIPGAN_II,identity_disjoint_80_20,train,/nas-ctm01/datasets/public/BIOMETRICS/Face_Morphing/MAD22/original_sorted/MIPGAN_II/027_08-vs-090_08.png,027_08-vs-090_08.png,027_08-vs-090_08,027_08,090_08,027,090,/nas-ctm01/datasets/public/BIOMETRICS/Face_Morphing/MAD22/original_sorted/BonaFide/027_08.jpg,/nas-ctm01/datasets/public/BIOMETRICS/Face_Morphing/MAD22/original_sorted/BonaFide/090_08.jpg,298,45,100
246,MAD22,MIPGAN_II,identity_disjoint_80_20,train,/nas-ctm01/datasets/public/BIOMETRICS/Face_Morphing/MAD22/original_sorted/MIPGAN_II/027_08-vs-099_08.png,027_08-vs-099_08.png,027_08-vs-099_08,027_08,099_08,027,099,/nas-ctm01/datasets/public/BIOMETRICS/Face_Morphing/MAD22/original_sorted/BonaFide/027_08.jpg,/nas-ctm01/datasets/public/BIOMETRICS/Face_Morphing/MAD22/original_sorted/BonaFide/099_08.jpg,299,45,111
247,MAD22,MIPGAN_II,identity_disjoint_80_20,train,/nas-ctm01/datasets/public/BIOMETRICS/Face_Morphing/MAD22/original_sorted/MIPGAN_II/027_08-vs-102_08.png,027_08-vs-102_08.png,027_08-vs-102_08,027_08,102_08,027,102,/nas-ctm01/datasets/public/BIOMETRICS/Face_Morphing/MAD22/original_sorted/BonaFide/027_08.jpg,/nas-ctm01/datasets/public/BIOMETRICS/Face_Morphing/MAD22/original_sorted/BonaFide/102_08.jpg,300,45,116
248,MAD22,MIPGAN_II,identity_disjoint_80_20,train,/nas-ctm01/datasets/public/BIOMETRICS/Face_Morphing/MAD22/original_sorted/MIPGAN_II/027_08-vs-118_08.png,027_08-vs-118_08.png,027_08-vs-118_08,027_08,118_08,027,118,/nas-ctm01/datasets/public/BIOMETRICS/Face_Morphing/MAD22/original_sorted/BonaFide/027_08.jpg,/nas-ctm01/datasets/public/BIOMETRICS/Face_Morphing/MAD22/original_sorted/BonaFide/118_08.jpg,301,45,134
249,MAD22,MIPGAN_II,identity_disjoint_80_20,train,/nas-ctm01/datasets/public/BIOMETRICS/Face_Morphing/MAD22/original_sorted/MIPGAN_II/027_08-vs-144_08.png,027_08-vs-144_08.png,027_08-vs-144_08,027_08,144_08,027,144,/nas-ctm01/datasets/public/BIOMETRICS/Face_Morphing/MAD22/original_sorted/BonaFide/027_08.jpg,/nas-ctm01/datasets/public/BIOMETRICS/Face_Morphing/MAD22/original_sorted/BonaFide/144_08.jpg,302,45,180
250,MAD22,MIPGAN_II,identity_disjoint_80_20,train,/nas-ctm01/datasets/public/BIOMETRICS/Face_Morphing/MAD22/original_sorted/MIPGAN_II/030_03-vs-039_03.png,030_03-vs-039_03.png,030_03-vs-039_03,030_03,039_03,030,039,/nas-ctm01/datasets/public/BIOMETRICS/Face_Morphing/MAD22/original_sorted/BonaFide/030_03.jpg,/nas-ctm01/datasets/public/BIOMETRICS/Face_Morphing/MAD22/original_sorted/BonaFide/039_03.jpg,312,48,63
251,MAD22,MIPGAN_II,identity_disjoint_80_20,train,/nas-ctm01/datasets/public/BIOMETRICS/Face_Morphing/MAD22/original_sorted/MIPGAN_II/030_03-vs-062_03.png,030_03-vs-062_03.png,030_03-vs-062_03,030_03,062_03,030,062,/nas-ctm01/datasets/public/BIOMETRICS/Face_Morphing/MAD22/original_sorted/BonaFide/030_03.jpg,/nas-ctm01/datasets/public/BIOMETRICS/Face_Morphing/MAD22/original_sorted/BonaFide/062_03.jpg,313,48,76
252,MAD22,MIPGAN_II,identity_disjoint_80_20,train,/nas-ctm01/datasets/public/BIOMETRICS/Face_Morphing/MAD22/original_sorted/MIPGAN_II/030_03-vs-134_03.png,030_03-vs-134_03.png,030_03-vs-134_03,030_03,134_03,030,134,/nas-ctm01/datasets/public/BIOMETRICS/Face_Morphing/MAD22/original_sorted/BonaFide/030_03.jpg,/nas-ctm01/datasets/public/BIOMETRICS/Face_Morphing/MAD22/original_sorted/BonaFide/134_03.jpg,314,48,162
253,MAD22,MIPGAN_II,identity_disjoint_80_20,train,/nas-ctm01/datasets/public/BIOMETRICS/Face_Morphing/MAD22/original_sorted/MIPGAN_II/030_08-vs-039_08.png,030_08-vs-039_08.png,030_08-vs-039_08,030_08,039_08,030,039,/nas-ctm01/datasets/public/BIOMETRICS/Face_Morphing/MAD22/original_sorted/BonaFide/030_08.jpg,/nas-ctm01/datasets/public/BIOMETRICS/Face_Morphing/MAD22/original_sorted/BonaFide/039_08.jpg,315,49,64
254,MAD22,MIPGAN_II,identity_disjoint_80_20,train,/nas-ctm01/datasets/public/BIOMETRICS/Face_Morphing/MAD22/original_sorted/MIPGAN_II/030_08-vs-112_08.png,030_08-vs-112_08.png,030_08-vs-112_08,030_08,112_08,030,112,/nas-ctm01/datasets/public/BIOMETRICS/Face_Morphing/MAD22/original_sorted/BonaFide/030_08.jpg,/nas-ctm01/datasets/public/BIOMETRICS/Face_Morphing/MAD22/original_sorted/BonaFide/112_08.jpg,316,49,126
255,MAD22,MIPGAN_II,identity_disjoint_80_20,train,/nas-ctm01/datasets/public/BIOMETRICS/Face_Morphing/MAD22/original_sorted/MIPGAN_II/030_08-vs-127_08.png,030_08-vs-127_08.png,030_08-vs-127_08,030_08,127_08,030,127,/nas-ctm01/datasets/public/BIOMETRICS/Face_Morphing/MAD22/original_sorted/BonaFide/030_08.jpg,/nas-ctm01/datasets/public/BIOMETRICS/Face_Morphing/MAD22/original_sorted/BonaFide/127_08.jpg,317,49,151
256,MAD22,MIPGAN_II,identity_disjoint_80_20,train,/nas-ctm01/datasets/public/BIOMETRICS/Face_Morphing/MAD22/original_sorted/MIPGAN_II/030_08-vs-134_08.png,030_08-vs-134_08.png,030_08-vs-134_08,030_08,134_08,030,134,/nas-ctm01/datasets/public/BIOMETRICS/Face_Morphing/MAD22/original_sorted/BonaFide/030_08.jpg,/nas-ctm01/datasets/public/BIOMETRICS/Face_Morphing/MAD22/original_sorted/BonaFide/134_08.jpg,318,49,163
257,MAD22,MIPGAN_II,identity_disjoint_80_20,train,/nas-ctm01/datasets/public/BIOMETRICS/Face_Morphing/MAD22/original_sorted/MIPGAN_II/032_03-vs-086_03.png,032_03-vs-086_03.png,032_03-vs-086_03,032_03,086_03,032,086,/nas-ctm01/datasets/public/BIOMETRICS/Face_Morphing/MAD22/original_sorted/BonaFide/032_03.jpg,/nas-ctm01/datasets/public/BIOMETRICS/Face_Morphing/MAD22/original_sorted/BonaFide/086_03.jpg,329,52,96
258,MAD22,MIPGAN_II,identity_disjoint_80_20,train,/nas-ctm01/datasets/public/BIOMETRICS/Face_Morphing/MAD22/original_sorted/MIPGAN_II/032_03-vs-094_03.png,032_03-vs-094_03.png,032_03-vs-094_03,032_03,094_03,032,094,/nas-ctm01/datasets/public/BIOMETRICS/Face_Morphing/MAD22/original_sorted/BonaFide/032_03.jpg,/nas-ctm01/datasets/public/BIOMETRICS/Face_Morphing/MAD22/original_sorted/BonaFide/094_03.jpg,330,52,104
259,MAD22,MIPGAN_II,identity_disjoint_80_20,train,/nas-ctm01/datasets/public/BIOMETRICS/Face_Morphing/MAD22/original_sorted/MIPGAN_II/032_03-vs-107_03.png,032_03-vs-107_03.png,032_03-vs-107_03,032_03,107_03,032,107,/nas-ctm01/datasets/public/BIOMETRICS/Face_Morphing/MAD22/original_sorted/BonaFide/032_03.jpg,/nas-ctm01/datasets/public/BIOMETRICS/Face_Morphing/MAD22/original_sorted/BonaFide/107_03.jpg,331,52,121
260,MAD22,MIPGAN_II,identity_disjoint_80_20,train,/nas-ctm01/datasets/public/BIOMETRICS/Face_Morphing/MAD22/original_sorted/MIPGAN_II/032_03-vs-126_03.png,032_03-vs-126_03.png,032_03-vs-126_03,032_03,126_03,032,126,/nas-ctm01/datasets/public/BIOMETRICS/Face_Morphing/MAD22/original_sorted/BonaFide/032_03.jpg,/nas-ctm01/datasets/public/BIOMETRICS/Face_Morphing/MAD22/original_sorted/BonaFide/126_03.jpg,332,52,149
261,MAD22,MIPGAN_II,identity_disjoint_80_20,train,/nas-ctm01/datasets/public/BIOMETRICS/Face_Morphing/MAD22/original_sorted/MIPGAN_II/032_08-vs-039_08.png,032_08-vs-039_08.png,032_08-vs-039_08,032_08,039_08,032,039,/nas-ctm01/datasets/public/BIOMETRICS/Face_Morphing/MAD22/original_sorted/BonaFide/032_08.jpg,/nas-ctm01/datasets/public/BIOMETRICS/Face_Morphing/MAD22/original_sorted/BonaFide/039_08.jpg,333,53,64
262,MAD22,MIPGAN_II,identity_disjoint_80_20,train,/nas-ctm01/datasets/public/BIOMETRICS/Face_Morphing/MAD22/original_sorted/MIPGAN_II/032_08-vs-086_08.png,032_08-vs-086_08.png,032_08-vs-086_08,032_08,086_08,032,086,/nas-ctm01/datasets/public/BIOMETRICS/Face_Morphing/MAD22/original_sorted/BonaFide/032_08.jpg,/nas-ctm01/datasets/public/BIOMETRICS/Face_Morphing/MAD22/original_sorted/BonaFide/086_08.jpg,334,53,97
263,MAD22,MIPGAN_II,identity_disjoint_80_20,train,/nas-ctm01/datasets/public/BIOMETRICS/Face_Morphing/MAD22/original_sorted/MIPGAN_II/032_08-vs-091_08.png,032_08-vs-091_08.png,032_08-vs-091_08,032_08,091_08,032,091,/nas-ctm01/datasets/public/BIOMETRICS/Face_Morphing/MAD22/original_sorted/BonaFide/032_08.jpg,/nas-ctm01/datasets/public/BIOMETRICS/Face_Morphing/MAD22/original_sorted/BonaFide/091_08.jpg,335,53,101
264,MAD22,MIPGAN_II,identity_disjoint_80_20,train,/nas-ctm01/datasets/public/BIOMETRICS/Face_Morphing/MAD22/original_sorted/MIPGAN_II/032_08-vs-124_08.png,032_08-vs-124_08.png,032_08-vs-124_08,032_08,124_08,032,124,/nas-ctm01/datasets/public/BIOMETRICS/Face_Morphing/MAD22/original_sorted/BonaFide/032_08.jpg,/nas-ctm01/datasets/public/BIOMETRICS/Face_Morphing/MAD22/original_sorted/BonaFide/124_08.jpg,336,53,146
265,MAD22,MIPGAN_II,identity_disjoint_80_20,train,/nas-ctm01/datasets/public/BIOMETRICS/Face_Morphing/MAD22/original_sorted/MIPGAN_II/032_08-vs-144_08.png,032_08-vs-144_08.png,032_08-vs-144_08,032_08,144_08,032,144,/nas-ctm01/datasets/public/BIOMETRICS/Face_Morphing/MAD22/original_sorted/BonaFide/032_08.jpg,/nas-ctm01/datasets/public/BIOMETRICS/Face_Morphing/MAD22/original_sorted/BonaFide/144_08.jpg,337,53,180
266,MAD22,MIPGAN_II,identity_disjoint_80_20,train,/nas-ctm01/datasets/public/BIOMETRICS/Face_Morphing/MAD22/original_sorted/MIPGAN_II/034_03-vs-099_03.png,034_03-vs-099_03.png,034_03-vs-099_03,034_03,099_03,034,099,/nas-ctm01/datasets/public/BIOMETRICS/Face_Morphing/MAD22/original_sorted/BonaFide/034_03.jpg,/nas-ctm01/datasets/public/BIOMETRICS/Face_Morphing/MAD22/original_sorted/BonaFide/099_03.jpg,350,56,110
267,MAD22,MIPGAN_II,identity_disjoint_80_20,train,/nas-ctm01/datasets/public/BIOMETRICS/Face_Morphing/MAD22/original_sorted/MIPGAN_II/034_03-vs-100_03.png,034_03-vs-100_03.png,034_03-vs-100_03,034_03,100_03,034,100,/nas-ctm01/datasets/public/BIOMETRICS/Face_Morphing/MAD22/original_sorted/BonaFide/034_03.jpg,/nas-ctm01/datasets/public/BIOMETRICS/Face_Morphing/MAD22/original_sorted/BonaFide/100_03.jpg,351,56,112
268,MAD22,MIPGAN_II,identity_disjoint_80_20,train,/nas-ctm01/datasets/public/BIOMETRICS/Face_Morphing/MAD22/original_sorted/MIPGAN_II/034_03-vs-139_03.png,034_03-vs-139_03.png,034_03-vs-139_03,034_03,139_03,034,139,/nas-ctm01/datasets/public/BIOMETRICS/Face_Morphing/MAD22/original_sorted/BonaFide/034_03.jpg,/nas-ctm01/datasets/public/BIOMETRICS/Face_Morphing/MAD22/original_sorted/BonaFide/139_03.jpg,352,56,170
269,MAD22,MIPGAN_II,identity_disjoint_80_20,train,/nas-ctm01/datasets/public/BIOMETRICS/Face_Morphing/MAD22/original_sorted/MIPGAN_II/034_08-vs-062_08.png,034_08-vs-062_08.png,034_08-vs-062_08,034_08,062_08,034,062,/nas-ctm01/datasets/public/BIOMETRICS/Face_Morphing/MAD22/original_sorted/BonaFide/034_08.jpg,/nas-ctm01/datasets/public/BIOMETRICS/Face_Morphing/MAD22/original_sorted/BonaFide/062_08.jpg,353,57,77
270,MAD22,MIPGAN_II,identity_disjoint_80_20,train,/nas-ctm01/datasets/public/BIOMETRICS/Face_Morphing/MAD22/original_sorted/MIPGAN_II/034_08-vs-064_08.png,034_08-vs-064_08.png,034_08-vs-064_08,034_08,064_08,034,064,/nas-ctm01/datasets/public/BIOMETRICS/Face_Morphing/MAD22/original_sorted/BonaFide/034_08.jpg,/nas-ctm01/datasets/public/BIOMETRICS/Face_Morphing/MAD22/original_sorted/BonaFide/064_08.jpg,354,57,81
271,MAD22,MIPGAN_II,identity_disjoint_80_20,train,/nas-ctm01/datasets/public/BIOMETRICS/Face_Morphing/MAD22/original_sorted/MIPGAN_II/034_08-vs-094_08.png,034_08-vs-094_08.png,034_08-vs-094_08,034_08,094_08,034,094,/nas-ctm01/datasets/public/BIOMETRICS/Face_Morphing/MAD22/original_sorted/BonaFide/034_08.jpg,/nas-ctm01/datasets/public/BIOMETRICS/Face_Morphing/MAD22/original_sorted/BonaFide/094_08.jpg,355,57,105
272,MAD22,MIPGAN_II,identity_disjoint_80_20,train,/nas-ctm01/datasets/public/BIOMETRICS/Face_Morphing/MAD22/original_sorted/MIPGAN_II/034_08-vs-099_08.png,034_08-vs-099_08.png,034_08-vs-099_08,034_08,099_08,034,099,/nas-ctm01/datasets/public/BIOMETRICS/Face_Morphing/MAD22/original_sorted/BonaFide/034_08.jpg,/nas-ctm01/datasets/public/BIOMETRICS/Face_Morphing/MAD22/original_sorted/BonaFide/099_08.jpg,356,57,111
273,MAD22,MIPGAN_II,identity_disjoint_80_20,train,/nas-ctm01/datasets/public/BIOMETRICS/Face_Morphing/MAD22/original_sorted/MIPGAN_II/034_08-vs-126_08.png,034_08-vs-126_08.png,034_08-vs-126_08,034_08,126_08,034,126,/nas-ctm01/datasets/public/BIOMETRICS/Face_Morphing/MAD22/original_sorted/BonaFide/034_08.jpg,/nas-ctm01/datasets/public/BIOMETRICS/Face_Morphing/MAD22/original_sorted/BonaFide/126_08.jpg,357,57,150
274,MAD22,MIPGAN_II,identity_disjoint_80_20,train,/nas-ctm01/datasets/public/BIOMETRICS/Face_Morphing/MAD22/original_sorted/MIPGAN_II/034_08-vs-127_08.png,034_08-vs-127_08.png,034_08-vs-127_08,034_08,127_08,034,127,/nas-ctm01/datasets/public/BIOMETRICS/Face_Morphing/MAD22/original_sorted/BonaFide/034_08.jpg,/nas-ctm01/datasets/public/BIOMETRICS/Face_Morphing/MAD22/original_sorted/BonaFide/127_08.jpg,358,57,151
275,MAD22,MIPGAN_II,identity_disjoint_80_20,train,/nas-ctm01/datasets/public/BIOMETRICS/Face_Morphing/MAD22/original_sorted/MIPGAN_II/036_03-vs-063_03.png,036_03-vs-063_03.png,036_03-vs-063_03,036_03,063_03,036,063,/nas-ctm01/datasets/public/BIOMETRICS/Face_Morphing/MAD22/original_sorted/BonaFide/036_03.jpg,/nas-ctm01/datasets/public/BIOMETRICS/Face_Morphing/MAD22/original_sorted/BonaFide/063_03.jpg,359,58,78
276,MAD22,MIPGAN_II,identity_disjoint_80_20,train,/nas-ctm01/datasets/public/BIOMETRICS/Face_Morphing/MAD22/original_sorted/MIPGAN_II/036_03-vs-096_03.png,036_03-vs-096_03.png,036_03-vs-096_03,036_03,096_03,036,096,/nas-ctm01/datasets/public/BIOMETRICS/Face_Morphing/MAD22/original_sorted/BonaFide/036_03.jpg,/nas-ctm01/datasets/public/BIOMETRICS/Face_Morphing/MAD22/original_sorted/BonaFide/096_03.jpg,360,58,106
277,MAD22,MIPGAN_II,identity_disjoint_80_20,train,/nas-ctm01/datasets/public/BIOMETRICS/Face_Morphing/MAD22/original_sorted/MIPGAN_II/036_03-vs-128_03.png,036_03-vs-128_03.png,036_03-vs-128_03,036_03,128_03,036,128,/nas-ctm01/datasets/public/BIOMETRICS/Face_Morphing/MAD22/original_sorted/BonaFide/036_03.jpg,/nas-ctm01/datasets/public/BIOMETRICS/Face_Morphing/MAD22/original_sorted/BonaFide/128_03.jpg,361,58,152
278,MAD22,MIPGAN_II,identity_disjoint_80_20,train,/nas-ctm01/datasets/public/BIOMETRICS/Face_Morphing/MAD22/original_sorted/MIPGAN_II/036_03-vs-141_03.png,036_03-vs-141_03.png,036_03-vs-141_03,036_03,141_03,036,141,/nas-ctm01/datasets/public/BIOMETRICS/Face_Morphing/MAD22/original_sorted/BonaFide/036_03.jpg,/nas-ctm01/datasets/public/BIOMETRICS/Face_Morphing/MAD22/original_sorted/BonaFide/141_03.jpg,362,58,173
279,MAD22,MIPGAN_II,identity_disjoint_80_20,train,/nas-ctm01/datasets/public/BIOMETRICS/Face_Morphing/MAD22/original_sorted/MIPGAN_II/036_03-vs-143_03.png,036_03-vs-143_03.png,036_03-vs-143_03,036_03,143_03,036,143,/nas-ctm01/datasets/public/BIOMETRICS/Face_Morphing/MAD22/original_sorted/BonaFide/036_03.jpg,/nas-ctm01/datasets/public/BIOMETRICS/Face_Morphing/MAD22/original_sorted/BonaFide/143_03.jpg,363,58,177
280,MAD22,MIPGAN_II,identity_disjoint_80_20,train,/nas-ctm01/datasets/public/BIOMETRICS/Face_Morphing/MAD22/original_sorted/MIPGAN_II/036_08-vs-096_08.png,036_08-vs-096_08.png,036_08-vs-096_08,036_08,096_08,036,096,/nas-ctm01/datasets/public/BIOMETRICS/Face_Morphing/MAD22/original_sorted/BonaFide/036_08.jpg,/nas-ctm01/datasets/public/BIOMETRICS/Face_Morphing/MAD22/original_sorted/BonaFide/096_08.jpg,364,59,107
281,MAD22,MIPGAN_II,identity_disjoint_80_20,train,/nas-ctm01/datasets/public/BIOMETRICS/Face_Morphing/MAD22/original_sorted/MIPGAN_II/036_08-vs-128_08.png,036_08-vs-128_08.png,036_08-vs-128_08,036_08,128_08,036,128,/nas-ctm01/datasets/public/BIOMETRICS/Face_Morphing/MAD22/original_sorted/BonaFide/036_08.jpg,/nas-ctm01/datasets/public/BIOMETRICS/Face_Morphing/MAD22/original_sorted/BonaFide/128_08.jpg,365,59,153
282,MAD22,MIPGAN_II,identity_disjoint_80_20,train,/nas-ctm01/datasets/public/BIOMETRICS/Face_Morphing/MAD22/original_sorted/MIPGAN_II/036_08-vs-130_08.png,036_08-vs-130_08.png,036_08-vs-130_08,036_08,130_08,036,130,/nas-ctm01/datasets/public/BIOMETRICS/Face_Morphing/MAD22/original_sorted/BonaFide/036_08.jpg,/nas-ctm01/datasets/public/BIOMETRICS/Face_Morphing/MAD22/original_sorted/BonaFide/130_08.jpg,366,59,157
283,MAD22,MIPGAN_II,identity_disjoint_80_20,train,/nas-ctm01/datasets/public/BIOMETRICS/Face_Morphing/MAD22/original_sorted/MIPGAN_II/036_08-vs-141_08.png,036_08-vs-141_08.png,036_08-vs-141_08,036_08,141_08,036,141,/nas-ctm01/datasets/public/BIOMETRICS/Face_Morphing/MAD22/original_sorted/BonaFide/036_08.jpg,/nas-ctm01/datasets/public/BIOMETRICS/Face_Morphing/MAD22/original_sorted/BonaFide/141_08.jpg,367,59,174
284,MAD22,MIPGAN_II,identity_disjoint_80_20,train,/nas-ctm01/datasets/public/BIOMETRICS/Face_Morphing/MAD22/original_sorted/MIPGAN_II/036_08-vs-142_08.png,036_08-vs-142_08.png,036_08-vs-142_08,036_08,142_08,036,142,/nas-ctm01/datasets/public/BIOMETRICS/Face_Morphing/MAD22/original_sorted/BonaFide/036_08.jpg,/nas-ctm01/datasets/public/BIOMETRICS/Face_Morphing/MAD22/original_sorted/BonaFide/142_08.jpg,368,59,176
285,MAD22,MIPGAN_II,identity_disjoint_80_20,train,/nas-ctm01/datasets/public/BIOMETRICS/Face_Morphing/MAD22/original_sorted/MIPGAN_II/037_03-vs-103_03.png,037_03-vs-103_03.png,037_03-vs-103_03,037_03,103_03,037,103,/nas-ctm01/datasets/public/BIOMETRICS/Face_Morphing/MAD22/original_sorted/BonaFide/037_03.jpg,/nas-ctm01/datasets/public/BIOMETRICS/Face_Morphing/MAD22/original_sorted/BonaFide/103_03.jpg,369,60,117
286,MAD22,MIPGAN_II,identity_disjoint_80_20,train,/nas-ctm01/datasets/public/BIOMETRICS/Face_Morphing/MAD22/original_sorted/MIPGAN_II/037_03-vs-108_03.png,037_03-vs-108_03.png,037_03-vs-108_03,037_03,108_03,037,108,/nas-ctm01/datasets/public/BIOMETRICS/Face_Morphing/MAD22/original_sorted/BonaFide/037_03.jpg,/nas-ctm01/datasets/public/BIOMETRICS/Face_Morphing/MAD22/original_sorted/BonaFide/108_03.jpg,370,60,123
287,MAD22,MIPGAN_II,identity_disjoint_80_20,train,/nas-ctm01/datasets/public/BIOMETRICS/Face_Morphing/MAD22/original_sorted/MIPGAN_II/037_03-vs-128_03.png,037_03-vs-128_03.png,037_03-vs-128_03,037_03,128_03,037,128,/nas-ctm01/datasets/public/BIOMETRICS/Face_Morphing/MAD22/original_sorted/BonaFide/037_03.jpg,/nas-ctm01/datasets/public/BIOMETRICS/Face_Morphing/MAD22/original_sorted/BonaFide/128_03.jpg,371,60,152
288,MAD22,MIPGAN_II,identity_disjoint_80_20,train,/nas-ctm01/datasets/public/BIOMETRICS/Face_Morphing/MAD22/original_sorted/MIPGAN_II/037_03-vs-132_03.png,037_03-vs-132_03.png,037_03-vs-132_03,037_03,132_03,037,132,/nas-ctm01/datasets/public/BIOMETRICS/Face_Morphing/MAD22/original_sorted/BonaFide/037_03.jpg,/nas-ctm01/datasets/public/BIOMETRICS/Face_Morphing/MAD22/original_sorted/BonaFide/132_03.jpg,372,60,160
289,MAD22,MIPGAN_II,identity_disjoint_80_20,train,/nas-ctm01/datasets/public/BIOMETRICS/Face_Morphing/MAD22/original_sorted/MIPGAN_II/037_03-vs-172_03.png,037_03-vs-172_03.png,037_03-vs-172_03,037_03,172_03,037,172,/nas-ctm01/datasets/public/BIOMETRICS/Face_Morphing/MAD22/original_sorted/BonaFide/037_03.jpg,/nas-ctm01/datasets/public/BIOMETRICS/Face_Morphing/MAD22/original_sorted/BonaFide/172_03.jpg,373,60,181
290,MAD22,MIPGAN_II,identity_disjoint_80_20,train,/nas-ctm01/datasets/public/BIOMETRICS/Face_Morphing/MAD22/original_sorted/MIPGAN_II/038_03-vs-062_03.png,038_03-vs-062_03.png,038_03-vs-062_03,038_03,062_03,038,062,/nas-ctm01/datasets/public/BIOMETRICS/Face_Morphing/MAD22/original_sorted/BonaFide/038_03.jpg,/nas-ctm01/datasets/public/BIOMETRICS/Face_Morphing/MAD22/original_sorted/BonaFide/062_03.jpg,374,61,76
291,MAD22,MIPGAN_II,identity_disjoint_80_20,train,/nas-ctm01/datasets/public/BIOMETRICS/Face_Morphing/MAD22/original_sorted/MIPGAN_II/038_03-vs-066_03.png,038_03-vs-066_03.png,038_03-vs-066_03,038_03,066_03,038,066,/nas-ctm01/datasets/public/BIOMETRICS/Face_Morphing/MAD22/original_sorted/BonaFide/038_03.jpg,/nas-ctm01/datasets/public/BIOMETRICS/Face_Morphing/MAD22/original_sorted/BonaFide/066_03.jpg,375,61,82
292,MAD22,MIPGAN_II,identity_disjoint_80_20,train,/nas-ctm01/datasets/public/BIOMETRICS/Face_Morphing/MAD22/original_sorted/MIPGAN_II/038_03-vs-102_03.png,038_03-vs-102_03.png,038_03-vs-102_03,038_03,102_03,038,102,/nas-ctm01/datasets/public/BIOMETRICS/Face_Morphing/MAD22/original_sorted/BonaFide/038_03.jpg,/nas-ctm01/datasets/public/BIOMETRICS/Face_Morphing/MAD22/original_sorted/BonaFide/102_03.jpg,376,61,115
293,MAD22,MIPGAN_II,identity_disjoint_80_20,train,/nas-ctm01/datasets/public/BIOMETRICS/Face_Morphing/MAD22/original_sorted/MIPGAN_II/038_03-vs-124_03.png,038_03-vs-124_03.png,038_03-vs-124_03,038_03,124_03,038,124,/nas-ctm01/datasets/public/BIOMETRICS/Face_Morphing/MAD22/original_sorted/BonaFide/038_03.jpg,/nas-ctm01/datasets/public/BIOMETRICS/Face_Morphing/MAD22/original_sorted/BonaFide/124_03.jpg,377,61,145
294,MAD22,MIPGAN_II,identity_disjoint_80_20,train,/nas-ctm01/datasets/public/BIOMETRICS/Face_Morphing/MAD22/original_sorted/MIPGAN_II/038_03-vs-136_03.png,038_03-vs-136_03.png,038_03-vs-136_03,038_03,136_03,038,136,/nas-ctm01/datasets/public/BIOMETRICS/Face_Morphing/MAD22/original_sorted/BonaFide/038_03.jpg,/nas-ctm01/datasets/public/BIOMETRICS/Face_Morphing/MAD22/original_sorted/BonaFide/136_03.jpg,378,61,166
295,MAD22,MIPGAN_II,identity_disjoint_80_20,train,/nas-ctm01/datasets/public/BIOMETRICS/Face_Morphing/MAD22/original_sorted/MIPGAN_II/038_08-vs-062_08.png,038_08-vs-062_08.png,038_08-vs-062_08,038_08,062_08,038,062,/nas-ctm01/datasets/public/BIOMETRICS/Face_Morphing/MAD22/original_sorted/BonaFide/038_08.jpg,/nas-ctm01/datasets/public/BIOMETRICS/Face_Morphing/MAD22/original_sorted/BonaFide/062_08.jpg,379,62,77
296,MAD22,MIPGAN_II,identity_disjoint_80_20,train,/nas-ctm01/datasets/public/BIOMETRICS/Face_Morphing/MAD22/original_sorted/MIPGAN_II/038_08-vs-066_08.png,038_08-vs-066_08.png,038_08-vs-066_08,038_08,066_08,038,066,/nas-ctm01/datasets/public/BIOMETRICS/Face_Morphing/MAD22/original_sorted/BonaFide/038_08.jpg,/nas-ctm01/datasets/public/BIOMETRICS/Face_Morphing/MAD22/original_sorted/BonaFide/066_08.jpg,380,62,83
297,MAD22,MIPGAN_II,identity_disjoint_80_20,train,/nas-ctm01/datasets/public/BIOMETRICS/Face_Morphing/MAD22/original_sorted/MIPGAN_II/038_08-vs-091_08.png,038_08-vs-091_08.png,038_08-vs-091_08,038_08,091_08,038,091,/nas-ctm01/datasets/public/BIOMETRICS/Face_Morphing/MAD22/original_sorted/BonaFide/038_08.jpg,/nas-ctm01/datasets/public/BIOMETRICS/Face_Morphing/MAD22/original_sorted/BonaFide/091_08.jpg,381,62,101
298,MAD22,MIPGAN_II,identity_disjoint_80_20,train,/nas-ctm01/datasets/public/BIOMETRICS/Face_Morphing/MAD22/original_sorted/MIPGAN_II/038_08-vs-099_08.png,038_08-vs-099_08.png,038_08-vs-099_08,038_08,099_08,038,099,/nas-ctm01/datasets/public/BIOMETRICS/Face_Morphing/MAD22/original_sorted/BonaFide/038_08.jpg,/nas-ctm01/datasets/public/BIOMETRICS/Face_Morphing/MAD22/original_sorted/BonaFide/099_08.jpg,382,62,111
299,MAD22,MIPGAN_II,identity_disjoint_80_20,train,/nas-ctm01/datasets/public/BIOMETRICS/Face_Morphing/MAD22/original_sorted/MIPGAN_II/038_08-vs-102_08.png,038_08-vs-102_08.png,038_08-vs-102_08,038_08,102_08,038,102,/nas-ctm01/datasets/public/BIOMETRICS/Face_Morphing/MAD22/original_sorted/BonaFide/038_08.jpg,/nas-ctm01/datasets/public/BIOMETRICS/Face_Morphing/MAD22/original_sorted/BonaFide/102_08.jpg,383,62,116
300,MAD22,MIPGAN_II,identity_disjoint_80_20,train,/nas-ctm01/datasets/public/BIOMETRICS/Face_Morphing/MAD22/original_sorted/MIPGAN_II/038_08-vs-124_08.png,038_08-vs-124_08.png,038_08-vs-124_08,038_08,124_08,038,124,/nas-ctm01/datasets/public/BIOMETRICS/Face_Morphing/MAD22/original_sorted/BonaFide/038_08.jpg,/nas-ctm01/datasets/public/BIOMETRICS/Face_Morphing/MAD22/original_sorted/BonaFide/124_08.jpg,384,62,146
301,MAD22,MIPGAN_II,identity_disjoint_80_20,train,/nas-ctm01/datasets/public/BIOMETRICS/Face_Morphing/MAD22/original_sorted/MIPGAN_II/038_08-vs-129_08.png,038_08-vs-129_08.png,038_08-vs-129_08,038_08,129_08,038,129,/nas-ctm01/datasets/public/BIOMETRICS/Face_Morphing/MAD22/original_sorted/BonaFide/038_08.jpg,/nas-ctm01/datasets/public/BIOMETRICS/Face_Morphing/MAD22/original_sorted/BonaFide/129_08.jpg,385,62,155
302,MAD22,MIPGAN_II,identity_disjoint_80_20,train,/nas-ctm01/datasets/public/BIOMETRICS/Face_Morphing/MAD22/original_sorted/MIPGAN_II/038_08-vs-136_08.png,038_08-vs-136_08.png,038_08-vs-136_08,038_08,136_08,038,136,/nas-ctm01/datasets/public/BIOMETRICS/Face_Morphing/MAD22/original_sorted/BonaFide/038_08.jpg,/nas-ctm01/datasets/public/BIOMETRICS/Face_Morphing/MAD22/original_sorted/BonaFide/136_08.jpg,386,62,167
303,MAD22,MIPGAN_II,identity_disjoint_80_20,train,/nas-ctm01/datasets/public/BIOMETRICS/Face_Morphing/MAD22/original_sorted/MIPGAN_II/039_03-vs-090_03.png,039_03-vs-090_03.png,039_03-vs-090_03,039_03,090_03,039,090,/nas-ctm01/datasets/public/BIOMETRICS/Face_Morphing/MAD22/original_sorted/BonaFide/039_03.jpg,/nas-ctm01/datasets/public/BIOMETRICS/Face_Morphing/MAD22/original_sorted/BonaFide/090_03.jpg,387,63,99
304,MAD22,MIPGAN_II,identity_disjoint_80_20,train,/nas-ctm01/datasets/public/BIOMETRICS/Face_Morphing/MAD22/original_sorted/MIPGAN_II/039_03-vs-097_03.png,039_03-vs-097_03.png,039_03-vs-097_03,039_03,097_03,039,097,/nas-ctm01/datasets/public/BIOMETRICS/Face_Morphing/MAD22/original_sorted/BonaFide/039_03.jpg,/nas-ctm01/datasets/public/BIOMETRICS/Face_Morphing/MAD22/original_sorted/BonaFide/097_03.jpg,388,63,108
305,MAD22,MIPGAN_II,identity_disjoint_80_20,train,/nas-ctm01/datasets/public/BIOMETRICS/Face_Morphing/MAD22/original_sorted/MIPGAN_II/039_03-vs-102_03.png,039_03-vs-102_03.png,039_03-vs-102_03,039_03,102_03,039,102,/nas-ctm01/datasets/public/BIOMETRICS/Face_Morphing/MAD22/original_sorted/BonaFide/039_03.jpg,/nas-ctm01/datasets/public/BIOMETRICS/Face_Morphing/MAD22/original_sorted/BonaFide/102_03.jpg,389,63,115
306,MAD22,MIPGAN_II,identity_disjoint_80_20,train,/nas-ctm01/datasets/public/BIOMETRICS/Face_Morphing/MAD22/original_sorted/MIPGAN_II/039_03-vs-107_03.png,039_03-vs-107_03.png,039_03-vs-107_03,039_03,107_03,039,107,/nas-ctm01/datasets/public/BIOMETRICS/Face_Morphing/MAD22/original_sorted/BonaFide/039_03.jpg,/nas-ctm01/datasets/public/BIOMETRICS/Face_Morphing/MAD22/original_sorted/BonaFide/107_03.jpg,390,63,121
307,MAD22,MIPGAN_II,identity_disjoint_80_20,train,/nas-ctm01/datasets/public/BIOMETRICS/Face_Morphing/MAD22/original_sorted/MIPGAN_II/039_03-vs-124_03.png,039_03-vs-124_03.png,039_03-vs-124_03,039_03,124_03,039,124,/nas-ctm01/datasets/public/BIOMETRICS/Face_Morphing/MAD22/original_sorted/BonaFide/039_03.jpg,/nas-ctm01/datasets/public/BIOMETRICS/Face_Morphing/MAD22/original_sorted/BonaFide/124_03.jpg,391,63,145
308,MAD22,MIPGAN_II,identity_disjoint_80_20,train,/nas-ctm01/datasets/public/BIOMETRICS/Face_Morphing/MAD22/original_sorted/MIPGAN_II/039_03-vs-139_03.png,039_03-vs-139_03.png,039_03-vs-139_03,039_03,139_03,039,139,/nas-ctm01/datasets/public/BIOMETRICS/Face_Morphing/MAD22/original_sorted/BonaFide/039_03.jpg,/nas-ctm01/datasets/public/BIOMETRICS/Face_Morphing/MAD22/original_sorted/BonaFide/139_03.jpg,392,63,170
309,MAD22,MIPGAN_II,identity_disjoint_80_20,train,/nas-ctm01/datasets/public/BIOMETRICS/Face_Morphing/MAD22/original_sorted/MIPGAN_II/039_03-vs-144_03.png,039_03-vs-144_03.png,039_03-vs-144_03,039_03,144_03,039,144,/nas-ctm01/datasets/public/BIOMETRICS/Face_Morphing/MAD22/original_sorted/BonaFide/039_03.jpg,/nas-ctm01/datasets/public/BIOMETRICS/Face_Morphing/MAD22/original_sorted/BonaFide/144_03.jpg,393,63,179
310,MAD22,MIPGAN_II,identity_disjoint_80_20,train,/nas-ctm01/datasets/public/BIOMETRICS/Face_Morphing/MAD22/original_sorted/MIPGAN_II/039_08-vs-090_08.png,039_08-vs-090_08.png,039_08-vs-090_08,039_08,090_08,039,090,/nas-ctm01/datasets/public/BIOMETRICS/Face_Morphing/MAD22/original_sorted/BonaFide/039_08.jpg,/nas-ctm01/datasets/public/BIOMETRICS/Face_Morphing/MAD22/original_sorted/BonaFide/090_08.jpg,394,64,100
311,MAD22,MIPGAN_II,identity_disjoint_80_20,train,/nas-ctm01/datasets/public/BIOMETRICS/Face_Morphing/MAD22/original_sorted/MIPGAN_II/039_08-vs-097_08.png,039_08-vs-097_08.png,039_08-vs-097_08,039_08,097_08,039,097,/nas-ctm01/datasets/public/BIOMETRICS/Face_Morphing/MAD22/original_sorted/BonaFide/039_08.jpg,/nas-ctm01/datasets/public/BIOMETRICS/Face_Morphing/MAD22/original_sorted/BonaFide/097_08.jpg,395,64,109
312,MAD22,MIPGAN_II,identity_disjoint_80_20,train,/nas-ctm01/datasets/public/BIOMETRICS/Face_Morphing/MAD22/original_sorted/MIPGAN_II/039_08-vs-102_08.png,039_08-vs-102_08.png,039_08-vs-102_08,039_08,102_08,039,102,/nas-ctm01/datasets/public/BIOMETRICS/Face_Morphing/MAD22/original_sorted/BonaFide/039_08.jpg,/nas-ctm01/datasets/public/BIOMETRICS/Face_Morphing/MAD22/original_sorted/BonaFide/102_08.jpg,396,64,116
313,MAD22,MIPGAN_II,identity_disjoint_80_20,train,/nas-ctm01/datasets/public/BIOMETRICS/Face_Morphing/MAD22/original_sorted/MIPGAN_II/039_08-vs-107_08.png,039_08-vs-107_08.png,039_08-vs-107_08,039_08,107_08,039,107,/nas-ctm01/datasets/public/BIOMETRICS/Face_Morphing/MAD22/original_sorted/BonaFide/039_08.jpg,/nas-ctm01/datasets/public/BIOMETRICS/Face_Morphing/MAD22/original_sorted/BonaFide/107_08.jpg,397,64,122
314,MAD22,MIPGAN_II,identity_disjoint_80_20,train,/nas-ctm01/datasets/public/BIOMETRICS/Face_Morphing/MAD22/original_sorted/MIPGAN_II/039_08-vs-118_08.png,039_08-vs-118_08.png,039_08-vs-118_08,039_08,118_08,039,118,/nas-ctm01/datasets/public/BIOMETRICS/Face_Morphing/MAD22/original_sorted/BonaFide/039_08.jpg,/nas-ctm01/datasets/public/BIOMETRICS/Face_Morphing/MAD22/original_sorted/BonaFide/118_08.jpg,398,64,134
315,MAD22,MIPGAN_II,identity_disjoint_80_20,train,/nas-ctm01/datasets/public/BIOMETRICS/Face_Morphing/MAD22/original_sorted/MIPGAN_II/039_08-vs-124_08.png,039_08-vs-124_08.png,039_08-vs-124_08,039_08,124_08,039,124,/nas-ctm01/datasets/public/BIOMETRICS/Face_Morphing/MAD22/original_sorted/BonaFide/039_08.jpg,/nas-ctm01/datasets/public/BIOMETRICS/Face_Morphing/MAD22/original_sorted/BonaFide/124_08.jpg,399,64,146
316,MAD22,MIPGAN_II,identity_disjoint_80_20,train,/nas-ctm01/datasets/public/BIOMETRICS/Face_Morphing/MAD22/original_sorted/MIPGAN_II/039_08-vs-139_08.png,039_08-vs-139_08.png,039_08-vs-139_08,039_08,139_08,039,139,/nas-ctm01/datasets/public/BIOMETRICS/Face_Morphing/MAD22/original_sorted/BonaFide/039_08.jpg,/nas-ctm01/datasets/public/BIOMETRICS/Face_Morphing/MAD22/original_sorted/BonaFide/139_08.jpg,400,64,171
317,MAD22,MIPGAN_II,identity_disjoint_80_20,train,/nas-ctm01/datasets/public/BIOMETRICS/Face_Morphing/MAD22/original_sorted/MIPGAN_II/039_08-vs-144_08.png,039_08-vs-144_08.png,039_08-vs-144_08,039_08,144_08,039,144,/nas-ctm01/datasets/public/BIOMETRICS/Face_Morphing/MAD22/original_sorted/BonaFide/039_08.jpg,/nas-ctm01/datasets/public/BIOMETRICS/Face_Morphing/MAD22/original_sorted/BonaFide/144_08.jpg,401,64,180
318,MAD22,MIPGAN_II,identity_disjoint_80_20,train,/nas-ctm01/datasets/public/BIOMETRICS/Face_Morphing/MAD22/original_sorted/MIPGAN_II/045_08-vs-063_08.png,045_08-vs-063_08.png,045_08-vs-063_08,045_08,063_08,045,063,/nas-ctm01/datasets/public/BIOMETRICS/Face_Morphing/MAD22/original_sorted/BonaFide/045_08.jpg,/nas-ctm01/datasets/public/BIOMETRICS/Face_Morphing/MAD22/original_sorted/BonaFide/063_08.jpg,432,73,79
319,MAD22,MIPGAN_II,identity_disjoint_80_20,train,/nas-ctm01/datasets/public/BIOMETRICS/Face_Morphing/MAD22/original_sorted/MIPGAN_II/045_08-vs-092_08.png,045_08-vs-092_08.png,045_08-vs-092_08,045_08,092_08,045,092,/nas-ctm01/datasets/public/BIOMETRICS/Face_Morphing/MAD22/original_sorted/BonaFide/045_08.jpg,/nas-ctm01/datasets/public/BIOMETRICS/Face_Morphing/MAD22/original_sorted/BonaFide/092_08.jpg,434,73,103
320,MAD22,MIPGAN_II,identity_disjoint_80_20,train,/nas-ctm01/datasets/public/BIOMETRICS/Face_Morphing/MAD22/original_sorted/MIPGAN_II/045_08-vs-123_08.png,045_08-vs-123_08.png,045_08-vs-123_08,045_08,123_08,045,123,/nas-ctm01/datasets/public/BIOMETRICS/Face_Morphing/MAD22/original_sorted/BonaFide/045_08.jpg,/nas-ctm01/datasets/public/BIOMETRICS/Face_Morphing/MAD22/original_sorted/BonaFide/123_08.jpg,435,73,144
321,MAD22,MIPGAN_II,identity_disjoint_80_20,train,/nas-ctm01/datasets/public/BIOMETRICS/Face_Morphing/MAD22/original_sorted/MIPGAN_II/045_08-vs-128_08.png,045_08-vs-128_08.png,045_08-vs-128_08,045_08,128_08,045,128,/nas-ctm01/datasets/public/BIOMETRICS/Face_Morphing/MAD22/original_sorted/BonaFide/045_08.jpg,/nas-ctm01/datasets/public/BIOMETRICS/Face_Morphing/MAD22/original_sorted/BonaFide/128_08.jpg,436,73,153
322,MAD22,MIPGAN_II,identity_disjoint_80_20,train,/nas-ctm01/datasets/public/BIOMETRICS/Face_Morphing/MAD22/original_sorted/MIPGAN_II/045_08-vs-141_08.png,045_08-vs-141_08.png,045_08-vs-141_08,045_08,141_08,045,141,/nas-ctm01/datasets/public/BIOMETRICS/Face_Morphing/MAD22/original_sorted/BonaFide/045_08.jpg,/nas-ctm01/datasets/public/BIOMETRICS/Face_Morphing/MAD22/original_sorted/BonaFide/141_08.jpg,437,73,174
323,MAD22,MIPGAN_II,identity_disjoint_80_20,train,/nas-ctm01/datasets/public/BIOMETRICS/Face_Morphing/MAD22/original_sorted/MIPGAN_II/045_08-vs-143_08.png,045_08-vs-143_08.png,045_08-vs-143_08,045_08,143_08,045,143,/nas-ctm01/datasets/public/BIOMETRICS/Face_Morphing/MAD22/original_sorted/BonaFide/045_08.jpg,/nas-ctm01/datasets/public/BIOMETRICS/Face_Morphing/MAD22/original_sorted/BonaFide/143_08.jpg,438,73,178
324,MAD22,MIPGAN_II,identity_disjoint_80_20,train,/nas-ctm01/datasets/public/BIOMETRICS/Face_Morphing/MAD22/original_sorted/MIPGAN_II/061_03-vs-125_03.png,061_03-vs-125_03.png,061_03-vs-125_03,061_03,125_03,061,125,/nas-ctm01/datasets/public/BIOMETRICS/Face_Morphing/MAD22/original_sorted/BonaFide/061_03.jpg,/nas-ctm01/datasets/public/BIOMETRICS/Face_Morphing/MAD22/original_sorted/BonaFide/125_03.jpg,440,74,147
325,MAD22,MIPGAN_II,identity_disjoint_80_20,train,/nas-ctm01/datasets/public/BIOMETRICS/Face_Morphing/MAD22/original_sorted/MIPGAN_II/061_03-vs-141_03.png,061_03-vs-141_03.png,061_03-vs-141_03,061_03,141_03,061,141,/nas-ctm01/datasets/public/BIOMETRICS/Face_Morphing/MAD22/original_sorted/BonaFide/061_03.jpg,/nas-ctm01/datasets/public/BIOMETRICS/Face_Morphing/MAD22/original_sorted/BonaFide/141_03.jpg,441,74,173
326,MAD22,MIPGAN_II,identity_disjoint_80_20,train,/nas-ctm01/datasets/public/BIOMETRICS/Face_Morphing/MAD22/original_sorted/MIPGAN_II/061_03-vs-142_03.png,061_03-vs-142_03.png,061_03-vs-142_03,061_03,142_03,061,142,/nas-ctm01/datasets/public/BIOMETRICS/Face_Morphing/MAD22/original_sorted/BonaFide/061_03.jpg,/nas-ctm01/datasets/public/BIOMETRICS/Face_Morphing/MAD22/original_sorted/BonaFide/142_03.jpg,442,74,175
327,MAD22,MIPGAN_II,identity_disjoint_80_20,train,/nas-ctm01/datasets/public/BIOMETRICS/Face_Morphing/MAD22/original_sorted/MIPGAN_II/061_08-vs-125_08.png,061_08-vs-125_08.png,061_08-vs-125_08,061_08,125_08,061,125,/nas-ctm01/datasets/public/BIOMETRICS/Face_Morphing/MAD22/original_sorted/BonaFide/061_08.jpg,/nas-ctm01/datasets/public/BIOMETRICS/Face_Morphing/MAD22/original_sorted/BonaFide/125_08.jpg,444,75,148
328,MAD22,MIPGAN_II,identity_disjoint_80_20,train,/nas-ctm01/datasets/public/BIOMETRICS/Face_Morphing/MAD22/original_sorted/MIPGAN_II/061_08-vs-141_08.png,061_08-vs-141_08.png,061_08-vs-141_08,061_08,141_08,061,141,/nas-ctm01/datasets/public/BIOMETRICS/Face_Morphing/MAD22/original_sorted/BonaFide/061_08.jpg,/nas-ctm01/datasets/public/BIOMETRICS/Face_Morphing/MAD22/original_sorted/BonaFide/141_08.jpg,445,75,174
329,MAD22,MIPGAN_II,identity_disjoint_80_20,train,/nas-ctm01/datasets/public/BIOMETRICS/Face_Morphing/MAD22/original_sorted/MIPGAN_II/062_03-vs-066_03.png,062_03-vs-066_03.png,062_03-vs-066_03,062_03,066_03,062,066,/nas-ctm01/datasets/public/BIOMETRICS/Face_Morphing/MAD22/original_sorted/BonaFide/062_03.jpg,/nas-ctm01/datasets/public/BIOMETRICS/Face_Morphing/MAD22/original_sorted/BonaFide/066_03.jpg,446,76,82
330,MAD22,MIPGAN_II,identity_disjoint_80_20,train,/nas-ctm01/datasets/public/BIOMETRICS/Face_Morphing/MAD22/original_sorted/MIPGAN_II/062_03-vs-102_03.png,062_03-vs-102_03.png,062_03-vs-102_03,062_03,102_03,062,102,/nas-ctm01/datasets/public/BIOMETRICS/Face_Morphing/MAD22/original_sorted/BonaFide/062_03.jpg,/nas-ctm01/datasets/public/BIOMETRICS/Face_Morphing/MAD22/original_sorted/BonaFide/102_03.jpg,447,76,115
331,MAD22,MIPGAN_II,identity_disjoint_80_20,train,/nas-ctm01/datasets/public/BIOMETRICS/Face_Morphing/MAD22/original_sorted/MIPGAN_II/062_03-vs-118_03.png,062_03-vs-118_03.png,062_03-vs-118_03,062_03,118_03,062,118,/nas-ctm01/datasets/public/BIOMETRICS/Face_Morphing/MAD22/original_sorted/BonaFide/062_03.jpg,/nas-ctm01/datasets/public/BIOMETRICS/Face_Morphing/MAD22/original_sorted/BonaFide/118_03.jpg,448,76,133
332,MAD22,MIPGAN_II,identity_disjoint_80_20,train,/nas-ctm01/datasets/public/BIOMETRICS/Face_Morphing/MAD22/original_sorted/MIPGAN_II/062_03-vs-124_03.png,062_03-vs-124_03.png,062_03-vs-124_03,062_03,124_03,062,124,/nas-ctm01/datasets/public/BIOMETRICS/Face_Morphing/MAD22/original_sorted/BonaFide/062_03.jpg,/nas-ctm01/datasets/public/BIOMETRICS/Face_Morphing/MAD22/original_sorted/BonaFide/124_03.jpg,449,76,145
333,MAD22,MIPGAN_II,identity_disjoint_80_20,train,/nas-ctm01/datasets/public/BIOMETRICS/Face_Morphing/MAD22/original_sorted/MIPGAN_II/062_03-vs-126_03.png,062_03-vs-126_03.png,062_03-vs-126_03,062_03,126_03,062,126,/nas-ctm01/datasets/public/BIOMETRICS/Face_Morphing/MAD22/original_sorted/BonaFide/062_03.jpg,/nas-ctm01/datasets/public/BIOMETRICS/Face_Morphing/MAD22/original_sorted/BonaFide/126_03.jpg,450,76,149
334,MAD22,MIPGAN_II,identity_disjoint_80_20,train,/nas-ctm01/datasets/public/BIOMETRICS/Face_Morphing/MAD22/original_sorted/MIPGAN_II/062_08-vs-064_08.png,062_08-vs-064_08.png,062_08-vs-064_08,062_08,064_08,062,064,/nas-ctm01/datasets/public/BIOMETRICS/Face_Morphing/MAD22/original_sorted/BonaFide/062_08.jpg,/nas-ctm01/datasets/public/BIOMETRICS/Face_Morphing/MAD22/original_sorted/BonaFide/064_08.jpg,451,77,81
335,MAD22,MIPGAN_II,identity_disjoint_80_20,train,/nas-ctm01/datasets/public/BIOMETRICS/Face_Morphing/MAD22/original_sorted/MIPGAN_II/062_08-vs-066_08.png,062_08-vs-066_08.png,062_08-vs-066_08,062_08,066_08,062,066,/nas-ctm01/datasets/public/BIOMETRICS/Face_Morphing/MAD22/original_sorted/BonaFide/062_08.jpg,/nas-ctm01/datasets/public/BIOMETRICS/Face_Morphing/MAD22/original_sorted/BonaFide/066_08.jpg,452,77,83
336,MAD22,MIPGAN_II,identity_disjoint_80_20,train,/nas-ctm01/datasets/public/BIOMETRICS/Face_Morphing/MAD22/original_sorted/MIPGAN_II/062_08-vs-083_08.png,062_08-vs-083_08.png,062_08-vs-083_08,062_08,083_08,062,083,/nas-ctm01/datasets/public/BIOMETRICS/Face_Morphing/MAD22/original_sorted/BonaFide/062_08.jpg,/nas-ctm01/datasets/public/BIOMETRICS/Face_Morphing/MAD22/original_sorted/BonaFide/083_08.jpg,453,77,95
337,MAD22,MIPGAN_II,identity_disjoint_80_20,train,/nas-ctm01/datasets/public/BIOMETRICS/Face_Morphing/MAD22/original_sorted/MIPGAN_II/062_08-vs-094_08.png,062_08-vs-094_08.png,062_08-vs-094_08,062_08,094_08,062,094,/nas-ctm01/datasets/public/BIOMETRICS/Face_Morphing/MAD22/original_sorted/BonaFide/062_08.jpg,/nas-ctm01/datasets/public/BIOMETRICS/Face_Morphing/MAD22/original_sorted/BonaFide/094_08.jpg,454,77,105
338,MAD22,MIPGAN_II,identity_disjoint_80_20,train,/nas-ctm01/datasets/public/BIOMETRICS/Face_Morphing/MAD22/original_sorted/MIPGAN_II/062_08-vs-099_08.png,062_08-vs-099_08.png,062_08-vs-099_08,062_08,099_08,062,099,/nas-ctm01/datasets/public/BIOMETRICS/Face_Morphing/MAD22/original_sorted/BonaFide/062_08.jpg,/nas-ctm01/datasets/public/BIOMETRICS/Face_Morphing/MAD22/original_sorted/BonaFide/099_08.jpg,455,77,111
339,MAD22,MIPGAN_II,identity_disjoint_80_20,train,/nas-ctm01/datasets/public/BIOMETRICS/Face_Morphing/MAD22/original_sorted/MIPGAN_II/062_08-vs-102_08.png,062_08-vs-102_08.png,062_08-vs-102_08,062_08,102_08,062,102,/nas-ctm01/datasets/public/BIOMETRICS/Face_Morphing/MAD22/original_sorted/BonaFide/062_08.jpg,/nas-ctm01/datasets/public/BIOMETRICS/Face_Morphing/MAD22/original_sorted/BonaFide/102_08.jpg,456,77,116
340,MAD22,MIPGAN_II,identity_disjoint_80_20,train,/nas-ctm01/datasets/public/BIOMETRICS/Face_Morphing/MAD22/original_sorted/MIPGAN_II/062_08-vs-118_08.png,062_08-vs-118_08.png,062_08-vs-118_08,062_08,118_08,062,118,/nas-ctm01/datasets/public/BIOMETRICS/Face_Morphing/MAD22/original_sorted/BonaFide/062_08.jpg,/nas-ctm01/datasets/public/BIOMETRICS/Face_Morphing/MAD22/original_sorted/BonaFide/118_08.jpg,457,77,134
341,MAD22,MIPGAN_II,identity_disjoint_80_20,train,/nas-ctm01/datasets/public/BIOMETRICS/Face_Morphing/MAD22/original_sorted/MIPGAN_II/062_08-vs-124_08.png,062_08-vs-124_08.png,062_08-vs-124_08,062_08,124_08,062,124,/nas-ctm01/datasets/public/BIOMETRICS/Face_Morphing/MAD22/original_sorted/BonaFide/062_08.jpg,/nas-ctm01/datasets/public/BIOMETRICS/Face_Morphing/MAD22/original_sorted/BonaFide/124_08.jpg,458,77,146
342,MAD22,MIPGAN_II,identity_disjoint_80_20,train,/nas-ctm01/datasets/public/BIOMETRICS/Face_Morphing/MAD22/original_sorted/MIPGAN_II/062_08-vs-126_08.png,062_08-vs-126_08.png,062_08-vs-126_08,062_08,126_08,062,126,/nas-ctm01/datasets/public/BIOMETRICS/Face_Morphing/MAD22/original_sorted/BonaFide/062_08.jpg,/nas-ctm01/datasets/public/BIOMETRICS/Face_Morphing/MAD22/original_sorted/BonaFide/126_08.jpg,459,77,150
343,MAD22,MIPGAN_II,identity_disjoint_80_20,train,/nas-ctm01/datasets/public/BIOMETRICS/Face_Morphing/MAD22/original_sorted/MIPGAN_II/063_03-vs-069_03.png,063_03-vs-069_03.png,063_03-vs-069_03,063_03,069_03,063,069,/nas-ctm01/datasets/public/BIOMETRICS/Face_Morphing/MAD22/original_sorted/BonaFide/063_03.jpg,/nas-ctm01/datasets/public/BIOMETRICS/Face_Morphing/MAD22/original_sorted/BonaFide/069_03.jpg,460,78,88
344,MAD22,MIPGAN_II,identity_disjoint_80_20,train,/nas-ctm01/datasets/public/BIOMETRICS/Face_Morphing/MAD22/original_sorted/MIPGAN_II/063_03-vs-092_03.png,063_03-vs-092_03.png,063_03-vs-092_03,063_03,092_03,063,092,/nas-ctm01/datasets/public/BIOMETRICS/Face_Morphing/MAD22/original_sorted/BonaFide/063_03.jpg,/nas-ctm01/datasets/public/BIOMETRICS/Face_Morphing/MAD22/original_sorted/BonaFide/092_03.jpg,461,78,102
345,MAD22,MIPGAN_II,identity_disjoint_80_20,train,/nas-ctm01/datasets/public/BIOMETRICS/Face_Morphing/MAD22/original_sorted/MIPGAN_II/063_03-vs-104_03.png,063_03-vs-104_03.png,063_03-vs-104_03,063_03,104_03,063,104,/nas-ctm01/datasets/public/BIOMETRICS/Face_Morphing/MAD22/original_sorted/BonaFide/063_03.jpg,/nas-ctm01/datasets/public/BIOMETRICS/Face_Morphing/MAD22/original_sorted/BonaFide/104_03.jpg,462,78,119
346,MAD22,MIPGAN_II,identity_disjoint_80_20,train,/nas-ctm01/datasets/public/BIOMETRICS/Face_Morphing/MAD22/original_sorted/MIPGAN_II/063_03-vs-115_03.png,063_03-vs-115_03.png,063_03-vs-115_03,063_03,115_03,063,115,/nas-ctm01/datasets/public/BIOMETRICS/Face_Morphing/MAD22/original_sorted/BonaFide/063_03.jpg,/nas-ctm01/datasets/public/BIOMETRICS/Face_Morphing/MAD22/original_sorted/BonaFide/115_03.jpg,463,78,130
347,MAD22,MIPGAN_II,identity_disjoint_80_20,train,/nas-ctm01/datasets/public/BIOMETRICS/Face_Morphing/MAD22/original_sorted/MIPGAN_II/063_03-vs-123_03.png,063_03-vs-123_03.png,063_03-vs-123_03,063_03,123_03,063,123,/nas-ctm01/datasets/public/BIOMETRICS/Face_Morphing/MAD22/original_sorted/BonaFide/063_03.jpg,/nas-ctm01/datasets/public/BIOMETRICS/Face_Morphing/MAD22/original_sorted/BonaFide/123_03.jpg,464,78,143
348,MAD22,MIPGAN_II,identity_disjoint_80_20,train,/nas-ctm01/datasets/public/BIOMETRICS/Face_Morphing/MAD22/original_sorted/MIPGAN_II/063_03-vs-125_03.png,063_03-vs-125_03.png,063_03-vs-125_03,063_03,125_03,063,125,/nas-ctm01/datasets/public/BIOMETRICS/Face_Morphing/MAD22/original_sorted/BonaFide/063_03.jpg,/nas-ctm01/datasets/public/BIOMETRICS/Face_Morphing/MAD22/original_sorted/BonaFide/125_03.jpg,465,78,147
349,MAD22,MIPGAN_II,identity_disjoint_80_20,train,/nas-ctm01/datasets/public/BIOMETRICS/Face_Morphing/MAD22/original_sorted/MIPGAN_II/063_03-vs-130_03.png,063_03-vs-130_03.png,063_03-vs-130_03,063_03,130_03,063,130,/nas-ctm01/datasets/public/BIOMETRICS/Face_Morphing/MAD22/original_sorted/BonaFide/063_03.jpg,/nas-ctm01/datasets/public/BIOMETRICS/Face_Morphing/MAD22/original_sorted/BonaFide/130_03.jpg,466,78,156
350,MAD22,MIPGAN_II,identity_disjoint_80_20,train,/nas-ctm01/datasets/public/BIOMETRICS/Face_Morphing/MAD22/original_sorted/MIPGAN_II/063_08-vs-069_08.png,063_08-vs-069_08.png,063_08-vs-069_08,063_08,069_08,063,069,/nas-ctm01/datasets/public/BIOMETRICS/Face_Morphing/MAD22/original_sorted/BonaFide/063_08.jpg,/nas-ctm01/datasets/public/BIOMETRICS/Face_Morphing/MAD22/original_sorted/BonaFide/069_08.jpg,467,79,89
351,MAD22,MIPGAN_II,identity_disjoint_80_20,train,/nas-ctm01/datasets/public/BIOMETRICS/Face_Morphing/MAD22/original_sorted/MIPGAN_II/063_08-vs-070_08.png,063_08-vs-070_08.png,063_08-vs-070_08,063_08,070_08,063,070,/nas-ctm01/datasets/public/BIOMETRICS/Face_Morphing/MAD22/original_sorted/BonaFide/063_08.jpg,/nas-ctm01/datasets/public/BIOMETRICS/Face_Morphing/MAD22/original_sorted/BonaFide/070_08.jpg,468,79,90
352,MAD22,MIPGAN_II,identity_disjoint_80_20,train,/nas-ctm01/datasets/public/BIOMETRICS/Face_Morphing/MAD22/original_sorted/MIPGAN_II/063_08-vs-092_08.png,063_08-vs-092_08.png,063_08-vs-092_08,063_08,092_08,063,092,/nas-ctm01/datasets/public/BIOMETRICS/Face_Morphing/MAD22/original_sorted/BonaFide/063_08.jpg,/nas-ctm01/datasets/public/BIOMETRICS/Face_Morphing/MAD22/original_sorted/BonaFide/092_08.jpg,469,79,103
353,MAD22,MIPGAN_II,identity_disjoint_80_20,train,/nas-ctm01/datasets/public/BIOMETRICS/Face_Morphing/MAD22/original_sorted/MIPGAN_II/063_08-vs-096_08.png,063_08-vs-096_08.png,063_08-vs-096_08,063_08,096_08,063,096,/nas-ctm01/datasets/public/BIOMETRICS/Face_Morphing/MAD22/original_sorted/BonaFide/063_08.jpg,/nas-ctm01/datasets/public/BIOMETRICS/Face_Morphing/MAD22/original_sorted/BonaFide/096_08.jpg,470,79,107
354,MAD22,MIPGAN_II,identity_disjoint_80_20,train,/nas-ctm01/datasets/public/BIOMETRICS/Face_Morphing/MAD22/original_sorted/MIPGAN_II/063_08-vs-115_08.png,063_08-vs-115_08.png,063_08-vs-115_08,063_08,115_08,063,115,/nas-ctm01/datasets/public/BIOMETRICS/Face_Morphing/MAD22/original_sorted/BonaFide/063_08.jpg,/nas-ctm01/datasets/public/BIOMETRICS/Face_Morphing/MAD22/original_sorted/BonaFide/115_08.jpg,471,79,131
355,MAD22,MIPGAN_II,identity_disjoint_80_20,train,/nas-ctm01/datasets/public/BIOMETRICS/Face_Morphing/MAD22/original_sorted/MIPGAN_II/063_08-vs-125_08.png,063_08-vs-125_08.png,063_08-vs-125_08,063_08,125_08,063,125,/nas-ctm01/datasets/public/BIOMETRICS/Face_Morphing/MAD22/original_sorted/BonaFide/063_08.jpg,/nas-ctm01/datasets/public/BIOMETRICS/Face_Morphing/MAD22/original_sorted/BonaFide/125_08.jpg,472,79,148
356,MAD22,MIPGAN_II,identity_disjoint_80_20,train,/nas-ctm01/datasets/public/BIOMETRICS/Face_Morphing/MAD22/original_sorted/MIPGAN_II/063_08-vs-130_08.png,063_08-vs-130_08.png,063_08-vs-130_08,063_08,130_08,063,130,/nas-ctm01/datasets/public/BIOMETRICS/Face_Morphing/MAD22/original_sorted/BonaFide/063_08.jpg,/nas-ctm01/datasets/public/BIOMETRICS/Face_Morphing/MAD22/original_sorted/BonaFide/130_08.jpg,473,79,157
357,MAD22,MIPGAN_II,identity_disjoint_80_20,train,/nas-ctm01/datasets/public/BIOMETRICS/Face_Morphing/MAD22/original_sorted/MIPGAN_II/063_08-vs-132_08.png,063_08-vs-132_08.png,063_08-vs-132_08,063_08,132_08,063,132,/nas-ctm01/datasets/public/BIOMETRICS/Face_Morphing/MAD22/original_sorted/BonaFide/063_08.jpg,/nas-ctm01/datasets/public/BIOMETRICS/Face_Morphing/MAD22/original_sorted/BonaFide/132_08.jpg,474,79,161
358,MAD22,MIPGAN_II,identity_disjoint_80_20,train,/nas-ctm01/datasets/public/BIOMETRICS/Face_Morphing/MAD22/original_sorted/MIPGAN_II/064_03-vs-094_03.png,064_03-vs-094_03.png,064_03-vs-094_03,064_03,094_03,064,094,/nas-ctm01/datasets/public/BIOMETRICS/Face_Morphing/MAD22/original_sorted/BonaFide/064_03.jpg,/nas-ctm01/datasets/public/BIOMETRICS/Face_Morphing/MAD22/original_sorted/BonaFide/094_03.jpg,476,80,104
359,MAD22,MIPGAN_II,identity_disjoint_80_20,train,/nas-ctm01/datasets/public/BIOMETRICS/Face_Morphing/MAD22/original_sorted/MIPGAN_II/064_03-vs-097_03.png,064_03-vs-097_03.png,064_03-vs-097_03,064_03,097_03,064,097,/nas-ctm01/datasets/public/BIOMETRICS/Face_Morphing/MAD22/original_sorted/BonaFide/064_03.jpg,/nas-ctm01/datasets/public/BIOMETRICS/Face_Morphing/MAD22/original_sorted/BonaFide/097_03.jpg,477,80,108
360,MAD22,MIPGAN_II,identity_disjoint_80_20,train,/nas-ctm01/datasets/public/BIOMETRICS/Face_Morphing/MAD22/original_sorted/MIPGAN_II/064_03-vs-099_03.png,064_03-vs-099_03.png,064_03-vs-099_03,064_03,099_03,064,099,/nas-ctm01/datasets/public/BIOMETRICS/Face_Morphing/MAD22/original_sorted/BonaFide/064_03.jpg,/nas-ctm01/datasets/public/BIOMETRICS/Face_Morphing/MAD22/original_sorted/BonaFide/099_03.jpg,478,80,110
361,MAD22,MIPGAN_II,identity_disjoint_80_20,train,/nas-ctm01/datasets/public/BIOMETRICS/Face_Morphing/MAD22/original_sorted/MIPGAN_II/064_03-vs-122_03.png,064_03-vs-122_03.png,064_03-vs-122_03,064_03,122_03,064,122,/nas-ctm01/datasets/public/BIOMETRICS/Face_Morphing/MAD22/original_sorted/BonaFide/064_03.jpg,/nas-ctm01/datasets/public/BIOMETRICS/Face_Morphing/MAD22/original_sorted/BonaFide/122_03.jpg,479,80,141
362,MAD22,MIPGAN_II,identity_disjoint_80_20,train,/nas-ctm01/datasets/public/BIOMETRICS/Face_Morphing/MAD22/original_sorted/MIPGAN_II/064_03-vs-134_03.png,064_03-vs-134_03.png,064_03-vs-134_03,064_03,134_03,064,134,/nas-ctm01/datasets/public/BIOMETRICS/Face_Morphing/MAD22/original_sorted/BonaFide/064_03.jpg,/nas-ctm01/datasets/public/BIOMETRICS/Face_Morphing/MAD22/original_sorted/BonaFide/134_03.jpg,480,80,162
363,MAD22,MIPGAN_II,identity_disjoint_80_20,train,/nas-ctm01/datasets/public/BIOMETRICS/Face_Morphing/MAD22/original_sorted/MIPGAN_II/064_03-vs-135_03.png,064_03-vs-135_03.png,064_03-vs-135_03,064_03,135_03,064,135,/nas-ctm01/datasets/public/BIOMETRICS/Face_Morphing/MAD22/original_sorted/BonaFide/064_03.jpg,/nas-ctm01/datasets/public/BIOMETRICS/Face_Morphing/MAD22/original_sorted/BonaFide/135_03.jpg,481,80,164
364,MAD22,MIPGAN_II,identity_disjoint_80_20,train,/nas-ctm01/datasets/public/BIOMETRICS/Face_Morphing/MAD22/original_sorted/MIPGAN_II/064_08-vs-066_08.png,064_08-vs-066_08.png,064_08-vs-066_08,064_08,066_08,064,066,/nas-ctm01/datasets/public/BIOMETRICS/Face_Morphing/MAD22/original_sorted/BonaFide/064_08.jpg,/nas-ctm01/datasets/public/BIOMETRICS/Face_Morphing/MAD22/original_sorted/BonaFide/066_08.jpg,482,81,83
365,MAD22,MIPGAN_II,identity_disjoint_80_20,train,/nas-ctm01/datasets/public/BIOMETRICS/Face_Morphing/MAD22/original_sorted/MIPGAN_II/064_08-vs-091_08.png,064_08-vs-091_08.png,064_08-vs-091_08,064_08,091_08,064,091,/nas-ctm01/datasets/public/BIOMETRICS/Face_Morphing/MAD22/original_sorted/BonaFide/064_08.jpg,/nas-ctm01/datasets/public/BIOMETRICS/Face_Morphing/MAD22/original_sorted/BonaFide/091_08.jpg,483,81,101
366,MAD22,MIPGAN_II,identity_disjoint_80_20,train,/nas-ctm01/datasets/public/BIOMETRICS/Face_Morphing/MAD22/original_sorted/MIPGAN_II/064_08-vs-097_08.png,064_08-vs-097_08.png,064_08-vs-097_08,064_08,097_08,064,097,/nas-ctm01/datasets/public/BIOMETRICS/Face_Morphing/MAD22/original_sorted/BonaFide/064_08.jpg,/nas-ctm01/datasets/public/BIOMETRICS/Face_Morphing/MAD22/original_sorted/BonaFide/097_08.jpg,484,81,109
367,MAD22,MIPGAN_II,identity_disjoint_80_20,train,/nas-ctm01/datasets/public/BIOMETRICS/Face_Morphing/MAD22/original_sorted/MIPGAN_II/064_08-vs-099_08.png,064_08-vs-099_08.png,064_08-vs-099_08,064_08,099_08,064,099,/nas-ctm01/datasets/public/BIOMETRICS/Face_Morphing/MAD22/original_sorted/BonaFide/064_08.jpg,/nas-ctm01/datasets/public/BIOMETRICS/Face_Morphing/MAD22/original_sorted/BonaFide/099_08.jpg,485,81,111
368,MAD22,MIPGAN_II,identity_disjoint_80_20,train,/nas-ctm01/datasets/public/BIOMETRICS/Face_Morphing/MAD22/original_sorted/MIPGAN_II/064_08-vs-122_08.png,064_08-vs-122_08.png,064_08-vs-122_08,064_08,122_08,064,122,/nas-ctm01/datasets/public/BIOMETRICS/Face_Morphing/MAD22/original_sorted/BonaFide/064_08.jpg,/nas-ctm01/datasets/public/BIOMETRICS/Face_Morphing/MAD22/original_sorted/BonaFide/122_08.jpg,486,81,142
369,MAD22,MIPGAN_II,identity_disjoint_80_20,train,/nas-ctm01/datasets/public/BIOMETRICS/Face_Morphing/MAD22/original_sorted/MIPGAN_II/064_08-vs-127_08.png,064_08-vs-127_08.png,064_08-vs-127_08,064_08,127_08,064,127,/nas-ctm01/datasets/public/BIOMETRICS/Face_Morphing/MAD22/original_sorted/BonaFide/064_08.jpg,/nas-ctm01/datasets/public/BIOMETRICS/Face_Morphing/MAD22/original_sorted/BonaFide/127_08.jpg,487,81,151
370,MAD22,MIPGAN_II,identity_disjoint_80_20,train,/nas-ctm01/datasets/public/BIOMETRICS/Face_Morphing/MAD22/original_sorted/MIPGAN_II/064_08-vs-134_08.png,064_08-vs-134_08.png,064_08-vs-134_08,064_08,134_08,064,134,/nas-ctm01/datasets/public/BIOMETRICS/Face_Morphing/MAD22/original_sorted/BonaFide/064_08.jpg,/nas-ctm01/datasets/public/BIOMETRICS/Face_Morphing/MAD22/original_sorted/BonaFide/134_08.jpg,488,81,163
371,MAD22,MIPGAN_II,identity_disjoint_80_20,train,/nas-ctm01/datasets/public/BIOMETRICS/Face_Morphing/MAD22/original_sorted/MIPGAN_II/066_03-vs-083_03.png,066_03-vs-083_03.png,066_03-vs-083_03,066_03,083_03,066,083,/nas-ctm01/datasets/public/BIOMETRICS/Face_Morphing/MAD22/original_sorted/BonaFide/066_03.jpg,/nas-ctm01/datasets/public/BIOMETRICS/Face_Morphing/MAD22/original_sorted/BonaFide/083_03.jpg,489,82,94
372,MAD22,MIPGAN_II,identity_disjoint_80_20,train,/nas-ctm01/datasets/public/BIOMETRICS/Face_Morphing/MAD22/original_sorted/MIPGAN_II/066_03-vs-090_03.png,066_03-vs-090_03.png,066_03-vs-090_03,066_03,090_03,066,090,/nas-ctm01/datasets/public/BIOMETRICS/Face_Morphing/MAD22/original_sorted/BonaFide/066_03.jpg,/nas-ctm01/datasets/public/BIOMETRICS/Face_Morphing/MAD22/original_sorted/BonaFide/090_03.jpg,490,82,99
373,MAD22,MIPGAN_II,identity_disjoint_80_20,train,/nas-ctm01/datasets/public/BIOMETRICS/Face_Morphing/MAD22/original_sorted/MIPGAN_II/066_03-vs-094_03.png,066_03-vs-094_03.png,066_03-vs-094_03,066_03,094_03,066,094,/nas-ctm01/datasets/public/BIOMETRICS/Face_Morphing/MAD22/original_sorted/BonaFide/066_03.jpg,/nas-ctm01/datasets/public/BIOMETRICS/Face_Morphing/MAD22/original_sorted/BonaFide/094_03.jpg,491,82,104
374,MAD22,MIPGAN_II,identity_disjoint_80_20,train,/nas-ctm01/datasets/public/BIOMETRICS/Face_Morphing/MAD22/original_sorted/MIPGAN_II/066_03-vs-099_03.png,066_03-vs-099_03.png,066_03-vs-099_03,066_03,099_03,066,099,/nas-ctm01/datasets/public/BIOMETRICS/Face_Morphing/MAD22/original_sorted/BonaFide/066_03.jpg,/nas-ctm01/datasets/public/BIOMETRICS/Face_Morphing/MAD22/original_sorted/BonaFide/099_03.jpg,492,82,110
375,MAD22,MIPGAN_II,identity_disjoint_80_20,train,/nas-ctm01/datasets/public/BIOMETRICS/Face_Morphing/MAD22/original_sorted/MIPGAN_II/066_03-vs-100_03.png,066_03-vs-100_03.png,066_03-vs-100_03,066_03,100_03,066,100,/nas-ctm01/datasets/public/BIOMETRICS/Face_Morphing/MAD22/original_sorted/BonaFide/066_03.jpg,/nas-ctm01/datasets/public/BIOMETRICS/Face_Morphing/MAD22/original_sorted/BonaFide/100_03.jpg,493,82,112
376,MAD22,MIPGAN_II,identity_disjoint_80_20,train,/nas-ctm01/datasets/public/BIOMETRICS/Face_Morphing/MAD22/original_sorted/MIPGAN_II/066_03-vs-113_03.png,066_03-vs-113_03.png,066_03-vs-113_03,066_03,113_03,066,113,/nas-ctm01/datasets/public/BIOMETRICS/Face_Morphing/MAD22/original_sorted/BonaFide/066_03.jpg,/nas-ctm01/datasets/public/BIOMETRICS/Face_Morphing/MAD22/original_sorted/BonaFide/113_03.jpg,494,82,127
377,MAD22,MIPGAN_II,identity_disjoint_80_20,train,/nas-ctm01/datasets/public/BIOMETRICS/Face_Morphing/MAD22/original_sorted/MIPGAN_II/066_03-vs-129_03.png,066_03-vs-129_03.png,066_03-vs-129_03,066_03,129_03,066,129,/nas-ctm01/datasets/public/BIOMETRICS/Face_Morphing/MAD22/original_sorted/BonaFide/066_03.jpg,/nas-ctm01/datasets/public/BIOMETRICS/Face_Morphing/MAD22/original_sorted/BonaFide/129_03.jpg,495,82,154
378,MAD22,MIPGAN_II,identity_disjoint_80_20,train,/nas-ctm01/datasets/public/BIOMETRICS/Face_Morphing/MAD22/original_sorted/MIPGAN_II/066_08-vs-083_08.png,066_08-vs-083_08.png,066_08-vs-083_08,066_08,083_08,066,083,/nas-ctm01/datasets/public/BIOMETRICS/Face_Morphing/MAD22/original_sorted/BonaFide/066_08.jpg,/nas-ctm01/datasets/public/BIOMETRICS/Face_Morphing/MAD22/original_sorted/BonaFide/083_08.jpg,496,83,95
379,MAD22,MIPGAN_II,identity_disjoint_80_20,train,/nas-ctm01/datasets/public/BIOMETRICS/Face_Morphing/MAD22/original_sorted/MIPGAN_II/066_08-vs-087_08.png,066_08-vs-087_08.png,066_08-vs-087_08,066_08,087_08,066,087,/nas-ctm01/datasets/public/BIOMETRICS/Face_Morphing/MAD22/original_sorted/BonaFide/066_08.jpg,/nas-ctm01/datasets/public/BIOMETRICS/Face_Morphing/MAD22/original_sorted/BonaFide/087_08.jpg,497,83,98
380,MAD22,MIPGAN_II,identity_disjoint_80_20,train,/nas-ctm01/datasets/public/BIOMETRICS/Face_Morphing/MAD22/original_sorted/MIPGAN_II/066_08-vs-097_08.png,066_08-vs-097_08.png,066_08-vs-097_08,066_08,097_08,066,097,/nas-ctm01/datasets/public/BIOMETRICS/Face_Morphing/MAD22/original_sorted/BonaFide/066_08.jpg,/nas-ctm01/datasets/public/BIOMETRICS/Face_Morphing/MAD22/original_sorted/BonaFide/097_08.jpg,498,83,109
381,MAD22,MIPGAN_II,identity_disjoint_80_20,train,/nas-ctm01/datasets/public/BIOMETRICS/Face_Morphing/MAD22/original_sorted/MIPGAN_II/066_08-vs-099_08.png,066_08-vs-099_08.png,066_08-vs-099_08,066_08,099_08,066,099,/nas-ctm01/datasets/public/BIOMETRICS/Face_Morphing/MAD22/original_sorted/BonaFide/066_08.jpg,/nas-ctm01/datasets/public/BIOMETRICS/Face_Morphing/MAD22/original_sorted/BonaFide/099_08.jpg,499,83,111
382,MAD22,MIPGAN_II,identity_disjoint_80_20,train,/nas-ctm01/datasets/public/BIOMETRICS/Face_Morphing/MAD22/original_sorted/MIPGAN_II/066_08-vs-126_08.png,066_08-vs-126_08.png,066_08-vs-126_08,066_08,126_08,066,126,/nas-ctm01/datasets/public/BIOMETRICS/Face_Morphing/MAD22/original_sorted/BonaFide/066_08.jpg,/nas-ctm01/datasets/public/BIOMETRICS/Face_Morphing/MAD22/original_sorted/BonaFide/126_08.jpg,500,83,150
383,MAD22,MIPGAN_II,identity_disjoint_80_20,train,/nas-ctm01/datasets/public/BIOMETRICS/Face_Morphing/MAD22/original_sorted/MIPGAN_II/066_08-vs-129_08.png,066_08-vs-129_08.png,066_08-vs-129_08,066_08,129_08,066,129,/nas-ctm01/datasets/public/BIOMETRICS/Face_Morphing/MAD22/original_sorted/BonaFide/066_08.jpg,/nas-ctm01/datasets/public/BIOMETRICS/Face_Morphing/MAD22/original_sorted/BonaFide/129_08.jpg,501,83,155
384,MAD22,MIPGAN_II,identity_disjoint_80_20,train,/nas-ctm01/datasets/public/BIOMETRICS/Face_Morphing/MAD22/original_sorted/MIPGAN_II/067_03-vs-069_03.png,067_03-vs-069_03.png,067_03-vs-069_03,067_03,069_03,067,069,/nas-ctm01/datasets/public/BIOMETRICS/Face_Morphing/MAD22/original_sorted/BonaFide/067_03.jpg,/nas-ctm01/datasets/public/BIOMETRICS/Face_Morphing/MAD22/original_sorted/BonaFide/069_03.jpg,502,84,88
385,MAD22,MIPGAN_II,identity_disjoint_80_20,train,/nas-ctm01/datasets/public/BIOMETRICS/Face_Morphing/MAD22/original_sorted/MIPGAN_II/067_03-vs-130_03.png,067_03-vs-130_03.png,067_03-vs-130_03,067_03,130_03,067,130,/nas-ctm01/datasets/public/BIOMETRICS/Face_Morphing/MAD22/original_sorted/BonaFide/067_03.jpg,/nas-ctm01/datasets/public/BIOMETRICS/Face_Morphing/MAD22/original_sorted/BonaFide/130_03.jpg,503,84,156
386,MAD22,MIPGAN_II,identity_disjoint_80_20,train,/nas-ctm01/datasets/public/BIOMETRICS/Face_Morphing/MAD22/original_sorted/MIPGAN_II/067_08-vs-069_08.png,067_08-vs-069_08.png,067_08-vs-069_08,067_08,069_08,067,069,/nas-ctm01/datasets/public/BIOMETRICS/Face_Morphing/MAD22/original_sorted/BonaFide/067_08.jpg,/nas-ctm01/datasets/public/BIOMETRICS/Face_Morphing/MAD22/original_sorted/BonaFide/069_08.jpg,504,85,89
387,MAD22,MIPGAN_II,identity_disjoint_80_20,train,/nas-ctm01/datasets/public/BIOMETRICS/Face_Morphing/MAD22/original_sorted/MIPGAN_II/067_08-vs-114_08.png,067_08-vs-114_08.png,067_08-vs-114_08,067_08,114_08,067,114,/nas-ctm01/datasets/public/BIOMETRICS/Face_Morphing/MAD22/original_sorted/BonaFide/067_08.jpg,/nas-ctm01/datasets/public/BIOMETRICS/Face_Morphing/MAD22/original_sorted/BonaFide/114_08.jpg,505,85,129
388,MAD22,MIPGAN_II,identity_disjoint_80_20,train,/nas-ctm01/datasets/public/BIOMETRICS/Face_Morphing/MAD22/original_sorted/MIPGAN_II/067_08-vs-115_08.png,067_08-vs-115_08.png,067_08-vs-115_08,067_08,115_08,067,115,/nas-ctm01/datasets/public/BIOMETRICS/Face_Morphing/MAD22/original_sorted/BonaFide/067_08.jpg,/nas-ctm01/datasets/public/BIOMETRICS/Face_Morphing/MAD22/original_sorted/BonaFide/115_08.jpg,506,85,131
389,MAD22,MIPGAN_II,identity_disjoint_80_20,train,/nas-ctm01/datasets/public/BIOMETRICS/Face_Morphing/MAD22/original_sorted/MIPGAN_II/067_08-vs-128_08.png,067_08-vs-128_08.png,067_08-vs-128_08,067_08,128_08,067,128,/nas-ctm01/datasets/public/BIOMETRICS/Face_Morphing/MAD22/original_sorted/BonaFide/067_08.jpg,/nas-ctm01/datasets/public/BIOMETRICS/Face_Morphing/MAD22/original_sorted/BonaFide/128_08.jpg,507,85,153
390,MAD22,MIPGAN_II,identity_disjoint_80_20,train,/nas-ctm01/datasets/public/BIOMETRICS/Face_Morphing/MAD22/original_sorted/MIPGAN_II/067_08-vs-141_08.png,067_08-vs-141_08.png,067_08-vs-141_08,067_08,141_08,067,141,/nas-ctm01/datasets/public/BIOMETRICS/Face_Morphing/MAD22/original_sorted/BonaFide/067_08.jpg,/nas-ctm01/datasets/public/BIOMETRICS/Face_Morphing/MAD22/original_sorted/BonaFide/141_08.jpg,508,85,174
391,MAD22,MIPGAN_II,identity_disjoint_80_20,train,/nas-ctm01/datasets/public/BIOMETRICS/Face_Morphing/MAD22/original_sorted/MIPGAN_II/069_03-vs-104_03.png,069_03-vs-104_03.png,069_03-vs-104_03,069_03,104_03,069,104,/nas-ctm01/datasets/public/BIOMETRICS/Face_Morphing/MAD22/original_sorted/BonaFide/069_03.jpg,/nas-ctm01/datasets/public/BIOMETRICS/Face_Morphing/MAD22/original_sorted/BonaFide/104_03.jpg,517,88,119
392,MAD22,MIPGAN_II,identity_disjoint_80_20,train,/nas-ctm01/datasets/public/BIOMETRICS/Face_Morphing/MAD22/original_sorted/MIPGAN_II/069_03-vs-115_03.png,069_03-vs-115_03.png,069_03-vs-115_03,069_03,115_03,069,115,/nas-ctm01/datasets/public/BIOMETRICS/Face_Morphing/MAD22/original_sorted/BonaFide/069_03.jpg,/nas-ctm01/datasets/public/BIOMETRICS/Face_Morphing/MAD22/original_sorted/BonaFide/115_03.jpg,518,88,130
393,MAD22,MIPGAN_II,identity_disjoint_80_20,train,/nas-ctm01/datasets/public/BIOMETRICS/Face_Morphing/MAD22/original_sorted/MIPGAN_II/069_03-vs-130_03.png,069_03-vs-130_03.png,069_03-vs-130_03,069_03,130_03,069,130,/nas-ctm01/datasets/public/BIOMETRICS/Face_Morphing/MAD22/original_sorted/BonaFide/069_03.jpg,/nas-ctm01/datasets/public/BIOMETRICS/Face_Morphing/MAD22/original_sorted/BonaFide/130_03.jpg,519,88,156
394,MAD22,MIPGAN_II,identity_disjoint_80_20,train,/nas-ctm01/datasets/public/BIOMETRICS/Face_Morphing/MAD22/original_sorted/MIPGAN_II/069_03-vs-131_03.png,069_03-vs-131_03.png,069_03-vs-131_03,069_03,131_03,069,131,/nas-ctm01/datasets/public/BIOMETRICS/Face_Morphing/MAD22/original_sorted/BonaFide/069_03.jpg,/nas-ctm01/datasets/public/BIOMETRICS/Face_Morphing/MAD22/original_sorted/BonaFide/131_03.jpg,520,88,158
395,MAD22,MIPGAN_II,identity_disjoint_80_20,train,/nas-ctm01/datasets/public/BIOMETRICS/Face_Morphing/MAD22/original_sorted/MIPGAN_II/069_03-vs-172_03.png,069_03-vs-172_03.png,069_03-vs-172_03,069_03,172_03,069,172,/nas-ctm01/datasets/public/BIOMETRICS/Face_Morphing/MAD22/original_sorted/BonaFide/069_03.jpg,/nas-ctm01/datasets/public/BIOMETRICS/Face_Morphing/MAD22/original_sorted/BonaFide/172_03.jpg,521,88,181
396,MAD22,MIPGAN_II,identity_disjoint_80_20,train,/nas-ctm01/datasets/public/BIOMETRICS/Face_Morphing/MAD22/original_sorted/MIPGAN_II/069_08-vs-092_08.png,069_08-vs-092_08.png,069_08-vs-092_08,069_08,092_08,069,092,/nas-ctm01/datasets/public/BIOMETRICS/Face_Morphing/MAD22/original_sorted/BonaFide/069_08.jpg,/nas-ctm01/datasets/public/BIOMETRICS/Face_Morphing/MAD22/original_sorted/BonaFide/092_08.jpg,522,89,103
397,MAD22,MIPGAN_II,identity_disjoint_80_20,train,/nas-ctm01/datasets/public/BIOMETRICS/Face_Morphing/MAD22/original_sorted/MIPGAN_II/069_08-vs-115_08.png,069_08-vs-115_08.png,069_08-vs-115_08,069_08,115_08,069,115,/nas-ctm01/datasets/public/BIOMETRICS/Face_Morphing/MAD22/original_sorted/BonaFide/069_08.jpg,/nas-ctm01/datasets/public/BIOMETRICS/Face_Morphing/MAD22/original_sorted/BonaFide/115_08.jpg,523,89,131
398,MAD22,MIPGAN_II,identity_disjoint_80_20,train,/nas-ctm01/datasets/public/BIOMETRICS/Face_Morphing/MAD22/original_sorted/MIPGAN_II/069_08-vs-130_08.png,069_08-vs-130_08.png,069_08-vs-130_08,069_08,130_08,069,130,/nas-ctm01/datasets/public/BIOMETRICS/Face_Morphing/MAD22/original_sorted/BonaFide/069_08.jpg,/nas-ctm01/datasets/public/BIOMETRICS/Face_Morphing/MAD22/original_sorted/BonaFide/130_08.jpg,524,89,157
399,MAD22,MIPGAN_II,identity_disjoint_80_20,train,/nas-ctm01/datasets/public/BIOMETRICS/Face_Morphing/MAD22/original_sorted/MIPGAN_II/069_08-vs-131_08.png,069_08-vs-131_08.png,069_08-vs-131_08,069_08,131_08,069,131,/nas-ctm01/datasets/public/BIOMETRICS/Face_Morphing/MAD22/original_sorted/BonaFide/069_08.jpg,/nas-ctm01/datasets/public/BIOMETRICS/Face_Morphing/MAD22/original_sorted/BonaFide/131_08.jpg,525,89,159
400,MAD22,MIPGAN_II,identity_disjoint_80_20,train,/nas-ctm01/datasets/public/BIOMETRICS/Face_Morphing/MAD22/original_sorted/MIPGAN_II/069_08-vs-132_08.png,069_08-vs-132_08.png,069_08-vs-132_08,069_08,132_08,069,132,/nas-ctm01/datasets/public/BIOMETRICS/Face_Morphing/MAD22/original_sorted/BonaFide/069_08.jpg,/nas-ctm01/datasets/public/BIOMETRICS/Face_Morphing/MAD22/original_sorted/BonaFide/132_08.jpg,526,89,161
401,MAD22,MIPGAN_II,identity_disjoint_80_20,train,/nas-ctm01/datasets/public/BIOMETRICS/Face_Morphing/MAD22/original_sorted/MIPGAN_II/070_08-vs-108_08.png,070_08-vs-108_08.png,070_08-vs-108_08,070_08,108_08,070,108,/nas-ctm01/datasets/public/BIOMETRICS/Face_Morphing/MAD22/original_sorted/BonaFide/070_08.jpg,/nas-ctm01/datasets/public/BIOMETRICS/Face_Morphing/MAD22/original_sorted/BonaFide/108_08.jpg,527,90,124
402,MAD22,MIPGAN_II,identity_disjoint_80_20,train,/nas-ctm01/datasets/public/BIOMETRICS/Face_Morphing/MAD22/original_sorted/MIPGAN_II/070_08-vs-143_08.png,070_08-vs-143_08.png,070_08-vs-143_08,070_08,143_08,070,143,/nas-ctm01/datasets/public/BIOMETRICS/Face_Morphing/MAD22/original_sorted/BonaFide/070_08.jpg,/nas-ctm01/datasets/public/BIOMETRICS/Face_Morphing/MAD22/original_sorted/BonaFide/143_08.jpg,528,90,178
403,MAD22,MIPGAN_II,identity_disjoint_80_20,train,/nas-ctm01/datasets/public/BIOMETRICS/Face_Morphing/MAD22/original_sorted/MIPGAN_II/081_08-vs-090_08.png,081_08-vs-090_08.png,081_08-vs-090_08,081_08,090_08,081,090,/nas-ctm01/datasets/public/BIOMETRICS/Face_Morphing/MAD22/original_sorted/BonaFide/081_08.jpg,/nas-ctm01/datasets/public/BIOMETRICS/Face_Morphing/MAD22/original_sorted/BonaFide/090_08.jpg,529,91,100
404,MAD22,MIPGAN_II,identity_disjoint_80_20,train,/nas-ctm01/datasets/public/BIOMETRICS/Face_Morphing/MAD22/original_sorted/MIPGAN_II/081_08-vs-091_08.png,081_08-vs-091_08.png,081_08-vs-091_08,081_08,091_08,081,091,/nas-ctm01/datasets/public/BIOMETRICS/Face_Morphing/MAD22/original_sorted/BonaFide/081_08.jpg,/nas-ctm01/datasets/public/BIOMETRICS/Face_Morphing/MAD22/original_sorted/BonaFide/091_08.jpg,530,91,101
405,MAD22,MIPGAN_II,identity_disjoint_80_20,train,/nas-ctm01/datasets/public/BIOMETRICS/Face_Morphing/MAD22/original_sorted/MIPGAN_II/081_08-vs-122_08.png,081_08-vs-122_08.png,081_08-vs-122_08,081_08,122_08,081,122,/nas-ctm01/datasets/public/BIOMETRICS/Face_Morphing/MAD22/original_sorted/BonaFide/081_08.jpg,/nas-ctm01/datasets/public/BIOMETRICS/Face_Morphing/MAD22/original_sorted/BonaFide/122_08.jpg,531,91,142
406,MAD22,MIPGAN_II,identity_disjoint_80_20,train,/nas-ctm01/datasets/public/BIOMETRICS/Face_Morphing/MAD22/original_sorted/MIPGAN_II/081_08-vs-135_08.png,081_08-vs-135_08.png,081_08-vs-135_08,081_08,135_08,081,135,/nas-ctm01/datasets/public/BIOMETRICS/Face_Morphing/MAD22/original_sorted/BonaFide/081_08.jpg,/nas-ctm01/datasets/public/BIOMETRICS/Face_Morphing/MAD22/original_sorted/BonaFide/135_08.jpg,532,91,165
407,MAD22,MIPGAN_II,identity_disjoint_80_20,train,/nas-ctm01/datasets/public/BIOMETRICS/Face_Morphing/MAD22/original_sorted/MIPGAN_II/083_03-vs-113_03.png,083_03-vs-113_03.png,083_03-vs-113_03,083_03,113_03,083,113,/nas-ctm01/datasets/public/BIOMETRICS/Face_Morphing/MAD22/original_sorted/BonaFide/083_03.jpg,/nas-ctm01/datasets/public/BIOMETRICS/Face_Morphing/MAD22/original_sorted/BonaFide/113_03.jpg,539,94,127
408,MAD22,MIPGAN_II,identity_disjoint_80_20,train,/nas-ctm01/datasets/public/BIOMETRICS/Face_Morphing/MAD22/original_sorted/MIPGAN_II/083_08-vs-087_08.png,083_08-vs-087_08.png,083_08-vs-087_08,083_08,087_08,083,087,/nas-ctm01/datasets/public/BIOMETRICS/Face_Morphing/MAD22/original_sorted/BonaFide/083_08.jpg,/nas-ctm01/datasets/public/BIOMETRICS/Face_Morphing/MAD22/original_sorted/BonaFide/087_08.jpg,540,95,98
409,MAD22,MIPGAN_II,identity_disjoint_80_20,train,/nas-ctm01/datasets/public/BIOMETRICS/Face_Morphing/MAD22/original_sorted/MIPGAN_II/083_08-vs-118_08.png,083_08-vs-118_08.png,083_08-vs-118_08,083_08,118_08,083,118,/nas-ctm01/datasets/public/BIOMETRICS/Face_Morphing/MAD22/original_sorted/BonaFide/083_08.jpg,/nas-ctm01/datasets/public/BIOMETRICS/Face_Morphing/MAD22/original_sorted/BonaFide/118_08.jpg,541,95,134
410,MAD22,MIPGAN_II,identity_disjoint_80_20,train,/nas-ctm01/datasets/public/BIOMETRICS/Face_Morphing/MAD22/original_sorted/MIPGAN_II/086_08-vs-091_08.png,086_08-vs-091_08.png,086_08-vs-091_08,086_08,091_08,086,091,/nas-ctm01/datasets/public/BIOMETRICS/Face_Morphing/MAD22/original_sorted/BonaFide/086_08.jpg,/nas-ctm01/datasets/public/BIOMETRICS/Face_Morphing/MAD22/original_sorted/BonaFide/091_08.jpg,542,97,101
411,MAD22,MIPGAN_II,identity_disjoint_80_20,train,/nas-ctm01/datasets/public/BIOMETRICS/Face_Morphing/MAD22/original_sorted/MIPGAN_II/087_08-vs-090_08.png,087_08-vs-090_08.png,087_08-vs-090_08,087_08,090_08,087,090,/nas-ctm01/datasets/public/BIOMETRICS/Face_Morphing/MAD22/original_sorted/BonaFide/087_08.jpg,/nas-ctm01/datasets/public/BIOMETRICS/Face_Morphing/MAD22/original_sorted/BonaFide/090_08.jpg,543,98,100
412,MAD22,MIPGAN_II,identity_disjoint_80_20,train,/nas-ctm01/datasets/public/BIOMETRICS/Face_Morphing/MAD22/original_sorted/MIPGAN_II/087_08-vs-102_08.png,087_08-vs-102_08.png,087_08-vs-102_08,087_08,102_08,087,102,/nas-ctm01/datasets/public/BIOMETRICS/Face_Morphing/MAD22/original_sorted/BonaFide/087_08.jpg,/nas-ctm01/datasets/public/BIOMETRICS/Face_Morphing/MAD22/original_sorted/BonaFide/102_08.jpg,544,98,116
413,MAD22,MIPGAN_II,identity_disjoint_80_20,train,/nas-ctm01/datasets/public/BIOMETRICS/Face_Morphing/MAD22/original_sorted/MIPGAN_II/087_08-vs-118_08.png,087_08-vs-118_08.png,087_08-vs-118_08,087_08,118_08,087,118,/nas-ctm01/datasets/public/BIOMETRICS/Face_Morphing/MAD22/original_sorted/BonaFide/087_08.jpg,/nas-ctm01/datasets/public/BIOMETRICS/Face_Morphing/MAD22/original_sorted/BonaFide/118_08.jpg,545,98,134
414,MAD22,MIPGAN_II,identity_disjoint_80_20,train,/nas-ctm01/datasets/public/BIOMETRICS/Face_Morphing/MAD22/original_sorted/MIPGAN_II/087_08-vs-124_08.png,087_08-vs-124_08.png,087_08-vs-124_08,087_08,124_08,087,124,/nas-ctm01/datasets/public/BIOMETRICS/Face_Morphing/MAD22/original_sorted/BonaFide/087_08.jpg,/nas-ctm01/datasets/public/BIOMETRICS/Face_Morphing/MAD22/original_sorted/BonaFide/124_08.jpg,546,98,146
415,MAD22,MIPGAN_II,identity_disjoint_80_20,train,/nas-ctm01/datasets/public/BIOMETRICS/Face_Morphing/MAD22/original_sorted/MIPGAN_II/087_08-vs-135_08.png,087_08-vs-135_08.png,087_08-vs-135_08,087_08,135_08,087,135,/nas-ctm01/datasets/public/BIOMETRICS/Face_Morphing/MAD22/original_sorted/BonaFide/087_08.jpg,/nas-ctm01/datasets/public/BIOMETRICS/Face_Morphing/MAD22/original_sorted/BonaFide/135_08.jpg,547,98,165
416,MAD22,MIPGAN_II,identity_disjoint_80_20,train,/nas-ctm01/datasets/public/BIOMETRICS/Face_Morphing/MAD22/original_sorted/MIPGAN_II/087_08-vs-136_08.png,087_08-vs-136_08.png,087_08-vs-136_08,087_08,136_08,087,136,/nas-ctm01/datasets/public/BIOMETRICS/Face_Morphing/MAD22/original_sorted/BonaFide/087_08.jpg,/nas-ctm01/datasets/public/BIOMETRICS/Face_Morphing/MAD22/original_sorted/BonaFide/136_08.jpg,548,98,167
417,MAD22,MIPGAN_II,identity_disjoint_80_20,train,/nas-ctm01/datasets/public/BIOMETRICS/Face_Morphing/MAD22/original_sorted/MIPGAN_II/090_03-vs-102_03.png,090_03-vs-102_03.png,090_03-vs-102_03,090_03,102_03,090,102,/nas-ctm01/datasets/public/BIOMETRICS/Face_Morphing/MAD22/original_sorted/BonaFide/090_03.jpg,/nas-ctm01/datasets/public/BIOMETRICS/Face_Morphing/MAD22/original_sorted/BonaFide/102_03.jpg,549,99,115
418,MAD22,MIPGAN_II,identity_disjoint_80_20,train,/nas-ctm01/datasets/public/BIOMETRICS/Face_Morphing/MAD22/original_sorted/MIPGAN_II/090_03-vs-107_03.png,090_03-vs-107_03.png,090_03-vs-107_03,090_03,107_03,090,107,/nas-ctm01/datasets/public/BIOMETRICS/Face_Morphing/MAD22/original_sorted/BonaFide/090_03.jpg,/nas-ctm01/datasets/public/BIOMETRICS/Face_Morphing/MAD22/original_sorted/BonaFide/107_03.jpg,550,99,121
419,MAD22,MIPGAN_II,identity_disjoint_80_20,train,/nas-ctm01/datasets/public/BIOMETRICS/Face_Morphing/MAD22/original_sorted/MIPGAN_II/090_03-vs-122_03.png,090_03-vs-122_03.png,090_03-vs-122_03,090_03,122_03,090,122,/nas-ctm01/datasets/public/BIOMETRICS/Face_Morphing/MAD22/original_sorted/BonaFide/090_03.jpg,/nas-ctm01/datasets/public/BIOMETRICS/Face_Morphing/MAD22/original_sorted/BonaFide/122_03.jpg,551,99,141
420,MAD22,MIPGAN_II,identity_disjoint_80_20,train,/nas-ctm01/datasets/public/BIOMETRICS/Face_Morphing/MAD22/original_sorted/MIPGAN_II/090_03-vs-135_03.png,090_03-vs-135_03.png,090_03-vs-135_03,090_03,135_03,090,135,/nas-ctm01/datasets/public/BIOMETRICS/Face_Morphing/MAD22/original_sorted/BonaFide/090_03.jpg,/nas-ctm01/datasets/public/BIOMETRICS/Face_Morphing/MAD22/original_sorted/BonaFide/135_03.jpg,552,99,164
421,MAD22,MIPGAN_II,identity_disjoint_80_20,train,/nas-ctm01/datasets/public/BIOMETRICS/Face_Morphing/MAD22/original_sorted/MIPGAN_II/090_08-vs-097_08.png,090_08-vs-097_08.png,090_08-vs-097_08,090_08,097_08,090,097,/nas-ctm01/datasets/public/BIOMETRICS/Face_Morphing/MAD22/original_sorted/BonaFide/090_08.jpg,/nas-ctm01/datasets/public/BIOMETRICS/Face_Morphing/MAD22/original_sorted/BonaFide/097_08.jpg,553,100,109
422,MAD22,MIPGAN_II,identity_disjoint_80_20,train,/nas-ctm01/datasets/public/BIOMETRICS/Face_Morphing/MAD22/original_sorted/MIPGAN_II/090_08-vs-102_08.png,090_08-vs-102_08.png,090_08-vs-102_08,090_08,102_08,090,102,/nas-ctm01/datasets/public/BIOMETRICS/Face_Morphing/MAD22/original_sorted/BonaFide/090_08.jpg,/nas-ctm01/datasets/public/BIOMETRICS/Face_Morphing/MAD22/original_sorted/BonaFide/102_08.jpg,554,100,116
423,MAD22,MIPGAN_II,identity_disjoint_80_20,train,/nas-ctm01/datasets/public/BIOMETRICS/Face_Morphing/MAD22/original_sorted/MIPGAN_II/090_08-vs-107_08.png,090_08-vs-107_08.png,090_08-vs-107_08,090_08,107_08,090,107,/nas-ctm01/datasets/public/BIOMETRICS/Face_Morphing/MAD22/original_sorted/BonaFide/090_08.jpg,/nas-ctm01/datasets/public/BIOMETRICS/Face_Morphing/MAD22/original_sorted/BonaFide/107_08.jpg,555,100,122
424,MAD22,MIPGAN_II,identity_disjoint_80_20,train,/nas-ctm01/datasets/public/BIOMETRICS/Face_Morphing/MAD22/original_sorted/MIPGAN_II/090_08-vs-122_08.png,090_08-vs-122_08.png,090_08-vs-122_08,090_08,122_08,090,122,/nas-ctm01/datasets/public/BIOMETRICS/Face_Morphing/MAD22/original_sorted/BonaFide/090_08.jpg,/nas-ctm01/datasets/public/BIOMETRICS/Face_Morphing/MAD22/original_sorted/BonaFide/122_08.jpg,556,100,142
425,MAD22,MIPGAN_II,identity_disjoint_80_20,train,/nas-ctm01/datasets/public/BIOMETRICS/Face_Morphing/MAD22/original_sorted/MIPGAN_II/090_08-vs-127_08.png,090_08-vs-127_08.png,090_08-vs-127_08,090_08,127_08,090,127,/nas-ctm01/datasets/public/BIOMETRICS/Face_Morphing/MAD22/original_sorted/BonaFide/090_08.jpg,/nas-ctm01/datasets/public/BIOMETRICS/Face_Morphing/MAD22/original_sorted/BonaFide/127_08.jpg,557,100,151
426,MAD22,MIPGAN_II,identity_disjoint_80_20,train,/nas-ctm01/datasets/public/BIOMETRICS/Face_Morphing/MAD22/original_sorted/MIPGAN_II/090_08-vs-135_08.png,090_08-vs-135_08.png,090_08-vs-135_08,090_08,135_08,090,135,/nas-ctm01/datasets/public/BIOMETRICS/Face_Morphing/MAD22/original_sorted/BonaFide/090_08.jpg,/nas-ctm01/datasets/public/BIOMETRICS/Face_Morphing/MAD22/original_sorted/BonaFide/135_08.jpg,558,100,165
427,MAD22,MIPGAN_II,identity_disjoint_80_20,train,/nas-ctm01/datasets/public/BIOMETRICS/Face_Morphing/MAD22/original_sorted/MIPGAN_II/091_08-vs-097_08.png,091_08-vs-097_08.png,091_08-vs-097_08,091_08,097_08,091,097,/nas-ctm01/datasets/public/BIOMETRICS/Face_Morphing/MAD22/original_sorted/BonaFide/091_08.jpg,/nas-ctm01/datasets/public/BIOMETRICS/Face_Morphing/MAD22/original_sorted/BonaFide/097_08.jpg,559,101,109
428,MAD22,MIPGAN_II,identity_disjoint_80_20,train,/nas-ctm01/datasets/public/BIOMETRICS/Face_Morphing/MAD22/original_sorted/MIPGAN_II/092_03-vs-104_03.png,092_03-vs-104_03.png,092_03-vs-104_03,092_03,104_03,092,104,/nas-ctm01/datasets/public/BIOMETRICS/Face_Morphing/MAD22/original_sorted/BonaFide/092_03.jpg,/nas-ctm01/datasets/public/BIOMETRICS/Face_Morphing/MAD22/original_sorted/BonaFide/104_03.jpg,560,102,119
429,MAD22,MIPGAN_II,identity_disjoint_80_20,train,/nas-ctm01/datasets/public/BIOMETRICS/Face_Morphing/MAD22/original_sorted/MIPGAN_II/092_03-vs-128_03.png,092_03-vs-128_03.png,092_03-vs-128_03,092_03,128_03,092,128,/nas-ctm01/datasets/public/BIOMETRICS/Face_Morphing/MAD22/original_sorted/BonaFide/092_03.jpg,/nas-ctm01/datasets/public/BIOMETRICS/Face_Morphing/MAD22/original_sorted/BonaFide/128_03.jpg,561,102,152
430,MAD22,MIPGAN_II,identity_disjoint_80_20,train,/nas-ctm01/datasets/public/BIOMETRICS/Face_Morphing/MAD22/original_sorted/MIPGAN_II/092_08-vs-123_08.png,092_08-vs-123_08.png,092_08-vs-123_08,092_08,123_08,092,123,/nas-ctm01/datasets/public/BIOMETRICS/Face_Morphing/MAD22/original_sorted/BonaFide/092_08.jpg,/nas-ctm01/datasets/public/BIOMETRICS/Face_Morphing/MAD22/original_sorted/BonaFide/123_08.jpg,562,103,144
431,MAD22,MIPGAN_II,identity_disjoint_80_20,train,/nas-ctm01/datasets/public/BIOMETRICS/Face_Morphing/MAD22/original_sorted/MIPGAN_II/092_08-vs-128_08.png,092_08-vs-128_08.png,092_08-vs-128_08,092_08,128_08,092,128,/nas-ctm01/datasets/public/BIOMETRICS/Face_Morphing/MAD22/original_sorted/BonaFide/092_08.jpg,/nas-ctm01/datasets/public/BIOMETRICS/Face_Morphing/MAD22/original_sorted/BonaFide/128_08.jpg,563,103,153
432,MAD22,MIPGAN_II,identity_disjoint_80_20,train,/nas-ctm01/datasets/public/BIOMETRICS/Face_Morphing/MAD22/original_sorted/MIPGAN_II/092_08-vs-143_08.png,092_08-vs-143_08.png,092_08-vs-143_08,092_08,143_08,092,143,/nas-ctm01/datasets/public/BIOMETRICS/Face_Morphing/MAD22/original_sorted/BonaFide/092_08.jpg,/nas-ctm01/datasets/public/BIOMETRICS/Face_Morphing/MAD22/original_sorted/BonaFide/143_08.jpg,564,103,178
433,MAD22,MIPGAN_II,identity_disjoint_80_20,train,/nas-ctm01/datasets/public/BIOMETRICS/Face_Morphing/MAD22/original_sorted/MIPGAN_II/094_03-vs-099_03.png,094_03-vs-099_03.png,094_03-vs-099_03,094_03,099_03,094,099,/nas-ctm01/datasets/public/BIOMETRICS/Face_Morphing/MAD22/original_sorted/BonaFide/094_03.jpg,/nas-ctm01/datasets/public/BIOMETRICS/Face_Morphing/MAD22/original_sorted/BonaFide/099_03.jpg,565,104,110
434,MAD22,MIPGAN_II,identity_disjoint_80_20,train,/nas-ctm01/datasets/public/BIOMETRICS/Face_Morphing/MAD22/original_sorted/MIPGAN_II/094_03-vs-102_03.png,094_03-vs-102_03.png,094_03-vs-102_03,094_03,102_03,094,102,/nas-ctm01/datasets/public/BIOMETRICS/Face_Morphing/MAD22/original_sorted/BonaFide/094_03.jpg,/nas-ctm01/datasets/public/BIOMETRICS/Face_Morphing/MAD22/original_sorted/BonaFide/102_03.jpg,566,104,115
435,MAD22,MIPGAN_II,identity_disjoint_80_20,train,/nas-ctm01/datasets/public/BIOMETRICS/Face_Morphing/MAD22/original_sorted/MIPGAN_II/094_03-vs-124_03.png,094_03-vs-124_03.png,094_03-vs-124_03,094_03,124_03,094,124,/nas-ctm01/datasets/public/BIOMETRICS/Face_Morphing/MAD22/original_sorted/BonaFide/094_03.jpg,/nas-ctm01/datasets/public/BIOMETRICS/Face_Morphing/MAD22/original_sorted/BonaFide/124_03.jpg,567,104,145
436,MAD22,MIPGAN_II,identity_disjoint_80_20,train,/nas-ctm01/datasets/public/BIOMETRICS/Face_Morphing/MAD22/original_sorted/MIPGAN_II/094_03-vs-126_03.png,094_03-vs-126_03.png,094_03-vs-126_03,094_03,126_03,094,126,/nas-ctm01/datasets/public/BIOMETRICS/Face_Morphing/MAD22/original_sorted/BonaFide/094_03.jpg,/nas-ctm01/datasets/public/BIOMETRICS/Face_Morphing/MAD22/original_sorted/BonaFide/126_03.jpg,568,104,149
437,MAD22,MIPGAN_II,identity_disjoint_80_20,train,/nas-ctm01/datasets/public/BIOMETRICS/Face_Morphing/MAD22/original_sorted/MIPGAN_II/094_03-vs-139_03.png,094_03-vs-139_03.png,094_03-vs-139_03,094_03,139_03,094,139,/nas-ctm01/datasets/public/BIOMETRICS/Face_Morphing/MAD22/original_sorted/BonaFide/094_03.jpg,/nas-ctm01/datasets/public/BIOMETRICS/Face_Morphing/MAD22/original_sorted/BonaFide/139_03.jpg,569,104,170
438,MAD22,MIPGAN_II,identity_disjoint_80_20,train,/nas-ctm01/datasets/public/BIOMETRICS/Face_Morphing/MAD22/original_sorted/MIPGAN_II/094_08-vs-097_08.png,094_08-vs-097_08.png,094_08-vs-097_08,094_08,097_08,094,097,/nas-ctm01/datasets/public/BIOMETRICS/Face_Morphing/MAD22/original_sorted/BonaFide/094_08.jpg,/nas-ctm01/datasets/public/BIOMETRICS/Face_Morphing/MAD22/original_sorted/BonaFide/097_08.jpg,570,105,109
439,MAD22,MIPGAN_II,identity_disjoint_80_20,train,/nas-ctm01/datasets/public/BIOMETRICS/Face_Morphing/MAD22/original_sorted/MIPGAN_II/094_08-vs-099_08.png,094_08-vs-099_08.png,094_08-vs-099_08,094_08,099_08,094,099,/nas-ctm01/datasets/public/BIOMETRICS/Face_Morphing/MAD22/original_sorted/BonaFide/094_08.jpg,/nas-ctm01/datasets/public/BIOMETRICS/Face_Morphing/MAD22/original_sorted/BonaFide/099_08.jpg,571,105,111
440,MAD22,MIPGAN_II,identity_disjoint_80_20,train,/nas-ctm01/datasets/public/BIOMETRICS/Face_Morphing/MAD22/original_sorted/MIPGAN_II/094_08-vs-124_08.png,094_08-vs-124_08.png,094_08-vs-124_08,094_08,124_08,094,124,/nas-ctm01/datasets/public/BIOMETRICS/Face_Morphing/MAD22/original_sorted/BonaFide/094_08.jpg,/nas-ctm01/datasets/public/BIOMETRICS/Face_Morphing/MAD22/original_sorted/BonaFide/124_08.jpg,572,105,146
441,MAD22,MIPGAN_II,identity_disjoint_80_20,train,/nas-ctm01/datasets/public/BIOMETRICS/Face_Morphing/MAD22/original_sorted/MIPGAN_II/094_08-vs-126_08.png,094_08-vs-126_08.png,094_08-vs-126_08,094_08,126_08,094,126,/nas-ctm01/datasets/public/BIOMETRICS/Face_Morphing/MAD22/original_sorted/BonaFide/094_08.jpg,/nas-ctm01/datasets/public/BIOMETRICS/Face_Morphing/MAD22/original_sorted/BonaFide/126_08.jpg,573,105,150
442,MAD22,MIPGAN_II,identity_disjoint_80_20,train,/nas-ctm01/datasets/public/BIOMETRICS/Face_Morphing/MAD22/original_sorted/MIPGAN_II/094_08-vs-127_08.png,094_08-vs-127_08.png,094_08-vs-127_08,094_08,127_08,094,127,/nas-ctm01/datasets/public/BIOMETRICS/Face_Morphing/MAD22/original_sorted/BonaFide/094_08.jpg,/nas-ctm01/datasets/public/BIOMETRICS/Face_Morphing/MAD22/original_sorted/BonaFide/127_08.jpg,574,105,151
443,MAD22,MIPGAN_II,identity_disjoint_80_20,train,/nas-ctm01/datasets/public/BIOMETRICS/Face_Morphing/MAD22/original_sorted/MIPGAN_II/094_08-vs-139_08.png,094_08-vs-139_08.png,094_08-vs-139_08,094_08,139_08,094,139,/nas-ctm01/datasets/public/BIOMETRICS/Face_Morphing/MAD22/original_sorted/BonaFide/094_08.jpg,/nas-ctm01/datasets/public/BIOMETRICS/Face_Morphing/MAD22/original_sorted/BonaFide/139_08.jpg,575,105,171
444,MAD22,MIPGAN_II,identity_disjoint_80_20,train,/nas-ctm01/datasets/public/BIOMETRICS/Face_Morphing/MAD22/original_sorted/MIPGAN_II/096_03-vs-104_03.png,096_03-vs-104_03.png,096_03-vs-104_03,096_03,104_03,096,104,/nas-ctm01/datasets/public/BIOMETRICS/Face_Morphing/MAD22/original_sorted/BonaFide/096_03.jpg,/nas-ctm01/datasets/public/BIOMETRICS/Face_Morphing/MAD22/original_sorted/BonaFide/104_03.jpg,576,106,119
445,MAD22,MIPGAN_II,identity_disjoint_80_20,train,/nas-ctm01/datasets/public/BIOMETRICS/Face_Morphing/MAD22/original_sorted/MIPGAN_II/096_03-vs-128_03.png,096_03-vs-128_03.png,096_03-vs-128_03,096_03,128_03,096,128,/nas-ctm01/datasets/public/BIOMETRICS/Face_Morphing/MAD22/original_sorted/BonaFide/096_03.jpg,/nas-ctm01/datasets/public/BIOMETRICS/Face_Morphing/MAD22/original_sorted/BonaFide/128_03.jpg,577,106,152
446,MAD22,MIPGAN_II,identity_disjoint_80_20,train,/nas-ctm01/datasets/public/BIOMETRICS/Face_Morphing/MAD22/original_sorted/MIPGAN_II/096_03-vs-130_03.png,096_03-vs-130_03.png,096_03-vs-130_03,096_03,130_03,096,130,/nas-ctm01/datasets/public/BIOMETRICS/Face_Morphing/MAD22/original_sorted/BonaFide/096_03.jpg,/nas-ctm01/datasets/public/BIOMETRICS/Face_Morphing/MAD22/original_sorted/BonaFide/130_03.jpg,578,106,156
447,MAD22,MIPGAN_II,identity_disjoint_80_20,train,/nas-ctm01/datasets/public/BIOMETRICS/Face_Morphing/MAD22/original_sorted/MIPGAN_II/096_03-vs-141_03.png,096_03-vs-141_03.png,096_03-vs-141_03,096_03,141_03,096,141,/nas-ctm01/datasets/public/BIOMETRICS/Face_Morphing/MAD22/original_sorted/BonaFide/096_03.jpg,/nas-ctm01/datasets/public/BIOMETRICS/Face_Morphing/MAD22/original_sorted/BonaFide/141_03.jpg,580,106,173
448,MAD22,MIPGAN_II,identity_disjoint_80_20,train,/nas-ctm01/datasets/public/BIOMETRICS/Face_Morphing/MAD22/original_sorted/MIPGAN_II/096_08-vs-128_08.png,096_08-vs-128_08.png,096_08-vs-128_08,096_08,128_08,096,128,/nas-ctm01/datasets/public/BIOMETRICS/Face_Morphing/MAD22/original_sorted/BonaFide/096_08.jpg,/nas-ctm01/datasets/public/BIOMETRICS/Face_Morphing/MAD22/original_sorted/BonaFide/128_08.jpg,581,107,153
449,MAD22,MIPGAN_II,identity_disjoint_80_20,train,/nas-ctm01/datasets/public/BIOMETRICS/Face_Morphing/MAD22/original_sorted/MIPGAN_II/097_03-vs-099_03.png,097_03-vs-099_03.png,097_03-vs-099_03,097_03,099_03,097,099,/nas-ctm01/datasets/public/BIOMETRICS/Face_Morphing/MAD22/original_sorted/BonaFide/097_03.jpg,/nas-ctm01/datasets/public/BIOMETRICS/Face_Morphing/MAD22/original_sorted/BonaFide/099_03.jpg,582,108,110
450,MAD22,MIPGAN_II,identity_disjoint_80_20,train,/nas-ctm01/datasets/public/BIOMETRICS/Face_Morphing/MAD22/original_sorted/MIPGAN_II/097_03-vs-112_03.png,097_03-vs-112_03.png,097_03-vs-112_03,097_03,112_03,097,112,/nas-ctm01/datasets/public/BIOMETRICS/Face_Morphing/MAD22/original_sorted/BonaFide/097_03.jpg,/nas-ctm01/datasets/public/BIOMETRICS/Face_Morphing/MAD22/original_sorted/BonaFide/112_03.jpg,583,108,125
451,MAD22,MIPGAN_II,identity_disjoint_80_20,train,/nas-ctm01/datasets/public/BIOMETRICS/Face_Morphing/MAD22/original_sorted/MIPGAN_II/097_03-vs-118_03.png,097_03-vs-118_03.png,097_03-vs-118_03,097_03,118_03,097,118,/nas-ctm01/datasets/public/BIOMETRICS/Face_Morphing/MAD22/original_sorted/BonaFide/097_03.jpg,/nas-ctm01/datasets/public/BIOMETRICS/Face_Morphing/MAD22/original_sorted/BonaFide/118_03.jpg,584,108,133
452,MAD22,MIPGAN_II,identity_disjoint_80_20,train,/nas-ctm01/datasets/public/BIOMETRICS/Face_Morphing/MAD22/original_sorted/MIPGAN_II/097_03-vs-129_03.png,097_03-vs-129_03.png,097_03-vs-129_03,097_03,129_03,097,129,/nas-ctm01/datasets/public/BIOMETRICS/Face_Morphing/MAD22/original_sorted/BonaFide/097_03.jpg,/nas-ctm01/datasets/public/BIOMETRICS/Face_Morphing/MAD22/original_sorted/BonaFide/129_03.jpg,585,108,154
453,MAD22,MIPGAN_II,identity_disjoint_80_20,train,/nas-ctm01/datasets/public/BIOMETRICS/Face_Morphing/MAD22/original_sorted/MIPGAN_II/097_03-vs-135_03.png,097_03-vs-135_03.png,097_03-vs-135_03,097_03,135_03,097,135,/nas-ctm01/datasets/public/BIOMETRICS/Face_Morphing/MAD22/original_sorted/BonaFide/097_03.jpg,/nas-ctm01/datasets/public/BIOMETRICS/Face_Morphing/MAD22/original_sorted/BonaFide/135_03.jpg,586,108,164
454,MAD22,MIPGAN_II,identity_disjoint_80_20,train,/nas-ctm01/datasets/public/BIOMETRICS/Face_Morphing/MAD22/original_sorted/MIPGAN_II/097_03-vs-144_03.png,097_03-vs-144_03.png,097_03-vs-144_03,097_03,144_03,097,144,/nas-ctm01/datasets/public/BIOMETRICS/Face_Morphing/MAD22/original_sorted/BonaFide/097_03.jpg,/nas-ctm01/datasets/public/BIOMETRICS/Face_Morphing/MAD22/original_sorted/BonaFide/144_03.jpg,587,108,179
455,MAD22,MIPGAN_II,identity_disjoint_80_20,train,/nas-ctm01/datasets/public/BIOMETRICS/Face_Morphing/MAD22/original_sorted/MIPGAN_II/097_08-vs-102_08.png,097_08-vs-102_08.png,097_08-vs-102_08,097_08,102_08,097,102,/nas-ctm01/datasets/public/BIOMETRICS/Face_Morphing/MAD22/original_sorted/BonaFide/097_08.jpg,/nas-ctm01/datasets/public/BIOMETRICS/Face_Morphing/MAD22/original_sorted/BonaFide/102_08.jpg,588,109,116
456,MAD22,MIPGAN_II,identity_disjoint_80_20,train,/nas-ctm01/datasets/public/BIOMETRICS/Face_Morphing/MAD22/original_sorted/MIPGAN_II/097_08-vs-118_08.png,097_08-vs-118_08.png,097_08-vs-118_08,097_08,118_08,097,118,/nas-ctm01/datasets/public/BIOMETRICS/Face_Morphing/MAD22/original_sorted/BonaFide/097_08.jpg,/nas-ctm01/datasets/public/BIOMETRICS/Face_Morphing/MAD22/original_sorted/BonaFide/118_08.jpg,589,109,134
457,MAD22,MIPGAN_II,identity_disjoint_80_20,train,/nas-ctm01/datasets/public/BIOMETRICS/Face_Morphing/MAD22/original_sorted/MIPGAN_II/097_08-vs-120_08.png,097_08-vs-120_08.png,097_08-vs-120_08,097_08,120_08,097,120,/nas-ctm01/datasets/public/BIOMETRICS/Face_Morphing/MAD22/original_sorted/BonaFide/097_08.jpg,/nas-ctm01/datasets/public/BIOMETRICS/Face_Morphing/MAD22/original_sorted/BonaFide/120_08.jpg,590,109,138
458,MAD22,MIPGAN_II,identity_disjoint_80_20,train,/nas-ctm01/datasets/public/BIOMETRICS/Face_Morphing/MAD22/original_sorted/MIPGAN_II/097_08-vs-139_08.png,097_08-vs-139_08.png,097_08-vs-139_08,097_08,139_08,097,139,/nas-ctm01/datasets/public/BIOMETRICS/Face_Morphing/MAD22/original_sorted/BonaFide/097_08.jpg,/nas-ctm01/datasets/public/BIOMETRICS/Face_Morphing/MAD22/original_sorted/BonaFide/139_08.jpg,591,109,171
459,MAD22,MIPGAN_II,identity_disjoint_80_20,train,/nas-ctm01/datasets/public/BIOMETRICS/Face_Morphing/MAD22/original_sorted/MIPGAN_II/097_08-vs-144_08.png,097_08-vs-144_08.png,097_08-vs-144_08,097_08,144_08,097,144,/nas-ctm01/datasets/public/BIOMETRICS/Face_Morphing/MAD22/original_sorted/BonaFide/097_08.jpg,/nas-ctm01/datasets/public/BIOMETRICS/Face_Morphing/MAD22/original_sorted/BonaFide/144_08.jpg,592,109,180
460,MAD22,MIPGAN_II,identity_disjoint_80_20,train,/nas-ctm01/datasets/public/BIOMETRICS/Face_Morphing/MAD22/original_sorted/MIPGAN_II/099_03-vs-122_03.png,099_03-vs-122_03.png,099_03-vs-122_03,099_03,122_03,099,122,/nas-ctm01/datasets/public/BIOMETRICS/Face_Morphing/MAD22/original_sorted/BonaFide/099_03.jpg,/nas-ctm01/datasets/public/BIOMETRICS/Face_Morphing/MAD22/original_sorted/BonaFide/122_03.jpg,593,110,141
461,MAD22,MIPGAN_II,identity_disjoint_80_20,train,/nas-ctm01/datasets/public/BIOMETRICS/Face_Morphing/MAD22/original_sorted/MIPGAN_II/099_03-vs-126_03.png,099_03-vs-126_03.png,099_03-vs-126_03,099_03,126_03,099,126,/nas-ctm01/datasets/public/BIOMETRICS/Face_Morphing/MAD22/original_sorted/BonaFide/099_03.jpg,/nas-ctm01/datasets/public/BIOMETRICS/Face_Morphing/MAD22/original_sorted/BonaFide/126_03.jpg,594,110,149
462,MAD22,MIPGAN_II,identity_disjoint_80_20,train,/nas-ctm01/datasets/public/BIOMETRICS/Face_Morphing/MAD22/original_sorted/MIPGAN_II/099_08-vs-126_08.png,099_08-vs-126_08.png,099_08-vs-126_08,099_08,126_08,099,126,/nas-ctm01/datasets/public/BIOMETRICS/Face_Morphing/MAD22/original_sorted/BonaFide/099_08.jpg,/nas-ctm01/datasets/public/BIOMETRICS/Face_Morphing/MAD22/original_sorted/BonaFide/126_08.jpg,595,111,150
463,MAD22,MIPGAN_II,identity_disjoint_80_20,train,/nas-ctm01/datasets/public/BIOMETRICS/Face_Morphing/MAD22/original_sorted/MIPGAN_II/100_03-vs-118_03.png,100_03-vs-118_03.png,100_03-vs-118_03,100_03,118_03,100,118,/nas-ctm01/datasets/public/BIOMETRICS/Face_Morphing/MAD22/original_sorted/BonaFide/100_03.jpg,/nas-ctm01/datasets/public/BIOMETRICS/Face_Morphing/MAD22/original_sorted/BonaFide/118_03.jpg,596,112,133
464,MAD22,MIPGAN_II,identity_disjoint_80_20,train,/nas-ctm01/datasets/public/BIOMETRICS/Face_Morphing/MAD22/original_sorted/MIPGAN_II/100_03-vs-122_03.png,100_03-vs-122_03.png,100_03-vs-122_03,100_03,122_03,100,122,/nas-ctm01/datasets/public/BIOMETRICS/Face_Morphing/MAD22/original_sorted/BonaFide/100_03.jpg,/nas-ctm01/datasets/public/BIOMETRICS/Face_Morphing/MAD22/original_sorted/BonaFide/122_03.jpg,597,112,141
465,MAD22,MIPGAN_II,identity_disjoint_80_20,train,/nas-ctm01/datasets/public/BIOMETRICS/Face_Morphing/MAD22/original_sorted/MIPGAN_II/100_03-vs-136_03.png,100_03-vs-136_03.png,100_03-vs-136_03,100_03,136_03,100,136,/nas-ctm01/datasets/public/BIOMETRICS/Face_Morphing/MAD22/original_sorted/BonaFide/100_03.jpg,/nas-ctm01/datasets/public/BIOMETRICS/Face_Morphing/MAD22/original_sorted/BonaFide/136_03.jpg,598,112,166
466,MAD22,MIPGAN_II,identity_disjoint_80_20,train,/nas-ctm01/datasets/public/BIOMETRICS/Face_Morphing/MAD22/original_sorted/MIPGAN_II/102_03-vs-107_03.png,102_03-vs-107_03.png,102_03-vs-107_03,102_03,107_03,102,107,/nas-ctm01/datasets/public/BIOMETRICS/Face_Morphing/MAD22/original_sorted/BonaFide/102_03.jpg,/nas-ctm01/datasets/public/BIOMETRICS/Face_Morphing/MAD22/original_sorted/BonaFide/107_03.jpg,609,115,121
467,MAD22,MIPGAN_II,identity_disjoint_80_20,train,/nas-ctm01/datasets/public/BIOMETRICS/Face_Morphing/MAD22/original_sorted/MIPGAN_II/102_03-vs-118_03.png,102_03-vs-118_03.png,102_03-vs-118_03,102_03,118_03,102,118,/nas-ctm01/datasets/public/BIOMETRICS/Face_Morphing/MAD22/original_sorted/BonaFide/102_03.jpg,/nas-ctm01/datasets/public/BIOMETRICS/Face_Morphing/MAD22/original_sorted/BonaFide/118_03.jpg,610,115,133
468,MAD22,MIPGAN_II,identity_disjoint_80_20,train,/nas-ctm01/datasets/public/BIOMETRICS/Face_Morphing/MAD22/original_sorted/MIPGAN_II/102_03-vs-136_03.png,102_03-vs-136_03.png,102_03-vs-136_03,102_03,136_03,102,136,/nas-ctm01/datasets/public/BIOMETRICS/Face_Morphing/MAD22/original_sorted/BonaFide/102_03.jpg,/nas-ctm01/datasets/public/BIOMETRICS/Face_Morphing/MAD22/original_sorted/BonaFide/136_03.jpg,611,115,166
469,MAD22,MIPGAN_II,identity_disjoint_80_20,train,/nas-ctm01/datasets/public/BIOMETRICS/Face_Morphing/MAD22/original_sorted/MIPGAN_II/102_03-vs-139_03.png,102_03-vs-139_03.png,102_03-vs-139_03,102_03,139_03,102,139,/nas-ctm01/datasets/public/BIOMETRICS/Face_Morphing/MAD22/original_sorted/BonaFide/102_03.jpg,/nas-ctm01/datasets/public/BIOMETRICS/Face_Morphing/MAD22/original_sorted/BonaFide/139_03.jpg,612,115,170
470,MAD22,MIPGAN_II,identity_disjoint_80_20,train,/nas-ctm01/datasets/public/BIOMETRICS/Face_Morphing/MAD22/original_sorted/MIPGAN_II/102_03-vs-144_03.png,102_03-vs-144_03.png,102_03-vs-144_03,102_03,144_03,102,144,/nas-ctm01/datasets/public/BIOMETRICS/Face_Morphing/MAD22/original_sorted/BonaFide/102_03.jpg,/nas-ctm01/datasets/public/BIOMETRICS/Face_Morphing/MAD22/original_sorted/BonaFide/144_03.jpg,613,115,179
471,MAD22,MIPGAN_II,identity_disjoint_80_20,train,/nas-ctm01/datasets/public/BIOMETRICS/Face_Morphing/MAD22/original_sorted/MIPGAN_II/102_08-vs-118_08.png,102_08-vs-118_08.png,102_08-vs-118_08,102_08,118_08,102,118,/nas-ctm01/datasets/public/BIOMETRICS/Face_Morphing/MAD22/original_sorted/BonaFide/102_08.jpg,/nas-ctm01/datasets/public/BIOMETRICS/Face_Morphing/MAD22/original_sorted/BonaFide/118_08.jpg,614,116,134
472,MAD22,MIPGAN_II,identity_disjoint_80_20,train,/nas-ctm01/datasets/public/BIOMETRICS/Face_Morphing/MAD22/original_sorted/MIPGAN_II/102_08-vs-122_08.png,102_08-vs-122_08.png,102_08-vs-122_08,102_08,122_08,102,122,/nas-ctm01/datasets/public/BIOMETRICS/Face_Morphing/MAD22/original_sorted/BonaFide/102_08.jpg,/nas-ctm01/datasets/public/BIOMETRICS/Face_Morphing/MAD22/original_sorted/BonaFide/122_08.jpg,615,116,142
473,MAD22,MIPGAN_II,identity_disjoint_80_20,train,/nas-ctm01/datasets/public/BIOMETRICS/Face_Morphing/MAD22/original_sorted/MIPGAN_II/102_08-vs-124_08.png,102_08-vs-124_08.png,102_08-vs-124_08,102_08,124_08,102,124,/nas-ctm01/datasets/public/BIOMETRICS/Face_Morphing/MAD22/original_sorted/BonaFide/102_08.jpg,/nas-ctm01/datasets/public/BIOMETRICS/Face_Morphing/MAD22/original_sorted/BonaFide/124_08.jpg,616,116,146
474,MAD22,MIPGAN_II,identity_disjoint_80_20,train,/nas-ctm01/datasets/public/BIOMETRICS/Face_Morphing/MAD22/original_sorted/MIPGAN_II/102_08-vs-136_08.png,102_08-vs-136_08.png,102_08-vs-136_08,102_08,136_08,102,136,/nas-ctm01/datasets/public/BIOMETRICS/Face_Morphing/MAD22/original_sorted/BonaFide/102_08.jpg,/nas-ctm01/datasets/public/BIOMETRICS/Face_Morphing/MAD22/original_sorted/BonaFide/136_08.jpg,617,116,167
475,MAD22,MIPGAN_II,identity_disjoint_80_20,train,/nas-ctm01/datasets/public/BIOMETRICS/Face_Morphing/MAD22/original_sorted/MIPGAN_II/102_08-vs-139_08.png,102_08-vs-139_08.png,102_08-vs-139_08,102_08,139_08,102,139,/nas-ctm01/datasets/public/BIOMETRICS/Face_Morphing/MAD22/original_sorted/BonaFide/102_08.jpg,/nas-ctm01/datasets/public/BIOMETRICS/Face_Morphing/MAD22/original_sorted/BonaFide/139_08.jpg,618,116,171
476,MAD22,MIPGAN_II,identity_disjoint_80_20,train,/nas-ctm01/datasets/public/BIOMETRICS/Face_Morphing/MAD22/original_sorted/MIPGAN_II/102_08-vs-144_08.png,102_08-vs-144_08.png,102_08-vs-144_08,102_08,144_08,102,144,/nas-ctm01/datasets/public/BIOMETRICS/Face_Morphing/MAD22/original_sorted/BonaFide/102_08.jpg,/nas-ctm01/datasets/public/BIOMETRICS/Face_Morphing/MAD22/original_sorted/BonaFide/144_08.jpg,619,116,180
477,MAD22,MIPGAN_II,identity_disjoint_80_20,train,/nas-ctm01/datasets/public/BIOMETRICS/Face_Morphing/MAD22/original_sorted/MIPGAN_II/103_03-vs-108_03.png,103_03-vs-108_03.png,103_03-vs-108_03,103_03,108_03,103,108,/nas-ctm01/datasets/public/BIOMETRICS/Face_Morphing/MAD22/original_sorted/BonaFide/103_03.jpg,/nas-ctm01/datasets/public/BIOMETRICS/Face_Morphing/MAD22/original_sorted/BonaFide/108_03.jpg,620,117,123
478,MAD22,MIPGAN_II,identity_disjoint_80_20,train,/nas-ctm01/datasets/public/BIOMETRICS/Face_Morphing/MAD22/original_sorted/MIPGAN_II/103_03-vs-128_03.png,103_03-vs-128_03.png,103_03-vs-128_03,103_03,128_03,103,128,/nas-ctm01/datasets/public/BIOMETRICS/Face_Morphing/MAD22/original_sorted/BonaFide/103_03.jpg,/nas-ctm01/datasets/public/BIOMETRICS/Face_Morphing/MAD22/original_sorted/BonaFide/128_03.jpg,621,117,152
479,MAD22,MIPGAN_II,identity_disjoint_80_20,train,/nas-ctm01/datasets/public/BIOMETRICS/Face_Morphing/MAD22/original_sorted/MIPGAN_II/103_03-vs-143_03.png,103_03-vs-143_03.png,103_03-vs-143_03,103_03,143_03,103,143,/nas-ctm01/datasets/public/BIOMETRICS/Face_Morphing/MAD22/original_sorted/BonaFide/103_03.jpg,/nas-ctm01/datasets/public/BIOMETRICS/Face_Morphing/MAD22/original_sorted/BonaFide/143_03.jpg,622,117,177
480,MAD22,MIPGAN_II,identity_disjoint_80_20,train,/nas-ctm01/datasets/public/BIOMETRICS/Face_Morphing/MAD22/original_sorted/MIPGAN_II/103_08-vs-108_08.png,103_08-vs-108_08.png,103_08-vs-108_08,103_08,108_08,103,108,/nas-ctm01/datasets/public/BIOMETRICS/Face_Morphing/MAD22/original_sorted/BonaFide/103_08.jpg,/nas-ctm01/datasets/public/BIOMETRICS/Face_Morphing/MAD22/original_sorted/BonaFide/108_08.jpg,623,118,124
481,MAD22,MIPGAN_II,identity_disjoint_80_20,train,/nas-ctm01/datasets/public/BIOMETRICS/Face_Morphing/MAD22/original_sorted/MIPGAN_II/103_08-vs-128_08.png,103_08-vs-128_08.png,103_08-vs-128_08,103_08,128_08,103,128,/nas-ctm01/datasets/public/BIOMETRICS/Face_Morphing/MAD22/original_sorted/BonaFide/103_08.jpg,/nas-ctm01/datasets/public/BIOMETRICS/Face_Morphing/MAD22/original_sorted/BonaFide/128_08.jpg,624,118,153
482,MAD22,MIPGAN_II,identity_disjoint_80_20,train,/nas-ctm01/datasets/public/BIOMETRICS/Face_Morphing/MAD22/original_sorted/MIPGAN_II/104_03-vs-123_03.png,104_03-vs-123_03.png,104_03-vs-123_03,104_03,123_03,104,123,/nas-ctm01/datasets/public/BIOMETRICS/Face_Morphing/MAD22/original_sorted/BonaFide/104_03.jpg,/nas-ctm01/datasets/public/BIOMETRICS/Face_Morphing/MAD22/original_sorted/BonaFide/123_03.jpg,625,119,143
483,MAD22,MIPGAN_II,identity_disjoint_80_20,train,/nas-ctm01/datasets/public/BIOMETRICS/Face_Morphing/MAD22/original_sorted/MIPGAN_II/104_03-vs-130_03.png,104_03-vs-130_03.png,104_03-vs-130_03,104_03,130_03,104,130,/nas-ctm01/datasets/public/BIOMETRICS/Face_Morphing/MAD22/original_sorted/BonaFide/104_03.jpg,/nas-ctm01/datasets/public/BIOMETRICS/Face_Morphing/MAD22/original_sorted/BonaFide/130_03.jpg,626,119,156
484,MAD22,MIPGAN_II,identity_disjoint_80_20,train,/nas-ctm01/datasets/public/BIOMETRICS/Face_Morphing/MAD22/original_sorted/MIPGAN_II/107_03-vs-139_03.png,107_03-vs-139_03.png,107_03-vs-139_03,107_03,139_03,107,139,/nas-ctm01/datasets/public/BIOMETRICS/Face_Morphing/MAD22/original_sorted/BonaFide/107_03.jpg,/nas-ctm01/datasets/public/BIOMETRICS/Face_Morphing/MAD22/original_sorted/BonaFide/139_03.jpg,629,121,170
485,MAD22,MIPGAN_II,identity_disjoint_80_20,train,/nas-ctm01/datasets/public/BIOMETRICS/Face_Morphing/MAD22/original_sorted/MIPGAN_II/107_08-vs-118_08.png,107_08-vs-118_08.png,107_08-vs-118_08,107_08,118_08,107,118,/nas-ctm01/datasets/public/BIOMETRICS/Face_Morphing/MAD22/original_sorted/BonaFide/107_08.jpg,/nas-ctm01/datasets/public/BIOMETRICS/Face_Morphing/MAD22/original_sorted/BonaFide/118_08.jpg,630,122,134
486,MAD22,MIPGAN_II,identity_disjoint_80_20,train,/nas-ctm01/datasets/public/BIOMETRICS/Face_Morphing/MAD22/original_sorted/MIPGAN_II/107_08-vs-139_08.png,107_08-vs-139_08.png,107_08-vs-139_08,107_08,139_08,107,139,/nas-ctm01/datasets/public/BIOMETRICS/Face_Morphing/MAD22/original_sorted/BonaFide/107_08.jpg,/nas-ctm01/datasets/public/BIOMETRICS/Face_Morphing/MAD22/original_sorted/BonaFide/139_08.jpg,631,122,171
487,MAD22,MIPGAN_II,identity_disjoint_80_20,train,/nas-ctm01/datasets/public/BIOMETRICS/Face_Morphing/MAD22/original_sorted/MIPGAN_II/108_03-vs-128_03.png,108_03-vs-128_03.png,108_03-vs-128_03,108_03,128_03,108,128,/nas-ctm01/datasets/public/BIOMETRICS/Face_Morphing/MAD22/original_sorted/BonaFide/108_03.jpg,/nas-ctm01/datasets/public/BIOMETRICS/Face_Morphing/MAD22/original_sorted/BonaFide/128_03.jpg,632,123,152
488,MAD22,MIPGAN_II,identity_disjoint_80_20,train,/nas-ctm01/datasets/public/BIOMETRICS/Face_Morphing/MAD22/original_sorted/MIPGAN_II/108_03-vs-143_03.png,108_03-vs-143_03.png,108_03-vs-143_03,108_03,143_03,108,143,/nas-ctm01/datasets/public/BIOMETRICS/Face_Morphing/MAD22/original_sorted/BonaFide/108_03.jpg,/nas-ctm01/datasets/public/BIOMETRICS/Face_Morphing/MAD22/original_sorted/BonaFide/143_03.jpg,633,123,177
489,MAD22,MIPGAN_II,identity_disjoint_80_20,train,/nas-ctm01/datasets/public/BIOMETRICS/Face_Morphing/MAD22/original_sorted/MIPGAN_II/108_08-vs-128_08.png,108_08-vs-128_08.png,108_08-vs-128_08,108_08,128_08,108,128,/nas-ctm01/datasets/public/BIOMETRICS/Face_Morphing/MAD22/original_sorted/BonaFide/108_08.jpg,/nas-ctm01/datasets/public/BIOMETRICS/Face_Morphing/MAD22/original_sorted/BonaFide/128_08.jpg,635,124,153
490,MAD22,MIPGAN_II,identity_disjoint_80_20,train,/nas-ctm01/datasets/public/BIOMETRICS/Face_Morphing/MAD22/original_sorted/MIPGAN_II/108_08-vs-142_08.png,108_08-vs-142_08.png,108_08-vs-142_08,108_08,142_08,108,142,/nas-ctm01/datasets/public/BIOMETRICS/Face_Morphing/MAD22/original_sorted/BonaFide/108_08.jpg,/nas-ctm01/datasets/public/BIOMETRICS/Face_Morphing/MAD22/original_sorted/BonaFide/142_08.jpg,636,124,176
491,MAD22,MIPGAN_II,identity_disjoint_80_20,train,/nas-ctm01/datasets/public/BIOMETRICS/Face_Morphing/MAD22/original_sorted/MIPGAN_II/108_08-vs-143_08.png,108_08-vs-143_08.png,108_08-vs-143_08,108_08,143_08,108,143,/nas-ctm01/datasets/public/BIOMETRICS/Face_Morphing/MAD22/original_sorted/BonaFide/108_08.jpg,/nas-ctm01/datasets/public/BIOMETRICS/Face_Morphing/MAD22/original_sorted/BonaFide/143_08.jpg,637,124,178
492,MAD22,MIPGAN_II,identity_disjoint_80_20,train,/nas-ctm01/datasets/public/BIOMETRICS/Face_Morphing/MAD22/original_sorted/MIPGAN_II/112_03-vs-122_03.png,112_03-vs-122_03.png,112_03-vs-122_03,112_03,122_03,112,122,/nas-ctm01/datasets/public/BIOMETRICS/Face_Morphing/MAD22/original_sorted/BonaFide/112_03.jpg,/nas-ctm01/datasets/public/BIOMETRICS/Face_Morphing/MAD22/original_sorted/BonaFide/122_03.jpg,638,125,141
493,MAD22,MIPGAN_II,identity_disjoint_80_20,train,/nas-ctm01/datasets/public/BIOMETRICS/Face_Morphing/MAD22/original_sorted/MIPGAN_II/112_03-vs-129_03.png,112_03-vs-129_03.png,112_03-vs-129_03,112_03,129_03,112,129,/nas-ctm01/datasets/public/BIOMETRICS/Face_Morphing/MAD22/original_sorted/BonaFide/112_03.jpg,/nas-ctm01/datasets/public/BIOMETRICS/Face_Morphing/MAD22/original_sorted/BonaFide/129_03.jpg,639,125,154
494,MAD22,MIPGAN_II,identity_disjoint_80_20,train,/nas-ctm01/datasets/public/BIOMETRICS/Face_Morphing/MAD22/original_sorted/MIPGAN_II/112_03-vs-134_03.png,112_03-vs-134_03.png,112_03-vs-134_03,112_03,134_03,112,134,/nas-ctm01/datasets/public/BIOMETRICS/Face_Morphing/MAD22/original_sorted/BonaFide/112_03.jpg,/nas-ctm01/datasets/public/BIOMETRICS/Face_Morphing/MAD22/original_sorted/BonaFide/134_03.jpg,640,125,162
495,MAD22,MIPGAN_II,identity_disjoint_80_20,train,/nas-ctm01/datasets/public/BIOMETRICS/Face_Morphing/MAD22/original_sorted/MIPGAN_II/112_03-vs-139_03.png,112_03-vs-139_03.png,112_03-vs-139_03,112_03,139_03,112,139,/nas-ctm01/datasets/public/BIOMETRICS/Face_Morphing/MAD22/original_sorted/BonaFide/112_03.jpg,/nas-ctm01/datasets/public/BIOMETRICS/Face_Morphing/MAD22/original_sorted/BonaFide/139_03.jpg,641,125,170
496,MAD22,MIPGAN_II,identity_disjoint_80_20,train,/nas-ctm01/datasets/public/BIOMETRICS/Face_Morphing/MAD22/original_sorted/MIPGAN_II/113_03-vs-118_03.png,113_03-vs-118_03.png,113_03-vs-118_03,113_03,118_03,113,118,/nas-ctm01/datasets/public/BIOMETRICS/Face_Morphing/MAD22/original_sorted/BonaFide/113_03.jpg,/nas-ctm01/datasets/public/BIOMETRICS/Face_Morphing/MAD22/original_sorted/BonaFide/118_03.jpg,642,127,133
497,MAD22,MIPGAN_II,identity_disjoint_80_20,train,/nas-ctm01/datasets/public/BIOMETRICS/Face_Morphing/MAD22/original_sorted/MIPGAN_II/113_08-vs-118_08.png,113_08-vs-118_08.png,113_08-vs-118_08,113_08,118_08,113,118,/nas-ctm01/datasets/public/BIOMETRICS/Face_Morphing/MAD22/original_sorted/BonaFide/113_08.jpg,/nas-ctm01/datasets/public/BIOMETRICS/Face_Morphing/MAD22/original_sorted/BonaFide/118_08.jpg,643,128,134
498,MAD22,MIPGAN_II,identity_disjoint_80_20,train,/nas-ctm01/datasets/public/BIOMETRICS/Face_Morphing/MAD22/original_sorted/MIPGAN_II/113_08-vs-139_08.png,113_08-vs-139_08.png,113_08-vs-139_08,113_08,139_08,113,139,/nas-ctm01/datasets/public/BIOMETRICS/Face_Morphing/MAD22/original_sorted/BonaFide/113_08.jpg,/nas-ctm01/datasets/public/BIOMETRICS/Face_Morphing/MAD22/original_sorted/BonaFide/139_08.jpg,644,128,171
499,MAD22,MIPGAN_II,identity_disjoint_80_20,train,/nas-ctm01/datasets/public/BIOMETRICS/Face_Morphing/MAD22/original_sorted/MIPGAN_II/114_08-vs-125_08.png,114_08-vs-125_08.png,114_08-vs-125_08,114_08,125_08,114,125,/nas-ctm01/datasets/public/BIOMETRICS/Face_Morphing/MAD22/original_sorted/BonaFide/114_08.jpg,/nas-ctm01/datasets/public/BIOMETRICS/Face_Morphing/MAD22/original_sorted/BonaFide/125_08.jpg,645,129,148
500,MAD22,MIPGAN_II,identity_disjoint_80_20,train,/nas-ctm01/datasets/public/BIOMETRICS/Face_Morphing/MAD22/original_sorted/MIPGAN_II/114_08-vs-128_08.png,114_08-vs-128_08.png,114_08-vs-128_08,114_08,128_08,114,128,/nas-ctm01/datasets/public/BIOMETRICS/Face_Morphing/MAD22/original_sorted/BonaFide/114_08.jpg,/nas-ctm01/datasets/public/BIOMETRICS/Face_Morphing/MAD22/original_sorted/BonaFide/128_08.jpg,646,129,153
501,MAD22,MIPGAN_II,identity_disjoint_80_20,train,/nas-ctm01/datasets/public/BIOMETRICS/Face_Morphing/MAD22/original_sorted/MIPGAN_II/114_08-vs-132_08.png,114_08-vs-132_08.png,114_08-vs-132_08,114_08,132_08,114,132,/nas-ctm01/datasets/public/BIOMETRICS/Face_Morphing/MAD22/original_sorted/BonaFide/114_08.jpg,/nas-ctm01/datasets/public/BIOMETRICS/Face_Morphing/MAD22/original_sorted/BonaFide/132_08.jpg,647,129,161
502,MAD22,MIPGAN_II,identity_disjoint_80_20,train,/nas-ctm01/datasets/public/BIOMETRICS/Face_Morphing/MAD22/original_sorted/MIPGAN_II/115_03-vs-123_03.png,115_03-vs-123_03.png,115_03-vs-123_03,115_03,123_03,115,123,/nas-ctm01/datasets/public/BIOMETRICS/Face_Morphing/MAD22/original_sorted/BonaFide/115_03.jpg,/nas-ctm01/datasets/public/BIOMETRICS/Face_Morphing/MAD22/original_sorted/BonaFide/123_03.jpg,648,130,143
503,MAD22,MIPGAN_II,identity_disjoint_80_20,train,/nas-ctm01/datasets/public/BIOMETRICS/Face_Morphing/MAD22/original_sorted/MIPGAN_II/115_03-vs-125_03.png,115_03-vs-125_03.png,115_03-vs-125_03,115_03,125_03,115,125,/nas-ctm01/datasets/public/BIOMETRICS/Face_Morphing/MAD22/original_sorted/BonaFide/115_03.jpg,/nas-ctm01/datasets/public/BIOMETRICS/Face_Morphing/MAD22/original_sorted/BonaFide/125_03.jpg,649,130,147
504,MAD22,MIPGAN_II,identity_disjoint_80_20,train,/nas-ctm01/datasets/public/BIOMETRICS/Face_Morphing/MAD22/original_sorted/MIPGAN_II/115_03-vs-132_03.png,115_03-vs-132_03.png,115_03-vs-132_03,115_03,132_03,115,132,/nas-ctm01/datasets/public/BIOMETRICS/Face_Morphing/MAD22/original_sorted/BonaFide/115_03.jpg,/nas-ctm01/datasets/public/BIOMETRICS/Face_Morphing/MAD22/original_sorted/BonaFide/132_03.jpg,650,130,160
505,MAD22,MIPGAN_II,identity_disjoint_80_20,train,/nas-ctm01/datasets/public/BIOMETRICS/Face_Morphing/MAD22/original_sorted/MIPGAN_II/115_03-vs-142_03.png,115_03-vs-142_03.png,115_03-vs-142_03,115_03,142_03,115,142,/nas-ctm01/datasets/public/BIOMETRICS/Face_Morphing/MAD22/original_sorted/BonaFide/115_03.jpg,/nas-ctm01/datasets/public/BIOMETRICS/Face_Morphing/MAD22/original_sorted/BonaFide/142_03.jpg,651,130,175
506,MAD22,MIPGAN_II,identity_disjoint_80_20,train,/nas-ctm01/datasets/public/BIOMETRICS/Face_Morphing/MAD22/original_sorted/MIPGAN_II/115_08-vs-125_08.png,115_08-vs-125_08.png,115_08-vs-125_08,115_08,125_08,115,125,/nas-ctm01/datasets/public/BIOMETRICS/Face_Morphing/MAD22/original_sorted/BonaFide/115_08.jpg,/nas-ctm01/datasets/public/BIOMETRICS/Face_Morphing/MAD22/original_sorted/BonaFide/125_08.jpg,652,131,148
507,MAD22,MIPGAN_II,identity_disjoint_80_20,train,/nas-ctm01/datasets/public/BIOMETRICS/Face_Morphing/MAD22/original_sorted/MIPGAN_II/115_08-vs-132_08.png,115_08-vs-132_08.png,115_08-vs-132_08,115_08,132_08,115,132,/nas-ctm01/datasets/public/BIOMETRICS/Face_Morphing/MAD22/original_sorted/BonaFide/115_08.jpg,/nas-ctm01/datasets/public/BIOMETRICS/Face_Morphing/MAD22/original_sorted/BonaFide/132_08.jpg,653,131,161
508,MAD22,MIPGAN_II,identity_disjoint_80_20,train,/nas-ctm01/datasets/public/BIOMETRICS/Face_Morphing/MAD22/original_sorted/MIPGAN_II/115_08-vs-142_08.png,115_08-vs-142_08.png,115_08-vs-142_08,115_08,142_08,115,142,/nas-ctm01/datasets/public/BIOMETRICS/Face_Morphing/MAD22/original_sorted/BonaFide/115_08.jpg,/nas-ctm01/datasets/public/BIOMETRICS/Face_Morphing/MAD22/original_sorted/BonaFide/142_08.jpg,654,131,176
509,MAD22,MIPGAN_II,identity_disjoint_80_20,train,/nas-ctm01/datasets/public/BIOMETRICS/Face_Morphing/MAD22/original_sorted/MIPGAN_II/118_03-vs-139_03.png,118_03-vs-139_03.png,118_03-vs-139_03,118_03,139_03,118,139,/nas-ctm01/datasets/public/BIOMETRICS/Face_Morphing/MAD22/original_sorted/BonaFide/118_03.jpg,/nas-ctm01/datasets/public/BIOMETRICS/Face_Morphing/MAD22/original_sorted/BonaFide/139_03.jpg,659,133,170
510,MAD22,MIPGAN_II,identity_disjoint_80_20,train,/nas-ctm01/datasets/public/BIOMETRICS/Face_Morphing/MAD22/original_sorted/MIPGAN_II/118_08-vs-139_08.png,118_08-vs-139_08.png,118_08-vs-139_08,118_08,139_08,118,139,/nas-ctm01/datasets/public/BIOMETRICS/Face_Morphing/MAD22/original_sorted/BonaFide/118_08.jpg,/nas-ctm01/datasets/public/BIOMETRICS/Face_Morphing/MAD22/original_sorted/BonaFide/139_08.jpg,660,134,171
511,MAD22,MIPGAN_II,identity_disjoint_80_20,train,/nas-ctm01/datasets/public/BIOMETRICS/Face_Morphing/MAD22/original_sorted/MIPGAN_II/118_08-vs-144_08.png,118_08-vs-144_08.png,118_08-vs-144_08,118_08,144_08,118,144,/nas-ctm01/datasets/public/BIOMETRICS/Face_Morphing/MAD22/original_sorted/BonaFide/118_08.jpg,/nas-ctm01/datasets/public/BIOMETRICS/Face_Morphing/MAD22/original_sorted/BonaFide/144_08.jpg,661,134,180
512,MAD22,MIPGAN_II,identity_disjoint_80_20,train,/nas-ctm01/datasets/public/BIOMETRICS/Face_Morphing/MAD22/original_sorted/MIPGAN_II/120_03-vs-136_03.png,120_03-vs-136_03.png,120_03-vs-136_03,120_03,136_03,120,136,/nas-ctm01/datasets/public/BIOMETRICS/Face_Morphing/MAD22/original_sorted/BonaFide/120_03.jpg,/nas-ctm01/datasets/public/BIOMETRICS/Face_Morphing/MAD22/original_sorted/BonaFide/136_03.jpg,663,137,166
513,MAD22,MIPGAN_II,identity_disjoint_80_20,train,/nas-ctm01/datasets/public/BIOMETRICS/Face_Morphing/MAD22/original_sorted/MIPGAN_II/120_03-vs-144_03.png,120_03-vs-144_03.png,120_03-vs-144_03,120_03,144_03,120,144,/nas-ctm01/datasets/public/BIOMETRICS/Face_Morphing/MAD22/original_sorted/BonaFide/120_03.jpg,/nas-ctm01/datasets/public/BIOMETRICS/Face_Morphing/MAD22/original_sorted/BonaFide/144_03.jpg,664,137,179
514,MAD22,MIPGAN_II,identity_disjoint_80_20,train,/nas-ctm01/datasets/public/BIOMETRICS/Face_Morphing/MAD22/original_sorted/MIPGAN_II/120_08-vs-135_08.png,120_08-vs-135_08.png,120_08-vs-135_08,120_08,135_08,120,135,/nas-ctm01/datasets/public/BIOMETRICS/Face_Morphing/MAD22/original_sorted/BonaFide/120_08.jpg,/nas-ctm01/datasets/public/BIOMETRICS/Face_Morphing/MAD22/original_sorted/BonaFide/135_08.jpg,665,138,165
515,MAD22,MIPGAN_II,identity_disjoint_80_20,train,/nas-ctm01/datasets/public/BIOMETRICS/Face_Morphing/MAD22/original_sorted/MIPGAN_II/120_08-vs-136_08.png,120_08-vs-136_08.png,120_08-vs-136_08,120_08,136_08,120,136,/nas-ctm01/datasets/public/BIOMETRICS/Face_Morphing/MAD22/original_sorted/BonaFide/120_08.jpg,/nas-ctm01/datasets/public/BIOMETRICS/Face_Morphing/MAD22/original_sorted/BonaFide/136_08.jpg,666,138,167
516,MAD22,MIPGAN_II,identity_disjoint_80_20,train,/nas-ctm01/datasets/public/BIOMETRICS/Face_Morphing/MAD22/original_sorted/MIPGAN_II/120_08-vs-144_08.png,120_08-vs-144_08.png,120_08-vs-144_08,120_08,144_08,120,144,/nas-ctm01/datasets/public/BIOMETRICS/Face_Morphing/MAD22/original_sorted/BonaFide/120_08.jpg,/nas-ctm01/datasets/public/BIOMETRICS/Face_Morphing/MAD22/original_sorted/BonaFide/144_08.jpg,667,138,180
517,MAD22,MIPGAN_II,identity_disjoint_80_20,train,/nas-ctm01/datasets/public/BIOMETRICS/Face_Morphing/MAD22/original_sorted/MIPGAN_II/122_03-vs-129_03.png,122_03-vs-129_03.png,122_03-vs-129_03,122_03,129_03,122,129,/nas-ctm01/datasets/public/BIOMETRICS/Face_Morphing/MAD22/original_sorted/BonaFide/122_03.jpg,/nas-ctm01/datasets/public/BIOMETRICS/Face_Morphing/MAD22/original_sorted/BonaFide/129_03.jpg,671,141,154
518,MAD22,MIPGAN_II,identity_disjoint_80_20,train,/nas-ctm01/datasets/public/BIOMETRICS/Face_Morphing/MAD22/original_sorted/MIPGAN_II/122_08-vs-129_08.png,122_08-vs-129_08.png,122_08-vs-129_08,122_08,129_08,122,129,/nas-ctm01/datasets/public/BIOMETRICS/Face_Morphing/MAD22/original_sorted/BonaFide/122_08.jpg,/nas-ctm01/datasets/public/BIOMETRICS/Face_Morphing/MAD22/original_sorted/BonaFide/129_08.jpg,672,142,155
519,MAD22,MIPGAN_II,identity_disjoint_80_20,train,/nas-ctm01/datasets/public/BIOMETRICS/Face_Morphing/MAD22/original_sorted/MIPGAN_II/122_08-vs-139_08.png,122_08-vs-139_08.png,122_08-vs-139_08,122_08,139_08,122,139,/nas-ctm01/datasets/public/BIOMETRICS/Face_Morphing/MAD22/original_sorted/BonaFide/122_08.jpg,/nas-ctm01/datasets/public/BIOMETRICS/Face_Morphing/MAD22/original_sorted/BonaFide/139_08.jpg,673,142,171
520,MAD22,MIPGAN_II,identity_disjoint_80_20,train,/nas-ctm01/datasets/public/BIOMETRICS/Face_Morphing/MAD22/original_sorted/MIPGAN_II/123_03-vs-130_03.png,123_03-vs-130_03.png,123_03-vs-130_03,123_03,130_03,123,130,/nas-ctm01/datasets/public/BIOMETRICS/Face_Morphing/MAD22/original_sorted/BonaFide/123_03.jpg,/nas-ctm01/datasets/public/BIOMETRICS/Face_Morphing/MAD22/original_sorted/BonaFide/130_03.jpg,674,143,156
521,MAD22,MIPGAN_II,identity_disjoint_80_20,train,/nas-ctm01/datasets/public/BIOMETRICS/Face_Morphing/MAD22/original_sorted/MIPGAN_II/123_03-vs-138_03.png,123_03-vs-138_03.png,123_03-vs-138_03,123_03,138_03,123,138,/nas-ctm01/datasets/public/BIOMETRICS/Face_Morphing/MAD22/original_sorted/BonaFide/123_03.jpg,/nas-ctm01/datasets/public/BIOMETRICS/Face_Morphing/MAD22/original_sorted/BonaFide/138_03.jpg,675,143,169
522,MAD22,MIPGAN_II,identity_disjoint_80_20,train,/nas-ctm01/datasets/public/BIOMETRICS/Face_Morphing/MAD22/original_sorted/MIPGAN_II/123_03-vs-142_03.png,123_03-vs-142_03.png,123_03-vs-142_03,123_03,142_03,123,142,/nas-ctm01/datasets/public/BIOMETRICS/Face_Morphing/MAD22/original_sorted/BonaFide/123_03.jpg,/nas-ctm01/datasets/public/BIOMETRICS/Face_Morphing/MAD22/original_sorted/BonaFide/142_03.jpg,676,143,175
523,MAD22,MIPGAN_II,identity_disjoint_80_20,train,/nas-ctm01/datasets/public/BIOMETRICS/Face_Morphing/MAD22/original_sorted/MIPGAN_II/124_03-vs-126_03.png,124_03-vs-126_03.png,124_03-vs-126_03,124_03,126_03,124,126,/nas-ctm01/datasets/public/BIOMETRICS/Face_Morphing/MAD22/original_sorted/BonaFide/124_03.jpg,/nas-ctm01/datasets/public/BIOMETRICS/Face_Morphing/MAD22/original_sorted/BonaFide/126_03.jpg,678,145,149
524,MAD22,MIPGAN_II,identity_disjoint_80_20,train,/nas-ctm01/datasets/public/BIOMETRICS/Face_Morphing/MAD22/original_sorted/MIPGAN_II/124_03-vs-136_03.png,124_03-vs-136_03.png,124_03-vs-136_03,124_03,136_03,124,136,/nas-ctm01/datasets/public/BIOMETRICS/Face_Morphing/MAD22/original_sorted/BonaFide/124_03.jpg,/nas-ctm01/datasets/public/BIOMETRICS/Face_Morphing/MAD22/original_sorted/BonaFide/136_03.jpg,679,145,166
525,MAD22,MIPGAN_II,identity_disjoint_80_20,train,/nas-ctm01/datasets/public/BIOMETRICS/Face_Morphing/MAD22/original_sorted/MIPGAN_II/124_08-vs-136_08.png,124_08-vs-136_08.png,124_08-vs-136_08,124_08,136_08,124,136,/nas-ctm01/datasets/public/BIOMETRICS/Face_Morphing/MAD22/original_sorted/BonaFide/124_08.jpg,/nas-ctm01/datasets/public/BIOMETRICS/Face_Morphing/MAD22/original_sorted/BonaFide/136_08.jpg,680,146,167
526,MAD22,MIPGAN_II,identity_disjoint_80_20,train,/nas-ctm01/datasets/public/BIOMETRICS/Face_Morphing/MAD22/original_sorted/MIPGAN_II/125_03-vs-132_03.png,125_03-vs-132_03.png,125_03-vs-132_03,125_03,132_03,125,132,/nas-ctm01/datasets/public/BIOMETRICS/Face_Morphing/MAD22/original_sorted/BonaFide/125_03.jpg,/nas-ctm01/datasets/public/BIOMETRICS/Face_Morphing/MAD22/original_sorted/BonaFide/132_03.jpg,681,147,160
527,MAD22,MIPGAN_II,identity_disjoint_80_20,train,/nas-ctm01/datasets/public/BIOMETRICS/Face_Morphing/MAD22/original_sorted/MIPGAN_II/125_03-vs-138_03.png,125_03-vs-138_03.png,125_03-vs-138_03,125_03,138_03,125,138,/nas-ctm01/datasets/public/BIOMETRICS/Face_Morphing/MAD22/original_sorted/BonaFide/125_03.jpg,/nas-ctm01/datasets/public/BIOMETRICS/Face_Morphing/MAD22/original_sorted/BonaFide/138_03.jpg,682,147,169
528,MAD22,MIPGAN_II,identity_disjoint_80_20,train,/nas-ctm01/datasets/public/BIOMETRICS/Face_Morphing/MAD22/original_sorted/MIPGAN_II/125_03-vs-172_03.png,125_03-vs-172_03.png,125_03-vs-172_03,125_03,172_03,125,172,/nas-ctm01/datasets/public/BIOMETRICS/Face_Morphing/MAD22/original_sorted/BonaFide/125_03.jpg,/nas-ctm01/datasets/public/BIOMETRICS/Face_Morphing/MAD22/original_sorted/BonaFide/172_03.jpg,683,147,181
529,MAD22,MIPGAN_II,identity_disjoint_80_20,train,/nas-ctm01/datasets/public/BIOMETRICS/Face_Morphing/MAD22/original_sorted/MIPGAN_II/125_08-vs-141_08.png,125_08-vs-141_08.png,125_08-vs-141_08,125_08,141_08,125,141,/nas-ctm01/datasets/public/BIOMETRICS/Face_Morphing/MAD22/original_sorted/BonaFide/125_08.jpg,/nas-ctm01/datasets/public/BIOMETRICS/Face_Morphing/MAD22/original_sorted/BonaFide/141_08.jpg,685,148,174
530,MAD22,MIPGAN_II,identity_disjoint_80_20,train,/nas-ctm01/datasets/public/BIOMETRICS/Face_Morphing/MAD22/original_sorted/MIPGAN_II/125_08-vs-172_08.png,125_08-vs-172_08.png,125_08-vs-172_08,125_08,172_08,125,172,/nas-ctm01/datasets/public/BIOMETRICS/Face_Morphing/MAD22/original_sorted/BonaFide/125_08.jpg,/nas-ctm01/datasets/public/BIOMETRICS/Face_Morphing/MAD22/original_sorted/BonaFide/172_08.jpg,686,148,182
531,MAD22,MIPGAN_II,identity_disjoint_80_20,train,/nas-ctm01/datasets/public/BIOMETRICS/Face_Morphing/MAD22/original_sorted/MIPGAN_II/126_03-vs-136_03.png,126_03-vs-136_03.png,126_03-vs-136_03,126_03,136_03,126,136,/nas-ctm01/datasets/public/BIOMETRICS/Face_Morphing/MAD22/original_sorted/BonaFide/126_03.jpg,/nas-ctm01/datasets/public/BIOMETRICS/Face_Morphing/MAD22/original_sorted/BonaFide/136_03.jpg,688,149,166
532,MAD22,MIPGAN_II,identity_disjoint_80_20,train,/nas-ctm01/datasets/public/BIOMETRICS/Face_Morphing/MAD22/original_sorted/MIPGAN_II/126_03-vs-144_03.png,126_03-vs-144_03.png,126_03-vs-144_03,126_03,144_03,126,144,/nas-ctm01/datasets/public/BIOMETRICS/Face_Morphing/MAD22/original_sorted/BonaFide/126_03.jpg,/nas-ctm01/datasets/public/BIOMETRICS/Face_Morphing/MAD22/original_sorted/BonaFide/144_03.jpg,689,149,179
533,MAD22,MIPGAN_II,identity_disjoint_80_20,train,/nas-ctm01/datasets/public/BIOMETRICS/Face_Morphing/MAD22/original_sorted/MIPGAN_II/126_08-vs-127_08.png,126_08-vs-127_08.png,126_08-vs-127_08,126_08,127_08,126,127,/nas-ctm01/datasets/public/BIOMETRICS/Face_Morphing/MAD22/original_sorted/BonaFide/126_08.jpg,/nas-ctm01/datasets/public/BIOMETRICS/Face_Morphing/MAD22/original_sorted/BonaFide/127_08.jpg,690,150,151
534,MAD22,MIPGAN_II,identity_disjoint_80_20,train,/nas-ctm01/datasets/public/BIOMETRICS/Face_Morphing/MAD22/original_sorted/MIPGAN_II/126_08-vs-136_08.png,126_08-vs-136_08.png,126_08-vs-136_08,126_08,136_08,126,136,/nas-ctm01/datasets/public/BIOMETRICS/Face_Morphing/MAD22/original_sorted/BonaFide/126_08.jpg,/nas-ctm01/datasets/public/BIOMETRICS/Face_Morphing/MAD22/original_sorted/BonaFide/136_08.jpg,691,150,167
535,MAD22,MIPGAN_II,identity_disjoint_80_20,train,/nas-ctm01/datasets/public/BIOMETRICS/Face_Morphing/MAD22/original_sorted/MIPGAN_II/126_08-vs-144_08.png,126_08-vs-144_08.png,126_08-vs-144_08,126_08,144_08,126,144,/nas-ctm01/datasets/public/BIOMETRICS/Face_Morphing/MAD22/original_sorted/BonaFide/126_08.jpg,/nas-ctm01/datasets/public/BIOMETRICS/Face_Morphing/MAD22/original_sorted/BonaFide/144_08.jpg,692,150,180
536,MAD22,MIPGAN_II,identity_disjoint_80_20,train,/nas-ctm01/datasets/public/BIOMETRICS/Face_Morphing/MAD22/original_sorted/MIPGAN_II/128_03-vs-130_03.png,128_03-vs-130_03.png,128_03-vs-130_03,128_03,130_03,128,130,/nas-ctm01/datasets/public/BIOMETRICS/Face_Morphing/MAD22/original_sorted/BonaFide/128_03.jpg,/nas-ctm01/datasets/public/BIOMETRICS/Face_Morphing/MAD22/original_sorted/BonaFide/130_03.jpg,693,152,156
537,MAD22,MIPGAN_II,identity_disjoint_80_20,train,/nas-ctm01/datasets/public/BIOMETRICS/Face_Morphing/MAD22/original_sorted/MIPGAN_II/128_03-vs-138_03.png,128_03-vs-138_03.png,128_03-vs-138_03,128_03,138_03,128,138,/nas-ctm01/datasets/public/BIOMETRICS/Face_Morphing/MAD22/original_sorted/BonaFide/128_03.jpg,/nas-ctm01/datasets/public/BIOMETRICS/Face_Morphing/MAD22/original_sorted/BonaFide/138_03.jpg,694,152,169
538,MAD22,MIPGAN_II,identity_disjoint_80_20,train,/nas-ctm01/datasets/public/BIOMETRICS/Face_Morphing/MAD22/original_sorted/MIPGAN_II/128_03-vs-141_03.png,128_03-vs-141_03.png,128_03-vs-141_03,128_03,141_03,128,141,/nas-ctm01/datasets/public/BIOMETRICS/Face_Morphing/MAD22/original_sorted/BonaFide/128_03.jpg,/nas-ctm01/datasets/public/BIOMETRICS/Face_Morphing/MAD22/original_sorted/BonaFide/141_03.jpg,695,152,173
539,MAD22,MIPGAN_II,identity_disjoint_80_20,train,/nas-ctm01/datasets/public/BIOMETRICS/Face_Morphing/MAD22/original_sorted/MIPGAN_II/128_03-vs-142_03.png,128_03-vs-142_03.png,128_03-vs-142_03,128_03,142_03,128,142,/nas-ctm01/datasets/public/BIOMETRICS/Face_Morphing/MAD22/original_sorted/BonaFide/128_03.jpg,/nas-ctm01/datasets/public/BIOMETRICS/Face_Morphing/MAD22/original_sorted/BonaFide/142_03.jpg,696,152,175
540,MAD22,MIPGAN_II,identity_disjoint_80_20,train,/nas-ctm01/datasets/public/BIOMETRICS/Face_Morphing/MAD22/original_sorted/MIPGAN_II/128_03-vs-143_03.png,128_03-vs-143_03.png,128_03-vs-143_03,128_03,143_03,128,143,/nas-ctm01/datasets/public/BIOMETRICS/Face_Morphing/MAD22/original_sorted/BonaFide/128_03.jpg,/nas-ctm01/datasets/public/BIOMETRICS/Face_Morphing/MAD22/original_sorted/BonaFide/143_03.jpg,697,152,177
541,MAD22,MIPGAN_II,identity_disjoint_80_20,train,/nas-ctm01/datasets/public/BIOMETRICS/Face_Morphing/MAD22/original_sorted/MIPGAN_II/128_08-vs-130_08.png,128_08-vs-130_08.png,128_08-vs-130_08,128_08,130_08,128,130,/nas-ctm01/datasets/public/BIOMETRICS/Face_Morphing/MAD22/original_sorted/BonaFide/128_08.jpg,/nas-ctm01/datasets/public/BIOMETRICS/Face_Morphing/MAD22/original_sorted/BonaFide/130_08.jpg,698,153,157
542,MAD22,MIPGAN_II,identity_disjoint_80_20,train,/nas-ctm01/datasets/public/BIOMETRICS/Face_Morphing/MAD22/original_sorted/MIPGAN_II/128_08-vs-132_08.png,128_08-vs-132_08.png,128_08-vs-132_08,128_08,132_08,128,132,/nas-ctm01/datasets/public/BIOMETRICS/Face_Morphing/MAD22/original_sorted/BonaFide/128_08.jpg,/nas-ctm01/datasets/public/BIOMETRICS/Face_Morphing/MAD22/original_sorted/BonaFide/132_08.jpg,699,153,161
543,MAD22,MIPGAN_II,identity_disjoint_80_20,train,/nas-ctm01/datasets/public/BIOMETRICS/Face_Morphing/MAD22/original_sorted/MIPGAN_II/128_08-vs-141_08.png,128_08-vs-141_08.png,128_08-vs-141_08,128_08,141_08,128,141,/nas-ctm01/datasets/public/BIOMETRICS/Face_Morphing/MAD22/original_sorted/BonaFide/128_08.jpg,/nas-ctm01/datasets/public/BIOMETRICS/Face_Morphing/MAD22/original_sorted/BonaFide/141_08.jpg,701,153,174
544,MAD22,MIPGAN_II,identity_disjoint_80_20,train,/nas-ctm01/datasets/public/BIOMETRICS/Face_Morphing/MAD22/original_sorted/MIPGAN_II/128_08-vs-143_08.png,128_08-vs-143_08.png,128_08-vs-143_08,128_08,143_08,128,143,/nas-ctm01/datasets/public/BIOMETRICS/Face_Morphing/MAD22/original_sorted/BonaFide/128_08.jpg,/nas-ctm01/datasets/public/BIOMETRICS/Face_Morphing/MAD22/original_sorted/BonaFide/143_08.jpg,702,153,178
545,MAD22,MIPGAN_II,identity_disjoint_80_20,train,/nas-ctm01/datasets/public/BIOMETRICS/Face_Morphing/MAD22/original_sorted/MIPGAN_II/130_03-vs-131_03.png,130_03-vs-131_03.png,130_03-vs-131_03,130_03,131_03,130,131,/nas-ctm01/datasets/public/BIOMETRICS/Face_Morphing/MAD22/original_sorted/BonaFide/130_03.jpg,/nas-ctm01/datasets/public/BIOMETRICS/Face_Morphing/MAD22/original_sorted/BonaFide/131_03.jpg,703,156,158
546,MAD22,MIPGAN_II,identity_disjoint_80_20,train,/nas-ctm01/datasets/public/BIOMETRICS/Face_Morphing/MAD22/original_sorted/MIPGAN_II/130_03-vs-138_03.png,130_03-vs-138_03.png,130_03-vs-138_03,130_03,138_03,130,138,/nas-ctm01/datasets/public/BIOMETRICS/Face_Morphing/MAD22/original_sorted/BonaFide/130_03.jpg,/nas-ctm01/datasets/public/BIOMETRICS/Face_Morphing/MAD22/original_sorted/BonaFide/138_03.jpg,704,156,169
547,MAD22,MIPGAN_II,identity_disjoint_80_20,train,/nas-ctm01/datasets/public/BIOMETRICS/Face_Morphing/MAD22/original_sorted/MIPGAN_II/130_03-vs-141_03.png,130_03-vs-141_03.png,130_03-vs-141_03,130_03,141_03,130,141,/nas-ctm01/datasets/public/BIOMETRICS/Face_Morphing/MAD22/original_sorted/BonaFide/130_03.jpg,/nas-ctm01/datasets/public/BIOMETRICS/Face_Morphing/MAD22/original_sorted/BonaFide/141_03.jpg,705,156,173
548,MAD22,MIPGAN_II,identity_disjoint_80_20,train,/nas-ctm01/datasets/public/BIOMETRICS/Face_Morphing/MAD22/original_sorted/MIPGAN_II/130_08-vs-131_08.png,130_08-vs-131_08.png,130_08-vs-131_08,130_08,131_08,130,131,/nas-ctm01/datasets/public/BIOMETRICS/Face_Morphing/MAD22/original_sorted/BonaFide/130_08.jpg,/nas-ctm01/datasets/public/BIOMETRICS/Face_Morphing/MAD22/original_sorted/BonaFide/131_08.jpg,706,157,159
549,MAD22,MIPGAN_II,identity_disjoint_80_20,train,/nas-ctm01/datasets/public/BIOMETRICS/Face_Morphing/MAD22/original_sorted/MIPGAN_II/130_08-vs-132_08.png,130_08-vs-132_08.png,130_08-vs-132_08,130_08,132_08,130,132,/nas-ctm01/datasets/public/BIOMETRICS/Face_Morphing/MAD22/original_sorted/BonaFide/130_08.jpg,/nas-ctm01/datasets/public/BIOMETRICS/Face_Morphing/MAD22/original_sorted/BonaFide/132_08.jpg,707,157,161
550,MAD22,MIPGAN_II,identity_disjoint_80_20,train,/nas-ctm01/datasets/public/BIOMETRICS/Face_Morphing/MAD22/original_sorted/MIPGAN_II/131_03-vs-138_03.png,131_03-vs-138_03.png,131_03-vs-138_03,131_03,138_03,131,138,/nas-ctm01/datasets/public/BIOMETRICS/Face_Morphing/MAD22/original_sorted/BonaFide/131_03.jpg,/nas-ctm01/datasets/public/BIOMETRICS/Face_Morphing/MAD22/original_sorted/BonaFide/138_03.jpg,708,158,169
551,MAD22,MIPGAN_II,identity_disjoint_80_20,train,/nas-ctm01/datasets/public/BIOMETRICS/Face_Morphing/MAD22/original_sorted/MIPGAN_II/131_03-vs-172_03.png,131_03-vs-172_03.png,131_03-vs-172_03,131_03,172_03,131,172,/nas-ctm01/datasets/public/BIOMETRICS/Face_Morphing/MAD22/original_sorted/BonaFide/131_03.jpg,/nas-ctm01/datasets/public/BIOMETRICS/Face_Morphing/MAD22/original_sorted/BonaFide/172_03.jpg,709,158,181
552,MAD22,MIPGAN_II,identity_disjoint_80_20,train,/nas-ctm01/datasets/public/BIOMETRICS/Face_Morphing/MAD22/original_sorted/MIPGAN_II/131_08-vs-172_08.png,131_08-vs-172_08.png,131_08-vs-172_08,131_08,172_08,131,172,/nas-ctm01/datasets/public/BIOMETRICS/Face_Morphing/MAD22/original_sorted/BonaFide/131_08.jpg,/nas-ctm01/datasets/public/BIOMETRICS/Face_Morphing/MAD22/original_sorted/BonaFide/172_08.jpg,710,159,182
553,MAD22,MIPGAN_II,identity_disjoint_80_20,train,/nas-ctm01/datasets/public/BIOMETRICS/Face_Morphing/MAD22/original_sorted/MIPGAN_II/132_03-vs-172_03.png,132_03-vs-172_03.png,132_03-vs-172_03,132_03,172_03,132,172,/nas-ctm01/datasets/public/BIOMETRICS/Face_Morphing/MAD22/original_sorted/BonaFide/132_03.jpg,/nas-ctm01/datasets/public/BIOMETRICS/Face_Morphing/MAD22/original_sorted/BonaFide/172_03.jpg,711,160,181
554,MAD22,MIPGAN_II,identity_disjoint_80_20,train,/nas-ctm01/datasets/public/BIOMETRICS/Face_Morphing/MAD22/original_sorted/MIPGAN_II/132_08-vs-172_08.png,132_08-vs-172_08.png,132_08-vs-172_08,132_08,172_08,132,172,/nas-ctm01/datasets/public/BIOMETRICS/Face_Morphing/MAD22/original_sorted/BonaFide/132_08.jpg,/nas-ctm01/datasets/public/BIOMETRICS/Face_Morphing/MAD22/original_sorted/BonaFide/172_08.jpg,712,161,182
555,MAD22,MIPGAN_II,identity_disjoint_80_20,train,/nas-ctm01/datasets/public/BIOMETRICS/Face_Morphing/MAD22/original_sorted/MIPGAN_II/134_03-vs-139_03.png,134_03-vs-139_03.png,134_03-vs-139_03,134_03,139_03,134,139,/nas-ctm01/datasets/public/BIOMETRICS/Face_Morphing/MAD22/original_sorted/BonaFide/134_03.jpg,/nas-ctm01/datasets/public/BIOMETRICS/Face_Morphing/MAD22/original_sorted/BonaFide/139_03.jpg,713,162,170
556,MAD22,MIPGAN_II,identity_disjoint_80_20,train,/nas-ctm01/datasets/public/BIOMETRICS/Face_Morphing/MAD22/original_sorted/MIPGAN_II/136_03-vs-144_03.png,136_03-vs-144_03.png,136_03-vs-144_03,136_03,144_03,136,144,/nas-ctm01/datasets/public/BIOMETRICS/Face_Morphing/MAD22/original_sorted/BonaFide/136_03.jpg,/nas-ctm01/datasets/public/BIOMETRICS/Face_Morphing/MAD22/original_sorted/BonaFide/144_03.jpg,714,166,179
557,MAD22,MIPGAN_II,identity_disjoint_80_20,train,/nas-ctm01/datasets/public/BIOMETRICS/Face_Morphing/MAD22/original_sorted/MIPGAN_II/136_08-vs-144_08.png,136_08-vs-144_08.png,136_08-vs-144_08,136_08,144_08,136,144,/nas-ctm01/datasets/public/BIOMETRICS/Face_Morphing/MAD22/original_sorted/BonaFide/136_08.jpg,/nas-ctm01/datasets/public/BIOMETRICS/Face_Morphing/MAD22/original_sorted/BonaFide/144_08.jpg,715,167,180
558,MAD22,MIPGAN_II,identity_disjoint_80_20,train,/nas-ctm01/datasets/public/BIOMETRICS/Face_Morphing/MAD22/original_sorted/MIPGAN_II/138_03-vs-141_03.png,138_03-vs-141_03.png,138_03-vs-141_03,138_03,141_03,138,141,/nas-ctm01/datasets/public/BIOMETRICS/Face_Morphing/MAD22/original_sorted/BonaFide/138_03.jpg,/nas-ctm01/datasets/public/BIOMETRICS/Face_Morphing/MAD22/original_sorted/BonaFide/141_03.jpg,717,169,173
559,MAD22,MIPGAN_II,identity_disjoint_80_20,train,/nas-ctm01/datasets/public/BIOMETRICS/Face_Morphing/MAD22/original_sorted/MIPGAN_II/139_03-vs-144_03.png,139_03-vs-144_03.png,139_03-vs-144_03,139_03,144_03,139,144,/nas-ctm01/datasets/public/BIOMETRICS/Face_Morphing/MAD22/original_sorted/BonaFide/139_03.jpg,/nas-ctm01/datasets/public/BIOMETRICS/Face_Morphing/MAD22/original_sorted/BonaFide/144_03.jpg,718,170,179
560,MAD22,MIPGAN_II,identity_disjoint_80_20,train,/nas-ctm01/datasets/public/BIOMETRICS/Face_Morphing/MAD22/original_sorted/MIPGAN_II/141_03-vs-143_03.png,141_03-vs-143_03.png,141_03-vs-143_03,141_03,143_03,141,143,/nas-ctm01/datasets/public/BIOMETRICS/Face_Morphing/MAD22/original_sorted/BonaFide/141_03.jpg,/nas-ctm01/datasets/public/BIOMETRICS/Face_Morphing/MAD22/original_sorted/BonaFide/143_03.jpg,721,173,177
561,MAD22,MIPGAN_II,identity_disjoint_80_20,train,/nas-ctm01/datasets/public/BIOMETRICS/Face_Morphing/MAD22/original_sorted/MIPGAN_II/141_08-vs-143_08.png,141_08-vs-143_08.png,141_08-vs-143_08,141_08,143_08,141,143,/nas-ctm01/datasets/public/BIOMETRICS/Face_Morphing/MAD22/original_sorted/BonaFide/141_08.jpg,/nas-ctm01/datasets/public/BIOMETRICS/Face_Morphing/MAD22/original_sorted/BonaFide/143_08.jpg,722,174,178
