embedding_index,dataset,method,scenario,split,morph_image_path,morph_filename,morph_stem,accomplice_stem,criminal_stem,accomplice_id,criminal_id,accomplice_image_path,criminal_image_path,morph_cache_index,accomplice_cache_index,criminal_cache_index
0,MAD22,Webmorph,identity_disjoint_80_20,train,/nas-ctm01/datasets/public/BIOMETRICS/Face_Morphing/MAD22/original_sorted/Webmorph/001_03-vs-010_03.jpg,001_03-vs-010_03.jpg,001_03-vs-010_03,001_03,010_03,001,010,/nas-ctm01/datasets/public/BIOMETRICS/Face_Morphing/MAD22/original_sorted/BonaFide/001_03.jpg,/nas-ctm01/datasets/public/BIOMETRICS/Face_Morphing/MAD22/original_sorted/BonaFide/010_03.jpg,0,0,16
1,MAD22,Webmorph,identity_disjoint_80_20,train,/nas-ctm01/datasets/public/BIOMETRICS/Face_Morphing/MAD22/original_sorted/Webmorph/001_03-vs-014_03.jpg,001_03-vs-014_03.jpg,001_03-vs-014_03,001_03,014_03,001,014,/nas-ctm01/datasets/public/BIOMETRICS/Face_Morphing/MAD22/original_sorted/BonaFide/001_03.jpg,/nas-ctm01/datasets/public/BIOMETRICS/Face_Morphing/MAD22/original_sorted/BonaFide/014_03.jpg,1,0,23
2,MAD22,Webmorph,identity_disjoint_80_20,train,/nas-ctm01/datasets/public/BIOMETRICS/Face_Morphing/MAD22/original_sorted/Webmorph/001_03-vs-030_03.jpg,001_03-vs-030_03.jpg,001_03-vs-030_03,001_03,030_03,001,030,/nas-ctm01/datasets/public/BIOMETRICS/Face_Morphing/MAD22/original_sorted/BonaFide/001_03.jpg,/nas-ctm01/datasets/public/BIOMETRICS/Face_Morphing/MAD22/original_sorted/BonaFide/030_03.jpg,2,0,48
3,MAD22,Webmorph,identity_disjoint_80_20,train,/nas-ctm01/datasets/public/BIOMETRICS/Face_Morphing/MAD22/original_sorted/Webmorph/001_03-vs-032_03.jpg,001_03-vs-032_03.jpg,001_03-vs-032_03,001_03,032_03,001,032,/nas-ctm01/datasets/public/BIOMETRICS/Face_Morphing/MAD22/original_sorted/BonaFide/001_03.jpg,/nas-ctm01/datasets/public/BIOMETRICS/Face_Morphing/MAD22/original_sorted/BonaFide/032_03.jpg,3,0,52
4,MAD22,Webmorph,identity_disjoint_80_20,train,/nas-ctm01/datasets/public/BIOMETRICS/Face_Morphing/MAD22/original_sorted/Webmorph/001_03-vs-090_03.jpg,001_03-vs-090_03.jpg,001_03-vs-090_03,001_03,090_03,001,090,/nas-ctm01/datasets/public/BIOMETRICS/Face_Morphing/MAD22/original_sorted/BonaFide/001_03.jpg,/nas-ctm01/datasets/public/BIOMETRICS/Face_Morphing/MAD22/original_sorted/BonaFide/090_03.jpg,4,0,99
5,MAD22,Webmorph,identity_disjoint_80_20,train,/nas-ctm01/datasets/public/BIOMETRICS/Face_Morphing/MAD22/original_sorted/Webmorph/001_03-vs-107_03.jpg,001_03-vs-107_03.jpg,001_03-vs-107_03,001_03,107_03,001,107,/nas-ctm01/datasets/public/BIOMETRICS/Face_Morphing/MAD22/original_sorted/BonaFide/001_03.jpg,/nas-ctm01/datasets/public/BIOMETRICS/Face_Morphing/MAD22/original_sorted/BonaFide/107_03.jpg,5,0,121
6,MAD22,Webmorph,identity_disjoint_80_20,train,/nas-ctm01/datasets/public/BIOMETRICS/Face_Morphing/MAD22/original_sorted/Webmorph/001_03-vs-113_03.jpg,001_03-vs-113_03.jpg,001_03-vs-113_03,001_03,113_03,001,113,/nas-ctm01/datasets/public/BIOMETRICS/Face_Morphing/MAD22/original_sorted/BonaFide/001_03.jpg,/nas-ctm01/datasets/public/BIOMETRICS/Face_Morphing/MAD22/original_sorted/BonaFide/113_03.jpg,6,0,127
7,MAD22,Webmorph,identity_disjoint_80_20,train,/nas-ctm01/datasets/public/BIOMETRICS/Face_Morphing/MAD22/original_sorted/Webmorph/001_03-vs-122_03.jpg,001_03-vs-122_03.jpg,001_03-vs-122_03,001_03,122_03,001,122,/nas-ctm01/datasets/public/BIOMETRICS/Face_Morphing/MAD22/original_sorted/BonaFide/001_03.jpg,/nas-ctm01/datasets/public/BIOMETRICS/Face_Morphing/MAD22/original_sorted/BonaFide/122_03.jpg,7,0,141
8,MAD22,Webmorph,identity_disjoint_80_20,train,/nas-ctm01/datasets/public/BIOMETRICS/Face_Morphing/MAD22/original_sorted/Webmorph/001_03-vs-129_03.jpg,001_03-vs-129_03.jpg,001_03-vs-129_03,001_03,129_03,001,129,/nas-ctm01/datasets/public/BIOMETRICS/Face_Morphing/MAD22/original_sorted/BonaFide/001_03.jpg,/nas-ctm01/datasets/public/BIOMETRICS/Face_Morphing/MAD22/original_sorted/BonaFide/129_03.jpg,8,0,154
9,MAD22,Webmorph,identity_disjoint_80_20,train,/nas-ctm01/datasets/public/BIOMETRICS/Face_Morphing/MAD22/original_sorted/Webmorph/002_03-vs-011_03.jpg,002_03-vs-011_03.jpg,002_03-vs-011_03,002_03,011_03,002,011,/nas-ctm01/datasets/public/BIOMETRICS/Face_Morphing/MAD22/original_sorted/BonaFide/002_03.jpg,/nas-ctm01/datasets/public/BIOMETRICS/Face_Morphing/MAD22/original_sorted/BonaFide/011_03.jpg,9,2,18
10,MAD22,Webmorph,identity_disjoint_80_20,train,/nas-ctm01/datasets/public/BIOMETRICS/Face_Morphing/MAD22/original_sorted/Webmorph/002_03-vs-020_03.jpg,002_03-vs-020_03.jpg,002_03-vs-020_03,002_03,020_03,002,020,/nas-ctm01/datasets/public/BIOMETRICS/Face_Morphing/MAD22/original_sorted/BonaFide/002_03.jpg,/nas-ctm01/datasets/public/BIOMETRICS/Face_Morphing/MAD22/original_sorted/BonaFide/020_03.jpg,10,2,32
11,MAD22,Webmorph,identity_disjoint_80_20,train,/nas-ctm01/datasets/public/BIOMETRICS/Face_Morphing/MAD22/original_sorted/Webmorph/002_03-vs-027_03.jpg,002_03-vs-027_03.jpg,002_03-vs-027_03,002_03,027_03,002,027,/nas-ctm01/datasets/public/BIOMETRICS/Face_Morphing/MAD22/original_sorted/BonaFide/002_03.jpg,/nas-ctm01/datasets/public/BIOMETRICS/Face_Morphing/MAD22/original_sorted/BonaFide/027_03.jpg,11,2,44
12,MAD22,Webmorph,identity_disjoint_80_20,train,/nas-ctm01/datasets/public/BIOMETRICS/Face_Morphing/MAD22/original_sorted/Webmorph/002_03-vs-032_03.jpg,002_03-vs-032_03.jpg,002_03-vs-032_03,002_03,032_03,002,032,/nas-ctm01/datasets/public/BIOMETRICS/Face_Morphing/MAD22/original_sorted/BonaFide/002_03.jpg,/nas-ctm01/datasets/public/BIOMETRICS/Face_Morphing/MAD22/original_sorted/BonaFide/032_03.jpg,12,2,52
13,MAD22,Webmorph,identity_disjoint_80_20,train,/nas-ctm01/datasets/public/BIOMETRICS/Face_Morphing/MAD22/original_sorted/Webmorph/002_03-vs-039_03.jpg,002_03-vs-039_03.jpg,002_03-vs-039_03,002_03,039_03,002,039,/nas-ctm01/datasets/public/BIOMETRICS/Face_Morphing/MAD22/original_sorted/BonaFide/002_03.jpg,/nas-ctm01/datasets/public/BIOMETRICS/Face_Morphing/MAD22/original_sorted/BonaFide/039_03.jpg,13,2,63
14,MAD22,Webmorph,identity_disjoint_80_20,train,/nas-ctm01/datasets/public/BIOMETRICS/Face_Morphing/MAD22/original_sorted/Webmorph/002_03-vs-094_03.jpg,002_03-vs-094_03.jpg,002_03-vs-094_03,002_03,094_03,002,094,/nas-ctm01/datasets/public/BIOMETRICS/Face_Morphing/MAD22/original_sorted/BonaFide/002_03.jpg,/nas-ctm01/datasets/public/BIOMETRICS/Face_Morphing/MAD22/original_sorted/BonaFide/094_03.jpg,14,2,104
15,MAD22,Webmorph,identity_disjoint_80_20,train,/nas-ctm01/datasets/public/BIOMETRICS/Face_Morphing/MAD22/original_sorted/Webmorph/002_03-vs-097_03.jpg,002_03-vs-097_03.jpg,002_03-vs-097_03,002_03,097_03,002,097,/nas-ctm01/datasets/public/BIOMETRICS/Face_Morphing/MAD22/original_sorted/BonaFide/002_03.jpg,/nas-ctm01/datasets/public/BIOMETRICS/Face_Morphing/MAD22/original_sorted/BonaFide/097_03.jpg,15,2,108
16,MAD22,Webmorph,identity_disjoint_80_20,train,/nas-ctm01/datasets/public/BIOMETRICS/Face_Morphing/MAD22/original_sorted/Webmorph/002_03-vs-100_03.jpg,002_03-vs-100_03.jpg,002_03-vs-100_03,002_03,100_03,002,100,/nas-ctm01/datasets/public/BIOMETRICS/Face_Morphing/MAD22/original_sorted/BonaFide/002_03.jpg,/nas-ctm01/datasets/public/BIOMETRICS/Face_Morphing/MAD22/original_sorted/BonaFide/100_03.jpg,16,2,112
17,MAD22,Webmorph,identity_disjoint_80_20,train,/nas-ctm01/datasets/public/BIOMETRICS/Face_Morphing/MAD22/original_sorted/Webmorph/002_03-vs-102_03.jpg,002_03-vs-102_03.jpg,002_03-vs-102_03,002_03,102_03,002,102,/nas-ctm01/datasets/public/BIOMETRICS/Face_Morphing/MAD22/original_sorted/BonaFide/002_03.jpg,/nas-ctm01/datasets/public/BIOMETRICS/Face_Morphing/MAD22/original_sorted/BonaFide/102_03.jpg,17,2,115
18,MAD22,Webmorph,identity_disjoint_80_20,train,/nas-ctm01/datasets/public/BIOMETRICS/Face_Morphing/MAD22/original_sorted/Webmorph/002_03-vs-118_03.jpg,002_03-vs-118_03.jpg,002_03-vs-118_03,002_03,118_03,002,118,/nas-ctm01/datasets/public/BIOMETRICS/Face_Morphing/MAD22/original_sorted/BonaFide/002_03.jpg,/nas-ctm01/datasets/public/BIOMETRICS/Face_Morphing/MAD22/original_sorted/BonaFide/118_03.jpg,18,2,133
19,MAD22,Webmorph,identity_disjoint_80_20,train,/nas-ctm01/datasets/public/BIOMETRICS/Face_Morphing/MAD22/original_sorted/Webmorph/002_03-vs-124_03.jpg,002_03-vs-124_03.jpg,002_03-vs-124_03,002_03,124_03,002,124,/nas-ctm01/datasets/public/BIOMETRICS/Face_Morphing/MAD22/original_sorted/BonaFide/002_03.jpg,/nas-ctm01/datasets/public/BIOMETRICS/Face_Morphing/MAD22/original_sorted/BonaFide/124_03.jpg,19,2,145
20,MAD22,Webmorph,identity_disjoint_80_20,train,/nas-ctm01/datasets/public/BIOMETRICS/Face_Morphing/MAD22/original_sorted/Webmorph/002_03-vs-136_03.jpg,002_03-vs-136_03.jpg,002_03-vs-136_03,002_03,136_03,002,136,/nas-ctm01/datasets/public/BIOMETRICS/Face_Morphing/MAD22/original_sorted/BonaFide/002_03.jpg,/nas-ctm01/datasets/public/BIOMETRICS/Face_Morphing/MAD22/original_sorted/BonaFide/136_03.jpg,20,2,166
21,MAD22,Webmorph,identity_disjoint_80_20,train,/nas-ctm01/datasets/public/BIOMETRICS/Face_Morphing/MAD22/original_sorted/Webmorph/002_03-vs-139_03.jpg,002_03-vs-139_03.jpg,002_03-vs-139_03,002_03,139_03,002,139,/nas-ctm01/datasets/public/BIOMETRICS/Face_Morphing/MAD22/original_sorted/BonaFide/002_03.jpg,/nas-ctm01/datasets/public/BIOMETRICS/Face_Morphing/MAD22/original_sorted/BonaFide/139_03.jpg,21,2,170
22,MAD22,Webmorph,identity_disjoint_80_20,train,/nas-ctm01/datasets/public/BIOMETRICS/Face_Morphing/MAD22/original_sorted/Webmorph/002_03-vs-144_03.jpg,002_03-vs-144_03.jpg,002_03-vs-144_03,002_03,144_03,002,144,/nas-ctm01/datasets/public/BIOMETRICS/Face_Morphing/MAD22/original_sorted/BonaFide/002_03.jpg,/nas-ctm01/datasets/public/BIOMETRICS/Face_Morphing/MAD22/original_sorted/BonaFide/144_03.jpg,22,2,179
23,MAD22,Webmorph,identity_disjoint_80_20,train,/nas-ctm01/datasets/public/BIOMETRICS/Face_Morphing/MAD22/original_sorted/Webmorph/003_03-vs-011_03.jpg,003_03-vs-011_03.jpg,003_03-vs-011_03,003_03,011_03,003,011,/nas-ctm01/datasets/public/BIOMETRICS/Face_Morphing/MAD22/original_sorted/BonaFide/003_03.jpg,/nas-ctm01/datasets/public/BIOMETRICS/Face_Morphing/MAD22/original_sorted/BonaFide/011_03.jpg,23,4,18
24,MAD22,Webmorph,identity_disjoint_80_20,train,/nas-ctm01/datasets/public/BIOMETRICS/Face_Morphing/MAD22/original_sorted/Webmorph/003_03-vs-014_03.jpg,003_03-vs-014_03.jpg,003_03-vs-014_03,003_03,014_03,003,014,/nas-ctm01/datasets/public/BIOMETRICS/Face_Morphing/MAD22/original_sorted/BonaFide/003_03.jpg,/nas-ctm01/datasets/public/BIOMETRICS/Face_Morphing/MAD22/original_sorted/BonaFide/014_03.jpg,24,4,23
25,MAD22,Webmorph,identity_disjoint_80_20,train,/nas-ctm01/datasets/public/BIOMETRICS/Face_Morphing/MAD22/original_sorted/Webmorph/003_03-vs-016_03.jpg,003_03-vs-016_03.jpg,003_03-vs-016_03,003_03,016_03,003,016,/nas-ctm01/datasets/public/BIOMETRICS/Face_Morphing/MAD22/original_sorted/BonaFide/003_03.jpg,/nas-ctm01/datasets/public/BIOMETRICS/Face_Morphing/MAD22/original_sorted/BonaFide/016_03.jpg,25,4,25
26,MAD22,Webmorph,identity_disjoint_80_20,train,/nas-ctm01/datasets/public/BIOMETRICS/Face_Morphing/MAD22/original_sorted/Webmorph/003_03-vs-027_03.jpg,003_03-vs-027_03.jpg,003_03-vs-027_03,003_03,027_03,003,027,/nas-ctm01/datasets/public/BIOMETRICS/Face_Morphing/MAD22/original_sorted/BonaFide/003_03.jpg,/nas-ctm01/datasets/public/BIOMETRICS/Face_Morphing/MAD22/original_sorted/BonaFide/027_03.jpg,26,4,44
27,MAD22,Webmorph,identity_disjoint_80_20,train,/nas-ctm01/datasets/public/BIOMETRICS/Face_Morphing/MAD22/original_sorted/Webmorph/003_03-vs-039_03.jpg,003_03-vs-039_03.jpg,003_03-vs-039_03,003_03,039_03,003,039,/nas-ctm01/datasets/public/BIOMETRICS/Face_Morphing/MAD22/original_sorted/BonaFide/003_03.jpg,/nas-ctm01/datasets/public/BIOMETRICS/Face_Morphing/MAD22/original_sorted/BonaFide/039_03.jpg,27,4,63
28,MAD22,Webmorph,identity_disjoint_80_20,train,/nas-ctm01/datasets/public/BIOMETRICS/Face_Morphing/MAD22/original_sorted/Webmorph/003_03-vs-102_03.jpg,003_03-vs-102_03.jpg,003_03-vs-102_03,003_03,102_03,003,102,/nas-ctm01/datasets/public/BIOMETRICS/Face_Morphing/MAD22/original_sorted/BonaFide/003_03.jpg,/nas-ctm01/datasets/public/BIOMETRICS/Face_Morphing/MAD22/original_sorted/BonaFide/102_03.jpg,28,4,115
29,MAD22,Webmorph,identity_disjoint_80_20,train,/nas-ctm01/datasets/public/BIOMETRICS/Face_Morphing/MAD22/original_sorted/Webmorph/003_03-vs-124_03.jpg,003_03-vs-124_03.jpg,003_03-vs-124_03,003_03,124_03,003,124,/nas-ctm01/datasets/public/BIOMETRICS/Face_Morphing/MAD22/original_sorted/BonaFide/003_03.jpg,/nas-ctm01/datasets/public/BIOMETRICS/Face_Morphing/MAD22/original_sorted/BonaFide/124_03.jpg,29,4,145
30,MAD22,Webmorph,identity_disjoint_80_20,train,/nas-ctm01/datasets/public/BIOMETRICS/Face_Morphing/MAD22/original_sorted/Webmorph/003_03-vs-136_03.jpg,003_03-vs-136_03.jpg,003_03-vs-136_03,003_03,136_03,003,136,/nas-ctm01/datasets/public/BIOMETRICS/Face_Morphing/MAD22/original_sorted/BonaFide/003_03.jpg,/nas-ctm01/datasets/public/BIOMETRICS/Face_Morphing/MAD22/original_sorted/BonaFide/136_03.jpg,30,4,166
31,MAD22,Webmorph,identity_disjoint_80_20,train,/nas-ctm01/datasets/public/BIOMETRICS/Face_Morphing/MAD22/original_sorted/Webmorph/004_03-vs-012_03.jpg,004_03-vs-012_03.jpg,004_03-vs-012_03,004_03,012_03,004,012,/nas-ctm01/datasets/public/BIOMETRICS/Face_Morphing/MAD22/original_sorted/BonaFide/004_03.jpg,/nas-ctm01/datasets/public/BIOMETRICS/Face_Morphing/MAD22/original_sorted/BonaFide/012_03.jpg,31,6,20
32,MAD22,Webmorph,identity_disjoint_80_20,train,/nas-ctm01/datasets/public/BIOMETRICS/Face_Morphing/MAD22/original_sorted/Webmorph/004_03-vs-092_03.jpg,004_03-vs-092_03.jpg,004_03-vs-092_03,004_03,092_03,004,092,/nas-ctm01/datasets/public/BIOMETRICS/Face_Morphing/MAD22/original_sorted/BonaFide/004_03.jpg,/nas-ctm01/datasets/public/BIOMETRICS/Face_Morphing/MAD22/original_sorted/BonaFide/092_03.jpg,32,6,102
33,MAD22,Webmorph,identity_disjoint_80_20,train,/nas-ctm01/datasets/public/BIOMETRICS/Face_Morphing/MAD22/original_sorted/Webmorph/004_03-vs-103_03.jpg,004_03-vs-103_03.jpg,004_03-vs-103_03,004_03,103_03,004,103,/nas-ctm01/datasets/public/BIOMETRICS/Face_Morphing/MAD22/original_sorted/BonaFide/004_03.jpg,/nas-ctm01/datasets/public/BIOMETRICS/Face_Morphing/MAD22/original_sorted/BonaFide/103_03.jpg,33,6,117
34,MAD22,Webmorph,identity_disjoint_80_20,train,/nas-ctm01/datasets/public/BIOMETRICS/Face_Morphing/MAD22/original_sorted/Webmorph/004_03-vs-128_03.jpg,004_03-vs-128_03.jpg,004_03-vs-128_03,004_03,128_03,004,128,/nas-ctm01/datasets/public/BIOMETRICS/Face_Morphing/MAD22/original_sorted/BonaFide/004_03.jpg,/nas-ctm01/datasets/public/BIOMETRICS/Face_Morphing/MAD22/original_sorted/BonaFide/128_03.jpg,35,6,152
35,MAD22,Webmorph,identity_disjoint_80_20,train,/nas-ctm01/datasets/public/BIOMETRICS/Face_Morphing/MAD22/original_sorted/Webmorph/004_03-vs-141_03.jpg,004_03-vs-141_03.jpg,004_03-vs-141_03,004_03,141_03,004,141,/nas-ctm01/datasets/public/BIOMETRICS/Face_Morphing/MAD22/original_sorted/BonaFide/004_03.jpg,/nas-ctm01/datasets/public/BIOMETRICS/Face_Morphing/MAD22/original_sorted/BonaFide/141_03.jpg,36,6,173
36,MAD22,Webmorph,identity_disjoint_80_20,train,/nas-ctm01/datasets/public/BIOMETRICS/Face_Morphing/MAD22/original_sorted/Webmorph/004_03-vs-142_03.jpg,004_03-vs-142_03.jpg,004_03-vs-142_03,004_03,142_03,004,142,/nas-ctm01/datasets/public/BIOMETRICS/Face_Morphing/MAD22/original_sorted/BonaFide/004_03.jpg,/nas-ctm01/datasets/public/BIOMETRICS/Face_Morphing/MAD22/original_sorted/BonaFide/142_03.jpg,37,6,175
37,MAD22,Webmorph,identity_disjoint_80_20,train,/nas-ctm01/datasets/public/BIOMETRICS/Face_Morphing/MAD22/original_sorted/Webmorph/004_03-vs-172_03.jpg,004_03-vs-172_03.jpg,004_03-vs-172_03,004_03,172_03,004,172,/nas-ctm01/datasets/public/BIOMETRICS/Face_Morphing/MAD22/original_sorted/BonaFide/004_03.jpg,/nas-ctm01/datasets/public/BIOMETRICS/Face_Morphing/MAD22/original_sorted/BonaFide/172_03.jpg,38,6,181
38,MAD22,Webmorph,identity_disjoint_80_20,train,/nas-ctm01/datasets/public/BIOMETRICS/Face_Morphing/MAD22/original_sorted/Webmorph/006_03-vs-016_03.jpg,006_03-vs-016_03.jpg,006_03-vs-016_03,006_03,016_03,006,016,/nas-ctm01/datasets/public/BIOMETRICS/Face_Morphing/MAD22/original_sorted/BonaFide/006_03.jpg,/nas-ctm01/datasets/public/BIOMETRICS/Face_Morphing/MAD22/original_sorted/BonaFide/016_03.jpg,49,9,25
39,MAD22,Webmorph,identity_disjoint_80_20,train,/nas-ctm01/datasets/public/BIOMETRICS/Face_Morphing/MAD22/original_sorted/Webmorph/006_03-vs-064_03.jpg,006_03-vs-064_03.jpg,006_03-vs-064_03,006_03,064_03,006,064,/nas-ctm01/datasets/public/BIOMETRICS/Face_Morphing/MAD22/original_sorted/BonaFide/006_03.jpg,/nas-ctm01/datasets/public/BIOMETRICS/Face_Morphing/MAD22/original_sorted/BonaFide/064_03.jpg,50,9,80
40,MAD22,Webmorph,identity_disjoint_80_20,train,/nas-ctm01/datasets/public/BIOMETRICS/Face_Morphing/MAD22/original_sorted/Webmorph/006_03-vs-094_03.jpg,006_03-vs-094_03.jpg,006_03-vs-094_03,006_03,094_03,006,094,/nas-ctm01/datasets/public/BIOMETRICS/Face_Morphing/MAD22/original_sorted/BonaFide/006_03.jpg,/nas-ctm01/datasets/public/BIOMETRICS/Face_Morphing/MAD22/original_sorted/BonaFide/094_03.jpg,51,9,104
41,MAD22,Webmorph,identity_disjoint_80_20,train,/nas-ctm01/datasets/public/BIOMETRICS/Face_Morphing/MAD22/original_sorted/Webmorph/006_03-vs-097_03.jpg,006_03-vs-097_03.jpg,006_03-vs-097_03,006_03,097_03,006,097,/nas-ctm01/datasets/public/BIOMETRICS/Face_Morphing/MAD22/original_sorted/BonaFide/006_03.jpg,/nas-ctm01/datasets/public/BIOMETRICS/Face_Morphing/MAD22/original_sorted/BonaFide/097_03.jpg,52,9,108
42,MAD22,Webmorph,identity_disjoint_80_20,train,/nas-ctm01/datasets/public/BIOMETRICS/Face_Morphing/MAD22/original_sorted/Webmorph/006_03-vs-102_03.jpg,006_03-vs-102_03.jpg,006_03-vs-102_03,006_03,102_03,006,102,/nas-ctm01/datasets/public/BIOMETRICS/Face_Morphing/MAD22/original_sorted/BonaFide/006_03.jpg,/nas-ctm01/datasets/public/BIOMETRICS/Face_Morphing/MAD22/original_sorted/BonaFide/102_03.jpg,53,9,115
43,MAD22,Webmorph,identity_disjoint_80_20,train,/nas-ctm01/datasets/public/BIOMETRICS/Face_Morphing/MAD22/original_sorted/Webmorph/006_03-vs-118_03.jpg,006_03-vs-118_03.jpg,006_03-vs-118_03,006_03,118_03,006,118,/nas-ctm01/datasets/public/BIOMETRICS/Face_Morphing/MAD22/original_sorted/BonaFide/006_03.jpg,/nas-ctm01/datasets/public/BIOMETRICS/Face_Morphing/MAD22/original_sorted/BonaFide/118_03.jpg,54,9,133
44,MAD22,Webmorph,identity_disjoint_80_20,train,/nas-ctm01/datasets/public/BIOMETRICS/Face_Morphing/MAD22/original_sorted/Webmorph/007_03-vs-039_03.jpg,007_03-vs-039_03.jpg,007_03-vs-039_03,007_03,039_03,007,039,/nas-ctm01/datasets/public/BIOMETRICS/Face_Morphing/MAD22/original_sorted/BonaFide/007_03.jpg,/nas-ctm01/datasets/public/BIOMETRICS/Face_Morphing/MAD22/original_sorted/BonaFide/039_03.jpg,55,11,63
45,MAD22,Webmorph,identity_disjoint_80_20,train,/nas-ctm01/datasets/public/BIOMETRICS/Face_Morphing/MAD22/original_sorted/Webmorph/007_03-vs-062_03.jpg,007_03-vs-062_03.jpg,007_03-vs-062_03,007_03,062_03,007,062,/nas-ctm01/datasets/public/BIOMETRICS/Face_Morphing/MAD22/original_sorted/BonaFide/007_03.jpg,/nas-ctm01/datasets/public/BIOMETRICS/Face_Morphing/MAD22/original_sorted/BonaFide/062_03.jpg,56,11,76
46,MAD22,Webmorph,identity_disjoint_80_20,train,/nas-ctm01/datasets/public/BIOMETRICS/Face_Morphing/MAD22/original_sorted/Webmorph/007_03-vs-094_03.jpg,007_03-vs-094_03.jpg,007_03-vs-094_03,007_03,094_03,007,094,/nas-ctm01/datasets/public/BIOMETRICS/Face_Morphing/MAD22/original_sorted/BonaFide/007_03.jpg,/nas-ctm01/datasets/public/BIOMETRICS/Face_Morphing/MAD22/original_sorted/BonaFide/094_03.jpg,57,11,104
47,MAD22,Webmorph,identity_disjoint_80_20,train,/nas-ctm01/datasets/public/BIOMETRICS/Face_Morphing/MAD22/original_sorted/Webmorph/007_03-vs-107_03.jpg,007_03-vs-107_03.jpg,007_03-vs-107_03,007_03,107_03,007,107,/nas-ctm01/datasets/public/BIOMETRICS/Face_Morphing/MAD22/original_sorted/BonaFide/007_03.jpg,/nas-ctm01/datasets/public/BIOMETRICS/Face_Morphing/MAD22/original_sorted/BonaFide/107_03.jpg,58,11,121
48,MAD22,Webmorph,identity_disjoint_80_20,train,/nas-ctm01/datasets/public/BIOMETRICS/Face_Morphing/MAD22/original_sorted/Webmorph/007_03-vs-122_03.jpg,007_03-vs-122_03.jpg,007_03-vs-122_03,007_03,122_03,007,122,/nas-ctm01/datasets/public/BIOMETRICS/Face_Morphing/MAD22/original_sorted/BonaFide/007_03.jpg,/nas-ctm01/datasets/public/BIOMETRICS/Face_Morphing/MAD22/original_sorted/BonaFide/122_03.jpg,59,11,141
49,MAD22,Webmorph,identity_disjoint_80_20,train,/nas-ctm01/datasets/public/BIOMETRICS/Face_Morphing/MAD22/original_sorted/Webmorph/007_03-vs-124_03.jpg,007_03-vs-124_03.jpg,007_03-vs-124_03,007_03,124_03,007,124,/nas-ctm01/datasets/public/BIOMETRICS/Face_Morphing/MAD22/original_sorted/BonaFide/007_03.jpg,/nas-ctm01/datasets/public/BIOMETRICS/Face_Morphing/MAD22/original_sorted/BonaFide/124_03.jpg,60,11,145
50,MAD22,Webmorph,identity_disjoint_80_20,train,/nas-ctm01/datasets/public/BIOMETRICS/Face_Morphing/MAD22/original_sorted/Webmorph/008_03-vs-063_03.jpg,008_03-vs-063_03.jpg,008_03-vs-063_03,008_03,063_03,008,063,/nas-ctm01/datasets/public/BIOMETRICS/Face_Morphing/MAD22/original_sorted/BonaFide/008_03.jpg,/nas-ctm01/datasets/public/BIOMETRICS/Face_Morphing/MAD22/original_sorted/BonaFide/063_03.jpg,61,12,78
51,MAD22,Webmorph,identity_disjoint_80_20,train,/nas-ctm01/datasets/public/BIOMETRICS/Face_Morphing/MAD22/original_sorted/Webmorph/008_03-vs-104_03.jpg,008_03-vs-104_03.jpg,008_03-vs-104_03,008_03,104_03,008,104,/nas-ctm01/datasets/public/BIOMETRICS/Face_Morphing/MAD22/original_sorted/BonaFide/008_03.jpg,/nas-ctm01/datasets/public/BIOMETRICS/Face_Morphing/MAD22/original_sorted/BonaFide/104_03.jpg,62,12,119
52,MAD22,Webmorph,identity_disjoint_80_20,train,/nas-ctm01/datasets/public/BIOMETRICS/Face_Morphing/MAD22/original_sorted/Webmorph/008_03-vs-108_03.jpg,008_03-vs-108_03.jpg,008_03-vs-108_03,008_03,108_03,008,108,/nas-ctm01/datasets/public/BIOMETRICS/Face_Morphing/MAD22/original_sorted/BonaFide/008_03.jpg,/nas-ctm01/datasets/public/BIOMETRICS/Face_Morphing/MAD22/original_sorted/BonaFide/108_03.jpg,63,12,123
53,MAD22,Webmorph,identity_disjoint_80_20,train,/nas-ctm01/datasets/public/BIOMETRICS/Face_Morphing/MAD22/original_sorted/Webmorph/008_03-vs-143_03.jpg,008_03-vs-143_03.jpg,008_03-vs-143_03,008_03,143_03,008,143,/nas-ctm01/datasets/public/BIOMETRICS/Face_Morphing/MAD22/original_sorted/BonaFide/008_03.jpg,/nas-ctm01/datasets/public/BIOMETRICS/Face_Morphing/MAD22/original_sorted/BonaFide/143_03.jpg,64,12,177
54,MAD22,Webmorph,identity_disjoint_80_20,train,/nas-ctm01/datasets/public/BIOMETRICS/Face_Morphing/MAD22/original_sorted/Webmorph/009_03-vs-014_03.jpg,009_03-vs-014_03.jpg,009_03-vs-014_03,009_03,014_03,009,014,/nas-ctm01/datasets/public/BIOMETRICS/Face_Morphing/MAD22/original_sorted/BonaFide/009_03.jpg,/nas-ctm01/datasets/public/BIOMETRICS/Face_Morphing/MAD22/original_sorted/BonaFide/014_03.jpg,65,14,23
55,MAD22,Webmorph,identity_disjoint_80_20,train,/nas-ctm01/datasets/public/BIOMETRICS/Face_Morphing/MAD22/original_sorted/Webmorph/009_03-vs-019_03.jpg,009_03-vs-019_03.jpg,009_03-vs-019_03,009_03,019_03,009,019,/nas-ctm01/datasets/public/BIOMETRICS/Face_Morphing/MAD22/original_sorted/BonaFide/009_03.jpg,/nas-ctm01/datasets/public/BIOMETRICS/Face_Morphing/MAD22/original_sorted/BonaFide/019_03.jpg,66,14,30
56,MAD22,Webmorph,identity_disjoint_80_20,train,/nas-ctm01/datasets/public/BIOMETRICS/Face_Morphing/MAD22/original_sorted/Webmorph/009_03-vs-027_03.jpg,009_03-vs-027_03.jpg,009_03-vs-027_03,009_03,027_03,009,027,/nas-ctm01/datasets/public/BIOMETRICS/Face_Morphing/MAD22/original_sorted/BonaFide/009_03.jpg,/nas-ctm01/datasets/public/BIOMETRICS/Face_Morphing/MAD22/original_sorted/BonaFide/027_03.jpg,67,14,44
57,MAD22,Webmorph,identity_disjoint_80_20,train,/nas-ctm01/datasets/public/BIOMETRICS/Face_Morphing/MAD22/original_sorted/Webmorph/009_03-vs-039_03.jpg,009_03-vs-039_03.jpg,009_03-vs-039_03,009_03,039_03,009,039,/nas-ctm01/datasets/public/BIOMETRICS/Face_Morphing/MAD22/original_sorted/BonaFide/009_03.jpg,/nas-ctm01/datasets/public/BIOMETRICS/Face_Morphing/MAD22/original_sorted/BonaFide/039_03.jpg,68,14,63
58,MAD22,Webmorph,identity_disjoint_80_20,train,/nas-ctm01/datasets/public/BIOMETRICS/Face_Morphing/MAD22/original_sorted/Webmorph/009_03-vs-066_03.jpg,009_03-vs-066_03.jpg,009_03-vs-066_03,009_03,066_03,009,066,/nas-ctm01/datasets/public/BIOMETRICS/Face_Morphing/MAD22/original_sorted/BonaFide/009_03.jpg,/nas-ctm01/datasets/public/BIOMETRICS/Face_Morphing/MAD22/original_sorted/BonaFide/066_03.jpg,69,14,82
59,MAD22,Webmorph,identity_disjoint_80_20,train,/nas-ctm01/datasets/public/BIOMETRICS/Face_Morphing/MAD22/original_sorted/Webmorph/009_03-vs-083_03.jpg,009_03-vs-083_03.jpg,009_03-vs-083_03,009_03,083_03,009,083,/nas-ctm01/datasets/public/BIOMETRICS/Face_Morphing/MAD22/original_sorted/BonaFide/009_03.jpg,/nas-ctm01/datasets/public/BIOMETRICS/Face_Morphing/MAD22/original_sorted/BonaFide/083_03.jpg,70,14,94
60,MAD22,Webmorph,identity_disjoint_80_20,train,/nas-ctm01/datasets/public/BIOMETRICS/Face_Morphing/MAD22/original_sorted/Webmorph/009_03-vs-090_03.jpg,009_03-vs-090_03.jpg,009_03-vs-090_03,009_03,090_03,009,090,/nas-ctm01/datasets/public/BIOMETRICS/Face_Morphing/MAD22/original_sorted/BonaFide/009_03.jpg,/nas-ctm01/datasets/public/BIOMETRICS/Face_Morphing/MAD22/original_sorted/BonaFide/090_03.jpg,71,14,99
61,MAD22,Webmorph,identity_disjoint_80_20,train,/nas-ctm01/datasets/public/BIOMETRICS/Face_Morphing/MAD22/original_sorted/Webmorph/009_03-vs-100_03.jpg,009_03-vs-100_03.jpg,009_03-vs-100_03,009_03,100_03,009,100,/nas-ctm01/datasets/public/BIOMETRICS/Face_Morphing/MAD22/original_sorted/BonaFide/009_03.jpg,/nas-ctm01/datasets/public/BIOMETRICS/Face_Morphing/MAD22/original_sorted/BonaFide/100_03.jpg,72,14,112
62,MAD22,Webmorph,identity_disjoint_80_20,train,/nas-ctm01/datasets/public/BIOMETRICS/Face_Morphing/MAD22/original_sorted/Webmorph/009_03-vs-107_03.jpg,009_03-vs-107_03.jpg,009_03-vs-107_03,009_03,107_03,009,107,/nas-ctm01/datasets/public/BIOMETRICS/Face_Morphing/MAD22/original_sorted/BonaFide/009_03.jpg,/nas-ctm01/datasets/public/BIOMETRICS/Face_Morphing/MAD22/original_sorted/BonaFide/107_03.jpg,73,14,121
63,MAD22,Webmorph,identity_disjoint_80_20,train,/nas-ctm01/datasets/public/BIOMETRICS/Face_Morphing/MAD22/original_sorted/Webmorph/009_03-vs-112_03.jpg,009_03-vs-112_03.jpg,009_03-vs-112_03,009_03,112_03,009,112,/nas-ctm01/datasets/public/BIOMETRICS/Face_Morphing/MAD22/original_sorted/BonaFide/009_03.jpg,/nas-ctm01/datasets/public/BIOMETRICS/Face_Morphing/MAD22/original_sorted/BonaFide/112_03.jpg,74,14,125
64,MAD22,Webmorph,identity_disjoint_80_20,train,/nas-ctm01/datasets/public/BIOMETRICS/Face_Morphing/MAD22/original_sorted/Webmorph/009_03-vs-122_03.jpg,009_03-vs-122_03.jpg,009_03-vs-122_03,009_03,122_03,009,122,/nas-ctm01/datasets/public/BIOMETRICS/Face_Morphing/MAD22/original_sorted/BonaFide/009_03.jpg,/nas-ctm01/datasets/public/BIOMETRICS/Face_Morphing/MAD22/original_sorted/BonaFide/122_03.jpg,75,14,141
65,MAD22,Webmorph,identity_disjoint_80_20,train,/nas-ctm01/datasets/public/BIOMETRICS/Face_Morphing/MAD22/original_sorted/Webmorph/009_03-vs-129_03.jpg,009_03-vs-129_03.jpg,009_03-vs-129_03,009_03,129_03,009,129,/nas-ctm01/datasets/public/BIOMETRICS/Face_Morphing/MAD22/original_sorted/BonaFide/009_03.jpg,/nas-ctm01/datasets/public/BIOMETRICS/Face_Morphing/MAD22/original_sorted/BonaFide/129_03.jpg,76,14,154
66,MAD22,Webmorph,identity_disjoint_80_20,train,/nas-ctm01/datasets/public/BIOMETRICS/Face_Morphing/MAD22/original_sorted/Webmorph/009_03-vs-139_03.jpg,009_03-vs-139_03.jpg,009_03-vs-139_03,009_03,139_03,009,139,/nas-ctm01/datasets/public/BIOMETRICS/Face_Morphing/MAD22/original_sorted/BonaFide/009_03.jpg,/nas-ctm01/datasets/public/BIOMETRICS/Face_Morphing/MAD22/original_sorted/BonaFide/139_03.jpg,77,14,170
67,MAD22,Webmorph,identity_disjoint_80_20,train,/nas-ctm01/datasets/public/BIOMETRICS/Face_Morphing/MAD22/original_sorted/Webmorph/009_03-vs-144_03.jpg,009_03-vs-144_03.jpg,009_03-vs-144_03,009_03,144_03,009,144,/nas-ctm01/datasets/public/BIOMETRICS/Face_Morphing/MAD22/original_sorted/BonaFide/009_03.jpg,/nas-ctm01/datasets/public/BIOMETRICS/Face_Morphing/MAD22/original_sorted/BonaFide/144_03.jpg,78,14,179
68,MAD22,Webmorph,identity_disjoint_80_20,train,/nas-ctm01/datasets/public/BIOMETRICS/Face_Morphing/MAD22/original_sorted/Webmorph/010_03-vs-030_03.jpg,010_03-vs-030_03.jpg,010_03-vs-030_03,010_03,030_03,010,030,/nas-ctm01/datasets/public/BIOMETRICS/Face_Morphing/MAD22/original_sorted/BonaFide/010_03.jpg,/nas-ctm01/datasets/public/BIOMETRICS/Face_Morphing/MAD22/original_sorted/BonaFide/030_03.jpg,79,16,48
69,MAD22,Webmorph,identity_disjoint_80_20,train,/nas-ctm01/datasets/public/BIOMETRICS/Face_Morphing/MAD22/original_sorted/Webmorph/010_03-vs-038_03.jpg,010_03-vs-038_03.jpg,010_03-vs-038_03,010_03,038_03,010,038,/nas-ctm01/datasets/public/BIOMETRICS/Face_Morphing/MAD22/original_sorted/BonaFide/010_03.jpg,/nas-ctm01/datasets/public/BIOMETRICS/Face_Morphing/MAD22/original_sorted/BonaFide/038_03.jpg,80,16,61
70,MAD22,Webmorph,identity_disjoint_80_20,train,/nas-ctm01/datasets/public/BIOMETRICS/Face_Morphing/MAD22/original_sorted/Webmorph/010_03-vs-039_03.jpg,010_03-vs-039_03.jpg,010_03-vs-039_03,010_03,039_03,010,039,/nas-ctm01/datasets/public/BIOMETRICS/Face_Morphing/MAD22/original_sorted/BonaFide/010_03.jpg,/nas-ctm01/datasets/public/BIOMETRICS/Face_Morphing/MAD22/original_sorted/BonaFide/039_03.jpg,81,16,63
71,MAD22,Webmorph,identity_disjoint_80_20,train,/nas-ctm01/datasets/public/BIOMETRICS/Face_Morphing/MAD22/original_sorted/Webmorph/010_03-vs-090_03.jpg,010_03-vs-090_03.jpg,010_03-vs-090_03,010_03,090_03,010,090,/nas-ctm01/datasets/public/BIOMETRICS/Face_Morphing/MAD22/original_sorted/BonaFide/010_03.jpg,/nas-ctm01/datasets/public/BIOMETRICS/Face_Morphing/MAD22/original_sorted/BonaFide/090_03.jpg,82,16,99
72,MAD22,Webmorph,identity_disjoint_80_20,train,/nas-ctm01/datasets/public/BIOMETRICS/Face_Morphing/MAD22/original_sorted/Webmorph/010_03-vs-126_03.jpg,010_03-vs-126_03.jpg,010_03-vs-126_03,010_03,126_03,010,126,/nas-ctm01/datasets/public/BIOMETRICS/Face_Morphing/MAD22/original_sorted/BonaFide/010_03.jpg,/nas-ctm01/datasets/public/BIOMETRICS/Face_Morphing/MAD22/original_sorted/BonaFide/126_03.jpg,83,16,149
73,MAD22,Webmorph,identity_disjoint_80_20,train,/nas-ctm01/datasets/public/BIOMETRICS/Face_Morphing/MAD22/original_sorted/Webmorph/011_03-vs-020_03.jpg,011_03-vs-020_03.jpg,011_03-vs-020_03,011_03,020_03,011,020,/nas-ctm01/datasets/public/BIOMETRICS/Face_Morphing/MAD22/original_sorted/BonaFide/011_03.jpg,/nas-ctm01/datasets/public/BIOMETRICS/Face_Morphing/MAD22/original_sorted/BonaFide/020_03.jpg,84,18,32
74,MAD22,Webmorph,identity_disjoint_80_20,train,/nas-ctm01/datasets/public/BIOMETRICS/Face_Morphing/MAD22/original_sorted/Webmorph/011_03-vs-032_03.jpg,011_03-vs-032_03.jpg,011_03-vs-032_03,011_03,032_03,011,032,/nas-ctm01/datasets/public/BIOMETRICS/Face_Morphing/MAD22/original_sorted/BonaFide/011_03.jpg,/nas-ctm01/datasets/public/BIOMETRICS/Face_Morphing/MAD22/original_sorted/BonaFide/032_03.jpg,85,18,52
75,MAD22,Webmorph,identity_disjoint_80_20,train,/nas-ctm01/datasets/public/BIOMETRICS/Face_Morphing/MAD22/original_sorted/Webmorph/011_03-vs-062_03.jpg,011_03-vs-062_03.jpg,011_03-vs-062_03,011_03,062_03,011,062,/nas-ctm01/datasets/public/BIOMETRICS/Face_Morphing/MAD22/original_sorted/BonaFide/011_03.jpg,/nas-ctm01/datasets/public/BIOMETRICS/Face_Morphing/MAD22/original_sorted/BonaFide/062_03.jpg,86,18,76
76,MAD22,Webmorph,identity_disjoint_80_20,train,/nas-ctm01/datasets/public/BIOMETRICS/Face_Morphing/MAD22/original_sorted/Webmorph/011_03-vs-064_03.jpg,011_03-vs-064_03.jpg,011_03-vs-064_03,011_03,064_03,011,064,/nas-ctm01/datasets/public/BIOMETRICS/Face_Morphing/MAD22/original_sorted/BonaFide/011_03.jpg,/nas-ctm01/datasets/public/BIOMETRICS/Face_Morphing/MAD22/original_sorted/BonaFide/064_03.jpg,87,18,80
77,MAD22,Webmorph,identity_disjoint_80_20,train,/nas-ctm01/datasets/public/BIOMETRICS/Face_Morphing/MAD22/original_sorted/Webmorph/011_03-vs-097_03.jpg,011_03-vs-097_03.jpg,011_03-vs-097_03,011_03,097_03,011,097,/nas-ctm01/datasets/public/BIOMETRICS/Face_Morphing/MAD22/original_sorted/BonaFide/011_03.jpg,/nas-ctm01/datasets/public/BIOMETRICS/Face_Morphing/MAD22/original_sorted/BonaFide/097_03.jpg,88,18,108
78,MAD22,Webmorph,identity_disjoint_80_20,train,/nas-ctm01/datasets/public/BIOMETRICS/Face_Morphing/MAD22/original_sorted/Webmorph/011_03-vs-118_03.jpg,011_03-vs-118_03.jpg,011_03-vs-118_03,011_03,118_03,011,118,/nas-ctm01/datasets/public/BIOMETRICS/Face_Morphing/MAD22/original_sorted/BonaFide/011_03.jpg,/nas-ctm01/datasets/public/BIOMETRICS/Face_Morphing/MAD22/original_sorted/BonaFide/118_03.jpg,89,18,133
79,MAD22,Webmorph,identity_disjoint_80_20,train,/nas-ctm01/datasets/public/BIOMETRICS/Face_Morphing/MAD22/original_sorted/Webmorph/011_03-vs-120_03.jpg,011_03-vs-120_03.jpg,011_03-vs-120_03,011_03,120_03,011,120,/nas-ctm01/datasets/public/BIOMETRICS/Face_Morphing/MAD22/original_sorted/BonaFide/011_03.jpg,/nas-ctm01/datasets/public/BIOMETRICS/Face_Morphing/MAD22/original_sorted/BonaFide/120_03.jpg,90,18,137
80,MAD22,Webmorph,identity_disjoint_80_20,train,/nas-ctm01/datasets/public/BIOMETRICS/Face_Morphing/MAD22/original_sorted/Webmorph/011_03-vs-124_03.jpg,011_03-vs-124_03.jpg,011_03-vs-124_03,011_03,124_03,011,124,/nas-ctm01/datasets/public/BIOMETRICS/Face_Morphing/MAD22/original_sorted/BonaFide/011_03.jpg,/nas-ctm01/datasets/public/BIOMETRICS/Face_Morphing/MAD22/original_sorted/BonaFide/124_03.jpg,91,18,145
81,MAD22,Webmorph,identity_disjoint_80_20,train,/nas-ctm01/datasets/public/BIOMETRICS/Face_Morphing/MAD22/original_sorted/Webmorph/011_03-vs-135_03.jpg,011_03-vs-135_03.jpg,011_03-vs-135_03,011_03,135_03,011,135,/nas-ctm01/datasets/public/BIOMETRICS/Face_Morphing/MAD22/original_sorted/BonaFide/011_03.jpg,/nas-ctm01/datasets/public/BIOMETRICS/Face_Morphing/MAD22/original_sorted/BonaFide/135_03.jpg,92,18,164
82,MAD22,Webmorph,identity_disjoint_80_20,train,/nas-ctm01/datasets/public/BIOMETRICS/Face_Morphing/MAD22/original_sorted/Webmorph/012_03-vs-026_03.jpg,012_03-vs-026_03.jpg,012_03-vs-026_03,012_03,026_03,012,026,/nas-ctm01/datasets/public/BIOMETRICS/Face_Morphing/MAD22/original_sorted/BonaFide/012_03.jpg,/nas-ctm01/datasets/public/BIOMETRICS/Face_Morphing/MAD22/original_sorted/BonaFide/026_03.jpg,93,20,42
83,MAD22,Webmorph,identity_disjoint_80_20,train,/nas-ctm01/datasets/public/BIOMETRICS/Face_Morphing/MAD22/original_sorted/Webmorph/012_03-vs-037_03.jpg,012_03-vs-037_03.jpg,012_03-vs-037_03,012_03,037_03,012,037,/nas-ctm01/datasets/public/BIOMETRICS/Face_Morphing/MAD22/original_sorted/BonaFide/012_03.jpg,/nas-ctm01/datasets/public/BIOMETRICS/Face_Morphing/MAD22/original_sorted/BonaFide/037_03.jpg,94,20,60
84,MAD22,Webmorph,identity_disjoint_80_20,train,/nas-ctm01/datasets/public/BIOMETRICS/Face_Morphing/MAD22/original_sorted/Webmorph/012_03-vs-096_03.jpg,012_03-vs-096_03.jpg,012_03-vs-096_03,012_03,096_03,012,096,/nas-ctm01/datasets/public/BIOMETRICS/Face_Morphing/MAD22/original_sorted/BonaFide/012_03.jpg,/nas-ctm01/datasets/public/BIOMETRICS/Face_Morphing/MAD22/original_sorted/BonaFide/096_03.jpg,96,20,106
85,MAD22,Webmorph,identity_disjoint_80_20,train,/nas-ctm01/datasets/public/BIOMETRICS/Face_Morphing/MAD22/original_sorted/Webmorph/012_03-vs-138_03.jpg,012_03-vs-138_03.jpg,012_03-vs-138_03,012_03,138_03,012,138,/nas-ctm01/datasets/public/BIOMETRICS/Face_Morphing/MAD22/original_sorted/BonaFide/012_03.jpg,/nas-ctm01/datasets/public/BIOMETRICS/Face_Morphing/MAD22/original_sorted/BonaFide/138_03.jpg,97,20,169
86,MAD22,Webmorph,identity_disjoint_80_20,train,/nas-ctm01/datasets/public/BIOMETRICS/Face_Morphing/MAD22/original_sorted/Webmorph/012_03-vs-141_03.jpg,012_03-vs-141_03.jpg,012_03-vs-141_03,012_03,141_03,012,141,/nas-ctm01/datasets/public/BIOMETRICS/Face_Morphing/MAD22/original_sorted/BonaFide/012_03.jpg,/nas-ctm01/datasets/public/BIOMETRICS/Face_Morphing/MAD22/original_sorted/BonaFide/141_03.jpg,98,20,173
87,MAD22,Webmorph,identity_disjoint_80_20,train,/nas-ctm01/datasets/public/BIOMETRICS/Face_Morphing/MAD22/original_sorted/Webmorph/014_03-vs-019_03.jpg,014_03-vs-019_03.jpg,014_03-vs-019_03,014_03,019_03,014,019,/nas-ctm01/datasets/public/BIOMETRICS/Face_Morphing/MAD22/original_sorted/BonaFide/014_03.jpg,/nas-ctm01/datasets/public/BIOMETRICS/Face_Morphing/MAD22/original_sorted/BonaFide/019_03.jpg,99,23,30
88,MAD22,Webmorph,identity_disjoint_80_20,train,/nas-ctm01/datasets/public/BIOMETRICS/Face_Morphing/MAD22/original_sorted/Webmorph/014_03-vs-030_03.jpg,014_03-vs-030_03.jpg,014_03-vs-030_03,014_03,030_03,014,030,/nas-ctm01/datasets/public/BIOMETRICS/Face_Morphing/MAD22/original_sorted/BonaFide/014_03.jpg,/nas-ctm01/datasets/public/BIOMETRICS/Face_Morphing/MAD22/original_sorted/BonaFide/030_03.jpg,100,23,48
89,MAD22,Webmorph,identity_disjoint_80_20,train,/nas-ctm01/datasets/public/BIOMETRICS/Face_Morphing/MAD22/original_sorted/Webmorph/014_03-vs-038_03.jpg,014_03-vs-038_03.jpg,014_03-vs-038_03,014_03,038_03,014,038,/nas-ctm01/datasets/public/BIOMETRICS/Face_Morphing/MAD22/original_sorted/BonaFide/014_03.jpg,/nas-ctm01/datasets/public/BIOMETRICS/Face_Morphing/MAD22/original_sorted/BonaFide/038_03.jpg,101,23,61
90,MAD22,Webmorph,identity_disjoint_80_20,train,/nas-ctm01/datasets/public/BIOMETRICS/Face_Morphing/MAD22/original_sorted/Webmorph/014_03-vs-122_03.jpg,014_03-vs-122_03.jpg,014_03-vs-122_03,014_03,122_03,014,122,/nas-ctm01/datasets/public/BIOMETRICS/Face_Morphing/MAD22/original_sorted/BonaFide/014_03.jpg,/nas-ctm01/datasets/public/BIOMETRICS/Face_Morphing/MAD22/original_sorted/BonaFide/122_03.jpg,102,23,141
91,MAD22,Webmorph,identity_disjoint_80_20,train,/nas-ctm01/datasets/public/BIOMETRICS/Face_Morphing/MAD22/original_sorted/Webmorph/014_03-vs-134_03.jpg,014_03-vs-134_03.jpg,014_03-vs-134_03,014_03,134_03,014,134,/nas-ctm01/datasets/public/BIOMETRICS/Face_Morphing/MAD22/original_sorted/BonaFide/014_03.jpg,/nas-ctm01/datasets/public/BIOMETRICS/Face_Morphing/MAD22/original_sorted/BonaFide/134_03.jpg,103,23,162
92,MAD22,Webmorph,identity_disjoint_80_20,train,/nas-ctm01/datasets/public/BIOMETRICS/Face_Morphing/MAD22/original_sorted/Webmorph/014_03-vs-139_03.jpg,014_03-vs-139_03.jpg,014_03-vs-139_03,014_03,139_03,014,139,/nas-ctm01/datasets/public/BIOMETRICS/Face_Morphing/MAD22/original_sorted/BonaFide/014_03.jpg,/nas-ctm01/datasets/public/BIOMETRICS/Face_Morphing/MAD22/original_sorted/BonaFide/139_03.jpg,104,23,170
93,MAD22,Webmorph,identity_disjoint_80_20,train,/nas-ctm01/datasets/public/BIOMETRICS/Face_Morphing/MAD22/original_sorted/Webmorph/016_03-vs-027_03.jpg,016_03-vs-027_03.jpg,016_03-vs-027_03,016_03,027_03,016,027,/nas-ctm01/datasets/public/BIOMETRICS/Face_Morphing/MAD22/original_sorted/BonaFide/016_03.jpg,/nas-ctm01/datasets/public/BIOMETRICS/Face_Morphing/MAD22/original_sorted/BonaFide/027_03.jpg,105,25,44
94,MAD22,Webmorph,identity_disjoint_80_20,train,/nas-ctm01/datasets/public/BIOMETRICS/Face_Morphing/MAD22/original_sorted/Webmorph/016_03-vs-083_03.jpg,016_03-vs-083_03.jpg,016_03-vs-083_03,016_03,083_03,016,083,/nas-ctm01/datasets/public/BIOMETRICS/Face_Morphing/MAD22/original_sorted/BonaFide/016_03.jpg,/nas-ctm01/datasets/public/BIOMETRICS/Face_Morphing/MAD22/original_sorted/BonaFide/083_03.jpg,106,25,94
95,MAD22,Webmorph,identity_disjoint_80_20,train,/nas-ctm01/datasets/public/BIOMETRICS/Face_Morphing/MAD22/original_sorted/Webmorph/016_03-vs-086_03.jpg,016_03-vs-086_03.jpg,016_03-vs-086_03,016_03,086_03,016,086,/nas-ctm01/datasets/public/BIOMETRICS/Face_Morphing/MAD22/original_sorted/BonaFide/016_03.jpg,/nas-ctm01/datasets/public/BIOMETRICS/Face_Morphing/MAD22/original_sorted/BonaFide/086_03.jpg,107,25,96
96,MAD22,Webmorph,identity_disjoint_80_20,train,/nas-ctm01/datasets/public/BIOMETRICS/Face_Morphing/MAD22/original_sorted/Webmorph/016_03-vs-094_03.jpg,016_03-vs-094_03.jpg,016_03-vs-094_03,016_03,094_03,016,094,/nas-ctm01/datasets/public/BIOMETRICS/Face_Morphing/MAD22/original_sorted/BonaFide/016_03.jpg,/nas-ctm01/datasets/public/BIOMETRICS/Face_Morphing/MAD22/original_sorted/BonaFide/094_03.jpg,108,25,104
97,MAD22,Webmorph,identity_disjoint_80_20,train,/nas-ctm01/datasets/public/BIOMETRICS/Face_Morphing/MAD22/original_sorted/Webmorph/018_03-vs-061_03.jpg,018_03-vs-061_03.jpg,018_03-vs-061_03,018_03,061_03,018,061,/nas-ctm01/datasets/public/BIOMETRICS/Face_Morphing/MAD22/original_sorted/BonaFide/018_03.jpg,/nas-ctm01/datasets/public/BIOMETRICS/Face_Morphing/MAD22/original_sorted/BonaFide/061_03.jpg,109,28,74
98,MAD22,Webmorph,identity_disjoint_80_20,train,/nas-ctm01/datasets/public/BIOMETRICS/Face_Morphing/MAD22/original_sorted/Webmorph/018_03-vs-063_03.jpg,018_03-vs-063_03.jpg,018_03-vs-063_03,018_03,063_03,018,063,/nas-ctm01/datasets/public/BIOMETRICS/Face_Morphing/MAD22/original_sorted/BonaFide/018_03.jpg,/nas-ctm01/datasets/public/BIOMETRICS/Face_Morphing/MAD22/original_sorted/BonaFide/063_03.jpg,110,28,78
99,MAD22,Webmorph,identity_disjoint_80_20,train,/nas-ctm01/datasets/public/BIOMETRICS/Face_Morphing/MAD22/original_sorted/Webmorph/018_03-vs-131_03.jpg,018_03-vs-131_03.jpg,018_03-vs-131_03,018_03,131_03,018,131,/nas-ctm01/datasets/public/BIOMETRICS/Face_Morphing/MAD22/original_sorted/BonaFide/018_03.jpg,/nas-ctm01/datasets/public/BIOMETRICS/Face_Morphing/MAD22/original_sorted/BonaFide/131_03.jpg,113,28,158
100,MAD22,Webmorph,identity_disjoint_80_20,train,/nas-ctm01/datasets/public/BIOMETRICS/Face_Morphing/MAD22/original_sorted/Webmorph/018_03-vs-132_03.jpg,018_03-vs-132_03.jpg,018_03-vs-132_03,018_03,132_03,018,132,/nas-ctm01/datasets/public/BIOMETRICS/Face_Morphing/MAD22/original_sorted/BonaFide/018_03.jpg,/nas-ctm01/datasets/public/BIOMETRICS/Face_Morphing/MAD22/original_sorted/BonaFide/132_03.jpg,114,28,160
101,MAD22,Webmorph,identity_disjoint_80_20,train,/nas-ctm01/datasets/public/BIOMETRICS/Face_Morphing/MAD22/original_sorted/Webmorph/018_03-vs-138_03.jpg,018_03-vs-138_03.jpg,018_03-vs-138_03,018_03,138_03,018,138,/nas-ctm01/datasets/public/BIOMETRICS/Face_Morphing/MAD22/original_sorted/BonaFide/018_03.jpg,/nas-ctm01/datasets/public/BIOMETRICS/Face_Morphing/MAD22/original_sorted/BonaFide/138_03.jpg,115,28,169
102,MAD22,Webmorph,identity_disjoint_80_20,train,/nas-ctm01/datasets/public/BIOMETRICS/Face_Morphing/MAD22/original_sorted/Webmorph/019_03-vs-027_03.jpg,019_03-vs-027_03.jpg,019_03-vs-027_03,019_03,027_03,019,027,/nas-ctm01/datasets/public/BIOMETRICS/Face_Morphing/MAD22/original_sorted/BonaFide/019_03.jpg,/nas-ctm01/datasets/public/BIOMETRICS/Face_Morphing/MAD22/original_sorted/BonaFide/027_03.jpg,116,30,44
103,MAD22,Webmorph,identity_disjoint_80_20,train,/nas-ctm01/datasets/public/BIOMETRICS/Face_Morphing/MAD22/original_sorted/Webmorph/019_03-vs-039_03.jpg,019_03-vs-039_03.jpg,019_03-vs-039_03,019_03,039_03,019,039,/nas-ctm01/datasets/public/BIOMETRICS/Face_Morphing/MAD22/original_sorted/BonaFide/019_03.jpg,/nas-ctm01/datasets/public/BIOMETRICS/Face_Morphing/MAD22/original_sorted/BonaFide/039_03.jpg,117,30,63
104,MAD22,Webmorph,identity_disjoint_80_20,train,/nas-ctm01/datasets/public/BIOMETRICS/Face_Morphing/MAD22/original_sorted/Webmorph/019_03-vs-083_03.jpg,019_03-vs-083_03.jpg,019_03-vs-083_03,019_03,083_03,019,083,/nas-ctm01/datasets/public/BIOMETRICS/Face_Morphing/MAD22/original_sorted/BonaFide/019_03.jpg,/nas-ctm01/datasets/public/BIOMETRICS/Face_Morphing/MAD22/original_sorted/BonaFide/083_03.jpg,118,30,94
105,MAD22,Webmorph,identity_disjoint_80_20,train,/nas-ctm01/datasets/public/BIOMETRICS/Face_Morphing/MAD22/original_sorted/Webmorph/019_03-vs-097_03.jpg,019_03-vs-097_03.jpg,019_03-vs-097_03,019_03,097_03,019,097,/nas-ctm01/datasets/public/BIOMETRICS/Face_Morphing/MAD22/original_sorted/BonaFide/019_03.jpg,/nas-ctm01/datasets/public/BIOMETRICS/Face_Morphing/MAD22/original_sorted/BonaFide/097_03.jpg,119,30,108
106,MAD22,Webmorph,identity_disjoint_80_20,train,/nas-ctm01/datasets/public/BIOMETRICS/Face_Morphing/MAD22/original_sorted/Webmorph/019_03-vs-100_03.jpg,019_03-vs-100_03.jpg,019_03-vs-100_03,019_03,100_03,019,100,/nas-ctm01/datasets/public/BIOMETRICS/Face_Morphing/MAD22/original_sorted/BonaFide/019_03.jpg,/nas-ctm01/datasets/public/BIOMETRICS/Face_Morphing/MAD22/original_sorted/BonaFide/100_03.jpg,120,30,112
107,MAD22,Webmorph,identity_disjoint_80_20,train,/nas-ctm01/datasets/public/BIOMETRICS/Face_Morphing/MAD22/original_sorted/Webmorph/019_03-vs-122_03.jpg,019_03-vs-122_03.jpg,019_03-vs-122_03,019_03,122_03,019,122,/nas-ctm01/datasets/public/BIOMETRICS/Face_Morphing/MAD22/original_sorted/BonaFide/019_03.jpg,/nas-ctm01/datasets/public/BIOMETRICS/Face_Morphing/MAD22/original_sorted/BonaFide/122_03.jpg,121,30,141
108,MAD22,Webmorph,identity_disjoint_80_20,train,/nas-ctm01/datasets/public/BIOMETRICS/Face_Morphing/MAD22/original_sorted/Webmorph/019_03-vs-139_03.jpg,019_03-vs-139_03.jpg,019_03-vs-139_03,019_03,139_03,019,139,/nas-ctm01/datasets/public/BIOMETRICS/Face_Morphing/MAD22/original_sorted/BonaFide/019_03.jpg,/nas-ctm01/datasets/public/BIOMETRICS/Face_Morphing/MAD22/original_sorted/BonaFide/139_03.jpg,122,30,170
109,MAD22,Webmorph,identity_disjoint_80_20,train,/nas-ctm01/datasets/public/BIOMETRICS/Face_Morphing/MAD22/original_sorted/Webmorph/019_03-vs-144_03.jpg,019_03-vs-144_03.jpg,019_03-vs-144_03,019_03,144_03,019,144,/nas-ctm01/datasets/public/BIOMETRICS/Face_Morphing/MAD22/original_sorted/BonaFide/019_03.jpg,/nas-ctm01/datasets/public/BIOMETRICS/Face_Morphing/MAD22/original_sorted/BonaFide/144_03.jpg,123,30,179
110,MAD22,Webmorph,identity_disjoint_80_20,train,/nas-ctm01/datasets/public/BIOMETRICS/Face_Morphing/MAD22/original_sorted/Webmorph/020_03-vs-062_03.jpg,020_03-vs-062_03.jpg,020_03-vs-062_03,020_03,062_03,020,062,/nas-ctm01/datasets/public/BIOMETRICS/Face_Morphing/MAD22/original_sorted/BonaFide/020_03.jpg,/nas-ctm01/datasets/public/BIOMETRICS/Face_Morphing/MAD22/original_sorted/BonaFide/062_03.jpg,124,32,76
111,MAD22,Webmorph,identity_disjoint_80_20,train,/nas-ctm01/datasets/public/BIOMETRICS/Face_Morphing/MAD22/original_sorted/Webmorph/020_03-vs-064_03.jpg,020_03-vs-064_03.jpg,020_03-vs-064_03,020_03,064_03,020,064,/nas-ctm01/datasets/public/BIOMETRICS/Face_Morphing/MAD22/original_sorted/BonaFide/020_03.jpg,/nas-ctm01/datasets/public/BIOMETRICS/Face_Morphing/MAD22/original_sorted/BonaFide/064_03.jpg,125,32,80
112,MAD22,Webmorph,identity_disjoint_80_20,train,/nas-ctm01/datasets/public/BIOMETRICS/Face_Morphing/MAD22/original_sorted/Webmorph/020_03-vs-102_03.jpg,020_03-vs-102_03.jpg,020_03-vs-102_03,020_03,102_03,020,102,/nas-ctm01/datasets/public/BIOMETRICS/Face_Morphing/MAD22/original_sorted/BonaFide/020_03.jpg,/nas-ctm01/datasets/public/BIOMETRICS/Face_Morphing/MAD22/original_sorted/BonaFide/102_03.jpg,126,32,115
113,MAD22,Webmorph,identity_disjoint_80_20,train,/nas-ctm01/datasets/public/BIOMETRICS/Face_Morphing/MAD22/original_sorted/Webmorph/024_03-vs-036_03.jpg,024_03-vs-036_03.jpg,024_03-vs-036_03,024_03,036_03,024,036,/nas-ctm01/datasets/public/BIOMETRICS/Face_Morphing/MAD22/original_sorted/BonaFide/024_03.jpg,/nas-ctm01/datasets/public/BIOMETRICS/Face_Morphing/MAD22/original_sorted/BonaFide/036_03.jpg,138,38,58
114,MAD22,Webmorph,identity_disjoint_80_20,train,/nas-ctm01/datasets/public/BIOMETRICS/Face_Morphing/MAD22/original_sorted/Webmorph/024_03-vs-061_03.jpg,024_03-vs-061_03.jpg,024_03-vs-061_03,024_03,061_03,024,061,/nas-ctm01/datasets/public/BIOMETRICS/Face_Morphing/MAD22/original_sorted/BonaFide/024_03.jpg,/nas-ctm01/datasets/public/BIOMETRICS/Face_Morphing/MAD22/original_sorted/BonaFide/061_03.jpg,140,38,74
115,MAD22,Webmorph,identity_disjoint_80_20,train,/nas-ctm01/datasets/public/BIOMETRICS/Face_Morphing/MAD22/original_sorted/Webmorph/024_03-vs-092_03.jpg,024_03-vs-092_03.jpg,024_03-vs-092_03,024_03,092_03,024,092,/nas-ctm01/datasets/public/BIOMETRICS/Face_Morphing/MAD22/original_sorted/BonaFide/024_03.jpg,/nas-ctm01/datasets/public/BIOMETRICS/Face_Morphing/MAD22/original_sorted/BonaFide/092_03.jpg,141,38,102
116,MAD22,Webmorph,identity_disjoint_80_20,train,/nas-ctm01/datasets/public/BIOMETRICS/Face_Morphing/MAD22/original_sorted/Webmorph/024_03-vs-125_03.jpg,024_03-vs-125_03.jpg,024_03-vs-125_03,024_03,125_03,024,125,/nas-ctm01/datasets/public/BIOMETRICS/Face_Morphing/MAD22/original_sorted/BonaFide/024_03.jpg,/nas-ctm01/datasets/public/BIOMETRICS/Face_Morphing/MAD22/original_sorted/BonaFide/125_03.jpg,142,38,147
117,MAD22,Webmorph,identity_disjoint_80_20,train,/nas-ctm01/datasets/public/BIOMETRICS/Face_Morphing/MAD22/original_sorted/Webmorph/024_03-vs-131_03.jpg,024_03-vs-131_03.jpg,024_03-vs-131_03,024_03,131_03,024,131,/nas-ctm01/datasets/public/BIOMETRICS/Face_Morphing/MAD22/original_sorted/BonaFide/024_03.jpg,/nas-ctm01/datasets/public/BIOMETRICS/Face_Morphing/MAD22/original_sorted/BonaFide/131_03.jpg,143,38,158
118,MAD22,Webmorph,identity_disjoint_80_20,train,/nas-ctm01/datasets/public/BIOMETRICS/Face_Morphing/MAD22/original_sorted/Webmorph/024_03-vs-138_03.jpg,024_03-vs-138_03.jpg,024_03-vs-138_03,024_03,138_03,024,138,/nas-ctm01/datasets/public/BIOMETRICS/Face_Morphing/MAD22/original_sorted/BonaFide/024_03.jpg,/nas-ctm01/datasets/public/BIOMETRICS/Face_Morphing/MAD22/original_sorted/BonaFide/138_03.jpg,145,38,169
119,MAD22,Webmorph,identity_disjoint_80_20,train,/nas-ctm01/datasets/public/BIOMETRICS/Face_Morphing/MAD22/original_sorted/Webmorph/024_03-vs-141_03.jpg,024_03-vs-141_03.jpg,024_03-vs-141_03,024_03,141_03,024,141,/nas-ctm01/datasets/public/BIOMETRICS/Face_Morphing/MAD22/original_sorted/BonaFide/024_03.jpg,/nas-ctm01/datasets/public/BIOMETRICS/Face_Morphing/MAD22/original_sorted/BonaFide/141_03.jpg,146,38,173
120,MAD22,Webmorph,identity_disjoint_80_20,train,/nas-ctm01/datasets/public/BIOMETRICS/Face_Morphing/MAD22/original_sorted/Webmorph/025_03-vs-038_03.jpg,025_03-vs-038_03.jpg,025_03-vs-038_03,025_03,038_03,025,038,/nas-ctm01/datasets/public/BIOMETRICS/Face_Morphing/MAD22/original_sorted/BonaFide/025_03.jpg,/nas-ctm01/datasets/public/BIOMETRICS/Face_Morphing/MAD22/original_sorted/BonaFide/038_03.jpg,148,40,61
121,MAD22,Webmorph,identity_disjoint_80_20,train,/nas-ctm01/datasets/public/BIOMETRICS/Face_Morphing/MAD22/original_sorted/Webmorph/025_03-vs-062_03.jpg,025_03-vs-062_03.jpg,025_03-vs-062_03,025_03,062_03,025,062,/nas-ctm01/datasets/public/BIOMETRICS/Face_Morphing/MAD22/original_sorted/BonaFide/025_03.jpg,/nas-ctm01/datasets/public/BIOMETRICS/Face_Morphing/MAD22/original_sorted/BonaFide/062_03.jpg,149,40,76
122,MAD22,Webmorph,identity_disjoint_80_20,train,/nas-ctm01/datasets/public/BIOMETRICS/Face_Morphing/MAD22/original_sorted/Webmorph/025_03-vs-124_03.jpg,025_03-vs-124_03.jpg,025_03-vs-124_03,025_03,124_03,025,124,/nas-ctm01/datasets/public/BIOMETRICS/Face_Morphing/MAD22/original_sorted/BonaFide/025_03.jpg,/nas-ctm01/datasets/public/BIOMETRICS/Face_Morphing/MAD22/original_sorted/BonaFide/124_03.jpg,150,40,145
123,MAD22,Webmorph,identity_disjoint_80_20,train,/nas-ctm01/datasets/public/BIOMETRICS/Face_Morphing/MAD22/original_sorted/Webmorph/025_03-vs-134_03.jpg,025_03-vs-134_03.jpg,025_03-vs-134_03,025_03,134_03,025,134,/nas-ctm01/datasets/public/BIOMETRICS/Face_Morphing/MAD22/original_sorted/BonaFide/025_03.jpg,/nas-ctm01/datasets/public/BIOMETRICS/Face_Morphing/MAD22/original_sorted/BonaFide/134_03.jpg,151,40,162
124,MAD22,Webmorph,identity_disjoint_80_20,train,/nas-ctm01/datasets/public/BIOMETRICS/Face_Morphing/MAD22/original_sorted/Webmorph/025_03-vs-136_03.jpg,025_03-vs-136_03.jpg,025_03-vs-136_03,025_03,136_03,025,136,/nas-ctm01/datasets/public/BIOMETRICS/Face_Morphing/MAD22/original_sorted/BonaFide/025_03.jpg,/nas-ctm01/datasets/public/BIOMETRICS/Face_Morphing/MAD22/original_sorted/BonaFide/136_03.jpg,152,40,166
125,MAD22,Webmorph,identity_disjoint_80_20,train,/nas-ctm01/datasets/public/BIOMETRICS/Face_Morphing/MAD22/original_sorted/Webmorph/026_03-vs-123_03.jpg,026_03-vs-123_03.jpg,026_03-vs-123_03,026_03,123_03,026,123,/nas-ctm01/datasets/public/BIOMETRICS/Face_Morphing/MAD22/original_sorted/BonaFide/026_03.jpg,/nas-ctm01/datasets/public/BIOMETRICS/Face_Morphing/MAD22/original_sorted/BonaFide/123_03.jpg,153,42,143
126,MAD22,Webmorph,identity_disjoint_80_20,train,/nas-ctm01/datasets/public/BIOMETRICS/Face_Morphing/MAD22/original_sorted/Webmorph/026_03-vs-130_03.jpg,026_03-vs-130_03.jpg,026_03-vs-130_03,026_03,130_03,026,130,/nas-ctm01/datasets/public/BIOMETRICS/Face_Morphing/MAD22/original_sorted/BonaFide/026_03.jpg,/nas-ctm01/datasets/public/BIOMETRICS/Face_Morphing/MAD22/original_sorted/BonaFide/130_03.jpg,154,42,156
127,MAD22,Webmorph,identity_disjoint_80_20,train,/nas-ctm01/datasets/public/BIOMETRICS/Face_Morphing/MAD22/original_sorted/Webmorph/026_03-vs-143_03.jpg,026_03-vs-143_03.jpg,026_03-vs-143_03,026_03,143_03,026,143,/nas-ctm01/datasets/public/BIOMETRICS/Face_Morphing/MAD22/original_sorted/BonaFide/026_03.jpg,/nas-ctm01/datasets/public/BIOMETRICS/Face_Morphing/MAD22/original_sorted/BonaFide/143_03.jpg,155,42,177
128,MAD22,Webmorph,identity_disjoint_80_20,train,/nas-ctm01/datasets/public/BIOMETRICS/Face_Morphing/MAD22/original_sorted/Webmorph/027_03-vs-083_03.jpg,027_03-vs-083_03.jpg,027_03-vs-083_03,027_03,083_03,027,083,/nas-ctm01/datasets/public/BIOMETRICS/Face_Morphing/MAD22/original_sorted/BonaFide/027_03.jpg,/nas-ctm01/datasets/public/BIOMETRICS/Face_Morphing/MAD22/original_sorted/BonaFide/083_03.jpg,156,44,94
129,MAD22,Webmorph,identity_disjoint_80_20,train,/nas-ctm01/datasets/public/BIOMETRICS/Face_Morphing/MAD22/original_sorted/Webmorph/027_03-vs-090_03.jpg,027_03-vs-090_03.jpg,027_03-vs-090_03,027_03,090_03,027,090,/nas-ctm01/datasets/public/BIOMETRICS/Face_Morphing/MAD22/original_sorted/BonaFide/027_03.jpg,/nas-ctm01/datasets/public/BIOMETRICS/Face_Morphing/MAD22/original_sorted/BonaFide/090_03.jpg,157,44,99
130,MAD22,Webmorph,identity_disjoint_80_20,train,/nas-ctm01/datasets/public/BIOMETRICS/Face_Morphing/MAD22/original_sorted/Webmorph/027_03-vs-094_03.jpg,027_03-vs-094_03.jpg,027_03-vs-094_03,027_03,094_03,027,094,/nas-ctm01/datasets/public/BIOMETRICS/Face_Morphing/MAD22/original_sorted/BonaFide/027_03.jpg,/nas-ctm01/datasets/public/BIOMETRICS/Face_Morphing/MAD22/original_sorted/BonaFide/094_03.jpg,158,44,104
131,MAD22,Webmorph,identity_disjoint_80_20,train,/nas-ctm01/datasets/public/BIOMETRICS/Face_Morphing/MAD22/original_sorted/Webmorph/027_03-vs-099_03.jpg,027_03-vs-099_03.jpg,027_03-vs-099_03,027_03,099_03,027,099,/nas-ctm01/datasets/public/BIOMETRICS/Face_Morphing/MAD22/original_sorted/BonaFide/027_03.jpg,/nas-ctm01/datasets/public/BIOMETRICS/Face_Morphing/MAD22/original_sorted/BonaFide/099_03.jpg,159,44,110
132,MAD22,Webmorph,identity_disjoint_80_20,train,/nas-ctm01/datasets/public/BIOMETRICS/Face_Morphing/MAD22/original_sorted/Webmorph/027_03-vs-100_03.jpg,027_03-vs-100_03.jpg,027_03-vs-100_03,027_03,100_03,027,100,/nas-ctm01/datasets/public/BIOMETRICS/Face_Morphing/MAD22/original_sorted/BonaFide/027_03.jpg,/nas-ctm01/datasets/public/BIOMETRICS/Face_Morphing/MAD22/original_sorted/BonaFide/100_03.jpg,160,44,112
133,MAD22,Webmorph,identity_disjoint_80_20,train,/nas-ctm01/datasets/public/BIOMETRICS/Face_Morphing/MAD22/original_sorted/Webmorph/027_03-vs-102_03.jpg,027_03-vs-102_03.jpg,027_03-vs-102_03,027_03,102_03,027,102,/nas-ctm01/datasets/public/BIOMETRICS/Face_Morphing/MAD22/original_sorted/BonaFide/027_03.jpg,/nas-ctm01/datasets/public/BIOMETRICS/Face_Morphing/MAD22/original_sorted/BonaFide/102_03.jpg,161,44,115
134,MAD22,Webmorph,identity_disjoint_80_20,train,/nas-ctm01/datasets/public/BIOMETRICS/Face_Morphing/MAD22/original_sorted/Webmorph/027_03-vs-118_03.jpg,027_03-vs-118_03.jpg,027_03-vs-118_03,027_03,118_03,027,118,/nas-ctm01/datasets/public/BIOMETRICS/Face_Morphing/MAD22/original_sorted/BonaFide/027_03.jpg,/nas-ctm01/datasets/public/BIOMETRICS/Face_Morphing/MAD22/original_sorted/BonaFide/118_03.jpg,162,44,133
135,MAD22,Webmorph,identity_disjoint_80_20,train,/nas-ctm01/datasets/public/BIOMETRICS/Face_Morphing/MAD22/original_sorted/Webmorph/027_03-vs-139_03.jpg,027_03-vs-139_03.jpg,027_03-vs-139_03,027_03,139_03,027,139,/nas-ctm01/datasets/public/BIOMETRICS/Face_Morphing/MAD22/original_sorted/BonaFide/027_03.jpg,/nas-ctm01/datasets/public/BIOMETRICS/Face_Morphing/MAD22/original_sorted/BonaFide/139_03.jpg,163,44,170
136,MAD22,Webmorph,identity_disjoint_80_20,train,/nas-ctm01/datasets/public/BIOMETRICS/Face_Morphing/MAD22/original_sorted/Webmorph/027_03-vs-144_03.jpg,027_03-vs-144_03.jpg,027_03-vs-144_03,027_03,144_03,027,144,/nas-ctm01/datasets/public/BIOMETRICS/Face_Morphing/MAD22/original_sorted/BonaFide/027_03.jpg,/nas-ctm01/datasets/public/BIOMETRICS/Face_Morphing/MAD22/original_sorted/BonaFide/144_03.jpg,164,44,179
137,MAD22,Webmorph,identity_disjoint_80_20,train,/nas-ctm01/datasets/public/BIOMETRICS/Face_Morphing/MAD22/original_sorted/Webmorph/030_03-vs-039_03.jpg,030_03-vs-039_03.jpg,030_03-vs-039_03,030_03,039_03,030,039,/nas-ctm01/datasets/public/BIOMETRICS/Face_Morphing/MAD22/original_sorted/BonaFide/030_03.jpg,/nas-ctm01/datasets/public/BIOMETRICS/Face_Morphing/MAD22/original_sorted/BonaFide/039_03.jpg,171,48,63
138,MAD22,Webmorph,identity_disjoint_80_20,train,/nas-ctm01/datasets/public/BIOMETRICS/Face_Morphing/MAD22/original_sorted/Webmorph/030_03-vs-062_03.jpg,030_03-vs-062_03.jpg,030_03-vs-062_03,030_03,062_03,030,062,/nas-ctm01/datasets/public/BIOMETRICS/Face_Morphing/MAD22/original_sorted/BonaFide/030_03.jpg,/nas-ctm01/datasets/public/BIOMETRICS/Face_Morphing/MAD22/original_sorted/BonaFide/062_03.jpg,172,48,76
139,MAD22,Webmorph,identity_disjoint_80_20,train,/nas-ctm01/datasets/public/BIOMETRICS/Face_Morphing/MAD22/original_sorted/Webmorph/030_03-vs-134_03.jpg,030_03-vs-134_03.jpg,030_03-vs-134_03,030_03,134_03,030,134,/nas-ctm01/datasets/public/BIOMETRICS/Face_Morphing/MAD22/original_sorted/BonaFide/030_03.jpg,/nas-ctm01/datasets/public/BIOMETRICS/Face_Morphing/MAD22/original_sorted/BonaFide/134_03.jpg,173,48,162
140,MAD22,Webmorph,identity_disjoint_80_20,train,/nas-ctm01/datasets/public/BIOMETRICS/Face_Morphing/MAD22/original_sorted/Webmorph/032_03-vs-086_03.jpg,032_03-vs-086_03.jpg,032_03-vs-086_03,032_03,086_03,032,086,/nas-ctm01/datasets/public/BIOMETRICS/Face_Morphing/MAD22/original_sorted/BonaFide/032_03.jpg,/nas-ctm01/datasets/public/BIOMETRICS/Face_Morphing/MAD22/original_sorted/BonaFide/086_03.jpg,180,52,96
141,MAD22,Webmorph,identity_disjoint_80_20,train,/nas-ctm01/datasets/public/BIOMETRICS/Face_Morphing/MAD22/original_sorted/Webmorph/032_03-vs-094_03.jpg,032_03-vs-094_03.jpg,032_03-vs-094_03,032_03,094_03,032,094,/nas-ctm01/datasets/public/BIOMETRICS/Face_Morphing/MAD22/original_sorted/BonaFide/032_03.jpg,/nas-ctm01/datasets/public/BIOMETRICS/Face_Morphing/MAD22/original_sorted/BonaFide/094_03.jpg,181,52,104
142,MAD22,Webmorph,identity_disjoint_80_20,train,/nas-ctm01/datasets/public/BIOMETRICS/Face_Morphing/MAD22/original_sorted/Webmorph/032_03-vs-107_03.jpg,032_03-vs-107_03.jpg,032_03-vs-107_03,032_03,107_03,032,107,/nas-ctm01/datasets/public/BIOMETRICS/Face_Morphing/MAD22/original_sorted/BonaFide/032_03.jpg,/nas-ctm01/datasets/public/BIOMETRICS/Face_Morphing/MAD22/original_sorted/BonaFide/107_03.jpg,182,52,121
143,MAD22,Webmorph,identity_disjoint_80_20,train,/nas-ctm01/datasets/public/BIOMETRICS/Face_Morphing/MAD22/original_sorted/Webmorph/032_03-vs-126_03.jpg,032_03-vs-126_03.jpg,032_03-vs-126_03,032_03,126_03,032,126,/nas-ctm01/datasets/public/BIOMETRICS/Face_Morphing/MAD22/original_sorted/BonaFide/032_03.jpg,/nas-ctm01/datasets/public/BIOMETRICS/Face_Morphing/MAD22/original_sorted/BonaFide/126_03.jpg,183,52,149
144,MAD22,Webmorph,identity_disjoint_80_20,train,/nas-ctm01/datasets/public/BIOMETRICS/Face_Morphing/MAD22/original_sorted/Webmorph/034_03-vs-099_03.jpg,034_03-vs-099_03.jpg,034_03-vs-099_03,034_03,099_03,034,099,/nas-ctm01/datasets/public/BIOMETRICS/Face_Morphing/MAD22/original_sorted/BonaFide/034_03.jpg,/nas-ctm01/datasets/public/BIOMETRICS/Face_Morphing/MAD22/original_sorted/BonaFide/099_03.jpg,190,56,110
145,MAD22,Webmorph,identity_disjoint_80_20,train,/nas-ctm01/datasets/public/BIOMETRICS/Face_Morphing/MAD22/original_sorted/Webmorph/034_03-vs-100_03.jpg,034_03-vs-100_03.jpg,034_03-vs-100_03,034_03,100_03,034,100,/nas-ctm01/datasets/public/BIOMETRICS/Face_Morphing/MAD22/original_sorted/BonaFide/034_03.jpg,/nas-ctm01/datasets/public/BIOMETRICS/Face_Morphing/MAD22/original_sorted/BonaFide/100_03.jpg,191,56,112
146,MAD22,Webmorph,identity_disjoint_80_20,train,/nas-ctm01/datasets/public/BIOMETRICS/Face_Morphing/MAD22/original_sorted/Webmorph/034_03-vs-118_03.jpg,034_03-vs-118_03.jpg,034_03-vs-118_03,034_03,118_03,034,118,/nas-ctm01/datasets/public/BIOMETRICS/Face_Morphing/MAD22/original_sorted/BonaFide/034_03.jpg,/nas-ctm01/datasets/public/BIOMETRICS/Face_Morphing/MAD22/original_sorted/BonaFide/118_03.jpg,192,56,133
147,MAD22,Webmorph,identity_disjoint_80_20,train,/nas-ctm01/datasets/public/BIOMETRICS/Face_Morphing/MAD22/original_sorted/Webmorph/034_03-vs-139_03.jpg,034_03-vs-139_03.jpg,034_03-vs-139_03,034_03,139_03,034,139,/nas-ctm01/datasets/public/BIOMETRICS/Face_Morphing/MAD22/original_sorted/BonaFide/034_03.jpg,/nas-ctm01/datasets/public/BIOMETRICS/Face_Morphing/MAD22/original_sorted/BonaFide/139_03.jpg,193,56,170
148,MAD22,Webmorph,identity_disjoint_80_20,train,/nas-ctm01/datasets/public/BIOMETRICS/Face_Morphing/MAD22/original_sorted/Webmorph/036_03-vs-063_03.jpg,036_03-vs-063_03.jpg,036_03-vs-063_03,036_03,063_03,036,063,/nas-ctm01/datasets/public/BIOMETRICS/Face_Morphing/MAD22/original_sorted/BonaFide/036_03.jpg,/nas-ctm01/datasets/public/BIOMETRICS/Face_Morphing/MAD22/original_sorted/BonaFide/063_03.jpg,194,58,78
149,MAD22,Webmorph,identity_disjoint_80_20,train,/nas-ctm01/datasets/public/BIOMETRICS/Face_Morphing/MAD22/original_sorted/Webmorph/036_03-vs-096_03.jpg,036_03-vs-096_03.jpg,036_03-vs-096_03,036_03,096_03,036,096,/nas-ctm01/datasets/public/BIOMETRICS/Face_Morphing/MAD22/original_sorted/BonaFide/036_03.jpg,/nas-ctm01/datasets/public/BIOMETRICS/Face_Morphing/MAD22/original_sorted/BonaFide/096_03.jpg,195,58,106
150,MAD22,Webmorph,identity_disjoint_80_20,train,/nas-ctm01/datasets/public/BIOMETRICS/Face_Morphing/MAD22/original_sorted/Webmorph/036_03-vs-128_03.jpg,036_03-vs-128_03.jpg,036_03-vs-128_03,036_03,128_03,036,128,/nas-ctm01/datasets/public/BIOMETRICS/Face_Morphing/MAD22/original_sorted/BonaFide/036_03.jpg,/nas-ctm01/datasets/public/BIOMETRICS/Face_Morphing/MAD22/original_sorted/BonaFide/128_03.jpg,196,58,152
151,MAD22,Webmorph,identity_disjoint_80_20,train,/nas-ctm01/datasets/public/BIOMETRICS/Face_Morphing/MAD22/original_sorted/Webmorph/036_03-vs-130_03.jpg,036_03-vs-130_03.jpg,036_03-vs-130_03,036_03,130_03,036,130,/nas-ctm01/datasets/public/BIOMETRICS/Face_Morphing/MAD22/original_sorted/BonaFide/036_03.jpg,/nas-ctm01/datasets/public/BIOMETRICS/Face_Morphing/MAD22/original_sorted/BonaFide/130_03.jpg,197,58,156
152,MAD22,Webmorph,identity_disjoint_80_20,train,/nas-ctm01/datasets/public/BIOMETRICS/Face_Morphing/MAD22/original_sorted/Webmorph/036_03-vs-141_03.jpg,036_03-vs-141_03.jpg,036_03-vs-141_03,036_03,141_03,036,141,/nas-ctm01/datasets/public/BIOMETRICS/Face_Morphing/MAD22/original_sorted/BonaFide/036_03.jpg,/nas-ctm01/datasets/public/BIOMETRICS/Face_Morphing/MAD22/original_sorted/BonaFide/141_03.jpg,198,58,173
153,MAD22,Webmorph,identity_disjoint_80_20,train,/nas-ctm01/datasets/public/BIOMETRICS/Face_Morphing/MAD22/original_sorted/Webmorph/036_03-vs-142_03.jpg,036_03-vs-142_03.jpg,036_03-vs-142_03,036_03,142_03,036,142,/nas-ctm01/datasets/public/BIOMETRICS/Face_Morphing/MAD22/original_sorted/BonaFide/036_03.jpg,/nas-ctm01/datasets/public/BIOMETRICS/Face_Morphing/MAD22/original_sorted/BonaFide/142_03.jpg,199,58,175
154,MAD22,Webmorph,identity_disjoint_80_20,train,/nas-ctm01/datasets/public/BIOMETRICS/Face_Morphing/MAD22/original_sorted/Webmorph/036_03-vs-143_03.jpg,036_03-vs-143_03.jpg,036_03-vs-143_03,036_03,143_03,036,143,/nas-ctm01/datasets/public/BIOMETRICS/Face_Morphing/MAD22/original_sorted/BonaFide/036_03.jpg,/nas-ctm01/datasets/public/BIOMETRICS/Face_Morphing/MAD22/original_sorted/BonaFide/143_03.jpg,200,58,177
155,MAD22,Webmorph,identity_disjoint_80_20,train,/nas-ctm01/datasets/public/BIOMETRICS/Face_Morphing/MAD22/original_sorted/Webmorph/037_03-vs-103_03.jpg,037_03-vs-103_03.jpg,037_03-vs-103_03,037_03,103_03,037,103,/nas-ctm01/datasets/public/BIOMETRICS/Face_Morphing/MAD22/original_sorted/BonaFide/037_03.jpg,/nas-ctm01/datasets/public/BIOMETRICS/Face_Morphing/MAD22/original_sorted/BonaFide/103_03.jpg,201,60,117
156,MAD22,Webmorph,identity_disjoint_80_20,train,/nas-ctm01/datasets/public/BIOMETRICS/Face_Morphing/MAD22/original_sorted/Webmorph/037_03-vs-108_03.jpg,037_03-vs-108_03.jpg,037_03-vs-108_03,037_03,108_03,037,108,/nas-ctm01/datasets/public/BIOMETRICS/Face_Morphing/MAD22/original_sorted/BonaFide/037_03.jpg,/nas-ctm01/datasets/public/BIOMETRICS/Face_Morphing/MAD22/original_sorted/BonaFide/108_03.jpg,202,60,123
157,MAD22,Webmorph,identity_disjoint_80_20,train,/nas-ctm01/datasets/public/BIOMETRICS/Face_Morphing/MAD22/original_sorted/Webmorph/037_03-vs-128_03.jpg,037_03-vs-128_03.jpg,037_03-vs-128_03,037_03,128_03,037,128,/nas-ctm01/datasets/public/BIOMETRICS/Face_Morphing/MAD22/original_sorted/BonaFide/037_03.jpg,/nas-ctm01/datasets/public/BIOMETRICS/Face_Morphing/MAD22/original_sorted/BonaFide/128_03.jpg,203,60,152
158,MAD22,Webmorph,identity_disjoint_80_20,train,/nas-ctm01/datasets/public/BIOMETRICS/Face_Morphing/MAD22/original_sorted/Webmorph/037_03-vs-132_03.jpg,037_03-vs-132_03.jpg,037_03-vs-132_03,037_03,132_03,037,132,/nas-ctm01/datasets/public/BIOMETRICS/Face_Morphing/MAD22/original_sorted/BonaFide/037_03.jpg,/nas-ctm01/datasets/public/BIOMETRICS/Face_Morphing/MAD22/original_sorted/BonaFide/132_03.jpg,204,60,160
159,MAD22,Webmorph,identity_disjoint_80_20,train,/nas-ctm01/datasets/public/BIOMETRICS/Face_Morphing/MAD22/original_sorted/Webmorph/037_03-vs-172_03.jpg,037_03-vs-172_03.jpg,037_03-vs-172_03,037_03,172_03,037,172,/nas-ctm01/datasets/public/BIOMETRICS/Face_Morphing/MAD22/original_sorted/BonaFide/037_03.jpg,/nas-ctm01/datasets/public/BIOMETRICS/Face_Morphing/MAD22/original_sorted/BonaFide/172_03.jpg,205,60,181
160,MAD22,Webmorph,identity_disjoint_80_20,train,/nas-ctm01/datasets/public/BIOMETRICS/Face_Morphing/MAD22/original_sorted/Webmorph/038_03-vs-062_03.jpg,038_03-vs-062_03.jpg,038_03-vs-062_03,038_03,062_03,038,062,/nas-ctm01/datasets/public/BIOMETRICS/Face_Morphing/MAD22/original_sorted/BonaFide/038_03.jpg,/nas-ctm01/datasets/public/BIOMETRICS/Face_Morphing/MAD22/original_sorted/BonaFide/062_03.jpg,206,61,76
161,MAD22,Webmorph,identity_disjoint_80_20,train,/nas-ctm01/datasets/public/BIOMETRICS/Face_Morphing/MAD22/original_sorted/Webmorph/038_03-vs-066_03.jpg,038_03-vs-066_03.jpg,038_03-vs-066_03,038_03,066_03,038,066,/nas-ctm01/datasets/public/BIOMETRICS/Face_Morphing/MAD22/original_sorted/BonaFide/038_03.jpg,/nas-ctm01/datasets/public/BIOMETRICS/Face_Morphing/MAD22/original_sorted/BonaFide/066_03.jpg,207,61,82
162,MAD22,Webmorph,identity_disjoint_80_20,train,/nas-ctm01/datasets/public/BIOMETRICS/Face_Morphing/MAD22/original_sorted/Webmorph/038_03-vs-102_03.jpg,038_03-vs-102_03.jpg,038_03-vs-102_03,038_03,102_03,038,102,/nas-ctm01/datasets/public/BIOMETRICS/Face_Morphing/MAD22/original_sorted/BonaFide/038_03.jpg,/nas-ctm01/datasets/public/BIOMETRICS/Face_Morphing/MAD22/original_sorted/BonaFide/102_03.jpg,208,61,115
163,MAD22,Webmorph,identity_disjoint_80_20,train,/nas-ctm01/datasets/public/BIOMETRICS/Face_Morphing/MAD22/original_sorted/Webmorph/038_03-vs-124_03.jpg,038_03-vs-124_03.jpg,038_03-vs-124_03,038_03,124_03,038,124,/nas-ctm01/datasets/public/BIOMETRICS/Face_Morphing/MAD22/original_sorted/BonaFide/038_03.jpg,/nas-ctm01/datasets/public/BIOMETRICS/Face_Morphing/MAD22/original_sorted/BonaFide/124_03.jpg,209,61,145
164,MAD22,Webmorph,identity_disjoint_80_20,train,/nas-ctm01/datasets/public/BIOMETRICS/Face_Morphing/MAD22/original_sorted/Webmorph/038_03-vs-136_03.jpg,038_03-vs-136_03.jpg,038_03-vs-136_03,038_03,136_03,038,136,/nas-ctm01/datasets/public/BIOMETRICS/Face_Morphing/MAD22/original_sorted/BonaFide/038_03.jpg,/nas-ctm01/datasets/public/BIOMETRICS/Face_Morphing/MAD22/original_sorted/BonaFide/136_03.jpg,210,61,166
165,MAD22,Webmorph,identity_disjoint_80_20,train,/nas-ctm01/datasets/public/BIOMETRICS/Face_Morphing/MAD22/original_sorted/Webmorph/039_03-vs-090_03.jpg,039_03-vs-090_03.jpg,039_03-vs-090_03,039_03,090_03,039,090,/nas-ctm01/datasets/public/BIOMETRICS/Face_Morphing/MAD22/original_sorted/BonaFide/039_03.jpg,/nas-ctm01/datasets/public/BIOMETRICS/Face_Morphing/MAD22/original_sorted/BonaFide/090_03.jpg,211,63,99
166,MAD22,Webmorph,identity_disjoint_80_20,train,/nas-ctm01/datasets/public/BIOMETRICS/Face_Morphing/MAD22/original_sorted/Webmorph/039_03-vs-097_03.jpg,039_03-vs-097_03.jpg,039_03-vs-097_03,039_03,097_03,039,097,/nas-ctm01/datasets/public/BIOMETRICS/Face_Morphing/MAD22/original_sorted/BonaFide/039_03.jpg,/nas-ctm01/datasets/public/BIOMETRICS/Face_Morphing/MAD22/original_sorted/BonaFide/097_03.jpg,212,63,108
167,MAD22,Webmorph,identity_disjoint_80_20,train,/nas-ctm01/datasets/public/BIOMETRICS/Face_Morphing/MAD22/original_sorted/Webmorph/039_03-vs-102_03.jpg,039_03-vs-102_03.jpg,039_03-vs-102_03,039_03,102_03,039,102,/nas-ctm01/datasets/public/BIOMETRICS/Face_Morphing/MAD22/original_sorted/BonaFide/039_03.jpg,/nas-ctm01/datasets/public/BIOMETRICS/Face_Morphing/MAD22/original_sorted/BonaFide/102_03.jpg,213,63,115
168,MAD22,Webmorph,identity_disjoint_80_20,train,/nas-ctm01/datasets/public/BIOMETRICS/Face_Morphing/MAD22/original_sorted/Webmorph/039_03-vs-107_03.jpg,039_03-vs-107_03.jpg,039_03-vs-107_03,039_03,107_03,039,107,/nas-ctm01/datasets/public/BIOMETRICS/Face_Morphing/MAD22/original_sorted/BonaFide/039_03.jpg,/nas-ctm01/datasets/public/BIOMETRICS/Face_Morphing/MAD22/original_sorted/BonaFide/107_03.jpg,214,63,121
169,MAD22,Webmorph,identity_disjoint_80_20,train,/nas-ctm01/datasets/public/BIOMETRICS/Face_Morphing/MAD22/original_sorted/Webmorph/039_03-vs-124_03.jpg,039_03-vs-124_03.jpg,039_03-vs-124_03,039_03,124_03,039,124,/nas-ctm01/datasets/public/BIOMETRICS/Face_Morphing/MAD22/original_sorted/BonaFide/039_03.jpg,/nas-ctm01/datasets/public/BIOMETRICS/Face_Morphing/MAD22/original_sorted/BonaFide/124_03.jpg,215,63,145
170,MAD22,Webmorph,identity_disjoint_80_20,train,/nas-ctm01/datasets/public/BIOMETRICS/Face_Morphing/MAD22/original_sorted/Webmorph/039_03-vs-139_03.jpg,039_03-vs-139_03.jpg,039_03-vs-139_03,039_03,139_03,039,139,/nas-ctm01/datasets/public/BIOMETRICS/Face_Morphing/MAD22/original_sorted/BonaFide/039_03.jpg,/nas-ctm01/datasets/public/BIOMETRICS/Face_Morphing/MAD22/original_sorted/BonaFide/139_03.jpg,216,63,170
171,MAD22,Webmorph,identity_disjoint_80_20,train,/nas-ctm01/datasets/public/BIOMETRICS/Face_Morphing/MAD22/original_sorted/Webmorph/039_03-vs-144_03.jpg,039_03-vs-144_03.jpg,039_03-vs-144_03,039_03,144_03,039,144,/nas-ctm01/datasets/public/BIOMETRICS/Face_Morphing/MAD22/original_sorted/BonaFide/039_03.jpg,/nas-ctm01/datasets/public/BIOMETRICS/Face_Morphing/MAD22/original_sorted/BonaFide/144_03.jpg,217,63,179
172,MAD22,Webmorph,identity_disjoint_80_20,train,/nas-ctm01/datasets/public/BIOMETRICS/Face_Morphing/MAD22/original_sorted/Webmorph/061_03-vs-125_03.jpg,061_03-vs-125_03.jpg,061_03-vs-125_03,061_03,125_03,061,125,/nas-ctm01/datasets/public/BIOMETRICS/Face_Morphing/MAD22/original_sorted/BonaFide/061_03.jpg,/nas-ctm01/datasets/public/BIOMETRICS/Face_Morphing/MAD22/original_sorted/BonaFide/125_03.jpg,234,74,147
173,MAD22,Webmorph,identity_disjoint_80_20,train,/nas-ctm01/datasets/public/BIOMETRICS/Face_Morphing/MAD22/original_sorted/Webmorph/061_03-vs-141_03.jpg,061_03-vs-141_03.jpg,061_03-vs-141_03,061_03,141_03,061,141,/nas-ctm01/datasets/public/BIOMETRICS/Face_Morphing/MAD22/original_sorted/BonaFide/061_03.jpg,/nas-ctm01/datasets/public/BIOMETRICS/Face_Morphing/MAD22/original_sorted/BonaFide/141_03.jpg,235,74,173
174,MAD22,Webmorph,identity_disjoint_80_20,train,/nas-ctm01/datasets/public/BIOMETRICS/Face_Morphing/MAD22/original_sorted/Webmorph/061_03-vs-142_03.jpg,061_03-vs-142_03.jpg,061_03-vs-142_03,061_03,142_03,061,142,/nas-ctm01/datasets/public/BIOMETRICS/Face_Morphing/MAD22/original_sorted/BonaFide/061_03.jpg,/nas-ctm01/datasets/public/BIOMETRICS/Face_Morphing/MAD22/original_sorted/BonaFide/142_03.jpg,236,74,175
175,MAD22,Webmorph,identity_disjoint_80_20,train,/nas-ctm01/datasets/public/BIOMETRICS/Face_Morphing/MAD22/original_sorted/Webmorph/062_03-vs-066_03.jpg,062_03-vs-066_03.jpg,062_03-vs-066_03,062_03,066_03,062,066,/nas-ctm01/datasets/public/BIOMETRICS/Face_Morphing/MAD22/original_sorted/BonaFide/062_03.jpg,/nas-ctm01/datasets/public/BIOMETRICS/Face_Morphing/MAD22/original_sorted/BonaFide/066_03.jpg,237,76,82
176,MAD22,Webmorph,identity_disjoint_80_20,train,/nas-ctm01/datasets/public/BIOMETRICS/Face_Morphing/MAD22/original_sorted/Webmorph/062_03-vs-099_03.jpg,062_03-vs-099_03.jpg,062_03-vs-099_03,062_03,099_03,062,099,/nas-ctm01/datasets/public/BIOMETRICS/Face_Morphing/MAD22/original_sorted/BonaFide/062_03.jpg,/nas-ctm01/datasets/public/BIOMETRICS/Face_Morphing/MAD22/original_sorted/BonaFide/099_03.jpg,238,76,110
177,MAD22,Webmorph,identity_disjoint_80_20,train,/nas-ctm01/datasets/public/BIOMETRICS/Face_Morphing/MAD22/original_sorted/Webmorph/062_03-vs-102_03.jpg,062_03-vs-102_03.jpg,062_03-vs-102_03,062_03,102_03,062,102,/nas-ctm01/datasets/public/BIOMETRICS/Face_Morphing/MAD22/original_sorted/BonaFide/062_03.jpg,/nas-ctm01/datasets/public/BIOMETRICS/Face_Morphing/MAD22/original_sorted/BonaFide/102_03.jpg,239,76,115
178,MAD22,Webmorph,identity_disjoint_80_20,train,/nas-ctm01/datasets/public/BIOMETRICS/Face_Morphing/MAD22/original_sorted/Webmorph/062_03-vs-118_03.jpg,062_03-vs-118_03.jpg,062_03-vs-118_03,062_03,118_03,062,118,/nas-ctm01/datasets/public/BIOMETRICS/Face_Morphing/MAD22/original_sorted/BonaFide/062_03.jpg,/nas-ctm01/datasets/public/BIOMETRICS/Face_Morphing/MAD22/original_sorted/BonaFide/118_03.jpg,240,76,133
179,MAD22,Webmorph,identity_disjoint_80_20,train,/nas-ctm01/datasets/public/BIOMETRICS/Face_Morphing/MAD22/original_sorted/Webmorph/062_03-vs-124_03.jpg,062_03-vs-124_03.jpg,062_03-vs-124_03,062_03,124_03,062,124,/nas-ctm01/datasets/public/BIOMETRICS/Face_Morphing/MAD22/original_sorted/BonaFide/062_03.jpg,/nas-ctm01/datasets/public/BIOMETRICS/Face_Morphing/MAD22/original_sorted/BonaFide/124_03.jpg,241,76,145
180,MAD22,Webmorph,identity_disjoint_80_20,train,/nas-ctm01/datasets/public/BIOMETRICS/Face_Morphing/MAD22/original_sorted/Webmorph/062_03-vs-126_03.jpg,062_03-vs-126_03.jpg,062_03-vs-126_03,062_03,126_03,062,126,/nas-ctm01/datasets/public/BIOMETRICS/Face_Morphing/MAD22/original_sorted/BonaFide/062_03.jpg,/nas-ctm01/datasets/public/BIOMETRICS/Face_Morphing/MAD22/original_sorted/BonaFide/126_03.jpg,242,76,149
181,MAD22,Webmorph,identity_disjoint_80_20,train,/nas-ctm01/datasets/public/BIOMETRICS/Face_Morphing/MAD22/original_sorted/Webmorph/063_03-vs-069_03.jpg,063_03-vs-069_03.jpg,063_03-vs-069_03,063_03,069_03,063,069,/nas-ctm01/datasets/public/BIOMETRICS/Face_Morphing/MAD22/original_sorted/BonaFide/063_03.jpg,/nas-ctm01/datasets/public/BIOMETRICS/Face_Morphing/MAD22/original_sorted/BonaFide/069_03.jpg,243,78,88
182,MAD22,Webmorph,identity_disjoint_80_20,train,/nas-ctm01/datasets/public/BIOMETRICS/Face_Morphing/MAD22/original_sorted/Webmorph/063_03-vs-092_03.jpg,063_03-vs-092_03.jpg,063_03-vs-092_03,063_03,092_03,063,092,/nas-ctm01/datasets/public/BIOMETRICS/Face_Morphing/MAD22/original_sorted/BonaFide/063_03.jpg,/nas-ctm01/datasets/public/BIOMETRICS/Face_Morphing/MAD22/original_sorted/BonaFide/092_03.jpg,244,78,102
183,MAD22,Webmorph,identity_disjoint_80_20,train,/nas-ctm01/datasets/public/BIOMETRICS/Face_Morphing/MAD22/original_sorted/Webmorph/063_03-vs-104_03.jpg,063_03-vs-104_03.jpg,063_03-vs-104_03,063_03,104_03,063,104,/nas-ctm01/datasets/public/BIOMETRICS/Face_Morphing/MAD22/original_sorted/BonaFide/063_03.jpg,/nas-ctm01/datasets/public/BIOMETRICS/Face_Morphing/MAD22/original_sorted/BonaFide/104_03.jpg,245,78,119
184,MAD22,Webmorph,identity_disjoint_80_20,train,/nas-ctm01/datasets/public/BIOMETRICS/Face_Morphing/MAD22/original_sorted/Webmorph/063_03-vs-115_03.jpg,063_03-vs-115_03.jpg,063_03-vs-115_03,063_03,115_03,063,115,/nas-ctm01/datasets/public/BIOMETRICS/Face_Morphing/MAD22/original_sorted/BonaFide/063_03.jpg,/nas-ctm01/datasets/public/BIOMETRICS/Face_Morphing/MAD22/original_sorted/BonaFide/115_03.jpg,246,78,130
185,MAD22,Webmorph,identity_disjoint_80_20,train,/nas-ctm01/datasets/public/BIOMETRICS/Face_Morphing/MAD22/original_sorted/Webmorph/063_03-vs-123_03.jpg,063_03-vs-123_03.jpg,063_03-vs-123_03,063_03,123_03,063,123,/nas-ctm01/datasets/public/BIOMETRICS/Face_Morphing/MAD22/original_sorted/BonaFide/063_03.jpg,/nas-ctm01/datasets/public/BIOMETRICS/Face_Morphing/MAD22/original_sorted/BonaFide/123_03.jpg,247,78,143
186,MAD22,Webmorph,identity_disjoint_80_20,train,/nas-ctm01/datasets/public/BIOMETRICS/Face_Morphing/MAD22/original_sorted/Webmorph/063_03-vs-125_03.jpg,063_03-vs-125_03.jpg,063_03-vs-125_03,063_03,125_03,063,125,/nas-ctm01/datasets/public/BIOMETRICS/Face_Morphing/MAD22/original_sorted/BonaFide/063_03.jpg,/nas-ctm01/datasets/public/BIOMETRICS/Face_Morphing/MAD22/original_sorted/BonaFide/125_03.jpg,248,78,147
187,MAD22,Webmorph,identity_disjoint_80_20,train,/nas-ctm01/datasets/public/BIOMETRICS/Face_Morphing/MAD22/original_sorted/Webmorph/063_03-vs-130_03.jpg,063_03-vs-130_03.jpg,063_03-vs-130_03,063_03,130_03,063,130,/nas-ctm01/datasets/public/BIOMETRICS/Face_Morphing/MAD22/original_sorted/BonaFide/063_03.jpg,/nas-ctm01/datasets/public/BIOMETRICS/Face_Morphing/MAD22/original_sorted/BonaFide/130_03.jpg,249,78,156
188,MAD22,Webmorph,identity_disjoint_80_20,train,/nas-ctm01/datasets/public/BIOMETRICS/Face_Morphing/MAD22/original_sorted/Webmorph/064_03-vs-066_03.jpg,064_03-vs-066_03.jpg,064_03-vs-066_03,064_03,066_03,064,066,/nas-ctm01/datasets/public/BIOMETRICS/Face_Morphing/MAD22/original_sorted/BonaFide/064_03.jpg,/nas-ctm01/datasets/public/BIOMETRICS/Face_Morphing/MAD22/original_sorted/BonaFide/066_03.jpg,250,80,82
189,MAD22,Webmorph,identity_disjoint_80_20,train,/nas-ctm01/datasets/public/BIOMETRICS/Face_Morphing/MAD22/original_sorted/Webmorph/064_03-vs-094_03.jpg,064_03-vs-094_03.jpg,064_03-vs-094_03,064_03,094_03,064,094,/nas-ctm01/datasets/public/BIOMETRICS/Face_Morphing/MAD22/original_sorted/BonaFide/064_03.jpg,/nas-ctm01/datasets/public/BIOMETRICS/Face_Morphing/MAD22/original_sorted/BonaFide/094_03.jpg,251,80,104
190,MAD22,Webmorph,identity_disjoint_80_20,train,/nas-ctm01/datasets/public/BIOMETRICS/Face_Morphing/MAD22/original_sorted/Webmorph/064_03-vs-097_03.jpg,064_03-vs-097_03.jpg,064_03-vs-097_03,064_03,097_03,064,097,/nas-ctm01/datasets/public/BIOMETRICS/Face_Morphing/MAD22/original_sorted/BonaFide/064_03.jpg,/nas-ctm01/datasets/public/BIOMETRICS/Face_Morphing/MAD22/original_sorted/BonaFide/097_03.jpg,252,80,108
191,MAD22,Webmorph,identity_disjoint_80_20,train,/nas-ctm01/datasets/public/BIOMETRICS/Face_Morphing/MAD22/original_sorted/Webmorph/064_03-vs-099_03.jpg,064_03-vs-099_03.jpg,064_03-vs-099_03,064_03,099_03,064,099,/nas-ctm01/datasets/public/BIOMETRICS/Face_Morphing/MAD22/original_sorted/BonaFide/064_03.jpg,/nas-ctm01/datasets/public/BIOMETRICS/Face_Morphing/MAD22/original_sorted/BonaFide/099_03.jpg,253,80,110
192,MAD22,Webmorph,identity_disjoint_80_20,train,/nas-ctm01/datasets/public/BIOMETRICS/Face_Morphing/MAD22/original_sorted/Webmorph/064_03-vs-122_03.jpg,064_03-vs-122_03.jpg,064_03-vs-122_03,064_03,122_03,064,122,/nas-ctm01/datasets/public/BIOMETRICS/Face_Morphing/MAD22/original_sorted/BonaFide/064_03.jpg,/nas-ctm01/datasets/public/BIOMETRICS/Face_Morphing/MAD22/original_sorted/BonaFide/122_03.jpg,254,80,141
193,MAD22,Webmorph,identity_disjoint_80_20,train,/nas-ctm01/datasets/public/BIOMETRICS/Face_Morphing/MAD22/original_sorted/Webmorph/064_03-vs-134_03.jpg,064_03-vs-134_03.jpg,064_03-vs-134_03,064_03,134_03,064,134,/nas-ctm01/datasets/public/BIOMETRICS/Face_Morphing/MAD22/original_sorted/BonaFide/064_03.jpg,/nas-ctm01/datasets/public/BIOMETRICS/Face_Morphing/MAD22/original_sorted/BonaFide/134_03.jpg,255,80,162
194,MAD22,Webmorph,identity_disjoint_80_20,train,/nas-ctm01/datasets/public/BIOMETRICS/Face_Morphing/MAD22/original_sorted/Webmorph/064_03-vs-135_03.jpg,064_03-vs-135_03.jpg,064_03-vs-135_03,064_03,135_03,064,135,/nas-ctm01/datasets/public/BIOMETRICS/Face_Morphing/MAD22/original_sorted/BonaFide/064_03.jpg,/nas-ctm01/datasets/public/BIOMETRICS/Face_Morphing/MAD22/original_sorted/BonaFide/135_03.jpg,256,80,164
195,MAD22,Webmorph,identity_disjoint_80_20,train,/nas-ctm01/datasets/public/BIOMETRICS/Face_Morphing/MAD22/original_sorted/Webmorph/066_03-vs-083_03.jpg,066_03-vs-083_03.jpg,066_03-vs-083_03,066_03,083_03,066,083,/nas-ctm01/datasets/public/BIOMETRICS/Face_Morphing/MAD22/original_sorted/BonaFide/066_03.jpg,/nas-ctm01/datasets/public/BIOMETRICS/Face_Morphing/MAD22/original_sorted/BonaFide/083_03.jpg,257,82,94
196,MAD22,Webmorph,identity_disjoint_80_20,train,/nas-ctm01/datasets/public/BIOMETRICS/Face_Morphing/MAD22/original_sorted/Webmorph/066_03-vs-090_03.jpg,066_03-vs-090_03.jpg,066_03-vs-090_03,066_03,090_03,066,090,/nas-ctm01/datasets/public/BIOMETRICS/Face_Morphing/MAD22/original_sorted/BonaFide/066_03.jpg,/nas-ctm01/datasets/public/BIOMETRICS/Face_Morphing/MAD22/original_sorted/BonaFide/090_03.jpg,258,82,99
197,MAD22,Webmorph,identity_disjoint_80_20,train,/nas-ctm01/datasets/public/BIOMETRICS/Face_Morphing/MAD22/original_sorted/Webmorph/066_03-vs-094_03.jpg,066_03-vs-094_03.jpg,066_03-vs-094_03,066_03,094_03,066,094,/nas-ctm01/datasets/public/BIOMETRICS/Face_Morphing/MAD22/original_sorted/BonaFide/066_03.jpg,/nas-ctm01/datasets/public/BIOMETRICS/Face_Morphing/MAD22/original_sorted/BonaFide/094_03.jpg,259,82,104
198,MAD22,Webmorph,identity_disjoint_80_20,train,/nas-ctm01/datasets/public/BIOMETRICS/Face_Morphing/MAD22/original_sorted/Webmorph/066_03-vs-097_03.jpg,066_03-vs-097_03.jpg,066_03-vs-097_03,066_03,097_03,066,097,/nas-ctm01/datasets/public/BIOMETRICS/Face_Morphing/MAD22/original_sorted/BonaFide/066_03.jpg,/nas-ctm01/datasets/public/BIOMETRICS/Face_Morphing/MAD22/original_sorted/BonaFide/097_03.jpg,260,82,108
199,MAD22,Webmorph,identity_disjoint_80_20,train,/nas-ctm01/datasets/public/BIOMETRICS/Face_Morphing/MAD22/original_sorted/Webmorph/066_03-vs-099_03.jpg,066_03-vs-099_03.jpg,066_03-vs-099_03,066_03,099_03,066,099,/nas-ctm01/datasets/public/BIOMETRICS/Face_Morphing/MAD22/original_sorted/BonaFide/066_03.jpg,/nas-ctm01/datasets/public/BIOMETRICS/Face_Morphing/MAD22/original_sorted/BonaFide/099_03.jpg,261,82,110
200,MAD22,Webmorph,identity_disjoint_80_20,train,/nas-ctm01/datasets/public/BIOMETRICS/Face_Morphing/MAD22/original_sorted/Webmorph/066_03-vs-100_03.jpg,066_03-vs-100_03.jpg,066_03-vs-100_03,066_03,100_03,066,100,/nas-ctm01/datasets/public/BIOMETRICS/Face_Morphing/MAD22/original_sorted/BonaFide/066_03.jpg,/nas-ctm01/datasets/public/BIOMETRICS/Face_Morphing/MAD22/original_sorted/BonaFide/100_03.jpg,262,82,112
201,MAD22,Webmorph,identity_disjoint_80_20,train,/nas-ctm01/datasets/public/BIOMETRICS/Face_Morphing/MAD22/original_sorted/Webmorph/066_03-vs-113_03.jpg,066_03-vs-113_03.jpg,066_03-vs-113_03,066_03,113_03,066,113,/nas-ctm01/datasets/public/BIOMETRICS/Face_Morphing/MAD22/original_sorted/BonaFide/066_03.jpg,/nas-ctm01/datasets/public/BIOMETRICS/Face_Morphing/MAD22/original_sorted/BonaFide/113_03.jpg,263,82,127
202,MAD22,Webmorph,identity_disjoint_80_20,train,/nas-ctm01/datasets/public/BIOMETRICS/Face_Morphing/MAD22/original_sorted/Webmorph/066_03-vs-126_03.jpg,066_03-vs-126_03.jpg,066_03-vs-126_03,066_03,126_03,066,126,/nas-ctm01/datasets/public/BIOMETRICS/Face_Morphing/MAD22/original_sorted/BonaFide/066_03.jpg,/nas-ctm01/datasets/public/BIOMETRICS/Face_Morphing/MAD22/original_sorted/BonaFide/126_03.jpg,264,82,149
203,MAD22,Webmorph,identity_disjoint_80_20,train,/nas-ctm01/datasets/public/BIOMETRICS/Face_Morphing/MAD22/original_sorted/Webmorph/066_03-vs-129_03.jpg,066_03-vs-129_03.jpg,066_03-vs-129_03,066_03,129_03,066,129,/nas-ctm01/datasets/public/BIOMETRICS/Face_Morphing/MAD22/original_sorted/BonaFide/066_03.jpg,/nas-ctm01/datasets/public/BIOMETRICS/Face_Morphing/MAD22/original_sorted/BonaFide/129_03.jpg,265,82,154
204,MAD22,Webmorph,identity_disjoint_80_20,train,/nas-ctm01/datasets/public/BIOMETRICS/Face_Morphing/MAD22/original_sorted/Webmorph/067_03-vs-069_03.jpg,067_03-vs-069_03.jpg,067_03-vs-069_03,067_03,069_03,067,069,/nas-ctm01/datasets/public/BIOMETRICS/Face_Morphing/MAD22/original_sorted/BonaFide/067_03.jpg,/nas-ctm01/datasets/public/BIOMETRICS/Face_Morphing/MAD22/original_sorted/BonaFide/069_03.jpg,266,84,88
205,MAD22,Webmorph,identity_disjoint_80_20,train,/nas-ctm01/datasets/public/BIOMETRICS/Face_Morphing/MAD22/original_sorted/Webmorph/067_03-vs-128_03.jpg,067_03-vs-128_03.jpg,067_03-vs-128_03,067_03,128_03,067,128,/nas-ctm01/datasets/public/BIOMETRICS/Face_Morphing/MAD22/original_sorted/BonaFide/067_03.jpg,/nas-ctm01/datasets/public/BIOMETRICS/Face_Morphing/MAD22/original_sorted/BonaFide/128_03.jpg,267,84,152
206,MAD22,Webmorph,identity_disjoint_80_20,train,/nas-ctm01/datasets/public/BIOMETRICS/Face_Morphing/MAD22/original_sorted/Webmorph/067_03-vs-130_03.jpg,067_03-vs-130_03.jpg,067_03-vs-130_03,067_03,130_03,067,130,/nas-ctm01/datasets/public/BIOMETRICS/Face_Morphing/MAD22/original_sorted/BonaFide/067_03.jpg,/nas-ctm01/datasets/public/BIOMETRICS/Face_Morphing/MAD22/original_sorted/BonaFide/130_03.jpg,268,84,156
207,MAD22,Webmorph,identity_disjoint_80_20,train,/nas-ctm01/datasets/public/BIOMETRICS/Face_Morphing/MAD22/original_sorted/Webmorph/069_03-vs-104_03.jpg,069_03-vs-104_03.jpg,069_03-vs-104_03,069_03,104_03,069,104,/nas-ctm01/datasets/public/BIOMETRICS/Face_Morphing/MAD22/original_sorted/BonaFide/069_03.jpg,/nas-ctm01/datasets/public/BIOMETRICS/Face_Morphing/MAD22/original_sorted/BonaFide/104_03.jpg,274,88,119
208,MAD22,Webmorph,identity_disjoint_80_20,train,/nas-ctm01/datasets/public/BIOMETRICS/Face_Morphing/MAD22/original_sorted/Webmorph/069_03-vs-115_03.jpg,069_03-vs-115_03.jpg,069_03-vs-115_03,069_03,115_03,069,115,/nas-ctm01/datasets/public/BIOMETRICS/Face_Morphing/MAD22/original_sorted/BonaFide/069_03.jpg,/nas-ctm01/datasets/public/BIOMETRICS/Face_Morphing/MAD22/original_sorted/BonaFide/115_03.jpg,275,88,130
209,MAD22,Webmorph,identity_disjoint_80_20,train,/nas-ctm01/datasets/public/BIOMETRICS/Face_Morphing/MAD22/original_sorted/Webmorph/069_03-vs-130_03.jpg,069_03-vs-130_03.jpg,069_03-vs-130_03,069_03,130_03,069,130,/nas-ctm01/datasets/public/BIOMETRICS/Face_Morphing/MAD22/original_sorted/BonaFide/069_03.jpg,/nas-ctm01/datasets/public/BIOMETRICS/Face_Morphing/MAD22/original_sorted/BonaFide/130_03.jpg,276,88,156
210,MAD22,Webmorph,identity_disjoint_80_20,train,/nas-ctm01/datasets/public/BIOMETRICS/Face_Morphing/MAD22/original_sorted/Webmorph/069_03-vs-131_03.jpg,069_03-vs-131_03.jpg,069_03-vs-131_03,069_03,131_03,069,131,/nas-ctm01/datasets/public/BIOMETRICS/Face_Morphing/MAD22/original_sorted/BonaFide/069_03.jpg,/nas-ctm01/datasets/public/BIOMETRICS/Face_Morphing/MAD22/original_sorted/BonaFide/131_03.jpg,277,88,158
211,MAD22,Webmorph,identity_disjoint_80_20,train,/nas-ctm01/datasets/public/BIOMETRICS/Face_Morphing/MAD22/original_sorted/Webmorph/069_03-vs-132_03.jpg,069_03-vs-132_03.jpg,069_03-vs-132_03,069_03,132_03,069,132,/nas-ctm01/datasets/public/BIOMETRICS/Face_Morphing/MAD22/original_sorted/BonaFide/069_03.jpg,/nas-ctm01/datasets/public/BIOMETRICS/Face_Morphing/MAD22/original_sorted/BonaFide/132_03.jpg,278,88,160
212,MAD22,Webmorph,identity_disjoint_80_20,train,/nas-ctm01/datasets/public/BIOMETRICS/Face_Morphing/MAD22/original_sorted/Webmorph/069_03-vs-172_03.jpg,069_03-vs-172_03.jpg,069_03-vs-172_03,069_03,172_03,069,172,/nas-ctm01/datasets/public/BIOMETRICS/Face_Morphing/MAD22/original_sorted/BonaFide/069_03.jpg,/nas-ctm01/datasets/public/BIOMETRICS/Face_Morphing/MAD22/original_sorted/BonaFide/172_03.jpg,279,88,181
213,MAD22,Webmorph,identity_disjoint_80_20,train,/nas-ctm01/datasets/public/BIOMETRICS/Face_Morphing/MAD22/original_sorted/Webmorph/083_03-vs-113_03.jpg,083_03-vs-113_03.jpg,083_03-vs-113_03,083_03,113_03,083,113,/nas-ctm01/datasets/public/BIOMETRICS/Face_Morphing/MAD22/original_sorted/BonaFide/083_03.jpg,/nas-ctm01/datasets/public/BIOMETRICS/Face_Morphing/MAD22/original_sorted/BonaFide/113_03.jpg,283,94,127
214,MAD22,Webmorph,identity_disjoint_80_20,train,/nas-ctm01/datasets/public/BIOMETRICS/Face_Morphing/MAD22/original_sorted/Webmorph/090_03-vs-100_03.jpg,090_03-vs-100_03.jpg,090_03-vs-100_03,090_03,100_03,090,100,/nas-ctm01/datasets/public/BIOMETRICS/Face_Morphing/MAD22/original_sorted/BonaFide/090_03.jpg,/nas-ctm01/datasets/public/BIOMETRICS/Face_Morphing/MAD22/original_sorted/BonaFide/100_03.jpg,284,99,112
215,MAD22,Webmorph,identity_disjoint_80_20,train,/nas-ctm01/datasets/public/BIOMETRICS/Face_Morphing/MAD22/original_sorted/Webmorph/090_03-vs-102_03.jpg,090_03-vs-102_03.jpg,090_03-vs-102_03,090_03,102_03,090,102,/nas-ctm01/datasets/public/BIOMETRICS/Face_Morphing/MAD22/original_sorted/BonaFide/090_03.jpg,/nas-ctm01/datasets/public/BIOMETRICS/Face_Morphing/MAD22/original_sorted/BonaFide/102_03.jpg,285,99,115
216,MAD22,Webmorph,identity_disjoint_80_20,train,/nas-ctm01/datasets/public/BIOMETRICS/Face_Morphing/MAD22/original_sorted/Webmorph/090_03-vs-107_03.jpg,090_03-vs-107_03.jpg,090_03-vs-107_03,090_03,107_03,090,107,/nas-ctm01/datasets/public/BIOMETRICS/Face_Morphing/MAD22/original_sorted/BonaFide/090_03.jpg,/nas-ctm01/datasets/public/BIOMETRICS/Face_Morphing/MAD22/original_sorted/BonaFide/107_03.jpg,286,99,121
217,MAD22,Webmorph,identity_disjoint_80_20,train,/nas-ctm01/datasets/public/BIOMETRICS/Face_Morphing/MAD22/original_sorted/Webmorph/090_03-vs-112_03.jpg,090_03-vs-112_03.jpg,090_03-vs-112_03,090_03,112_03,090,112,/nas-ctm01/datasets/public/BIOMETRICS/Face_Morphing/MAD22/original_sorted/BonaFide/090_03.jpg,/nas-ctm01/datasets/public/BIOMETRICS/Face_Morphing/MAD22/original_sorted/BonaFide/112_03.jpg,287,99,125
218,MAD22,Webmorph,identity_disjoint_80_20,train,/nas-ctm01/datasets/public/BIOMETRICS/Face_Morphing/MAD22/original_sorted/Webmorph/090_03-vs-122_03.jpg,090_03-vs-122_03.jpg,090_03-vs-122_03,090_03,122_03,090,122,/nas-ctm01/datasets/public/BIOMETRICS/Face_Morphing/MAD22/original_sorted/BonaFide/090_03.jpg,/nas-ctm01/datasets/public/BIOMETRICS/Face_Morphing/MAD22/original_sorted/BonaFide/122_03.jpg,288,99,141
219,MAD22,Webmorph,identity_disjoint_80_20,train,/nas-ctm01/datasets/public/BIOMETRICS/Face_Morphing/MAD22/original_sorted/Webmorph/090_03-vs-135_03.jpg,090_03-vs-135_03.jpg,090_03-vs-135_03,090_03,135_03,090,135,/nas-ctm01/datasets/public/BIOMETRICS/Face_Morphing/MAD22/original_sorted/BonaFide/090_03.jpg,/nas-ctm01/datasets/public/BIOMETRICS/Face_Morphing/MAD22/original_sorted/BonaFide/135_03.jpg,289,99,164
220,MAD22,Webmorph,identity_disjoint_80_20,train,/nas-ctm01/datasets/public/BIOMETRICS/Face_Morphing/MAD22/original_sorted/Webmorph/092_03-vs-104_03.jpg,092_03-vs-104_03.jpg,092_03-vs-104_03,092_03,104_03,092,104,/nas-ctm01/datasets/public/BIOMETRICS/Face_Morphing/MAD22/original_sorted/BonaFide/092_03.jpg,/nas-ctm01/datasets/public/BIOMETRICS/Face_Morphing/MAD22/original_sorted/BonaFide/104_03.jpg,290,102,119
221,MAD22,Webmorph,identity_disjoint_80_20,train,/nas-ctm01/datasets/public/BIOMETRICS/Face_Morphing/MAD22/original_sorted/Webmorph/092_03-vs-123_03.jpg,092_03-vs-123_03.jpg,092_03-vs-123_03,092_03,123_03,092,123,/nas-ctm01/datasets/public/BIOMETRICS/Face_Morphing/MAD22/original_sorted/BonaFide/092_03.jpg,/nas-ctm01/datasets/public/BIOMETRICS/Face_Morphing/MAD22/original_sorted/BonaFide/123_03.jpg,291,102,143
222,MAD22,Webmorph,identity_disjoint_80_20,train,/nas-ctm01/datasets/public/BIOMETRICS/Face_Morphing/MAD22/original_sorted/Webmorph/092_03-vs-128_03.jpg,092_03-vs-128_03.jpg,092_03-vs-128_03,092_03,128_03,092,128,/nas-ctm01/datasets/public/BIOMETRICS/Face_Morphing/MAD22/original_sorted/BonaFide/092_03.jpg,/nas-ctm01/datasets/public/BIOMETRICS/Face_Morphing/MAD22/original_sorted/BonaFide/128_03.jpg,292,102,152
223,MAD22,Webmorph,identity_disjoint_80_20,train,/nas-ctm01/datasets/public/BIOMETRICS/Face_Morphing/MAD22/original_sorted/Webmorph/094_03-vs-099_03.jpg,094_03-vs-099_03.jpg,094_03-vs-099_03,094_03,099_03,094,099,/nas-ctm01/datasets/public/BIOMETRICS/Face_Morphing/MAD22/original_sorted/BonaFide/094_03.jpg,/nas-ctm01/datasets/public/BIOMETRICS/Face_Morphing/MAD22/original_sorted/BonaFide/099_03.jpg,293,104,110
224,MAD22,Webmorph,identity_disjoint_80_20,train,/nas-ctm01/datasets/public/BIOMETRICS/Face_Morphing/MAD22/original_sorted/Webmorph/094_03-vs-102_03.jpg,094_03-vs-102_03.jpg,094_03-vs-102_03,094_03,102_03,094,102,/nas-ctm01/datasets/public/BIOMETRICS/Face_Morphing/MAD22/original_sorted/BonaFide/094_03.jpg,/nas-ctm01/datasets/public/BIOMETRICS/Face_Morphing/MAD22/original_sorted/BonaFide/102_03.jpg,294,104,115
225,MAD22,Webmorph,identity_disjoint_80_20,train,/nas-ctm01/datasets/public/BIOMETRICS/Face_Morphing/MAD22/original_sorted/Webmorph/094_03-vs-124_03.jpg,094_03-vs-124_03.jpg,094_03-vs-124_03,094_03,124_03,094,124,/nas-ctm01/datasets/public/BIOMETRICS/Face_Morphing/MAD22/original_sorted/BonaFide/094_03.jpg,/nas-ctm01/datasets/public/BIOMETRICS/Face_Morphing/MAD22/original_sorted/BonaFide/124_03.jpg,295,104,145
226,MAD22,Webmorph,identity_disjoint_80_20,train,/nas-ctm01/datasets/public/BIOMETRICS/Face_Morphing/MAD22/original_sorted/Webmorph/094_03-vs-126_03.jpg,094_03-vs-126_03.jpg,094_03-vs-126_03,094_03,126_03,094,126,/nas-ctm01/datasets/public/BIOMETRICS/Face_Morphing/MAD22/original_sorted/BonaFide/094_03.jpg,/nas-ctm01/datasets/public/BIOMETRICS/Face_Morphing/MAD22/original_sorted/BonaFide/126_03.jpg,296,104,149
227,MAD22,Webmorph,identity_disjoint_80_20,train,/nas-ctm01/datasets/public/BIOMETRICS/Face_Morphing/MAD22/original_sorted/Webmorph/094_03-vs-139_03.jpg,094_03-vs-139_03.jpg,094_03-vs-139_03,094_03,139_03,094,139,/nas-ctm01/datasets/public/BIOMETRICS/Face_Morphing/MAD22/original_sorted/BonaFide/094_03.jpg,/nas-ctm01/datasets/public/BIOMETRICS/Face_Morphing/MAD22/original_sorted/BonaFide/139_03.jpg,297,104,170
228,MAD22,Webmorph,identity_disjoint_80_20,train,/nas-ctm01/datasets/public/BIOMETRICS/Face_Morphing/MAD22/original_sorted/Webmorph/096_03-vs-104_03.jpg,096_03-vs-104_03.jpg,096_03-vs-104_03,096_03,104_03,096,104,/nas-ctm01/datasets/public/BIOMETRICS/Face_Morphing/MAD22/original_sorted/BonaFide/096_03.jpg,/nas-ctm01/datasets/public/BIOMETRICS/Face_Morphing/MAD22/original_sorted/BonaFide/104_03.jpg,298,106,119
229,MAD22,Webmorph,identity_disjoint_80_20,train,/nas-ctm01/datasets/public/BIOMETRICS/Face_Morphing/MAD22/original_sorted/Webmorph/096_03-vs-128_03.jpg,096_03-vs-128_03.jpg,096_03-vs-128_03,096_03,128_03,096,128,/nas-ctm01/datasets/public/BIOMETRICS/Face_Morphing/MAD22/original_sorted/BonaFide/096_03.jpg,/nas-ctm01/datasets/public/BIOMETRICS/Face_Morphing/MAD22/original_sorted/BonaFide/128_03.jpg,299,106,152
230,MAD22,Webmorph,identity_disjoint_80_20,train,/nas-ctm01/datasets/public/BIOMETRICS/Face_Morphing/MAD22/original_sorted/Webmorph/096_03-vs-130_03.jpg,096_03-vs-130_03.jpg,096_03-vs-130_03,096_03,130_03,096,130,/nas-ctm01/datasets/public/BIOMETRICS/Face_Morphing/MAD22/original_sorted/BonaFide/096_03.jpg,/nas-ctm01/datasets/public/BIOMETRICS/Face_Morphing/MAD22/original_sorted/BonaFide/130_03.jpg,300,106,156
231,MAD22,Webmorph,identity_disjoint_80_20,train,/nas-ctm01/datasets/public/BIOMETRICS/Face_Morphing/MAD22/original_sorted/Webmorph/096_03-vs-141_03.jpg,096_03-vs-141_03.jpg,096_03-vs-141_03,096_03,141_03,096,141,/nas-ctm01/datasets/public/BIOMETRICS/Face_Morphing/MAD22/original_sorted/BonaFide/096_03.jpg,/nas-ctm01/datasets/public/BIOMETRICS/Face_Morphing/MAD22/original_sorted/BonaFide/141_03.jpg,302,106,173
232,MAD22,Webmorph,identity_disjoint_80_20,train,/nas-ctm01/datasets/public/BIOMETRICS/Face_Morphing/MAD22/original_sorted/Webmorph/097_03-vs-099_03.jpg,097_03-vs-099_03.jpg,097_03-vs-099_03,097_03,099_03,097,099,/nas-ctm01/datasets/public/BIOMETRICS/Face_Morphing/MAD22/original_sorted/BonaFide/097_03.jpg,/nas-ctm01/datasets/public/BIOMETRICS/Face_Morphing/MAD22/original_sorted/BonaFide/099_03.jpg,303,108,110
233,MAD22,Webmorph,identity_disjoint_80_20,train,/nas-ctm01/datasets/public/BIOMETRICS/Face_Morphing/MAD22/original_sorted/Webmorph/097_03-vs-112_03.jpg,097_03-vs-112_03.jpg,097_03-vs-112_03,097_03,112_03,097,112,/nas-ctm01/datasets/public/BIOMETRICS/Face_Morphing/MAD22/original_sorted/BonaFide/097_03.jpg,/nas-ctm01/datasets/public/BIOMETRICS/Face_Morphing/MAD22/original_sorted/BonaFide/112_03.jpg,304,108,125
234,MAD22,Webmorph,identity_disjoint_80_20,train,/nas-ctm01/datasets/public/BIOMETRICS/Face_Morphing/MAD22/original_sorted/Webmorph/097_03-vs-118_03.jpg,097_03-vs-118_03.jpg,097_03-vs-118_03,097_03,118_03,097,118,/nas-ctm01/datasets/public/BIOMETRICS/Face_Morphing/MAD22/original_sorted/BonaFide/097_03.jpg,/nas-ctm01/datasets/public/BIOMETRICS/Face_Morphing/MAD22/original_sorted/BonaFide/118_03.jpg,305,108,133
235,MAD22,Webmorph,identity_disjoint_80_20,train,/nas-ctm01/datasets/public/BIOMETRICS/Face_Morphing/MAD22/original_sorted/Webmorph/097_03-vs-129_03.jpg,097_03-vs-129_03.jpg,097_03-vs-129_03,097_03,129_03,097,129,/nas-ctm01/datasets/public/BIOMETRICS/Face_Morphing/MAD22/original_sorted/BonaFide/097_03.jpg,/nas-ctm01/datasets/public/BIOMETRICS/Face_Morphing/MAD22/original_sorted/BonaFide/129_03.jpg,306,108,154
236,MAD22,Webmorph,identity_disjoint_80_20,train,/nas-ctm01/datasets/public/BIOMETRICS/Face_Morphing/MAD22/original_sorted/Webmorph/097_03-vs-135_03.jpg,097_03-vs-135_03.jpg,097_03-vs-135_03,097_03,135_03,097,135,/nas-ctm01/datasets/public/BIOMETRICS/Face_Morphing/MAD22/original_sorted/BonaFide/097_03.jpg,/nas-ctm01/datasets/public/BIOMETRICS/Face_Morphing/MAD22/original_sorted/BonaFide/135_03.jpg,307,108,164
237,MAD22,Webmorph,identity_disjoint_80_20,train,/nas-ctm01/datasets/public/BIOMETRICS/Face_Morphing/MAD22/original_sorted/Webmorph/097_03-vs-144_03.jpg,097_03-vs-144_03.jpg,097_03-vs-144_03,097_03,144_03,097,144,/nas-ctm01/datasets/public/BIOMETRICS/Face_Morphing/MAD22/original_sorted/BonaFide/097_03.jpg,/nas-ctm01/datasets/public/BIOMETRICS/Face_Morphing/MAD22/original_sorted/BonaFide/144_03.jpg,308,108,179
238,MAD22,Webmorph,identity_disjoint_80_20,train,/nas-ctm01/datasets/public/BIOMETRICS/Face_Morphing/MAD22/original_sorted/Webmorph/099_03-vs-112_03.jpg,099_03-vs-112_03.jpg,099_03-vs-112_03,099_03,112_03,099,112,/nas-ctm01/datasets/public/BIOMETRICS/Face_Morphing/MAD22/original_sorted/BonaFide/099_03.jpg,/nas-ctm01/datasets/public/BIOMETRICS/Face_Morphing/MAD22/original_sorted/BonaFide/112_03.jpg,309,110,125
239,MAD22,Webmorph,identity_disjoint_80_20,train,/nas-ctm01/datasets/public/BIOMETRICS/Face_Morphing/MAD22/original_sorted/Webmorph/099_03-vs-122_03.jpg,099_03-vs-122_03.jpg,099_03-vs-122_03,099_03,122_03,099,122,/nas-ctm01/datasets/public/BIOMETRICS/Face_Morphing/MAD22/original_sorted/BonaFide/099_03.jpg,/nas-ctm01/datasets/public/BIOMETRICS/Face_Morphing/MAD22/original_sorted/BonaFide/122_03.jpg,310,110,141
240,MAD22,Webmorph,identity_disjoint_80_20,train,/nas-ctm01/datasets/public/BIOMETRICS/Face_Morphing/MAD22/original_sorted/Webmorph/099_03-vs-126_03.jpg,099_03-vs-126_03.jpg,099_03-vs-126_03,099_03,126_03,099,126,/nas-ctm01/datasets/public/BIOMETRICS/Face_Morphing/MAD22/original_sorted/BonaFide/099_03.jpg,/nas-ctm01/datasets/public/BIOMETRICS/Face_Morphing/MAD22/original_sorted/BonaFide/126_03.jpg,311,110,149
241,MAD22,Webmorph,identity_disjoint_80_20,train,/nas-ctm01/datasets/public/BIOMETRICS/Face_Morphing/MAD22/original_sorted/Webmorph/100_03-vs-118_03.jpg,100_03-vs-118_03.jpg,100_03-vs-118_03,100_03,118_03,100,118,/nas-ctm01/datasets/public/BIOMETRICS/Face_Morphing/MAD22/original_sorted/BonaFide/100_03.jpg,/nas-ctm01/datasets/public/BIOMETRICS/Face_Morphing/MAD22/original_sorted/BonaFide/118_03.jpg,312,112,133
242,MAD22,Webmorph,identity_disjoint_80_20,train,/nas-ctm01/datasets/public/BIOMETRICS/Face_Morphing/MAD22/original_sorted/Webmorph/100_03-vs-122_03.jpg,100_03-vs-122_03.jpg,100_03-vs-122_03,100_03,122_03,100,122,/nas-ctm01/datasets/public/BIOMETRICS/Face_Morphing/MAD22/original_sorted/BonaFide/100_03.jpg,/nas-ctm01/datasets/public/BIOMETRICS/Face_Morphing/MAD22/original_sorted/BonaFide/122_03.jpg,313,112,141
243,MAD22,Webmorph,identity_disjoint_80_20,train,/nas-ctm01/datasets/public/BIOMETRICS/Face_Morphing/MAD22/original_sorted/Webmorph/100_03-vs-136_03.jpg,100_03-vs-136_03.jpg,100_03-vs-136_03,100_03,136_03,100,136,/nas-ctm01/datasets/public/BIOMETRICS/Face_Morphing/MAD22/original_sorted/BonaFide/100_03.jpg,/nas-ctm01/datasets/public/BIOMETRICS/Face_Morphing/MAD22/original_sorted/BonaFide/136_03.jpg,314,112,166
244,MAD22,Webmorph,identity_disjoint_80_20,train,/nas-ctm01/datasets/public/BIOMETRICS/Face_Morphing/MAD22/original_sorted/Webmorph/102_03-vs-107_03.jpg,102_03-vs-107_03.jpg,102_03-vs-107_03,102_03,107_03,102,107,/nas-ctm01/datasets/public/BIOMETRICS/Face_Morphing/MAD22/original_sorted/BonaFide/102_03.jpg,/nas-ctm01/datasets/public/BIOMETRICS/Face_Morphing/MAD22/original_sorted/BonaFide/107_03.jpg,319,115,121
245,MAD22,Webmorph,identity_disjoint_80_20,train,/nas-ctm01/datasets/public/BIOMETRICS/Face_Morphing/MAD22/original_sorted/Webmorph/102_03-vs-118_03.jpg,102_03-vs-118_03.jpg,102_03-vs-118_03,102_03,118_03,102,118,/nas-ctm01/datasets/public/BIOMETRICS/Face_Morphing/MAD22/original_sorted/BonaFide/102_03.jpg,/nas-ctm01/datasets/public/BIOMETRICS/Face_Morphing/MAD22/original_sorted/BonaFide/118_03.jpg,320,115,133
246,MAD22,Webmorph,identity_disjoint_80_20,train,/nas-ctm01/datasets/public/BIOMETRICS/Face_Morphing/MAD22/original_sorted/Webmorph/102_03-vs-136_03.jpg,102_03-vs-136_03.jpg,102_03-vs-136_03,102_03,136_03,102,136,/nas-ctm01/datasets/public/BIOMETRICS/Face_Morphing/MAD22/original_sorted/BonaFide/102_03.jpg,/nas-ctm01/datasets/public/BIOMETRICS/Face_Morphing/MAD22/original_sorted/BonaFide/136_03.jpg,321,115,166
247,MAD22,Webmorph,identity_disjoint_80_20,train,/nas-ctm01/datasets/public/BIOMETRICS/Face_Morphing/MAD22/original_sorted/Webmorph/102_03-vs-139_03.jpg,102_03-vs-139_03.jpg,102_03-vs-139_03,102_03,139_03,102,139,/nas-ctm01/datasets/public/BIOMETRICS/Face_Morphing/MAD22/original_sorted/BonaFide/102_03.jpg,/nas-ctm01/datasets/public/BIOMETRICS/Face_Morphing/MAD22/original_sorted/BonaFide/139_03.jpg,322,115,170
248,MAD22,Webmorph,identity_disjoint_80_20,train,/nas-ctm01/datasets/public/BIOMETRICS/Face_Morphing/MAD22/original_sorted/Webmorph/102_03-vs-144_03.jpg,102_03-vs-144_03.jpg,102_03-vs-144_03,102_03,144_03,102,144,/nas-ctm01/datasets/public/BIOMETRICS/Face_Morphing/MAD22/original_sorted/BonaFide/102_03.jpg,/nas-ctm01/datasets/public/BIOMETRICS/Face_Morphing/MAD22/original_sorted/BonaFide/144_03.jpg,323,115,179
249,MAD22,Webmorph,identity_disjoint_80_20,train,/nas-ctm01/datasets/public/BIOMETRICS/Face_Morphing/MAD22/original_sorted/Webmorph/103_03-vs-108_03.jpg,103_03-vs-108_03.jpg,103_03-vs-108_03,103_03,108_03,103,108,/nas-ctm01/datasets/public/BIOMETRICS/Face_Morphing/MAD22/original_sorted/BonaFide/103_03.jpg,/nas-ctm01/datasets/public/BIOMETRICS/Face_Morphing/MAD22/original_sorted/BonaFide/108_03.jpg,324,117,123
250,MAD22,Webmorph,identity_disjoint_80_20,train,/nas-ctm01/datasets/public/BIOMETRICS/Face_Morphing/MAD22/original_sorted/Webmorph/103_03-vs-128_03.jpg,103_03-vs-128_03.jpg,103_03-vs-128_03,103_03,128_03,103,128,/nas-ctm01/datasets/public/BIOMETRICS/Face_Morphing/MAD22/original_sorted/BonaFide/103_03.jpg,/nas-ctm01/datasets/public/BIOMETRICS/Face_Morphing/MAD22/original_sorted/BonaFide/128_03.jpg,325,117,152
251,MAD22,Webmorph,identity_disjoint_80_20,train,/nas-ctm01/datasets/public/BIOMETRICS/Face_Morphing/MAD22/original_sorted/Webmorph/103_03-vs-143_03.jpg,103_03-vs-143_03.jpg,103_03-vs-143_03,103_03,143_03,103,143,/nas-ctm01/datasets/public/BIOMETRICS/Face_Morphing/MAD22/original_sorted/BonaFide/103_03.jpg,/nas-ctm01/datasets/public/BIOMETRICS/Face_Morphing/MAD22/original_sorted/BonaFide/143_03.jpg,326,117,177
252,MAD22,Webmorph,identity_disjoint_80_20,train,/nas-ctm01/datasets/public/BIOMETRICS/Face_Morphing/MAD22/original_sorted/Webmorph/104_03-vs-123_03.jpg,104_03-vs-123_03.jpg,104_03-vs-123_03,104_03,123_03,104,123,/nas-ctm01/datasets/public/BIOMETRICS/Face_Morphing/MAD22/original_sorted/BonaFide/104_03.jpg,/nas-ctm01/datasets/public/BIOMETRICS/Face_Morphing/MAD22/original_sorted/BonaFide/123_03.jpg,327,119,143
253,MAD22,Webmorph,identity_disjoint_80_20,train,/nas-ctm01/datasets/public/BIOMETRICS/Face_Morphing/MAD22/original_sorted/Webmorph/104_03-vs-130_03.jpg,104_03-vs-130_03.jpg,104_03-vs-130_03,104_03,130_03,104,130,/nas-ctm01/datasets/public/BIOMETRICS/Face_Morphing/MAD22/original_sorted/BonaFide/104_03.jpg,/nas-ctm01/datasets/public/BIOMETRICS/Face_Morphing/MAD22/original_sorted/BonaFide/130_03.jpg,328,119,156
254,MAD22,Webmorph,identity_disjoint_80_20,train,/nas-ctm01/datasets/public/BIOMETRICS/Face_Morphing/MAD22/original_sorted/Webmorph/104_03-vs-141_03.jpg,104_03-vs-141_03.jpg,104_03-vs-141_03,104_03,141_03,104,141,/nas-ctm01/datasets/public/BIOMETRICS/Face_Morphing/MAD22/original_sorted/BonaFide/104_03.jpg,/nas-ctm01/datasets/public/BIOMETRICS/Face_Morphing/MAD22/original_sorted/BonaFide/141_03.jpg,329,119,173
255,MAD22,Webmorph,identity_disjoint_80_20,train,/nas-ctm01/datasets/public/BIOMETRICS/Face_Morphing/MAD22/original_sorted/Webmorph/107_03-vs-139_03.jpg,107_03-vs-139_03.jpg,107_03-vs-139_03,107_03,139_03,107,139,/nas-ctm01/datasets/public/BIOMETRICS/Face_Morphing/MAD22/original_sorted/BonaFide/107_03.jpg,/nas-ctm01/datasets/public/BIOMETRICS/Face_Morphing/MAD22/original_sorted/BonaFide/139_03.jpg,333,121,170
256,MAD22,Webmorph,identity_disjoint_80_20,train,/nas-ctm01/datasets/public/BIOMETRICS/Face_Morphing/MAD22/original_sorted/Webmorph/108_03-vs-128_03.jpg,108_03-vs-128_03.jpg,108_03-vs-128_03,108_03,128_03,108,128,/nas-ctm01/datasets/public/BIOMETRICS/Face_Morphing/MAD22/original_sorted/BonaFide/108_03.jpg,/nas-ctm01/datasets/public/BIOMETRICS/Face_Morphing/MAD22/original_sorted/BonaFide/128_03.jpg,334,123,152
257,MAD22,Webmorph,identity_disjoint_80_20,train,/nas-ctm01/datasets/public/BIOMETRICS/Face_Morphing/MAD22/original_sorted/Webmorph/108_03-vs-142_03.jpg,108_03-vs-142_03.jpg,108_03-vs-142_03,108_03,142_03,108,142,/nas-ctm01/datasets/public/BIOMETRICS/Face_Morphing/MAD22/original_sorted/BonaFide/108_03.jpg,/nas-ctm01/datasets/public/BIOMETRICS/Face_Morphing/MAD22/original_sorted/BonaFide/142_03.jpg,335,123,175
258,MAD22,Webmorph,identity_disjoint_80_20,train,/nas-ctm01/datasets/public/BIOMETRICS/Face_Morphing/MAD22/original_sorted/Webmorph/108_03-vs-143_03.jpg,108_03-vs-143_03.jpg,108_03-vs-143_03,108_03,143_03,108,143,/nas-ctm01/datasets/public/BIOMETRICS/Face_Morphing/MAD22/original_sorted/BonaFide/108_03.jpg,/nas-ctm01/datasets/public/BIOMETRICS/Face_Morphing/MAD22/original_sorted/BonaFide/143_03.jpg,336,123,177
259,MAD22,Webmorph,identity_disjoint_80_20,train,/nas-ctm01/datasets/public/BIOMETRICS/Face_Morphing/MAD22/original_sorted/Webmorph/112_03-vs-122_03.jpg,112_03-vs-122_03.jpg,112_03-vs-122_03,112_03,122_03,112,122,/nas-ctm01/datasets/public/BIOMETRICS/Face_Morphing/MAD22/original_sorted/BonaFide/112_03.jpg,/nas-ctm01/datasets/public/BIOMETRICS/Face_Morphing/MAD22/original_sorted/BonaFide/122_03.jpg,337,125,141
260,MAD22,Webmorph,identity_disjoint_80_20,train,/nas-ctm01/datasets/public/BIOMETRICS/Face_Morphing/MAD22/original_sorted/Webmorph/112_03-vs-129_03.jpg,112_03-vs-129_03.jpg,112_03-vs-129_03,112_03,129_03,112,129,/nas-ctm01/datasets/public/BIOMETRICS/Face_Morphing/MAD22/original_sorted/BonaFide/112_03.jpg,/nas-ctm01/datasets/public/BIOMETRICS/Face_Morphing/MAD22/original_sorted/BonaFide/129_03.jpg,338,125,154
261,MAD22,Webmorph,identity_disjoint_80_20,train,/nas-ctm01/datasets/public/BIOMETRICS/Face_Morphing/MAD22/original_sorted/Webmorph/112_03-vs-134_03.jpg,112_03-vs-134_03.jpg,112_03-vs-134_03,112_03,134_03,112,134,/nas-ctm01/datasets/public/BIOMETRICS/Face_Morphing/MAD22/original_sorted/BonaFide/112_03.jpg,/nas-ctm01/datasets/public/BIOMETRICS/Face_Morphing/MAD22/original_sorted/BonaFide/134_03.jpg,339,125,162
262,MAD22,Webmorph,identity_disjoint_80_20,train,/nas-ctm01/datasets/public/BIOMETRICS/Face_Morphing/MAD22/original_sorted/Webmorph/112_03-vs-139_03.jpg,112_03-vs-139_03.jpg,112_03-vs-139_03,112_03,139_03,112,139,/nas-ctm01/datasets/public/BIOMETRICS/Face_Morphing/MAD22/original_sorted/BonaFide/112_03.jpg,/nas-ctm01/datasets/public/BIOMETRICS/Face_Morphing/MAD22/original_sorted/BonaFide/139_03.jpg,340,125,170
263,MAD22,Webmorph,identity_disjoint_80_20,train,/nas-ctm01/datasets/public/BIOMETRICS/Face_Morphing/MAD22/original_sorted/Webmorph/113_03-vs-118_03.jpg,113_03-vs-118_03.jpg,113_03-vs-118_03,113_03,118_03,113,118,/nas-ctm01/datasets/public/BIOMETRICS/Face_Morphing/MAD22/original_sorted/BonaFide/113_03.jpg,/nas-ctm01/datasets/public/BIOMETRICS/Face_Morphing/MAD22/original_sorted/BonaFide/118_03.jpg,341,127,133
264,MAD22,Webmorph,identity_disjoint_80_20,train,/nas-ctm01/datasets/public/BIOMETRICS/Face_Morphing/MAD22/original_sorted/Webmorph/115_03-vs-123_03.jpg,115_03-vs-123_03.jpg,115_03-vs-123_03,115_03,123_03,115,123,/nas-ctm01/datasets/public/BIOMETRICS/Face_Morphing/MAD22/original_sorted/BonaFide/115_03.jpg,/nas-ctm01/datasets/public/BIOMETRICS/Face_Morphing/MAD22/original_sorted/BonaFide/123_03.jpg,342,130,143
265,MAD22,Webmorph,identity_disjoint_80_20,train,/nas-ctm01/datasets/public/BIOMETRICS/Face_Morphing/MAD22/original_sorted/Webmorph/115_03-vs-125_03.jpg,115_03-vs-125_03.jpg,115_03-vs-125_03,115_03,125_03,115,125,/nas-ctm01/datasets/public/BIOMETRICS/Face_Morphing/MAD22/original_sorted/BonaFide/115_03.jpg,/nas-ctm01/datasets/public/BIOMETRICS/Face_Morphing/MAD22/original_sorted/BonaFide/125_03.jpg,343,130,147
266,MAD22,Webmorph,identity_disjoint_80_20,train,/nas-ctm01/datasets/public/BIOMETRICS/Face_Morphing/MAD22/original_sorted/Webmorph/115_03-vs-132_03.jpg,115_03-vs-132_03.jpg,115_03-vs-132_03,115_03,132_03,115,132,/nas-ctm01/datasets/public/BIOMETRICS/Face_Morphing/MAD22/original_sorted/BonaFide/115_03.jpg,/nas-ctm01/datasets/public/BIOMETRICS/Face_Morphing/MAD22/original_sorted/BonaFide/132_03.jpg,344,130,160
267,MAD22,Webmorph,identity_disjoint_80_20,train,/nas-ctm01/datasets/public/BIOMETRICS/Face_Morphing/MAD22/original_sorted/Webmorph/115_03-vs-142_03.jpg,115_03-vs-142_03.jpg,115_03-vs-142_03,115_03,142_03,115,142,/nas-ctm01/datasets/public/BIOMETRICS/Face_Morphing/MAD22/original_sorted/BonaFide/115_03.jpg,/nas-ctm01/datasets/public/BIOMETRICS/Face_Morphing/MAD22/original_sorted/BonaFide/142_03.jpg,345,130,175
268,MAD22,Webmorph,identity_disjoint_80_20,train,/nas-ctm01/datasets/public/BIOMETRICS/Face_Morphing/MAD22/original_sorted/Webmorph/118_03-vs-139_03.jpg,118_03-vs-139_03.jpg,118_03-vs-139_03,118_03,139_03,118,139,/nas-ctm01/datasets/public/BIOMETRICS/Face_Morphing/MAD22/original_sorted/BonaFide/118_03.jpg,/nas-ctm01/datasets/public/BIOMETRICS/Face_Morphing/MAD22/original_sorted/BonaFide/139_03.jpg,346,133,170
269,MAD22,Webmorph,identity_disjoint_80_20,train,/nas-ctm01/datasets/public/BIOMETRICS/Face_Morphing/MAD22/original_sorted/Webmorph/120_03-vs-136_03.jpg,120_03-vs-136_03.jpg,120_03-vs-136_03,120_03,136_03,120,136,/nas-ctm01/datasets/public/BIOMETRICS/Face_Morphing/MAD22/original_sorted/BonaFide/120_03.jpg,/nas-ctm01/datasets/public/BIOMETRICS/Face_Morphing/MAD22/original_sorted/BonaFide/136_03.jpg,348,137,166
270,MAD22,Webmorph,identity_disjoint_80_20,train,/nas-ctm01/datasets/public/BIOMETRICS/Face_Morphing/MAD22/original_sorted/Webmorph/120_03-vs-144_03.jpg,120_03-vs-144_03.jpg,120_03-vs-144_03,120_03,144_03,120,144,/nas-ctm01/datasets/public/BIOMETRICS/Face_Morphing/MAD22/original_sorted/BonaFide/120_03.jpg,/nas-ctm01/datasets/public/BIOMETRICS/Face_Morphing/MAD22/original_sorted/BonaFide/144_03.jpg,349,137,179
271,MAD22,Webmorph,identity_disjoint_80_20,train,/nas-ctm01/datasets/public/BIOMETRICS/Face_Morphing/MAD22/original_sorted/Webmorph/122_03-vs-129_03.jpg,122_03-vs-129_03.jpg,122_03-vs-129_03,122_03,129_03,122,129,/nas-ctm01/datasets/public/BIOMETRICS/Face_Morphing/MAD22/original_sorted/BonaFide/122_03.jpg,/nas-ctm01/datasets/public/BIOMETRICS/Face_Morphing/MAD22/original_sorted/BonaFide/129_03.jpg,352,141,154
272,MAD22,Webmorph,identity_disjoint_80_20,train,/nas-ctm01/datasets/public/BIOMETRICS/Face_Morphing/MAD22/original_sorted/Webmorph/122_03-vs-139_03.jpg,122_03-vs-139_03.jpg,122_03-vs-139_03,122_03,139_03,122,139,/nas-ctm01/datasets/public/BIOMETRICS/Face_Morphing/MAD22/original_sorted/BonaFide/122_03.jpg,/nas-ctm01/datasets/public/BIOMETRICS/Face_Morphing/MAD22/original_sorted/BonaFide/139_03.jpg,353,141,170
273,MAD22,Webmorph,identity_disjoint_80_20,train,/nas-ctm01/datasets/public/BIOMETRICS/Face_Morphing/MAD22/original_sorted/Webmorph/123_03-vs-130_03.jpg,123_03-vs-130_03.jpg,123_03-vs-130_03,123_03,130_03,123,130,/nas-ctm01/datasets/public/BIOMETRICS/Face_Morphing/MAD22/original_sorted/BonaFide/123_03.jpg,/nas-ctm01/datasets/public/BIOMETRICS/Face_Morphing/MAD22/original_sorted/BonaFide/130_03.jpg,354,143,156
274,MAD22,Webmorph,identity_disjoint_80_20,train,/nas-ctm01/datasets/public/BIOMETRICS/Face_Morphing/MAD22/original_sorted/Webmorph/123_03-vs-131_03.jpg,123_03-vs-131_03.jpg,123_03-vs-131_03,123_03,131_03,123,131,/nas-ctm01/datasets/public/BIOMETRICS/Face_Morphing/MAD22/original_sorted/BonaFide/123_03.jpg,/nas-ctm01/datasets/public/BIOMETRICS/Face_Morphing/MAD22/original_sorted/BonaFide/131_03.jpg,355,143,158
275,MAD22,Webmorph,identity_disjoint_80_20,train,/nas-ctm01/datasets/public/BIOMETRICS/Face_Morphing/MAD22/original_sorted/Webmorph/123_03-vs-138_03.jpg,123_03-vs-138_03.jpg,123_03-vs-138_03,123_03,138_03,123,138,/nas-ctm01/datasets/public/BIOMETRICS/Face_Morphing/MAD22/original_sorted/BonaFide/123_03.jpg,/nas-ctm01/datasets/public/BIOMETRICS/Face_Morphing/MAD22/original_sorted/BonaFide/138_03.jpg,356,143,169
276,MAD22,Webmorph,identity_disjoint_80_20,train,/nas-ctm01/datasets/public/BIOMETRICS/Face_Morphing/MAD22/original_sorted/Webmorph/123_03-vs-142_03.jpg,123_03-vs-142_03.jpg,123_03-vs-142_03,123_03,142_03,123,142,/nas-ctm01/datasets/public/BIOMETRICS/Face_Morphing/MAD22/original_sorted/BonaFide/123_03.jpg,/nas-ctm01/datasets/public/BIOMETRICS/Face_Morphing/MAD22/original_sorted/BonaFide/142_03.jpg,357,143,175
277,MAD22,Webmorph,identity_disjoint_80_20,train,/nas-ctm01/datasets/public/BIOMETRICS/Face_Morphing/MAD22/original_sorted/Webmorph/124_03-vs-126_03.jpg,124_03-vs-126_03.jpg,124_03-vs-126_03,124_03,126_03,124,126,/nas-ctm01/datasets/public/BIOMETRICS/Face_Morphing/MAD22/original_sorted/BonaFide/124_03.jpg,/nas-ctm01/datasets/public/BIOMETRICS/Face_Morphing/MAD22/original_sorted/BonaFide/126_03.jpg,359,145,149
278,MAD22,Webmorph,identity_disjoint_80_20,train,/nas-ctm01/datasets/public/BIOMETRICS/Face_Morphing/MAD22/original_sorted/Webmorph/124_03-vs-136_03.jpg,124_03-vs-136_03.jpg,124_03-vs-136_03,124_03,136_03,124,136,/nas-ctm01/datasets/public/BIOMETRICS/Face_Morphing/MAD22/original_sorted/BonaFide/124_03.jpg,/nas-ctm01/datasets/public/BIOMETRICS/Face_Morphing/MAD22/original_sorted/BonaFide/136_03.jpg,360,145,166
279,MAD22,Webmorph,identity_disjoint_80_20,train,/nas-ctm01/datasets/public/BIOMETRICS/Face_Morphing/MAD22/original_sorted/Webmorph/125_03-vs-132_03.jpg,125_03-vs-132_03.jpg,125_03-vs-132_03,125_03,132_03,125,132,/nas-ctm01/datasets/public/BIOMETRICS/Face_Morphing/MAD22/original_sorted/BonaFide/125_03.jpg,/nas-ctm01/datasets/public/BIOMETRICS/Face_Morphing/MAD22/original_sorted/BonaFide/132_03.jpg,361,147,160
280,MAD22,Webmorph,identity_disjoint_80_20,train,/nas-ctm01/datasets/public/BIOMETRICS/Face_Morphing/MAD22/original_sorted/Webmorph/125_03-vs-138_03.jpg,125_03-vs-138_03.jpg,125_03-vs-138_03,125_03,138_03,125,138,/nas-ctm01/datasets/public/BIOMETRICS/Face_Morphing/MAD22/original_sorted/BonaFide/125_03.jpg,/nas-ctm01/datasets/public/BIOMETRICS/Face_Morphing/MAD22/original_sorted/BonaFide/138_03.jpg,362,147,169
281,MAD22,Webmorph,identity_disjoint_80_20,train,/nas-ctm01/datasets/public/BIOMETRICS/Face_Morphing/MAD22/original_sorted/Webmorph/125_03-vs-141_03.jpg,125_03-vs-141_03.jpg,125_03-vs-141_03,125_03,141_03,125,141,/nas-ctm01/datasets/public/BIOMETRICS/Face_Morphing/MAD22/original_sorted/BonaFide/125_03.jpg,/nas-ctm01/datasets/public/BIOMETRICS/Face_Morphing/MAD22/original_sorted/BonaFide/141_03.jpg,363,147,173
282,MAD22,Webmorph,identity_disjoint_80_20,train,/nas-ctm01/datasets/public/BIOMETRICS/Face_Morphing/MAD22/original_sorted/Webmorph/125_03-vs-172_03.jpg,125_03-vs-172_03.jpg,125_03-vs-172_03,125_03,172_03,125,172,/nas-ctm01/datasets/public/BIOMETRICS/Face_Morphing/MAD22/original_sorted/BonaFide/125_03.jpg,/nas-ctm01/datasets/public/BIOMETRICS/Face_Morphing/MAD22/original_sorted/BonaFide/172_03.jpg,364,147,181
283,MAD22,Webmorph,identity_disjoint_80_20,train,/nas-ctm01/datasets/public/BIOMETRICS/Face_Morphing/MAD22/original_sorted/Webmorph/126_03-vs-136_03.jpg,126_03-vs-136_03.jpg,126_03-vs-136_03,126_03,136_03,126,136,/nas-ctm01/datasets/public/BIOMETRICS/Face_Morphing/MAD22/original_sorted/BonaFide/126_03.jpg,/nas-ctm01/datasets/public/BIOMETRICS/Face_Morphing/MAD22/original_sorted/BonaFide/136_03.jpg,366,149,166
284,MAD22,Webmorph,identity_disjoint_80_20,train,/nas-ctm01/datasets/public/BIOMETRICS/Face_Morphing/MAD22/original_sorted/Webmorph/126_03-vs-144_03.jpg,126_03-vs-144_03.jpg,126_03-vs-144_03,126_03,144_03,126,144,/nas-ctm01/datasets/public/BIOMETRICS/Face_Morphing/MAD22/original_sorted/BonaFide/126_03.jpg,/nas-ctm01/datasets/public/BIOMETRICS/Face_Morphing/MAD22/original_sorted/BonaFide/144_03.jpg,367,149,179
285,MAD22,Webmorph,identity_disjoint_80_20,train,/nas-ctm01/datasets/public/BIOMETRICS/Face_Morphing/MAD22/original_sorted/Webmorph/128_03-vs-130_03.jpg,128_03-vs-130_03.jpg,128_03-vs-130_03,128_03,130_03,128,130,/nas-ctm01/datasets/public/BIOMETRICS/Face_Morphing/MAD22/original_sorted/BonaFide/128_03.jpg,/nas-ctm01/datasets/public/BIOMETRICS/Face_Morphing/MAD22/original_sorted/BonaFide/130_03.jpg,368,152,156
286,MAD22,Webmorph,identity_disjoint_80_20,train,/nas-ctm01/datasets/public/BIOMETRICS/Face_Morphing/MAD22/original_sorted/Webmorph/128_03-vs-132_03.jpg,128_03-vs-132_03.jpg,128_03-vs-132_03,128_03,132_03,128,132,/nas-ctm01/datasets/public/BIOMETRICS/Face_Morphing/MAD22/original_sorted/BonaFide/128_03.jpg,/nas-ctm01/datasets/public/BIOMETRICS/Face_Morphing/MAD22/original_sorted/BonaFide/132_03.jpg,369,152,160
287,MAD22,Webmorph,identity_disjoint_80_20,train,/nas-ctm01/datasets/public/BIOMETRICS/Face_Morphing/MAD22/original_sorted/Webmorph/128_03-vs-138_03.jpg,128_03-vs-138_03.jpg,128_03-vs-138_03,128_03,138_03,128,138,/nas-ctm01/datasets/public/BIOMETRICS/Face_Morphing/MAD22/original_sorted/BonaFide/128_03.jpg,/nas-ctm01/datasets/public/BIOMETRICS/Face_Morphing/MAD22/original_sorted/BonaFide/138_03.jpg,370,152,169
288,MAD22,Webmorph,identity_disjoint_80_20,train,/nas-ctm01/datasets/public/BIOMETRICS/Face_Morphing/MAD22/original_sorted/Webmorph/128_03-vs-141_03.jpg,128_03-vs-141_03.jpg,128_03-vs-141_03,128_03,141_03,128,141,/nas-ctm01/datasets/public/BIOMETRICS/Face_Morphing/MAD22/original_sorted/BonaFide/128_03.jpg,/nas-ctm01/datasets/public/BIOMETRICS/Face_Morphing/MAD22/original_sorted/BonaFide/141_03.jpg,371,152,173
289,MAD22,Webmorph,identity_disjoint_80_20,train,/nas-ctm01/datasets/public/BIOMETRICS/Face_Morphing/MAD22/original_sorted/Webmorph/128_03-vs-142_03.jpg,128_03-vs-142_03.jpg,128_03-vs-142_03,128_03,142_03,128,142,/nas-ctm01/datasets/public/BIOMETRICS/Face_Morphing/MAD22/original_sorted/BonaFide/128_03.jpg,/nas-ctm01/datasets/public/BIOMETRICS/Face_Morphing/MAD22/original_sorted/BonaFide/142_03.jpg,372,152,175
290,MAD22,Webmorph,identity_disjoint_80_20,train,/nas-ctm01/datasets/public/BIOMETRICS/Face_Morphing/MAD22/original_sorted/Webmorph/128_03-vs-143_03.jpg,128_03-vs-143_03.jpg,128_03-vs-143_03,128_03,143_03,128,143,/nas-ctm01/datasets/public/BIOMETRICS/Face_Morphing/MAD22/original_sorted/BonaFide/128_03.jpg,/nas-ctm01/datasets/public/BIOMETRICS/Face_Morphing/MAD22/original_sorted/BonaFide/143_03.jpg,373,152,177
291,MAD22,Webmorph,identity_disjoint_80_20,train,/nas-ctm01/datasets/public/BIOMETRICS/Face_Morphing/MAD22/original_sorted/Webmorph/130_03-vs-131_03.jpg,130_03-vs-131_03.jpg,130_03-vs-131_03,130_03,131_03,130,131,/nas-ctm01/datasets/public/BIOMETRICS/Face_Morphing/MAD22/original_sorted/BonaFide/130_03.jpg,/nas-ctm01/datasets/public/BIOMETRICS/Face_Morphing/MAD22/original_sorted/BonaFide/131_03.jpg,374,156,158
292,MAD22,Webmorph,identity_disjoint_80_20,train,/nas-ctm01/datasets/public/BIOMETRICS/Face_Morphing/MAD22/original_sorted/Webmorph/130_03-vs-132_03.jpg,130_03-vs-132_03.jpg,130_03-vs-132_03,130_03,132_03,130,132,/nas-ctm01/datasets/public/BIOMETRICS/Face_Morphing/MAD22/original_sorted/BonaFide/130_03.jpg,/nas-ctm01/datasets/public/BIOMETRICS/Face_Morphing/MAD22/original_sorted/BonaFide/132_03.jpg,375,156,160
293,MAD22,Webmorph,identity_disjoint_80_20,train,/nas-ctm01/datasets/public/BIOMETRICS/Face_Morphing/MAD22/original_sorted/Webmorph/130_03-vs-138_03.jpg,130_03-vs-138_03.jpg,130_03-vs-138_03,130_03,138_03,130,138,/nas-ctm01/datasets/public/BIOMETRICS/Face_Morphing/MAD22/original_sorted/BonaFide/130_03.jpg,/nas-ctm01/datasets/public/BIOMETRICS/Face_Morphing/MAD22/original_sorted/BonaFide/138_03.jpg,376,156,169
294,MAD22,Webmorph,identity_disjoint_80_20,train,/nas-ctm01/datasets/public/BIOMETRICS/Face_Morphing/MAD22/original_sorted/Webmorph/130_03-vs-141_03.jpg,130_03-vs-141_03.jpg,130_03-vs-141_03,130_03,141_03,130,141,/nas-ctm01/datasets/public/BIOMETRICS/Face_Morphing/MAD22/original_sorted/BonaFide/130_03.jpg,/nas-ctm01/datasets/public/BIOMETRICS/Face_Morphing/MAD22/original_sorted/BonaFide/141_03.jpg,377,156,173
295,MAD22,Webmorph,identity_disjoint_80_20,train,/nas-ctm01/datasets/public/BIOMETRICS/Face_Morphing/MAD22/original_sorted/Webmorph/131_03-vs-138_03.jpg,131_03-vs-138_03.jpg,131_03-vs-138_03,131_03,138_03,131,138,/nas-ctm01/datasets/public/BIOMETRICS/Face_Morphing/MAD22/original_sorted/BonaFide/131_03.jpg,/nas-ctm01/datasets/public/BIOMETRICS/Face_Morphing/MAD22/original_sorted/BonaFide/138_03.jpg,379,158,169
296,MAD22,Webmorph,identity_disjoint_80_20,train,/nas-ctm01/datasets/public/BIOMETRICS/Face_Morphing/MAD22/original_sorted/Webmorph/131_03-vs-172_03.jpg,131_03-vs-172_03.jpg,131_03-vs-172_03,131_03,172_03,131,172,/nas-ctm01/datasets/public/BIOMETRICS/Face_Morphing/MAD22/original_sorted/BonaFide/131_03.jpg,/nas-ctm01/datasets/public/BIOMETRICS/Face_Morphing/MAD22/original_sorted/BonaFide/172_03.jpg,380,158,181
297,MAD22,Webmorph,identity_disjoint_80_20,train,/nas-ctm01/datasets/public/BIOMETRICS/Face_Morphing/MAD22/original_sorted/Webmorph/132_03-vs-172_03.jpg,132_03-vs-172_03.jpg,132_03-vs-172_03,132_03,172_03,132,172,/nas-ctm01/datasets/public/BIOMETRICS/Face_Morphing/MAD22/original_sorted/BonaFide/132_03.jpg,/nas-ctm01/datasets/public/BIOMETRICS/Face_Morphing/MAD22/original_sorted/BonaFide/172_03.jpg,381,160,181
298,MAD22,Webmorph,identity_disjoint_80_20,train,/nas-ctm01/datasets/public/BIOMETRICS/Face_Morphing/MAD22/original_sorted/Webmorph/134_03-vs-139_03.jpg,134_03-vs-139_03.jpg,134_03-vs-139_03,134_03,139_03,134,139,/nas-ctm01/datasets/public/BIOMETRICS/Face_Morphing/MAD22/original_sorted/BonaFide/134_03.jpg,/nas-ctm01/datasets/public/BIOMETRICS/Face_Morphing/MAD22/original_sorted/BonaFide/139_03.jpg,382,162,170
299,MAD22,Webmorph,identity_disjoint_80_20,train,/nas-ctm01/datasets/public/BIOMETRICS/Face_Morphing/MAD22/original_sorted/Webmorph/136_03-vs-144_03.jpg,136_03-vs-144_03.jpg,136_03-vs-144_03,136_03,144_03,136,144,/nas-ctm01/datasets/public/BIOMETRICS/Face_Morphing/MAD22/original_sorted/BonaFide/136_03.jpg,/nas-ctm01/datasets/public/BIOMETRICS/Face_Morphing/MAD22/original_sorted/BonaFide/144_03.jpg,383,166,179
300,MAD22,Webmorph,identity_disjoint_80_20,train,/nas-ctm01/datasets/public/BIOMETRICS/Face_Morphing/MAD22/original_sorted/Webmorph/138_03-vs-141_03.jpg,138_03-vs-141_03.jpg,138_03-vs-141_03,138_03,141_03,138,141,/nas-ctm01/datasets/public/BIOMETRICS/Face_Morphing/MAD22/original_sorted/BonaFide/138_03.jpg,/nas-ctm01/datasets/public/BIOMETRICS/Face_Morphing/MAD22/original_sorted/BonaFide/141_03.jpg,385,169,173
301,MAD22,Webmorph,identity_disjoint_80_20,train,/nas-ctm01/datasets/public/BIOMETRICS/Face_Morphing/MAD22/original_sorted/Webmorph/139_03-vs-144_03.jpg,139_03-vs-144_03.jpg,139_03-vs-144_03,139_03,144_03,139,144,/nas-ctm01/datasets/public/BIOMETRICS/Face_Morphing/MAD22/original_sorted/BonaFide/139_03.jpg,/nas-ctm01/datasets/public/BIOMETRICS/Face_Morphing/MAD22/original_sorted/BonaFide/144_03.jpg,386,170,179
302,MAD22,Webmorph,identity_disjoint_80_20,train,/nas-ctm01/datasets/public/BIOMETRICS/Face_Morphing/MAD22/original_sorted/Webmorph/141_03-vs-143_03.jpg,141_03-vs-143_03.jpg,141_03-vs-143_03,141_03,143_03,141,143,/nas-ctm01/datasets/public/BIOMETRICS/Face_Morphing/MAD22/original_sorted/BonaFide/141_03.jpg,/nas-ctm01/datasets/public/BIOMETRICS/Face_Morphing/MAD22/original_sorted/BonaFide/143_03.jpg,387,173,177
