pc,sample_index,sample_id,source_path,sigma_multiplier,direction,pc_score_before,pc_score_after,pc_score_delta,pc_score_std
1,50997,56648,/nas-ctm01/datasets/public/ffhq256/56648.png,1.0,1.0,4.594672203063965,8.151318056772023,3.5566458537080594,3.5566458537080594
1,50997,56648,/nas-ctm01/datasets/public/ffhq256/56648.png,2.0,1.0,4.594672203063965,11.707963910480084,7.113291707416119,3.5566458537080594
1,50997,56648,/nas-ctm01/datasets/public/ffhq256/56648.png,3.0,1.0,4.594672203063965,15.264609764188144,10.66993756112418,3.5566458537080594
