pc,sample_index,sample_id,source_path,sigma_multiplier,direction,pc_score_before,pc_score_after,pc_score_delta,pc_score_std
2,50997,56648,/nas-ctm01/datasets/public/ffhq256/56648.png,1.0,1.0,6.26832389831543,9.563231156683646,3.294907258368217,3.294907258368217
2,50997,56648,/nas-ctm01/datasets/public/ffhq256/56648.png,2.0,1.0,6.26832389831543,12.858138415051863,6.589814516736434,3.294907258368217
2,50997,56648,/nas-ctm01/datasets/public/ffhq256/56648.png,3.0,1.0,6.26832389831543,16.15304567342008,9.884721775104651,3.294907258368217
