embedding_index,image_path,filename,raw_norm
0,/nas-ctm01/datasets/public/Oxford102Flowers/jpg/image_00001.jpg,image_00001.jpg,24.193119049072266
1,/nas-ctm01/datasets/public/Oxford102Flowers/jpg/image_00002.jpg,image_00002.jpg,24.359294891357422
2,/nas-ctm01/datasets/public/Oxford102Flowers/jpg/image_00003.jpg,image_00003.jpg,23.925365447998047
3,/nas-ctm01/datasets/public/Oxford102Flowers/jpg/image_00004.jpg,image_00004.jpg,23.343891143798828
4,/nas-ctm01/datasets/public/Oxford102Flowers/jpg/image_00005.jpg,image_00005.jpg,23.794361114501953
5,/nas-ctm01/datasets/public/Oxford102Flowers/jpg/image_00006.jpg,image_00006.jpg,24.080303192138672
6,/nas-ctm01/datasets/public/Oxford102Flowers/jpg/image_00007.jpg,image_00007.jpg,22.882648468017578
7,/nas-ctm01/datasets/public/Oxford102Flowers/jpg/image_00008.jpg,image_00008.jpg,24.899063110351562
8,/nas-ctm01/datasets/public/Oxford102Flowers/jpg/image_00009.jpg,image_00009.jpg,24.047143936157227
9,/nas-ctm01/datasets/public/Oxford102Flowers/jpg/image_00010.jpg,image_00010.jpg,23.97616195678711
10,/nas-ctm01/datasets/public/Oxford102Flowers/jpg/image_00011.jpg,image_00011.jpg,24.410564422607422
11,/nas-ctm01/datasets/public/Oxford102Flowers/jpg/image_00012.jpg,image_00012.jpg,24.50082778930664
12,/nas-ctm01/datasets/public/Oxford102Flowers/jpg/image_00013.jpg,image_00013.jpg,23.62253189086914
13,/nas-ctm01/datasets/public/Oxford102Flowers/jpg/image_00014.jpg,image_00014.jpg,22.321231842041016
14,/nas-ctm01/datasets/public/Oxford102Flowers/jpg/image_00015.jpg,image_00015.jpg,24.36884880065918
15,/nas-ctm01/datasets/public/Oxford102Flowers/jpg/image_00016.jpg,image_00016.jpg,24.377105712890625
16,/nas-ctm01/datasets/public/Oxford102Flowers/jpg/image_00017.jpg,image_00017.jpg,24.836957931518555
17,/nas-ctm01/datasets/public/Oxford102Flowers/jpg/image_00018.jpg,image_00018.jpg,24.095003128051758
18,/nas-ctm01/datasets/public/Oxford102Flowers/jpg/image_00019.jpg,image_00019.jpg,22.457355499267578
19,/nas-ctm01/datasets/public/Oxford102Flowers/jpg/image_00020.jpg,image_00020.jpg,22.883224487304688
20,/nas-ctm01/datasets/public/Oxford102Flowers/jpg/image_00021.jpg,image_00021.jpg,23.368181228637695
21,/nas-ctm01/datasets/public/Oxford102Flowers/jpg/image_00022.jpg,image_00022.jpg,23.83872413635254
22,/nas-ctm01/datasets/public/Oxford102Flowers/jpg/image_00023.jpg,image_00023.jpg,24.096967697143555
23,/nas-ctm01/datasets/public/Oxford102Flowers/jpg/image_00024.jpg,image_00024.jpg,24.196630477905273
24,/nas-ctm01/datasets/public/Oxford102Flowers/jpg/image_00025.jpg,image_00025.jpg,24.00152015686035
25,/nas-ctm01/datasets/public/Oxford102Flowers/jpg/image_00026.jpg,image_00026.jpg,24.221446990966797
26,/nas-ctm01/datasets/public/Oxford102Flowers/jpg/image_00027.jpg,image_00027.jpg,23.85985565185547
27,/nas-ctm01/datasets/public/Oxford102Flowers/jpg/image_00028.jpg,image_00028.jpg,24.163761138916016
28,/nas-ctm01/datasets/public/Oxford102Flowers/jpg/image_00029.jpg,image_00029.jpg,24.38393783569336
29,/nas-ctm01/datasets/public/Oxford102Flowers/jpg/image_00030.jpg,image_00030.jpg,24.162384033203125
30,/nas-ctm01/datasets/public/Oxford102Flowers/jpg/image_00031.jpg,image_00031.jpg,24.231361389160156
31,/nas-ctm01/datasets/public/Oxford102Flowers/jpg/image_00032.jpg,image_00032.jpg,24.759260177612305
32,/nas-ctm01/datasets/public/Oxford102Flowers/jpg/image_00033.jpg,image_00033.jpg,23.950347900390625
33,/nas-ctm01/datasets/public/Oxford102Flowers/jpg/image_00034.jpg,image_00034.jpg,24.015464782714844
34,/nas-ctm01/datasets/public/Oxford102Flowers/jpg/image_00035.jpg,image_00035.jpg,23.751766204833984
35,/nas-ctm01/datasets/public/Oxford102Flowers/jpg/image_00036.jpg,image_00036.jpg,24.02652359008789
36,/nas-ctm01/datasets/public/Oxford102Flowers/jpg/image_00037.jpg,image_00037.jpg,23.9394474029541
37,/nas-ctm01/datasets/public/Oxford102Flowers/jpg/image_00038.jpg,image_00038.jpg,24.308624267578125
38,/nas-ctm01/datasets/public/Oxford102Flowers/jpg/image_00039.jpg,image_00039.jpg,22.669504165649414
39,/nas-ctm01/datasets/public/Oxford102Flowers/jpg/image_00040.jpg,image_00040.jpg,22.4501895904541
40,/nas-ctm01/datasets/public/Oxford102Flowers/jpg/image_00041.jpg,image_00041.jpg,22.58477210998535
41,/nas-ctm01/datasets/public/Oxford102Flowers/jpg/image_00042.jpg,image_00042.jpg,24.53829574584961
42,/nas-ctm01/datasets/public/Oxford102Flowers/jpg/image_00043.jpg,image_00043.jpg,23.832523345947266
43,/nas-ctm01/datasets/public/Oxford102Flowers/jpg/image_00044.jpg,image_00044.jpg,23.625751495361328
44,/nas-ctm01/datasets/public/Oxford102Flowers/jpg/image_00045.jpg,image_00045.jpg,23.0797061920166
45,/nas-ctm01/datasets/public/Oxford102Flowers/jpg/image_00046.jpg,image_00046.jpg,23.82562828063965
46,/nas-ctm01/datasets/public/Oxford102Flowers/jpg/image_00047.jpg,image_00047.jpg,23.614397048950195
47,/nas-ctm01/datasets/public/Oxford102Flowers/jpg/image_00048.jpg,image_00048.jpg,23.949813842773438
48,/nas-ctm01/datasets/public/Oxford102Flowers/jpg/image_00049.jpg,image_00049.jpg,23.76484489440918
49,/nas-ctm01/datasets/public/Oxford102Flowers/jpg/image_00050.jpg,image_00050.jpg,24.186717987060547
50,/nas-ctm01/datasets/public/Oxford102Flowers/jpg/image_00051.jpg,image_00051.jpg,23.7175350189209
51,/nas-ctm01/datasets/public/Oxford102Flowers/jpg/image_00052.jpg,image_00052.jpg,24.008708953857422
52,/nas-ctm01/datasets/public/Oxford102Flowers/jpg/image_00053.jpg,image_00053.jpg,23.98167610168457
53,/nas-ctm01/datasets/public/Oxford102Flowers/jpg/image_00054.jpg,image_00054.jpg,24.539459228515625
54,/nas-ctm01/datasets/public/Oxford102Flowers/jpg/image_00055.jpg,image_00055.jpg,22.998266220092773
55,/nas-ctm01/datasets/public/Oxford102Flowers/jpg/image_00056.jpg,image_00056.jpg,24.136384963989258
56,/nas-ctm01/datasets/public/Oxford102Flowers/jpg/image_00057.jpg,image_00057.jpg,24.83295440673828
57,/nas-ctm01/datasets/public/Oxford102Flowers/jpg/image_00058.jpg,image_00058.jpg,24.234996795654297
58,/nas-ctm01/datasets/public/Oxford102Flowers/jpg/image_00059.jpg,image_00059.jpg,23.801639556884766
59,/nas-ctm01/datasets/public/Oxford102Flowers/jpg/image_00060.jpg,image_00060.jpg,24.22475242614746
60,/nas-ctm01/datasets/public/Oxford102Flowers/jpg/image_00061.jpg,image_00061.jpg,24.4486083984375
61,/nas-ctm01/datasets/public/Oxford102Flowers/jpg/image_00062.jpg,image_00062.jpg,24.657678604125977
62,/nas-ctm01/datasets/public/Oxford102Flowers/jpg/image_00063.jpg,image_00063.jpg,23.590862274169922
63,/nas-ctm01/datasets/public/Oxford102Flowers/jpg/image_00064.jpg,image_00064.jpg,24.2550106048584
64,/nas-ctm01/datasets/public/Oxford102Flowers/jpg/image_00065.jpg,image_00065.jpg,24.163904190063477
65,/nas-ctm01/datasets/public/Oxford102Flowers/jpg/image_00066.jpg,image_00066.jpg,24.349916458129883
66,/nas-ctm01/datasets/public/Oxford102Flowers/jpg/image_00067.jpg,image_00067.jpg,24.24846649169922
67,/nas-ctm01/datasets/public/Oxford102Flowers/jpg/image_00068.jpg,image_00068.jpg,22.204246520996094
68,/nas-ctm01/datasets/public/Oxford102Flowers/jpg/image_00069.jpg,image_00069.jpg,23.217111587524414
69,/nas-ctm01/datasets/public/Oxford102Flowers/jpg/image_00070.jpg,image_00070.jpg,23.3203182220459
70,/nas-ctm01/datasets/public/Oxford102Flowers/jpg/image_00071.jpg,image_00071.jpg,24.71470069885254
71,/nas-ctm01/datasets/public/Oxford102Flowers/jpg/image_00072.jpg,image_00072.jpg,24.20793914794922
72,/nas-ctm01/datasets/public/Oxford102Flowers/jpg/image_00073.jpg,image_00073.jpg,24.106897354125977
73,/nas-ctm01/datasets/public/Oxford102Flowers/jpg/image_00074.jpg,image_00074.jpg,23.293991088867188
74,/nas-ctm01/datasets/public/Oxford102Flowers/jpg/image_00075.jpg,image_00075.jpg,23.75461196899414
75,/nas-ctm01/datasets/public/Oxford102Flowers/jpg/image_00076.jpg,image_00076.jpg,22.89971923828125
76,/nas-ctm01/datasets/public/Oxford102Flowers/jpg/image_00077.jpg,image_00077.jpg,23.761280059814453
77,/nas-ctm01/datasets/public/Oxford102Flowers/jpg/image_00078.jpg,image_00078.jpg,23.1450138092041
78,/nas-ctm01/datasets/public/Oxford102Flowers/jpg/image_00079.jpg,image_00079.jpg,23.694931030273438
79,/nas-ctm01/datasets/public/Oxford102Flowers/jpg/image_00080.jpg,image_00080.jpg,24.70104217529297
80,/nas-ctm01/datasets/public/Oxford102Flowers/jpg/image_00081.jpg,image_00081.jpg,24.70845603942871
81,/nas-ctm01/datasets/public/Oxford102Flowers/jpg/image_00082.jpg,image_00082.jpg,24.184911727905273
82,/nas-ctm01/datasets/public/Oxford102Flowers/jpg/image_00083.jpg,image_00083.jpg,23.43011474609375
83,/nas-ctm01/datasets/public/Oxford102Flowers/jpg/image_00084.jpg,image_00084.jpg,23.434728622436523
84,/nas-ctm01/datasets/public/Oxford102Flowers/jpg/image_00085.jpg,image_00085.jpg,23.969938278198242
85,/nas-ctm01/datasets/public/Oxford102Flowers/jpg/image_00086.jpg,image_00086.jpg,23.390953063964844
86,/nas-ctm01/datasets/public/Oxford102Flowers/jpg/image_00087.jpg,image_00087.jpg,23.337093353271484
87,/nas-ctm01/datasets/public/Oxford102Flowers/jpg/image_00088.jpg,image_00088.jpg,22.282806396484375
88,/nas-ctm01/datasets/public/Oxford102Flowers/jpg/image_00089.jpg,image_00089.jpg,22.4569034576416
89,/nas-ctm01/datasets/public/Oxford102Flowers/jpg/image_00090.jpg,image_00090.jpg,24.25254249572754
90,/nas-ctm01/datasets/public/Oxford102Flowers/jpg/image_00091.jpg,image_00091.jpg,23.657304763793945
91,/nas-ctm01/datasets/public/Oxford102Flowers/jpg/image_00092.jpg,image_00092.jpg,24.20532989501953
92,/nas-ctm01/datasets/public/Oxford102Flowers/jpg/image_00093.jpg,image_00093.jpg,24.56246566772461
93,/nas-ctm01/datasets/public/Oxford102Flowers/jpg/image_00094.jpg,image_00094.jpg,24.45748519897461
94,/nas-ctm01/datasets/public/Oxford102Flowers/jpg/image_00095.jpg,image_00095.jpg,24.446861267089844
95,/nas-ctm01/datasets/public/Oxford102Flowers/jpg/image_00096.jpg,image_00096.jpg,24.079734802246094
96,/nas-ctm01/datasets/public/Oxford102Flowers/jpg/image_00097.jpg,image_00097.jpg,24.150161743164062
97,/nas-ctm01/datasets/public/Oxford102Flowers/jpg/image_00098.jpg,image_00098.jpg,23.117136001586914
98,/nas-ctm01/datasets/public/Oxford102Flowers/jpg/image_00099.jpg,image_00099.jpg,23.57756996154785
99,/nas-ctm01/datasets/public/Oxford102Flowers/jpg/image_00100.jpg,image_00100.jpg,24.35163116455078
100,/nas-ctm01/datasets/public/Oxford102Flowers/jpg/image_00101.jpg,image_00101.jpg,23.971336364746094
101,/nas-ctm01/datasets/public/Oxford102Flowers/jpg/image_00102.jpg,image_00102.jpg,24.115699768066406
102,/nas-ctm01/datasets/public/Oxford102Flowers/jpg/image_00103.jpg,image_00103.jpg,23.426990509033203
103,/nas-ctm01/datasets/public/Oxford102Flowers/jpg/image_00104.jpg,image_00104.jpg,22.71063995361328
104,/nas-ctm01/datasets/public/Oxford102Flowers/jpg/image_00105.jpg,image_00105.jpg,24.199405670166016
105,/nas-ctm01/datasets/public/Oxford102Flowers/jpg/image_00106.jpg,image_00106.jpg,23.649200439453125
106,/nas-ctm01/datasets/public/Oxford102Flowers/jpg/image_00107.jpg,image_00107.jpg,24.030099868774414
107,/nas-ctm01/datasets/public/Oxford102Flowers/jpg/image_00108.jpg,image_00108.jpg,23.681978225708008
108,/nas-ctm01/datasets/public/Oxford102Flowers/jpg/image_00109.jpg,image_00109.jpg,23.19710350036621
109,/nas-ctm01/datasets/public/Oxford102Flowers/jpg/image_00110.jpg,image_00110.jpg,23.975685119628906
110,/nas-ctm01/datasets/public/Oxford102Flowers/jpg/image_00111.jpg,image_00111.jpg,25.02001953125
111,/nas-ctm01/datasets/public/Oxford102Flowers/jpg/image_00112.jpg,image_00112.jpg,23.845773696899414
112,/nas-ctm01/datasets/public/Oxford102Flowers/jpg/image_00113.jpg,image_00113.jpg,22.82485008239746
113,/nas-ctm01/datasets/public/Oxford102Flowers/jpg/image_00114.jpg,image_00114.jpg,23.40297508239746
114,/nas-ctm01/datasets/public/Oxford102Flowers/jpg/image_00115.jpg,image_00115.jpg,23.760093688964844
115,/nas-ctm01/datasets/public/Oxford102Flowers/jpg/image_00116.jpg,image_00116.jpg,24.691816329956055
116,/nas-ctm01/datasets/public/Oxford102Flowers/jpg/image_00117.jpg,image_00117.jpg,23.4843807220459
117,/nas-ctm01/datasets/public/Oxford102Flowers/jpg/image_00118.jpg,image_00118.jpg,24.490039825439453
118,/nas-ctm01/datasets/public/Oxford102Flowers/jpg/image_00119.jpg,image_00119.jpg,23.74365234375
119,/nas-ctm01/datasets/public/Oxford102Flowers/jpg/image_00120.jpg,image_00120.jpg,23.96487808227539
120,/nas-ctm01/datasets/public/Oxford102Flowers/jpg/image_00121.jpg,image_00121.jpg,23.039419174194336
121,/nas-ctm01/datasets/public/Oxford102Flowers/jpg/image_00122.jpg,image_00122.jpg,24.528789520263672
122,/nas-ctm01/datasets/public/Oxford102Flowers/jpg/image_00123.jpg,image_00123.jpg,24.76251220703125
123,/nas-ctm01/datasets/public/Oxford102Flowers/jpg/image_00124.jpg,image_00124.jpg,24.233966827392578
124,/nas-ctm01/datasets/public/Oxford102Flowers/jpg/image_00125.jpg,image_00125.jpg,23.42430877685547
125,/nas-ctm01/datasets/public/Oxford102Flowers/jpg/image_00126.jpg,image_00126.jpg,24.12982749938965
126,/nas-ctm01/datasets/public/Oxford102Flowers/jpg/image_00127.jpg,image_00127.jpg,24.522796630859375
127,/nas-ctm01/datasets/public/Oxford102Flowers/jpg/image_00128.jpg,image_00128.jpg,23.4375057220459
128,/nas-ctm01/datasets/public/Oxford102Flowers/jpg/image_00129.jpg,image_00129.jpg,23.695659637451172
129,/nas-ctm01/datasets/public/Oxford102Flowers/jpg/image_00130.jpg,image_00130.jpg,24.015417098999023
130,/nas-ctm01/datasets/public/Oxford102Flowers/jpg/image_00131.jpg,image_00131.jpg,24.536672592163086
131,/nas-ctm01/datasets/public/Oxford102Flowers/jpg/image_00132.jpg,image_00132.jpg,23.318796157836914
132,/nas-ctm01/datasets/public/Oxford102Flowers/jpg/image_00133.jpg,image_00133.jpg,23.37541961669922
133,/nas-ctm01/datasets/public/Oxford102Flowers/jpg/image_00134.jpg,image_00134.jpg,23.291433334350586
134,/nas-ctm01/datasets/public/Oxford102Flowers/jpg/image_00135.jpg,image_00135.jpg,23.17243003845215
135,/nas-ctm01/datasets/public/Oxford102Flowers/jpg/image_00136.jpg,image_00136.jpg,23.76589012145996
136,/nas-ctm01/datasets/public/Oxford102Flowers/jpg/image_00137.jpg,image_00137.jpg,24.633352279663086
137,/nas-ctm01/datasets/public/Oxford102Flowers/jpg/image_00138.jpg,image_00138.jpg,23.59886932373047
138,/nas-ctm01/datasets/public/Oxford102Flowers/jpg/image_00139.jpg,image_00139.jpg,22.82032012939453
139,/nas-ctm01/datasets/public/Oxford102Flowers/jpg/image_00140.jpg,image_00140.jpg,24.28890609741211
140,/nas-ctm01/datasets/public/Oxford102Flowers/jpg/image_00141.jpg,image_00141.jpg,23.903383255004883
141,/nas-ctm01/datasets/public/Oxford102Flowers/jpg/image_00142.jpg,image_00142.jpg,23.710050582885742
142,/nas-ctm01/datasets/public/Oxford102Flowers/jpg/image_00143.jpg,image_00143.jpg,23.31914520263672
143,/nas-ctm01/datasets/public/Oxford102Flowers/jpg/image_00144.jpg,image_00144.jpg,24.121583938598633
144,/nas-ctm01/datasets/public/Oxford102Flowers/jpg/image_00145.jpg,image_00145.jpg,24.35550880432129
145,/nas-ctm01/datasets/public/Oxford102Flowers/jpg/image_00146.jpg,image_00146.jpg,24.10862159729004
146,/nas-ctm01/datasets/public/Oxford102Flowers/jpg/image_00147.jpg,image_00147.jpg,23.997251510620117
147,/nas-ctm01/datasets/public/Oxford102Flowers/jpg/image_00148.jpg,image_00148.jpg,24.061100006103516
148,/nas-ctm01/datasets/public/Oxford102Flowers/jpg/image_00149.jpg,image_00149.jpg,23.48540687561035
149,/nas-ctm01/datasets/public/Oxford102Flowers/jpg/image_00150.jpg,image_00150.jpg,23.230379104614258
150,/nas-ctm01/datasets/public/Oxford102Flowers/jpg/image_00151.jpg,image_00151.jpg,23.9716739654541
151,/nas-ctm01/datasets/public/Oxford102Flowers/jpg/image_00152.jpg,image_00152.jpg,23.59649658203125
152,/nas-ctm01/datasets/public/Oxford102Flowers/jpg/image_00153.jpg,image_00153.jpg,24.648658752441406
153,/nas-ctm01/datasets/public/Oxford102Flowers/jpg/image_00154.jpg,image_00154.jpg,24.42959213256836
154,/nas-ctm01/datasets/public/Oxford102Flowers/jpg/image_00155.jpg,image_00155.jpg,24.50172996520996
155,/nas-ctm01/datasets/public/Oxford102Flowers/jpg/image_00156.jpg,image_00156.jpg,24.27410316467285
156,/nas-ctm01/datasets/public/Oxford102Flowers/jpg/image_00157.jpg,image_00157.jpg,23.95723533630371
157,/nas-ctm01/datasets/public/Oxford102Flowers/jpg/image_00158.jpg,image_00158.jpg,24.022144317626953
158,/nas-ctm01/datasets/public/Oxford102Flowers/jpg/image_00159.jpg,image_00159.jpg,22.86857795715332
159,/nas-ctm01/datasets/public/Oxford102Flowers/jpg/image_00160.jpg,image_00160.jpg,23.28963851928711
160,/nas-ctm01/datasets/public/Oxford102Flowers/jpg/image_00161.jpg,image_00161.jpg,24.220294952392578
161,/nas-ctm01/datasets/public/Oxford102Flowers/jpg/image_00162.jpg,image_00162.jpg,23.95345687866211
162,/nas-ctm01/datasets/public/Oxford102Flowers/jpg/image_00163.jpg,image_00163.jpg,23.84650993347168
163,/nas-ctm01/datasets/public/Oxford102Flowers/jpg/image_00164.jpg,image_00164.jpg,22.811574935913086
164,/nas-ctm01/datasets/public/Oxford102Flowers/jpg/image_00165.jpg,image_00165.jpg,24.086381912231445
165,/nas-ctm01/datasets/public/Oxford102Flowers/jpg/image_00166.jpg,image_00166.jpg,23.550975799560547
166,/nas-ctm01/datasets/public/Oxford102Flowers/jpg/image_00167.jpg,image_00167.jpg,24.46119499206543
167,/nas-ctm01/datasets/public/Oxford102Flowers/jpg/image_00168.jpg,image_00168.jpg,24.56178092956543
168,/nas-ctm01/datasets/public/Oxford102Flowers/jpg/image_00169.jpg,image_00169.jpg,23.774593353271484
169,/nas-ctm01/datasets/public/Oxford102Flowers/jpg/image_00170.jpg,image_00170.jpg,23.25373077392578
170,/nas-ctm01/datasets/public/Oxford102Flowers/jpg/image_00171.jpg,image_00171.jpg,23.952190399169922
171,/nas-ctm01/datasets/public/Oxford102Flowers/jpg/image_00172.jpg,image_00172.jpg,23.74956512451172
172,/nas-ctm01/datasets/public/Oxford102Flowers/jpg/image_00173.jpg,image_00173.jpg,23.425838470458984
173,/nas-ctm01/datasets/public/Oxford102Flowers/jpg/image_00174.jpg,image_00174.jpg,24.537036895751953
174,/nas-ctm01/datasets/public/Oxford102Flowers/jpg/image_00175.jpg,image_00175.jpg,24.141815185546875
175,/nas-ctm01/datasets/public/Oxford102Flowers/jpg/image_00176.jpg,image_00176.jpg,24.126632690429688
176,/nas-ctm01/datasets/public/Oxford102Flowers/jpg/image_00177.jpg,image_00177.jpg,23.75601577758789
177,/nas-ctm01/datasets/public/Oxford102Flowers/jpg/image_00178.jpg,image_00178.jpg,24.145994186401367
178,/nas-ctm01/datasets/public/Oxford102Flowers/jpg/image_00179.jpg,image_00179.jpg,23.210412979125977
179,/nas-ctm01/datasets/public/Oxford102Flowers/jpg/image_00180.jpg,image_00180.jpg,23.87479591369629
180,/nas-ctm01/datasets/public/Oxford102Flowers/jpg/image_00181.jpg,image_00181.jpg,23.9540958404541
181,/nas-ctm01/datasets/public/Oxford102Flowers/jpg/image_00182.jpg,image_00182.jpg,23.99602699279785
182,/nas-ctm01/datasets/public/Oxford102Flowers/jpg/image_00183.jpg,image_00183.jpg,22.475919723510742
183,/nas-ctm01/datasets/public/Oxford102Flowers/jpg/image_00184.jpg,image_00184.jpg,23.032398223876953
184,/nas-ctm01/datasets/public/Oxford102Flowers/jpg/image_00185.jpg,image_00185.jpg,23.298559188842773
185,/nas-ctm01/datasets/public/Oxford102Flowers/jpg/image_00186.jpg,image_00186.jpg,23.273754119873047
186,/nas-ctm01/datasets/public/Oxford102Flowers/jpg/image_00187.jpg,image_00187.jpg,24.546344757080078
187,/nas-ctm01/datasets/public/Oxford102Flowers/jpg/image_00188.jpg,image_00188.jpg,24.624509811401367
188,/nas-ctm01/datasets/public/Oxford102Flowers/jpg/image_00189.jpg,image_00189.jpg,24.248559951782227
189,/nas-ctm01/datasets/public/Oxford102Flowers/jpg/image_00190.jpg,image_00190.jpg,21.69871711730957
190,/nas-ctm01/datasets/public/Oxford102Flowers/jpg/image_00191.jpg,image_00191.jpg,22.964139938354492
191,/nas-ctm01/datasets/public/Oxford102Flowers/jpg/image_00192.jpg,image_00192.jpg,24.75688362121582
192,/nas-ctm01/datasets/public/Oxford102Flowers/jpg/image_00193.jpg,image_00193.jpg,23.98474884033203
193,/nas-ctm01/datasets/public/Oxford102Flowers/jpg/image_00194.jpg,image_00194.jpg,24.210142135620117
194,/nas-ctm01/datasets/public/Oxford102Flowers/jpg/image_00195.jpg,image_00195.jpg,24.434707641601562
195,/nas-ctm01/datasets/public/Oxford102Flowers/jpg/image_00196.jpg,image_00196.jpg,24.34944725036621
196,/nas-ctm01/datasets/public/Oxford102Flowers/jpg/image_00197.jpg,image_00197.jpg,24.35862159729004
197,/nas-ctm01/datasets/public/Oxford102Flowers/jpg/image_00198.jpg,image_00198.jpg,23.2995662689209
198,/nas-ctm01/datasets/public/Oxford102Flowers/jpg/image_00199.jpg,image_00199.jpg,23.739208221435547
199,/nas-ctm01/datasets/public/Oxford102Flowers/jpg/image_00200.jpg,image_00200.jpg,24.878725051879883
200,/nas-ctm01/datasets/public/Oxford102Flowers/jpg/image_00201.jpg,image_00201.jpg,23.67186164855957
201,/nas-ctm01/datasets/public/Oxford102Flowers/jpg/image_00202.jpg,image_00202.jpg,23.278535842895508
202,/nas-ctm01/datasets/public/Oxford102Flowers/jpg/image_00203.jpg,image_00203.jpg,24.431354522705078
203,/nas-ctm01/datasets/public/Oxford102Flowers/jpg/image_00204.jpg,image_00204.jpg,24.666282653808594
204,/nas-ctm01/datasets/public/Oxford102Flowers/jpg/image_00205.jpg,image_00205.jpg,23.347490310668945
205,/nas-ctm01/datasets/public/Oxford102Flowers/jpg/image_00206.jpg,image_00206.jpg,24.533634185791016
206,/nas-ctm01/datasets/public/Oxford102Flowers/jpg/image_00207.jpg,image_00207.jpg,23.945863723754883
207,/nas-ctm01/datasets/public/Oxford102Flowers/jpg/image_00208.jpg,image_00208.jpg,24.128868103027344
208,/nas-ctm01/datasets/public/Oxford102Flowers/jpg/image_00209.jpg,image_00209.jpg,24.03801727294922
209,/nas-ctm01/datasets/public/Oxford102Flowers/jpg/image_00210.jpg,image_00210.jpg,24.238933563232422
210,/nas-ctm01/datasets/public/Oxford102Flowers/jpg/image_00211.jpg,image_00211.jpg,24.16194725036621
211,/nas-ctm01/datasets/public/Oxford102Flowers/jpg/image_00212.jpg,image_00212.jpg,23.82663345336914
212,/nas-ctm01/datasets/public/Oxford102Flowers/jpg/image_00213.jpg,image_00213.jpg,23.398958206176758
213,/nas-ctm01/datasets/public/Oxford102Flowers/jpg/image_00214.jpg,image_00214.jpg,24.434022903442383
214,/nas-ctm01/datasets/public/Oxford102Flowers/jpg/image_00215.jpg,image_00215.jpg,24.190889358520508
215,/nas-ctm01/datasets/public/Oxford102Flowers/jpg/image_00216.jpg,image_00216.jpg,23.616601943969727
216,/nas-ctm01/datasets/public/Oxford102Flowers/jpg/image_00217.jpg,image_00217.jpg,23.531879425048828
217,/nas-ctm01/datasets/public/Oxford102Flowers/jpg/image_00218.jpg,image_00218.jpg,24.14313316345215
218,/nas-ctm01/datasets/public/Oxford102Flowers/jpg/image_00219.jpg,image_00219.jpg,24.43218231201172
219,/nas-ctm01/datasets/public/Oxford102Flowers/jpg/image_00220.jpg,image_00220.jpg,23.01593780517578
220,/nas-ctm01/datasets/public/Oxford102Flowers/jpg/image_00221.jpg,image_00221.jpg,23.62775421142578
221,/nas-ctm01/datasets/public/Oxford102Flowers/jpg/image_00222.jpg,image_00222.jpg,24.673229217529297
222,/nas-ctm01/datasets/public/Oxford102Flowers/jpg/image_00223.jpg,image_00223.jpg,24.097396850585938
223,/nas-ctm01/datasets/public/Oxford102Flowers/jpg/image_00224.jpg,image_00224.jpg,22.997716903686523
224,/nas-ctm01/datasets/public/Oxford102Flowers/jpg/image_00225.jpg,image_00225.jpg,23.89643096923828
225,/nas-ctm01/datasets/public/Oxford102Flowers/jpg/image_00226.jpg,image_00226.jpg,22.016799926757812
226,/nas-ctm01/datasets/public/Oxford102Flowers/jpg/image_00227.jpg,image_00227.jpg,23.792346954345703
227,/nas-ctm01/datasets/public/Oxford102Flowers/jpg/image_00228.jpg,image_00228.jpg,24.81160545349121
228,/nas-ctm01/datasets/public/Oxford102Flowers/jpg/image_00229.jpg,image_00229.jpg,24.277517318725586
229,/nas-ctm01/datasets/public/Oxford102Flowers/jpg/image_00230.jpg,image_00230.jpg,24.02733612060547
230,/nas-ctm01/datasets/public/Oxford102Flowers/jpg/image_00231.jpg,image_00231.jpg,24.15020751953125
231,/nas-ctm01/datasets/public/Oxford102Flowers/jpg/image_00232.jpg,image_00232.jpg,23.084936141967773
232,/nas-ctm01/datasets/public/Oxford102Flowers/jpg/image_00233.jpg,image_00233.jpg,24.0457763671875
233,/nas-ctm01/datasets/public/Oxford102Flowers/jpg/image_00234.jpg,image_00234.jpg,23.851905822753906
234,/nas-ctm01/datasets/public/Oxford102Flowers/jpg/image_00235.jpg,image_00235.jpg,24.361492156982422
235,/nas-ctm01/datasets/public/Oxford102Flowers/jpg/image_00236.jpg,image_00236.jpg,23.868371963500977
236,/nas-ctm01/datasets/public/Oxford102Flowers/jpg/image_00237.jpg,image_00237.jpg,23.484386444091797
237,/nas-ctm01/datasets/public/Oxford102Flowers/jpg/image_00238.jpg,image_00238.jpg,24.17267417907715
238,/nas-ctm01/datasets/public/Oxford102Flowers/jpg/image_00239.jpg,image_00239.jpg,24.151504516601562
239,/nas-ctm01/datasets/public/Oxford102Flowers/jpg/image_00240.jpg,image_00240.jpg,24.027936935424805
240,/nas-ctm01/datasets/public/Oxford102Flowers/jpg/image_00241.jpg,image_00241.jpg,23.678691864013672
241,/nas-ctm01/datasets/public/Oxford102Flowers/jpg/image_00242.jpg,image_00242.jpg,24.050758361816406
242,/nas-ctm01/datasets/public/Oxford102Flowers/jpg/image_00243.jpg,image_00243.jpg,22.80510711669922
243,/nas-ctm01/datasets/public/Oxford102Flowers/jpg/image_00244.jpg,image_00244.jpg,22.317428588867188
244,/nas-ctm01/datasets/public/Oxford102Flowers/jpg/image_00245.jpg,image_00245.jpg,23.947309494018555
245,/nas-ctm01/datasets/public/Oxford102Flowers/jpg/image_00246.jpg,image_00246.jpg,24.229398727416992
246,/nas-ctm01/datasets/public/Oxford102Flowers/jpg/image_00247.jpg,image_00247.jpg,24.175212860107422
247,/nas-ctm01/datasets/public/Oxford102Flowers/jpg/image_00248.jpg,image_00248.jpg,23.649293899536133
248,/nas-ctm01/datasets/public/Oxford102Flowers/jpg/image_00249.jpg,image_00249.jpg,23.484907150268555
249,/nas-ctm01/datasets/public/Oxford102Flowers/jpg/image_00250.jpg,image_00250.jpg,24.153221130371094
250,/nas-ctm01/datasets/public/Oxford102Flowers/jpg/image_00251.jpg,image_00251.jpg,24.22119140625
251,/nas-ctm01/datasets/public/Oxford102Flowers/jpg/image_00252.jpg,image_00252.jpg,22.8740234375
252,/nas-ctm01/datasets/public/Oxford102Flowers/jpg/image_00253.jpg,image_00253.jpg,23.334442138671875
253,/nas-ctm01/datasets/public/Oxford102Flowers/jpg/image_00254.jpg,image_00254.jpg,22.98124885559082
254,/nas-ctm01/datasets/public/Oxford102Flowers/jpg/image_00255.jpg,image_00255.jpg,22.991058349609375
255,/nas-ctm01/datasets/public/Oxford102Flowers/jpg/image_00256.jpg,image_00256.jpg,23.191850662231445
256,/nas-ctm01/datasets/public/Oxford102Flowers/jpg/image_00257.jpg,image_00257.jpg,23.250032424926758
257,/nas-ctm01/datasets/public/Oxford102Flowers/jpg/image_00258.jpg,image_00258.jpg,22.870620727539062
258,/nas-ctm01/datasets/public/Oxford102Flowers/jpg/image_00259.jpg,image_00259.jpg,23.101194381713867
259,/nas-ctm01/datasets/public/Oxford102Flowers/jpg/image_00260.jpg,image_00260.jpg,23.300798416137695
260,/nas-ctm01/datasets/public/Oxford102Flowers/jpg/image_00261.jpg,image_00261.jpg,22.947532653808594
261,/nas-ctm01/datasets/public/Oxford102Flowers/jpg/image_00262.jpg,image_00262.jpg,23.235218048095703
262,/nas-ctm01/datasets/public/Oxford102Flowers/jpg/image_00263.jpg,image_00263.jpg,23.06464195251465
263,/nas-ctm01/datasets/public/Oxford102Flowers/jpg/image_00264.jpg,image_00264.jpg,23.215576171875
264,/nas-ctm01/datasets/public/Oxford102Flowers/jpg/image_00265.jpg,image_00265.jpg,22.9150447845459
265,/nas-ctm01/datasets/public/Oxford102Flowers/jpg/image_00266.jpg,image_00266.jpg,23.422698974609375
266,/nas-ctm01/datasets/public/Oxford102Flowers/jpg/image_00267.jpg,image_00267.jpg,22.597806930541992
267,/nas-ctm01/datasets/public/Oxford102Flowers/jpg/image_00268.jpg,image_00268.jpg,22.08485984802246
268,/nas-ctm01/datasets/public/Oxford102Flowers/jpg/image_00269.jpg,image_00269.jpg,23.10418128967285
269,/nas-ctm01/datasets/public/Oxford102Flowers/jpg/image_00270.jpg,image_00270.jpg,22.718524932861328
270,/nas-ctm01/datasets/public/Oxford102Flowers/jpg/image_00271.jpg,image_00271.jpg,20.85511589050293
271,/nas-ctm01/datasets/public/Oxford102Flowers/jpg/image_00272.jpg,image_00272.jpg,23.476694107055664
272,/nas-ctm01/datasets/public/Oxford102Flowers/jpg/image_00273.jpg,image_00273.jpg,23.12242317199707
273,/nas-ctm01/datasets/public/Oxford102Flowers/jpg/image_00274.jpg,image_00274.jpg,22.605009078979492
274,/nas-ctm01/datasets/public/Oxford102Flowers/jpg/image_00275.jpg,image_00275.jpg,21.90200424194336
275,/nas-ctm01/datasets/public/Oxford102Flowers/jpg/image_00276.jpg,image_00276.jpg,22.372154235839844
276,/nas-ctm01/datasets/public/Oxford102Flowers/jpg/image_00277.jpg,image_00277.jpg,22.952503204345703
277,/nas-ctm01/datasets/public/Oxford102Flowers/jpg/image_00278.jpg,image_00278.jpg,21.912416458129883
278,/nas-ctm01/datasets/public/Oxford102Flowers/jpg/image_00279.jpg,image_00279.jpg,22.11093521118164
279,/nas-ctm01/datasets/public/Oxford102Flowers/jpg/image_00280.jpg,image_00280.jpg,22.975008010864258
280,/nas-ctm01/datasets/public/Oxford102Flowers/jpg/image_00281.jpg,image_00281.jpg,23.246219635009766
281,/nas-ctm01/datasets/public/Oxford102Flowers/jpg/image_00282.jpg,image_00282.jpg,22.260135650634766
282,/nas-ctm01/datasets/public/Oxford102Flowers/jpg/image_00283.jpg,image_00283.jpg,21.757783889770508
283,/nas-ctm01/datasets/public/Oxford102Flowers/jpg/image_00284.jpg,image_00284.jpg,23.064863204956055
284,/nas-ctm01/datasets/public/Oxford102Flowers/jpg/image_00285.jpg,image_00285.jpg,22.57509422302246
285,/nas-ctm01/datasets/public/Oxford102Flowers/jpg/image_00286.jpg,image_00286.jpg,22.764707565307617
286,/nas-ctm01/datasets/public/Oxford102Flowers/jpg/image_00287.jpg,image_00287.jpg,23.01759910583496
287,/nas-ctm01/datasets/public/Oxford102Flowers/jpg/image_00288.jpg,image_00288.jpg,22.554235458374023
288,/nas-ctm01/datasets/public/Oxford102Flowers/jpg/image_00289.jpg,image_00289.jpg,23.479005813598633
289,/nas-ctm01/datasets/public/Oxford102Flowers/jpg/image_00290.jpg,image_00290.jpg,22.888442993164062
290,/nas-ctm01/datasets/public/Oxford102Flowers/jpg/image_00291.jpg,image_00291.jpg,23.085634231567383
291,/nas-ctm01/datasets/public/Oxford102Flowers/jpg/image_00292.jpg,image_00292.jpg,23.345314025878906
292,/nas-ctm01/datasets/public/Oxford102Flowers/jpg/image_00293.jpg,image_00293.jpg,22.91551399230957
293,/nas-ctm01/datasets/public/Oxford102Flowers/jpg/image_00294.jpg,image_00294.jpg,22.96487045288086
294,/nas-ctm01/datasets/public/Oxford102Flowers/jpg/image_00295.jpg,image_00295.jpg,23.084346771240234
295,/nas-ctm01/datasets/public/Oxford102Flowers/jpg/image_00296.jpg,image_00296.jpg,22.696836471557617
296,/nas-ctm01/datasets/public/Oxford102Flowers/jpg/image_00297.jpg,image_00297.jpg,22.4759578704834
297,/nas-ctm01/datasets/public/Oxford102Flowers/jpg/image_00298.jpg,image_00298.jpg,23.0318546295166
298,/nas-ctm01/datasets/public/Oxford102Flowers/jpg/image_00299.jpg,image_00299.jpg,23.1090087890625
299,/nas-ctm01/datasets/public/Oxford102Flowers/jpg/image_00300.jpg,image_00300.jpg,22.45517921447754
300,/nas-ctm01/datasets/public/Oxford102Flowers/jpg/image_00301.jpg,image_00301.jpg,22.7224063873291
301,/nas-ctm01/datasets/public/Oxford102Flowers/jpg/image_00302.jpg,image_00302.jpg,23.079303741455078
302,/nas-ctm01/datasets/public/Oxford102Flowers/jpg/image_00303.jpg,image_00303.jpg,22.856708526611328
303,/nas-ctm01/datasets/public/Oxford102Flowers/jpg/image_00304.jpg,image_00304.jpg,23.755704879760742
304,/nas-ctm01/datasets/public/Oxford102Flowers/jpg/image_00305.jpg,image_00305.jpg,22.647632598876953
305,/nas-ctm01/datasets/public/Oxford102Flowers/jpg/image_00306.jpg,image_00306.jpg,21.89253807067871
306,/nas-ctm01/datasets/public/Oxford102Flowers/jpg/image_00307.jpg,image_00307.jpg,22.678829193115234
307,/nas-ctm01/datasets/public/Oxford102Flowers/jpg/image_00308.jpg,image_00308.jpg,22.639827728271484
308,/nas-ctm01/datasets/public/Oxford102Flowers/jpg/image_00309.jpg,image_00309.jpg,22.557294845581055
309,/nas-ctm01/datasets/public/Oxford102Flowers/jpg/image_00310.jpg,image_00310.jpg,23.15694808959961
310,/nas-ctm01/datasets/public/Oxford102Flowers/jpg/image_00311.jpg,image_00311.jpg,22.72706413269043
311,/nas-ctm01/datasets/public/Oxford102Flowers/jpg/image_00312.jpg,image_00312.jpg,23.512096405029297
312,/nas-ctm01/datasets/public/Oxford102Flowers/jpg/image_00313.jpg,image_00313.jpg,22.47749900817871
313,/nas-ctm01/datasets/public/Oxford102Flowers/jpg/image_00314.jpg,image_00314.jpg,23.10102081298828
314,/nas-ctm01/datasets/public/Oxford102Flowers/jpg/image_00315.jpg,image_00315.jpg,22.629928588867188
315,/nas-ctm01/datasets/public/Oxford102Flowers/jpg/image_00316.jpg,image_00316.jpg,23.008577346801758
316,/nas-ctm01/datasets/public/Oxford102Flowers/jpg/image_00317.jpg,image_00317.jpg,23.26964569091797
317,/nas-ctm01/datasets/public/Oxford102Flowers/jpg/image_00318.jpg,image_00318.jpg,22.67601203918457
318,/nas-ctm01/datasets/public/Oxford102Flowers/jpg/image_00319.jpg,image_00319.jpg,22.993104934692383
319,/nas-ctm01/datasets/public/Oxford102Flowers/jpg/image_00320.jpg,image_00320.jpg,23.556562423706055
320,/nas-ctm01/datasets/public/Oxford102Flowers/jpg/image_00321.jpg,image_00321.jpg,23.066469192504883
321,/nas-ctm01/datasets/public/Oxford102Flowers/jpg/image_00322.jpg,image_00322.jpg,22.625471115112305
322,/nas-ctm01/datasets/public/Oxford102Flowers/jpg/image_00323.jpg,image_00323.jpg,22.637765884399414
323,/nas-ctm01/datasets/public/Oxford102Flowers/jpg/image_00324.jpg,image_00324.jpg,23.631423950195312
324,/nas-ctm01/datasets/public/Oxford102Flowers/jpg/image_00325.jpg,image_00325.jpg,22.365955352783203
325,/nas-ctm01/datasets/public/Oxford102Flowers/jpg/image_00326.jpg,image_00326.jpg,22.573562622070312
326,/nas-ctm01/datasets/public/Oxford102Flowers/jpg/image_00327.jpg,image_00327.jpg,22.53250503540039
327,/nas-ctm01/datasets/public/Oxford102Flowers/jpg/image_00328.jpg,image_00328.jpg,22.260513305664062
328,/nas-ctm01/datasets/public/Oxford102Flowers/jpg/image_00329.jpg,image_00329.jpg,23.449968338012695
329,/nas-ctm01/datasets/public/Oxford102Flowers/jpg/image_00330.jpg,image_00330.jpg,22.17316246032715
330,/nas-ctm01/datasets/public/Oxford102Flowers/jpg/image_00331.jpg,image_00331.jpg,23.10788345336914
331,/nas-ctm01/datasets/public/Oxford102Flowers/jpg/image_00332.jpg,image_00332.jpg,22.478593826293945
332,/nas-ctm01/datasets/public/Oxford102Flowers/jpg/image_00333.jpg,image_00333.jpg,23.62900161743164
333,/nas-ctm01/datasets/public/Oxford102Flowers/jpg/image_00334.jpg,image_00334.jpg,22.301889419555664
334,/nas-ctm01/datasets/public/Oxford102Flowers/jpg/image_00335.jpg,image_00335.jpg,23.193777084350586
335,/nas-ctm01/datasets/public/Oxford102Flowers/jpg/image_00336.jpg,image_00336.jpg,22.80660057067871
336,/nas-ctm01/datasets/public/Oxford102Flowers/jpg/image_00337.jpg,image_00337.jpg,22.37939453125
337,/nas-ctm01/datasets/public/Oxford102Flowers/jpg/image_00338.jpg,image_00338.jpg,21.65591812133789
338,/nas-ctm01/datasets/public/Oxford102Flowers/jpg/image_00339.jpg,image_00339.jpg,22.76315689086914
339,/nas-ctm01/datasets/public/Oxford102Flowers/jpg/image_00340.jpg,image_00340.jpg,22.9471435546875
340,/nas-ctm01/datasets/public/Oxford102Flowers/jpg/image_00341.jpg,image_00341.jpg,22.7097225189209
341,/nas-ctm01/datasets/public/Oxford102Flowers/jpg/image_00342.jpg,image_00342.jpg,22.556344985961914
342,/nas-ctm01/datasets/public/Oxford102Flowers/jpg/image_00343.jpg,image_00343.jpg,22.791257858276367
343,/nas-ctm01/datasets/public/Oxford102Flowers/jpg/image_00344.jpg,image_00344.jpg,22.72861671447754
344,/nas-ctm01/datasets/public/Oxford102Flowers/jpg/image_00345.jpg,image_00345.jpg,22.768766403198242
345,/nas-ctm01/datasets/public/Oxford102Flowers/jpg/image_00346.jpg,image_00346.jpg,23.244670867919922
346,/nas-ctm01/datasets/public/Oxford102Flowers/jpg/image_00347.jpg,image_00347.jpg,23.10338592529297
347,/nas-ctm01/datasets/public/Oxford102Flowers/jpg/image_00348.jpg,image_00348.jpg,22.807979583740234
348,/nas-ctm01/datasets/public/Oxford102Flowers/jpg/image_00349.jpg,image_00349.jpg,23.206457138061523
349,/nas-ctm01/datasets/public/Oxford102Flowers/jpg/image_00350.jpg,image_00350.jpg,21.866910934448242
350,/nas-ctm01/datasets/public/Oxford102Flowers/jpg/image_00351.jpg,image_00351.jpg,22.792810440063477
351,/nas-ctm01/datasets/public/Oxford102Flowers/jpg/image_00352.jpg,image_00352.jpg,22.336545944213867
352,/nas-ctm01/datasets/public/Oxford102Flowers/jpg/image_00353.jpg,image_00353.jpg,23.63763999938965
353,/nas-ctm01/datasets/public/Oxford102Flowers/jpg/image_00354.jpg,image_00354.jpg,22.95070457458496
354,/nas-ctm01/datasets/public/Oxford102Flowers/jpg/image_00355.jpg,image_00355.jpg,23.138904571533203
355,/nas-ctm01/datasets/public/Oxford102Flowers/jpg/image_00356.jpg,image_00356.jpg,22.770263671875
356,/nas-ctm01/datasets/public/Oxford102Flowers/jpg/image_00357.jpg,image_00357.jpg,23.287540435791016
357,/nas-ctm01/datasets/public/Oxford102Flowers/jpg/image_00358.jpg,image_00358.jpg,22.85514259338379
358,/nas-ctm01/datasets/public/Oxford102Flowers/jpg/image_00359.jpg,image_00359.jpg,23.240142822265625
359,/nas-ctm01/datasets/public/Oxford102Flowers/jpg/image_00360.jpg,image_00360.jpg,22.72565269470215
360,/nas-ctm01/datasets/public/Oxford102Flowers/jpg/image_00361.jpg,image_00361.jpg,23.174938201904297
361,/nas-ctm01/datasets/public/Oxford102Flowers/jpg/image_00362.jpg,image_00362.jpg,22.680233001708984
362,/nas-ctm01/datasets/public/Oxford102Flowers/jpg/image_00363.jpg,image_00363.jpg,22.715044021606445
363,/nas-ctm01/datasets/public/Oxford102Flowers/jpg/image_00364.jpg,image_00364.jpg,23.382673263549805
364,/nas-ctm01/datasets/public/Oxford102Flowers/jpg/image_00365.jpg,image_00365.jpg,22.25324821472168
365,/nas-ctm01/datasets/public/Oxford102Flowers/jpg/image_00366.jpg,image_00366.jpg,23.660812377929688
366,/nas-ctm01/datasets/public/Oxford102Flowers/jpg/image_00367.jpg,image_00367.jpg,22.810380935668945
367,/nas-ctm01/datasets/public/Oxford102Flowers/jpg/image_00368.jpg,image_00368.jpg,22.73637580871582
368,/nas-ctm01/datasets/public/Oxford102Flowers/jpg/image_00369.jpg,image_00369.jpg,23.356046676635742
369,/nas-ctm01/datasets/public/Oxford102Flowers/jpg/image_00370.jpg,image_00370.jpg,22.354785919189453
370,/nas-ctm01/datasets/public/Oxford102Flowers/jpg/image_00371.jpg,image_00371.jpg,23.56688690185547
371,/nas-ctm01/datasets/public/Oxford102Flowers/jpg/image_00372.jpg,image_00372.jpg,22.49282455444336
372,/nas-ctm01/datasets/public/Oxford102Flowers/jpg/image_00373.jpg,image_00373.jpg,23.08652687072754
373,/nas-ctm01/datasets/public/Oxford102Flowers/jpg/image_00374.jpg,image_00374.jpg,22.987823486328125
374,/nas-ctm01/datasets/public/Oxford102Flowers/jpg/image_00375.jpg,image_00375.jpg,23.182050704956055
375,/nas-ctm01/datasets/public/Oxford102Flowers/jpg/image_00376.jpg,image_00376.jpg,23.18926429748535
376,/nas-ctm01/datasets/public/Oxford102Flowers/jpg/image_00377.jpg,image_00377.jpg,22.01523780822754
377,/nas-ctm01/datasets/public/Oxford102Flowers/jpg/image_00378.jpg,image_00378.jpg,22.967708587646484
378,/nas-ctm01/datasets/public/Oxford102Flowers/jpg/image_00379.jpg,image_00379.jpg,23.031904220581055
379,/nas-ctm01/datasets/public/Oxford102Flowers/jpg/image_00380.jpg,image_00380.jpg,23.67629623413086
380,/nas-ctm01/datasets/public/Oxford102Flowers/jpg/image_00381.jpg,image_00381.jpg,22.45090103149414
381,/nas-ctm01/datasets/public/Oxford102Flowers/jpg/image_00382.jpg,image_00382.jpg,23.057687759399414
382,/nas-ctm01/datasets/public/Oxford102Flowers/jpg/image_00383.jpg,image_00383.jpg,23.6756649017334
383,/nas-ctm01/datasets/public/Oxford102Flowers/jpg/image_00384.jpg,image_00384.jpg,22.753414154052734
384,/nas-ctm01/datasets/public/Oxford102Flowers/jpg/image_00385.jpg,image_00385.jpg,23.045581817626953
385,/nas-ctm01/datasets/public/Oxford102Flowers/jpg/image_00386.jpg,image_00386.jpg,23.070825576782227
386,/nas-ctm01/datasets/public/Oxford102Flowers/jpg/image_00387.jpg,image_00387.jpg,22.86052894592285
387,/nas-ctm01/datasets/public/Oxford102Flowers/jpg/image_00388.jpg,image_00388.jpg,22.35391616821289
388,/nas-ctm01/datasets/public/Oxford102Flowers/jpg/image_00389.jpg,image_00389.jpg,23.716331481933594
389,/nas-ctm01/datasets/public/Oxford102Flowers/jpg/image_00390.jpg,image_00390.jpg,22.401622772216797
390,/nas-ctm01/datasets/public/Oxford102Flowers/jpg/image_00391.jpg,image_00391.jpg,23.06319236755371
391,/nas-ctm01/datasets/public/Oxford102Flowers/jpg/image_00392.jpg,image_00392.jpg,23.51023292541504
392,/nas-ctm01/datasets/public/Oxford102Flowers/jpg/image_00393.jpg,image_00393.jpg,21.61604881286621
393,/nas-ctm01/datasets/public/Oxford102Flowers/jpg/image_00394.jpg,image_00394.jpg,22.80154800415039
394,/nas-ctm01/datasets/public/Oxford102Flowers/jpg/image_00395.jpg,image_00395.jpg,21.973487854003906
395,/nas-ctm01/datasets/public/Oxford102Flowers/jpg/image_00396.jpg,image_00396.jpg,22.706295013427734
396,/nas-ctm01/datasets/public/Oxford102Flowers/jpg/image_00397.jpg,image_00397.jpg,22.79840850830078
397,/nas-ctm01/datasets/public/Oxford102Flowers/jpg/image_00398.jpg,image_00398.jpg,22.862186431884766
398,/nas-ctm01/datasets/public/Oxford102Flowers/jpg/image_00399.jpg,image_00399.jpg,22.793251037597656
399,/nas-ctm01/datasets/public/Oxford102Flowers/jpg/image_00400.jpg,image_00400.jpg,22.755640029907227
400,/nas-ctm01/datasets/public/Oxford102Flowers/jpg/image_00401.jpg,image_00401.jpg,22.95711898803711
401,/nas-ctm01/datasets/public/Oxford102Flowers/jpg/image_00402.jpg,image_00402.jpg,22.66992950439453
402,/nas-ctm01/datasets/public/Oxford102Flowers/jpg/image_00403.jpg,image_00403.jpg,23.645009994506836
403,/nas-ctm01/datasets/public/Oxford102Flowers/jpg/image_00404.jpg,image_00404.jpg,22.51848030090332
404,/nas-ctm01/datasets/public/Oxford102Flowers/jpg/image_00405.jpg,image_00405.jpg,22.952800750732422
405,/nas-ctm01/datasets/public/Oxford102Flowers/jpg/image_00406.jpg,image_00406.jpg,22.909082412719727
406,/nas-ctm01/datasets/public/Oxford102Flowers/jpg/image_00407.jpg,image_00407.jpg,22.678890228271484
407,/nas-ctm01/datasets/public/Oxford102Flowers/jpg/image_00408.jpg,image_00408.jpg,23.712265014648438
408,/nas-ctm01/datasets/public/Oxford102Flowers/jpg/image_00409.jpg,image_00409.jpg,22.76323127746582
409,/nas-ctm01/datasets/public/Oxford102Flowers/jpg/image_00410.jpg,image_00410.jpg,23.32450294494629
410,/nas-ctm01/datasets/public/Oxford102Flowers/jpg/image_00411.jpg,image_00411.jpg,22.882339477539062
411,/nas-ctm01/datasets/public/Oxford102Flowers/jpg/image_00412.jpg,image_00412.jpg,23.460918426513672
412,/nas-ctm01/datasets/public/Oxford102Flowers/jpg/image_00413.jpg,image_00413.jpg,22.819419860839844
413,/nas-ctm01/datasets/public/Oxford102Flowers/jpg/image_00414.jpg,image_00414.jpg,22.620737075805664
414,/nas-ctm01/datasets/public/Oxford102Flowers/jpg/image_00415.jpg,image_00415.jpg,22.579797744750977
415,/nas-ctm01/datasets/public/Oxford102Flowers/jpg/image_00416.jpg,image_00416.jpg,22.785890579223633
416,/nas-ctm01/datasets/public/Oxford102Flowers/jpg/image_00417.jpg,image_00417.jpg,22.139440536499023
417,/nas-ctm01/datasets/public/Oxford102Flowers/jpg/image_00418.jpg,image_00418.jpg,22.82075309753418
418,/nas-ctm01/datasets/public/Oxford102Flowers/jpg/image_00419.jpg,image_00419.jpg,22.451913833618164
419,/nas-ctm01/datasets/public/Oxford102Flowers/jpg/image_00420.jpg,image_00420.jpg,23.675193786621094
420,/nas-ctm01/datasets/public/Oxford102Flowers/jpg/image_00421.jpg,image_00421.jpg,22.439437866210938
421,/nas-ctm01/datasets/public/Oxford102Flowers/jpg/image_00422.jpg,image_00422.jpg,23.466602325439453
422,/nas-ctm01/datasets/public/Oxford102Flowers/jpg/image_00423.jpg,image_00423.jpg,22.666797637939453
423,/nas-ctm01/datasets/public/Oxford102Flowers/jpg/image_00424.jpg,image_00424.jpg,23.361238479614258
424,/nas-ctm01/datasets/public/Oxford102Flowers/jpg/image_00425.jpg,image_00425.jpg,22.442956924438477
425,/nas-ctm01/datasets/public/Oxford102Flowers/jpg/image_00426.jpg,image_00426.jpg,22.63559341430664
426,/nas-ctm01/datasets/public/Oxford102Flowers/jpg/image_00427.jpg,image_00427.jpg,22.79523468017578
427,/nas-ctm01/datasets/public/Oxford102Flowers/jpg/image_00428.jpg,image_00428.jpg,22.80660057067871
428,/nas-ctm01/datasets/public/Oxford102Flowers/jpg/image_00429.jpg,image_00429.jpg,22.64299964904785
429,/nas-ctm01/datasets/public/Oxford102Flowers/jpg/image_00430.jpg,image_00430.jpg,22.933042526245117
430,/nas-ctm01/datasets/public/Oxford102Flowers/jpg/image_00431.jpg,image_00431.jpg,23.527280807495117
431,/nas-ctm01/datasets/public/Oxford102Flowers/jpg/image_00432.jpg,image_00432.jpg,22.65757179260254
432,/nas-ctm01/datasets/public/Oxford102Flowers/jpg/image_00433.jpg,image_00433.jpg,22.725948333740234
433,/nas-ctm01/datasets/public/Oxford102Flowers/jpg/image_00434.jpg,image_00434.jpg,22.87897300720215
434,/nas-ctm01/datasets/public/Oxford102Flowers/jpg/image_00435.jpg,image_00435.jpg,23.255615234375
435,/nas-ctm01/datasets/public/Oxford102Flowers/jpg/image_00436.jpg,image_00436.jpg,22.951807022094727
436,/nas-ctm01/datasets/public/Oxford102Flowers/jpg/image_00437.jpg,image_00437.jpg,22.829370498657227
437,/nas-ctm01/datasets/public/Oxford102Flowers/jpg/image_00438.jpg,image_00438.jpg,22.863758087158203
438,/nas-ctm01/datasets/public/Oxford102Flowers/jpg/image_00439.jpg,image_00439.jpg,22.77336311340332
439,/nas-ctm01/datasets/public/Oxford102Flowers/jpg/image_00440.jpg,image_00440.jpg,22.902862548828125
440,/nas-ctm01/datasets/public/Oxford102Flowers/jpg/image_00441.jpg,image_00441.jpg,23.116086959838867
441,/nas-ctm01/datasets/public/Oxford102Flowers/jpg/image_00442.jpg,image_00442.jpg,22.948307037353516
442,/nas-ctm01/datasets/public/Oxford102Flowers/jpg/image_00443.jpg,image_00443.jpg,22.349641799926758
443,/nas-ctm01/datasets/public/Oxford102Flowers/jpg/image_00444.jpg,image_00444.jpg,23.081871032714844
444,/nas-ctm01/datasets/public/Oxford102Flowers/jpg/image_00445.jpg,image_00445.jpg,22.67923927307129
445,/nas-ctm01/datasets/public/Oxford102Flowers/jpg/image_00446.jpg,image_00446.jpg,21.726741790771484
446,/nas-ctm01/datasets/public/Oxford102Flowers/jpg/image_00447.jpg,image_00447.jpg,22.243867874145508
447,/nas-ctm01/datasets/public/Oxford102Flowers/jpg/image_00448.jpg,image_00448.jpg,21.124553680419922
448,/nas-ctm01/datasets/public/Oxford102Flowers/jpg/image_00449.jpg,image_00449.jpg,22.750946044921875
449,/nas-ctm01/datasets/public/Oxford102Flowers/jpg/image_00450.jpg,image_00450.jpg,21.5410099029541
450,/nas-ctm01/datasets/public/Oxford102Flowers/jpg/image_00451.jpg,image_00451.jpg,21.613920211791992
451,/nas-ctm01/datasets/public/Oxford102Flowers/jpg/image_00452.jpg,image_00452.jpg,23.27783966064453
452,/nas-ctm01/datasets/public/Oxford102Flowers/jpg/image_00453.jpg,image_00453.jpg,22.144676208496094
453,/nas-ctm01/datasets/public/Oxford102Flowers/jpg/image_00454.jpg,image_00454.jpg,21.28861427307129
454,/nas-ctm01/datasets/public/Oxford102Flowers/jpg/image_00455.jpg,image_00455.jpg,22.100568771362305
455,/nas-ctm01/datasets/public/Oxford102Flowers/jpg/image_00456.jpg,image_00456.jpg,21.371633529663086
456,/nas-ctm01/datasets/public/Oxford102Flowers/jpg/image_00457.jpg,image_00457.jpg,21.778697967529297
457,/nas-ctm01/datasets/public/Oxford102Flowers/jpg/image_00458.jpg,image_00458.jpg,21.07563018798828
458,/nas-ctm01/datasets/public/Oxford102Flowers/jpg/image_00459.jpg,image_00459.jpg,21.43732261657715
459,/nas-ctm01/datasets/public/Oxford102Flowers/jpg/image_00460.jpg,image_00460.jpg,21.577125549316406
460,/nas-ctm01/datasets/public/Oxford102Flowers/jpg/image_00461.jpg,image_00461.jpg,23.08180046081543
461,/nas-ctm01/datasets/public/Oxford102Flowers/jpg/image_00462.jpg,image_00462.jpg,21.959388732910156
462,/nas-ctm01/datasets/public/Oxford102Flowers/jpg/image_00463.jpg,image_00463.jpg,20.745439529418945
463,/nas-ctm01/datasets/public/Oxford102Flowers/jpg/image_00464.jpg,image_00464.jpg,22.15764617919922
464,/nas-ctm01/datasets/public/Oxford102Flowers/jpg/image_00465.jpg,image_00465.jpg,21.209348678588867
465,/nas-ctm01/datasets/public/Oxford102Flowers/jpg/image_00466.jpg,image_00466.jpg,21.7789363861084
466,/nas-ctm01/datasets/public/Oxford102Flowers/jpg/image_00467.jpg,image_00467.jpg,21.777210235595703
467,/nas-ctm01/datasets/public/Oxford102Flowers/jpg/image_00468.jpg,image_00468.jpg,22.905263900756836
468,/nas-ctm01/datasets/public/Oxford102Flowers/jpg/image_00469.jpg,image_00469.jpg,22.327762603759766
469,/nas-ctm01/datasets/public/Oxford102Flowers/jpg/image_00470.jpg,image_00470.jpg,22.722362518310547
470,/nas-ctm01/datasets/public/Oxford102Flowers/jpg/image_00471.jpg,image_00471.jpg,22.219655990600586
471,/nas-ctm01/datasets/public/Oxford102Flowers/jpg/image_00472.jpg,image_00472.jpg,21.498014450073242
472,/nas-ctm01/datasets/public/Oxford102Flowers/jpg/image_00473.jpg,image_00473.jpg,23.005481719970703
473,/nas-ctm01/datasets/public/Oxford102Flowers/jpg/image_00474.jpg,image_00474.jpg,22.759967803955078
474,/nas-ctm01/datasets/public/Oxford102Flowers/jpg/image_00475.jpg,image_00475.jpg,24.08177947998047
475,/nas-ctm01/datasets/public/Oxford102Flowers/jpg/image_00476.jpg,image_00476.jpg,23.53277587890625
476,/nas-ctm01/datasets/public/Oxford102Flowers/jpg/image_00477.jpg,image_00477.jpg,23.298828125
477,/nas-ctm01/datasets/public/Oxford102Flowers/jpg/image_00478.jpg,image_00478.jpg,22.361236572265625
478,/nas-ctm01/datasets/public/Oxford102Flowers/jpg/image_00479.jpg,image_00479.jpg,21.0968017578125
479,/nas-ctm01/datasets/public/Oxford102Flowers/jpg/image_00480.jpg,image_00480.jpg,20.82280731201172
480,/nas-ctm01/datasets/public/Oxford102Flowers/jpg/image_00481.jpg,image_00481.jpg,23.330076217651367
481,/nas-ctm01/datasets/public/Oxford102Flowers/jpg/image_00482.jpg,image_00482.jpg,23.1335506439209
482,/nas-ctm01/datasets/public/Oxford102Flowers/jpg/image_00483.jpg,image_00483.jpg,23.233192443847656
483,/nas-ctm01/datasets/public/Oxford102Flowers/jpg/image_00484.jpg,image_00484.jpg,21.598445892333984
484,/nas-ctm01/datasets/public/Oxford102Flowers/jpg/image_00485.jpg,image_00485.jpg,22.156652450561523
485,/nas-ctm01/datasets/public/Oxford102Flowers/jpg/image_00486.jpg,image_00486.jpg,21.563791275024414
486,/nas-ctm01/datasets/public/Oxford102Flowers/jpg/image_00487.jpg,image_00487.jpg,20.694053649902344
487,/nas-ctm01/datasets/public/Oxford102Flowers/jpg/image_00488.jpg,image_00488.jpg,22.265512466430664
488,/nas-ctm01/datasets/public/Oxford102Flowers/jpg/image_00489.jpg,image_00489.jpg,23.936098098754883
489,/nas-ctm01/datasets/public/Oxford102Flowers/jpg/image_00490.jpg,image_00490.jpg,21.065753936767578
490,/nas-ctm01/datasets/public/Oxford102Flowers/jpg/image_00491.jpg,image_00491.jpg,21.262983322143555
491,/nas-ctm01/datasets/public/Oxford102Flowers/jpg/image_00492.jpg,image_00492.jpg,21.114870071411133
492,/nas-ctm01/datasets/public/Oxford102Flowers/jpg/image_00493.jpg,image_00493.jpg,22.72870635986328
493,/nas-ctm01/datasets/public/Oxford102Flowers/jpg/image_00494.jpg,image_00494.jpg,21.575639724731445
494,/nas-ctm01/datasets/public/Oxford102Flowers/jpg/image_00495.jpg,image_00495.jpg,21.409156799316406
495,/nas-ctm01/datasets/public/Oxford102Flowers/jpg/image_00496.jpg,image_00496.jpg,21.064605712890625
496,/nas-ctm01/datasets/public/Oxford102Flowers/jpg/image_00497.jpg,image_00497.jpg,22.44366455078125
497,/nas-ctm01/datasets/public/Oxford102Flowers/jpg/image_00498.jpg,image_00498.jpg,20.450862884521484
498,/nas-ctm01/datasets/public/Oxford102Flowers/jpg/image_00499.jpg,image_00499.jpg,20.893436431884766
499,/nas-ctm01/datasets/public/Oxford102Flowers/jpg/image_00500.jpg,image_00500.jpg,21.12458038330078
500,/nas-ctm01/datasets/public/Oxford102Flowers/jpg/image_00501.jpg,image_00501.jpg,22.631103515625
501,/nas-ctm01/datasets/public/Oxford102Flowers/jpg/image_00502.jpg,image_00502.jpg,20.64021110534668
502,/nas-ctm01/datasets/public/Oxford102Flowers/jpg/image_00503.jpg,image_00503.jpg,21.964885711669922
503,/nas-ctm01/datasets/public/Oxford102Flowers/jpg/image_00504.jpg,image_00504.jpg,22.71506118774414
504,/nas-ctm01/datasets/public/Oxford102Flowers/jpg/image_00505.jpg,image_00505.jpg,22.71687126159668
505,/nas-ctm01/datasets/public/Oxford102Flowers/jpg/image_00506.jpg,image_00506.jpg,20.653121948242188
506,/nas-ctm01/datasets/public/Oxford102Flowers/jpg/image_00507.jpg,image_00507.jpg,21.58830451965332
507,/nas-ctm01/datasets/public/Oxford102Flowers/jpg/image_00508.jpg,image_00508.jpg,22.682151794433594
508,/nas-ctm01/datasets/public/Oxford102Flowers/jpg/image_00509.jpg,image_00509.jpg,21.7672119140625
509,/nas-ctm01/datasets/public/Oxford102Flowers/jpg/image_00510.jpg,image_00510.jpg,21.96847915649414
510,/nas-ctm01/datasets/public/Oxford102Flowers/jpg/image_00511.jpg,image_00511.jpg,24.38652992248535
511,/nas-ctm01/datasets/public/Oxford102Flowers/jpg/image_00512.jpg,image_00512.jpg,22.393495559692383
512,/nas-ctm01/datasets/public/Oxford102Flowers/jpg/image_00513.jpg,image_00513.jpg,21.40843963623047
513,/nas-ctm01/datasets/public/Oxford102Flowers/jpg/image_00514.jpg,image_00514.jpg,20.90966033935547
514,/nas-ctm01/datasets/public/Oxford102Flowers/jpg/image_00515.jpg,image_00515.jpg,21.74909019470215
515,/nas-ctm01/datasets/public/Oxford102Flowers/jpg/image_00516.jpg,image_00516.jpg,22.360746383666992
516,/nas-ctm01/datasets/public/Oxford102Flowers/jpg/image_00517.jpg,image_00517.jpg,21.005640029907227
517,/nas-ctm01/datasets/public/Oxford102Flowers/jpg/image_00518.jpg,image_00518.jpg,21.97420883178711
518,/nas-ctm01/datasets/public/Oxford102Flowers/jpg/image_00519.jpg,image_00519.jpg,21.909923553466797
519,/nas-ctm01/datasets/public/Oxford102Flowers/jpg/image_00520.jpg,image_00520.jpg,22.01866340637207
520,/nas-ctm01/datasets/public/Oxford102Flowers/jpg/image_00521.jpg,image_00521.jpg,21.93556022644043
521,/nas-ctm01/datasets/public/Oxford102Flowers/jpg/image_00522.jpg,image_00522.jpg,21.905590057373047
522,/nas-ctm01/datasets/public/Oxford102Flowers/jpg/image_00523.jpg,image_00523.jpg,22.67995834350586
523,/nas-ctm01/datasets/public/Oxford102Flowers/jpg/image_00524.jpg,image_00524.jpg,20.452896118164062
524,/nas-ctm01/datasets/public/Oxford102Flowers/jpg/image_00525.jpg,image_00525.jpg,22.164751052856445
525,/nas-ctm01/datasets/public/Oxford102Flowers/jpg/image_00526.jpg,image_00526.jpg,22.96213150024414
526,/nas-ctm01/datasets/public/Oxford102Flowers/jpg/image_00527.jpg,image_00527.jpg,21.040616989135742
527,/nas-ctm01/datasets/public/Oxford102Flowers/jpg/image_00528.jpg,image_00528.jpg,22.43470573425293
528,/nas-ctm01/datasets/public/Oxford102Flowers/jpg/image_00529.jpg,image_00529.jpg,23.001239776611328
529,/nas-ctm01/datasets/public/Oxford102Flowers/jpg/image_00530.jpg,image_00530.jpg,21.082393646240234
530,/nas-ctm01/datasets/public/Oxford102Flowers/jpg/image_00531.jpg,image_00531.jpg,22.235565185546875
531,/nas-ctm01/datasets/public/Oxford102Flowers/jpg/image_00532.jpg,image_00532.jpg,20.339895248413086
532,/nas-ctm01/datasets/public/Oxford102Flowers/jpg/image_00533.jpg,image_00533.jpg,21.245378494262695
533,/nas-ctm01/datasets/public/Oxford102Flowers/jpg/image_00534.jpg,image_00534.jpg,21.85934829711914
534,/nas-ctm01/datasets/public/Oxford102Flowers/jpg/image_00535.jpg,image_00535.jpg,20.159595489501953
535,/nas-ctm01/datasets/public/Oxford102Flowers/jpg/image_00536.jpg,image_00536.jpg,19.99955940246582
536,/nas-ctm01/datasets/public/Oxford102Flowers/jpg/image_00537.jpg,image_00537.jpg,20.470577239990234
537,/nas-ctm01/datasets/public/Oxford102Flowers/jpg/image_00538.jpg,image_00538.jpg,22.240598678588867
538,/nas-ctm01/datasets/public/Oxford102Flowers/jpg/image_00539.jpg,image_00539.jpg,21.165433883666992
539,/nas-ctm01/datasets/public/Oxford102Flowers/jpg/image_00540.jpg,image_00540.jpg,23.383655548095703
540,/nas-ctm01/datasets/public/Oxford102Flowers/jpg/image_00541.jpg,image_00541.jpg,22.26203155517578
541,/nas-ctm01/datasets/public/Oxford102Flowers/jpg/image_00542.jpg,image_00542.jpg,21.72381591796875
542,/nas-ctm01/datasets/public/Oxford102Flowers/jpg/image_00543.jpg,image_00543.jpg,21.65640640258789
543,/nas-ctm01/datasets/public/Oxford102Flowers/jpg/image_00544.jpg,image_00544.jpg,22.237323760986328
544,/nas-ctm01/datasets/public/Oxford102Flowers/jpg/image_00545.jpg,image_00545.jpg,21.575620651245117
545,/nas-ctm01/datasets/public/Oxford102Flowers/jpg/image_00546.jpg,image_00546.jpg,21.581985473632812
546,/nas-ctm01/datasets/public/Oxford102Flowers/jpg/image_00547.jpg,image_00547.jpg,22.628332138061523
547,/nas-ctm01/datasets/public/Oxford102Flowers/jpg/image_00548.jpg,image_00548.jpg,23.084789276123047
548,/nas-ctm01/datasets/public/Oxford102Flowers/jpg/image_00549.jpg,image_00549.jpg,21.290306091308594
549,/nas-ctm01/datasets/public/Oxford102Flowers/jpg/image_00550.jpg,image_00550.jpg,21.344772338867188
550,/nas-ctm01/datasets/public/Oxford102Flowers/jpg/image_00551.jpg,image_00551.jpg,22.22483253479004
551,/nas-ctm01/datasets/public/Oxford102Flowers/jpg/image_00552.jpg,image_00552.jpg,21.768844604492188
552,/nas-ctm01/datasets/public/Oxford102Flowers/jpg/image_00553.jpg,image_00553.jpg,20.588891983032227
553,/nas-ctm01/datasets/public/Oxford102Flowers/jpg/image_00554.jpg,image_00554.jpg,21.8277645111084
554,/nas-ctm01/datasets/public/Oxford102Flowers/jpg/image_00555.jpg,image_00555.jpg,21.764177322387695
555,/nas-ctm01/datasets/public/Oxford102Flowers/jpg/image_00556.jpg,image_00556.jpg,21.39305877685547
556,/nas-ctm01/datasets/public/Oxford102Flowers/jpg/image_00557.jpg,image_00557.jpg,22.491212844848633
557,/nas-ctm01/datasets/public/Oxford102Flowers/jpg/image_00558.jpg,image_00558.jpg,21.8054256439209
558,/nas-ctm01/datasets/public/Oxford102Flowers/jpg/image_00559.jpg,image_00559.jpg,21.67824363708496
559,/nas-ctm01/datasets/public/Oxford102Flowers/jpg/image_00560.jpg,image_00560.jpg,22.33873748779297
560,/nas-ctm01/datasets/public/Oxford102Flowers/jpg/image_00561.jpg,image_00561.jpg,21.176557540893555
561,/nas-ctm01/datasets/public/Oxford102Flowers/jpg/image_00562.jpg,image_00562.jpg,23.063232421875
562,/nas-ctm01/datasets/public/Oxford102Flowers/jpg/image_00563.jpg,image_00563.jpg,21.205188751220703
563,/nas-ctm01/datasets/public/Oxford102Flowers/jpg/image_00564.jpg,image_00564.jpg,21.846988677978516
564,/nas-ctm01/datasets/public/Oxford102Flowers/jpg/image_00565.jpg,image_00565.jpg,21.35365104675293
565,/nas-ctm01/datasets/public/Oxford102Flowers/jpg/image_00566.jpg,image_00566.jpg,21.58306884765625
566,/nas-ctm01/datasets/public/Oxford102Flowers/jpg/image_00567.jpg,image_00567.jpg,21.904987335205078
567,/nas-ctm01/datasets/public/Oxford102Flowers/jpg/image_00568.jpg,image_00568.jpg,20.75065040588379
568,/nas-ctm01/datasets/public/Oxford102Flowers/jpg/image_00569.jpg,image_00569.jpg,22.790691375732422
569,/nas-ctm01/datasets/public/Oxford102Flowers/jpg/image_00570.jpg,image_00570.jpg,21.736549377441406
570,/nas-ctm01/datasets/public/Oxford102Flowers/jpg/image_00571.jpg,image_00571.jpg,23.268932342529297
571,/nas-ctm01/datasets/public/Oxford102Flowers/jpg/image_00572.jpg,image_00572.jpg,21.123178482055664
572,/nas-ctm01/datasets/public/Oxford102Flowers/jpg/image_00573.jpg,image_00573.jpg,22.71739959716797
573,/nas-ctm01/datasets/public/Oxford102Flowers/jpg/image_00574.jpg,image_00574.jpg,22.070615768432617
574,/nas-ctm01/datasets/public/Oxford102Flowers/jpg/image_00575.jpg,image_00575.jpg,20.389842987060547
575,/nas-ctm01/datasets/public/Oxford102Flowers/jpg/image_00576.jpg,image_00576.jpg,21.01879119873047
576,/nas-ctm01/datasets/public/Oxford102Flowers/jpg/image_00577.jpg,image_00577.jpg,21.694671630859375
577,/nas-ctm01/datasets/public/Oxford102Flowers/jpg/image_00578.jpg,image_00578.jpg,22.108129501342773
578,/nas-ctm01/datasets/public/Oxford102Flowers/jpg/image_00579.jpg,image_00579.jpg,21.919015884399414
579,/nas-ctm01/datasets/public/Oxford102Flowers/jpg/image_00580.jpg,image_00580.jpg,22.013444900512695
580,/nas-ctm01/datasets/public/Oxford102Flowers/jpg/image_00581.jpg,image_00581.jpg,21.58603286743164
581,/nas-ctm01/datasets/public/Oxford102Flowers/jpg/image_00582.jpg,image_00582.jpg,22.59433364868164
582,/nas-ctm01/datasets/public/Oxford102Flowers/jpg/image_00583.jpg,image_00583.jpg,22.131715774536133
583,/nas-ctm01/datasets/public/Oxford102Flowers/jpg/image_00584.jpg,image_00584.jpg,21.56300163269043
584,/nas-ctm01/datasets/public/Oxford102Flowers/jpg/image_00585.jpg,image_00585.jpg,21.98447608947754
585,/nas-ctm01/datasets/public/Oxford102Flowers/jpg/image_00586.jpg,image_00586.jpg,20.9212646484375
586,/nas-ctm01/datasets/public/Oxford102Flowers/jpg/image_00587.jpg,image_00587.jpg,21.36012840270996
587,/nas-ctm01/datasets/public/Oxford102Flowers/jpg/image_00588.jpg,image_00588.jpg,21.883365631103516
588,/nas-ctm01/datasets/public/Oxford102Flowers/jpg/image_00589.jpg,image_00589.jpg,21.86650276184082
589,/nas-ctm01/datasets/public/Oxford102Flowers/jpg/image_00590.jpg,image_00590.jpg,21.106664657592773
590,/nas-ctm01/datasets/public/Oxford102Flowers/jpg/image_00591.jpg,image_00591.jpg,22.479141235351562
591,/nas-ctm01/datasets/public/Oxford102Flowers/jpg/image_00592.jpg,image_00592.jpg,23.677505493164062
592,/nas-ctm01/datasets/public/Oxford102Flowers/jpg/image_00593.jpg,image_00593.jpg,20.871572494506836
593,/nas-ctm01/datasets/public/Oxford102Flowers/jpg/image_00594.jpg,image_00594.jpg,21.625789642333984
594,/nas-ctm01/datasets/public/Oxford102Flowers/jpg/image_00595.jpg,image_00595.jpg,21.732852935791016
595,/nas-ctm01/datasets/public/Oxford102Flowers/jpg/image_00596.jpg,image_00596.jpg,21.92630386352539
596,/nas-ctm01/datasets/public/Oxford102Flowers/jpg/image_00597.jpg,image_00597.jpg,21.26153564453125
597,/nas-ctm01/datasets/public/Oxford102Flowers/jpg/image_00598.jpg,image_00598.jpg,20.592885971069336
598,/nas-ctm01/datasets/public/Oxford102Flowers/jpg/image_00599.jpg,image_00599.jpg,21.31592559814453
599,/nas-ctm01/datasets/public/Oxford102Flowers/jpg/image_00600.jpg,image_00600.jpg,21.75120735168457
600,/nas-ctm01/datasets/public/Oxford102Flowers/jpg/image_00601.jpg,image_00601.jpg,21.075693130493164
601,/nas-ctm01/datasets/public/Oxford102Flowers/jpg/image_00602.jpg,image_00602.jpg,21.356664657592773
602,/nas-ctm01/datasets/public/Oxford102Flowers/jpg/image_00603.jpg,image_00603.jpg,20.31089973449707
603,/nas-ctm01/datasets/public/Oxford102Flowers/jpg/image_00604.jpg,image_00604.jpg,21.140483856201172
604,/nas-ctm01/datasets/public/Oxford102Flowers/jpg/image_00605.jpg,image_00605.jpg,21.293296813964844
605,/nas-ctm01/datasets/public/Oxford102Flowers/jpg/image_00606.jpg,image_00606.jpg,21.909107208251953
606,/nas-ctm01/datasets/public/Oxford102Flowers/jpg/image_00607.jpg,image_00607.jpg,21.37726402282715
607,/nas-ctm01/datasets/public/Oxford102Flowers/jpg/image_00608.jpg,image_00608.jpg,22.028221130371094
608,/nas-ctm01/datasets/public/Oxford102Flowers/jpg/image_00609.jpg,image_00609.jpg,21.060705184936523
609,/nas-ctm01/datasets/public/Oxford102Flowers/jpg/image_00610.jpg,image_00610.jpg,21.313692092895508
610,/nas-ctm01/datasets/public/Oxford102Flowers/jpg/image_00611.jpg,image_00611.jpg,21.025436401367188
611,/nas-ctm01/datasets/public/Oxford102Flowers/jpg/image_00612.jpg,image_00612.jpg,21.16404151916504
612,/nas-ctm01/datasets/public/Oxford102Flowers/jpg/image_00613.jpg,image_00613.jpg,21.835020065307617
613,/nas-ctm01/datasets/public/Oxford102Flowers/jpg/image_00614.jpg,image_00614.jpg,22.510366439819336
614,/nas-ctm01/datasets/public/Oxford102Flowers/jpg/image_00615.jpg,image_00615.jpg,21.768184661865234
615,/nas-ctm01/datasets/public/Oxford102Flowers/jpg/image_00616.jpg,image_00616.jpg,21.100284576416016
616,/nas-ctm01/datasets/public/Oxford102Flowers/jpg/image_00617.jpg,image_00617.jpg,20.902694702148438
617,/nas-ctm01/datasets/public/Oxford102Flowers/jpg/image_00618.jpg,image_00618.jpg,20.88956642150879
618,/nas-ctm01/datasets/public/Oxford102Flowers/jpg/image_00619.jpg,image_00619.jpg,21.353744506835938
619,/nas-ctm01/datasets/public/Oxford102Flowers/jpg/image_00620.jpg,image_00620.jpg,21.497600555419922
620,/nas-ctm01/datasets/public/Oxford102Flowers/jpg/image_00621.jpg,image_00621.jpg,20.471878051757812
621,/nas-ctm01/datasets/public/Oxford102Flowers/jpg/image_00622.jpg,image_00622.jpg,20.87497901916504
622,/nas-ctm01/datasets/public/Oxford102Flowers/jpg/image_00623.jpg,image_00623.jpg,21.4600772857666
623,/nas-ctm01/datasets/public/Oxford102Flowers/jpg/image_00624.jpg,image_00624.jpg,21.604753494262695
624,/nas-ctm01/datasets/public/Oxford102Flowers/jpg/image_00625.jpg,image_00625.jpg,21.268001556396484
625,/nas-ctm01/datasets/public/Oxford102Flowers/jpg/image_00626.jpg,image_00626.jpg,23.16538429260254
626,/nas-ctm01/datasets/public/Oxford102Flowers/jpg/image_00627.jpg,image_00627.jpg,21.265932083129883
627,/nas-ctm01/datasets/public/Oxford102Flowers/jpg/image_00628.jpg,image_00628.jpg,21.042512893676758
628,/nas-ctm01/datasets/public/Oxford102Flowers/jpg/image_00629.jpg,image_00629.jpg,21.389141082763672
629,/nas-ctm01/datasets/public/Oxford102Flowers/jpg/image_00630.jpg,image_00630.jpg,22.240087509155273
630,/nas-ctm01/datasets/public/Oxford102Flowers/jpg/image_00631.jpg,image_00631.jpg,22.166505813598633
631,/nas-ctm01/datasets/public/Oxford102Flowers/jpg/image_00632.jpg,image_00632.jpg,20.755220413208008
632,/nas-ctm01/datasets/public/Oxford102Flowers/jpg/image_00633.jpg,image_00633.jpg,22.060705184936523
633,/nas-ctm01/datasets/public/Oxford102Flowers/jpg/image_00634.jpg,image_00634.jpg,21.134706497192383
634,/nas-ctm01/datasets/public/Oxford102Flowers/jpg/image_00635.jpg,image_00635.jpg,21.224252700805664
635,/nas-ctm01/datasets/public/Oxford102Flowers/jpg/image_00636.jpg,image_00636.jpg,21.354080200195312
636,/nas-ctm01/datasets/public/Oxford102Flowers/jpg/image_00637.jpg,image_00637.jpg,20.784351348876953
637,/nas-ctm01/datasets/public/Oxford102Flowers/jpg/image_00638.jpg,image_00638.jpg,20.964855194091797
638,/nas-ctm01/datasets/public/Oxford102Flowers/jpg/image_00639.jpg,image_00639.jpg,21.112972259521484
639,/nas-ctm01/datasets/public/Oxford102Flowers/jpg/image_00640.jpg,image_00640.jpg,21.45604705810547
640,/nas-ctm01/datasets/public/Oxford102Flowers/jpg/image_00641.jpg,image_00641.jpg,20.561410903930664
641,/nas-ctm01/datasets/public/Oxford102Flowers/jpg/image_00642.jpg,image_00642.jpg,21.615406036376953
642,/nas-ctm01/datasets/public/Oxford102Flowers/jpg/image_00643.jpg,image_00643.jpg,21.209453582763672
643,/nas-ctm01/datasets/public/Oxford102Flowers/jpg/image_00644.jpg,image_00644.jpg,21.783592224121094
644,/nas-ctm01/datasets/public/Oxford102Flowers/jpg/image_00645.jpg,image_00645.jpg,21.160518646240234
645,/nas-ctm01/datasets/public/Oxford102Flowers/jpg/image_00646.jpg,image_00646.jpg,20.929752349853516
646,/nas-ctm01/datasets/public/Oxford102Flowers/jpg/image_00647.jpg,image_00647.jpg,20.86250114440918
647,/nas-ctm01/datasets/public/Oxford102Flowers/jpg/image_00648.jpg,image_00648.jpg,21.60873794555664
648,/nas-ctm01/datasets/public/Oxford102Flowers/jpg/image_00649.jpg,image_00649.jpg,22.361217498779297
649,/nas-ctm01/datasets/public/Oxford102Flowers/jpg/image_00650.jpg,image_00650.jpg,21.10878562927246
650,/nas-ctm01/datasets/public/Oxford102Flowers/jpg/image_00651.jpg,image_00651.jpg,21.552865982055664
651,/nas-ctm01/datasets/public/Oxford102Flowers/jpg/image_00652.jpg,image_00652.jpg,21.219314575195312
652,/nas-ctm01/datasets/public/Oxford102Flowers/jpg/image_00653.jpg,image_00653.jpg,21.439136505126953
653,/nas-ctm01/datasets/public/Oxford102Flowers/jpg/image_00654.jpg,image_00654.jpg,21.827587127685547
654,/nas-ctm01/datasets/public/Oxford102Flowers/jpg/image_00655.jpg,image_00655.jpg,20.992965698242188
655,/nas-ctm01/datasets/public/Oxford102Flowers/jpg/image_00656.jpg,image_00656.jpg,20.88866424560547
656,/nas-ctm01/datasets/public/Oxford102Flowers/jpg/image_00657.jpg,image_00657.jpg,20.927337646484375
657,/nas-ctm01/datasets/public/Oxford102Flowers/jpg/image_00658.jpg,image_00658.jpg,22.305437088012695
658,/nas-ctm01/datasets/public/Oxford102Flowers/jpg/image_00659.jpg,image_00659.jpg,21.56509780883789
659,/nas-ctm01/datasets/public/Oxford102Flowers/jpg/image_00660.jpg,image_00660.jpg,21.208459854125977
660,/nas-ctm01/datasets/public/Oxford102Flowers/jpg/image_00661.jpg,image_00661.jpg,21.13120460510254
661,/nas-ctm01/datasets/public/Oxford102Flowers/jpg/image_00662.jpg,image_00662.jpg,21.67314910888672
662,/nas-ctm01/datasets/public/Oxford102Flowers/jpg/image_00663.jpg,image_00663.jpg,21.645774841308594
663,/nas-ctm01/datasets/public/Oxford102Flowers/jpg/image_00664.jpg,image_00664.jpg,21.46431541442871
664,/nas-ctm01/datasets/public/Oxford102Flowers/jpg/image_00665.jpg,image_00665.jpg,21.884037017822266
665,/nas-ctm01/datasets/public/Oxford102Flowers/jpg/image_00666.jpg,image_00666.jpg,20.80891990661621
666,/nas-ctm01/datasets/public/Oxford102Flowers/jpg/image_00667.jpg,image_00667.jpg,21.19603729248047
667,/nas-ctm01/datasets/public/Oxford102Flowers/jpg/image_00668.jpg,image_00668.jpg,22.2734432220459
668,/nas-ctm01/datasets/public/Oxford102Flowers/jpg/image_00669.jpg,image_00669.jpg,21.653640747070312
669,/nas-ctm01/datasets/public/Oxford102Flowers/jpg/image_00670.jpg,image_00670.jpg,21.112613677978516
670,/nas-ctm01/datasets/public/Oxford102Flowers/jpg/image_00671.jpg,image_00671.jpg,21.233882904052734
671,/nas-ctm01/datasets/public/Oxford102Flowers/jpg/image_00672.jpg,image_00672.jpg,21.513376235961914
672,/nas-ctm01/datasets/public/Oxford102Flowers/jpg/image_00673.jpg,image_00673.jpg,21.620655059814453
673,/nas-ctm01/datasets/public/Oxford102Flowers/jpg/image_00674.jpg,image_00674.jpg,21.479251861572266
674,/nas-ctm01/datasets/public/Oxford102Flowers/jpg/image_00675.jpg,image_00675.jpg,20.910898208618164
675,/nas-ctm01/datasets/public/Oxford102Flowers/jpg/image_00676.jpg,image_00676.jpg,21.276535034179688
676,/nas-ctm01/datasets/public/Oxford102Flowers/jpg/image_00677.jpg,image_00677.jpg,21.074758529663086
677,/nas-ctm01/datasets/public/Oxford102Flowers/jpg/image_00678.jpg,image_00678.jpg,20.828947067260742
678,/nas-ctm01/datasets/public/Oxford102Flowers/jpg/image_00679.jpg,image_00679.jpg,20.87788200378418
679,/nas-ctm01/datasets/public/Oxford102Flowers/jpg/image_00680.jpg,image_00680.jpg,21.356462478637695
680,/nas-ctm01/datasets/public/Oxford102Flowers/jpg/image_00681.jpg,image_00681.jpg,22.0731143951416
681,/nas-ctm01/datasets/public/Oxford102Flowers/jpg/image_00682.jpg,image_00682.jpg,21.870149612426758
682,/nas-ctm01/datasets/public/Oxford102Flowers/jpg/image_00683.jpg,image_00683.jpg,20.573040008544922
683,/nas-ctm01/datasets/public/Oxford102Flowers/jpg/image_00684.jpg,image_00684.jpg,21.397417068481445
684,/nas-ctm01/datasets/public/Oxford102Flowers/jpg/image_00685.jpg,image_00685.jpg,20.98305892944336
685,/nas-ctm01/datasets/public/Oxford102Flowers/jpg/image_00686.jpg,image_00686.jpg,21.675466537475586
686,/nas-ctm01/datasets/public/Oxford102Flowers/jpg/image_00687.jpg,image_00687.jpg,21.704469680786133
687,/nas-ctm01/datasets/public/Oxford102Flowers/jpg/image_00688.jpg,image_00688.jpg,21.676889419555664
688,/nas-ctm01/datasets/public/Oxford102Flowers/jpg/image_00689.jpg,image_00689.jpg,20.99179458618164
689,/nas-ctm01/datasets/public/Oxford102Flowers/jpg/image_00690.jpg,image_00690.jpg,22.355920791625977
690,/nas-ctm01/datasets/public/Oxford102Flowers/jpg/image_00691.jpg,image_00691.jpg,21.05652618408203
691,/nas-ctm01/datasets/public/Oxford102Flowers/jpg/image_00692.jpg,image_00692.jpg,22.094219207763672
692,/nas-ctm01/datasets/public/Oxford102Flowers/jpg/image_00693.jpg,image_00693.jpg,21.16875648498535
693,/nas-ctm01/datasets/public/Oxford102Flowers/jpg/image_00694.jpg,image_00694.jpg,21.246347427368164
694,/nas-ctm01/datasets/public/Oxford102Flowers/jpg/image_00695.jpg,image_00695.jpg,21.985095977783203
695,/nas-ctm01/datasets/public/Oxford102Flowers/jpg/image_00696.jpg,image_00696.jpg,21.408733367919922
696,/nas-ctm01/datasets/public/Oxford102Flowers/jpg/image_00697.jpg,image_00697.jpg,21.774877548217773
697,/nas-ctm01/datasets/public/Oxford102Flowers/jpg/image_00698.jpg,image_00698.jpg,21.661495208740234
698,/nas-ctm01/datasets/public/Oxford102Flowers/jpg/image_00699.jpg,image_00699.jpg,21.589658737182617
699,/nas-ctm01/datasets/public/Oxford102Flowers/jpg/image_00700.jpg,image_00700.jpg,21.711891174316406
700,/nas-ctm01/datasets/public/Oxford102Flowers/jpg/image_00701.jpg,image_00701.jpg,21.58296775817871
701,/nas-ctm01/datasets/public/Oxford102Flowers/jpg/image_00702.jpg,image_00702.jpg,21.7027587890625
702,/nas-ctm01/datasets/public/Oxford102Flowers/jpg/image_00703.jpg,image_00703.jpg,20.592567443847656
703,/nas-ctm01/datasets/public/Oxford102Flowers/jpg/image_00704.jpg,image_00704.jpg,21.25907325744629
704,/nas-ctm01/datasets/public/Oxford102Flowers/jpg/image_00705.jpg,image_00705.jpg,21.06597137451172
705,/nas-ctm01/datasets/public/Oxford102Flowers/jpg/image_00706.jpg,image_00706.jpg,20.559005737304688
706,/nas-ctm01/datasets/public/Oxford102Flowers/jpg/image_00707.jpg,image_00707.jpg,21.57539176940918
707,/nas-ctm01/datasets/public/Oxford102Flowers/jpg/image_00708.jpg,image_00708.jpg,22.365333557128906
708,/nas-ctm01/datasets/public/Oxford102Flowers/jpg/image_00709.jpg,image_00709.jpg,20.69356918334961
709,/nas-ctm01/datasets/public/Oxford102Flowers/jpg/image_00710.jpg,image_00710.jpg,21.574337005615234
710,/nas-ctm01/datasets/public/Oxford102Flowers/jpg/image_00711.jpg,image_00711.jpg,22.998252868652344
711,/nas-ctm01/datasets/public/Oxford102Flowers/jpg/image_00712.jpg,image_00712.jpg,21.733909606933594
712,/nas-ctm01/datasets/public/Oxford102Flowers/jpg/image_00713.jpg,image_00713.jpg,21.62968635559082
713,/nas-ctm01/datasets/public/Oxford102Flowers/jpg/image_00714.jpg,image_00714.jpg,21.6810245513916
714,/nas-ctm01/datasets/public/Oxford102Flowers/jpg/image_00715.jpg,image_00715.jpg,21.50521469116211
715,/nas-ctm01/datasets/public/Oxford102Flowers/jpg/image_00716.jpg,image_00716.jpg,22.219205856323242
716,/nas-ctm01/datasets/public/Oxford102Flowers/jpg/image_00717.jpg,image_00717.jpg,20.96390724182129
717,/nas-ctm01/datasets/public/Oxford102Flowers/jpg/image_00718.jpg,image_00718.jpg,21.360801696777344
718,/nas-ctm01/datasets/public/Oxford102Flowers/jpg/image_00719.jpg,image_00719.jpg,21.37040901184082
719,/nas-ctm01/datasets/public/Oxford102Flowers/jpg/image_00720.jpg,image_00720.jpg,22.25383186340332
720,/nas-ctm01/datasets/public/Oxford102Flowers/jpg/image_00721.jpg,image_00721.jpg,22.012744903564453
721,/nas-ctm01/datasets/public/Oxford102Flowers/jpg/image_00722.jpg,image_00722.jpg,20.94145965576172
722,/nas-ctm01/datasets/public/Oxford102Flowers/jpg/image_00723.jpg,image_00723.jpg,20.67646598815918
723,/nas-ctm01/datasets/public/Oxford102Flowers/jpg/image_00724.jpg,image_00724.jpg,22.03583526611328
724,/nas-ctm01/datasets/public/Oxford102Flowers/jpg/image_00725.jpg,image_00725.jpg,21.517131805419922
725,/nas-ctm01/datasets/public/Oxford102Flowers/jpg/image_00726.jpg,image_00726.jpg,20.51397705078125
726,/nas-ctm01/datasets/public/Oxford102Flowers/jpg/image_00727.jpg,image_00727.jpg,20.86658477783203
727,/nas-ctm01/datasets/public/Oxford102Flowers/jpg/image_00728.jpg,image_00728.jpg,20.8282470703125
728,/nas-ctm01/datasets/public/Oxford102Flowers/jpg/image_00729.jpg,image_00729.jpg,21.505647659301758
729,/nas-ctm01/datasets/public/Oxford102Flowers/jpg/image_00730.jpg,image_00730.jpg,21.534912109375
730,/nas-ctm01/datasets/public/Oxford102Flowers/jpg/image_00731.jpg,image_00731.jpg,22.569196701049805
731,/nas-ctm01/datasets/public/Oxford102Flowers/jpg/image_00732.jpg,image_00732.jpg,20.889434814453125
732,/nas-ctm01/datasets/public/Oxford102Flowers/jpg/image_00733.jpg,image_00733.jpg,21.23910903930664
733,/nas-ctm01/datasets/public/Oxford102Flowers/jpg/image_00734.jpg,image_00734.jpg,21.837509155273438
734,/nas-ctm01/datasets/public/Oxford102Flowers/jpg/image_00735.jpg,image_00735.jpg,22.69286346435547
735,/nas-ctm01/datasets/public/Oxford102Flowers/jpg/image_00736.jpg,image_00736.jpg,20.502904891967773
736,/nas-ctm01/datasets/public/Oxford102Flowers/jpg/image_00737.jpg,image_00737.jpg,21.258146286010742
737,/nas-ctm01/datasets/public/Oxford102Flowers/jpg/image_00738.jpg,image_00738.jpg,21.328786849975586
738,/nas-ctm01/datasets/public/Oxford102Flowers/jpg/image_00739.jpg,image_00739.jpg,21.70774269104004
739,/nas-ctm01/datasets/public/Oxford102Flowers/jpg/image_00740.jpg,image_00740.jpg,21.24650764465332
740,/nas-ctm01/datasets/public/Oxford102Flowers/jpg/image_00741.jpg,image_00741.jpg,22.442733764648438
741,/nas-ctm01/datasets/public/Oxford102Flowers/jpg/image_00742.jpg,image_00742.jpg,20.98294448852539
742,/nas-ctm01/datasets/public/Oxford102Flowers/jpg/image_00743.jpg,image_00743.jpg,21.95829200744629
743,/nas-ctm01/datasets/public/Oxford102Flowers/jpg/image_00744.jpg,image_00744.jpg,22.05376434326172
744,/nas-ctm01/datasets/public/Oxford102Flowers/jpg/image_00745.jpg,image_00745.jpg,22.47681427001953
745,/nas-ctm01/datasets/public/Oxford102Flowers/jpg/image_00746.jpg,image_00746.jpg,21.744184494018555
746,/nas-ctm01/datasets/public/Oxford102Flowers/jpg/image_00747.jpg,image_00747.jpg,21.343210220336914
747,/nas-ctm01/datasets/public/Oxford102Flowers/jpg/image_00748.jpg,image_00748.jpg,21.521238327026367
748,/nas-ctm01/datasets/public/Oxford102Flowers/jpg/image_00749.jpg,image_00749.jpg,21.50078773498535
749,/nas-ctm01/datasets/public/Oxford102Flowers/jpg/image_00750.jpg,image_00750.jpg,21.393596649169922
750,/nas-ctm01/datasets/public/Oxford102Flowers/jpg/image_00751.jpg,image_00751.jpg,21.391939163208008
751,/nas-ctm01/datasets/public/Oxford102Flowers/jpg/image_00752.jpg,image_00752.jpg,21.576330184936523
752,/nas-ctm01/datasets/public/Oxford102Flowers/jpg/image_00753.jpg,image_00753.jpg,20.33296775817871
753,/nas-ctm01/datasets/public/Oxford102Flowers/jpg/image_00754.jpg,image_00754.jpg,22.25553321838379
754,/nas-ctm01/datasets/public/Oxford102Flowers/jpg/image_00755.jpg,image_00755.jpg,19.942861557006836
755,/nas-ctm01/datasets/public/Oxford102Flowers/jpg/image_00756.jpg,image_00756.jpg,22.13368034362793
756,/nas-ctm01/datasets/public/Oxford102Flowers/jpg/image_00757.jpg,image_00757.jpg,20.80768394470215
757,/nas-ctm01/datasets/public/Oxford102Flowers/jpg/image_00758.jpg,image_00758.jpg,22.74847412109375
758,/nas-ctm01/datasets/public/Oxford102Flowers/jpg/image_00759.jpg,image_00759.jpg,22.161121368408203
759,/nas-ctm01/datasets/public/Oxford102Flowers/jpg/image_00760.jpg,image_00760.jpg,21.78211212158203
760,/nas-ctm01/datasets/public/Oxford102Flowers/jpg/image_00761.jpg,image_00761.jpg,20.761451721191406
761,/nas-ctm01/datasets/public/Oxford102Flowers/jpg/image_00762.jpg,image_00762.jpg,21.060516357421875
762,/nas-ctm01/datasets/public/Oxford102Flowers/jpg/image_00763.jpg,image_00763.jpg,22.653934478759766
763,/nas-ctm01/datasets/public/Oxford102Flowers/jpg/image_00764.jpg,image_00764.jpg,22.566356658935547
764,/nas-ctm01/datasets/public/Oxford102Flowers/jpg/image_00765.jpg,image_00765.jpg,21.24454689025879
765,/nas-ctm01/datasets/public/Oxford102Flowers/jpg/image_00766.jpg,image_00766.jpg,20.030345916748047
766,/nas-ctm01/datasets/public/Oxford102Flowers/jpg/image_00767.jpg,image_00767.jpg,21.675804138183594
767,/nas-ctm01/datasets/public/Oxford102Flowers/jpg/image_00768.jpg,image_00768.jpg,21.061721801757812
768,/nas-ctm01/datasets/public/Oxford102Flowers/jpg/image_00769.jpg,image_00769.jpg,21.496267318725586
769,/nas-ctm01/datasets/public/Oxford102Flowers/jpg/image_00770.jpg,image_00770.jpg,22.758275985717773
770,/nas-ctm01/datasets/public/Oxford102Flowers/jpg/image_00771.jpg,image_00771.jpg,20.58878517150879
771,/nas-ctm01/datasets/public/Oxford102Flowers/jpg/image_00772.jpg,image_00772.jpg,21.567968368530273
772,/nas-ctm01/datasets/public/Oxford102Flowers/jpg/image_00773.jpg,image_00773.jpg,21.028270721435547
773,/nas-ctm01/datasets/public/Oxford102Flowers/jpg/image_00774.jpg,image_00774.jpg,22.556034088134766
774,/nas-ctm01/datasets/public/Oxford102Flowers/jpg/image_00775.jpg,image_00775.jpg,21.704639434814453
775,/nas-ctm01/datasets/public/Oxford102Flowers/jpg/image_00776.jpg,image_00776.jpg,21.2901668548584
776,/nas-ctm01/datasets/public/Oxford102Flowers/jpg/image_00777.jpg,image_00777.jpg,22.82969093322754
777,/nas-ctm01/datasets/public/Oxford102Flowers/jpg/image_00778.jpg,image_00778.jpg,21.51630210876465
778,/nas-ctm01/datasets/public/Oxford102Flowers/jpg/image_00779.jpg,image_00779.jpg,22.000696182250977
779,/nas-ctm01/datasets/public/Oxford102Flowers/jpg/image_00780.jpg,image_00780.jpg,22.50498390197754
780,/nas-ctm01/datasets/public/Oxford102Flowers/jpg/image_00781.jpg,image_00781.jpg,22.104578018188477
781,/nas-ctm01/datasets/public/Oxford102Flowers/jpg/image_00782.jpg,image_00782.jpg,23.034643173217773
782,/nas-ctm01/datasets/public/Oxford102Flowers/jpg/image_00783.jpg,image_00783.jpg,23.150684356689453
783,/nas-ctm01/datasets/public/Oxford102Flowers/jpg/image_00784.jpg,image_00784.jpg,22.1015682220459
784,/nas-ctm01/datasets/public/Oxford102Flowers/jpg/image_00785.jpg,image_00785.jpg,22.5750789642334
785,/nas-ctm01/datasets/public/Oxford102Flowers/jpg/image_00786.jpg,image_00786.jpg,22.594118118286133
786,/nas-ctm01/datasets/public/Oxford102Flowers/jpg/image_00787.jpg,image_00787.jpg,22.618228912353516
787,/nas-ctm01/datasets/public/Oxford102Flowers/jpg/image_00788.jpg,image_00788.jpg,22.709243774414062
788,/nas-ctm01/datasets/public/Oxford102Flowers/jpg/image_00789.jpg,image_00789.jpg,21.808490753173828
789,/nas-ctm01/datasets/public/Oxford102Flowers/jpg/image_00790.jpg,image_00790.jpg,22.981449127197266
790,/nas-ctm01/datasets/public/Oxford102Flowers/jpg/image_00791.jpg,image_00791.jpg,22.49246597290039
791,/nas-ctm01/datasets/public/Oxford102Flowers/jpg/image_00792.jpg,image_00792.jpg,22.868194580078125
792,/nas-ctm01/datasets/public/Oxford102Flowers/jpg/image_00793.jpg,image_00793.jpg,23.023468017578125
793,/nas-ctm01/datasets/public/Oxford102Flowers/jpg/image_00794.jpg,image_00794.jpg,23.386363983154297
794,/nas-ctm01/datasets/public/Oxford102Flowers/jpg/image_00795.jpg,image_00795.jpg,22.924095153808594
795,/nas-ctm01/datasets/public/Oxford102Flowers/jpg/image_00796.jpg,image_00796.jpg,22.954195022583008
796,/nas-ctm01/datasets/public/Oxford102Flowers/jpg/image_00797.jpg,image_00797.jpg,23.44793128967285
797,/nas-ctm01/datasets/public/Oxford102Flowers/jpg/image_00798.jpg,image_00798.jpg,23.689687728881836
798,/nas-ctm01/datasets/public/Oxford102Flowers/jpg/image_00799.jpg,image_00799.jpg,22.72836685180664
799,/nas-ctm01/datasets/public/Oxford102Flowers/jpg/image_00800.jpg,image_00800.jpg,22.54892349243164
800,/nas-ctm01/datasets/public/Oxford102Flowers/jpg/image_00801.jpg,image_00801.jpg,23.113792419433594
801,/nas-ctm01/datasets/public/Oxford102Flowers/jpg/image_00802.jpg,image_00802.jpg,22.5050106048584
802,/nas-ctm01/datasets/public/Oxford102Flowers/jpg/image_00803.jpg,image_00803.jpg,22.310630798339844
803,/nas-ctm01/datasets/public/Oxford102Flowers/jpg/image_00804.jpg,image_00804.jpg,23.090686798095703
804,/nas-ctm01/datasets/public/Oxford102Flowers/jpg/image_00805.jpg,image_00805.jpg,22.541488647460938
805,/nas-ctm01/datasets/public/Oxford102Flowers/jpg/image_00806.jpg,image_00806.jpg,22.78457260131836
806,/nas-ctm01/datasets/public/Oxford102Flowers/jpg/image_00807.jpg,image_00807.jpg,23.399805068969727
807,/nas-ctm01/datasets/public/Oxford102Flowers/jpg/image_00808.jpg,image_00808.jpg,23.0283260345459
808,/nas-ctm01/datasets/public/Oxford102Flowers/jpg/image_00809.jpg,image_00809.jpg,21.99915885925293
809,/nas-ctm01/datasets/public/Oxford102Flowers/jpg/image_00810.jpg,image_00810.jpg,23.21333122253418
810,/nas-ctm01/datasets/public/Oxford102Flowers/jpg/image_00811.jpg,image_00811.jpg,21.40515899658203
811,/nas-ctm01/datasets/public/Oxford102Flowers/jpg/image_00812.jpg,image_00812.jpg,23.319751739501953
812,/nas-ctm01/datasets/public/Oxford102Flowers/jpg/image_00813.jpg,image_00813.jpg,23.075101852416992
813,/nas-ctm01/datasets/public/Oxford102Flowers/jpg/image_00814.jpg,image_00814.jpg,22.115509033203125
814,/nas-ctm01/datasets/public/Oxford102Flowers/jpg/image_00815.jpg,image_00815.jpg,23.162839889526367
815,/nas-ctm01/datasets/public/Oxford102Flowers/jpg/image_00816.jpg,image_00816.jpg,22.697023391723633
816,/nas-ctm01/datasets/public/Oxford102Flowers/jpg/image_00817.jpg,image_00817.jpg,22.414146423339844
817,/nas-ctm01/datasets/public/Oxford102Flowers/jpg/image_00818.jpg,image_00818.jpg,23.26874542236328
818,/nas-ctm01/datasets/public/Oxford102Flowers/jpg/image_00819.jpg,image_00819.jpg,22.200048446655273
819,/nas-ctm01/datasets/public/Oxford102Flowers/jpg/image_00820.jpg,image_00820.jpg,22.571754455566406
820,/nas-ctm01/datasets/public/Oxford102Flowers/jpg/image_00821.jpg,image_00821.jpg,21.594993591308594
821,/nas-ctm01/datasets/public/Oxford102Flowers/jpg/image_00822.jpg,image_00822.jpg,22.839658737182617
822,/nas-ctm01/datasets/public/Oxford102Flowers/jpg/image_00823.jpg,image_00823.jpg,23.356279373168945
823,/nas-ctm01/datasets/public/Oxford102Flowers/jpg/image_00824.jpg,image_00824.jpg,21.867219924926758
824,/nas-ctm01/datasets/public/Oxford102Flowers/jpg/image_00825.jpg,image_00825.jpg,21.602054595947266
825,/nas-ctm01/datasets/public/Oxford102Flowers/jpg/image_00826.jpg,image_00826.jpg,23.228384017944336
826,/nas-ctm01/datasets/public/Oxford102Flowers/jpg/image_00827.jpg,image_00827.jpg,22.742929458618164
827,/nas-ctm01/datasets/public/Oxford102Flowers/jpg/image_00828.jpg,image_00828.jpg,23.193784713745117
828,/nas-ctm01/datasets/public/Oxford102Flowers/jpg/image_00829.jpg,image_00829.jpg,23.12788963317871
829,/nas-ctm01/datasets/public/Oxford102Flowers/jpg/image_00830.jpg,image_00830.jpg,22.775205612182617
830,/nas-ctm01/datasets/public/Oxford102Flowers/jpg/image_00831.jpg,image_00831.jpg,22.27839469909668
831,/nas-ctm01/datasets/public/Oxford102Flowers/jpg/image_00832.jpg,image_00832.jpg,21.885353088378906
832,/nas-ctm01/datasets/public/Oxford102Flowers/jpg/image_00833.jpg,image_00833.jpg,22.8147029876709
833,/nas-ctm01/datasets/public/Oxford102Flowers/jpg/image_00834.jpg,image_00834.jpg,22.65224838256836
834,/nas-ctm01/datasets/public/Oxford102Flowers/jpg/image_00835.jpg,image_00835.jpg,22.529624938964844
835,/nas-ctm01/datasets/public/Oxford102Flowers/jpg/image_00836.jpg,image_00836.jpg,22.735210418701172
836,/nas-ctm01/datasets/public/Oxford102Flowers/jpg/image_00837.jpg,image_00837.jpg,21.568159103393555
837,/nas-ctm01/datasets/public/Oxford102Flowers/jpg/image_00838.jpg,image_00838.jpg,22.778656005859375
838,/nas-ctm01/datasets/public/Oxford102Flowers/jpg/image_00839.jpg,image_00839.jpg,22.567733764648438
839,/nas-ctm01/datasets/public/Oxford102Flowers/jpg/image_00840.jpg,image_00840.jpg,22.43799591064453
840,/nas-ctm01/datasets/public/Oxford102Flowers/jpg/image_00841.jpg,image_00841.jpg,22.662673950195312
841,/nas-ctm01/datasets/public/Oxford102Flowers/jpg/image_00842.jpg,image_00842.jpg,22.796308517456055
842,/nas-ctm01/datasets/public/Oxford102Flowers/jpg/image_00843.jpg,image_00843.jpg,22.16195297241211
843,/nas-ctm01/datasets/public/Oxford102Flowers/jpg/image_00844.jpg,image_00844.jpg,22.33499526977539
844,/nas-ctm01/datasets/public/Oxford102Flowers/jpg/image_00845.jpg,image_00845.jpg,22.21613883972168
845,/nas-ctm01/datasets/public/Oxford102Flowers/jpg/image_00846.jpg,image_00846.jpg,22.362751007080078
846,/nas-ctm01/datasets/public/Oxford102Flowers/jpg/image_00847.jpg,image_00847.jpg,20.74893569946289
847,/nas-ctm01/datasets/public/Oxford102Flowers/jpg/image_00848.jpg,image_00848.jpg,21.815509796142578
848,/nas-ctm01/datasets/public/Oxford102Flowers/jpg/image_00849.jpg,image_00849.jpg,23.165361404418945
849,/nas-ctm01/datasets/public/Oxford102Flowers/jpg/image_00850.jpg,image_00850.jpg,22.46767234802246
850,/nas-ctm01/datasets/public/Oxford102Flowers/jpg/image_00851.jpg,image_00851.jpg,22.208606719970703
851,/nas-ctm01/datasets/public/Oxford102Flowers/jpg/image_00852.jpg,image_00852.jpg,21.30912208557129
852,/nas-ctm01/datasets/public/Oxford102Flowers/jpg/image_00853.jpg,image_00853.jpg,22.52446937561035
853,/nas-ctm01/datasets/public/Oxford102Flowers/jpg/image_00854.jpg,image_00854.jpg,22.426639556884766
854,/nas-ctm01/datasets/public/Oxford102Flowers/jpg/image_00855.jpg,image_00855.jpg,22.524106979370117
855,/nas-ctm01/datasets/public/Oxford102Flowers/jpg/image_00856.jpg,image_00856.jpg,21.10334587097168
856,/nas-ctm01/datasets/public/Oxford102Flowers/jpg/image_00857.jpg,image_00857.jpg,22.148902893066406
857,/nas-ctm01/datasets/public/Oxford102Flowers/jpg/image_00858.jpg,image_00858.jpg,23.035612106323242
858,/nas-ctm01/datasets/public/Oxford102Flowers/jpg/image_00859.jpg,image_00859.jpg,23.26542091369629
859,/nas-ctm01/datasets/public/Oxford102Flowers/jpg/image_00860.jpg,image_00860.jpg,22.5572566986084
860,/nas-ctm01/datasets/public/Oxford102Flowers/jpg/image_00861.jpg,image_00861.jpg,22.75467300415039
861,/nas-ctm01/datasets/public/Oxford102Flowers/jpg/image_00862.jpg,image_00862.jpg,22.92337989807129
862,/nas-ctm01/datasets/public/Oxford102Flowers/jpg/image_00863.jpg,image_00863.jpg,23.182018280029297
863,/nas-ctm01/datasets/public/Oxford102Flowers/jpg/image_00864.jpg,image_00864.jpg,22.375320434570312
864,/nas-ctm01/datasets/public/Oxford102Flowers/jpg/image_00865.jpg,image_00865.jpg,20.200712203979492
865,/nas-ctm01/datasets/public/Oxford102Flowers/jpg/image_00866.jpg,image_00866.jpg,22.976415634155273
866,/nas-ctm01/datasets/public/Oxford102Flowers/jpg/image_00867.jpg,image_00867.jpg,22.45928382873535
867,/nas-ctm01/datasets/public/Oxford102Flowers/jpg/image_00868.jpg,image_00868.jpg,22.037384033203125
868,/nas-ctm01/datasets/public/Oxford102Flowers/jpg/image_00869.jpg,image_00869.jpg,22.824934005737305
869,/nas-ctm01/datasets/public/Oxford102Flowers/jpg/image_00870.jpg,image_00870.jpg,22.84646987915039
870,/nas-ctm01/datasets/public/Oxford102Flowers/jpg/image_00871.jpg,image_00871.jpg,22.340106964111328
871,/nas-ctm01/datasets/public/Oxford102Flowers/jpg/image_00872.jpg,image_00872.jpg,21.428810119628906
872,/nas-ctm01/datasets/public/Oxford102Flowers/jpg/image_00873.jpg,image_00873.jpg,22.054338455200195
873,/nas-ctm01/datasets/public/Oxford102Flowers/jpg/image_00874.jpg,image_00874.jpg,22.74713897705078
874,/nas-ctm01/datasets/public/Oxford102Flowers/jpg/image_00875.jpg,image_00875.jpg,23.43539047241211
875,/nas-ctm01/datasets/public/Oxford102Flowers/jpg/image_00876.jpg,image_00876.jpg,22.490257263183594
876,/nas-ctm01/datasets/public/Oxford102Flowers/jpg/image_00877.jpg,image_00877.jpg,22.564613342285156
877,/nas-ctm01/datasets/public/Oxford102Flowers/jpg/image_00878.jpg,image_00878.jpg,22.437238693237305
878,/nas-ctm01/datasets/public/Oxford102Flowers/jpg/image_00879.jpg,image_00879.jpg,22.745080947875977
879,/nas-ctm01/datasets/public/Oxford102Flowers/jpg/image_00880.jpg,image_00880.jpg,22.411008834838867
880,/nas-ctm01/datasets/public/Oxford102Flowers/jpg/image_00881.jpg,image_00881.jpg,22.559391021728516
881,/nas-ctm01/datasets/public/Oxford102Flowers/jpg/image_00882.jpg,image_00882.jpg,22.757606506347656
882,/nas-ctm01/datasets/public/Oxford102Flowers/jpg/image_00883.jpg,image_00883.jpg,22.91431999206543
883,/nas-ctm01/datasets/public/Oxford102Flowers/jpg/image_00884.jpg,image_00884.jpg,22.108154296875
884,/nas-ctm01/datasets/public/Oxford102Flowers/jpg/image_00885.jpg,image_00885.jpg,21.93836212158203
885,/nas-ctm01/datasets/public/Oxford102Flowers/jpg/image_00886.jpg,image_00886.jpg,22.81025505065918
886,/nas-ctm01/datasets/public/Oxford102Flowers/jpg/image_00887.jpg,image_00887.jpg,22.33180046081543
887,/nas-ctm01/datasets/public/Oxford102Flowers/jpg/image_00888.jpg,image_00888.jpg,22.42938995361328
888,/nas-ctm01/datasets/public/Oxford102Flowers/jpg/image_00889.jpg,image_00889.jpg,23.49732208251953
889,/nas-ctm01/datasets/public/Oxford102Flowers/jpg/image_00890.jpg,image_00890.jpg,22.00589942932129
890,/nas-ctm01/datasets/public/Oxford102Flowers/jpg/image_00891.jpg,image_00891.jpg,22.39568328857422
891,/nas-ctm01/datasets/public/Oxford102Flowers/jpg/image_00892.jpg,image_00892.jpg,22.953712463378906
892,/nas-ctm01/datasets/public/Oxford102Flowers/jpg/image_00893.jpg,image_00893.jpg,23.21572494506836
893,/nas-ctm01/datasets/public/Oxford102Flowers/jpg/image_00894.jpg,image_00894.jpg,21.342111587524414
894,/nas-ctm01/datasets/public/Oxford102Flowers/jpg/image_00895.jpg,image_00895.jpg,22.937562942504883
895,/nas-ctm01/datasets/public/Oxford102Flowers/jpg/image_00896.jpg,image_00896.jpg,22.88270378112793
896,/nas-ctm01/datasets/public/Oxford102Flowers/jpg/image_00897.jpg,image_00897.jpg,22.016420364379883
897,/nas-ctm01/datasets/public/Oxford102Flowers/jpg/image_00898.jpg,image_00898.jpg,22.43798065185547
898,/nas-ctm01/datasets/public/Oxford102Flowers/jpg/image_00899.jpg,image_00899.jpg,22.72532844543457
899,/nas-ctm01/datasets/public/Oxford102Flowers/jpg/image_00900.jpg,image_00900.jpg,23.327617645263672
900,/nas-ctm01/datasets/public/Oxford102Flowers/jpg/image_00901.jpg,image_00901.jpg,22.250286102294922
901,/nas-ctm01/datasets/public/Oxford102Flowers/jpg/image_00902.jpg,image_00902.jpg,21.876502990722656
902,/nas-ctm01/datasets/public/Oxford102Flowers/jpg/image_00903.jpg,image_00903.jpg,22.76708984375
903,/nas-ctm01/datasets/public/Oxford102Flowers/jpg/image_00904.jpg,image_00904.jpg,22.67521095275879
904,/nas-ctm01/datasets/public/Oxford102Flowers/jpg/image_00905.jpg,image_00905.jpg,22.453649520874023
905,/nas-ctm01/datasets/public/Oxford102Flowers/jpg/image_00906.jpg,image_00906.jpg,22.819644927978516
906,/nas-ctm01/datasets/public/Oxford102Flowers/jpg/image_00907.jpg,image_00907.jpg,22.06745147705078
907,/nas-ctm01/datasets/public/Oxford102Flowers/jpg/image_00908.jpg,image_00908.jpg,22.913379669189453
908,/nas-ctm01/datasets/public/Oxford102Flowers/jpg/image_00909.jpg,image_00909.jpg,22.17356300354004
909,/nas-ctm01/datasets/public/Oxford102Flowers/jpg/image_00910.jpg,image_00910.jpg,22.55668830871582
910,/nas-ctm01/datasets/public/Oxford102Flowers/jpg/image_00911.jpg,image_00911.jpg,23.231996536254883
911,/nas-ctm01/datasets/public/Oxford102Flowers/jpg/image_00912.jpg,image_00912.jpg,22.022327423095703
912,/nas-ctm01/datasets/public/Oxford102Flowers/jpg/image_00913.jpg,image_00913.jpg,22.10009002685547
913,/nas-ctm01/datasets/public/Oxford102Flowers/jpg/image_00914.jpg,image_00914.jpg,22.32286834716797
914,/nas-ctm01/datasets/public/Oxford102Flowers/jpg/image_00915.jpg,image_00915.jpg,22.106842041015625
915,/nas-ctm01/datasets/public/Oxford102Flowers/jpg/image_00916.jpg,image_00916.jpg,22.9074649810791
916,/nas-ctm01/datasets/public/Oxford102Flowers/jpg/image_00917.jpg,image_00917.jpg,23.164234161376953
917,/nas-ctm01/datasets/public/Oxford102Flowers/jpg/image_00918.jpg,image_00918.jpg,21.702674865722656
918,/nas-ctm01/datasets/public/Oxford102Flowers/jpg/image_00919.jpg,image_00919.jpg,22.53773307800293
919,/nas-ctm01/datasets/public/Oxford102Flowers/jpg/image_00920.jpg,image_00920.jpg,22.33797836303711
920,/nas-ctm01/datasets/public/Oxford102Flowers/jpg/image_00921.jpg,image_00921.jpg,22.73574447631836
921,/nas-ctm01/datasets/public/Oxford102Flowers/jpg/image_00922.jpg,image_00922.jpg,22.436641693115234
922,/nas-ctm01/datasets/public/Oxford102Flowers/jpg/image_00923.jpg,image_00923.jpg,23.021732330322266
923,/nas-ctm01/datasets/public/Oxford102Flowers/jpg/image_00924.jpg,image_00924.jpg,22.834375381469727
924,/nas-ctm01/datasets/public/Oxford102Flowers/jpg/image_00925.jpg,image_00925.jpg,23.073711395263672
925,/nas-ctm01/datasets/public/Oxford102Flowers/jpg/image_00926.jpg,image_00926.jpg,22.903650283813477
926,/nas-ctm01/datasets/public/Oxford102Flowers/jpg/image_00927.jpg,image_00927.jpg,23.020387649536133
927,/nas-ctm01/datasets/public/Oxford102Flowers/jpg/image_00928.jpg,image_00928.jpg,23.289873123168945
928,/nas-ctm01/datasets/public/Oxford102Flowers/jpg/image_00929.jpg,image_00929.jpg,22.633625030517578
929,/nas-ctm01/datasets/public/Oxford102Flowers/jpg/image_00930.jpg,image_00930.jpg,23.56278419494629
930,/nas-ctm01/datasets/public/Oxford102Flowers/jpg/image_00931.jpg,image_00931.jpg,22.671314239501953
931,/nas-ctm01/datasets/public/Oxford102Flowers/jpg/image_00932.jpg,image_00932.jpg,23.593772888183594
932,/nas-ctm01/datasets/public/Oxford102Flowers/jpg/image_00933.jpg,image_00933.jpg,23.252775192260742
933,/nas-ctm01/datasets/public/Oxford102Flowers/jpg/image_00934.jpg,image_00934.jpg,22.373018264770508
934,/nas-ctm01/datasets/public/Oxford102Flowers/jpg/image_00935.jpg,image_00935.jpg,22.603187561035156
935,/nas-ctm01/datasets/public/Oxford102Flowers/jpg/image_00936.jpg,image_00936.jpg,22.5909423828125
936,/nas-ctm01/datasets/public/Oxford102Flowers/jpg/image_00937.jpg,image_00937.jpg,21.931753158569336
937,/nas-ctm01/datasets/public/Oxford102Flowers/jpg/image_00938.jpg,image_00938.jpg,22.846885681152344
938,/nas-ctm01/datasets/public/Oxford102Flowers/jpg/image_00939.jpg,image_00939.jpg,21.64884376525879
939,/nas-ctm01/datasets/public/Oxford102Flowers/jpg/image_00940.jpg,image_00940.jpg,23.120738983154297
940,/nas-ctm01/datasets/public/Oxford102Flowers/jpg/image_00941.jpg,image_00941.jpg,22.733173370361328
941,/nas-ctm01/datasets/public/Oxford102Flowers/jpg/image_00942.jpg,image_00942.jpg,23.09016227722168
942,/nas-ctm01/datasets/public/Oxford102Flowers/jpg/image_00943.jpg,image_00943.jpg,22.55178451538086
943,/nas-ctm01/datasets/public/Oxford102Flowers/jpg/image_00944.jpg,image_00944.jpg,22.173622131347656
944,/nas-ctm01/datasets/public/Oxford102Flowers/jpg/image_00945.jpg,image_00945.jpg,22.874530792236328
945,/nas-ctm01/datasets/public/Oxford102Flowers/jpg/image_00946.jpg,image_00946.jpg,23.586669921875
946,/nas-ctm01/datasets/public/Oxford102Flowers/jpg/image_00947.jpg,image_00947.jpg,21.47344970703125
947,/nas-ctm01/datasets/public/Oxford102Flowers/jpg/image_00948.jpg,image_00948.jpg,20.633121490478516
948,/nas-ctm01/datasets/public/Oxford102Flowers/jpg/image_00949.jpg,image_00949.jpg,21.09713363647461
949,/nas-ctm01/datasets/public/Oxford102Flowers/jpg/image_00950.jpg,image_00950.jpg,20.978038787841797
950,/nas-ctm01/datasets/public/Oxford102Flowers/jpg/image_00951.jpg,image_00951.jpg,21.233619689941406
951,/nas-ctm01/datasets/public/Oxford102Flowers/jpg/image_00952.jpg,image_00952.jpg,21.048938751220703
952,/nas-ctm01/datasets/public/Oxford102Flowers/jpg/image_00953.jpg,image_00953.jpg,21.399959564208984
953,/nas-ctm01/datasets/public/Oxford102Flowers/jpg/image_00954.jpg,image_00954.jpg,21.3810977935791
954,/nas-ctm01/datasets/public/Oxford102Flowers/jpg/image_00955.jpg,image_00955.jpg,21.154146194458008
955,/nas-ctm01/datasets/public/Oxford102Flowers/jpg/image_00956.jpg,image_00956.jpg,21.118064880371094
956,/nas-ctm01/datasets/public/Oxford102Flowers/jpg/image_00957.jpg,image_00957.jpg,21.283220291137695
957,/nas-ctm01/datasets/public/Oxford102Flowers/jpg/image_00958.jpg,image_00958.jpg,20.87160873413086
958,/nas-ctm01/datasets/public/Oxford102Flowers/jpg/image_00959.jpg,image_00959.jpg,20.681821823120117
959,/nas-ctm01/datasets/public/Oxford102Flowers/jpg/image_00960.jpg,image_00960.jpg,21.024816513061523
960,/nas-ctm01/datasets/public/Oxford102Flowers/jpg/image_00961.jpg,image_00961.jpg,20.614826202392578
961,/nas-ctm01/datasets/public/Oxford102Flowers/jpg/image_00962.jpg,image_00962.jpg,21.398632049560547
962,/nas-ctm01/datasets/public/Oxford102Flowers/jpg/image_00963.jpg,image_00963.jpg,21.010242462158203
963,/nas-ctm01/datasets/public/Oxford102Flowers/jpg/image_00964.jpg,image_00964.jpg,21.149871826171875
964,/nas-ctm01/datasets/public/Oxford102Flowers/jpg/image_00965.jpg,image_00965.jpg,21.958120346069336
965,/nas-ctm01/datasets/public/Oxford102Flowers/jpg/image_00966.jpg,image_00966.jpg,21.204572677612305
966,/nas-ctm01/datasets/public/Oxford102Flowers/jpg/image_00967.jpg,image_00967.jpg,21.024141311645508
967,/nas-ctm01/datasets/public/Oxford102Flowers/jpg/image_00968.jpg,image_00968.jpg,21.7905216217041
968,/nas-ctm01/datasets/public/Oxford102Flowers/jpg/image_00969.jpg,image_00969.jpg,21.021459579467773
969,/nas-ctm01/datasets/public/Oxford102Flowers/jpg/image_00970.jpg,image_00970.jpg,20.91094398498535
970,/nas-ctm01/datasets/public/Oxford102Flowers/jpg/image_00971.jpg,image_00971.jpg,21.111814498901367
971,/nas-ctm01/datasets/public/Oxford102Flowers/jpg/image_00972.jpg,image_00972.jpg,20.508615493774414
972,/nas-ctm01/datasets/public/Oxford102Flowers/jpg/image_00973.jpg,image_00973.jpg,21.15683937072754
973,/nas-ctm01/datasets/public/Oxford102Flowers/jpg/image_00974.jpg,image_00974.jpg,20.863309860229492
974,/nas-ctm01/datasets/public/Oxford102Flowers/jpg/image_00975.jpg,image_00975.jpg,21.101097106933594
975,/nas-ctm01/datasets/public/Oxford102Flowers/jpg/image_00976.jpg,image_00976.jpg,21.453155517578125
976,/nas-ctm01/datasets/public/Oxford102Flowers/jpg/image_00977.jpg,image_00977.jpg,21.390541076660156
977,/nas-ctm01/datasets/public/Oxford102Flowers/jpg/image_00978.jpg,image_00978.jpg,20.9067325592041
978,/nas-ctm01/datasets/public/Oxford102Flowers/jpg/image_00979.jpg,image_00979.jpg,21.395523071289062
979,/nas-ctm01/datasets/public/Oxford102Flowers/jpg/image_00980.jpg,image_00980.jpg,22.056808471679688
980,/nas-ctm01/datasets/public/Oxford102Flowers/jpg/image_00981.jpg,image_00981.jpg,21.715373992919922
981,/nas-ctm01/datasets/public/Oxford102Flowers/jpg/image_00982.jpg,image_00982.jpg,20.989229202270508
982,/nas-ctm01/datasets/public/Oxford102Flowers/jpg/image_00983.jpg,image_00983.jpg,21.12955665588379
983,/nas-ctm01/datasets/public/Oxford102Flowers/jpg/image_00984.jpg,image_00984.jpg,21.275602340698242
984,/nas-ctm01/datasets/public/Oxford102Flowers/jpg/image_00985.jpg,image_00985.jpg,21.658363342285156
985,/nas-ctm01/datasets/public/Oxford102Flowers/jpg/image_00986.jpg,image_00986.jpg,21.583858489990234
986,/nas-ctm01/datasets/public/Oxford102Flowers/jpg/image_00987.jpg,image_00987.jpg,21.55912208557129
987,/nas-ctm01/datasets/public/Oxford102Flowers/jpg/image_00988.jpg,image_00988.jpg,21.45293426513672
988,/nas-ctm01/datasets/public/Oxford102Flowers/jpg/image_00989.jpg,image_00989.jpg,21.08353042602539
989,/nas-ctm01/datasets/public/Oxford102Flowers/jpg/image_00990.jpg,image_00990.jpg,21.961021423339844
990,/nas-ctm01/datasets/public/Oxford102Flowers/jpg/image_00991.jpg,image_00991.jpg,21.165668487548828
991,/nas-ctm01/datasets/public/Oxford102Flowers/jpg/image_00992.jpg,image_00992.jpg,21.661596298217773
992,/nas-ctm01/datasets/public/Oxford102Flowers/jpg/image_00993.jpg,image_00993.jpg,21.478586196899414
993,/nas-ctm01/datasets/public/Oxford102Flowers/jpg/image_00994.jpg,image_00994.jpg,21.1505126953125
994,/nas-ctm01/datasets/public/Oxford102Flowers/jpg/image_00995.jpg,image_00995.jpg,21.834095001220703
995,/nas-ctm01/datasets/public/Oxford102Flowers/jpg/image_00996.jpg,image_00996.jpg,20.912662506103516
996,/nas-ctm01/datasets/public/Oxford102Flowers/jpg/image_00997.jpg,image_00997.jpg,21.129615783691406
997,/nas-ctm01/datasets/public/Oxford102Flowers/jpg/image_00998.jpg,image_00998.jpg,21.01475715637207
998,/nas-ctm01/datasets/public/Oxford102Flowers/jpg/image_00999.jpg,image_00999.jpg,20.49458122253418
999,/nas-ctm01/datasets/public/Oxford102Flowers/jpg/image_01000.jpg,image_01000.jpg,21.34970474243164
1000,/nas-ctm01/datasets/public/Oxford102Flowers/jpg/image_01001.jpg,image_01001.jpg,20.79053497314453
1001,/nas-ctm01/datasets/public/Oxford102Flowers/jpg/image_01002.jpg,image_01002.jpg,20.984800338745117
1002,/nas-ctm01/datasets/public/Oxford102Flowers/jpg/image_01003.jpg,image_01003.jpg,21.270675659179688
1003,/nas-ctm01/datasets/public/Oxford102Flowers/jpg/image_01004.jpg,image_01004.jpg,20.902423858642578
1004,/nas-ctm01/datasets/public/Oxford102Flowers/jpg/image_01005.jpg,image_01005.jpg,21.69681167602539
1005,/nas-ctm01/datasets/public/Oxford102Flowers/jpg/image_01006.jpg,image_01006.jpg,20.98028564453125
1006,/nas-ctm01/datasets/public/Oxford102Flowers/jpg/image_01007.jpg,image_01007.jpg,20.977262496948242
1007,/nas-ctm01/datasets/public/Oxford102Flowers/jpg/image_01008.jpg,image_01008.jpg,21.201250076293945
1008,/nas-ctm01/datasets/public/Oxford102Flowers/jpg/image_01009.jpg,image_01009.jpg,21.043840408325195
1009,/nas-ctm01/datasets/public/Oxford102Flowers/jpg/image_01010.jpg,image_01010.jpg,20.942752838134766
1010,/nas-ctm01/datasets/public/Oxford102Flowers/jpg/image_01011.jpg,image_01011.jpg,21.575321197509766
1011,/nas-ctm01/datasets/public/Oxford102Flowers/jpg/image_01012.jpg,image_01012.jpg,20.798547744750977
1012,/nas-ctm01/datasets/public/Oxford102Flowers/jpg/image_01013.jpg,image_01013.jpg,21.34920310974121
1013,/nas-ctm01/datasets/public/Oxford102Flowers/jpg/image_01014.jpg,image_01014.jpg,21.10413360595703
1014,/nas-ctm01/datasets/public/Oxford102Flowers/jpg/image_01015.jpg,image_01015.jpg,21.660892486572266
1015,/nas-ctm01/datasets/public/Oxford102Flowers/jpg/image_01016.jpg,image_01016.jpg,21.432130813598633
1016,/nas-ctm01/datasets/public/Oxford102Flowers/jpg/image_01017.jpg,image_01017.jpg,21.48683738708496
1017,/nas-ctm01/datasets/public/Oxford102Flowers/jpg/image_01018.jpg,image_01018.jpg,20.865520477294922
1018,/nas-ctm01/datasets/public/Oxford102Flowers/jpg/image_01019.jpg,image_01019.jpg,21.50644874572754
1019,/nas-ctm01/datasets/public/Oxford102Flowers/jpg/image_01020.jpg,image_01020.jpg,21.545101165771484
1020,/nas-ctm01/datasets/public/Oxford102Flowers/jpg/image_01021.jpg,image_01021.jpg,21.478256225585938
1021,/nas-ctm01/datasets/public/Oxford102Flowers/jpg/image_01022.jpg,image_01022.jpg,21.35689926147461
1022,/nas-ctm01/datasets/public/Oxford102Flowers/jpg/image_01023.jpg,image_01023.jpg,21.15441131591797
1023,/nas-ctm01/datasets/public/Oxford102Flowers/jpg/image_01024.jpg,image_01024.jpg,20.89219093322754
1024,/nas-ctm01/datasets/public/Oxford102Flowers/jpg/image_01025.jpg,image_01025.jpg,21.273290634155273
1025,/nas-ctm01/datasets/public/Oxford102Flowers/jpg/image_01026.jpg,image_01026.jpg,21.32054328918457
1026,/nas-ctm01/datasets/public/Oxford102Flowers/jpg/image_01027.jpg,image_01027.jpg,21.264789581298828
1027,/nas-ctm01/datasets/public/Oxford102Flowers/jpg/image_01028.jpg,image_01028.jpg,20.80790138244629
1028,/nas-ctm01/datasets/public/Oxford102Flowers/jpg/image_01029.jpg,image_01029.jpg,21.38577651977539
1029,/nas-ctm01/datasets/public/Oxford102Flowers/jpg/image_01030.jpg,image_01030.jpg,21.524154663085938
1030,/nas-ctm01/datasets/public/Oxford102Flowers/jpg/image_01031.jpg,image_01031.jpg,20.94877052307129
1031,/nas-ctm01/datasets/public/Oxford102Flowers/jpg/image_01032.jpg,image_01032.jpg,21.139253616333008
1032,/nas-ctm01/datasets/public/Oxford102Flowers/jpg/image_01033.jpg,image_01033.jpg,21.185285568237305
1033,/nas-ctm01/datasets/public/Oxford102Flowers/jpg/image_01034.jpg,image_01034.jpg,20.77802276611328
1034,/nas-ctm01/datasets/public/Oxford102Flowers/jpg/image_01035.jpg,image_01035.jpg,21.323196411132812
1035,/nas-ctm01/datasets/public/Oxford102Flowers/jpg/image_01036.jpg,image_01036.jpg,21.336055755615234
1036,/nas-ctm01/datasets/public/Oxford102Flowers/jpg/image_01037.jpg,image_01037.jpg,21.631406784057617
1037,/nas-ctm01/datasets/public/Oxford102Flowers/jpg/image_01038.jpg,image_01038.jpg,20.590333938598633
1038,/nas-ctm01/datasets/public/Oxford102Flowers/jpg/image_01039.jpg,image_01039.jpg,21.428627014160156
1039,/nas-ctm01/datasets/public/Oxford102Flowers/jpg/image_01040.jpg,image_01040.jpg,21.77134895324707
1040,/nas-ctm01/datasets/public/Oxford102Flowers/jpg/image_01041.jpg,image_01041.jpg,21.579540252685547
1041,/nas-ctm01/datasets/public/Oxford102Flowers/jpg/image_01042.jpg,image_01042.jpg,21.789827346801758
1042,/nas-ctm01/datasets/public/Oxford102Flowers/jpg/image_01043.jpg,image_01043.jpg,21.711355209350586
1043,/nas-ctm01/datasets/public/Oxford102Flowers/jpg/image_01044.jpg,image_01044.jpg,21.782424926757812
1044,/nas-ctm01/datasets/public/Oxford102Flowers/jpg/image_01045.jpg,image_01045.jpg,21.54656982421875
1045,/nas-ctm01/datasets/public/Oxford102Flowers/jpg/image_01046.jpg,image_01046.jpg,21.505840301513672
1046,/nas-ctm01/datasets/public/Oxford102Flowers/jpg/image_01047.jpg,image_01047.jpg,21.13750457763672
1047,/nas-ctm01/datasets/public/Oxford102Flowers/jpg/image_01048.jpg,image_01048.jpg,21.15571403503418
1048,/nas-ctm01/datasets/public/Oxford102Flowers/jpg/image_01049.jpg,image_01049.jpg,21.36311149597168
1049,/nas-ctm01/datasets/public/Oxford102Flowers/jpg/image_01050.jpg,image_01050.jpg,21.331314086914062
1050,/nas-ctm01/datasets/public/Oxford102Flowers/jpg/image_01051.jpg,image_01051.jpg,21.063386917114258
1051,/nas-ctm01/datasets/public/Oxford102Flowers/jpg/image_01052.jpg,image_01052.jpg,21.616844177246094
1052,/nas-ctm01/datasets/public/Oxford102Flowers/jpg/image_01053.jpg,image_01053.jpg,20.740741729736328
1053,/nas-ctm01/datasets/public/Oxford102Flowers/jpg/image_01054.jpg,image_01054.jpg,21.347749710083008
1054,/nas-ctm01/datasets/public/Oxford102Flowers/jpg/image_01055.jpg,image_01055.jpg,21.294618606567383
1055,/nas-ctm01/datasets/public/Oxford102Flowers/jpg/image_01056.jpg,image_01056.jpg,20.9449520111084
1056,/nas-ctm01/datasets/public/Oxford102Flowers/jpg/image_01057.jpg,image_01057.jpg,21.397241592407227
1057,/nas-ctm01/datasets/public/Oxford102Flowers/jpg/image_01058.jpg,image_01058.jpg,20.755605697631836
1058,/nas-ctm01/datasets/public/Oxford102Flowers/jpg/image_01059.jpg,image_01059.jpg,21.15610122680664
1059,/nas-ctm01/datasets/public/Oxford102Flowers/jpg/image_01060.jpg,image_01060.jpg,21.512447357177734
1060,/nas-ctm01/datasets/public/Oxford102Flowers/jpg/image_01061.jpg,image_01061.jpg,21.4342098236084
1061,/nas-ctm01/datasets/public/Oxford102Flowers/jpg/image_01062.jpg,image_01062.jpg,21.025005340576172
1062,/nas-ctm01/datasets/public/Oxford102Flowers/jpg/image_01063.jpg,image_01063.jpg,21.330392837524414
1063,/nas-ctm01/datasets/public/Oxford102Flowers/jpg/image_01064.jpg,image_01064.jpg,21.254140853881836
1064,/nas-ctm01/datasets/public/Oxford102Flowers/jpg/image_01065.jpg,image_01065.jpg,21.3626766204834
1065,/nas-ctm01/datasets/public/Oxford102Flowers/jpg/image_01066.jpg,image_01066.jpg,21.34308433532715
1066,/nas-ctm01/datasets/public/Oxford102Flowers/jpg/image_01067.jpg,image_01067.jpg,21.139205932617188
1067,/nas-ctm01/datasets/public/Oxford102Flowers/jpg/image_01068.jpg,image_01068.jpg,20.383056640625
1068,/nas-ctm01/datasets/public/Oxford102Flowers/jpg/image_01069.jpg,image_01069.jpg,21.159589767456055
1069,/nas-ctm01/datasets/public/Oxford102Flowers/jpg/image_01070.jpg,image_01070.jpg,21.45781898498535
1070,/nas-ctm01/datasets/public/Oxford102Flowers/jpg/image_01071.jpg,image_01071.jpg,21.842344284057617
1071,/nas-ctm01/datasets/public/Oxford102Flowers/jpg/image_01072.jpg,image_01072.jpg,21.435808181762695
1072,/nas-ctm01/datasets/public/Oxford102Flowers/jpg/image_01073.jpg,image_01073.jpg,21.791574478149414
1073,/nas-ctm01/datasets/public/Oxford102Flowers/jpg/image_01074.jpg,image_01074.jpg,20.945775985717773
1074,/nas-ctm01/datasets/public/Oxford102Flowers/jpg/image_01075.jpg,image_01075.jpg,21.948102951049805
1075,/nas-ctm01/datasets/public/Oxford102Flowers/jpg/image_01076.jpg,image_01076.jpg,21.483936309814453
1076,/nas-ctm01/datasets/public/Oxford102Flowers/jpg/image_01077.jpg,image_01077.jpg,21.23447036743164
1077,/nas-ctm01/datasets/public/Oxford102Flowers/jpg/image_01078.jpg,image_01078.jpg,21.18315887451172
1078,/nas-ctm01/datasets/public/Oxford102Flowers/jpg/image_01079.jpg,image_01079.jpg,21.772506713867188
1079,/nas-ctm01/datasets/public/Oxford102Flowers/jpg/image_01080.jpg,image_01080.jpg,21.649433135986328
1080,/nas-ctm01/datasets/public/Oxford102Flowers/jpg/image_01081.jpg,image_01081.jpg,20.74529266357422
1081,/nas-ctm01/datasets/public/Oxford102Flowers/jpg/image_01082.jpg,image_01082.jpg,21.374696731567383
1082,/nas-ctm01/datasets/public/Oxford102Flowers/jpg/image_01083.jpg,image_01083.jpg,20.95209503173828
1083,/nas-ctm01/datasets/public/Oxford102Flowers/jpg/image_01084.jpg,image_01084.jpg,21.024803161621094
1084,/nas-ctm01/datasets/public/Oxford102Flowers/jpg/image_01085.jpg,image_01085.jpg,20.95650291442871
1085,/nas-ctm01/datasets/public/Oxford102Flowers/jpg/image_01086.jpg,image_01086.jpg,21.291078567504883
1086,/nas-ctm01/datasets/public/Oxford102Flowers/jpg/image_01087.jpg,image_01087.jpg,21.04056167602539
1087,/nas-ctm01/datasets/public/Oxford102Flowers/jpg/image_01088.jpg,image_01088.jpg,21.459693908691406
1088,/nas-ctm01/datasets/public/Oxford102Flowers/jpg/image_01089.jpg,image_01089.jpg,21.14864158630371
1089,/nas-ctm01/datasets/public/Oxford102Flowers/jpg/image_01090.jpg,image_01090.jpg,20.74653434753418
1090,/nas-ctm01/datasets/public/Oxford102Flowers/jpg/image_01091.jpg,image_01091.jpg,21.593740463256836
1091,/nas-ctm01/datasets/public/Oxford102Flowers/jpg/image_01092.jpg,image_01092.jpg,21.332284927368164
1092,/nas-ctm01/datasets/public/Oxford102Flowers/jpg/image_01093.jpg,image_01093.jpg,21.298721313476562
1093,/nas-ctm01/datasets/public/Oxford102Flowers/jpg/image_01094.jpg,image_01094.jpg,20.82343864440918
1094,/nas-ctm01/datasets/public/Oxford102Flowers/jpg/image_01095.jpg,image_01095.jpg,21.430570602416992
1095,/nas-ctm01/datasets/public/Oxford102Flowers/jpg/image_01096.jpg,image_01096.jpg,21.232707977294922
1096,/nas-ctm01/datasets/public/Oxford102Flowers/jpg/image_01097.jpg,image_01097.jpg,21.128334045410156
1097,/nas-ctm01/datasets/public/Oxford102Flowers/jpg/image_01098.jpg,image_01098.jpg,21.247560501098633
1098,/nas-ctm01/datasets/public/Oxford102Flowers/jpg/image_01099.jpg,image_01099.jpg,21.322330474853516
1099,/nas-ctm01/datasets/public/Oxford102Flowers/jpg/image_01100.jpg,image_01100.jpg,20.90648651123047
1100,/nas-ctm01/datasets/public/Oxford102Flowers/jpg/image_01101.jpg,image_01101.jpg,21.47861671447754
1101,/nas-ctm01/datasets/public/Oxford102Flowers/jpg/image_01102.jpg,image_01102.jpg,21.524858474731445
1102,/nas-ctm01/datasets/public/Oxford102Flowers/jpg/image_01103.jpg,image_01103.jpg,21.34695816040039
1103,/nas-ctm01/datasets/public/Oxford102Flowers/jpg/image_01104.jpg,image_01104.jpg,21.597131729125977
1104,/nas-ctm01/datasets/public/Oxford102Flowers/jpg/image_01105.jpg,image_01105.jpg,21.503093719482422
1105,/nas-ctm01/datasets/public/Oxford102Flowers/jpg/image_01106.jpg,image_01106.jpg,21.040382385253906
1106,/nas-ctm01/datasets/public/Oxford102Flowers/jpg/image_01107.jpg,image_01107.jpg,21.205074310302734
1107,/nas-ctm01/datasets/public/Oxford102Flowers/jpg/image_01108.jpg,image_01108.jpg,21.458587646484375
1108,/nas-ctm01/datasets/public/Oxford102Flowers/jpg/image_01109.jpg,image_01109.jpg,21.49986457824707
1109,/nas-ctm01/datasets/public/Oxford102Flowers/jpg/image_01110.jpg,image_01110.jpg,21.262126922607422
1110,/nas-ctm01/datasets/public/Oxford102Flowers/jpg/image_01111.jpg,image_01111.jpg,20.687110900878906
1111,/nas-ctm01/datasets/public/Oxford102Flowers/jpg/image_01112.jpg,image_01112.jpg,21.36480712890625
1112,/nas-ctm01/datasets/public/Oxford102Flowers/jpg/image_01113.jpg,image_01113.jpg,21.57910919189453
1113,/nas-ctm01/datasets/public/Oxford102Flowers/jpg/image_01114.jpg,image_01114.jpg,20.916610717773438
1114,/nas-ctm01/datasets/public/Oxford102Flowers/jpg/image_01115.jpg,image_01115.jpg,20.712553024291992
1115,/nas-ctm01/datasets/public/Oxford102Flowers/jpg/image_01116.jpg,image_01116.jpg,21.357975006103516
1116,/nas-ctm01/datasets/public/Oxford102Flowers/jpg/image_01117.jpg,image_01117.jpg,21.218708038330078
1117,/nas-ctm01/datasets/public/Oxford102Flowers/jpg/image_01118.jpg,image_01118.jpg,21.57564353942871
1118,/nas-ctm01/datasets/public/Oxford102Flowers/jpg/image_01119.jpg,image_01119.jpg,21.675546646118164
1119,/nas-ctm01/datasets/public/Oxford102Flowers/jpg/image_01120.jpg,image_01120.jpg,21.70332145690918
1120,/nas-ctm01/datasets/public/Oxford102Flowers/jpg/image_01121.jpg,image_01121.jpg,21.060007095336914
1121,/nas-ctm01/datasets/public/Oxford102Flowers/jpg/image_01122.jpg,image_01122.jpg,21.172025680541992
1122,/nas-ctm01/datasets/public/Oxford102Flowers/jpg/image_01123.jpg,image_01123.jpg,21.083471298217773
1123,/nas-ctm01/datasets/public/Oxford102Flowers/jpg/image_01124.jpg,image_01124.jpg,21.487565994262695
1124,/nas-ctm01/datasets/public/Oxford102Flowers/jpg/image_01125.jpg,image_01125.jpg,21.8286075592041
1125,/nas-ctm01/datasets/public/Oxford102Flowers/jpg/image_01126.jpg,image_01126.jpg,21.663806915283203
1126,/nas-ctm01/datasets/public/Oxford102Flowers/jpg/image_01127.jpg,image_01127.jpg,21.30937957763672
1127,/nas-ctm01/datasets/public/Oxford102Flowers/jpg/image_01128.jpg,image_01128.jpg,21.45891761779785
1128,/nas-ctm01/datasets/public/Oxford102Flowers/jpg/image_01129.jpg,image_01129.jpg,21.30325698852539
1129,/nas-ctm01/datasets/public/Oxford102Flowers/jpg/image_01130.jpg,image_01130.jpg,21.51982879638672
1130,/nas-ctm01/datasets/public/Oxford102Flowers/jpg/image_01131.jpg,image_01131.jpg,20.943803787231445
1131,/nas-ctm01/datasets/public/Oxford102Flowers/jpg/image_01132.jpg,image_01132.jpg,21.272275924682617
1132,/nas-ctm01/datasets/public/Oxford102Flowers/jpg/image_01133.jpg,image_01133.jpg,21.422243118286133
1133,/nas-ctm01/datasets/public/Oxford102Flowers/jpg/image_01134.jpg,image_01134.jpg,21.153127670288086
1134,/nas-ctm01/datasets/public/Oxford102Flowers/jpg/image_01135.jpg,image_01135.jpg,20.782331466674805
1135,/nas-ctm01/datasets/public/Oxford102Flowers/jpg/image_01136.jpg,image_01136.jpg,20.98847198486328
1136,/nas-ctm01/datasets/public/Oxford102Flowers/jpg/image_01137.jpg,image_01137.jpg,21.428274154663086
1137,/nas-ctm01/datasets/public/Oxford102Flowers/jpg/image_01138.jpg,image_01138.jpg,21.445362091064453
1138,/nas-ctm01/datasets/public/Oxford102Flowers/jpg/image_01139.jpg,image_01139.jpg,21.24827766418457
1139,/nas-ctm01/datasets/public/Oxford102Flowers/jpg/image_01140.jpg,image_01140.jpg,20.843698501586914
1140,/nas-ctm01/datasets/public/Oxford102Flowers/jpg/image_01141.jpg,image_01141.jpg,20.716930389404297
1141,/nas-ctm01/datasets/public/Oxford102Flowers/jpg/image_01142.jpg,image_01142.jpg,20.947818756103516
1142,/nas-ctm01/datasets/public/Oxford102Flowers/jpg/image_01143.jpg,image_01143.jpg,22.22494888305664
1143,/nas-ctm01/datasets/public/Oxford102Flowers/jpg/image_01144.jpg,image_01144.jpg,22.953086853027344
1144,/nas-ctm01/datasets/public/Oxford102Flowers/jpg/image_01145.jpg,image_01145.jpg,21.88688850402832
1145,/nas-ctm01/datasets/public/Oxford102Flowers/jpg/image_01146.jpg,image_01146.jpg,22.67426872253418
1146,/nas-ctm01/datasets/public/Oxford102Flowers/jpg/image_01147.jpg,image_01147.jpg,21.480518341064453
1147,/nas-ctm01/datasets/public/Oxford102Flowers/jpg/image_01148.jpg,image_01148.jpg,21.74230194091797
1148,/nas-ctm01/datasets/public/Oxford102Flowers/jpg/image_01149.jpg,image_01149.jpg,21.876239776611328
1149,/nas-ctm01/datasets/public/Oxford102Flowers/jpg/image_01150.jpg,image_01150.jpg,22.098735809326172
1150,/nas-ctm01/datasets/public/Oxford102Flowers/jpg/image_01151.jpg,image_01151.jpg,22.339920043945312
1151,/nas-ctm01/datasets/public/Oxford102Flowers/jpg/image_01152.jpg,image_01152.jpg,21.70941162109375
1152,/nas-ctm01/datasets/public/Oxford102Flowers/jpg/image_01153.jpg,image_01153.jpg,21.723371505737305
1153,/nas-ctm01/datasets/public/Oxford102Flowers/jpg/image_01154.jpg,image_01154.jpg,22.579524993896484
1154,/nas-ctm01/datasets/public/Oxford102Flowers/jpg/image_01155.jpg,image_01155.jpg,21.59659767150879
1155,/nas-ctm01/datasets/public/Oxford102Flowers/jpg/image_01156.jpg,image_01156.jpg,22.286649703979492
1156,/nas-ctm01/datasets/public/Oxford102Flowers/jpg/image_01157.jpg,image_01157.jpg,22.573570251464844
1157,/nas-ctm01/datasets/public/Oxford102Flowers/jpg/image_01158.jpg,image_01158.jpg,21.64243507385254
1158,/nas-ctm01/datasets/public/Oxford102Flowers/jpg/image_01159.jpg,image_01159.jpg,20.743961334228516
1159,/nas-ctm01/datasets/public/Oxford102Flowers/jpg/image_01160.jpg,image_01160.jpg,22.775026321411133
1160,/nas-ctm01/datasets/public/Oxford102Flowers/jpg/image_01161.jpg,image_01161.jpg,21.95203971862793
1161,/nas-ctm01/datasets/public/Oxford102Flowers/jpg/image_01162.jpg,image_01162.jpg,22.725038528442383
1162,/nas-ctm01/datasets/public/Oxford102Flowers/jpg/image_01163.jpg,image_01163.jpg,22.141321182250977
1163,/nas-ctm01/datasets/public/Oxford102Flowers/jpg/image_01164.jpg,image_01164.jpg,21.75214958190918
1164,/nas-ctm01/datasets/public/Oxford102Flowers/jpg/image_01165.jpg,image_01165.jpg,22.91953468322754
1165,/nas-ctm01/datasets/public/Oxford102Flowers/jpg/image_01166.jpg,image_01166.jpg,21.804304122924805
1166,/nas-ctm01/datasets/public/Oxford102Flowers/jpg/image_01167.jpg,image_01167.jpg,21.772586822509766
1167,/nas-ctm01/datasets/public/Oxford102Flowers/jpg/image_01168.jpg,image_01168.jpg,23.396644592285156
1168,/nas-ctm01/datasets/public/Oxford102Flowers/jpg/image_01169.jpg,image_01169.jpg,22.3543758392334
1169,/nas-ctm01/datasets/public/Oxford102Flowers/jpg/image_01170.jpg,image_01170.jpg,21.807817459106445
1170,/nas-ctm01/datasets/public/Oxford102Flowers/jpg/image_01171.jpg,image_01171.jpg,22.497390747070312
1171,/nas-ctm01/datasets/public/Oxford102Flowers/jpg/image_01172.jpg,image_01172.jpg,22.211483001708984
1172,/nas-ctm01/datasets/public/Oxford102Flowers/jpg/image_01173.jpg,image_01173.jpg,22.23256492614746
1173,/nas-ctm01/datasets/public/Oxford102Flowers/jpg/image_01174.jpg,image_01174.jpg,20.90920066833496
1174,/nas-ctm01/datasets/public/Oxford102Flowers/jpg/image_01175.jpg,image_01175.jpg,21.090660095214844
1175,/nas-ctm01/datasets/public/Oxford102Flowers/jpg/image_01176.jpg,image_01176.jpg,21.475605010986328
1176,/nas-ctm01/datasets/public/Oxford102Flowers/jpg/image_01177.jpg,image_01177.jpg,22.266462326049805
1177,/nas-ctm01/datasets/public/Oxford102Flowers/jpg/image_01178.jpg,image_01178.jpg,22.18673324584961
1178,/nas-ctm01/datasets/public/Oxford102Flowers/jpg/image_01179.jpg,image_01179.jpg,21.56376075744629
1179,/nas-ctm01/datasets/public/Oxford102Flowers/jpg/image_01180.jpg,image_01180.jpg,22.330278396606445
1180,/nas-ctm01/datasets/public/Oxford102Flowers/jpg/image_01181.jpg,image_01181.jpg,22.877412796020508
1181,/nas-ctm01/datasets/public/Oxford102Flowers/jpg/image_01182.jpg,image_01182.jpg,21.409610748291016
1182,/nas-ctm01/datasets/public/Oxford102Flowers/jpg/image_01183.jpg,image_01183.jpg,21.440326690673828
1183,/nas-ctm01/datasets/public/Oxford102Flowers/jpg/image_01184.jpg,image_01184.jpg,21.698055267333984
1184,/nas-ctm01/datasets/public/Oxford102Flowers/jpg/image_01185.jpg,image_01185.jpg,22.127073287963867
1185,/nas-ctm01/datasets/public/Oxford102Flowers/jpg/image_01186.jpg,image_01186.jpg,21.900989532470703
1186,/nas-ctm01/datasets/public/Oxford102Flowers/jpg/image_01187.jpg,image_01187.jpg,21.728126525878906
1187,/nas-ctm01/datasets/public/Oxford102Flowers/jpg/image_01188.jpg,image_01188.jpg,22.35149574279785
1188,/nas-ctm01/datasets/public/Oxford102Flowers/jpg/image_01189.jpg,image_01189.jpg,22.33974838256836
1189,/nas-ctm01/datasets/public/Oxford102Flowers/jpg/image_01190.jpg,image_01190.jpg,22.491159439086914
1190,/nas-ctm01/datasets/public/Oxford102Flowers/jpg/image_01191.jpg,image_01191.jpg,21.699825286865234
1191,/nas-ctm01/datasets/public/Oxford102Flowers/jpg/image_01192.jpg,image_01192.jpg,22.09328842163086
1192,/nas-ctm01/datasets/public/Oxford102Flowers/jpg/image_01193.jpg,image_01193.jpg,22.105796813964844
1193,/nas-ctm01/datasets/public/Oxford102Flowers/jpg/image_01194.jpg,image_01194.jpg,22.940349578857422
1194,/nas-ctm01/datasets/public/Oxford102Flowers/jpg/image_01195.jpg,image_01195.jpg,22.593494415283203
1195,/nas-ctm01/datasets/public/Oxford102Flowers/jpg/image_01196.jpg,image_01196.jpg,21.50251579284668
1196,/nas-ctm01/datasets/public/Oxford102Flowers/jpg/image_01197.jpg,image_01197.jpg,22.342063903808594
1197,/nas-ctm01/datasets/public/Oxford102Flowers/jpg/image_01198.jpg,image_01198.jpg,22.384658813476562
1198,/nas-ctm01/datasets/public/Oxford102Flowers/jpg/image_01199.jpg,image_01199.jpg,22.526477813720703
1199,/nas-ctm01/datasets/public/Oxford102Flowers/jpg/image_01200.jpg,image_01200.jpg,22.876306533813477
1200,/nas-ctm01/datasets/public/Oxford102Flowers/jpg/image_01201.jpg,image_01201.jpg,21.210329055786133
1201,/nas-ctm01/datasets/public/Oxford102Flowers/jpg/image_01202.jpg,image_01202.jpg,22.411239624023438
1202,/nas-ctm01/datasets/public/Oxford102Flowers/jpg/image_01203.jpg,image_01203.jpg,22.84972381591797
1203,/nas-ctm01/datasets/public/Oxford102Flowers/jpg/image_01204.jpg,image_01204.jpg,22.920717239379883
1204,/nas-ctm01/datasets/public/Oxford102Flowers/jpg/image_01205.jpg,image_01205.jpg,22.218547821044922
1205,/nas-ctm01/datasets/public/Oxford102Flowers/jpg/image_01206.jpg,image_01206.jpg,22.766353607177734
1206,/nas-ctm01/datasets/public/Oxford102Flowers/jpg/image_01207.jpg,image_01207.jpg,22.157508850097656
1207,/nas-ctm01/datasets/public/Oxford102Flowers/jpg/image_01208.jpg,image_01208.jpg,22.34059715270996
1208,/nas-ctm01/datasets/public/Oxford102Flowers/jpg/image_01209.jpg,image_01209.jpg,22.135225296020508
1209,/nas-ctm01/datasets/public/Oxford102Flowers/jpg/image_01210.jpg,image_01210.jpg,22.505630493164062
1210,/nas-ctm01/datasets/public/Oxford102Flowers/jpg/image_01211.jpg,image_01211.jpg,22.13306999206543
1211,/nas-ctm01/datasets/public/Oxford102Flowers/jpg/image_01212.jpg,image_01212.jpg,22.234512329101562
1212,/nas-ctm01/datasets/public/Oxford102Flowers/jpg/image_01213.jpg,image_01213.jpg,21.11526870727539
1213,/nas-ctm01/datasets/public/Oxford102Flowers/jpg/image_01214.jpg,image_01214.jpg,22.63378143310547
1214,/nas-ctm01/datasets/public/Oxford102Flowers/jpg/image_01215.jpg,image_01215.jpg,22.00868034362793
1215,/nas-ctm01/datasets/public/Oxford102Flowers/jpg/image_01216.jpg,image_01216.jpg,22.737285614013672
1216,/nas-ctm01/datasets/public/Oxford102Flowers/jpg/image_01217.jpg,image_01217.jpg,22.576072692871094
1217,/nas-ctm01/datasets/public/Oxford102Flowers/jpg/image_01218.jpg,image_01218.jpg,22.038387298583984
1218,/nas-ctm01/datasets/public/Oxford102Flowers/jpg/image_01219.jpg,image_01219.jpg,21.94743537902832
1219,/nas-ctm01/datasets/public/Oxford102Flowers/jpg/image_01220.jpg,image_01220.jpg,22.206369400024414
1220,/nas-ctm01/datasets/public/Oxford102Flowers/jpg/image_01221.jpg,image_01221.jpg,21.332134246826172
1221,/nas-ctm01/datasets/public/Oxford102Flowers/jpg/image_01222.jpg,image_01222.jpg,22.99578285217285
1222,/nas-ctm01/datasets/public/Oxford102Flowers/jpg/image_01223.jpg,image_01223.jpg,22.68900489807129
1223,/nas-ctm01/datasets/public/Oxford102Flowers/jpg/image_01224.jpg,image_01224.jpg,22.211320877075195
1224,/nas-ctm01/datasets/public/Oxford102Flowers/jpg/image_01225.jpg,image_01225.jpg,22.112716674804688
1225,/nas-ctm01/datasets/public/Oxford102Flowers/jpg/image_01226.jpg,image_01226.jpg,22.435382843017578
1226,/nas-ctm01/datasets/public/Oxford102Flowers/jpg/image_01227.jpg,image_01227.jpg,22.344575881958008
1227,/nas-ctm01/datasets/public/Oxford102Flowers/jpg/image_01228.jpg,image_01228.jpg,21.799911499023438
1228,/nas-ctm01/datasets/public/Oxford102Flowers/jpg/image_01229.jpg,image_01229.jpg,22.499467849731445
1229,/nas-ctm01/datasets/public/Oxford102Flowers/jpg/image_01230.jpg,image_01230.jpg,21.990684509277344
1230,/nas-ctm01/datasets/public/Oxford102Flowers/jpg/image_01231.jpg,image_01231.jpg,22.179275512695312
1231,/nas-ctm01/datasets/public/Oxford102Flowers/jpg/image_01232.jpg,image_01232.jpg,22.015819549560547
1232,/nas-ctm01/datasets/public/Oxford102Flowers/jpg/image_01233.jpg,image_01233.jpg,21.332578659057617
1233,/nas-ctm01/datasets/public/Oxford102Flowers/jpg/image_01234.jpg,image_01234.jpg,21.803380966186523
1234,/nas-ctm01/datasets/public/Oxford102Flowers/jpg/image_01235.jpg,image_01235.jpg,22.1541690826416
1235,/nas-ctm01/datasets/public/Oxford102Flowers/jpg/image_01236.jpg,image_01236.jpg,22.65353775024414
1236,/nas-ctm01/datasets/public/Oxford102Flowers/jpg/image_01237.jpg,image_01237.jpg,21.508699417114258
1237,/nas-ctm01/datasets/public/Oxford102Flowers/jpg/image_01238.jpg,image_01238.jpg,21.114288330078125
1238,/nas-ctm01/datasets/public/Oxford102Flowers/jpg/image_01239.jpg,image_01239.jpg,22.88478660583496
1239,/nas-ctm01/datasets/public/Oxford102Flowers/jpg/image_01240.jpg,image_01240.jpg,22.452545166015625
1240,/nas-ctm01/datasets/public/Oxford102Flowers/jpg/image_01241.jpg,image_01241.jpg,22.542381286621094
1241,/nas-ctm01/datasets/public/Oxford102Flowers/jpg/image_01242.jpg,image_01242.jpg,22.243677139282227
1242,/nas-ctm01/datasets/public/Oxford102Flowers/jpg/image_01243.jpg,image_01243.jpg,21.915454864501953
1243,/nas-ctm01/datasets/public/Oxford102Flowers/jpg/image_01244.jpg,image_01244.jpg,22.2149658203125
1244,/nas-ctm01/datasets/public/Oxford102Flowers/jpg/image_01245.jpg,image_01245.jpg,21.8621768951416
1245,/nas-ctm01/datasets/public/Oxford102Flowers/jpg/image_01246.jpg,image_01246.jpg,21.643407821655273
1246,/nas-ctm01/datasets/public/Oxford102Flowers/jpg/image_01247.jpg,image_01247.jpg,21.847957611083984
1247,/nas-ctm01/datasets/public/Oxford102Flowers/jpg/image_01248.jpg,image_01248.jpg,20.425046920776367
1248,/nas-ctm01/datasets/public/Oxford102Flowers/jpg/image_01249.jpg,image_01249.jpg,22.062301635742188
1249,/nas-ctm01/datasets/public/Oxford102Flowers/jpg/image_01250.jpg,image_01250.jpg,22.582679748535156
1250,/nas-ctm01/datasets/public/Oxford102Flowers/jpg/image_01251.jpg,image_01251.jpg,22.27703094482422
1251,/nas-ctm01/datasets/public/Oxford102Flowers/jpg/image_01252.jpg,image_01252.jpg,22.27751350402832
1252,/nas-ctm01/datasets/public/Oxford102Flowers/jpg/image_01253.jpg,image_01253.jpg,23.015718460083008
1253,/nas-ctm01/datasets/public/Oxford102Flowers/jpg/image_01254.jpg,image_01254.jpg,22.788740158081055
1254,/nas-ctm01/datasets/public/Oxford102Flowers/jpg/image_01255.jpg,image_01255.jpg,22.186622619628906
1255,/nas-ctm01/datasets/public/Oxford102Flowers/jpg/image_01256.jpg,image_01256.jpg,21.602293014526367
1256,/nas-ctm01/datasets/public/Oxford102Flowers/jpg/image_01257.jpg,image_01257.jpg,21.275678634643555
1257,/nas-ctm01/datasets/public/Oxford102Flowers/jpg/image_01258.jpg,image_01258.jpg,22.705524444580078
1258,/nas-ctm01/datasets/public/Oxford102Flowers/jpg/image_01259.jpg,image_01259.jpg,21.8673095703125
1259,/nas-ctm01/datasets/public/Oxford102Flowers/jpg/image_01260.jpg,image_01260.jpg,21.9356632232666
1260,/nas-ctm01/datasets/public/Oxford102Flowers/jpg/image_01261.jpg,image_01261.jpg,21.948091506958008
1261,/nas-ctm01/datasets/public/Oxford102Flowers/jpg/image_01262.jpg,image_01262.jpg,22.325363159179688
1262,/nas-ctm01/datasets/public/Oxford102Flowers/jpg/image_01263.jpg,image_01263.jpg,22.867403030395508
1263,/nas-ctm01/datasets/public/Oxford102Flowers/jpg/image_01264.jpg,image_01264.jpg,22.30504035949707
1264,/nas-ctm01/datasets/public/Oxford102Flowers/jpg/image_01265.jpg,image_01265.jpg,22.742252349853516
1265,/nas-ctm01/datasets/public/Oxford102Flowers/jpg/image_01266.jpg,image_01266.jpg,22.16991424560547
1266,/nas-ctm01/datasets/public/Oxford102Flowers/jpg/image_01267.jpg,image_01267.jpg,22.786495208740234
1267,/nas-ctm01/datasets/public/Oxford102Flowers/jpg/image_01268.jpg,image_01268.jpg,22.517478942871094
1268,/nas-ctm01/datasets/public/Oxford102Flowers/jpg/image_01269.jpg,image_01269.jpg,22.827672958374023
1269,/nas-ctm01/datasets/public/Oxford102Flowers/jpg/image_01270.jpg,image_01270.jpg,23.23516845703125
1270,/nas-ctm01/datasets/public/Oxford102Flowers/jpg/image_01271.jpg,image_01271.jpg,22.719032287597656
1271,/nas-ctm01/datasets/public/Oxford102Flowers/jpg/image_01272.jpg,image_01272.jpg,22.431560516357422
1272,/nas-ctm01/datasets/public/Oxford102Flowers/jpg/image_01273.jpg,image_01273.jpg,21.611188888549805
1273,/nas-ctm01/datasets/public/Oxford102Flowers/jpg/image_01274.jpg,image_01274.jpg,21.98973846435547
1274,/nas-ctm01/datasets/public/Oxford102Flowers/jpg/image_01275.jpg,image_01275.jpg,22.585094451904297
1275,/nas-ctm01/datasets/public/Oxford102Flowers/jpg/image_01276.jpg,image_01276.jpg,22.13599967956543
1276,/nas-ctm01/datasets/public/Oxford102Flowers/jpg/image_01277.jpg,image_01277.jpg,22.987451553344727
1277,/nas-ctm01/datasets/public/Oxford102Flowers/jpg/image_01278.jpg,image_01278.jpg,21.081710815429688
1278,/nas-ctm01/datasets/public/Oxford102Flowers/jpg/image_01279.jpg,image_01279.jpg,22.87251853942871
1279,/nas-ctm01/datasets/public/Oxford102Flowers/jpg/image_01280.jpg,image_01280.jpg,21.80360984802246
1280,/nas-ctm01/datasets/public/Oxford102Flowers/jpg/image_01281.jpg,image_01281.jpg,22.41141128540039
1281,/nas-ctm01/datasets/public/Oxford102Flowers/jpg/image_01282.jpg,image_01282.jpg,21.323131561279297
1282,/nas-ctm01/datasets/public/Oxford102Flowers/jpg/image_01283.jpg,image_01283.jpg,22.48042106628418
1283,/nas-ctm01/datasets/public/Oxford102Flowers/jpg/image_01284.jpg,image_01284.jpg,22.692060470581055
1284,/nas-ctm01/datasets/public/Oxford102Flowers/jpg/image_01285.jpg,image_01285.jpg,22.2501163482666
1285,/nas-ctm01/datasets/public/Oxford102Flowers/jpg/image_01286.jpg,image_01286.jpg,21.319400787353516
1286,/nas-ctm01/datasets/public/Oxford102Flowers/jpg/image_01287.jpg,image_01287.jpg,21.758060455322266
1287,/nas-ctm01/datasets/public/Oxford102Flowers/jpg/image_01288.jpg,image_01288.jpg,21.895660400390625
1288,/nas-ctm01/datasets/public/Oxford102Flowers/jpg/image_01289.jpg,image_01289.jpg,22.71489906311035
1289,/nas-ctm01/datasets/public/Oxford102Flowers/jpg/image_01290.jpg,image_01290.jpg,22.647159576416016
1290,/nas-ctm01/datasets/public/Oxford102Flowers/jpg/image_01291.jpg,image_01291.jpg,21.833831787109375
1291,/nas-ctm01/datasets/public/Oxford102Flowers/jpg/image_01292.jpg,image_01292.jpg,22.73031234741211
1292,/nas-ctm01/datasets/public/Oxford102Flowers/jpg/image_01293.jpg,image_01293.jpg,22.944438934326172
1293,/nas-ctm01/datasets/public/Oxford102Flowers/jpg/image_01294.jpg,image_01294.jpg,22.719968795776367
1294,/nas-ctm01/datasets/public/Oxford102Flowers/jpg/image_01295.jpg,image_01295.jpg,22.22587776184082
1295,/nas-ctm01/datasets/public/Oxford102Flowers/jpg/image_01296.jpg,image_01296.jpg,22.834476470947266
1296,/nas-ctm01/datasets/public/Oxford102Flowers/jpg/image_01297.jpg,image_01297.jpg,21.80975341796875
1297,/nas-ctm01/datasets/public/Oxford102Flowers/jpg/image_01298.jpg,image_01298.jpg,21.719846725463867
1298,/nas-ctm01/datasets/public/Oxford102Flowers/jpg/image_01299.jpg,image_01299.jpg,22.27290916442871
1299,/nas-ctm01/datasets/public/Oxford102Flowers/jpg/image_01300.jpg,image_01300.jpg,22.54301643371582
1300,/nas-ctm01/datasets/public/Oxford102Flowers/jpg/image_01301.jpg,image_01301.jpg,22.668224334716797
1301,/nas-ctm01/datasets/public/Oxford102Flowers/jpg/image_01302.jpg,image_01302.jpg,20.845476150512695
1302,/nas-ctm01/datasets/public/Oxford102Flowers/jpg/image_01303.jpg,image_01303.jpg,21.72102165222168
1303,/nas-ctm01/datasets/public/Oxford102Flowers/jpg/image_01304.jpg,image_01304.jpg,23.11220932006836
1304,/nas-ctm01/datasets/public/Oxford102Flowers/jpg/image_01305.jpg,image_01305.jpg,22.879776000976562
1305,/nas-ctm01/datasets/public/Oxford102Flowers/jpg/image_01306.jpg,image_01306.jpg,23.19355583190918
1306,/nas-ctm01/datasets/public/Oxford102Flowers/jpg/image_01307.jpg,image_01307.jpg,22.188735961914062
1307,/nas-ctm01/datasets/public/Oxford102Flowers/jpg/image_01308.jpg,image_01308.jpg,21.82025146484375
1308,/nas-ctm01/datasets/public/Oxford102Flowers/jpg/image_01309.jpg,image_01309.jpg,23.385223388671875
1309,/nas-ctm01/datasets/public/Oxford102Flowers/jpg/image_01310.jpg,image_01310.jpg,21.753368377685547
1310,/nas-ctm01/datasets/public/Oxford102Flowers/jpg/image_01311.jpg,image_01311.jpg,22.538005828857422
1311,/nas-ctm01/datasets/public/Oxford102Flowers/jpg/image_01312.jpg,image_01312.jpg,21.687881469726562
1312,/nas-ctm01/datasets/public/Oxford102Flowers/jpg/image_01313.jpg,image_01313.jpg,21.946975708007812
1313,/nas-ctm01/datasets/public/Oxford102Flowers/jpg/image_01314.jpg,image_01314.jpg,21.72589874267578
1314,/nas-ctm01/datasets/public/Oxford102Flowers/jpg/image_01315.jpg,image_01315.jpg,21.056020736694336
1315,/nas-ctm01/datasets/public/Oxford102Flowers/jpg/image_01316.jpg,image_01316.jpg,21.840606689453125
1316,/nas-ctm01/datasets/public/Oxford102Flowers/jpg/image_01317.jpg,image_01317.jpg,20.576824188232422
1317,/nas-ctm01/datasets/public/Oxford102Flowers/jpg/image_01318.jpg,image_01318.jpg,20.99724769592285
1318,/nas-ctm01/datasets/public/Oxford102Flowers/jpg/image_01319.jpg,image_01319.jpg,21.483549118041992
1319,/nas-ctm01/datasets/public/Oxford102Flowers/jpg/image_01320.jpg,image_01320.jpg,21.196151733398438
1320,/nas-ctm01/datasets/public/Oxford102Flowers/jpg/image_01321.jpg,image_01321.jpg,21.816112518310547
1321,/nas-ctm01/datasets/public/Oxford102Flowers/jpg/image_01322.jpg,image_01322.jpg,21.123598098754883
1322,/nas-ctm01/datasets/public/Oxford102Flowers/jpg/image_01323.jpg,image_01323.jpg,21.89627456665039
1323,/nas-ctm01/datasets/public/Oxford102Flowers/jpg/image_01324.jpg,image_01324.jpg,21.578582763671875
1324,/nas-ctm01/datasets/public/Oxford102Flowers/jpg/image_01325.jpg,image_01325.jpg,21.163196563720703
1325,/nas-ctm01/datasets/public/Oxford102Flowers/jpg/image_01326.jpg,image_01326.jpg,22.147245407104492
1326,/nas-ctm01/datasets/public/Oxford102Flowers/jpg/image_01327.jpg,image_01327.jpg,21.205398559570312
1327,/nas-ctm01/datasets/public/Oxford102Flowers/jpg/image_01328.jpg,image_01328.jpg,22.05903434753418
1328,/nas-ctm01/datasets/public/Oxford102Flowers/jpg/image_01329.jpg,image_01329.jpg,22.130889892578125
1329,/nas-ctm01/datasets/public/Oxford102Flowers/jpg/image_01330.jpg,image_01330.jpg,22.09651756286621
1330,/nas-ctm01/datasets/public/Oxford102Flowers/jpg/image_01331.jpg,image_01331.jpg,22.20548439025879
1331,/nas-ctm01/datasets/public/Oxford102Flowers/jpg/image_01332.jpg,image_01332.jpg,21.710329055786133
1332,/nas-ctm01/datasets/public/Oxford102Flowers/jpg/image_01333.jpg,image_01333.jpg,21.952604293823242
1333,/nas-ctm01/datasets/public/Oxford102Flowers/jpg/image_01334.jpg,image_01334.jpg,21.516050338745117
1334,/nas-ctm01/datasets/public/Oxford102Flowers/jpg/image_01335.jpg,image_01335.jpg,22.203733444213867
1335,/nas-ctm01/datasets/public/Oxford102Flowers/jpg/image_01336.jpg,image_01336.jpg,22.33524513244629
1336,/nas-ctm01/datasets/public/Oxford102Flowers/jpg/image_01337.jpg,image_01337.jpg,21.45246124267578
1337,/nas-ctm01/datasets/public/Oxford102Flowers/jpg/image_01338.jpg,image_01338.jpg,21.844152450561523
1338,/nas-ctm01/datasets/public/Oxford102Flowers/jpg/image_01339.jpg,image_01339.jpg,21.7164363861084
1339,/nas-ctm01/datasets/public/Oxford102Flowers/jpg/image_01340.jpg,image_01340.jpg,21.66231346130371
1340,/nas-ctm01/datasets/public/Oxford102Flowers/jpg/image_01341.jpg,image_01341.jpg,22.30329704284668
1341,/nas-ctm01/datasets/public/Oxford102Flowers/jpg/image_01342.jpg,image_01342.jpg,21.629323959350586
1342,/nas-ctm01/datasets/public/Oxford102Flowers/jpg/image_01343.jpg,image_01343.jpg,21.588266372680664
1343,/nas-ctm01/datasets/public/Oxford102Flowers/jpg/image_01344.jpg,image_01344.jpg,22.963897705078125
1344,/nas-ctm01/datasets/public/Oxford102Flowers/jpg/image_01345.jpg,image_01345.jpg,22.4822998046875
1345,/nas-ctm01/datasets/public/Oxford102Flowers/jpg/image_01346.jpg,image_01346.jpg,22.99871826171875
1346,/nas-ctm01/datasets/public/Oxford102Flowers/jpg/image_01347.jpg,image_01347.jpg,22.271697998046875
1347,/nas-ctm01/datasets/public/Oxford102Flowers/jpg/image_01348.jpg,image_01348.jpg,21.809446334838867
1348,/nas-ctm01/datasets/public/Oxford102Flowers/jpg/image_01349.jpg,image_01349.jpg,21.491796493530273
1349,/nas-ctm01/datasets/public/Oxford102Flowers/jpg/image_01350.jpg,image_01350.jpg,20.686981201171875
1350,/nas-ctm01/datasets/public/Oxford102Flowers/jpg/image_01351.jpg,image_01351.jpg,22.06569480895996
1351,/nas-ctm01/datasets/public/Oxford102Flowers/jpg/image_01352.jpg,image_01352.jpg,21.67496109008789
1352,/nas-ctm01/datasets/public/Oxford102Flowers/jpg/image_01353.jpg,image_01353.jpg,22.653324127197266
1353,/nas-ctm01/datasets/public/Oxford102Flowers/jpg/image_01354.jpg,image_01354.jpg,21.9438419342041
1354,/nas-ctm01/datasets/public/Oxford102Flowers/jpg/image_01355.jpg,image_01355.jpg,20.426807403564453
1355,/nas-ctm01/datasets/public/Oxford102Flowers/jpg/image_01356.jpg,image_01356.jpg,22.85496711730957
1356,/nas-ctm01/datasets/public/Oxford102Flowers/jpg/image_01357.jpg,image_01357.jpg,22.727603912353516
1357,/nas-ctm01/datasets/public/Oxford102Flowers/jpg/image_01358.jpg,image_01358.jpg,20.88475227355957
1358,/nas-ctm01/datasets/public/Oxford102Flowers/jpg/image_01359.jpg,image_01359.jpg,22.015243530273438
1359,/nas-ctm01/datasets/public/Oxford102Flowers/jpg/image_01360.jpg,image_01360.jpg,22.306642532348633
1360,/nas-ctm01/datasets/public/Oxford102Flowers/jpg/image_01361.jpg,image_01361.jpg,21.81233024597168
1361,/nas-ctm01/datasets/public/Oxford102Flowers/jpg/image_01362.jpg,image_01362.jpg,22.016542434692383
1362,/nas-ctm01/datasets/public/Oxford102Flowers/jpg/image_01363.jpg,image_01363.jpg,21.71576690673828
1363,/nas-ctm01/datasets/public/Oxford102Flowers/jpg/image_01364.jpg,image_01364.jpg,21.68974494934082
1364,/nas-ctm01/datasets/public/Oxford102Flowers/jpg/image_01365.jpg,image_01365.jpg,21.455299377441406
1365,/nas-ctm01/datasets/public/Oxford102Flowers/jpg/image_01366.jpg,image_01366.jpg,21.279251098632812
1366,/nas-ctm01/datasets/public/Oxford102Flowers/jpg/image_01367.jpg,image_01367.jpg,21.50519371032715
1367,/nas-ctm01/datasets/public/Oxford102Flowers/jpg/image_01368.jpg,image_01368.jpg,21.67153549194336
1368,/nas-ctm01/datasets/public/Oxford102Flowers/jpg/image_01369.jpg,image_01369.jpg,21.80534553527832
1369,/nas-ctm01/datasets/public/Oxford102Flowers/jpg/image_01370.jpg,image_01370.jpg,21.462865829467773
1370,/nas-ctm01/datasets/public/Oxford102Flowers/jpg/image_01371.jpg,image_01371.jpg,21.327489852905273
1371,/nas-ctm01/datasets/public/Oxford102Flowers/jpg/image_01372.jpg,image_01372.jpg,21.17079734802246
1372,/nas-ctm01/datasets/public/Oxford102Flowers/jpg/image_01373.jpg,image_01373.jpg,21.244958877563477
1373,/nas-ctm01/datasets/public/Oxford102Flowers/jpg/image_01374.jpg,image_01374.jpg,23.082441329956055
1374,/nas-ctm01/datasets/public/Oxford102Flowers/jpg/image_01375.jpg,image_01375.jpg,22.289241790771484
1375,/nas-ctm01/datasets/public/Oxford102Flowers/jpg/image_01376.jpg,image_01376.jpg,21.455970764160156
1376,/nas-ctm01/datasets/public/Oxford102Flowers/jpg/image_01377.jpg,image_01377.jpg,22.777666091918945
1377,/nas-ctm01/datasets/public/Oxford102Flowers/jpg/image_01378.jpg,image_01378.jpg,21.610727310180664
1378,/nas-ctm01/datasets/public/Oxford102Flowers/jpg/image_01379.jpg,image_01379.jpg,21.376205444335938
1379,/nas-ctm01/datasets/public/Oxford102Flowers/jpg/image_01380.jpg,image_01380.jpg,20.502458572387695
1380,/nas-ctm01/datasets/public/Oxford102Flowers/jpg/image_01381.jpg,image_01381.jpg,21.4682559967041
1381,/nas-ctm01/datasets/public/Oxford102Flowers/jpg/image_01382.jpg,image_01382.jpg,21.25532341003418
1382,/nas-ctm01/datasets/public/Oxford102Flowers/jpg/image_01383.jpg,image_01383.jpg,21.164030075073242
1383,/nas-ctm01/datasets/public/Oxford102Flowers/jpg/image_01384.jpg,image_01384.jpg,20.93495750427246
1384,/nas-ctm01/datasets/public/Oxford102Flowers/jpg/image_01385.jpg,image_01385.jpg,21.45131492614746
1385,/nas-ctm01/datasets/public/Oxford102Flowers/jpg/image_01386.jpg,image_01386.jpg,20.87637710571289
1386,/nas-ctm01/datasets/public/Oxford102Flowers/jpg/image_01387.jpg,image_01387.jpg,20.818458557128906
1387,/nas-ctm01/datasets/public/Oxford102Flowers/jpg/image_01388.jpg,image_01388.jpg,20.722116470336914
1388,/nas-ctm01/datasets/public/Oxford102Flowers/jpg/image_01389.jpg,image_01389.jpg,20.59554672241211
1389,/nas-ctm01/datasets/public/Oxford102Flowers/jpg/image_01390.jpg,image_01390.jpg,21.486745834350586
1390,/nas-ctm01/datasets/public/Oxford102Flowers/jpg/image_01391.jpg,image_01391.jpg,20.79959487915039
1391,/nas-ctm01/datasets/public/Oxford102Flowers/jpg/image_01392.jpg,image_01392.jpg,20.8780460357666
1392,/nas-ctm01/datasets/public/Oxford102Flowers/jpg/image_01393.jpg,image_01393.jpg,20.997867584228516
1393,/nas-ctm01/datasets/public/Oxford102Flowers/jpg/image_01394.jpg,image_01394.jpg,20.888259887695312
1394,/nas-ctm01/datasets/public/Oxford102Flowers/jpg/image_01395.jpg,image_01395.jpg,21.145811080932617
1395,/nas-ctm01/datasets/public/Oxford102Flowers/jpg/image_01396.jpg,image_01396.jpg,20.5314884185791
1396,/nas-ctm01/datasets/public/Oxford102Flowers/jpg/image_01397.jpg,image_01397.jpg,20.630456924438477
1397,/nas-ctm01/datasets/public/Oxford102Flowers/jpg/image_01398.jpg,image_01398.jpg,20.88905143737793
1398,/nas-ctm01/datasets/public/Oxford102Flowers/jpg/image_01399.jpg,image_01399.jpg,20.937408447265625
1399,/nas-ctm01/datasets/public/Oxford102Flowers/jpg/image_01400.jpg,image_01400.jpg,20.703664779663086
1400,/nas-ctm01/datasets/public/Oxford102Flowers/jpg/image_01401.jpg,image_01401.jpg,21.102487564086914
1401,/nas-ctm01/datasets/public/Oxford102Flowers/jpg/image_01402.jpg,image_01402.jpg,21.052597045898438
1402,/nas-ctm01/datasets/public/Oxford102Flowers/jpg/image_01403.jpg,image_01403.jpg,20.66762351989746
1403,/nas-ctm01/datasets/public/Oxford102Flowers/jpg/image_01404.jpg,image_01404.jpg,20.61201286315918
1404,/nas-ctm01/datasets/public/Oxford102Flowers/jpg/image_01405.jpg,image_01405.jpg,20.9121150970459
1405,/nas-ctm01/datasets/public/Oxford102Flowers/jpg/image_01406.jpg,image_01406.jpg,20.84540367126465
1406,/nas-ctm01/datasets/public/Oxford102Flowers/jpg/image_01407.jpg,image_01407.jpg,21.373519897460938
1407,/nas-ctm01/datasets/public/Oxford102Flowers/jpg/image_01408.jpg,image_01408.jpg,21.59975242614746
1408,/nas-ctm01/datasets/public/Oxford102Flowers/jpg/image_01409.jpg,image_01409.jpg,20.310195922851562
1409,/nas-ctm01/datasets/public/Oxford102Flowers/jpg/image_01410.jpg,image_01410.jpg,21.600812911987305
1410,/nas-ctm01/datasets/public/Oxford102Flowers/jpg/image_01411.jpg,image_01411.jpg,20.572919845581055
1411,/nas-ctm01/datasets/public/Oxford102Flowers/jpg/image_01412.jpg,image_01412.jpg,20.690998077392578
1412,/nas-ctm01/datasets/public/Oxford102Flowers/jpg/image_01413.jpg,image_01413.jpg,21.197952270507812
1413,/nas-ctm01/datasets/public/Oxford102Flowers/jpg/image_01414.jpg,image_01414.jpg,21.155580520629883
1414,/nas-ctm01/datasets/public/Oxford102Flowers/jpg/image_01415.jpg,image_01415.jpg,20.9898624420166
1415,/nas-ctm01/datasets/public/Oxford102Flowers/jpg/image_01416.jpg,image_01416.jpg,20.333086013793945
1416,/nas-ctm01/datasets/public/Oxford102Flowers/jpg/image_01417.jpg,image_01417.jpg,20.729711532592773
1417,/nas-ctm01/datasets/public/Oxford102Flowers/jpg/image_01418.jpg,image_01418.jpg,20.88673210144043
1418,/nas-ctm01/datasets/public/Oxford102Flowers/jpg/image_01419.jpg,image_01419.jpg,21.0899715423584
1419,/nas-ctm01/datasets/public/Oxford102Flowers/jpg/image_01420.jpg,image_01420.jpg,21.38802719116211
1420,/nas-ctm01/datasets/public/Oxford102Flowers/jpg/image_01421.jpg,image_01421.jpg,20.922794342041016
1421,/nas-ctm01/datasets/public/Oxford102Flowers/jpg/image_01422.jpg,image_01422.jpg,21.38054656982422
1422,/nas-ctm01/datasets/public/Oxford102Flowers/jpg/image_01423.jpg,image_01423.jpg,20.85289192199707
1423,/nas-ctm01/datasets/public/Oxford102Flowers/jpg/image_01424.jpg,image_01424.jpg,21.115446090698242
1424,/nas-ctm01/datasets/public/Oxford102Flowers/jpg/image_01425.jpg,image_01425.jpg,21.55535888671875
1425,/nas-ctm01/datasets/public/Oxford102Flowers/jpg/image_01426.jpg,image_01426.jpg,22.025964736938477
1426,/nas-ctm01/datasets/public/Oxford102Flowers/jpg/image_01427.jpg,image_01427.jpg,21.288623809814453
1427,/nas-ctm01/datasets/public/Oxford102Flowers/jpg/image_01428.jpg,image_01428.jpg,20.38534927368164
1428,/nas-ctm01/datasets/public/Oxford102Flowers/jpg/image_01429.jpg,image_01429.jpg,21.215368270874023
1429,/nas-ctm01/datasets/public/Oxford102Flowers/jpg/image_01430.jpg,image_01430.jpg,21.16507911682129
1430,/nas-ctm01/datasets/public/Oxford102Flowers/jpg/image_01431.jpg,image_01431.jpg,21.106653213500977
1431,/nas-ctm01/datasets/public/Oxford102Flowers/jpg/image_01432.jpg,image_01432.jpg,21.294462203979492
1432,/nas-ctm01/datasets/public/Oxford102Flowers/jpg/image_01433.jpg,image_01433.jpg,21.0354061126709
1433,/nas-ctm01/datasets/public/Oxford102Flowers/jpg/image_01434.jpg,image_01434.jpg,21.118541717529297
1434,/nas-ctm01/datasets/public/Oxford102Flowers/jpg/image_01435.jpg,image_01435.jpg,20.473766326904297
1435,/nas-ctm01/datasets/public/Oxford102Flowers/jpg/image_01436.jpg,image_01436.jpg,20.727378845214844
1436,/nas-ctm01/datasets/public/Oxford102Flowers/jpg/image_01437.jpg,image_01437.jpg,22.18340492248535
1437,/nas-ctm01/datasets/public/Oxford102Flowers/jpg/image_01438.jpg,image_01438.jpg,20.75844383239746
1438,/nas-ctm01/datasets/public/Oxford102Flowers/jpg/image_01439.jpg,image_01439.jpg,21.180173873901367
1439,/nas-ctm01/datasets/public/Oxford102Flowers/jpg/image_01440.jpg,image_01440.jpg,20.656206130981445
1440,/nas-ctm01/datasets/public/Oxford102Flowers/jpg/image_01441.jpg,image_01441.jpg,20.53236198425293
1441,/nas-ctm01/datasets/public/Oxford102Flowers/jpg/image_01442.jpg,image_01442.jpg,21.071102142333984
1442,/nas-ctm01/datasets/public/Oxford102Flowers/jpg/image_01443.jpg,image_01443.jpg,20.82393455505371
1443,/nas-ctm01/datasets/public/Oxford102Flowers/jpg/image_01444.jpg,image_01444.jpg,21.598834991455078
1444,/nas-ctm01/datasets/public/Oxford102Flowers/jpg/image_01445.jpg,image_01445.jpg,20.61651039123535
1445,/nas-ctm01/datasets/public/Oxford102Flowers/jpg/image_01446.jpg,image_01446.jpg,21.253803253173828
1446,/nas-ctm01/datasets/public/Oxford102Flowers/jpg/image_01447.jpg,image_01447.jpg,20.804447174072266
1447,/nas-ctm01/datasets/public/Oxford102Flowers/jpg/image_01448.jpg,image_01448.jpg,21.294343948364258
1448,/nas-ctm01/datasets/public/Oxford102Flowers/jpg/image_01449.jpg,image_01449.jpg,21.428449630737305
1449,/nas-ctm01/datasets/public/Oxford102Flowers/jpg/image_01450.jpg,image_01450.jpg,20.712554931640625
1450,/nas-ctm01/datasets/public/Oxford102Flowers/jpg/image_01451.jpg,image_01451.jpg,20.680538177490234
1451,/nas-ctm01/datasets/public/Oxford102Flowers/jpg/image_01452.jpg,image_01452.jpg,20.357820510864258
1452,/nas-ctm01/datasets/public/Oxford102Flowers/jpg/image_01453.jpg,image_01453.jpg,20.294404983520508
1453,/nas-ctm01/datasets/public/Oxford102Flowers/jpg/image_01454.jpg,image_01454.jpg,20.414024353027344
1454,/nas-ctm01/datasets/public/Oxford102Flowers/jpg/image_01455.jpg,image_01455.jpg,20.52717399597168
1455,/nas-ctm01/datasets/public/Oxford102Flowers/jpg/image_01456.jpg,image_01456.jpg,21.075578689575195
1456,/nas-ctm01/datasets/public/Oxford102Flowers/jpg/image_01457.jpg,image_01457.jpg,21.153642654418945
1457,/nas-ctm01/datasets/public/Oxford102Flowers/jpg/image_01458.jpg,image_01458.jpg,20.985206604003906
1458,/nas-ctm01/datasets/public/Oxford102Flowers/jpg/image_01459.jpg,image_01459.jpg,20.520668029785156
1459,/nas-ctm01/datasets/public/Oxford102Flowers/jpg/image_01460.jpg,image_01460.jpg,21.026519775390625
1460,/nas-ctm01/datasets/public/Oxford102Flowers/jpg/image_01461.jpg,image_01461.jpg,20.99830436706543
1461,/nas-ctm01/datasets/public/Oxford102Flowers/jpg/image_01462.jpg,image_01462.jpg,20.654462814331055
1462,/nas-ctm01/datasets/public/Oxford102Flowers/jpg/image_01463.jpg,image_01463.jpg,20.278789520263672
1463,/nas-ctm01/datasets/public/Oxford102Flowers/jpg/image_01464.jpg,image_01464.jpg,20.836353302001953
1464,/nas-ctm01/datasets/public/Oxford102Flowers/jpg/image_01465.jpg,image_01465.jpg,20.89272117614746
1465,/nas-ctm01/datasets/public/Oxford102Flowers/jpg/image_01466.jpg,image_01466.jpg,21.28843879699707
1466,/nas-ctm01/datasets/public/Oxford102Flowers/jpg/image_01467.jpg,image_01467.jpg,20.745088577270508
1467,/nas-ctm01/datasets/public/Oxford102Flowers/jpg/image_01468.jpg,image_01468.jpg,20.769142150878906
1468,/nas-ctm01/datasets/public/Oxford102Flowers/jpg/image_01469.jpg,image_01469.jpg,20.834041595458984
1469,/nas-ctm01/datasets/public/Oxford102Flowers/jpg/image_01470.jpg,image_01470.jpg,21.488697052001953
1470,/nas-ctm01/datasets/public/Oxford102Flowers/jpg/image_01471.jpg,image_01471.jpg,21.074556350708008
1471,/nas-ctm01/datasets/public/Oxford102Flowers/jpg/image_01472.jpg,image_01472.jpg,20.663379669189453
1472,/nas-ctm01/datasets/public/Oxford102Flowers/jpg/image_01473.jpg,image_01473.jpg,20.991004943847656
1473,/nas-ctm01/datasets/public/Oxford102Flowers/jpg/image_01474.jpg,image_01474.jpg,20.838930130004883
1474,/nas-ctm01/datasets/public/Oxford102Flowers/jpg/image_01475.jpg,image_01475.jpg,21.342571258544922
1475,/nas-ctm01/datasets/public/Oxford102Flowers/jpg/image_01476.jpg,image_01476.jpg,20.865367889404297
1476,/nas-ctm01/datasets/public/Oxford102Flowers/jpg/image_01477.jpg,image_01477.jpg,20.833219528198242
1477,/nas-ctm01/datasets/public/Oxford102Flowers/jpg/image_01478.jpg,image_01478.jpg,19.99640464782715
1478,/nas-ctm01/datasets/public/Oxford102Flowers/jpg/image_01479.jpg,image_01479.jpg,21.07594871520996
1479,/nas-ctm01/datasets/public/Oxford102Flowers/jpg/image_01480.jpg,image_01480.jpg,20.993227005004883
1480,/nas-ctm01/datasets/public/Oxford102Flowers/jpg/image_01481.jpg,image_01481.jpg,21.772985458374023
1481,/nas-ctm01/datasets/public/Oxford102Flowers/jpg/image_01482.jpg,image_01482.jpg,22.12801170349121
1482,/nas-ctm01/datasets/public/Oxford102Flowers/jpg/image_01483.jpg,image_01483.jpg,22.07685661315918
1483,/nas-ctm01/datasets/public/Oxford102Flowers/jpg/image_01484.jpg,image_01484.jpg,22.46938705444336
1484,/nas-ctm01/datasets/public/Oxford102Flowers/jpg/image_01485.jpg,image_01485.jpg,20.979108810424805
1485,/nas-ctm01/datasets/public/Oxford102Flowers/jpg/image_01486.jpg,image_01486.jpg,20.841115951538086
1486,/nas-ctm01/datasets/public/Oxford102Flowers/jpg/image_01487.jpg,image_01487.jpg,21.110965728759766
1487,/nas-ctm01/datasets/public/Oxford102Flowers/jpg/image_01488.jpg,image_01488.jpg,20.652660369873047
1488,/nas-ctm01/datasets/public/Oxford102Flowers/jpg/image_01489.jpg,image_01489.jpg,21.398191452026367
1489,/nas-ctm01/datasets/public/Oxford102Flowers/jpg/image_01490.jpg,image_01490.jpg,21.312255859375
1490,/nas-ctm01/datasets/public/Oxford102Flowers/jpg/image_01491.jpg,image_01491.jpg,24.213979721069336
1491,/nas-ctm01/datasets/public/Oxford102Flowers/jpg/image_01492.jpg,image_01492.jpg,23.39944076538086
1492,/nas-ctm01/datasets/public/Oxford102Flowers/jpg/image_01493.jpg,image_01493.jpg,23.051240921020508
1493,/nas-ctm01/datasets/public/Oxford102Flowers/jpg/image_01494.jpg,image_01494.jpg,23.679031372070312
1494,/nas-ctm01/datasets/public/Oxford102Flowers/jpg/image_01495.jpg,image_01495.jpg,23.65419578552246
1495,/nas-ctm01/datasets/public/Oxford102Flowers/jpg/image_01496.jpg,image_01496.jpg,23.824262619018555
1496,/nas-ctm01/datasets/public/Oxford102Flowers/jpg/image_01497.jpg,image_01497.jpg,24.464004516601562
1497,/nas-ctm01/datasets/public/Oxford102Flowers/jpg/image_01498.jpg,image_01498.jpg,24.534242630004883
1498,/nas-ctm01/datasets/public/Oxford102Flowers/jpg/image_01499.jpg,image_01499.jpg,23.861419677734375
1499,/nas-ctm01/datasets/public/Oxford102Flowers/jpg/image_01500.jpg,image_01500.jpg,24.377857208251953
1500,/nas-ctm01/datasets/public/Oxford102Flowers/jpg/image_01501.jpg,image_01501.jpg,25.104694366455078
1501,/nas-ctm01/datasets/public/Oxford102Flowers/jpg/image_01502.jpg,image_01502.jpg,24.716339111328125
1502,/nas-ctm01/datasets/public/Oxford102Flowers/jpg/image_01503.jpg,image_01503.jpg,23.56754493713379
1503,/nas-ctm01/datasets/public/Oxford102Flowers/jpg/image_01504.jpg,image_01504.jpg,24.821653366088867
1504,/nas-ctm01/datasets/public/Oxford102Flowers/jpg/image_01505.jpg,image_01505.jpg,24.41437530517578
1505,/nas-ctm01/datasets/public/Oxford102Flowers/jpg/image_01506.jpg,image_01506.jpg,24.847078323364258
1506,/nas-ctm01/datasets/public/Oxford102Flowers/jpg/image_01507.jpg,image_01507.jpg,24.35670280456543
1507,/nas-ctm01/datasets/public/Oxford102Flowers/jpg/image_01508.jpg,image_01508.jpg,24.159645080566406
1508,/nas-ctm01/datasets/public/Oxford102Flowers/jpg/image_01509.jpg,image_01509.jpg,24.08679962158203
1509,/nas-ctm01/datasets/public/Oxford102Flowers/jpg/image_01510.jpg,image_01510.jpg,24.014089584350586
1510,/nas-ctm01/datasets/public/Oxford102Flowers/jpg/image_01511.jpg,image_01511.jpg,23.529285430908203
1511,/nas-ctm01/datasets/public/Oxford102Flowers/jpg/image_01512.jpg,image_01512.jpg,23.010236740112305
1512,/nas-ctm01/datasets/public/Oxford102Flowers/jpg/image_01513.jpg,image_01513.jpg,22.058618545532227
1513,/nas-ctm01/datasets/public/Oxford102Flowers/jpg/image_01514.jpg,image_01514.jpg,24.522411346435547
1514,/nas-ctm01/datasets/public/Oxford102Flowers/jpg/image_01515.jpg,image_01515.jpg,25.0079288482666
1515,/nas-ctm01/datasets/public/Oxford102Flowers/jpg/image_01516.jpg,image_01516.jpg,24.656600952148438
1516,/nas-ctm01/datasets/public/Oxford102Flowers/jpg/image_01517.jpg,image_01517.jpg,24.97186279296875
1517,/nas-ctm01/datasets/public/Oxford102Flowers/jpg/image_01518.jpg,image_01518.jpg,23.762697219848633
1518,/nas-ctm01/datasets/public/Oxford102Flowers/jpg/image_01519.jpg,image_01519.jpg,24.337223052978516
1519,/nas-ctm01/datasets/public/Oxford102Flowers/jpg/image_01520.jpg,image_01520.jpg,23.988981246948242
1520,/nas-ctm01/datasets/public/Oxford102Flowers/jpg/image_01521.jpg,image_01521.jpg,24.695507049560547
1521,/nas-ctm01/datasets/public/Oxford102Flowers/jpg/image_01522.jpg,image_01522.jpg,23.96320343017578
1522,/nas-ctm01/datasets/public/Oxford102Flowers/jpg/image_01523.jpg,image_01523.jpg,24.73166275024414
1523,/nas-ctm01/datasets/public/Oxford102Flowers/jpg/image_01524.jpg,image_01524.jpg,24.02573585510254
1524,/nas-ctm01/datasets/public/Oxford102Flowers/jpg/image_01525.jpg,image_01525.jpg,24.86873435974121
1525,/nas-ctm01/datasets/public/Oxford102Flowers/jpg/image_01526.jpg,image_01526.jpg,25.058595657348633
1526,/nas-ctm01/datasets/public/Oxford102Flowers/jpg/image_01527.jpg,image_01527.jpg,24.535179138183594
1527,/nas-ctm01/datasets/public/Oxford102Flowers/jpg/image_01528.jpg,image_01528.jpg,24.584190368652344
1528,/nas-ctm01/datasets/public/Oxford102Flowers/jpg/image_01529.jpg,image_01529.jpg,24.538606643676758
1529,/nas-ctm01/datasets/public/Oxford102Flowers/jpg/image_01530.jpg,image_01530.jpg,24.600656509399414
1530,/nas-ctm01/datasets/public/Oxford102Flowers/jpg/image_01531.jpg,image_01531.jpg,24.123971939086914
1531,/nas-ctm01/datasets/public/Oxford102Flowers/jpg/image_01532.jpg,image_01532.jpg,24.041473388671875
1532,/nas-ctm01/datasets/public/Oxford102Flowers/jpg/image_01533.jpg,image_01533.jpg,24.357954025268555
1533,/nas-ctm01/datasets/public/Oxford102Flowers/jpg/image_01534.jpg,image_01534.jpg,23.963590621948242
1534,/nas-ctm01/datasets/public/Oxford102Flowers/jpg/image_01535.jpg,image_01535.jpg,24.536954879760742
1535,/nas-ctm01/datasets/public/Oxford102Flowers/jpg/image_01536.jpg,image_01536.jpg,24.689044952392578
1536,/nas-ctm01/datasets/public/Oxford102Flowers/jpg/image_01537.jpg,image_01537.jpg,24.507238388061523
1537,/nas-ctm01/datasets/public/Oxford102Flowers/jpg/image_01538.jpg,image_01538.jpg,25.10491943359375
1538,/nas-ctm01/datasets/public/Oxford102Flowers/jpg/image_01539.jpg,image_01539.jpg,23.709413528442383
1539,/nas-ctm01/datasets/public/Oxford102Flowers/jpg/image_01540.jpg,image_01540.jpg,24.481163024902344
1540,/nas-ctm01/datasets/public/Oxford102Flowers/jpg/image_01541.jpg,image_01541.jpg,23.305912017822266
1541,/nas-ctm01/datasets/public/Oxford102Flowers/jpg/image_01542.jpg,image_01542.jpg,25.032838821411133
1542,/nas-ctm01/datasets/public/Oxford102Flowers/jpg/image_01543.jpg,image_01543.jpg,24.184310913085938
1543,/nas-ctm01/datasets/public/Oxford102Flowers/jpg/image_01544.jpg,image_01544.jpg,24.37849235534668
1544,/nas-ctm01/datasets/public/Oxford102Flowers/jpg/image_01545.jpg,image_01545.jpg,24.61670684814453
1545,/nas-ctm01/datasets/public/Oxford102Flowers/jpg/image_01546.jpg,image_01546.jpg,23.867431640625
1546,/nas-ctm01/datasets/public/Oxford102Flowers/jpg/image_01547.jpg,image_01547.jpg,24.339319229125977
1547,/nas-ctm01/datasets/public/Oxford102Flowers/jpg/image_01548.jpg,image_01548.jpg,24.664813995361328
1548,/nas-ctm01/datasets/public/Oxford102Flowers/jpg/image_01549.jpg,image_01549.jpg,24.19597816467285
1549,/nas-ctm01/datasets/public/Oxford102Flowers/jpg/image_01550.jpg,image_01550.jpg,24.75153923034668
1550,/nas-ctm01/datasets/public/Oxford102Flowers/jpg/image_01551.jpg,image_01551.jpg,24.604875564575195
1551,/nas-ctm01/datasets/public/Oxford102Flowers/jpg/image_01552.jpg,image_01552.jpg,24.8194522857666
1552,/nas-ctm01/datasets/public/Oxford102Flowers/jpg/image_01553.jpg,image_01553.jpg,24.59470558166504
1553,/nas-ctm01/datasets/public/Oxford102Flowers/jpg/image_01554.jpg,image_01554.jpg,24.25884246826172
1554,/nas-ctm01/datasets/public/Oxford102Flowers/jpg/image_01555.jpg,image_01555.jpg,24.944591522216797
1555,/nas-ctm01/datasets/public/Oxford102Flowers/jpg/image_01556.jpg,image_01556.jpg,24.465370178222656
1556,/nas-ctm01/datasets/public/Oxford102Flowers/jpg/image_01557.jpg,image_01557.jpg,24.05168914794922
1557,/nas-ctm01/datasets/public/Oxford102Flowers/jpg/image_01558.jpg,image_01558.jpg,24.178085327148438
1558,/nas-ctm01/datasets/public/Oxford102Flowers/jpg/image_01559.jpg,image_01559.jpg,24.653600692749023
1559,/nas-ctm01/datasets/public/Oxford102Flowers/jpg/image_01560.jpg,image_01560.jpg,23.951295852661133
1560,/nas-ctm01/datasets/public/Oxford102Flowers/jpg/image_01561.jpg,image_01561.jpg,25.051013946533203
1561,/nas-ctm01/datasets/public/Oxford102Flowers/jpg/image_01562.jpg,image_01562.jpg,24.455360412597656
1562,/nas-ctm01/datasets/public/Oxford102Flowers/jpg/image_01563.jpg,image_01563.jpg,24.56752586364746
1563,/nas-ctm01/datasets/public/Oxford102Flowers/jpg/image_01564.jpg,image_01564.jpg,24.150577545166016
1564,/nas-ctm01/datasets/public/Oxford102Flowers/jpg/image_01565.jpg,image_01565.jpg,24.586421966552734
1565,/nas-ctm01/datasets/public/Oxford102Flowers/jpg/image_01566.jpg,image_01566.jpg,24.270118713378906
1566,/nas-ctm01/datasets/public/Oxford102Flowers/jpg/image_01567.jpg,image_01567.jpg,24.05034828186035
1567,/nas-ctm01/datasets/public/Oxford102Flowers/jpg/image_01568.jpg,image_01568.jpg,24.79180908203125
1568,/nas-ctm01/datasets/public/Oxford102Flowers/jpg/image_01569.jpg,image_01569.jpg,24.406837463378906
1569,/nas-ctm01/datasets/public/Oxford102Flowers/jpg/image_01570.jpg,image_01570.jpg,24.330129623413086
1570,/nas-ctm01/datasets/public/Oxford102Flowers/jpg/image_01571.jpg,image_01571.jpg,23.947546005249023
1571,/nas-ctm01/datasets/public/Oxford102Flowers/jpg/image_01572.jpg,image_01572.jpg,24.027341842651367
1572,/nas-ctm01/datasets/public/Oxford102Flowers/jpg/image_01573.jpg,image_01573.jpg,24.886959075927734
1573,/nas-ctm01/datasets/public/Oxford102Flowers/jpg/image_01574.jpg,image_01574.jpg,25.165918350219727
1574,/nas-ctm01/datasets/public/Oxford102Flowers/jpg/image_01575.jpg,image_01575.jpg,24.522729873657227
1575,/nas-ctm01/datasets/public/Oxford102Flowers/jpg/image_01576.jpg,image_01576.jpg,24.789339065551758
1576,/nas-ctm01/datasets/public/Oxford102Flowers/jpg/image_01577.jpg,image_01577.jpg,24.752656936645508
1577,/nas-ctm01/datasets/public/Oxford102Flowers/jpg/image_01578.jpg,image_01578.jpg,24.24519920349121
1578,/nas-ctm01/datasets/public/Oxford102Flowers/jpg/image_01579.jpg,image_01579.jpg,24.675443649291992
1579,/nas-ctm01/datasets/public/Oxford102Flowers/jpg/image_01580.jpg,image_01580.jpg,24.78131866455078
1580,/nas-ctm01/datasets/public/Oxford102Flowers/jpg/image_01581.jpg,image_01581.jpg,24.6125545501709
1581,/nas-ctm01/datasets/public/Oxford102Flowers/jpg/image_01582.jpg,image_01582.jpg,24.292612075805664
1582,/nas-ctm01/datasets/public/Oxford102Flowers/jpg/image_01583.jpg,image_01583.jpg,23.42487335205078
1583,/nas-ctm01/datasets/public/Oxford102Flowers/jpg/image_01584.jpg,image_01584.jpg,23.941160202026367
1584,/nas-ctm01/datasets/public/Oxford102Flowers/jpg/image_01585.jpg,image_01585.jpg,24.708152770996094
1585,/nas-ctm01/datasets/public/Oxford102Flowers/jpg/image_01586.jpg,image_01586.jpg,23.22293472290039
1586,/nas-ctm01/datasets/public/Oxford102Flowers/jpg/image_01587.jpg,image_01587.jpg,23.976154327392578
1587,/nas-ctm01/datasets/public/Oxford102Flowers/jpg/image_01588.jpg,image_01588.jpg,23.6336669921875
1588,/nas-ctm01/datasets/public/Oxford102Flowers/jpg/image_01589.jpg,image_01589.jpg,24.328107833862305
1589,/nas-ctm01/datasets/public/Oxford102Flowers/jpg/image_01590.jpg,image_01590.jpg,23.744199752807617
1590,/nas-ctm01/datasets/public/Oxford102Flowers/jpg/image_01591.jpg,image_01591.jpg,22.435232162475586
1591,/nas-ctm01/datasets/public/Oxford102Flowers/jpg/image_01592.jpg,image_01592.jpg,23.084285736083984
1592,/nas-ctm01/datasets/public/Oxford102Flowers/jpg/image_01593.jpg,image_01593.jpg,24.06536293029785
1593,/nas-ctm01/datasets/public/Oxford102Flowers/jpg/image_01594.jpg,image_01594.jpg,23.42249870300293
1594,/nas-ctm01/datasets/public/Oxford102Flowers/jpg/image_01595.jpg,image_01595.jpg,23.355091094970703
1595,/nas-ctm01/datasets/public/Oxford102Flowers/jpg/image_01596.jpg,image_01596.jpg,23.406200408935547
1596,/nas-ctm01/datasets/public/Oxford102Flowers/jpg/image_01597.jpg,image_01597.jpg,23.408527374267578
1597,/nas-ctm01/datasets/public/Oxford102Flowers/jpg/image_01598.jpg,image_01598.jpg,24.187171936035156
1598,/nas-ctm01/datasets/public/Oxford102Flowers/jpg/image_01599.jpg,image_01599.jpg,23.38832664489746
1599,/nas-ctm01/datasets/public/Oxford102Flowers/jpg/image_01600.jpg,image_01600.jpg,24.032691955566406
1600,/nas-ctm01/datasets/public/Oxford102Flowers/jpg/image_01601.jpg,image_01601.jpg,23.339710235595703
1601,/nas-ctm01/datasets/public/Oxford102Flowers/jpg/image_01602.jpg,image_01602.jpg,23.77920913696289
1602,/nas-ctm01/datasets/public/Oxford102Flowers/jpg/image_01603.jpg,image_01603.jpg,23.237138748168945
1603,/nas-ctm01/datasets/public/Oxford102Flowers/jpg/image_01604.jpg,image_01604.jpg,23.78141212463379
1604,/nas-ctm01/datasets/public/Oxford102Flowers/jpg/image_01605.jpg,image_01605.jpg,23.403743743896484
1605,/nas-ctm01/datasets/public/Oxford102Flowers/jpg/image_01606.jpg,image_01606.jpg,24.111650466918945
1606,/nas-ctm01/datasets/public/Oxford102Flowers/jpg/image_01607.jpg,image_01607.jpg,23.96200180053711
1607,/nas-ctm01/datasets/public/Oxford102Flowers/jpg/image_01608.jpg,image_01608.jpg,22.727519989013672
1608,/nas-ctm01/datasets/public/Oxford102Flowers/jpg/image_01609.jpg,image_01609.jpg,23.637460708618164
1609,/nas-ctm01/datasets/public/Oxford102Flowers/jpg/image_01610.jpg,image_01610.jpg,24.13857650756836
1610,/nas-ctm01/datasets/public/Oxford102Flowers/jpg/image_01611.jpg,image_01611.jpg,23.552907943725586
1611,/nas-ctm01/datasets/public/Oxford102Flowers/jpg/image_01612.jpg,image_01612.jpg,23.301664352416992
1612,/nas-ctm01/datasets/public/Oxford102Flowers/jpg/image_01613.jpg,image_01613.jpg,23.955110549926758
1613,/nas-ctm01/datasets/public/Oxford102Flowers/jpg/image_01614.jpg,image_01614.jpg,22.914466857910156
1614,/nas-ctm01/datasets/public/Oxford102Flowers/jpg/image_01615.jpg,image_01615.jpg,23.207494735717773
1615,/nas-ctm01/datasets/public/Oxford102Flowers/jpg/image_01616.jpg,image_01616.jpg,23.417436599731445
1616,/nas-ctm01/datasets/public/Oxford102Flowers/jpg/image_01617.jpg,image_01617.jpg,21.0904598236084
1617,/nas-ctm01/datasets/public/Oxford102Flowers/jpg/image_01618.jpg,image_01618.jpg,23.433650970458984
1618,/nas-ctm01/datasets/public/Oxford102Flowers/jpg/image_01619.jpg,image_01619.jpg,23.270862579345703
1619,/nas-ctm01/datasets/public/Oxford102Flowers/jpg/image_01620.jpg,image_01620.jpg,24.18136215209961
1620,/nas-ctm01/datasets/public/Oxford102Flowers/jpg/image_01621.jpg,image_01621.jpg,23.94710350036621
1621,/nas-ctm01/datasets/public/Oxford102Flowers/jpg/image_01622.jpg,image_01622.jpg,23.848718643188477
1622,/nas-ctm01/datasets/public/Oxford102Flowers/jpg/image_01623.jpg,image_01623.jpg,23.614259719848633
1623,/nas-ctm01/datasets/public/Oxford102Flowers/jpg/image_01624.jpg,image_01624.jpg,24.73592758178711
1624,/nas-ctm01/datasets/public/Oxford102Flowers/jpg/image_01625.jpg,image_01625.jpg,23.6228084564209
1625,/nas-ctm01/datasets/public/Oxford102Flowers/jpg/image_01626.jpg,image_01626.jpg,23.273561477661133
1626,/nas-ctm01/datasets/public/Oxford102Flowers/jpg/image_01627.jpg,image_01627.jpg,22.116567611694336
1627,/nas-ctm01/datasets/public/Oxford102Flowers/jpg/image_01628.jpg,image_01628.jpg,24.370370864868164
1628,/nas-ctm01/datasets/public/Oxford102Flowers/jpg/image_01629.jpg,image_01629.jpg,22.697193145751953
1629,/nas-ctm01/datasets/public/Oxford102Flowers/jpg/image_01630.jpg,image_01630.jpg,23.513439178466797
1630,/nas-ctm01/datasets/public/Oxford102Flowers/jpg/image_01631.jpg,image_01631.jpg,23.802927017211914
1631,/nas-ctm01/datasets/public/Oxford102Flowers/jpg/image_01632.jpg,image_01632.jpg,21.862110137939453
1632,/nas-ctm01/datasets/public/Oxford102Flowers/jpg/image_01633.jpg,image_01633.jpg,23.760303497314453
1633,/nas-ctm01/datasets/public/Oxford102Flowers/jpg/image_01634.jpg,image_01634.jpg,23.39617919921875
1634,/nas-ctm01/datasets/public/Oxford102Flowers/jpg/image_01635.jpg,image_01635.jpg,23.45779800415039
1635,/nas-ctm01/datasets/public/Oxford102Flowers/jpg/image_01636.jpg,image_01636.jpg,24.214767456054688
1636,/nas-ctm01/datasets/public/Oxford102Flowers/jpg/image_01637.jpg,image_01637.jpg,23.15062141418457
1637,/nas-ctm01/datasets/public/Oxford102Flowers/jpg/image_01638.jpg,image_01638.jpg,23.43451499938965
1638,/nas-ctm01/datasets/public/Oxford102Flowers/jpg/image_01639.jpg,image_01639.jpg,23.713056564331055
1639,/nas-ctm01/datasets/public/Oxford102Flowers/jpg/image_01640.jpg,image_01640.jpg,23.714445114135742
1640,/nas-ctm01/datasets/public/Oxford102Flowers/jpg/image_01641.jpg,image_01641.jpg,23.630895614624023
1641,/nas-ctm01/datasets/public/Oxford102Flowers/jpg/image_01642.jpg,image_01642.jpg,23.569778442382812
1642,/nas-ctm01/datasets/public/Oxford102Flowers/jpg/image_01643.jpg,image_01643.jpg,23.458152770996094
1643,/nas-ctm01/datasets/public/Oxford102Flowers/jpg/image_01644.jpg,image_01644.jpg,24.108154296875
1644,/nas-ctm01/datasets/public/Oxford102Flowers/jpg/image_01645.jpg,image_01645.jpg,23.604372024536133
1645,/nas-ctm01/datasets/public/Oxford102Flowers/jpg/image_01646.jpg,image_01646.jpg,23.44703483581543
1646,/nas-ctm01/datasets/public/Oxford102Flowers/jpg/image_01647.jpg,image_01647.jpg,24.128196716308594
1647,/nas-ctm01/datasets/public/Oxford102Flowers/jpg/image_01648.jpg,image_01648.jpg,23.824115753173828
1648,/nas-ctm01/datasets/public/Oxford102Flowers/jpg/image_01649.jpg,image_01649.jpg,23.92041015625
1649,/nas-ctm01/datasets/public/Oxford102Flowers/jpg/image_01650.jpg,image_01650.jpg,23.90380859375
1650,/nas-ctm01/datasets/public/Oxford102Flowers/jpg/image_01651.jpg,image_01651.jpg,23.46905517578125
1651,/nas-ctm01/datasets/public/Oxford102Flowers/jpg/image_01652.jpg,image_01652.jpg,22.793054580688477
1652,/nas-ctm01/datasets/public/Oxford102Flowers/jpg/image_01653.jpg,image_01653.jpg,23.74106216430664
1653,/nas-ctm01/datasets/public/Oxford102Flowers/jpg/image_01654.jpg,image_01654.jpg,22.641237258911133
1654,/nas-ctm01/datasets/public/Oxford102Flowers/jpg/image_01655.jpg,image_01655.jpg,24.117074966430664
1655,/nas-ctm01/datasets/public/Oxford102Flowers/jpg/image_01656.jpg,image_01656.jpg,23.675525665283203
1656,/nas-ctm01/datasets/public/Oxford102Flowers/jpg/image_01657.jpg,image_01657.jpg,22.835752487182617
1657,/nas-ctm01/datasets/public/Oxford102Flowers/jpg/image_01658.jpg,image_01658.jpg,22.684282302856445
1658,/nas-ctm01/datasets/public/Oxford102Flowers/jpg/image_01659.jpg,image_01659.jpg,22.937911987304688
1659,/nas-ctm01/datasets/public/Oxford102Flowers/jpg/image_01660.jpg,image_01660.jpg,23.402544021606445
1660,/nas-ctm01/datasets/public/Oxford102Flowers/jpg/image_01661.jpg,image_01661.jpg,23.35677719116211
1661,/nas-ctm01/datasets/public/Oxford102Flowers/jpg/image_01662.jpg,image_01662.jpg,23.004596710205078
1662,/nas-ctm01/datasets/public/Oxford102Flowers/jpg/image_01663.jpg,image_01663.jpg,23.57937240600586
1663,/nas-ctm01/datasets/public/Oxford102Flowers/jpg/image_01664.jpg,image_01664.jpg,23.395910263061523
1664,/nas-ctm01/datasets/public/Oxford102Flowers/jpg/image_01665.jpg,image_01665.jpg,23.811294555664062
1665,/nas-ctm01/datasets/public/Oxford102Flowers/jpg/image_01666.jpg,image_01666.jpg,24.00461196899414
1666,/nas-ctm01/datasets/public/Oxford102Flowers/jpg/image_01667.jpg,image_01667.jpg,23.936925888061523
1667,/nas-ctm01/datasets/public/Oxford102Flowers/jpg/image_01668.jpg,image_01668.jpg,23.80738067626953
1668,/nas-ctm01/datasets/public/Oxford102Flowers/jpg/image_01669.jpg,image_01669.jpg,23.820486068725586
1669,/nas-ctm01/datasets/public/Oxford102Flowers/jpg/image_01670.jpg,image_01670.jpg,23.754714965820312
1670,/nas-ctm01/datasets/public/Oxford102Flowers/jpg/image_01671.jpg,image_01671.jpg,24.28667449951172
1671,/nas-ctm01/datasets/public/Oxford102Flowers/jpg/image_01672.jpg,image_01672.jpg,23.742938995361328
1672,/nas-ctm01/datasets/public/Oxford102Flowers/jpg/image_01673.jpg,image_01673.jpg,23.670379638671875
1673,/nas-ctm01/datasets/public/Oxford102Flowers/jpg/image_01674.jpg,image_01674.jpg,22.947744369506836
1674,/nas-ctm01/datasets/public/Oxford102Flowers/jpg/image_01675.jpg,image_01675.jpg,23.18191909790039
1675,/nas-ctm01/datasets/public/Oxford102Flowers/jpg/image_01676.jpg,image_01676.jpg,24.112924575805664
1676,/nas-ctm01/datasets/public/Oxford102Flowers/jpg/image_01677.jpg,image_01677.jpg,23.86625099182129
1677,/nas-ctm01/datasets/public/Oxford102Flowers/jpg/image_01678.jpg,image_01678.jpg,22.849544525146484
1678,/nas-ctm01/datasets/public/Oxford102Flowers/jpg/image_01679.jpg,image_01679.jpg,23.304351806640625
1679,/nas-ctm01/datasets/public/Oxford102Flowers/jpg/image_01680.jpg,image_01680.jpg,23.467382431030273
1680,/nas-ctm01/datasets/public/Oxford102Flowers/jpg/image_01681.jpg,image_01681.jpg,24.138816833496094
1681,/nas-ctm01/datasets/public/Oxford102Flowers/jpg/image_01682.jpg,image_01682.jpg,24.235546112060547
1682,/nas-ctm01/datasets/public/Oxford102Flowers/jpg/image_01683.jpg,image_01683.jpg,23.213134765625
1683,/nas-ctm01/datasets/public/Oxford102Flowers/jpg/image_01684.jpg,image_01684.jpg,24.467187881469727
1684,/nas-ctm01/datasets/public/Oxford102Flowers/jpg/image_01685.jpg,image_01685.jpg,22.97517967224121
1685,/nas-ctm01/datasets/public/Oxford102Flowers/jpg/image_01686.jpg,image_01686.jpg,23.929832458496094
1686,/nas-ctm01/datasets/public/Oxford102Flowers/jpg/image_01687.jpg,image_01687.jpg,23.047147750854492
1687,/nas-ctm01/datasets/public/Oxford102Flowers/jpg/image_01688.jpg,image_01688.jpg,24.133365631103516
1688,/nas-ctm01/datasets/public/Oxford102Flowers/jpg/image_01689.jpg,image_01689.jpg,22.458538055419922
1689,/nas-ctm01/datasets/public/Oxford102Flowers/jpg/image_01690.jpg,image_01690.jpg,23.40704345703125
1690,/nas-ctm01/datasets/public/Oxford102Flowers/jpg/image_01691.jpg,image_01691.jpg,24.213266372680664
1691,/nas-ctm01/datasets/public/Oxford102Flowers/jpg/image_01692.jpg,image_01692.jpg,23.753141403198242
1692,/nas-ctm01/datasets/public/Oxford102Flowers/jpg/image_01693.jpg,image_01693.jpg,23.823911666870117
1693,/nas-ctm01/datasets/public/Oxford102Flowers/jpg/image_01694.jpg,image_01694.jpg,23.08146858215332
1694,/nas-ctm01/datasets/public/Oxford102Flowers/jpg/image_01695.jpg,image_01695.jpg,23.564661026000977
1695,/nas-ctm01/datasets/public/Oxford102Flowers/jpg/image_01696.jpg,image_01696.jpg,23.8988094329834
1696,/nas-ctm01/datasets/public/Oxford102Flowers/jpg/image_01697.jpg,image_01697.jpg,23.708335876464844
1697,/nas-ctm01/datasets/public/Oxford102Flowers/jpg/image_01698.jpg,image_01698.jpg,23.56185531616211
1698,/nas-ctm01/datasets/public/Oxford102Flowers/jpg/image_01699.jpg,image_01699.jpg,23.417617797851562
1699,/nas-ctm01/datasets/public/Oxford102Flowers/jpg/image_01700.jpg,image_01700.jpg,22.66252326965332
1700,/nas-ctm01/datasets/public/Oxford102Flowers/jpg/image_01701.jpg,image_01701.jpg,23.60006332397461
1701,/nas-ctm01/datasets/public/Oxford102Flowers/jpg/image_01702.jpg,image_01702.jpg,23.188142776489258
1702,/nas-ctm01/datasets/public/Oxford102Flowers/jpg/image_01703.jpg,image_01703.jpg,24.567317962646484
1703,/nas-ctm01/datasets/public/Oxford102Flowers/jpg/image_01704.jpg,image_01704.jpg,24.22283935546875
1704,/nas-ctm01/datasets/public/Oxford102Flowers/jpg/image_01705.jpg,image_01705.jpg,23.636804580688477
1705,/nas-ctm01/datasets/public/Oxford102Flowers/jpg/image_01706.jpg,image_01706.jpg,23.50800132751465
1706,/nas-ctm01/datasets/public/Oxford102Flowers/jpg/image_01707.jpg,image_01707.jpg,23.69455337524414
1707,/nas-ctm01/datasets/public/Oxford102Flowers/jpg/image_01708.jpg,image_01708.jpg,23.375465393066406
1708,/nas-ctm01/datasets/public/Oxford102Flowers/jpg/image_01709.jpg,image_01709.jpg,23.718488693237305
1709,/nas-ctm01/datasets/public/Oxford102Flowers/jpg/image_01710.jpg,image_01710.jpg,23.54413414001465
1710,/nas-ctm01/datasets/public/Oxford102Flowers/jpg/image_01711.jpg,image_01711.jpg,23.430505752563477
1711,/nas-ctm01/datasets/public/Oxford102Flowers/jpg/image_01712.jpg,image_01712.jpg,23.546730041503906
1712,/nas-ctm01/datasets/public/Oxford102Flowers/jpg/image_01713.jpg,image_01713.jpg,23.70970344543457
1713,/nas-ctm01/datasets/public/Oxford102Flowers/jpg/image_01714.jpg,image_01714.jpg,23.925874710083008
1714,/nas-ctm01/datasets/public/Oxford102Flowers/jpg/image_01715.jpg,image_01715.jpg,22.812294006347656
1715,/nas-ctm01/datasets/public/Oxford102Flowers/jpg/image_01716.jpg,image_01716.jpg,22.8707218170166
1716,/nas-ctm01/datasets/public/Oxford102Flowers/jpg/image_01717.jpg,image_01717.jpg,22.947559356689453
1717,/nas-ctm01/datasets/public/Oxford102Flowers/jpg/image_01718.jpg,image_01718.jpg,22.469148635864258
1718,/nas-ctm01/datasets/public/Oxford102Flowers/jpg/image_01719.jpg,image_01719.jpg,23.29436492919922
1719,/nas-ctm01/datasets/public/Oxford102Flowers/jpg/image_01720.jpg,image_01720.jpg,23.651416778564453
1720,/nas-ctm01/datasets/public/Oxford102Flowers/jpg/image_01721.jpg,image_01721.jpg,22.90009880065918
1721,/nas-ctm01/datasets/public/Oxford102Flowers/jpg/image_01722.jpg,image_01722.jpg,22.80970001220703
1722,/nas-ctm01/datasets/public/Oxford102Flowers/jpg/image_01723.jpg,image_01723.jpg,23.450084686279297
1723,/nas-ctm01/datasets/public/Oxford102Flowers/jpg/image_01724.jpg,image_01724.jpg,22.582447052001953
1724,/nas-ctm01/datasets/public/Oxford102Flowers/jpg/image_01725.jpg,image_01725.jpg,24.021751403808594
1725,/nas-ctm01/datasets/public/Oxford102Flowers/jpg/image_01726.jpg,image_01726.jpg,22.867652893066406
1726,/nas-ctm01/datasets/public/Oxford102Flowers/jpg/image_01727.jpg,image_01727.jpg,23.60083770751953
1727,/nas-ctm01/datasets/public/Oxford102Flowers/jpg/image_01728.jpg,image_01728.jpg,23.7717227935791
1728,/nas-ctm01/datasets/public/Oxford102Flowers/jpg/image_01729.jpg,image_01729.jpg,23.309707641601562
1729,/nas-ctm01/datasets/public/Oxford102Flowers/jpg/image_01730.jpg,image_01730.jpg,22.29934310913086
1730,/nas-ctm01/datasets/public/Oxford102Flowers/jpg/image_01731.jpg,image_01731.jpg,22.22968101501465
1731,/nas-ctm01/datasets/public/Oxford102Flowers/jpg/image_01732.jpg,image_01732.jpg,23.230369567871094
1732,/nas-ctm01/datasets/public/Oxford102Flowers/jpg/image_01733.jpg,image_01733.jpg,23.182430267333984
1733,/nas-ctm01/datasets/public/Oxford102Flowers/jpg/image_01734.jpg,image_01734.jpg,23.382993698120117
1734,/nas-ctm01/datasets/public/Oxford102Flowers/jpg/image_01735.jpg,image_01735.jpg,23.304000854492188
1735,/nas-ctm01/datasets/public/Oxford102Flowers/jpg/image_01736.jpg,image_01736.jpg,22.908447265625
1736,/nas-ctm01/datasets/public/Oxford102Flowers/jpg/image_01737.jpg,image_01737.jpg,22.806079864501953
1737,/nas-ctm01/datasets/public/Oxford102Flowers/jpg/image_01738.jpg,image_01738.jpg,23.199769973754883
1738,/nas-ctm01/datasets/public/Oxford102Flowers/jpg/image_01739.jpg,image_01739.jpg,22.91385269165039
1739,/nas-ctm01/datasets/public/Oxford102Flowers/jpg/image_01740.jpg,image_01740.jpg,23.77860450744629
1740,/nas-ctm01/datasets/public/Oxford102Flowers/jpg/image_01741.jpg,image_01741.jpg,24.187326431274414
1741,/nas-ctm01/datasets/public/Oxford102Flowers/jpg/image_01742.jpg,image_01742.jpg,23.632680892944336
1742,/nas-ctm01/datasets/public/Oxford102Flowers/jpg/image_01743.jpg,image_01743.jpg,24.140066146850586
1743,/nas-ctm01/datasets/public/Oxford102Flowers/jpg/image_01744.jpg,image_01744.jpg,24.03066635131836
1744,/nas-ctm01/datasets/public/Oxford102Flowers/jpg/image_01745.jpg,image_01745.jpg,23.31285858154297
1745,/nas-ctm01/datasets/public/Oxford102Flowers/jpg/image_01746.jpg,image_01746.jpg,24.08770179748535
1746,/nas-ctm01/datasets/public/Oxford102Flowers/jpg/image_01747.jpg,image_01747.jpg,23.063058853149414
1747,/nas-ctm01/datasets/public/Oxford102Flowers/jpg/image_01748.jpg,image_01748.jpg,23.54439353942871
1748,/nas-ctm01/datasets/public/Oxford102Flowers/jpg/image_01749.jpg,image_01749.jpg,23.336856842041016
1749,/nas-ctm01/datasets/public/Oxford102Flowers/jpg/image_01750.jpg,image_01750.jpg,24.28371810913086
1750,/nas-ctm01/datasets/public/Oxford102Flowers/jpg/image_01751.jpg,image_01751.jpg,22.866371154785156
1751,/nas-ctm01/datasets/public/Oxford102Flowers/jpg/image_01752.jpg,image_01752.jpg,23.786928176879883
1752,/nas-ctm01/datasets/public/Oxford102Flowers/jpg/image_01753.jpg,image_01753.jpg,23.19606590270996
1753,/nas-ctm01/datasets/public/Oxford102Flowers/jpg/image_01754.jpg,image_01754.jpg,23.39113998413086
1754,/nas-ctm01/datasets/public/Oxford102Flowers/jpg/image_01755.jpg,image_01755.jpg,22.99399185180664
1755,/nas-ctm01/datasets/public/Oxford102Flowers/jpg/image_01756.jpg,image_01756.jpg,21.866043090820312
1756,/nas-ctm01/datasets/public/Oxford102Flowers/jpg/image_01757.jpg,image_01757.jpg,23.598804473876953
1757,/nas-ctm01/datasets/public/Oxford102Flowers/jpg/image_01758.jpg,image_01758.jpg,23.143354415893555
1758,/nas-ctm01/datasets/public/Oxford102Flowers/jpg/image_01759.jpg,image_01759.jpg,22.9632568359375
1759,/nas-ctm01/datasets/public/Oxford102Flowers/jpg/image_01760.jpg,image_01760.jpg,23.64510154724121
1760,/nas-ctm01/datasets/public/Oxford102Flowers/jpg/image_01761.jpg,image_01761.jpg,23.66451072692871
1761,/nas-ctm01/datasets/public/Oxford102Flowers/jpg/image_01762.jpg,image_01762.jpg,22.471485137939453
1762,/nas-ctm01/datasets/public/Oxford102Flowers/jpg/image_01763.jpg,image_01763.jpg,23.959758758544922
1763,/nas-ctm01/datasets/public/Oxford102Flowers/jpg/image_01764.jpg,image_01764.jpg,23.851394653320312
1764,/nas-ctm01/datasets/public/Oxford102Flowers/jpg/image_01765.jpg,image_01765.jpg,22.920391082763672
1765,/nas-ctm01/datasets/public/Oxford102Flowers/jpg/image_01766.jpg,image_01766.jpg,24.210391998291016
1766,/nas-ctm01/datasets/public/Oxford102Flowers/jpg/image_01767.jpg,image_01767.jpg,23.750648498535156
1767,/nas-ctm01/datasets/public/Oxford102Flowers/jpg/image_01768.jpg,image_01768.jpg,23.51858901977539
1768,/nas-ctm01/datasets/public/Oxford102Flowers/jpg/image_01769.jpg,image_01769.jpg,23.113100051879883
1769,/nas-ctm01/datasets/public/Oxford102Flowers/jpg/image_01770.jpg,image_01770.jpg,22.911277770996094
1770,/nas-ctm01/datasets/public/Oxford102Flowers/jpg/image_01771.jpg,image_01771.jpg,23.51436424255371
1771,/nas-ctm01/datasets/public/Oxford102Flowers/jpg/image_01772.jpg,image_01772.jpg,23.296354293823242
1772,/nas-ctm01/datasets/public/Oxford102Flowers/jpg/image_01773.jpg,image_01773.jpg,24.367525100708008
1773,/nas-ctm01/datasets/public/Oxford102Flowers/jpg/image_01774.jpg,image_01774.jpg,24.17112159729004
1774,/nas-ctm01/datasets/public/Oxford102Flowers/jpg/image_01775.jpg,image_01775.jpg,23.817697525024414
1775,/nas-ctm01/datasets/public/Oxford102Flowers/jpg/image_01776.jpg,image_01776.jpg,23.897523880004883
1776,/nas-ctm01/datasets/public/Oxford102Flowers/jpg/image_01777.jpg,image_01777.jpg,23.172298431396484
1777,/nas-ctm01/datasets/public/Oxford102Flowers/jpg/image_01778.jpg,image_01778.jpg,23.91060447692871
1778,/nas-ctm01/datasets/public/Oxford102Flowers/jpg/image_01779.jpg,image_01779.jpg,23.61821746826172
1779,/nas-ctm01/datasets/public/Oxford102Flowers/jpg/image_01780.jpg,image_01780.jpg,23.89594268798828
1780,/nas-ctm01/datasets/public/Oxford102Flowers/jpg/image_01781.jpg,image_01781.jpg,23.98784828186035
1781,/nas-ctm01/datasets/public/Oxford102Flowers/jpg/image_01782.jpg,image_01782.jpg,24.169034957885742
1782,/nas-ctm01/datasets/public/Oxford102Flowers/jpg/image_01783.jpg,image_01783.jpg,22.293006896972656
1783,/nas-ctm01/datasets/public/Oxford102Flowers/jpg/image_01784.jpg,image_01784.jpg,23.619348526000977
1784,/nas-ctm01/datasets/public/Oxford102Flowers/jpg/image_01785.jpg,image_01785.jpg,24.226932525634766
1785,/nas-ctm01/datasets/public/Oxford102Flowers/jpg/image_01786.jpg,image_01786.jpg,23.256755828857422
1786,/nas-ctm01/datasets/public/Oxford102Flowers/jpg/image_01787.jpg,image_01787.jpg,22.896408081054688
1787,/nas-ctm01/datasets/public/Oxford102Flowers/jpg/image_01788.jpg,image_01788.jpg,23.391984939575195
1788,/nas-ctm01/datasets/public/Oxford102Flowers/jpg/image_01789.jpg,image_01789.jpg,23.696659088134766
1789,/nas-ctm01/datasets/public/Oxford102Flowers/jpg/image_01790.jpg,image_01790.jpg,22.881511688232422
1790,/nas-ctm01/datasets/public/Oxford102Flowers/jpg/image_01791.jpg,image_01791.jpg,23.511507034301758
1791,/nas-ctm01/datasets/public/Oxford102Flowers/jpg/image_01792.jpg,image_01792.jpg,24.301204681396484
1792,/nas-ctm01/datasets/public/Oxford102Flowers/jpg/image_01793.jpg,image_01793.jpg,22.705753326416016
1793,/nas-ctm01/datasets/public/Oxford102Flowers/jpg/image_01794.jpg,image_01794.jpg,22.311161041259766
1794,/nas-ctm01/datasets/public/Oxford102Flowers/jpg/image_01795.jpg,image_01795.jpg,23.784866333007812
1795,/nas-ctm01/datasets/public/Oxford102Flowers/jpg/image_01796.jpg,image_01796.jpg,24.22263526916504
1796,/nas-ctm01/datasets/public/Oxford102Flowers/jpg/image_01797.jpg,image_01797.jpg,22.589330673217773
1797,/nas-ctm01/datasets/public/Oxford102Flowers/jpg/image_01798.jpg,image_01798.jpg,23.0605525970459
1798,/nas-ctm01/datasets/public/Oxford102Flowers/jpg/image_01799.jpg,image_01799.jpg,23.709959030151367
1799,/nas-ctm01/datasets/public/Oxford102Flowers/jpg/image_01800.jpg,image_01800.jpg,23.678064346313477
1800,/nas-ctm01/datasets/public/Oxford102Flowers/jpg/image_01801.jpg,image_01801.jpg,24.20786476135254
1801,/nas-ctm01/datasets/public/Oxford102Flowers/jpg/image_01802.jpg,image_01802.jpg,23.671768188476562
1802,/nas-ctm01/datasets/public/Oxford102Flowers/jpg/image_01803.jpg,image_01803.jpg,24.186906814575195
1803,/nas-ctm01/datasets/public/Oxford102Flowers/jpg/image_01804.jpg,image_01804.jpg,23.599485397338867
1804,/nas-ctm01/datasets/public/Oxford102Flowers/jpg/image_01805.jpg,image_01805.jpg,23.623157501220703
1805,/nas-ctm01/datasets/public/Oxford102Flowers/jpg/image_01806.jpg,image_01806.jpg,23.849626541137695
1806,/nas-ctm01/datasets/public/Oxford102Flowers/jpg/image_01807.jpg,image_01807.jpg,23.802547454833984
1807,/nas-ctm01/datasets/public/Oxford102Flowers/jpg/image_01808.jpg,image_01808.jpg,23.465675354003906
1808,/nas-ctm01/datasets/public/Oxford102Flowers/jpg/image_01809.jpg,image_01809.jpg,23.24262237548828
1809,/nas-ctm01/datasets/public/Oxford102Flowers/jpg/image_01810.jpg,image_01810.jpg,23.033235549926758
1810,/nas-ctm01/datasets/public/Oxford102Flowers/jpg/image_01811.jpg,image_01811.jpg,23.15543556213379
1811,/nas-ctm01/datasets/public/Oxford102Flowers/jpg/image_01812.jpg,image_01812.jpg,23.52565574645996
1812,/nas-ctm01/datasets/public/Oxford102Flowers/jpg/image_01813.jpg,image_01813.jpg,22.736406326293945
1813,/nas-ctm01/datasets/public/Oxford102Flowers/jpg/image_01814.jpg,image_01814.jpg,23.84224510192871
1814,/nas-ctm01/datasets/public/Oxford102Flowers/jpg/image_01815.jpg,image_01815.jpg,24.23738670349121
1815,/nas-ctm01/datasets/public/Oxford102Flowers/jpg/image_01816.jpg,image_01816.jpg,23.972156524658203
1816,/nas-ctm01/datasets/public/Oxford102Flowers/jpg/image_01817.jpg,image_01817.jpg,24.31568717956543
1817,/nas-ctm01/datasets/public/Oxford102Flowers/jpg/image_01818.jpg,image_01818.jpg,23.261621475219727
1818,/nas-ctm01/datasets/public/Oxford102Flowers/jpg/image_01819.jpg,image_01819.jpg,23.349815368652344
1819,/nas-ctm01/datasets/public/Oxford102Flowers/jpg/image_01820.jpg,image_01820.jpg,23.10597038269043
1820,/nas-ctm01/datasets/public/Oxford102Flowers/jpg/image_01821.jpg,image_01821.jpg,23.341583251953125
1821,/nas-ctm01/datasets/public/Oxford102Flowers/jpg/image_01822.jpg,image_01822.jpg,24.01923179626465
1822,/nas-ctm01/datasets/public/Oxford102Flowers/jpg/image_01823.jpg,image_01823.jpg,23.937000274658203
1823,/nas-ctm01/datasets/public/Oxford102Flowers/jpg/image_01824.jpg,image_01824.jpg,24.44172477722168
1824,/nas-ctm01/datasets/public/Oxford102Flowers/jpg/image_01825.jpg,image_01825.jpg,23.47146224975586
1825,/nas-ctm01/datasets/public/Oxford102Flowers/jpg/image_01826.jpg,image_01826.jpg,23.29697608947754
1826,/nas-ctm01/datasets/public/Oxford102Flowers/jpg/image_01827.jpg,image_01827.jpg,23.213815689086914
1827,/nas-ctm01/datasets/public/Oxford102Flowers/jpg/image_01828.jpg,image_01828.jpg,23.375080108642578
1828,/nas-ctm01/datasets/public/Oxford102Flowers/jpg/image_01829.jpg,image_01829.jpg,23.1818904876709
1829,/nas-ctm01/datasets/public/Oxford102Flowers/jpg/image_01830.jpg,image_01830.jpg,22.33441162109375
1830,/nas-ctm01/datasets/public/Oxford102Flowers/jpg/image_01831.jpg,image_01831.jpg,24.516508102416992
1831,/nas-ctm01/datasets/public/Oxford102Flowers/jpg/image_01832.jpg,image_01832.jpg,23.985496520996094
1832,/nas-ctm01/datasets/public/Oxford102Flowers/jpg/image_01833.jpg,image_01833.jpg,24.167587280273438
1833,/nas-ctm01/datasets/public/Oxford102Flowers/jpg/image_01834.jpg,image_01834.jpg,23.72087287902832
1834,/nas-ctm01/datasets/public/Oxford102Flowers/jpg/image_01835.jpg,image_01835.jpg,21.858797073364258
1835,/nas-ctm01/datasets/public/Oxford102Flowers/jpg/image_01836.jpg,image_01836.jpg,21.151987075805664
1836,/nas-ctm01/datasets/public/Oxford102Flowers/jpg/image_01837.jpg,image_01837.jpg,23.332395553588867
1837,/nas-ctm01/datasets/public/Oxford102Flowers/jpg/image_01838.jpg,image_01838.jpg,22.267654418945312
1838,/nas-ctm01/datasets/public/Oxford102Flowers/jpg/image_01839.jpg,image_01839.jpg,22.692331314086914
1839,/nas-ctm01/datasets/public/Oxford102Flowers/jpg/image_01840.jpg,image_01840.jpg,21.686647415161133
1840,/nas-ctm01/datasets/public/Oxford102Flowers/jpg/image_01841.jpg,image_01841.jpg,22.907432556152344
1841,/nas-ctm01/datasets/public/Oxford102Flowers/jpg/image_01842.jpg,image_01842.jpg,22.83537483215332
1842,/nas-ctm01/datasets/public/Oxford102Flowers/jpg/image_01843.jpg,image_01843.jpg,23.08177375793457
1843,/nas-ctm01/datasets/public/Oxford102Flowers/jpg/image_01844.jpg,image_01844.jpg,22.059213638305664
1844,/nas-ctm01/datasets/public/Oxford102Flowers/jpg/image_01845.jpg,image_01845.jpg,23.05527687072754
1845,/nas-ctm01/datasets/public/Oxford102Flowers/jpg/image_01846.jpg,image_01846.jpg,23.288637161254883
1846,/nas-ctm01/datasets/public/Oxford102Flowers/jpg/image_01847.jpg,image_01847.jpg,23.062484741210938
1847,/nas-ctm01/datasets/public/Oxford102Flowers/jpg/image_01848.jpg,image_01848.jpg,23.36539077758789
1848,/nas-ctm01/datasets/public/Oxford102Flowers/jpg/image_01849.jpg,image_01849.jpg,23.07561683654785
1849,/nas-ctm01/datasets/public/Oxford102Flowers/jpg/image_01850.jpg,image_01850.jpg,23.274126052856445
1850,/nas-ctm01/datasets/public/Oxford102Flowers/jpg/image_01851.jpg,image_01851.jpg,23.14175033569336
1851,/nas-ctm01/datasets/public/Oxford102Flowers/jpg/image_01852.jpg,image_01852.jpg,24.19506072998047
1852,/nas-ctm01/datasets/public/Oxford102Flowers/jpg/image_01853.jpg,image_01853.jpg,24.534011840820312
1853,/nas-ctm01/datasets/public/Oxford102Flowers/jpg/image_01854.jpg,image_01854.jpg,23.13997459411621
1854,/nas-ctm01/datasets/public/Oxford102Flowers/jpg/image_01855.jpg,image_01855.jpg,21.883655548095703
1855,/nas-ctm01/datasets/public/Oxford102Flowers/jpg/image_01856.jpg,image_01856.jpg,22.459016799926758
1856,/nas-ctm01/datasets/public/Oxford102Flowers/jpg/image_01857.jpg,image_01857.jpg,22.628742218017578
1857,/nas-ctm01/datasets/public/Oxford102Flowers/jpg/image_01858.jpg,image_01858.jpg,22.226335525512695
1858,/nas-ctm01/datasets/public/Oxford102Flowers/jpg/image_01859.jpg,image_01859.jpg,23.28731918334961
1859,/nas-ctm01/datasets/public/Oxford102Flowers/jpg/image_01860.jpg,image_01860.jpg,24.257448196411133
1860,/nas-ctm01/datasets/public/Oxford102Flowers/jpg/image_01861.jpg,image_01861.jpg,24.135133743286133
1861,/nas-ctm01/datasets/public/Oxford102Flowers/jpg/image_01862.jpg,image_01862.jpg,22.469026565551758
1862,/nas-ctm01/datasets/public/Oxford102Flowers/jpg/image_01863.jpg,image_01863.jpg,24.154512405395508
1863,/nas-ctm01/datasets/public/Oxford102Flowers/jpg/image_01864.jpg,image_01864.jpg,23.039884567260742
1864,/nas-ctm01/datasets/public/Oxford102Flowers/jpg/image_01865.jpg,image_01865.jpg,24.25838279724121
1865,/nas-ctm01/datasets/public/Oxford102Flowers/jpg/image_01866.jpg,image_01866.jpg,23.7216739654541
1866,/nas-ctm01/datasets/public/Oxford102Flowers/jpg/image_01867.jpg,image_01867.jpg,23.386962890625
1867,/nas-ctm01/datasets/public/Oxford102Flowers/jpg/image_01868.jpg,image_01868.jpg,23.172208786010742
1868,/nas-ctm01/datasets/public/Oxford102Flowers/jpg/image_01869.jpg,image_01869.jpg,21.804445266723633
1869,/nas-ctm01/datasets/public/Oxford102Flowers/jpg/image_01870.jpg,image_01870.jpg,23.668582916259766
1870,/nas-ctm01/datasets/public/Oxford102Flowers/jpg/image_01871.jpg,image_01871.jpg,24.040632247924805
1871,/nas-ctm01/datasets/public/Oxford102Flowers/jpg/image_01872.jpg,image_01872.jpg,23.212114334106445
1872,/nas-ctm01/datasets/public/Oxford102Flowers/jpg/image_01873.jpg,image_01873.jpg,23.40183448791504
1873,/nas-ctm01/datasets/public/Oxford102Flowers/jpg/image_01874.jpg,image_01874.jpg,23.542098999023438
1874,/nas-ctm01/datasets/public/Oxford102Flowers/jpg/image_01875.jpg,image_01875.jpg,23.03532600402832
1875,/nas-ctm01/datasets/public/Oxford102Flowers/jpg/image_01876.jpg,image_01876.jpg,22.79737091064453
1876,/nas-ctm01/datasets/public/Oxford102Flowers/jpg/image_01877.jpg,image_01877.jpg,23.751792907714844
1877,/nas-ctm01/datasets/public/Oxford102Flowers/jpg/image_01878.jpg,image_01878.jpg,23.419952392578125
1878,/nas-ctm01/datasets/public/Oxford102Flowers/jpg/image_01879.jpg,image_01879.jpg,24.016029357910156
1879,/nas-ctm01/datasets/public/Oxford102Flowers/jpg/image_01880.jpg,image_01880.jpg,23.180259704589844
1880,/nas-ctm01/datasets/public/Oxford102Flowers/jpg/image_01881.jpg,image_01881.jpg,23.568866729736328
1881,/nas-ctm01/datasets/public/Oxford102Flowers/jpg/image_01882.jpg,image_01882.jpg,21.804887771606445
1882,/nas-ctm01/datasets/public/Oxford102Flowers/jpg/image_01883.jpg,image_01883.jpg,22.122283935546875
1883,/nas-ctm01/datasets/public/Oxford102Flowers/jpg/image_01884.jpg,image_01884.jpg,23.391603469848633
1884,/nas-ctm01/datasets/public/Oxford102Flowers/jpg/image_01885.jpg,image_01885.jpg,24.427730560302734
1885,/nas-ctm01/datasets/public/Oxford102Flowers/jpg/image_01886.jpg,image_01886.jpg,22.669557571411133
1886,/nas-ctm01/datasets/public/Oxford102Flowers/jpg/image_01887.jpg,image_01887.jpg,22.436126708984375
1887,/nas-ctm01/datasets/public/Oxford102Flowers/jpg/image_01888.jpg,image_01888.jpg,24.27642059326172
1888,/nas-ctm01/datasets/public/Oxford102Flowers/jpg/image_01889.jpg,image_01889.jpg,22.21592140197754
1889,/nas-ctm01/datasets/public/Oxford102Flowers/jpg/image_01890.jpg,image_01890.jpg,23.3409423828125
1890,/nas-ctm01/datasets/public/Oxford102Flowers/jpg/image_01891.jpg,image_01891.jpg,23.54620361328125
1891,/nas-ctm01/datasets/public/Oxford102Flowers/jpg/image_01892.jpg,image_01892.jpg,24.072160720825195
1892,/nas-ctm01/datasets/public/Oxford102Flowers/jpg/image_01893.jpg,image_01893.jpg,23.744565963745117
1893,/nas-ctm01/datasets/public/Oxford102Flowers/jpg/image_01894.jpg,image_01894.jpg,22.28115463256836
1894,/nas-ctm01/datasets/public/Oxford102Flowers/jpg/image_01895.jpg,image_01895.jpg,24.2377872467041
1895,/nas-ctm01/datasets/public/Oxford102Flowers/jpg/image_01896.jpg,image_01896.jpg,24.162639617919922
1896,/nas-ctm01/datasets/public/Oxford102Flowers/jpg/image_01897.jpg,image_01897.jpg,22.43181610107422
1897,/nas-ctm01/datasets/public/Oxford102Flowers/jpg/image_01898.jpg,image_01898.jpg,23.116708755493164
1898,/nas-ctm01/datasets/public/Oxford102Flowers/jpg/image_01899.jpg,image_01899.jpg,23.247379302978516
1899,/nas-ctm01/datasets/public/Oxford102Flowers/jpg/image_01900.jpg,image_01900.jpg,22.905887603759766
1900,/nas-ctm01/datasets/public/Oxford102Flowers/jpg/image_01901.jpg,image_01901.jpg,23.874706268310547
1901,/nas-ctm01/datasets/public/Oxford102Flowers/jpg/image_01902.jpg,image_01902.jpg,23.414566040039062
1902,/nas-ctm01/datasets/public/Oxford102Flowers/jpg/image_01903.jpg,image_01903.jpg,23.172876358032227
1903,/nas-ctm01/datasets/public/Oxford102Flowers/jpg/image_01904.jpg,image_01904.jpg,23.445920944213867
1904,/nas-ctm01/datasets/public/Oxford102Flowers/jpg/image_01905.jpg,image_01905.jpg,22.44041633605957
1905,/nas-ctm01/datasets/public/Oxford102Flowers/jpg/image_01906.jpg,image_01906.jpg,22.379039764404297
1906,/nas-ctm01/datasets/public/Oxford102Flowers/jpg/image_01907.jpg,image_01907.jpg,22.32481575012207
1907,/nas-ctm01/datasets/public/Oxford102Flowers/jpg/image_01908.jpg,image_01908.jpg,23.43933868408203
1908,/nas-ctm01/datasets/public/Oxford102Flowers/jpg/image_01909.jpg,image_01909.jpg,23.749317169189453
1909,/nas-ctm01/datasets/public/Oxford102Flowers/jpg/image_01910.jpg,image_01910.jpg,22.906618118286133
1910,/nas-ctm01/datasets/public/Oxford102Flowers/jpg/image_01911.jpg,image_01911.jpg,22.63702392578125
1911,/nas-ctm01/datasets/public/Oxford102Flowers/jpg/image_01912.jpg,image_01912.jpg,22.961153030395508
1912,/nas-ctm01/datasets/public/Oxford102Flowers/jpg/image_01913.jpg,image_01913.jpg,23.543163299560547
1913,/nas-ctm01/datasets/public/Oxford102Flowers/jpg/image_01914.jpg,image_01914.jpg,22.79433250427246
1914,/nas-ctm01/datasets/public/Oxford102Flowers/jpg/image_01915.jpg,image_01915.jpg,23.402605056762695
1915,/nas-ctm01/datasets/public/Oxford102Flowers/jpg/image_01916.jpg,image_01916.jpg,23.28523826599121
1916,/nas-ctm01/datasets/public/Oxford102Flowers/jpg/image_01917.jpg,image_01917.jpg,23.842161178588867
1917,/nas-ctm01/datasets/public/Oxford102Flowers/jpg/image_01918.jpg,image_01918.jpg,24.284818649291992
1918,/nas-ctm01/datasets/public/Oxford102Flowers/jpg/image_01919.jpg,image_01919.jpg,22.956663131713867
1919,/nas-ctm01/datasets/public/Oxford102Flowers/jpg/image_01920.jpg,image_01920.jpg,23.145681381225586
1920,/nas-ctm01/datasets/public/Oxford102Flowers/jpg/image_01921.jpg,image_01921.jpg,22.92124366760254
1921,/nas-ctm01/datasets/public/Oxford102Flowers/jpg/image_01922.jpg,image_01922.jpg,22.217599868774414
1922,/nas-ctm01/datasets/public/Oxford102Flowers/jpg/image_01923.jpg,image_01923.jpg,23.092077255249023
1923,/nas-ctm01/datasets/public/Oxford102Flowers/jpg/image_01924.jpg,image_01924.jpg,23.990232467651367
1924,/nas-ctm01/datasets/public/Oxford102Flowers/jpg/image_01925.jpg,image_01925.jpg,23.0737361907959
1925,/nas-ctm01/datasets/public/Oxford102Flowers/jpg/image_01926.jpg,image_01926.jpg,21.732877731323242
1926,/nas-ctm01/datasets/public/Oxford102Flowers/jpg/image_01927.jpg,image_01927.jpg,23.075429916381836
1927,/nas-ctm01/datasets/public/Oxford102Flowers/jpg/image_01928.jpg,image_01928.jpg,23.299135208129883
1928,/nas-ctm01/datasets/public/Oxford102Flowers/jpg/image_01929.jpg,image_01929.jpg,22.429040908813477
1929,/nas-ctm01/datasets/public/Oxford102Flowers/jpg/image_01930.jpg,image_01930.jpg,24.048608779907227
1930,/nas-ctm01/datasets/public/Oxford102Flowers/jpg/image_01931.jpg,image_01931.jpg,22.194005966186523
1931,/nas-ctm01/datasets/public/Oxford102Flowers/jpg/image_01932.jpg,image_01932.jpg,23.92747688293457
1932,/nas-ctm01/datasets/public/Oxford102Flowers/jpg/image_01933.jpg,image_01933.jpg,23.844341278076172
1933,/nas-ctm01/datasets/public/Oxford102Flowers/jpg/image_01934.jpg,image_01934.jpg,23.43642234802246
1934,/nas-ctm01/datasets/public/Oxford102Flowers/jpg/image_01935.jpg,image_01935.jpg,23.44951057434082
1935,/nas-ctm01/datasets/public/Oxford102Flowers/jpg/image_01936.jpg,image_01936.jpg,22.474838256835938
1936,/nas-ctm01/datasets/public/Oxford102Flowers/jpg/image_01937.jpg,image_01937.jpg,24.036258697509766
1937,/nas-ctm01/datasets/public/Oxford102Flowers/jpg/image_01938.jpg,image_01938.jpg,22.46649169921875
1938,/nas-ctm01/datasets/public/Oxford102Flowers/jpg/image_01939.jpg,image_01939.jpg,22.919044494628906
1939,/nas-ctm01/datasets/public/Oxford102Flowers/jpg/image_01940.jpg,image_01940.jpg,23.304378509521484
1940,/nas-ctm01/datasets/public/Oxford102Flowers/jpg/image_01941.jpg,image_01941.jpg,22.000953674316406
1941,/nas-ctm01/datasets/public/Oxford102Flowers/jpg/image_01942.jpg,image_01942.jpg,23.000011444091797
1942,/nas-ctm01/datasets/public/Oxford102Flowers/jpg/image_01943.jpg,image_01943.jpg,23.158777236938477
1943,/nas-ctm01/datasets/public/Oxford102Flowers/jpg/image_01944.jpg,image_01944.jpg,23.032609939575195
1944,/nas-ctm01/datasets/public/Oxford102Flowers/jpg/image_01945.jpg,image_01945.jpg,23.16227912902832
1945,/nas-ctm01/datasets/public/Oxford102Flowers/jpg/image_01946.jpg,image_01946.jpg,23.465194702148438
1946,/nas-ctm01/datasets/public/Oxford102Flowers/jpg/image_01947.jpg,image_01947.jpg,22.656349182128906
1947,/nas-ctm01/datasets/public/Oxford102Flowers/jpg/image_01948.jpg,image_01948.jpg,21.981578826904297
1948,/nas-ctm01/datasets/public/Oxford102Flowers/jpg/image_01949.jpg,image_01949.jpg,24.28170394897461
1949,/nas-ctm01/datasets/public/Oxford102Flowers/jpg/image_01950.jpg,image_01950.jpg,23.526044845581055
1950,/nas-ctm01/datasets/public/Oxford102Flowers/jpg/image_01951.jpg,image_01951.jpg,23.218074798583984
1951,/nas-ctm01/datasets/public/Oxford102Flowers/jpg/image_01952.jpg,image_01952.jpg,23.6977481842041
1952,/nas-ctm01/datasets/public/Oxford102Flowers/jpg/image_01953.jpg,image_01953.jpg,23.730737686157227
1953,/nas-ctm01/datasets/public/Oxford102Flowers/jpg/image_01954.jpg,image_01954.jpg,22.740978240966797
1954,/nas-ctm01/datasets/public/Oxford102Flowers/jpg/image_01955.jpg,image_01955.jpg,23.225801467895508
1955,/nas-ctm01/datasets/public/Oxford102Flowers/jpg/image_01956.jpg,image_01956.jpg,23.186307907104492
1956,/nas-ctm01/datasets/public/Oxford102Flowers/jpg/image_01957.jpg,image_01957.jpg,23.845121383666992
1957,/nas-ctm01/datasets/public/Oxford102Flowers/jpg/image_01958.jpg,image_01958.jpg,24.115211486816406
1958,/nas-ctm01/datasets/public/Oxford102Flowers/jpg/image_01959.jpg,image_01959.jpg,22.50590705871582
1959,/nas-ctm01/datasets/public/Oxford102Flowers/jpg/image_01960.jpg,image_01960.jpg,22.875179290771484
1960,/nas-ctm01/datasets/public/Oxford102Flowers/jpg/image_01961.jpg,image_01961.jpg,23.48225212097168
1961,/nas-ctm01/datasets/public/Oxford102Flowers/jpg/image_01962.jpg,image_01962.jpg,23.728683471679688
1962,/nas-ctm01/datasets/public/Oxford102Flowers/jpg/image_01963.jpg,image_01963.jpg,22.47736358642578
1963,/nas-ctm01/datasets/public/Oxford102Flowers/jpg/image_01964.jpg,image_01964.jpg,23.02505111694336
1964,/nas-ctm01/datasets/public/Oxford102Flowers/jpg/image_01965.jpg,image_01965.jpg,22.262224197387695
1965,/nas-ctm01/datasets/public/Oxford102Flowers/jpg/image_01966.jpg,image_01966.jpg,21.524166107177734
1966,/nas-ctm01/datasets/public/Oxford102Flowers/jpg/image_01967.jpg,image_01967.jpg,22.633989334106445
1967,/nas-ctm01/datasets/public/Oxford102Flowers/jpg/image_01968.jpg,image_01968.jpg,23.018775939941406
1968,/nas-ctm01/datasets/public/Oxford102Flowers/jpg/image_01969.jpg,image_01969.jpg,22.119152069091797
1969,/nas-ctm01/datasets/public/Oxford102Flowers/jpg/image_01970.jpg,image_01970.jpg,22.05338478088379
1970,/nas-ctm01/datasets/public/Oxford102Flowers/jpg/image_01971.jpg,image_01971.jpg,22.751567840576172
1971,/nas-ctm01/datasets/public/Oxford102Flowers/jpg/image_01972.jpg,image_01972.jpg,22.671873092651367
1972,/nas-ctm01/datasets/public/Oxford102Flowers/jpg/image_01973.jpg,image_01973.jpg,23.324951171875
1973,/nas-ctm01/datasets/public/Oxford102Flowers/jpg/image_01974.jpg,image_01974.jpg,22.448200225830078
1974,/nas-ctm01/datasets/public/Oxford102Flowers/jpg/image_01975.jpg,image_01975.jpg,23.591630935668945
1975,/nas-ctm01/datasets/public/Oxford102Flowers/jpg/image_01976.jpg,image_01976.jpg,23.2490291595459
1976,/nas-ctm01/datasets/public/Oxford102Flowers/jpg/image_01977.jpg,image_01977.jpg,22.63544464111328
1977,/nas-ctm01/datasets/public/Oxford102Flowers/jpg/image_01978.jpg,image_01978.jpg,23.331878662109375
1978,/nas-ctm01/datasets/public/Oxford102Flowers/jpg/image_01979.jpg,image_01979.jpg,23.108577728271484
1979,/nas-ctm01/datasets/public/Oxford102Flowers/jpg/image_01980.jpg,image_01980.jpg,23.050039291381836
1980,/nas-ctm01/datasets/public/Oxford102Flowers/jpg/image_01981.jpg,image_01981.jpg,22.784223556518555
1981,/nas-ctm01/datasets/public/Oxford102Flowers/jpg/image_01982.jpg,image_01982.jpg,22.500776290893555
1982,/nas-ctm01/datasets/public/Oxford102Flowers/jpg/image_01983.jpg,image_01983.jpg,22.715309143066406
1983,/nas-ctm01/datasets/public/Oxford102Flowers/jpg/image_01984.jpg,image_01984.jpg,20.342426300048828
1984,/nas-ctm01/datasets/public/Oxford102Flowers/jpg/image_01985.jpg,image_01985.jpg,23.493532180786133
1985,/nas-ctm01/datasets/public/Oxford102Flowers/jpg/image_01986.jpg,image_01986.jpg,23.02544593811035
1986,/nas-ctm01/datasets/public/Oxford102Flowers/jpg/image_01987.jpg,image_01987.jpg,23.416080474853516
1987,/nas-ctm01/datasets/public/Oxford102Flowers/jpg/image_01988.jpg,image_01988.jpg,22.42758560180664
1988,/nas-ctm01/datasets/public/Oxford102Flowers/jpg/image_01989.jpg,image_01989.jpg,23.854524612426758
1989,/nas-ctm01/datasets/public/Oxford102Flowers/jpg/image_01990.jpg,image_01990.jpg,21.79777717590332
1990,/nas-ctm01/datasets/public/Oxford102Flowers/jpg/image_01991.jpg,image_01991.jpg,22.851747512817383
1991,/nas-ctm01/datasets/public/Oxford102Flowers/jpg/image_01992.jpg,image_01992.jpg,23.193607330322266
1992,/nas-ctm01/datasets/public/Oxford102Flowers/jpg/image_01993.jpg,image_01993.jpg,23.267982482910156
1993,/nas-ctm01/datasets/public/Oxford102Flowers/jpg/image_01994.jpg,image_01994.jpg,22.678564071655273
1994,/nas-ctm01/datasets/public/Oxford102Flowers/jpg/image_01995.jpg,image_01995.jpg,22.249826431274414
1995,/nas-ctm01/datasets/public/Oxford102Flowers/jpg/image_01996.jpg,image_01996.jpg,22.898479461669922
1996,/nas-ctm01/datasets/public/Oxford102Flowers/jpg/image_01997.jpg,image_01997.jpg,22.74067497253418
1997,/nas-ctm01/datasets/public/Oxford102Flowers/jpg/image_01998.jpg,image_01998.jpg,23.034265518188477
1998,/nas-ctm01/datasets/public/Oxford102Flowers/jpg/image_01999.jpg,image_01999.jpg,23.11552619934082
1999,/nas-ctm01/datasets/public/Oxford102Flowers/jpg/image_02000.jpg,image_02000.jpg,22.66506576538086
2000,/nas-ctm01/datasets/public/Oxford102Flowers/jpg/image_02001.jpg,image_02001.jpg,22.51060676574707
2001,/nas-ctm01/datasets/public/Oxford102Flowers/jpg/image_02002.jpg,image_02002.jpg,23.176584243774414
2002,/nas-ctm01/datasets/public/Oxford102Flowers/jpg/image_02003.jpg,image_02003.jpg,22.60496711730957
2003,/nas-ctm01/datasets/public/Oxford102Flowers/jpg/image_02004.jpg,image_02004.jpg,23.9423885345459
2004,/nas-ctm01/datasets/public/Oxford102Flowers/jpg/image_02005.jpg,image_02005.jpg,22.864831924438477
2005,/nas-ctm01/datasets/public/Oxford102Flowers/jpg/image_02006.jpg,image_02006.jpg,23.034074783325195
2006,/nas-ctm01/datasets/public/Oxford102Flowers/jpg/image_02007.jpg,image_02007.jpg,21.705350875854492
2007,/nas-ctm01/datasets/public/Oxford102Flowers/jpg/image_02008.jpg,image_02008.jpg,21.85954475402832
2008,/nas-ctm01/datasets/public/Oxford102Flowers/jpg/image_02009.jpg,image_02009.jpg,22.325199127197266
2009,/nas-ctm01/datasets/public/Oxford102Flowers/jpg/image_02010.jpg,image_02010.jpg,23.02518653869629
2010,/nas-ctm01/datasets/public/Oxford102Flowers/jpg/image_02011.jpg,image_02011.jpg,22.668289184570312
2011,/nas-ctm01/datasets/public/Oxford102Flowers/jpg/image_02012.jpg,image_02012.jpg,23.1368350982666
2012,/nas-ctm01/datasets/public/Oxford102Flowers/jpg/image_02013.jpg,image_02013.jpg,22.430248260498047
2013,/nas-ctm01/datasets/public/Oxford102Flowers/jpg/image_02014.jpg,image_02014.jpg,23.00191879272461
2014,/nas-ctm01/datasets/public/Oxford102Flowers/jpg/image_02015.jpg,image_02015.jpg,22.43191909790039
2015,/nas-ctm01/datasets/public/Oxford102Flowers/jpg/image_02016.jpg,image_02016.jpg,23.425687789916992
2016,/nas-ctm01/datasets/public/Oxford102Flowers/jpg/image_02017.jpg,image_02017.jpg,22.691007614135742
2017,/nas-ctm01/datasets/public/Oxford102Flowers/jpg/image_02018.jpg,image_02018.jpg,21.82693862915039
2018,/nas-ctm01/datasets/public/Oxford102Flowers/jpg/image_02019.jpg,image_02019.jpg,22.715314865112305
2019,/nas-ctm01/datasets/public/Oxford102Flowers/jpg/image_02020.jpg,image_02020.jpg,21.92972755432129
2020,/nas-ctm01/datasets/public/Oxford102Flowers/jpg/image_02021.jpg,image_02021.jpg,23.08698844909668
2021,/nas-ctm01/datasets/public/Oxford102Flowers/jpg/image_02022.jpg,image_02022.jpg,22.223207473754883
2022,/nas-ctm01/datasets/public/Oxford102Flowers/jpg/image_02023.jpg,image_02023.jpg,22.442359924316406
2023,/nas-ctm01/datasets/public/Oxford102Flowers/jpg/image_02024.jpg,image_02024.jpg,23.31319808959961
2024,/nas-ctm01/datasets/public/Oxford102Flowers/jpg/image_02025.jpg,image_02025.jpg,22.32100486755371
2025,/nas-ctm01/datasets/public/Oxford102Flowers/jpg/image_02026.jpg,image_02026.jpg,21.81309700012207
2026,/nas-ctm01/datasets/public/Oxford102Flowers/jpg/image_02027.jpg,image_02027.jpg,23.053966522216797
2027,/nas-ctm01/datasets/public/Oxford102Flowers/jpg/image_02028.jpg,image_02028.jpg,22.96306610107422
2028,/nas-ctm01/datasets/public/Oxford102Flowers/jpg/image_02029.jpg,image_02029.jpg,22.670360565185547
2029,/nas-ctm01/datasets/public/Oxford102Flowers/jpg/image_02030.jpg,image_02030.jpg,22.679365158081055
2030,/nas-ctm01/datasets/public/Oxford102Flowers/jpg/image_02031.jpg,image_02031.jpg,21.723966598510742
2031,/nas-ctm01/datasets/public/Oxford102Flowers/jpg/image_02032.jpg,image_02032.jpg,21.905864715576172
2032,/nas-ctm01/datasets/public/Oxford102Flowers/jpg/image_02033.jpg,image_02033.jpg,23.306631088256836
2033,/nas-ctm01/datasets/public/Oxford102Flowers/jpg/image_02034.jpg,image_02034.jpg,23.0360164642334
2034,/nas-ctm01/datasets/public/Oxford102Flowers/jpg/image_02035.jpg,image_02035.jpg,23.409452438354492
2035,/nas-ctm01/datasets/public/Oxford102Flowers/jpg/image_02036.jpg,image_02036.jpg,21.607589721679688
2036,/nas-ctm01/datasets/public/Oxford102Flowers/jpg/image_02037.jpg,image_02037.jpg,23.358598709106445
2037,/nas-ctm01/datasets/public/Oxford102Flowers/jpg/image_02038.jpg,image_02038.jpg,23.141666412353516
2038,/nas-ctm01/datasets/public/Oxford102Flowers/jpg/image_02039.jpg,image_02039.jpg,23.1980037689209
2039,/nas-ctm01/datasets/public/Oxford102Flowers/jpg/image_02040.jpg,image_02040.jpg,23.446273803710938
2040,/nas-ctm01/datasets/public/Oxford102Flowers/jpg/image_02041.jpg,image_02041.jpg,22.827421188354492
2041,/nas-ctm01/datasets/public/Oxford102Flowers/jpg/image_02042.jpg,image_02042.jpg,23.530168533325195
2042,/nas-ctm01/datasets/public/Oxford102Flowers/jpg/image_02043.jpg,image_02043.jpg,23.254013061523438
2043,/nas-ctm01/datasets/public/Oxford102Flowers/jpg/image_02044.jpg,image_02044.jpg,22.490238189697266
2044,/nas-ctm01/datasets/public/Oxford102Flowers/jpg/image_02045.jpg,image_02045.jpg,22.001497268676758
2045,/nas-ctm01/datasets/public/Oxford102Flowers/jpg/image_02046.jpg,image_02046.jpg,23.350215911865234
2046,/nas-ctm01/datasets/public/Oxford102Flowers/jpg/image_02047.jpg,image_02047.jpg,22.498579025268555
2047,/nas-ctm01/datasets/public/Oxford102Flowers/jpg/image_02048.jpg,image_02048.jpg,23.61525535583496
2048,/nas-ctm01/datasets/public/Oxford102Flowers/jpg/image_02049.jpg,image_02049.jpg,23.41542625427246
2049,/nas-ctm01/datasets/public/Oxford102Flowers/jpg/image_02050.jpg,image_02050.jpg,23.280502319335938
2050,/nas-ctm01/datasets/public/Oxford102Flowers/jpg/image_02051.jpg,image_02051.jpg,23.76213264465332
2051,/nas-ctm01/datasets/public/Oxford102Flowers/jpg/image_02052.jpg,image_02052.jpg,22.183256149291992
2052,/nas-ctm01/datasets/public/Oxford102Flowers/jpg/image_02053.jpg,image_02053.jpg,23.158464431762695
2053,/nas-ctm01/datasets/public/Oxford102Flowers/jpg/image_02054.jpg,image_02054.jpg,22.617883682250977
2054,/nas-ctm01/datasets/public/Oxford102Flowers/jpg/image_02055.jpg,image_02055.jpg,22.513927459716797
2055,/nas-ctm01/datasets/public/Oxford102Flowers/jpg/image_02056.jpg,image_02056.jpg,22.0378360748291
2056,/nas-ctm01/datasets/public/Oxford102Flowers/jpg/image_02057.jpg,image_02057.jpg,23.063011169433594
2057,/nas-ctm01/datasets/public/Oxford102Flowers/jpg/image_02058.jpg,image_02058.jpg,22.894378662109375
2058,/nas-ctm01/datasets/public/Oxford102Flowers/jpg/image_02059.jpg,image_02059.jpg,21.95785140991211
2059,/nas-ctm01/datasets/public/Oxford102Flowers/jpg/image_02060.jpg,image_02060.jpg,22.759111404418945
2060,/nas-ctm01/datasets/public/Oxford102Flowers/jpg/image_02061.jpg,image_02061.jpg,22.56680679321289
2061,/nas-ctm01/datasets/public/Oxford102Flowers/jpg/image_02062.jpg,image_02062.jpg,23.630781173706055
2062,/nas-ctm01/datasets/public/Oxford102Flowers/jpg/image_02063.jpg,image_02063.jpg,22.652673721313477
2063,/nas-ctm01/datasets/public/Oxford102Flowers/jpg/image_02064.jpg,image_02064.jpg,23.337182998657227
2064,/nas-ctm01/datasets/public/Oxford102Flowers/jpg/image_02065.jpg,image_02065.jpg,22.95547866821289
2065,/nas-ctm01/datasets/public/Oxford102Flowers/jpg/image_02066.jpg,image_02066.jpg,22.611801147460938
2066,/nas-ctm01/datasets/public/Oxford102Flowers/jpg/image_02067.jpg,image_02067.jpg,23.661706924438477
2067,/nas-ctm01/datasets/public/Oxford102Flowers/jpg/image_02068.jpg,image_02068.jpg,22.808237075805664
2068,/nas-ctm01/datasets/public/Oxford102Flowers/jpg/image_02069.jpg,image_02069.jpg,22.202123641967773
2069,/nas-ctm01/datasets/public/Oxford102Flowers/jpg/image_02070.jpg,image_02070.jpg,21.857009887695312
2070,/nas-ctm01/datasets/public/Oxford102Flowers/jpg/image_02071.jpg,image_02071.jpg,21.83390998840332
2071,/nas-ctm01/datasets/public/Oxford102Flowers/jpg/image_02072.jpg,image_02072.jpg,20.724782943725586
2072,/nas-ctm01/datasets/public/Oxford102Flowers/jpg/image_02073.jpg,image_02073.jpg,21.666122436523438
2073,/nas-ctm01/datasets/public/Oxford102Flowers/jpg/image_02074.jpg,image_02074.jpg,21.906639099121094
2074,/nas-ctm01/datasets/public/Oxford102Flowers/jpg/image_02075.jpg,image_02075.jpg,22.28333282470703
2075,/nas-ctm01/datasets/public/Oxford102Flowers/jpg/image_02076.jpg,image_02076.jpg,22.376338958740234
2076,/nas-ctm01/datasets/public/Oxford102Flowers/jpg/image_02077.jpg,image_02077.jpg,21.7651309967041
2077,/nas-ctm01/datasets/public/Oxford102Flowers/jpg/image_02078.jpg,image_02078.jpg,21.202041625976562
2078,/nas-ctm01/datasets/public/Oxford102Flowers/jpg/image_02079.jpg,image_02079.jpg,21.44657325744629
2079,/nas-ctm01/datasets/public/Oxford102Flowers/jpg/image_02080.jpg,image_02080.jpg,21.325607299804688
2080,/nas-ctm01/datasets/public/Oxford102Flowers/jpg/image_02081.jpg,image_02081.jpg,21.867088317871094
2081,/nas-ctm01/datasets/public/Oxford102Flowers/jpg/image_02082.jpg,image_02082.jpg,22.39274787902832
2082,/nas-ctm01/datasets/public/Oxford102Flowers/jpg/image_02083.jpg,image_02083.jpg,21.394380569458008
2083,/nas-ctm01/datasets/public/Oxford102Flowers/jpg/image_02084.jpg,image_02084.jpg,22.108341217041016
2084,/nas-ctm01/datasets/public/Oxford102Flowers/jpg/image_02085.jpg,image_02085.jpg,21.699716567993164
2085,/nas-ctm01/datasets/public/Oxford102Flowers/jpg/image_02086.jpg,image_02086.jpg,22.082605361938477
2086,/nas-ctm01/datasets/public/Oxford102Flowers/jpg/image_02087.jpg,image_02087.jpg,22.42969512939453
2087,/nas-ctm01/datasets/public/Oxford102Flowers/jpg/image_02088.jpg,image_02088.jpg,21.94032096862793
2088,/nas-ctm01/datasets/public/Oxford102Flowers/jpg/image_02089.jpg,image_02089.jpg,22.00596809387207
2089,/nas-ctm01/datasets/public/Oxford102Flowers/jpg/image_02090.jpg,image_02090.jpg,22.152570724487305
2090,/nas-ctm01/datasets/public/Oxford102Flowers/jpg/image_02091.jpg,image_02091.jpg,22.00090980529785
2091,/nas-ctm01/datasets/public/Oxford102Flowers/jpg/image_02092.jpg,image_02092.jpg,22.263669967651367
2092,/nas-ctm01/datasets/public/Oxford102Flowers/jpg/image_02093.jpg,image_02093.jpg,21.951961517333984
2093,/nas-ctm01/datasets/public/Oxford102Flowers/jpg/image_02094.jpg,image_02094.jpg,20.659000396728516
2094,/nas-ctm01/datasets/public/Oxford102Flowers/jpg/image_02095.jpg,image_02095.jpg,21.574609756469727
2095,/nas-ctm01/datasets/public/Oxford102Flowers/jpg/image_02096.jpg,image_02096.jpg,22.500150680541992
2096,/nas-ctm01/datasets/public/Oxford102Flowers/jpg/image_02097.jpg,image_02097.jpg,21.758731842041016
2097,/nas-ctm01/datasets/public/Oxford102Flowers/jpg/image_02098.jpg,image_02098.jpg,21.536909103393555
2098,/nas-ctm01/datasets/public/Oxford102Flowers/jpg/image_02099.jpg,image_02099.jpg,22.88882827758789
2099,/nas-ctm01/datasets/public/Oxford102Flowers/jpg/image_02100.jpg,image_02100.jpg,21.602075576782227
2100,/nas-ctm01/datasets/public/Oxford102Flowers/jpg/image_02101.jpg,image_02101.jpg,21.972213745117188
2101,/nas-ctm01/datasets/public/Oxford102Flowers/jpg/image_02102.jpg,image_02102.jpg,21.667739868164062
2102,/nas-ctm01/datasets/public/Oxford102Flowers/jpg/image_02103.jpg,image_02103.jpg,22.408672332763672
2103,/nas-ctm01/datasets/public/Oxford102Flowers/jpg/image_02104.jpg,image_02104.jpg,22.315765380859375
2104,/nas-ctm01/datasets/public/Oxford102Flowers/jpg/image_02105.jpg,image_02105.jpg,21.95342445373535
2105,/nas-ctm01/datasets/public/Oxford102Flowers/jpg/image_02106.jpg,image_02106.jpg,22.131750106811523
2106,/nas-ctm01/datasets/public/Oxford102Flowers/jpg/image_02107.jpg,image_02107.jpg,22.35331916809082
2107,/nas-ctm01/datasets/public/Oxford102Flowers/jpg/image_02108.jpg,image_02108.jpg,21.24777603149414
2108,/nas-ctm01/datasets/public/Oxford102Flowers/jpg/image_02109.jpg,image_02109.jpg,20.62800407409668
2109,/nas-ctm01/datasets/public/Oxford102Flowers/jpg/image_02110.jpg,image_02110.jpg,21.857749938964844
2110,/nas-ctm01/datasets/public/Oxford102Flowers/jpg/image_02111.jpg,image_02111.jpg,21.426889419555664
2111,/nas-ctm01/datasets/public/Oxford102Flowers/jpg/image_02112.jpg,image_02112.jpg,21.922748565673828
2112,/nas-ctm01/datasets/public/Oxford102Flowers/jpg/image_02113.jpg,image_02113.jpg,22.501571655273438
2113,/nas-ctm01/datasets/public/Oxford102Flowers/jpg/image_02114.jpg,image_02114.jpg,22.069480895996094
2114,/nas-ctm01/datasets/public/Oxford102Flowers/jpg/image_02115.jpg,image_02115.jpg,22.295913696289062
2115,/nas-ctm01/datasets/public/Oxford102Flowers/jpg/image_02116.jpg,image_02116.jpg,21.926925659179688
2116,/nas-ctm01/datasets/public/Oxford102Flowers/jpg/image_02117.jpg,image_02117.jpg,21.3165225982666
2117,/nas-ctm01/datasets/public/Oxford102Flowers/jpg/image_02118.jpg,image_02118.jpg,20.917306900024414
2118,/nas-ctm01/datasets/public/Oxford102Flowers/jpg/image_02119.jpg,image_02119.jpg,22.774126052856445
2119,/nas-ctm01/datasets/public/Oxford102Flowers/jpg/image_02120.jpg,image_02120.jpg,22.62087059020996
2120,/nas-ctm01/datasets/public/Oxford102Flowers/jpg/image_02121.jpg,image_02121.jpg,21.50128936767578
2121,/nas-ctm01/datasets/public/Oxford102Flowers/jpg/image_02122.jpg,image_02122.jpg,21.71942138671875
2122,/nas-ctm01/datasets/public/Oxford102Flowers/jpg/image_02123.jpg,image_02123.jpg,20.785343170166016
2123,/nas-ctm01/datasets/public/Oxford102Flowers/jpg/image_02124.jpg,image_02124.jpg,21.321800231933594
2124,/nas-ctm01/datasets/public/Oxford102Flowers/jpg/image_02125.jpg,image_02125.jpg,21.716188430786133
2125,/nas-ctm01/datasets/public/Oxford102Flowers/jpg/image_02126.jpg,image_02126.jpg,22.061199188232422
2126,/nas-ctm01/datasets/public/Oxford102Flowers/jpg/image_02127.jpg,image_02127.jpg,21.153831481933594
2127,/nas-ctm01/datasets/public/Oxford102Flowers/jpg/image_02128.jpg,image_02128.jpg,21.831201553344727
2128,/nas-ctm01/datasets/public/Oxford102Flowers/jpg/image_02129.jpg,image_02129.jpg,21.975374221801758
2129,/nas-ctm01/datasets/public/Oxford102Flowers/jpg/image_02130.jpg,image_02130.jpg,21.874980926513672
2130,/nas-ctm01/datasets/public/Oxford102Flowers/jpg/image_02131.jpg,image_02131.jpg,21.720918655395508
2131,/nas-ctm01/datasets/public/Oxford102Flowers/jpg/image_02132.jpg,image_02132.jpg,21.165300369262695
2132,/nas-ctm01/datasets/public/Oxford102Flowers/jpg/image_02133.jpg,image_02133.jpg,22.262731552124023
2133,/nas-ctm01/datasets/public/Oxford102Flowers/jpg/image_02134.jpg,image_02134.jpg,22.088943481445312
2134,/nas-ctm01/datasets/public/Oxford102Flowers/jpg/image_02135.jpg,image_02135.jpg,22.151153564453125
2135,/nas-ctm01/datasets/public/Oxford102Flowers/jpg/image_02136.jpg,image_02136.jpg,21.745473861694336
2136,/nas-ctm01/datasets/public/Oxford102Flowers/jpg/image_02137.jpg,image_02137.jpg,21.713624954223633
2137,/nas-ctm01/datasets/public/Oxford102Flowers/jpg/image_02138.jpg,image_02138.jpg,23.049409866333008
2138,/nas-ctm01/datasets/public/Oxford102Flowers/jpg/image_02139.jpg,image_02139.jpg,21.809646606445312
2139,/nas-ctm01/datasets/public/Oxford102Flowers/jpg/image_02140.jpg,image_02140.jpg,21.859607696533203
2140,/nas-ctm01/datasets/public/Oxford102Flowers/jpg/image_02141.jpg,image_02141.jpg,21.618457794189453
2141,/nas-ctm01/datasets/public/Oxford102Flowers/jpg/image_02142.jpg,image_02142.jpg,21.279800415039062
2142,/nas-ctm01/datasets/public/Oxford102Flowers/jpg/image_02143.jpg,image_02143.jpg,22.003320693969727
2143,/nas-ctm01/datasets/public/Oxford102Flowers/jpg/image_02144.jpg,image_02144.jpg,21.935693740844727
2144,/nas-ctm01/datasets/public/Oxford102Flowers/jpg/image_02145.jpg,image_02145.jpg,21.75042152404785
2145,/nas-ctm01/datasets/public/Oxford102Flowers/jpg/image_02146.jpg,image_02146.jpg,21.553071975708008
2146,/nas-ctm01/datasets/public/Oxford102Flowers/jpg/image_02147.jpg,image_02147.jpg,21.389968872070312
2147,/nas-ctm01/datasets/public/Oxford102Flowers/jpg/image_02148.jpg,image_02148.jpg,22.71775245666504
2148,/nas-ctm01/datasets/public/Oxford102Flowers/jpg/image_02149.jpg,image_02149.jpg,21.265676498413086
2149,/nas-ctm01/datasets/public/Oxford102Flowers/jpg/image_02150.jpg,image_02150.jpg,21.10564613342285
2150,/nas-ctm01/datasets/public/Oxford102Flowers/jpg/image_02151.jpg,image_02151.jpg,22.32139778137207
2151,/nas-ctm01/datasets/public/Oxford102Flowers/jpg/image_02152.jpg,image_02152.jpg,21.503509521484375
2152,/nas-ctm01/datasets/public/Oxford102Flowers/jpg/image_02153.jpg,image_02153.jpg,22.3391056060791
2153,/nas-ctm01/datasets/public/Oxford102Flowers/jpg/image_02154.jpg,image_02154.jpg,22.542573928833008
2154,/nas-ctm01/datasets/public/Oxford102Flowers/jpg/image_02155.jpg,image_02155.jpg,22.33003044128418
2155,/nas-ctm01/datasets/public/Oxford102Flowers/jpg/image_02156.jpg,image_02156.jpg,22.176034927368164
2156,/nas-ctm01/datasets/public/Oxford102Flowers/jpg/image_02157.jpg,image_02157.jpg,21.765684127807617
2157,/nas-ctm01/datasets/public/Oxford102Flowers/jpg/image_02158.jpg,image_02158.jpg,22.926618576049805
2158,/nas-ctm01/datasets/public/Oxford102Flowers/jpg/image_02159.jpg,image_02159.jpg,22.664642333984375
2159,/nas-ctm01/datasets/public/Oxford102Flowers/jpg/image_02160.jpg,image_02160.jpg,21.6248836517334
2160,/nas-ctm01/datasets/public/Oxford102Flowers/jpg/image_02161.jpg,image_02161.jpg,21.901395797729492
2161,/nas-ctm01/datasets/public/Oxford102Flowers/jpg/image_02162.jpg,image_02162.jpg,22.035654067993164
2162,/nas-ctm01/datasets/public/Oxford102Flowers/jpg/image_02163.jpg,image_02163.jpg,22.51064109802246
2163,/nas-ctm01/datasets/public/Oxford102Flowers/jpg/image_02164.jpg,image_02164.jpg,21.5179443359375
2164,/nas-ctm01/datasets/public/Oxford102Flowers/jpg/image_02165.jpg,image_02165.jpg,21.627696990966797
2165,/nas-ctm01/datasets/public/Oxford102Flowers/jpg/image_02166.jpg,image_02166.jpg,20.9364070892334
2166,/nas-ctm01/datasets/public/Oxford102Flowers/jpg/image_02167.jpg,image_02167.jpg,21.46332550048828
2167,/nas-ctm01/datasets/public/Oxford102Flowers/jpg/image_02168.jpg,image_02168.jpg,21.091466903686523
2168,/nas-ctm01/datasets/public/Oxford102Flowers/jpg/image_02169.jpg,image_02169.jpg,21.773725509643555
2169,/nas-ctm01/datasets/public/Oxford102Flowers/jpg/image_02170.jpg,image_02170.jpg,22.183605194091797
2170,/nas-ctm01/datasets/public/Oxford102Flowers/jpg/image_02171.jpg,image_02171.jpg,22.06684684753418
2171,/nas-ctm01/datasets/public/Oxford102Flowers/jpg/image_02172.jpg,image_02172.jpg,22.22425079345703
2172,/nas-ctm01/datasets/public/Oxford102Flowers/jpg/image_02173.jpg,image_02173.jpg,21.50543785095215
2173,/nas-ctm01/datasets/public/Oxford102Flowers/jpg/image_02174.jpg,image_02174.jpg,20.653053283691406
2174,/nas-ctm01/datasets/public/Oxford102Flowers/jpg/image_02175.jpg,image_02175.jpg,21.932533264160156
2175,/nas-ctm01/datasets/public/Oxford102Flowers/jpg/image_02176.jpg,image_02176.jpg,21.563552856445312
2176,/nas-ctm01/datasets/public/Oxford102Flowers/jpg/image_02177.jpg,image_02177.jpg,22.040468215942383
2177,/nas-ctm01/datasets/public/Oxford102Flowers/jpg/image_02178.jpg,image_02178.jpg,22.005401611328125
2178,/nas-ctm01/datasets/public/Oxford102Flowers/jpg/image_02179.jpg,image_02179.jpg,21.519899368286133
2179,/nas-ctm01/datasets/public/Oxford102Flowers/jpg/image_02180.jpg,image_02180.jpg,21.50984001159668
2180,/nas-ctm01/datasets/public/Oxford102Flowers/jpg/image_02181.jpg,image_02181.jpg,21.77203369140625
2181,/nas-ctm01/datasets/public/Oxford102Flowers/jpg/image_02182.jpg,image_02182.jpg,22.115081787109375
2182,/nas-ctm01/datasets/public/Oxford102Flowers/jpg/image_02183.jpg,image_02183.jpg,20.81437873840332
2183,/nas-ctm01/datasets/public/Oxford102Flowers/jpg/image_02184.jpg,image_02184.jpg,22.07606315612793
2184,/nas-ctm01/datasets/public/Oxford102Flowers/jpg/image_02185.jpg,image_02185.jpg,22.348609924316406
2185,/nas-ctm01/datasets/public/Oxford102Flowers/jpg/image_02186.jpg,image_02186.jpg,21.288410186767578
2186,/nas-ctm01/datasets/public/Oxford102Flowers/jpg/image_02187.jpg,image_02187.jpg,22.01198387145996
2187,/nas-ctm01/datasets/public/Oxford102Flowers/jpg/image_02188.jpg,image_02188.jpg,22.41407012939453
2188,/nas-ctm01/datasets/public/Oxford102Flowers/jpg/image_02189.jpg,image_02189.jpg,23.59135627746582
2189,/nas-ctm01/datasets/public/Oxford102Flowers/jpg/image_02190.jpg,image_02190.jpg,22.332006454467773
2190,/nas-ctm01/datasets/public/Oxford102Flowers/jpg/image_02191.jpg,image_02191.jpg,21.356264114379883
2191,/nas-ctm01/datasets/public/Oxford102Flowers/jpg/image_02192.jpg,image_02192.jpg,22.011436462402344
2192,/nas-ctm01/datasets/public/Oxford102Flowers/jpg/image_02193.jpg,image_02193.jpg,22.03980255126953
2193,/nas-ctm01/datasets/public/Oxford102Flowers/jpg/image_02194.jpg,image_02194.jpg,21.620134353637695
2194,/nas-ctm01/datasets/public/Oxford102Flowers/jpg/image_02195.jpg,image_02195.jpg,21.50361442565918
2195,/nas-ctm01/datasets/public/Oxford102Flowers/jpg/image_02196.jpg,image_02196.jpg,21.146221160888672
2196,/nas-ctm01/datasets/public/Oxford102Flowers/jpg/image_02197.jpg,image_02197.jpg,21.679290771484375
2197,/nas-ctm01/datasets/public/Oxford102Flowers/jpg/image_02198.jpg,image_02198.jpg,22.308401107788086
2198,/nas-ctm01/datasets/public/Oxford102Flowers/jpg/image_02199.jpg,image_02199.jpg,21.603851318359375
2199,/nas-ctm01/datasets/public/Oxford102Flowers/jpg/image_02200.jpg,image_02200.jpg,21.53214454650879
2200,/nas-ctm01/datasets/public/Oxford102Flowers/jpg/image_02201.jpg,image_02201.jpg,20.98923110961914
2201,/nas-ctm01/datasets/public/Oxford102Flowers/jpg/image_02202.jpg,image_02202.jpg,21.339906692504883
2202,/nas-ctm01/datasets/public/Oxford102Flowers/jpg/image_02203.jpg,image_02203.jpg,22.053564071655273
2203,/nas-ctm01/datasets/public/Oxford102Flowers/jpg/image_02204.jpg,image_02204.jpg,22.42730140686035
2204,/nas-ctm01/datasets/public/Oxford102Flowers/jpg/image_02205.jpg,image_02205.jpg,21.698766708374023
2205,/nas-ctm01/datasets/public/Oxford102Flowers/jpg/image_02206.jpg,image_02206.jpg,22.27923011779785
2206,/nas-ctm01/datasets/public/Oxford102Flowers/jpg/image_02207.jpg,image_02207.jpg,21.893798828125
2207,/nas-ctm01/datasets/public/Oxford102Flowers/jpg/image_02208.jpg,image_02208.jpg,22.622188568115234
2208,/nas-ctm01/datasets/public/Oxford102Flowers/jpg/image_02209.jpg,image_02209.jpg,21.57187271118164
2209,/nas-ctm01/datasets/public/Oxford102Flowers/jpg/image_02210.jpg,image_02210.jpg,22.36787986755371
2210,/nas-ctm01/datasets/public/Oxford102Flowers/jpg/image_02211.jpg,image_02211.jpg,23.21623992919922
2211,/nas-ctm01/datasets/public/Oxford102Flowers/jpg/image_02212.jpg,image_02212.jpg,21.443798065185547
2212,/nas-ctm01/datasets/public/Oxford102Flowers/jpg/image_02213.jpg,image_02213.jpg,21.48508644104004
2213,/nas-ctm01/datasets/public/Oxford102Flowers/jpg/image_02214.jpg,image_02214.jpg,21.797012329101562
2214,/nas-ctm01/datasets/public/Oxford102Flowers/jpg/image_02215.jpg,image_02215.jpg,21.89082145690918
2215,/nas-ctm01/datasets/public/Oxford102Flowers/jpg/image_02216.jpg,image_02216.jpg,21.947978973388672
2216,/nas-ctm01/datasets/public/Oxford102Flowers/jpg/image_02217.jpg,image_02217.jpg,22.47838592529297
2217,/nas-ctm01/datasets/public/Oxford102Flowers/jpg/image_02218.jpg,image_02218.jpg,21.209909439086914
2218,/nas-ctm01/datasets/public/Oxford102Flowers/jpg/image_02219.jpg,image_02219.jpg,21.505088806152344
2219,/nas-ctm01/datasets/public/Oxford102Flowers/jpg/image_02220.jpg,image_02220.jpg,22.058143615722656
2220,/nas-ctm01/datasets/public/Oxford102Flowers/jpg/image_02221.jpg,image_02221.jpg,21.92205238342285
2221,/nas-ctm01/datasets/public/Oxford102Flowers/jpg/image_02222.jpg,image_02222.jpg,20.85899543762207
2222,/nas-ctm01/datasets/public/Oxford102Flowers/jpg/image_02223.jpg,image_02223.jpg,21.233423233032227
2223,/nas-ctm01/datasets/public/Oxford102Flowers/jpg/image_02224.jpg,image_02224.jpg,22.448856353759766
2224,/nas-ctm01/datasets/public/Oxford102Flowers/jpg/image_02225.jpg,image_02225.jpg,21.508962631225586
2225,/nas-ctm01/datasets/public/Oxford102Flowers/jpg/image_02226.jpg,image_02226.jpg,21.490957260131836
2226,/nas-ctm01/datasets/public/Oxford102Flowers/jpg/image_02227.jpg,image_02227.jpg,22.691471099853516
2227,/nas-ctm01/datasets/public/Oxford102Flowers/jpg/image_02228.jpg,image_02228.jpg,22.54255485534668
2228,/nas-ctm01/datasets/public/Oxford102Flowers/jpg/image_02229.jpg,image_02229.jpg,21.77634048461914
2229,/nas-ctm01/datasets/public/Oxford102Flowers/jpg/image_02230.jpg,image_02230.jpg,22.429569244384766
2230,/nas-ctm01/datasets/public/Oxford102Flowers/jpg/image_02231.jpg,image_02231.jpg,20.91133689880371
2231,/nas-ctm01/datasets/public/Oxford102Flowers/jpg/image_02232.jpg,image_02232.jpg,21.833662033081055
2232,/nas-ctm01/datasets/public/Oxford102Flowers/jpg/image_02233.jpg,image_02233.jpg,22.0845890045166
2233,/nas-ctm01/datasets/public/Oxford102Flowers/jpg/image_02234.jpg,image_02234.jpg,22.173768997192383
2234,/nas-ctm01/datasets/public/Oxford102Flowers/jpg/image_02235.jpg,image_02235.jpg,22.043132781982422
2235,/nas-ctm01/datasets/public/Oxford102Flowers/jpg/image_02236.jpg,image_02236.jpg,21.301685333251953
2236,/nas-ctm01/datasets/public/Oxford102Flowers/jpg/image_02237.jpg,image_02237.jpg,21.660938262939453
2237,/nas-ctm01/datasets/public/Oxford102Flowers/jpg/image_02238.jpg,image_02238.jpg,22.690549850463867
2238,/nas-ctm01/datasets/public/Oxford102Flowers/jpg/image_02239.jpg,image_02239.jpg,21.538171768188477
2239,/nas-ctm01/datasets/public/Oxford102Flowers/jpg/image_02240.jpg,image_02240.jpg,20.7137508392334
2240,/nas-ctm01/datasets/public/Oxford102Flowers/jpg/image_02241.jpg,image_02241.jpg,23.330772399902344
2241,/nas-ctm01/datasets/public/Oxford102Flowers/jpg/image_02242.jpg,image_02242.jpg,21.696290969848633
2242,/nas-ctm01/datasets/public/Oxford102Flowers/jpg/image_02243.jpg,image_02243.jpg,21.849079132080078
2243,/nas-ctm01/datasets/public/Oxford102Flowers/jpg/image_02244.jpg,image_02244.jpg,21.266969680786133
2244,/nas-ctm01/datasets/public/Oxford102Flowers/jpg/image_02245.jpg,image_02245.jpg,22.034692764282227
2245,/nas-ctm01/datasets/public/Oxford102Flowers/jpg/image_02246.jpg,image_02246.jpg,21.95785140991211
2246,/nas-ctm01/datasets/public/Oxford102Flowers/jpg/image_02247.jpg,image_02247.jpg,22.053607940673828
2247,/nas-ctm01/datasets/public/Oxford102Flowers/jpg/image_02248.jpg,image_02248.jpg,21.348342895507812
2248,/nas-ctm01/datasets/public/Oxford102Flowers/jpg/image_02249.jpg,image_02249.jpg,23.328519821166992
2249,/nas-ctm01/datasets/public/Oxford102Flowers/jpg/image_02250.jpg,image_02250.jpg,21.29700469970703
2250,/nas-ctm01/datasets/public/Oxford102Flowers/jpg/image_02251.jpg,image_02251.jpg,21.970945358276367
2251,/nas-ctm01/datasets/public/Oxford102Flowers/jpg/image_02252.jpg,image_02252.jpg,20.467233657836914
2252,/nas-ctm01/datasets/public/Oxford102Flowers/jpg/image_02253.jpg,image_02253.jpg,22.495746612548828
2253,/nas-ctm01/datasets/public/Oxford102Flowers/jpg/image_02254.jpg,image_02254.jpg,22.266923904418945
2254,/nas-ctm01/datasets/public/Oxford102Flowers/jpg/image_02255.jpg,image_02255.jpg,22.892030715942383
2255,/nas-ctm01/datasets/public/Oxford102Flowers/jpg/image_02256.jpg,image_02256.jpg,21.33827781677246
2256,/nas-ctm01/datasets/public/Oxford102Flowers/jpg/image_02257.jpg,image_02257.jpg,22.5225830078125
2257,/nas-ctm01/datasets/public/Oxford102Flowers/jpg/image_02258.jpg,image_02258.jpg,22.70845603942871
2258,/nas-ctm01/datasets/public/Oxford102Flowers/jpg/image_02259.jpg,image_02259.jpg,21.734148025512695
2259,/nas-ctm01/datasets/public/Oxford102Flowers/jpg/image_02260.jpg,image_02260.jpg,21.713699340820312
2260,/nas-ctm01/datasets/public/Oxford102Flowers/jpg/image_02261.jpg,image_02261.jpg,21.309768676757812
2261,/nas-ctm01/datasets/public/Oxford102Flowers/jpg/image_02262.jpg,image_02262.jpg,22.276100158691406
2262,/nas-ctm01/datasets/public/Oxford102Flowers/jpg/image_02263.jpg,image_02263.jpg,21.863840103149414
2263,/nas-ctm01/datasets/public/Oxford102Flowers/jpg/image_02264.jpg,image_02264.jpg,22.01811981201172
2264,/nas-ctm01/datasets/public/Oxford102Flowers/jpg/image_02265.jpg,image_02265.jpg,20.96445083618164
2265,/nas-ctm01/datasets/public/Oxford102Flowers/jpg/image_02266.jpg,image_02266.jpg,22.04349708557129
2266,/nas-ctm01/datasets/public/Oxford102Flowers/jpg/image_02267.jpg,image_02267.jpg,20.856853485107422
2267,/nas-ctm01/datasets/public/Oxford102Flowers/jpg/image_02268.jpg,image_02268.jpg,22.13532257080078
2268,/nas-ctm01/datasets/public/Oxford102Flowers/jpg/image_02269.jpg,image_02269.jpg,21.978696823120117
2269,/nas-ctm01/datasets/public/Oxford102Flowers/jpg/image_02270.jpg,image_02270.jpg,21.16586685180664
2270,/nas-ctm01/datasets/public/Oxford102Flowers/jpg/image_02271.jpg,image_02271.jpg,22.06586456298828
2271,/nas-ctm01/datasets/public/Oxford102Flowers/jpg/image_02272.jpg,image_02272.jpg,21.404027938842773
2272,/nas-ctm01/datasets/public/Oxford102Flowers/jpg/image_02273.jpg,image_02273.jpg,22.197158813476562
2273,/nas-ctm01/datasets/public/Oxford102Flowers/jpg/image_02274.jpg,image_02274.jpg,21.6206111907959
2274,/nas-ctm01/datasets/public/Oxford102Flowers/jpg/image_02275.jpg,image_02275.jpg,22.888385772705078
2275,/nas-ctm01/datasets/public/Oxford102Flowers/jpg/image_02276.jpg,image_02276.jpg,21.449132919311523
2276,/nas-ctm01/datasets/public/Oxford102Flowers/jpg/image_02277.jpg,image_02277.jpg,21.340335845947266
2277,/nas-ctm01/datasets/public/Oxford102Flowers/jpg/image_02278.jpg,image_02278.jpg,21.390939712524414
2278,/nas-ctm01/datasets/public/Oxford102Flowers/jpg/image_02279.jpg,image_02279.jpg,21.088239669799805
2279,/nas-ctm01/datasets/public/Oxford102Flowers/jpg/image_02280.jpg,image_02280.jpg,20.837242126464844
2280,/nas-ctm01/datasets/public/Oxford102Flowers/jpg/image_02281.jpg,image_02281.jpg,22.400056838989258
2281,/nas-ctm01/datasets/public/Oxford102Flowers/jpg/image_02282.jpg,image_02282.jpg,22.081165313720703
2282,/nas-ctm01/datasets/public/Oxford102Flowers/jpg/image_02283.jpg,image_02283.jpg,20.848358154296875
2283,/nas-ctm01/datasets/public/Oxford102Flowers/jpg/image_02284.jpg,image_02284.jpg,21.752864837646484
2284,/nas-ctm01/datasets/public/Oxford102Flowers/jpg/image_02285.jpg,image_02285.jpg,21.676651000976562
2285,/nas-ctm01/datasets/public/Oxford102Flowers/jpg/image_02286.jpg,image_02286.jpg,22.357559204101562
2286,/nas-ctm01/datasets/public/Oxford102Flowers/jpg/image_02287.jpg,image_02287.jpg,21.86847686767578
2287,/nas-ctm01/datasets/public/Oxford102Flowers/jpg/image_02288.jpg,image_02288.jpg,22.1530818939209
2288,/nas-ctm01/datasets/public/Oxford102Flowers/jpg/image_02289.jpg,image_02289.jpg,22.448564529418945
2289,/nas-ctm01/datasets/public/Oxford102Flowers/jpg/image_02290.jpg,image_02290.jpg,22.23998260498047
2290,/nas-ctm01/datasets/public/Oxford102Flowers/jpg/image_02291.jpg,image_02291.jpg,21.98090362548828
2291,/nas-ctm01/datasets/public/Oxford102Flowers/jpg/image_02292.jpg,image_02292.jpg,22.188371658325195
2292,/nas-ctm01/datasets/public/Oxford102Flowers/jpg/image_02293.jpg,image_02293.jpg,22.02251625061035
2293,/nas-ctm01/datasets/public/Oxford102Flowers/jpg/image_02294.jpg,image_02294.jpg,22.29123878479004
2294,/nas-ctm01/datasets/public/Oxford102Flowers/jpg/image_02295.jpg,image_02295.jpg,21.343034744262695
2295,/nas-ctm01/datasets/public/Oxford102Flowers/jpg/image_02296.jpg,image_02296.jpg,20.157194137573242
2296,/nas-ctm01/datasets/public/Oxford102Flowers/jpg/image_02297.jpg,image_02297.jpg,21.22450828552246
2297,/nas-ctm01/datasets/public/Oxford102Flowers/jpg/image_02298.jpg,image_02298.jpg,21.52080535888672
2298,/nas-ctm01/datasets/public/Oxford102Flowers/jpg/image_02299.jpg,image_02299.jpg,21.522693634033203
2299,/nas-ctm01/datasets/public/Oxford102Flowers/jpg/image_02300.jpg,image_02300.jpg,22.547513961791992
2300,/nas-ctm01/datasets/public/Oxford102Flowers/jpg/image_02301.jpg,image_02301.jpg,21.632089614868164
2301,/nas-ctm01/datasets/public/Oxford102Flowers/jpg/image_02302.jpg,image_02302.jpg,22.328094482421875
2302,/nas-ctm01/datasets/public/Oxford102Flowers/jpg/image_02303.jpg,image_02303.jpg,21.943918228149414
2303,/nas-ctm01/datasets/public/Oxford102Flowers/jpg/image_02304.jpg,image_02304.jpg,21.728675842285156
2304,/nas-ctm01/datasets/public/Oxford102Flowers/jpg/image_02305.jpg,image_02305.jpg,21.210830688476562
2305,/nas-ctm01/datasets/public/Oxford102Flowers/jpg/image_02306.jpg,image_02306.jpg,21.2613582611084
2306,/nas-ctm01/datasets/public/Oxford102Flowers/jpg/image_02307.jpg,image_02307.jpg,21.831571578979492
2307,/nas-ctm01/datasets/public/Oxford102Flowers/jpg/image_02308.jpg,image_02308.jpg,21.57132339477539
2308,/nas-ctm01/datasets/public/Oxford102Flowers/jpg/image_02309.jpg,image_02309.jpg,21.132783889770508
2309,/nas-ctm01/datasets/public/Oxford102Flowers/jpg/image_02310.jpg,image_02310.jpg,21.150402069091797
2310,/nas-ctm01/datasets/public/Oxford102Flowers/jpg/image_02311.jpg,image_02311.jpg,22.365062713623047
2311,/nas-ctm01/datasets/public/Oxford102Flowers/jpg/image_02312.jpg,image_02312.jpg,21.568641662597656
2312,/nas-ctm01/datasets/public/Oxford102Flowers/jpg/image_02313.jpg,image_02313.jpg,21.59955406188965
2313,/nas-ctm01/datasets/public/Oxford102Flowers/jpg/image_02314.jpg,image_02314.jpg,21.611492156982422
2314,/nas-ctm01/datasets/public/Oxford102Flowers/jpg/image_02315.jpg,image_02315.jpg,23.076847076416016
2315,/nas-ctm01/datasets/public/Oxford102Flowers/jpg/image_02316.jpg,image_02316.jpg,21.920276641845703
2316,/nas-ctm01/datasets/public/Oxford102Flowers/jpg/image_02317.jpg,image_02317.jpg,22.923736572265625
2317,/nas-ctm01/datasets/public/Oxford102Flowers/jpg/image_02318.jpg,image_02318.jpg,22.047103881835938
2318,/nas-ctm01/datasets/public/Oxford102Flowers/jpg/image_02319.jpg,image_02319.jpg,22.894943237304688
2319,/nas-ctm01/datasets/public/Oxford102Flowers/jpg/image_02320.jpg,image_02320.jpg,22.312007904052734
2320,/nas-ctm01/datasets/public/Oxford102Flowers/jpg/image_02321.jpg,image_02321.jpg,22.9482364654541
2321,/nas-ctm01/datasets/public/Oxford102Flowers/jpg/image_02322.jpg,image_02322.jpg,21.873743057250977
2322,/nas-ctm01/datasets/public/Oxford102Flowers/jpg/image_02323.jpg,image_02323.jpg,21.795700073242188
2323,/nas-ctm01/datasets/public/Oxford102Flowers/jpg/image_02324.jpg,image_02324.jpg,21.63259506225586
2324,/nas-ctm01/datasets/public/Oxford102Flowers/jpg/image_02325.jpg,image_02325.jpg,22.235456466674805
2325,/nas-ctm01/datasets/public/Oxford102Flowers/jpg/image_02326.jpg,image_02326.jpg,21.602388381958008
2326,/nas-ctm01/datasets/public/Oxford102Flowers/jpg/image_02327.jpg,image_02327.jpg,21.727033615112305
2327,/nas-ctm01/datasets/public/Oxford102Flowers/jpg/image_02328.jpg,image_02328.jpg,22.440387725830078
2328,/nas-ctm01/datasets/public/Oxford102Flowers/jpg/image_02329.jpg,image_02329.jpg,22.262773513793945
2329,/nas-ctm01/datasets/public/Oxford102Flowers/jpg/image_02330.jpg,image_02330.jpg,21.65015411376953
2330,/nas-ctm01/datasets/public/Oxford102Flowers/jpg/image_02331.jpg,image_02331.jpg,21.31656265258789
2331,/nas-ctm01/datasets/public/Oxford102Flowers/jpg/image_02332.jpg,image_02332.jpg,22.728347778320312
2332,/nas-ctm01/datasets/public/Oxford102Flowers/jpg/image_02333.jpg,image_02333.jpg,21.324546813964844
2333,/nas-ctm01/datasets/public/Oxford102Flowers/jpg/image_02334.jpg,image_02334.jpg,22.710590362548828
2334,/nas-ctm01/datasets/public/Oxford102Flowers/jpg/image_02335.jpg,image_02335.jpg,21.872413635253906
2335,/nas-ctm01/datasets/public/Oxford102Flowers/jpg/image_02336.jpg,image_02336.jpg,23.045591354370117
2336,/nas-ctm01/datasets/public/Oxford102Flowers/jpg/image_02337.jpg,image_02337.jpg,21.650793075561523
2337,/nas-ctm01/datasets/public/Oxford102Flowers/jpg/image_02338.jpg,image_02338.jpg,22.99968147277832
2338,/nas-ctm01/datasets/public/Oxford102Flowers/jpg/image_02339.jpg,image_02339.jpg,21.034149169921875
2339,/nas-ctm01/datasets/public/Oxford102Flowers/jpg/image_02340.jpg,image_02340.jpg,21.388456344604492
2340,/nas-ctm01/datasets/public/Oxford102Flowers/jpg/image_02341.jpg,image_02341.jpg,22.163305282592773
2341,/nas-ctm01/datasets/public/Oxford102Flowers/jpg/image_02342.jpg,image_02342.jpg,22.702383041381836
2342,/nas-ctm01/datasets/public/Oxford102Flowers/jpg/image_02343.jpg,image_02343.jpg,22.235389709472656
2343,/nas-ctm01/datasets/public/Oxford102Flowers/jpg/image_02344.jpg,image_02344.jpg,22.784645080566406
2344,/nas-ctm01/datasets/public/Oxford102Flowers/jpg/image_02345.jpg,image_02345.jpg,21.34206771850586
2345,/nas-ctm01/datasets/public/Oxford102Flowers/jpg/image_02346.jpg,image_02346.jpg,22.047266006469727
2346,/nas-ctm01/datasets/public/Oxford102Flowers/jpg/image_02347.jpg,image_02347.jpg,22.083269119262695
2347,/nas-ctm01/datasets/public/Oxford102Flowers/jpg/image_02348.jpg,image_02348.jpg,21.218809127807617
2348,/nas-ctm01/datasets/public/Oxford102Flowers/jpg/image_02349.jpg,image_02349.jpg,22.520483016967773
2349,/nas-ctm01/datasets/public/Oxford102Flowers/jpg/image_02350.jpg,image_02350.jpg,23.314746856689453
2350,/nas-ctm01/datasets/public/Oxford102Flowers/jpg/image_02351.jpg,image_02351.jpg,21.456886291503906
2351,/nas-ctm01/datasets/public/Oxford102Flowers/jpg/image_02352.jpg,image_02352.jpg,22.018598556518555
2352,/nas-ctm01/datasets/public/Oxford102Flowers/jpg/image_02353.jpg,image_02353.jpg,21.754352569580078
2353,/nas-ctm01/datasets/public/Oxford102Flowers/jpg/image_02354.jpg,image_02354.jpg,22.216882705688477
2354,/nas-ctm01/datasets/public/Oxford102Flowers/jpg/image_02355.jpg,image_02355.jpg,22.185590744018555
2355,/nas-ctm01/datasets/public/Oxford102Flowers/jpg/image_02356.jpg,image_02356.jpg,22.071571350097656
2356,/nas-ctm01/datasets/public/Oxford102Flowers/jpg/image_02357.jpg,image_02357.jpg,21.959224700927734
2357,/nas-ctm01/datasets/public/Oxford102Flowers/jpg/image_02358.jpg,image_02358.jpg,21.53569984436035
2358,/nas-ctm01/datasets/public/Oxford102Flowers/jpg/image_02359.jpg,image_02359.jpg,21.662437438964844
2359,/nas-ctm01/datasets/public/Oxford102Flowers/jpg/image_02360.jpg,image_02360.jpg,21.634803771972656
2360,/nas-ctm01/datasets/public/Oxford102Flowers/jpg/image_02361.jpg,image_02361.jpg,22.72475814819336
2361,/nas-ctm01/datasets/public/Oxford102Flowers/jpg/image_02362.jpg,image_02362.jpg,23.217039108276367
2362,/nas-ctm01/datasets/public/Oxford102Flowers/jpg/image_02363.jpg,image_02363.jpg,22.840789794921875
2363,/nas-ctm01/datasets/public/Oxford102Flowers/jpg/image_02364.jpg,image_02364.jpg,22.00389289855957
2364,/nas-ctm01/datasets/public/Oxford102Flowers/jpg/image_02365.jpg,image_02365.jpg,22.21141242980957
2365,/nas-ctm01/datasets/public/Oxford102Flowers/jpg/image_02366.jpg,image_02366.jpg,22.56829071044922
2366,/nas-ctm01/datasets/public/Oxford102Flowers/jpg/image_02367.jpg,image_02367.jpg,21.884065628051758
2367,/nas-ctm01/datasets/public/Oxford102Flowers/jpg/image_02368.jpg,image_02368.jpg,23.05487632751465
2368,/nas-ctm01/datasets/public/Oxford102Flowers/jpg/image_02369.jpg,image_02369.jpg,22.05781364440918
2369,/nas-ctm01/datasets/public/Oxford102Flowers/jpg/image_02370.jpg,image_02370.jpg,21.93571662902832
2370,/nas-ctm01/datasets/public/Oxford102Flowers/jpg/image_02371.jpg,image_02371.jpg,21.660287857055664
2371,/nas-ctm01/datasets/public/Oxford102Flowers/jpg/image_02372.jpg,image_02372.jpg,21.762432098388672
2372,/nas-ctm01/datasets/public/Oxford102Flowers/jpg/image_02373.jpg,image_02373.jpg,22.82330322265625
2373,/nas-ctm01/datasets/public/Oxford102Flowers/jpg/image_02374.jpg,image_02374.jpg,21.695383071899414
2374,/nas-ctm01/datasets/public/Oxford102Flowers/jpg/image_02375.jpg,image_02375.jpg,22.374208450317383
2375,/nas-ctm01/datasets/public/Oxford102Flowers/jpg/image_02376.jpg,image_02376.jpg,22.50649070739746
2376,/nas-ctm01/datasets/public/Oxford102Flowers/jpg/image_02377.jpg,image_02377.jpg,20.7457218170166
2377,/nas-ctm01/datasets/public/Oxford102Flowers/jpg/image_02378.jpg,image_02378.jpg,22.36592674255371
2378,/nas-ctm01/datasets/public/Oxford102Flowers/jpg/image_02379.jpg,image_02379.jpg,22.784543991088867
2379,/nas-ctm01/datasets/public/Oxford102Flowers/jpg/image_02380.jpg,image_02380.jpg,22.1084041595459
2380,/nas-ctm01/datasets/public/Oxford102Flowers/jpg/image_02381.jpg,image_02381.jpg,22.613323211669922
2381,/nas-ctm01/datasets/public/Oxford102Flowers/jpg/image_02382.jpg,image_02382.jpg,22.577253341674805
2382,/nas-ctm01/datasets/public/Oxford102Flowers/jpg/image_02383.jpg,image_02383.jpg,21.714107513427734
2383,/nas-ctm01/datasets/public/Oxford102Flowers/jpg/image_02384.jpg,image_02384.jpg,22.347482681274414
2384,/nas-ctm01/datasets/public/Oxford102Flowers/jpg/image_02385.jpg,image_02385.jpg,22.64975929260254
2385,/nas-ctm01/datasets/public/Oxford102Flowers/jpg/image_02386.jpg,image_02386.jpg,22.20016860961914
2386,/nas-ctm01/datasets/public/Oxford102Flowers/jpg/image_02387.jpg,image_02387.jpg,21.93419647216797
2387,/nas-ctm01/datasets/public/Oxford102Flowers/jpg/image_02388.jpg,image_02388.jpg,20.809162139892578
2388,/nas-ctm01/datasets/public/Oxford102Flowers/jpg/image_02389.jpg,image_02389.jpg,21.47273826599121
2389,/nas-ctm01/datasets/public/Oxford102Flowers/jpg/image_02390.jpg,image_02390.jpg,22.115476608276367
2390,/nas-ctm01/datasets/public/Oxford102Flowers/jpg/image_02391.jpg,image_02391.jpg,22.117267608642578
2391,/nas-ctm01/datasets/public/Oxford102Flowers/jpg/image_02392.jpg,image_02392.jpg,21.98108673095703
2392,/nas-ctm01/datasets/public/Oxford102Flowers/jpg/image_02393.jpg,image_02393.jpg,21.978050231933594
2393,/nas-ctm01/datasets/public/Oxford102Flowers/jpg/image_02394.jpg,image_02394.jpg,22.337921142578125
2394,/nas-ctm01/datasets/public/Oxford102Flowers/jpg/image_02395.jpg,image_02395.jpg,21.67272186279297
2395,/nas-ctm01/datasets/public/Oxford102Flowers/jpg/image_02396.jpg,image_02396.jpg,21.47682762145996
2396,/nas-ctm01/datasets/public/Oxford102Flowers/jpg/image_02397.jpg,image_02397.jpg,21.331850051879883
2397,/nas-ctm01/datasets/public/Oxford102Flowers/jpg/image_02398.jpg,image_02398.jpg,21.889484405517578
2398,/nas-ctm01/datasets/public/Oxford102Flowers/jpg/image_02399.jpg,image_02399.jpg,21.974302291870117
2399,/nas-ctm01/datasets/public/Oxford102Flowers/jpg/image_02400.jpg,image_02400.jpg,21.197113037109375
2400,/nas-ctm01/datasets/public/Oxford102Flowers/jpg/image_02401.jpg,image_02401.jpg,21.83814811706543
2401,/nas-ctm01/datasets/public/Oxford102Flowers/jpg/image_02402.jpg,image_02402.jpg,21.652143478393555
2402,/nas-ctm01/datasets/public/Oxford102Flowers/jpg/image_02403.jpg,image_02403.jpg,22.663982391357422
2403,/nas-ctm01/datasets/public/Oxford102Flowers/jpg/image_02404.jpg,image_02404.jpg,22.112520217895508
2404,/nas-ctm01/datasets/public/Oxford102Flowers/jpg/image_02405.jpg,image_02405.jpg,20.511669158935547
2405,/nas-ctm01/datasets/public/Oxford102Flowers/jpg/image_02406.jpg,image_02406.jpg,21.712238311767578
2406,/nas-ctm01/datasets/public/Oxford102Flowers/jpg/image_02407.jpg,image_02407.jpg,22.502620697021484
2407,/nas-ctm01/datasets/public/Oxford102Flowers/jpg/image_02408.jpg,image_02408.jpg,22.649372100830078
2408,/nas-ctm01/datasets/public/Oxford102Flowers/jpg/image_02409.jpg,image_02409.jpg,21.9678955078125
2409,/nas-ctm01/datasets/public/Oxford102Flowers/jpg/image_02410.jpg,image_02410.jpg,22.58758544921875
2410,/nas-ctm01/datasets/public/Oxford102Flowers/jpg/image_02411.jpg,image_02411.jpg,21.874303817749023
2411,/nas-ctm01/datasets/public/Oxford102Flowers/jpg/image_02412.jpg,image_02412.jpg,20.684871673583984
2412,/nas-ctm01/datasets/public/Oxford102Flowers/jpg/image_02413.jpg,image_02413.jpg,22.373682022094727
2413,/nas-ctm01/datasets/public/Oxford102Flowers/jpg/image_02414.jpg,image_02414.jpg,22.23106575012207
2414,/nas-ctm01/datasets/public/Oxford102Flowers/jpg/image_02415.jpg,image_02415.jpg,22.431459426879883
2415,/nas-ctm01/datasets/public/Oxford102Flowers/jpg/image_02416.jpg,image_02416.jpg,21.72439193725586
2416,/nas-ctm01/datasets/public/Oxford102Flowers/jpg/image_02417.jpg,image_02417.jpg,21.594615936279297
2417,/nas-ctm01/datasets/public/Oxford102Flowers/jpg/image_02418.jpg,image_02418.jpg,22.16320037841797
2418,/nas-ctm01/datasets/public/Oxford102Flowers/jpg/image_02419.jpg,image_02419.jpg,22.47792625427246
2419,/nas-ctm01/datasets/public/Oxford102Flowers/jpg/image_02420.jpg,image_02420.jpg,21.31007194519043
2420,/nas-ctm01/datasets/public/Oxford102Flowers/jpg/image_02421.jpg,image_02421.jpg,22.044713973999023
2421,/nas-ctm01/datasets/public/Oxford102Flowers/jpg/image_02422.jpg,image_02422.jpg,22.237497329711914
2422,/nas-ctm01/datasets/public/Oxford102Flowers/jpg/image_02423.jpg,image_02423.jpg,21.355724334716797
2423,/nas-ctm01/datasets/public/Oxford102Flowers/jpg/image_02424.jpg,image_02424.jpg,22.407981872558594
2424,/nas-ctm01/datasets/public/Oxford102Flowers/jpg/image_02425.jpg,image_02425.jpg,22.16333770751953
2425,/nas-ctm01/datasets/public/Oxford102Flowers/jpg/image_02426.jpg,image_02426.jpg,22.21885871887207
2426,/nas-ctm01/datasets/public/Oxford102Flowers/jpg/image_02427.jpg,image_02427.jpg,21.173494338989258
2427,/nas-ctm01/datasets/public/Oxford102Flowers/jpg/image_02428.jpg,image_02428.jpg,21.516098022460938
2428,/nas-ctm01/datasets/public/Oxford102Flowers/jpg/image_02429.jpg,image_02429.jpg,21.592317581176758
2429,/nas-ctm01/datasets/public/Oxford102Flowers/jpg/image_02430.jpg,image_02430.jpg,21.318246841430664
2430,/nas-ctm01/datasets/public/Oxford102Flowers/jpg/image_02431.jpg,image_02431.jpg,22.994916915893555
2431,/nas-ctm01/datasets/public/Oxford102Flowers/jpg/image_02432.jpg,image_02432.jpg,22.362646102905273
2432,/nas-ctm01/datasets/public/Oxford102Flowers/jpg/image_02433.jpg,image_02433.jpg,21.338470458984375
2433,/nas-ctm01/datasets/public/Oxford102Flowers/jpg/image_02434.jpg,image_02434.jpg,22.22089385986328
2434,/nas-ctm01/datasets/public/Oxford102Flowers/jpg/image_02435.jpg,image_02435.jpg,21.20440101623535
2435,/nas-ctm01/datasets/public/Oxford102Flowers/jpg/image_02436.jpg,image_02436.jpg,21.14875602722168
2436,/nas-ctm01/datasets/public/Oxford102Flowers/jpg/image_02437.jpg,image_02437.jpg,21.99042320251465
2437,/nas-ctm01/datasets/public/Oxford102Flowers/jpg/image_02438.jpg,image_02438.jpg,22.012651443481445
2438,/nas-ctm01/datasets/public/Oxford102Flowers/jpg/image_02439.jpg,image_02439.jpg,22.666988372802734
2439,/nas-ctm01/datasets/public/Oxford102Flowers/jpg/image_02440.jpg,image_02440.jpg,22.363977432250977
2440,/nas-ctm01/datasets/public/Oxford102Flowers/jpg/image_02441.jpg,image_02441.jpg,22.00070571899414
2441,/nas-ctm01/datasets/public/Oxford102Flowers/jpg/image_02442.jpg,image_02442.jpg,21.106220245361328
2442,/nas-ctm01/datasets/public/Oxford102Flowers/jpg/image_02443.jpg,image_02443.jpg,22.308382034301758
2443,/nas-ctm01/datasets/public/Oxford102Flowers/jpg/image_02444.jpg,image_02444.jpg,21.75448989868164
2444,/nas-ctm01/datasets/public/Oxford102Flowers/jpg/image_02445.jpg,image_02445.jpg,22.64427947998047
2445,/nas-ctm01/datasets/public/Oxford102Flowers/jpg/image_02446.jpg,image_02446.jpg,23.359683990478516
2446,/nas-ctm01/datasets/public/Oxford102Flowers/jpg/image_02447.jpg,image_02447.jpg,22.20722770690918
2447,/nas-ctm01/datasets/public/Oxford102Flowers/jpg/image_02448.jpg,image_02448.jpg,23.788782119750977
2448,/nas-ctm01/datasets/public/Oxford102Flowers/jpg/image_02449.jpg,image_02449.jpg,22.422927856445312
2449,/nas-ctm01/datasets/public/Oxford102Flowers/jpg/image_02450.jpg,image_02450.jpg,22.132219314575195
2450,/nas-ctm01/datasets/public/Oxford102Flowers/jpg/image_02451.jpg,image_02451.jpg,22.51150131225586
2451,/nas-ctm01/datasets/public/Oxford102Flowers/jpg/image_02452.jpg,image_02452.jpg,22.39630889892578
2452,/nas-ctm01/datasets/public/Oxford102Flowers/jpg/image_02453.jpg,image_02453.jpg,21.188077926635742
2453,/nas-ctm01/datasets/public/Oxford102Flowers/jpg/image_02454.jpg,image_02454.jpg,23.171693801879883
2454,/nas-ctm01/datasets/public/Oxford102Flowers/jpg/image_02455.jpg,image_02455.jpg,21.813671112060547
2455,/nas-ctm01/datasets/public/Oxford102Flowers/jpg/image_02456.jpg,image_02456.jpg,22.68473243713379
2456,/nas-ctm01/datasets/public/Oxford102Flowers/jpg/image_02457.jpg,image_02457.jpg,22.157136917114258
2457,/nas-ctm01/datasets/public/Oxford102Flowers/jpg/image_02458.jpg,image_02458.jpg,22.935760498046875
2458,/nas-ctm01/datasets/public/Oxford102Flowers/jpg/image_02459.jpg,image_02459.jpg,21.472421646118164
2459,/nas-ctm01/datasets/public/Oxford102Flowers/jpg/image_02460.jpg,image_02460.jpg,22.25975227355957
2460,/nas-ctm01/datasets/public/Oxford102Flowers/jpg/image_02461.jpg,image_02461.jpg,23.27640151977539
2461,/nas-ctm01/datasets/public/Oxford102Flowers/jpg/image_02462.jpg,image_02462.jpg,22.001420974731445
2462,/nas-ctm01/datasets/public/Oxford102Flowers/jpg/image_02463.jpg,image_02463.jpg,22.60181427001953
2463,/nas-ctm01/datasets/public/Oxford102Flowers/jpg/image_02464.jpg,image_02464.jpg,22.174585342407227
2464,/nas-ctm01/datasets/public/Oxford102Flowers/jpg/image_02465.jpg,image_02465.jpg,21.702062606811523
2465,/nas-ctm01/datasets/public/Oxford102Flowers/jpg/image_02466.jpg,image_02466.jpg,23.231393814086914
2466,/nas-ctm01/datasets/public/Oxford102Flowers/jpg/image_02467.jpg,image_02467.jpg,23.01652717590332
2467,/nas-ctm01/datasets/public/Oxford102Flowers/jpg/image_02468.jpg,image_02468.jpg,21.608745574951172
2468,/nas-ctm01/datasets/public/Oxford102Flowers/jpg/image_02469.jpg,image_02469.jpg,22.26307487487793
2469,/nas-ctm01/datasets/public/Oxford102Flowers/jpg/image_02470.jpg,image_02470.jpg,22.754228591918945
2470,/nas-ctm01/datasets/public/Oxford102Flowers/jpg/image_02471.jpg,image_02471.jpg,22.77159881591797
2471,/nas-ctm01/datasets/public/Oxford102Flowers/jpg/image_02472.jpg,image_02472.jpg,23.08648681640625
2472,/nas-ctm01/datasets/public/Oxford102Flowers/jpg/image_02473.jpg,image_02473.jpg,22.374717712402344
2473,/nas-ctm01/datasets/public/Oxford102Flowers/jpg/image_02474.jpg,image_02474.jpg,23.875322341918945
2474,/nas-ctm01/datasets/public/Oxford102Flowers/jpg/image_02475.jpg,image_02475.jpg,22.477577209472656
2475,/nas-ctm01/datasets/public/Oxford102Flowers/jpg/image_02476.jpg,image_02476.jpg,22.67133331298828
2476,/nas-ctm01/datasets/public/Oxford102Flowers/jpg/image_02477.jpg,image_02477.jpg,21.991762161254883
2477,/nas-ctm01/datasets/public/Oxford102Flowers/jpg/image_02478.jpg,image_02478.jpg,22.633150100708008
2478,/nas-ctm01/datasets/public/Oxford102Flowers/jpg/image_02479.jpg,image_02479.jpg,23.69345474243164
2479,/nas-ctm01/datasets/public/Oxford102Flowers/jpg/image_02480.jpg,image_02480.jpg,22.560161590576172
2480,/nas-ctm01/datasets/public/Oxford102Flowers/jpg/image_02481.jpg,image_02481.jpg,22.090864181518555
2481,/nas-ctm01/datasets/public/Oxford102Flowers/jpg/image_02482.jpg,image_02482.jpg,23.037860870361328
2482,/nas-ctm01/datasets/public/Oxford102Flowers/jpg/image_02483.jpg,image_02483.jpg,23.150814056396484
2483,/nas-ctm01/datasets/public/Oxford102Flowers/jpg/image_02484.jpg,image_02484.jpg,23.12871551513672
2484,/nas-ctm01/datasets/public/Oxford102Flowers/jpg/image_02485.jpg,image_02485.jpg,22.466217041015625
2485,/nas-ctm01/datasets/public/Oxford102Flowers/jpg/image_02486.jpg,image_02486.jpg,23.108665466308594
2486,/nas-ctm01/datasets/public/Oxford102Flowers/jpg/image_02487.jpg,image_02487.jpg,22.191160202026367
2487,/nas-ctm01/datasets/public/Oxford102Flowers/jpg/image_02488.jpg,image_02488.jpg,22.346519470214844
2488,/nas-ctm01/datasets/public/Oxford102Flowers/jpg/image_02489.jpg,image_02489.jpg,22.00438690185547
2489,/nas-ctm01/datasets/public/Oxford102Flowers/jpg/image_02490.jpg,image_02490.jpg,22.980499267578125
2490,/nas-ctm01/datasets/public/Oxford102Flowers/jpg/image_02491.jpg,image_02491.jpg,23.271818161010742
2491,/nas-ctm01/datasets/public/Oxford102Flowers/jpg/image_02492.jpg,image_02492.jpg,22.692157745361328
2492,/nas-ctm01/datasets/public/Oxford102Flowers/jpg/image_02493.jpg,image_02493.jpg,21.85419273376465
2493,/nas-ctm01/datasets/public/Oxford102Flowers/jpg/image_02494.jpg,image_02494.jpg,23.036540985107422
2494,/nas-ctm01/datasets/public/Oxford102Flowers/jpg/image_02495.jpg,image_02495.jpg,22.228788375854492
2495,/nas-ctm01/datasets/public/Oxford102Flowers/jpg/image_02496.jpg,image_02496.jpg,22.19112777709961
2496,/nas-ctm01/datasets/public/Oxford102Flowers/jpg/image_02497.jpg,image_02497.jpg,22.67900276184082
2497,/nas-ctm01/datasets/public/Oxford102Flowers/jpg/image_02498.jpg,image_02498.jpg,21.77483558654785
2498,/nas-ctm01/datasets/public/Oxford102Flowers/jpg/image_02499.jpg,image_02499.jpg,23.49956703186035
2499,/nas-ctm01/datasets/public/Oxford102Flowers/jpg/image_02500.jpg,image_02500.jpg,21.873443603515625
2500,/nas-ctm01/datasets/public/Oxford102Flowers/jpg/image_02501.jpg,image_02501.jpg,23.132123947143555
2501,/nas-ctm01/datasets/public/Oxford102Flowers/jpg/image_02502.jpg,image_02502.jpg,22.172832489013672
2502,/nas-ctm01/datasets/public/Oxford102Flowers/jpg/image_02503.jpg,image_02503.jpg,22.223127365112305
2503,/nas-ctm01/datasets/public/Oxford102Flowers/jpg/image_02504.jpg,image_02504.jpg,22.779483795166016
2504,/nas-ctm01/datasets/public/Oxford102Flowers/jpg/image_02505.jpg,image_02505.jpg,22.855669021606445
2505,/nas-ctm01/datasets/public/Oxford102Flowers/jpg/image_02506.jpg,image_02506.jpg,22.534305572509766
2506,/nas-ctm01/datasets/public/Oxford102Flowers/jpg/image_02507.jpg,image_02507.jpg,22.412405014038086
2507,/nas-ctm01/datasets/public/Oxford102Flowers/jpg/image_02508.jpg,image_02508.jpg,22.37446403503418
2508,/nas-ctm01/datasets/public/Oxford102Flowers/jpg/image_02509.jpg,image_02509.jpg,22.64443016052246
2509,/nas-ctm01/datasets/public/Oxford102Flowers/jpg/image_02510.jpg,image_02510.jpg,21.349140167236328
2510,/nas-ctm01/datasets/public/Oxford102Flowers/jpg/image_02511.jpg,image_02511.jpg,21.252403259277344
2511,/nas-ctm01/datasets/public/Oxford102Flowers/jpg/image_02512.jpg,image_02512.jpg,23.582538604736328
2512,/nas-ctm01/datasets/public/Oxford102Flowers/jpg/image_02513.jpg,image_02513.jpg,22.1469669342041
2513,/nas-ctm01/datasets/public/Oxford102Flowers/jpg/image_02514.jpg,image_02514.jpg,23.093603134155273
2514,/nas-ctm01/datasets/public/Oxford102Flowers/jpg/image_02515.jpg,image_02515.jpg,22.438297271728516
2515,/nas-ctm01/datasets/public/Oxford102Flowers/jpg/image_02516.jpg,image_02516.jpg,22.600255966186523
2516,/nas-ctm01/datasets/public/Oxford102Flowers/jpg/image_02517.jpg,image_02517.jpg,22.34107780456543
2517,/nas-ctm01/datasets/public/Oxford102Flowers/jpg/image_02518.jpg,image_02518.jpg,22.764400482177734
2518,/nas-ctm01/datasets/public/Oxford102Flowers/jpg/image_02519.jpg,image_02519.jpg,23.217039108276367
2519,/nas-ctm01/datasets/public/Oxford102Flowers/jpg/image_02520.jpg,image_02520.jpg,23.05060577392578
2520,/nas-ctm01/datasets/public/Oxford102Flowers/jpg/image_02521.jpg,image_02521.jpg,21.67558479309082
2521,/nas-ctm01/datasets/public/Oxford102Flowers/jpg/image_02522.jpg,image_02522.jpg,23.7200927734375
2522,/nas-ctm01/datasets/public/Oxford102Flowers/jpg/image_02523.jpg,image_02523.jpg,22.35057258605957
2523,/nas-ctm01/datasets/public/Oxford102Flowers/jpg/image_02524.jpg,image_02524.jpg,22.889236450195312
2524,/nas-ctm01/datasets/public/Oxford102Flowers/jpg/image_02525.jpg,image_02525.jpg,21.91061782836914
2525,/nas-ctm01/datasets/public/Oxford102Flowers/jpg/image_02526.jpg,image_02526.jpg,22.77998161315918
2526,/nas-ctm01/datasets/public/Oxford102Flowers/jpg/image_02527.jpg,image_02527.jpg,22.773578643798828
2527,/nas-ctm01/datasets/public/Oxford102Flowers/jpg/image_02528.jpg,image_02528.jpg,22.17640495300293
2528,/nas-ctm01/datasets/public/Oxford102Flowers/jpg/image_02529.jpg,image_02529.jpg,22.559612274169922
2529,/nas-ctm01/datasets/public/Oxford102Flowers/jpg/image_02530.jpg,image_02530.jpg,21.3630313873291
2530,/nas-ctm01/datasets/public/Oxford102Flowers/jpg/image_02531.jpg,image_02531.jpg,24.029233932495117
2531,/nas-ctm01/datasets/public/Oxford102Flowers/jpg/image_02532.jpg,image_02532.jpg,22.666824340820312
2532,/nas-ctm01/datasets/public/Oxford102Flowers/jpg/image_02533.jpg,image_02533.jpg,22.904008865356445
2533,/nas-ctm01/datasets/public/Oxford102Flowers/jpg/image_02534.jpg,image_02534.jpg,22.631208419799805
2534,/nas-ctm01/datasets/public/Oxford102Flowers/jpg/image_02535.jpg,image_02535.jpg,22.01066780090332
2535,/nas-ctm01/datasets/public/Oxford102Flowers/jpg/image_02536.jpg,image_02536.jpg,20.578481674194336
2536,/nas-ctm01/datasets/public/Oxford102Flowers/jpg/image_02537.jpg,image_02537.jpg,21.3813533782959
2537,/nas-ctm01/datasets/public/Oxford102Flowers/jpg/image_02538.jpg,image_02538.jpg,21.687236785888672
2538,/nas-ctm01/datasets/public/Oxford102Flowers/jpg/image_02539.jpg,image_02539.jpg,22.609914779663086
2539,/nas-ctm01/datasets/public/Oxford102Flowers/jpg/image_02540.jpg,image_02540.jpg,23.524608612060547
2540,/nas-ctm01/datasets/public/Oxford102Flowers/jpg/image_02541.jpg,image_02541.jpg,21.564697265625
2541,/nas-ctm01/datasets/public/Oxford102Flowers/jpg/image_02542.jpg,image_02542.jpg,22.601444244384766
2542,/nas-ctm01/datasets/public/Oxford102Flowers/jpg/image_02543.jpg,image_02543.jpg,23.535423278808594
2543,/nas-ctm01/datasets/public/Oxford102Flowers/jpg/image_02544.jpg,image_02544.jpg,23.718765258789062
2544,/nas-ctm01/datasets/public/Oxford102Flowers/jpg/image_02545.jpg,image_02545.jpg,22.095802307128906
2545,/nas-ctm01/datasets/public/Oxford102Flowers/jpg/image_02546.jpg,image_02546.jpg,22.332223892211914
2546,/nas-ctm01/datasets/public/Oxford102Flowers/jpg/image_02547.jpg,image_02547.jpg,21.89152717590332
2547,/nas-ctm01/datasets/public/Oxford102Flowers/jpg/image_02548.jpg,image_02548.jpg,21.781400680541992
2548,/nas-ctm01/datasets/public/Oxford102Flowers/jpg/image_02549.jpg,image_02549.jpg,21.95851707458496
2549,/nas-ctm01/datasets/public/Oxford102Flowers/jpg/image_02550.jpg,image_02550.jpg,21.83207130432129
2550,/nas-ctm01/datasets/public/Oxford102Flowers/jpg/image_02551.jpg,image_02551.jpg,21.71286392211914
2551,/nas-ctm01/datasets/public/Oxford102Flowers/jpg/image_02552.jpg,image_02552.jpg,22.007368087768555
2552,/nas-ctm01/datasets/public/Oxford102Flowers/jpg/image_02553.jpg,image_02553.jpg,22.423994064331055
2553,/nas-ctm01/datasets/public/Oxford102Flowers/jpg/image_02554.jpg,image_02554.jpg,20.59134292602539
2554,/nas-ctm01/datasets/public/Oxford102Flowers/jpg/image_02555.jpg,image_02555.jpg,21.167572021484375
2555,/nas-ctm01/datasets/public/Oxford102Flowers/jpg/image_02556.jpg,image_02556.jpg,22.89423942565918
2556,/nas-ctm01/datasets/public/Oxford102Flowers/jpg/image_02557.jpg,image_02557.jpg,22.649307250976562
2557,/nas-ctm01/datasets/public/Oxford102Flowers/jpg/image_02558.jpg,image_02558.jpg,23.332914352416992
2558,/nas-ctm01/datasets/public/Oxford102Flowers/jpg/image_02559.jpg,image_02559.jpg,22.182910919189453
2559,/nas-ctm01/datasets/public/Oxford102Flowers/jpg/image_02560.jpg,image_02560.jpg,22.831453323364258
2560,/nas-ctm01/datasets/public/Oxford102Flowers/jpg/image_02561.jpg,image_02561.jpg,22.980863571166992
2561,/nas-ctm01/datasets/public/Oxford102Flowers/jpg/image_02562.jpg,image_02562.jpg,23.23270606994629
2562,/nas-ctm01/datasets/public/Oxford102Flowers/jpg/image_02563.jpg,image_02563.jpg,23.48501205444336
2563,/nas-ctm01/datasets/public/Oxford102Flowers/jpg/image_02564.jpg,image_02564.jpg,21.522212982177734
2564,/nas-ctm01/datasets/public/Oxford102Flowers/jpg/image_02565.jpg,image_02565.jpg,22.838483810424805
2565,/nas-ctm01/datasets/public/Oxford102Flowers/jpg/image_02566.jpg,image_02566.jpg,23.27464485168457
2566,/nas-ctm01/datasets/public/Oxford102Flowers/jpg/image_02567.jpg,image_02567.jpg,22.562170028686523
2567,/nas-ctm01/datasets/public/Oxford102Flowers/jpg/image_02568.jpg,image_02568.jpg,21.975746154785156
2568,/nas-ctm01/datasets/public/Oxford102Flowers/jpg/image_02569.jpg,image_02569.jpg,21.35616111755371
2569,/nas-ctm01/datasets/public/Oxford102Flowers/jpg/image_02570.jpg,image_02570.jpg,23.07950210571289
2570,/nas-ctm01/datasets/public/Oxford102Flowers/jpg/image_02571.jpg,image_02571.jpg,22.33292007446289
2571,/nas-ctm01/datasets/public/Oxford102Flowers/jpg/image_02572.jpg,image_02572.jpg,22.17498207092285
2572,/nas-ctm01/datasets/public/Oxford102Flowers/jpg/image_02573.jpg,image_02573.jpg,23.355079650878906
2573,/nas-ctm01/datasets/public/Oxford102Flowers/jpg/image_02574.jpg,image_02574.jpg,22.259605407714844
2574,/nas-ctm01/datasets/public/Oxford102Flowers/jpg/image_02575.jpg,image_02575.jpg,22.8786678314209
2575,/nas-ctm01/datasets/public/Oxford102Flowers/jpg/image_02576.jpg,image_02576.jpg,23.11083221435547
2576,/nas-ctm01/datasets/public/Oxford102Flowers/jpg/image_02577.jpg,image_02577.jpg,22.871191024780273
2577,/nas-ctm01/datasets/public/Oxford102Flowers/jpg/image_02578.jpg,image_02578.jpg,22.437728881835938
2578,/nas-ctm01/datasets/public/Oxford102Flowers/jpg/image_02579.jpg,image_02579.jpg,22.96979331970215
2579,/nas-ctm01/datasets/public/Oxford102Flowers/jpg/image_02580.jpg,image_02580.jpg,23.016019821166992
2580,/nas-ctm01/datasets/public/Oxford102Flowers/jpg/image_02581.jpg,image_02581.jpg,22.561513900756836
2581,/nas-ctm01/datasets/public/Oxford102Flowers/jpg/image_02582.jpg,image_02582.jpg,22.428417205810547
2582,/nas-ctm01/datasets/public/Oxford102Flowers/jpg/image_02583.jpg,image_02583.jpg,22.875099182128906
2583,/nas-ctm01/datasets/public/Oxford102Flowers/jpg/image_02584.jpg,image_02584.jpg,22.25084686279297
2584,/nas-ctm01/datasets/public/Oxford102Flowers/jpg/image_02585.jpg,image_02585.jpg,22.91330909729004
2585,/nas-ctm01/datasets/public/Oxford102Flowers/jpg/image_02586.jpg,image_02586.jpg,23.07565689086914
2586,/nas-ctm01/datasets/public/Oxford102Flowers/jpg/image_02587.jpg,image_02587.jpg,23.939817428588867
2587,/nas-ctm01/datasets/public/Oxford102Flowers/jpg/image_02588.jpg,image_02588.jpg,23.239078521728516
2588,/nas-ctm01/datasets/public/Oxford102Flowers/jpg/image_02589.jpg,image_02589.jpg,20.969621658325195
2589,/nas-ctm01/datasets/public/Oxford102Flowers/jpg/image_02590.jpg,image_02590.jpg,21.336528778076172
2590,/nas-ctm01/datasets/public/Oxford102Flowers/jpg/image_02591.jpg,image_02591.jpg,22.9633731842041
2591,/nas-ctm01/datasets/public/Oxford102Flowers/jpg/image_02592.jpg,image_02592.jpg,21.331941604614258
2592,/nas-ctm01/datasets/public/Oxford102Flowers/jpg/image_02593.jpg,image_02593.jpg,23.250110626220703
2593,/nas-ctm01/datasets/public/Oxford102Flowers/jpg/image_02594.jpg,image_02594.jpg,22.667673110961914
2594,/nas-ctm01/datasets/public/Oxford102Flowers/jpg/image_02595.jpg,image_02595.jpg,22.734107971191406
2595,/nas-ctm01/datasets/public/Oxford102Flowers/jpg/image_02596.jpg,image_02596.jpg,21.402225494384766
2596,/nas-ctm01/datasets/public/Oxford102Flowers/jpg/image_02597.jpg,image_02597.jpg,23.045045852661133
2597,/nas-ctm01/datasets/public/Oxford102Flowers/jpg/image_02598.jpg,image_02598.jpg,22.16869354248047
2598,/nas-ctm01/datasets/public/Oxford102Flowers/jpg/image_02599.jpg,image_02599.jpg,23.027973175048828
2599,/nas-ctm01/datasets/public/Oxford102Flowers/jpg/image_02600.jpg,image_02600.jpg,23.018234252929688
2600,/nas-ctm01/datasets/public/Oxford102Flowers/jpg/image_02601.jpg,image_02601.jpg,22.22937774658203
2601,/nas-ctm01/datasets/public/Oxford102Flowers/jpg/image_02602.jpg,image_02602.jpg,22.78753089904785
2602,/nas-ctm01/datasets/public/Oxford102Flowers/jpg/image_02603.jpg,image_02603.jpg,23.209484100341797
2603,/nas-ctm01/datasets/public/Oxford102Flowers/jpg/image_02604.jpg,image_02604.jpg,22.89335060119629
2604,/nas-ctm01/datasets/public/Oxford102Flowers/jpg/image_02605.jpg,image_02605.jpg,22.92529296875
2605,/nas-ctm01/datasets/public/Oxford102Flowers/jpg/image_02606.jpg,image_02606.jpg,23.78662109375
2606,/nas-ctm01/datasets/public/Oxford102Flowers/jpg/image_02607.jpg,image_02607.jpg,23.4926700592041
2607,/nas-ctm01/datasets/public/Oxford102Flowers/jpg/image_02608.jpg,image_02608.jpg,22.298507690429688
2608,/nas-ctm01/datasets/public/Oxford102Flowers/jpg/image_02609.jpg,image_02609.jpg,22.690378189086914
2609,/nas-ctm01/datasets/public/Oxford102Flowers/jpg/image_02610.jpg,image_02610.jpg,22.289566040039062
2610,/nas-ctm01/datasets/public/Oxford102Flowers/jpg/image_02611.jpg,image_02611.jpg,21.47983741760254
2611,/nas-ctm01/datasets/public/Oxford102Flowers/jpg/image_02612.jpg,image_02612.jpg,24.12488555908203
2612,/nas-ctm01/datasets/public/Oxford102Flowers/jpg/image_02613.jpg,image_02613.jpg,23.320571899414062
2613,/nas-ctm01/datasets/public/Oxford102Flowers/jpg/image_02614.jpg,image_02614.jpg,23.944480895996094
2614,/nas-ctm01/datasets/public/Oxford102Flowers/jpg/image_02615.jpg,image_02615.jpg,21.61203384399414
2615,/nas-ctm01/datasets/public/Oxford102Flowers/jpg/image_02616.jpg,image_02616.jpg,23.42825698852539
2616,/nas-ctm01/datasets/public/Oxford102Flowers/jpg/image_02617.jpg,image_02617.jpg,22.439435958862305
2617,/nas-ctm01/datasets/public/Oxford102Flowers/jpg/image_02618.jpg,image_02618.jpg,21.458219528198242
2618,/nas-ctm01/datasets/public/Oxford102Flowers/jpg/image_02619.jpg,image_02619.jpg,22.2453670501709
2619,/nas-ctm01/datasets/public/Oxford102Flowers/jpg/image_02620.jpg,image_02620.jpg,23.579795837402344
2620,/nas-ctm01/datasets/public/Oxford102Flowers/jpg/image_02621.jpg,image_02621.jpg,21.552316665649414
2621,/nas-ctm01/datasets/public/Oxford102Flowers/jpg/image_02622.jpg,image_02622.jpg,21.200895309448242
2622,/nas-ctm01/datasets/public/Oxford102Flowers/jpg/image_02623.jpg,image_02623.jpg,22.591867446899414
2623,/nas-ctm01/datasets/public/Oxford102Flowers/jpg/image_02624.jpg,image_02624.jpg,22.410564422607422
2624,/nas-ctm01/datasets/public/Oxford102Flowers/jpg/image_02625.jpg,image_02625.jpg,23.777170181274414
2625,/nas-ctm01/datasets/public/Oxford102Flowers/jpg/image_02626.jpg,image_02626.jpg,21.900970458984375
2626,/nas-ctm01/datasets/public/Oxford102Flowers/jpg/image_02627.jpg,image_02627.jpg,22.395139694213867
2627,/nas-ctm01/datasets/public/Oxford102Flowers/jpg/image_02628.jpg,image_02628.jpg,22.42201042175293
2628,/nas-ctm01/datasets/public/Oxford102Flowers/jpg/image_02629.jpg,image_02629.jpg,22.453067779541016
2629,/nas-ctm01/datasets/public/Oxford102Flowers/jpg/image_02630.jpg,image_02630.jpg,22.083118438720703
2630,/nas-ctm01/datasets/public/Oxford102Flowers/jpg/image_02631.jpg,image_02631.jpg,21.662931442260742
2631,/nas-ctm01/datasets/public/Oxford102Flowers/jpg/image_02632.jpg,image_02632.jpg,23.529178619384766
2632,/nas-ctm01/datasets/public/Oxford102Flowers/jpg/image_02633.jpg,image_02633.jpg,22.131399154663086
2633,/nas-ctm01/datasets/public/Oxford102Flowers/jpg/image_02634.jpg,image_02634.jpg,22.271451950073242
2634,/nas-ctm01/datasets/public/Oxford102Flowers/jpg/image_02635.jpg,image_02635.jpg,23.20380973815918
2635,/nas-ctm01/datasets/public/Oxford102Flowers/jpg/image_02636.jpg,image_02636.jpg,23.496986389160156
2636,/nas-ctm01/datasets/public/Oxford102Flowers/jpg/image_02637.jpg,image_02637.jpg,22.832265853881836
2637,/nas-ctm01/datasets/public/Oxford102Flowers/jpg/image_02638.jpg,image_02638.jpg,21.355466842651367
2638,/nas-ctm01/datasets/public/Oxford102Flowers/jpg/image_02639.jpg,image_02639.jpg,22.8077335357666
2639,/nas-ctm01/datasets/public/Oxford102Flowers/jpg/image_02640.jpg,image_02640.jpg,22.731502532958984
2640,/nas-ctm01/datasets/public/Oxford102Flowers/jpg/image_02641.jpg,image_02641.jpg,22.125486373901367
2641,/nas-ctm01/datasets/public/Oxford102Flowers/jpg/image_02642.jpg,image_02642.jpg,22.844070434570312
2642,/nas-ctm01/datasets/public/Oxford102Flowers/jpg/image_02643.jpg,image_02643.jpg,22.602216720581055
2643,/nas-ctm01/datasets/public/Oxford102Flowers/jpg/image_02644.jpg,image_02644.jpg,22.463102340698242
2644,/nas-ctm01/datasets/public/Oxford102Flowers/jpg/image_02645.jpg,image_02645.jpg,22.17658233642578
2645,/nas-ctm01/datasets/public/Oxford102Flowers/jpg/image_02646.jpg,image_02646.jpg,22.342493057250977
2646,/nas-ctm01/datasets/public/Oxford102Flowers/jpg/image_02647.jpg,image_02647.jpg,22.72439956665039
2647,/nas-ctm01/datasets/public/Oxford102Flowers/jpg/image_02648.jpg,image_02648.jpg,22.799575805664062
2648,/nas-ctm01/datasets/public/Oxford102Flowers/jpg/image_02649.jpg,image_02649.jpg,21.692569732666016
2649,/nas-ctm01/datasets/public/Oxford102Flowers/jpg/image_02650.jpg,image_02650.jpg,22.54530906677246
2650,/nas-ctm01/datasets/public/Oxford102Flowers/jpg/image_02651.jpg,image_02651.jpg,22.57181167602539
2651,/nas-ctm01/datasets/public/Oxford102Flowers/jpg/image_02652.jpg,image_02652.jpg,22.766035079956055
2652,/nas-ctm01/datasets/public/Oxford102Flowers/jpg/image_02653.jpg,image_02653.jpg,22.294748306274414
2653,/nas-ctm01/datasets/public/Oxford102Flowers/jpg/image_02654.jpg,image_02654.jpg,21.72809600830078
2654,/nas-ctm01/datasets/public/Oxford102Flowers/jpg/image_02655.jpg,image_02655.jpg,22.886356353759766
2655,/nas-ctm01/datasets/public/Oxford102Flowers/jpg/image_02656.jpg,image_02656.jpg,22.007369995117188
2656,/nas-ctm01/datasets/public/Oxford102Flowers/jpg/image_02657.jpg,image_02657.jpg,22.90933609008789
2657,/nas-ctm01/datasets/public/Oxford102Flowers/jpg/image_02658.jpg,image_02658.jpg,22.378698348999023
2658,/nas-ctm01/datasets/public/Oxford102Flowers/jpg/image_02659.jpg,image_02659.jpg,21.435697555541992
2659,/nas-ctm01/datasets/public/Oxford102Flowers/jpg/image_02660.jpg,image_02660.jpg,22.143110275268555
2660,/nas-ctm01/datasets/public/Oxford102Flowers/jpg/image_02661.jpg,image_02661.jpg,22.43714141845703
2661,/nas-ctm01/datasets/public/Oxford102Flowers/jpg/image_02662.jpg,image_02662.jpg,22.834959030151367
2662,/nas-ctm01/datasets/public/Oxford102Flowers/jpg/image_02663.jpg,image_02663.jpg,22.646520614624023
2663,/nas-ctm01/datasets/public/Oxford102Flowers/jpg/image_02664.jpg,image_02664.jpg,21.683372497558594
2664,/nas-ctm01/datasets/public/Oxford102Flowers/jpg/image_02665.jpg,image_02665.jpg,22.37602424621582
2665,/nas-ctm01/datasets/public/Oxford102Flowers/jpg/image_02666.jpg,image_02666.jpg,21.06047821044922
2666,/nas-ctm01/datasets/public/Oxford102Flowers/jpg/image_02667.jpg,image_02667.jpg,22.43416976928711
2667,/nas-ctm01/datasets/public/Oxford102Flowers/jpg/image_02668.jpg,image_02668.jpg,23.128007888793945
2668,/nas-ctm01/datasets/public/Oxford102Flowers/jpg/image_02669.jpg,image_02669.jpg,22.280794143676758
2669,/nas-ctm01/datasets/public/Oxford102Flowers/jpg/image_02670.jpg,image_02670.jpg,22.308317184448242
2670,/nas-ctm01/datasets/public/Oxford102Flowers/jpg/image_02671.jpg,image_02671.jpg,22.326467514038086
2671,/nas-ctm01/datasets/public/Oxford102Flowers/jpg/image_02672.jpg,image_02672.jpg,22.657838821411133
2672,/nas-ctm01/datasets/public/Oxford102Flowers/jpg/image_02673.jpg,image_02673.jpg,22.455656051635742
2673,/nas-ctm01/datasets/public/Oxford102Flowers/jpg/image_02674.jpg,image_02674.jpg,22.108478546142578
2674,/nas-ctm01/datasets/public/Oxford102Flowers/jpg/image_02675.jpg,image_02675.jpg,22.822284698486328
2675,/nas-ctm01/datasets/public/Oxford102Flowers/jpg/image_02676.jpg,image_02676.jpg,22.063655853271484
2676,/nas-ctm01/datasets/public/Oxford102Flowers/jpg/image_02677.jpg,image_02677.jpg,21.836437225341797
2677,/nas-ctm01/datasets/public/Oxford102Flowers/jpg/image_02678.jpg,image_02678.jpg,22.012020111083984
2678,/nas-ctm01/datasets/public/Oxford102Flowers/jpg/image_02679.jpg,image_02679.jpg,21.93013572692871
2679,/nas-ctm01/datasets/public/Oxford102Flowers/jpg/image_02680.jpg,image_02680.jpg,22.950862884521484
2680,/nas-ctm01/datasets/public/Oxford102Flowers/jpg/image_02681.jpg,image_02681.jpg,22.719646453857422
2681,/nas-ctm01/datasets/public/Oxford102Flowers/jpg/image_02682.jpg,image_02682.jpg,22.698503494262695
2682,/nas-ctm01/datasets/public/Oxford102Flowers/jpg/image_02683.jpg,image_02683.jpg,22.731250762939453
2683,/nas-ctm01/datasets/public/Oxford102Flowers/jpg/image_02684.jpg,image_02684.jpg,22.676176071166992
2684,/nas-ctm01/datasets/public/Oxford102Flowers/jpg/image_02685.jpg,image_02685.jpg,22.53656768798828
2685,/nas-ctm01/datasets/public/Oxford102Flowers/jpg/image_02686.jpg,image_02686.jpg,22.737205505371094
2686,/nas-ctm01/datasets/public/Oxford102Flowers/jpg/image_02687.jpg,image_02687.jpg,22.972726821899414
2687,/nas-ctm01/datasets/public/Oxford102Flowers/jpg/image_02688.jpg,image_02688.jpg,22.630022048950195
2688,/nas-ctm01/datasets/public/Oxford102Flowers/jpg/image_02689.jpg,image_02689.jpg,22.336593627929688
2689,/nas-ctm01/datasets/public/Oxford102Flowers/jpg/image_02690.jpg,image_02690.jpg,22.626136779785156
2690,/nas-ctm01/datasets/public/Oxford102Flowers/jpg/image_02691.jpg,image_02691.jpg,22.522626876831055
2691,/nas-ctm01/datasets/public/Oxford102Flowers/jpg/image_02692.jpg,image_02692.jpg,22.33150863647461
2692,/nas-ctm01/datasets/public/Oxford102Flowers/jpg/image_02693.jpg,image_02693.jpg,21.845775604248047
2693,/nas-ctm01/datasets/public/Oxford102Flowers/jpg/image_02694.jpg,image_02694.jpg,22.406719207763672
2694,/nas-ctm01/datasets/public/Oxford102Flowers/jpg/image_02695.jpg,image_02695.jpg,22.154953002929688
2695,/nas-ctm01/datasets/public/Oxford102Flowers/jpg/image_02696.jpg,image_02696.jpg,22.350204467773438
2696,/nas-ctm01/datasets/public/Oxford102Flowers/jpg/image_02697.jpg,image_02697.jpg,22.763425827026367
2697,/nas-ctm01/datasets/public/Oxford102Flowers/jpg/image_02698.jpg,image_02698.jpg,21.596426010131836
2698,/nas-ctm01/datasets/public/Oxford102Flowers/jpg/image_02699.jpg,image_02699.jpg,22.716236114501953
2699,/nas-ctm01/datasets/public/Oxford102Flowers/jpg/image_02700.jpg,image_02700.jpg,22.199052810668945
2700,/nas-ctm01/datasets/public/Oxford102Flowers/jpg/image_02701.jpg,image_02701.jpg,22.182823181152344
2701,/nas-ctm01/datasets/public/Oxford102Flowers/jpg/image_02702.jpg,image_02702.jpg,22.181386947631836
2702,/nas-ctm01/datasets/public/Oxford102Flowers/jpg/image_02703.jpg,image_02703.jpg,22.193832397460938
2703,/nas-ctm01/datasets/public/Oxford102Flowers/jpg/image_02704.jpg,image_02704.jpg,22.028949737548828
2704,/nas-ctm01/datasets/public/Oxford102Flowers/jpg/image_02705.jpg,image_02705.jpg,22.459630966186523
2705,/nas-ctm01/datasets/public/Oxford102Flowers/jpg/image_02706.jpg,image_02706.jpg,22.30636978149414
2706,/nas-ctm01/datasets/public/Oxford102Flowers/jpg/image_02707.jpg,image_02707.jpg,22.878421783447266
2707,/nas-ctm01/datasets/public/Oxford102Flowers/jpg/image_02708.jpg,image_02708.jpg,22.123714447021484
2708,/nas-ctm01/datasets/public/Oxford102Flowers/jpg/image_02709.jpg,image_02709.jpg,22.04936981201172
2709,/nas-ctm01/datasets/public/Oxford102Flowers/jpg/image_02710.jpg,image_02710.jpg,22.38852882385254
2710,/nas-ctm01/datasets/public/Oxford102Flowers/jpg/image_02711.jpg,image_02711.jpg,22.705062866210938
2711,/nas-ctm01/datasets/public/Oxford102Flowers/jpg/image_02712.jpg,image_02712.jpg,23.013320922851562
2712,/nas-ctm01/datasets/public/Oxford102Flowers/jpg/image_02713.jpg,image_02713.jpg,22.729358673095703
2713,/nas-ctm01/datasets/public/Oxford102Flowers/jpg/image_02714.jpg,image_02714.jpg,22.5062198638916
2714,/nas-ctm01/datasets/public/Oxford102Flowers/jpg/image_02715.jpg,image_02715.jpg,22.246252059936523
2715,/nas-ctm01/datasets/public/Oxford102Flowers/jpg/image_02716.jpg,image_02716.jpg,21.89919662475586
2716,/nas-ctm01/datasets/public/Oxford102Flowers/jpg/image_02717.jpg,image_02717.jpg,21.511409759521484
2717,/nas-ctm01/datasets/public/Oxford102Flowers/jpg/image_02718.jpg,image_02718.jpg,22.30520248413086
2718,/nas-ctm01/datasets/public/Oxford102Flowers/jpg/image_02719.jpg,image_02719.jpg,22.426626205444336
2719,/nas-ctm01/datasets/public/Oxford102Flowers/jpg/image_02720.jpg,image_02720.jpg,21.73941421508789
2720,/nas-ctm01/datasets/public/Oxford102Flowers/jpg/image_02721.jpg,image_02721.jpg,22.436195373535156
2721,/nas-ctm01/datasets/public/Oxford102Flowers/jpg/image_02722.jpg,image_02722.jpg,22.74241065979004
2722,/nas-ctm01/datasets/public/Oxford102Flowers/jpg/image_02723.jpg,image_02723.jpg,22.143434524536133
2723,/nas-ctm01/datasets/public/Oxford102Flowers/jpg/image_02724.jpg,image_02724.jpg,22.826461791992188
2724,/nas-ctm01/datasets/public/Oxford102Flowers/jpg/image_02725.jpg,image_02725.jpg,22.550168991088867
2725,/nas-ctm01/datasets/public/Oxford102Flowers/jpg/image_02726.jpg,image_02726.jpg,21.520353317260742
2726,/nas-ctm01/datasets/public/Oxford102Flowers/jpg/image_02727.jpg,image_02727.jpg,22.608243942260742
2727,/nas-ctm01/datasets/public/Oxford102Flowers/jpg/image_02728.jpg,image_02728.jpg,22.361173629760742
2728,/nas-ctm01/datasets/public/Oxford102Flowers/jpg/image_02729.jpg,image_02729.jpg,22.072538375854492
2729,/nas-ctm01/datasets/public/Oxford102Flowers/jpg/image_02730.jpg,image_02730.jpg,22.117401123046875
2730,/nas-ctm01/datasets/public/Oxford102Flowers/jpg/image_02731.jpg,image_02731.jpg,22.334556579589844
2731,/nas-ctm01/datasets/public/Oxford102Flowers/jpg/image_02732.jpg,image_02732.jpg,22.115428924560547
2732,/nas-ctm01/datasets/public/Oxford102Flowers/jpg/image_02733.jpg,image_02733.jpg,22.0673770904541
2733,/nas-ctm01/datasets/public/Oxford102Flowers/jpg/image_02734.jpg,image_02734.jpg,21.697418212890625
2734,/nas-ctm01/datasets/public/Oxford102Flowers/jpg/image_02735.jpg,image_02735.jpg,21.422225952148438
2735,/nas-ctm01/datasets/public/Oxford102Flowers/jpg/image_02736.jpg,image_02736.jpg,22.674638748168945
2736,/nas-ctm01/datasets/public/Oxford102Flowers/jpg/image_02737.jpg,image_02737.jpg,22.455095291137695
2737,/nas-ctm01/datasets/public/Oxford102Flowers/jpg/image_02738.jpg,image_02738.jpg,22.613018035888672
2738,/nas-ctm01/datasets/public/Oxford102Flowers/jpg/image_02739.jpg,image_02739.jpg,23.22669792175293
2739,/nas-ctm01/datasets/public/Oxford102Flowers/jpg/image_02740.jpg,image_02740.jpg,22.59339141845703
2740,/nas-ctm01/datasets/public/Oxford102Flowers/jpg/image_02741.jpg,image_02741.jpg,22.725093841552734
2741,/nas-ctm01/datasets/public/Oxford102Flowers/jpg/image_02742.jpg,image_02742.jpg,23.021408081054688
2742,/nas-ctm01/datasets/public/Oxford102Flowers/jpg/image_02743.jpg,image_02743.jpg,22.71942901611328
2743,/nas-ctm01/datasets/public/Oxford102Flowers/jpg/image_02744.jpg,image_02744.jpg,23.053232192993164
2744,/nas-ctm01/datasets/public/Oxford102Flowers/jpg/image_02745.jpg,image_02745.jpg,22.660032272338867
2745,/nas-ctm01/datasets/public/Oxford102Flowers/jpg/image_02746.jpg,image_02746.jpg,22.605960845947266
2746,/nas-ctm01/datasets/public/Oxford102Flowers/jpg/image_02747.jpg,image_02747.jpg,22.106414794921875
2747,/nas-ctm01/datasets/public/Oxford102Flowers/jpg/image_02748.jpg,image_02748.jpg,22.152015686035156
2748,/nas-ctm01/datasets/public/Oxford102Flowers/jpg/image_02749.jpg,image_02749.jpg,23.00285530090332
2749,/nas-ctm01/datasets/public/Oxford102Flowers/jpg/image_02750.jpg,image_02750.jpg,22.82362174987793
2750,/nas-ctm01/datasets/public/Oxford102Flowers/jpg/image_02751.jpg,image_02751.jpg,22.86590003967285
2751,/nas-ctm01/datasets/public/Oxford102Flowers/jpg/image_02752.jpg,image_02752.jpg,22.740461349487305
2752,/nas-ctm01/datasets/public/Oxford102Flowers/jpg/image_02753.jpg,image_02753.jpg,22.163599014282227
2753,/nas-ctm01/datasets/public/Oxford102Flowers/jpg/image_02754.jpg,image_02754.jpg,22.220623016357422
2754,/nas-ctm01/datasets/public/Oxford102Flowers/jpg/image_02755.jpg,image_02755.jpg,22.09148597717285
2755,/nas-ctm01/datasets/public/Oxford102Flowers/jpg/image_02756.jpg,image_02756.jpg,21.80160903930664
2756,/nas-ctm01/datasets/public/Oxford102Flowers/jpg/image_02757.jpg,image_02757.jpg,22.536684036254883
2757,/nas-ctm01/datasets/public/Oxford102Flowers/jpg/image_02758.jpg,image_02758.jpg,22.31989097595215
2758,/nas-ctm01/datasets/public/Oxford102Flowers/jpg/image_02759.jpg,image_02759.jpg,21.823183059692383
2759,/nas-ctm01/datasets/public/Oxford102Flowers/jpg/image_02760.jpg,image_02760.jpg,22.549028396606445
2760,/nas-ctm01/datasets/public/Oxford102Flowers/jpg/image_02761.jpg,image_02761.jpg,22.742979049682617
2761,/nas-ctm01/datasets/public/Oxford102Flowers/jpg/image_02762.jpg,image_02762.jpg,22.112293243408203
2762,/nas-ctm01/datasets/public/Oxford102Flowers/jpg/image_02763.jpg,image_02763.jpg,22.523265838623047
2763,/nas-ctm01/datasets/public/Oxford102Flowers/jpg/image_02764.jpg,image_02764.jpg,22.259477615356445
2764,/nas-ctm01/datasets/public/Oxford102Flowers/jpg/image_02765.jpg,image_02765.jpg,21.51442527770996
2765,/nas-ctm01/datasets/public/Oxford102Flowers/jpg/image_02766.jpg,image_02766.jpg,22.47690200805664
2766,/nas-ctm01/datasets/public/Oxford102Flowers/jpg/image_02767.jpg,image_02767.jpg,22.051145553588867
2767,/nas-ctm01/datasets/public/Oxford102Flowers/jpg/image_02768.jpg,image_02768.jpg,21.8065242767334
2768,/nas-ctm01/datasets/public/Oxford102Flowers/jpg/image_02769.jpg,image_02769.jpg,22.217374801635742
2769,/nas-ctm01/datasets/public/Oxford102Flowers/jpg/image_02770.jpg,image_02770.jpg,22.175113677978516
2770,/nas-ctm01/datasets/public/Oxford102Flowers/jpg/image_02771.jpg,image_02771.jpg,21.887170791625977
2771,/nas-ctm01/datasets/public/Oxford102Flowers/jpg/image_02772.jpg,image_02772.jpg,22.26349639892578
2772,/nas-ctm01/datasets/public/Oxford102Flowers/jpg/image_02773.jpg,image_02773.jpg,22.152587890625
2773,/nas-ctm01/datasets/public/Oxford102Flowers/jpg/image_02774.jpg,image_02774.jpg,21.837310791015625
2774,/nas-ctm01/datasets/public/Oxford102Flowers/jpg/image_02775.jpg,image_02775.jpg,21.771007537841797
2775,/nas-ctm01/datasets/public/Oxford102Flowers/jpg/image_02776.jpg,image_02776.jpg,22.443613052368164
2776,/nas-ctm01/datasets/public/Oxford102Flowers/jpg/image_02777.jpg,image_02777.jpg,21.7335147857666
2777,/nas-ctm01/datasets/public/Oxford102Flowers/jpg/image_02778.jpg,image_02778.jpg,21.89118003845215
2778,/nas-ctm01/datasets/public/Oxford102Flowers/jpg/image_02779.jpg,image_02779.jpg,22.1857852935791
2779,/nas-ctm01/datasets/public/Oxford102Flowers/jpg/image_02780.jpg,image_02780.jpg,22.052698135375977
2780,/nas-ctm01/datasets/public/Oxford102Flowers/jpg/image_02781.jpg,image_02781.jpg,22.0924015045166
2781,/nas-ctm01/datasets/public/Oxford102Flowers/jpg/image_02782.jpg,image_02782.jpg,21.965539932250977
2782,/nas-ctm01/datasets/public/Oxford102Flowers/jpg/image_02783.jpg,image_02783.jpg,21.677919387817383
2783,/nas-ctm01/datasets/public/Oxford102Flowers/jpg/image_02784.jpg,image_02784.jpg,21.932519912719727
2784,/nas-ctm01/datasets/public/Oxford102Flowers/jpg/image_02785.jpg,image_02785.jpg,21.196025848388672
2785,/nas-ctm01/datasets/public/Oxford102Flowers/jpg/image_02786.jpg,image_02786.jpg,22.252197265625
2786,/nas-ctm01/datasets/public/Oxford102Flowers/jpg/image_02787.jpg,image_02787.jpg,22.025306701660156
2787,/nas-ctm01/datasets/public/Oxford102Flowers/jpg/image_02788.jpg,image_02788.jpg,21.94964599609375
2788,/nas-ctm01/datasets/public/Oxford102Flowers/jpg/image_02789.jpg,image_02789.jpg,23.056943893432617
2789,/nas-ctm01/datasets/public/Oxford102Flowers/jpg/image_02790.jpg,image_02790.jpg,22.044296264648438
2790,/nas-ctm01/datasets/public/Oxford102Flowers/jpg/image_02791.jpg,image_02791.jpg,21.400707244873047
2791,/nas-ctm01/datasets/public/Oxford102Flowers/jpg/image_02792.jpg,image_02792.jpg,22.362369537353516
2792,/nas-ctm01/datasets/public/Oxford102Flowers/jpg/image_02793.jpg,image_02793.jpg,21.49800682067871
2793,/nas-ctm01/datasets/public/Oxford102Flowers/jpg/image_02794.jpg,image_02794.jpg,22.863901138305664
2794,/nas-ctm01/datasets/public/Oxford102Flowers/jpg/image_02795.jpg,image_02795.jpg,21.351665496826172
2795,/nas-ctm01/datasets/public/Oxford102Flowers/jpg/image_02796.jpg,image_02796.jpg,20.881303787231445
2796,/nas-ctm01/datasets/public/Oxford102Flowers/jpg/image_02797.jpg,image_02797.jpg,22.313983917236328
2797,/nas-ctm01/datasets/public/Oxford102Flowers/jpg/image_02798.jpg,image_02798.jpg,22.61781883239746
2798,/nas-ctm01/datasets/public/Oxford102Flowers/jpg/image_02799.jpg,image_02799.jpg,21.52201271057129
2799,/nas-ctm01/datasets/public/Oxford102Flowers/jpg/image_02800.jpg,image_02800.jpg,21.69537353515625
2800,/nas-ctm01/datasets/public/Oxford102Flowers/jpg/image_02801.jpg,image_02801.jpg,22.307415008544922
2801,/nas-ctm01/datasets/public/Oxford102Flowers/jpg/image_02802.jpg,image_02802.jpg,21.59959602355957
2802,/nas-ctm01/datasets/public/Oxford102Flowers/jpg/image_02803.jpg,image_02803.jpg,22.160207748413086
2803,/nas-ctm01/datasets/public/Oxford102Flowers/jpg/image_02804.jpg,image_02804.jpg,21.47856330871582
2804,/nas-ctm01/datasets/public/Oxford102Flowers/jpg/image_02805.jpg,image_02805.jpg,22.15863609313965
2805,/nas-ctm01/datasets/public/Oxford102Flowers/jpg/image_02806.jpg,image_02806.jpg,22.30413246154785
2806,/nas-ctm01/datasets/public/Oxford102Flowers/jpg/image_02807.jpg,image_02807.jpg,22.557510375976562
2807,/nas-ctm01/datasets/public/Oxford102Flowers/jpg/image_02808.jpg,image_02808.jpg,21.994144439697266
2808,/nas-ctm01/datasets/public/Oxford102Flowers/jpg/image_02809.jpg,image_02809.jpg,21.578357696533203
2809,/nas-ctm01/datasets/public/Oxford102Flowers/jpg/image_02810.jpg,image_02810.jpg,22.428850173950195
2810,/nas-ctm01/datasets/public/Oxford102Flowers/jpg/image_02811.jpg,image_02811.jpg,22.196762084960938
2811,/nas-ctm01/datasets/public/Oxford102Flowers/jpg/image_02812.jpg,image_02812.jpg,22.23041534423828
2812,/nas-ctm01/datasets/public/Oxford102Flowers/jpg/image_02813.jpg,image_02813.jpg,21.183347702026367
2813,/nas-ctm01/datasets/public/Oxford102Flowers/jpg/image_02814.jpg,image_02814.jpg,21.67782211303711
2814,/nas-ctm01/datasets/public/Oxford102Flowers/jpg/image_02815.jpg,image_02815.jpg,21.705751419067383
2815,/nas-ctm01/datasets/public/Oxford102Flowers/jpg/image_02816.jpg,image_02816.jpg,22.143531799316406
2816,/nas-ctm01/datasets/public/Oxford102Flowers/jpg/image_02817.jpg,image_02817.jpg,22.058719635009766
2817,/nas-ctm01/datasets/public/Oxford102Flowers/jpg/image_02818.jpg,image_02818.jpg,21.968366622924805
2818,/nas-ctm01/datasets/public/Oxford102Flowers/jpg/image_02819.jpg,image_02819.jpg,21.961477279663086
2819,/nas-ctm01/datasets/public/Oxford102Flowers/jpg/image_02820.jpg,image_02820.jpg,22.086280822753906
2820,/nas-ctm01/datasets/public/Oxford102Flowers/jpg/image_02821.jpg,image_02821.jpg,21.651222229003906
2821,/nas-ctm01/datasets/public/Oxford102Flowers/jpg/image_02822.jpg,image_02822.jpg,22.841136932373047
2822,/nas-ctm01/datasets/public/Oxford102Flowers/jpg/image_02823.jpg,image_02823.jpg,22.213470458984375
2823,/nas-ctm01/datasets/public/Oxford102Flowers/jpg/image_02824.jpg,image_02824.jpg,21.736934661865234
2824,/nas-ctm01/datasets/public/Oxford102Flowers/jpg/image_02825.jpg,image_02825.jpg,22.090972900390625
2825,/nas-ctm01/datasets/public/Oxford102Flowers/jpg/image_02826.jpg,image_02826.jpg,22.212011337280273
2826,/nas-ctm01/datasets/public/Oxford102Flowers/jpg/image_02827.jpg,image_02827.jpg,20.994823455810547
2827,/nas-ctm01/datasets/public/Oxford102Flowers/jpg/image_02828.jpg,image_02828.jpg,22.076074600219727
2828,/nas-ctm01/datasets/public/Oxford102Flowers/jpg/image_02829.jpg,image_02829.jpg,22.125890731811523
2829,/nas-ctm01/datasets/public/Oxford102Flowers/jpg/image_02830.jpg,image_02830.jpg,22.7657527923584
2830,/nas-ctm01/datasets/public/Oxford102Flowers/jpg/image_02831.jpg,image_02831.jpg,22.27471160888672
2831,/nas-ctm01/datasets/public/Oxford102Flowers/jpg/image_02832.jpg,image_02832.jpg,21.973255157470703
2832,/nas-ctm01/datasets/public/Oxford102Flowers/jpg/image_02833.jpg,image_02833.jpg,21.952545166015625
2833,/nas-ctm01/datasets/public/Oxford102Flowers/jpg/image_02834.jpg,image_02834.jpg,21.515830993652344
2834,/nas-ctm01/datasets/public/Oxford102Flowers/jpg/image_02835.jpg,image_02835.jpg,21.817914962768555
2835,/nas-ctm01/datasets/public/Oxford102Flowers/jpg/image_02836.jpg,image_02836.jpg,21.601167678833008
2836,/nas-ctm01/datasets/public/Oxford102Flowers/jpg/image_02837.jpg,image_02837.jpg,22.578750610351562
2837,/nas-ctm01/datasets/public/Oxford102Flowers/jpg/image_02838.jpg,image_02838.jpg,21.987844467163086
2838,/nas-ctm01/datasets/public/Oxford102Flowers/jpg/image_02839.jpg,image_02839.jpg,21.829896926879883
2839,/nas-ctm01/datasets/public/Oxford102Flowers/jpg/image_02840.jpg,image_02840.jpg,22.15087890625
2840,/nas-ctm01/datasets/public/Oxford102Flowers/jpg/image_02841.jpg,image_02841.jpg,22.18826675415039
2841,/nas-ctm01/datasets/public/Oxford102Flowers/jpg/image_02842.jpg,image_02842.jpg,21.903583526611328
2842,/nas-ctm01/datasets/public/Oxford102Flowers/jpg/image_02843.jpg,image_02843.jpg,22.13425064086914
2843,/nas-ctm01/datasets/public/Oxford102Flowers/jpg/image_02844.jpg,image_02844.jpg,22.50231170654297
2844,/nas-ctm01/datasets/public/Oxford102Flowers/jpg/image_02845.jpg,image_02845.jpg,22.39154815673828
2845,/nas-ctm01/datasets/public/Oxford102Flowers/jpg/image_02846.jpg,image_02846.jpg,22.314146041870117
2846,/nas-ctm01/datasets/public/Oxford102Flowers/jpg/image_02847.jpg,image_02847.jpg,21.38106346130371
2847,/nas-ctm01/datasets/public/Oxford102Flowers/jpg/image_02848.jpg,image_02848.jpg,21.796157836914062
2848,/nas-ctm01/datasets/public/Oxford102Flowers/jpg/image_02849.jpg,image_02849.jpg,22.183961868286133
2849,/nas-ctm01/datasets/public/Oxford102Flowers/jpg/image_02850.jpg,image_02850.jpg,21.88107681274414
2850,/nas-ctm01/datasets/public/Oxford102Flowers/jpg/image_02851.jpg,image_02851.jpg,22.572967529296875
2851,/nas-ctm01/datasets/public/Oxford102Flowers/jpg/image_02852.jpg,image_02852.jpg,22.48232650756836
2852,/nas-ctm01/datasets/public/Oxford102Flowers/jpg/image_02853.jpg,image_02853.jpg,21.824935913085938
2853,/nas-ctm01/datasets/public/Oxford102Flowers/jpg/image_02854.jpg,image_02854.jpg,22.860048294067383
2854,/nas-ctm01/datasets/public/Oxford102Flowers/jpg/image_02855.jpg,image_02855.jpg,22.332319259643555
2855,/nas-ctm01/datasets/public/Oxford102Flowers/jpg/image_02856.jpg,image_02856.jpg,22.527311325073242
2856,/nas-ctm01/datasets/public/Oxford102Flowers/jpg/image_02857.jpg,image_02857.jpg,22.266542434692383
2857,/nas-ctm01/datasets/public/Oxford102Flowers/jpg/image_02858.jpg,image_02858.jpg,22.377197265625
2858,/nas-ctm01/datasets/public/Oxford102Flowers/jpg/image_02859.jpg,image_02859.jpg,22.86623764038086
2859,/nas-ctm01/datasets/public/Oxford102Flowers/jpg/image_02860.jpg,image_02860.jpg,21.39722442626953
2860,/nas-ctm01/datasets/public/Oxford102Flowers/jpg/image_02861.jpg,image_02861.jpg,22.27207374572754
2861,/nas-ctm01/datasets/public/Oxford102Flowers/jpg/image_02862.jpg,image_02862.jpg,22.577625274658203
2862,/nas-ctm01/datasets/public/Oxford102Flowers/jpg/image_02863.jpg,image_02863.jpg,21.381519317626953
2863,/nas-ctm01/datasets/public/Oxford102Flowers/jpg/image_02864.jpg,image_02864.jpg,21.885957717895508
2864,/nas-ctm01/datasets/public/Oxford102Flowers/jpg/image_02865.jpg,image_02865.jpg,21.681367874145508
2865,/nas-ctm01/datasets/public/Oxford102Flowers/jpg/image_02866.jpg,image_02866.jpg,22.306678771972656
2866,/nas-ctm01/datasets/public/Oxford102Flowers/jpg/image_02867.jpg,image_02867.jpg,22.474523544311523
2867,/nas-ctm01/datasets/public/Oxford102Flowers/jpg/image_02868.jpg,image_02868.jpg,22.239107131958008
2868,/nas-ctm01/datasets/public/Oxford102Flowers/jpg/image_02869.jpg,image_02869.jpg,22.178598403930664
2869,/nas-ctm01/datasets/public/Oxford102Flowers/jpg/image_02870.jpg,image_02870.jpg,22.38102149963379
2870,/nas-ctm01/datasets/public/Oxford102Flowers/jpg/image_02871.jpg,image_02871.jpg,21.501468658447266
2871,/nas-ctm01/datasets/public/Oxford102Flowers/jpg/image_02872.jpg,image_02872.jpg,22.521760940551758
2872,/nas-ctm01/datasets/public/Oxford102Flowers/jpg/image_02873.jpg,image_02873.jpg,22.59465980529785
2873,/nas-ctm01/datasets/public/Oxford102Flowers/jpg/image_02874.jpg,image_02874.jpg,21.962406158447266
2874,/nas-ctm01/datasets/public/Oxford102Flowers/jpg/image_02875.jpg,image_02875.jpg,22.162076950073242
2875,/nas-ctm01/datasets/public/Oxford102Flowers/jpg/image_02876.jpg,image_02876.jpg,21.749645233154297
2876,/nas-ctm01/datasets/public/Oxford102Flowers/jpg/image_02877.jpg,image_02877.jpg,22.977624893188477
2877,/nas-ctm01/datasets/public/Oxford102Flowers/jpg/image_02878.jpg,image_02878.jpg,22.050100326538086
2878,/nas-ctm01/datasets/public/Oxford102Flowers/jpg/image_02879.jpg,image_02879.jpg,22.2412166595459
2879,/nas-ctm01/datasets/public/Oxford102Flowers/jpg/image_02880.jpg,image_02880.jpg,22.443315505981445
2880,/nas-ctm01/datasets/public/Oxford102Flowers/jpg/image_02881.jpg,image_02881.jpg,22.21714210510254
2881,/nas-ctm01/datasets/public/Oxford102Flowers/jpg/image_02882.jpg,image_02882.jpg,22.043521881103516
2882,/nas-ctm01/datasets/public/Oxford102Flowers/jpg/image_02883.jpg,image_02883.jpg,22.247596740722656
2883,/nas-ctm01/datasets/public/Oxford102Flowers/jpg/image_02884.jpg,image_02884.jpg,22.47452735900879
2884,/nas-ctm01/datasets/public/Oxford102Flowers/jpg/image_02885.jpg,image_02885.jpg,21.804502487182617
2885,/nas-ctm01/datasets/public/Oxford102Flowers/jpg/image_02886.jpg,image_02886.jpg,21.39359474182129
2886,/nas-ctm01/datasets/public/Oxford102Flowers/jpg/image_02887.jpg,image_02887.jpg,22.712039947509766
2887,/nas-ctm01/datasets/public/Oxford102Flowers/jpg/image_02888.jpg,image_02888.jpg,22.522321701049805
2888,/nas-ctm01/datasets/public/Oxford102Flowers/jpg/image_02889.jpg,image_02889.jpg,23.239604949951172
2889,/nas-ctm01/datasets/public/Oxford102Flowers/jpg/image_02890.jpg,image_02890.jpg,20.719449996948242
2890,/nas-ctm01/datasets/public/Oxford102Flowers/jpg/image_02891.jpg,image_02891.jpg,21.631193161010742
2891,/nas-ctm01/datasets/public/Oxford102Flowers/jpg/image_02892.jpg,image_02892.jpg,22.269163131713867
2892,/nas-ctm01/datasets/public/Oxford102Flowers/jpg/image_02893.jpg,image_02893.jpg,22.522457122802734
2893,/nas-ctm01/datasets/public/Oxford102Flowers/jpg/image_02894.jpg,image_02894.jpg,22.85848045349121
2894,/nas-ctm01/datasets/public/Oxford102Flowers/jpg/image_02895.jpg,image_02895.jpg,21.60660743713379
2895,/nas-ctm01/datasets/public/Oxford102Flowers/jpg/image_02896.jpg,image_02896.jpg,22.14193344116211
2896,/nas-ctm01/datasets/public/Oxford102Flowers/jpg/image_02897.jpg,image_02897.jpg,21.900714874267578
2897,/nas-ctm01/datasets/public/Oxford102Flowers/jpg/image_02898.jpg,image_02898.jpg,21.33000373840332
2898,/nas-ctm01/datasets/public/Oxford102Flowers/jpg/image_02899.jpg,image_02899.jpg,22.29038429260254
2899,/nas-ctm01/datasets/public/Oxford102Flowers/jpg/image_02900.jpg,image_02900.jpg,22.595596313476562
2900,/nas-ctm01/datasets/public/Oxford102Flowers/jpg/image_02901.jpg,image_02901.jpg,22.244569778442383
2901,/nas-ctm01/datasets/public/Oxford102Flowers/jpg/image_02902.jpg,image_02902.jpg,21.541732788085938
2902,/nas-ctm01/datasets/public/Oxford102Flowers/jpg/image_02903.jpg,image_02903.jpg,22.231616973876953
2903,/nas-ctm01/datasets/public/Oxford102Flowers/jpg/image_02904.jpg,image_02904.jpg,22.146183013916016
2904,/nas-ctm01/datasets/public/Oxford102Flowers/jpg/image_02905.jpg,image_02905.jpg,21.491561889648438
2905,/nas-ctm01/datasets/public/Oxford102Flowers/jpg/image_02906.jpg,image_02906.jpg,22.880756378173828
2906,/nas-ctm01/datasets/public/Oxford102Flowers/jpg/image_02907.jpg,image_02907.jpg,21.387710571289062
2907,/nas-ctm01/datasets/public/Oxford102Flowers/jpg/image_02908.jpg,image_02908.jpg,21.601499557495117
2908,/nas-ctm01/datasets/public/Oxford102Flowers/jpg/image_02909.jpg,image_02909.jpg,21.82415771484375
2909,/nas-ctm01/datasets/public/Oxford102Flowers/jpg/image_02910.jpg,image_02910.jpg,21.632055282592773
2910,/nas-ctm01/datasets/public/Oxford102Flowers/jpg/image_02911.jpg,image_02911.jpg,22.082002639770508
2911,/nas-ctm01/datasets/public/Oxford102Flowers/jpg/image_02912.jpg,image_02912.jpg,21.95699691772461
2912,/nas-ctm01/datasets/public/Oxford102Flowers/jpg/image_02913.jpg,image_02913.jpg,20.915529251098633
2913,/nas-ctm01/datasets/public/Oxford102Flowers/jpg/image_02914.jpg,image_02914.jpg,22.00442886352539
2914,/nas-ctm01/datasets/public/Oxford102Flowers/jpg/image_02915.jpg,image_02915.jpg,22.858531951904297
2915,/nas-ctm01/datasets/public/Oxford102Flowers/jpg/image_02916.jpg,image_02916.jpg,21.813016891479492
2916,/nas-ctm01/datasets/public/Oxford102Flowers/jpg/image_02917.jpg,image_02917.jpg,22.42767333984375
2917,/nas-ctm01/datasets/public/Oxford102Flowers/jpg/image_02918.jpg,image_02918.jpg,22.57673454284668
2918,/nas-ctm01/datasets/public/Oxford102Flowers/jpg/image_02919.jpg,image_02919.jpg,23.1998233795166
2919,/nas-ctm01/datasets/public/Oxford102Flowers/jpg/image_02920.jpg,image_02920.jpg,21.832809448242188
2920,/nas-ctm01/datasets/public/Oxford102Flowers/jpg/image_02921.jpg,image_02921.jpg,22.127077102661133
2921,/nas-ctm01/datasets/public/Oxford102Flowers/jpg/image_02922.jpg,image_02922.jpg,22.259803771972656
2922,/nas-ctm01/datasets/public/Oxford102Flowers/jpg/image_02923.jpg,image_02923.jpg,22.00786018371582
2923,/nas-ctm01/datasets/public/Oxford102Flowers/jpg/image_02924.jpg,image_02924.jpg,22.11644172668457
2924,/nas-ctm01/datasets/public/Oxford102Flowers/jpg/image_02925.jpg,image_02925.jpg,22.499347686767578
2925,/nas-ctm01/datasets/public/Oxford102Flowers/jpg/image_02926.jpg,image_02926.jpg,22.41383171081543
2926,/nas-ctm01/datasets/public/Oxford102Flowers/jpg/image_02927.jpg,image_02927.jpg,22.11587142944336
2927,/nas-ctm01/datasets/public/Oxford102Flowers/jpg/image_02928.jpg,image_02928.jpg,22.101829528808594
2928,/nas-ctm01/datasets/public/Oxford102Flowers/jpg/image_02929.jpg,image_02929.jpg,22.028345108032227
2929,/nas-ctm01/datasets/public/Oxford102Flowers/jpg/image_02930.jpg,image_02930.jpg,21.900798797607422
2930,/nas-ctm01/datasets/public/Oxford102Flowers/jpg/image_02931.jpg,image_02931.jpg,22.259231567382812
2931,/nas-ctm01/datasets/public/Oxford102Flowers/jpg/image_02932.jpg,image_02932.jpg,22.963876724243164
2932,/nas-ctm01/datasets/public/Oxford102Flowers/jpg/image_02933.jpg,image_02933.jpg,22.193326950073242
2933,/nas-ctm01/datasets/public/Oxford102Flowers/jpg/image_02934.jpg,image_02934.jpg,22.542510986328125
2934,/nas-ctm01/datasets/public/Oxford102Flowers/jpg/image_02935.jpg,image_02935.jpg,22.362672805786133
2935,/nas-ctm01/datasets/public/Oxford102Flowers/jpg/image_02936.jpg,image_02936.jpg,22.17998504638672
2936,/nas-ctm01/datasets/public/Oxford102Flowers/jpg/image_02937.jpg,image_02937.jpg,22.158079147338867
2937,/nas-ctm01/datasets/public/Oxford102Flowers/jpg/image_02938.jpg,image_02938.jpg,21.863540649414062
2938,/nas-ctm01/datasets/public/Oxford102Flowers/jpg/image_02939.jpg,image_02939.jpg,21.74184226989746
2939,/nas-ctm01/datasets/public/Oxford102Flowers/jpg/image_02940.jpg,image_02940.jpg,21.981420516967773
2940,/nas-ctm01/datasets/public/Oxford102Flowers/jpg/image_02941.jpg,image_02941.jpg,22.31226348876953
2941,/nas-ctm01/datasets/public/Oxford102Flowers/jpg/image_02942.jpg,image_02942.jpg,22.216400146484375
2942,/nas-ctm01/datasets/public/Oxford102Flowers/jpg/image_02943.jpg,image_02943.jpg,21.771799087524414
2943,/nas-ctm01/datasets/public/Oxford102Flowers/jpg/image_02944.jpg,image_02944.jpg,22.047780990600586
2944,/nas-ctm01/datasets/public/Oxford102Flowers/jpg/image_02945.jpg,image_02945.jpg,22.07874298095703
2945,/nas-ctm01/datasets/public/Oxford102Flowers/jpg/image_02946.jpg,image_02946.jpg,22.134191513061523
2946,/nas-ctm01/datasets/public/Oxford102Flowers/jpg/image_02947.jpg,image_02947.jpg,22.44289207458496
2947,/nas-ctm01/datasets/public/Oxford102Flowers/jpg/image_02948.jpg,image_02948.jpg,22.153934478759766
2948,/nas-ctm01/datasets/public/Oxford102Flowers/jpg/image_02949.jpg,image_02949.jpg,22.24625587463379
2949,/nas-ctm01/datasets/public/Oxford102Flowers/jpg/image_02950.jpg,image_02950.jpg,21.932310104370117
2950,/nas-ctm01/datasets/public/Oxford102Flowers/jpg/image_02951.jpg,image_02951.jpg,22.205928802490234
2951,/nas-ctm01/datasets/public/Oxford102Flowers/jpg/image_02952.jpg,image_02952.jpg,22.48198890686035
2952,/nas-ctm01/datasets/public/Oxford102Flowers/jpg/image_02953.jpg,image_02953.jpg,22.018733978271484
2953,/nas-ctm01/datasets/public/Oxford102Flowers/jpg/image_02954.jpg,image_02954.jpg,22.621992111206055
2954,/nas-ctm01/datasets/public/Oxford102Flowers/jpg/image_02955.jpg,image_02955.jpg,22.351877212524414
2955,/nas-ctm01/datasets/public/Oxford102Flowers/jpg/image_02956.jpg,image_02956.jpg,22.657699584960938
2956,/nas-ctm01/datasets/public/Oxford102Flowers/jpg/image_02957.jpg,image_02957.jpg,21.965417861938477
2957,/nas-ctm01/datasets/public/Oxford102Flowers/jpg/image_02958.jpg,image_02958.jpg,21.0485782623291
2958,/nas-ctm01/datasets/public/Oxford102Flowers/jpg/image_02959.jpg,image_02959.jpg,22.550926208496094
2959,/nas-ctm01/datasets/public/Oxford102Flowers/jpg/image_02960.jpg,image_02960.jpg,22.365711212158203
2960,/nas-ctm01/datasets/public/Oxford102Flowers/jpg/image_02961.jpg,image_02961.jpg,22.079524993896484
2961,/nas-ctm01/datasets/public/Oxford102Flowers/jpg/image_02962.jpg,image_02962.jpg,22.304874420166016
2962,/nas-ctm01/datasets/public/Oxford102Flowers/jpg/image_02963.jpg,image_02963.jpg,22.5646915435791
2963,/nas-ctm01/datasets/public/Oxford102Flowers/jpg/image_02964.jpg,image_02964.jpg,22.392927169799805
2964,/nas-ctm01/datasets/public/Oxford102Flowers/jpg/image_02965.jpg,image_02965.jpg,21.92235565185547
2965,/nas-ctm01/datasets/public/Oxford102Flowers/jpg/image_02966.jpg,image_02966.jpg,22.477249145507812
2966,/nas-ctm01/datasets/public/Oxford102Flowers/jpg/image_02967.jpg,image_02967.jpg,22.125795364379883
2967,/nas-ctm01/datasets/public/Oxford102Flowers/jpg/image_02968.jpg,image_02968.jpg,22.52107048034668
2968,/nas-ctm01/datasets/public/Oxford102Flowers/jpg/image_02969.jpg,image_02969.jpg,22.145275115966797
2969,/nas-ctm01/datasets/public/Oxford102Flowers/jpg/image_02970.jpg,image_02970.jpg,22.936443328857422
2970,/nas-ctm01/datasets/public/Oxford102Flowers/jpg/image_02971.jpg,image_02971.jpg,21.83638572692871
2971,/nas-ctm01/datasets/public/Oxford102Flowers/jpg/image_02972.jpg,image_02972.jpg,21.78500747680664
2972,/nas-ctm01/datasets/public/Oxford102Flowers/jpg/image_02973.jpg,image_02973.jpg,21.111413955688477
2973,/nas-ctm01/datasets/public/Oxford102Flowers/jpg/image_02974.jpg,image_02974.jpg,22.786754608154297
2974,/nas-ctm01/datasets/public/Oxford102Flowers/jpg/image_02975.jpg,image_02975.jpg,21.18767738342285
2975,/nas-ctm01/datasets/public/Oxford102Flowers/jpg/image_02976.jpg,image_02976.jpg,21.898880004882812
2976,/nas-ctm01/datasets/public/Oxford102Flowers/jpg/image_02977.jpg,image_02977.jpg,22.012983322143555
2977,/nas-ctm01/datasets/public/Oxford102Flowers/jpg/image_02978.jpg,image_02978.jpg,22.114883422851562
2978,/nas-ctm01/datasets/public/Oxford102Flowers/jpg/image_02979.jpg,image_02979.jpg,22.320556640625
2979,/nas-ctm01/datasets/public/Oxford102Flowers/jpg/image_02980.jpg,image_02980.jpg,22.150529861450195
2980,/nas-ctm01/datasets/public/Oxford102Flowers/jpg/image_02981.jpg,image_02981.jpg,22.238037109375
2981,/nas-ctm01/datasets/public/Oxford102Flowers/jpg/image_02982.jpg,image_02982.jpg,21.840932846069336
2982,/nas-ctm01/datasets/public/Oxford102Flowers/jpg/image_02983.jpg,image_02983.jpg,22.26094627380371
2983,/nas-ctm01/datasets/public/Oxford102Flowers/jpg/image_02984.jpg,image_02984.jpg,21.9243221282959
2984,/nas-ctm01/datasets/public/Oxford102Flowers/jpg/image_02985.jpg,image_02985.jpg,21.841337203979492
2985,/nas-ctm01/datasets/public/Oxford102Flowers/jpg/image_02986.jpg,image_02986.jpg,22.140213012695312
2986,/nas-ctm01/datasets/public/Oxford102Flowers/jpg/image_02987.jpg,image_02987.jpg,22.3961124420166
2987,/nas-ctm01/datasets/public/Oxford102Flowers/jpg/image_02988.jpg,image_02988.jpg,22.29136085510254
2988,/nas-ctm01/datasets/public/Oxford102Flowers/jpg/image_02989.jpg,image_02989.jpg,21.76234245300293
2989,/nas-ctm01/datasets/public/Oxford102Flowers/jpg/image_02990.jpg,image_02990.jpg,21.038835525512695
2990,/nas-ctm01/datasets/public/Oxford102Flowers/jpg/image_02991.jpg,image_02991.jpg,22.320087432861328
2991,/nas-ctm01/datasets/public/Oxford102Flowers/jpg/image_02992.jpg,image_02992.jpg,22.047561645507812
2992,/nas-ctm01/datasets/public/Oxford102Flowers/jpg/image_02993.jpg,image_02993.jpg,21.81744956970215
2993,/nas-ctm01/datasets/public/Oxford102Flowers/jpg/image_02994.jpg,image_02994.jpg,21.99441909790039
2994,/nas-ctm01/datasets/public/Oxford102Flowers/jpg/image_02995.jpg,image_02995.jpg,22.32691764831543
2995,/nas-ctm01/datasets/public/Oxford102Flowers/jpg/image_02996.jpg,image_02996.jpg,22.16443634033203
2996,/nas-ctm01/datasets/public/Oxford102Flowers/jpg/image_02997.jpg,image_02997.jpg,21.531692504882812
2997,/nas-ctm01/datasets/public/Oxford102Flowers/jpg/image_02998.jpg,image_02998.jpg,21.644914627075195
2998,/nas-ctm01/datasets/public/Oxford102Flowers/jpg/image_02999.jpg,image_02999.jpg,22.42532730102539
2999,/nas-ctm01/datasets/public/Oxford102Flowers/jpg/image_03000.jpg,image_03000.jpg,22.117828369140625
3000,/nas-ctm01/datasets/public/Oxford102Flowers/jpg/image_03001.jpg,image_03001.jpg,22.368864059448242
3001,/nas-ctm01/datasets/public/Oxford102Flowers/jpg/image_03002.jpg,image_03002.jpg,21.277481079101562
3002,/nas-ctm01/datasets/public/Oxford102Flowers/jpg/image_03003.jpg,image_03003.jpg,20.69824981689453
3003,/nas-ctm01/datasets/public/Oxford102Flowers/jpg/image_03004.jpg,image_03004.jpg,22.028573989868164
3004,/nas-ctm01/datasets/public/Oxford102Flowers/jpg/image_03005.jpg,image_03005.jpg,22.106172561645508
3005,/nas-ctm01/datasets/public/Oxford102Flowers/jpg/image_03006.jpg,image_03006.jpg,21.81174659729004
3006,/nas-ctm01/datasets/public/Oxford102Flowers/jpg/image_03007.jpg,image_03007.jpg,22.13568878173828
3007,/nas-ctm01/datasets/public/Oxford102Flowers/jpg/image_03008.jpg,image_03008.jpg,22.285619735717773
3008,/nas-ctm01/datasets/public/Oxford102Flowers/jpg/image_03009.jpg,image_03009.jpg,22.030960083007812
3009,/nas-ctm01/datasets/public/Oxford102Flowers/jpg/image_03010.jpg,image_03010.jpg,22.151514053344727
3010,/nas-ctm01/datasets/public/Oxford102Flowers/jpg/image_03011.jpg,image_03011.jpg,21.681791305541992
3011,/nas-ctm01/datasets/public/Oxford102Flowers/jpg/image_03012.jpg,image_03012.jpg,22.516387939453125
3012,/nas-ctm01/datasets/public/Oxford102Flowers/jpg/image_03013.jpg,image_03013.jpg,22.292877197265625
3013,/nas-ctm01/datasets/public/Oxford102Flowers/jpg/image_03014.jpg,image_03014.jpg,22.27709197998047
3014,/nas-ctm01/datasets/public/Oxford102Flowers/jpg/image_03015.jpg,image_03015.jpg,21.87061309814453
3015,/nas-ctm01/datasets/public/Oxford102Flowers/jpg/image_03016.jpg,image_03016.jpg,22.379514694213867
3016,/nas-ctm01/datasets/public/Oxford102Flowers/jpg/image_03017.jpg,image_03017.jpg,22.530536651611328
3017,/nas-ctm01/datasets/public/Oxford102Flowers/jpg/image_03018.jpg,image_03018.jpg,22.139493942260742
3018,/nas-ctm01/datasets/public/Oxford102Flowers/jpg/image_03019.jpg,image_03019.jpg,21.844196319580078
3019,/nas-ctm01/datasets/public/Oxford102Flowers/jpg/image_03020.jpg,image_03020.jpg,21.893774032592773
3020,/nas-ctm01/datasets/public/Oxford102Flowers/jpg/image_03021.jpg,image_03021.jpg,22.235483169555664
3021,/nas-ctm01/datasets/public/Oxford102Flowers/jpg/image_03022.jpg,image_03022.jpg,22.48503303527832
3022,/nas-ctm01/datasets/public/Oxford102Flowers/jpg/image_03023.jpg,image_03023.jpg,22.78455352783203
3023,/nas-ctm01/datasets/public/Oxford102Flowers/jpg/image_03024.jpg,image_03024.jpg,21.940174102783203
3024,/nas-ctm01/datasets/public/Oxford102Flowers/jpg/image_03025.jpg,image_03025.jpg,21.60677719116211
3025,/nas-ctm01/datasets/public/Oxford102Flowers/jpg/image_03026.jpg,image_03026.jpg,22.383651733398438
3026,/nas-ctm01/datasets/public/Oxford102Flowers/jpg/image_03027.jpg,image_03027.jpg,22.708702087402344
3027,/nas-ctm01/datasets/public/Oxford102Flowers/jpg/image_03028.jpg,image_03028.jpg,22.198272705078125
3028,/nas-ctm01/datasets/public/Oxford102Flowers/jpg/image_03029.jpg,image_03029.jpg,21.686912536621094
3029,/nas-ctm01/datasets/public/Oxford102Flowers/jpg/image_03030.jpg,image_03030.jpg,21.72469711303711
3030,/nas-ctm01/datasets/public/Oxford102Flowers/jpg/image_03031.jpg,image_03031.jpg,21.4062557220459
3031,/nas-ctm01/datasets/public/Oxford102Flowers/jpg/image_03032.jpg,image_03032.jpg,21.80693817138672
3032,/nas-ctm01/datasets/public/Oxford102Flowers/jpg/image_03033.jpg,image_03033.jpg,20.315805435180664
3033,/nas-ctm01/datasets/public/Oxford102Flowers/jpg/image_03034.jpg,image_03034.jpg,21.856416702270508
3034,/nas-ctm01/datasets/public/Oxford102Flowers/jpg/image_03035.jpg,image_03035.jpg,22.099945068359375
3035,/nas-ctm01/datasets/public/Oxford102Flowers/jpg/image_03036.jpg,image_03036.jpg,22.309436798095703
3036,/nas-ctm01/datasets/public/Oxford102Flowers/jpg/image_03037.jpg,image_03037.jpg,21.70221519470215
3037,/nas-ctm01/datasets/public/Oxford102Flowers/jpg/image_03038.jpg,image_03038.jpg,20.92854118347168
3038,/nas-ctm01/datasets/public/Oxford102Flowers/jpg/image_03039.jpg,image_03039.jpg,22.098857879638672
3039,/nas-ctm01/datasets/public/Oxford102Flowers/jpg/image_03040.jpg,image_03040.jpg,21.957284927368164
3040,/nas-ctm01/datasets/public/Oxford102Flowers/jpg/image_03041.jpg,image_03041.jpg,20.974321365356445
3041,/nas-ctm01/datasets/public/Oxford102Flowers/jpg/image_03042.jpg,image_03042.jpg,21.669218063354492
3042,/nas-ctm01/datasets/public/Oxford102Flowers/jpg/image_03043.jpg,image_03043.jpg,21.441207885742188
3043,/nas-ctm01/datasets/public/Oxford102Flowers/jpg/image_03044.jpg,image_03044.jpg,21.175823211669922
3044,/nas-ctm01/datasets/public/Oxford102Flowers/jpg/image_03045.jpg,image_03045.jpg,21.76580810546875
3045,/nas-ctm01/datasets/public/Oxford102Flowers/jpg/image_03046.jpg,image_03046.jpg,20.936656951904297
3046,/nas-ctm01/datasets/public/Oxford102Flowers/jpg/image_03047.jpg,image_03047.jpg,22.415231704711914
3047,/nas-ctm01/datasets/public/Oxford102Flowers/jpg/image_03048.jpg,image_03048.jpg,21.137916564941406
3048,/nas-ctm01/datasets/public/Oxford102Flowers/jpg/image_03049.jpg,image_03049.jpg,21.15110969543457
3049,/nas-ctm01/datasets/public/Oxford102Flowers/jpg/image_03050.jpg,image_03050.jpg,21.226619720458984
3050,/nas-ctm01/datasets/public/Oxford102Flowers/jpg/image_03051.jpg,image_03051.jpg,21.60980796813965
3051,/nas-ctm01/datasets/public/Oxford102Flowers/jpg/image_03052.jpg,image_03052.jpg,21.713546752929688
3052,/nas-ctm01/datasets/public/Oxford102Flowers/jpg/image_03053.jpg,image_03053.jpg,21.6895809173584
3053,/nas-ctm01/datasets/public/Oxford102Flowers/jpg/image_03054.jpg,image_03054.jpg,22.31572914123535
3054,/nas-ctm01/datasets/public/Oxford102Flowers/jpg/image_03055.jpg,image_03055.jpg,21.959012985229492
3055,/nas-ctm01/datasets/public/Oxford102Flowers/jpg/image_03056.jpg,image_03056.jpg,22.65325927734375
3056,/nas-ctm01/datasets/public/Oxford102Flowers/jpg/image_03057.jpg,image_03057.jpg,21.306922912597656
3057,/nas-ctm01/datasets/public/Oxford102Flowers/jpg/image_03058.jpg,image_03058.jpg,21.803958892822266
3058,/nas-ctm01/datasets/public/Oxford102Flowers/jpg/image_03059.jpg,image_03059.jpg,21.936403274536133
3059,/nas-ctm01/datasets/public/Oxford102Flowers/jpg/image_03060.jpg,image_03060.jpg,21.33894157409668
3060,/nas-ctm01/datasets/public/Oxford102Flowers/jpg/image_03061.jpg,image_03061.jpg,22.029251098632812
3061,/nas-ctm01/datasets/public/Oxford102Flowers/jpg/image_03062.jpg,image_03062.jpg,21.06758689880371
3062,/nas-ctm01/datasets/public/Oxford102Flowers/jpg/image_03063.jpg,image_03063.jpg,21.814149856567383
3063,/nas-ctm01/datasets/public/Oxford102Flowers/jpg/image_03064.jpg,image_03064.jpg,20.40619468688965
3064,/nas-ctm01/datasets/public/Oxford102Flowers/jpg/image_03065.jpg,image_03065.jpg,21.6061954498291
3065,/nas-ctm01/datasets/public/Oxford102Flowers/jpg/image_03066.jpg,image_03066.jpg,21.265100479125977
3066,/nas-ctm01/datasets/public/Oxford102Flowers/jpg/image_03067.jpg,image_03067.jpg,20.883625030517578
3067,/nas-ctm01/datasets/public/Oxford102Flowers/jpg/image_03068.jpg,image_03068.jpg,22.015119552612305
3068,/nas-ctm01/datasets/public/Oxford102Flowers/jpg/image_03069.jpg,image_03069.jpg,22.18999671936035
3069,/nas-ctm01/datasets/public/Oxford102Flowers/jpg/image_03070.jpg,image_03070.jpg,21.39356803894043
3070,/nas-ctm01/datasets/public/Oxford102Flowers/jpg/image_03071.jpg,image_03071.jpg,21.361387252807617
3071,/nas-ctm01/datasets/public/Oxford102Flowers/jpg/image_03072.jpg,image_03072.jpg,21.848264694213867
3072,/nas-ctm01/datasets/public/Oxford102Flowers/jpg/image_03073.jpg,image_03073.jpg,21.064563751220703
3073,/nas-ctm01/datasets/public/Oxford102Flowers/jpg/image_03074.jpg,image_03074.jpg,22.077150344848633
3074,/nas-ctm01/datasets/public/Oxford102Flowers/jpg/image_03075.jpg,image_03075.jpg,20.404619216918945
3075,/nas-ctm01/datasets/public/Oxford102Flowers/jpg/image_03076.jpg,image_03076.jpg,22.097360610961914
3076,/nas-ctm01/datasets/public/Oxford102Flowers/jpg/image_03077.jpg,image_03077.jpg,21.90947914123535
3077,/nas-ctm01/datasets/public/Oxford102Flowers/jpg/image_03078.jpg,image_03078.jpg,22.263713836669922
3078,/nas-ctm01/datasets/public/Oxford102Flowers/jpg/image_03079.jpg,image_03079.jpg,21.52080726623535
3079,/nas-ctm01/datasets/public/Oxford102Flowers/jpg/image_03080.jpg,image_03080.jpg,21.15761375427246
3080,/nas-ctm01/datasets/public/Oxford102Flowers/jpg/image_03081.jpg,image_03081.jpg,22.192787170410156
3081,/nas-ctm01/datasets/public/Oxford102Flowers/jpg/image_03082.jpg,image_03082.jpg,21.727201461791992
3082,/nas-ctm01/datasets/public/Oxford102Flowers/jpg/image_03083.jpg,image_03083.jpg,22.004364013671875
3083,/nas-ctm01/datasets/public/Oxford102Flowers/jpg/image_03084.jpg,image_03084.jpg,21.07753562927246
3084,/nas-ctm01/datasets/public/Oxford102Flowers/jpg/image_03085.jpg,image_03085.jpg,21.343135833740234
3085,/nas-ctm01/datasets/public/Oxford102Flowers/jpg/image_03086.jpg,image_03086.jpg,20.6193790435791
3086,/nas-ctm01/datasets/public/Oxford102Flowers/jpg/image_03087.jpg,image_03087.jpg,21.35131072998047
3087,/nas-ctm01/datasets/public/Oxford102Flowers/jpg/image_03088.jpg,image_03088.jpg,21.245418548583984
3088,/nas-ctm01/datasets/public/Oxford102Flowers/jpg/image_03089.jpg,image_03089.jpg,21.959333419799805
3089,/nas-ctm01/datasets/public/Oxford102Flowers/jpg/image_03090.jpg,image_03090.jpg,21.2069091796875
3090,/nas-ctm01/datasets/public/Oxford102Flowers/jpg/image_03091.jpg,image_03091.jpg,21.71339225769043
3091,/nas-ctm01/datasets/public/Oxford102Flowers/jpg/image_03092.jpg,image_03092.jpg,22.176273345947266
3092,/nas-ctm01/datasets/public/Oxford102Flowers/jpg/image_03093.jpg,image_03093.jpg,21.477569580078125
3093,/nas-ctm01/datasets/public/Oxford102Flowers/jpg/image_03094.jpg,image_03094.jpg,21.637710571289062
3094,/nas-ctm01/datasets/public/Oxford102Flowers/jpg/image_03095.jpg,image_03095.jpg,20.79322624206543
3095,/nas-ctm01/datasets/public/Oxford102Flowers/jpg/image_03096.jpg,image_03096.jpg,21.658388137817383
3096,/nas-ctm01/datasets/public/Oxford102Flowers/jpg/image_03097.jpg,image_03097.jpg,21.58218765258789
3097,/nas-ctm01/datasets/public/Oxford102Flowers/jpg/image_03098.jpg,image_03098.jpg,20.827415466308594
3098,/nas-ctm01/datasets/public/Oxford102Flowers/jpg/image_03099.jpg,image_03099.jpg,22.160343170166016
3099,/nas-ctm01/datasets/public/Oxford102Flowers/jpg/image_03100.jpg,image_03100.jpg,21.894695281982422
3100,/nas-ctm01/datasets/public/Oxford102Flowers/jpg/image_03101.jpg,image_03101.jpg,22.093360900878906
3101,/nas-ctm01/datasets/public/Oxford102Flowers/jpg/image_03102.jpg,image_03102.jpg,20.922042846679688
3102,/nas-ctm01/datasets/public/Oxford102Flowers/jpg/image_03103.jpg,image_03103.jpg,20.98026466369629
3103,/nas-ctm01/datasets/public/Oxford102Flowers/jpg/image_03104.jpg,image_03104.jpg,21.9683837890625
3104,/nas-ctm01/datasets/public/Oxford102Flowers/jpg/image_03105.jpg,image_03105.jpg,21.842992782592773
3105,/nas-ctm01/datasets/public/Oxford102Flowers/jpg/image_03106.jpg,image_03106.jpg,20.760927200317383
3106,/nas-ctm01/datasets/public/Oxford102Flowers/jpg/image_03107.jpg,image_03107.jpg,21.430322647094727
3107,/nas-ctm01/datasets/public/Oxford102Flowers/jpg/image_03108.jpg,image_03108.jpg,21.296964645385742
3108,/nas-ctm01/datasets/public/Oxford102Flowers/jpg/image_03109.jpg,image_03109.jpg,20.810014724731445
3109,/nas-ctm01/datasets/public/Oxford102Flowers/jpg/image_03110.jpg,image_03110.jpg,21.667325973510742
3110,/nas-ctm01/datasets/public/Oxford102Flowers/jpg/image_03111.jpg,image_03111.jpg,21.554452896118164
3111,/nas-ctm01/datasets/public/Oxford102Flowers/jpg/image_03112.jpg,image_03112.jpg,21.385059356689453
3112,/nas-ctm01/datasets/public/Oxford102Flowers/jpg/image_03113.jpg,image_03113.jpg,20.798532485961914
3113,/nas-ctm01/datasets/public/Oxford102Flowers/jpg/image_03114.jpg,image_03114.jpg,20.959970474243164
3114,/nas-ctm01/datasets/public/Oxford102Flowers/jpg/image_03115.jpg,image_03115.jpg,21.070329666137695
3115,/nas-ctm01/datasets/public/Oxford102Flowers/jpg/image_03116.jpg,image_03116.jpg,20.981597900390625
3116,/nas-ctm01/datasets/public/Oxford102Flowers/jpg/image_03117.jpg,image_03117.jpg,21.754941940307617
3117,/nas-ctm01/datasets/public/Oxford102Flowers/jpg/image_03118.jpg,image_03118.jpg,21.148494720458984
3118,/nas-ctm01/datasets/public/Oxford102Flowers/jpg/image_03119.jpg,image_03119.jpg,21.995792388916016
3119,/nas-ctm01/datasets/public/Oxford102Flowers/jpg/image_03120.jpg,image_03120.jpg,21.59490966796875
3120,/nas-ctm01/datasets/public/Oxford102Flowers/jpg/image_03121.jpg,image_03121.jpg,21.83196258544922
3121,/nas-ctm01/datasets/public/Oxford102Flowers/jpg/image_03122.jpg,image_03122.jpg,20.936309814453125
3122,/nas-ctm01/datasets/public/Oxford102Flowers/jpg/image_03123.jpg,image_03123.jpg,22.21046257019043
3123,/nas-ctm01/datasets/public/Oxford102Flowers/jpg/image_03124.jpg,image_03124.jpg,22.442153930664062
3124,/nas-ctm01/datasets/public/Oxford102Flowers/jpg/image_03125.jpg,image_03125.jpg,21.636329650878906
3125,/nas-ctm01/datasets/public/Oxford102Flowers/jpg/image_03126.jpg,image_03126.jpg,21.577543258666992
3126,/nas-ctm01/datasets/public/Oxford102Flowers/jpg/image_03127.jpg,image_03127.jpg,21.4001522064209
3127,/nas-ctm01/datasets/public/Oxford102Flowers/jpg/image_03128.jpg,image_03128.jpg,21.100570678710938
3128,/nas-ctm01/datasets/public/Oxford102Flowers/jpg/image_03129.jpg,image_03129.jpg,21.58650779724121
3129,/nas-ctm01/datasets/public/Oxford102Flowers/jpg/image_03130.jpg,image_03130.jpg,21.500741958618164
3130,/nas-ctm01/datasets/public/Oxford102Flowers/jpg/image_03131.jpg,image_03131.jpg,21.095857620239258
3131,/nas-ctm01/datasets/public/Oxford102Flowers/jpg/image_03132.jpg,image_03132.jpg,21.756759643554688
3132,/nas-ctm01/datasets/public/Oxford102Flowers/jpg/image_03133.jpg,image_03133.jpg,21.158594131469727
3133,/nas-ctm01/datasets/public/Oxford102Flowers/jpg/image_03134.jpg,image_03134.jpg,20.726451873779297
3134,/nas-ctm01/datasets/public/Oxford102Flowers/jpg/image_03135.jpg,image_03135.jpg,22.355369567871094
3135,/nas-ctm01/datasets/public/Oxford102Flowers/jpg/image_03136.jpg,image_03136.jpg,21.159578323364258
3136,/nas-ctm01/datasets/public/Oxford102Flowers/jpg/image_03137.jpg,image_03137.jpg,21.904254913330078
3137,/nas-ctm01/datasets/public/Oxford102Flowers/jpg/image_03138.jpg,image_03138.jpg,21.837526321411133
3138,/nas-ctm01/datasets/public/Oxford102Flowers/jpg/image_03139.jpg,image_03139.jpg,20.884191513061523
3139,/nas-ctm01/datasets/public/Oxford102Flowers/jpg/image_03140.jpg,image_03140.jpg,21.923124313354492
3140,/nas-ctm01/datasets/public/Oxford102Flowers/jpg/image_03141.jpg,image_03141.jpg,21.814695358276367
3141,/nas-ctm01/datasets/public/Oxford102Flowers/jpg/image_03142.jpg,image_03142.jpg,20.964139938354492
3142,/nas-ctm01/datasets/public/Oxford102Flowers/jpg/image_03143.jpg,image_03143.jpg,21.850812911987305
3143,/nas-ctm01/datasets/public/Oxford102Flowers/jpg/image_03144.jpg,image_03144.jpg,21.463890075683594
3144,/nas-ctm01/datasets/public/Oxford102Flowers/jpg/image_03145.jpg,image_03145.jpg,22.507966995239258
3145,/nas-ctm01/datasets/public/Oxford102Flowers/jpg/image_03146.jpg,image_03146.jpg,21.034563064575195
3146,/nas-ctm01/datasets/public/Oxford102Flowers/jpg/image_03147.jpg,image_03147.jpg,20.582500457763672
3147,/nas-ctm01/datasets/public/Oxford102Flowers/jpg/image_03148.jpg,image_03148.jpg,20.06881332397461
3148,/nas-ctm01/datasets/public/Oxford102Flowers/jpg/image_03149.jpg,image_03149.jpg,21.128341674804688
3149,/nas-ctm01/datasets/public/Oxford102Flowers/jpg/image_03150.jpg,image_03150.jpg,21.061491012573242
3150,/nas-ctm01/datasets/public/Oxford102Flowers/jpg/image_03151.jpg,image_03151.jpg,21.430910110473633
3151,/nas-ctm01/datasets/public/Oxford102Flowers/jpg/image_03152.jpg,image_03152.jpg,20.941701889038086
3152,/nas-ctm01/datasets/public/Oxford102Flowers/jpg/image_03153.jpg,image_03153.jpg,21.869483947753906
3153,/nas-ctm01/datasets/public/Oxford102Flowers/jpg/image_03154.jpg,image_03154.jpg,21.266529083251953
3154,/nas-ctm01/datasets/public/Oxford102Flowers/jpg/image_03155.jpg,image_03155.jpg,21.816286087036133
3155,/nas-ctm01/datasets/public/Oxford102Flowers/jpg/image_03156.jpg,image_03156.jpg,21.75667381286621
3156,/nas-ctm01/datasets/public/Oxford102Flowers/jpg/image_03157.jpg,image_03157.jpg,21.151811599731445
3157,/nas-ctm01/datasets/public/Oxford102Flowers/jpg/image_03158.jpg,image_03158.jpg,21.459918975830078
3158,/nas-ctm01/datasets/public/Oxford102Flowers/jpg/image_03159.jpg,image_03159.jpg,21.664779663085938
3159,/nas-ctm01/datasets/public/Oxford102Flowers/jpg/image_03160.jpg,image_03160.jpg,21.825044631958008
3160,/nas-ctm01/datasets/public/Oxford102Flowers/jpg/image_03161.jpg,image_03161.jpg,22.475894927978516
3161,/nas-ctm01/datasets/public/Oxford102Flowers/jpg/image_03162.jpg,image_03162.jpg,20.83277130126953
3162,/nas-ctm01/datasets/public/Oxford102Flowers/jpg/image_03163.jpg,image_03163.jpg,21.97452163696289
3163,/nas-ctm01/datasets/public/Oxford102Flowers/jpg/image_03164.jpg,image_03164.jpg,21.848047256469727
3164,/nas-ctm01/datasets/public/Oxford102Flowers/jpg/image_03165.jpg,image_03165.jpg,21.300586700439453
3165,/nas-ctm01/datasets/public/Oxford102Flowers/jpg/image_03166.jpg,image_03166.jpg,22.57830047607422
3166,/nas-ctm01/datasets/public/Oxford102Flowers/jpg/image_03167.jpg,image_03167.jpg,21.307640075683594
3167,/nas-ctm01/datasets/public/Oxford102Flowers/jpg/image_03168.jpg,image_03168.jpg,20.796958923339844
3168,/nas-ctm01/datasets/public/Oxford102Flowers/jpg/image_03169.jpg,image_03169.jpg,21.31413459777832
3169,/nas-ctm01/datasets/public/Oxford102Flowers/jpg/image_03170.jpg,image_03170.jpg,21.876949310302734
3170,/nas-ctm01/datasets/public/Oxford102Flowers/jpg/image_03171.jpg,image_03171.jpg,20.537620544433594
3171,/nas-ctm01/datasets/public/Oxford102Flowers/jpg/image_03172.jpg,image_03172.jpg,22.303529739379883
3172,/nas-ctm01/datasets/public/Oxford102Flowers/jpg/image_03173.jpg,image_03173.jpg,21.125835418701172
3173,/nas-ctm01/datasets/public/Oxford102Flowers/jpg/image_03174.jpg,image_03174.jpg,21.895708084106445
3174,/nas-ctm01/datasets/public/Oxford102Flowers/jpg/image_03175.jpg,image_03175.jpg,20.550132751464844
3175,/nas-ctm01/datasets/public/Oxford102Flowers/jpg/image_03176.jpg,image_03176.jpg,21.456981658935547
3176,/nas-ctm01/datasets/public/Oxford102Flowers/jpg/image_03177.jpg,image_03177.jpg,21.385541915893555
3177,/nas-ctm01/datasets/public/Oxford102Flowers/jpg/image_03178.jpg,image_03178.jpg,21.378341674804688
3178,/nas-ctm01/datasets/public/Oxford102Flowers/jpg/image_03179.jpg,image_03179.jpg,21.363201141357422
3179,/nas-ctm01/datasets/public/Oxford102Flowers/jpg/image_03180.jpg,image_03180.jpg,21.557817459106445
3180,/nas-ctm01/datasets/public/Oxford102Flowers/jpg/image_03181.jpg,image_03181.jpg,21.426340103149414
3181,/nas-ctm01/datasets/public/Oxford102Flowers/jpg/image_03182.jpg,image_03182.jpg,21.06038475036621
3182,/nas-ctm01/datasets/public/Oxford102Flowers/jpg/image_03183.jpg,image_03183.jpg,22.70749855041504
3183,/nas-ctm01/datasets/public/Oxford102Flowers/jpg/image_03184.jpg,image_03184.jpg,22.56535530090332
3184,/nas-ctm01/datasets/public/Oxford102Flowers/jpg/image_03185.jpg,image_03185.jpg,21.471458435058594
3185,/nas-ctm01/datasets/public/Oxford102Flowers/jpg/image_03186.jpg,image_03186.jpg,22.10109519958496
3186,/nas-ctm01/datasets/public/Oxford102Flowers/jpg/image_03187.jpg,image_03187.jpg,20.875747680664062
3187,/nas-ctm01/datasets/public/Oxford102Flowers/jpg/image_03188.jpg,image_03188.jpg,21.886018753051758
3188,/nas-ctm01/datasets/public/Oxford102Flowers/jpg/image_03189.jpg,image_03189.jpg,22.780750274658203
3189,/nas-ctm01/datasets/public/Oxford102Flowers/jpg/image_03190.jpg,image_03190.jpg,22.277843475341797
3190,/nas-ctm01/datasets/public/Oxford102Flowers/jpg/image_03191.jpg,image_03191.jpg,23.066347122192383
3191,/nas-ctm01/datasets/public/Oxford102Flowers/jpg/image_03192.jpg,image_03192.jpg,22.62318229675293
3192,/nas-ctm01/datasets/public/Oxford102Flowers/jpg/image_03193.jpg,image_03193.jpg,21.98377227783203
3193,/nas-ctm01/datasets/public/Oxford102Flowers/jpg/image_03194.jpg,image_03194.jpg,21.47879409790039
3194,/nas-ctm01/datasets/public/Oxford102Flowers/jpg/image_03195.jpg,image_03195.jpg,22.206308364868164
3195,/nas-ctm01/datasets/public/Oxford102Flowers/jpg/image_03196.jpg,image_03196.jpg,23.16337776184082
3196,/nas-ctm01/datasets/public/Oxford102Flowers/jpg/image_03197.jpg,image_03197.jpg,22.65655517578125
3197,/nas-ctm01/datasets/public/Oxford102Flowers/jpg/image_03198.jpg,image_03198.jpg,22.697669982910156
3198,/nas-ctm01/datasets/public/Oxford102Flowers/jpg/image_03199.jpg,image_03199.jpg,22.221454620361328
3199,/nas-ctm01/datasets/public/Oxford102Flowers/jpg/image_03200.jpg,image_03200.jpg,21.894672393798828
3200,/nas-ctm01/datasets/public/Oxford102Flowers/jpg/image_03201.jpg,image_03201.jpg,22.06365966796875
3201,/nas-ctm01/datasets/public/Oxford102Flowers/jpg/image_03202.jpg,image_03202.jpg,21.989604949951172
3202,/nas-ctm01/datasets/public/Oxford102Flowers/jpg/image_03203.jpg,image_03203.jpg,23.302162170410156
3203,/nas-ctm01/datasets/public/Oxford102Flowers/jpg/image_03204.jpg,image_03204.jpg,21.886892318725586
3204,/nas-ctm01/datasets/public/Oxford102Flowers/jpg/image_03205.jpg,image_03205.jpg,22.616315841674805
3205,/nas-ctm01/datasets/public/Oxford102Flowers/jpg/image_03206.jpg,image_03206.jpg,22.570404052734375
3206,/nas-ctm01/datasets/public/Oxford102Flowers/jpg/image_03207.jpg,image_03207.jpg,22.915298461914062
3207,/nas-ctm01/datasets/public/Oxford102Flowers/jpg/image_03208.jpg,image_03208.jpg,21.985774993896484
3208,/nas-ctm01/datasets/public/Oxford102Flowers/jpg/image_03209.jpg,image_03209.jpg,22.613168716430664
3209,/nas-ctm01/datasets/public/Oxford102Flowers/jpg/image_03210.jpg,image_03210.jpg,22.6151065826416
3210,/nas-ctm01/datasets/public/Oxford102Flowers/jpg/image_03211.jpg,image_03211.jpg,22.13604736328125
3211,/nas-ctm01/datasets/public/Oxford102Flowers/jpg/image_03212.jpg,image_03212.jpg,22.561368942260742
3212,/nas-ctm01/datasets/public/Oxford102Flowers/jpg/image_03213.jpg,image_03213.jpg,22.580461502075195
3213,/nas-ctm01/datasets/public/Oxford102Flowers/jpg/image_03214.jpg,image_03214.jpg,22.804723739624023
3214,/nas-ctm01/datasets/public/Oxford102Flowers/jpg/image_03215.jpg,image_03215.jpg,23.006603240966797
3215,/nas-ctm01/datasets/public/Oxford102Flowers/jpg/image_03216.jpg,image_03216.jpg,21.69260025024414
3216,/nas-ctm01/datasets/public/Oxford102Flowers/jpg/image_03217.jpg,image_03217.jpg,22.880481719970703
3217,/nas-ctm01/datasets/public/Oxford102Flowers/jpg/image_03218.jpg,image_03218.jpg,22.640527725219727
3218,/nas-ctm01/datasets/public/Oxford102Flowers/jpg/image_03219.jpg,image_03219.jpg,22.354291915893555
3219,/nas-ctm01/datasets/public/Oxford102Flowers/jpg/image_03220.jpg,image_03220.jpg,22.09880828857422
3220,/nas-ctm01/datasets/public/Oxford102Flowers/jpg/image_03221.jpg,image_03221.jpg,21.9702205657959
3221,/nas-ctm01/datasets/public/Oxford102Flowers/jpg/image_03222.jpg,image_03222.jpg,22.33185386657715
3222,/nas-ctm01/datasets/public/Oxford102Flowers/jpg/image_03223.jpg,image_03223.jpg,22.533756256103516
3223,/nas-ctm01/datasets/public/Oxford102Flowers/jpg/image_03224.jpg,image_03224.jpg,22.429485321044922
3224,/nas-ctm01/datasets/public/Oxford102Flowers/jpg/image_03225.jpg,image_03225.jpg,22.053308486938477
3225,/nas-ctm01/datasets/public/Oxford102Flowers/jpg/image_03226.jpg,image_03226.jpg,22.576581954956055
3226,/nas-ctm01/datasets/public/Oxford102Flowers/jpg/image_03227.jpg,image_03227.jpg,21.67853546142578
3227,/nas-ctm01/datasets/public/Oxford102Flowers/jpg/image_03228.jpg,image_03228.jpg,22.833354949951172
3228,/nas-ctm01/datasets/public/Oxford102Flowers/jpg/image_03229.jpg,image_03229.jpg,21.665912628173828
3229,/nas-ctm01/datasets/public/Oxford102Flowers/jpg/image_03230.jpg,image_03230.jpg,22.046371459960938
3230,/nas-ctm01/datasets/public/Oxford102Flowers/jpg/image_03231.jpg,image_03231.jpg,22.839277267456055
3231,/nas-ctm01/datasets/public/Oxford102Flowers/jpg/image_03232.jpg,image_03232.jpg,23.012901306152344
3232,/nas-ctm01/datasets/public/Oxford102Flowers/jpg/image_03233.jpg,image_03233.jpg,22.479372024536133
3233,/nas-ctm01/datasets/public/Oxford102Flowers/jpg/image_03234.jpg,image_03234.jpg,22.1577205657959
3234,/nas-ctm01/datasets/public/Oxford102Flowers/jpg/image_03235.jpg,image_03235.jpg,22.73995018005371
3235,/nas-ctm01/datasets/public/Oxford102Flowers/jpg/image_03236.jpg,image_03236.jpg,22.558095932006836
3236,/nas-ctm01/datasets/public/Oxford102Flowers/jpg/image_03237.jpg,image_03237.jpg,22.739564895629883
3237,/nas-ctm01/datasets/public/Oxford102Flowers/jpg/image_03238.jpg,image_03238.jpg,22.071186065673828
3238,/nas-ctm01/datasets/public/Oxford102Flowers/jpg/image_03239.jpg,image_03239.jpg,22.698945999145508
3239,/nas-ctm01/datasets/public/Oxford102Flowers/jpg/image_03240.jpg,image_03240.jpg,22.77120018005371
3240,/nas-ctm01/datasets/public/Oxford102Flowers/jpg/image_03241.jpg,image_03241.jpg,22.637170791625977
3241,/nas-ctm01/datasets/public/Oxford102Flowers/jpg/image_03242.jpg,image_03242.jpg,22.3895263671875
3242,/nas-ctm01/datasets/public/Oxford102Flowers/jpg/image_03243.jpg,image_03243.jpg,22.404855728149414
3243,/nas-ctm01/datasets/public/Oxford102Flowers/jpg/image_03244.jpg,image_03244.jpg,23.248003005981445
3244,/nas-ctm01/datasets/public/Oxford102Flowers/jpg/image_03245.jpg,image_03245.jpg,22.188425064086914
3245,/nas-ctm01/datasets/public/Oxford102Flowers/jpg/image_03246.jpg,image_03246.jpg,22.27683448791504
3246,/nas-ctm01/datasets/public/Oxford102Flowers/jpg/image_03247.jpg,image_03247.jpg,22.273244857788086
3247,/nas-ctm01/datasets/public/Oxford102Flowers/jpg/image_03248.jpg,image_03248.jpg,22.5638370513916
3248,/nas-ctm01/datasets/public/Oxford102Flowers/jpg/image_03249.jpg,image_03249.jpg,22.78864860534668
3249,/nas-ctm01/datasets/public/Oxford102Flowers/jpg/image_03250.jpg,image_03250.jpg,22.3383846282959
3250,/nas-ctm01/datasets/public/Oxford102Flowers/jpg/image_03251.jpg,image_03251.jpg,21.884544372558594
3251,/nas-ctm01/datasets/public/Oxford102Flowers/jpg/image_03252.jpg,image_03252.jpg,21.115379333496094
3252,/nas-ctm01/datasets/public/Oxford102Flowers/jpg/image_03253.jpg,image_03253.jpg,22.32901954650879
3253,/nas-ctm01/datasets/public/Oxford102Flowers/jpg/image_03254.jpg,image_03254.jpg,21.3702392578125
3254,/nas-ctm01/datasets/public/Oxford102Flowers/jpg/image_03255.jpg,image_03255.jpg,20.82882308959961
3255,/nas-ctm01/datasets/public/Oxford102Flowers/jpg/image_03256.jpg,image_03256.jpg,21.519775390625
3256,/nas-ctm01/datasets/public/Oxford102Flowers/jpg/image_03257.jpg,image_03257.jpg,22.823633193969727
3257,/nas-ctm01/datasets/public/Oxford102Flowers/jpg/image_03258.jpg,image_03258.jpg,21.403207778930664
3258,/nas-ctm01/datasets/public/Oxford102Flowers/jpg/image_03259.jpg,image_03259.jpg,22.006589889526367
3259,/nas-ctm01/datasets/public/Oxford102Flowers/jpg/image_03260.jpg,image_03260.jpg,21.448347091674805
3260,/nas-ctm01/datasets/public/Oxford102Flowers/jpg/image_03261.jpg,image_03261.jpg,21.23467254638672
3261,/nas-ctm01/datasets/public/Oxford102Flowers/jpg/image_03262.jpg,image_03262.jpg,21.72873878479004
3262,/nas-ctm01/datasets/public/Oxford102Flowers/jpg/image_03263.jpg,image_03263.jpg,21.13934898376465
3263,/nas-ctm01/datasets/public/Oxford102Flowers/jpg/image_03264.jpg,image_03264.jpg,22.83339500427246
3264,/nas-ctm01/datasets/public/Oxford102Flowers/jpg/image_03265.jpg,image_03265.jpg,22.42087173461914
3265,/nas-ctm01/datasets/public/Oxford102Flowers/jpg/image_03266.jpg,image_03266.jpg,22.839492797851562
3266,/nas-ctm01/datasets/public/Oxford102Flowers/jpg/image_03267.jpg,image_03267.jpg,23.32221221923828
3267,/nas-ctm01/datasets/public/Oxford102Flowers/jpg/image_03268.jpg,image_03268.jpg,22.96552276611328
3268,/nas-ctm01/datasets/public/Oxford102Flowers/jpg/image_03269.jpg,image_03269.jpg,23.280269622802734
3269,/nas-ctm01/datasets/public/Oxford102Flowers/jpg/image_03270.jpg,image_03270.jpg,21.580583572387695
3270,/nas-ctm01/datasets/public/Oxford102Flowers/jpg/image_03271.jpg,image_03271.jpg,22.6253719329834
3271,/nas-ctm01/datasets/public/Oxford102Flowers/jpg/image_03272.jpg,image_03272.jpg,22.883285522460938
3272,/nas-ctm01/datasets/public/Oxford102Flowers/jpg/image_03273.jpg,image_03273.jpg,22.09781265258789
3273,/nas-ctm01/datasets/public/Oxford102Flowers/jpg/image_03274.jpg,image_03274.jpg,22.063650131225586
3274,/nas-ctm01/datasets/public/Oxford102Flowers/jpg/image_03275.jpg,image_03275.jpg,22.908458709716797
3275,/nas-ctm01/datasets/public/Oxford102Flowers/jpg/image_03276.jpg,image_03276.jpg,22.72633934020996
3276,/nas-ctm01/datasets/public/Oxford102Flowers/jpg/image_03277.jpg,image_03277.jpg,22.10616111755371
3277,/nas-ctm01/datasets/public/Oxford102Flowers/jpg/image_03278.jpg,image_03278.jpg,22.498382568359375
3278,/nas-ctm01/datasets/public/Oxford102Flowers/jpg/image_03279.jpg,image_03279.jpg,22.48427391052246
3279,/nas-ctm01/datasets/public/Oxford102Flowers/jpg/image_03280.jpg,image_03280.jpg,22.238149642944336
3280,/nas-ctm01/datasets/public/Oxford102Flowers/jpg/image_03281.jpg,image_03281.jpg,22.352005004882812
3281,/nas-ctm01/datasets/public/Oxford102Flowers/jpg/image_03282.jpg,image_03282.jpg,22.521987915039062
3282,/nas-ctm01/datasets/public/Oxford102Flowers/jpg/image_03283.jpg,image_03283.jpg,22.39872932434082
3283,/nas-ctm01/datasets/public/Oxford102Flowers/jpg/image_03284.jpg,image_03284.jpg,23.129304885864258
3284,/nas-ctm01/datasets/public/Oxford102Flowers/jpg/image_03285.jpg,image_03285.jpg,24.41187858581543
3285,/nas-ctm01/datasets/public/Oxford102Flowers/jpg/image_03286.jpg,image_03286.jpg,23.331708908081055
3286,/nas-ctm01/datasets/public/Oxford102Flowers/jpg/image_03287.jpg,image_03287.jpg,23.6174259185791
3287,/nas-ctm01/datasets/public/Oxford102Flowers/jpg/image_03288.jpg,image_03288.jpg,23.457351684570312
3288,/nas-ctm01/datasets/public/Oxford102Flowers/jpg/image_03289.jpg,image_03289.jpg,23.292268753051758
3289,/nas-ctm01/datasets/public/Oxford102Flowers/jpg/image_03290.jpg,image_03290.jpg,23.997507095336914
3290,/nas-ctm01/datasets/public/Oxford102Flowers/jpg/image_03291.jpg,image_03291.jpg,23.542978286743164
3291,/nas-ctm01/datasets/public/Oxford102Flowers/jpg/image_03292.jpg,image_03292.jpg,23.290552139282227
3292,/nas-ctm01/datasets/public/Oxford102Flowers/jpg/image_03293.jpg,image_03293.jpg,22.164186477661133
3293,/nas-ctm01/datasets/public/Oxford102Flowers/jpg/image_03294.jpg,image_03294.jpg,22.817955017089844
3294,/nas-ctm01/datasets/public/Oxford102Flowers/jpg/image_03295.jpg,image_03295.jpg,23.684967041015625
3295,/nas-ctm01/datasets/public/Oxford102Flowers/jpg/image_03296.jpg,image_03296.jpg,22.519906997680664
3296,/nas-ctm01/datasets/public/Oxford102Flowers/jpg/image_03297.jpg,image_03297.jpg,23.37078094482422
3297,/nas-ctm01/datasets/public/Oxford102Flowers/jpg/image_03298.jpg,image_03298.jpg,23.254247665405273
3298,/nas-ctm01/datasets/public/Oxford102Flowers/jpg/image_03299.jpg,image_03299.jpg,23.960119247436523
3299,/nas-ctm01/datasets/public/Oxford102Flowers/jpg/image_03300.jpg,image_03300.jpg,24.29399299621582
3300,/nas-ctm01/datasets/public/Oxford102Flowers/jpg/image_03301.jpg,image_03301.jpg,21.593334197998047
3301,/nas-ctm01/datasets/public/Oxford102Flowers/jpg/image_03302.jpg,image_03302.jpg,23.1621036529541
3302,/nas-ctm01/datasets/public/Oxford102Flowers/jpg/image_03303.jpg,image_03303.jpg,22.81502342224121
3303,/nas-ctm01/datasets/public/Oxford102Flowers/jpg/image_03304.jpg,image_03304.jpg,22.303987503051758
3304,/nas-ctm01/datasets/public/Oxford102Flowers/jpg/image_03305.jpg,image_03305.jpg,23.138309478759766
3305,/nas-ctm01/datasets/public/Oxford102Flowers/jpg/image_03306.jpg,image_03306.jpg,21.38898277282715
3306,/nas-ctm01/datasets/public/Oxford102Flowers/jpg/image_03307.jpg,image_03307.jpg,24.464763641357422
3307,/nas-ctm01/datasets/public/Oxford102Flowers/jpg/image_03308.jpg,image_03308.jpg,23.107587814331055
3308,/nas-ctm01/datasets/public/Oxford102Flowers/jpg/image_03309.jpg,image_03309.jpg,23.02979278564453
3309,/nas-ctm01/datasets/public/Oxford102Flowers/jpg/image_03310.jpg,image_03310.jpg,23.84710121154785
3310,/nas-ctm01/datasets/public/Oxford102Flowers/jpg/image_03311.jpg,image_03311.jpg,22.87697410583496
3311,/nas-ctm01/datasets/public/Oxford102Flowers/jpg/image_03312.jpg,image_03312.jpg,22.71673011779785
3312,/nas-ctm01/datasets/public/Oxford102Flowers/jpg/image_03313.jpg,image_03313.jpg,22.53006362915039
3313,/nas-ctm01/datasets/public/Oxford102Flowers/jpg/image_03314.jpg,image_03314.jpg,22.338367462158203
3314,/nas-ctm01/datasets/public/Oxford102Flowers/jpg/image_03315.jpg,image_03315.jpg,23.0388126373291
3315,/nas-ctm01/datasets/public/Oxford102Flowers/jpg/image_03316.jpg,image_03316.jpg,22.03530502319336
3316,/nas-ctm01/datasets/public/Oxford102Flowers/jpg/image_03317.jpg,image_03317.jpg,22.132902145385742
3317,/nas-ctm01/datasets/public/Oxford102Flowers/jpg/image_03318.jpg,image_03318.jpg,23.667924880981445
3318,/nas-ctm01/datasets/public/Oxford102Flowers/jpg/image_03319.jpg,image_03319.jpg,24.645387649536133
3319,/nas-ctm01/datasets/public/Oxford102Flowers/jpg/image_03320.jpg,image_03320.jpg,23.606822967529297
3320,/nas-ctm01/datasets/public/Oxford102Flowers/jpg/image_03321.jpg,image_03321.jpg,22.976036071777344
3321,/nas-ctm01/datasets/public/Oxford102Flowers/jpg/image_03322.jpg,image_03322.jpg,24.262182235717773
3322,/nas-ctm01/datasets/public/Oxford102Flowers/jpg/image_03323.jpg,image_03323.jpg,23.872648239135742
3323,/nas-ctm01/datasets/public/Oxford102Flowers/jpg/image_03324.jpg,image_03324.jpg,23.49567985534668
3324,/nas-ctm01/datasets/public/Oxford102Flowers/jpg/image_03325.jpg,image_03325.jpg,23.600805282592773
3325,/nas-ctm01/datasets/public/Oxford102Flowers/jpg/image_03326.jpg,image_03326.jpg,22.609363555908203
3326,/nas-ctm01/datasets/public/Oxford102Flowers/jpg/image_03327.jpg,image_03327.jpg,23.176605224609375
3327,/nas-ctm01/datasets/public/Oxford102Flowers/jpg/image_03328.jpg,image_03328.jpg,23.92458152770996
3328,/nas-ctm01/datasets/public/Oxford102Flowers/jpg/image_03329.jpg,image_03329.jpg,23.039371490478516
3329,/nas-ctm01/datasets/public/Oxford102Flowers/jpg/image_03330.jpg,image_03330.jpg,22.14767837524414
3330,/nas-ctm01/datasets/public/Oxford102Flowers/jpg/image_03331.jpg,image_03331.jpg,22.896183013916016
3331,/nas-ctm01/datasets/public/Oxford102Flowers/jpg/image_03332.jpg,image_03332.jpg,21.981889724731445
3332,/nas-ctm01/datasets/public/Oxford102Flowers/jpg/image_03333.jpg,image_03333.jpg,22.746488571166992
3333,/nas-ctm01/datasets/public/Oxford102Flowers/jpg/image_03334.jpg,image_03334.jpg,23.625890731811523
3334,/nas-ctm01/datasets/public/Oxford102Flowers/jpg/image_03335.jpg,image_03335.jpg,23.259122848510742
3335,/nas-ctm01/datasets/public/Oxford102Flowers/jpg/image_03336.jpg,image_03336.jpg,24.349285125732422
3336,/nas-ctm01/datasets/public/Oxford102Flowers/jpg/image_03337.jpg,image_03337.jpg,23.70414924621582
3337,/nas-ctm01/datasets/public/Oxford102Flowers/jpg/image_03338.jpg,image_03338.jpg,23.140960693359375
3338,/nas-ctm01/datasets/public/Oxford102Flowers/jpg/image_03339.jpg,image_03339.jpg,24.216445922851562
3339,/nas-ctm01/datasets/public/Oxford102Flowers/jpg/image_03340.jpg,image_03340.jpg,22.507984161376953
3340,/nas-ctm01/datasets/public/Oxford102Flowers/jpg/image_03341.jpg,image_03341.jpg,24.375598907470703
3341,/nas-ctm01/datasets/public/Oxford102Flowers/jpg/image_03342.jpg,image_03342.jpg,22.54196548461914
3342,/nas-ctm01/datasets/public/Oxford102Flowers/jpg/image_03343.jpg,image_03343.jpg,23.39697265625
3343,/nas-ctm01/datasets/public/Oxford102Flowers/jpg/image_03344.jpg,image_03344.jpg,22.725008010864258
3344,/nas-ctm01/datasets/public/Oxford102Flowers/jpg/image_03345.jpg,image_03345.jpg,23.12983512878418
3345,/nas-ctm01/datasets/public/Oxford102Flowers/jpg/image_03346.jpg,image_03346.jpg,22.64609146118164
3346,/nas-ctm01/datasets/public/Oxford102Flowers/jpg/image_03347.jpg,image_03347.jpg,23.457754135131836
3347,/nas-ctm01/datasets/public/Oxford102Flowers/jpg/image_03348.jpg,image_03348.jpg,23.153215408325195
3348,/nas-ctm01/datasets/public/Oxford102Flowers/jpg/image_03349.jpg,image_03349.jpg,22.71549415588379
3349,/nas-ctm01/datasets/public/Oxford102Flowers/jpg/image_03350.jpg,image_03350.jpg,20.976287841796875
3350,/nas-ctm01/datasets/public/Oxford102Flowers/jpg/image_03351.jpg,image_03351.jpg,23.604007720947266
3351,/nas-ctm01/datasets/public/Oxford102Flowers/jpg/image_03352.jpg,image_03352.jpg,23.5998477935791
3352,/nas-ctm01/datasets/public/Oxford102Flowers/jpg/image_03353.jpg,image_03353.jpg,22.598791122436523
3353,/nas-ctm01/datasets/public/Oxford102Flowers/jpg/image_03354.jpg,image_03354.jpg,23.3942928314209
3354,/nas-ctm01/datasets/public/Oxford102Flowers/jpg/image_03355.jpg,image_03355.jpg,23.669340133666992
3355,/nas-ctm01/datasets/public/Oxford102Flowers/jpg/image_03356.jpg,image_03356.jpg,23.265989303588867
3356,/nas-ctm01/datasets/public/Oxford102Flowers/jpg/image_03357.jpg,image_03357.jpg,23.19245147705078
3357,/nas-ctm01/datasets/public/Oxford102Flowers/jpg/image_03358.jpg,image_03358.jpg,22.940540313720703
3358,/nas-ctm01/datasets/public/Oxford102Flowers/jpg/image_03359.jpg,image_03359.jpg,23.335153579711914
3359,/nas-ctm01/datasets/public/Oxford102Flowers/jpg/image_03360.jpg,image_03360.jpg,24.31110191345215
3360,/nas-ctm01/datasets/public/Oxford102Flowers/jpg/image_03361.jpg,image_03361.jpg,23.02132797241211
3361,/nas-ctm01/datasets/public/Oxford102Flowers/jpg/image_03362.jpg,image_03362.jpg,24.03017234802246
3362,/nas-ctm01/datasets/public/Oxford102Flowers/jpg/image_03363.jpg,image_03363.jpg,23.692218780517578
3363,/nas-ctm01/datasets/public/Oxford102Flowers/jpg/image_03364.jpg,image_03364.jpg,23.321189880371094
3364,/nas-ctm01/datasets/public/Oxford102Flowers/jpg/image_03365.jpg,image_03365.jpg,23.763168334960938
3365,/nas-ctm01/datasets/public/Oxford102Flowers/jpg/image_03366.jpg,image_03366.jpg,23.178163528442383
3366,/nas-ctm01/datasets/public/Oxford102Flowers/jpg/image_03367.jpg,image_03367.jpg,22.605457305908203
3367,/nas-ctm01/datasets/public/Oxford102Flowers/jpg/image_03368.jpg,image_03368.jpg,23.43218994140625
3368,/nas-ctm01/datasets/public/Oxford102Flowers/jpg/image_03369.jpg,image_03369.jpg,20.707317352294922
3369,/nas-ctm01/datasets/public/Oxford102Flowers/jpg/image_03370.jpg,image_03370.jpg,20.892053604125977
3370,/nas-ctm01/datasets/public/Oxford102Flowers/jpg/image_03371.jpg,image_03371.jpg,21.314502716064453
3371,/nas-ctm01/datasets/public/Oxford102Flowers/jpg/image_03372.jpg,image_03372.jpg,20.57769203186035
3372,/nas-ctm01/datasets/public/Oxford102Flowers/jpg/image_03373.jpg,image_03373.jpg,20.882997512817383
3373,/nas-ctm01/datasets/public/Oxford102Flowers/jpg/image_03374.jpg,image_03374.jpg,21.072921752929688
3374,/nas-ctm01/datasets/public/Oxford102Flowers/jpg/image_03375.jpg,image_03375.jpg,20.916406631469727
3375,/nas-ctm01/datasets/public/Oxford102Flowers/jpg/image_03376.jpg,image_03376.jpg,21.711963653564453
3376,/nas-ctm01/datasets/public/Oxford102Flowers/jpg/image_03377.jpg,image_03377.jpg,21.000364303588867
3377,/nas-ctm01/datasets/public/Oxford102Flowers/jpg/image_03378.jpg,image_03378.jpg,20.769065856933594
3378,/nas-ctm01/datasets/public/Oxford102Flowers/jpg/image_03379.jpg,image_03379.jpg,20.680410385131836
3379,/nas-ctm01/datasets/public/Oxford102Flowers/jpg/image_03380.jpg,image_03380.jpg,20.9832820892334
3380,/nas-ctm01/datasets/public/Oxford102Flowers/jpg/image_03381.jpg,image_03381.jpg,21.505998611450195
3381,/nas-ctm01/datasets/public/Oxford102Flowers/jpg/image_03382.jpg,image_03382.jpg,20.62729835510254
3382,/nas-ctm01/datasets/public/Oxford102Flowers/jpg/image_03383.jpg,image_03383.jpg,21.651016235351562
3383,/nas-ctm01/datasets/public/Oxford102Flowers/jpg/image_03384.jpg,image_03384.jpg,20.71464729309082
3384,/nas-ctm01/datasets/public/Oxford102Flowers/jpg/image_03385.jpg,image_03385.jpg,20.496692657470703
3385,/nas-ctm01/datasets/public/Oxford102Flowers/jpg/image_03386.jpg,image_03386.jpg,20.77637481689453
3386,/nas-ctm01/datasets/public/Oxford102Flowers/jpg/image_03387.jpg,image_03387.jpg,20.456512451171875
3387,/nas-ctm01/datasets/public/Oxford102Flowers/jpg/image_03388.jpg,image_03388.jpg,20.719196319580078
3388,/nas-ctm01/datasets/public/Oxford102Flowers/jpg/image_03389.jpg,image_03389.jpg,20.55880355834961
3389,/nas-ctm01/datasets/public/Oxford102Flowers/jpg/image_03390.jpg,image_03390.jpg,21.37571907043457
3390,/nas-ctm01/datasets/public/Oxford102Flowers/jpg/image_03391.jpg,image_03391.jpg,21.07868766784668
3391,/nas-ctm01/datasets/public/Oxford102Flowers/jpg/image_03392.jpg,image_03392.jpg,21.08319664001465
3392,/nas-ctm01/datasets/public/Oxford102Flowers/jpg/image_03393.jpg,image_03393.jpg,20.886913299560547
3393,/nas-ctm01/datasets/public/Oxford102Flowers/jpg/image_03394.jpg,image_03394.jpg,21.488357543945312
3394,/nas-ctm01/datasets/public/Oxford102Flowers/jpg/image_03395.jpg,image_03395.jpg,20.23316764831543
3395,/nas-ctm01/datasets/public/Oxford102Flowers/jpg/image_03396.jpg,image_03396.jpg,20.62518310546875
3396,/nas-ctm01/datasets/public/Oxford102Flowers/jpg/image_03397.jpg,image_03397.jpg,21.13888168334961
3397,/nas-ctm01/datasets/public/Oxford102Flowers/jpg/image_03398.jpg,image_03398.jpg,20.637413024902344
3398,/nas-ctm01/datasets/public/Oxford102Flowers/jpg/image_03399.jpg,image_03399.jpg,21.268373489379883
3399,/nas-ctm01/datasets/public/Oxford102Flowers/jpg/image_03400.jpg,image_03400.jpg,21.220767974853516
3400,/nas-ctm01/datasets/public/Oxford102Flowers/jpg/image_03401.jpg,image_03401.jpg,21.202804565429688
3401,/nas-ctm01/datasets/public/Oxford102Flowers/jpg/image_03402.jpg,image_03402.jpg,20.236833572387695
3402,/nas-ctm01/datasets/public/Oxford102Flowers/jpg/image_03403.jpg,image_03403.jpg,21.169912338256836
3403,/nas-ctm01/datasets/public/Oxford102Flowers/jpg/image_03404.jpg,image_03404.jpg,20.932518005371094
3404,/nas-ctm01/datasets/public/Oxford102Flowers/jpg/image_03405.jpg,image_03405.jpg,20.71317481994629
3405,/nas-ctm01/datasets/public/Oxford102Flowers/jpg/image_03406.jpg,image_03406.jpg,21.126880645751953
3406,/nas-ctm01/datasets/public/Oxford102Flowers/jpg/image_03407.jpg,image_03407.jpg,20.84434700012207
3407,/nas-ctm01/datasets/public/Oxford102Flowers/jpg/image_03408.jpg,image_03408.jpg,21.198589324951172
3408,/nas-ctm01/datasets/public/Oxford102Flowers/jpg/image_03409.jpg,image_03409.jpg,21.586353302001953
3409,/nas-ctm01/datasets/public/Oxford102Flowers/jpg/image_03410.jpg,image_03410.jpg,21.473602294921875
3410,/nas-ctm01/datasets/public/Oxford102Flowers/jpg/image_03411.jpg,image_03411.jpg,20.646221160888672
3411,/nas-ctm01/datasets/public/Oxford102Flowers/jpg/image_03412.jpg,image_03412.jpg,20.811296463012695
3412,/nas-ctm01/datasets/public/Oxford102Flowers/jpg/image_03413.jpg,image_03413.jpg,21.117990493774414
3413,/nas-ctm01/datasets/public/Oxford102Flowers/jpg/image_03414.jpg,image_03414.jpg,21.38727378845215
3414,/nas-ctm01/datasets/public/Oxford102Flowers/jpg/image_03415.jpg,image_03415.jpg,21.34671401977539
3415,/nas-ctm01/datasets/public/Oxford102Flowers/jpg/image_03416.jpg,image_03416.jpg,20.950157165527344
3416,/nas-ctm01/datasets/public/Oxford102Flowers/jpg/image_03417.jpg,image_03417.jpg,21.02326774597168
3417,/nas-ctm01/datasets/public/Oxford102Flowers/jpg/image_03418.jpg,image_03418.jpg,21.685409545898438
3418,/nas-ctm01/datasets/public/Oxford102Flowers/jpg/image_03419.jpg,image_03419.jpg,20.70412826538086
3419,/nas-ctm01/datasets/public/Oxford102Flowers/jpg/image_03420.jpg,image_03420.jpg,21.118831634521484
3420,/nas-ctm01/datasets/public/Oxford102Flowers/jpg/image_03421.jpg,image_03421.jpg,20.919265747070312
3421,/nas-ctm01/datasets/public/Oxford102Flowers/jpg/image_03422.jpg,image_03422.jpg,20.83022689819336
3422,/nas-ctm01/datasets/public/Oxford102Flowers/jpg/image_03423.jpg,image_03423.jpg,20.8587589263916
3423,/nas-ctm01/datasets/public/Oxford102Flowers/jpg/image_03424.jpg,image_03424.jpg,21.215240478515625
3424,/nas-ctm01/datasets/public/Oxford102Flowers/jpg/image_03425.jpg,image_03425.jpg,21.608154296875
3425,/nas-ctm01/datasets/public/Oxford102Flowers/jpg/image_03426.jpg,image_03426.jpg,21.272932052612305
3426,/nas-ctm01/datasets/public/Oxford102Flowers/jpg/image_03427.jpg,image_03427.jpg,20.71367645263672
3427,/nas-ctm01/datasets/public/Oxford102Flowers/jpg/image_03428.jpg,image_03428.jpg,21.319124221801758
3428,/nas-ctm01/datasets/public/Oxford102Flowers/jpg/image_03429.jpg,image_03429.jpg,21.06037712097168
3429,/nas-ctm01/datasets/public/Oxford102Flowers/jpg/image_03430.jpg,image_03430.jpg,21.56897735595703
3430,/nas-ctm01/datasets/public/Oxford102Flowers/jpg/image_03431.jpg,image_03431.jpg,21.450132369995117
3431,/nas-ctm01/datasets/public/Oxford102Flowers/jpg/image_03432.jpg,image_03432.jpg,20.7481632232666
3432,/nas-ctm01/datasets/public/Oxford102Flowers/jpg/image_03433.jpg,image_03433.jpg,21.430601119995117
3433,/nas-ctm01/datasets/public/Oxford102Flowers/jpg/image_03434.jpg,image_03434.jpg,21.147777557373047
3434,/nas-ctm01/datasets/public/Oxford102Flowers/jpg/image_03435.jpg,image_03435.jpg,21.314987182617188
3435,/nas-ctm01/datasets/public/Oxford102Flowers/jpg/image_03436.jpg,image_03436.jpg,20.808664321899414
3436,/nas-ctm01/datasets/public/Oxford102Flowers/jpg/image_03437.jpg,image_03437.jpg,20.6767578125
3437,/nas-ctm01/datasets/public/Oxford102Flowers/jpg/image_03438.jpg,image_03438.jpg,21.241024017333984
3438,/nas-ctm01/datasets/public/Oxford102Flowers/jpg/image_03439.jpg,image_03439.jpg,20.53338050842285
3439,/nas-ctm01/datasets/public/Oxford102Flowers/jpg/image_03440.jpg,image_03440.jpg,20.87462615966797
3440,/nas-ctm01/datasets/public/Oxford102Flowers/jpg/image_03441.jpg,image_03441.jpg,20.848737716674805
3441,/nas-ctm01/datasets/public/Oxford102Flowers/jpg/image_03442.jpg,image_03442.jpg,20.571964263916016
3442,/nas-ctm01/datasets/public/Oxford102Flowers/jpg/image_03443.jpg,image_03443.jpg,20.359888076782227
3443,/nas-ctm01/datasets/public/Oxford102Flowers/jpg/image_03444.jpg,image_03444.jpg,21.134321212768555
3444,/nas-ctm01/datasets/public/Oxford102Flowers/jpg/image_03445.jpg,image_03445.jpg,21.8828125
3445,/nas-ctm01/datasets/public/Oxford102Flowers/jpg/image_03446.jpg,image_03446.jpg,21.443252563476562
3446,/nas-ctm01/datasets/public/Oxford102Flowers/jpg/image_03447.jpg,image_03447.jpg,21.01245880126953
3447,/nas-ctm01/datasets/public/Oxford102Flowers/jpg/image_03448.jpg,image_03448.jpg,21.357250213623047
3448,/nas-ctm01/datasets/public/Oxford102Flowers/jpg/image_03449.jpg,image_03449.jpg,20.954524993896484
3449,/nas-ctm01/datasets/public/Oxford102Flowers/jpg/image_03450.jpg,image_03450.jpg,20.492063522338867
3450,/nas-ctm01/datasets/public/Oxford102Flowers/jpg/image_03451.jpg,image_03451.jpg,20.796878814697266
3451,/nas-ctm01/datasets/public/Oxford102Flowers/jpg/image_03452.jpg,image_03452.jpg,21.34811019897461
3452,/nas-ctm01/datasets/public/Oxford102Flowers/jpg/image_03453.jpg,image_03453.jpg,21.18480110168457
3453,/nas-ctm01/datasets/public/Oxford102Flowers/jpg/image_03454.jpg,image_03454.jpg,21.042343139648438
3454,/nas-ctm01/datasets/public/Oxford102Flowers/jpg/image_03455.jpg,image_03455.jpg,21.52097511291504
3455,/nas-ctm01/datasets/public/Oxford102Flowers/jpg/image_03456.jpg,image_03456.jpg,21.49384880065918
3456,/nas-ctm01/datasets/public/Oxford102Flowers/jpg/image_03457.jpg,image_03457.jpg,21.349817276000977
3457,/nas-ctm01/datasets/public/Oxford102Flowers/jpg/image_03458.jpg,image_03458.jpg,20.724260330200195
3458,/nas-ctm01/datasets/public/Oxford102Flowers/jpg/image_03459.jpg,image_03459.jpg,21.505931854248047
3459,/nas-ctm01/datasets/public/Oxford102Flowers/jpg/image_03460.jpg,image_03460.jpg,21.542743682861328
3460,/nas-ctm01/datasets/public/Oxford102Flowers/jpg/image_03461.jpg,image_03461.jpg,22.47828483581543
3461,/nas-ctm01/datasets/public/Oxford102Flowers/jpg/image_03462.jpg,image_03462.jpg,23.067785263061523
3462,/nas-ctm01/datasets/public/Oxford102Flowers/jpg/image_03463.jpg,image_03463.jpg,22.802526473999023
3463,/nas-ctm01/datasets/public/Oxford102Flowers/jpg/image_03464.jpg,image_03464.jpg,22.666513442993164
3464,/nas-ctm01/datasets/public/Oxford102Flowers/jpg/image_03465.jpg,image_03465.jpg,21.49616813659668
3465,/nas-ctm01/datasets/public/Oxford102Flowers/jpg/image_03466.jpg,image_03466.jpg,21.40493392944336
3466,/nas-ctm01/datasets/public/Oxford102Flowers/jpg/image_03467.jpg,image_03467.jpg,22.858367919921875
3467,/nas-ctm01/datasets/public/Oxford102Flowers/jpg/image_03468.jpg,image_03468.jpg,21.726831436157227
3468,/nas-ctm01/datasets/public/Oxford102Flowers/jpg/image_03469.jpg,image_03469.jpg,22.46455192565918
3469,/nas-ctm01/datasets/public/Oxford102Flowers/jpg/image_03470.jpg,image_03470.jpg,20.648441314697266
3470,/nas-ctm01/datasets/public/Oxford102Flowers/jpg/image_03471.jpg,image_03471.jpg,22.338245391845703
3471,/nas-ctm01/datasets/public/Oxford102Flowers/jpg/image_03472.jpg,image_03472.jpg,21.683589935302734
3472,/nas-ctm01/datasets/public/Oxford102Flowers/jpg/image_03473.jpg,image_03473.jpg,21.237842559814453
3473,/nas-ctm01/datasets/public/Oxford102Flowers/jpg/image_03474.jpg,image_03474.jpg,21.837352752685547
3474,/nas-ctm01/datasets/public/Oxford102Flowers/jpg/image_03475.jpg,image_03475.jpg,22.160812377929688
3475,/nas-ctm01/datasets/public/Oxford102Flowers/jpg/image_03476.jpg,image_03476.jpg,22.871681213378906
3476,/nas-ctm01/datasets/public/Oxford102Flowers/jpg/image_03477.jpg,image_03477.jpg,22.26137351989746
3477,/nas-ctm01/datasets/public/Oxford102Flowers/jpg/image_03478.jpg,image_03478.jpg,22.587478637695312
3478,/nas-ctm01/datasets/public/Oxford102Flowers/jpg/image_03479.jpg,image_03479.jpg,21.32381248474121
3479,/nas-ctm01/datasets/public/Oxford102Flowers/jpg/image_03480.jpg,image_03480.jpg,22.856521606445312
3480,/nas-ctm01/datasets/public/Oxford102Flowers/jpg/image_03481.jpg,image_03481.jpg,22.920085906982422
3481,/nas-ctm01/datasets/public/Oxford102Flowers/jpg/image_03482.jpg,image_03482.jpg,23.245933532714844
3482,/nas-ctm01/datasets/public/Oxford102Flowers/jpg/image_03483.jpg,image_03483.jpg,22.793973922729492
3483,/nas-ctm01/datasets/public/Oxford102Flowers/jpg/image_03484.jpg,image_03484.jpg,21.991384506225586
3484,/nas-ctm01/datasets/public/Oxford102Flowers/jpg/image_03485.jpg,image_03485.jpg,21.79253578186035
3485,/nas-ctm01/datasets/public/Oxford102Flowers/jpg/image_03486.jpg,image_03486.jpg,22.300809860229492
3486,/nas-ctm01/datasets/public/Oxford102Flowers/jpg/image_03487.jpg,image_03487.jpg,23.21153450012207
3487,/nas-ctm01/datasets/public/Oxford102Flowers/jpg/image_03488.jpg,image_03488.jpg,21.435632705688477
3488,/nas-ctm01/datasets/public/Oxford102Flowers/jpg/image_03489.jpg,image_03489.jpg,22.587488174438477
3489,/nas-ctm01/datasets/public/Oxford102Flowers/jpg/image_03490.jpg,image_03490.jpg,22.415538787841797
3490,/nas-ctm01/datasets/public/Oxford102Flowers/jpg/image_03491.jpg,image_03491.jpg,21.051557540893555
3491,/nas-ctm01/datasets/public/Oxford102Flowers/jpg/image_03492.jpg,image_03492.jpg,22.533918380737305
3492,/nas-ctm01/datasets/public/Oxford102Flowers/jpg/image_03493.jpg,image_03493.jpg,21.642688751220703
3493,/nas-ctm01/datasets/public/Oxford102Flowers/jpg/image_03494.jpg,image_03494.jpg,21.448068618774414
3494,/nas-ctm01/datasets/public/Oxford102Flowers/jpg/image_03495.jpg,image_03495.jpg,21.57236099243164
3495,/nas-ctm01/datasets/public/Oxford102Flowers/jpg/image_03496.jpg,image_03496.jpg,22.064373016357422
3496,/nas-ctm01/datasets/public/Oxford102Flowers/jpg/image_03497.jpg,image_03497.jpg,21.728958129882812
3497,/nas-ctm01/datasets/public/Oxford102Flowers/jpg/image_03498.jpg,image_03498.jpg,22.330137252807617
3498,/nas-ctm01/datasets/public/Oxford102Flowers/jpg/image_03499.jpg,image_03499.jpg,21.563560485839844
3499,/nas-ctm01/datasets/public/Oxford102Flowers/jpg/image_03500.jpg,image_03500.jpg,22.101472854614258
3500,/nas-ctm01/datasets/public/Oxford102Flowers/jpg/image_03501.jpg,image_03501.jpg,21.66805648803711
3501,/nas-ctm01/datasets/public/Oxford102Flowers/jpg/image_03502.jpg,image_03502.jpg,22.08414649963379
3502,/nas-ctm01/datasets/public/Oxford102Flowers/jpg/image_03503.jpg,image_03503.jpg,22.20297622680664
3503,/nas-ctm01/datasets/public/Oxford102Flowers/jpg/image_03504.jpg,image_03504.jpg,21.606653213500977
3504,/nas-ctm01/datasets/public/Oxford102Flowers/jpg/image_03505.jpg,image_03505.jpg,22.18662452697754
3505,/nas-ctm01/datasets/public/Oxford102Flowers/jpg/image_03506.jpg,image_03506.jpg,21.770023345947266
3506,/nas-ctm01/datasets/public/Oxford102Flowers/jpg/image_03507.jpg,image_03507.jpg,21.471363067626953
3507,/nas-ctm01/datasets/public/Oxford102Flowers/jpg/image_03508.jpg,image_03508.jpg,21.609312057495117
3508,/nas-ctm01/datasets/public/Oxford102Flowers/jpg/image_03509.jpg,image_03509.jpg,21.441974639892578
3509,/nas-ctm01/datasets/public/Oxford102Flowers/jpg/image_03510.jpg,image_03510.jpg,22.119340896606445
3510,/nas-ctm01/datasets/public/Oxford102Flowers/jpg/image_03511.jpg,image_03511.jpg,21.508806228637695
3511,/nas-ctm01/datasets/public/Oxford102Flowers/jpg/image_03512.jpg,image_03512.jpg,21.56613540649414
3512,/nas-ctm01/datasets/public/Oxford102Flowers/jpg/image_03513.jpg,image_03513.jpg,21.53032112121582
3513,/nas-ctm01/datasets/public/Oxford102Flowers/jpg/image_03514.jpg,image_03514.jpg,22.643142700195312
3514,/nas-ctm01/datasets/public/Oxford102Flowers/jpg/image_03515.jpg,image_03515.jpg,21.968738555908203
3515,/nas-ctm01/datasets/public/Oxford102Flowers/jpg/image_03516.jpg,image_03516.jpg,21.871671676635742
3516,/nas-ctm01/datasets/public/Oxford102Flowers/jpg/image_03517.jpg,image_03517.jpg,22.4359188079834
3517,/nas-ctm01/datasets/public/Oxford102Flowers/jpg/image_03518.jpg,image_03518.jpg,22.842731475830078
3518,/nas-ctm01/datasets/public/Oxford102Flowers/jpg/image_03519.jpg,image_03519.jpg,22.26355743408203
3519,/nas-ctm01/datasets/public/Oxford102Flowers/jpg/image_03520.jpg,image_03520.jpg,22.823741912841797
3520,/nas-ctm01/datasets/public/Oxford102Flowers/jpg/image_03521.jpg,image_03521.jpg,22.457199096679688
3521,/nas-ctm01/datasets/public/Oxford102Flowers/jpg/image_03522.jpg,image_03522.jpg,22.76705551147461
3522,/nas-ctm01/datasets/public/Oxford102Flowers/jpg/image_03523.jpg,image_03523.jpg,22.45740509033203
3523,/nas-ctm01/datasets/public/Oxford102Flowers/jpg/image_03524.jpg,image_03524.jpg,22.51362419128418
3524,/nas-ctm01/datasets/public/Oxford102Flowers/jpg/image_03525.jpg,image_03525.jpg,22.610809326171875
3525,/nas-ctm01/datasets/public/Oxford102Flowers/jpg/image_03526.jpg,image_03526.jpg,22.67791748046875
3526,/nas-ctm01/datasets/public/Oxford102Flowers/jpg/image_03527.jpg,image_03527.jpg,21.791797637939453
3527,/nas-ctm01/datasets/public/Oxford102Flowers/jpg/image_03528.jpg,image_03528.jpg,22.351327896118164
3528,/nas-ctm01/datasets/public/Oxford102Flowers/jpg/image_03529.jpg,image_03529.jpg,21.739839553833008
3529,/nas-ctm01/datasets/public/Oxford102Flowers/jpg/image_03530.jpg,image_03530.jpg,21.224102020263672
3530,/nas-ctm01/datasets/public/Oxford102Flowers/jpg/image_03531.jpg,image_03531.jpg,21.981603622436523
3531,/nas-ctm01/datasets/public/Oxford102Flowers/jpg/image_03532.jpg,image_03532.jpg,21.87056541442871
3532,/nas-ctm01/datasets/public/Oxford102Flowers/jpg/image_03533.jpg,image_03533.jpg,20.973852157592773
3533,/nas-ctm01/datasets/public/Oxford102Flowers/jpg/image_03534.jpg,image_03534.jpg,21.167057037353516
3534,/nas-ctm01/datasets/public/Oxford102Flowers/jpg/image_03535.jpg,image_03535.jpg,20.60484504699707
3535,/nas-ctm01/datasets/public/Oxford102Flowers/jpg/image_03536.jpg,image_03536.jpg,22.246416091918945
3536,/nas-ctm01/datasets/public/Oxford102Flowers/jpg/image_03537.jpg,image_03537.jpg,22.498001098632812
3537,/nas-ctm01/datasets/public/Oxford102Flowers/jpg/image_03538.jpg,image_03538.jpg,22.463178634643555
3538,/nas-ctm01/datasets/public/Oxford102Flowers/jpg/image_03539.jpg,image_03539.jpg,22.17873191833496
3539,/nas-ctm01/datasets/public/Oxford102Flowers/jpg/image_03540.jpg,image_03540.jpg,22.18667221069336
3540,/nas-ctm01/datasets/public/Oxford102Flowers/jpg/image_03541.jpg,image_03541.jpg,21.703353881835938
3541,/nas-ctm01/datasets/public/Oxford102Flowers/jpg/image_03542.jpg,image_03542.jpg,21.181045532226562
3542,/nas-ctm01/datasets/public/Oxford102Flowers/jpg/image_03543.jpg,image_03543.jpg,21.677013397216797
3543,/nas-ctm01/datasets/public/Oxford102Flowers/jpg/image_03544.jpg,image_03544.jpg,22.04257583618164
3544,/nas-ctm01/datasets/public/Oxford102Flowers/jpg/image_03545.jpg,image_03545.jpg,22.10316276550293
3545,/nas-ctm01/datasets/public/Oxford102Flowers/jpg/image_03546.jpg,image_03546.jpg,22.048383712768555
3546,/nas-ctm01/datasets/public/Oxford102Flowers/jpg/image_03547.jpg,image_03547.jpg,22.679615020751953
3547,/nas-ctm01/datasets/public/Oxford102Flowers/jpg/image_03548.jpg,image_03548.jpg,22.874025344848633
3548,/nas-ctm01/datasets/public/Oxford102Flowers/jpg/image_03549.jpg,image_03549.jpg,22.60789680480957
3549,/nas-ctm01/datasets/public/Oxford102Flowers/jpg/image_03550.jpg,image_03550.jpg,22.107389450073242
3550,/nas-ctm01/datasets/public/Oxford102Flowers/jpg/image_03551.jpg,image_03551.jpg,21.833311080932617
3551,/nas-ctm01/datasets/public/Oxford102Flowers/jpg/image_03552.jpg,image_03552.jpg,22.597909927368164
3552,/nas-ctm01/datasets/public/Oxford102Flowers/jpg/image_03553.jpg,image_03553.jpg,22.103099822998047
3553,/nas-ctm01/datasets/public/Oxford102Flowers/jpg/image_03554.jpg,image_03554.jpg,21.69049835205078
3554,/nas-ctm01/datasets/public/Oxford102Flowers/jpg/image_03555.jpg,image_03555.jpg,22.74869155883789
3555,/nas-ctm01/datasets/public/Oxford102Flowers/jpg/image_03556.jpg,image_03556.jpg,22.988632202148438
3556,/nas-ctm01/datasets/public/Oxford102Flowers/jpg/image_03557.jpg,image_03557.jpg,21.94133186340332
3557,/nas-ctm01/datasets/public/Oxford102Flowers/jpg/image_03558.jpg,image_03558.jpg,22.17307472229004
3558,/nas-ctm01/datasets/public/Oxford102Flowers/jpg/image_03559.jpg,image_03559.jpg,22.19635581970215
3559,/nas-ctm01/datasets/public/Oxford102Flowers/jpg/image_03560.jpg,image_03560.jpg,22.766403198242188
3560,/nas-ctm01/datasets/public/Oxford102Flowers/jpg/image_03561.jpg,image_03561.jpg,22.339025497436523
3561,/nas-ctm01/datasets/public/Oxford102Flowers/jpg/image_03562.jpg,image_03562.jpg,22.436262130737305
3562,/nas-ctm01/datasets/public/Oxford102Flowers/jpg/image_03563.jpg,image_03563.jpg,22.431825637817383
3563,/nas-ctm01/datasets/public/Oxford102Flowers/jpg/image_03564.jpg,image_03564.jpg,22.664012908935547
3564,/nas-ctm01/datasets/public/Oxford102Flowers/jpg/image_03565.jpg,image_03565.jpg,22.873802185058594
3565,/nas-ctm01/datasets/public/Oxford102Flowers/jpg/image_03566.jpg,image_03566.jpg,22.865127563476562
3566,/nas-ctm01/datasets/public/Oxford102Flowers/jpg/image_03567.jpg,image_03567.jpg,22.63141632080078
3567,/nas-ctm01/datasets/public/Oxford102Flowers/jpg/image_03568.jpg,image_03568.jpg,22.55228614807129
3568,/nas-ctm01/datasets/public/Oxford102Flowers/jpg/image_03569.jpg,image_03569.jpg,22.508081436157227
3569,/nas-ctm01/datasets/public/Oxford102Flowers/jpg/image_03570.jpg,image_03570.jpg,21.541458129882812
3570,/nas-ctm01/datasets/public/Oxford102Flowers/jpg/image_03571.jpg,image_03571.jpg,22.560211181640625
3571,/nas-ctm01/datasets/public/Oxford102Flowers/jpg/image_03572.jpg,image_03572.jpg,21.936691284179688
3572,/nas-ctm01/datasets/public/Oxford102Flowers/jpg/image_03573.jpg,image_03573.jpg,22.54159164428711
3573,/nas-ctm01/datasets/public/Oxford102Flowers/jpg/image_03574.jpg,image_03574.jpg,22.16080665588379
3574,/nas-ctm01/datasets/public/Oxford102Flowers/jpg/image_03575.jpg,image_03575.jpg,22.24864959716797
3575,/nas-ctm01/datasets/public/Oxford102Flowers/jpg/image_03576.jpg,image_03576.jpg,22.90576171875
3576,/nas-ctm01/datasets/public/Oxford102Flowers/jpg/image_03577.jpg,image_03577.jpg,22.816646575927734
3577,/nas-ctm01/datasets/public/Oxford102Flowers/jpg/image_03578.jpg,image_03578.jpg,22.245573043823242
3578,/nas-ctm01/datasets/public/Oxford102Flowers/jpg/image_03579.jpg,image_03579.jpg,22.637405395507812
3579,/nas-ctm01/datasets/public/Oxford102Flowers/jpg/image_03580.jpg,image_03580.jpg,21.03595542907715
3580,/nas-ctm01/datasets/public/Oxford102Flowers/jpg/image_03581.jpg,image_03581.jpg,21.397926330566406
3581,/nas-ctm01/datasets/public/Oxford102Flowers/jpg/image_03582.jpg,image_03582.jpg,21.993501663208008
3582,/nas-ctm01/datasets/public/Oxford102Flowers/jpg/image_03583.jpg,image_03583.jpg,22.92201805114746
3583,/nas-ctm01/datasets/public/Oxford102Flowers/jpg/image_03584.jpg,image_03584.jpg,22.168916702270508
3584,/nas-ctm01/datasets/public/Oxford102Flowers/jpg/image_03585.jpg,image_03585.jpg,21.340654373168945
3585,/nas-ctm01/datasets/public/Oxford102Flowers/jpg/image_03586.jpg,image_03586.jpg,22.408109664916992
3586,/nas-ctm01/datasets/public/Oxford102Flowers/jpg/image_03587.jpg,image_03587.jpg,22.880346298217773
3587,/nas-ctm01/datasets/public/Oxford102Flowers/jpg/image_03588.jpg,image_03588.jpg,22.611083984375
3588,/nas-ctm01/datasets/public/Oxford102Flowers/jpg/image_03589.jpg,image_03589.jpg,22.9434871673584
3589,/nas-ctm01/datasets/public/Oxford102Flowers/jpg/image_03590.jpg,image_03590.jpg,22.367155075073242
3590,/nas-ctm01/datasets/public/Oxford102Flowers/jpg/image_03591.jpg,image_03591.jpg,22.541122436523438
3591,/nas-ctm01/datasets/public/Oxford102Flowers/jpg/image_03592.jpg,image_03592.jpg,21.814674377441406
3592,/nas-ctm01/datasets/public/Oxford102Flowers/jpg/image_03593.jpg,image_03593.jpg,22.122406005859375
3593,/nas-ctm01/datasets/public/Oxford102Flowers/jpg/image_03594.jpg,image_03594.jpg,22.03141212463379
3594,/nas-ctm01/datasets/public/Oxford102Flowers/jpg/image_03595.jpg,image_03595.jpg,22.516239166259766
3595,/nas-ctm01/datasets/public/Oxford102Flowers/jpg/image_03596.jpg,image_03596.jpg,23.00199317932129
3596,/nas-ctm01/datasets/public/Oxford102Flowers/jpg/image_03597.jpg,image_03597.jpg,22.15106964111328
3597,/nas-ctm01/datasets/public/Oxford102Flowers/jpg/image_03598.jpg,image_03598.jpg,22.872953414916992
3598,/nas-ctm01/datasets/public/Oxford102Flowers/jpg/image_03599.jpg,image_03599.jpg,22.72165298461914
3599,/nas-ctm01/datasets/public/Oxford102Flowers/jpg/image_03600.jpg,image_03600.jpg,22.705402374267578
3600,/nas-ctm01/datasets/public/Oxford102Flowers/jpg/image_03601.jpg,image_03601.jpg,21.673250198364258
3601,/nas-ctm01/datasets/public/Oxford102Flowers/jpg/image_03602.jpg,image_03602.jpg,21.755420684814453
3602,/nas-ctm01/datasets/public/Oxford102Flowers/jpg/image_03603.jpg,image_03603.jpg,22.67634391784668
3603,/nas-ctm01/datasets/public/Oxford102Flowers/jpg/image_03604.jpg,image_03604.jpg,22.040573120117188
3604,/nas-ctm01/datasets/public/Oxford102Flowers/jpg/image_03605.jpg,image_03605.jpg,23.183073043823242
3605,/nas-ctm01/datasets/public/Oxford102Flowers/jpg/image_03606.jpg,image_03606.jpg,22.458288192749023
3606,/nas-ctm01/datasets/public/Oxford102Flowers/jpg/image_03607.jpg,image_03607.jpg,21.865577697753906
3607,/nas-ctm01/datasets/public/Oxford102Flowers/jpg/image_03608.jpg,image_03608.jpg,22.338335037231445
3608,/nas-ctm01/datasets/public/Oxford102Flowers/jpg/image_03609.jpg,image_03609.jpg,22.509523391723633
3609,/nas-ctm01/datasets/public/Oxford102Flowers/jpg/image_03610.jpg,image_03610.jpg,22.256467819213867
3610,/nas-ctm01/datasets/public/Oxford102Flowers/jpg/image_03611.jpg,image_03611.jpg,22.509653091430664
3611,/nas-ctm01/datasets/public/Oxford102Flowers/jpg/image_03612.jpg,image_03612.jpg,22.203248977661133
3612,/nas-ctm01/datasets/public/Oxford102Flowers/jpg/image_03613.jpg,image_03613.jpg,22.34568214416504
3613,/nas-ctm01/datasets/public/Oxford102Flowers/jpg/image_03614.jpg,image_03614.jpg,22.36640739440918
3614,/nas-ctm01/datasets/public/Oxford102Flowers/jpg/image_03615.jpg,image_03615.jpg,22.396926879882812
3615,/nas-ctm01/datasets/public/Oxford102Flowers/jpg/image_03616.jpg,image_03616.jpg,22.34633445739746
3616,/nas-ctm01/datasets/public/Oxford102Flowers/jpg/image_03617.jpg,image_03617.jpg,22.489044189453125
3617,/nas-ctm01/datasets/public/Oxford102Flowers/jpg/image_03618.jpg,image_03618.jpg,21.772199630737305
3618,/nas-ctm01/datasets/public/Oxford102Flowers/jpg/image_03619.jpg,image_03619.jpg,22.10334014892578
3619,/nas-ctm01/datasets/public/Oxford102Flowers/jpg/image_03620.jpg,image_03620.jpg,22.949247360229492
3620,/nas-ctm01/datasets/public/Oxford102Flowers/jpg/image_03621.jpg,image_03621.jpg,22.035423278808594
3621,/nas-ctm01/datasets/public/Oxford102Flowers/jpg/image_03622.jpg,image_03622.jpg,21.512802124023438
3622,/nas-ctm01/datasets/public/Oxford102Flowers/jpg/image_03623.jpg,image_03623.jpg,22.039514541625977
3623,/nas-ctm01/datasets/public/Oxford102Flowers/jpg/image_03624.jpg,image_03624.jpg,22.636760711669922
3624,/nas-ctm01/datasets/public/Oxford102Flowers/jpg/image_03625.jpg,image_03625.jpg,21.95881462097168
3625,/nas-ctm01/datasets/public/Oxford102Flowers/jpg/image_03626.jpg,image_03626.jpg,21.586856842041016
3626,/nas-ctm01/datasets/public/Oxford102Flowers/jpg/image_03627.jpg,image_03627.jpg,22.437477111816406
3627,/nas-ctm01/datasets/public/Oxford102Flowers/jpg/image_03628.jpg,image_03628.jpg,20.71989631652832
3628,/nas-ctm01/datasets/public/Oxford102Flowers/jpg/image_03629.jpg,image_03629.jpg,22.212322235107422
3629,/nas-ctm01/datasets/public/Oxford102Flowers/jpg/image_03630.jpg,image_03630.jpg,21.06109619140625
3630,/nas-ctm01/datasets/public/Oxford102Flowers/jpg/image_03631.jpg,image_03631.jpg,22.468097686767578
3631,/nas-ctm01/datasets/public/Oxford102Flowers/jpg/image_03632.jpg,image_03632.jpg,22.287967681884766
3632,/nas-ctm01/datasets/public/Oxford102Flowers/jpg/image_03633.jpg,image_03633.jpg,22.14072036743164
3633,/nas-ctm01/datasets/public/Oxford102Flowers/jpg/image_03634.jpg,image_03634.jpg,22.289785385131836
3634,/nas-ctm01/datasets/public/Oxford102Flowers/jpg/image_03635.jpg,image_03635.jpg,22.613332748413086
3635,/nas-ctm01/datasets/public/Oxford102Flowers/jpg/image_03636.jpg,image_03636.jpg,22.793115615844727
3636,/nas-ctm01/datasets/public/Oxford102Flowers/jpg/image_03637.jpg,image_03637.jpg,22.102540969848633
3637,/nas-ctm01/datasets/public/Oxford102Flowers/jpg/image_03638.jpg,image_03638.jpg,23.041828155517578
3638,/nas-ctm01/datasets/public/Oxford102Flowers/jpg/image_03639.jpg,image_03639.jpg,22.037063598632812
3639,/nas-ctm01/datasets/public/Oxford102Flowers/jpg/image_03640.jpg,image_03640.jpg,22.36406135559082
3640,/nas-ctm01/datasets/public/Oxford102Flowers/jpg/image_03641.jpg,image_03641.jpg,21.740314483642578
3641,/nas-ctm01/datasets/public/Oxford102Flowers/jpg/image_03642.jpg,image_03642.jpg,21.571447372436523
3642,/nas-ctm01/datasets/public/Oxford102Flowers/jpg/image_03643.jpg,image_03643.jpg,21.230182647705078
3643,/nas-ctm01/datasets/public/Oxford102Flowers/jpg/image_03644.jpg,image_03644.jpg,20.831275939941406
3644,/nas-ctm01/datasets/public/Oxford102Flowers/jpg/image_03645.jpg,image_03645.jpg,20.52647590637207
3645,/nas-ctm01/datasets/public/Oxford102Flowers/jpg/image_03646.jpg,image_03646.jpg,21.16411590576172
3646,/nas-ctm01/datasets/public/Oxford102Flowers/jpg/image_03647.jpg,image_03647.jpg,20.71070671081543
3647,/nas-ctm01/datasets/public/Oxford102Flowers/jpg/image_03648.jpg,image_03648.jpg,21.828044891357422
3648,/nas-ctm01/datasets/public/Oxford102Flowers/jpg/image_03649.jpg,image_03649.jpg,21.048748016357422
3649,/nas-ctm01/datasets/public/Oxford102Flowers/jpg/image_03650.jpg,image_03650.jpg,21.403079986572266
3650,/nas-ctm01/datasets/public/Oxford102Flowers/jpg/image_03651.jpg,image_03651.jpg,21.681724548339844
3651,/nas-ctm01/datasets/public/Oxford102Flowers/jpg/image_03652.jpg,image_03652.jpg,21.40238380432129
3652,/nas-ctm01/datasets/public/Oxford102Flowers/jpg/image_03653.jpg,image_03653.jpg,21.262067794799805
3653,/nas-ctm01/datasets/public/Oxford102Flowers/jpg/image_03654.jpg,image_03654.jpg,20.74444580078125
3654,/nas-ctm01/datasets/public/Oxford102Flowers/jpg/image_03655.jpg,image_03655.jpg,21.039405822753906
3655,/nas-ctm01/datasets/public/Oxford102Flowers/jpg/image_03656.jpg,image_03656.jpg,20.89580535888672
3656,/nas-ctm01/datasets/public/Oxford102Flowers/jpg/image_03657.jpg,image_03657.jpg,22.212413787841797
3657,/nas-ctm01/datasets/public/Oxford102Flowers/jpg/image_03658.jpg,image_03658.jpg,21.317073822021484
3658,/nas-ctm01/datasets/public/Oxford102Flowers/jpg/image_03659.jpg,image_03659.jpg,21.313777923583984
3659,/nas-ctm01/datasets/public/Oxford102Flowers/jpg/image_03660.jpg,image_03660.jpg,21.807823181152344
3660,/nas-ctm01/datasets/public/Oxford102Flowers/jpg/image_03661.jpg,image_03661.jpg,21.046964645385742
3661,/nas-ctm01/datasets/public/Oxford102Flowers/jpg/image_03662.jpg,image_03662.jpg,20.452821731567383
3662,/nas-ctm01/datasets/public/Oxford102Flowers/jpg/image_03663.jpg,image_03663.jpg,20.183338165283203
3663,/nas-ctm01/datasets/public/Oxford102Flowers/jpg/image_03664.jpg,image_03664.jpg,21.327470779418945
3664,/nas-ctm01/datasets/public/Oxford102Flowers/jpg/image_03665.jpg,image_03665.jpg,21.715564727783203
3665,/nas-ctm01/datasets/public/Oxford102Flowers/jpg/image_03666.jpg,image_03666.jpg,20.836074829101562
3666,/nas-ctm01/datasets/public/Oxford102Flowers/jpg/image_03667.jpg,image_03667.jpg,21.29033851623535
3667,/nas-ctm01/datasets/public/Oxford102Flowers/jpg/image_03668.jpg,image_03668.jpg,21.451414108276367
3668,/nas-ctm01/datasets/public/Oxford102Flowers/jpg/image_03669.jpg,image_03669.jpg,20.788219451904297
3669,/nas-ctm01/datasets/public/Oxford102Flowers/jpg/image_03670.jpg,image_03670.jpg,20.58891487121582
3670,/nas-ctm01/datasets/public/Oxford102Flowers/jpg/image_03671.jpg,image_03671.jpg,21.946426391601562
3671,/nas-ctm01/datasets/public/Oxford102Flowers/jpg/image_03672.jpg,image_03672.jpg,21.673513412475586
3672,/nas-ctm01/datasets/public/Oxford102Flowers/jpg/image_03673.jpg,image_03673.jpg,22.085067749023438
3673,/nas-ctm01/datasets/public/Oxford102Flowers/jpg/image_03674.jpg,image_03674.jpg,21.14545440673828
3674,/nas-ctm01/datasets/public/Oxford102Flowers/jpg/image_03675.jpg,image_03675.jpg,21.099092483520508
3675,/nas-ctm01/datasets/public/Oxford102Flowers/jpg/image_03676.jpg,image_03676.jpg,21.675342559814453
3676,/nas-ctm01/datasets/public/Oxford102Flowers/jpg/image_03677.jpg,image_03677.jpg,21.194992065429688
3677,/nas-ctm01/datasets/public/Oxford102Flowers/jpg/image_03678.jpg,image_03678.jpg,22.2528018951416
3678,/nas-ctm01/datasets/public/Oxford102Flowers/jpg/image_03679.jpg,image_03679.jpg,21.20054817199707
3679,/nas-ctm01/datasets/public/Oxford102Flowers/jpg/image_03680.jpg,image_03680.jpg,21.777694702148438
3680,/nas-ctm01/datasets/public/Oxford102Flowers/jpg/image_03681.jpg,image_03681.jpg,22.66399383544922
3681,/nas-ctm01/datasets/public/Oxford102Flowers/jpg/image_03682.jpg,image_03682.jpg,20.719011306762695
3682,/nas-ctm01/datasets/public/Oxford102Flowers/jpg/image_03683.jpg,image_03683.jpg,20.6026668548584
3683,/nas-ctm01/datasets/public/Oxford102Flowers/jpg/image_03684.jpg,image_03684.jpg,20.875680923461914
3684,/nas-ctm01/datasets/public/Oxford102Flowers/jpg/image_03685.jpg,image_03685.jpg,20.919416427612305
3685,/nas-ctm01/datasets/public/Oxford102Flowers/jpg/image_03686.jpg,image_03686.jpg,21.33924102783203
3686,/nas-ctm01/datasets/public/Oxford102Flowers/jpg/image_03687.jpg,image_03687.jpg,22.17520523071289
3687,/nas-ctm01/datasets/public/Oxford102Flowers/jpg/image_03688.jpg,image_03688.jpg,21.409446716308594
3688,/nas-ctm01/datasets/public/Oxford102Flowers/jpg/image_03689.jpg,image_03689.jpg,21.830305099487305
3689,/nas-ctm01/datasets/public/Oxford102Flowers/jpg/image_03690.jpg,image_03690.jpg,21.615264892578125
3690,/nas-ctm01/datasets/public/Oxford102Flowers/jpg/image_03691.jpg,image_03691.jpg,21.24800682067871
3691,/nas-ctm01/datasets/public/Oxford102Flowers/jpg/image_03692.jpg,image_03692.jpg,21.07183837890625
3692,/nas-ctm01/datasets/public/Oxford102Flowers/jpg/image_03693.jpg,image_03693.jpg,21.522798538208008
3693,/nas-ctm01/datasets/public/Oxford102Flowers/jpg/image_03694.jpg,image_03694.jpg,21.453792572021484
3694,/nas-ctm01/datasets/public/Oxford102Flowers/jpg/image_03695.jpg,image_03695.jpg,21.63566017150879
3695,/nas-ctm01/datasets/public/Oxford102Flowers/jpg/image_03696.jpg,image_03696.jpg,20.776805877685547
3696,/nas-ctm01/datasets/public/Oxford102Flowers/jpg/image_03697.jpg,image_03697.jpg,21.11039924621582
3697,/nas-ctm01/datasets/public/Oxford102Flowers/jpg/image_03698.jpg,image_03698.jpg,21.378448486328125
3698,/nas-ctm01/datasets/public/Oxford102Flowers/jpg/image_03699.jpg,image_03699.jpg,21.45659065246582
3699,/nas-ctm01/datasets/public/Oxford102Flowers/jpg/image_03700.jpg,image_03700.jpg,21.119922637939453
3700,/nas-ctm01/datasets/public/Oxford102Flowers/jpg/image_03701.jpg,image_03701.jpg,22.20604705810547
3701,/nas-ctm01/datasets/public/Oxford102Flowers/jpg/image_03702.jpg,image_03702.jpg,21.730899810791016
3702,/nas-ctm01/datasets/public/Oxford102Flowers/jpg/image_03703.jpg,image_03703.jpg,20.744571685791016
3703,/nas-ctm01/datasets/public/Oxford102Flowers/jpg/image_03704.jpg,image_03704.jpg,21.333751678466797
3704,/nas-ctm01/datasets/public/Oxford102Flowers/jpg/image_03705.jpg,image_03705.jpg,21.770200729370117
3705,/nas-ctm01/datasets/public/Oxford102Flowers/jpg/image_03706.jpg,image_03706.jpg,22.11358642578125
3706,/nas-ctm01/datasets/public/Oxford102Flowers/jpg/image_03707.jpg,image_03707.jpg,20.61749267578125
3707,/nas-ctm01/datasets/public/Oxford102Flowers/jpg/image_03708.jpg,image_03708.jpg,21.755422592163086
3708,/nas-ctm01/datasets/public/Oxford102Flowers/jpg/image_03709.jpg,image_03709.jpg,21.55094337463379
3709,/nas-ctm01/datasets/public/Oxford102Flowers/jpg/image_03710.jpg,image_03710.jpg,20.64512825012207
3710,/nas-ctm01/datasets/public/Oxford102Flowers/jpg/image_03711.jpg,image_03711.jpg,20.92879295349121
3711,/nas-ctm01/datasets/public/Oxford102Flowers/jpg/image_03712.jpg,image_03712.jpg,21.44499969482422
3712,/nas-ctm01/datasets/public/Oxford102Flowers/jpg/image_03713.jpg,image_03713.jpg,21.63514518737793
3713,/nas-ctm01/datasets/public/Oxford102Flowers/jpg/image_03714.jpg,image_03714.jpg,21.76848602294922
3714,/nas-ctm01/datasets/public/Oxford102Flowers/jpg/image_03715.jpg,image_03715.jpg,22.1751766204834
3715,/nas-ctm01/datasets/public/Oxford102Flowers/jpg/image_03716.jpg,image_03716.jpg,20.346874237060547
3716,/nas-ctm01/datasets/public/Oxford102Flowers/jpg/image_03717.jpg,image_03717.jpg,21.609432220458984
3717,/nas-ctm01/datasets/public/Oxford102Flowers/jpg/image_03718.jpg,image_03718.jpg,22.1763973236084
3718,/nas-ctm01/datasets/public/Oxford102Flowers/jpg/image_03719.jpg,image_03719.jpg,21.768156051635742
3719,/nas-ctm01/datasets/public/Oxford102Flowers/jpg/image_03720.jpg,image_03720.jpg,21.241451263427734
3720,/nas-ctm01/datasets/public/Oxford102Flowers/jpg/image_03721.jpg,image_03721.jpg,21.49485206604004
3721,/nas-ctm01/datasets/public/Oxford102Flowers/jpg/image_03722.jpg,image_03722.jpg,20.786725997924805
3722,/nas-ctm01/datasets/public/Oxford102Flowers/jpg/image_03723.jpg,image_03723.jpg,22.097627639770508
3723,/nas-ctm01/datasets/public/Oxford102Flowers/jpg/image_03724.jpg,image_03724.jpg,22.503015518188477
3724,/nas-ctm01/datasets/public/Oxford102Flowers/jpg/image_03725.jpg,image_03725.jpg,22.058122634887695
3725,/nas-ctm01/datasets/public/Oxford102Flowers/jpg/image_03726.jpg,image_03726.jpg,20.835941314697266
3726,/nas-ctm01/datasets/public/Oxford102Flowers/jpg/image_03727.jpg,image_03727.jpg,21.44867706298828
3727,/nas-ctm01/datasets/public/Oxford102Flowers/jpg/image_03728.jpg,image_03728.jpg,21.40699577331543
3728,/nas-ctm01/datasets/public/Oxford102Flowers/jpg/image_03729.jpg,image_03729.jpg,20.72010040283203
3729,/nas-ctm01/datasets/public/Oxford102Flowers/jpg/image_03730.jpg,image_03730.jpg,21.187387466430664
3730,/nas-ctm01/datasets/public/Oxford102Flowers/jpg/image_03731.jpg,image_03731.jpg,21.99642562866211
3731,/nas-ctm01/datasets/public/Oxford102Flowers/jpg/image_03732.jpg,image_03732.jpg,22.10877799987793
3732,/nas-ctm01/datasets/public/Oxford102Flowers/jpg/image_03733.jpg,image_03733.jpg,21.656192779541016
3733,/nas-ctm01/datasets/public/Oxford102Flowers/jpg/image_03734.jpg,image_03734.jpg,21.444393157958984
3734,/nas-ctm01/datasets/public/Oxford102Flowers/jpg/image_03735.jpg,image_03735.jpg,20.828672409057617
3735,/nas-ctm01/datasets/public/Oxford102Flowers/jpg/image_03736.jpg,image_03736.jpg,21.102201461791992
3736,/nas-ctm01/datasets/public/Oxford102Flowers/jpg/image_03737.jpg,image_03737.jpg,21.244361877441406
3737,/nas-ctm01/datasets/public/Oxford102Flowers/jpg/image_03738.jpg,image_03738.jpg,20.551244735717773
3738,/nas-ctm01/datasets/public/Oxford102Flowers/jpg/image_03739.jpg,image_03739.jpg,20.987590789794922
3739,/nas-ctm01/datasets/public/Oxford102Flowers/jpg/image_03740.jpg,image_03740.jpg,20.58810043334961
3740,/nas-ctm01/datasets/public/Oxford102Flowers/jpg/image_03741.jpg,image_03741.jpg,20.96820068359375
3741,/nas-ctm01/datasets/public/Oxford102Flowers/jpg/image_03742.jpg,image_03742.jpg,20.872034072875977
3742,/nas-ctm01/datasets/public/Oxford102Flowers/jpg/image_03743.jpg,image_03743.jpg,20.985502243041992
3743,/nas-ctm01/datasets/public/Oxford102Flowers/jpg/image_03744.jpg,image_03744.jpg,20.515260696411133
3744,/nas-ctm01/datasets/public/Oxford102Flowers/jpg/image_03745.jpg,image_03745.jpg,20.910198211669922
3745,/nas-ctm01/datasets/public/Oxford102Flowers/jpg/image_03746.jpg,image_03746.jpg,20.6536922454834
3746,/nas-ctm01/datasets/public/Oxford102Flowers/jpg/image_03747.jpg,image_03747.jpg,20.96026611328125
3747,/nas-ctm01/datasets/public/Oxford102Flowers/jpg/image_03748.jpg,image_03748.jpg,20.773290634155273
3748,/nas-ctm01/datasets/public/Oxford102Flowers/jpg/image_03749.jpg,image_03749.jpg,20.29129981994629
3749,/nas-ctm01/datasets/public/Oxford102Flowers/jpg/image_03750.jpg,image_03750.jpg,20.716053009033203
3750,/nas-ctm01/datasets/public/Oxford102Flowers/jpg/image_03751.jpg,image_03751.jpg,20.4736270904541
3751,/nas-ctm01/datasets/public/Oxford102Flowers/jpg/image_03752.jpg,image_03752.jpg,20.859783172607422
3752,/nas-ctm01/datasets/public/Oxford102Flowers/jpg/image_03753.jpg,image_03753.jpg,20.585554122924805
3753,/nas-ctm01/datasets/public/Oxford102Flowers/jpg/image_03754.jpg,image_03754.jpg,20.364078521728516
3754,/nas-ctm01/datasets/public/Oxford102Flowers/jpg/image_03755.jpg,image_03755.jpg,20.88942527770996
3755,/nas-ctm01/datasets/public/Oxford102Flowers/jpg/image_03756.jpg,image_03756.jpg,21.240581512451172
3756,/nas-ctm01/datasets/public/Oxford102Flowers/jpg/image_03757.jpg,image_03757.jpg,20.478185653686523
3757,/nas-ctm01/datasets/public/Oxford102Flowers/jpg/image_03758.jpg,image_03758.jpg,20.88638687133789
3758,/nas-ctm01/datasets/public/Oxford102Flowers/jpg/image_03759.jpg,image_03759.jpg,20.581363677978516
3759,/nas-ctm01/datasets/public/Oxford102Flowers/jpg/image_03760.jpg,image_03760.jpg,20.68973731994629
3760,/nas-ctm01/datasets/public/Oxford102Flowers/jpg/image_03761.jpg,image_03761.jpg,20.571781158447266
3761,/nas-ctm01/datasets/public/Oxford102Flowers/jpg/image_03762.jpg,image_03762.jpg,20.9261474609375
3762,/nas-ctm01/datasets/public/Oxford102Flowers/jpg/image_03763.jpg,image_03763.jpg,20.762582778930664
3763,/nas-ctm01/datasets/public/Oxford102Flowers/jpg/image_03764.jpg,image_03764.jpg,20.59320831298828
3764,/nas-ctm01/datasets/public/Oxford102Flowers/jpg/image_03765.jpg,image_03765.jpg,20.761104583740234
3765,/nas-ctm01/datasets/public/Oxford102Flowers/jpg/image_03766.jpg,image_03766.jpg,21.02245330810547
3766,/nas-ctm01/datasets/public/Oxford102Flowers/jpg/image_03767.jpg,image_03767.jpg,20.622241973876953
3767,/nas-ctm01/datasets/public/Oxford102Flowers/jpg/image_03768.jpg,image_03768.jpg,20.455717086791992
3768,/nas-ctm01/datasets/public/Oxford102Flowers/jpg/image_03769.jpg,image_03769.jpg,20.78880500793457
3769,/nas-ctm01/datasets/public/Oxford102Flowers/jpg/image_03770.jpg,image_03770.jpg,20.772809982299805
3770,/nas-ctm01/datasets/public/Oxford102Flowers/jpg/image_03771.jpg,image_03771.jpg,20.418262481689453
3771,/nas-ctm01/datasets/public/Oxford102Flowers/jpg/image_03772.jpg,image_03772.jpg,20.596967697143555
3772,/nas-ctm01/datasets/public/Oxford102Flowers/jpg/image_03773.jpg,image_03773.jpg,21.163551330566406
3773,/nas-ctm01/datasets/public/Oxford102Flowers/jpg/image_03774.jpg,image_03774.jpg,20.739744186401367
3774,/nas-ctm01/datasets/public/Oxford102Flowers/jpg/image_03775.jpg,image_03775.jpg,20.549400329589844
3775,/nas-ctm01/datasets/public/Oxford102Flowers/jpg/image_03776.jpg,image_03776.jpg,20.901512145996094
3776,/nas-ctm01/datasets/public/Oxford102Flowers/jpg/image_03777.jpg,image_03777.jpg,20.26443099975586
3777,/nas-ctm01/datasets/public/Oxford102Flowers/jpg/image_03778.jpg,image_03778.jpg,20.888629913330078
3778,/nas-ctm01/datasets/public/Oxford102Flowers/jpg/image_03779.jpg,image_03779.jpg,20.439348220825195
3779,/nas-ctm01/datasets/public/Oxford102Flowers/jpg/image_03780.jpg,image_03780.jpg,20.40448760986328
3780,/nas-ctm01/datasets/public/Oxford102Flowers/jpg/image_03781.jpg,image_03781.jpg,20.5040340423584
3781,/nas-ctm01/datasets/public/Oxford102Flowers/jpg/image_03782.jpg,image_03782.jpg,20.830930709838867
3782,/nas-ctm01/datasets/public/Oxford102Flowers/jpg/image_03783.jpg,image_03783.jpg,21.272789001464844
3783,/nas-ctm01/datasets/public/Oxford102Flowers/jpg/image_03784.jpg,image_03784.jpg,20.684955596923828
3784,/nas-ctm01/datasets/public/Oxford102Flowers/jpg/image_03785.jpg,image_03785.jpg,20.933422088623047
3785,/nas-ctm01/datasets/public/Oxford102Flowers/jpg/image_03786.jpg,image_03786.jpg,20.466371536254883
3786,/nas-ctm01/datasets/public/Oxford102Flowers/jpg/image_03787.jpg,image_03787.jpg,20.293298721313477
3787,/nas-ctm01/datasets/public/Oxford102Flowers/jpg/image_03788.jpg,image_03788.jpg,21.026735305786133
3788,/nas-ctm01/datasets/public/Oxford102Flowers/jpg/image_03789.jpg,image_03789.jpg,20.400543212890625
3789,/nas-ctm01/datasets/public/Oxford102Flowers/jpg/image_03790.jpg,image_03790.jpg,20.89803695678711
3790,/nas-ctm01/datasets/public/Oxford102Flowers/jpg/image_03791.jpg,image_03791.jpg,20.812395095825195
3791,/nas-ctm01/datasets/public/Oxford102Flowers/jpg/image_03792.jpg,image_03792.jpg,20.861419677734375
3792,/nas-ctm01/datasets/public/Oxford102Flowers/jpg/image_03793.jpg,image_03793.jpg,20.798118591308594
3793,/nas-ctm01/datasets/public/Oxford102Flowers/jpg/image_03794.jpg,image_03794.jpg,21.052757263183594
3794,/nas-ctm01/datasets/public/Oxford102Flowers/jpg/image_03795.jpg,image_03795.jpg,21.184871673583984
3795,/nas-ctm01/datasets/public/Oxford102Flowers/jpg/image_03796.jpg,image_03796.jpg,20.809078216552734
3796,/nas-ctm01/datasets/public/Oxford102Flowers/jpg/image_03797.jpg,image_03797.jpg,21.040721893310547
3797,/nas-ctm01/datasets/public/Oxford102Flowers/jpg/image_03798.jpg,image_03798.jpg,21.493804931640625
3798,/nas-ctm01/datasets/public/Oxford102Flowers/jpg/image_03799.jpg,image_03799.jpg,20.376304626464844
3799,/nas-ctm01/datasets/public/Oxford102Flowers/jpg/image_03800.jpg,image_03800.jpg,21.07925796508789
3800,/nas-ctm01/datasets/public/Oxford102Flowers/jpg/image_03801.jpg,image_03801.jpg,20.94142723083496
3801,/nas-ctm01/datasets/public/Oxford102Flowers/jpg/image_03802.jpg,image_03802.jpg,21.293426513671875
3802,/nas-ctm01/datasets/public/Oxford102Flowers/jpg/image_03803.jpg,image_03803.jpg,20.817787170410156
3803,/nas-ctm01/datasets/public/Oxford102Flowers/jpg/image_03804.jpg,image_03804.jpg,20.470521926879883
3804,/nas-ctm01/datasets/public/Oxford102Flowers/jpg/image_03805.jpg,image_03805.jpg,21.45254898071289
3805,/nas-ctm01/datasets/public/Oxford102Flowers/jpg/image_03806.jpg,image_03806.jpg,21.322345733642578
3806,/nas-ctm01/datasets/public/Oxford102Flowers/jpg/image_03807.jpg,image_03807.jpg,20.766307830810547
3807,/nas-ctm01/datasets/public/Oxford102Flowers/jpg/image_03808.jpg,image_03808.jpg,20.85788917541504
3808,/nas-ctm01/datasets/public/Oxford102Flowers/jpg/image_03809.jpg,image_03809.jpg,20.573598861694336
3809,/nas-ctm01/datasets/public/Oxford102Flowers/jpg/image_03810.jpg,image_03810.jpg,21.236555099487305
3810,/nas-ctm01/datasets/public/Oxford102Flowers/jpg/image_03811.jpg,image_03811.jpg,20.791059494018555
3811,/nas-ctm01/datasets/public/Oxford102Flowers/jpg/image_03812.jpg,image_03812.jpg,20.748882293701172
3812,/nas-ctm01/datasets/public/Oxford102Flowers/jpg/image_03813.jpg,image_03813.jpg,20.482444763183594
3813,/nas-ctm01/datasets/public/Oxford102Flowers/jpg/image_03814.jpg,image_03814.jpg,20.650556564331055
3814,/nas-ctm01/datasets/public/Oxford102Flowers/jpg/image_03815.jpg,image_03815.jpg,21.173667907714844
3815,/nas-ctm01/datasets/public/Oxford102Flowers/jpg/image_03816.jpg,image_03816.jpg,20.82192611694336
3816,/nas-ctm01/datasets/public/Oxford102Flowers/jpg/image_03817.jpg,image_03817.jpg,20.397184371948242
3817,/nas-ctm01/datasets/public/Oxford102Flowers/jpg/image_03818.jpg,image_03818.jpg,20.82659149169922
3818,/nas-ctm01/datasets/public/Oxford102Flowers/jpg/image_03819.jpg,image_03819.jpg,21.08409309387207
3819,/nas-ctm01/datasets/public/Oxford102Flowers/jpg/image_03820.jpg,image_03820.jpg,21.04598617553711
3820,/nas-ctm01/datasets/public/Oxford102Flowers/jpg/image_03821.jpg,image_03821.jpg,20.766565322875977
3821,/nas-ctm01/datasets/public/Oxford102Flowers/jpg/image_03822.jpg,image_03822.jpg,20.465078353881836
3822,/nas-ctm01/datasets/public/Oxford102Flowers/jpg/image_03823.jpg,image_03823.jpg,20.619009017944336
3823,/nas-ctm01/datasets/public/Oxford102Flowers/jpg/image_03824.jpg,image_03824.jpg,20.6429386138916
3824,/nas-ctm01/datasets/public/Oxford102Flowers/jpg/image_03825.jpg,image_03825.jpg,20.774734497070312
3825,/nas-ctm01/datasets/public/Oxford102Flowers/jpg/image_03826.jpg,image_03826.jpg,20.443954467773438
3826,/nas-ctm01/datasets/public/Oxford102Flowers/jpg/image_03827.jpg,image_03827.jpg,20.420177459716797
3827,/nas-ctm01/datasets/public/Oxford102Flowers/jpg/image_03828.jpg,image_03828.jpg,23.32082176208496
3828,/nas-ctm01/datasets/public/Oxford102Flowers/jpg/image_03829.jpg,image_03829.jpg,23.786481857299805
3829,/nas-ctm01/datasets/public/Oxford102Flowers/jpg/image_03830.jpg,image_03830.jpg,23.880130767822266
3830,/nas-ctm01/datasets/public/Oxford102Flowers/jpg/image_03831.jpg,image_03831.jpg,23.72465705871582
3831,/nas-ctm01/datasets/public/Oxford102Flowers/jpg/image_03832.jpg,image_03832.jpg,23.607177734375
3832,/nas-ctm01/datasets/public/Oxford102Flowers/jpg/image_03833.jpg,image_03833.jpg,24.072280883789062
3833,/nas-ctm01/datasets/public/Oxford102Flowers/jpg/image_03834.jpg,image_03834.jpg,25.197599411010742
3834,/nas-ctm01/datasets/public/Oxford102Flowers/jpg/image_03835.jpg,image_03835.jpg,24.112150192260742
3835,/nas-ctm01/datasets/public/Oxford102Flowers/jpg/image_03836.jpg,image_03836.jpg,22.191160202026367
3836,/nas-ctm01/datasets/public/Oxford102Flowers/jpg/image_03837.jpg,image_03837.jpg,24.423364639282227
3837,/nas-ctm01/datasets/public/Oxford102Flowers/jpg/image_03838.jpg,image_03838.jpg,24.013349533081055
3838,/nas-ctm01/datasets/public/Oxford102Flowers/jpg/image_03839.jpg,image_03839.jpg,24.742694854736328
3839,/nas-ctm01/datasets/public/Oxford102Flowers/jpg/image_03840.jpg,image_03840.jpg,24.22583770751953
3840,/nas-ctm01/datasets/public/Oxford102Flowers/jpg/image_03841.jpg,image_03841.jpg,24.80906867980957
3841,/nas-ctm01/datasets/public/Oxford102Flowers/jpg/image_03842.jpg,image_03842.jpg,23.072025299072266
3842,/nas-ctm01/datasets/public/Oxford102Flowers/jpg/image_03843.jpg,image_03843.jpg,24.225391387939453
3843,/nas-ctm01/datasets/public/Oxford102Flowers/jpg/image_03844.jpg,image_03844.jpg,23.1578426361084
3844,/nas-ctm01/datasets/public/Oxford102Flowers/jpg/image_03845.jpg,image_03845.jpg,23.071653366088867
3845,/nas-ctm01/datasets/public/Oxford102Flowers/jpg/image_03846.jpg,image_03846.jpg,21.525327682495117
3846,/nas-ctm01/datasets/public/Oxford102Flowers/jpg/image_03847.jpg,image_03847.jpg,23.838993072509766
3847,/nas-ctm01/datasets/public/Oxford102Flowers/jpg/image_03848.jpg,image_03848.jpg,22.21681022644043
3848,/nas-ctm01/datasets/public/Oxford102Flowers/jpg/image_03849.jpg,image_03849.jpg,24.097890853881836
3849,/nas-ctm01/datasets/public/Oxford102Flowers/jpg/image_03850.jpg,image_03850.jpg,23.692411422729492
3850,/nas-ctm01/datasets/public/Oxford102Flowers/jpg/image_03851.jpg,image_03851.jpg,24.217178344726562
3851,/nas-ctm01/datasets/public/Oxford102Flowers/jpg/image_03852.jpg,image_03852.jpg,24.097332000732422
3852,/nas-ctm01/datasets/public/Oxford102Flowers/jpg/image_03853.jpg,image_03853.jpg,21.04421615600586
3853,/nas-ctm01/datasets/public/Oxford102Flowers/jpg/image_03854.jpg,image_03854.jpg,24.258724212646484
3854,/nas-ctm01/datasets/public/Oxford102Flowers/jpg/image_03855.jpg,image_03855.jpg,22.80706214904785
3855,/nas-ctm01/datasets/public/Oxford102Flowers/jpg/image_03856.jpg,image_03856.jpg,24.00697898864746
3856,/nas-ctm01/datasets/public/Oxford102Flowers/jpg/image_03857.jpg,image_03857.jpg,22.14078140258789
3857,/nas-ctm01/datasets/public/Oxford102Flowers/jpg/image_03858.jpg,image_03858.jpg,23.983009338378906
3858,/nas-ctm01/datasets/public/Oxford102Flowers/jpg/image_03859.jpg,image_03859.jpg,24.17999839782715
3859,/nas-ctm01/datasets/public/Oxford102Flowers/jpg/image_03860.jpg,image_03860.jpg,23.671667098999023
3860,/nas-ctm01/datasets/public/Oxford102Flowers/jpg/image_03861.jpg,image_03861.jpg,23.83574867248535
3861,/nas-ctm01/datasets/public/Oxford102Flowers/jpg/image_03862.jpg,image_03862.jpg,24.232614517211914
3862,/nas-ctm01/datasets/public/Oxford102Flowers/jpg/image_03863.jpg,image_03863.jpg,24.54865264892578
3863,/nas-ctm01/datasets/public/Oxford102Flowers/jpg/image_03864.jpg,image_03864.jpg,23.943889617919922
3864,/nas-ctm01/datasets/public/Oxford102Flowers/jpg/image_03865.jpg,image_03865.jpg,23.60333251953125
3865,/nas-ctm01/datasets/public/Oxford102Flowers/jpg/image_03866.jpg,image_03866.jpg,24.28670310974121
3866,/nas-ctm01/datasets/public/Oxford102Flowers/jpg/image_03867.jpg,image_03867.jpg,24.061233520507812
3867,/nas-ctm01/datasets/public/Oxford102Flowers/jpg/image_03868.jpg,image_03868.jpg,24.417314529418945
3868,/nas-ctm01/datasets/public/Oxford102Flowers/jpg/image_03869.jpg,image_03869.jpg,24.35916519165039
3869,/nas-ctm01/datasets/public/Oxford102Flowers/jpg/image_03870.jpg,image_03870.jpg,23.390384674072266
3870,/nas-ctm01/datasets/public/Oxford102Flowers/jpg/image_03871.jpg,image_03871.jpg,23.451696395874023
3871,/nas-ctm01/datasets/public/Oxford102Flowers/jpg/image_03872.jpg,image_03872.jpg,23.847862243652344
3872,/nas-ctm01/datasets/public/Oxford102Flowers/jpg/image_03873.jpg,image_03873.jpg,24.60738754272461
3873,/nas-ctm01/datasets/public/Oxford102Flowers/jpg/image_03874.jpg,image_03874.jpg,24.529680252075195
3874,/nas-ctm01/datasets/public/Oxford102Flowers/jpg/image_03875.jpg,image_03875.jpg,23.311412811279297
3875,/nas-ctm01/datasets/public/Oxford102Flowers/jpg/image_03876.jpg,image_03876.jpg,24.540904998779297
3876,/nas-ctm01/datasets/public/Oxford102Flowers/jpg/image_03877.jpg,image_03877.jpg,23.547653198242188
3877,/nas-ctm01/datasets/public/Oxford102Flowers/jpg/image_03878.jpg,image_03878.jpg,23.910654067993164
3878,/nas-ctm01/datasets/public/Oxford102Flowers/jpg/image_03879.jpg,image_03879.jpg,24.037431716918945
3879,/nas-ctm01/datasets/public/Oxford102Flowers/jpg/image_03880.jpg,image_03880.jpg,22.7777042388916
3880,/nas-ctm01/datasets/public/Oxford102Flowers/jpg/image_03881.jpg,image_03881.jpg,24.00784683227539
3881,/nas-ctm01/datasets/public/Oxford102Flowers/jpg/image_03882.jpg,image_03882.jpg,23.054216384887695
3882,/nas-ctm01/datasets/public/Oxford102Flowers/jpg/image_03883.jpg,image_03883.jpg,24.43185043334961
3883,/nas-ctm01/datasets/public/Oxford102Flowers/jpg/image_03884.jpg,image_03884.jpg,23.70172119140625
3884,/nas-ctm01/datasets/public/Oxford102Flowers/jpg/image_03885.jpg,image_03885.jpg,24.521194458007812
3885,/nas-ctm01/datasets/public/Oxford102Flowers/jpg/image_03886.jpg,image_03886.jpg,23.18698501586914
3886,/nas-ctm01/datasets/public/Oxford102Flowers/jpg/image_03887.jpg,image_03887.jpg,24.477521896362305
3887,/nas-ctm01/datasets/public/Oxford102Flowers/jpg/image_03888.jpg,image_03888.jpg,24.54764747619629
3888,/nas-ctm01/datasets/public/Oxford102Flowers/jpg/image_03889.jpg,image_03889.jpg,24.352298736572266
3889,/nas-ctm01/datasets/public/Oxford102Flowers/jpg/image_03890.jpg,image_03890.jpg,24.436025619506836
3890,/nas-ctm01/datasets/public/Oxford102Flowers/jpg/image_03891.jpg,image_03891.jpg,23.058982849121094
3891,/nas-ctm01/datasets/public/Oxford102Flowers/jpg/image_03892.jpg,image_03892.jpg,24.00636863708496
3892,/nas-ctm01/datasets/public/Oxford102Flowers/jpg/image_03893.jpg,image_03893.jpg,24.31389808654785
3893,/nas-ctm01/datasets/public/Oxford102Flowers/jpg/image_03894.jpg,image_03894.jpg,23.488412857055664
3894,/nas-ctm01/datasets/public/Oxford102Flowers/jpg/image_03895.jpg,image_03895.jpg,22.711578369140625
3895,/nas-ctm01/datasets/public/Oxford102Flowers/jpg/image_03896.jpg,image_03896.jpg,24.15308952331543
3896,/nas-ctm01/datasets/public/Oxford102Flowers/jpg/image_03897.jpg,image_03897.jpg,23.93574333190918
3897,/nas-ctm01/datasets/public/Oxford102Flowers/jpg/image_03898.jpg,image_03898.jpg,23.998003005981445
3898,/nas-ctm01/datasets/public/Oxford102Flowers/jpg/image_03899.jpg,image_03899.jpg,25.1804256439209
3899,/nas-ctm01/datasets/public/Oxford102Flowers/jpg/image_03900.jpg,image_03900.jpg,23.587921142578125
3900,/nas-ctm01/datasets/public/Oxford102Flowers/jpg/image_03901.jpg,image_03901.jpg,24.966968536376953
3901,/nas-ctm01/datasets/public/Oxford102Flowers/jpg/image_03902.jpg,image_03902.jpg,23.56157875061035
3902,/nas-ctm01/datasets/public/Oxford102Flowers/jpg/image_03903.jpg,image_03903.jpg,24.13455581665039
3903,/nas-ctm01/datasets/public/Oxford102Flowers/jpg/image_03904.jpg,image_03904.jpg,23.6361083984375
3904,/nas-ctm01/datasets/public/Oxford102Flowers/jpg/image_03905.jpg,image_03905.jpg,23.616418838500977
3905,/nas-ctm01/datasets/public/Oxford102Flowers/jpg/image_03906.jpg,image_03906.jpg,23.698575973510742
3906,/nas-ctm01/datasets/public/Oxford102Flowers/jpg/image_03907.jpg,image_03907.jpg,23.548959732055664
3907,/nas-ctm01/datasets/public/Oxford102Flowers/jpg/image_03908.jpg,image_03908.jpg,22.569887161254883
3908,/nas-ctm01/datasets/public/Oxford102Flowers/jpg/image_03909.jpg,image_03909.jpg,24.063953399658203
3909,/nas-ctm01/datasets/public/Oxford102Flowers/jpg/image_03910.jpg,image_03910.jpg,24.32791519165039
3910,/nas-ctm01/datasets/public/Oxford102Flowers/jpg/image_03911.jpg,image_03911.jpg,24.218889236450195
3911,/nas-ctm01/datasets/public/Oxford102Flowers/jpg/image_03912.jpg,image_03912.jpg,22.343740463256836
3912,/nas-ctm01/datasets/public/Oxford102Flowers/jpg/image_03913.jpg,image_03913.jpg,22.563547134399414
3913,/nas-ctm01/datasets/public/Oxford102Flowers/jpg/image_03914.jpg,image_03914.jpg,21.669757843017578
3914,/nas-ctm01/datasets/public/Oxford102Flowers/jpg/image_03915.jpg,image_03915.jpg,21.350690841674805
3915,/nas-ctm01/datasets/public/Oxford102Flowers/jpg/image_03916.jpg,image_03916.jpg,21.37450408935547
3916,/nas-ctm01/datasets/public/Oxford102Flowers/jpg/image_03917.jpg,image_03917.jpg,22.42690086364746
3917,/nas-ctm01/datasets/public/Oxford102Flowers/jpg/image_03918.jpg,image_03918.jpg,22.981958389282227
3918,/nas-ctm01/datasets/public/Oxford102Flowers/jpg/image_03919.jpg,image_03919.jpg,22.382360458374023
3919,/nas-ctm01/datasets/public/Oxford102Flowers/jpg/image_03920.jpg,image_03920.jpg,21.781301498413086
3920,/nas-ctm01/datasets/public/Oxford102Flowers/jpg/image_03921.jpg,image_03921.jpg,21.622041702270508
3921,/nas-ctm01/datasets/public/Oxford102Flowers/jpg/image_03922.jpg,image_03922.jpg,22.483266830444336
3922,/nas-ctm01/datasets/public/Oxford102Flowers/jpg/image_03923.jpg,image_03923.jpg,21.231529235839844
3923,/nas-ctm01/datasets/public/Oxford102Flowers/jpg/image_03924.jpg,image_03924.jpg,22.49742889404297
3924,/nas-ctm01/datasets/public/Oxford102Flowers/jpg/image_03925.jpg,image_03925.jpg,22.040063858032227
3925,/nas-ctm01/datasets/public/Oxford102Flowers/jpg/image_03926.jpg,image_03926.jpg,21.014476776123047
3926,/nas-ctm01/datasets/public/Oxford102Flowers/jpg/image_03927.jpg,image_03927.jpg,20.70209312438965
3927,/nas-ctm01/datasets/public/Oxford102Flowers/jpg/image_03928.jpg,image_03928.jpg,21.47213363647461
3928,/nas-ctm01/datasets/public/Oxford102Flowers/jpg/image_03929.jpg,image_03929.jpg,21.772197723388672
3929,/nas-ctm01/datasets/public/Oxford102Flowers/jpg/image_03930.jpg,image_03930.jpg,21.970773696899414
3930,/nas-ctm01/datasets/public/Oxford102Flowers/jpg/image_03931.jpg,image_03931.jpg,21.728731155395508
3931,/nas-ctm01/datasets/public/Oxford102Flowers/jpg/image_03932.jpg,image_03932.jpg,21.82889175415039
3932,/nas-ctm01/datasets/public/Oxford102Flowers/jpg/image_03933.jpg,image_03933.jpg,21.709007263183594
3933,/nas-ctm01/datasets/public/Oxford102Flowers/jpg/image_03934.jpg,image_03934.jpg,22.526676177978516
3934,/nas-ctm01/datasets/public/Oxford102Flowers/jpg/image_03935.jpg,image_03935.jpg,21.421035766601562
3935,/nas-ctm01/datasets/public/Oxford102Flowers/jpg/image_03936.jpg,image_03936.jpg,22.072769165039062
3936,/nas-ctm01/datasets/public/Oxford102Flowers/jpg/image_03937.jpg,image_03937.jpg,22.6180419921875
3937,/nas-ctm01/datasets/public/Oxford102Flowers/jpg/image_03938.jpg,image_03938.jpg,22.832664489746094
3938,/nas-ctm01/datasets/public/Oxford102Flowers/jpg/image_03939.jpg,image_03939.jpg,21.99060821533203
3939,/nas-ctm01/datasets/public/Oxford102Flowers/jpg/image_03940.jpg,image_03940.jpg,22.531208038330078
3940,/nas-ctm01/datasets/public/Oxford102Flowers/jpg/image_03941.jpg,image_03941.jpg,21.79555892944336
3941,/nas-ctm01/datasets/public/Oxford102Flowers/jpg/image_03942.jpg,image_03942.jpg,21.018239974975586
3942,/nas-ctm01/datasets/public/Oxford102Flowers/jpg/image_03943.jpg,image_03943.jpg,22.050798416137695
3943,/nas-ctm01/datasets/public/Oxford102Flowers/jpg/image_03944.jpg,image_03944.jpg,22.358966827392578
3944,/nas-ctm01/datasets/public/Oxford102Flowers/jpg/image_03945.jpg,image_03945.jpg,22.221885681152344
3945,/nas-ctm01/datasets/public/Oxford102Flowers/jpg/image_03946.jpg,image_03946.jpg,21.316606521606445
3946,/nas-ctm01/datasets/public/Oxford102Flowers/jpg/image_03947.jpg,image_03947.jpg,21.09942626953125
3947,/nas-ctm01/datasets/public/Oxford102Flowers/jpg/image_03948.jpg,image_03948.jpg,21.08984375
3948,/nas-ctm01/datasets/public/Oxford102Flowers/jpg/image_03949.jpg,image_03949.jpg,22.279903411865234
3949,/nas-ctm01/datasets/public/Oxford102Flowers/jpg/image_03950.jpg,image_03950.jpg,22.230714797973633
3950,/nas-ctm01/datasets/public/Oxford102Flowers/jpg/image_03951.jpg,image_03951.jpg,20.696849822998047
3951,/nas-ctm01/datasets/public/Oxford102Flowers/jpg/image_03952.jpg,image_03952.jpg,22.044536590576172
3952,/nas-ctm01/datasets/public/Oxford102Flowers/jpg/image_03953.jpg,image_03953.jpg,21.991254806518555
3953,/nas-ctm01/datasets/public/Oxford102Flowers/jpg/image_03954.jpg,image_03954.jpg,21.28340721130371
3954,/nas-ctm01/datasets/public/Oxford102Flowers/jpg/image_03955.jpg,image_03955.jpg,22.672061920166016
3955,/nas-ctm01/datasets/public/Oxford102Flowers/jpg/image_03956.jpg,image_03956.jpg,22.24566650390625
3956,/nas-ctm01/datasets/public/Oxford102Flowers/jpg/image_03957.jpg,image_03957.jpg,20.982709884643555
3957,/nas-ctm01/datasets/public/Oxford102Flowers/jpg/image_03958.jpg,image_03958.jpg,21.448301315307617
3958,/nas-ctm01/datasets/public/Oxford102Flowers/jpg/image_03959.jpg,image_03959.jpg,22.537500381469727
3959,/nas-ctm01/datasets/public/Oxford102Flowers/jpg/image_03960.jpg,image_03960.jpg,21.14905548095703
3960,/nas-ctm01/datasets/public/Oxford102Flowers/jpg/image_03961.jpg,image_03961.jpg,20.84018898010254
3961,/nas-ctm01/datasets/public/Oxford102Flowers/jpg/image_03962.jpg,image_03962.jpg,21.967487335205078
3962,/nas-ctm01/datasets/public/Oxford102Flowers/jpg/image_03963.jpg,image_03963.jpg,21.323413848876953
3963,/nas-ctm01/datasets/public/Oxford102Flowers/jpg/image_03964.jpg,image_03964.jpg,21.333106994628906
3964,/nas-ctm01/datasets/public/Oxford102Flowers/jpg/image_03965.jpg,image_03965.jpg,21.148435592651367
3965,/nas-ctm01/datasets/public/Oxford102Flowers/jpg/image_03966.jpg,image_03966.jpg,22.149898529052734
3966,/nas-ctm01/datasets/public/Oxford102Flowers/jpg/image_03967.jpg,image_03967.jpg,22.11060333251953
3967,/nas-ctm01/datasets/public/Oxford102Flowers/jpg/image_03968.jpg,image_03968.jpg,21.22675132751465
3968,/nas-ctm01/datasets/public/Oxford102Flowers/jpg/image_03969.jpg,image_03969.jpg,22.39629364013672
3969,/nas-ctm01/datasets/public/Oxford102Flowers/jpg/image_03970.jpg,image_03970.jpg,21.581789016723633
3970,/nas-ctm01/datasets/public/Oxford102Flowers/jpg/image_03971.jpg,image_03971.jpg,22.70265769958496
3971,/nas-ctm01/datasets/public/Oxford102Flowers/jpg/image_03972.jpg,image_03972.jpg,20.919963836669922
3972,/nas-ctm01/datasets/public/Oxford102Flowers/jpg/image_03973.jpg,image_03973.jpg,21.823047637939453
3973,/nas-ctm01/datasets/public/Oxford102Flowers/jpg/image_03974.jpg,image_03974.jpg,22.51152992248535
3974,/nas-ctm01/datasets/public/Oxford102Flowers/jpg/image_03975.jpg,image_03975.jpg,20.80440330505371
3975,/nas-ctm01/datasets/public/Oxford102Flowers/jpg/image_03976.jpg,image_03976.jpg,22.18365478515625
3976,/nas-ctm01/datasets/public/Oxford102Flowers/jpg/image_03977.jpg,image_03977.jpg,21.858659744262695
3977,/nas-ctm01/datasets/public/Oxford102Flowers/jpg/image_03978.jpg,image_03978.jpg,22.347436904907227
3978,/nas-ctm01/datasets/public/Oxford102Flowers/jpg/image_03979.jpg,image_03979.jpg,22.58857536315918
3979,/nas-ctm01/datasets/public/Oxford102Flowers/jpg/image_03980.jpg,image_03980.jpg,21.809476852416992
3980,/nas-ctm01/datasets/public/Oxford102Flowers/jpg/image_03981.jpg,image_03981.jpg,21.841365814208984
3981,/nas-ctm01/datasets/public/Oxford102Flowers/jpg/image_03982.jpg,image_03982.jpg,21.032426834106445
3982,/nas-ctm01/datasets/public/Oxford102Flowers/jpg/image_03983.jpg,image_03983.jpg,22.470417022705078
3983,/nas-ctm01/datasets/public/Oxford102Flowers/jpg/image_03984.jpg,image_03984.jpg,22.151187896728516
3984,/nas-ctm01/datasets/public/Oxford102Flowers/jpg/image_03985.jpg,image_03985.jpg,22.241405487060547
3985,/nas-ctm01/datasets/public/Oxford102Flowers/jpg/image_03986.jpg,image_03986.jpg,20.797788619995117
3986,/nas-ctm01/datasets/public/Oxford102Flowers/jpg/image_03987.jpg,image_03987.jpg,21.922515869140625
3987,/nas-ctm01/datasets/public/Oxford102Flowers/jpg/image_03988.jpg,image_03988.jpg,21.85022735595703
3988,/nas-ctm01/datasets/public/Oxford102Flowers/jpg/image_03989.jpg,image_03989.jpg,21.328433990478516
3989,/nas-ctm01/datasets/public/Oxford102Flowers/jpg/image_03990.jpg,image_03990.jpg,21.848974227905273
3990,/nas-ctm01/datasets/public/Oxford102Flowers/jpg/image_03991.jpg,image_03991.jpg,22.284849166870117
3991,/nas-ctm01/datasets/public/Oxford102Flowers/jpg/image_03992.jpg,image_03992.jpg,22.213773727416992
3992,/nas-ctm01/datasets/public/Oxford102Flowers/jpg/image_03993.jpg,image_03993.jpg,20.78770637512207
3993,/nas-ctm01/datasets/public/Oxford102Flowers/jpg/image_03994.jpg,image_03994.jpg,22.90902328491211
3994,/nas-ctm01/datasets/public/Oxford102Flowers/jpg/image_03995.jpg,image_03995.jpg,21.951824188232422
3995,/nas-ctm01/datasets/public/Oxford102Flowers/jpg/image_03996.jpg,image_03996.jpg,20.731609344482422
3996,/nas-ctm01/datasets/public/Oxford102Flowers/jpg/image_03997.jpg,image_03997.jpg,22.68498420715332
3997,/nas-ctm01/datasets/public/Oxford102Flowers/jpg/image_03998.jpg,image_03998.jpg,21.24603843688965
3998,/nas-ctm01/datasets/public/Oxford102Flowers/jpg/image_03999.jpg,image_03999.jpg,21.947242736816406
3999,/nas-ctm01/datasets/public/Oxford102Flowers/jpg/image_04000.jpg,image_04000.jpg,22.21673583984375
4000,/nas-ctm01/datasets/public/Oxford102Flowers/jpg/image_04001.jpg,image_04001.jpg,22.158092498779297
4001,/nas-ctm01/datasets/public/Oxford102Flowers/jpg/image_04002.jpg,image_04002.jpg,21.4101505279541
4002,/nas-ctm01/datasets/public/Oxford102Flowers/jpg/image_04003.jpg,image_04003.jpg,21.37158966064453
4003,/nas-ctm01/datasets/public/Oxford102Flowers/jpg/image_04004.jpg,image_04004.jpg,22.75743293762207
4004,/nas-ctm01/datasets/public/Oxford102Flowers/jpg/image_04005.jpg,image_04005.jpg,20.649120330810547
4005,/nas-ctm01/datasets/public/Oxford102Flowers/jpg/image_04006.jpg,image_04006.jpg,22.29214859008789
4006,/nas-ctm01/datasets/public/Oxford102Flowers/jpg/image_04007.jpg,image_04007.jpg,22.10024642944336
4007,/nas-ctm01/datasets/public/Oxford102Flowers/jpg/image_04008.jpg,image_04008.jpg,20.284345626831055
4008,/nas-ctm01/datasets/public/Oxford102Flowers/jpg/image_04009.jpg,image_04009.jpg,21.97519302368164
4009,/nas-ctm01/datasets/public/Oxford102Flowers/jpg/image_04010.jpg,image_04010.jpg,21.30831527709961
4010,/nas-ctm01/datasets/public/Oxford102Flowers/jpg/image_04011.jpg,image_04011.jpg,22.719032287597656
4011,/nas-ctm01/datasets/public/Oxford102Flowers/jpg/image_04012.jpg,image_04012.jpg,20.887632369995117
4012,/nas-ctm01/datasets/public/Oxford102Flowers/jpg/image_04013.jpg,image_04013.jpg,22.171873092651367
4013,/nas-ctm01/datasets/public/Oxford102Flowers/jpg/image_04014.jpg,image_04014.jpg,21.352922439575195
4014,/nas-ctm01/datasets/public/Oxford102Flowers/jpg/image_04015.jpg,image_04015.jpg,22.42144012451172
4015,/nas-ctm01/datasets/public/Oxford102Flowers/jpg/image_04016.jpg,image_04016.jpg,21.654232025146484
4016,/nas-ctm01/datasets/public/Oxford102Flowers/jpg/image_04017.jpg,image_04017.jpg,22.11339569091797
4017,/nas-ctm01/datasets/public/Oxford102Flowers/jpg/image_04018.jpg,image_04018.jpg,21.092315673828125
4018,/nas-ctm01/datasets/public/Oxford102Flowers/jpg/image_04019.jpg,image_04019.jpg,21.94959259033203
4019,/nas-ctm01/datasets/public/Oxford102Flowers/jpg/image_04020.jpg,image_04020.jpg,22.075870513916016
4020,/nas-ctm01/datasets/public/Oxford102Flowers/jpg/image_04021.jpg,image_04021.jpg,21.917417526245117
4021,/nas-ctm01/datasets/public/Oxford102Flowers/jpg/image_04022.jpg,image_04022.jpg,21.773942947387695
4022,/nas-ctm01/datasets/public/Oxford102Flowers/jpg/image_04023.jpg,image_04023.jpg,21.82976531982422
4023,/nas-ctm01/datasets/public/Oxford102Flowers/jpg/image_04024.jpg,image_04024.jpg,22.01926040649414
4024,/nas-ctm01/datasets/public/Oxford102Flowers/jpg/image_04025.jpg,image_04025.jpg,21.96857452392578
4025,/nas-ctm01/datasets/public/Oxford102Flowers/jpg/image_04026.jpg,image_04026.jpg,22.21053123474121
4026,/nas-ctm01/datasets/public/Oxford102Flowers/jpg/image_04027.jpg,image_04027.jpg,22.427501678466797
4027,/nas-ctm01/datasets/public/Oxford102Flowers/jpg/image_04028.jpg,image_04028.jpg,22.2618465423584
4028,/nas-ctm01/datasets/public/Oxford102Flowers/jpg/image_04029.jpg,image_04029.jpg,19.465709686279297
4029,/nas-ctm01/datasets/public/Oxford102Flowers/jpg/image_04030.jpg,image_04030.jpg,21.727542877197266
4030,/nas-ctm01/datasets/public/Oxford102Flowers/jpg/image_04031.jpg,image_04031.jpg,21.975906372070312
4031,/nas-ctm01/datasets/public/Oxford102Flowers/jpg/image_04032.jpg,image_04032.jpg,21.686172485351562
4032,/nas-ctm01/datasets/public/Oxford102Flowers/jpg/image_04033.jpg,image_04033.jpg,22.04254913330078
4033,/nas-ctm01/datasets/public/Oxford102Flowers/jpg/image_04034.jpg,image_04034.jpg,21.026031494140625
4034,/nas-ctm01/datasets/public/Oxford102Flowers/jpg/image_04035.jpg,image_04035.jpg,21.46232795715332
4035,/nas-ctm01/datasets/public/Oxford102Flowers/jpg/image_04036.jpg,image_04036.jpg,22.118776321411133
4036,/nas-ctm01/datasets/public/Oxford102Flowers/jpg/image_04037.jpg,image_04037.jpg,21.200408935546875
4037,/nas-ctm01/datasets/public/Oxford102Flowers/jpg/image_04038.jpg,image_04038.jpg,21.64266014099121
4038,/nas-ctm01/datasets/public/Oxford102Flowers/jpg/image_04039.jpg,image_04039.jpg,20.615867614746094
4039,/nas-ctm01/datasets/public/Oxford102Flowers/jpg/image_04040.jpg,image_04040.jpg,22.3208065032959
4040,/nas-ctm01/datasets/public/Oxford102Flowers/jpg/image_04041.jpg,image_04041.jpg,21.701868057250977
4041,/nas-ctm01/datasets/public/Oxford102Flowers/jpg/image_04042.jpg,image_04042.jpg,22.6414852142334
4042,/nas-ctm01/datasets/public/Oxford102Flowers/jpg/image_04043.jpg,image_04043.jpg,22.282859802246094
4043,/nas-ctm01/datasets/public/Oxford102Flowers/jpg/image_04044.jpg,image_04044.jpg,21.692245483398438
4044,/nas-ctm01/datasets/public/Oxford102Flowers/jpg/image_04045.jpg,image_04045.jpg,21.61843490600586
4045,/nas-ctm01/datasets/public/Oxford102Flowers/jpg/image_04046.jpg,image_04046.jpg,22.463518142700195
4046,/nas-ctm01/datasets/public/Oxford102Flowers/jpg/image_04047.jpg,image_04047.jpg,22.706863403320312
4047,/nas-ctm01/datasets/public/Oxford102Flowers/jpg/image_04048.jpg,image_04048.jpg,21.48459815979004
4048,/nas-ctm01/datasets/public/Oxford102Flowers/jpg/image_04049.jpg,image_04049.jpg,21.996395111083984
4049,/nas-ctm01/datasets/public/Oxford102Flowers/jpg/image_04050.jpg,image_04050.jpg,22.822338104248047
4050,/nas-ctm01/datasets/public/Oxford102Flowers/jpg/image_04051.jpg,image_04051.jpg,21.972410202026367
4051,/nas-ctm01/datasets/public/Oxford102Flowers/jpg/image_04052.jpg,image_04052.jpg,21.8123722076416
4052,/nas-ctm01/datasets/public/Oxford102Flowers/jpg/image_04053.jpg,image_04053.jpg,21.639307022094727
4053,/nas-ctm01/datasets/public/Oxford102Flowers/jpg/image_04054.jpg,image_04054.jpg,22.36849021911621
4054,/nas-ctm01/datasets/public/Oxford102Flowers/jpg/image_04055.jpg,image_04055.jpg,22.05889892578125
4055,/nas-ctm01/datasets/public/Oxford102Flowers/jpg/image_04056.jpg,image_04056.jpg,22.631492614746094
4056,/nas-ctm01/datasets/public/Oxford102Flowers/jpg/image_04057.jpg,image_04057.jpg,21.968503952026367
4057,/nas-ctm01/datasets/public/Oxford102Flowers/jpg/image_04058.jpg,image_04058.jpg,22.70516586303711
4058,/nas-ctm01/datasets/public/Oxford102Flowers/jpg/image_04059.jpg,image_04059.jpg,22.209964752197266
4059,/nas-ctm01/datasets/public/Oxford102Flowers/jpg/image_04060.jpg,image_04060.jpg,22.304738998413086
4060,/nas-ctm01/datasets/public/Oxford102Flowers/jpg/image_04061.jpg,image_04061.jpg,21.26259994506836
4061,/nas-ctm01/datasets/public/Oxford102Flowers/jpg/image_04062.jpg,image_04062.jpg,22.815853118896484
4062,/nas-ctm01/datasets/public/Oxford102Flowers/jpg/image_04063.jpg,image_04063.jpg,21.08759880065918
4063,/nas-ctm01/datasets/public/Oxford102Flowers/jpg/image_04064.jpg,image_04064.jpg,22.185546875
4064,/nas-ctm01/datasets/public/Oxford102Flowers/jpg/image_04065.jpg,image_04065.jpg,22.287527084350586
4065,/nas-ctm01/datasets/public/Oxford102Flowers/jpg/image_04066.jpg,image_04066.jpg,22.415414810180664
4066,/nas-ctm01/datasets/public/Oxford102Flowers/jpg/image_04067.jpg,image_04067.jpg,22.312191009521484
4067,/nas-ctm01/datasets/public/Oxford102Flowers/jpg/image_04068.jpg,image_04068.jpg,22.293195724487305
4068,/nas-ctm01/datasets/public/Oxford102Flowers/jpg/image_04069.jpg,image_04069.jpg,22.326757431030273
4069,/nas-ctm01/datasets/public/Oxford102Flowers/jpg/image_04070.jpg,image_04070.jpg,22.18564224243164
4070,/nas-ctm01/datasets/public/Oxford102Flowers/jpg/image_04071.jpg,image_04071.jpg,22.204425811767578
4071,/nas-ctm01/datasets/public/Oxford102Flowers/jpg/image_04072.jpg,image_04072.jpg,20.83391571044922
4072,/nas-ctm01/datasets/public/Oxford102Flowers/jpg/image_04073.jpg,image_04073.jpg,22.303152084350586
4073,/nas-ctm01/datasets/public/Oxford102Flowers/jpg/image_04074.jpg,image_04074.jpg,22.71584701538086
4074,/nas-ctm01/datasets/public/Oxford102Flowers/jpg/image_04075.jpg,image_04075.jpg,21.564970016479492
4075,/nas-ctm01/datasets/public/Oxford102Flowers/jpg/image_04076.jpg,image_04076.jpg,21.96980094909668
4076,/nas-ctm01/datasets/public/Oxford102Flowers/jpg/image_04077.jpg,image_04077.jpg,22.301570892333984
4077,/nas-ctm01/datasets/public/Oxford102Flowers/jpg/image_04078.jpg,image_04078.jpg,22.642940521240234
4078,/nas-ctm01/datasets/public/Oxford102Flowers/jpg/image_04079.jpg,image_04079.jpg,21.944974899291992
4079,/nas-ctm01/datasets/public/Oxford102Flowers/jpg/image_04080.jpg,image_04080.jpg,22.74635124206543
4080,/nas-ctm01/datasets/public/Oxford102Flowers/jpg/image_04081.jpg,image_04081.jpg,23.567642211914062
4081,/nas-ctm01/datasets/public/Oxford102Flowers/jpg/image_04082.jpg,image_04082.jpg,23.516403198242188
4082,/nas-ctm01/datasets/public/Oxford102Flowers/jpg/image_04083.jpg,image_04083.jpg,23.859241485595703
4083,/nas-ctm01/datasets/public/Oxford102Flowers/jpg/image_04084.jpg,image_04084.jpg,23.83974266052246
4084,/nas-ctm01/datasets/public/Oxford102Flowers/jpg/image_04085.jpg,image_04085.jpg,23.431936264038086
4085,/nas-ctm01/datasets/public/Oxford102Flowers/jpg/image_04086.jpg,image_04086.jpg,23.211984634399414
4086,/nas-ctm01/datasets/public/Oxford102Flowers/jpg/image_04087.jpg,image_04087.jpg,23.247676849365234
4087,/nas-ctm01/datasets/public/Oxford102Flowers/jpg/image_04088.jpg,image_04088.jpg,23.213584899902344
4088,/nas-ctm01/datasets/public/Oxford102Flowers/jpg/image_04089.jpg,image_04089.jpg,22.95392417907715
4089,/nas-ctm01/datasets/public/Oxford102Flowers/jpg/image_04090.jpg,image_04090.jpg,23.46630096435547
4090,/nas-ctm01/datasets/public/Oxford102Flowers/jpg/image_04091.jpg,image_04091.jpg,21.651742935180664
4091,/nas-ctm01/datasets/public/Oxford102Flowers/jpg/image_04092.jpg,image_04092.jpg,22.912073135375977
4092,/nas-ctm01/datasets/public/Oxford102Flowers/jpg/image_04093.jpg,image_04093.jpg,22.834379196166992
4093,/nas-ctm01/datasets/public/Oxford102Flowers/jpg/image_04094.jpg,image_04094.jpg,22.909364700317383
4094,/nas-ctm01/datasets/public/Oxford102Flowers/jpg/image_04095.jpg,image_04095.jpg,22.800701141357422
4095,/nas-ctm01/datasets/public/Oxford102Flowers/jpg/image_04096.jpg,image_04096.jpg,22.414831161499023
4096,/nas-ctm01/datasets/public/Oxford102Flowers/jpg/image_04097.jpg,image_04097.jpg,22.642532348632812
4097,/nas-ctm01/datasets/public/Oxford102Flowers/jpg/image_04098.jpg,image_04098.jpg,22.796846389770508
4098,/nas-ctm01/datasets/public/Oxford102Flowers/jpg/image_04099.jpg,image_04099.jpg,21.91481590270996
4099,/nas-ctm01/datasets/public/Oxford102Flowers/jpg/image_04100.jpg,image_04100.jpg,23.687347412109375
4100,/nas-ctm01/datasets/public/Oxford102Flowers/jpg/image_04101.jpg,image_04101.jpg,23.5140380859375
4101,/nas-ctm01/datasets/public/Oxford102Flowers/jpg/image_04102.jpg,image_04102.jpg,23.18227195739746
4102,/nas-ctm01/datasets/public/Oxford102Flowers/jpg/image_04103.jpg,image_04103.jpg,23.252607345581055
4103,/nas-ctm01/datasets/public/Oxford102Flowers/jpg/image_04104.jpg,image_04104.jpg,22.21402931213379
4104,/nas-ctm01/datasets/public/Oxford102Flowers/jpg/image_04105.jpg,image_04105.jpg,23.859834671020508
4105,/nas-ctm01/datasets/public/Oxford102Flowers/jpg/image_04106.jpg,image_04106.jpg,23.23248291015625
4106,/nas-ctm01/datasets/public/Oxford102Flowers/jpg/image_04107.jpg,image_04107.jpg,23.017675399780273
4107,/nas-ctm01/datasets/public/Oxford102Flowers/jpg/image_04108.jpg,image_04108.jpg,22.800582885742188
4108,/nas-ctm01/datasets/public/Oxford102Flowers/jpg/image_04109.jpg,image_04109.jpg,22.605348587036133
4109,/nas-ctm01/datasets/public/Oxford102Flowers/jpg/image_04110.jpg,image_04110.jpg,23.61008071899414
4110,/nas-ctm01/datasets/public/Oxford102Flowers/jpg/image_04111.jpg,image_04111.jpg,23.439809799194336
4111,/nas-ctm01/datasets/public/Oxford102Flowers/jpg/image_04112.jpg,image_04112.jpg,23.15315055847168
4112,/nas-ctm01/datasets/public/Oxford102Flowers/jpg/image_04113.jpg,image_04113.jpg,23.749265670776367
4113,/nas-ctm01/datasets/public/Oxford102Flowers/jpg/image_04114.jpg,image_04114.jpg,23.072269439697266
4114,/nas-ctm01/datasets/public/Oxford102Flowers/jpg/image_04115.jpg,image_04115.jpg,23.2326602935791
4115,/nas-ctm01/datasets/public/Oxford102Flowers/jpg/image_04116.jpg,image_04116.jpg,23.084449768066406
4116,/nas-ctm01/datasets/public/Oxford102Flowers/jpg/image_04117.jpg,image_04117.jpg,22.91756820678711
4117,/nas-ctm01/datasets/public/Oxford102Flowers/jpg/image_04118.jpg,image_04118.jpg,22.302244186401367
4118,/nas-ctm01/datasets/public/Oxford102Flowers/jpg/image_04119.jpg,image_04119.jpg,22.29749298095703
4119,/nas-ctm01/datasets/public/Oxford102Flowers/jpg/image_04120.jpg,image_04120.jpg,22.993194580078125
4120,/nas-ctm01/datasets/public/Oxford102Flowers/jpg/image_04121.jpg,image_04121.jpg,23.51202392578125
4121,/nas-ctm01/datasets/public/Oxford102Flowers/jpg/image_04122.jpg,image_04122.jpg,23.741479873657227
4122,/nas-ctm01/datasets/public/Oxford102Flowers/jpg/image_04123.jpg,image_04123.jpg,23.19659423828125
4123,/nas-ctm01/datasets/public/Oxford102Flowers/jpg/image_04124.jpg,image_04124.jpg,22.778249740600586
4124,/nas-ctm01/datasets/public/Oxford102Flowers/jpg/image_04125.jpg,image_04125.jpg,22.53373908996582
4125,/nas-ctm01/datasets/public/Oxford102Flowers/jpg/image_04126.jpg,image_04126.jpg,23.364408493041992
4126,/nas-ctm01/datasets/public/Oxford102Flowers/jpg/image_04127.jpg,image_04127.jpg,23.282636642456055
4127,/nas-ctm01/datasets/public/Oxford102Flowers/jpg/image_04128.jpg,image_04128.jpg,24.41996955871582
4128,/nas-ctm01/datasets/public/Oxford102Flowers/jpg/image_04129.jpg,image_04129.jpg,22.965900421142578
4129,/nas-ctm01/datasets/public/Oxford102Flowers/jpg/image_04130.jpg,image_04130.jpg,23.10039520263672
4130,/nas-ctm01/datasets/public/Oxford102Flowers/jpg/image_04131.jpg,image_04131.jpg,22.59134292602539
4131,/nas-ctm01/datasets/public/Oxford102Flowers/jpg/image_04132.jpg,image_04132.jpg,22.757591247558594
4132,/nas-ctm01/datasets/public/Oxford102Flowers/jpg/image_04133.jpg,image_04133.jpg,21.850624084472656
4133,/nas-ctm01/datasets/public/Oxford102Flowers/jpg/image_04134.jpg,image_04134.jpg,21.601669311523438
4134,/nas-ctm01/datasets/public/Oxford102Flowers/jpg/image_04135.jpg,image_04135.jpg,22.375246047973633
4135,/nas-ctm01/datasets/public/Oxford102Flowers/jpg/image_04136.jpg,image_04136.jpg,22.774700164794922
4136,/nas-ctm01/datasets/public/Oxford102Flowers/jpg/image_04137.jpg,image_04137.jpg,23.59951400756836
4137,/nas-ctm01/datasets/public/Oxford102Flowers/jpg/image_04138.jpg,image_04138.jpg,22.41373634338379
4138,/nas-ctm01/datasets/public/Oxford102Flowers/jpg/image_04139.jpg,image_04139.jpg,22.54478645324707
4139,/nas-ctm01/datasets/public/Oxford102Flowers/jpg/image_04140.jpg,image_04140.jpg,22.1126766204834
4140,/nas-ctm01/datasets/public/Oxford102Flowers/jpg/image_04141.jpg,image_04141.jpg,23.356203079223633
4141,/nas-ctm01/datasets/public/Oxford102Flowers/jpg/image_04142.jpg,image_04142.jpg,23.137161254882812
4142,/nas-ctm01/datasets/public/Oxford102Flowers/jpg/image_04143.jpg,image_04143.jpg,23.67007827758789
4143,/nas-ctm01/datasets/public/Oxford102Flowers/jpg/image_04144.jpg,image_04144.jpg,23.754920959472656
4144,/nas-ctm01/datasets/public/Oxford102Flowers/jpg/image_04145.jpg,image_04145.jpg,22.432598114013672
4145,/nas-ctm01/datasets/public/Oxford102Flowers/jpg/image_04146.jpg,image_04146.jpg,22.511276245117188
4146,/nas-ctm01/datasets/public/Oxford102Flowers/jpg/image_04147.jpg,image_04147.jpg,23.176572799682617
4147,/nas-ctm01/datasets/public/Oxford102Flowers/jpg/image_04148.jpg,image_04148.jpg,23.164613723754883
4148,/nas-ctm01/datasets/public/Oxford102Flowers/jpg/image_04149.jpg,image_04149.jpg,23.38219451904297
4149,/nas-ctm01/datasets/public/Oxford102Flowers/jpg/image_04150.jpg,image_04150.jpg,21.942426681518555
4150,/nas-ctm01/datasets/public/Oxford102Flowers/jpg/image_04151.jpg,image_04151.jpg,23.81236457824707
4151,/nas-ctm01/datasets/public/Oxford102Flowers/jpg/image_04152.jpg,image_04152.jpg,24.009693145751953
4152,/nas-ctm01/datasets/public/Oxford102Flowers/jpg/image_04153.jpg,image_04153.jpg,23.750953674316406
4153,/nas-ctm01/datasets/public/Oxford102Flowers/jpg/image_04154.jpg,image_04154.jpg,23.279558181762695
4154,/nas-ctm01/datasets/public/Oxford102Flowers/jpg/image_04155.jpg,image_04155.jpg,22.475183486938477
4155,/nas-ctm01/datasets/public/Oxford102Flowers/jpg/image_04156.jpg,image_04156.jpg,23.27268409729004
4156,/nas-ctm01/datasets/public/Oxford102Flowers/jpg/image_04157.jpg,image_04157.jpg,23.359771728515625
4157,/nas-ctm01/datasets/public/Oxford102Flowers/jpg/image_04158.jpg,image_04158.jpg,23.14152717590332
4158,/nas-ctm01/datasets/public/Oxford102Flowers/jpg/image_04159.jpg,image_04159.jpg,22.368623733520508
4159,/nas-ctm01/datasets/public/Oxford102Flowers/jpg/image_04160.jpg,image_04160.jpg,22.139427185058594
4160,/nas-ctm01/datasets/public/Oxford102Flowers/jpg/image_04161.jpg,image_04161.jpg,21.913631439208984
4161,/nas-ctm01/datasets/public/Oxford102Flowers/jpg/image_04162.jpg,image_04162.jpg,22.449609756469727
4162,/nas-ctm01/datasets/public/Oxford102Flowers/jpg/image_04163.jpg,image_04163.jpg,22.649843215942383
4163,/nas-ctm01/datasets/public/Oxford102Flowers/jpg/image_04164.jpg,image_04164.jpg,22.116687774658203
4164,/nas-ctm01/datasets/public/Oxford102Flowers/jpg/image_04165.jpg,image_04165.jpg,21.985458374023438
4165,/nas-ctm01/datasets/public/Oxford102Flowers/jpg/image_04166.jpg,image_04166.jpg,22.395776748657227
4166,/nas-ctm01/datasets/public/Oxford102Flowers/jpg/image_04167.jpg,image_04167.jpg,22.555526733398438
4167,/nas-ctm01/datasets/public/Oxford102Flowers/jpg/image_04168.jpg,image_04168.jpg,22.913272857666016
4168,/nas-ctm01/datasets/public/Oxford102Flowers/jpg/image_04169.jpg,image_04169.jpg,21.797405242919922
4169,/nas-ctm01/datasets/public/Oxford102Flowers/jpg/image_04170.jpg,image_04170.jpg,21.682331085205078
4170,/nas-ctm01/datasets/public/Oxford102Flowers/jpg/image_04171.jpg,image_04171.jpg,22.369613647460938
4171,/nas-ctm01/datasets/public/Oxford102Flowers/jpg/image_04172.jpg,image_04172.jpg,21.538999557495117
4172,/nas-ctm01/datasets/public/Oxford102Flowers/jpg/image_04173.jpg,image_04173.jpg,21.76903533935547
4173,/nas-ctm01/datasets/public/Oxford102Flowers/jpg/image_04174.jpg,image_04174.jpg,21.52243423461914
4174,/nas-ctm01/datasets/public/Oxford102Flowers/jpg/image_04175.jpg,image_04175.jpg,21.73407745361328
4175,/nas-ctm01/datasets/public/Oxford102Flowers/jpg/image_04176.jpg,image_04176.jpg,21.553096771240234
4176,/nas-ctm01/datasets/public/Oxford102Flowers/jpg/image_04177.jpg,image_04177.jpg,22.349777221679688
4177,/nas-ctm01/datasets/public/Oxford102Flowers/jpg/image_04178.jpg,image_04178.jpg,22.177501678466797
4178,/nas-ctm01/datasets/public/Oxford102Flowers/jpg/image_04179.jpg,image_04179.jpg,21.97964859008789
4179,/nas-ctm01/datasets/public/Oxford102Flowers/jpg/image_04180.jpg,image_04180.jpg,22.177492141723633
4180,/nas-ctm01/datasets/public/Oxford102Flowers/jpg/image_04181.jpg,image_04181.jpg,21.875131607055664
4181,/nas-ctm01/datasets/public/Oxford102Flowers/jpg/image_04182.jpg,image_04182.jpg,21.417377471923828
4182,/nas-ctm01/datasets/public/Oxford102Flowers/jpg/image_04183.jpg,image_04183.jpg,22.031702041625977
4183,/nas-ctm01/datasets/public/Oxford102Flowers/jpg/image_04184.jpg,image_04184.jpg,21.885692596435547
4184,/nas-ctm01/datasets/public/Oxford102Flowers/jpg/image_04185.jpg,image_04185.jpg,22.22370147705078
4185,/nas-ctm01/datasets/public/Oxford102Flowers/jpg/image_04186.jpg,image_04186.jpg,22.429073333740234
4186,/nas-ctm01/datasets/public/Oxford102Flowers/jpg/image_04187.jpg,image_04187.jpg,22.429140090942383
4187,/nas-ctm01/datasets/public/Oxford102Flowers/jpg/image_04188.jpg,image_04188.jpg,21.802051544189453
4188,/nas-ctm01/datasets/public/Oxford102Flowers/jpg/image_04189.jpg,image_04189.jpg,23.220844268798828
4189,/nas-ctm01/datasets/public/Oxford102Flowers/jpg/image_04190.jpg,image_04190.jpg,21.995161056518555
4190,/nas-ctm01/datasets/public/Oxford102Flowers/jpg/image_04191.jpg,image_04191.jpg,20.93294906616211
4191,/nas-ctm01/datasets/public/Oxford102Flowers/jpg/image_04192.jpg,image_04192.jpg,22.354209899902344
4192,/nas-ctm01/datasets/public/Oxford102Flowers/jpg/image_04193.jpg,image_04193.jpg,22.385528564453125
4193,/nas-ctm01/datasets/public/Oxford102Flowers/jpg/image_04194.jpg,image_04194.jpg,22.617389678955078
4194,/nas-ctm01/datasets/public/Oxford102Flowers/jpg/image_04195.jpg,image_04195.jpg,21.828264236450195
4195,/nas-ctm01/datasets/public/Oxford102Flowers/jpg/image_04196.jpg,image_04196.jpg,21.884082794189453
4196,/nas-ctm01/datasets/public/Oxford102Flowers/jpg/image_04197.jpg,image_04197.jpg,22.642250061035156
4197,/nas-ctm01/datasets/public/Oxford102Flowers/jpg/image_04198.jpg,image_04198.jpg,22.42145347595215
4198,/nas-ctm01/datasets/public/Oxford102Flowers/jpg/image_04199.jpg,image_04199.jpg,21.78217124938965
4199,/nas-ctm01/datasets/public/Oxford102Flowers/jpg/image_04200.jpg,image_04200.jpg,22.5029354095459
4200,/nas-ctm01/datasets/public/Oxford102Flowers/jpg/image_04201.jpg,image_04201.jpg,21.842124938964844
4201,/nas-ctm01/datasets/public/Oxford102Flowers/jpg/image_04202.jpg,image_04202.jpg,22.79395294189453
4202,/nas-ctm01/datasets/public/Oxford102Flowers/jpg/image_04203.jpg,image_04203.jpg,22.540693283081055
4203,/nas-ctm01/datasets/public/Oxford102Flowers/jpg/image_04204.jpg,image_04204.jpg,22.982864379882812
4204,/nas-ctm01/datasets/public/Oxford102Flowers/jpg/image_04205.jpg,image_04205.jpg,22.795251846313477
4205,/nas-ctm01/datasets/public/Oxford102Flowers/jpg/image_04206.jpg,image_04206.jpg,22.27931785583496
4206,/nas-ctm01/datasets/public/Oxford102Flowers/jpg/image_04207.jpg,image_04207.jpg,22.43700408935547
4207,/nas-ctm01/datasets/public/Oxford102Flowers/jpg/image_04208.jpg,image_04208.jpg,20.964984893798828
4208,/nas-ctm01/datasets/public/Oxford102Flowers/jpg/image_04209.jpg,image_04209.jpg,22.538930892944336
4209,/nas-ctm01/datasets/public/Oxford102Flowers/jpg/image_04210.jpg,image_04210.jpg,22.002981185913086
4210,/nas-ctm01/datasets/public/Oxford102Flowers/jpg/image_04211.jpg,image_04211.jpg,22.195165634155273
4211,/nas-ctm01/datasets/public/Oxford102Flowers/jpg/image_04212.jpg,image_04212.jpg,21.484249114990234
4212,/nas-ctm01/datasets/public/Oxford102Flowers/jpg/image_04213.jpg,image_04213.jpg,21.64076805114746
4213,/nas-ctm01/datasets/public/Oxford102Flowers/jpg/image_04214.jpg,image_04214.jpg,21.788719177246094
4214,/nas-ctm01/datasets/public/Oxford102Flowers/jpg/image_04215.jpg,image_04215.jpg,20.68094825744629
4215,/nas-ctm01/datasets/public/Oxford102Flowers/jpg/image_04216.jpg,image_04216.jpg,22.227941513061523
4216,/nas-ctm01/datasets/public/Oxford102Flowers/jpg/image_04217.jpg,image_04217.jpg,22.091230392456055
4217,/nas-ctm01/datasets/public/Oxford102Flowers/jpg/image_04218.jpg,image_04218.jpg,20.800695419311523
4218,/nas-ctm01/datasets/public/Oxford102Flowers/jpg/image_04219.jpg,image_04219.jpg,22.424943923950195
4219,/nas-ctm01/datasets/public/Oxford102Flowers/jpg/image_04220.jpg,image_04220.jpg,22.24459457397461
4220,/nas-ctm01/datasets/public/Oxford102Flowers/jpg/image_04221.jpg,image_04221.jpg,22.557846069335938
4221,/nas-ctm01/datasets/public/Oxford102Flowers/jpg/image_04222.jpg,image_04222.jpg,22.172849655151367
4222,/nas-ctm01/datasets/public/Oxford102Flowers/jpg/image_04223.jpg,image_04223.jpg,22.593948364257812
4223,/nas-ctm01/datasets/public/Oxford102Flowers/jpg/image_04224.jpg,image_04224.jpg,21.818016052246094
4224,/nas-ctm01/datasets/public/Oxford102Flowers/jpg/image_04225.jpg,image_04225.jpg,21.871944427490234
4225,/nas-ctm01/datasets/public/Oxford102Flowers/jpg/image_04226.jpg,image_04226.jpg,20.92629623413086
4226,/nas-ctm01/datasets/public/Oxford102Flowers/jpg/image_04227.jpg,image_04227.jpg,21.034671783447266
4227,/nas-ctm01/datasets/public/Oxford102Flowers/jpg/image_04228.jpg,image_04228.jpg,22.928508758544922
4228,/nas-ctm01/datasets/public/Oxford102Flowers/jpg/image_04229.jpg,image_04229.jpg,22.111003875732422
4229,/nas-ctm01/datasets/public/Oxford102Flowers/jpg/image_04230.jpg,image_04230.jpg,20.763900756835938
4230,/nas-ctm01/datasets/public/Oxford102Flowers/jpg/image_04231.jpg,image_04231.jpg,21.59026527404785
4231,/nas-ctm01/datasets/public/Oxford102Flowers/jpg/image_04232.jpg,image_04232.jpg,21.822404861450195
4232,/nas-ctm01/datasets/public/Oxford102Flowers/jpg/image_04233.jpg,image_04233.jpg,21.4761905670166
4233,/nas-ctm01/datasets/public/Oxford102Flowers/jpg/image_04234.jpg,image_04234.jpg,21.938926696777344
4234,/nas-ctm01/datasets/public/Oxford102Flowers/jpg/image_04235.jpg,image_04235.jpg,21.22942543029785
4235,/nas-ctm01/datasets/public/Oxford102Flowers/jpg/image_04236.jpg,image_04236.jpg,20.943256378173828
4236,/nas-ctm01/datasets/public/Oxford102Flowers/jpg/image_04237.jpg,image_04237.jpg,21.207096099853516
4237,/nas-ctm01/datasets/public/Oxford102Flowers/jpg/image_04238.jpg,image_04238.jpg,21.832427978515625
4238,/nas-ctm01/datasets/public/Oxford102Flowers/jpg/image_04239.jpg,image_04239.jpg,22.422109603881836
4239,/nas-ctm01/datasets/public/Oxford102Flowers/jpg/image_04240.jpg,image_04240.jpg,22.368131637573242
4240,/nas-ctm01/datasets/public/Oxford102Flowers/jpg/image_04241.jpg,image_04241.jpg,22.203710556030273
4241,/nas-ctm01/datasets/public/Oxford102Flowers/jpg/image_04242.jpg,image_04242.jpg,22.175493240356445
4242,/nas-ctm01/datasets/public/Oxford102Flowers/jpg/image_04243.jpg,image_04243.jpg,22.324857711791992
4243,/nas-ctm01/datasets/public/Oxford102Flowers/jpg/image_04244.jpg,image_04244.jpg,21.40874671936035
4244,/nas-ctm01/datasets/public/Oxford102Flowers/jpg/image_04245.jpg,image_04245.jpg,21.788429260253906
4245,/nas-ctm01/datasets/public/Oxford102Flowers/jpg/image_04246.jpg,image_04246.jpg,21.734607696533203
4246,/nas-ctm01/datasets/public/Oxford102Flowers/jpg/image_04247.jpg,image_04247.jpg,22.11292839050293
4247,/nas-ctm01/datasets/public/Oxford102Flowers/jpg/image_04248.jpg,image_04248.jpg,20.64742088317871
4248,/nas-ctm01/datasets/public/Oxford102Flowers/jpg/image_04249.jpg,image_04249.jpg,21.074851989746094
4249,/nas-ctm01/datasets/public/Oxford102Flowers/jpg/image_04250.jpg,image_04250.jpg,20.504606246948242
4250,/nas-ctm01/datasets/public/Oxford102Flowers/jpg/image_04251.jpg,image_04251.jpg,21.59482192993164
4251,/nas-ctm01/datasets/public/Oxford102Flowers/jpg/image_04252.jpg,image_04252.jpg,21.185609817504883
4252,/nas-ctm01/datasets/public/Oxford102Flowers/jpg/image_04253.jpg,image_04253.jpg,22.110231399536133
4253,/nas-ctm01/datasets/public/Oxford102Flowers/jpg/image_04254.jpg,image_04254.jpg,21.183687210083008
4254,/nas-ctm01/datasets/public/Oxford102Flowers/jpg/image_04255.jpg,image_04255.jpg,21.502843856811523
4255,/nas-ctm01/datasets/public/Oxford102Flowers/jpg/image_04256.jpg,image_04256.jpg,20.965803146362305
4256,/nas-ctm01/datasets/public/Oxford102Flowers/jpg/image_04257.jpg,image_04257.jpg,21.55264663696289
4257,/nas-ctm01/datasets/public/Oxford102Flowers/jpg/image_04258.jpg,image_04258.jpg,20.267412185668945
4258,/nas-ctm01/datasets/public/Oxford102Flowers/jpg/image_04259.jpg,image_04259.jpg,21.78805923461914
4259,/nas-ctm01/datasets/public/Oxford102Flowers/jpg/image_04260.jpg,image_04260.jpg,21.710525512695312
4260,/nas-ctm01/datasets/public/Oxford102Flowers/jpg/image_04261.jpg,image_04261.jpg,21.23834800720215
4261,/nas-ctm01/datasets/public/Oxford102Flowers/jpg/image_04262.jpg,image_04262.jpg,22.305036544799805
4262,/nas-ctm01/datasets/public/Oxford102Flowers/jpg/image_04263.jpg,image_04263.jpg,21.8626766204834
4263,/nas-ctm01/datasets/public/Oxford102Flowers/jpg/image_04264.jpg,image_04264.jpg,21.950881958007812
4264,/nas-ctm01/datasets/public/Oxford102Flowers/jpg/image_04265.jpg,image_04265.jpg,21.302757263183594
4265,/nas-ctm01/datasets/public/Oxford102Flowers/jpg/image_04266.jpg,image_04266.jpg,20.685842514038086
4266,/nas-ctm01/datasets/public/Oxford102Flowers/jpg/image_04267.jpg,image_04267.jpg,21.9333553314209
4267,/nas-ctm01/datasets/public/Oxford102Flowers/jpg/image_04268.jpg,image_04268.jpg,20.571638107299805
4268,/nas-ctm01/datasets/public/Oxford102Flowers/jpg/image_04269.jpg,image_04269.jpg,22.162511825561523
4269,/nas-ctm01/datasets/public/Oxford102Flowers/jpg/image_04270.jpg,image_04270.jpg,20.911788940429688
4270,/nas-ctm01/datasets/public/Oxford102Flowers/jpg/image_04271.jpg,image_04271.jpg,21.12717056274414
4271,/nas-ctm01/datasets/public/Oxford102Flowers/jpg/image_04272.jpg,image_04272.jpg,21.786916732788086
4272,/nas-ctm01/datasets/public/Oxford102Flowers/jpg/image_04273.jpg,image_04273.jpg,21.81583023071289
4273,/nas-ctm01/datasets/public/Oxford102Flowers/jpg/image_04274.jpg,image_04274.jpg,21.421781539916992
4274,/nas-ctm01/datasets/public/Oxford102Flowers/jpg/image_04275.jpg,image_04275.jpg,20.913036346435547
4275,/nas-ctm01/datasets/public/Oxford102Flowers/jpg/image_04276.jpg,image_04276.jpg,21.329486846923828
4276,/nas-ctm01/datasets/public/Oxford102Flowers/jpg/image_04277.jpg,image_04277.jpg,21.456729888916016
4277,/nas-ctm01/datasets/public/Oxford102Flowers/jpg/image_04278.jpg,image_04278.jpg,21.380407333374023
4278,/nas-ctm01/datasets/public/Oxford102Flowers/jpg/image_04279.jpg,image_04279.jpg,22.406930923461914
4279,/nas-ctm01/datasets/public/Oxford102Flowers/jpg/image_04280.jpg,image_04280.jpg,21.15033531188965
4280,/nas-ctm01/datasets/public/Oxford102Flowers/jpg/image_04281.jpg,image_04281.jpg,20.90764617919922
4281,/nas-ctm01/datasets/public/Oxford102Flowers/jpg/image_04282.jpg,image_04282.jpg,22.006784439086914
4282,/nas-ctm01/datasets/public/Oxford102Flowers/jpg/image_04283.jpg,image_04283.jpg,22.165298461914062
4283,/nas-ctm01/datasets/public/Oxford102Flowers/jpg/image_04284.jpg,image_04284.jpg,22.409780502319336
4284,/nas-ctm01/datasets/public/Oxford102Flowers/jpg/image_04285.jpg,image_04285.jpg,21.4339656829834
4285,/nas-ctm01/datasets/public/Oxford102Flowers/jpg/image_04286.jpg,image_04286.jpg,21.05085563659668
4286,/nas-ctm01/datasets/public/Oxford102Flowers/jpg/image_04287.jpg,image_04287.jpg,22.0024471282959
4287,/nas-ctm01/datasets/public/Oxford102Flowers/jpg/image_04288.jpg,image_04288.jpg,21.27381134033203
4288,/nas-ctm01/datasets/public/Oxford102Flowers/jpg/image_04289.jpg,image_04289.jpg,22.033327102661133
4289,/nas-ctm01/datasets/public/Oxford102Flowers/jpg/image_04290.jpg,image_04290.jpg,21.572519302368164
4290,/nas-ctm01/datasets/public/Oxford102Flowers/jpg/image_04291.jpg,image_04291.jpg,20.965574264526367
4291,/nas-ctm01/datasets/public/Oxford102Flowers/jpg/image_04292.jpg,image_04292.jpg,20.685213088989258
4292,/nas-ctm01/datasets/public/Oxford102Flowers/jpg/image_04293.jpg,image_04293.jpg,21.2552433013916
4293,/nas-ctm01/datasets/public/Oxford102Flowers/jpg/image_04294.jpg,image_04294.jpg,21.656200408935547
4294,/nas-ctm01/datasets/public/Oxford102Flowers/jpg/image_04295.jpg,image_04295.jpg,22.02835464477539
4295,/nas-ctm01/datasets/public/Oxford102Flowers/jpg/image_04296.jpg,image_04296.jpg,21.37157440185547
4296,/nas-ctm01/datasets/public/Oxford102Flowers/jpg/image_04297.jpg,image_04297.jpg,21.07607078552246
4297,/nas-ctm01/datasets/public/Oxford102Flowers/jpg/image_04298.jpg,image_04298.jpg,21.496257781982422
4298,/nas-ctm01/datasets/public/Oxford102Flowers/jpg/image_04299.jpg,image_04299.jpg,22.041051864624023
4299,/nas-ctm01/datasets/public/Oxford102Flowers/jpg/image_04300.jpg,image_04300.jpg,21.530654907226562
4300,/nas-ctm01/datasets/public/Oxford102Flowers/jpg/image_04301.jpg,image_04301.jpg,20.9969539642334
4301,/nas-ctm01/datasets/public/Oxford102Flowers/jpg/image_04302.jpg,image_04302.jpg,21.79261016845703
4302,/nas-ctm01/datasets/public/Oxford102Flowers/jpg/image_04303.jpg,image_04303.jpg,22.290470123291016
4303,/nas-ctm01/datasets/public/Oxford102Flowers/jpg/image_04304.jpg,image_04304.jpg,21.92097282409668
4304,/nas-ctm01/datasets/public/Oxford102Flowers/jpg/image_04305.jpg,image_04305.jpg,21.956623077392578
4305,/nas-ctm01/datasets/public/Oxford102Flowers/jpg/image_04306.jpg,image_04306.jpg,21.308156967163086
4306,/nas-ctm01/datasets/public/Oxford102Flowers/jpg/image_04307.jpg,image_04307.jpg,21.76705551147461
4307,/nas-ctm01/datasets/public/Oxford102Flowers/jpg/image_04308.jpg,image_04308.jpg,21.012149810791016
4308,/nas-ctm01/datasets/public/Oxford102Flowers/jpg/image_04309.jpg,image_04309.jpg,21.22919464111328
4309,/nas-ctm01/datasets/public/Oxford102Flowers/jpg/image_04310.jpg,image_04310.jpg,21.468448638916016
4310,/nas-ctm01/datasets/public/Oxford102Flowers/jpg/image_04311.jpg,image_04311.jpg,20.717304229736328
4311,/nas-ctm01/datasets/public/Oxford102Flowers/jpg/image_04312.jpg,image_04312.jpg,20.987932205200195
4312,/nas-ctm01/datasets/public/Oxford102Flowers/jpg/image_04313.jpg,image_04313.jpg,20.85378646850586
4313,/nas-ctm01/datasets/public/Oxford102Flowers/jpg/image_04314.jpg,image_04314.jpg,21.144437789916992
4314,/nas-ctm01/datasets/public/Oxford102Flowers/jpg/image_04315.jpg,image_04315.jpg,22.309181213378906
4315,/nas-ctm01/datasets/public/Oxford102Flowers/jpg/image_04316.jpg,image_04316.jpg,21.642480850219727
4316,/nas-ctm01/datasets/public/Oxford102Flowers/jpg/image_04317.jpg,image_04317.jpg,21.48170280456543
4317,/nas-ctm01/datasets/public/Oxford102Flowers/jpg/image_04318.jpg,image_04318.jpg,21.823780059814453
4318,/nas-ctm01/datasets/public/Oxford102Flowers/jpg/image_04319.jpg,image_04319.jpg,21.320581436157227
4319,/nas-ctm01/datasets/public/Oxford102Flowers/jpg/image_04320.jpg,image_04320.jpg,22.041658401489258
4320,/nas-ctm01/datasets/public/Oxford102Flowers/jpg/image_04321.jpg,image_04321.jpg,21.417545318603516
4321,/nas-ctm01/datasets/public/Oxford102Flowers/jpg/image_04322.jpg,image_04322.jpg,21.140594482421875
4322,/nas-ctm01/datasets/public/Oxford102Flowers/jpg/image_04323.jpg,image_04323.jpg,21.196060180664062
4323,/nas-ctm01/datasets/public/Oxford102Flowers/jpg/image_04324.jpg,image_04324.jpg,21.530778884887695
4324,/nas-ctm01/datasets/public/Oxford102Flowers/jpg/image_04325.jpg,image_04325.jpg,21.01837730407715
4325,/nas-ctm01/datasets/public/Oxford102Flowers/jpg/image_04326.jpg,image_04326.jpg,23.105438232421875
4326,/nas-ctm01/datasets/public/Oxford102Flowers/jpg/image_04327.jpg,image_04327.jpg,22.688400268554688
4327,/nas-ctm01/datasets/public/Oxford102Flowers/jpg/image_04328.jpg,image_04328.jpg,22.213157653808594
4328,/nas-ctm01/datasets/public/Oxford102Flowers/jpg/image_04329.jpg,image_04329.jpg,22.52113914489746
4329,/nas-ctm01/datasets/public/Oxford102Flowers/jpg/image_04330.jpg,image_04330.jpg,21.66658592224121
4330,/nas-ctm01/datasets/public/Oxford102Flowers/jpg/image_04331.jpg,image_04331.jpg,23.14768409729004
4331,/nas-ctm01/datasets/public/Oxford102Flowers/jpg/image_04332.jpg,image_04332.jpg,22.80044937133789
4332,/nas-ctm01/datasets/public/Oxford102Flowers/jpg/image_04333.jpg,image_04333.jpg,22.871253967285156
4333,/nas-ctm01/datasets/public/Oxford102Flowers/jpg/image_04334.jpg,image_04334.jpg,21.285497665405273
4334,/nas-ctm01/datasets/public/Oxford102Flowers/jpg/image_04335.jpg,image_04335.jpg,22.837020874023438
4335,/nas-ctm01/datasets/public/Oxford102Flowers/jpg/image_04336.jpg,image_04336.jpg,22.66913414001465
4336,/nas-ctm01/datasets/public/Oxford102Flowers/jpg/image_04337.jpg,image_04337.jpg,22.855838775634766
4337,/nas-ctm01/datasets/public/Oxford102Flowers/jpg/image_04338.jpg,image_04338.jpg,23.49663734436035
4338,/nas-ctm01/datasets/public/Oxford102Flowers/jpg/image_04339.jpg,image_04339.jpg,23.319774627685547
4339,/nas-ctm01/datasets/public/Oxford102Flowers/jpg/image_04340.jpg,image_04340.jpg,22.72377586364746
4340,/nas-ctm01/datasets/public/Oxford102Flowers/jpg/image_04341.jpg,image_04341.jpg,22.820602416992188
4341,/nas-ctm01/datasets/public/Oxford102Flowers/jpg/image_04342.jpg,image_04342.jpg,23.187131881713867
4342,/nas-ctm01/datasets/public/Oxford102Flowers/jpg/image_04343.jpg,image_04343.jpg,23.34718132019043
4343,/nas-ctm01/datasets/public/Oxford102Flowers/jpg/image_04344.jpg,image_04344.jpg,23.722518920898438
4344,/nas-ctm01/datasets/public/Oxford102Flowers/jpg/image_04345.jpg,image_04345.jpg,23.046175003051758
4345,/nas-ctm01/datasets/public/Oxford102Flowers/jpg/image_04346.jpg,image_04346.jpg,21.664310455322266
4346,/nas-ctm01/datasets/public/Oxford102Flowers/jpg/image_04347.jpg,image_04347.jpg,23.142183303833008
4347,/nas-ctm01/datasets/public/Oxford102Flowers/jpg/image_04348.jpg,image_04348.jpg,22.997007369995117
4348,/nas-ctm01/datasets/public/Oxford102Flowers/jpg/image_04349.jpg,image_04349.jpg,20.665287017822266
4349,/nas-ctm01/datasets/public/Oxford102Flowers/jpg/image_04350.jpg,image_04350.jpg,22.448453903198242
4350,/nas-ctm01/datasets/public/Oxford102Flowers/jpg/image_04351.jpg,image_04351.jpg,22.3642520904541
4351,/nas-ctm01/datasets/public/Oxford102Flowers/jpg/image_04352.jpg,image_04352.jpg,22.797231674194336
4352,/nas-ctm01/datasets/public/Oxford102Flowers/jpg/image_04353.jpg,image_04353.jpg,22.61286163330078
4353,/nas-ctm01/datasets/public/Oxford102Flowers/jpg/image_04354.jpg,image_04354.jpg,22.452392578125
4354,/nas-ctm01/datasets/public/Oxford102Flowers/jpg/image_04355.jpg,image_04355.jpg,22.519411087036133
4355,/nas-ctm01/datasets/public/Oxford102Flowers/jpg/image_04356.jpg,image_04356.jpg,22.92009162902832
4356,/nas-ctm01/datasets/public/Oxford102Flowers/jpg/image_04357.jpg,image_04357.jpg,23.762962341308594
4357,/nas-ctm01/datasets/public/Oxford102Flowers/jpg/image_04358.jpg,image_04358.jpg,22.717435836791992
4358,/nas-ctm01/datasets/public/Oxford102Flowers/jpg/image_04359.jpg,image_04359.jpg,23.196741104125977
4359,/nas-ctm01/datasets/public/Oxford102Flowers/jpg/image_04360.jpg,image_04360.jpg,22.661609649658203
4360,/nas-ctm01/datasets/public/Oxford102Flowers/jpg/image_04361.jpg,image_04361.jpg,22.9110050201416
4361,/nas-ctm01/datasets/public/Oxford102Flowers/jpg/image_04362.jpg,image_04362.jpg,23.391569137573242
4362,/nas-ctm01/datasets/public/Oxford102Flowers/jpg/image_04363.jpg,image_04363.jpg,22.985891342163086
4363,/nas-ctm01/datasets/public/Oxford102Flowers/jpg/image_04364.jpg,image_04364.jpg,23.515090942382812
4364,/nas-ctm01/datasets/public/Oxford102Flowers/jpg/image_04365.jpg,image_04365.jpg,22.75164031982422
4365,/nas-ctm01/datasets/public/Oxford102Flowers/jpg/image_04366.jpg,image_04366.jpg,22.895751953125
4366,/nas-ctm01/datasets/public/Oxford102Flowers/jpg/image_04367.jpg,image_04367.jpg,21.96986198425293
4367,/nas-ctm01/datasets/public/Oxford102Flowers/jpg/image_04368.jpg,image_04368.jpg,22.128082275390625
4368,/nas-ctm01/datasets/public/Oxford102Flowers/jpg/image_04369.jpg,image_04369.jpg,22.8184814453125
4369,/nas-ctm01/datasets/public/Oxford102Flowers/jpg/image_04370.jpg,image_04370.jpg,22.618663787841797
4370,/nas-ctm01/datasets/public/Oxford102Flowers/jpg/image_04371.jpg,image_04371.jpg,23.048017501831055
4371,/nas-ctm01/datasets/public/Oxford102Flowers/jpg/image_04372.jpg,image_04372.jpg,23.230670928955078
4372,/nas-ctm01/datasets/public/Oxford102Flowers/jpg/image_04373.jpg,image_04373.jpg,22.987089157104492
4373,/nas-ctm01/datasets/public/Oxford102Flowers/jpg/image_04374.jpg,image_04374.jpg,22.21805191040039
4374,/nas-ctm01/datasets/public/Oxford102Flowers/jpg/image_04375.jpg,image_04375.jpg,22.393667221069336
4375,/nas-ctm01/datasets/public/Oxford102Flowers/jpg/image_04376.jpg,image_04376.jpg,22.500537872314453
4376,/nas-ctm01/datasets/public/Oxford102Flowers/jpg/image_04377.jpg,image_04377.jpg,22.634241104125977
4377,/nas-ctm01/datasets/public/Oxford102Flowers/jpg/image_04378.jpg,image_04378.jpg,23.050743103027344
4378,/nas-ctm01/datasets/public/Oxford102Flowers/jpg/image_04379.jpg,image_04379.jpg,22.450963973999023
4379,/nas-ctm01/datasets/public/Oxford102Flowers/jpg/image_04380.jpg,image_04380.jpg,22.717500686645508
4380,/nas-ctm01/datasets/public/Oxford102Flowers/jpg/image_04381.jpg,image_04381.jpg,22.424030303955078
4381,/nas-ctm01/datasets/public/Oxford102Flowers/jpg/image_04382.jpg,image_04382.jpg,22.674657821655273
4382,/nas-ctm01/datasets/public/Oxford102Flowers/jpg/image_04383.jpg,image_04383.jpg,23.044172286987305
4383,/nas-ctm01/datasets/public/Oxford102Flowers/jpg/image_04384.jpg,image_04384.jpg,23.504682540893555
4384,/nas-ctm01/datasets/public/Oxford102Flowers/jpg/image_04385.jpg,image_04385.jpg,23.33501434326172
4385,/nas-ctm01/datasets/public/Oxford102Flowers/jpg/image_04386.jpg,image_04386.jpg,22.92268180847168
4386,/nas-ctm01/datasets/public/Oxford102Flowers/jpg/image_04387.jpg,image_04387.jpg,22.512222290039062
4387,/nas-ctm01/datasets/public/Oxford102Flowers/jpg/image_04388.jpg,image_04388.jpg,22.514482498168945
4388,/nas-ctm01/datasets/public/Oxford102Flowers/jpg/image_04389.jpg,image_04389.jpg,23.011442184448242
4389,/nas-ctm01/datasets/public/Oxford102Flowers/jpg/image_04390.jpg,image_04390.jpg,22.798189163208008
4390,/nas-ctm01/datasets/public/Oxford102Flowers/jpg/image_04391.jpg,image_04391.jpg,22.32595443725586
4391,/nas-ctm01/datasets/public/Oxford102Flowers/jpg/image_04392.jpg,image_04392.jpg,22.857725143432617
4392,/nas-ctm01/datasets/public/Oxford102Flowers/jpg/image_04393.jpg,image_04393.jpg,22.456613540649414
4393,/nas-ctm01/datasets/public/Oxford102Flowers/jpg/image_04394.jpg,image_04394.jpg,22.386953353881836
4394,/nas-ctm01/datasets/public/Oxford102Flowers/jpg/image_04395.jpg,image_04395.jpg,22.443674087524414
4395,/nas-ctm01/datasets/public/Oxford102Flowers/jpg/image_04396.jpg,image_04396.jpg,22.44367790222168
4396,/nas-ctm01/datasets/public/Oxford102Flowers/jpg/image_04397.jpg,image_04397.jpg,23.558311462402344
4397,/nas-ctm01/datasets/public/Oxford102Flowers/jpg/image_04398.jpg,image_04398.jpg,22.90673065185547
4398,/nas-ctm01/datasets/public/Oxford102Flowers/jpg/image_04399.jpg,image_04399.jpg,22.939929962158203
4399,/nas-ctm01/datasets/public/Oxford102Flowers/jpg/image_04400.jpg,image_04400.jpg,22.41982650756836
4400,/nas-ctm01/datasets/public/Oxford102Flowers/jpg/image_04401.jpg,image_04401.jpg,21.740121841430664
4401,/nas-ctm01/datasets/public/Oxford102Flowers/jpg/image_04402.jpg,image_04402.jpg,21.589818954467773
4402,/nas-ctm01/datasets/public/Oxford102Flowers/jpg/image_04403.jpg,image_04403.jpg,21.496353149414062
4403,/nas-ctm01/datasets/public/Oxford102Flowers/jpg/image_04404.jpg,image_04404.jpg,21.08319664001465
4404,/nas-ctm01/datasets/public/Oxford102Flowers/jpg/image_04405.jpg,image_04405.jpg,21.732221603393555
4405,/nas-ctm01/datasets/public/Oxford102Flowers/jpg/image_04406.jpg,image_04406.jpg,21.79086685180664
4406,/nas-ctm01/datasets/public/Oxford102Flowers/jpg/image_04407.jpg,image_04407.jpg,21.202756881713867
4407,/nas-ctm01/datasets/public/Oxford102Flowers/jpg/image_04408.jpg,image_04408.jpg,21.961589813232422
4408,/nas-ctm01/datasets/public/Oxford102Flowers/jpg/image_04409.jpg,image_04409.jpg,21.80005645751953
4409,/nas-ctm01/datasets/public/Oxford102Flowers/jpg/image_04410.jpg,image_04410.jpg,21.61865234375
4410,/nas-ctm01/datasets/public/Oxford102Flowers/jpg/image_04411.jpg,image_04411.jpg,22.35643768310547
4411,/nas-ctm01/datasets/public/Oxford102Flowers/jpg/image_04412.jpg,image_04412.jpg,21.400789260864258
4412,/nas-ctm01/datasets/public/Oxford102Flowers/jpg/image_04413.jpg,image_04413.jpg,20.801584243774414
4413,/nas-ctm01/datasets/public/Oxford102Flowers/jpg/image_04414.jpg,image_04414.jpg,21.52269172668457
4414,/nas-ctm01/datasets/public/Oxford102Flowers/jpg/image_04415.jpg,image_04415.jpg,22.126800537109375
4415,/nas-ctm01/datasets/public/Oxford102Flowers/jpg/image_04416.jpg,image_04416.jpg,21.346824645996094
4416,/nas-ctm01/datasets/public/Oxford102Flowers/jpg/image_04417.jpg,image_04417.jpg,21.30948257446289
4417,/nas-ctm01/datasets/public/Oxford102Flowers/jpg/image_04418.jpg,image_04418.jpg,21.82863998413086
4418,/nas-ctm01/datasets/public/Oxford102Flowers/jpg/image_04419.jpg,image_04419.jpg,22.077077865600586
4419,/nas-ctm01/datasets/public/Oxford102Flowers/jpg/image_04420.jpg,image_04420.jpg,21.507678985595703
4420,/nas-ctm01/datasets/public/Oxford102Flowers/jpg/image_04421.jpg,image_04421.jpg,21.749910354614258
4421,/nas-ctm01/datasets/public/Oxford102Flowers/jpg/image_04422.jpg,image_04422.jpg,21.287063598632812
4422,/nas-ctm01/datasets/public/Oxford102Flowers/jpg/image_04423.jpg,image_04423.jpg,21.84482765197754
4423,/nas-ctm01/datasets/public/Oxford102Flowers/jpg/image_04424.jpg,image_04424.jpg,21.8023624420166
4424,/nas-ctm01/datasets/public/Oxford102Flowers/jpg/image_04425.jpg,image_04425.jpg,21.33109474182129
4425,/nas-ctm01/datasets/public/Oxford102Flowers/jpg/image_04426.jpg,image_04426.jpg,21.06382942199707
4426,/nas-ctm01/datasets/public/Oxford102Flowers/jpg/image_04427.jpg,image_04427.jpg,22.1368350982666
4427,/nas-ctm01/datasets/public/Oxford102Flowers/jpg/image_04428.jpg,image_04428.jpg,21.379589080810547
4428,/nas-ctm01/datasets/public/Oxford102Flowers/jpg/image_04429.jpg,image_04429.jpg,22.218488693237305
4429,/nas-ctm01/datasets/public/Oxford102Flowers/jpg/image_04430.jpg,image_04430.jpg,20.880220413208008
4430,/nas-ctm01/datasets/public/Oxford102Flowers/jpg/image_04431.jpg,image_04431.jpg,21.158199310302734
4431,/nas-ctm01/datasets/public/Oxford102Flowers/jpg/image_04432.jpg,image_04432.jpg,21.60529327392578
4432,/nas-ctm01/datasets/public/Oxford102Flowers/jpg/image_04433.jpg,image_04433.jpg,20.829938888549805
4433,/nas-ctm01/datasets/public/Oxford102Flowers/jpg/image_04434.jpg,image_04434.jpg,21.679401397705078
4434,/nas-ctm01/datasets/public/Oxford102Flowers/jpg/image_04435.jpg,image_04435.jpg,22.335819244384766
4435,/nas-ctm01/datasets/public/Oxford102Flowers/jpg/image_04436.jpg,image_04436.jpg,21.199657440185547
4436,/nas-ctm01/datasets/public/Oxford102Flowers/jpg/image_04437.jpg,image_04437.jpg,20.842527389526367
4437,/nas-ctm01/datasets/public/Oxford102Flowers/jpg/image_04438.jpg,image_04438.jpg,21.618106842041016
4438,/nas-ctm01/datasets/public/Oxford102Flowers/jpg/image_04439.jpg,image_04439.jpg,21.996688842773438
4439,/nas-ctm01/datasets/public/Oxford102Flowers/jpg/image_04440.jpg,image_04440.jpg,21.42927360534668
4440,/nas-ctm01/datasets/public/Oxford102Flowers/jpg/image_04441.jpg,image_04441.jpg,21.351396560668945
4441,/nas-ctm01/datasets/public/Oxford102Flowers/jpg/image_04442.jpg,image_04442.jpg,21.453699111938477
4442,/nas-ctm01/datasets/public/Oxford102Flowers/jpg/image_04443.jpg,image_04443.jpg,21.803119659423828
4443,/nas-ctm01/datasets/public/Oxford102Flowers/jpg/image_04444.jpg,image_04444.jpg,22.561857223510742
4444,/nas-ctm01/datasets/public/Oxford102Flowers/jpg/image_04445.jpg,image_04445.jpg,21.26871109008789
4445,/nas-ctm01/datasets/public/Oxford102Flowers/jpg/image_04446.jpg,image_04446.jpg,21.68954086303711
4446,/nas-ctm01/datasets/public/Oxford102Flowers/jpg/image_04447.jpg,image_04447.jpg,21.77676773071289
4447,/nas-ctm01/datasets/public/Oxford102Flowers/jpg/image_04448.jpg,image_04448.jpg,21.73981475830078
4448,/nas-ctm01/datasets/public/Oxford102Flowers/jpg/image_04449.jpg,image_04449.jpg,21.29180335998535
4449,/nas-ctm01/datasets/public/Oxford102Flowers/jpg/image_04450.jpg,image_04450.jpg,20.78317642211914
4450,/nas-ctm01/datasets/public/Oxford102Flowers/jpg/image_04451.jpg,image_04451.jpg,21.466474533081055
4451,/nas-ctm01/datasets/public/Oxford102Flowers/jpg/image_04452.jpg,image_04452.jpg,21.857152938842773
4452,/nas-ctm01/datasets/public/Oxford102Flowers/jpg/image_04453.jpg,image_04453.jpg,21.4567928314209
4453,/nas-ctm01/datasets/public/Oxford102Flowers/jpg/image_04454.jpg,image_04454.jpg,21.349571228027344
4454,/nas-ctm01/datasets/public/Oxford102Flowers/jpg/image_04455.jpg,image_04455.jpg,20.70926284790039
4455,/nas-ctm01/datasets/public/Oxford102Flowers/jpg/image_04456.jpg,image_04456.jpg,20.929805755615234
4456,/nas-ctm01/datasets/public/Oxford102Flowers/jpg/image_04457.jpg,image_04457.jpg,22.258413314819336
4457,/nas-ctm01/datasets/public/Oxford102Flowers/jpg/image_04458.jpg,image_04458.jpg,20.910476684570312
4458,/nas-ctm01/datasets/public/Oxford102Flowers/jpg/image_04459.jpg,image_04459.jpg,21.24784278869629
4459,/nas-ctm01/datasets/public/Oxford102Flowers/jpg/image_04460.jpg,image_04460.jpg,21.57185935974121
4460,/nas-ctm01/datasets/public/Oxford102Flowers/jpg/image_04461.jpg,image_04461.jpg,22.296838760375977
4461,/nas-ctm01/datasets/public/Oxford102Flowers/jpg/image_04462.jpg,image_04462.jpg,21.806983947753906
4462,/nas-ctm01/datasets/public/Oxford102Flowers/jpg/image_04463.jpg,image_04463.jpg,21.642473220825195
4463,/nas-ctm01/datasets/public/Oxford102Flowers/jpg/image_04464.jpg,image_04464.jpg,21.193401336669922
4464,/nas-ctm01/datasets/public/Oxford102Flowers/jpg/image_04465.jpg,image_04465.jpg,21.4554386138916
4465,/nas-ctm01/datasets/public/Oxford102Flowers/jpg/image_04466.jpg,image_04466.jpg,22.09609031677246
4466,/nas-ctm01/datasets/public/Oxford102Flowers/jpg/image_04467.jpg,image_04467.jpg,21.994237899780273
4467,/nas-ctm01/datasets/public/Oxford102Flowers/jpg/image_04468.jpg,image_04468.jpg,21.457536697387695
4468,/nas-ctm01/datasets/public/Oxford102Flowers/jpg/image_04469.jpg,image_04469.jpg,21.3385009765625
4469,/nas-ctm01/datasets/public/Oxford102Flowers/jpg/image_04470.jpg,image_04470.jpg,21.871692657470703
4470,/nas-ctm01/datasets/public/Oxford102Flowers/jpg/image_04471.jpg,image_04471.jpg,21.61134910583496
4471,/nas-ctm01/datasets/public/Oxford102Flowers/jpg/image_04472.jpg,image_04472.jpg,22.03312873840332
4472,/nas-ctm01/datasets/public/Oxford102Flowers/jpg/image_04473.jpg,image_04473.jpg,21.2196102142334
4473,/nas-ctm01/datasets/public/Oxford102Flowers/jpg/image_04474.jpg,image_04474.jpg,21.764720916748047
4474,/nas-ctm01/datasets/public/Oxford102Flowers/jpg/image_04475.jpg,image_04475.jpg,21.437761306762695
4475,/nas-ctm01/datasets/public/Oxford102Flowers/jpg/image_04476.jpg,image_04476.jpg,21.83135986328125
4476,/nas-ctm01/datasets/public/Oxford102Flowers/jpg/image_04477.jpg,image_04477.jpg,22.577810287475586
4477,/nas-ctm01/datasets/public/Oxford102Flowers/jpg/image_04478.jpg,image_04478.jpg,21.82627296447754
4478,/nas-ctm01/datasets/public/Oxford102Flowers/jpg/image_04479.jpg,image_04479.jpg,21.55895233154297
4479,/nas-ctm01/datasets/public/Oxford102Flowers/jpg/image_04480.jpg,image_04480.jpg,21.3134765625
4480,/nas-ctm01/datasets/public/Oxford102Flowers/jpg/image_04481.jpg,image_04481.jpg,21.03109359741211
4481,/nas-ctm01/datasets/public/Oxford102Flowers/jpg/image_04482.jpg,image_04482.jpg,21.808738708496094
4482,/nas-ctm01/datasets/public/Oxford102Flowers/jpg/image_04483.jpg,image_04483.jpg,19.8433895111084
4483,/nas-ctm01/datasets/public/Oxford102Flowers/jpg/image_04484.jpg,image_04484.jpg,22.15213394165039
4484,/nas-ctm01/datasets/public/Oxford102Flowers/jpg/image_04485.jpg,image_04485.jpg,20.943490982055664
4485,/nas-ctm01/datasets/public/Oxford102Flowers/jpg/image_04486.jpg,image_04486.jpg,21.91008949279785
4486,/nas-ctm01/datasets/public/Oxford102Flowers/jpg/image_04487.jpg,image_04487.jpg,21.08292007446289
4487,/nas-ctm01/datasets/public/Oxford102Flowers/jpg/image_04488.jpg,image_04488.jpg,20.656631469726562
4488,/nas-ctm01/datasets/public/Oxford102Flowers/jpg/image_04489.jpg,image_04489.jpg,21.46198081970215
4489,/nas-ctm01/datasets/public/Oxford102Flowers/jpg/image_04490.jpg,image_04490.jpg,21.104576110839844
4490,/nas-ctm01/datasets/public/Oxford102Flowers/jpg/image_04491.jpg,image_04491.jpg,21.464811325073242
4491,/nas-ctm01/datasets/public/Oxford102Flowers/jpg/image_04492.jpg,image_04492.jpg,20.406044006347656
4492,/nas-ctm01/datasets/public/Oxford102Flowers/jpg/image_04493.jpg,image_04493.jpg,20.9245662689209
4493,/nas-ctm01/datasets/public/Oxford102Flowers/jpg/image_04494.jpg,image_04494.jpg,20.918354034423828
4494,/nas-ctm01/datasets/public/Oxford102Flowers/jpg/image_04495.jpg,image_04495.jpg,21.113800048828125
4495,/nas-ctm01/datasets/public/Oxford102Flowers/jpg/image_04496.jpg,image_04496.jpg,21.44854164123535
4496,/nas-ctm01/datasets/public/Oxford102Flowers/jpg/image_04497.jpg,image_04497.jpg,21.75695037841797
4497,/nas-ctm01/datasets/public/Oxford102Flowers/jpg/image_04498.jpg,image_04498.jpg,21.127872467041016
4498,/nas-ctm01/datasets/public/Oxford102Flowers/jpg/image_04499.jpg,image_04499.jpg,20.898900985717773
4499,/nas-ctm01/datasets/public/Oxford102Flowers/jpg/image_04500.jpg,image_04500.jpg,21.289947509765625
4500,/nas-ctm01/datasets/public/Oxford102Flowers/jpg/image_04501.jpg,image_04501.jpg,21.81905746459961
4501,/nas-ctm01/datasets/public/Oxford102Flowers/jpg/image_04502.jpg,image_04502.jpg,21.45314598083496
4502,/nas-ctm01/datasets/public/Oxford102Flowers/jpg/image_04503.jpg,image_04503.jpg,20.90331268310547
4503,/nas-ctm01/datasets/public/Oxford102Flowers/jpg/image_04504.jpg,image_04504.jpg,21.42760467529297
4504,/nas-ctm01/datasets/public/Oxford102Flowers/jpg/image_04505.jpg,image_04505.jpg,20.666156768798828
4505,/nas-ctm01/datasets/public/Oxford102Flowers/jpg/image_04506.jpg,image_04506.jpg,20.698688507080078
4506,/nas-ctm01/datasets/public/Oxford102Flowers/jpg/image_04507.jpg,image_04507.jpg,21.34447479248047
4507,/nas-ctm01/datasets/public/Oxford102Flowers/jpg/image_04508.jpg,image_04508.jpg,21.317928314208984
4508,/nas-ctm01/datasets/public/Oxford102Flowers/jpg/image_04509.jpg,image_04509.jpg,21.181541442871094
4509,/nas-ctm01/datasets/public/Oxford102Flowers/jpg/image_04510.jpg,image_04510.jpg,21.2236385345459
4510,/nas-ctm01/datasets/public/Oxford102Flowers/jpg/image_04511.jpg,image_04511.jpg,21.568769454956055
4511,/nas-ctm01/datasets/public/Oxford102Flowers/jpg/image_04512.jpg,image_04512.jpg,21.24825096130371
4512,/nas-ctm01/datasets/public/Oxford102Flowers/jpg/image_04513.jpg,image_04513.jpg,21.13146209716797
4513,/nas-ctm01/datasets/public/Oxford102Flowers/jpg/image_04514.jpg,image_04514.jpg,22.226686477661133
4514,/nas-ctm01/datasets/public/Oxford102Flowers/jpg/image_04515.jpg,image_04515.jpg,21.68490219116211
4515,/nas-ctm01/datasets/public/Oxford102Flowers/jpg/image_04516.jpg,image_04516.jpg,21.444971084594727
4516,/nas-ctm01/datasets/public/Oxford102Flowers/jpg/image_04517.jpg,image_04517.jpg,21.496870040893555
4517,/nas-ctm01/datasets/public/Oxford102Flowers/jpg/image_04518.jpg,image_04518.jpg,20.67316436767578
4518,/nas-ctm01/datasets/public/Oxford102Flowers/jpg/image_04519.jpg,image_04519.jpg,21.371278762817383
4519,/nas-ctm01/datasets/public/Oxford102Flowers/jpg/image_04520.jpg,image_04520.jpg,21.10212516784668
4520,/nas-ctm01/datasets/public/Oxford102Flowers/jpg/image_04521.jpg,image_04521.jpg,21.6676082611084
4521,/nas-ctm01/datasets/public/Oxford102Flowers/jpg/image_04522.jpg,image_04522.jpg,21.55096435546875
4522,/nas-ctm01/datasets/public/Oxford102Flowers/jpg/image_04523.jpg,image_04523.jpg,19.986988067626953
4523,/nas-ctm01/datasets/public/Oxford102Flowers/jpg/image_04524.jpg,image_04524.jpg,21.843717575073242
4524,/nas-ctm01/datasets/public/Oxford102Flowers/jpg/image_04525.jpg,image_04525.jpg,21.410934448242188
4525,/nas-ctm01/datasets/public/Oxford102Flowers/jpg/image_04526.jpg,image_04526.jpg,21.082008361816406
4526,/nas-ctm01/datasets/public/Oxford102Flowers/jpg/image_04527.jpg,image_04527.jpg,21.777769088745117
4527,/nas-ctm01/datasets/public/Oxford102Flowers/jpg/image_04528.jpg,image_04528.jpg,20.939956665039062
4528,/nas-ctm01/datasets/public/Oxford102Flowers/jpg/image_04529.jpg,image_04529.jpg,21.89151954650879
4529,/nas-ctm01/datasets/public/Oxford102Flowers/jpg/image_04530.jpg,image_04530.jpg,21.208438873291016
4530,/nas-ctm01/datasets/public/Oxford102Flowers/jpg/image_04531.jpg,image_04531.jpg,21.171445846557617
4531,/nas-ctm01/datasets/public/Oxford102Flowers/jpg/image_04532.jpg,image_04532.jpg,20.58028793334961
4532,/nas-ctm01/datasets/public/Oxford102Flowers/jpg/image_04533.jpg,image_04533.jpg,20.609451293945312
4533,/nas-ctm01/datasets/public/Oxford102Flowers/jpg/image_04534.jpg,image_04534.jpg,21.39431381225586
4534,/nas-ctm01/datasets/public/Oxford102Flowers/jpg/image_04535.jpg,image_04535.jpg,21.670379638671875
4535,/nas-ctm01/datasets/public/Oxford102Flowers/jpg/image_04536.jpg,image_04536.jpg,21.937719345092773
4536,/nas-ctm01/datasets/public/Oxford102Flowers/jpg/image_04537.jpg,image_04537.jpg,21.030452728271484
4537,/nas-ctm01/datasets/public/Oxford102Flowers/jpg/image_04538.jpg,image_04538.jpg,21.07093620300293
4538,/nas-ctm01/datasets/public/Oxford102Flowers/jpg/image_04539.jpg,image_04539.jpg,21.17430877685547
4539,/nas-ctm01/datasets/public/Oxford102Flowers/jpg/image_04540.jpg,image_04540.jpg,21.27506446838379
4540,/nas-ctm01/datasets/public/Oxford102Flowers/jpg/image_04541.jpg,image_04541.jpg,21.741802215576172
4541,/nas-ctm01/datasets/public/Oxford102Flowers/jpg/image_04542.jpg,image_04542.jpg,20.239362716674805
4542,/nas-ctm01/datasets/public/Oxford102Flowers/jpg/image_04543.jpg,image_04543.jpg,20.82758331298828
4543,/nas-ctm01/datasets/public/Oxford102Flowers/jpg/image_04544.jpg,image_04544.jpg,20.64025115966797
4544,/nas-ctm01/datasets/public/Oxford102Flowers/jpg/image_04545.jpg,image_04545.jpg,20.422454833984375
4545,/nas-ctm01/datasets/public/Oxford102Flowers/jpg/image_04546.jpg,image_04546.jpg,20.71379852294922
4546,/nas-ctm01/datasets/public/Oxford102Flowers/jpg/image_04547.jpg,image_04547.jpg,21.730295181274414
4547,/nas-ctm01/datasets/public/Oxford102Flowers/jpg/image_04548.jpg,image_04548.jpg,20.32191276550293
4548,/nas-ctm01/datasets/public/Oxford102Flowers/jpg/image_04549.jpg,image_04549.jpg,21.071453094482422
4549,/nas-ctm01/datasets/public/Oxford102Flowers/jpg/image_04550.jpg,image_04550.jpg,21.253385543823242
4550,/nas-ctm01/datasets/public/Oxford102Flowers/jpg/image_04551.jpg,image_04551.jpg,21.646169662475586
4551,/nas-ctm01/datasets/public/Oxford102Flowers/jpg/image_04552.jpg,image_04552.jpg,21.208770751953125
4552,/nas-ctm01/datasets/public/Oxford102Flowers/jpg/image_04553.jpg,image_04553.jpg,21.078632354736328
4553,/nas-ctm01/datasets/public/Oxford102Flowers/jpg/image_04554.jpg,image_04554.jpg,21.475231170654297
4554,/nas-ctm01/datasets/public/Oxford102Flowers/jpg/image_04555.jpg,image_04555.jpg,21.463062286376953
4555,/nas-ctm01/datasets/public/Oxford102Flowers/jpg/image_04556.jpg,image_04556.jpg,21.807552337646484
4556,/nas-ctm01/datasets/public/Oxford102Flowers/jpg/image_04557.jpg,image_04557.jpg,21.195127487182617
4557,/nas-ctm01/datasets/public/Oxford102Flowers/jpg/image_04558.jpg,image_04558.jpg,22.433897018432617
4558,/nas-ctm01/datasets/public/Oxford102Flowers/jpg/image_04559.jpg,image_04559.jpg,22.29133415222168
4559,/nas-ctm01/datasets/public/Oxford102Flowers/jpg/image_04560.jpg,image_04560.jpg,21.821622848510742
4560,/nas-ctm01/datasets/public/Oxford102Flowers/jpg/image_04561.jpg,image_04561.jpg,22.199081420898438
4561,/nas-ctm01/datasets/public/Oxford102Flowers/jpg/image_04562.jpg,image_04562.jpg,20.435609817504883
4562,/nas-ctm01/datasets/public/Oxford102Flowers/jpg/image_04563.jpg,image_04563.jpg,21.865463256835938
4563,/nas-ctm01/datasets/public/Oxford102Flowers/jpg/image_04564.jpg,image_04564.jpg,21.814109802246094
4564,/nas-ctm01/datasets/public/Oxford102Flowers/jpg/image_04565.jpg,image_04565.jpg,22.675174713134766
4565,/nas-ctm01/datasets/public/Oxford102Flowers/jpg/image_04566.jpg,image_04566.jpg,20.996641159057617
4566,/nas-ctm01/datasets/public/Oxford102Flowers/jpg/image_04567.jpg,image_04567.jpg,21.88717269897461
4567,/nas-ctm01/datasets/public/Oxford102Flowers/jpg/image_04568.jpg,image_04568.jpg,22.007448196411133
4568,/nas-ctm01/datasets/public/Oxford102Flowers/jpg/image_04569.jpg,image_04569.jpg,21.530508041381836
4569,/nas-ctm01/datasets/public/Oxford102Flowers/jpg/image_04570.jpg,image_04570.jpg,21.809309005737305
4570,/nas-ctm01/datasets/public/Oxford102Flowers/jpg/image_04571.jpg,image_04571.jpg,20.67755889892578
4571,/nas-ctm01/datasets/public/Oxford102Flowers/jpg/image_04572.jpg,image_04572.jpg,21.312015533447266
4572,/nas-ctm01/datasets/public/Oxford102Flowers/jpg/image_04573.jpg,image_04573.jpg,22.001747131347656
4573,/nas-ctm01/datasets/public/Oxford102Flowers/jpg/image_04574.jpg,image_04574.jpg,21.241256713867188
4574,/nas-ctm01/datasets/public/Oxford102Flowers/jpg/image_04575.jpg,image_04575.jpg,21.949066162109375
4575,/nas-ctm01/datasets/public/Oxford102Flowers/jpg/image_04576.jpg,image_04576.jpg,22.16860008239746
4576,/nas-ctm01/datasets/public/Oxford102Flowers/jpg/image_04577.jpg,image_04577.jpg,21.58808135986328
4577,/nas-ctm01/datasets/public/Oxford102Flowers/jpg/image_04578.jpg,image_04578.jpg,22.048900604248047
4578,/nas-ctm01/datasets/public/Oxford102Flowers/jpg/image_04579.jpg,image_04579.jpg,22.460769653320312
4579,/nas-ctm01/datasets/public/Oxford102Flowers/jpg/image_04580.jpg,image_04580.jpg,21.744964599609375
4580,/nas-ctm01/datasets/public/Oxford102Flowers/jpg/image_04581.jpg,image_04581.jpg,21.632099151611328
4581,/nas-ctm01/datasets/public/Oxford102Flowers/jpg/image_04582.jpg,image_04582.jpg,22.426864624023438
4582,/nas-ctm01/datasets/public/Oxford102Flowers/jpg/image_04583.jpg,image_04583.jpg,22.19856834411621
4583,/nas-ctm01/datasets/public/Oxford102Flowers/jpg/image_04584.jpg,image_04584.jpg,21.65322494506836
4584,/nas-ctm01/datasets/public/Oxford102Flowers/jpg/image_04585.jpg,image_04585.jpg,21.97440528869629
4585,/nas-ctm01/datasets/public/Oxford102Flowers/jpg/image_04586.jpg,image_04586.jpg,21.716215133666992
4586,/nas-ctm01/datasets/public/Oxford102Flowers/jpg/image_04587.jpg,image_04587.jpg,21.62803840637207
4587,/nas-ctm01/datasets/public/Oxford102Flowers/jpg/image_04588.jpg,image_04588.jpg,21.848388671875
4588,/nas-ctm01/datasets/public/Oxford102Flowers/jpg/image_04589.jpg,image_04589.jpg,22.442285537719727
4589,/nas-ctm01/datasets/public/Oxford102Flowers/jpg/image_04590.jpg,image_04590.jpg,22.336448669433594
4590,/nas-ctm01/datasets/public/Oxford102Flowers/jpg/image_04591.jpg,image_04591.jpg,20.970460891723633
4591,/nas-ctm01/datasets/public/Oxford102Flowers/jpg/image_04592.jpg,image_04592.jpg,21.35118865966797
4592,/nas-ctm01/datasets/public/Oxford102Flowers/jpg/image_04593.jpg,image_04593.jpg,21.64948844909668
4593,/nas-ctm01/datasets/public/Oxford102Flowers/jpg/image_04594.jpg,image_04594.jpg,21.13943099975586
4594,/nas-ctm01/datasets/public/Oxford102Flowers/jpg/image_04595.jpg,image_04595.jpg,21.780887603759766
4595,/nas-ctm01/datasets/public/Oxford102Flowers/jpg/image_04596.jpg,image_04596.jpg,22.645023345947266
4596,/nas-ctm01/datasets/public/Oxford102Flowers/jpg/image_04597.jpg,image_04597.jpg,23.043787002563477
4597,/nas-ctm01/datasets/public/Oxford102Flowers/jpg/image_04598.jpg,image_04598.jpg,21.36575698852539
4598,/nas-ctm01/datasets/public/Oxford102Flowers/jpg/image_04599.jpg,image_04599.jpg,22.598976135253906
4599,/nas-ctm01/datasets/public/Oxford102Flowers/jpg/image_04600.jpg,image_04600.jpg,22.316320419311523
4600,/nas-ctm01/datasets/public/Oxford102Flowers/jpg/image_04601.jpg,image_04601.jpg,22.213403701782227
4601,/nas-ctm01/datasets/public/Oxford102Flowers/jpg/image_04602.jpg,image_04602.jpg,22.491601943969727
4602,/nas-ctm01/datasets/public/Oxford102Flowers/jpg/image_04603.jpg,image_04603.jpg,22.480255126953125
4603,/nas-ctm01/datasets/public/Oxford102Flowers/jpg/image_04604.jpg,image_04604.jpg,20.953500747680664
4604,/nas-ctm01/datasets/public/Oxford102Flowers/jpg/image_04605.jpg,image_04605.jpg,21.166303634643555
4605,/nas-ctm01/datasets/public/Oxford102Flowers/jpg/image_04606.jpg,image_04606.jpg,22.505096435546875
4606,/nas-ctm01/datasets/public/Oxford102Flowers/jpg/image_04607.jpg,image_04607.jpg,21.630043029785156
4607,/nas-ctm01/datasets/public/Oxford102Flowers/jpg/image_04608.jpg,image_04608.jpg,21.056982040405273
4608,/nas-ctm01/datasets/public/Oxford102Flowers/jpg/image_04609.jpg,image_04609.jpg,22.37044906616211
4609,/nas-ctm01/datasets/public/Oxford102Flowers/jpg/image_04610.jpg,image_04610.jpg,21.88555908203125
4610,/nas-ctm01/datasets/public/Oxford102Flowers/jpg/image_04611.jpg,image_04611.jpg,21.452999114990234
4611,/nas-ctm01/datasets/public/Oxford102Flowers/jpg/image_04612.jpg,image_04612.jpg,22.472326278686523
4612,/nas-ctm01/datasets/public/Oxford102Flowers/jpg/image_04613.jpg,image_04613.jpg,22.302337646484375
4613,/nas-ctm01/datasets/public/Oxford102Flowers/jpg/image_04614.jpg,image_04614.jpg,21.449264526367188
4614,/nas-ctm01/datasets/public/Oxford102Flowers/jpg/image_04615.jpg,image_04615.jpg,20.971466064453125
4615,/nas-ctm01/datasets/public/Oxford102Flowers/jpg/image_04616.jpg,image_04616.jpg,21.33601951599121
4616,/nas-ctm01/datasets/public/Oxford102Flowers/jpg/image_04617.jpg,image_04617.jpg,20.8731746673584
4617,/nas-ctm01/datasets/public/Oxford102Flowers/jpg/image_04618.jpg,image_04618.jpg,21.282163619995117
4618,/nas-ctm01/datasets/public/Oxford102Flowers/jpg/image_04619.jpg,image_04619.jpg,21.863815307617188
4619,/nas-ctm01/datasets/public/Oxford102Flowers/jpg/image_04620.jpg,image_04620.jpg,22.009138107299805
4620,/nas-ctm01/datasets/public/Oxford102Flowers/jpg/image_04621.jpg,image_04621.jpg,22.10976219177246
4621,/nas-ctm01/datasets/public/Oxford102Flowers/jpg/image_04622.jpg,image_04622.jpg,22.07288360595703
4622,/nas-ctm01/datasets/public/Oxford102Flowers/jpg/image_04623.jpg,image_04623.jpg,20.407371520996094
4623,/nas-ctm01/datasets/public/Oxford102Flowers/jpg/image_04624.jpg,image_04624.jpg,22.159984588623047
4624,/nas-ctm01/datasets/public/Oxford102Flowers/jpg/image_04625.jpg,image_04625.jpg,22.100543975830078
4625,/nas-ctm01/datasets/public/Oxford102Flowers/jpg/image_04626.jpg,image_04626.jpg,21.599929809570312
4626,/nas-ctm01/datasets/public/Oxford102Flowers/jpg/image_04627.jpg,image_04627.jpg,22.05608367919922
4627,/nas-ctm01/datasets/public/Oxford102Flowers/jpg/image_04628.jpg,image_04628.jpg,21.761289596557617
4628,/nas-ctm01/datasets/public/Oxford102Flowers/jpg/image_04629.jpg,image_04629.jpg,20.785945892333984
4629,/nas-ctm01/datasets/public/Oxford102Flowers/jpg/image_04630.jpg,image_04630.jpg,21.64655876159668
4630,/nas-ctm01/datasets/public/Oxford102Flowers/jpg/image_04631.jpg,image_04631.jpg,22.067502975463867
4631,/nas-ctm01/datasets/public/Oxford102Flowers/jpg/image_04632.jpg,image_04632.jpg,21.725427627563477
4632,/nas-ctm01/datasets/public/Oxford102Flowers/jpg/image_04633.jpg,image_04633.jpg,21.403676986694336
4633,/nas-ctm01/datasets/public/Oxford102Flowers/jpg/image_04634.jpg,image_04634.jpg,21.70936393737793
4634,/nas-ctm01/datasets/public/Oxford102Flowers/jpg/image_04635.jpg,image_04635.jpg,21.109710693359375
4635,/nas-ctm01/datasets/public/Oxford102Flowers/jpg/image_04636.jpg,image_04636.jpg,21.010662078857422
4636,/nas-ctm01/datasets/public/Oxford102Flowers/jpg/image_04637.jpg,image_04637.jpg,21.215778350830078
4637,/nas-ctm01/datasets/public/Oxford102Flowers/jpg/image_04638.jpg,image_04638.jpg,20.741580963134766
4638,/nas-ctm01/datasets/public/Oxford102Flowers/jpg/image_04639.jpg,image_04639.jpg,21.408573150634766
4639,/nas-ctm01/datasets/public/Oxford102Flowers/jpg/image_04640.jpg,image_04640.jpg,21.14024543762207
4640,/nas-ctm01/datasets/public/Oxford102Flowers/jpg/image_04641.jpg,image_04641.jpg,21.634450912475586
4641,/nas-ctm01/datasets/public/Oxford102Flowers/jpg/image_04642.jpg,image_04642.jpg,21.600065231323242
4642,/nas-ctm01/datasets/public/Oxford102Flowers/jpg/image_04643.jpg,image_04643.jpg,21.946455001831055
4643,/nas-ctm01/datasets/public/Oxford102Flowers/jpg/image_04644.jpg,image_04644.jpg,21.766416549682617
4644,/nas-ctm01/datasets/public/Oxford102Flowers/jpg/image_04645.jpg,image_04645.jpg,21.679515838623047
4645,/nas-ctm01/datasets/public/Oxford102Flowers/jpg/image_04646.jpg,image_04646.jpg,21.897871017456055
4646,/nas-ctm01/datasets/public/Oxford102Flowers/jpg/image_04647.jpg,image_04647.jpg,21.489097595214844
4647,/nas-ctm01/datasets/public/Oxford102Flowers/jpg/image_04648.jpg,image_04648.jpg,21.921722412109375
4648,/nas-ctm01/datasets/public/Oxford102Flowers/jpg/image_04649.jpg,image_04649.jpg,21.042966842651367
4649,/nas-ctm01/datasets/public/Oxford102Flowers/jpg/image_04650.jpg,image_04650.jpg,21.421794891357422
4650,/nas-ctm01/datasets/public/Oxford102Flowers/jpg/image_04651.jpg,image_04651.jpg,21.49167251586914
4651,/nas-ctm01/datasets/public/Oxford102Flowers/jpg/image_04652.jpg,image_04652.jpg,20.88459014892578
4652,/nas-ctm01/datasets/public/Oxford102Flowers/jpg/image_04653.jpg,image_04653.jpg,20.20936393737793
4653,/nas-ctm01/datasets/public/Oxford102Flowers/jpg/image_04654.jpg,image_04654.jpg,21.542449951171875
4654,/nas-ctm01/datasets/public/Oxford102Flowers/jpg/image_04655.jpg,image_04655.jpg,21.088768005371094
4655,/nas-ctm01/datasets/public/Oxford102Flowers/jpg/image_04656.jpg,image_04656.jpg,21.806251525878906
4656,/nas-ctm01/datasets/public/Oxford102Flowers/jpg/image_04657.jpg,image_04657.jpg,21.53697395324707
4657,/nas-ctm01/datasets/public/Oxford102Flowers/jpg/image_04658.jpg,image_04658.jpg,21.90807342529297
4658,/nas-ctm01/datasets/public/Oxford102Flowers/jpg/image_04659.jpg,image_04659.jpg,22.022994995117188
4659,/nas-ctm01/datasets/public/Oxford102Flowers/jpg/image_04660.jpg,image_04660.jpg,22.65642547607422
4660,/nas-ctm01/datasets/public/Oxford102Flowers/jpg/image_04661.jpg,image_04661.jpg,21.263994216918945
4661,/nas-ctm01/datasets/public/Oxford102Flowers/jpg/image_04662.jpg,image_04662.jpg,22.039230346679688
4662,/nas-ctm01/datasets/public/Oxford102Flowers/jpg/image_04663.jpg,image_04663.jpg,21.140024185180664
4663,/nas-ctm01/datasets/public/Oxford102Flowers/jpg/image_04664.jpg,image_04664.jpg,21.476266860961914
4664,/nas-ctm01/datasets/public/Oxford102Flowers/jpg/image_04665.jpg,image_04665.jpg,21.26457405090332
4665,/nas-ctm01/datasets/public/Oxford102Flowers/jpg/image_04666.jpg,image_04666.jpg,21.371980667114258
4666,/nas-ctm01/datasets/public/Oxford102Flowers/jpg/image_04667.jpg,image_04667.jpg,21.645357131958008
4667,/nas-ctm01/datasets/public/Oxford102Flowers/jpg/image_04668.jpg,image_04668.jpg,22.46921157836914
4668,/nas-ctm01/datasets/public/Oxford102Flowers/jpg/image_04669.jpg,image_04669.jpg,22.0031795501709
4669,/nas-ctm01/datasets/public/Oxford102Flowers/jpg/image_04670.jpg,image_04670.jpg,21.15183448791504
4670,/nas-ctm01/datasets/public/Oxford102Flowers/jpg/image_04671.jpg,image_04671.jpg,20.36279296875
4671,/nas-ctm01/datasets/public/Oxford102Flowers/jpg/image_04672.jpg,image_04672.jpg,20.462038040161133
4672,/nas-ctm01/datasets/public/Oxford102Flowers/jpg/image_04673.jpg,image_04673.jpg,21.841394424438477
4673,/nas-ctm01/datasets/public/Oxford102Flowers/jpg/image_04674.jpg,image_04674.jpg,22.143115997314453
4674,/nas-ctm01/datasets/public/Oxford102Flowers/jpg/image_04675.jpg,image_04675.jpg,21.21187400817871
4675,/nas-ctm01/datasets/public/Oxford102Flowers/jpg/image_04676.jpg,image_04676.jpg,21.5112247467041
4676,/nas-ctm01/datasets/public/Oxford102Flowers/jpg/image_04677.jpg,image_04677.jpg,21.38459587097168
4677,/nas-ctm01/datasets/public/Oxford102Flowers/jpg/image_04678.jpg,image_04678.jpg,21.364944458007812
4678,/nas-ctm01/datasets/public/Oxford102Flowers/jpg/image_04679.jpg,image_04679.jpg,21.214815139770508
4679,/nas-ctm01/datasets/public/Oxford102Flowers/jpg/image_04680.jpg,image_04680.jpg,21.864105224609375
4680,/nas-ctm01/datasets/public/Oxford102Flowers/jpg/image_04681.jpg,image_04681.jpg,20.67755699157715
4681,/nas-ctm01/datasets/public/Oxford102Flowers/jpg/image_04682.jpg,image_04682.jpg,21.42068099975586
4682,/nas-ctm01/datasets/public/Oxford102Flowers/jpg/image_04683.jpg,image_04683.jpg,22.04897117614746
4683,/nas-ctm01/datasets/public/Oxford102Flowers/jpg/image_04684.jpg,image_04684.jpg,21.726882934570312
4684,/nas-ctm01/datasets/public/Oxford102Flowers/jpg/image_04685.jpg,image_04685.jpg,21.119462966918945
4685,/nas-ctm01/datasets/public/Oxford102Flowers/jpg/image_04686.jpg,image_04686.jpg,21.52189064025879
4686,/nas-ctm01/datasets/public/Oxford102Flowers/jpg/image_04687.jpg,image_04687.jpg,20.783966064453125
4687,/nas-ctm01/datasets/public/Oxford102Flowers/jpg/image_04688.jpg,image_04688.jpg,20.59123992919922
4688,/nas-ctm01/datasets/public/Oxford102Flowers/jpg/image_04689.jpg,image_04689.jpg,21.283632278442383
4689,/nas-ctm01/datasets/public/Oxford102Flowers/jpg/image_04690.jpg,image_04690.jpg,21.465055465698242
4690,/nas-ctm01/datasets/public/Oxford102Flowers/jpg/image_04691.jpg,image_04691.jpg,21.073501586914062
4691,/nas-ctm01/datasets/public/Oxford102Flowers/jpg/image_04692.jpg,image_04692.jpg,21.32784080505371
4692,/nas-ctm01/datasets/public/Oxford102Flowers/jpg/image_04693.jpg,image_04693.jpg,20.678133010864258
4693,/nas-ctm01/datasets/public/Oxford102Flowers/jpg/image_04694.jpg,image_04694.jpg,21.12603759765625
4694,/nas-ctm01/datasets/public/Oxford102Flowers/jpg/image_04695.jpg,image_04695.jpg,21.94175148010254
4695,/nas-ctm01/datasets/public/Oxford102Flowers/jpg/image_04696.jpg,image_04696.jpg,21.14781951904297
4696,/nas-ctm01/datasets/public/Oxford102Flowers/jpg/image_04697.jpg,image_04697.jpg,20.940902709960938
4697,/nas-ctm01/datasets/public/Oxford102Flowers/jpg/image_04698.jpg,image_04698.jpg,20.950923919677734
4698,/nas-ctm01/datasets/public/Oxford102Flowers/jpg/image_04699.jpg,image_04699.jpg,20.902524948120117
4699,/nas-ctm01/datasets/public/Oxford102Flowers/jpg/image_04700.jpg,image_04700.jpg,21.307767868041992
4700,/nas-ctm01/datasets/public/Oxford102Flowers/jpg/image_04701.jpg,image_04701.jpg,21.432870864868164
4701,/nas-ctm01/datasets/public/Oxford102Flowers/jpg/image_04702.jpg,image_04702.jpg,21.79093360900879
4702,/nas-ctm01/datasets/public/Oxford102Flowers/jpg/image_04703.jpg,image_04703.jpg,20.793415069580078
4703,/nas-ctm01/datasets/public/Oxford102Flowers/jpg/image_04704.jpg,image_04704.jpg,20.781679153442383
4704,/nas-ctm01/datasets/public/Oxford102Flowers/jpg/image_04705.jpg,image_04705.jpg,20.87786865234375
4705,/nas-ctm01/datasets/public/Oxford102Flowers/jpg/image_04706.jpg,image_04706.jpg,21.78803253173828
4706,/nas-ctm01/datasets/public/Oxford102Flowers/jpg/image_04707.jpg,image_04707.jpg,21.438413619995117
4707,/nas-ctm01/datasets/public/Oxford102Flowers/jpg/image_04708.jpg,image_04708.jpg,21.075881958007812
4708,/nas-ctm01/datasets/public/Oxford102Flowers/jpg/image_04709.jpg,image_04709.jpg,21.575952529907227
4709,/nas-ctm01/datasets/public/Oxford102Flowers/jpg/image_04710.jpg,image_04710.jpg,21.033506393432617
4710,/nas-ctm01/datasets/public/Oxford102Flowers/jpg/image_04711.jpg,image_04711.jpg,22.038759231567383
4711,/nas-ctm01/datasets/public/Oxford102Flowers/jpg/image_04712.jpg,image_04712.jpg,21.799673080444336
4712,/nas-ctm01/datasets/public/Oxford102Flowers/jpg/image_04713.jpg,image_04713.jpg,21.979005813598633
4713,/nas-ctm01/datasets/public/Oxford102Flowers/jpg/image_04714.jpg,image_04714.jpg,21.6872501373291
4714,/nas-ctm01/datasets/public/Oxford102Flowers/jpg/image_04715.jpg,image_04715.jpg,21.831266403198242
4715,/nas-ctm01/datasets/public/Oxford102Flowers/jpg/image_04716.jpg,image_04716.jpg,20.891345977783203
4716,/nas-ctm01/datasets/public/Oxford102Flowers/jpg/image_04717.jpg,image_04717.jpg,21.27459144592285
4717,/nas-ctm01/datasets/public/Oxford102Flowers/jpg/image_04718.jpg,image_04718.jpg,20.821796417236328
4718,/nas-ctm01/datasets/public/Oxford102Flowers/jpg/image_04719.jpg,image_04719.jpg,21.617464065551758
4719,/nas-ctm01/datasets/public/Oxford102Flowers/jpg/image_04720.jpg,image_04720.jpg,21.607223510742188
4720,/nas-ctm01/datasets/public/Oxford102Flowers/jpg/image_04721.jpg,image_04721.jpg,20.80232048034668
4721,/nas-ctm01/datasets/public/Oxford102Flowers/jpg/image_04722.jpg,image_04722.jpg,21.383190155029297
4722,/nas-ctm01/datasets/public/Oxford102Flowers/jpg/image_04723.jpg,image_04723.jpg,20.908708572387695
4723,/nas-ctm01/datasets/public/Oxford102Flowers/jpg/image_04724.jpg,image_04724.jpg,21.15862274169922
4724,/nas-ctm01/datasets/public/Oxford102Flowers/jpg/image_04725.jpg,image_04725.jpg,21.405048370361328
4725,/nas-ctm01/datasets/public/Oxford102Flowers/jpg/image_04726.jpg,image_04726.jpg,21.802318572998047
4726,/nas-ctm01/datasets/public/Oxford102Flowers/jpg/image_04727.jpg,image_04727.jpg,22.077096939086914
4727,/nas-ctm01/datasets/public/Oxford102Flowers/jpg/image_04728.jpg,image_04728.jpg,21.39774513244629
4728,/nas-ctm01/datasets/public/Oxford102Flowers/jpg/image_04729.jpg,image_04729.jpg,21.716480255126953
4729,/nas-ctm01/datasets/public/Oxford102Flowers/jpg/image_04730.jpg,image_04730.jpg,21.073427200317383
4730,/nas-ctm01/datasets/public/Oxford102Flowers/jpg/image_04731.jpg,image_04731.jpg,21.830856323242188
4731,/nas-ctm01/datasets/public/Oxford102Flowers/jpg/image_04732.jpg,image_04732.jpg,21.093265533447266
4732,/nas-ctm01/datasets/public/Oxford102Flowers/jpg/image_04733.jpg,image_04733.jpg,20.951934814453125
4733,/nas-ctm01/datasets/public/Oxford102Flowers/jpg/image_04734.jpg,image_04734.jpg,21.258224487304688
4734,/nas-ctm01/datasets/public/Oxford102Flowers/jpg/image_04735.jpg,image_04735.jpg,21.576534271240234
4735,/nas-ctm01/datasets/public/Oxford102Flowers/jpg/image_04736.jpg,image_04736.jpg,21.343616485595703
4736,/nas-ctm01/datasets/public/Oxford102Flowers/jpg/image_04737.jpg,image_04737.jpg,21.36260223388672
4737,/nas-ctm01/datasets/public/Oxford102Flowers/jpg/image_04738.jpg,image_04738.jpg,21.274982452392578
4738,/nas-ctm01/datasets/public/Oxford102Flowers/jpg/image_04739.jpg,image_04739.jpg,21.779470443725586
4739,/nas-ctm01/datasets/public/Oxford102Flowers/jpg/image_04740.jpg,image_04740.jpg,21.85259246826172
4740,/nas-ctm01/datasets/public/Oxford102Flowers/jpg/image_04741.jpg,image_04741.jpg,21.088088989257812
4741,/nas-ctm01/datasets/public/Oxford102Flowers/jpg/image_04742.jpg,image_04742.jpg,20.988920211791992
4742,/nas-ctm01/datasets/public/Oxford102Flowers/jpg/image_04743.jpg,image_04743.jpg,20.67224884033203
4743,/nas-ctm01/datasets/public/Oxford102Flowers/jpg/image_04744.jpg,image_04744.jpg,21.335865020751953
4744,/nas-ctm01/datasets/public/Oxford102Flowers/jpg/image_04745.jpg,image_04745.jpg,21.362686157226562
4745,/nas-ctm01/datasets/public/Oxford102Flowers/jpg/image_04746.jpg,image_04746.jpg,21.057476043701172
4746,/nas-ctm01/datasets/public/Oxford102Flowers/jpg/image_04747.jpg,image_04747.jpg,21.416147232055664
4747,/nas-ctm01/datasets/public/Oxford102Flowers/jpg/image_04748.jpg,image_04748.jpg,20.959375381469727
4748,/nas-ctm01/datasets/public/Oxford102Flowers/jpg/image_04749.jpg,image_04749.jpg,20.928672790527344
4749,/nas-ctm01/datasets/public/Oxford102Flowers/jpg/image_04750.jpg,image_04750.jpg,20.194665908813477
4750,/nas-ctm01/datasets/public/Oxford102Flowers/jpg/image_04751.jpg,image_04751.jpg,20.961658477783203
4751,/nas-ctm01/datasets/public/Oxford102Flowers/jpg/image_04752.jpg,image_04752.jpg,20.68873405456543
4752,/nas-ctm01/datasets/public/Oxford102Flowers/jpg/image_04753.jpg,image_04753.jpg,20.82874870300293
4753,/nas-ctm01/datasets/public/Oxford102Flowers/jpg/image_04754.jpg,image_04754.jpg,20.850040435791016
4754,/nas-ctm01/datasets/public/Oxford102Flowers/jpg/image_04755.jpg,image_04755.jpg,21.882587432861328
4755,/nas-ctm01/datasets/public/Oxford102Flowers/jpg/image_04756.jpg,image_04756.jpg,20.867874145507812
4756,/nas-ctm01/datasets/public/Oxford102Flowers/jpg/image_04757.jpg,image_04757.jpg,21.507116317749023
4757,/nas-ctm01/datasets/public/Oxford102Flowers/jpg/image_04758.jpg,image_04758.jpg,21.269859313964844
4758,/nas-ctm01/datasets/public/Oxford102Flowers/jpg/image_04759.jpg,image_04759.jpg,22.068777084350586
4759,/nas-ctm01/datasets/public/Oxford102Flowers/jpg/image_04760.jpg,image_04760.jpg,21.500370025634766
4760,/nas-ctm01/datasets/public/Oxford102Flowers/jpg/image_04761.jpg,image_04761.jpg,21.295785903930664
4761,/nas-ctm01/datasets/public/Oxford102Flowers/jpg/image_04762.jpg,image_04762.jpg,21.63932991027832
4762,/nas-ctm01/datasets/public/Oxford102Flowers/jpg/image_04763.jpg,image_04763.jpg,21.868831634521484
4763,/nas-ctm01/datasets/public/Oxford102Flowers/jpg/image_04764.jpg,image_04764.jpg,20.550365447998047
4764,/nas-ctm01/datasets/public/Oxford102Flowers/jpg/image_04765.jpg,image_04765.jpg,20.844005584716797
4765,/nas-ctm01/datasets/public/Oxford102Flowers/jpg/image_04766.jpg,image_04766.jpg,21.36690330505371
4766,/nas-ctm01/datasets/public/Oxford102Flowers/jpg/image_04767.jpg,image_04767.jpg,20.64634895324707
4767,/nas-ctm01/datasets/public/Oxford102Flowers/jpg/image_04768.jpg,image_04768.jpg,22.51927947998047
4768,/nas-ctm01/datasets/public/Oxford102Flowers/jpg/image_04769.jpg,image_04769.jpg,21.463895797729492
4769,/nas-ctm01/datasets/public/Oxford102Flowers/jpg/image_04770.jpg,image_04770.jpg,22.57736587524414
4770,/nas-ctm01/datasets/public/Oxford102Flowers/jpg/image_04771.jpg,image_04771.jpg,21.55752182006836
4771,/nas-ctm01/datasets/public/Oxford102Flowers/jpg/image_04772.jpg,image_04772.jpg,22.369800567626953
4772,/nas-ctm01/datasets/public/Oxford102Flowers/jpg/image_04773.jpg,image_04773.jpg,21.888410568237305
4773,/nas-ctm01/datasets/public/Oxford102Flowers/jpg/image_04774.jpg,image_04774.jpg,21.526538848876953
4774,/nas-ctm01/datasets/public/Oxford102Flowers/jpg/image_04775.jpg,image_04775.jpg,21.993976593017578
4775,/nas-ctm01/datasets/public/Oxford102Flowers/jpg/image_04776.jpg,image_04776.jpg,20.994131088256836
4776,/nas-ctm01/datasets/public/Oxford102Flowers/jpg/image_04777.jpg,image_04777.jpg,20.821176528930664
4777,/nas-ctm01/datasets/public/Oxford102Flowers/jpg/image_04778.jpg,image_04778.jpg,22.04793930053711
4778,/nas-ctm01/datasets/public/Oxford102Flowers/jpg/image_04779.jpg,image_04779.jpg,21.06952667236328
4779,/nas-ctm01/datasets/public/Oxford102Flowers/jpg/image_04780.jpg,image_04780.jpg,21.44148063659668
4780,/nas-ctm01/datasets/public/Oxford102Flowers/jpg/image_04781.jpg,image_04781.jpg,21.407995223999023
4781,/nas-ctm01/datasets/public/Oxford102Flowers/jpg/image_04782.jpg,image_04782.jpg,20.810880661010742
4782,/nas-ctm01/datasets/public/Oxford102Flowers/jpg/image_04783.jpg,image_04783.jpg,22.536808013916016
4783,/nas-ctm01/datasets/public/Oxford102Flowers/jpg/image_04784.jpg,image_04784.jpg,22.407779693603516
4784,/nas-ctm01/datasets/public/Oxford102Flowers/jpg/image_04785.jpg,image_04785.jpg,21.982181549072266
4785,/nas-ctm01/datasets/public/Oxford102Flowers/jpg/image_04786.jpg,image_04786.jpg,21.609119415283203
4786,/nas-ctm01/datasets/public/Oxford102Flowers/jpg/image_04787.jpg,image_04787.jpg,22.27358627319336
4787,/nas-ctm01/datasets/public/Oxford102Flowers/jpg/image_04788.jpg,image_04788.jpg,22.30587387084961
4788,/nas-ctm01/datasets/public/Oxford102Flowers/jpg/image_04789.jpg,image_04789.jpg,22.461517333984375
4789,/nas-ctm01/datasets/public/Oxford102Flowers/jpg/image_04790.jpg,image_04790.jpg,21.40837287902832
4790,/nas-ctm01/datasets/public/Oxford102Flowers/jpg/image_04791.jpg,image_04791.jpg,21.151302337646484
4791,/nas-ctm01/datasets/public/Oxford102Flowers/jpg/image_04792.jpg,image_04792.jpg,21.77666473388672
4792,/nas-ctm01/datasets/public/Oxford102Flowers/jpg/image_04793.jpg,image_04793.jpg,20.97380828857422
4793,/nas-ctm01/datasets/public/Oxford102Flowers/jpg/image_04794.jpg,image_04794.jpg,21.917795181274414
4794,/nas-ctm01/datasets/public/Oxford102Flowers/jpg/image_04795.jpg,image_04795.jpg,23.01018714904785
4795,/nas-ctm01/datasets/public/Oxford102Flowers/jpg/image_04796.jpg,image_04796.jpg,21.969308853149414
4796,/nas-ctm01/datasets/public/Oxford102Flowers/jpg/image_04797.jpg,image_04797.jpg,21.724754333496094
4797,/nas-ctm01/datasets/public/Oxford102Flowers/jpg/image_04798.jpg,image_04798.jpg,21.20563316345215
4798,/nas-ctm01/datasets/public/Oxford102Flowers/jpg/image_04799.jpg,image_04799.jpg,22.39474105834961
4799,/nas-ctm01/datasets/public/Oxford102Flowers/jpg/image_04800.jpg,image_04800.jpg,20.77841567993164
4800,/nas-ctm01/datasets/public/Oxford102Flowers/jpg/image_04801.jpg,image_04801.jpg,22.623706817626953
4801,/nas-ctm01/datasets/public/Oxford102Flowers/jpg/image_04802.jpg,image_04802.jpg,21.472734451293945
4802,/nas-ctm01/datasets/public/Oxford102Flowers/jpg/image_04803.jpg,image_04803.jpg,22.632431030273438
4803,/nas-ctm01/datasets/public/Oxford102Flowers/jpg/image_04804.jpg,image_04804.jpg,21.54180335998535
4804,/nas-ctm01/datasets/public/Oxford102Flowers/jpg/image_04805.jpg,image_04805.jpg,22.402435302734375
4805,/nas-ctm01/datasets/public/Oxford102Flowers/jpg/image_04806.jpg,image_04806.jpg,22.068723678588867
4806,/nas-ctm01/datasets/public/Oxford102Flowers/jpg/image_04807.jpg,image_04807.jpg,21.78738784790039
4807,/nas-ctm01/datasets/public/Oxford102Flowers/jpg/image_04808.jpg,image_04808.jpg,22.581764221191406
4808,/nas-ctm01/datasets/public/Oxford102Flowers/jpg/image_04809.jpg,image_04809.jpg,21.571895599365234
4809,/nas-ctm01/datasets/public/Oxford102Flowers/jpg/image_04810.jpg,image_04810.jpg,21.77073097229004
4810,/nas-ctm01/datasets/public/Oxford102Flowers/jpg/image_04811.jpg,image_04811.jpg,22.074689865112305
4811,/nas-ctm01/datasets/public/Oxford102Flowers/jpg/image_04812.jpg,image_04812.jpg,21.707366943359375
4812,/nas-ctm01/datasets/public/Oxford102Flowers/jpg/image_04813.jpg,image_04813.jpg,22.42007064819336
4813,/nas-ctm01/datasets/public/Oxford102Flowers/jpg/image_04814.jpg,image_04814.jpg,21.76408576965332
4814,/nas-ctm01/datasets/public/Oxford102Flowers/jpg/image_04815.jpg,image_04815.jpg,22.651569366455078
4815,/nas-ctm01/datasets/public/Oxford102Flowers/jpg/image_04816.jpg,image_04816.jpg,21.520488739013672
4816,/nas-ctm01/datasets/public/Oxford102Flowers/jpg/image_04817.jpg,image_04817.jpg,22.079051971435547
4817,/nas-ctm01/datasets/public/Oxford102Flowers/jpg/image_04818.jpg,image_04818.jpg,21.68648910522461
4818,/nas-ctm01/datasets/public/Oxford102Flowers/jpg/image_04819.jpg,image_04819.jpg,21.57646942138672
4819,/nas-ctm01/datasets/public/Oxford102Flowers/jpg/image_04820.jpg,image_04820.jpg,22.287822723388672
4820,/nas-ctm01/datasets/public/Oxford102Flowers/jpg/image_04821.jpg,image_04821.jpg,22.25278091430664
4821,/nas-ctm01/datasets/public/Oxford102Flowers/jpg/image_04822.jpg,image_04822.jpg,22.650493621826172
4822,/nas-ctm01/datasets/public/Oxford102Flowers/jpg/image_04823.jpg,image_04823.jpg,22.011449813842773
4823,/nas-ctm01/datasets/public/Oxford102Flowers/jpg/image_04824.jpg,image_04824.jpg,21.904693603515625
4824,/nas-ctm01/datasets/public/Oxford102Flowers/jpg/image_04825.jpg,image_04825.jpg,22.44101333618164
4825,/nas-ctm01/datasets/public/Oxford102Flowers/jpg/image_04826.jpg,image_04826.jpg,22.223169326782227
4826,/nas-ctm01/datasets/public/Oxford102Flowers/jpg/image_04827.jpg,image_04827.jpg,21.93708610534668
4827,/nas-ctm01/datasets/public/Oxford102Flowers/jpg/image_04828.jpg,image_04828.jpg,21.43931007385254
4828,/nas-ctm01/datasets/public/Oxford102Flowers/jpg/image_04829.jpg,image_04829.jpg,20.773134231567383
4829,/nas-ctm01/datasets/public/Oxford102Flowers/jpg/image_04830.jpg,image_04830.jpg,22.455488204956055
4830,/nas-ctm01/datasets/public/Oxford102Flowers/jpg/image_04831.jpg,image_04831.jpg,22.787065505981445
4831,/nas-ctm01/datasets/public/Oxford102Flowers/jpg/image_04832.jpg,image_04832.jpg,22.53683853149414
4832,/nas-ctm01/datasets/public/Oxford102Flowers/jpg/image_04833.jpg,image_04833.jpg,23.217905044555664
4833,/nas-ctm01/datasets/public/Oxford102Flowers/jpg/image_04834.jpg,image_04834.jpg,22.939199447631836
4834,/nas-ctm01/datasets/public/Oxford102Flowers/jpg/image_04835.jpg,image_04835.jpg,21.948516845703125
4835,/nas-ctm01/datasets/public/Oxford102Flowers/jpg/image_04836.jpg,image_04836.jpg,21.597063064575195
4836,/nas-ctm01/datasets/public/Oxford102Flowers/jpg/image_04837.jpg,image_04837.jpg,23.35746955871582
4837,/nas-ctm01/datasets/public/Oxford102Flowers/jpg/image_04838.jpg,image_04838.jpg,23.570816040039062
4838,/nas-ctm01/datasets/public/Oxford102Flowers/jpg/image_04839.jpg,image_04839.jpg,23.00282096862793
4839,/nas-ctm01/datasets/public/Oxford102Flowers/jpg/image_04840.jpg,image_04840.jpg,23.6959285736084
4840,/nas-ctm01/datasets/public/Oxford102Flowers/jpg/image_04841.jpg,image_04841.jpg,22.916950225830078
4841,/nas-ctm01/datasets/public/Oxford102Flowers/jpg/image_04842.jpg,image_04842.jpg,22.35660743713379
4842,/nas-ctm01/datasets/public/Oxford102Flowers/jpg/image_04843.jpg,image_04843.jpg,23.789125442504883
4843,/nas-ctm01/datasets/public/Oxford102Flowers/jpg/image_04844.jpg,image_04844.jpg,23.532766342163086
4844,/nas-ctm01/datasets/public/Oxford102Flowers/jpg/image_04845.jpg,image_04845.jpg,23.456165313720703
4845,/nas-ctm01/datasets/public/Oxford102Flowers/jpg/image_04846.jpg,image_04846.jpg,23.557767868041992
4846,/nas-ctm01/datasets/public/Oxford102Flowers/jpg/image_04847.jpg,image_04847.jpg,23.363956451416016
4847,/nas-ctm01/datasets/public/Oxford102Flowers/jpg/image_04848.jpg,image_04848.jpg,24.243452072143555
4848,/nas-ctm01/datasets/public/Oxford102Flowers/jpg/image_04849.jpg,image_04849.jpg,22.866376876831055
4849,/nas-ctm01/datasets/public/Oxford102Flowers/jpg/image_04850.jpg,image_04850.jpg,21.994211196899414
4850,/nas-ctm01/datasets/public/Oxford102Flowers/jpg/image_04851.jpg,image_04851.jpg,21.799386978149414
4851,/nas-ctm01/datasets/public/Oxford102Flowers/jpg/image_04852.jpg,image_04852.jpg,23.585479736328125
4852,/nas-ctm01/datasets/public/Oxford102Flowers/jpg/image_04853.jpg,image_04853.jpg,23.294694900512695
4853,/nas-ctm01/datasets/public/Oxford102Flowers/jpg/image_04854.jpg,image_04854.jpg,22.35105323791504
4854,/nas-ctm01/datasets/public/Oxford102Flowers/jpg/image_04855.jpg,image_04855.jpg,22.785799026489258
4855,/nas-ctm01/datasets/public/Oxford102Flowers/jpg/image_04856.jpg,image_04856.jpg,22.263805389404297
4856,/nas-ctm01/datasets/public/Oxford102Flowers/jpg/image_04857.jpg,image_04857.jpg,23.038654327392578
4857,/nas-ctm01/datasets/public/Oxford102Flowers/jpg/image_04858.jpg,image_04858.jpg,22.198894500732422
4858,/nas-ctm01/datasets/public/Oxford102Flowers/jpg/image_04859.jpg,image_04859.jpg,23.620990753173828
4859,/nas-ctm01/datasets/public/Oxford102Flowers/jpg/image_04860.jpg,image_04860.jpg,21.853879928588867
4860,/nas-ctm01/datasets/public/Oxford102Flowers/jpg/image_04861.jpg,image_04861.jpg,20.899398803710938
4861,/nas-ctm01/datasets/public/Oxford102Flowers/jpg/image_04862.jpg,image_04862.jpg,22.288537979125977
4862,/nas-ctm01/datasets/public/Oxford102Flowers/jpg/image_04863.jpg,image_04863.jpg,22.569883346557617
4863,/nas-ctm01/datasets/public/Oxford102Flowers/jpg/image_04864.jpg,image_04864.jpg,23.19523048400879
4864,/nas-ctm01/datasets/public/Oxford102Flowers/jpg/image_04865.jpg,image_04865.jpg,23.339506149291992
4865,/nas-ctm01/datasets/public/Oxford102Flowers/jpg/image_04866.jpg,image_04866.jpg,23.499216079711914
4866,/nas-ctm01/datasets/public/Oxford102Flowers/jpg/image_04867.jpg,image_04867.jpg,23.272018432617188
4867,/nas-ctm01/datasets/public/Oxford102Flowers/jpg/image_04868.jpg,image_04868.jpg,23.836994171142578
4868,/nas-ctm01/datasets/public/Oxford102Flowers/jpg/image_04869.jpg,image_04869.jpg,23.321744918823242
4869,/nas-ctm01/datasets/public/Oxford102Flowers/jpg/image_04870.jpg,image_04870.jpg,22.58423614501953
4870,/nas-ctm01/datasets/public/Oxford102Flowers/jpg/image_04871.jpg,image_04871.jpg,23.64470863342285
4871,/nas-ctm01/datasets/public/Oxford102Flowers/jpg/image_04872.jpg,image_04872.jpg,21.759275436401367
4872,/nas-ctm01/datasets/public/Oxford102Flowers/jpg/image_04873.jpg,image_04873.jpg,23.740163803100586
4873,/nas-ctm01/datasets/public/Oxford102Flowers/jpg/image_04874.jpg,image_04874.jpg,22.565576553344727
4874,/nas-ctm01/datasets/public/Oxford102Flowers/jpg/image_04875.jpg,image_04875.jpg,21.305374145507812
4875,/nas-ctm01/datasets/public/Oxford102Flowers/jpg/image_04876.jpg,image_04876.jpg,22.906545639038086
4876,/nas-ctm01/datasets/public/Oxford102Flowers/jpg/image_04877.jpg,image_04877.jpg,22.604219436645508
4877,/nas-ctm01/datasets/public/Oxford102Flowers/jpg/image_04878.jpg,image_04878.jpg,21.69942855834961
4878,/nas-ctm01/datasets/public/Oxford102Flowers/jpg/image_04879.jpg,image_04879.jpg,21.798213958740234
4879,/nas-ctm01/datasets/public/Oxford102Flowers/jpg/image_04880.jpg,image_04880.jpg,22.736587524414062
4880,/nas-ctm01/datasets/public/Oxford102Flowers/jpg/image_04881.jpg,image_04881.jpg,22.859943389892578
4881,/nas-ctm01/datasets/public/Oxford102Flowers/jpg/image_04882.jpg,image_04882.jpg,22.305879592895508
4882,/nas-ctm01/datasets/public/Oxford102Flowers/jpg/image_04883.jpg,image_04883.jpg,22.863540649414062
4883,/nas-ctm01/datasets/public/Oxford102Flowers/jpg/image_04884.jpg,image_04884.jpg,22.962453842163086
4884,/nas-ctm01/datasets/public/Oxford102Flowers/jpg/image_04885.jpg,image_04885.jpg,22.921911239624023
4885,/nas-ctm01/datasets/public/Oxford102Flowers/jpg/image_04886.jpg,image_04886.jpg,23.25540542602539
4886,/nas-ctm01/datasets/public/Oxford102Flowers/jpg/image_04887.jpg,image_04887.jpg,22.981752395629883
4887,/nas-ctm01/datasets/public/Oxford102Flowers/jpg/image_04888.jpg,image_04888.jpg,23.339618682861328
4888,/nas-ctm01/datasets/public/Oxford102Flowers/jpg/image_04889.jpg,image_04889.jpg,24.03170394897461
4889,/nas-ctm01/datasets/public/Oxford102Flowers/jpg/image_04890.jpg,image_04890.jpg,22.79253387451172
4890,/nas-ctm01/datasets/public/Oxford102Flowers/jpg/image_04891.jpg,image_04891.jpg,23.385894775390625
4891,/nas-ctm01/datasets/public/Oxford102Flowers/jpg/image_04892.jpg,image_04892.jpg,23.515399932861328
4892,/nas-ctm01/datasets/public/Oxford102Flowers/jpg/image_04893.jpg,image_04893.jpg,22.806026458740234
4893,/nas-ctm01/datasets/public/Oxford102Flowers/jpg/image_04894.jpg,image_04894.jpg,22.806182861328125
4894,/nas-ctm01/datasets/public/Oxford102Flowers/jpg/image_04895.jpg,image_04895.jpg,22.57725715637207
4895,/nas-ctm01/datasets/public/Oxford102Flowers/jpg/image_04896.jpg,image_04896.jpg,22.25307273864746
4896,/nas-ctm01/datasets/public/Oxford102Flowers/jpg/image_04897.jpg,image_04897.jpg,22.049699783325195
4897,/nas-ctm01/datasets/public/Oxford102Flowers/jpg/image_04898.jpg,image_04898.jpg,22.0898494720459
4898,/nas-ctm01/datasets/public/Oxford102Flowers/jpg/image_04899.jpg,image_04899.jpg,23.721759796142578
4899,/nas-ctm01/datasets/public/Oxford102Flowers/jpg/image_04900.jpg,image_04900.jpg,21.5779972076416
4900,/nas-ctm01/datasets/public/Oxford102Flowers/jpg/image_04901.jpg,image_04901.jpg,23.71621322631836
4901,/nas-ctm01/datasets/public/Oxford102Flowers/jpg/image_04902.jpg,image_04902.jpg,23.948244094848633
4902,/nas-ctm01/datasets/public/Oxford102Flowers/jpg/image_04903.jpg,image_04903.jpg,22.7259464263916
4903,/nas-ctm01/datasets/public/Oxford102Flowers/jpg/image_04904.jpg,image_04904.jpg,20.65409278869629
4904,/nas-ctm01/datasets/public/Oxford102Flowers/jpg/image_04905.jpg,image_04905.jpg,22.611488342285156
4905,/nas-ctm01/datasets/public/Oxford102Flowers/jpg/image_04906.jpg,image_04906.jpg,22.431251525878906
4906,/nas-ctm01/datasets/public/Oxford102Flowers/jpg/image_04907.jpg,image_04907.jpg,23.192623138427734
4907,/nas-ctm01/datasets/public/Oxford102Flowers/jpg/image_04908.jpg,image_04908.jpg,23.363733291625977
4908,/nas-ctm01/datasets/public/Oxford102Flowers/jpg/image_04909.jpg,image_04909.jpg,23.841175079345703
4909,/nas-ctm01/datasets/public/Oxford102Flowers/jpg/image_04910.jpg,image_04910.jpg,23.100570678710938
4910,/nas-ctm01/datasets/public/Oxford102Flowers/jpg/image_04911.jpg,image_04911.jpg,22.687129974365234
4911,/nas-ctm01/datasets/public/Oxford102Flowers/jpg/image_04912.jpg,image_04912.jpg,23.129196166992188
4912,/nas-ctm01/datasets/public/Oxford102Flowers/jpg/image_04913.jpg,image_04913.jpg,23.74705696105957
4913,/nas-ctm01/datasets/public/Oxford102Flowers/jpg/image_04914.jpg,image_04914.jpg,22.633323669433594
4914,/nas-ctm01/datasets/public/Oxford102Flowers/jpg/image_04915.jpg,image_04915.jpg,22.438417434692383
4915,/nas-ctm01/datasets/public/Oxford102Flowers/jpg/image_04916.jpg,image_04916.jpg,23.607622146606445
4916,/nas-ctm01/datasets/public/Oxford102Flowers/jpg/image_04917.jpg,image_04917.jpg,22.056028366088867
4917,/nas-ctm01/datasets/public/Oxford102Flowers/jpg/image_04918.jpg,image_04918.jpg,22.20513916015625
4918,/nas-ctm01/datasets/public/Oxford102Flowers/jpg/image_04919.jpg,image_04919.jpg,23.831283569335938
4919,/nas-ctm01/datasets/public/Oxford102Flowers/jpg/image_04920.jpg,image_04920.jpg,23.502649307250977
4920,/nas-ctm01/datasets/public/Oxford102Flowers/jpg/image_04921.jpg,image_04921.jpg,23.17652130126953
4921,/nas-ctm01/datasets/public/Oxford102Flowers/jpg/image_04922.jpg,image_04922.jpg,20.934497833251953
4922,/nas-ctm01/datasets/public/Oxford102Flowers/jpg/image_04923.jpg,image_04923.jpg,24.27781105041504
4923,/nas-ctm01/datasets/public/Oxford102Flowers/jpg/image_04924.jpg,image_04924.jpg,23.385513305664062
4924,/nas-ctm01/datasets/public/Oxford102Flowers/jpg/image_04925.jpg,image_04925.jpg,22.72269630432129
4925,/nas-ctm01/datasets/public/Oxford102Flowers/jpg/image_04926.jpg,image_04926.jpg,23.752775192260742
4926,/nas-ctm01/datasets/public/Oxford102Flowers/jpg/image_04927.jpg,image_04927.jpg,20.915817260742188
4927,/nas-ctm01/datasets/public/Oxford102Flowers/jpg/image_04928.jpg,image_04928.jpg,23.352014541625977
4928,/nas-ctm01/datasets/public/Oxford102Flowers/jpg/image_04929.jpg,image_04929.jpg,23.376096725463867
4929,/nas-ctm01/datasets/public/Oxford102Flowers/jpg/image_04930.jpg,image_04930.jpg,23.72466468811035
4930,/nas-ctm01/datasets/public/Oxford102Flowers/jpg/image_04931.jpg,image_04931.jpg,21.698505401611328
4931,/nas-ctm01/datasets/public/Oxford102Flowers/jpg/image_04932.jpg,image_04932.jpg,22.828004837036133
4932,/nas-ctm01/datasets/public/Oxford102Flowers/jpg/image_04933.jpg,image_04933.jpg,22.465370178222656
4933,/nas-ctm01/datasets/public/Oxford102Flowers/jpg/image_04934.jpg,image_04934.jpg,23.647478103637695
4934,/nas-ctm01/datasets/public/Oxford102Flowers/jpg/image_04935.jpg,image_04935.jpg,22.427106857299805
4935,/nas-ctm01/datasets/public/Oxford102Flowers/jpg/image_04936.jpg,image_04936.jpg,23.743030548095703
4936,/nas-ctm01/datasets/public/Oxford102Flowers/jpg/image_04937.jpg,image_04937.jpg,22.276796340942383
4937,/nas-ctm01/datasets/public/Oxford102Flowers/jpg/image_04938.jpg,image_04938.jpg,23.07223129272461
4938,/nas-ctm01/datasets/public/Oxford102Flowers/jpg/image_04939.jpg,image_04939.jpg,22.339075088500977
4939,/nas-ctm01/datasets/public/Oxford102Flowers/jpg/image_04940.jpg,image_04940.jpg,22.972530364990234
4940,/nas-ctm01/datasets/public/Oxford102Flowers/jpg/image_04941.jpg,image_04941.jpg,22.826139450073242
4941,/nas-ctm01/datasets/public/Oxford102Flowers/jpg/image_04942.jpg,image_04942.jpg,21.160921096801758
4942,/nas-ctm01/datasets/public/Oxford102Flowers/jpg/image_04943.jpg,image_04943.jpg,21.28804588317871
4943,/nas-ctm01/datasets/public/Oxford102Flowers/jpg/image_04944.jpg,image_04944.jpg,23.20543098449707
4944,/nas-ctm01/datasets/public/Oxford102Flowers/jpg/image_04945.jpg,image_04945.jpg,24.367103576660156
4945,/nas-ctm01/datasets/public/Oxford102Flowers/jpg/image_04946.jpg,image_04946.jpg,21.76998519897461
4946,/nas-ctm01/datasets/public/Oxford102Flowers/jpg/image_04947.jpg,image_04947.jpg,21.778791427612305
4947,/nas-ctm01/datasets/public/Oxford102Flowers/jpg/image_04948.jpg,image_04948.jpg,23.95928382873535
4948,/nas-ctm01/datasets/public/Oxford102Flowers/jpg/image_04949.jpg,image_04949.jpg,22.76329803466797
4949,/nas-ctm01/datasets/public/Oxford102Flowers/jpg/image_04950.jpg,image_04950.jpg,23.410648345947266
4950,/nas-ctm01/datasets/public/Oxford102Flowers/jpg/image_04951.jpg,image_04951.jpg,24.007761001586914
4951,/nas-ctm01/datasets/public/Oxford102Flowers/jpg/image_04952.jpg,image_04952.jpg,23.45889663696289
4952,/nas-ctm01/datasets/public/Oxford102Flowers/jpg/image_04953.jpg,image_04953.jpg,21.787321090698242
4953,/nas-ctm01/datasets/public/Oxford102Flowers/jpg/image_04954.jpg,image_04954.jpg,23.72563934326172
4954,/nas-ctm01/datasets/public/Oxford102Flowers/jpg/image_04955.jpg,image_04955.jpg,24.22603988647461
4955,/nas-ctm01/datasets/public/Oxford102Flowers/jpg/image_04956.jpg,image_04956.jpg,22.93490982055664
4956,/nas-ctm01/datasets/public/Oxford102Flowers/jpg/image_04957.jpg,image_04957.jpg,23.68943977355957
4957,/nas-ctm01/datasets/public/Oxford102Flowers/jpg/image_04958.jpg,image_04958.jpg,22.262786865234375
4958,/nas-ctm01/datasets/public/Oxford102Flowers/jpg/image_04959.jpg,image_04959.jpg,22.85988426208496
4959,/nas-ctm01/datasets/public/Oxford102Flowers/jpg/image_04960.jpg,image_04960.jpg,22.833568572998047
4960,/nas-ctm01/datasets/public/Oxford102Flowers/jpg/image_04961.jpg,image_04961.jpg,23.70227813720703
4961,/nas-ctm01/datasets/public/Oxford102Flowers/jpg/image_04962.jpg,image_04962.jpg,23.206436157226562
4962,/nas-ctm01/datasets/public/Oxford102Flowers/jpg/image_04963.jpg,image_04963.jpg,22.778457641601562
4963,/nas-ctm01/datasets/public/Oxford102Flowers/jpg/image_04964.jpg,image_04964.jpg,23.884246826171875
4964,/nas-ctm01/datasets/public/Oxford102Flowers/jpg/image_04965.jpg,image_04965.jpg,22.83070945739746
4965,/nas-ctm01/datasets/public/Oxford102Flowers/jpg/image_04966.jpg,image_04966.jpg,23.65616798400879
4966,/nas-ctm01/datasets/public/Oxford102Flowers/jpg/image_04967.jpg,image_04967.jpg,22.555496215820312
4967,/nas-ctm01/datasets/public/Oxford102Flowers/jpg/image_04968.jpg,image_04968.jpg,23.964487075805664
4968,/nas-ctm01/datasets/public/Oxford102Flowers/jpg/image_04969.jpg,image_04969.jpg,23.444377899169922
4969,/nas-ctm01/datasets/public/Oxford102Flowers/jpg/image_04970.jpg,image_04970.jpg,23.637840270996094
4970,/nas-ctm01/datasets/public/Oxford102Flowers/jpg/image_04971.jpg,image_04971.jpg,23.133337020874023
4971,/nas-ctm01/datasets/public/Oxford102Flowers/jpg/image_04972.jpg,image_04972.jpg,23.449621200561523
4972,/nas-ctm01/datasets/public/Oxford102Flowers/jpg/image_04973.jpg,image_04973.jpg,24.464479446411133
4973,/nas-ctm01/datasets/public/Oxford102Flowers/jpg/image_04974.jpg,image_04974.jpg,21.485841751098633
4974,/nas-ctm01/datasets/public/Oxford102Flowers/jpg/image_04975.jpg,image_04975.jpg,23.456663131713867
4975,/nas-ctm01/datasets/public/Oxford102Flowers/jpg/image_04976.jpg,image_04976.jpg,22.397449493408203
4976,/nas-ctm01/datasets/public/Oxford102Flowers/jpg/image_04977.jpg,image_04977.jpg,22.98480987548828
4977,/nas-ctm01/datasets/public/Oxford102Flowers/jpg/image_04978.jpg,image_04978.jpg,24.16350746154785
4978,/nas-ctm01/datasets/public/Oxford102Flowers/jpg/image_04979.jpg,image_04979.jpg,23.03981590270996
4979,/nas-ctm01/datasets/public/Oxford102Flowers/jpg/image_04980.jpg,image_04980.jpg,24.280677795410156
4980,/nas-ctm01/datasets/public/Oxford102Flowers/jpg/image_04981.jpg,image_04981.jpg,22.71576499938965
4981,/nas-ctm01/datasets/public/Oxford102Flowers/jpg/image_04982.jpg,image_04982.jpg,23.086870193481445
4982,/nas-ctm01/datasets/public/Oxford102Flowers/jpg/image_04983.jpg,image_04983.jpg,22.840503692626953
4983,/nas-ctm01/datasets/public/Oxford102Flowers/jpg/image_04984.jpg,image_04984.jpg,22.425134658813477
4984,/nas-ctm01/datasets/public/Oxford102Flowers/jpg/image_04985.jpg,image_04985.jpg,23.29615020751953
4985,/nas-ctm01/datasets/public/Oxford102Flowers/jpg/image_04986.jpg,image_04986.jpg,24.068769454956055
4986,/nas-ctm01/datasets/public/Oxford102Flowers/jpg/image_04987.jpg,image_04987.jpg,23.901634216308594
4987,/nas-ctm01/datasets/public/Oxford102Flowers/jpg/image_04988.jpg,image_04988.jpg,22.281877517700195
4988,/nas-ctm01/datasets/public/Oxford102Flowers/jpg/image_04989.jpg,image_04989.jpg,24.230571746826172
4989,/nas-ctm01/datasets/public/Oxford102Flowers/jpg/image_04990.jpg,image_04990.jpg,23.809309005737305
4990,/nas-ctm01/datasets/public/Oxford102Flowers/jpg/image_04991.jpg,image_04991.jpg,22.990510940551758
4991,/nas-ctm01/datasets/public/Oxford102Flowers/jpg/image_04992.jpg,image_04992.jpg,23.915861129760742
4992,/nas-ctm01/datasets/public/Oxford102Flowers/jpg/image_04993.jpg,image_04993.jpg,23.576927185058594
4993,/nas-ctm01/datasets/public/Oxford102Flowers/jpg/image_04994.jpg,image_04994.jpg,23.964868545532227
4994,/nas-ctm01/datasets/public/Oxford102Flowers/jpg/image_04995.jpg,image_04995.jpg,23.317262649536133
4995,/nas-ctm01/datasets/public/Oxford102Flowers/jpg/image_04996.jpg,image_04996.jpg,23.31574058532715
4996,/nas-ctm01/datasets/public/Oxford102Flowers/jpg/image_04997.jpg,image_04997.jpg,23.466426849365234
4997,/nas-ctm01/datasets/public/Oxford102Flowers/jpg/image_04998.jpg,image_04998.jpg,23.752145767211914
4998,/nas-ctm01/datasets/public/Oxford102Flowers/jpg/image_04999.jpg,image_04999.jpg,23.397289276123047
4999,/nas-ctm01/datasets/public/Oxford102Flowers/jpg/image_05000.jpg,image_05000.jpg,23.293107986450195
5000,/nas-ctm01/datasets/public/Oxford102Flowers/jpg/image_05001.jpg,image_05001.jpg,21.966047286987305
5001,/nas-ctm01/datasets/public/Oxford102Flowers/jpg/image_05002.jpg,image_05002.jpg,22.590848922729492
5002,/nas-ctm01/datasets/public/Oxford102Flowers/jpg/image_05003.jpg,image_05003.jpg,23.20237922668457
5003,/nas-ctm01/datasets/public/Oxford102Flowers/jpg/image_05004.jpg,image_05004.jpg,23.66610336303711
5004,/nas-ctm01/datasets/public/Oxford102Flowers/jpg/image_05005.jpg,image_05005.jpg,22.60240936279297
5005,/nas-ctm01/datasets/public/Oxford102Flowers/jpg/image_05006.jpg,image_05006.jpg,22.96613311767578
5006,/nas-ctm01/datasets/public/Oxford102Flowers/jpg/image_05007.jpg,image_05007.jpg,23.44937515258789
5007,/nas-ctm01/datasets/public/Oxford102Flowers/jpg/image_05008.jpg,image_05008.jpg,23.025501251220703
5008,/nas-ctm01/datasets/public/Oxford102Flowers/jpg/image_05009.jpg,image_05009.jpg,23.669906616210938
5009,/nas-ctm01/datasets/public/Oxford102Flowers/jpg/image_05010.jpg,image_05010.jpg,22.734769821166992
5010,/nas-ctm01/datasets/public/Oxford102Flowers/jpg/image_05011.jpg,image_05011.jpg,21.438884735107422
5011,/nas-ctm01/datasets/public/Oxford102Flowers/jpg/image_05012.jpg,image_05012.jpg,21.899826049804688
5012,/nas-ctm01/datasets/public/Oxford102Flowers/jpg/image_05013.jpg,image_05013.jpg,22.431060791015625
5013,/nas-ctm01/datasets/public/Oxford102Flowers/jpg/image_05014.jpg,image_05014.jpg,23.075883865356445
5014,/nas-ctm01/datasets/public/Oxford102Flowers/jpg/image_05015.jpg,image_05015.jpg,22.62175178527832
5015,/nas-ctm01/datasets/public/Oxford102Flowers/jpg/image_05016.jpg,image_05016.jpg,23.22366714477539
5016,/nas-ctm01/datasets/public/Oxford102Flowers/jpg/image_05017.jpg,image_05017.jpg,22.248735427856445
5017,/nas-ctm01/datasets/public/Oxford102Flowers/jpg/image_05018.jpg,image_05018.jpg,22.776330947875977
5018,/nas-ctm01/datasets/public/Oxford102Flowers/jpg/image_05019.jpg,image_05019.jpg,21.569778442382812
5019,/nas-ctm01/datasets/public/Oxford102Flowers/jpg/image_05020.jpg,image_05020.jpg,21.742027282714844
5020,/nas-ctm01/datasets/public/Oxford102Flowers/jpg/image_05021.jpg,image_05021.jpg,20.780197143554688
5021,/nas-ctm01/datasets/public/Oxford102Flowers/jpg/image_05022.jpg,image_05022.jpg,21.05042839050293
5022,/nas-ctm01/datasets/public/Oxford102Flowers/jpg/image_05023.jpg,image_05023.jpg,20.32292366027832
5023,/nas-ctm01/datasets/public/Oxford102Flowers/jpg/image_05024.jpg,image_05024.jpg,21.418373107910156
5024,/nas-ctm01/datasets/public/Oxford102Flowers/jpg/image_05025.jpg,image_05025.jpg,21.194734573364258
5025,/nas-ctm01/datasets/public/Oxford102Flowers/jpg/image_05026.jpg,image_05026.jpg,21.08400535583496
5026,/nas-ctm01/datasets/public/Oxford102Flowers/jpg/image_05027.jpg,image_05027.jpg,21.31647300720215
5027,/nas-ctm01/datasets/public/Oxford102Flowers/jpg/image_05028.jpg,image_05028.jpg,21.423179626464844
5028,/nas-ctm01/datasets/public/Oxford102Flowers/jpg/image_05029.jpg,image_05029.jpg,21.204072952270508
5029,/nas-ctm01/datasets/public/Oxford102Flowers/jpg/image_05030.jpg,image_05030.jpg,21.549909591674805
5030,/nas-ctm01/datasets/public/Oxford102Flowers/jpg/image_05031.jpg,image_05031.jpg,20.613801956176758
5031,/nas-ctm01/datasets/public/Oxford102Flowers/jpg/image_05032.jpg,image_05032.jpg,21.04882049560547
5032,/nas-ctm01/datasets/public/Oxford102Flowers/jpg/image_05033.jpg,image_05033.jpg,21.011756896972656
5033,/nas-ctm01/datasets/public/Oxford102Flowers/jpg/image_05034.jpg,image_05034.jpg,21.143558502197266
5034,/nas-ctm01/datasets/public/Oxford102Flowers/jpg/image_05035.jpg,image_05035.jpg,21.029630661010742
5035,/nas-ctm01/datasets/public/Oxford102Flowers/jpg/image_05036.jpg,image_05036.jpg,20.851152420043945
5036,/nas-ctm01/datasets/public/Oxford102Flowers/jpg/image_05037.jpg,image_05037.jpg,20.621915817260742
5037,/nas-ctm01/datasets/public/Oxford102Flowers/jpg/image_05038.jpg,image_05038.jpg,20.745147705078125
5038,/nas-ctm01/datasets/public/Oxford102Flowers/jpg/image_05039.jpg,image_05039.jpg,21.31688117980957
5039,/nas-ctm01/datasets/public/Oxford102Flowers/jpg/image_05040.jpg,image_05040.jpg,21.414701461791992
5040,/nas-ctm01/datasets/public/Oxford102Flowers/jpg/image_05041.jpg,image_05041.jpg,21.6667423248291
5041,/nas-ctm01/datasets/public/Oxford102Flowers/jpg/image_05042.jpg,image_05042.jpg,21.347379684448242
5042,/nas-ctm01/datasets/public/Oxford102Flowers/jpg/image_05043.jpg,image_05043.jpg,21.87687110900879
5043,/nas-ctm01/datasets/public/Oxford102Flowers/jpg/image_05044.jpg,image_05044.jpg,20.999780654907227
5044,/nas-ctm01/datasets/public/Oxford102Flowers/jpg/image_05045.jpg,image_05045.jpg,21.094615936279297
5045,/nas-ctm01/datasets/public/Oxford102Flowers/jpg/image_05046.jpg,image_05046.jpg,20.585302352905273
5046,/nas-ctm01/datasets/public/Oxford102Flowers/jpg/image_05047.jpg,image_05047.jpg,20.820499420166016
5047,/nas-ctm01/datasets/public/Oxford102Flowers/jpg/image_05048.jpg,image_05048.jpg,20.716405868530273
5048,/nas-ctm01/datasets/public/Oxford102Flowers/jpg/image_05049.jpg,image_05049.jpg,20.82661247253418
5049,/nas-ctm01/datasets/public/Oxford102Flowers/jpg/image_05050.jpg,image_05050.jpg,20.662317276000977
5050,/nas-ctm01/datasets/public/Oxford102Flowers/jpg/image_05051.jpg,image_05051.jpg,20.68256187438965
5051,/nas-ctm01/datasets/public/Oxford102Flowers/jpg/image_05052.jpg,image_05052.jpg,20.700265884399414
5052,/nas-ctm01/datasets/public/Oxford102Flowers/jpg/image_05053.jpg,image_05053.jpg,20.68061065673828
5053,/nas-ctm01/datasets/public/Oxford102Flowers/jpg/image_05054.jpg,image_05054.jpg,20.481718063354492
5054,/nas-ctm01/datasets/public/Oxford102Flowers/jpg/image_05055.jpg,image_05055.jpg,20.733556747436523
5055,/nas-ctm01/datasets/public/Oxford102Flowers/jpg/image_05056.jpg,image_05056.jpg,21.562490463256836
5056,/nas-ctm01/datasets/public/Oxford102Flowers/jpg/image_05057.jpg,image_05057.jpg,21.03506851196289
5057,/nas-ctm01/datasets/public/Oxford102Flowers/jpg/image_05058.jpg,image_05058.jpg,20.902626037597656
5058,/nas-ctm01/datasets/public/Oxford102Flowers/jpg/image_05059.jpg,image_05059.jpg,21.304826736450195
5059,/nas-ctm01/datasets/public/Oxford102Flowers/jpg/image_05060.jpg,image_05060.jpg,20.898473739624023
5060,/nas-ctm01/datasets/public/Oxford102Flowers/jpg/image_05061.jpg,image_05061.jpg,21.491086959838867
5061,/nas-ctm01/datasets/public/Oxford102Flowers/jpg/image_05062.jpg,image_05062.jpg,20.880577087402344
5062,/nas-ctm01/datasets/public/Oxford102Flowers/jpg/image_05063.jpg,image_05063.jpg,20.787296295166016
5063,/nas-ctm01/datasets/public/Oxford102Flowers/jpg/image_05064.jpg,image_05064.jpg,20.73444938659668
5064,/nas-ctm01/datasets/public/Oxford102Flowers/jpg/image_05065.jpg,image_05065.jpg,20.719600677490234
5065,/nas-ctm01/datasets/public/Oxford102Flowers/jpg/image_05066.jpg,image_05066.jpg,20.564010620117188
5066,/nas-ctm01/datasets/public/Oxford102Flowers/jpg/image_05067.jpg,image_05067.jpg,20.72794532775879
5067,/nas-ctm01/datasets/public/Oxford102Flowers/jpg/image_05068.jpg,image_05068.jpg,20.63946533203125
5068,/nas-ctm01/datasets/public/Oxford102Flowers/jpg/image_05069.jpg,image_05069.jpg,21.168188095092773
5069,/nas-ctm01/datasets/public/Oxford102Flowers/jpg/image_05070.jpg,image_05070.jpg,20.92395782470703
5070,/nas-ctm01/datasets/public/Oxford102Flowers/jpg/image_05071.jpg,image_05071.jpg,21.01833724975586
5071,/nas-ctm01/datasets/public/Oxford102Flowers/jpg/image_05072.jpg,image_05072.jpg,20.86474609375
5072,/nas-ctm01/datasets/public/Oxford102Flowers/jpg/image_05073.jpg,image_05073.jpg,20.898151397705078
5073,/nas-ctm01/datasets/public/Oxford102Flowers/jpg/image_05074.jpg,image_05074.jpg,21.127704620361328
5074,/nas-ctm01/datasets/public/Oxford102Flowers/jpg/image_05075.jpg,image_05075.jpg,20.748531341552734
5075,/nas-ctm01/datasets/public/Oxford102Flowers/jpg/image_05076.jpg,image_05076.jpg,21.159250259399414
5076,/nas-ctm01/datasets/public/Oxford102Flowers/jpg/image_05077.jpg,image_05077.jpg,20.840429306030273
5077,/nas-ctm01/datasets/public/Oxford102Flowers/jpg/image_05078.jpg,image_05078.jpg,21.520835876464844
5078,/nas-ctm01/datasets/public/Oxford102Flowers/jpg/image_05079.jpg,image_05079.jpg,21.361387252807617
5079,/nas-ctm01/datasets/public/Oxford102Flowers/jpg/image_05080.jpg,image_05080.jpg,20.431720733642578
5080,/nas-ctm01/datasets/public/Oxford102Flowers/jpg/image_05081.jpg,image_05081.jpg,21.4724063873291
5081,/nas-ctm01/datasets/public/Oxford102Flowers/jpg/image_05082.jpg,image_05082.jpg,21.271827697753906
5082,/nas-ctm01/datasets/public/Oxford102Flowers/jpg/image_05083.jpg,image_05083.jpg,21.676334381103516
5083,/nas-ctm01/datasets/public/Oxford102Flowers/jpg/image_05084.jpg,image_05084.jpg,21.761474609375
5084,/nas-ctm01/datasets/public/Oxford102Flowers/jpg/image_05085.jpg,image_05085.jpg,21.682125091552734
5085,/nas-ctm01/datasets/public/Oxford102Flowers/jpg/image_05086.jpg,image_05086.jpg,21.733654022216797
5086,/nas-ctm01/datasets/public/Oxford102Flowers/jpg/image_05087.jpg,image_05087.jpg,23.03367042541504
5087,/nas-ctm01/datasets/public/Oxford102Flowers/jpg/image_05088.jpg,image_05088.jpg,21.064456939697266
5088,/nas-ctm01/datasets/public/Oxford102Flowers/jpg/image_05089.jpg,image_05089.jpg,23.011289596557617
5089,/nas-ctm01/datasets/public/Oxford102Flowers/jpg/image_05090.jpg,image_05090.jpg,21.523332595825195
5090,/nas-ctm01/datasets/public/Oxford102Flowers/jpg/image_05091.jpg,image_05091.jpg,21.54645347595215
5091,/nas-ctm01/datasets/public/Oxford102Flowers/jpg/image_05092.jpg,image_05092.jpg,22.035429000854492
5092,/nas-ctm01/datasets/public/Oxford102Flowers/jpg/image_05093.jpg,image_05093.jpg,22.586366653442383
5093,/nas-ctm01/datasets/public/Oxford102Flowers/jpg/image_05094.jpg,image_05094.jpg,22.463037490844727
5094,/nas-ctm01/datasets/public/Oxford102Flowers/jpg/image_05095.jpg,image_05095.jpg,22.250612258911133
5095,/nas-ctm01/datasets/public/Oxford102Flowers/jpg/image_05096.jpg,image_05096.jpg,22.918354034423828
5096,/nas-ctm01/datasets/public/Oxford102Flowers/jpg/image_05097.jpg,image_05097.jpg,22.133901596069336
5097,/nas-ctm01/datasets/public/Oxford102Flowers/jpg/image_05098.jpg,image_05098.jpg,22.533178329467773
5098,/nas-ctm01/datasets/public/Oxford102Flowers/jpg/image_05099.jpg,image_05099.jpg,22.379371643066406
5099,/nas-ctm01/datasets/public/Oxford102Flowers/jpg/image_05100.jpg,image_05100.jpg,22.323047637939453
5100,/nas-ctm01/datasets/public/Oxford102Flowers/jpg/image_05101.jpg,image_05101.jpg,22.416120529174805
5101,/nas-ctm01/datasets/public/Oxford102Flowers/jpg/image_05102.jpg,image_05102.jpg,23.323257446289062
5102,/nas-ctm01/datasets/public/Oxford102Flowers/jpg/image_05103.jpg,image_05103.jpg,22.188892364501953
5103,/nas-ctm01/datasets/public/Oxford102Flowers/jpg/image_05104.jpg,image_05104.jpg,21.51061248779297
5104,/nas-ctm01/datasets/public/Oxford102Flowers/jpg/image_05105.jpg,image_05105.jpg,22.058042526245117
5105,/nas-ctm01/datasets/public/Oxford102Flowers/jpg/image_05106.jpg,image_05106.jpg,20.939868927001953
5106,/nas-ctm01/datasets/public/Oxford102Flowers/jpg/image_05107.jpg,image_05107.jpg,21.691865921020508
5107,/nas-ctm01/datasets/public/Oxford102Flowers/jpg/image_05108.jpg,image_05108.jpg,22.566177368164062
5108,/nas-ctm01/datasets/public/Oxford102Flowers/jpg/image_05109.jpg,image_05109.jpg,21.74773406982422
5109,/nas-ctm01/datasets/public/Oxford102Flowers/jpg/image_05110.jpg,image_05110.jpg,22.215639114379883
5110,/nas-ctm01/datasets/public/Oxford102Flowers/jpg/image_05111.jpg,image_05111.jpg,22.845787048339844
5111,/nas-ctm01/datasets/public/Oxford102Flowers/jpg/image_05112.jpg,image_05112.jpg,23.168317794799805
5112,/nas-ctm01/datasets/public/Oxford102Flowers/jpg/image_05113.jpg,image_05113.jpg,21.515731811523438
5113,/nas-ctm01/datasets/public/Oxford102Flowers/jpg/image_05114.jpg,image_05114.jpg,22.319923400878906
5114,/nas-ctm01/datasets/public/Oxford102Flowers/jpg/image_05115.jpg,image_05115.jpg,22.18806266784668
5115,/nas-ctm01/datasets/public/Oxford102Flowers/jpg/image_05116.jpg,image_05116.jpg,22.307119369506836
5116,/nas-ctm01/datasets/public/Oxford102Flowers/jpg/image_05117.jpg,image_05117.jpg,22.837600708007812
5117,/nas-ctm01/datasets/public/Oxford102Flowers/jpg/image_05118.jpg,image_05118.jpg,22.315994262695312
5118,/nas-ctm01/datasets/public/Oxford102Flowers/jpg/image_05119.jpg,image_05119.jpg,22.42273712158203
5119,/nas-ctm01/datasets/public/Oxford102Flowers/jpg/image_05120.jpg,image_05120.jpg,21.8726806640625
5120,/nas-ctm01/datasets/public/Oxford102Flowers/jpg/image_05121.jpg,image_05121.jpg,21.944665908813477
5121,/nas-ctm01/datasets/public/Oxford102Flowers/jpg/image_05122.jpg,image_05122.jpg,22.10042953491211
5122,/nas-ctm01/datasets/public/Oxford102Flowers/jpg/image_05123.jpg,image_05123.jpg,21.223209381103516
5123,/nas-ctm01/datasets/public/Oxford102Flowers/jpg/image_05124.jpg,image_05124.jpg,21.82330322265625
5124,/nas-ctm01/datasets/public/Oxford102Flowers/jpg/image_05125.jpg,image_05125.jpg,22.625688552856445
5125,/nas-ctm01/datasets/public/Oxford102Flowers/jpg/image_05126.jpg,image_05126.jpg,21.654903411865234
5126,/nas-ctm01/datasets/public/Oxford102Flowers/jpg/image_05127.jpg,image_05127.jpg,22.633644104003906
5127,/nas-ctm01/datasets/public/Oxford102Flowers/jpg/image_05128.jpg,image_05128.jpg,22.017454147338867
5128,/nas-ctm01/datasets/public/Oxford102Flowers/jpg/image_05129.jpg,image_05129.jpg,22.355764389038086
5129,/nas-ctm01/datasets/public/Oxford102Flowers/jpg/image_05130.jpg,image_05130.jpg,22.569704055786133
5130,/nas-ctm01/datasets/public/Oxford102Flowers/jpg/image_05131.jpg,image_05131.jpg,22.854841232299805
5131,/nas-ctm01/datasets/public/Oxford102Flowers/jpg/image_05132.jpg,image_05132.jpg,22.57571792602539
5132,/nas-ctm01/datasets/public/Oxford102Flowers/jpg/image_05133.jpg,image_05133.jpg,22.59193229675293
5133,/nas-ctm01/datasets/public/Oxford102Flowers/jpg/image_05134.jpg,image_05134.jpg,22.086088180541992
5134,/nas-ctm01/datasets/public/Oxford102Flowers/jpg/image_05135.jpg,image_05135.jpg,22.216562271118164
5135,/nas-ctm01/datasets/public/Oxford102Flowers/jpg/image_05136.jpg,image_05136.jpg,22.105690002441406
5136,/nas-ctm01/datasets/public/Oxford102Flowers/jpg/image_05137.jpg,image_05137.jpg,22.489641189575195
5137,/nas-ctm01/datasets/public/Oxford102Flowers/jpg/image_05138.jpg,image_05138.jpg,21.8754825592041
5138,/nas-ctm01/datasets/public/Oxford102Flowers/jpg/image_05139.jpg,image_05139.jpg,22.318422317504883
5139,/nas-ctm01/datasets/public/Oxford102Flowers/jpg/image_05140.jpg,image_05140.jpg,22.447296142578125
5140,/nas-ctm01/datasets/public/Oxford102Flowers/jpg/image_05141.jpg,image_05141.jpg,22.482263565063477
5141,/nas-ctm01/datasets/public/Oxford102Flowers/jpg/image_05142.jpg,image_05142.jpg,22.457426071166992
5142,/nas-ctm01/datasets/public/Oxford102Flowers/jpg/image_05143.jpg,image_05143.jpg,22.94930076599121
5143,/nas-ctm01/datasets/public/Oxford102Flowers/jpg/image_05144.jpg,image_05144.jpg,22.292102813720703
5144,/nas-ctm01/datasets/public/Oxford102Flowers/jpg/image_05145.jpg,image_05145.jpg,22.661998748779297
5145,/nas-ctm01/datasets/public/Oxford102Flowers/jpg/image_05146.jpg,image_05146.jpg,22.153850555419922
5146,/nas-ctm01/datasets/public/Oxford102Flowers/jpg/image_05147.jpg,image_05147.jpg,20.307594299316406
5147,/nas-ctm01/datasets/public/Oxford102Flowers/jpg/image_05148.jpg,image_05148.jpg,22.154483795166016
5148,/nas-ctm01/datasets/public/Oxford102Flowers/jpg/image_05149.jpg,image_05149.jpg,21.799707412719727
5149,/nas-ctm01/datasets/public/Oxford102Flowers/jpg/image_05150.jpg,image_05150.jpg,23.164602279663086
5150,/nas-ctm01/datasets/public/Oxford102Flowers/jpg/image_05151.jpg,image_05151.jpg,22.529361724853516
5151,/nas-ctm01/datasets/public/Oxford102Flowers/jpg/image_05152.jpg,image_05152.jpg,22.150562286376953
5152,/nas-ctm01/datasets/public/Oxford102Flowers/jpg/image_05153.jpg,image_05153.jpg,22.566272735595703
5153,/nas-ctm01/datasets/public/Oxford102Flowers/jpg/image_05154.jpg,image_05154.jpg,21.587928771972656
5154,/nas-ctm01/datasets/public/Oxford102Flowers/jpg/image_05155.jpg,image_05155.jpg,22.461082458496094
5155,/nas-ctm01/datasets/public/Oxford102Flowers/jpg/image_05156.jpg,image_05156.jpg,21.709903717041016
5156,/nas-ctm01/datasets/public/Oxford102Flowers/jpg/image_05157.jpg,image_05157.jpg,21.882884979248047
5157,/nas-ctm01/datasets/public/Oxford102Flowers/jpg/image_05158.jpg,image_05158.jpg,23.099502563476562
5158,/nas-ctm01/datasets/public/Oxford102Flowers/jpg/image_05159.jpg,image_05159.jpg,23.107316970825195
5159,/nas-ctm01/datasets/public/Oxford102Flowers/jpg/image_05160.jpg,image_05160.jpg,21.979738235473633
5160,/nas-ctm01/datasets/public/Oxford102Flowers/jpg/image_05161.jpg,image_05161.jpg,21.782665252685547
5161,/nas-ctm01/datasets/public/Oxford102Flowers/jpg/image_05162.jpg,image_05162.jpg,21.160663604736328
5162,/nas-ctm01/datasets/public/Oxford102Flowers/jpg/image_05163.jpg,image_05163.jpg,22.65675163269043
5163,/nas-ctm01/datasets/public/Oxford102Flowers/jpg/image_05164.jpg,image_05164.jpg,23.002727508544922
5164,/nas-ctm01/datasets/public/Oxford102Flowers/jpg/image_05165.jpg,image_05165.jpg,22.19343376159668
5165,/nas-ctm01/datasets/public/Oxford102Flowers/jpg/image_05166.jpg,image_05166.jpg,23.306135177612305
5166,/nas-ctm01/datasets/public/Oxford102Flowers/jpg/image_05167.jpg,image_05167.jpg,21.196138381958008
5167,/nas-ctm01/datasets/public/Oxford102Flowers/jpg/image_05168.jpg,image_05168.jpg,21.551145553588867
5168,/nas-ctm01/datasets/public/Oxford102Flowers/jpg/image_05169.jpg,image_05169.jpg,22.497716903686523
5169,/nas-ctm01/datasets/public/Oxford102Flowers/jpg/image_05170.jpg,image_05170.jpg,22.82024383544922
5170,/nas-ctm01/datasets/public/Oxford102Flowers/jpg/image_05171.jpg,image_05171.jpg,22.665563583374023
5171,/nas-ctm01/datasets/public/Oxford102Flowers/jpg/image_05172.jpg,image_05172.jpg,21.963560104370117
5172,/nas-ctm01/datasets/public/Oxford102Flowers/jpg/image_05173.jpg,image_05173.jpg,22.55130958557129
5173,/nas-ctm01/datasets/public/Oxford102Flowers/jpg/image_05174.jpg,image_05174.jpg,23.054279327392578
5174,/nas-ctm01/datasets/public/Oxford102Flowers/jpg/image_05175.jpg,image_05175.jpg,20.83409881591797
5175,/nas-ctm01/datasets/public/Oxford102Flowers/jpg/image_05176.jpg,image_05176.jpg,21.963855743408203
5176,/nas-ctm01/datasets/public/Oxford102Flowers/jpg/image_05177.jpg,image_05177.jpg,21.884418487548828
5177,/nas-ctm01/datasets/public/Oxford102Flowers/jpg/image_05178.jpg,image_05178.jpg,22.24394989013672
5178,/nas-ctm01/datasets/public/Oxford102Flowers/jpg/image_05179.jpg,image_05179.jpg,23.199037551879883
5179,/nas-ctm01/datasets/public/Oxford102Flowers/jpg/image_05180.jpg,image_05180.jpg,22.907405853271484
5180,/nas-ctm01/datasets/public/Oxford102Flowers/jpg/image_05181.jpg,image_05181.jpg,22.236366271972656
5181,/nas-ctm01/datasets/public/Oxford102Flowers/jpg/image_05182.jpg,image_05182.jpg,22.537158966064453
5182,/nas-ctm01/datasets/public/Oxford102Flowers/jpg/image_05183.jpg,image_05183.jpg,21.367128372192383
5183,/nas-ctm01/datasets/public/Oxford102Flowers/jpg/image_05184.jpg,image_05184.jpg,21.575199127197266
5184,/nas-ctm01/datasets/public/Oxford102Flowers/jpg/image_05185.jpg,image_05185.jpg,22.897052764892578
5185,/nas-ctm01/datasets/public/Oxford102Flowers/jpg/image_05186.jpg,image_05186.jpg,23.073688507080078
5186,/nas-ctm01/datasets/public/Oxford102Flowers/jpg/image_05187.jpg,image_05187.jpg,21.801219940185547
5187,/nas-ctm01/datasets/public/Oxford102Flowers/jpg/image_05188.jpg,image_05188.jpg,22.250011444091797
5188,/nas-ctm01/datasets/public/Oxford102Flowers/jpg/image_05189.jpg,image_05189.jpg,21.821449279785156
5189,/nas-ctm01/datasets/public/Oxford102Flowers/jpg/image_05190.jpg,image_05190.jpg,22.634511947631836
5190,/nas-ctm01/datasets/public/Oxford102Flowers/jpg/image_05191.jpg,image_05191.jpg,21.60894203186035
5191,/nas-ctm01/datasets/public/Oxford102Flowers/jpg/image_05192.jpg,image_05192.jpg,21.3468017578125
5192,/nas-ctm01/datasets/public/Oxford102Flowers/jpg/image_05193.jpg,image_05193.jpg,22.066253662109375
5193,/nas-ctm01/datasets/public/Oxford102Flowers/jpg/image_05194.jpg,image_05194.jpg,21.861989974975586
5194,/nas-ctm01/datasets/public/Oxford102Flowers/jpg/image_05195.jpg,image_05195.jpg,21.770214080810547
5195,/nas-ctm01/datasets/public/Oxford102Flowers/jpg/image_05196.jpg,image_05196.jpg,21.346574783325195
5196,/nas-ctm01/datasets/public/Oxford102Flowers/jpg/image_05197.jpg,image_05197.jpg,21.43642234802246
5197,/nas-ctm01/datasets/public/Oxford102Flowers/jpg/image_05198.jpg,image_05198.jpg,23.62624168395996
5198,/nas-ctm01/datasets/public/Oxford102Flowers/jpg/image_05199.jpg,image_05199.jpg,20.91040802001953
5199,/nas-ctm01/datasets/public/Oxford102Flowers/jpg/image_05200.jpg,image_05200.jpg,22.08913803100586
5200,/nas-ctm01/datasets/public/Oxford102Flowers/jpg/image_05201.jpg,image_05201.jpg,22.14333152770996
5201,/nas-ctm01/datasets/public/Oxford102Flowers/jpg/image_05202.jpg,image_05202.jpg,23.244701385498047
5202,/nas-ctm01/datasets/public/Oxford102Flowers/jpg/image_05203.jpg,image_05203.jpg,21.615779876708984
5203,/nas-ctm01/datasets/public/Oxford102Flowers/jpg/image_05204.jpg,image_05204.jpg,22.340456008911133
5204,/nas-ctm01/datasets/public/Oxford102Flowers/jpg/image_05205.jpg,image_05205.jpg,23.347192764282227
5205,/nas-ctm01/datasets/public/Oxford102Flowers/jpg/image_05206.jpg,image_05206.jpg,21.17552947998047
5206,/nas-ctm01/datasets/public/Oxford102Flowers/jpg/image_05207.jpg,image_05207.jpg,22.877370834350586
5207,/nas-ctm01/datasets/public/Oxford102Flowers/jpg/image_05208.jpg,image_05208.jpg,22.465524673461914
5208,/nas-ctm01/datasets/public/Oxford102Flowers/jpg/image_05209.jpg,image_05209.jpg,23.593568801879883
5209,/nas-ctm01/datasets/public/Oxford102Flowers/jpg/image_05210.jpg,image_05210.jpg,22.407819747924805
5210,/nas-ctm01/datasets/public/Oxford102Flowers/jpg/image_05211.jpg,image_05211.jpg,21.735681533813477
5211,/nas-ctm01/datasets/public/Oxford102Flowers/jpg/image_05212.jpg,image_05212.jpg,21.414081573486328
5212,/nas-ctm01/datasets/public/Oxford102Flowers/jpg/image_05213.jpg,image_05213.jpg,20.808208465576172
5213,/nas-ctm01/datasets/public/Oxford102Flowers/jpg/image_05214.jpg,image_05214.jpg,21.609344482421875
5214,/nas-ctm01/datasets/public/Oxford102Flowers/jpg/image_05215.jpg,image_05215.jpg,21.027141571044922
5215,/nas-ctm01/datasets/public/Oxford102Flowers/jpg/image_05216.jpg,image_05216.jpg,20.58193016052246
5216,/nas-ctm01/datasets/public/Oxford102Flowers/jpg/image_05217.jpg,image_05217.jpg,21.148853302001953
5217,/nas-ctm01/datasets/public/Oxford102Flowers/jpg/image_05218.jpg,image_05218.jpg,21.740978240966797
5218,/nas-ctm01/datasets/public/Oxford102Flowers/jpg/image_05219.jpg,image_05219.jpg,20.859466552734375
5219,/nas-ctm01/datasets/public/Oxford102Flowers/jpg/image_05220.jpg,image_05220.jpg,21.287845611572266
5220,/nas-ctm01/datasets/public/Oxford102Flowers/jpg/image_05221.jpg,image_05221.jpg,20.737398147583008
5221,/nas-ctm01/datasets/public/Oxford102Flowers/jpg/image_05222.jpg,image_05222.jpg,21.667850494384766
5222,/nas-ctm01/datasets/public/Oxford102Flowers/jpg/image_05223.jpg,image_05223.jpg,21.078325271606445
5223,/nas-ctm01/datasets/public/Oxford102Flowers/jpg/image_05224.jpg,image_05224.jpg,21.015974044799805
5224,/nas-ctm01/datasets/public/Oxford102Flowers/jpg/image_05225.jpg,image_05225.jpg,21.15393829345703
5225,/nas-ctm01/datasets/public/Oxford102Flowers/jpg/image_05226.jpg,image_05226.jpg,21.19752311706543
5226,/nas-ctm01/datasets/public/Oxford102Flowers/jpg/image_05227.jpg,image_05227.jpg,20.874019622802734
5227,/nas-ctm01/datasets/public/Oxford102Flowers/jpg/image_05228.jpg,image_05228.jpg,21.344669342041016
5228,/nas-ctm01/datasets/public/Oxford102Flowers/jpg/image_05229.jpg,image_05229.jpg,21.26725196838379
5229,/nas-ctm01/datasets/public/Oxford102Flowers/jpg/image_05230.jpg,image_05230.jpg,20.86876678466797
5230,/nas-ctm01/datasets/public/Oxford102Flowers/jpg/image_05231.jpg,image_05231.jpg,21.702743530273438
5231,/nas-ctm01/datasets/public/Oxford102Flowers/jpg/image_05232.jpg,image_05232.jpg,21.08728790283203
5232,/nas-ctm01/datasets/public/Oxford102Flowers/jpg/image_05233.jpg,image_05233.jpg,20.274457931518555
5233,/nas-ctm01/datasets/public/Oxford102Flowers/jpg/image_05234.jpg,image_05234.jpg,20.2962589263916
5234,/nas-ctm01/datasets/public/Oxford102Flowers/jpg/image_05235.jpg,image_05235.jpg,20.305158615112305
5235,/nas-ctm01/datasets/public/Oxford102Flowers/jpg/image_05236.jpg,image_05236.jpg,20.853961944580078
5236,/nas-ctm01/datasets/public/Oxford102Flowers/jpg/image_05237.jpg,image_05237.jpg,21.665281295776367
5237,/nas-ctm01/datasets/public/Oxford102Flowers/jpg/image_05238.jpg,image_05238.jpg,20.918054580688477
5238,/nas-ctm01/datasets/public/Oxford102Flowers/jpg/image_05239.jpg,image_05239.jpg,21.17530059814453
5239,/nas-ctm01/datasets/public/Oxford102Flowers/jpg/image_05240.jpg,image_05240.jpg,21.440948486328125
5240,/nas-ctm01/datasets/public/Oxford102Flowers/jpg/image_05241.jpg,image_05241.jpg,20.478229522705078
5241,/nas-ctm01/datasets/public/Oxford102Flowers/jpg/image_05242.jpg,image_05242.jpg,21.51690673828125
5242,/nas-ctm01/datasets/public/Oxford102Flowers/jpg/image_05243.jpg,image_05243.jpg,21.32066535949707
5243,/nas-ctm01/datasets/public/Oxford102Flowers/jpg/image_05244.jpg,image_05244.jpg,20.577728271484375
5244,/nas-ctm01/datasets/public/Oxford102Flowers/jpg/image_05245.jpg,image_05245.jpg,21.458322525024414
5245,/nas-ctm01/datasets/public/Oxford102Flowers/jpg/image_05246.jpg,image_05246.jpg,20.307601928710938
5246,/nas-ctm01/datasets/public/Oxford102Flowers/jpg/image_05247.jpg,image_05247.jpg,21.04645538330078
5247,/nas-ctm01/datasets/public/Oxford102Flowers/jpg/image_05248.jpg,image_05248.jpg,21.290489196777344
5248,/nas-ctm01/datasets/public/Oxford102Flowers/jpg/image_05249.jpg,image_05249.jpg,21.63199234008789
5249,/nas-ctm01/datasets/public/Oxford102Flowers/jpg/image_05250.jpg,image_05250.jpg,20.76814842224121
5250,/nas-ctm01/datasets/public/Oxford102Flowers/jpg/image_05251.jpg,image_05251.jpg,22.01005744934082
5251,/nas-ctm01/datasets/public/Oxford102Flowers/jpg/image_05252.jpg,image_05252.jpg,20.368959426879883
5252,/nas-ctm01/datasets/public/Oxford102Flowers/jpg/image_05253.jpg,image_05253.jpg,20.878334045410156
5253,/nas-ctm01/datasets/public/Oxford102Flowers/jpg/image_05254.jpg,image_05254.jpg,20.672557830810547
5254,/nas-ctm01/datasets/public/Oxford102Flowers/jpg/image_05255.jpg,image_05255.jpg,21.728349685668945
5255,/nas-ctm01/datasets/public/Oxford102Flowers/jpg/image_05256.jpg,image_05256.jpg,20.779401779174805
5256,/nas-ctm01/datasets/public/Oxford102Flowers/jpg/image_05257.jpg,image_05257.jpg,20.75892448425293
5257,/nas-ctm01/datasets/public/Oxford102Flowers/jpg/image_05258.jpg,image_05258.jpg,21.29991912841797
5258,/nas-ctm01/datasets/public/Oxford102Flowers/jpg/image_05259.jpg,image_05259.jpg,20.61644744873047
5259,/nas-ctm01/datasets/public/Oxford102Flowers/jpg/image_05260.jpg,image_05260.jpg,20.73229217529297
5260,/nas-ctm01/datasets/public/Oxford102Flowers/jpg/image_05261.jpg,image_05261.jpg,21.754669189453125
5261,/nas-ctm01/datasets/public/Oxford102Flowers/jpg/image_05262.jpg,image_05262.jpg,21.028884887695312
5262,/nas-ctm01/datasets/public/Oxford102Flowers/jpg/image_05263.jpg,image_05263.jpg,20.55777931213379
5263,/nas-ctm01/datasets/public/Oxford102Flowers/jpg/image_05264.jpg,image_05264.jpg,21.504934310913086
5264,/nas-ctm01/datasets/public/Oxford102Flowers/jpg/image_05265.jpg,image_05265.jpg,20.825408935546875
5265,/nas-ctm01/datasets/public/Oxford102Flowers/jpg/image_05266.jpg,image_05266.jpg,20.420867919921875
5266,/nas-ctm01/datasets/public/Oxford102Flowers/jpg/image_05267.jpg,image_05267.jpg,20.381053924560547
5267,/nas-ctm01/datasets/public/Oxford102Flowers/jpg/image_05268.jpg,image_05268.jpg,21.029056549072266
5268,/nas-ctm01/datasets/public/Oxford102Flowers/jpg/image_05269.jpg,image_05269.jpg,21.126577377319336
5269,/nas-ctm01/datasets/public/Oxford102Flowers/jpg/image_05270.jpg,image_05270.jpg,20.958789825439453
5270,/nas-ctm01/datasets/public/Oxford102Flowers/jpg/image_05271.jpg,image_05271.jpg,20.68940544128418
5271,/nas-ctm01/datasets/public/Oxford102Flowers/jpg/image_05272.jpg,image_05272.jpg,21.002187728881836
5272,/nas-ctm01/datasets/public/Oxford102Flowers/jpg/image_05273.jpg,image_05273.jpg,20.83870506286621
5273,/nas-ctm01/datasets/public/Oxford102Flowers/jpg/image_05274.jpg,image_05274.jpg,20.232973098754883
5274,/nas-ctm01/datasets/public/Oxford102Flowers/jpg/image_05275.jpg,image_05275.jpg,20.438634872436523
5275,/nas-ctm01/datasets/public/Oxford102Flowers/jpg/image_05276.jpg,image_05276.jpg,20.939390182495117
5276,/nas-ctm01/datasets/public/Oxford102Flowers/jpg/image_05277.jpg,image_05277.jpg,20.754274368286133
5277,/nas-ctm01/datasets/public/Oxford102Flowers/jpg/image_05278.jpg,image_05278.jpg,21.0965518951416
5278,/nas-ctm01/datasets/public/Oxford102Flowers/jpg/image_05279.jpg,image_05279.jpg,21.51576042175293
5279,/nas-ctm01/datasets/public/Oxford102Flowers/jpg/image_05280.jpg,image_05280.jpg,22.178592681884766
5280,/nas-ctm01/datasets/public/Oxford102Flowers/jpg/image_05281.jpg,image_05281.jpg,22.11237907409668
5281,/nas-ctm01/datasets/public/Oxford102Flowers/jpg/image_05282.jpg,image_05282.jpg,22.204734802246094
5282,/nas-ctm01/datasets/public/Oxford102Flowers/jpg/image_05283.jpg,image_05283.jpg,22.299333572387695
5283,/nas-ctm01/datasets/public/Oxford102Flowers/jpg/image_05284.jpg,image_05284.jpg,21.554298400878906
5284,/nas-ctm01/datasets/public/Oxford102Flowers/jpg/image_05285.jpg,image_05285.jpg,21.96138572692871
5285,/nas-ctm01/datasets/public/Oxford102Flowers/jpg/image_05286.jpg,image_05286.jpg,21.498445510864258
5286,/nas-ctm01/datasets/public/Oxford102Flowers/jpg/image_05287.jpg,image_05287.jpg,21.823637008666992
5287,/nas-ctm01/datasets/public/Oxford102Flowers/jpg/image_05288.jpg,image_05288.jpg,21.093700408935547
5288,/nas-ctm01/datasets/public/Oxford102Flowers/jpg/image_05289.jpg,image_05289.jpg,22.76175880432129
5289,/nas-ctm01/datasets/public/Oxford102Flowers/jpg/image_05290.jpg,image_05290.jpg,22.21729278564453
5290,/nas-ctm01/datasets/public/Oxford102Flowers/jpg/image_05291.jpg,image_05291.jpg,20.63032341003418
5291,/nas-ctm01/datasets/public/Oxford102Flowers/jpg/image_05292.jpg,image_05292.jpg,20.91474151611328
5292,/nas-ctm01/datasets/public/Oxford102Flowers/jpg/image_05293.jpg,image_05293.jpg,21.411630630493164
5293,/nas-ctm01/datasets/public/Oxford102Flowers/jpg/image_05294.jpg,image_05294.jpg,21.378524780273438
5294,/nas-ctm01/datasets/public/Oxford102Flowers/jpg/image_05295.jpg,image_05295.jpg,20.929126739501953
5295,/nas-ctm01/datasets/public/Oxford102Flowers/jpg/image_05296.jpg,image_05296.jpg,21.63250160217285
5296,/nas-ctm01/datasets/public/Oxford102Flowers/jpg/image_05297.jpg,image_05297.jpg,21.9728946685791
5297,/nas-ctm01/datasets/public/Oxford102Flowers/jpg/image_05298.jpg,image_05298.jpg,22.325538635253906
5298,/nas-ctm01/datasets/public/Oxford102Flowers/jpg/image_05299.jpg,image_05299.jpg,21.792407989501953
5299,/nas-ctm01/datasets/public/Oxford102Flowers/jpg/image_05300.jpg,image_05300.jpg,21.57935333251953
5300,/nas-ctm01/datasets/public/Oxford102Flowers/jpg/image_05301.jpg,image_05301.jpg,22.021995544433594
5301,/nas-ctm01/datasets/public/Oxford102Flowers/jpg/image_05302.jpg,image_05302.jpg,21.496789932250977
5302,/nas-ctm01/datasets/public/Oxford102Flowers/jpg/image_05303.jpg,image_05303.jpg,22.35120391845703
5303,/nas-ctm01/datasets/public/Oxford102Flowers/jpg/image_05304.jpg,image_05304.jpg,21.721397399902344
5304,/nas-ctm01/datasets/public/Oxford102Flowers/jpg/image_05305.jpg,image_05305.jpg,22.56125259399414
5305,/nas-ctm01/datasets/public/Oxford102Flowers/jpg/image_05306.jpg,image_05306.jpg,19.952625274658203
5306,/nas-ctm01/datasets/public/Oxford102Flowers/jpg/image_05307.jpg,image_05307.jpg,20.561803817749023
5307,/nas-ctm01/datasets/public/Oxford102Flowers/jpg/image_05308.jpg,image_05308.jpg,20.55967903137207
5308,/nas-ctm01/datasets/public/Oxford102Flowers/jpg/image_05309.jpg,image_05309.jpg,20.51520347595215
5309,/nas-ctm01/datasets/public/Oxford102Flowers/jpg/image_05310.jpg,image_05310.jpg,20.06717872619629
5310,/nas-ctm01/datasets/public/Oxford102Flowers/jpg/image_05311.jpg,image_05311.jpg,20.722332000732422
5311,/nas-ctm01/datasets/public/Oxford102Flowers/jpg/image_05312.jpg,image_05312.jpg,20.074954986572266
5312,/nas-ctm01/datasets/public/Oxford102Flowers/jpg/image_05313.jpg,image_05313.jpg,20.129484176635742
5313,/nas-ctm01/datasets/public/Oxford102Flowers/jpg/image_05314.jpg,image_05314.jpg,20.254884719848633
5314,/nas-ctm01/datasets/public/Oxford102Flowers/jpg/image_05315.jpg,image_05315.jpg,21.35368537902832
5315,/nas-ctm01/datasets/public/Oxford102Flowers/jpg/image_05316.jpg,image_05316.jpg,21.976457595825195
5316,/nas-ctm01/datasets/public/Oxford102Flowers/jpg/image_05317.jpg,image_05317.jpg,21.05590057373047
5317,/nas-ctm01/datasets/public/Oxford102Flowers/jpg/image_05318.jpg,image_05318.jpg,21.503643035888672
5318,/nas-ctm01/datasets/public/Oxford102Flowers/jpg/image_05319.jpg,image_05319.jpg,21.220842361450195
5319,/nas-ctm01/datasets/public/Oxford102Flowers/jpg/image_05320.jpg,image_05320.jpg,21.678922653198242
5320,/nas-ctm01/datasets/public/Oxford102Flowers/jpg/image_05321.jpg,image_05321.jpg,20.399696350097656
5321,/nas-ctm01/datasets/public/Oxford102Flowers/jpg/image_05322.jpg,image_05322.jpg,20.99639892578125
5322,/nas-ctm01/datasets/public/Oxford102Flowers/jpg/image_05323.jpg,image_05323.jpg,23.05327606201172
5323,/nas-ctm01/datasets/public/Oxford102Flowers/jpg/image_05324.jpg,image_05324.jpg,20.92076301574707
5324,/nas-ctm01/datasets/public/Oxford102Flowers/jpg/image_05325.jpg,image_05325.jpg,22.259166717529297
5325,/nas-ctm01/datasets/public/Oxford102Flowers/jpg/image_05326.jpg,image_05326.jpg,21.102689743041992
5326,/nas-ctm01/datasets/public/Oxford102Flowers/jpg/image_05327.jpg,image_05327.jpg,21.152774810791016
5327,/nas-ctm01/datasets/public/Oxford102Flowers/jpg/image_05328.jpg,image_05328.jpg,22.103822708129883
5328,/nas-ctm01/datasets/public/Oxford102Flowers/jpg/image_05329.jpg,image_05329.jpg,21.957748413085938
5329,/nas-ctm01/datasets/public/Oxford102Flowers/jpg/image_05330.jpg,image_05330.jpg,22.062591552734375
5330,/nas-ctm01/datasets/public/Oxford102Flowers/jpg/image_05331.jpg,image_05331.jpg,21.65930938720703
5331,/nas-ctm01/datasets/public/Oxford102Flowers/jpg/image_05332.jpg,image_05332.jpg,21.7373046875
5332,/nas-ctm01/datasets/public/Oxford102Flowers/jpg/image_05333.jpg,image_05333.jpg,21.920907974243164
5333,/nas-ctm01/datasets/public/Oxford102Flowers/jpg/image_05334.jpg,image_05334.jpg,22.193866729736328
5334,/nas-ctm01/datasets/public/Oxford102Flowers/jpg/image_05335.jpg,image_05335.jpg,22.14412498474121
5335,/nas-ctm01/datasets/public/Oxford102Flowers/jpg/image_05336.jpg,image_05336.jpg,21.88726806640625
5336,/nas-ctm01/datasets/public/Oxford102Flowers/jpg/image_05337.jpg,image_05337.jpg,21.46295738220215
5337,/nas-ctm01/datasets/public/Oxford102Flowers/jpg/image_05338.jpg,image_05338.jpg,21.736988067626953
5338,/nas-ctm01/datasets/public/Oxford102Flowers/jpg/image_05339.jpg,image_05339.jpg,21.461761474609375
5339,/nas-ctm01/datasets/public/Oxford102Flowers/jpg/image_05340.jpg,image_05340.jpg,21.245866775512695
5340,/nas-ctm01/datasets/public/Oxford102Flowers/jpg/image_05341.jpg,image_05341.jpg,21.533613204956055
5341,/nas-ctm01/datasets/public/Oxford102Flowers/jpg/image_05342.jpg,image_05342.jpg,20.59956169128418
5342,/nas-ctm01/datasets/public/Oxford102Flowers/jpg/image_05343.jpg,image_05343.jpg,21.101072311401367
5343,/nas-ctm01/datasets/public/Oxford102Flowers/jpg/image_05344.jpg,image_05344.jpg,21.144025802612305
5344,/nas-ctm01/datasets/public/Oxford102Flowers/jpg/image_05345.jpg,image_05345.jpg,21.17176628112793
5345,/nas-ctm01/datasets/public/Oxford102Flowers/jpg/image_05346.jpg,image_05346.jpg,22.336673736572266
5346,/nas-ctm01/datasets/public/Oxford102Flowers/jpg/image_05347.jpg,image_05347.jpg,20.335346221923828
5347,/nas-ctm01/datasets/public/Oxford102Flowers/jpg/image_05348.jpg,image_05348.jpg,21.680082321166992
5348,/nas-ctm01/datasets/public/Oxford102Flowers/jpg/image_05349.jpg,image_05349.jpg,21.361127853393555
5349,/nas-ctm01/datasets/public/Oxford102Flowers/jpg/image_05350.jpg,image_05350.jpg,21.34941864013672
5350,/nas-ctm01/datasets/public/Oxford102Flowers/jpg/image_05351.jpg,image_05351.jpg,22.366802215576172
5351,/nas-ctm01/datasets/public/Oxford102Flowers/jpg/image_05352.jpg,image_05352.jpg,20.882192611694336
5352,/nas-ctm01/datasets/public/Oxford102Flowers/jpg/image_05353.jpg,image_05353.jpg,20.845006942749023
5353,/nas-ctm01/datasets/public/Oxford102Flowers/jpg/image_05354.jpg,image_05354.jpg,20.569334030151367
5354,/nas-ctm01/datasets/public/Oxford102Flowers/jpg/image_05355.jpg,image_05355.jpg,21.686674118041992
5355,/nas-ctm01/datasets/public/Oxford102Flowers/jpg/image_05356.jpg,image_05356.jpg,20.776023864746094
5356,/nas-ctm01/datasets/public/Oxford102Flowers/jpg/image_05357.jpg,image_05357.jpg,21.157733917236328
5357,/nas-ctm01/datasets/public/Oxford102Flowers/jpg/image_05358.jpg,image_05358.jpg,21.01094627380371
5358,/nas-ctm01/datasets/public/Oxford102Flowers/jpg/image_05359.jpg,image_05359.jpg,21.877765655517578
5359,/nas-ctm01/datasets/public/Oxford102Flowers/jpg/image_05360.jpg,image_05360.jpg,21.996999740600586
5360,/nas-ctm01/datasets/public/Oxford102Flowers/jpg/image_05361.jpg,image_05361.jpg,21.573171615600586
5361,/nas-ctm01/datasets/public/Oxford102Flowers/jpg/image_05362.jpg,image_05362.jpg,21.492034912109375
5362,/nas-ctm01/datasets/public/Oxford102Flowers/jpg/image_05363.jpg,image_05363.jpg,21.516427993774414
5363,/nas-ctm01/datasets/public/Oxford102Flowers/jpg/image_05364.jpg,image_05364.jpg,21.23482322692871
5364,/nas-ctm01/datasets/public/Oxford102Flowers/jpg/image_05365.jpg,image_05365.jpg,21.583765029907227
5365,/nas-ctm01/datasets/public/Oxford102Flowers/jpg/image_05366.jpg,image_05366.jpg,21.358173370361328
5366,/nas-ctm01/datasets/public/Oxford102Flowers/jpg/image_05367.jpg,image_05367.jpg,21.1052303314209
5367,/nas-ctm01/datasets/public/Oxford102Flowers/jpg/image_05368.jpg,image_05368.jpg,21.339385986328125
5368,/nas-ctm01/datasets/public/Oxford102Flowers/jpg/image_05369.jpg,image_05369.jpg,21.837533950805664
5369,/nas-ctm01/datasets/public/Oxford102Flowers/jpg/image_05370.jpg,image_05370.jpg,22.071189880371094
5370,/nas-ctm01/datasets/public/Oxford102Flowers/jpg/image_05371.jpg,image_05371.jpg,21.72271728515625
5371,/nas-ctm01/datasets/public/Oxford102Flowers/jpg/image_05372.jpg,image_05372.jpg,20.935396194458008
5372,/nas-ctm01/datasets/public/Oxford102Flowers/jpg/image_05373.jpg,image_05373.jpg,21.540563583374023
5373,/nas-ctm01/datasets/public/Oxford102Flowers/jpg/image_05374.jpg,image_05374.jpg,22.149328231811523
5374,/nas-ctm01/datasets/public/Oxford102Flowers/jpg/image_05375.jpg,image_05375.jpg,20.440731048583984
5375,/nas-ctm01/datasets/public/Oxford102Flowers/jpg/image_05376.jpg,image_05376.jpg,21.832561492919922
5376,/nas-ctm01/datasets/public/Oxford102Flowers/jpg/image_05377.jpg,image_05377.jpg,21.50615882873535
5377,/nas-ctm01/datasets/public/Oxford102Flowers/jpg/image_05378.jpg,image_05378.jpg,20.92568016052246
5378,/nas-ctm01/datasets/public/Oxford102Flowers/jpg/image_05379.jpg,image_05379.jpg,20.92062759399414
5379,/nas-ctm01/datasets/public/Oxford102Flowers/jpg/image_05380.jpg,image_05380.jpg,22.01688003540039
5380,/nas-ctm01/datasets/public/Oxford102Flowers/jpg/image_05381.jpg,image_05381.jpg,21.19938850402832
5381,/nas-ctm01/datasets/public/Oxford102Flowers/jpg/image_05382.jpg,image_05382.jpg,21.4910945892334
5382,/nas-ctm01/datasets/public/Oxford102Flowers/jpg/image_05383.jpg,image_05383.jpg,21.290977478027344
5383,/nas-ctm01/datasets/public/Oxford102Flowers/jpg/image_05384.jpg,image_05384.jpg,20.506914138793945
5384,/nas-ctm01/datasets/public/Oxford102Flowers/jpg/image_05385.jpg,image_05385.jpg,21.578174591064453
5385,/nas-ctm01/datasets/public/Oxford102Flowers/jpg/image_05386.jpg,image_05386.jpg,21.209383010864258
5386,/nas-ctm01/datasets/public/Oxford102Flowers/jpg/image_05387.jpg,image_05387.jpg,20.909921646118164
5387,/nas-ctm01/datasets/public/Oxford102Flowers/jpg/image_05388.jpg,image_05388.jpg,22.04844093322754
5388,/nas-ctm01/datasets/public/Oxford102Flowers/jpg/image_05389.jpg,image_05389.jpg,21.310457229614258
5389,/nas-ctm01/datasets/public/Oxford102Flowers/jpg/image_05390.jpg,image_05390.jpg,21.3247127532959
5390,/nas-ctm01/datasets/public/Oxford102Flowers/jpg/image_05391.jpg,image_05391.jpg,20.700685501098633
5391,/nas-ctm01/datasets/public/Oxford102Flowers/jpg/image_05392.jpg,image_05392.jpg,21.43616485595703
5392,/nas-ctm01/datasets/public/Oxford102Flowers/jpg/image_05393.jpg,image_05393.jpg,21.691558837890625
5393,/nas-ctm01/datasets/public/Oxford102Flowers/jpg/image_05394.jpg,image_05394.jpg,21.027917861938477
5394,/nas-ctm01/datasets/public/Oxford102Flowers/jpg/image_05395.jpg,image_05395.jpg,20.918254852294922
5395,/nas-ctm01/datasets/public/Oxford102Flowers/jpg/image_05396.jpg,image_05396.jpg,21.476848602294922
5396,/nas-ctm01/datasets/public/Oxford102Flowers/jpg/image_05397.jpg,image_05397.jpg,22.269207000732422
5397,/nas-ctm01/datasets/public/Oxford102Flowers/jpg/image_05398.jpg,image_05398.jpg,20.790117263793945
5398,/nas-ctm01/datasets/public/Oxford102Flowers/jpg/image_05399.jpg,image_05399.jpg,23.139066696166992
5399,/nas-ctm01/datasets/public/Oxford102Flowers/jpg/image_05400.jpg,image_05400.jpg,22.922481536865234
5400,/nas-ctm01/datasets/public/Oxford102Flowers/jpg/image_05401.jpg,image_05401.jpg,22.75649642944336
5401,/nas-ctm01/datasets/public/Oxford102Flowers/jpg/image_05402.jpg,image_05402.jpg,23.59079360961914
5402,/nas-ctm01/datasets/public/Oxford102Flowers/jpg/image_05403.jpg,image_05403.jpg,22.688016891479492
5403,/nas-ctm01/datasets/public/Oxford102Flowers/jpg/image_05404.jpg,image_05404.jpg,22.334636688232422
5404,/nas-ctm01/datasets/public/Oxford102Flowers/jpg/image_05405.jpg,image_05405.jpg,22.799470901489258
5405,/nas-ctm01/datasets/public/Oxford102Flowers/jpg/image_05406.jpg,image_05406.jpg,23.78417205810547
5406,/nas-ctm01/datasets/public/Oxford102Flowers/jpg/image_05407.jpg,image_05407.jpg,23.181255340576172
5407,/nas-ctm01/datasets/public/Oxford102Flowers/jpg/image_05408.jpg,image_05408.jpg,23.103199005126953
5408,/nas-ctm01/datasets/public/Oxford102Flowers/jpg/image_05409.jpg,image_05409.jpg,22.42829132080078
5409,/nas-ctm01/datasets/public/Oxford102Flowers/jpg/image_05410.jpg,image_05410.jpg,23.163955688476562
5410,/nas-ctm01/datasets/public/Oxford102Flowers/jpg/image_05411.jpg,image_05411.jpg,23.08686065673828
5411,/nas-ctm01/datasets/public/Oxford102Flowers/jpg/image_05412.jpg,image_05412.jpg,22.932310104370117
5412,/nas-ctm01/datasets/public/Oxford102Flowers/jpg/image_05413.jpg,image_05413.jpg,23.915252685546875
5413,/nas-ctm01/datasets/public/Oxford102Flowers/jpg/image_05414.jpg,image_05414.jpg,22.560945510864258
5414,/nas-ctm01/datasets/public/Oxford102Flowers/jpg/image_05415.jpg,image_05415.jpg,23.293432235717773
5415,/nas-ctm01/datasets/public/Oxford102Flowers/jpg/image_05416.jpg,image_05416.jpg,23.41193962097168
5416,/nas-ctm01/datasets/public/Oxford102Flowers/jpg/image_05417.jpg,image_05417.jpg,22.925302505493164
5417,/nas-ctm01/datasets/public/Oxford102Flowers/jpg/image_05418.jpg,image_05418.jpg,22.956005096435547
5418,/nas-ctm01/datasets/public/Oxford102Flowers/jpg/image_05419.jpg,image_05419.jpg,23.197532653808594
5419,/nas-ctm01/datasets/public/Oxford102Flowers/jpg/image_05420.jpg,image_05420.jpg,23.648954391479492
5420,/nas-ctm01/datasets/public/Oxford102Flowers/jpg/image_05421.jpg,image_05421.jpg,23.09302520751953
5421,/nas-ctm01/datasets/public/Oxford102Flowers/jpg/image_05422.jpg,image_05422.jpg,22.66611099243164
5422,/nas-ctm01/datasets/public/Oxford102Flowers/jpg/image_05423.jpg,image_05423.jpg,23.560705184936523
5423,/nas-ctm01/datasets/public/Oxford102Flowers/jpg/image_05424.jpg,image_05424.jpg,23.164623260498047
5424,/nas-ctm01/datasets/public/Oxford102Flowers/jpg/image_05425.jpg,image_05425.jpg,23.548444747924805
5425,/nas-ctm01/datasets/public/Oxford102Flowers/jpg/image_05426.jpg,image_05426.jpg,22.651748657226562
5426,/nas-ctm01/datasets/public/Oxford102Flowers/jpg/image_05427.jpg,image_05427.jpg,23.26862144470215
5427,/nas-ctm01/datasets/public/Oxford102Flowers/jpg/image_05428.jpg,image_05428.jpg,23.237634658813477
5428,/nas-ctm01/datasets/public/Oxford102Flowers/jpg/image_05429.jpg,image_05429.jpg,22.549531936645508
5429,/nas-ctm01/datasets/public/Oxford102Flowers/jpg/image_05430.jpg,image_05430.jpg,22.24654769897461
5430,/nas-ctm01/datasets/public/Oxford102Flowers/jpg/image_05431.jpg,image_05431.jpg,22.735260009765625
5431,/nas-ctm01/datasets/public/Oxford102Flowers/jpg/image_05432.jpg,image_05432.jpg,22.936859130859375
5432,/nas-ctm01/datasets/public/Oxford102Flowers/jpg/image_05433.jpg,image_05433.jpg,23.780902862548828
5433,/nas-ctm01/datasets/public/Oxford102Flowers/jpg/image_05434.jpg,image_05434.jpg,23.326997756958008
5434,/nas-ctm01/datasets/public/Oxford102Flowers/jpg/image_05435.jpg,image_05435.jpg,22.22991180419922
5435,/nas-ctm01/datasets/public/Oxford102Flowers/jpg/image_05436.jpg,image_05436.jpg,22.34817123413086
5436,/nas-ctm01/datasets/public/Oxford102Flowers/jpg/image_05437.jpg,image_05437.jpg,22.736108779907227
5437,/nas-ctm01/datasets/public/Oxford102Flowers/jpg/image_05438.jpg,image_05438.jpg,23.00520133972168
5438,/nas-ctm01/datasets/public/Oxford102Flowers/jpg/image_05439.jpg,image_05439.jpg,23.086828231811523
5439,/nas-ctm01/datasets/public/Oxford102Flowers/jpg/image_05440.jpg,image_05440.jpg,23.084423065185547
5440,/nas-ctm01/datasets/public/Oxford102Flowers/jpg/image_05441.jpg,image_05441.jpg,21.88270378112793
5441,/nas-ctm01/datasets/public/Oxford102Flowers/jpg/image_05442.jpg,image_05442.jpg,21.88488006591797
5442,/nas-ctm01/datasets/public/Oxford102Flowers/jpg/image_05443.jpg,image_05443.jpg,21.92472267150879
5443,/nas-ctm01/datasets/public/Oxford102Flowers/jpg/image_05444.jpg,image_05444.jpg,22.84239387512207
5444,/nas-ctm01/datasets/public/Oxford102Flowers/jpg/image_05445.jpg,image_05445.jpg,23.511531829833984
5445,/nas-ctm01/datasets/public/Oxford102Flowers/jpg/image_05446.jpg,image_05446.jpg,21.494123458862305
5446,/nas-ctm01/datasets/public/Oxford102Flowers/jpg/image_05447.jpg,image_05447.jpg,22.807453155517578
5447,/nas-ctm01/datasets/public/Oxford102Flowers/jpg/image_05448.jpg,image_05448.jpg,21.91703987121582
5448,/nas-ctm01/datasets/public/Oxford102Flowers/jpg/image_05449.jpg,image_05449.jpg,20.63201904296875
5449,/nas-ctm01/datasets/public/Oxford102Flowers/jpg/image_05450.jpg,image_05450.jpg,21.700368881225586
5450,/nas-ctm01/datasets/public/Oxford102Flowers/jpg/image_05451.jpg,image_05451.jpg,22.515911102294922
5451,/nas-ctm01/datasets/public/Oxford102Flowers/jpg/image_05452.jpg,image_05452.jpg,23.468469619750977
5452,/nas-ctm01/datasets/public/Oxford102Flowers/jpg/image_05453.jpg,image_05453.jpg,22.27336311340332
5453,/nas-ctm01/datasets/public/Oxford102Flowers/jpg/image_05454.jpg,image_05454.jpg,23.191295623779297
5454,/nas-ctm01/datasets/public/Oxford102Flowers/jpg/image_05455.jpg,image_05455.jpg,22.779346466064453
5455,/nas-ctm01/datasets/public/Oxford102Flowers/jpg/image_05456.jpg,image_05456.jpg,23.355886459350586
5456,/nas-ctm01/datasets/public/Oxford102Flowers/jpg/image_05457.jpg,image_05457.jpg,23.36961555480957
5457,/nas-ctm01/datasets/public/Oxford102Flowers/jpg/image_05458.jpg,image_05458.jpg,23.02895164489746
5458,/nas-ctm01/datasets/public/Oxford102Flowers/jpg/image_05459.jpg,image_05459.jpg,23.14659309387207
5459,/nas-ctm01/datasets/public/Oxford102Flowers/jpg/image_05460.jpg,image_05460.jpg,22.681190490722656
5460,/nas-ctm01/datasets/public/Oxford102Flowers/jpg/image_05461.jpg,image_05461.jpg,23.059364318847656
5461,/nas-ctm01/datasets/public/Oxford102Flowers/jpg/image_05462.jpg,image_05462.jpg,22.309606552124023
5462,/nas-ctm01/datasets/public/Oxford102Flowers/jpg/image_05463.jpg,image_05463.jpg,23.08342933654785
5463,/nas-ctm01/datasets/public/Oxford102Flowers/jpg/image_05464.jpg,image_05464.jpg,23.052082061767578
5464,/nas-ctm01/datasets/public/Oxford102Flowers/jpg/image_05465.jpg,image_05465.jpg,23.119380950927734
5465,/nas-ctm01/datasets/public/Oxford102Flowers/jpg/image_05466.jpg,image_05466.jpg,22.030620574951172
5466,/nas-ctm01/datasets/public/Oxford102Flowers/jpg/image_05467.jpg,image_05467.jpg,22.93873405456543
5467,/nas-ctm01/datasets/public/Oxford102Flowers/jpg/image_05468.jpg,image_05468.jpg,22.501972198486328
5468,/nas-ctm01/datasets/public/Oxford102Flowers/jpg/image_05469.jpg,image_05469.jpg,23.155811309814453
5469,/nas-ctm01/datasets/public/Oxford102Flowers/jpg/image_05470.jpg,image_05470.jpg,22.61669158935547
5470,/nas-ctm01/datasets/public/Oxford102Flowers/jpg/image_05471.jpg,image_05471.jpg,23.068811416625977
5471,/nas-ctm01/datasets/public/Oxford102Flowers/jpg/image_05472.jpg,image_05472.jpg,23.02558135986328
5472,/nas-ctm01/datasets/public/Oxford102Flowers/jpg/image_05473.jpg,image_05473.jpg,22.587478637695312
5473,/nas-ctm01/datasets/public/Oxford102Flowers/jpg/image_05474.jpg,image_05474.jpg,23.27397346496582
5474,/nas-ctm01/datasets/public/Oxford102Flowers/jpg/image_05475.jpg,image_05475.jpg,22.0817813873291
5475,/nas-ctm01/datasets/public/Oxford102Flowers/jpg/image_05476.jpg,image_05476.jpg,22.95326805114746
5476,/nas-ctm01/datasets/public/Oxford102Flowers/jpg/image_05477.jpg,image_05477.jpg,22.763669967651367
5477,/nas-ctm01/datasets/public/Oxford102Flowers/jpg/image_05478.jpg,image_05478.jpg,23.094789505004883
5478,/nas-ctm01/datasets/public/Oxford102Flowers/jpg/image_05479.jpg,image_05479.jpg,23.455183029174805
5479,/nas-ctm01/datasets/public/Oxford102Flowers/jpg/image_05480.jpg,image_05480.jpg,22.349266052246094
5480,/nas-ctm01/datasets/public/Oxford102Flowers/jpg/image_05481.jpg,image_05481.jpg,22.9737548828125
5481,/nas-ctm01/datasets/public/Oxford102Flowers/jpg/image_05482.jpg,image_05482.jpg,22.714649200439453
5482,/nas-ctm01/datasets/public/Oxford102Flowers/jpg/image_05483.jpg,image_05483.jpg,21.563819885253906
5483,/nas-ctm01/datasets/public/Oxford102Flowers/jpg/image_05484.jpg,image_05484.jpg,23.397171020507812
5484,/nas-ctm01/datasets/public/Oxford102Flowers/jpg/image_05485.jpg,image_05485.jpg,22.553117752075195
5485,/nas-ctm01/datasets/public/Oxford102Flowers/jpg/image_05486.jpg,image_05486.jpg,21.906856536865234
5486,/nas-ctm01/datasets/public/Oxford102Flowers/jpg/image_05487.jpg,image_05487.jpg,22.480175018310547
5487,/nas-ctm01/datasets/public/Oxford102Flowers/jpg/image_05488.jpg,image_05488.jpg,21.01580047607422
5488,/nas-ctm01/datasets/public/Oxford102Flowers/jpg/image_05489.jpg,image_05489.jpg,23.247295379638672
5489,/nas-ctm01/datasets/public/Oxford102Flowers/jpg/image_05490.jpg,image_05490.jpg,22.703750610351562
5490,/nas-ctm01/datasets/public/Oxford102Flowers/jpg/image_05491.jpg,image_05491.jpg,22.784271240234375
5491,/nas-ctm01/datasets/public/Oxford102Flowers/jpg/image_05492.jpg,image_05492.jpg,23.336984634399414
5492,/nas-ctm01/datasets/public/Oxford102Flowers/jpg/image_05493.jpg,image_05493.jpg,22.89624786376953
5493,/nas-ctm01/datasets/public/Oxford102Flowers/jpg/image_05494.jpg,image_05494.jpg,22.546098709106445
5494,/nas-ctm01/datasets/public/Oxford102Flowers/jpg/image_05495.jpg,image_05495.jpg,22.26551628112793
5495,/nas-ctm01/datasets/public/Oxford102Flowers/jpg/image_05496.jpg,image_05496.jpg,23.076879501342773
5496,/nas-ctm01/datasets/public/Oxford102Flowers/jpg/image_05497.jpg,image_05497.jpg,23.113143920898438
5497,/nas-ctm01/datasets/public/Oxford102Flowers/jpg/image_05498.jpg,image_05498.jpg,22.24414825439453
5498,/nas-ctm01/datasets/public/Oxford102Flowers/jpg/image_05499.jpg,image_05499.jpg,21.610424041748047
5499,/nas-ctm01/datasets/public/Oxford102Flowers/jpg/image_05500.jpg,image_05500.jpg,22.26643943786621
5500,/nas-ctm01/datasets/public/Oxford102Flowers/jpg/image_05501.jpg,image_05501.jpg,22.983110427856445
5501,/nas-ctm01/datasets/public/Oxford102Flowers/jpg/image_05502.jpg,image_05502.jpg,22.820276260375977
5502,/nas-ctm01/datasets/public/Oxford102Flowers/jpg/image_05503.jpg,image_05503.jpg,23.00140380859375
5503,/nas-ctm01/datasets/public/Oxford102Flowers/jpg/image_05504.jpg,image_05504.jpg,22.054271697998047
5504,/nas-ctm01/datasets/public/Oxford102Flowers/jpg/image_05505.jpg,image_05505.jpg,22.561145782470703
5505,/nas-ctm01/datasets/public/Oxford102Flowers/jpg/image_05506.jpg,image_05506.jpg,22.95859146118164
5506,/nas-ctm01/datasets/public/Oxford102Flowers/jpg/image_05507.jpg,image_05507.jpg,22.65512466430664
5507,/nas-ctm01/datasets/public/Oxford102Flowers/jpg/image_05508.jpg,image_05508.jpg,23.54010009765625
5508,/nas-ctm01/datasets/public/Oxford102Flowers/jpg/image_05509.jpg,image_05509.jpg,22.757917404174805
5509,/nas-ctm01/datasets/public/Oxford102Flowers/jpg/image_05510.jpg,image_05510.jpg,22.729381561279297
5510,/nas-ctm01/datasets/public/Oxford102Flowers/jpg/image_05511.jpg,image_05511.jpg,22.804399490356445
5511,/nas-ctm01/datasets/public/Oxford102Flowers/jpg/image_05512.jpg,image_05512.jpg,23.215805053710938
5512,/nas-ctm01/datasets/public/Oxford102Flowers/jpg/image_05513.jpg,image_05513.jpg,22.76583480834961
5513,/nas-ctm01/datasets/public/Oxford102Flowers/jpg/image_05514.jpg,image_05514.jpg,23.54155921936035
5514,/nas-ctm01/datasets/public/Oxford102Flowers/jpg/image_05515.jpg,image_05515.jpg,22.645801544189453
5515,/nas-ctm01/datasets/public/Oxford102Flowers/jpg/image_05516.jpg,image_05516.jpg,23.101009368896484
5516,/nas-ctm01/datasets/public/Oxford102Flowers/jpg/image_05517.jpg,image_05517.jpg,22.825292587280273
5517,/nas-ctm01/datasets/public/Oxford102Flowers/jpg/image_05518.jpg,image_05518.jpg,23.001529693603516
5518,/nas-ctm01/datasets/public/Oxford102Flowers/jpg/image_05519.jpg,image_05519.jpg,22.869855880737305
5519,/nas-ctm01/datasets/public/Oxford102Flowers/jpg/image_05520.jpg,image_05520.jpg,22.84867286682129
5520,/nas-ctm01/datasets/public/Oxford102Flowers/jpg/image_05521.jpg,image_05521.jpg,22.6937198638916
5521,/nas-ctm01/datasets/public/Oxford102Flowers/jpg/image_05522.jpg,image_05522.jpg,22.801179885864258
5522,/nas-ctm01/datasets/public/Oxford102Flowers/jpg/image_05523.jpg,image_05523.jpg,21.757572174072266
5523,/nas-ctm01/datasets/public/Oxford102Flowers/jpg/image_05524.jpg,image_05524.jpg,21.01741600036621
5524,/nas-ctm01/datasets/public/Oxford102Flowers/jpg/image_05525.jpg,image_05525.jpg,20.964433670043945
5525,/nas-ctm01/datasets/public/Oxford102Flowers/jpg/image_05526.jpg,image_05526.jpg,21.655563354492188
5526,/nas-ctm01/datasets/public/Oxford102Flowers/jpg/image_05527.jpg,image_05527.jpg,21.352218627929688
5527,/nas-ctm01/datasets/public/Oxford102Flowers/jpg/image_05528.jpg,image_05528.jpg,21.157684326171875
5528,/nas-ctm01/datasets/public/Oxford102Flowers/jpg/image_05529.jpg,image_05529.jpg,21.99532699584961
5529,/nas-ctm01/datasets/public/Oxford102Flowers/jpg/image_05530.jpg,image_05530.jpg,21.892227172851562
5530,/nas-ctm01/datasets/public/Oxford102Flowers/jpg/image_05531.jpg,image_05531.jpg,21.480606079101562
5531,/nas-ctm01/datasets/public/Oxford102Flowers/jpg/image_05532.jpg,image_05532.jpg,21.87239646911621
5532,/nas-ctm01/datasets/public/Oxford102Flowers/jpg/image_05533.jpg,image_05533.jpg,21.672039031982422
5533,/nas-ctm01/datasets/public/Oxford102Flowers/jpg/image_05534.jpg,image_05534.jpg,21.241390228271484
5534,/nas-ctm01/datasets/public/Oxford102Flowers/jpg/image_05535.jpg,image_05535.jpg,21.66950798034668
5535,/nas-ctm01/datasets/public/Oxford102Flowers/jpg/image_05536.jpg,image_05536.jpg,21.431703567504883
5536,/nas-ctm01/datasets/public/Oxford102Flowers/jpg/image_05537.jpg,image_05537.jpg,21.470062255859375
5537,/nas-ctm01/datasets/public/Oxford102Flowers/jpg/image_05538.jpg,image_05538.jpg,22.180830001831055
5538,/nas-ctm01/datasets/public/Oxford102Flowers/jpg/image_05539.jpg,image_05539.jpg,21.78164291381836
5539,/nas-ctm01/datasets/public/Oxford102Flowers/jpg/image_05540.jpg,image_05540.jpg,21.784503936767578
5540,/nas-ctm01/datasets/public/Oxford102Flowers/jpg/image_05541.jpg,image_05541.jpg,21.991756439208984
5541,/nas-ctm01/datasets/public/Oxford102Flowers/jpg/image_05542.jpg,image_05542.jpg,22.12029457092285
5542,/nas-ctm01/datasets/public/Oxford102Flowers/jpg/image_05543.jpg,image_05543.jpg,21.883838653564453
5543,/nas-ctm01/datasets/public/Oxford102Flowers/jpg/image_05544.jpg,image_05544.jpg,22.365386962890625
5544,/nas-ctm01/datasets/public/Oxford102Flowers/jpg/image_05545.jpg,image_05545.jpg,21.024044036865234
5545,/nas-ctm01/datasets/public/Oxford102Flowers/jpg/image_05546.jpg,image_05546.jpg,22.488056182861328
5546,/nas-ctm01/datasets/public/Oxford102Flowers/jpg/image_05547.jpg,image_05547.jpg,21.91902732849121
5547,/nas-ctm01/datasets/public/Oxford102Flowers/jpg/image_05548.jpg,image_05548.jpg,22.047204971313477
5548,/nas-ctm01/datasets/public/Oxford102Flowers/jpg/image_05549.jpg,image_05549.jpg,21.847063064575195
5549,/nas-ctm01/datasets/public/Oxford102Flowers/jpg/image_05550.jpg,image_05550.jpg,21.817476272583008
5550,/nas-ctm01/datasets/public/Oxford102Flowers/jpg/image_05551.jpg,image_05551.jpg,21.75826644897461
5551,/nas-ctm01/datasets/public/Oxford102Flowers/jpg/image_05552.jpg,image_05552.jpg,21.386627197265625
5552,/nas-ctm01/datasets/public/Oxford102Flowers/jpg/image_05553.jpg,image_05553.jpg,21.027973175048828
5553,/nas-ctm01/datasets/public/Oxford102Flowers/jpg/image_05554.jpg,image_05554.jpg,21.809919357299805
5554,/nas-ctm01/datasets/public/Oxford102Flowers/jpg/image_05555.jpg,image_05555.jpg,21.69951820373535
5555,/nas-ctm01/datasets/public/Oxford102Flowers/jpg/image_05556.jpg,image_05556.jpg,22.734336853027344
5556,/nas-ctm01/datasets/public/Oxford102Flowers/jpg/image_05557.jpg,image_05557.jpg,22.420412063598633
5557,/nas-ctm01/datasets/public/Oxford102Flowers/jpg/image_05558.jpg,image_05558.jpg,22.531675338745117
5558,/nas-ctm01/datasets/public/Oxford102Flowers/jpg/image_05559.jpg,image_05559.jpg,21.672075271606445
5559,/nas-ctm01/datasets/public/Oxford102Flowers/jpg/image_05560.jpg,image_05560.jpg,22.0875301361084
5560,/nas-ctm01/datasets/public/Oxford102Flowers/jpg/image_05561.jpg,image_05561.jpg,22.127418518066406
5561,/nas-ctm01/datasets/public/Oxford102Flowers/jpg/image_05562.jpg,image_05562.jpg,21.421199798583984
5562,/nas-ctm01/datasets/public/Oxford102Flowers/jpg/image_05563.jpg,image_05563.jpg,21.821449279785156
5563,/nas-ctm01/datasets/public/Oxford102Flowers/jpg/image_05564.jpg,image_05564.jpg,21.09148406982422
5564,/nas-ctm01/datasets/public/Oxford102Flowers/jpg/image_05565.jpg,image_05565.jpg,21.342506408691406
5565,/nas-ctm01/datasets/public/Oxford102Flowers/jpg/image_05566.jpg,image_05566.jpg,21.304792404174805
5566,/nas-ctm01/datasets/public/Oxford102Flowers/jpg/image_05567.jpg,image_05567.jpg,21.36123275756836
5567,/nas-ctm01/datasets/public/Oxford102Flowers/jpg/image_05568.jpg,image_05568.jpg,21.825258255004883
5568,/nas-ctm01/datasets/public/Oxford102Flowers/jpg/image_05569.jpg,image_05569.jpg,20.9461612701416
5569,/nas-ctm01/datasets/public/Oxford102Flowers/jpg/image_05570.jpg,image_05570.jpg,21.184219360351562
5570,/nas-ctm01/datasets/public/Oxford102Flowers/jpg/image_05571.jpg,image_05571.jpg,21.01288604736328
5571,/nas-ctm01/datasets/public/Oxford102Flowers/jpg/image_05572.jpg,image_05572.jpg,21.81239128112793
5572,/nas-ctm01/datasets/public/Oxford102Flowers/jpg/image_05573.jpg,image_05573.jpg,22.218961715698242
5573,/nas-ctm01/datasets/public/Oxford102Flowers/jpg/image_05574.jpg,image_05574.jpg,22.07108497619629
5574,/nas-ctm01/datasets/public/Oxford102Flowers/jpg/image_05575.jpg,image_05575.jpg,21.709733963012695
5575,/nas-ctm01/datasets/public/Oxford102Flowers/jpg/image_05576.jpg,image_05576.jpg,21.706003189086914
5576,/nas-ctm01/datasets/public/Oxford102Flowers/jpg/image_05577.jpg,image_05577.jpg,21.24195671081543
5577,/nas-ctm01/datasets/public/Oxford102Flowers/jpg/image_05578.jpg,image_05578.jpg,22.23111915588379
5578,/nas-ctm01/datasets/public/Oxford102Flowers/jpg/image_05579.jpg,image_05579.jpg,22.031232833862305
5579,/nas-ctm01/datasets/public/Oxford102Flowers/jpg/image_05580.jpg,image_05580.jpg,22.068204879760742
5580,/nas-ctm01/datasets/public/Oxford102Flowers/jpg/image_05581.jpg,image_05581.jpg,21.949445724487305
5581,/nas-ctm01/datasets/public/Oxford102Flowers/jpg/image_05582.jpg,image_05582.jpg,21.535249710083008
5582,/nas-ctm01/datasets/public/Oxford102Flowers/jpg/image_05583.jpg,image_05583.jpg,22.088260650634766
5583,/nas-ctm01/datasets/public/Oxford102Flowers/jpg/image_05584.jpg,image_05584.jpg,21.363004684448242
5584,/nas-ctm01/datasets/public/Oxford102Flowers/jpg/image_05585.jpg,image_05585.jpg,22.03859519958496
5585,/nas-ctm01/datasets/public/Oxford102Flowers/jpg/image_05586.jpg,image_05586.jpg,22.06488609313965
5586,/nas-ctm01/datasets/public/Oxford102Flowers/jpg/image_05587.jpg,image_05587.jpg,21.33755111694336
5587,/nas-ctm01/datasets/public/Oxford102Flowers/jpg/image_05588.jpg,image_05588.jpg,20.806209564208984
5588,/nas-ctm01/datasets/public/Oxford102Flowers/jpg/image_05589.jpg,image_05589.jpg,21.03205680847168
5589,/nas-ctm01/datasets/public/Oxford102Flowers/jpg/image_05590.jpg,image_05590.jpg,20.628143310546875
5590,/nas-ctm01/datasets/public/Oxford102Flowers/jpg/image_05591.jpg,image_05591.jpg,21.728788375854492
5591,/nas-ctm01/datasets/public/Oxford102Flowers/jpg/image_05592.jpg,image_05592.jpg,22.127710342407227
5592,/nas-ctm01/datasets/public/Oxford102Flowers/jpg/image_05593.jpg,image_05593.jpg,21.361465454101562
5593,/nas-ctm01/datasets/public/Oxford102Flowers/jpg/image_05594.jpg,image_05594.jpg,21.795440673828125
5594,/nas-ctm01/datasets/public/Oxford102Flowers/jpg/image_05595.jpg,image_05595.jpg,21.10686492919922
5595,/nas-ctm01/datasets/public/Oxford102Flowers/jpg/image_05596.jpg,image_05596.jpg,21.492074966430664
5596,/nas-ctm01/datasets/public/Oxford102Flowers/jpg/image_05597.jpg,image_05597.jpg,21.917098999023438
5597,/nas-ctm01/datasets/public/Oxford102Flowers/jpg/image_05598.jpg,image_05598.jpg,21.73520278930664
5598,/nas-ctm01/datasets/public/Oxford102Flowers/jpg/image_05599.jpg,image_05599.jpg,21.70927619934082
5599,/nas-ctm01/datasets/public/Oxford102Flowers/jpg/image_05600.jpg,image_05600.jpg,22.486797332763672
5600,/nas-ctm01/datasets/public/Oxford102Flowers/jpg/image_05601.jpg,image_05601.jpg,23.186668395996094
5601,/nas-ctm01/datasets/public/Oxford102Flowers/jpg/image_05602.jpg,image_05602.jpg,21.136005401611328
5602,/nas-ctm01/datasets/public/Oxford102Flowers/jpg/image_05603.jpg,image_05603.jpg,20.071155548095703
5603,/nas-ctm01/datasets/public/Oxford102Flowers/jpg/image_05604.jpg,image_05604.jpg,22.32335090637207
5604,/nas-ctm01/datasets/public/Oxford102Flowers/jpg/image_05605.jpg,image_05605.jpg,22.127838134765625
5605,/nas-ctm01/datasets/public/Oxford102Flowers/jpg/image_05606.jpg,image_05606.jpg,22.57657814025879
5606,/nas-ctm01/datasets/public/Oxford102Flowers/jpg/image_05607.jpg,image_05607.jpg,21.875385284423828
5607,/nas-ctm01/datasets/public/Oxford102Flowers/jpg/image_05608.jpg,image_05608.jpg,20.87360954284668
5608,/nas-ctm01/datasets/public/Oxford102Flowers/jpg/image_05609.jpg,image_05609.jpg,21.68659019470215
5609,/nas-ctm01/datasets/public/Oxford102Flowers/jpg/image_05610.jpg,image_05610.jpg,21.323041915893555
5610,/nas-ctm01/datasets/public/Oxford102Flowers/jpg/image_05611.jpg,image_05611.jpg,22.405332565307617
5611,/nas-ctm01/datasets/public/Oxford102Flowers/jpg/image_05612.jpg,image_05612.jpg,20.926549911499023
5612,/nas-ctm01/datasets/public/Oxford102Flowers/jpg/image_05613.jpg,image_05613.jpg,20.88508415222168
5613,/nas-ctm01/datasets/public/Oxford102Flowers/jpg/image_05614.jpg,image_05614.jpg,21.901647567749023
5614,/nas-ctm01/datasets/public/Oxford102Flowers/jpg/image_05615.jpg,image_05615.jpg,21.348108291625977
5615,/nas-ctm01/datasets/public/Oxford102Flowers/jpg/image_05616.jpg,image_05616.jpg,22.785629272460938
5616,/nas-ctm01/datasets/public/Oxford102Flowers/jpg/image_05617.jpg,image_05617.jpg,21.42854881286621
5617,/nas-ctm01/datasets/public/Oxford102Flowers/jpg/image_05618.jpg,image_05618.jpg,22.070085525512695
5618,/nas-ctm01/datasets/public/Oxford102Flowers/jpg/image_05619.jpg,image_05619.jpg,21.89866828918457
5619,/nas-ctm01/datasets/public/Oxford102Flowers/jpg/image_05620.jpg,image_05620.jpg,22.098407745361328
5620,/nas-ctm01/datasets/public/Oxford102Flowers/jpg/image_05621.jpg,image_05621.jpg,21.052425384521484
5621,/nas-ctm01/datasets/public/Oxford102Flowers/jpg/image_05622.jpg,image_05622.jpg,21.497251510620117
5622,/nas-ctm01/datasets/public/Oxford102Flowers/jpg/image_05623.jpg,image_05623.jpg,21.135210037231445
5623,/nas-ctm01/datasets/public/Oxford102Flowers/jpg/image_05624.jpg,image_05624.jpg,21.70017433166504
5624,/nas-ctm01/datasets/public/Oxford102Flowers/jpg/image_05625.jpg,image_05625.jpg,21.547470092773438
5625,/nas-ctm01/datasets/public/Oxford102Flowers/jpg/image_05626.jpg,image_05626.jpg,21.459352493286133
5626,/nas-ctm01/datasets/public/Oxford102Flowers/jpg/image_05627.jpg,image_05627.jpg,21.81524085998535
5627,/nas-ctm01/datasets/public/Oxford102Flowers/jpg/image_05628.jpg,image_05628.jpg,21.26358413696289
5628,/nas-ctm01/datasets/public/Oxford102Flowers/jpg/image_05629.jpg,image_05629.jpg,21.50857925415039
5629,/nas-ctm01/datasets/public/Oxford102Flowers/jpg/image_05630.jpg,image_05630.jpg,22.002347946166992
5630,/nas-ctm01/datasets/public/Oxford102Flowers/jpg/image_05631.jpg,image_05631.jpg,21.903949737548828
5631,/nas-ctm01/datasets/public/Oxford102Flowers/jpg/image_05632.jpg,image_05632.jpg,20.99466896057129
5632,/nas-ctm01/datasets/public/Oxford102Flowers/jpg/image_05633.jpg,image_05633.jpg,21.517160415649414
5633,/nas-ctm01/datasets/public/Oxford102Flowers/jpg/image_05634.jpg,image_05634.jpg,21.817241668701172
5634,/nas-ctm01/datasets/public/Oxford102Flowers/jpg/image_05635.jpg,image_05635.jpg,21.7872314453125
5635,/nas-ctm01/datasets/public/Oxford102Flowers/jpg/image_05636.jpg,image_05636.jpg,22.222139358520508
5636,/nas-ctm01/datasets/public/Oxford102Flowers/jpg/image_05637.jpg,image_05637.jpg,21.21869659423828
5637,/nas-ctm01/datasets/public/Oxford102Flowers/jpg/image_05638.jpg,image_05638.jpg,20.947906494140625
5638,/nas-ctm01/datasets/public/Oxford102Flowers/jpg/image_05639.jpg,image_05639.jpg,21.931303024291992
5639,/nas-ctm01/datasets/public/Oxford102Flowers/jpg/image_05640.jpg,image_05640.jpg,21.4243221282959
5640,/nas-ctm01/datasets/public/Oxford102Flowers/jpg/image_05641.jpg,image_05641.jpg,23.209794998168945
5641,/nas-ctm01/datasets/public/Oxford102Flowers/jpg/image_05642.jpg,image_05642.jpg,22.398029327392578
5642,/nas-ctm01/datasets/public/Oxford102Flowers/jpg/image_05643.jpg,image_05643.jpg,22.382471084594727
5643,/nas-ctm01/datasets/public/Oxford102Flowers/jpg/image_05644.jpg,image_05644.jpg,21.43364715576172
5644,/nas-ctm01/datasets/public/Oxford102Flowers/jpg/image_05645.jpg,image_05645.jpg,20.97312355041504
5645,/nas-ctm01/datasets/public/Oxford102Flowers/jpg/image_05646.jpg,image_05646.jpg,21.5052490234375
5646,/nas-ctm01/datasets/public/Oxford102Flowers/jpg/image_05647.jpg,image_05647.jpg,21.828296661376953
5647,/nas-ctm01/datasets/public/Oxford102Flowers/jpg/image_05648.jpg,image_05648.jpg,21.117691040039062
5648,/nas-ctm01/datasets/public/Oxford102Flowers/jpg/image_05649.jpg,image_05649.jpg,20.849872589111328
5649,/nas-ctm01/datasets/public/Oxford102Flowers/jpg/image_05650.jpg,image_05650.jpg,20.546463012695312
5650,/nas-ctm01/datasets/public/Oxford102Flowers/jpg/image_05651.jpg,image_05651.jpg,20.774118423461914
5651,/nas-ctm01/datasets/public/Oxford102Flowers/jpg/image_05652.jpg,image_05652.jpg,20.942649841308594
5652,/nas-ctm01/datasets/public/Oxford102Flowers/jpg/image_05653.jpg,image_05653.jpg,20.35439109802246
5653,/nas-ctm01/datasets/public/Oxford102Flowers/jpg/image_05654.jpg,image_05654.jpg,21.04190444946289
5654,/nas-ctm01/datasets/public/Oxford102Flowers/jpg/image_05655.jpg,image_05655.jpg,21.909656524658203
5655,/nas-ctm01/datasets/public/Oxford102Flowers/jpg/image_05656.jpg,image_05656.jpg,21.91302490234375
5656,/nas-ctm01/datasets/public/Oxford102Flowers/jpg/image_05657.jpg,image_05657.jpg,22.274398803710938
5657,/nas-ctm01/datasets/public/Oxford102Flowers/jpg/image_05658.jpg,image_05658.jpg,21.990001678466797
5658,/nas-ctm01/datasets/public/Oxford102Flowers/jpg/image_05659.jpg,image_05659.jpg,21.413450241088867
5659,/nas-ctm01/datasets/public/Oxford102Flowers/jpg/image_05660.jpg,image_05660.jpg,21.869422912597656
5660,/nas-ctm01/datasets/public/Oxford102Flowers/jpg/image_05661.jpg,image_05661.jpg,23.405349731445312
5661,/nas-ctm01/datasets/public/Oxford102Flowers/jpg/image_05662.jpg,image_05662.jpg,23.107410430908203
5662,/nas-ctm01/datasets/public/Oxford102Flowers/jpg/image_05663.jpg,image_05663.jpg,19.736005783081055
5663,/nas-ctm01/datasets/public/Oxford102Flowers/jpg/image_05664.jpg,image_05664.jpg,21.483501434326172
5664,/nas-ctm01/datasets/public/Oxford102Flowers/jpg/image_05665.jpg,image_05665.jpg,21.995437622070312
5665,/nas-ctm01/datasets/public/Oxford102Flowers/jpg/image_05666.jpg,image_05666.jpg,20.749296188354492
5666,/nas-ctm01/datasets/public/Oxford102Flowers/jpg/image_05667.jpg,image_05667.jpg,21.467676162719727
5667,/nas-ctm01/datasets/public/Oxford102Flowers/jpg/image_05668.jpg,image_05668.jpg,21.450824737548828
5668,/nas-ctm01/datasets/public/Oxford102Flowers/jpg/image_05669.jpg,image_05669.jpg,21.272951126098633
5669,/nas-ctm01/datasets/public/Oxford102Flowers/jpg/image_05670.jpg,image_05670.jpg,22.112329483032227
5670,/nas-ctm01/datasets/public/Oxford102Flowers/jpg/image_05671.jpg,image_05671.jpg,21.948429107666016
5671,/nas-ctm01/datasets/public/Oxford102Flowers/jpg/image_05672.jpg,image_05672.jpg,23.24327278137207
5672,/nas-ctm01/datasets/public/Oxford102Flowers/jpg/image_05673.jpg,image_05673.jpg,22.881797790527344
5673,/nas-ctm01/datasets/public/Oxford102Flowers/jpg/image_05674.jpg,image_05674.jpg,20.872821807861328
5674,/nas-ctm01/datasets/public/Oxford102Flowers/jpg/image_05675.jpg,image_05675.jpg,20.7332763671875
5675,/nas-ctm01/datasets/public/Oxford102Flowers/jpg/image_05676.jpg,image_05676.jpg,21.31662940979004
5676,/nas-ctm01/datasets/public/Oxford102Flowers/jpg/image_05677.jpg,image_05677.jpg,22.245140075683594
5677,/nas-ctm01/datasets/public/Oxford102Flowers/jpg/image_05678.jpg,image_05678.jpg,23.676273345947266
5678,/nas-ctm01/datasets/public/Oxford102Flowers/jpg/image_05679.jpg,image_05679.jpg,21.118228912353516
5679,/nas-ctm01/datasets/public/Oxford102Flowers/jpg/image_05680.jpg,image_05680.jpg,22.110021591186523
5680,/nas-ctm01/datasets/public/Oxford102Flowers/jpg/image_05681.jpg,image_05681.jpg,22.528560638427734
5681,/nas-ctm01/datasets/public/Oxford102Flowers/jpg/image_05682.jpg,image_05682.jpg,20.70412826538086
5682,/nas-ctm01/datasets/public/Oxford102Flowers/jpg/image_05683.jpg,image_05683.jpg,21.849353790283203
5683,/nas-ctm01/datasets/public/Oxford102Flowers/jpg/image_05684.jpg,image_05684.jpg,23.08796501159668
5684,/nas-ctm01/datasets/public/Oxford102Flowers/jpg/image_05685.jpg,image_05685.jpg,20.38005256652832
5685,/nas-ctm01/datasets/public/Oxford102Flowers/jpg/image_05686.jpg,image_05686.jpg,22.736221313476562
5686,/nas-ctm01/datasets/public/Oxford102Flowers/jpg/image_05687.jpg,image_05687.jpg,21.81559181213379
5687,/nas-ctm01/datasets/public/Oxford102Flowers/jpg/image_05688.jpg,image_05688.jpg,22.313892364501953
5688,/nas-ctm01/datasets/public/Oxford102Flowers/jpg/image_05689.jpg,image_05689.jpg,22.925201416015625
5689,/nas-ctm01/datasets/public/Oxford102Flowers/jpg/image_05690.jpg,image_05690.jpg,21.47704315185547
5690,/nas-ctm01/datasets/public/Oxford102Flowers/jpg/image_05691.jpg,image_05691.jpg,22.220155715942383
5691,/nas-ctm01/datasets/public/Oxford102Flowers/jpg/image_05692.jpg,image_05692.jpg,22.59218406677246
5692,/nas-ctm01/datasets/public/Oxford102Flowers/jpg/image_05693.jpg,image_05693.jpg,22.940853118896484
5693,/nas-ctm01/datasets/public/Oxford102Flowers/jpg/image_05694.jpg,image_05694.jpg,22.0986270904541
5694,/nas-ctm01/datasets/public/Oxford102Flowers/jpg/image_05695.jpg,image_05695.jpg,22.880632400512695
5695,/nas-ctm01/datasets/public/Oxford102Flowers/jpg/image_05696.jpg,image_05696.jpg,23.031492233276367
5696,/nas-ctm01/datasets/public/Oxford102Flowers/jpg/image_05697.jpg,image_05697.jpg,22.95050621032715
5697,/nas-ctm01/datasets/public/Oxford102Flowers/jpg/image_05698.jpg,image_05698.jpg,22.674427032470703
5698,/nas-ctm01/datasets/public/Oxford102Flowers/jpg/image_05699.jpg,image_05699.jpg,22.409255981445312
5699,/nas-ctm01/datasets/public/Oxford102Flowers/jpg/image_05700.jpg,image_05700.jpg,22.022106170654297
5700,/nas-ctm01/datasets/public/Oxford102Flowers/jpg/image_05701.jpg,image_05701.jpg,22.345497131347656
5701,/nas-ctm01/datasets/public/Oxford102Flowers/jpg/image_05702.jpg,image_05702.jpg,22.534164428710938
5702,/nas-ctm01/datasets/public/Oxford102Flowers/jpg/image_05703.jpg,image_05703.jpg,22.443220138549805
5703,/nas-ctm01/datasets/public/Oxford102Flowers/jpg/image_05704.jpg,image_05704.jpg,22.68011474609375
5704,/nas-ctm01/datasets/public/Oxford102Flowers/jpg/image_05705.jpg,image_05705.jpg,22.695241928100586
5705,/nas-ctm01/datasets/public/Oxford102Flowers/jpg/image_05706.jpg,image_05706.jpg,22.97246551513672
5706,/nas-ctm01/datasets/public/Oxford102Flowers/jpg/image_05707.jpg,image_05707.jpg,22.942962646484375
5707,/nas-ctm01/datasets/public/Oxford102Flowers/jpg/image_05708.jpg,image_05708.jpg,22.391204833984375
5708,/nas-ctm01/datasets/public/Oxford102Flowers/jpg/image_05709.jpg,image_05709.jpg,22.765071868896484
5709,/nas-ctm01/datasets/public/Oxford102Flowers/jpg/image_05710.jpg,image_05710.jpg,22.310564041137695
5710,/nas-ctm01/datasets/public/Oxford102Flowers/jpg/image_05711.jpg,image_05711.jpg,22.84868812561035
5711,/nas-ctm01/datasets/public/Oxford102Flowers/jpg/image_05712.jpg,image_05712.jpg,22.7117977142334
5712,/nas-ctm01/datasets/public/Oxford102Flowers/jpg/image_05713.jpg,image_05713.jpg,23.26091957092285
5713,/nas-ctm01/datasets/public/Oxford102Flowers/jpg/image_05714.jpg,image_05714.jpg,22.747434616088867
5714,/nas-ctm01/datasets/public/Oxford102Flowers/jpg/image_05715.jpg,image_05715.jpg,22.651639938354492
5715,/nas-ctm01/datasets/public/Oxford102Flowers/jpg/image_05716.jpg,image_05716.jpg,22.879243850708008
5716,/nas-ctm01/datasets/public/Oxford102Flowers/jpg/image_05717.jpg,image_05717.jpg,21.847475051879883
5717,/nas-ctm01/datasets/public/Oxford102Flowers/jpg/image_05718.jpg,image_05718.jpg,21.792648315429688
5718,/nas-ctm01/datasets/public/Oxford102Flowers/jpg/image_05719.jpg,image_05719.jpg,22.32172966003418
5719,/nas-ctm01/datasets/public/Oxford102Flowers/jpg/image_05720.jpg,image_05720.jpg,22.585601806640625
5720,/nas-ctm01/datasets/public/Oxford102Flowers/jpg/image_05721.jpg,image_05721.jpg,22.790170669555664
5721,/nas-ctm01/datasets/public/Oxford102Flowers/jpg/image_05722.jpg,image_05722.jpg,23.50516700744629
5722,/nas-ctm01/datasets/public/Oxford102Flowers/jpg/image_05723.jpg,image_05723.jpg,22.806447982788086
5723,/nas-ctm01/datasets/public/Oxford102Flowers/jpg/image_05724.jpg,image_05724.jpg,22.801298141479492
5724,/nas-ctm01/datasets/public/Oxford102Flowers/jpg/image_05725.jpg,image_05725.jpg,22.620115280151367
5725,/nas-ctm01/datasets/public/Oxford102Flowers/jpg/image_05726.jpg,image_05726.jpg,22.855958938598633
5726,/nas-ctm01/datasets/public/Oxford102Flowers/jpg/image_05727.jpg,image_05727.jpg,22.568052291870117
5727,/nas-ctm01/datasets/public/Oxford102Flowers/jpg/image_05728.jpg,image_05728.jpg,21.932510375976562
5728,/nas-ctm01/datasets/public/Oxford102Flowers/jpg/image_05729.jpg,image_05729.jpg,23.00144386291504
5729,/nas-ctm01/datasets/public/Oxford102Flowers/jpg/image_05730.jpg,image_05730.jpg,22.62702751159668
5730,/nas-ctm01/datasets/public/Oxford102Flowers/jpg/image_05731.jpg,image_05731.jpg,22.092966079711914
5731,/nas-ctm01/datasets/public/Oxford102Flowers/jpg/image_05732.jpg,image_05732.jpg,21.753173828125
5732,/nas-ctm01/datasets/public/Oxford102Flowers/jpg/image_05733.jpg,image_05733.jpg,22.61184310913086
5733,/nas-ctm01/datasets/public/Oxford102Flowers/jpg/image_05734.jpg,image_05734.jpg,23.0231876373291
5734,/nas-ctm01/datasets/public/Oxford102Flowers/jpg/image_05735.jpg,image_05735.jpg,22.1452579498291
5735,/nas-ctm01/datasets/public/Oxford102Flowers/jpg/image_05736.jpg,image_05736.jpg,22.700883865356445
5736,/nas-ctm01/datasets/public/Oxford102Flowers/jpg/image_05737.jpg,image_05737.jpg,21.727130889892578
5737,/nas-ctm01/datasets/public/Oxford102Flowers/jpg/image_05738.jpg,image_05738.jpg,21.579763412475586
5738,/nas-ctm01/datasets/public/Oxford102Flowers/jpg/image_05739.jpg,image_05739.jpg,22.26372528076172
5739,/nas-ctm01/datasets/public/Oxford102Flowers/jpg/image_05740.jpg,image_05740.jpg,22.937776565551758
5740,/nas-ctm01/datasets/public/Oxford102Flowers/jpg/image_05741.jpg,image_05741.jpg,21.980104446411133
5741,/nas-ctm01/datasets/public/Oxford102Flowers/jpg/image_05742.jpg,image_05742.jpg,21.897493362426758
5742,/nas-ctm01/datasets/public/Oxford102Flowers/jpg/image_05743.jpg,image_05743.jpg,23.0716552734375
5743,/nas-ctm01/datasets/public/Oxford102Flowers/jpg/image_05744.jpg,image_05744.jpg,23.74823760986328
5744,/nas-ctm01/datasets/public/Oxford102Flowers/jpg/image_05745.jpg,image_05745.jpg,24.509605407714844
5745,/nas-ctm01/datasets/public/Oxford102Flowers/jpg/image_05746.jpg,image_05746.jpg,24.110868453979492
5746,/nas-ctm01/datasets/public/Oxford102Flowers/jpg/image_05747.jpg,image_05747.jpg,23.69614601135254
5747,/nas-ctm01/datasets/public/Oxford102Flowers/jpg/image_05748.jpg,image_05748.jpg,24.33864402770996
5748,/nas-ctm01/datasets/public/Oxford102Flowers/jpg/image_05749.jpg,image_05749.jpg,23.531753540039062
5749,/nas-ctm01/datasets/public/Oxford102Flowers/jpg/image_05750.jpg,image_05750.jpg,24.51043128967285
5750,/nas-ctm01/datasets/public/Oxford102Flowers/jpg/image_05751.jpg,image_05751.jpg,22.073591232299805
5751,/nas-ctm01/datasets/public/Oxford102Flowers/jpg/image_05752.jpg,image_05752.jpg,24.6622314453125
5752,/nas-ctm01/datasets/public/Oxford102Flowers/jpg/image_05753.jpg,image_05753.jpg,23.13615608215332
5753,/nas-ctm01/datasets/public/Oxford102Flowers/jpg/image_05754.jpg,image_05754.jpg,23.74264144897461
5754,/nas-ctm01/datasets/public/Oxford102Flowers/jpg/image_05755.jpg,image_05755.jpg,24.348854064941406
5755,/nas-ctm01/datasets/public/Oxford102Flowers/jpg/image_05756.jpg,image_05756.jpg,23.777559280395508
5756,/nas-ctm01/datasets/public/Oxford102Flowers/jpg/image_05757.jpg,image_05757.jpg,22.8116512298584
5757,/nas-ctm01/datasets/public/Oxford102Flowers/jpg/image_05758.jpg,image_05758.jpg,22.92869758605957
5758,/nas-ctm01/datasets/public/Oxford102Flowers/jpg/image_05759.jpg,image_05759.jpg,24.55756187438965
5759,/nas-ctm01/datasets/public/Oxford102Flowers/jpg/image_05760.jpg,image_05760.jpg,23.147808074951172
5760,/nas-ctm01/datasets/public/Oxford102Flowers/jpg/image_05761.jpg,image_05761.jpg,23.6984920501709
5761,/nas-ctm01/datasets/public/Oxford102Flowers/jpg/image_05762.jpg,image_05762.jpg,22.769397735595703
5762,/nas-ctm01/datasets/public/Oxford102Flowers/jpg/image_05763.jpg,image_05763.jpg,23.152591705322266
5763,/nas-ctm01/datasets/public/Oxford102Flowers/jpg/image_05764.jpg,image_05764.jpg,23.67078971862793
5764,/nas-ctm01/datasets/public/Oxford102Flowers/jpg/image_05765.jpg,image_05765.jpg,24.213930130004883
5765,/nas-ctm01/datasets/public/Oxford102Flowers/jpg/image_05766.jpg,image_05766.jpg,23.782426834106445
5766,/nas-ctm01/datasets/public/Oxford102Flowers/jpg/image_05767.jpg,image_05767.jpg,23.64223289489746
5767,/nas-ctm01/datasets/public/Oxford102Flowers/jpg/image_05768.jpg,image_05768.jpg,24.43029022216797
5768,/nas-ctm01/datasets/public/Oxford102Flowers/jpg/image_05769.jpg,image_05769.jpg,23.819303512573242
5769,/nas-ctm01/datasets/public/Oxford102Flowers/jpg/image_05770.jpg,image_05770.jpg,25.368505477905273
5770,/nas-ctm01/datasets/public/Oxford102Flowers/jpg/image_05771.jpg,image_05771.jpg,23.32417869567871
5771,/nas-ctm01/datasets/public/Oxford102Flowers/jpg/image_05772.jpg,image_05772.jpg,23.908193588256836
5772,/nas-ctm01/datasets/public/Oxford102Flowers/jpg/image_05773.jpg,image_05773.jpg,23.48265266418457
5773,/nas-ctm01/datasets/public/Oxford102Flowers/jpg/image_05774.jpg,image_05774.jpg,23.209766387939453
5774,/nas-ctm01/datasets/public/Oxford102Flowers/jpg/image_05775.jpg,image_05775.jpg,23.558252334594727
5775,/nas-ctm01/datasets/public/Oxford102Flowers/jpg/image_05776.jpg,image_05776.jpg,23.35483741760254
5776,/nas-ctm01/datasets/public/Oxford102Flowers/jpg/image_05777.jpg,image_05777.jpg,24.07962989807129
5777,/nas-ctm01/datasets/public/Oxford102Flowers/jpg/image_05778.jpg,image_05778.jpg,24.36200523376465
5778,/nas-ctm01/datasets/public/Oxford102Flowers/jpg/image_05779.jpg,image_05779.jpg,22.499303817749023
5779,/nas-ctm01/datasets/public/Oxford102Flowers/jpg/image_05780.jpg,image_05780.jpg,23.535274505615234
5780,/nas-ctm01/datasets/public/Oxford102Flowers/jpg/image_05781.jpg,image_05781.jpg,22.220277786254883
5781,/nas-ctm01/datasets/public/Oxford102Flowers/jpg/image_05782.jpg,image_05782.jpg,23.63711166381836
5782,/nas-ctm01/datasets/public/Oxford102Flowers/jpg/image_05783.jpg,image_05783.jpg,22.076353073120117
5783,/nas-ctm01/datasets/public/Oxford102Flowers/jpg/image_05784.jpg,image_05784.jpg,24.46582794189453
5784,/nas-ctm01/datasets/public/Oxford102Flowers/jpg/image_05785.jpg,image_05785.jpg,23.12000274658203
5785,/nas-ctm01/datasets/public/Oxford102Flowers/jpg/image_05786.jpg,image_05786.jpg,24.12382698059082
5786,/nas-ctm01/datasets/public/Oxford102Flowers/jpg/image_05787.jpg,image_05787.jpg,23.329833984375
5787,/nas-ctm01/datasets/public/Oxford102Flowers/jpg/image_05788.jpg,image_05788.jpg,24.524127960205078
5788,/nas-ctm01/datasets/public/Oxford102Flowers/jpg/image_05789.jpg,image_05789.jpg,24.613449096679688
5789,/nas-ctm01/datasets/public/Oxford102Flowers/jpg/image_05790.jpg,image_05790.jpg,23.474620819091797
5790,/nas-ctm01/datasets/public/Oxford102Flowers/jpg/image_05791.jpg,image_05791.jpg,23.495332717895508
5791,/nas-ctm01/datasets/public/Oxford102Flowers/jpg/image_05792.jpg,image_05792.jpg,25.48609161376953
5792,/nas-ctm01/datasets/public/Oxford102Flowers/jpg/image_05793.jpg,image_05793.jpg,22.035232543945312
5793,/nas-ctm01/datasets/public/Oxford102Flowers/jpg/image_05794.jpg,image_05794.jpg,22.06409454345703
5794,/nas-ctm01/datasets/public/Oxford102Flowers/jpg/image_05795.jpg,image_05795.jpg,22.899980545043945
5795,/nas-ctm01/datasets/public/Oxford102Flowers/jpg/image_05796.jpg,image_05796.jpg,22.177959442138672
5796,/nas-ctm01/datasets/public/Oxford102Flowers/jpg/image_05797.jpg,image_05797.jpg,22.151334762573242
5797,/nas-ctm01/datasets/public/Oxford102Flowers/jpg/image_05798.jpg,image_05798.jpg,21.566774368286133
5798,/nas-ctm01/datasets/public/Oxford102Flowers/jpg/image_05799.jpg,image_05799.jpg,23.339588165283203
5799,/nas-ctm01/datasets/public/Oxford102Flowers/jpg/image_05800.jpg,image_05800.jpg,21.110824584960938
5800,/nas-ctm01/datasets/public/Oxford102Flowers/jpg/image_05801.jpg,image_05801.jpg,21.13827133178711
5801,/nas-ctm01/datasets/public/Oxford102Flowers/jpg/image_05802.jpg,image_05802.jpg,22.901460647583008
5802,/nas-ctm01/datasets/public/Oxford102Flowers/jpg/image_05803.jpg,image_05803.jpg,21.372844696044922
5803,/nas-ctm01/datasets/public/Oxford102Flowers/jpg/image_05804.jpg,image_05804.jpg,22.878419876098633
5804,/nas-ctm01/datasets/public/Oxford102Flowers/jpg/image_05805.jpg,image_05805.jpg,21.568584442138672
5805,/nas-ctm01/datasets/public/Oxford102Flowers/jpg/image_05806.jpg,image_05806.jpg,22.015378952026367
5806,/nas-ctm01/datasets/public/Oxford102Flowers/jpg/image_05807.jpg,image_05807.jpg,22.321931838989258
5807,/nas-ctm01/datasets/public/Oxford102Flowers/jpg/image_05808.jpg,image_05808.jpg,22.545398712158203
5808,/nas-ctm01/datasets/public/Oxford102Flowers/jpg/image_05809.jpg,image_05809.jpg,21.95736312866211
5809,/nas-ctm01/datasets/public/Oxford102Flowers/jpg/image_05810.jpg,image_05810.jpg,21.214696884155273
5810,/nas-ctm01/datasets/public/Oxford102Flowers/jpg/image_05811.jpg,image_05811.jpg,21.648466110229492
5811,/nas-ctm01/datasets/public/Oxford102Flowers/jpg/image_05812.jpg,image_05812.jpg,22.099376678466797
5812,/nas-ctm01/datasets/public/Oxford102Flowers/jpg/image_05813.jpg,image_05813.jpg,22.937599182128906
5813,/nas-ctm01/datasets/public/Oxford102Flowers/jpg/image_05814.jpg,image_05814.jpg,22.72780418395996
5814,/nas-ctm01/datasets/public/Oxford102Flowers/jpg/image_05815.jpg,image_05815.jpg,22.086193084716797
5815,/nas-ctm01/datasets/public/Oxford102Flowers/jpg/image_05816.jpg,image_05816.jpg,21.455074310302734
5816,/nas-ctm01/datasets/public/Oxford102Flowers/jpg/image_05817.jpg,image_05817.jpg,22.544811248779297
5817,/nas-ctm01/datasets/public/Oxford102Flowers/jpg/image_05818.jpg,image_05818.jpg,21.999677658081055
5818,/nas-ctm01/datasets/public/Oxford102Flowers/jpg/image_05819.jpg,image_05819.jpg,21.641225814819336
5819,/nas-ctm01/datasets/public/Oxford102Flowers/jpg/image_05820.jpg,image_05820.jpg,22.78382682800293
5820,/nas-ctm01/datasets/public/Oxford102Flowers/jpg/image_05821.jpg,image_05821.jpg,22.97725486755371
5821,/nas-ctm01/datasets/public/Oxford102Flowers/jpg/image_05822.jpg,image_05822.jpg,21.590194702148438
5822,/nas-ctm01/datasets/public/Oxford102Flowers/jpg/image_05823.jpg,image_05823.jpg,22.34356689453125
5823,/nas-ctm01/datasets/public/Oxford102Flowers/jpg/image_05824.jpg,image_05824.jpg,21.63715934753418
5824,/nas-ctm01/datasets/public/Oxford102Flowers/jpg/image_05825.jpg,image_05825.jpg,22.290157318115234
5825,/nas-ctm01/datasets/public/Oxford102Flowers/jpg/image_05826.jpg,image_05826.jpg,22.247591018676758
5826,/nas-ctm01/datasets/public/Oxford102Flowers/jpg/image_05827.jpg,image_05827.jpg,21.77301025390625
5827,/nas-ctm01/datasets/public/Oxford102Flowers/jpg/image_05828.jpg,image_05828.jpg,21.927650451660156
5828,/nas-ctm01/datasets/public/Oxford102Flowers/jpg/image_05829.jpg,image_05829.jpg,20.906898498535156
5829,/nas-ctm01/datasets/public/Oxford102Flowers/jpg/image_05830.jpg,image_05830.jpg,23.26490020751953
5830,/nas-ctm01/datasets/public/Oxford102Flowers/jpg/image_05831.jpg,image_05831.jpg,20.542207717895508
5831,/nas-ctm01/datasets/public/Oxford102Flowers/jpg/image_05832.jpg,image_05832.jpg,22.102563858032227
5832,/nas-ctm01/datasets/public/Oxford102Flowers/jpg/image_05833.jpg,image_05833.jpg,23.01858139038086
5833,/nas-ctm01/datasets/public/Oxford102Flowers/jpg/image_05834.jpg,image_05834.jpg,22.622549057006836
5834,/nas-ctm01/datasets/public/Oxford102Flowers/jpg/image_05835.jpg,image_05835.jpg,22.946792602539062
5835,/nas-ctm01/datasets/public/Oxford102Flowers/jpg/image_05836.jpg,image_05836.jpg,22.354034423828125
5836,/nas-ctm01/datasets/public/Oxford102Flowers/jpg/image_05837.jpg,image_05837.jpg,22.40111541748047
5837,/nas-ctm01/datasets/public/Oxford102Flowers/jpg/image_05838.jpg,image_05838.jpg,21.292463302612305
5838,/nas-ctm01/datasets/public/Oxford102Flowers/jpg/image_05839.jpg,image_05839.jpg,22.12225341796875
5839,/nas-ctm01/datasets/public/Oxford102Flowers/jpg/image_05840.jpg,image_05840.jpg,21.773435592651367
5840,/nas-ctm01/datasets/public/Oxford102Flowers/jpg/image_05841.jpg,image_05841.jpg,22.30259132385254
5841,/nas-ctm01/datasets/public/Oxford102Flowers/jpg/image_05842.jpg,image_05842.jpg,21.650466918945312
5842,/nas-ctm01/datasets/public/Oxford102Flowers/jpg/image_05843.jpg,image_05843.jpg,21.659427642822266
5843,/nas-ctm01/datasets/public/Oxford102Flowers/jpg/image_05844.jpg,image_05844.jpg,21.508386611938477
5844,/nas-ctm01/datasets/public/Oxford102Flowers/jpg/image_05845.jpg,image_05845.jpg,21.56656265258789
5845,/nas-ctm01/datasets/public/Oxford102Flowers/jpg/image_05846.jpg,image_05846.jpg,22.159929275512695
5846,/nas-ctm01/datasets/public/Oxford102Flowers/jpg/image_05847.jpg,image_05847.jpg,22.689428329467773
5847,/nas-ctm01/datasets/public/Oxford102Flowers/jpg/image_05848.jpg,image_05848.jpg,22.11776351928711
5848,/nas-ctm01/datasets/public/Oxford102Flowers/jpg/image_05849.jpg,image_05849.jpg,23.671926498413086
5849,/nas-ctm01/datasets/public/Oxford102Flowers/jpg/image_05850.jpg,image_05850.jpg,23.197532653808594
5850,/nas-ctm01/datasets/public/Oxford102Flowers/jpg/image_05851.jpg,image_05851.jpg,23.308460235595703
5851,/nas-ctm01/datasets/public/Oxford102Flowers/jpg/image_05852.jpg,image_05852.jpg,23.15437889099121
5852,/nas-ctm01/datasets/public/Oxford102Flowers/jpg/image_05853.jpg,image_05853.jpg,24.32039451599121
5853,/nas-ctm01/datasets/public/Oxford102Flowers/jpg/image_05854.jpg,image_05854.jpg,22.9929141998291
5854,/nas-ctm01/datasets/public/Oxford102Flowers/jpg/image_05855.jpg,image_05855.jpg,22.610485076904297
5855,/nas-ctm01/datasets/public/Oxford102Flowers/jpg/image_05856.jpg,image_05856.jpg,22.741464614868164
5856,/nas-ctm01/datasets/public/Oxford102Flowers/jpg/image_05857.jpg,image_05857.jpg,23.666481018066406
5857,/nas-ctm01/datasets/public/Oxford102Flowers/jpg/image_05858.jpg,image_05858.jpg,23.271488189697266
5858,/nas-ctm01/datasets/public/Oxford102Flowers/jpg/image_05859.jpg,image_05859.jpg,23.623483657836914
5859,/nas-ctm01/datasets/public/Oxford102Flowers/jpg/image_05860.jpg,image_05860.jpg,23.338838577270508
5860,/nas-ctm01/datasets/public/Oxford102Flowers/jpg/image_05861.jpg,image_05861.jpg,23.04287338256836
5861,/nas-ctm01/datasets/public/Oxford102Flowers/jpg/image_05862.jpg,image_05862.jpg,22.61921501159668
5862,/nas-ctm01/datasets/public/Oxford102Flowers/jpg/image_05863.jpg,image_05863.jpg,23.93327522277832
5863,/nas-ctm01/datasets/public/Oxford102Flowers/jpg/image_05864.jpg,image_05864.jpg,23.10105323791504
5864,/nas-ctm01/datasets/public/Oxford102Flowers/jpg/image_05865.jpg,image_05865.jpg,23.678485870361328
5865,/nas-ctm01/datasets/public/Oxford102Flowers/jpg/image_05866.jpg,image_05866.jpg,22.856863021850586
5866,/nas-ctm01/datasets/public/Oxford102Flowers/jpg/image_05867.jpg,image_05867.jpg,23.512609481811523
5867,/nas-ctm01/datasets/public/Oxford102Flowers/jpg/image_05868.jpg,image_05868.jpg,23.494739532470703
5868,/nas-ctm01/datasets/public/Oxford102Flowers/jpg/image_05869.jpg,image_05869.jpg,22.603004455566406
5869,/nas-ctm01/datasets/public/Oxford102Flowers/jpg/image_05870.jpg,image_05870.jpg,22.145845413208008
5870,/nas-ctm01/datasets/public/Oxford102Flowers/jpg/image_05871.jpg,image_05871.jpg,23.575332641601562
5871,/nas-ctm01/datasets/public/Oxford102Flowers/jpg/image_05872.jpg,image_05872.jpg,23.440345764160156
5872,/nas-ctm01/datasets/public/Oxford102Flowers/jpg/image_05873.jpg,image_05873.jpg,22.87980842590332
5873,/nas-ctm01/datasets/public/Oxford102Flowers/jpg/image_05874.jpg,image_05874.jpg,22.455326080322266
5874,/nas-ctm01/datasets/public/Oxford102Flowers/jpg/image_05875.jpg,image_05875.jpg,23.30712890625
5875,/nas-ctm01/datasets/public/Oxford102Flowers/jpg/image_05876.jpg,image_05876.jpg,22.98799705505371
5876,/nas-ctm01/datasets/public/Oxford102Flowers/jpg/image_05877.jpg,image_05877.jpg,23.47927474975586
5877,/nas-ctm01/datasets/public/Oxford102Flowers/jpg/image_05878.jpg,image_05878.jpg,22.915302276611328
5878,/nas-ctm01/datasets/public/Oxford102Flowers/jpg/image_05879.jpg,image_05879.jpg,23.032949447631836
5879,/nas-ctm01/datasets/public/Oxford102Flowers/jpg/image_05880.jpg,image_05880.jpg,23.190534591674805
5880,/nas-ctm01/datasets/public/Oxford102Flowers/jpg/image_05881.jpg,image_05881.jpg,22.788803100585938
5881,/nas-ctm01/datasets/public/Oxford102Flowers/jpg/image_05882.jpg,image_05882.jpg,23.138898849487305
5882,/nas-ctm01/datasets/public/Oxford102Flowers/jpg/image_05883.jpg,image_05883.jpg,23.105485916137695
5883,/nas-ctm01/datasets/public/Oxford102Flowers/jpg/image_05884.jpg,image_05884.jpg,22.765592575073242
5884,/nas-ctm01/datasets/public/Oxford102Flowers/jpg/image_05885.jpg,image_05885.jpg,22.89571762084961
5885,/nas-ctm01/datasets/public/Oxford102Flowers/jpg/image_05886.jpg,image_05886.jpg,23.717493057250977
5886,/nas-ctm01/datasets/public/Oxford102Flowers/jpg/image_05887.jpg,image_05887.jpg,22.84577178955078
5887,/nas-ctm01/datasets/public/Oxford102Flowers/jpg/image_05888.jpg,image_05888.jpg,23.216943740844727
5888,/nas-ctm01/datasets/public/Oxford102Flowers/jpg/image_05889.jpg,image_05889.jpg,22.898488998413086
5889,/nas-ctm01/datasets/public/Oxford102Flowers/jpg/image_05890.jpg,image_05890.jpg,22.97270965576172
5890,/nas-ctm01/datasets/public/Oxford102Flowers/jpg/image_05891.jpg,image_05891.jpg,23.718372344970703
5891,/nas-ctm01/datasets/public/Oxford102Flowers/jpg/image_05892.jpg,image_05892.jpg,23.649608612060547
5892,/nas-ctm01/datasets/public/Oxford102Flowers/jpg/image_05893.jpg,image_05893.jpg,24.13088607788086
5893,/nas-ctm01/datasets/public/Oxford102Flowers/jpg/image_05894.jpg,image_05894.jpg,23.239212036132812
5894,/nas-ctm01/datasets/public/Oxford102Flowers/jpg/image_05895.jpg,image_05895.jpg,22.98482322692871
5895,/nas-ctm01/datasets/public/Oxford102Flowers/jpg/image_05896.jpg,image_05896.jpg,22.41316032409668
5896,/nas-ctm01/datasets/public/Oxford102Flowers/jpg/image_05897.jpg,image_05897.jpg,22.7689151763916
5897,/nas-ctm01/datasets/public/Oxford102Flowers/jpg/image_05898.jpg,image_05898.jpg,23.886402130126953
5898,/nas-ctm01/datasets/public/Oxford102Flowers/jpg/image_05899.jpg,image_05899.jpg,23.364322662353516
5899,/nas-ctm01/datasets/public/Oxford102Flowers/jpg/image_05900.jpg,image_05900.jpg,23.91579246520996
5900,/nas-ctm01/datasets/public/Oxford102Flowers/jpg/image_05901.jpg,image_05901.jpg,22.06256866455078
5901,/nas-ctm01/datasets/public/Oxford102Flowers/jpg/image_05902.jpg,image_05902.jpg,22.3577823638916
5902,/nas-ctm01/datasets/public/Oxford102Flowers/jpg/image_05903.jpg,image_05903.jpg,22.193967819213867
5903,/nas-ctm01/datasets/public/Oxford102Flowers/jpg/image_05904.jpg,image_05904.jpg,23.201841354370117
5904,/nas-ctm01/datasets/public/Oxford102Flowers/jpg/image_05905.jpg,image_05905.jpg,23.30219841003418
5905,/nas-ctm01/datasets/public/Oxford102Flowers/jpg/image_05906.jpg,image_05906.jpg,23.29935646057129
5906,/nas-ctm01/datasets/public/Oxford102Flowers/jpg/image_05907.jpg,image_05907.jpg,22.765329360961914
5907,/nas-ctm01/datasets/public/Oxford102Flowers/jpg/image_05908.jpg,image_05908.jpg,23.56731414794922
5908,/nas-ctm01/datasets/public/Oxford102Flowers/jpg/image_05909.jpg,image_05909.jpg,23.586776733398438
5909,/nas-ctm01/datasets/public/Oxford102Flowers/jpg/image_05910.jpg,image_05910.jpg,22.41282844543457
5910,/nas-ctm01/datasets/public/Oxford102Flowers/jpg/image_05911.jpg,image_05911.jpg,23.005048751831055
5911,/nas-ctm01/datasets/public/Oxford102Flowers/jpg/image_05912.jpg,image_05912.jpg,22.903057098388672
5912,/nas-ctm01/datasets/public/Oxford102Flowers/jpg/image_05913.jpg,image_05913.jpg,22.7490234375
5913,/nas-ctm01/datasets/public/Oxford102Flowers/jpg/image_05914.jpg,image_05914.jpg,23.845664978027344
5914,/nas-ctm01/datasets/public/Oxford102Flowers/jpg/image_05915.jpg,image_05915.jpg,23.535005569458008
5915,/nas-ctm01/datasets/public/Oxford102Flowers/jpg/image_05916.jpg,image_05916.jpg,22.666284561157227
5916,/nas-ctm01/datasets/public/Oxford102Flowers/jpg/image_05917.jpg,image_05917.jpg,23.07019805908203
5917,/nas-ctm01/datasets/public/Oxford102Flowers/jpg/image_05918.jpg,image_05918.jpg,23.05914878845215
5918,/nas-ctm01/datasets/public/Oxford102Flowers/jpg/image_05919.jpg,image_05919.jpg,23.58220100402832
5919,/nas-ctm01/datasets/public/Oxford102Flowers/jpg/image_05920.jpg,image_05920.jpg,22.917024612426758
5920,/nas-ctm01/datasets/public/Oxford102Flowers/jpg/image_05921.jpg,image_05921.jpg,22.819766998291016
5921,/nas-ctm01/datasets/public/Oxford102Flowers/jpg/image_05922.jpg,image_05922.jpg,22.56669044494629
5922,/nas-ctm01/datasets/public/Oxford102Flowers/jpg/image_05923.jpg,image_05923.jpg,22.282155990600586
5923,/nas-ctm01/datasets/public/Oxford102Flowers/jpg/image_05924.jpg,image_05924.jpg,23.195329666137695
5924,/nas-ctm01/datasets/public/Oxford102Flowers/jpg/image_05925.jpg,image_05925.jpg,23.3365535736084
5925,/nas-ctm01/datasets/public/Oxford102Flowers/jpg/image_05926.jpg,image_05926.jpg,23.201902389526367
5926,/nas-ctm01/datasets/public/Oxford102Flowers/jpg/image_05927.jpg,image_05927.jpg,22.46553611755371
5927,/nas-ctm01/datasets/public/Oxford102Flowers/jpg/image_05928.jpg,image_05928.jpg,22.84975242614746
5928,/nas-ctm01/datasets/public/Oxford102Flowers/jpg/image_05929.jpg,image_05929.jpg,23.651100158691406
5929,/nas-ctm01/datasets/public/Oxford102Flowers/jpg/image_05930.jpg,image_05930.jpg,23.139345169067383
5930,/nas-ctm01/datasets/public/Oxford102Flowers/jpg/image_05931.jpg,image_05931.jpg,22.644983291625977
5931,/nas-ctm01/datasets/public/Oxford102Flowers/jpg/image_05932.jpg,image_05932.jpg,22.134765625
5932,/nas-ctm01/datasets/public/Oxford102Flowers/jpg/image_05933.jpg,image_05933.jpg,22.776159286499023
5933,/nas-ctm01/datasets/public/Oxford102Flowers/jpg/image_05934.jpg,image_05934.jpg,23.31999969482422
5934,/nas-ctm01/datasets/public/Oxford102Flowers/jpg/image_05935.jpg,image_05935.jpg,23.399036407470703
5935,/nas-ctm01/datasets/public/Oxford102Flowers/jpg/image_05936.jpg,image_05936.jpg,23.262481689453125
5936,/nas-ctm01/datasets/public/Oxford102Flowers/jpg/image_05937.jpg,image_05937.jpg,23.194671630859375
5937,/nas-ctm01/datasets/public/Oxford102Flowers/jpg/image_05938.jpg,image_05938.jpg,23.153053283691406
5938,/nas-ctm01/datasets/public/Oxford102Flowers/jpg/image_05939.jpg,image_05939.jpg,23.230995178222656
5939,/nas-ctm01/datasets/public/Oxford102Flowers/jpg/image_05940.jpg,image_05940.jpg,22.607141494750977
5940,/nas-ctm01/datasets/public/Oxford102Flowers/jpg/image_05941.jpg,image_05941.jpg,22.336246490478516
5941,/nas-ctm01/datasets/public/Oxford102Flowers/jpg/image_05942.jpg,image_05942.jpg,22.92418670654297
5942,/nas-ctm01/datasets/public/Oxford102Flowers/jpg/image_05943.jpg,image_05943.jpg,23.125200271606445
5943,/nas-ctm01/datasets/public/Oxford102Flowers/jpg/image_05944.jpg,image_05944.jpg,23.16042137145996
5944,/nas-ctm01/datasets/public/Oxford102Flowers/jpg/image_05945.jpg,image_05945.jpg,20.785959243774414
5945,/nas-ctm01/datasets/public/Oxford102Flowers/jpg/image_05946.jpg,image_05946.jpg,23.58365249633789
5946,/nas-ctm01/datasets/public/Oxford102Flowers/jpg/image_05947.jpg,image_05947.jpg,22.023923873901367
5947,/nas-ctm01/datasets/public/Oxford102Flowers/jpg/image_05948.jpg,image_05948.jpg,23.003381729125977
5948,/nas-ctm01/datasets/public/Oxford102Flowers/jpg/image_05949.jpg,image_05949.jpg,23.377323150634766
5949,/nas-ctm01/datasets/public/Oxford102Flowers/jpg/image_05950.jpg,image_05950.jpg,23.037517547607422
5950,/nas-ctm01/datasets/public/Oxford102Flowers/jpg/image_05951.jpg,image_05951.jpg,23.368436813354492
5951,/nas-ctm01/datasets/public/Oxford102Flowers/jpg/image_05952.jpg,image_05952.jpg,22.210161209106445
5952,/nas-ctm01/datasets/public/Oxford102Flowers/jpg/image_05953.jpg,image_05953.jpg,22.890457153320312
5953,/nas-ctm01/datasets/public/Oxford102Flowers/jpg/image_05954.jpg,image_05954.jpg,23.20543670654297
5954,/nas-ctm01/datasets/public/Oxford102Flowers/jpg/image_05955.jpg,image_05955.jpg,22.769264221191406
5955,/nas-ctm01/datasets/public/Oxford102Flowers/jpg/image_05956.jpg,image_05956.jpg,23.007171630859375
5956,/nas-ctm01/datasets/public/Oxford102Flowers/jpg/image_05957.jpg,image_05957.jpg,22.086074829101562
5957,/nas-ctm01/datasets/public/Oxford102Flowers/jpg/image_05958.jpg,image_05958.jpg,22.60953140258789
5958,/nas-ctm01/datasets/public/Oxford102Flowers/jpg/image_05959.jpg,image_05959.jpg,22.453813552856445
5959,/nas-ctm01/datasets/public/Oxford102Flowers/jpg/image_05960.jpg,image_05960.jpg,22.350908279418945
5960,/nas-ctm01/datasets/public/Oxford102Flowers/jpg/image_05961.jpg,image_05961.jpg,21.50700569152832
5961,/nas-ctm01/datasets/public/Oxford102Flowers/jpg/image_05962.jpg,image_05962.jpg,22.4912166595459
5962,/nas-ctm01/datasets/public/Oxford102Flowers/jpg/image_05963.jpg,image_05963.jpg,21.43419647216797
5963,/nas-ctm01/datasets/public/Oxford102Flowers/jpg/image_05964.jpg,image_05964.jpg,22.462800979614258
5964,/nas-ctm01/datasets/public/Oxford102Flowers/jpg/image_05965.jpg,image_05965.jpg,21.970483779907227
5965,/nas-ctm01/datasets/public/Oxford102Flowers/jpg/image_05966.jpg,image_05966.jpg,21.849510192871094
5966,/nas-ctm01/datasets/public/Oxford102Flowers/jpg/image_05967.jpg,image_05967.jpg,22.257020950317383
5967,/nas-ctm01/datasets/public/Oxford102Flowers/jpg/image_05968.jpg,image_05968.jpg,22.51114845275879
5968,/nas-ctm01/datasets/public/Oxford102Flowers/jpg/image_05969.jpg,image_05969.jpg,21.93829917907715
5969,/nas-ctm01/datasets/public/Oxford102Flowers/jpg/image_05970.jpg,image_05970.jpg,21.676807403564453
5970,/nas-ctm01/datasets/public/Oxford102Flowers/jpg/image_05971.jpg,image_05971.jpg,22.286813735961914
5971,/nas-ctm01/datasets/public/Oxford102Flowers/jpg/image_05972.jpg,image_05972.jpg,21.000375747680664
5972,/nas-ctm01/datasets/public/Oxford102Flowers/jpg/image_05973.jpg,image_05973.jpg,22.192459106445312
5973,/nas-ctm01/datasets/public/Oxford102Flowers/jpg/image_05974.jpg,image_05974.jpg,22.64183807373047
5974,/nas-ctm01/datasets/public/Oxford102Flowers/jpg/image_05975.jpg,image_05975.jpg,22.807294845581055
5975,/nas-ctm01/datasets/public/Oxford102Flowers/jpg/image_05976.jpg,image_05976.jpg,22.361801147460938
5976,/nas-ctm01/datasets/public/Oxford102Flowers/jpg/image_05977.jpg,image_05977.jpg,21.76213264465332
5977,/nas-ctm01/datasets/public/Oxford102Flowers/jpg/image_05978.jpg,image_05978.jpg,22.63517951965332
5978,/nas-ctm01/datasets/public/Oxford102Flowers/jpg/image_05979.jpg,image_05979.jpg,22.511621475219727
5979,/nas-ctm01/datasets/public/Oxford102Flowers/jpg/image_05980.jpg,image_05980.jpg,21.982467651367188
5980,/nas-ctm01/datasets/public/Oxford102Flowers/jpg/image_05981.jpg,image_05981.jpg,21.4002628326416
5981,/nas-ctm01/datasets/public/Oxford102Flowers/jpg/image_05982.jpg,image_05982.jpg,21.973922729492188
5982,/nas-ctm01/datasets/public/Oxford102Flowers/jpg/image_05983.jpg,image_05983.jpg,22.3343448638916
5983,/nas-ctm01/datasets/public/Oxford102Flowers/jpg/image_05984.jpg,image_05984.jpg,22.21428871154785
5984,/nas-ctm01/datasets/public/Oxford102Flowers/jpg/image_05985.jpg,image_05985.jpg,21.83194923400879
5985,/nas-ctm01/datasets/public/Oxford102Flowers/jpg/image_05986.jpg,image_05986.jpg,22.371395111083984
5986,/nas-ctm01/datasets/public/Oxford102Flowers/jpg/image_05987.jpg,image_05987.jpg,22.006031036376953
5987,/nas-ctm01/datasets/public/Oxford102Flowers/jpg/image_05988.jpg,image_05988.jpg,22.19647789001465
5988,/nas-ctm01/datasets/public/Oxford102Flowers/jpg/image_05989.jpg,image_05989.jpg,22.56294822692871
5989,/nas-ctm01/datasets/public/Oxford102Flowers/jpg/image_05990.jpg,image_05990.jpg,21.78619956970215
5990,/nas-ctm01/datasets/public/Oxford102Flowers/jpg/image_05991.jpg,image_05991.jpg,21.962759017944336
5991,/nas-ctm01/datasets/public/Oxford102Flowers/jpg/image_05992.jpg,image_05992.jpg,21.921428680419922
5992,/nas-ctm01/datasets/public/Oxford102Flowers/jpg/image_05993.jpg,image_05993.jpg,21.970966339111328
5993,/nas-ctm01/datasets/public/Oxford102Flowers/jpg/image_05994.jpg,image_05994.jpg,21.914562225341797
5994,/nas-ctm01/datasets/public/Oxford102Flowers/jpg/image_05995.jpg,image_05995.jpg,21.574434280395508
5995,/nas-ctm01/datasets/public/Oxford102Flowers/jpg/image_05996.jpg,image_05996.jpg,22.506961822509766
5996,/nas-ctm01/datasets/public/Oxford102Flowers/jpg/image_05997.jpg,image_05997.jpg,21.23314666748047
5997,/nas-ctm01/datasets/public/Oxford102Flowers/jpg/image_05998.jpg,image_05998.jpg,22.65928840637207
5998,/nas-ctm01/datasets/public/Oxford102Flowers/jpg/image_05999.jpg,image_05999.jpg,22.697120666503906
5999,/nas-ctm01/datasets/public/Oxford102Flowers/jpg/image_06000.jpg,image_06000.jpg,21.653274536132812
6000,/nas-ctm01/datasets/public/Oxford102Flowers/jpg/image_06001.jpg,image_06001.jpg,21.920509338378906
6001,/nas-ctm01/datasets/public/Oxford102Flowers/jpg/image_06002.jpg,image_06002.jpg,20.30309295654297
6002,/nas-ctm01/datasets/public/Oxford102Flowers/jpg/image_06003.jpg,image_06003.jpg,21.818754196166992
6003,/nas-ctm01/datasets/public/Oxford102Flowers/jpg/image_06004.jpg,image_06004.jpg,22.810510635375977
6004,/nas-ctm01/datasets/public/Oxford102Flowers/jpg/image_06005.jpg,image_06005.jpg,22.381074905395508
6005,/nas-ctm01/datasets/public/Oxford102Flowers/jpg/image_06006.jpg,image_06006.jpg,21.867446899414062
6006,/nas-ctm01/datasets/public/Oxford102Flowers/jpg/image_06007.jpg,image_06007.jpg,22.487680435180664
6007,/nas-ctm01/datasets/public/Oxford102Flowers/jpg/image_06008.jpg,image_06008.jpg,22.118919372558594
6008,/nas-ctm01/datasets/public/Oxford102Flowers/jpg/image_06009.jpg,image_06009.jpg,21.853851318359375
6009,/nas-ctm01/datasets/public/Oxford102Flowers/jpg/image_06010.jpg,image_06010.jpg,21.720876693725586
6010,/nas-ctm01/datasets/public/Oxford102Flowers/jpg/image_06011.jpg,image_06011.jpg,20.029254913330078
6011,/nas-ctm01/datasets/public/Oxford102Flowers/jpg/image_06012.jpg,image_06012.jpg,20.27404022216797
6012,/nas-ctm01/datasets/public/Oxford102Flowers/jpg/image_06013.jpg,image_06013.jpg,21.33821678161621
6013,/nas-ctm01/datasets/public/Oxford102Flowers/jpg/image_06014.jpg,image_06014.jpg,20.298969268798828
6014,/nas-ctm01/datasets/public/Oxford102Flowers/jpg/image_06015.jpg,image_06015.jpg,20.74626922607422
6015,/nas-ctm01/datasets/public/Oxford102Flowers/jpg/image_06016.jpg,image_06016.jpg,20.633310317993164
6016,/nas-ctm01/datasets/public/Oxford102Flowers/jpg/image_06017.jpg,image_06017.jpg,21.126632690429688
6017,/nas-ctm01/datasets/public/Oxford102Flowers/jpg/image_06018.jpg,image_06018.jpg,20.32251739501953
6018,/nas-ctm01/datasets/public/Oxford102Flowers/jpg/image_06019.jpg,image_06019.jpg,20.61313819885254
6019,/nas-ctm01/datasets/public/Oxford102Flowers/jpg/image_06020.jpg,image_06020.jpg,21.83157730102539
6020,/nas-ctm01/datasets/public/Oxford102Flowers/jpg/image_06021.jpg,image_06021.jpg,21.304948806762695
6021,/nas-ctm01/datasets/public/Oxford102Flowers/jpg/image_06022.jpg,image_06022.jpg,21.97282600402832
6022,/nas-ctm01/datasets/public/Oxford102Flowers/jpg/image_06023.jpg,image_06023.jpg,21.420747756958008
6023,/nas-ctm01/datasets/public/Oxford102Flowers/jpg/image_06024.jpg,image_06024.jpg,21.078311920166016
6024,/nas-ctm01/datasets/public/Oxford102Flowers/jpg/image_06025.jpg,image_06025.jpg,22.729921340942383
6025,/nas-ctm01/datasets/public/Oxford102Flowers/jpg/image_06026.jpg,image_06026.jpg,20.10040283203125
6026,/nas-ctm01/datasets/public/Oxford102Flowers/jpg/image_06027.jpg,image_06027.jpg,20.919586181640625
6027,/nas-ctm01/datasets/public/Oxford102Flowers/jpg/image_06028.jpg,image_06028.jpg,21.232404708862305
6028,/nas-ctm01/datasets/public/Oxford102Flowers/jpg/image_06029.jpg,image_06029.jpg,20.81778335571289
6029,/nas-ctm01/datasets/public/Oxford102Flowers/jpg/image_06030.jpg,image_06030.jpg,20.762470245361328
6030,/nas-ctm01/datasets/public/Oxford102Flowers/jpg/image_06031.jpg,image_06031.jpg,20.94428825378418
6031,/nas-ctm01/datasets/public/Oxford102Flowers/jpg/image_06032.jpg,image_06032.jpg,21.0748291015625
6032,/nas-ctm01/datasets/public/Oxford102Flowers/jpg/image_06033.jpg,image_06033.jpg,20.894071578979492
6033,/nas-ctm01/datasets/public/Oxford102Flowers/jpg/image_06034.jpg,image_06034.jpg,21.87503433227539
6034,/nas-ctm01/datasets/public/Oxford102Flowers/jpg/image_06035.jpg,image_06035.jpg,21.935667037963867
6035,/nas-ctm01/datasets/public/Oxford102Flowers/jpg/image_06036.jpg,image_06036.jpg,21.011865615844727
6036,/nas-ctm01/datasets/public/Oxford102Flowers/jpg/image_06037.jpg,image_06037.jpg,21.600719451904297
6037,/nas-ctm01/datasets/public/Oxford102Flowers/jpg/image_06038.jpg,image_06038.jpg,21.754432678222656
6038,/nas-ctm01/datasets/public/Oxford102Flowers/jpg/image_06039.jpg,image_06039.jpg,21.0199031829834
6039,/nas-ctm01/datasets/public/Oxford102Flowers/jpg/image_06040.jpg,image_06040.jpg,20.802581787109375
6040,/nas-ctm01/datasets/public/Oxford102Flowers/jpg/image_06041.jpg,image_06041.jpg,21.273609161376953
6041,/nas-ctm01/datasets/public/Oxford102Flowers/jpg/image_06042.jpg,image_06042.jpg,21.22699546813965
6042,/nas-ctm01/datasets/public/Oxford102Flowers/jpg/image_06043.jpg,image_06043.jpg,20.69870948791504
6043,/nas-ctm01/datasets/public/Oxford102Flowers/jpg/image_06044.jpg,image_06044.jpg,20.998952865600586
6044,/nas-ctm01/datasets/public/Oxford102Flowers/jpg/image_06045.jpg,image_06045.jpg,20.348621368408203
6045,/nas-ctm01/datasets/public/Oxford102Flowers/jpg/image_06046.jpg,image_06046.jpg,22.421518325805664
6046,/nas-ctm01/datasets/public/Oxford102Flowers/jpg/image_06047.jpg,image_06047.jpg,20.321210861206055
6047,/nas-ctm01/datasets/public/Oxford102Flowers/jpg/image_06048.jpg,image_06048.jpg,20.18897247314453
6048,/nas-ctm01/datasets/public/Oxford102Flowers/jpg/image_06049.jpg,image_06049.jpg,23.562986373901367
6049,/nas-ctm01/datasets/public/Oxford102Flowers/jpg/image_06050.jpg,image_06050.jpg,23.956878662109375
6050,/nas-ctm01/datasets/public/Oxford102Flowers/jpg/image_06051.jpg,image_06051.jpg,24.09910774230957
6051,/nas-ctm01/datasets/public/Oxford102Flowers/jpg/image_06052.jpg,image_06052.jpg,22.53192138671875
6052,/nas-ctm01/datasets/public/Oxford102Flowers/jpg/image_06053.jpg,image_06053.jpg,23.78521156311035
6053,/nas-ctm01/datasets/public/Oxford102Flowers/jpg/image_06054.jpg,image_06054.jpg,23.658449172973633
6054,/nas-ctm01/datasets/public/Oxford102Flowers/jpg/image_06055.jpg,image_06055.jpg,23.477853775024414
6055,/nas-ctm01/datasets/public/Oxford102Flowers/jpg/image_06056.jpg,image_06056.jpg,22.420804977416992
6056,/nas-ctm01/datasets/public/Oxford102Flowers/jpg/image_06057.jpg,image_06057.jpg,23.229917526245117
6057,/nas-ctm01/datasets/public/Oxford102Flowers/jpg/image_06058.jpg,image_06058.jpg,23.521909713745117
6058,/nas-ctm01/datasets/public/Oxford102Flowers/jpg/image_06059.jpg,image_06059.jpg,24.189626693725586
6059,/nas-ctm01/datasets/public/Oxford102Flowers/jpg/image_06060.jpg,image_06060.jpg,23.9966983795166
6060,/nas-ctm01/datasets/public/Oxford102Flowers/jpg/image_06061.jpg,image_06061.jpg,24.554996490478516
6061,/nas-ctm01/datasets/public/Oxford102Flowers/jpg/image_06062.jpg,image_06062.jpg,24.026071548461914
6062,/nas-ctm01/datasets/public/Oxford102Flowers/jpg/image_06063.jpg,image_06063.jpg,23.36726951599121
6063,/nas-ctm01/datasets/public/Oxford102Flowers/jpg/image_06064.jpg,image_06064.jpg,23.206195831298828
6064,/nas-ctm01/datasets/public/Oxford102Flowers/jpg/image_06065.jpg,image_06065.jpg,23.1660099029541
6065,/nas-ctm01/datasets/public/Oxford102Flowers/jpg/image_06066.jpg,image_06066.jpg,23.48235321044922
6066,/nas-ctm01/datasets/public/Oxford102Flowers/jpg/image_06067.jpg,image_06067.jpg,23.915990829467773
6067,/nas-ctm01/datasets/public/Oxford102Flowers/jpg/image_06068.jpg,image_06068.jpg,23.64769744873047
6068,/nas-ctm01/datasets/public/Oxford102Flowers/jpg/image_06069.jpg,image_06069.jpg,23.422826766967773
6069,/nas-ctm01/datasets/public/Oxford102Flowers/jpg/image_06070.jpg,image_06070.jpg,23.883983612060547
6070,/nas-ctm01/datasets/public/Oxford102Flowers/jpg/image_06071.jpg,image_06071.jpg,22.808773040771484
6071,/nas-ctm01/datasets/public/Oxford102Flowers/jpg/image_06072.jpg,image_06072.jpg,24.54903793334961
6072,/nas-ctm01/datasets/public/Oxford102Flowers/jpg/image_06073.jpg,image_06073.jpg,23.449647903442383
6073,/nas-ctm01/datasets/public/Oxford102Flowers/jpg/image_06074.jpg,image_06074.jpg,23.73492431640625
6074,/nas-ctm01/datasets/public/Oxford102Flowers/jpg/image_06075.jpg,image_06075.jpg,23.545873641967773
6075,/nas-ctm01/datasets/public/Oxford102Flowers/jpg/image_06076.jpg,image_06076.jpg,23.38319206237793
6076,/nas-ctm01/datasets/public/Oxford102Flowers/jpg/image_06077.jpg,image_06077.jpg,23.462265014648438
6077,/nas-ctm01/datasets/public/Oxford102Flowers/jpg/image_06078.jpg,image_06078.jpg,24.582714080810547
6078,/nas-ctm01/datasets/public/Oxford102Flowers/jpg/image_06079.jpg,image_06079.jpg,24.150562286376953
6079,/nas-ctm01/datasets/public/Oxford102Flowers/jpg/image_06080.jpg,image_06080.jpg,23.322994232177734
6080,/nas-ctm01/datasets/public/Oxford102Flowers/jpg/image_06081.jpg,image_06081.jpg,23.2213134765625
6081,/nas-ctm01/datasets/public/Oxford102Flowers/jpg/image_06082.jpg,image_06082.jpg,23.227750778198242
6082,/nas-ctm01/datasets/public/Oxford102Flowers/jpg/image_06083.jpg,image_06083.jpg,21.96841049194336
6083,/nas-ctm01/datasets/public/Oxford102Flowers/jpg/image_06084.jpg,image_06084.jpg,22.61438751220703
6084,/nas-ctm01/datasets/public/Oxford102Flowers/jpg/image_06085.jpg,image_06085.jpg,24.003503799438477
6085,/nas-ctm01/datasets/public/Oxford102Flowers/jpg/image_06086.jpg,image_06086.jpg,22.328882217407227
6086,/nas-ctm01/datasets/public/Oxford102Flowers/jpg/image_06087.jpg,image_06087.jpg,24.187633514404297
6087,/nas-ctm01/datasets/public/Oxford102Flowers/jpg/image_06088.jpg,image_06088.jpg,23.517375946044922
6088,/nas-ctm01/datasets/public/Oxford102Flowers/jpg/image_06089.jpg,image_06089.jpg,23.299800872802734
6089,/nas-ctm01/datasets/public/Oxford102Flowers/jpg/image_06090.jpg,image_06090.jpg,23.63716697692871
6090,/nas-ctm01/datasets/public/Oxford102Flowers/jpg/image_06091.jpg,image_06091.jpg,23.72625732421875
6091,/nas-ctm01/datasets/public/Oxford102Flowers/jpg/image_06092.jpg,image_06092.jpg,22.77981185913086
6092,/nas-ctm01/datasets/public/Oxford102Flowers/jpg/image_06093.jpg,image_06093.jpg,22.346893310546875
6093,/nas-ctm01/datasets/public/Oxford102Flowers/jpg/image_06094.jpg,image_06094.jpg,21.240230560302734
6094,/nas-ctm01/datasets/public/Oxford102Flowers/jpg/image_06095.jpg,image_06095.jpg,24.239959716796875
6095,/nas-ctm01/datasets/public/Oxford102Flowers/jpg/image_06096.jpg,image_06096.jpg,23.68651008605957
6096,/nas-ctm01/datasets/public/Oxford102Flowers/jpg/image_06097.jpg,image_06097.jpg,21.207210540771484
6097,/nas-ctm01/datasets/public/Oxford102Flowers/jpg/image_06098.jpg,image_06098.jpg,21.26410675048828
6098,/nas-ctm01/datasets/public/Oxford102Flowers/jpg/image_06099.jpg,image_06099.jpg,21.096160888671875
6099,/nas-ctm01/datasets/public/Oxford102Flowers/jpg/image_06100.jpg,image_06100.jpg,21.115764617919922
6100,/nas-ctm01/datasets/public/Oxford102Flowers/jpg/image_06101.jpg,image_06101.jpg,20.635225296020508
6101,/nas-ctm01/datasets/public/Oxford102Flowers/jpg/image_06102.jpg,image_06102.jpg,20.600568771362305
6102,/nas-ctm01/datasets/public/Oxford102Flowers/jpg/image_06103.jpg,image_06103.jpg,20.677724838256836
6103,/nas-ctm01/datasets/public/Oxford102Flowers/jpg/image_06104.jpg,image_06104.jpg,20.948970794677734
6104,/nas-ctm01/datasets/public/Oxford102Flowers/jpg/image_06105.jpg,image_06105.jpg,20.407785415649414
6105,/nas-ctm01/datasets/public/Oxford102Flowers/jpg/image_06106.jpg,image_06106.jpg,21.045272827148438
6106,/nas-ctm01/datasets/public/Oxford102Flowers/jpg/image_06107.jpg,image_06107.jpg,21.35341453552246
6107,/nas-ctm01/datasets/public/Oxford102Flowers/jpg/image_06108.jpg,image_06108.jpg,20.95505142211914
6108,/nas-ctm01/datasets/public/Oxford102Flowers/jpg/image_06109.jpg,image_06109.jpg,20.448030471801758
6109,/nas-ctm01/datasets/public/Oxford102Flowers/jpg/image_06110.jpg,image_06110.jpg,21.03571891784668
6110,/nas-ctm01/datasets/public/Oxford102Flowers/jpg/image_06111.jpg,image_06111.jpg,21.06356430053711
6111,/nas-ctm01/datasets/public/Oxford102Flowers/jpg/image_06112.jpg,image_06112.jpg,21.176185607910156
6112,/nas-ctm01/datasets/public/Oxford102Flowers/jpg/image_06113.jpg,image_06113.jpg,21.01262664794922
6113,/nas-ctm01/datasets/public/Oxford102Flowers/jpg/image_06114.jpg,image_06114.jpg,20.83969497680664
6114,/nas-ctm01/datasets/public/Oxford102Flowers/jpg/image_06115.jpg,image_06115.jpg,21.50653076171875
6115,/nas-ctm01/datasets/public/Oxford102Flowers/jpg/image_06116.jpg,image_06116.jpg,21.33255958557129
6116,/nas-ctm01/datasets/public/Oxford102Flowers/jpg/image_06117.jpg,image_06117.jpg,20.680538177490234
6117,/nas-ctm01/datasets/public/Oxford102Flowers/jpg/image_06118.jpg,image_06118.jpg,21.251514434814453
6118,/nas-ctm01/datasets/public/Oxford102Flowers/jpg/image_06119.jpg,image_06119.jpg,20.733060836791992
6119,/nas-ctm01/datasets/public/Oxford102Flowers/jpg/image_06120.jpg,image_06120.jpg,21.08110237121582
6120,/nas-ctm01/datasets/public/Oxford102Flowers/jpg/image_06121.jpg,image_06121.jpg,21.194032669067383
6121,/nas-ctm01/datasets/public/Oxford102Flowers/jpg/image_06122.jpg,image_06122.jpg,20.921003341674805
6122,/nas-ctm01/datasets/public/Oxford102Flowers/jpg/image_06123.jpg,image_06123.jpg,21.29363250732422
6123,/nas-ctm01/datasets/public/Oxford102Flowers/jpg/image_06124.jpg,image_06124.jpg,21.401878356933594
6124,/nas-ctm01/datasets/public/Oxford102Flowers/jpg/image_06125.jpg,image_06125.jpg,21.146888732910156
6125,/nas-ctm01/datasets/public/Oxford102Flowers/jpg/image_06126.jpg,image_06126.jpg,20.830324172973633
6126,/nas-ctm01/datasets/public/Oxford102Flowers/jpg/image_06127.jpg,image_06127.jpg,20.93292236328125
6127,/nas-ctm01/datasets/public/Oxford102Flowers/jpg/image_06128.jpg,image_06128.jpg,21.48371696472168
6128,/nas-ctm01/datasets/public/Oxford102Flowers/jpg/image_06129.jpg,image_06129.jpg,21.033754348754883
6129,/nas-ctm01/datasets/public/Oxford102Flowers/jpg/image_06130.jpg,image_06130.jpg,20.714988708496094
6130,/nas-ctm01/datasets/public/Oxford102Flowers/jpg/image_06131.jpg,image_06131.jpg,21.29916763305664
6131,/nas-ctm01/datasets/public/Oxford102Flowers/jpg/image_06132.jpg,image_06132.jpg,20.80340576171875
6132,/nas-ctm01/datasets/public/Oxford102Flowers/jpg/image_06133.jpg,image_06133.jpg,21.225210189819336
6133,/nas-ctm01/datasets/public/Oxford102Flowers/jpg/image_06134.jpg,image_06134.jpg,21.043113708496094
6134,/nas-ctm01/datasets/public/Oxford102Flowers/jpg/image_06135.jpg,image_06135.jpg,21.156545639038086
6135,/nas-ctm01/datasets/public/Oxford102Flowers/jpg/image_06136.jpg,image_06136.jpg,21.121570587158203
6136,/nas-ctm01/datasets/public/Oxford102Flowers/jpg/image_06137.jpg,image_06137.jpg,20.911800384521484
6137,/nas-ctm01/datasets/public/Oxford102Flowers/jpg/image_06138.jpg,image_06138.jpg,20.48329734802246
6138,/nas-ctm01/datasets/public/Oxford102Flowers/jpg/image_06139.jpg,image_06139.jpg,20.60902976989746
6139,/nas-ctm01/datasets/public/Oxford102Flowers/jpg/image_06140.jpg,image_06140.jpg,20.875932693481445
6140,/nas-ctm01/datasets/public/Oxford102Flowers/jpg/image_06141.jpg,image_06141.jpg,20.758546829223633
6141,/nas-ctm01/datasets/public/Oxford102Flowers/jpg/image_06142.jpg,image_06142.jpg,21.333507537841797
6142,/nas-ctm01/datasets/public/Oxford102Flowers/jpg/image_06143.jpg,image_06143.jpg,20.801273345947266
6143,/nas-ctm01/datasets/public/Oxford102Flowers/jpg/image_06144.jpg,image_06144.jpg,21.02082633972168
6144,/nas-ctm01/datasets/public/Oxford102Flowers/jpg/image_06145.jpg,image_06145.jpg,20.879039764404297
6145,/nas-ctm01/datasets/public/Oxford102Flowers/jpg/image_06146.jpg,image_06146.jpg,20.756757736206055
6146,/nas-ctm01/datasets/public/Oxford102Flowers/jpg/image_06147.jpg,image_06147.jpg,21.15873908996582
6147,/nas-ctm01/datasets/public/Oxford102Flowers/jpg/image_06148.jpg,image_06148.jpg,20.954092025756836
6148,/nas-ctm01/datasets/public/Oxford102Flowers/jpg/image_06149.jpg,image_06149.jpg,21.520870208740234
6149,/nas-ctm01/datasets/public/Oxford102Flowers/jpg/image_06150.jpg,image_06150.jpg,20.50739097595215
6150,/nas-ctm01/datasets/public/Oxford102Flowers/jpg/image_06151.jpg,image_06151.jpg,20.99483299255371
6151,/nas-ctm01/datasets/public/Oxford102Flowers/jpg/image_06152.jpg,image_06152.jpg,20.881555557250977
6152,/nas-ctm01/datasets/public/Oxford102Flowers/jpg/image_06153.jpg,image_06153.jpg,21.635835647583008
6153,/nas-ctm01/datasets/public/Oxford102Flowers/jpg/image_06154.jpg,image_06154.jpg,20.639162063598633
6154,/nas-ctm01/datasets/public/Oxford102Flowers/jpg/image_06155.jpg,image_06155.jpg,21.327686309814453
6155,/nas-ctm01/datasets/public/Oxford102Flowers/jpg/image_06156.jpg,image_06156.jpg,20.67637062072754
6156,/nas-ctm01/datasets/public/Oxford102Flowers/jpg/image_06157.jpg,image_06157.jpg,21.602556228637695
6157,/nas-ctm01/datasets/public/Oxford102Flowers/jpg/image_06158.jpg,image_06158.jpg,20.692947387695312
6158,/nas-ctm01/datasets/public/Oxford102Flowers/jpg/image_06159.jpg,image_06159.jpg,22.036113739013672
6159,/nas-ctm01/datasets/public/Oxford102Flowers/jpg/image_06160.jpg,image_06160.jpg,21.275314331054688
6160,/nas-ctm01/datasets/public/Oxford102Flowers/jpg/image_06161.jpg,image_06161.jpg,21.74740219116211
6161,/nas-ctm01/datasets/public/Oxford102Flowers/jpg/image_06162.jpg,image_06162.jpg,20.605472564697266
6162,/nas-ctm01/datasets/public/Oxford102Flowers/jpg/image_06163.jpg,image_06163.jpg,20.620386123657227
6163,/nas-ctm01/datasets/public/Oxford102Flowers/jpg/image_06164.jpg,image_06164.jpg,20.527700424194336
6164,/nas-ctm01/datasets/public/Oxford102Flowers/jpg/image_06165.jpg,image_06165.jpg,21.22081756591797
6165,/nas-ctm01/datasets/public/Oxford102Flowers/jpg/image_06166.jpg,image_06166.jpg,21.587648391723633
6166,/nas-ctm01/datasets/public/Oxford102Flowers/jpg/image_06167.jpg,image_06167.jpg,20.09075355529785
6167,/nas-ctm01/datasets/public/Oxford102Flowers/jpg/image_06168.jpg,image_06168.jpg,21.080644607543945
6168,/nas-ctm01/datasets/public/Oxford102Flowers/jpg/image_06169.jpg,image_06169.jpg,21.125598907470703
6169,/nas-ctm01/datasets/public/Oxford102Flowers/jpg/image_06170.jpg,image_06170.jpg,20.93018341064453
6170,/nas-ctm01/datasets/public/Oxford102Flowers/jpg/image_06171.jpg,image_06171.jpg,21.050222396850586
6171,/nas-ctm01/datasets/public/Oxford102Flowers/jpg/image_06172.jpg,image_06172.jpg,21.576202392578125
6172,/nas-ctm01/datasets/public/Oxford102Flowers/jpg/image_06173.jpg,image_06173.jpg,21.509008407592773
6173,/nas-ctm01/datasets/public/Oxford102Flowers/jpg/image_06174.jpg,image_06174.jpg,20.59556770324707
6174,/nas-ctm01/datasets/public/Oxford102Flowers/jpg/image_06175.jpg,image_06175.jpg,20.60590171813965
6175,/nas-ctm01/datasets/public/Oxford102Flowers/jpg/image_06176.jpg,image_06176.jpg,21.078319549560547
6176,/nas-ctm01/datasets/public/Oxford102Flowers/jpg/image_06177.jpg,image_06177.jpg,20.537384033203125
6177,/nas-ctm01/datasets/public/Oxford102Flowers/jpg/image_06178.jpg,image_06178.jpg,21.289344787597656
6178,/nas-ctm01/datasets/public/Oxford102Flowers/jpg/image_06179.jpg,image_06179.jpg,21.94328498840332
6179,/nas-ctm01/datasets/public/Oxford102Flowers/jpg/image_06180.jpg,image_06180.jpg,20.706146240234375
6180,/nas-ctm01/datasets/public/Oxford102Flowers/jpg/image_06181.jpg,image_06181.jpg,21.222618103027344
6181,/nas-ctm01/datasets/public/Oxford102Flowers/jpg/image_06182.jpg,image_06182.jpg,20.59480857849121
6182,/nas-ctm01/datasets/public/Oxford102Flowers/jpg/image_06183.jpg,image_06183.jpg,21.853830337524414
6183,/nas-ctm01/datasets/public/Oxford102Flowers/jpg/image_06184.jpg,image_06184.jpg,20.54095458984375
6184,/nas-ctm01/datasets/public/Oxford102Flowers/jpg/image_06185.jpg,image_06185.jpg,21.917713165283203
6185,/nas-ctm01/datasets/public/Oxford102Flowers/jpg/image_06186.jpg,image_06186.jpg,20.697772979736328
6186,/nas-ctm01/datasets/public/Oxford102Flowers/jpg/image_06187.jpg,image_06187.jpg,21.36988067626953
6187,/nas-ctm01/datasets/public/Oxford102Flowers/jpg/image_06188.jpg,image_06188.jpg,20.890933990478516
6188,/nas-ctm01/datasets/public/Oxford102Flowers/jpg/image_06189.jpg,image_06189.jpg,20.467735290527344
6189,/nas-ctm01/datasets/public/Oxford102Flowers/jpg/image_06190.jpg,image_06190.jpg,21.250350952148438
6190,/nas-ctm01/datasets/public/Oxford102Flowers/jpg/image_06191.jpg,image_06191.jpg,20.49233055114746
6191,/nas-ctm01/datasets/public/Oxford102Flowers/jpg/image_06192.jpg,image_06192.jpg,20.765911102294922
6192,/nas-ctm01/datasets/public/Oxford102Flowers/jpg/image_06193.jpg,image_06193.jpg,21.601661682128906
6193,/nas-ctm01/datasets/public/Oxford102Flowers/jpg/image_06194.jpg,image_06194.jpg,21.994905471801758
6194,/nas-ctm01/datasets/public/Oxford102Flowers/jpg/image_06195.jpg,image_06195.jpg,21.093063354492188
6195,/nas-ctm01/datasets/public/Oxford102Flowers/jpg/image_06196.jpg,image_06196.jpg,20.68796157836914
6196,/nas-ctm01/datasets/public/Oxford102Flowers/jpg/image_06197.jpg,image_06197.jpg,20.144054412841797
6197,/nas-ctm01/datasets/public/Oxford102Flowers/jpg/image_06198.jpg,image_06198.jpg,21.522605895996094
6198,/nas-ctm01/datasets/public/Oxford102Flowers/jpg/image_06199.jpg,image_06199.jpg,23.18132972717285
6199,/nas-ctm01/datasets/public/Oxford102Flowers/jpg/image_06200.jpg,image_06200.jpg,22.646013259887695
6200,/nas-ctm01/datasets/public/Oxford102Flowers/jpg/image_06201.jpg,image_06201.jpg,22.193565368652344
6201,/nas-ctm01/datasets/public/Oxford102Flowers/jpg/image_06202.jpg,image_06202.jpg,22.456485748291016
6202,/nas-ctm01/datasets/public/Oxford102Flowers/jpg/image_06203.jpg,image_06203.jpg,22.14270782470703
6203,/nas-ctm01/datasets/public/Oxford102Flowers/jpg/image_06204.jpg,image_06204.jpg,21.559309005737305
6204,/nas-ctm01/datasets/public/Oxford102Flowers/jpg/image_06205.jpg,image_06205.jpg,23.399826049804688
6205,/nas-ctm01/datasets/public/Oxford102Flowers/jpg/image_06206.jpg,image_06206.jpg,22.252845764160156
6206,/nas-ctm01/datasets/public/Oxford102Flowers/jpg/image_06207.jpg,image_06207.jpg,22.610919952392578
6207,/nas-ctm01/datasets/public/Oxford102Flowers/jpg/image_06208.jpg,image_06208.jpg,22.60888671875
6208,/nas-ctm01/datasets/public/Oxford102Flowers/jpg/image_06209.jpg,image_06209.jpg,22.919069290161133
6209,/nas-ctm01/datasets/public/Oxford102Flowers/jpg/image_06210.jpg,image_06210.jpg,21.977550506591797
6210,/nas-ctm01/datasets/public/Oxford102Flowers/jpg/image_06211.jpg,image_06211.jpg,23.45183753967285
6211,/nas-ctm01/datasets/public/Oxford102Flowers/jpg/image_06212.jpg,image_06212.jpg,21.91978645324707
6212,/nas-ctm01/datasets/public/Oxford102Flowers/jpg/image_06213.jpg,image_06213.jpg,22.836591720581055
6213,/nas-ctm01/datasets/public/Oxford102Flowers/jpg/image_06214.jpg,image_06214.jpg,23.247060775756836
6214,/nas-ctm01/datasets/public/Oxford102Flowers/jpg/image_06215.jpg,image_06215.jpg,22.74463653564453
6215,/nas-ctm01/datasets/public/Oxford102Flowers/jpg/image_06216.jpg,image_06216.jpg,22.989013671875
6216,/nas-ctm01/datasets/public/Oxford102Flowers/jpg/image_06217.jpg,image_06217.jpg,22.524429321289062
6217,/nas-ctm01/datasets/public/Oxford102Flowers/jpg/image_06218.jpg,image_06218.jpg,22.710041046142578
6218,/nas-ctm01/datasets/public/Oxford102Flowers/jpg/image_06219.jpg,image_06219.jpg,22.204526901245117
6219,/nas-ctm01/datasets/public/Oxford102Flowers/jpg/image_06220.jpg,image_06220.jpg,21.799985885620117
6220,/nas-ctm01/datasets/public/Oxford102Flowers/jpg/image_06221.jpg,image_06221.jpg,22.350744247436523
6221,/nas-ctm01/datasets/public/Oxford102Flowers/jpg/image_06222.jpg,image_06222.jpg,23.6512393951416
6222,/nas-ctm01/datasets/public/Oxford102Flowers/jpg/image_06223.jpg,image_06223.jpg,22.97756576538086
6223,/nas-ctm01/datasets/public/Oxford102Flowers/jpg/image_06224.jpg,image_06224.jpg,21.64493751525879
6224,/nas-ctm01/datasets/public/Oxford102Flowers/jpg/image_06225.jpg,image_06225.jpg,22.83091163635254
6225,/nas-ctm01/datasets/public/Oxford102Flowers/jpg/image_06226.jpg,image_06226.jpg,22.489036560058594
6226,/nas-ctm01/datasets/public/Oxford102Flowers/jpg/image_06227.jpg,image_06227.jpg,22.514419555664062
6227,/nas-ctm01/datasets/public/Oxford102Flowers/jpg/image_06228.jpg,image_06228.jpg,22.17192840576172
6228,/nas-ctm01/datasets/public/Oxford102Flowers/jpg/image_06229.jpg,image_06229.jpg,22.13421630859375
6229,/nas-ctm01/datasets/public/Oxford102Flowers/jpg/image_06230.jpg,image_06230.jpg,23.600852966308594
6230,/nas-ctm01/datasets/public/Oxford102Flowers/jpg/image_06231.jpg,image_06231.jpg,22.86165428161621
6231,/nas-ctm01/datasets/public/Oxford102Flowers/jpg/image_06232.jpg,image_06232.jpg,22.46782684326172
6232,/nas-ctm01/datasets/public/Oxford102Flowers/jpg/image_06233.jpg,image_06233.jpg,22.270069122314453
6233,/nas-ctm01/datasets/public/Oxford102Flowers/jpg/image_06234.jpg,image_06234.jpg,22.065383911132812
6234,/nas-ctm01/datasets/public/Oxford102Flowers/jpg/image_06235.jpg,image_06235.jpg,22.44602394104004
6235,/nas-ctm01/datasets/public/Oxford102Flowers/jpg/image_06236.jpg,image_06236.jpg,22.2603759765625
6236,/nas-ctm01/datasets/public/Oxford102Flowers/jpg/image_06237.jpg,image_06237.jpg,21.99730682373047
6237,/nas-ctm01/datasets/public/Oxford102Flowers/jpg/image_06238.jpg,image_06238.jpg,22.941381454467773
6238,/nas-ctm01/datasets/public/Oxford102Flowers/jpg/image_06239.jpg,image_06239.jpg,22.340906143188477
6239,/nas-ctm01/datasets/public/Oxford102Flowers/jpg/image_06240.jpg,image_06240.jpg,23.48202896118164
6240,/nas-ctm01/datasets/public/Oxford102Flowers/jpg/image_06241.jpg,image_06241.jpg,22.518169403076172
6241,/nas-ctm01/datasets/public/Oxford102Flowers/jpg/image_06242.jpg,image_06242.jpg,22.053407669067383
6242,/nas-ctm01/datasets/public/Oxford102Flowers/jpg/image_06243.jpg,image_06243.jpg,22.32575225830078
6243,/nas-ctm01/datasets/public/Oxford102Flowers/jpg/image_06244.jpg,image_06244.jpg,22.960954666137695
6244,/nas-ctm01/datasets/public/Oxford102Flowers/jpg/image_06245.jpg,image_06245.jpg,22.96524429321289
6245,/nas-ctm01/datasets/public/Oxford102Flowers/jpg/image_06246.jpg,image_06246.jpg,22.613616943359375
6246,/nas-ctm01/datasets/public/Oxford102Flowers/jpg/image_06247.jpg,image_06247.jpg,21.544424057006836
6247,/nas-ctm01/datasets/public/Oxford102Flowers/jpg/image_06248.jpg,image_06248.jpg,21.78300666809082
6248,/nas-ctm01/datasets/public/Oxford102Flowers/jpg/image_06249.jpg,image_06249.jpg,21.0751953125
6249,/nas-ctm01/datasets/public/Oxford102Flowers/jpg/image_06250.jpg,image_06250.jpg,21.270633697509766
6250,/nas-ctm01/datasets/public/Oxford102Flowers/jpg/image_06251.jpg,image_06251.jpg,20.857177734375
6251,/nas-ctm01/datasets/public/Oxford102Flowers/jpg/image_06252.jpg,image_06252.jpg,21.26305389404297
6252,/nas-ctm01/datasets/public/Oxford102Flowers/jpg/image_06253.jpg,image_06253.jpg,20.694068908691406
6253,/nas-ctm01/datasets/public/Oxford102Flowers/jpg/image_06254.jpg,image_06254.jpg,21.541969299316406
6254,/nas-ctm01/datasets/public/Oxford102Flowers/jpg/image_06255.jpg,image_06255.jpg,20.904497146606445
6255,/nas-ctm01/datasets/public/Oxford102Flowers/jpg/image_06256.jpg,image_06256.jpg,21.340192794799805
6256,/nas-ctm01/datasets/public/Oxford102Flowers/jpg/image_06257.jpg,image_06257.jpg,20.651111602783203
6257,/nas-ctm01/datasets/public/Oxford102Flowers/jpg/image_06258.jpg,image_06258.jpg,20.788841247558594
6258,/nas-ctm01/datasets/public/Oxford102Flowers/jpg/image_06259.jpg,image_06259.jpg,21.13799476623535
6259,/nas-ctm01/datasets/public/Oxford102Flowers/jpg/image_06260.jpg,image_06260.jpg,21.481233596801758
6260,/nas-ctm01/datasets/public/Oxford102Flowers/jpg/image_06261.jpg,image_06261.jpg,22.0334529876709
6261,/nas-ctm01/datasets/public/Oxford102Flowers/jpg/image_06262.jpg,image_06262.jpg,21.503829956054688
6262,/nas-ctm01/datasets/public/Oxford102Flowers/jpg/image_06263.jpg,image_06263.jpg,21.184720993041992
6263,/nas-ctm01/datasets/public/Oxford102Flowers/jpg/image_06264.jpg,image_06264.jpg,21.8535213470459
6264,/nas-ctm01/datasets/public/Oxford102Flowers/jpg/image_06265.jpg,image_06265.jpg,21.468679428100586
6265,/nas-ctm01/datasets/public/Oxford102Flowers/jpg/image_06266.jpg,image_06266.jpg,20.923351287841797
6266,/nas-ctm01/datasets/public/Oxford102Flowers/jpg/image_06267.jpg,image_06267.jpg,20.7723445892334
6267,/nas-ctm01/datasets/public/Oxford102Flowers/jpg/image_06268.jpg,image_06268.jpg,21.497058868408203
6268,/nas-ctm01/datasets/public/Oxford102Flowers/jpg/image_06269.jpg,image_06269.jpg,21.598100662231445
6269,/nas-ctm01/datasets/public/Oxford102Flowers/jpg/image_06270.jpg,image_06270.jpg,21.46493911743164
6270,/nas-ctm01/datasets/public/Oxford102Flowers/jpg/image_06271.jpg,image_06271.jpg,21.53124237060547
6271,/nas-ctm01/datasets/public/Oxford102Flowers/jpg/image_06272.jpg,image_06272.jpg,21.608436584472656
6272,/nas-ctm01/datasets/public/Oxford102Flowers/jpg/image_06273.jpg,image_06273.jpg,21.26276206970215
6273,/nas-ctm01/datasets/public/Oxford102Flowers/jpg/image_06274.jpg,image_06274.jpg,20.839031219482422
6274,/nas-ctm01/datasets/public/Oxford102Flowers/jpg/image_06275.jpg,image_06275.jpg,22.08591651916504
6275,/nas-ctm01/datasets/public/Oxford102Flowers/jpg/image_06276.jpg,image_06276.jpg,22.17652702331543
6276,/nas-ctm01/datasets/public/Oxford102Flowers/jpg/image_06277.jpg,image_06277.jpg,20.954627990722656
6277,/nas-ctm01/datasets/public/Oxford102Flowers/jpg/image_06278.jpg,image_06278.jpg,21.348175048828125
6278,/nas-ctm01/datasets/public/Oxford102Flowers/jpg/image_06279.jpg,image_06279.jpg,21.272329330444336
6279,/nas-ctm01/datasets/public/Oxford102Flowers/jpg/image_06280.jpg,image_06280.jpg,21.067455291748047
6280,/nas-ctm01/datasets/public/Oxford102Flowers/jpg/image_06281.jpg,image_06281.jpg,21.71781349182129
6281,/nas-ctm01/datasets/public/Oxford102Flowers/jpg/image_06282.jpg,image_06282.jpg,21.124479293823242
6282,/nas-ctm01/datasets/public/Oxford102Flowers/jpg/image_06283.jpg,image_06283.jpg,21.150915145874023
6283,/nas-ctm01/datasets/public/Oxford102Flowers/jpg/image_06284.jpg,image_06284.jpg,21.98392677307129
6284,/nas-ctm01/datasets/public/Oxford102Flowers/jpg/image_06285.jpg,image_06285.jpg,21.588951110839844
6285,/nas-ctm01/datasets/public/Oxford102Flowers/jpg/image_06286.jpg,image_06286.jpg,21.374101638793945
6286,/nas-ctm01/datasets/public/Oxford102Flowers/jpg/image_06287.jpg,image_06287.jpg,21.77871322631836
6287,/nas-ctm01/datasets/public/Oxford102Flowers/jpg/image_06288.jpg,image_06288.jpg,20.811199188232422
6288,/nas-ctm01/datasets/public/Oxford102Flowers/jpg/image_06289.jpg,image_06289.jpg,20.862957000732422
6289,/nas-ctm01/datasets/public/Oxford102Flowers/jpg/image_06290.jpg,image_06290.jpg,21.018577575683594
6290,/nas-ctm01/datasets/public/Oxford102Flowers/jpg/image_06291.jpg,image_06291.jpg,21.71560287475586
6291,/nas-ctm01/datasets/public/Oxford102Flowers/jpg/image_06292.jpg,image_06292.jpg,21.28445053100586
6292,/nas-ctm01/datasets/public/Oxford102Flowers/jpg/image_06293.jpg,image_06293.jpg,21.480079650878906
6293,/nas-ctm01/datasets/public/Oxford102Flowers/jpg/image_06294.jpg,image_06294.jpg,21.06635284423828
6294,/nas-ctm01/datasets/public/Oxford102Flowers/jpg/image_06295.jpg,image_06295.jpg,20.97212028503418
6295,/nas-ctm01/datasets/public/Oxford102Flowers/jpg/image_06296.jpg,image_06296.jpg,20.953203201293945
6296,/nas-ctm01/datasets/public/Oxford102Flowers/jpg/image_06297.jpg,image_06297.jpg,23.046899795532227
6297,/nas-ctm01/datasets/public/Oxford102Flowers/jpg/image_06298.jpg,image_06298.jpg,23.112998962402344
6298,/nas-ctm01/datasets/public/Oxford102Flowers/jpg/image_06299.jpg,image_06299.jpg,22.8394832611084
6299,/nas-ctm01/datasets/public/Oxford102Flowers/jpg/image_06300.jpg,image_06300.jpg,23.153457641601562
6300,/nas-ctm01/datasets/public/Oxford102Flowers/jpg/image_06301.jpg,image_06301.jpg,21.933826446533203
6301,/nas-ctm01/datasets/public/Oxford102Flowers/jpg/image_06302.jpg,image_06302.jpg,22.68328094482422
6302,/nas-ctm01/datasets/public/Oxford102Flowers/jpg/image_06303.jpg,image_06303.jpg,23.004520416259766
6303,/nas-ctm01/datasets/public/Oxford102Flowers/jpg/image_06304.jpg,image_06304.jpg,22.939546585083008
6304,/nas-ctm01/datasets/public/Oxford102Flowers/jpg/image_06305.jpg,image_06305.jpg,23.51177978515625
6305,/nas-ctm01/datasets/public/Oxford102Flowers/jpg/image_06306.jpg,image_06306.jpg,22.3416690826416
6306,/nas-ctm01/datasets/public/Oxford102Flowers/jpg/image_06307.jpg,image_06307.jpg,23.158300399780273
6307,/nas-ctm01/datasets/public/Oxford102Flowers/jpg/image_06308.jpg,image_06308.jpg,22.200136184692383
6308,/nas-ctm01/datasets/public/Oxford102Flowers/jpg/image_06309.jpg,image_06309.jpg,22.739315032958984
6309,/nas-ctm01/datasets/public/Oxford102Flowers/jpg/image_06310.jpg,image_06310.jpg,22.065439224243164
6310,/nas-ctm01/datasets/public/Oxford102Flowers/jpg/image_06311.jpg,image_06311.jpg,22.89270782470703
6311,/nas-ctm01/datasets/public/Oxford102Flowers/jpg/image_06312.jpg,image_06312.jpg,22.5810489654541
6312,/nas-ctm01/datasets/public/Oxford102Flowers/jpg/image_06313.jpg,image_06313.jpg,22.483810424804688
6313,/nas-ctm01/datasets/public/Oxford102Flowers/jpg/image_06314.jpg,image_06314.jpg,22.635828018188477
6314,/nas-ctm01/datasets/public/Oxford102Flowers/jpg/image_06315.jpg,image_06315.jpg,23.394086837768555
6315,/nas-ctm01/datasets/public/Oxford102Flowers/jpg/image_06316.jpg,image_06316.jpg,21.49961280822754
6316,/nas-ctm01/datasets/public/Oxford102Flowers/jpg/image_06317.jpg,image_06317.jpg,22.930652618408203
6317,/nas-ctm01/datasets/public/Oxford102Flowers/jpg/image_06318.jpg,image_06318.jpg,22.946096420288086
6318,/nas-ctm01/datasets/public/Oxford102Flowers/jpg/image_06319.jpg,image_06319.jpg,22.893272399902344
6319,/nas-ctm01/datasets/public/Oxford102Flowers/jpg/image_06320.jpg,image_06320.jpg,23.398157119750977
6320,/nas-ctm01/datasets/public/Oxford102Flowers/jpg/image_06321.jpg,image_06321.jpg,22.25094985961914
6321,/nas-ctm01/datasets/public/Oxford102Flowers/jpg/image_06322.jpg,image_06322.jpg,22.775646209716797
6322,/nas-ctm01/datasets/public/Oxford102Flowers/jpg/image_06323.jpg,image_06323.jpg,22.985300064086914
6323,/nas-ctm01/datasets/public/Oxford102Flowers/jpg/image_06324.jpg,image_06324.jpg,22.48381805419922
6324,/nas-ctm01/datasets/public/Oxford102Flowers/jpg/image_06325.jpg,image_06325.jpg,21.741073608398438
6325,/nas-ctm01/datasets/public/Oxford102Flowers/jpg/image_06326.jpg,image_06326.jpg,22.773805618286133
6326,/nas-ctm01/datasets/public/Oxford102Flowers/jpg/image_06327.jpg,image_06327.jpg,22.460500717163086
6327,/nas-ctm01/datasets/public/Oxford102Flowers/jpg/image_06328.jpg,image_06328.jpg,22.166522979736328
6328,/nas-ctm01/datasets/public/Oxford102Flowers/jpg/image_06329.jpg,image_06329.jpg,23.10239028930664
6329,/nas-ctm01/datasets/public/Oxford102Flowers/jpg/image_06330.jpg,image_06330.jpg,22.378860473632812
6330,/nas-ctm01/datasets/public/Oxford102Flowers/jpg/image_06331.jpg,image_06331.jpg,22.564971923828125
6331,/nas-ctm01/datasets/public/Oxford102Flowers/jpg/image_06332.jpg,image_06332.jpg,22.742298126220703
6332,/nas-ctm01/datasets/public/Oxford102Flowers/jpg/image_06333.jpg,image_06333.jpg,22.53590965270996
6333,/nas-ctm01/datasets/public/Oxford102Flowers/jpg/image_06334.jpg,image_06334.jpg,21.876909255981445
6334,/nas-ctm01/datasets/public/Oxford102Flowers/jpg/image_06335.jpg,image_06335.jpg,22.722368240356445
6335,/nas-ctm01/datasets/public/Oxford102Flowers/jpg/image_06336.jpg,image_06336.jpg,22.70400047302246
6336,/nas-ctm01/datasets/public/Oxford102Flowers/jpg/image_06337.jpg,image_06337.jpg,22.295894622802734
6337,/nas-ctm01/datasets/public/Oxford102Flowers/jpg/image_06338.jpg,image_06338.jpg,22.085954666137695
6338,/nas-ctm01/datasets/public/Oxford102Flowers/jpg/image_06339.jpg,image_06339.jpg,22.64081573486328
6339,/nas-ctm01/datasets/public/Oxford102Flowers/jpg/image_06340.jpg,image_06340.jpg,23.522560119628906
6340,/nas-ctm01/datasets/public/Oxford102Flowers/jpg/image_06341.jpg,image_06341.jpg,22.6523380279541
6341,/nas-ctm01/datasets/public/Oxford102Flowers/jpg/image_06342.jpg,image_06342.jpg,22.58335304260254
6342,/nas-ctm01/datasets/public/Oxford102Flowers/jpg/image_06343.jpg,image_06343.jpg,23.290374755859375
6343,/nas-ctm01/datasets/public/Oxford102Flowers/jpg/image_06344.jpg,image_06344.jpg,22.869308471679688
6344,/nas-ctm01/datasets/public/Oxford102Flowers/jpg/image_06345.jpg,image_06345.jpg,22.724111557006836
6345,/nas-ctm01/datasets/public/Oxford102Flowers/jpg/image_06346.jpg,image_06346.jpg,21.625633239746094
6346,/nas-ctm01/datasets/public/Oxford102Flowers/jpg/image_06347.jpg,image_06347.jpg,21.82893943786621
6347,/nas-ctm01/datasets/public/Oxford102Flowers/jpg/image_06348.jpg,image_06348.jpg,21.36228370666504
6348,/nas-ctm01/datasets/public/Oxford102Flowers/jpg/image_06349.jpg,image_06349.jpg,22.239500045776367
6349,/nas-ctm01/datasets/public/Oxford102Flowers/jpg/image_06350.jpg,image_06350.jpg,20.346172332763672
6350,/nas-ctm01/datasets/public/Oxford102Flowers/jpg/image_06351.jpg,image_06351.jpg,21.76422691345215
6351,/nas-ctm01/datasets/public/Oxford102Flowers/jpg/image_06352.jpg,image_06352.jpg,22.044023513793945
6352,/nas-ctm01/datasets/public/Oxford102Flowers/jpg/image_06353.jpg,image_06353.jpg,21.91157341003418
6353,/nas-ctm01/datasets/public/Oxford102Flowers/jpg/image_06354.jpg,image_06354.jpg,22.356828689575195
6354,/nas-ctm01/datasets/public/Oxford102Flowers/jpg/image_06355.jpg,image_06355.jpg,21.684995651245117
6355,/nas-ctm01/datasets/public/Oxford102Flowers/jpg/image_06356.jpg,image_06356.jpg,21.065946578979492
6356,/nas-ctm01/datasets/public/Oxford102Flowers/jpg/image_06357.jpg,image_06357.jpg,20.918115615844727
6357,/nas-ctm01/datasets/public/Oxford102Flowers/jpg/image_06358.jpg,image_06358.jpg,21.6186580657959
6358,/nas-ctm01/datasets/public/Oxford102Flowers/jpg/image_06359.jpg,image_06359.jpg,20.98036766052246
6359,/nas-ctm01/datasets/public/Oxford102Flowers/jpg/image_06360.jpg,image_06360.jpg,20.85433578491211
6360,/nas-ctm01/datasets/public/Oxford102Flowers/jpg/image_06361.jpg,image_06361.jpg,20.761062622070312
6361,/nas-ctm01/datasets/public/Oxford102Flowers/jpg/image_06362.jpg,image_06362.jpg,21.432403564453125
6362,/nas-ctm01/datasets/public/Oxford102Flowers/jpg/image_06363.jpg,image_06363.jpg,21.29146385192871
6363,/nas-ctm01/datasets/public/Oxford102Flowers/jpg/image_06364.jpg,image_06364.jpg,21.83596420288086
6364,/nas-ctm01/datasets/public/Oxford102Flowers/jpg/image_06365.jpg,image_06365.jpg,21.947601318359375
6365,/nas-ctm01/datasets/public/Oxford102Flowers/jpg/image_06366.jpg,image_06366.jpg,21.715917587280273
6366,/nas-ctm01/datasets/public/Oxford102Flowers/jpg/image_06367.jpg,image_06367.jpg,21.871593475341797
6367,/nas-ctm01/datasets/public/Oxford102Flowers/jpg/image_06368.jpg,image_06368.jpg,21.358558654785156
6368,/nas-ctm01/datasets/public/Oxford102Flowers/jpg/image_06369.jpg,image_06369.jpg,21.552656173706055
6369,/nas-ctm01/datasets/public/Oxford102Flowers/jpg/image_06370.jpg,image_06370.jpg,22.33517074584961
6370,/nas-ctm01/datasets/public/Oxford102Flowers/jpg/image_06371.jpg,image_06371.jpg,21.92333984375
6371,/nas-ctm01/datasets/public/Oxford102Flowers/jpg/image_06372.jpg,image_06372.jpg,21.959716796875
6372,/nas-ctm01/datasets/public/Oxford102Flowers/jpg/image_06373.jpg,image_06373.jpg,20.82343292236328
6373,/nas-ctm01/datasets/public/Oxford102Flowers/jpg/image_06374.jpg,image_06374.jpg,21.26729393005371
6374,/nas-ctm01/datasets/public/Oxford102Flowers/jpg/image_06375.jpg,image_06375.jpg,21.97200584411621
6375,/nas-ctm01/datasets/public/Oxford102Flowers/jpg/image_06376.jpg,image_06376.jpg,22.367570877075195
6376,/nas-ctm01/datasets/public/Oxford102Flowers/jpg/image_06377.jpg,image_06377.jpg,21.216167449951172
6377,/nas-ctm01/datasets/public/Oxford102Flowers/jpg/image_06378.jpg,image_06378.jpg,21.153549194335938
6378,/nas-ctm01/datasets/public/Oxford102Flowers/jpg/image_06379.jpg,image_06379.jpg,22.507627487182617
6379,/nas-ctm01/datasets/public/Oxford102Flowers/jpg/image_06380.jpg,image_06380.jpg,21.115236282348633
6380,/nas-ctm01/datasets/public/Oxford102Flowers/jpg/image_06381.jpg,image_06381.jpg,21.227458953857422
6381,/nas-ctm01/datasets/public/Oxford102Flowers/jpg/image_06382.jpg,image_06382.jpg,22.238418579101562
6382,/nas-ctm01/datasets/public/Oxford102Flowers/jpg/image_06383.jpg,image_06383.jpg,21.55191993713379
6383,/nas-ctm01/datasets/public/Oxford102Flowers/jpg/image_06384.jpg,image_06384.jpg,22.23872184753418
6384,/nas-ctm01/datasets/public/Oxford102Flowers/jpg/image_06385.jpg,image_06385.jpg,20.77525520324707
6385,/nas-ctm01/datasets/public/Oxford102Flowers/jpg/image_06386.jpg,image_06386.jpg,21.622093200683594
6386,/nas-ctm01/datasets/public/Oxford102Flowers/jpg/image_06387.jpg,image_06387.jpg,21.49879264831543
6387,/nas-ctm01/datasets/public/Oxford102Flowers/jpg/image_06388.jpg,image_06388.jpg,21.481340408325195
6388,/nas-ctm01/datasets/public/Oxford102Flowers/jpg/image_06389.jpg,image_06389.jpg,21.748584747314453
6389,/nas-ctm01/datasets/public/Oxford102Flowers/jpg/image_06390.jpg,image_06390.jpg,21.230783462524414
6390,/nas-ctm01/datasets/public/Oxford102Flowers/jpg/image_06391.jpg,image_06391.jpg,22.106109619140625
6391,/nas-ctm01/datasets/public/Oxford102Flowers/jpg/image_06392.jpg,image_06392.jpg,22.332321166992188
6392,/nas-ctm01/datasets/public/Oxford102Flowers/jpg/image_06393.jpg,image_06393.jpg,21.80815887451172
6393,/nas-ctm01/datasets/public/Oxford102Flowers/jpg/image_06394.jpg,image_06394.jpg,22.424400329589844
6394,/nas-ctm01/datasets/public/Oxford102Flowers/jpg/image_06395.jpg,image_06395.jpg,21.189279556274414
6395,/nas-ctm01/datasets/public/Oxford102Flowers/jpg/image_06396.jpg,image_06396.jpg,21.431293487548828
6396,/nas-ctm01/datasets/public/Oxford102Flowers/jpg/image_06397.jpg,image_06397.jpg,21.438859939575195
6397,/nas-ctm01/datasets/public/Oxford102Flowers/jpg/image_06398.jpg,image_06398.jpg,21.16107177734375
6398,/nas-ctm01/datasets/public/Oxford102Flowers/jpg/image_06399.jpg,image_06399.jpg,21.445438385009766
6399,/nas-ctm01/datasets/public/Oxford102Flowers/jpg/image_06400.jpg,image_06400.jpg,21.20744514465332
6400,/nas-ctm01/datasets/public/Oxford102Flowers/jpg/image_06401.jpg,image_06401.jpg,20.991573333740234
6401,/nas-ctm01/datasets/public/Oxford102Flowers/jpg/image_06402.jpg,image_06402.jpg,22.112829208374023
6402,/nas-ctm01/datasets/public/Oxford102Flowers/jpg/image_06403.jpg,image_06403.jpg,21.254745483398438
6403,/nas-ctm01/datasets/public/Oxford102Flowers/jpg/image_06404.jpg,image_06404.jpg,21.56539535522461
6404,/nas-ctm01/datasets/public/Oxford102Flowers/jpg/image_06405.jpg,image_06405.jpg,21.18545913696289
6405,/nas-ctm01/datasets/public/Oxford102Flowers/jpg/image_06406.jpg,image_06406.jpg,22.19021224975586
6406,/nas-ctm01/datasets/public/Oxford102Flowers/jpg/image_06407.jpg,image_06407.jpg,21.207530975341797
6407,/nas-ctm01/datasets/public/Oxford102Flowers/jpg/image_06408.jpg,image_06408.jpg,22.03766441345215
6408,/nas-ctm01/datasets/public/Oxford102Flowers/jpg/image_06409.jpg,image_06409.jpg,20.900604248046875
6409,/nas-ctm01/datasets/public/Oxford102Flowers/jpg/image_06410.jpg,image_06410.jpg,20.775501251220703
6410,/nas-ctm01/datasets/public/Oxford102Flowers/jpg/image_06411.jpg,image_06411.jpg,21.572513580322266
6411,/nas-ctm01/datasets/public/Oxford102Flowers/jpg/image_06412.jpg,image_06412.jpg,21.617027282714844
6412,/nas-ctm01/datasets/public/Oxford102Flowers/jpg/image_06413.jpg,image_06413.jpg,22.28707504272461
6413,/nas-ctm01/datasets/public/Oxford102Flowers/jpg/image_06414.jpg,image_06414.jpg,21.369583129882812
6414,/nas-ctm01/datasets/public/Oxford102Flowers/jpg/image_06415.jpg,image_06415.jpg,22.01061248779297
6415,/nas-ctm01/datasets/public/Oxford102Flowers/jpg/image_06416.jpg,image_06416.jpg,22.047590255737305
6416,/nas-ctm01/datasets/public/Oxford102Flowers/jpg/image_06417.jpg,image_06417.jpg,21.35003662109375
6417,/nas-ctm01/datasets/public/Oxford102Flowers/jpg/image_06418.jpg,image_06418.jpg,21.82648468017578
6418,/nas-ctm01/datasets/public/Oxford102Flowers/jpg/image_06419.jpg,image_06419.jpg,21.83074378967285
6419,/nas-ctm01/datasets/public/Oxford102Flowers/jpg/image_06420.jpg,image_06420.jpg,21.67575454711914
6420,/nas-ctm01/datasets/public/Oxford102Flowers/jpg/image_06421.jpg,image_06421.jpg,21.491687774658203
6421,/nas-ctm01/datasets/public/Oxford102Flowers/jpg/image_06422.jpg,image_06422.jpg,20.354949951171875
6422,/nas-ctm01/datasets/public/Oxford102Flowers/jpg/image_06423.jpg,image_06423.jpg,20.638776779174805
6423,/nas-ctm01/datasets/public/Oxford102Flowers/jpg/image_06424.jpg,image_06424.jpg,21.848384857177734
6424,/nas-ctm01/datasets/public/Oxford102Flowers/jpg/image_06425.jpg,image_06425.jpg,20.965620040893555
6425,/nas-ctm01/datasets/public/Oxford102Flowers/jpg/image_06426.jpg,image_06426.jpg,21.0936336517334
6426,/nas-ctm01/datasets/public/Oxford102Flowers/jpg/image_06427.jpg,image_06427.jpg,21.669170379638672
6427,/nas-ctm01/datasets/public/Oxford102Flowers/jpg/image_06428.jpg,image_06428.jpg,21.83445930480957
6428,/nas-ctm01/datasets/public/Oxford102Flowers/jpg/image_06429.jpg,image_06429.jpg,21.131412506103516
6429,/nas-ctm01/datasets/public/Oxford102Flowers/jpg/image_06430.jpg,image_06430.jpg,20.75604820251465
6430,/nas-ctm01/datasets/public/Oxford102Flowers/jpg/image_06431.jpg,image_06431.jpg,21.962200164794922
6431,/nas-ctm01/datasets/public/Oxford102Flowers/jpg/image_06432.jpg,image_06432.jpg,21.499826431274414
6432,/nas-ctm01/datasets/public/Oxford102Flowers/jpg/image_06433.jpg,image_06433.jpg,21.99168586730957
6433,/nas-ctm01/datasets/public/Oxford102Flowers/jpg/image_06434.jpg,image_06434.jpg,22.0987491607666
6434,/nas-ctm01/datasets/public/Oxford102Flowers/jpg/image_06435.jpg,image_06435.jpg,21.602113723754883
6435,/nas-ctm01/datasets/public/Oxford102Flowers/jpg/image_06436.jpg,image_06436.jpg,20.945972442626953
6436,/nas-ctm01/datasets/public/Oxford102Flowers/jpg/image_06437.jpg,image_06437.jpg,20.816364288330078
6437,/nas-ctm01/datasets/public/Oxford102Flowers/jpg/image_06438.jpg,image_06438.jpg,21.667673110961914
6438,/nas-ctm01/datasets/public/Oxford102Flowers/jpg/image_06439.jpg,image_06439.jpg,21.497974395751953
6439,/nas-ctm01/datasets/public/Oxford102Flowers/jpg/image_06440.jpg,image_06440.jpg,21.6740665435791
6440,/nas-ctm01/datasets/public/Oxford102Flowers/jpg/image_06441.jpg,image_06441.jpg,21.795623779296875
6441,/nas-ctm01/datasets/public/Oxford102Flowers/jpg/image_06442.jpg,image_06442.jpg,22.8404541015625
6442,/nas-ctm01/datasets/public/Oxford102Flowers/jpg/image_06443.jpg,image_06443.jpg,22.42497444152832
6443,/nas-ctm01/datasets/public/Oxford102Flowers/jpg/image_06444.jpg,image_06444.jpg,21.526809692382812
6444,/nas-ctm01/datasets/public/Oxford102Flowers/jpg/image_06445.jpg,image_06445.jpg,21.580886840820312
6445,/nas-ctm01/datasets/public/Oxford102Flowers/jpg/image_06446.jpg,image_06446.jpg,22.58517837524414
6446,/nas-ctm01/datasets/public/Oxford102Flowers/jpg/image_06447.jpg,image_06447.jpg,22.60030746459961
6447,/nas-ctm01/datasets/public/Oxford102Flowers/jpg/image_06448.jpg,image_06448.jpg,22.032958984375
6448,/nas-ctm01/datasets/public/Oxford102Flowers/jpg/image_06449.jpg,image_06449.jpg,22.286869049072266
6449,/nas-ctm01/datasets/public/Oxford102Flowers/jpg/image_06450.jpg,image_06450.jpg,22.652950286865234
6450,/nas-ctm01/datasets/public/Oxford102Flowers/jpg/image_06451.jpg,image_06451.jpg,22.057361602783203
6451,/nas-ctm01/datasets/public/Oxford102Flowers/jpg/image_06452.jpg,image_06452.jpg,22.391429901123047
6452,/nas-ctm01/datasets/public/Oxford102Flowers/jpg/image_06453.jpg,image_06453.jpg,22.259727478027344
6453,/nas-ctm01/datasets/public/Oxford102Flowers/jpg/image_06454.jpg,image_06454.jpg,22.340463638305664
6454,/nas-ctm01/datasets/public/Oxford102Flowers/jpg/image_06455.jpg,image_06455.jpg,22.199623107910156
6455,/nas-ctm01/datasets/public/Oxford102Flowers/jpg/image_06456.jpg,image_06456.jpg,21.55967140197754
6456,/nas-ctm01/datasets/public/Oxford102Flowers/jpg/image_06457.jpg,image_06457.jpg,23.584619522094727
6457,/nas-ctm01/datasets/public/Oxford102Flowers/jpg/image_06458.jpg,image_06458.jpg,22.648700714111328
6458,/nas-ctm01/datasets/public/Oxford102Flowers/jpg/image_06459.jpg,image_06459.jpg,22.346467971801758
6459,/nas-ctm01/datasets/public/Oxford102Flowers/jpg/image_06460.jpg,image_06460.jpg,23.270503997802734
6460,/nas-ctm01/datasets/public/Oxford102Flowers/jpg/image_06461.jpg,image_06461.jpg,21.586864471435547
6461,/nas-ctm01/datasets/public/Oxford102Flowers/jpg/image_06462.jpg,image_06462.jpg,22.72756004333496
6462,/nas-ctm01/datasets/public/Oxford102Flowers/jpg/image_06463.jpg,image_06463.jpg,20.823575973510742
6463,/nas-ctm01/datasets/public/Oxford102Flowers/jpg/image_06464.jpg,image_06464.jpg,22.907155990600586
6464,/nas-ctm01/datasets/public/Oxford102Flowers/jpg/image_06465.jpg,image_06465.jpg,21.508575439453125
6465,/nas-ctm01/datasets/public/Oxford102Flowers/jpg/image_06466.jpg,image_06466.jpg,21.060136795043945
6466,/nas-ctm01/datasets/public/Oxford102Flowers/jpg/image_06467.jpg,image_06467.jpg,23.306398391723633
6467,/nas-ctm01/datasets/public/Oxford102Flowers/jpg/image_06468.jpg,image_06468.jpg,22.48271942138672
6468,/nas-ctm01/datasets/public/Oxford102Flowers/jpg/image_06469.jpg,image_06469.jpg,21.461490631103516
6469,/nas-ctm01/datasets/public/Oxford102Flowers/jpg/image_06470.jpg,image_06470.jpg,22.413314819335938
6470,/nas-ctm01/datasets/public/Oxford102Flowers/jpg/image_06471.jpg,image_06471.jpg,22.120393753051758
6471,/nas-ctm01/datasets/public/Oxford102Flowers/jpg/image_06472.jpg,image_06472.jpg,22.294225692749023
6472,/nas-ctm01/datasets/public/Oxford102Flowers/jpg/image_06473.jpg,image_06473.jpg,22.32897186279297
6473,/nas-ctm01/datasets/public/Oxford102Flowers/jpg/image_06474.jpg,image_06474.jpg,22.812726974487305
6474,/nas-ctm01/datasets/public/Oxford102Flowers/jpg/image_06475.jpg,image_06475.jpg,21.294994354248047
6475,/nas-ctm01/datasets/public/Oxford102Flowers/jpg/image_06476.jpg,image_06476.jpg,22.414255142211914
6476,/nas-ctm01/datasets/public/Oxford102Flowers/jpg/image_06477.jpg,image_06477.jpg,22.55392074584961
6477,/nas-ctm01/datasets/public/Oxford102Flowers/jpg/image_06478.jpg,image_06478.jpg,22.517305374145508
6478,/nas-ctm01/datasets/public/Oxford102Flowers/jpg/image_06479.jpg,image_06479.jpg,22.26839256286621
6479,/nas-ctm01/datasets/public/Oxford102Flowers/jpg/image_06480.jpg,image_06480.jpg,22.445329666137695
6480,/nas-ctm01/datasets/public/Oxford102Flowers/jpg/image_06481.jpg,image_06481.jpg,22.72412872314453
6481,/nas-ctm01/datasets/public/Oxford102Flowers/jpg/image_06482.jpg,image_06482.jpg,22.97538948059082
6482,/nas-ctm01/datasets/public/Oxford102Flowers/jpg/image_06483.jpg,image_06483.jpg,22.72931671142578
6483,/nas-ctm01/datasets/public/Oxford102Flowers/jpg/image_06484.jpg,image_06484.jpg,23.208913803100586
6484,/nas-ctm01/datasets/public/Oxford102Flowers/jpg/image_06485.jpg,image_06485.jpg,23.068069458007812
6485,/nas-ctm01/datasets/public/Oxford102Flowers/jpg/image_06486.jpg,image_06486.jpg,23.3716983795166
6486,/nas-ctm01/datasets/public/Oxford102Flowers/jpg/image_06487.jpg,image_06487.jpg,23.483671188354492
6487,/nas-ctm01/datasets/public/Oxford102Flowers/jpg/image_06488.jpg,image_06488.jpg,23.020048141479492
6488,/nas-ctm01/datasets/public/Oxford102Flowers/jpg/image_06489.jpg,image_06489.jpg,23.151342391967773
6489,/nas-ctm01/datasets/public/Oxford102Flowers/jpg/image_06490.jpg,image_06490.jpg,24.21591567993164
6490,/nas-ctm01/datasets/public/Oxford102Flowers/jpg/image_06491.jpg,image_06491.jpg,22.28681755065918
6491,/nas-ctm01/datasets/public/Oxford102Flowers/jpg/image_06492.jpg,image_06492.jpg,22.610261917114258
6492,/nas-ctm01/datasets/public/Oxford102Flowers/jpg/image_06493.jpg,image_06493.jpg,22.79044532775879
6493,/nas-ctm01/datasets/public/Oxford102Flowers/jpg/image_06494.jpg,image_06494.jpg,23.73250389099121
6494,/nas-ctm01/datasets/public/Oxford102Flowers/jpg/image_06495.jpg,image_06495.jpg,23.541933059692383
6495,/nas-ctm01/datasets/public/Oxford102Flowers/jpg/image_06496.jpg,image_06496.jpg,23.838027954101562
6496,/nas-ctm01/datasets/public/Oxford102Flowers/jpg/image_06497.jpg,image_06497.jpg,22.59645652770996
6497,/nas-ctm01/datasets/public/Oxford102Flowers/jpg/image_06498.jpg,image_06498.jpg,23.922286987304688
6498,/nas-ctm01/datasets/public/Oxford102Flowers/jpg/image_06499.jpg,image_06499.jpg,22.490402221679688
6499,/nas-ctm01/datasets/public/Oxford102Flowers/jpg/image_06500.jpg,image_06500.jpg,23.042116165161133
6500,/nas-ctm01/datasets/public/Oxford102Flowers/jpg/image_06501.jpg,image_06501.jpg,23.478151321411133
6501,/nas-ctm01/datasets/public/Oxford102Flowers/jpg/image_06502.jpg,image_06502.jpg,23.505598068237305
6502,/nas-ctm01/datasets/public/Oxford102Flowers/jpg/image_06503.jpg,image_06503.jpg,22.328948974609375
6503,/nas-ctm01/datasets/public/Oxford102Flowers/jpg/image_06504.jpg,image_06504.jpg,23.600521087646484
6504,/nas-ctm01/datasets/public/Oxford102Flowers/jpg/image_06505.jpg,image_06505.jpg,23.48121452331543
6505,/nas-ctm01/datasets/public/Oxford102Flowers/jpg/image_06506.jpg,image_06506.jpg,23.724109649658203
6506,/nas-ctm01/datasets/public/Oxford102Flowers/jpg/image_06507.jpg,image_06507.jpg,22.741619110107422
6507,/nas-ctm01/datasets/public/Oxford102Flowers/jpg/image_06508.jpg,image_06508.jpg,23.16582489013672
6508,/nas-ctm01/datasets/public/Oxford102Flowers/jpg/image_06509.jpg,image_06509.jpg,23.755653381347656
6509,/nas-ctm01/datasets/public/Oxford102Flowers/jpg/image_06510.jpg,image_06510.jpg,23.135181427001953
6510,/nas-ctm01/datasets/public/Oxford102Flowers/jpg/image_06511.jpg,image_06511.jpg,24.28703498840332
6511,/nas-ctm01/datasets/public/Oxford102Flowers/jpg/image_06512.jpg,image_06512.jpg,23.589805603027344
6512,/nas-ctm01/datasets/public/Oxford102Flowers/jpg/image_06513.jpg,image_06513.jpg,22.85017204284668
6513,/nas-ctm01/datasets/public/Oxford102Flowers/jpg/image_06514.jpg,image_06514.jpg,23.288211822509766
6514,/nas-ctm01/datasets/public/Oxford102Flowers/jpg/image_06515.jpg,image_06515.jpg,23.212432861328125
6515,/nas-ctm01/datasets/public/Oxford102Flowers/jpg/image_06516.jpg,image_06516.jpg,23.098539352416992
6516,/nas-ctm01/datasets/public/Oxford102Flowers/jpg/image_06517.jpg,image_06517.jpg,23.099472045898438
6517,/nas-ctm01/datasets/public/Oxford102Flowers/jpg/image_06518.jpg,image_06518.jpg,22.936336517333984
6518,/nas-ctm01/datasets/public/Oxford102Flowers/jpg/image_06519.jpg,image_06519.jpg,20.90671730041504
6519,/nas-ctm01/datasets/public/Oxford102Flowers/jpg/image_06520.jpg,image_06520.jpg,22.78778076171875
6520,/nas-ctm01/datasets/public/Oxford102Flowers/jpg/image_06521.jpg,image_06521.jpg,22.977060317993164
6521,/nas-ctm01/datasets/public/Oxford102Flowers/jpg/image_06522.jpg,image_06522.jpg,22.289541244506836
6522,/nas-ctm01/datasets/public/Oxford102Flowers/jpg/image_06523.jpg,image_06523.jpg,23.209915161132812
6523,/nas-ctm01/datasets/public/Oxford102Flowers/jpg/image_06524.jpg,image_06524.jpg,23.0782470703125
6524,/nas-ctm01/datasets/public/Oxford102Flowers/jpg/image_06525.jpg,image_06525.jpg,22.409969329833984
6525,/nas-ctm01/datasets/public/Oxford102Flowers/jpg/image_06526.jpg,image_06526.jpg,22.7387752532959
6526,/nas-ctm01/datasets/public/Oxford102Flowers/jpg/image_06527.jpg,image_06527.jpg,23.125041961669922
6527,/nas-ctm01/datasets/public/Oxford102Flowers/jpg/image_06528.jpg,image_06528.jpg,22.036651611328125
6528,/nas-ctm01/datasets/public/Oxford102Flowers/jpg/image_06529.jpg,image_06529.jpg,22.331449508666992
6529,/nas-ctm01/datasets/public/Oxford102Flowers/jpg/image_06530.jpg,image_06530.jpg,22.598957061767578
6530,/nas-ctm01/datasets/public/Oxford102Flowers/jpg/image_06531.jpg,image_06531.jpg,22.492666244506836
6531,/nas-ctm01/datasets/public/Oxford102Flowers/jpg/image_06532.jpg,image_06532.jpg,23.854772567749023
6532,/nas-ctm01/datasets/public/Oxford102Flowers/jpg/image_06533.jpg,image_06533.jpg,23.606063842773438
6533,/nas-ctm01/datasets/public/Oxford102Flowers/jpg/image_06534.jpg,image_06534.jpg,23.455873489379883
6534,/nas-ctm01/datasets/public/Oxford102Flowers/jpg/image_06535.jpg,image_06535.jpg,23.270097732543945
6535,/nas-ctm01/datasets/public/Oxford102Flowers/jpg/image_06536.jpg,image_06536.jpg,21.919654846191406
6536,/nas-ctm01/datasets/public/Oxford102Flowers/jpg/image_06537.jpg,image_06537.jpg,23.49078369140625
6537,/nas-ctm01/datasets/public/Oxford102Flowers/jpg/image_06538.jpg,image_06538.jpg,23.366567611694336
6538,/nas-ctm01/datasets/public/Oxford102Flowers/jpg/image_06539.jpg,image_06539.jpg,23.939912796020508
6539,/nas-ctm01/datasets/public/Oxford102Flowers/jpg/image_06540.jpg,image_06540.jpg,23.596481323242188
6540,/nas-ctm01/datasets/public/Oxford102Flowers/jpg/image_06541.jpg,image_06541.jpg,23.698013305664062
6541,/nas-ctm01/datasets/public/Oxford102Flowers/jpg/image_06542.jpg,image_06542.jpg,23.568395614624023
6542,/nas-ctm01/datasets/public/Oxford102Flowers/jpg/image_06543.jpg,image_06543.jpg,22.68406105041504
6543,/nas-ctm01/datasets/public/Oxford102Flowers/jpg/image_06544.jpg,image_06544.jpg,23.270368576049805
6544,/nas-ctm01/datasets/public/Oxford102Flowers/jpg/image_06545.jpg,image_06545.jpg,22.811389923095703
6545,/nas-ctm01/datasets/public/Oxford102Flowers/jpg/image_06546.jpg,image_06546.jpg,23.3055419921875
6546,/nas-ctm01/datasets/public/Oxford102Flowers/jpg/image_06547.jpg,image_06547.jpg,23.568626403808594
6547,/nas-ctm01/datasets/public/Oxford102Flowers/jpg/image_06548.jpg,image_06548.jpg,23.937902450561523
6548,/nas-ctm01/datasets/public/Oxford102Flowers/jpg/image_06549.jpg,image_06549.jpg,23.256921768188477
6549,/nas-ctm01/datasets/public/Oxford102Flowers/jpg/image_06550.jpg,image_06550.jpg,23.48026466369629
6550,/nas-ctm01/datasets/public/Oxford102Flowers/jpg/image_06551.jpg,image_06551.jpg,23.603042602539062
6551,/nas-ctm01/datasets/public/Oxford102Flowers/jpg/image_06552.jpg,image_06552.jpg,22.70953369140625
6552,/nas-ctm01/datasets/public/Oxford102Flowers/jpg/image_06553.jpg,image_06553.jpg,22.74917984008789
6553,/nas-ctm01/datasets/public/Oxford102Flowers/jpg/image_06554.jpg,image_06554.jpg,23.270679473876953
6554,/nas-ctm01/datasets/public/Oxford102Flowers/jpg/image_06555.jpg,image_06555.jpg,23.127225875854492
6555,/nas-ctm01/datasets/public/Oxford102Flowers/jpg/image_06556.jpg,image_06556.jpg,21.87647247314453
6556,/nas-ctm01/datasets/public/Oxford102Flowers/jpg/image_06557.jpg,image_06557.jpg,22.19721794128418
6557,/nas-ctm01/datasets/public/Oxford102Flowers/jpg/image_06558.jpg,image_06558.jpg,22.832487106323242
6558,/nas-ctm01/datasets/public/Oxford102Flowers/jpg/image_06559.jpg,image_06559.jpg,22.965864181518555
6559,/nas-ctm01/datasets/public/Oxford102Flowers/jpg/image_06560.jpg,image_06560.jpg,22.38969612121582
6560,/nas-ctm01/datasets/public/Oxford102Flowers/jpg/image_06561.jpg,image_06561.jpg,22.89875030517578
6561,/nas-ctm01/datasets/public/Oxford102Flowers/jpg/image_06562.jpg,image_06562.jpg,22.933448791503906
6562,/nas-ctm01/datasets/public/Oxford102Flowers/jpg/image_06563.jpg,image_06563.jpg,22.315942764282227
6563,/nas-ctm01/datasets/public/Oxford102Flowers/jpg/image_06564.jpg,image_06564.jpg,23.217561721801758
6564,/nas-ctm01/datasets/public/Oxford102Flowers/jpg/image_06565.jpg,image_06565.jpg,22.306337356567383
6565,/nas-ctm01/datasets/public/Oxford102Flowers/jpg/image_06566.jpg,image_06566.jpg,23.477458953857422
6566,/nas-ctm01/datasets/public/Oxford102Flowers/jpg/image_06567.jpg,image_06567.jpg,22.80232810974121
6567,/nas-ctm01/datasets/public/Oxford102Flowers/jpg/image_06568.jpg,image_06568.jpg,21.546428680419922
6568,/nas-ctm01/datasets/public/Oxford102Flowers/jpg/image_06569.jpg,image_06569.jpg,21.9285945892334
6569,/nas-ctm01/datasets/public/Oxford102Flowers/jpg/image_06570.jpg,image_06570.jpg,21.906585693359375
6570,/nas-ctm01/datasets/public/Oxford102Flowers/jpg/image_06571.jpg,image_06571.jpg,22.932348251342773
6571,/nas-ctm01/datasets/public/Oxford102Flowers/jpg/image_06572.jpg,image_06572.jpg,22.757232666015625
6572,/nas-ctm01/datasets/public/Oxford102Flowers/jpg/image_06573.jpg,image_06573.jpg,21.07806396484375
6573,/nas-ctm01/datasets/public/Oxford102Flowers/jpg/image_06574.jpg,image_06574.jpg,22.212890625
6574,/nas-ctm01/datasets/public/Oxford102Flowers/jpg/image_06575.jpg,image_06575.jpg,22.074260711669922
6575,/nas-ctm01/datasets/public/Oxford102Flowers/jpg/image_06576.jpg,image_06576.jpg,22.792207717895508
6576,/nas-ctm01/datasets/public/Oxford102Flowers/jpg/image_06577.jpg,image_06577.jpg,22.00400733947754
6577,/nas-ctm01/datasets/public/Oxford102Flowers/jpg/image_06578.jpg,image_06578.jpg,23.427404403686523
6578,/nas-ctm01/datasets/public/Oxford102Flowers/jpg/image_06579.jpg,image_06579.jpg,22.874874114990234
6579,/nas-ctm01/datasets/public/Oxford102Flowers/jpg/image_06580.jpg,image_06580.jpg,22.414127349853516
6580,/nas-ctm01/datasets/public/Oxford102Flowers/jpg/image_06581.jpg,image_06581.jpg,22.05784034729004
6581,/nas-ctm01/datasets/public/Oxford102Flowers/jpg/image_06582.jpg,image_06582.jpg,19.923913955688477
6582,/nas-ctm01/datasets/public/Oxford102Flowers/jpg/image_06583.jpg,image_06583.jpg,21.536420822143555
6583,/nas-ctm01/datasets/public/Oxford102Flowers/jpg/image_06584.jpg,image_06584.jpg,23.130050659179688
6584,/nas-ctm01/datasets/public/Oxford102Flowers/jpg/image_06585.jpg,image_06585.jpg,23.007286071777344
6585,/nas-ctm01/datasets/public/Oxford102Flowers/jpg/image_06586.jpg,image_06586.jpg,21.27008819580078
6586,/nas-ctm01/datasets/public/Oxford102Flowers/jpg/image_06587.jpg,image_06587.jpg,21.972881317138672
6587,/nas-ctm01/datasets/public/Oxford102Flowers/jpg/image_06588.jpg,image_06588.jpg,22.354616165161133
6588,/nas-ctm01/datasets/public/Oxford102Flowers/jpg/image_06589.jpg,image_06589.jpg,22.35123062133789
6589,/nas-ctm01/datasets/public/Oxford102Flowers/jpg/image_06590.jpg,image_06590.jpg,21.12541961669922
6590,/nas-ctm01/datasets/public/Oxford102Flowers/jpg/image_06591.jpg,image_06591.jpg,21.97157096862793
6591,/nas-ctm01/datasets/public/Oxford102Flowers/jpg/image_06592.jpg,image_06592.jpg,20.9161319732666
6592,/nas-ctm01/datasets/public/Oxford102Flowers/jpg/image_06593.jpg,image_06593.jpg,22.687515258789062
6593,/nas-ctm01/datasets/public/Oxford102Flowers/jpg/image_06594.jpg,image_06594.jpg,22.77935791015625
6594,/nas-ctm01/datasets/public/Oxford102Flowers/jpg/image_06595.jpg,image_06595.jpg,22.511085510253906
6595,/nas-ctm01/datasets/public/Oxford102Flowers/jpg/image_06596.jpg,image_06596.jpg,21.51380157470703
6596,/nas-ctm01/datasets/public/Oxford102Flowers/jpg/image_06597.jpg,image_06597.jpg,21.827802658081055
6597,/nas-ctm01/datasets/public/Oxford102Flowers/jpg/image_06598.jpg,image_06598.jpg,21.86478042602539
6598,/nas-ctm01/datasets/public/Oxford102Flowers/jpg/image_06599.jpg,image_06599.jpg,22.283109664916992
6599,/nas-ctm01/datasets/public/Oxford102Flowers/jpg/image_06600.jpg,image_06600.jpg,21.95395851135254
6600,/nas-ctm01/datasets/public/Oxford102Flowers/jpg/image_06601.jpg,image_06601.jpg,22.203332901000977
6601,/nas-ctm01/datasets/public/Oxford102Flowers/jpg/image_06602.jpg,image_06602.jpg,23.395771026611328
6602,/nas-ctm01/datasets/public/Oxford102Flowers/jpg/image_06603.jpg,image_06603.jpg,23.124401092529297
6603,/nas-ctm01/datasets/public/Oxford102Flowers/jpg/image_06604.jpg,image_06604.jpg,22.110918045043945
6604,/nas-ctm01/datasets/public/Oxford102Flowers/jpg/image_06605.jpg,image_06605.jpg,22.066574096679688
6605,/nas-ctm01/datasets/public/Oxford102Flowers/jpg/image_06606.jpg,image_06606.jpg,21.427976608276367
6606,/nas-ctm01/datasets/public/Oxford102Flowers/jpg/image_06607.jpg,image_06607.jpg,21.744369506835938
6607,/nas-ctm01/datasets/public/Oxford102Flowers/jpg/image_06608.jpg,image_06608.jpg,22.51390266418457
6608,/nas-ctm01/datasets/public/Oxford102Flowers/jpg/image_06609.jpg,image_06609.jpg,22.649555206298828
6609,/nas-ctm01/datasets/public/Oxford102Flowers/jpg/image_06610.jpg,image_06610.jpg,22.435810089111328
6610,/nas-ctm01/datasets/public/Oxford102Flowers/jpg/image_06611.jpg,image_06611.jpg,23.440513610839844
6611,/nas-ctm01/datasets/public/Oxford102Flowers/jpg/image_06612.jpg,image_06612.jpg,21.253660202026367
6612,/nas-ctm01/datasets/public/Oxford102Flowers/jpg/image_06613.jpg,image_06613.jpg,21.706350326538086
6613,/nas-ctm01/datasets/public/Oxford102Flowers/jpg/image_06614.jpg,image_06614.jpg,21.2611141204834
6614,/nas-ctm01/datasets/public/Oxford102Flowers/jpg/image_06615.jpg,image_06615.jpg,21.153982162475586
6615,/nas-ctm01/datasets/public/Oxford102Flowers/jpg/image_06616.jpg,image_06616.jpg,21.170513153076172
6616,/nas-ctm01/datasets/public/Oxford102Flowers/jpg/image_06617.jpg,image_06617.jpg,20.83588409423828
6617,/nas-ctm01/datasets/public/Oxford102Flowers/jpg/image_06618.jpg,image_06618.jpg,20.968311309814453
6618,/nas-ctm01/datasets/public/Oxford102Flowers/jpg/image_06619.jpg,image_06619.jpg,22.2979736328125
6619,/nas-ctm01/datasets/public/Oxford102Flowers/jpg/image_06620.jpg,image_06620.jpg,20.372581481933594
6620,/nas-ctm01/datasets/public/Oxford102Flowers/jpg/image_06621.jpg,image_06621.jpg,20.62149429321289
6621,/nas-ctm01/datasets/public/Oxford102Flowers/jpg/image_06622.jpg,image_06622.jpg,21.406415939331055
6622,/nas-ctm01/datasets/public/Oxford102Flowers/jpg/image_06623.jpg,image_06623.jpg,20.352581024169922
6623,/nas-ctm01/datasets/public/Oxford102Flowers/jpg/image_06624.jpg,image_06624.jpg,20.72970962524414
6624,/nas-ctm01/datasets/public/Oxford102Flowers/jpg/image_06625.jpg,image_06625.jpg,21.989526748657227
6625,/nas-ctm01/datasets/public/Oxford102Flowers/jpg/image_06626.jpg,image_06626.jpg,21.019474029541016
6626,/nas-ctm01/datasets/public/Oxford102Flowers/jpg/image_06627.jpg,image_06627.jpg,20.502023696899414
6627,/nas-ctm01/datasets/public/Oxford102Flowers/jpg/image_06628.jpg,image_06628.jpg,20.724666595458984
6628,/nas-ctm01/datasets/public/Oxford102Flowers/jpg/image_06629.jpg,image_06629.jpg,21.420166015625
6629,/nas-ctm01/datasets/public/Oxford102Flowers/jpg/image_06630.jpg,image_06630.jpg,21.46862030029297
6630,/nas-ctm01/datasets/public/Oxford102Flowers/jpg/image_06631.jpg,image_06631.jpg,21.653644561767578
6631,/nas-ctm01/datasets/public/Oxford102Flowers/jpg/image_06632.jpg,image_06632.jpg,20.334728240966797
6632,/nas-ctm01/datasets/public/Oxford102Flowers/jpg/image_06633.jpg,image_06633.jpg,21.65888786315918
6633,/nas-ctm01/datasets/public/Oxford102Flowers/jpg/image_06634.jpg,image_06634.jpg,21.722700119018555
6634,/nas-ctm01/datasets/public/Oxford102Flowers/jpg/image_06635.jpg,image_06635.jpg,21.24409294128418
6635,/nas-ctm01/datasets/public/Oxford102Flowers/jpg/image_06636.jpg,image_06636.jpg,20.793907165527344
6636,/nas-ctm01/datasets/public/Oxford102Flowers/jpg/image_06637.jpg,image_06637.jpg,22.01398277282715
6637,/nas-ctm01/datasets/public/Oxford102Flowers/jpg/image_06638.jpg,image_06638.jpg,21.926908493041992
6638,/nas-ctm01/datasets/public/Oxford102Flowers/jpg/image_06639.jpg,image_06639.jpg,21.598512649536133
6639,/nas-ctm01/datasets/public/Oxford102Flowers/jpg/image_06640.jpg,image_06640.jpg,21.66960906982422
6640,/nas-ctm01/datasets/public/Oxford102Flowers/jpg/image_06641.jpg,image_06641.jpg,21.430566787719727
6641,/nas-ctm01/datasets/public/Oxford102Flowers/jpg/image_06642.jpg,image_06642.jpg,21.11827278137207
6642,/nas-ctm01/datasets/public/Oxford102Flowers/jpg/image_06643.jpg,image_06643.jpg,20.943946838378906
6643,/nas-ctm01/datasets/public/Oxford102Flowers/jpg/image_06644.jpg,image_06644.jpg,20.905309677124023
6644,/nas-ctm01/datasets/public/Oxford102Flowers/jpg/image_06645.jpg,image_06645.jpg,21.159791946411133
6645,/nas-ctm01/datasets/public/Oxford102Flowers/jpg/image_06646.jpg,image_06646.jpg,21.462158203125
6646,/nas-ctm01/datasets/public/Oxford102Flowers/jpg/image_06647.jpg,image_06647.jpg,21.98063850402832
6647,/nas-ctm01/datasets/public/Oxford102Flowers/jpg/image_06648.jpg,image_06648.jpg,21.523433685302734
6648,/nas-ctm01/datasets/public/Oxford102Flowers/jpg/image_06649.jpg,image_06649.jpg,21.373926162719727
6649,/nas-ctm01/datasets/public/Oxford102Flowers/jpg/image_06650.jpg,image_06650.jpg,20.808692932128906
6650,/nas-ctm01/datasets/public/Oxford102Flowers/jpg/image_06651.jpg,image_06651.jpg,20.83656883239746
6651,/nas-ctm01/datasets/public/Oxford102Flowers/jpg/image_06652.jpg,image_06652.jpg,20.504365921020508
6652,/nas-ctm01/datasets/public/Oxford102Flowers/jpg/image_06653.jpg,image_06653.jpg,21.4431095123291
6653,/nas-ctm01/datasets/public/Oxford102Flowers/jpg/image_06654.jpg,image_06654.jpg,21.354515075683594
6654,/nas-ctm01/datasets/public/Oxford102Flowers/jpg/image_06655.jpg,image_06655.jpg,20.50878143310547
6655,/nas-ctm01/datasets/public/Oxford102Flowers/jpg/image_06656.jpg,image_06656.jpg,21.177684783935547
6656,/nas-ctm01/datasets/public/Oxford102Flowers/jpg/image_06657.jpg,image_06657.jpg,21.349105834960938
6657,/nas-ctm01/datasets/public/Oxford102Flowers/jpg/image_06658.jpg,image_06658.jpg,20.773813247680664
6658,/nas-ctm01/datasets/public/Oxford102Flowers/jpg/image_06659.jpg,image_06659.jpg,20.31456756591797
6659,/nas-ctm01/datasets/public/Oxford102Flowers/jpg/image_06660.jpg,image_06660.jpg,21.62997055053711
6660,/nas-ctm01/datasets/public/Oxford102Flowers/jpg/image_06661.jpg,image_06661.jpg,20.804378509521484
6661,/nas-ctm01/datasets/public/Oxford102Flowers/jpg/image_06662.jpg,image_06662.jpg,21.144420623779297
6662,/nas-ctm01/datasets/public/Oxford102Flowers/jpg/image_06663.jpg,image_06663.jpg,20.93806266784668
6663,/nas-ctm01/datasets/public/Oxford102Flowers/jpg/image_06664.jpg,image_06664.jpg,20.92564582824707
6664,/nas-ctm01/datasets/public/Oxford102Flowers/jpg/image_06665.jpg,image_06665.jpg,21.09147071838379
6665,/nas-ctm01/datasets/public/Oxford102Flowers/jpg/image_06666.jpg,image_06666.jpg,21.216411590576172
6666,/nas-ctm01/datasets/public/Oxford102Flowers/jpg/image_06667.jpg,image_06667.jpg,20.769306182861328
6667,/nas-ctm01/datasets/public/Oxford102Flowers/jpg/image_06668.jpg,image_06668.jpg,21.361825942993164
6668,/nas-ctm01/datasets/public/Oxford102Flowers/jpg/image_06669.jpg,image_06669.jpg,21.03166961669922
6669,/nas-ctm01/datasets/public/Oxford102Flowers/jpg/image_06670.jpg,image_06670.jpg,20.811561584472656
6670,/nas-ctm01/datasets/public/Oxford102Flowers/jpg/image_06671.jpg,image_06671.jpg,21.142667770385742
6671,/nas-ctm01/datasets/public/Oxford102Flowers/jpg/image_06672.jpg,image_06672.jpg,20.39891242980957
6672,/nas-ctm01/datasets/public/Oxford102Flowers/jpg/image_06673.jpg,image_06673.jpg,20.88594627380371
6673,/nas-ctm01/datasets/public/Oxford102Flowers/jpg/image_06674.jpg,image_06674.jpg,20.99868392944336
6674,/nas-ctm01/datasets/public/Oxford102Flowers/jpg/image_06675.jpg,image_06675.jpg,20.388254165649414
6675,/nas-ctm01/datasets/public/Oxford102Flowers/jpg/image_06676.jpg,image_06676.jpg,20.813899993896484
6676,/nas-ctm01/datasets/public/Oxford102Flowers/jpg/image_06677.jpg,image_06677.jpg,21.252702713012695
6677,/nas-ctm01/datasets/public/Oxford102Flowers/jpg/image_06678.jpg,image_06678.jpg,20.827919006347656
6678,/nas-ctm01/datasets/public/Oxford102Flowers/jpg/image_06679.jpg,image_06679.jpg,20.468589782714844
6679,/nas-ctm01/datasets/public/Oxford102Flowers/jpg/image_06680.jpg,image_06680.jpg,20.459274291992188
6680,/nas-ctm01/datasets/public/Oxford102Flowers/jpg/image_06681.jpg,image_06681.jpg,21.40064811706543
6681,/nas-ctm01/datasets/public/Oxford102Flowers/jpg/image_06682.jpg,image_06682.jpg,21.170957565307617
6682,/nas-ctm01/datasets/public/Oxford102Flowers/jpg/image_06683.jpg,image_06683.jpg,21.295326232910156
6683,/nas-ctm01/datasets/public/Oxford102Flowers/jpg/image_06684.jpg,image_06684.jpg,21.00883674621582
6684,/nas-ctm01/datasets/public/Oxford102Flowers/jpg/image_06685.jpg,image_06685.jpg,21.14443588256836
6685,/nas-ctm01/datasets/public/Oxford102Flowers/jpg/image_06686.jpg,image_06686.jpg,21.83686637878418
6686,/nas-ctm01/datasets/public/Oxford102Flowers/jpg/image_06687.jpg,image_06687.jpg,21.009828567504883
6687,/nas-ctm01/datasets/public/Oxford102Flowers/jpg/image_06688.jpg,image_06688.jpg,21.675518035888672
6688,/nas-ctm01/datasets/public/Oxford102Flowers/jpg/image_06689.jpg,image_06689.jpg,20.604736328125
6689,/nas-ctm01/datasets/public/Oxford102Flowers/jpg/image_06690.jpg,image_06690.jpg,21.598814010620117
6690,/nas-ctm01/datasets/public/Oxford102Flowers/jpg/image_06691.jpg,image_06691.jpg,20.769508361816406
6691,/nas-ctm01/datasets/public/Oxford102Flowers/jpg/image_06692.jpg,image_06692.jpg,20.879104614257812
6692,/nas-ctm01/datasets/public/Oxford102Flowers/jpg/image_06693.jpg,image_06693.jpg,20.793352127075195
6693,/nas-ctm01/datasets/public/Oxford102Flowers/jpg/image_06694.jpg,image_06694.jpg,21.151914596557617
6694,/nas-ctm01/datasets/public/Oxford102Flowers/jpg/image_06695.jpg,image_06695.jpg,20.81109046936035
6695,/nas-ctm01/datasets/public/Oxford102Flowers/jpg/image_06696.jpg,image_06696.jpg,20.751432418823242
6696,/nas-ctm01/datasets/public/Oxford102Flowers/jpg/image_06697.jpg,image_06697.jpg,20.79534912109375
6697,/nas-ctm01/datasets/public/Oxford102Flowers/jpg/image_06698.jpg,image_06698.jpg,21.288604736328125
6698,/nas-ctm01/datasets/public/Oxford102Flowers/jpg/image_06699.jpg,image_06699.jpg,20.76140785217285
6699,/nas-ctm01/datasets/public/Oxford102Flowers/jpg/image_06700.jpg,image_06700.jpg,21.007266998291016
6700,/nas-ctm01/datasets/public/Oxford102Flowers/jpg/image_06701.jpg,image_06701.jpg,20.62462043762207
6701,/nas-ctm01/datasets/public/Oxford102Flowers/jpg/image_06702.jpg,image_06702.jpg,21.207456588745117
6702,/nas-ctm01/datasets/public/Oxford102Flowers/jpg/image_06703.jpg,image_06703.jpg,20.5145320892334
6703,/nas-ctm01/datasets/public/Oxford102Flowers/jpg/image_06704.jpg,image_06704.jpg,20.5777645111084
6704,/nas-ctm01/datasets/public/Oxford102Flowers/jpg/image_06705.jpg,image_06705.jpg,20.81903076171875
6705,/nas-ctm01/datasets/public/Oxford102Flowers/jpg/image_06706.jpg,image_06706.jpg,21.179672241210938
6706,/nas-ctm01/datasets/public/Oxford102Flowers/jpg/image_06707.jpg,image_06707.jpg,20.98318862915039
6707,/nas-ctm01/datasets/public/Oxford102Flowers/jpg/image_06708.jpg,image_06708.jpg,21.05785369873047
6708,/nas-ctm01/datasets/public/Oxford102Flowers/jpg/image_06709.jpg,image_06709.jpg,21.188220977783203
6709,/nas-ctm01/datasets/public/Oxford102Flowers/jpg/image_06710.jpg,image_06710.jpg,20.619569778442383
6710,/nas-ctm01/datasets/public/Oxford102Flowers/jpg/image_06711.jpg,image_06711.jpg,20.817665100097656
6711,/nas-ctm01/datasets/public/Oxford102Flowers/jpg/image_06712.jpg,image_06712.jpg,21.018796920776367
6712,/nas-ctm01/datasets/public/Oxford102Flowers/jpg/image_06713.jpg,image_06713.jpg,20.71006965637207
6713,/nas-ctm01/datasets/public/Oxford102Flowers/jpg/image_06714.jpg,image_06714.jpg,21.237781524658203
6714,/nas-ctm01/datasets/public/Oxford102Flowers/jpg/image_06715.jpg,image_06715.jpg,20.97226333618164
6715,/nas-ctm01/datasets/public/Oxford102Flowers/jpg/image_06716.jpg,image_06716.jpg,20.52935218811035
6716,/nas-ctm01/datasets/public/Oxford102Flowers/jpg/image_06717.jpg,image_06717.jpg,21.213891983032227
6717,/nas-ctm01/datasets/public/Oxford102Flowers/jpg/image_06718.jpg,image_06718.jpg,20.701515197753906
6718,/nas-ctm01/datasets/public/Oxford102Flowers/jpg/image_06719.jpg,image_06719.jpg,21.448291778564453
6719,/nas-ctm01/datasets/public/Oxford102Flowers/jpg/image_06720.jpg,image_06720.jpg,20.623661041259766
6720,/nas-ctm01/datasets/public/Oxford102Flowers/jpg/image_06721.jpg,image_06721.jpg,20.710416793823242
6721,/nas-ctm01/datasets/public/Oxford102Flowers/jpg/image_06722.jpg,image_06722.jpg,20.526058197021484
6722,/nas-ctm01/datasets/public/Oxford102Flowers/jpg/image_06723.jpg,image_06723.jpg,21.128700256347656
6723,/nas-ctm01/datasets/public/Oxford102Flowers/jpg/image_06724.jpg,image_06724.jpg,21.896265029907227
6724,/nas-ctm01/datasets/public/Oxford102Flowers/jpg/image_06725.jpg,image_06725.jpg,20.92394256591797
6725,/nas-ctm01/datasets/public/Oxford102Flowers/jpg/image_06726.jpg,image_06726.jpg,20.58008575439453
6726,/nas-ctm01/datasets/public/Oxford102Flowers/jpg/image_06727.jpg,image_06727.jpg,20.78929328918457
6727,/nas-ctm01/datasets/public/Oxford102Flowers/jpg/image_06728.jpg,image_06728.jpg,21.20130157470703
6728,/nas-ctm01/datasets/public/Oxford102Flowers/jpg/image_06729.jpg,image_06729.jpg,20.822011947631836
6729,/nas-ctm01/datasets/public/Oxford102Flowers/jpg/image_06730.jpg,image_06730.jpg,20.950668334960938
6730,/nas-ctm01/datasets/public/Oxford102Flowers/jpg/image_06731.jpg,image_06731.jpg,20.877517700195312
6731,/nas-ctm01/datasets/public/Oxford102Flowers/jpg/image_06732.jpg,image_06732.jpg,20.82378578186035
6732,/nas-ctm01/datasets/public/Oxford102Flowers/jpg/image_06733.jpg,image_06733.jpg,20.723724365234375
6733,/nas-ctm01/datasets/public/Oxford102Flowers/jpg/image_06734.jpg,image_06734.jpg,20.845245361328125
6734,/nas-ctm01/datasets/public/Oxford102Flowers/jpg/image_06735.jpg,image_06735.jpg,21.134654998779297
6735,/nas-ctm01/datasets/public/Oxford102Flowers/jpg/image_06736.jpg,image_06736.jpg,21.14164161682129
6736,/nas-ctm01/datasets/public/Oxford102Flowers/jpg/image_06737.jpg,image_06737.jpg,21.379457473754883
6737,/nas-ctm01/datasets/public/Oxford102Flowers/jpg/image_06738.jpg,image_06738.jpg,21.555822372436523
6738,/nas-ctm01/datasets/public/Oxford102Flowers/jpg/image_06739.jpg,image_06739.jpg,21.287485122680664
6739,/nas-ctm01/datasets/public/Oxford102Flowers/jpg/image_06740.jpg,image_06740.jpg,20.88421630859375
6740,/nas-ctm01/datasets/public/Oxford102Flowers/jpg/image_06741.jpg,image_06741.jpg,21.23236083984375
6741,/nas-ctm01/datasets/public/Oxford102Flowers/jpg/image_06742.jpg,image_06742.jpg,21.009689331054688
6742,/nas-ctm01/datasets/public/Oxford102Flowers/jpg/image_06743.jpg,image_06743.jpg,20.883939743041992
6743,/nas-ctm01/datasets/public/Oxford102Flowers/jpg/image_06744.jpg,image_06744.jpg,20.78291893005371
6744,/nas-ctm01/datasets/public/Oxford102Flowers/jpg/image_06745.jpg,image_06745.jpg,20.848770141601562
6745,/nas-ctm01/datasets/public/Oxford102Flowers/jpg/image_06746.jpg,image_06746.jpg,21.49066925048828
6746,/nas-ctm01/datasets/public/Oxford102Flowers/jpg/image_06747.jpg,image_06747.jpg,20.40727424621582
6747,/nas-ctm01/datasets/public/Oxford102Flowers/jpg/image_06748.jpg,image_06748.jpg,21.136096954345703
6748,/nas-ctm01/datasets/public/Oxford102Flowers/jpg/image_06749.jpg,image_06749.jpg,21.273073196411133
6749,/nas-ctm01/datasets/public/Oxford102Flowers/jpg/image_06750.jpg,image_06750.jpg,20.885826110839844
6750,/nas-ctm01/datasets/public/Oxford102Flowers/jpg/image_06751.jpg,image_06751.jpg,20.947771072387695
6751,/nas-ctm01/datasets/public/Oxford102Flowers/jpg/image_06752.jpg,image_06752.jpg,21.766132354736328
6752,/nas-ctm01/datasets/public/Oxford102Flowers/jpg/image_06753.jpg,image_06753.jpg,21.22471046447754
6753,/nas-ctm01/datasets/public/Oxford102Flowers/jpg/image_06754.jpg,image_06754.jpg,20.2700138092041
6754,/nas-ctm01/datasets/public/Oxford102Flowers/jpg/image_06755.jpg,image_06755.jpg,19.84658432006836
6755,/nas-ctm01/datasets/public/Oxford102Flowers/jpg/image_06756.jpg,image_06756.jpg,20.885393142700195
6756,/nas-ctm01/datasets/public/Oxford102Flowers/jpg/image_06757.jpg,image_06757.jpg,21.153587341308594
6757,/nas-ctm01/datasets/public/Oxford102Flowers/jpg/image_06758.jpg,image_06758.jpg,20.66594123840332
6758,/nas-ctm01/datasets/public/Oxford102Flowers/jpg/image_06759.jpg,image_06759.jpg,20.480255126953125
6759,/nas-ctm01/datasets/public/Oxford102Flowers/jpg/image_06760.jpg,image_06760.jpg,20.780954360961914
6760,/nas-ctm01/datasets/public/Oxford102Flowers/jpg/image_06761.jpg,image_06761.jpg,21.19870948791504
6761,/nas-ctm01/datasets/public/Oxford102Flowers/jpg/image_06762.jpg,image_06762.jpg,21.339269638061523
6762,/nas-ctm01/datasets/public/Oxford102Flowers/jpg/image_06763.jpg,image_06763.jpg,21.293487548828125
6763,/nas-ctm01/datasets/public/Oxford102Flowers/jpg/image_06764.jpg,image_06764.jpg,20.436731338500977
6764,/nas-ctm01/datasets/public/Oxford102Flowers/jpg/image_06765.jpg,image_06765.jpg,21.102739334106445
6765,/nas-ctm01/datasets/public/Oxford102Flowers/jpg/image_06766.jpg,image_06766.jpg,20.580514907836914
6766,/nas-ctm01/datasets/public/Oxford102Flowers/jpg/image_06767.jpg,image_06767.jpg,19.807518005371094
6767,/nas-ctm01/datasets/public/Oxford102Flowers/jpg/image_06768.jpg,image_06768.jpg,20.254209518432617
6768,/nas-ctm01/datasets/public/Oxford102Flowers/jpg/image_06769.jpg,image_06769.jpg,20.57330322265625
6769,/nas-ctm01/datasets/public/Oxford102Flowers/jpg/image_06770.jpg,image_06770.jpg,20.611656188964844
6770,/nas-ctm01/datasets/public/Oxford102Flowers/jpg/image_06771.jpg,image_06771.jpg,21.77021598815918
6771,/nas-ctm01/datasets/public/Oxford102Flowers/jpg/image_06772.jpg,image_06772.jpg,20.103626251220703
6772,/nas-ctm01/datasets/public/Oxford102Flowers/jpg/image_06773.jpg,image_06773.jpg,19.983642578125
6773,/nas-ctm01/datasets/public/Oxford102Flowers/jpg/image_06774.jpg,image_06774.jpg,20.80958366394043
6774,/nas-ctm01/datasets/public/Oxford102Flowers/jpg/image_06775.jpg,image_06775.jpg,22.156169891357422
6775,/nas-ctm01/datasets/public/Oxford102Flowers/jpg/image_06776.jpg,image_06776.jpg,21.363941192626953
6776,/nas-ctm01/datasets/public/Oxford102Flowers/jpg/image_06777.jpg,image_06777.jpg,20.801240921020508
6777,/nas-ctm01/datasets/public/Oxford102Flowers/jpg/image_06778.jpg,image_06778.jpg,20.835786819458008
6778,/nas-ctm01/datasets/public/Oxford102Flowers/jpg/image_06779.jpg,image_06779.jpg,19.420665740966797
6779,/nas-ctm01/datasets/public/Oxford102Flowers/jpg/image_06780.jpg,image_06780.jpg,20.88209342956543
6780,/nas-ctm01/datasets/public/Oxford102Flowers/jpg/image_06781.jpg,image_06781.jpg,20.51131248474121
6781,/nas-ctm01/datasets/public/Oxford102Flowers/jpg/image_06782.jpg,image_06782.jpg,20.337202072143555
6782,/nas-ctm01/datasets/public/Oxford102Flowers/jpg/image_06783.jpg,image_06783.jpg,20.717662811279297
6783,/nas-ctm01/datasets/public/Oxford102Flowers/jpg/image_06784.jpg,image_06784.jpg,21.25189781188965
6784,/nas-ctm01/datasets/public/Oxford102Flowers/jpg/image_06785.jpg,image_06785.jpg,19.776355743408203
6785,/nas-ctm01/datasets/public/Oxford102Flowers/jpg/image_06786.jpg,image_06786.jpg,20.952800750732422
6786,/nas-ctm01/datasets/public/Oxford102Flowers/jpg/image_06787.jpg,image_06787.jpg,22.170957565307617
6787,/nas-ctm01/datasets/public/Oxford102Flowers/jpg/image_06788.jpg,image_06788.jpg,20.920204162597656
6788,/nas-ctm01/datasets/public/Oxford102Flowers/jpg/image_06789.jpg,image_06789.jpg,20.762535095214844
6789,/nas-ctm01/datasets/public/Oxford102Flowers/jpg/image_06790.jpg,image_06790.jpg,20.712495803833008
6790,/nas-ctm01/datasets/public/Oxford102Flowers/jpg/image_06791.jpg,image_06791.jpg,21.08977699279785
6791,/nas-ctm01/datasets/public/Oxford102Flowers/jpg/image_06792.jpg,image_06792.jpg,21.007070541381836
6792,/nas-ctm01/datasets/public/Oxford102Flowers/jpg/image_06793.jpg,image_06793.jpg,20.380979537963867
6793,/nas-ctm01/datasets/public/Oxford102Flowers/jpg/image_06794.jpg,image_06794.jpg,20.273889541625977
6794,/nas-ctm01/datasets/public/Oxford102Flowers/jpg/image_06795.jpg,image_06795.jpg,20.932720184326172
6795,/nas-ctm01/datasets/public/Oxford102Flowers/jpg/image_06796.jpg,image_06796.jpg,20.68593406677246
6796,/nas-ctm01/datasets/public/Oxford102Flowers/jpg/image_06797.jpg,image_06797.jpg,21.658159255981445
6797,/nas-ctm01/datasets/public/Oxford102Flowers/jpg/image_06798.jpg,image_06798.jpg,21.7048282623291
6798,/nas-ctm01/datasets/public/Oxford102Flowers/jpg/image_06799.jpg,image_06799.jpg,20.945951461791992
6799,/nas-ctm01/datasets/public/Oxford102Flowers/jpg/image_06800.jpg,image_06800.jpg,20.233957290649414
6800,/nas-ctm01/datasets/public/Oxford102Flowers/jpg/image_06801.jpg,image_06801.jpg,20.959083557128906
6801,/nas-ctm01/datasets/public/Oxford102Flowers/jpg/image_06802.jpg,image_06802.jpg,21.075260162353516
6802,/nas-ctm01/datasets/public/Oxford102Flowers/jpg/image_06803.jpg,image_06803.jpg,20.07454490661621
6803,/nas-ctm01/datasets/public/Oxford102Flowers/jpg/image_06804.jpg,image_06804.jpg,20.323678970336914
6804,/nas-ctm01/datasets/public/Oxford102Flowers/jpg/image_06805.jpg,image_06805.jpg,20.561532974243164
6805,/nas-ctm01/datasets/public/Oxford102Flowers/jpg/image_06806.jpg,image_06806.jpg,20.309011459350586
6806,/nas-ctm01/datasets/public/Oxford102Flowers/jpg/image_06807.jpg,image_06807.jpg,20.38567352294922
6807,/nas-ctm01/datasets/public/Oxford102Flowers/jpg/image_06808.jpg,image_06808.jpg,21.23357582092285
6808,/nas-ctm01/datasets/public/Oxford102Flowers/jpg/image_06809.jpg,image_06809.jpg,20.636117935180664
6809,/nas-ctm01/datasets/public/Oxford102Flowers/jpg/image_06810.jpg,image_06810.jpg,21.20749282836914
6810,/nas-ctm01/datasets/public/Oxford102Flowers/jpg/image_06811.jpg,image_06811.jpg,22.08158302307129
6811,/nas-ctm01/datasets/public/Oxford102Flowers/jpg/image_06812.jpg,image_06812.jpg,20.3242244720459
6812,/nas-ctm01/datasets/public/Oxford102Flowers/jpg/image_06813.jpg,image_06813.jpg,21.616348266601562
6813,/nas-ctm01/datasets/public/Oxford102Flowers/jpg/image_06814.jpg,image_06814.jpg,22.350053787231445
6814,/nas-ctm01/datasets/public/Oxford102Flowers/jpg/image_06815.jpg,image_06815.jpg,21.905597686767578
6815,/nas-ctm01/datasets/public/Oxford102Flowers/jpg/image_06816.jpg,image_06816.jpg,22.497920989990234
6816,/nas-ctm01/datasets/public/Oxford102Flowers/jpg/image_06817.jpg,image_06817.jpg,22.610748291015625
6817,/nas-ctm01/datasets/public/Oxford102Flowers/jpg/image_06818.jpg,image_06818.jpg,22.36351203918457
6818,/nas-ctm01/datasets/public/Oxford102Flowers/jpg/image_06819.jpg,image_06819.jpg,22.483783721923828
6819,/nas-ctm01/datasets/public/Oxford102Flowers/jpg/image_06820.jpg,image_06820.jpg,22.477680206298828
6820,/nas-ctm01/datasets/public/Oxford102Flowers/jpg/image_06821.jpg,image_06821.jpg,20.75458335876465
6821,/nas-ctm01/datasets/public/Oxford102Flowers/jpg/image_06822.jpg,image_06822.jpg,22.21113395690918
6822,/nas-ctm01/datasets/public/Oxford102Flowers/jpg/image_06823.jpg,image_06823.jpg,22.833614349365234
6823,/nas-ctm01/datasets/public/Oxford102Flowers/jpg/image_06824.jpg,image_06824.jpg,22.752424240112305
6824,/nas-ctm01/datasets/public/Oxford102Flowers/jpg/image_06825.jpg,image_06825.jpg,21.57631492614746
6825,/nas-ctm01/datasets/public/Oxford102Flowers/jpg/image_06826.jpg,image_06826.jpg,22.48564338684082
6826,/nas-ctm01/datasets/public/Oxford102Flowers/jpg/image_06827.jpg,image_06827.jpg,23.082130432128906
6827,/nas-ctm01/datasets/public/Oxford102Flowers/jpg/image_06828.jpg,image_06828.jpg,21.548019409179688
6828,/nas-ctm01/datasets/public/Oxford102Flowers/jpg/image_06829.jpg,image_06829.jpg,22.952220916748047
6829,/nas-ctm01/datasets/public/Oxford102Flowers/jpg/image_06830.jpg,image_06830.jpg,23.106124877929688
6830,/nas-ctm01/datasets/public/Oxford102Flowers/jpg/image_06831.jpg,image_06831.jpg,21.79924774169922
6831,/nas-ctm01/datasets/public/Oxford102Flowers/jpg/image_06832.jpg,image_06832.jpg,22.4527645111084
6832,/nas-ctm01/datasets/public/Oxford102Flowers/jpg/image_06833.jpg,image_06833.jpg,22.109113693237305
6833,/nas-ctm01/datasets/public/Oxford102Flowers/jpg/image_06834.jpg,image_06834.jpg,23.39220428466797
6834,/nas-ctm01/datasets/public/Oxford102Flowers/jpg/image_06835.jpg,image_06835.jpg,21.32758140563965
6835,/nas-ctm01/datasets/public/Oxford102Flowers/jpg/image_06836.jpg,image_06836.jpg,22.36606216430664
6836,/nas-ctm01/datasets/public/Oxford102Flowers/jpg/image_06837.jpg,image_06837.jpg,22.47231674194336
6837,/nas-ctm01/datasets/public/Oxford102Flowers/jpg/image_06838.jpg,image_06838.jpg,22.16860580444336
6838,/nas-ctm01/datasets/public/Oxford102Flowers/jpg/image_06839.jpg,image_06839.jpg,20.675128936767578
6839,/nas-ctm01/datasets/public/Oxford102Flowers/jpg/image_06840.jpg,image_06840.jpg,20.602752685546875
6840,/nas-ctm01/datasets/public/Oxford102Flowers/jpg/image_06841.jpg,image_06841.jpg,21.860435485839844
6841,/nas-ctm01/datasets/public/Oxford102Flowers/jpg/image_06842.jpg,image_06842.jpg,22.33367919921875
6842,/nas-ctm01/datasets/public/Oxford102Flowers/jpg/image_06843.jpg,image_06843.jpg,21.69106101989746
6843,/nas-ctm01/datasets/public/Oxford102Flowers/jpg/image_06844.jpg,image_06844.jpg,23.4379940032959
6844,/nas-ctm01/datasets/public/Oxford102Flowers/jpg/image_06845.jpg,image_06845.jpg,22.76207733154297
6845,/nas-ctm01/datasets/public/Oxford102Flowers/jpg/image_06846.jpg,image_06846.jpg,19.996885299682617
6846,/nas-ctm01/datasets/public/Oxford102Flowers/jpg/image_06847.jpg,image_06847.jpg,22.627986907958984
6847,/nas-ctm01/datasets/public/Oxford102Flowers/jpg/image_06848.jpg,image_06848.jpg,21.942615509033203
6848,/nas-ctm01/datasets/public/Oxford102Flowers/jpg/image_06849.jpg,image_06849.jpg,22.633989334106445
6849,/nas-ctm01/datasets/public/Oxford102Flowers/jpg/image_06850.jpg,image_06850.jpg,21.228195190429688
6850,/nas-ctm01/datasets/public/Oxford102Flowers/jpg/image_06851.jpg,image_06851.jpg,22.61659049987793
6851,/nas-ctm01/datasets/public/Oxford102Flowers/jpg/image_06852.jpg,image_06852.jpg,21.628009796142578
6852,/nas-ctm01/datasets/public/Oxford102Flowers/jpg/image_06853.jpg,image_06853.jpg,22.479324340820312
6853,/nas-ctm01/datasets/public/Oxford102Flowers/jpg/image_06854.jpg,image_06854.jpg,22.15427017211914
6854,/nas-ctm01/datasets/public/Oxford102Flowers/jpg/image_06855.jpg,image_06855.jpg,21.647823333740234
6855,/nas-ctm01/datasets/public/Oxford102Flowers/jpg/image_06856.jpg,image_06856.jpg,21.522140502929688
6856,/nas-ctm01/datasets/public/Oxford102Flowers/jpg/image_06857.jpg,image_06857.jpg,22.166494369506836
6857,/nas-ctm01/datasets/public/Oxford102Flowers/jpg/image_06858.jpg,image_06858.jpg,22.451108932495117
6858,/nas-ctm01/datasets/public/Oxford102Flowers/jpg/image_06859.jpg,image_06859.jpg,22.35257339477539
6859,/nas-ctm01/datasets/public/Oxford102Flowers/jpg/image_06860.jpg,image_06860.jpg,22.07233238220215
6860,/nas-ctm01/datasets/public/Oxford102Flowers/jpg/image_06861.jpg,image_06861.jpg,22.372207641601562
6861,/nas-ctm01/datasets/public/Oxford102Flowers/jpg/image_06862.jpg,image_06862.jpg,22.483322143554688
6862,/nas-ctm01/datasets/public/Oxford102Flowers/jpg/image_06863.jpg,image_06863.jpg,22.740201950073242
6863,/nas-ctm01/datasets/public/Oxford102Flowers/jpg/image_06864.jpg,image_06864.jpg,21.015140533447266
6864,/nas-ctm01/datasets/public/Oxford102Flowers/jpg/image_06865.jpg,image_06865.jpg,23.006696701049805
6865,/nas-ctm01/datasets/public/Oxford102Flowers/jpg/image_06866.jpg,image_06866.jpg,22.927654266357422
6866,/nas-ctm01/datasets/public/Oxford102Flowers/jpg/image_06867.jpg,image_06867.jpg,21.99583625793457
6867,/nas-ctm01/datasets/public/Oxford102Flowers/jpg/image_06868.jpg,image_06868.jpg,21.168235778808594
6868,/nas-ctm01/datasets/public/Oxford102Flowers/jpg/image_06869.jpg,image_06869.jpg,21.326086044311523
6869,/nas-ctm01/datasets/public/Oxford102Flowers/jpg/image_06870.jpg,image_06870.jpg,22.632919311523438
6870,/nas-ctm01/datasets/public/Oxford102Flowers/jpg/image_06871.jpg,image_06871.jpg,22.021564483642578
6871,/nas-ctm01/datasets/public/Oxford102Flowers/jpg/image_06872.jpg,image_06872.jpg,22.71463394165039
6872,/nas-ctm01/datasets/public/Oxford102Flowers/jpg/image_06873.jpg,image_06873.jpg,21.271987915039062
6873,/nas-ctm01/datasets/public/Oxford102Flowers/jpg/image_06874.jpg,image_06874.jpg,22.196414947509766
6874,/nas-ctm01/datasets/public/Oxford102Flowers/jpg/image_06875.jpg,image_06875.jpg,21.48243522644043
6875,/nas-ctm01/datasets/public/Oxford102Flowers/jpg/image_06876.jpg,image_06876.jpg,21.98990249633789
6876,/nas-ctm01/datasets/public/Oxford102Flowers/jpg/image_06877.jpg,image_06877.jpg,22.355701446533203
6877,/nas-ctm01/datasets/public/Oxford102Flowers/jpg/image_06878.jpg,image_06878.jpg,22.395648956298828
6878,/nas-ctm01/datasets/public/Oxford102Flowers/jpg/image_06879.jpg,image_06879.jpg,22.233848571777344
6879,/nas-ctm01/datasets/public/Oxford102Flowers/jpg/image_06880.jpg,image_06880.jpg,22.020538330078125
6880,/nas-ctm01/datasets/public/Oxford102Flowers/jpg/image_06881.jpg,image_06881.jpg,22.2836971282959
6881,/nas-ctm01/datasets/public/Oxford102Flowers/jpg/image_06882.jpg,image_06882.jpg,22.452016830444336
6882,/nas-ctm01/datasets/public/Oxford102Flowers/jpg/image_06883.jpg,image_06883.jpg,21.819732666015625
6883,/nas-ctm01/datasets/public/Oxford102Flowers/jpg/image_06884.jpg,image_06884.jpg,21.11801528930664
6884,/nas-ctm01/datasets/public/Oxford102Flowers/jpg/image_06885.jpg,image_06885.jpg,22.558034896850586
6885,/nas-ctm01/datasets/public/Oxford102Flowers/jpg/image_06886.jpg,image_06886.jpg,22.704307556152344
6886,/nas-ctm01/datasets/public/Oxford102Flowers/jpg/image_06887.jpg,image_06887.jpg,21.356719970703125
6887,/nas-ctm01/datasets/public/Oxford102Flowers/jpg/image_06888.jpg,image_06888.jpg,21.55685806274414
6888,/nas-ctm01/datasets/public/Oxford102Flowers/jpg/image_06889.jpg,image_06889.jpg,22.197547912597656
6889,/nas-ctm01/datasets/public/Oxford102Flowers/jpg/image_06890.jpg,image_06890.jpg,23.394710540771484
6890,/nas-ctm01/datasets/public/Oxford102Flowers/jpg/image_06891.jpg,image_06891.jpg,23.432132720947266
6891,/nas-ctm01/datasets/public/Oxford102Flowers/jpg/image_06892.jpg,image_06892.jpg,21.93732452392578
6892,/nas-ctm01/datasets/public/Oxford102Flowers/jpg/image_06893.jpg,image_06893.jpg,24.042505264282227
6893,/nas-ctm01/datasets/public/Oxford102Flowers/jpg/image_06894.jpg,image_06894.jpg,22.255430221557617
6894,/nas-ctm01/datasets/public/Oxford102Flowers/jpg/image_06895.jpg,image_06895.jpg,22.89984130859375
6895,/nas-ctm01/datasets/public/Oxford102Flowers/jpg/image_06896.jpg,image_06896.jpg,23.940507888793945
6896,/nas-ctm01/datasets/public/Oxford102Flowers/jpg/image_06897.jpg,image_06897.jpg,22.91212272644043
6897,/nas-ctm01/datasets/public/Oxford102Flowers/jpg/image_06898.jpg,image_06898.jpg,22.31006622314453
6898,/nas-ctm01/datasets/public/Oxford102Flowers/jpg/image_06899.jpg,image_06899.jpg,22.99931526184082
6899,/nas-ctm01/datasets/public/Oxford102Flowers/jpg/image_06900.jpg,image_06900.jpg,22.972932815551758
6900,/nas-ctm01/datasets/public/Oxford102Flowers/jpg/image_06901.jpg,image_06901.jpg,21.765003204345703
6901,/nas-ctm01/datasets/public/Oxford102Flowers/jpg/image_06902.jpg,image_06902.jpg,23.313472747802734
6902,/nas-ctm01/datasets/public/Oxford102Flowers/jpg/image_06903.jpg,image_06903.jpg,23.47273826599121
6903,/nas-ctm01/datasets/public/Oxford102Flowers/jpg/image_06904.jpg,image_06904.jpg,22.96006965637207
6904,/nas-ctm01/datasets/public/Oxford102Flowers/jpg/image_06905.jpg,image_06905.jpg,22.073402404785156
6905,/nas-ctm01/datasets/public/Oxford102Flowers/jpg/image_06906.jpg,image_06906.jpg,23.520444869995117
6906,/nas-ctm01/datasets/public/Oxford102Flowers/jpg/image_06907.jpg,image_06907.jpg,22.25692367553711
6907,/nas-ctm01/datasets/public/Oxford102Flowers/jpg/image_06908.jpg,image_06908.jpg,23.17642593383789
6908,/nas-ctm01/datasets/public/Oxford102Flowers/jpg/image_06909.jpg,image_06909.jpg,23.661226272583008
6909,/nas-ctm01/datasets/public/Oxford102Flowers/jpg/image_06910.jpg,image_06910.jpg,22.51831817626953
6910,/nas-ctm01/datasets/public/Oxford102Flowers/jpg/image_06911.jpg,image_06911.jpg,22.255516052246094
6911,/nas-ctm01/datasets/public/Oxford102Flowers/jpg/image_06912.jpg,image_06912.jpg,23.330184936523438
6912,/nas-ctm01/datasets/public/Oxford102Flowers/jpg/image_06913.jpg,image_06913.jpg,22.794605255126953
6913,/nas-ctm01/datasets/public/Oxford102Flowers/jpg/image_06914.jpg,image_06914.jpg,21.9547119140625
6914,/nas-ctm01/datasets/public/Oxford102Flowers/jpg/image_06915.jpg,image_06915.jpg,22.929990768432617
6915,/nas-ctm01/datasets/public/Oxford102Flowers/jpg/image_06916.jpg,image_06916.jpg,21.550540924072266
6916,/nas-ctm01/datasets/public/Oxford102Flowers/jpg/image_06917.jpg,image_06917.jpg,22.806236267089844
6917,/nas-ctm01/datasets/public/Oxford102Flowers/jpg/image_06918.jpg,image_06918.jpg,22.408096313476562
6918,/nas-ctm01/datasets/public/Oxford102Flowers/jpg/image_06919.jpg,image_06919.jpg,23.693965911865234
6919,/nas-ctm01/datasets/public/Oxford102Flowers/jpg/image_06920.jpg,image_06920.jpg,23.172056198120117
6920,/nas-ctm01/datasets/public/Oxford102Flowers/jpg/image_06921.jpg,image_06921.jpg,23.52872657775879
6921,/nas-ctm01/datasets/public/Oxford102Flowers/jpg/image_06922.jpg,image_06922.jpg,23.118179321289062
6922,/nas-ctm01/datasets/public/Oxford102Flowers/jpg/image_06923.jpg,image_06923.jpg,23.705162048339844
6923,/nas-ctm01/datasets/public/Oxford102Flowers/jpg/image_06924.jpg,image_06924.jpg,23.546436309814453
6924,/nas-ctm01/datasets/public/Oxford102Flowers/jpg/image_06925.jpg,image_06925.jpg,24.33636474609375
6925,/nas-ctm01/datasets/public/Oxford102Flowers/jpg/image_06926.jpg,image_06926.jpg,22.071861267089844
6926,/nas-ctm01/datasets/public/Oxford102Flowers/jpg/image_06927.jpg,image_06927.jpg,23.013395309448242
6927,/nas-ctm01/datasets/public/Oxford102Flowers/jpg/image_06928.jpg,image_06928.jpg,22.278722763061523
6928,/nas-ctm01/datasets/public/Oxford102Flowers/jpg/image_06929.jpg,image_06929.jpg,22.13697052001953
6929,/nas-ctm01/datasets/public/Oxford102Flowers/jpg/image_06930.jpg,image_06930.jpg,23.261356353759766
6930,/nas-ctm01/datasets/public/Oxford102Flowers/jpg/image_06931.jpg,image_06931.jpg,22.19403839111328
6931,/nas-ctm01/datasets/public/Oxford102Flowers/jpg/image_06932.jpg,image_06932.jpg,22.858211517333984
6932,/nas-ctm01/datasets/public/Oxford102Flowers/jpg/image_06933.jpg,image_06933.jpg,22.365949630737305
6933,/nas-ctm01/datasets/public/Oxford102Flowers/jpg/image_06934.jpg,image_06934.jpg,22.51764488220215
6934,/nas-ctm01/datasets/public/Oxford102Flowers/jpg/image_06935.jpg,image_06935.jpg,23.046710968017578
6935,/nas-ctm01/datasets/public/Oxford102Flowers/jpg/image_06936.jpg,image_06936.jpg,22.04201889038086
6936,/nas-ctm01/datasets/public/Oxford102Flowers/jpg/image_06937.jpg,image_06937.jpg,22.806331634521484
6937,/nas-ctm01/datasets/public/Oxford102Flowers/jpg/image_06938.jpg,image_06938.jpg,23.373855590820312
6938,/nas-ctm01/datasets/public/Oxford102Flowers/jpg/image_06939.jpg,image_06939.jpg,22.877321243286133
6939,/nas-ctm01/datasets/public/Oxford102Flowers/jpg/image_06940.jpg,image_06940.jpg,22.43740463256836
6940,/nas-ctm01/datasets/public/Oxford102Flowers/jpg/image_06941.jpg,image_06941.jpg,22.22293472290039
6941,/nas-ctm01/datasets/public/Oxford102Flowers/jpg/image_06942.jpg,image_06942.jpg,21.63706398010254
6942,/nas-ctm01/datasets/public/Oxford102Flowers/jpg/image_06943.jpg,image_06943.jpg,22.745845794677734
6943,/nas-ctm01/datasets/public/Oxford102Flowers/jpg/image_06944.jpg,image_06944.jpg,20.29030418395996
6944,/nas-ctm01/datasets/public/Oxford102Flowers/jpg/image_06945.jpg,image_06945.jpg,21.857744216918945
6945,/nas-ctm01/datasets/public/Oxford102Flowers/jpg/image_06946.jpg,image_06946.jpg,22.673049926757812
6946,/nas-ctm01/datasets/public/Oxford102Flowers/jpg/image_06947.jpg,image_06947.jpg,22.661298751831055
6947,/nas-ctm01/datasets/public/Oxford102Flowers/jpg/image_06948.jpg,image_06948.jpg,21.9320125579834
6948,/nas-ctm01/datasets/public/Oxford102Flowers/jpg/image_06949.jpg,image_06949.jpg,22.42047119140625
6949,/nas-ctm01/datasets/public/Oxford102Flowers/jpg/image_06950.jpg,image_06950.jpg,21.841026306152344
6950,/nas-ctm01/datasets/public/Oxford102Flowers/jpg/image_06951.jpg,image_06951.jpg,21.784988403320312
6951,/nas-ctm01/datasets/public/Oxford102Flowers/jpg/image_06952.jpg,image_06952.jpg,20.60725212097168
6952,/nas-ctm01/datasets/public/Oxford102Flowers/jpg/image_06953.jpg,image_06953.jpg,21.86589813232422
6953,/nas-ctm01/datasets/public/Oxford102Flowers/jpg/image_06954.jpg,image_06954.jpg,22.974313735961914
6954,/nas-ctm01/datasets/public/Oxford102Flowers/jpg/image_06955.jpg,image_06955.jpg,22.605754852294922
6955,/nas-ctm01/datasets/public/Oxford102Flowers/jpg/image_06956.jpg,image_06956.jpg,23.316991806030273
6956,/nas-ctm01/datasets/public/Oxford102Flowers/jpg/image_06957.jpg,image_06957.jpg,22.140077590942383
6957,/nas-ctm01/datasets/public/Oxford102Flowers/jpg/image_06958.jpg,image_06958.jpg,20.252952575683594
6958,/nas-ctm01/datasets/public/Oxford102Flowers/jpg/image_06959.jpg,image_06959.jpg,23.219152450561523
6959,/nas-ctm01/datasets/public/Oxford102Flowers/jpg/image_06960.jpg,image_06960.jpg,22.71513557434082
6960,/nas-ctm01/datasets/public/Oxford102Flowers/jpg/image_06961.jpg,image_06961.jpg,22.156248092651367
6961,/nas-ctm01/datasets/public/Oxford102Flowers/jpg/image_06962.jpg,image_06962.jpg,23.20914077758789
6962,/nas-ctm01/datasets/public/Oxford102Flowers/jpg/image_06963.jpg,image_06963.jpg,22.61730194091797
6963,/nas-ctm01/datasets/public/Oxford102Flowers/jpg/image_06964.jpg,image_06964.jpg,23.048175811767578
6964,/nas-ctm01/datasets/public/Oxford102Flowers/jpg/image_06965.jpg,image_06965.jpg,23.23252296447754
6965,/nas-ctm01/datasets/public/Oxford102Flowers/jpg/image_06966.jpg,image_06966.jpg,23.23996353149414
6966,/nas-ctm01/datasets/public/Oxford102Flowers/jpg/image_06967.jpg,image_06967.jpg,22.536182403564453
6967,/nas-ctm01/datasets/public/Oxford102Flowers/jpg/image_06968.jpg,image_06968.jpg,21.836753845214844
6968,/nas-ctm01/datasets/public/Oxford102Flowers/jpg/image_06969.jpg,image_06969.jpg,21.925554275512695
6969,/nas-ctm01/datasets/public/Oxford102Flowers/jpg/image_06970.jpg,image_06970.jpg,22.630023956298828
6970,/nas-ctm01/datasets/public/Oxford102Flowers/jpg/image_06971.jpg,image_06971.jpg,23.229965209960938
6971,/nas-ctm01/datasets/public/Oxford102Flowers/jpg/image_06972.jpg,image_06972.jpg,23.506834030151367
6972,/nas-ctm01/datasets/public/Oxford102Flowers/jpg/image_06973.jpg,image_06973.jpg,22.87944793701172
6973,/nas-ctm01/datasets/public/Oxford102Flowers/jpg/image_06974.jpg,image_06974.jpg,22.90023422241211
6974,/nas-ctm01/datasets/public/Oxford102Flowers/jpg/image_06975.jpg,image_06975.jpg,22.424470901489258
6975,/nas-ctm01/datasets/public/Oxford102Flowers/jpg/image_06976.jpg,image_06976.jpg,22.70494842529297
6976,/nas-ctm01/datasets/public/Oxford102Flowers/jpg/image_06977.jpg,image_06977.jpg,23.36515235900879
6977,/nas-ctm01/datasets/public/Oxford102Flowers/jpg/image_06978.jpg,image_06978.jpg,22.716873168945312
6978,/nas-ctm01/datasets/public/Oxford102Flowers/jpg/image_06979.jpg,image_06979.jpg,22.258729934692383
6979,/nas-ctm01/datasets/public/Oxford102Flowers/jpg/image_06980.jpg,image_06980.jpg,22.265289306640625
6980,/nas-ctm01/datasets/public/Oxford102Flowers/jpg/image_06981.jpg,image_06981.jpg,22.670391082763672
6981,/nas-ctm01/datasets/public/Oxford102Flowers/jpg/image_06982.jpg,image_06982.jpg,23.048059463500977
6982,/nas-ctm01/datasets/public/Oxford102Flowers/jpg/image_06983.jpg,image_06983.jpg,22.406612396240234
6983,/nas-ctm01/datasets/public/Oxford102Flowers/jpg/image_06984.jpg,image_06984.jpg,23.605031967163086
6984,/nas-ctm01/datasets/public/Oxford102Flowers/jpg/image_06985.jpg,image_06985.jpg,23.171213150024414
6985,/nas-ctm01/datasets/public/Oxford102Flowers/jpg/image_06986.jpg,image_06986.jpg,22.75544548034668
6986,/nas-ctm01/datasets/public/Oxford102Flowers/jpg/image_06987.jpg,image_06987.jpg,22.48101043701172
6987,/nas-ctm01/datasets/public/Oxford102Flowers/jpg/image_06988.jpg,image_06988.jpg,23.37673568725586
6988,/nas-ctm01/datasets/public/Oxford102Flowers/jpg/image_06989.jpg,image_06989.jpg,22.663572311401367
6989,/nas-ctm01/datasets/public/Oxford102Flowers/jpg/image_06990.jpg,image_06990.jpg,23.002546310424805
6990,/nas-ctm01/datasets/public/Oxford102Flowers/jpg/image_06991.jpg,image_06991.jpg,22.808977127075195
6991,/nas-ctm01/datasets/public/Oxford102Flowers/jpg/image_06992.jpg,image_06992.jpg,22.897714614868164
6992,/nas-ctm01/datasets/public/Oxford102Flowers/jpg/image_06993.jpg,image_06993.jpg,23.285430908203125
6993,/nas-ctm01/datasets/public/Oxford102Flowers/jpg/image_06994.jpg,image_06994.jpg,22.17380142211914
6994,/nas-ctm01/datasets/public/Oxford102Flowers/jpg/image_06995.jpg,image_06995.jpg,22.852510452270508
6995,/nas-ctm01/datasets/public/Oxford102Flowers/jpg/image_06996.jpg,image_06996.jpg,22.875402450561523
6996,/nas-ctm01/datasets/public/Oxford102Flowers/jpg/image_06997.jpg,image_06997.jpg,22.12066078186035
6997,/nas-ctm01/datasets/public/Oxford102Flowers/jpg/image_06998.jpg,image_06998.jpg,22.459077835083008
6998,/nas-ctm01/datasets/public/Oxford102Flowers/jpg/image_06999.jpg,image_06999.jpg,23.06558609008789
6999,/nas-ctm01/datasets/public/Oxford102Flowers/jpg/image_07000.jpg,image_07000.jpg,22.999431610107422
7000,/nas-ctm01/datasets/public/Oxford102Flowers/jpg/image_07001.jpg,image_07001.jpg,22.458213806152344
7001,/nas-ctm01/datasets/public/Oxford102Flowers/jpg/image_07002.jpg,image_07002.jpg,22.68260383605957
7002,/nas-ctm01/datasets/public/Oxford102Flowers/jpg/image_07003.jpg,image_07003.jpg,22.450401306152344
7003,/nas-ctm01/datasets/public/Oxford102Flowers/jpg/image_07004.jpg,image_07004.jpg,22.18279457092285
7004,/nas-ctm01/datasets/public/Oxford102Flowers/jpg/image_07005.jpg,image_07005.jpg,23.02195930480957
7005,/nas-ctm01/datasets/public/Oxford102Flowers/jpg/image_07006.jpg,image_07006.jpg,22.41443634033203
7006,/nas-ctm01/datasets/public/Oxford102Flowers/jpg/image_07007.jpg,image_07007.jpg,20.967775344848633
7007,/nas-ctm01/datasets/public/Oxford102Flowers/jpg/image_07008.jpg,image_07008.jpg,20.610925674438477
7008,/nas-ctm01/datasets/public/Oxford102Flowers/jpg/image_07009.jpg,image_07009.jpg,21.96495819091797
7009,/nas-ctm01/datasets/public/Oxford102Flowers/jpg/image_07010.jpg,image_07010.jpg,21.11911964416504
7010,/nas-ctm01/datasets/public/Oxford102Flowers/jpg/image_07011.jpg,image_07011.jpg,21.22310447692871
7011,/nas-ctm01/datasets/public/Oxford102Flowers/jpg/image_07012.jpg,image_07012.jpg,20.676071166992188
7012,/nas-ctm01/datasets/public/Oxford102Flowers/jpg/image_07013.jpg,image_07013.jpg,21.163606643676758
7013,/nas-ctm01/datasets/public/Oxford102Flowers/jpg/image_07014.jpg,image_07014.jpg,21.30844497680664
7014,/nas-ctm01/datasets/public/Oxford102Flowers/jpg/image_07015.jpg,image_07015.jpg,21.498470306396484
7015,/nas-ctm01/datasets/public/Oxford102Flowers/jpg/image_07016.jpg,image_07016.jpg,20.174333572387695
7016,/nas-ctm01/datasets/public/Oxford102Flowers/jpg/image_07017.jpg,image_07017.jpg,20.42286491394043
7017,/nas-ctm01/datasets/public/Oxford102Flowers/jpg/image_07018.jpg,image_07018.jpg,21.13701057434082
7018,/nas-ctm01/datasets/public/Oxford102Flowers/jpg/image_07019.jpg,image_07019.jpg,20.879051208496094
7019,/nas-ctm01/datasets/public/Oxford102Flowers/jpg/image_07020.jpg,image_07020.jpg,21.285947799682617
7020,/nas-ctm01/datasets/public/Oxford102Flowers/jpg/image_07021.jpg,image_07021.jpg,20.60080909729004
7021,/nas-ctm01/datasets/public/Oxford102Flowers/jpg/image_07022.jpg,image_07022.jpg,20.595073699951172
7022,/nas-ctm01/datasets/public/Oxford102Flowers/jpg/image_07023.jpg,image_07023.jpg,21.348424911499023
7023,/nas-ctm01/datasets/public/Oxford102Flowers/jpg/image_07024.jpg,image_07024.jpg,21.538105010986328
7024,/nas-ctm01/datasets/public/Oxford102Flowers/jpg/image_07025.jpg,image_07025.jpg,20.933080673217773
7025,/nas-ctm01/datasets/public/Oxford102Flowers/jpg/image_07026.jpg,image_07026.jpg,21.293228149414062
7026,/nas-ctm01/datasets/public/Oxford102Flowers/jpg/image_07027.jpg,image_07027.jpg,19.75436782836914
7027,/nas-ctm01/datasets/public/Oxford102Flowers/jpg/image_07028.jpg,image_07028.jpg,21.24371910095215
7028,/nas-ctm01/datasets/public/Oxford102Flowers/jpg/image_07029.jpg,image_07029.jpg,21.59532928466797
7029,/nas-ctm01/datasets/public/Oxford102Flowers/jpg/image_07030.jpg,image_07030.jpg,21.147329330444336
7030,/nas-ctm01/datasets/public/Oxford102Flowers/jpg/image_07031.jpg,image_07031.jpg,20.74927520751953
7031,/nas-ctm01/datasets/public/Oxford102Flowers/jpg/image_07032.jpg,image_07032.jpg,22.390527725219727
7032,/nas-ctm01/datasets/public/Oxford102Flowers/jpg/image_07033.jpg,image_07033.jpg,20.707218170166016
7033,/nas-ctm01/datasets/public/Oxford102Flowers/jpg/image_07034.jpg,image_07034.jpg,20.636789321899414
7034,/nas-ctm01/datasets/public/Oxford102Flowers/jpg/image_07035.jpg,image_07035.jpg,20.529043197631836
7035,/nas-ctm01/datasets/public/Oxford102Flowers/jpg/image_07036.jpg,image_07036.jpg,20.63465690612793
7036,/nas-ctm01/datasets/public/Oxford102Flowers/jpg/image_07037.jpg,image_07037.jpg,21.301122665405273
7037,/nas-ctm01/datasets/public/Oxford102Flowers/jpg/image_07038.jpg,image_07038.jpg,20.223119735717773
7038,/nas-ctm01/datasets/public/Oxford102Flowers/jpg/image_07039.jpg,image_07039.jpg,20.9268741607666
7039,/nas-ctm01/datasets/public/Oxford102Flowers/jpg/image_07040.jpg,image_07040.jpg,21.771921157836914
7040,/nas-ctm01/datasets/public/Oxford102Flowers/jpg/image_07041.jpg,image_07041.jpg,21.949012756347656
7041,/nas-ctm01/datasets/public/Oxford102Flowers/jpg/image_07042.jpg,image_07042.jpg,21.75998878479004
7042,/nas-ctm01/datasets/public/Oxford102Flowers/jpg/image_07043.jpg,image_07043.jpg,20.72237777709961
7043,/nas-ctm01/datasets/public/Oxford102Flowers/jpg/image_07044.jpg,image_07044.jpg,20.190906524658203
7044,/nas-ctm01/datasets/public/Oxford102Flowers/jpg/image_07045.jpg,image_07045.jpg,21.679729461669922
7045,/nas-ctm01/datasets/public/Oxford102Flowers/jpg/image_07046.jpg,image_07046.jpg,22.03425407409668
7046,/nas-ctm01/datasets/public/Oxford102Flowers/jpg/image_07047.jpg,image_07047.jpg,21.630191802978516
7047,/nas-ctm01/datasets/public/Oxford102Flowers/jpg/image_07048.jpg,image_07048.jpg,21.884841918945312
7048,/nas-ctm01/datasets/public/Oxford102Flowers/jpg/image_07049.jpg,image_07049.jpg,22.11412239074707
7049,/nas-ctm01/datasets/public/Oxford102Flowers/jpg/image_07050.jpg,image_07050.jpg,21.896163940429688
7050,/nas-ctm01/datasets/public/Oxford102Flowers/jpg/image_07051.jpg,image_07051.jpg,21.79352569580078
7051,/nas-ctm01/datasets/public/Oxford102Flowers/jpg/image_07052.jpg,image_07052.jpg,21.734663009643555
7052,/nas-ctm01/datasets/public/Oxford102Flowers/jpg/image_07053.jpg,image_07053.jpg,21.831724166870117
7053,/nas-ctm01/datasets/public/Oxford102Flowers/jpg/image_07054.jpg,image_07054.jpg,22.373863220214844
7054,/nas-ctm01/datasets/public/Oxford102Flowers/jpg/image_07055.jpg,image_07055.jpg,22.65203285217285
7055,/nas-ctm01/datasets/public/Oxford102Flowers/jpg/image_07056.jpg,image_07056.jpg,22.770498275756836
7056,/nas-ctm01/datasets/public/Oxford102Flowers/jpg/image_07057.jpg,image_07057.jpg,22.338775634765625
7057,/nas-ctm01/datasets/public/Oxford102Flowers/jpg/image_07058.jpg,image_07058.jpg,21.654468536376953
7058,/nas-ctm01/datasets/public/Oxford102Flowers/jpg/image_07059.jpg,image_07059.jpg,21.713987350463867
7059,/nas-ctm01/datasets/public/Oxford102Flowers/jpg/image_07060.jpg,image_07060.jpg,22.100433349609375
7060,/nas-ctm01/datasets/public/Oxford102Flowers/jpg/image_07061.jpg,image_07061.jpg,21.675701141357422
7061,/nas-ctm01/datasets/public/Oxford102Flowers/jpg/image_07062.jpg,image_07062.jpg,22.7150821685791
7062,/nas-ctm01/datasets/public/Oxford102Flowers/jpg/image_07063.jpg,image_07063.jpg,21.92462921142578
7063,/nas-ctm01/datasets/public/Oxford102Flowers/jpg/image_07064.jpg,image_07064.jpg,21.86474609375
7064,/nas-ctm01/datasets/public/Oxford102Flowers/jpg/image_07065.jpg,image_07065.jpg,22.123279571533203
7065,/nas-ctm01/datasets/public/Oxford102Flowers/jpg/image_07066.jpg,image_07066.jpg,21.646923065185547
7066,/nas-ctm01/datasets/public/Oxford102Flowers/jpg/image_07067.jpg,image_07067.jpg,22.38068199157715
7067,/nas-ctm01/datasets/public/Oxford102Flowers/jpg/image_07068.jpg,image_07068.jpg,22.101030349731445
7068,/nas-ctm01/datasets/public/Oxford102Flowers/jpg/image_07069.jpg,image_07069.jpg,22.91099739074707
7069,/nas-ctm01/datasets/public/Oxford102Flowers/jpg/image_07070.jpg,image_07070.jpg,21.004833221435547
7070,/nas-ctm01/datasets/public/Oxford102Flowers/jpg/image_07071.jpg,image_07071.jpg,21.855628967285156
7071,/nas-ctm01/datasets/public/Oxford102Flowers/jpg/image_07072.jpg,image_07072.jpg,22.3449649810791
7072,/nas-ctm01/datasets/public/Oxford102Flowers/jpg/image_07073.jpg,image_07073.jpg,21.66130256652832
7073,/nas-ctm01/datasets/public/Oxford102Flowers/jpg/image_07074.jpg,image_07074.jpg,21.844528198242188
7074,/nas-ctm01/datasets/public/Oxford102Flowers/jpg/image_07075.jpg,image_07075.jpg,22.250511169433594
7075,/nas-ctm01/datasets/public/Oxford102Flowers/jpg/image_07076.jpg,image_07076.jpg,22.100278854370117
7076,/nas-ctm01/datasets/public/Oxford102Flowers/jpg/image_07077.jpg,image_07077.jpg,22.22598648071289
7077,/nas-ctm01/datasets/public/Oxford102Flowers/jpg/image_07078.jpg,image_07078.jpg,22.571453094482422
7078,/nas-ctm01/datasets/public/Oxford102Flowers/jpg/image_07079.jpg,image_07079.jpg,22.79576301574707
7079,/nas-ctm01/datasets/public/Oxford102Flowers/jpg/image_07080.jpg,image_07080.jpg,22.201148986816406
7080,/nas-ctm01/datasets/public/Oxford102Flowers/jpg/image_07081.jpg,image_07081.jpg,22.9981746673584
7081,/nas-ctm01/datasets/public/Oxford102Flowers/jpg/image_07082.jpg,image_07082.jpg,21.486980438232422
7082,/nas-ctm01/datasets/public/Oxford102Flowers/jpg/image_07083.jpg,image_07083.jpg,21.594213485717773
7083,/nas-ctm01/datasets/public/Oxford102Flowers/jpg/image_07084.jpg,image_07084.jpg,22.624095916748047
7084,/nas-ctm01/datasets/public/Oxford102Flowers/jpg/image_07085.jpg,image_07085.jpg,22.82449722290039
7085,/nas-ctm01/datasets/public/Oxford102Flowers/jpg/image_07086.jpg,image_07086.jpg,22.398345947265625
7086,/nas-ctm01/datasets/public/Oxford102Flowers/jpg/image_07087.jpg,image_07087.jpg,23.15438461303711
7087,/nas-ctm01/datasets/public/Oxford102Flowers/jpg/image_07088.jpg,image_07088.jpg,22.84494400024414
7088,/nas-ctm01/datasets/public/Oxford102Flowers/jpg/image_07089.jpg,image_07089.jpg,21.411571502685547
7089,/nas-ctm01/datasets/public/Oxford102Flowers/jpg/image_07090.jpg,image_07090.jpg,21.530662536621094
7090,/nas-ctm01/datasets/public/Oxford102Flowers/jpg/image_07091.jpg,image_07091.jpg,21.305599212646484
7091,/nas-ctm01/datasets/public/Oxford102Flowers/jpg/image_07092.jpg,image_07092.jpg,21.385156631469727
7092,/nas-ctm01/datasets/public/Oxford102Flowers/jpg/image_07093.jpg,image_07093.jpg,21.34564781188965
7093,/nas-ctm01/datasets/public/Oxford102Flowers/jpg/image_07094.jpg,image_07094.jpg,21.689708709716797
7094,/nas-ctm01/datasets/public/Oxford102Flowers/jpg/image_07095.jpg,image_07095.jpg,20.95566749572754
7095,/nas-ctm01/datasets/public/Oxford102Flowers/jpg/image_07096.jpg,image_07096.jpg,21.411991119384766
7096,/nas-ctm01/datasets/public/Oxford102Flowers/jpg/image_07097.jpg,image_07097.jpg,20.988065719604492
7097,/nas-ctm01/datasets/public/Oxford102Flowers/jpg/image_07098.jpg,image_07098.jpg,22.029682159423828
7098,/nas-ctm01/datasets/public/Oxford102Flowers/jpg/image_07099.jpg,image_07099.jpg,21.427724838256836
7099,/nas-ctm01/datasets/public/Oxford102Flowers/jpg/image_07100.jpg,image_07100.jpg,22.945707321166992
7100,/nas-ctm01/datasets/public/Oxford102Flowers/jpg/image_07101.jpg,image_07101.jpg,21.73120880126953
7101,/nas-ctm01/datasets/public/Oxford102Flowers/jpg/image_07102.jpg,image_07102.jpg,21.8326473236084
7102,/nas-ctm01/datasets/public/Oxford102Flowers/jpg/image_07103.jpg,image_07103.jpg,22.14419937133789
7103,/nas-ctm01/datasets/public/Oxford102Flowers/jpg/image_07104.jpg,image_07104.jpg,22.33942985534668
7104,/nas-ctm01/datasets/public/Oxford102Flowers/jpg/image_07105.jpg,image_07105.jpg,20.775453567504883
7105,/nas-ctm01/datasets/public/Oxford102Flowers/jpg/image_07106.jpg,image_07106.jpg,21.60566520690918
7106,/nas-ctm01/datasets/public/Oxford102Flowers/jpg/image_07107.jpg,image_07107.jpg,21.653688430786133
7107,/nas-ctm01/datasets/public/Oxford102Flowers/jpg/image_07108.jpg,image_07108.jpg,21.84260368347168
7108,/nas-ctm01/datasets/public/Oxford102Flowers/jpg/image_07109.jpg,image_07109.jpg,21.55411720275879
7109,/nas-ctm01/datasets/public/Oxford102Flowers/jpg/image_07110.jpg,image_07110.jpg,22.91729736328125
7110,/nas-ctm01/datasets/public/Oxford102Flowers/jpg/image_07111.jpg,image_07111.jpg,21.803237915039062
7111,/nas-ctm01/datasets/public/Oxford102Flowers/jpg/image_07112.jpg,image_07112.jpg,21.964460372924805
7112,/nas-ctm01/datasets/public/Oxford102Flowers/jpg/image_07113.jpg,image_07113.jpg,20.920358657836914
7113,/nas-ctm01/datasets/public/Oxford102Flowers/jpg/image_07114.jpg,image_07114.jpg,22.49647331237793
7114,/nas-ctm01/datasets/public/Oxford102Flowers/jpg/image_07115.jpg,image_07115.jpg,22.663942337036133
7115,/nas-ctm01/datasets/public/Oxford102Flowers/jpg/image_07116.jpg,image_07116.jpg,21.56217384338379
7116,/nas-ctm01/datasets/public/Oxford102Flowers/jpg/image_07117.jpg,image_07117.jpg,22.636856079101562
7117,/nas-ctm01/datasets/public/Oxford102Flowers/jpg/image_07118.jpg,image_07118.jpg,22.225736618041992
7118,/nas-ctm01/datasets/public/Oxford102Flowers/jpg/image_07119.jpg,image_07119.jpg,23.108728408813477
7119,/nas-ctm01/datasets/public/Oxford102Flowers/jpg/image_07120.jpg,image_07120.jpg,21.20012664794922
7120,/nas-ctm01/datasets/public/Oxford102Flowers/jpg/image_07121.jpg,image_07121.jpg,21.542194366455078
7121,/nas-ctm01/datasets/public/Oxford102Flowers/jpg/image_07122.jpg,image_07122.jpg,21.072484970092773
7122,/nas-ctm01/datasets/public/Oxford102Flowers/jpg/image_07123.jpg,image_07123.jpg,20.469722747802734
7123,/nas-ctm01/datasets/public/Oxford102Flowers/jpg/image_07124.jpg,image_07124.jpg,21.179443359375
7124,/nas-ctm01/datasets/public/Oxford102Flowers/jpg/image_07125.jpg,image_07125.jpg,20.800769805908203
7125,/nas-ctm01/datasets/public/Oxford102Flowers/jpg/image_07126.jpg,image_07126.jpg,20.89168930053711
7126,/nas-ctm01/datasets/public/Oxford102Flowers/jpg/image_07127.jpg,image_07127.jpg,21.042572021484375
7127,/nas-ctm01/datasets/public/Oxford102Flowers/jpg/image_07128.jpg,image_07128.jpg,19.662405014038086
7128,/nas-ctm01/datasets/public/Oxford102Flowers/jpg/image_07129.jpg,image_07129.jpg,21.177711486816406
7129,/nas-ctm01/datasets/public/Oxford102Flowers/jpg/image_07130.jpg,image_07130.jpg,19.958879470825195
7130,/nas-ctm01/datasets/public/Oxford102Flowers/jpg/image_07131.jpg,image_07131.jpg,20.630441665649414
7131,/nas-ctm01/datasets/public/Oxford102Flowers/jpg/image_07132.jpg,image_07132.jpg,20.707155227661133
7132,/nas-ctm01/datasets/public/Oxford102Flowers/jpg/image_07133.jpg,image_07133.jpg,20.96245765686035
7133,/nas-ctm01/datasets/public/Oxford102Flowers/jpg/image_07134.jpg,image_07134.jpg,19.229875564575195
7134,/nas-ctm01/datasets/public/Oxford102Flowers/jpg/image_07135.jpg,image_07135.jpg,21.151636123657227
7135,/nas-ctm01/datasets/public/Oxford102Flowers/jpg/image_07136.jpg,image_07136.jpg,21.061681747436523
7136,/nas-ctm01/datasets/public/Oxford102Flowers/jpg/image_07137.jpg,image_07137.jpg,21.020221710205078
7137,/nas-ctm01/datasets/public/Oxford102Flowers/jpg/image_07138.jpg,image_07138.jpg,20.69248390197754
7138,/nas-ctm01/datasets/public/Oxford102Flowers/jpg/image_07139.jpg,image_07139.jpg,20.30522918701172
7139,/nas-ctm01/datasets/public/Oxford102Flowers/jpg/image_07140.jpg,image_07140.jpg,20.79376792907715
7140,/nas-ctm01/datasets/public/Oxford102Flowers/jpg/image_07141.jpg,image_07141.jpg,20.269763946533203
7141,/nas-ctm01/datasets/public/Oxford102Flowers/jpg/image_07142.jpg,image_07142.jpg,21.282978057861328
7142,/nas-ctm01/datasets/public/Oxford102Flowers/jpg/image_07143.jpg,image_07143.jpg,20.572025299072266
7143,/nas-ctm01/datasets/public/Oxford102Flowers/jpg/image_07144.jpg,image_07144.jpg,21.42012596130371
7144,/nas-ctm01/datasets/public/Oxford102Flowers/jpg/image_07145.jpg,image_07145.jpg,20.95726776123047
7145,/nas-ctm01/datasets/public/Oxford102Flowers/jpg/image_07146.jpg,image_07146.jpg,21.04136848449707
7146,/nas-ctm01/datasets/public/Oxford102Flowers/jpg/image_07147.jpg,image_07147.jpg,21.974258422851562
7147,/nas-ctm01/datasets/public/Oxford102Flowers/jpg/image_07148.jpg,image_07148.jpg,21.30344009399414
7148,/nas-ctm01/datasets/public/Oxford102Flowers/jpg/image_07149.jpg,image_07149.jpg,20.696788787841797
7149,/nas-ctm01/datasets/public/Oxford102Flowers/jpg/image_07150.jpg,image_07150.jpg,20.776126861572266
7150,/nas-ctm01/datasets/public/Oxford102Flowers/jpg/image_07151.jpg,image_07151.jpg,21.041812896728516
7151,/nas-ctm01/datasets/public/Oxford102Flowers/jpg/image_07152.jpg,image_07152.jpg,20.405290603637695
7152,/nas-ctm01/datasets/public/Oxford102Flowers/jpg/image_07153.jpg,image_07153.jpg,20.549976348876953
7153,/nas-ctm01/datasets/public/Oxford102Flowers/jpg/image_07154.jpg,image_07154.jpg,20.422191619873047
7154,/nas-ctm01/datasets/public/Oxford102Flowers/jpg/image_07155.jpg,image_07155.jpg,20.662099838256836
7155,/nas-ctm01/datasets/public/Oxford102Flowers/jpg/image_07156.jpg,image_07156.jpg,21.10586166381836
7156,/nas-ctm01/datasets/public/Oxford102Flowers/jpg/image_07157.jpg,image_07157.jpg,20.974485397338867
7157,/nas-ctm01/datasets/public/Oxford102Flowers/jpg/image_07158.jpg,image_07158.jpg,20.83851432800293
7158,/nas-ctm01/datasets/public/Oxford102Flowers/jpg/image_07159.jpg,image_07159.jpg,20.983219146728516
7159,/nas-ctm01/datasets/public/Oxford102Flowers/jpg/image_07160.jpg,image_07160.jpg,20.57868194580078
7160,/nas-ctm01/datasets/public/Oxford102Flowers/jpg/image_07161.jpg,image_07161.jpg,20.813188552856445
7161,/nas-ctm01/datasets/public/Oxford102Flowers/jpg/image_07162.jpg,image_07162.jpg,21.778221130371094
7162,/nas-ctm01/datasets/public/Oxford102Flowers/jpg/image_07163.jpg,image_07163.jpg,22.17507553100586
7163,/nas-ctm01/datasets/public/Oxford102Flowers/jpg/image_07164.jpg,image_07164.jpg,22.337697982788086
7164,/nas-ctm01/datasets/public/Oxford102Flowers/jpg/image_07165.jpg,image_07165.jpg,22.124818801879883
7165,/nas-ctm01/datasets/public/Oxford102Flowers/jpg/image_07166.jpg,image_07166.jpg,22.062320709228516
7166,/nas-ctm01/datasets/public/Oxford102Flowers/jpg/image_07167.jpg,image_07167.jpg,20.79453468322754
7167,/nas-ctm01/datasets/public/Oxford102Flowers/jpg/image_07168.jpg,image_07168.jpg,21.851198196411133
7168,/nas-ctm01/datasets/public/Oxford102Flowers/jpg/image_07169.jpg,image_07169.jpg,22.213945388793945
7169,/nas-ctm01/datasets/public/Oxford102Flowers/jpg/image_07170.jpg,image_07170.jpg,22.416471481323242
7170,/nas-ctm01/datasets/public/Oxford102Flowers/jpg/image_07171.jpg,image_07171.jpg,22.66871452331543
7171,/nas-ctm01/datasets/public/Oxford102Flowers/jpg/image_07172.jpg,image_07172.jpg,21.97074317932129
7172,/nas-ctm01/datasets/public/Oxford102Flowers/jpg/image_07173.jpg,image_07173.jpg,22.277711868286133
7173,/nas-ctm01/datasets/public/Oxford102Flowers/jpg/image_07174.jpg,image_07174.jpg,21.91350746154785
7174,/nas-ctm01/datasets/public/Oxford102Flowers/jpg/image_07175.jpg,image_07175.jpg,21.95542335510254
7175,/nas-ctm01/datasets/public/Oxford102Flowers/jpg/image_07176.jpg,image_07176.jpg,22.06867218017578
7176,/nas-ctm01/datasets/public/Oxford102Flowers/jpg/image_07177.jpg,image_07177.jpg,22.02337646484375
7177,/nas-ctm01/datasets/public/Oxford102Flowers/jpg/image_07178.jpg,image_07178.jpg,22.493879318237305
7178,/nas-ctm01/datasets/public/Oxford102Flowers/jpg/image_07179.jpg,image_07179.jpg,22.39597511291504
7179,/nas-ctm01/datasets/public/Oxford102Flowers/jpg/image_07180.jpg,image_07180.jpg,21.781564712524414
7180,/nas-ctm01/datasets/public/Oxford102Flowers/jpg/image_07181.jpg,image_07181.jpg,21.880998611450195
7181,/nas-ctm01/datasets/public/Oxford102Flowers/jpg/image_07182.jpg,image_07182.jpg,22.246212005615234
7182,/nas-ctm01/datasets/public/Oxford102Flowers/jpg/image_07183.jpg,image_07183.jpg,21.48719596862793
7183,/nas-ctm01/datasets/public/Oxford102Flowers/jpg/image_07184.jpg,image_07184.jpg,21.800457000732422
7184,/nas-ctm01/datasets/public/Oxford102Flowers/jpg/image_07185.jpg,image_07185.jpg,21.840900421142578
7185,/nas-ctm01/datasets/public/Oxford102Flowers/jpg/image_07186.jpg,image_07186.jpg,22.05785369873047
7186,/nas-ctm01/datasets/public/Oxford102Flowers/jpg/image_07187.jpg,image_07187.jpg,20.62351417541504
7187,/nas-ctm01/datasets/public/Oxford102Flowers/jpg/image_07188.jpg,image_07188.jpg,21.867300033569336
7188,/nas-ctm01/datasets/public/Oxford102Flowers/jpg/image_07189.jpg,image_07189.jpg,21.49956703186035
7189,/nas-ctm01/datasets/public/Oxford102Flowers/jpg/image_07190.jpg,image_07190.jpg,21.897565841674805
7190,/nas-ctm01/datasets/public/Oxford102Flowers/jpg/image_07191.jpg,image_07191.jpg,21.60820770263672
7191,/nas-ctm01/datasets/public/Oxford102Flowers/jpg/image_07192.jpg,image_07192.jpg,21.672761917114258
7192,/nas-ctm01/datasets/public/Oxford102Flowers/jpg/image_07193.jpg,image_07193.jpg,22.782560348510742
7193,/nas-ctm01/datasets/public/Oxford102Flowers/jpg/image_07194.jpg,image_07194.jpg,20.695905685424805
7194,/nas-ctm01/datasets/public/Oxford102Flowers/jpg/image_07195.jpg,image_07195.jpg,21.375581741333008
7195,/nas-ctm01/datasets/public/Oxford102Flowers/jpg/image_07196.jpg,image_07196.jpg,21.8735294342041
7196,/nas-ctm01/datasets/public/Oxford102Flowers/jpg/image_07197.jpg,image_07197.jpg,20.77895164489746
7197,/nas-ctm01/datasets/public/Oxford102Flowers/jpg/image_07198.jpg,image_07198.jpg,21.83568000793457
7198,/nas-ctm01/datasets/public/Oxford102Flowers/jpg/image_07199.jpg,image_07199.jpg,21.760774612426758
7199,/nas-ctm01/datasets/public/Oxford102Flowers/jpg/image_07200.jpg,image_07200.jpg,23.162900924682617
7200,/nas-ctm01/datasets/public/Oxford102Flowers/jpg/image_07201.jpg,image_07201.jpg,23.56340217590332
7201,/nas-ctm01/datasets/public/Oxford102Flowers/jpg/image_07202.jpg,image_07202.jpg,23.046918869018555
7202,/nas-ctm01/datasets/public/Oxford102Flowers/jpg/image_07203.jpg,image_07203.jpg,24.213764190673828
7203,/nas-ctm01/datasets/public/Oxford102Flowers/jpg/image_07204.jpg,image_07204.jpg,22.931177139282227
7204,/nas-ctm01/datasets/public/Oxford102Flowers/jpg/image_07205.jpg,image_07205.jpg,23.3345947265625
7205,/nas-ctm01/datasets/public/Oxford102Flowers/jpg/image_07206.jpg,image_07206.jpg,23.191383361816406
7206,/nas-ctm01/datasets/public/Oxford102Flowers/jpg/image_07207.jpg,image_07207.jpg,21.73752784729004
7207,/nas-ctm01/datasets/public/Oxford102Flowers/jpg/image_07208.jpg,image_07208.jpg,22.380844116210938
7208,/nas-ctm01/datasets/public/Oxford102Flowers/jpg/image_07209.jpg,image_07209.jpg,22.34053611755371
7209,/nas-ctm01/datasets/public/Oxford102Flowers/jpg/image_07210.jpg,image_07210.jpg,23.5609073638916
7210,/nas-ctm01/datasets/public/Oxford102Flowers/jpg/image_07211.jpg,image_07211.jpg,22.50423812866211
7211,/nas-ctm01/datasets/public/Oxford102Flowers/jpg/image_07212.jpg,image_07212.jpg,21.866718292236328
7212,/nas-ctm01/datasets/public/Oxford102Flowers/jpg/image_07213.jpg,image_07213.jpg,22.235475540161133
7213,/nas-ctm01/datasets/public/Oxford102Flowers/jpg/image_07214.jpg,image_07214.jpg,21.7484188079834
7214,/nas-ctm01/datasets/public/Oxford102Flowers/jpg/image_07215.jpg,image_07215.jpg,23.349817276000977
7215,/nas-ctm01/datasets/public/Oxford102Flowers/jpg/image_07216.jpg,image_07216.jpg,23.53778076171875
7216,/nas-ctm01/datasets/public/Oxford102Flowers/jpg/image_07217.jpg,image_07217.jpg,24.276342391967773
7217,/nas-ctm01/datasets/public/Oxford102Flowers/jpg/image_07218.jpg,image_07218.jpg,22.540409088134766
7218,/nas-ctm01/datasets/public/Oxford102Flowers/jpg/image_07219.jpg,image_07219.jpg,23.643770217895508
7219,/nas-ctm01/datasets/public/Oxford102Flowers/jpg/image_07220.jpg,image_07220.jpg,23.793231964111328
7220,/nas-ctm01/datasets/public/Oxford102Flowers/jpg/image_07221.jpg,image_07221.jpg,23.772415161132812
7221,/nas-ctm01/datasets/public/Oxford102Flowers/jpg/image_07222.jpg,image_07222.jpg,23.198123931884766
7222,/nas-ctm01/datasets/public/Oxford102Flowers/jpg/image_07223.jpg,image_07223.jpg,23.259057998657227
7223,/nas-ctm01/datasets/public/Oxford102Flowers/jpg/image_07224.jpg,image_07224.jpg,22.79275894165039
7224,/nas-ctm01/datasets/public/Oxford102Flowers/jpg/image_07225.jpg,image_07225.jpg,22.870759963989258
7225,/nas-ctm01/datasets/public/Oxford102Flowers/jpg/image_07226.jpg,image_07226.jpg,23.78645133972168
7226,/nas-ctm01/datasets/public/Oxford102Flowers/jpg/image_07227.jpg,image_07227.jpg,23.638858795166016
7227,/nas-ctm01/datasets/public/Oxford102Flowers/jpg/image_07228.jpg,image_07228.jpg,23.871997833251953
7228,/nas-ctm01/datasets/public/Oxford102Flowers/jpg/image_07229.jpg,image_07229.jpg,22.109272003173828
7229,/nas-ctm01/datasets/public/Oxford102Flowers/jpg/image_07230.jpg,image_07230.jpg,23.345111846923828
7230,/nas-ctm01/datasets/public/Oxford102Flowers/jpg/image_07231.jpg,image_07231.jpg,23.485563278198242
7231,/nas-ctm01/datasets/public/Oxford102Flowers/jpg/image_07232.jpg,image_07232.jpg,23.375104904174805
7232,/nas-ctm01/datasets/public/Oxford102Flowers/jpg/image_07233.jpg,image_07233.jpg,24.06657600402832
7233,/nas-ctm01/datasets/public/Oxford102Flowers/jpg/image_07234.jpg,image_07234.jpg,20.690174102783203
7234,/nas-ctm01/datasets/public/Oxford102Flowers/jpg/image_07235.jpg,image_07235.jpg,21.138771057128906
7235,/nas-ctm01/datasets/public/Oxford102Flowers/jpg/image_07236.jpg,image_07236.jpg,20.54029655456543
7236,/nas-ctm01/datasets/public/Oxford102Flowers/jpg/image_07237.jpg,image_07237.jpg,20.97113037109375
7237,/nas-ctm01/datasets/public/Oxford102Flowers/jpg/image_07238.jpg,image_07238.jpg,20.874332427978516
7238,/nas-ctm01/datasets/public/Oxford102Flowers/jpg/image_07239.jpg,image_07239.jpg,21.159101486206055
7239,/nas-ctm01/datasets/public/Oxford102Flowers/jpg/image_07240.jpg,image_07240.jpg,20.42343521118164
7240,/nas-ctm01/datasets/public/Oxford102Flowers/jpg/image_07241.jpg,image_07241.jpg,20.523019790649414
7241,/nas-ctm01/datasets/public/Oxford102Flowers/jpg/image_07242.jpg,image_07242.jpg,20.154104232788086
7242,/nas-ctm01/datasets/public/Oxford102Flowers/jpg/image_07243.jpg,image_07243.jpg,20.681373596191406
7243,/nas-ctm01/datasets/public/Oxford102Flowers/jpg/image_07244.jpg,image_07244.jpg,20.579004287719727
7244,/nas-ctm01/datasets/public/Oxford102Flowers/jpg/image_07245.jpg,image_07245.jpg,20.554882049560547
7245,/nas-ctm01/datasets/public/Oxford102Flowers/jpg/image_07246.jpg,image_07246.jpg,20.86865997314453
7246,/nas-ctm01/datasets/public/Oxford102Flowers/jpg/image_07247.jpg,image_07247.jpg,19.842670440673828
7247,/nas-ctm01/datasets/public/Oxford102Flowers/jpg/image_07248.jpg,image_07248.jpg,20.57608413696289
7248,/nas-ctm01/datasets/public/Oxford102Flowers/jpg/image_07249.jpg,image_07249.jpg,21.058494567871094
7249,/nas-ctm01/datasets/public/Oxford102Flowers/jpg/image_07250.jpg,image_07250.jpg,21.26784896850586
7250,/nas-ctm01/datasets/public/Oxford102Flowers/jpg/image_07251.jpg,image_07251.jpg,21.10009765625
7251,/nas-ctm01/datasets/public/Oxford102Flowers/jpg/image_07252.jpg,image_07252.jpg,20.748384475708008
7252,/nas-ctm01/datasets/public/Oxford102Flowers/jpg/image_07253.jpg,image_07253.jpg,20.54569435119629
7253,/nas-ctm01/datasets/public/Oxford102Flowers/jpg/image_07254.jpg,image_07254.jpg,20.620546340942383
7254,/nas-ctm01/datasets/public/Oxford102Flowers/jpg/image_07255.jpg,image_07255.jpg,20.813386917114258
7255,/nas-ctm01/datasets/public/Oxford102Flowers/jpg/image_07256.jpg,image_07256.jpg,20.442106246948242
7256,/nas-ctm01/datasets/public/Oxford102Flowers/jpg/image_07257.jpg,image_07257.jpg,20.484928131103516
7257,/nas-ctm01/datasets/public/Oxford102Flowers/jpg/image_07258.jpg,image_07258.jpg,21.276437759399414
7258,/nas-ctm01/datasets/public/Oxford102Flowers/jpg/image_07259.jpg,image_07259.jpg,20.690568923950195
7259,/nas-ctm01/datasets/public/Oxford102Flowers/jpg/image_07260.jpg,image_07260.jpg,20.78950309753418
7260,/nas-ctm01/datasets/public/Oxford102Flowers/jpg/image_07261.jpg,image_07261.jpg,20.267114639282227
7261,/nas-ctm01/datasets/public/Oxford102Flowers/jpg/image_07262.jpg,image_07262.jpg,20.655471801757812
7262,/nas-ctm01/datasets/public/Oxford102Flowers/jpg/image_07263.jpg,image_07263.jpg,20.43033218383789
7263,/nas-ctm01/datasets/public/Oxford102Flowers/jpg/image_07264.jpg,image_07264.jpg,20.58427619934082
7264,/nas-ctm01/datasets/public/Oxford102Flowers/jpg/image_07265.jpg,image_07265.jpg,20.970970153808594
7265,/nas-ctm01/datasets/public/Oxford102Flowers/jpg/image_07266.jpg,image_07266.jpg,20.60519790649414
7266,/nas-ctm01/datasets/public/Oxford102Flowers/jpg/image_07267.jpg,image_07267.jpg,20.80278778076172
7267,/nas-ctm01/datasets/public/Oxford102Flowers/jpg/image_07268.jpg,image_07268.jpg,22.21486473083496
7268,/nas-ctm01/datasets/public/Oxford102Flowers/jpg/image_07269.jpg,image_07269.jpg,21.692785263061523
7269,/nas-ctm01/datasets/public/Oxford102Flowers/jpg/image_07270.jpg,image_07270.jpg,21.74264907836914
7270,/nas-ctm01/datasets/public/Oxford102Flowers/jpg/image_07271.jpg,image_07271.jpg,21.725461959838867
7271,/nas-ctm01/datasets/public/Oxford102Flowers/jpg/image_07272.jpg,image_07272.jpg,22.40528678894043
7272,/nas-ctm01/datasets/public/Oxford102Flowers/jpg/image_07273.jpg,image_07273.jpg,22.276323318481445
7273,/nas-ctm01/datasets/public/Oxford102Flowers/jpg/image_07274.jpg,image_07274.jpg,21.546030044555664
7274,/nas-ctm01/datasets/public/Oxford102Flowers/jpg/image_07275.jpg,image_07275.jpg,22.016225814819336
7275,/nas-ctm01/datasets/public/Oxford102Flowers/jpg/image_07276.jpg,image_07276.jpg,21.308427810668945
7276,/nas-ctm01/datasets/public/Oxford102Flowers/jpg/image_07277.jpg,image_07277.jpg,22.227272033691406
7277,/nas-ctm01/datasets/public/Oxford102Flowers/jpg/image_07278.jpg,image_07278.jpg,21.804584503173828
7278,/nas-ctm01/datasets/public/Oxford102Flowers/jpg/image_07279.jpg,image_07279.jpg,22.091039657592773
7279,/nas-ctm01/datasets/public/Oxford102Flowers/jpg/image_07280.jpg,image_07280.jpg,22.367849349975586
7280,/nas-ctm01/datasets/public/Oxford102Flowers/jpg/image_07281.jpg,image_07281.jpg,21.83310890197754
7281,/nas-ctm01/datasets/public/Oxford102Flowers/jpg/image_07282.jpg,image_07282.jpg,21.906036376953125
7282,/nas-ctm01/datasets/public/Oxford102Flowers/jpg/image_07283.jpg,image_07283.jpg,21.683040618896484
7283,/nas-ctm01/datasets/public/Oxford102Flowers/jpg/image_07284.jpg,image_07284.jpg,21.79743003845215
7284,/nas-ctm01/datasets/public/Oxford102Flowers/jpg/image_07285.jpg,image_07285.jpg,20.380544662475586
7285,/nas-ctm01/datasets/public/Oxford102Flowers/jpg/image_07286.jpg,image_07286.jpg,21.150646209716797
7286,/nas-ctm01/datasets/public/Oxford102Flowers/jpg/image_07287.jpg,image_07287.jpg,20.768985748291016
7287,/nas-ctm01/datasets/public/Oxford102Flowers/jpg/image_07288.jpg,image_07288.jpg,21.562902450561523
7288,/nas-ctm01/datasets/public/Oxford102Flowers/jpg/image_07289.jpg,image_07289.jpg,20.911245346069336
7289,/nas-ctm01/datasets/public/Oxford102Flowers/jpg/image_07290.jpg,image_07290.jpg,20.59422492980957
7290,/nas-ctm01/datasets/public/Oxford102Flowers/jpg/image_07291.jpg,image_07291.jpg,20.658132553100586
7291,/nas-ctm01/datasets/public/Oxford102Flowers/jpg/image_07292.jpg,image_07292.jpg,20.649213790893555
7292,/nas-ctm01/datasets/public/Oxford102Flowers/jpg/image_07293.jpg,image_07293.jpg,21.02201271057129
7293,/nas-ctm01/datasets/public/Oxford102Flowers/jpg/image_07294.jpg,image_07294.jpg,20.697416305541992
7294,/nas-ctm01/datasets/public/Oxford102Flowers/jpg/image_07295.jpg,image_07295.jpg,20.847009658813477
7295,/nas-ctm01/datasets/public/Oxford102Flowers/jpg/image_07296.jpg,image_07296.jpg,20.557586669921875
7296,/nas-ctm01/datasets/public/Oxford102Flowers/jpg/image_07297.jpg,image_07297.jpg,20.49872398376465
7297,/nas-ctm01/datasets/public/Oxford102Flowers/jpg/image_07298.jpg,image_07298.jpg,21.406776428222656
7298,/nas-ctm01/datasets/public/Oxford102Flowers/jpg/image_07299.jpg,image_07299.jpg,20.965280532836914
7299,/nas-ctm01/datasets/public/Oxford102Flowers/jpg/image_07300.jpg,image_07300.jpg,20.886112213134766
7300,/nas-ctm01/datasets/public/Oxford102Flowers/jpg/image_07301.jpg,image_07301.jpg,21.935239791870117
7301,/nas-ctm01/datasets/public/Oxford102Flowers/jpg/image_07302.jpg,image_07302.jpg,21.718647003173828
7302,/nas-ctm01/datasets/public/Oxford102Flowers/jpg/image_07303.jpg,image_07303.jpg,22.207008361816406
7303,/nas-ctm01/datasets/public/Oxford102Flowers/jpg/image_07304.jpg,image_07304.jpg,22.189781188964844
7304,/nas-ctm01/datasets/public/Oxford102Flowers/jpg/image_07305.jpg,image_07305.jpg,21.373903274536133
7305,/nas-ctm01/datasets/public/Oxford102Flowers/jpg/image_07306.jpg,image_07306.jpg,22.40443992614746
7306,/nas-ctm01/datasets/public/Oxford102Flowers/jpg/image_07307.jpg,image_07307.jpg,22.516645431518555
7307,/nas-ctm01/datasets/public/Oxford102Flowers/jpg/image_07308.jpg,image_07308.jpg,21.714099884033203
7308,/nas-ctm01/datasets/public/Oxford102Flowers/jpg/image_07309.jpg,image_07309.jpg,22.516645431518555
7309,/nas-ctm01/datasets/public/Oxford102Flowers/jpg/image_07310.jpg,image_07310.jpg,22.160884857177734
7310,/nas-ctm01/datasets/public/Oxford102Flowers/jpg/image_07311.jpg,image_07311.jpg,21.81388282775879
7311,/nas-ctm01/datasets/public/Oxford102Flowers/jpg/image_07312.jpg,image_07312.jpg,21.710817337036133
7312,/nas-ctm01/datasets/public/Oxford102Flowers/jpg/image_07313.jpg,image_07313.jpg,22.93087387084961
7313,/nas-ctm01/datasets/public/Oxford102Flowers/jpg/image_07314.jpg,image_07314.jpg,21.519596099853516
7314,/nas-ctm01/datasets/public/Oxford102Flowers/jpg/image_07315.jpg,image_07315.jpg,21.74362564086914
7315,/nas-ctm01/datasets/public/Oxford102Flowers/jpg/image_07316.jpg,image_07316.jpg,21.689939498901367
7316,/nas-ctm01/datasets/public/Oxford102Flowers/jpg/image_07317.jpg,image_07317.jpg,22.59610366821289
7317,/nas-ctm01/datasets/public/Oxford102Flowers/jpg/image_07318.jpg,image_07318.jpg,21.94198989868164
7318,/nas-ctm01/datasets/public/Oxford102Flowers/jpg/image_07319.jpg,image_07319.jpg,21.297649383544922
7319,/nas-ctm01/datasets/public/Oxford102Flowers/jpg/image_07320.jpg,image_07320.jpg,22.07882308959961
7320,/nas-ctm01/datasets/public/Oxford102Flowers/jpg/image_07321.jpg,image_07321.jpg,22.93130111694336
7321,/nas-ctm01/datasets/public/Oxford102Flowers/jpg/image_07322.jpg,image_07322.jpg,21.561540603637695
7322,/nas-ctm01/datasets/public/Oxford102Flowers/jpg/image_07323.jpg,image_07323.jpg,22.839855194091797
7323,/nas-ctm01/datasets/public/Oxford102Flowers/jpg/image_07324.jpg,image_07324.jpg,22.843141555786133
7324,/nas-ctm01/datasets/public/Oxford102Flowers/jpg/image_07325.jpg,image_07325.jpg,21.766233444213867
7325,/nas-ctm01/datasets/public/Oxford102Flowers/jpg/image_07326.jpg,image_07326.jpg,22.34480094909668
7326,/nas-ctm01/datasets/public/Oxford102Flowers/jpg/image_07327.jpg,image_07327.jpg,22.017255783081055
7327,/nas-ctm01/datasets/public/Oxford102Flowers/jpg/image_07328.jpg,image_07328.jpg,22.839855194091797
7328,/nas-ctm01/datasets/public/Oxford102Flowers/jpg/image_07329.jpg,image_07329.jpg,22.384462356567383
7329,/nas-ctm01/datasets/public/Oxford102Flowers/jpg/image_07330.jpg,image_07330.jpg,22.59139633178711
7330,/nas-ctm01/datasets/public/Oxford102Flowers/jpg/image_07331.jpg,image_07331.jpg,22.754066467285156
7331,/nas-ctm01/datasets/public/Oxford102Flowers/jpg/image_07332.jpg,image_07332.jpg,22.274436950683594
7332,/nas-ctm01/datasets/public/Oxford102Flowers/jpg/image_07333.jpg,image_07333.jpg,21.349767684936523
7333,/nas-ctm01/datasets/public/Oxford102Flowers/jpg/image_07334.jpg,image_07334.jpg,22.220294952392578
7334,/nas-ctm01/datasets/public/Oxford102Flowers/jpg/image_07335.jpg,image_07335.jpg,21.848661422729492
7335,/nas-ctm01/datasets/public/Oxford102Flowers/jpg/image_07336.jpg,image_07336.jpg,22.117637634277344
7336,/nas-ctm01/datasets/public/Oxford102Flowers/jpg/image_07337.jpg,image_07337.jpg,21.54245376586914
7337,/nas-ctm01/datasets/public/Oxford102Flowers/jpg/image_07338.jpg,image_07338.jpg,21.56861686706543
7338,/nas-ctm01/datasets/public/Oxford102Flowers/jpg/image_07339.jpg,image_07339.jpg,22.526752471923828
7339,/nas-ctm01/datasets/public/Oxford102Flowers/jpg/image_07340.jpg,image_07340.jpg,22.61837387084961
7340,/nas-ctm01/datasets/public/Oxford102Flowers/jpg/image_07341.jpg,image_07341.jpg,21.77297019958496
7341,/nas-ctm01/datasets/public/Oxford102Flowers/jpg/image_07342.jpg,image_07342.jpg,22.34971046447754
7342,/nas-ctm01/datasets/public/Oxford102Flowers/jpg/image_07343.jpg,image_07343.jpg,22.0185489654541
7343,/nas-ctm01/datasets/public/Oxford102Flowers/jpg/image_07344.jpg,image_07344.jpg,22.440855026245117
7344,/nas-ctm01/datasets/public/Oxford102Flowers/jpg/image_07345.jpg,image_07345.jpg,22.344106674194336
7345,/nas-ctm01/datasets/public/Oxford102Flowers/jpg/image_07346.jpg,image_07346.jpg,22.424917221069336
7346,/nas-ctm01/datasets/public/Oxford102Flowers/jpg/image_07347.jpg,image_07347.jpg,21.166908264160156
7347,/nas-ctm01/datasets/public/Oxford102Flowers/jpg/image_07348.jpg,image_07348.jpg,22.075611114501953
7348,/nas-ctm01/datasets/public/Oxford102Flowers/jpg/image_07349.jpg,image_07349.jpg,21.15269660949707
7349,/nas-ctm01/datasets/public/Oxford102Flowers/jpg/image_07350.jpg,image_07350.jpg,22.22893524169922
7350,/nas-ctm01/datasets/public/Oxford102Flowers/jpg/image_07351.jpg,image_07351.jpg,22.702816009521484
7351,/nas-ctm01/datasets/public/Oxford102Flowers/jpg/image_07352.jpg,image_07352.jpg,21.3740234375
7352,/nas-ctm01/datasets/public/Oxford102Flowers/jpg/image_07353.jpg,image_07353.jpg,21.75675392150879
7353,/nas-ctm01/datasets/public/Oxford102Flowers/jpg/image_07354.jpg,image_07354.jpg,21.56618309020996
7354,/nas-ctm01/datasets/public/Oxford102Flowers/jpg/image_07355.jpg,image_07355.jpg,21.995590209960938
7355,/nas-ctm01/datasets/public/Oxford102Flowers/jpg/image_07356.jpg,image_07356.jpg,22.98627471923828
7356,/nas-ctm01/datasets/public/Oxford102Flowers/jpg/image_07357.jpg,image_07357.jpg,21.561975479125977
7357,/nas-ctm01/datasets/public/Oxford102Flowers/jpg/image_07358.jpg,image_07358.jpg,20.894001007080078
7358,/nas-ctm01/datasets/public/Oxford102Flowers/jpg/image_07359.jpg,image_07359.jpg,21.418739318847656
7359,/nas-ctm01/datasets/public/Oxford102Flowers/jpg/image_07360.jpg,image_07360.jpg,22.091066360473633
7360,/nas-ctm01/datasets/public/Oxford102Flowers/jpg/image_07361.jpg,image_07361.jpg,22.136919021606445
7361,/nas-ctm01/datasets/public/Oxford102Flowers/jpg/image_07362.jpg,image_07362.jpg,22.802906036376953
7362,/nas-ctm01/datasets/public/Oxford102Flowers/jpg/image_07363.jpg,image_07363.jpg,21.399145126342773
7363,/nas-ctm01/datasets/public/Oxford102Flowers/jpg/image_07364.jpg,image_07364.jpg,21.341854095458984
7364,/nas-ctm01/datasets/public/Oxford102Flowers/jpg/image_07365.jpg,image_07365.jpg,21.907054901123047
7365,/nas-ctm01/datasets/public/Oxford102Flowers/jpg/image_07366.jpg,image_07366.jpg,20.474571228027344
7366,/nas-ctm01/datasets/public/Oxford102Flowers/jpg/image_07367.jpg,image_07367.jpg,22.439374923706055
7367,/nas-ctm01/datasets/public/Oxford102Flowers/jpg/image_07368.jpg,image_07368.jpg,21.962066650390625
7368,/nas-ctm01/datasets/public/Oxford102Flowers/jpg/image_07369.jpg,image_07369.jpg,22.362136840820312
7369,/nas-ctm01/datasets/public/Oxford102Flowers/jpg/image_07370.jpg,image_07370.jpg,22.200942993164062
7370,/nas-ctm01/datasets/public/Oxford102Flowers/jpg/image_07371.jpg,image_07371.jpg,22.08132553100586
7371,/nas-ctm01/datasets/public/Oxford102Flowers/jpg/image_07372.jpg,image_07372.jpg,22.187541961669922
7372,/nas-ctm01/datasets/public/Oxford102Flowers/jpg/image_07373.jpg,image_07373.jpg,21.852420806884766
7373,/nas-ctm01/datasets/public/Oxford102Flowers/jpg/image_07374.jpg,image_07374.jpg,20.903907775878906
7374,/nas-ctm01/datasets/public/Oxford102Flowers/jpg/image_07375.jpg,image_07375.jpg,20.749597549438477
7375,/nas-ctm01/datasets/public/Oxford102Flowers/jpg/image_07376.jpg,image_07376.jpg,21.981775283813477
7376,/nas-ctm01/datasets/public/Oxford102Flowers/jpg/image_07377.jpg,image_07377.jpg,21.99068260192871
7377,/nas-ctm01/datasets/public/Oxford102Flowers/jpg/image_07378.jpg,image_07378.jpg,21.036680221557617
7378,/nas-ctm01/datasets/public/Oxford102Flowers/jpg/image_07379.jpg,image_07379.jpg,22.11439323425293
7379,/nas-ctm01/datasets/public/Oxford102Flowers/jpg/image_07380.jpg,image_07380.jpg,20.581647872924805
7380,/nas-ctm01/datasets/public/Oxford102Flowers/jpg/image_07381.jpg,image_07381.jpg,21.488557815551758
7381,/nas-ctm01/datasets/public/Oxford102Flowers/jpg/image_07382.jpg,image_07382.jpg,21.229217529296875
7382,/nas-ctm01/datasets/public/Oxford102Flowers/jpg/image_07383.jpg,image_07383.jpg,22.65338706970215
7383,/nas-ctm01/datasets/public/Oxford102Flowers/jpg/image_07384.jpg,image_07384.jpg,22.421470642089844
7384,/nas-ctm01/datasets/public/Oxford102Flowers/jpg/image_07385.jpg,image_07385.jpg,21.68979263305664
7385,/nas-ctm01/datasets/public/Oxford102Flowers/jpg/image_07386.jpg,image_07386.jpg,22.649154663085938
7386,/nas-ctm01/datasets/public/Oxford102Flowers/jpg/image_07387.jpg,image_07387.jpg,21.850446701049805
7387,/nas-ctm01/datasets/public/Oxford102Flowers/jpg/image_07388.jpg,image_07388.jpg,21.550466537475586
7388,/nas-ctm01/datasets/public/Oxford102Flowers/jpg/image_07389.jpg,image_07389.jpg,22.140897750854492
7389,/nas-ctm01/datasets/public/Oxford102Flowers/jpg/image_07390.jpg,image_07390.jpg,21.867467880249023
7390,/nas-ctm01/datasets/public/Oxford102Flowers/jpg/image_07391.jpg,image_07391.jpg,21.791210174560547
7391,/nas-ctm01/datasets/public/Oxford102Flowers/jpg/image_07392.jpg,image_07392.jpg,21.453542709350586
7392,/nas-ctm01/datasets/public/Oxford102Flowers/jpg/image_07393.jpg,image_07393.jpg,21.967071533203125
7393,/nas-ctm01/datasets/public/Oxford102Flowers/jpg/image_07394.jpg,image_07394.jpg,22.344263076782227
7394,/nas-ctm01/datasets/public/Oxford102Flowers/jpg/image_07395.jpg,image_07395.jpg,22.055768966674805
7395,/nas-ctm01/datasets/public/Oxford102Flowers/jpg/image_07396.jpg,image_07396.jpg,21.54938316345215
7396,/nas-ctm01/datasets/public/Oxford102Flowers/jpg/image_07397.jpg,image_07397.jpg,21.996599197387695
7397,/nas-ctm01/datasets/public/Oxford102Flowers/jpg/image_07398.jpg,image_07398.jpg,22.55845069885254
7398,/nas-ctm01/datasets/public/Oxford102Flowers/jpg/image_07399.jpg,image_07399.jpg,21.96538543701172
7399,/nas-ctm01/datasets/public/Oxford102Flowers/jpg/image_07400.jpg,image_07400.jpg,22.146310806274414
7400,/nas-ctm01/datasets/public/Oxford102Flowers/jpg/image_07401.jpg,image_07401.jpg,22.143966674804688
7401,/nas-ctm01/datasets/public/Oxford102Flowers/jpg/image_07402.jpg,image_07402.jpg,21.798025131225586
7402,/nas-ctm01/datasets/public/Oxford102Flowers/jpg/image_07403.jpg,image_07403.jpg,22.308256149291992
7403,/nas-ctm01/datasets/public/Oxford102Flowers/jpg/image_07404.jpg,image_07404.jpg,22.364614486694336
7404,/nas-ctm01/datasets/public/Oxford102Flowers/jpg/image_07405.jpg,image_07405.jpg,22.623544692993164
7405,/nas-ctm01/datasets/public/Oxford102Flowers/jpg/image_07406.jpg,image_07406.jpg,22.360458374023438
7406,/nas-ctm01/datasets/public/Oxford102Flowers/jpg/image_07407.jpg,image_07407.jpg,21.7834529876709
7407,/nas-ctm01/datasets/public/Oxford102Flowers/jpg/image_07408.jpg,image_07408.jpg,21.71395492553711
7408,/nas-ctm01/datasets/public/Oxford102Flowers/jpg/image_07409.jpg,image_07409.jpg,22.33983612060547
7409,/nas-ctm01/datasets/public/Oxford102Flowers/jpg/image_07410.jpg,image_07410.jpg,22.116695404052734
7410,/nas-ctm01/datasets/public/Oxford102Flowers/jpg/image_07411.jpg,image_07411.jpg,21.763826370239258
7411,/nas-ctm01/datasets/public/Oxford102Flowers/jpg/image_07412.jpg,image_07412.jpg,22.054061889648438
7412,/nas-ctm01/datasets/public/Oxford102Flowers/jpg/image_07413.jpg,image_07413.jpg,21.906274795532227
7413,/nas-ctm01/datasets/public/Oxford102Flowers/jpg/image_07414.jpg,image_07414.jpg,22.36614418029785
7414,/nas-ctm01/datasets/public/Oxford102Flowers/jpg/image_07415.jpg,image_07415.jpg,22.045047760009766
7415,/nas-ctm01/datasets/public/Oxford102Flowers/jpg/image_07416.jpg,image_07416.jpg,22.69552993774414
7416,/nas-ctm01/datasets/public/Oxford102Flowers/jpg/image_07417.jpg,image_07417.jpg,22.41630744934082
7417,/nas-ctm01/datasets/public/Oxford102Flowers/jpg/image_07418.jpg,image_07418.jpg,21.259857177734375
7418,/nas-ctm01/datasets/public/Oxford102Flowers/jpg/image_07419.jpg,image_07419.jpg,21.610912322998047
7419,/nas-ctm01/datasets/public/Oxford102Flowers/jpg/image_07420.jpg,image_07420.jpg,21.706159591674805
7420,/nas-ctm01/datasets/public/Oxford102Flowers/jpg/image_07421.jpg,image_07421.jpg,22.607080459594727
7421,/nas-ctm01/datasets/public/Oxford102Flowers/jpg/image_07422.jpg,image_07422.jpg,21.276046752929688
7422,/nas-ctm01/datasets/public/Oxford102Flowers/jpg/image_07423.jpg,image_07423.jpg,22.051776885986328
7423,/nas-ctm01/datasets/public/Oxford102Flowers/jpg/image_07424.jpg,image_07424.jpg,22.203353881835938
7424,/nas-ctm01/datasets/public/Oxford102Flowers/jpg/image_07425.jpg,image_07425.jpg,21.850427627563477
7425,/nas-ctm01/datasets/public/Oxford102Flowers/jpg/image_07426.jpg,image_07426.jpg,22.76949691772461
7426,/nas-ctm01/datasets/public/Oxford102Flowers/jpg/image_07427.jpg,image_07427.jpg,22.443986892700195
7427,/nas-ctm01/datasets/public/Oxford102Flowers/jpg/image_07428.jpg,image_07428.jpg,21.42006492614746
7428,/nas-ctm01/datasets/public/Oxford102Flowers/jpg/image_07429.jpg,image_07429.jpg,21.47955322265625
7429,/nas-ctm01/datasets/public/Oxford102Flowers/jpg/image_07430.jpg,image_07430.jpg,21.733379364013672
7430,/nas-ctm01/datasets/public/Oxford102Flowers/jpg/image_07431.jpg,image_07431.jpg,22.162893295288086
7431,/nas-ctm01/datasets/public/Oxford102Flowers/jpg/image_07432.jpg,image_07432.jpg,22.389923095703125
7432,/nas-ctm01/datasets/public/Oxford102Flowers/jpg/image_07433.jpg,image_07433.jpg,22.57986831665039
7433,/nas-ctm01/datasets/public/Oxford102Flowers/jpg/image_07434.jpg,image_07434.jpg,22.0628719329834
7434,/nas-ctm01/datasets/public/Oxford102Flowers/jpg/image_07435.jpg,image_07435.jpg,22.18028450012207
7435,/nas-ctm01/datasets/public/Oxford102Flowers/jpg/image_07436.jpg,image_07436.jpg,22.149826049804688
7436,/nas-ctm01/datasets/public/Oxford102Flowers/jpg/image_07437.jpg,image_07437.jpg,21.551807403564453
7437,/nas-ctm01/datasets/public/Oxford102Flowers/jpg/image_07438.jpg,image_07438.jpg,21.557193756103516
7438,/nas-ctm01/datasets/public/Oxford102Flowers/jpg/image_07439.jpg,image_07439.jpg,22.698932647705078
7439,/nas-ctm01/datasets/public/Oxford102Flowers/jpg/image_07440.jpg,image_07440.jpg,21.443740844726562
7440,/nas-ctm01/datasets/public/Oxford102Flowers/jpg/image_07441.jpg,image_07441.jpg,22.107271194458008
7441,/nas-ctm01/datasets/public/Oxford102Flowers/jpg/image_07442.jpg,image_07442.jpg,22.279645919799805
7442,/nas-ctm01/datasets/public/Oxford102Flowers/jpg/image_07443.jpg,image_07443.jpg,22.4310302734375
7443,/nas-ctm01/datasets/public/Oxford102Flowers/jpg/image_07444.jpg,image_07444.jpg,20.878189086914062
7444,/nas-ctm01/datasets/public/Oxford102Flowers/jpg/image_07445.jpg,image_07445.jpg,22.848041534423828
7445,/nas-ctm01/datasets/public/Oxford102Flowers/jpg/image_07446.jpg,image_07446.jpg,21.142738342285156
7446,/nas-ctm01/datasets/public/Oxford102Flowers/jpg/image_07447.jpg,image_07447.jpg,22.041189193725586
7447,/nas-ctm01/datasets/public/Oxford102Flowers/jpg/image_07448.jpg,image_07448.jpg,22.74826431274414
7448,/nas-ctm01/datasets/public/Oxford102Flowers/jpg/image_07449.jpg,image_07449.jpg,22.349430084228516
7449,/nas-ctm01/datasets/public/Oxford102Flowers/jpg/image_07450.jpg,image_07450.jpg,21.358640670776367
7450,/nas-ctm01/datasets/public/Oxford102Flowers/jpg/image_07451.jpg,image_07451.jpg,22.460670471191406
7451,/nas-ctm01/datasets/public/Oxford102Flowers/jpg/image_07452.jpg,image_07452.jpg,21.972251892089844
7452,/nas-ctm01/datasets/public/Oxford102Flowers/jpg/image_07453.jpg,image_07453.jpg,21.956315994262695
7453,/nas-ctm01/datasets/public/Oxford102Flowers/jpg/image_07454.jpg,image_07454.jpg,22.26831817626953
7454,/nas-ctm01/datasets/public/Oxford102Flowers/jpg/image_07455.jpg,image_07455.jpg,22.876405715942383
7455,/nas-ctm01/datasets/public/Oxford102Flowers/jpg/image_07456.jpg,image_07456.jpg,22.00717544555664
7456,/nas-ctm01/datasets/public/Oxford102Flowers/jpg/image_07457.jpg,image_07457.jpg,21.818105697631836
7457,/nas-ctm01/datasets/public/Oxford102Flowers/jpg/image_07458.jpg,image_07458.jpg,21.88798713684082
7458,/nas-ctm01/datasets/public/Oxford102Flowers/jpg/image_07459.jpg,image_07459.jpg,21.722030639648438
7459,/nas-ctm01/datasets/public/Oxford102Flowers/jpg/image_07460.jpg,image_07460.jpg,21.565826416015625
7460,/nas-ctm01/datasets/public/Oxford102Flowers/jpg/image_07461.jpg,image_07461.jpg,21.9228458404541
7461,/nas-ctm01/datasets/public/Oxford102Flowers/jpg/image_07462.jpg,image_07462.jpg,22.48536491394043
7462,/nas-ctm01/datasets/public/Oxford102Flowers/jpg/image_07463.jpg,image_07463.jpg,21.93587875366211
7463,/nas-ctm01/datasets/public/Oxford102Flowers/jpg/image_07464.jpg,image_07464.jpg,22.232736587524414
7464,/nas-ctm01/datasets/public/Oxford102Flowers/jpg/image_07465.jpg,image_07465.jpg,22.074859619140625
7465,/nas-ctm01/datasets/public/Oxford102Flowers/jpg/image_07466.jpg,image_07466.jpg,21.911767959594727
7466,/nas-ctm01/datasets/public/Oxford102Flowers/jpg/image_07467.jpg,image_07467.jpg,22.126941680908203
7467,/nas-ctm01/datasets/public/Oxford102Flowers/jpg/image_07468.jpg,image_07468.jpg,22.2423152923584
7468,/nas-ctm01/datasets/public/Oxford102Flowers/jpg/image_07469.jpg,image_07469.jpg,22.607425689697266
7469,/nas-ctm01/datasets/public/Oxford102Flowers/jpg/image_07470.jpg,image_07470.jpg,21.869619369506836
7470,/nas-ctm01/datasets/public/Oxford102Flowers/jpg/image_07471.jpg,image_07471.jpg,20.552221298217773
7471,/nas-ctm01/datasets/public/Oxford102Flowers/jpg/image_07472.jpg,image_07472.jpg,21.162883758544922
7472,/nas-ctm01/datasets/public/Oxford102Flowers/jpg/image_07473.jpg,image_07473.jpg,22.2614803314209
7473,/nas-ctm01/datasets/public/Oxford102Flowers/jpg/image_07474.jpg,image_07474.jpg,22.643356323242188
7474,/nas-ctm01/datasets/public/Oxford102Flowers/jpg/image_07475.jpg,image_07475.jpg,21.376161575317383
7475,/nas-ctm01/datasets/public/Oxford102Flowers/jpg/image_07476.jpg,image_07476.jpg,21.60162925720215
7476,/nas-ctm01/datasets/public/Oxford102Flowers/jpg/image_07477.jpg,image_07477.jpg,22.12921142578125
7477,/nas-ctm01/datasets/public/Oxford102Flowers/jpg/image_07478.jpg,image_07478.jpg,21.741243362426758
7478,/nas-ctm01/datasets/public/Oxford102Flowers/jpg/image_07479.jpg,image_07479.jpg,22.494009017944336
7479,/nas-ctm01/datasets/public/Oxford102Flowers/jpg/image_07480.jpg,image_07480.jpg,22.610681533813477
7480,/nas-ctm01/datasets/public/Oxford102Flowers/jpg/image_07481.jpg,image_07481.jpg,20.572025299072266
7481,/nas-ctm01/datasets/public/Oxford102Flowers/jpg/image_07482.jpg,image_07482.jpg,22.012208938598633
7482,/nas-ctm01/datasets/public/Oxford102Flowers/jpg/image_07483.jpg,image_07483.jpg,20.561519622802734
7483,/nas-ctm01/datasets/public/Oxford102Flowers/jpg/image_07484.jpg,image_07484.jpg,23.99881362915039
7484,/nas-ctm01/datasets/public/Oxford102Flowers/jpg/image_07485.jpg,image_07485.jpg,23.831836700439453
7485,/nas-ctm01/datasets/public/Oxford102Flowers/jpg/image_07486.jpg,image_07486.jpg,22.045873641967773
7486,/nas-ctm01/datasets/public/Oxford102Flowers/jpg/image_07487.jpg,image_07487.jpg,22.91720962524414
7487,/nas-ctm01/datasets/public/Oxford102Flowers/jpg/image_07488.jpg,image_07488.jpg,21.724342346191406
7488,/nas-ctm01/datasets/public/Oxford102Flowers/jpg/image_07489.jpg,image_07489.jpg,23.425106048583984
7489,/nas-ctm01/datasets/public/Oxford102Flowers/jpg/image_07490.jpg,image_07490.jpg,21.103504180908203
7490,/nas-ctm01/datasets/public/Oxford102Flowers/jpg/image_07491.jpg,image_07491.jpg,21.993268966674805
7491,/nas-ctm01/datasets/public/Oxford102Flowers/jpg/image_07492.jpg,image_07492.jpg,21.500511169433594
7492,/nas-ctm01/datasets/public/Oxford102Flowers/jpg/image_07493.jpg,image_07493.jpg,22.31299591064453
7493,/nas-ctm01/datasets/public/Oxford102Flowers/jpg/image_07494.jpg,image_07494.jpg,21.198081970214844
7494,/nas-ctm01/datasets/public/Oxford102Flowers/jpg/image_07495.jpg,image_07495.jpg,22.91754722595215
7495,/nas-ctm01/datasets/public/Oxford102Flowers/jpg/image_07496.jpg,image_07496.jpg,21.55907440185547
7496,/nas-ctm01/datasets/public/Oxford102Flowers/jpg/image_07497.jpg,image_07497.jpg,22.55754280090332
7497,/nas-ctm01/datasets/public/Oxford102Flowers/jpg/image_07498.jpg,image_07498.jpg,22.059738159179688
7498,/nas-ctm01/datasets/public/Oxford102Flowers/jpg/image_07499.jpg,image_07499.jpg,22.263919830322266
7499,/nas-ctm01/datasets/public/Oxford102Flowers/jpg/image_07500.jpg,image_07500.jpg,23.16375160217285
7500,/nas-ctm01/datasets/public/Oxford102Flowers/jpg/image_07501.jpg,image_07501.jpg,22.384462356567383
7501,/nas-ctm01/datasets/public/Oxford102Flowers/jpg/image_07502.jpg,image_07502.jpg,23.338407516479492
7502,/nas-ctm01/datasets/public/Oxford102Flowers/jpg/image_07503.jpg,image_07503.jpg,21.356212615966797
7503,/nas-ctm01/datasets/public/Oxford102Flowers/jpg/image_07504.jpg,image_07504.jpg,23.812410354614258
7504,/nas-ctm01/datasets/public/Oxford102Flowers/jpg/image_07505.jpg,image_07505.jpg,21.60605239868164
7505,/nas-ctm01/datasets/public/Oxford102Flowers/jpg/image_07506.jpg,image_07506.jpg,21.90924835205078
7506,/nas-ctm01/datasets/public/Oxford102Flowers/jpg/image_07507.jpg,image_07507.jpg,21.90837860107422
7507,/nas-ctm01/datasets/public/Oxford102Flowers/jpg/image_07508.jpg,image_07508.jpg,22.247032165527344
7508,/nas-ctm01/datasets/public/Oxford102Flowers/jpg/image_07509.jpg,image_07509.jpg,22.668899536132812
7509,/nas-ctm01/datasets/public/Oxford102Flowers/jpg/image_07510.jpg,image_07510.jpg,21.75581169128418
7510,/nas-ctm01/datasets/public/Oxford102Flowers/jpg/image_07511.jpg,image_07511.jpg,21.082794189453125
7511,/nas-ctm01/datasets/public/Oxford102Flowers/jpg/image_07512.jpg,image_07512.jpg,21.8543701171875
7512,/nas-ctm01/datasets/public/Oxford102Flowers/jpg/image_07513.jpg,image_07513.jpg,21.61503028869629
7513,/nas-ctm01/datasets/public/Oxford102Flowers/jpg/image_07514.jpg,image_07514.jpg,22.38897705078125
7514,/nas-ctm01/datasets/public/Oxford102Flowers/jpg/image_07515.jpg,image_07515.jpg,23.056743621826172
7515,/nas-ctm01/datasets/public/Oxford102Flowers/jpg/image_07516.jpg,image_07516.jpg,21.56682586669922
7516,/nas-ctm01/datasets/public/Oxford102Flowers/jpg/image_07517.jpg,image_07517.jpg,22.196203231811523
7517,/nas-ctm01/datasets/public/Oxford102Flowers/jpg/image_07518.jpg,image_07518.jpg,21.23406982421875
7518,/nas-ctm01/datasets/public/Oxford102Flowers/jpg/image_07519.jpg,image_07519.jpg,22.54421043395996
7519,/nas-ctm01/datasets/public/Oxford102Flowers/jpg/image_07520.jpg,image_07520.jpg,21.826885223388672
7520,/nas-ctm01/datasets/public/Oxford102Flowers/jpg/image_07521.jpg,image_07521.jpg,21.659292221069336
7521,/nas-ctm01/datasets/public/Oxford102Flowers/jpg/image_07522.jpg,image_07522.jpg,22.18025779724121
7522,/nas-ctm01/datasets/public/Oxford102Flowers/jpg/image_07523.jpg,image_07523.jpg,22.390201568603516
7523,/nas-ctm01/datasets/public/Oxford102Flowers/jpg/image_07524.jpg,image_07524.jpg,21.196168899536133
7524,/nas-ctm01/datasets/public/Oxford102Flowers/jpg/image_07525.jpg,image_07525.jpg,21.3239688873291
7525,/nas-ctm01/datasets/public/Oxford102Flowers/jpg/image_07526.jpg,image_07526.jpg,22.255496978759766
7526,/nas-ctm01/datasets/public/Oxford102Flowers/jpg/image_07527.jpg,image_07527.jpg,22.541305541992188
7527,/nas-ctm01/datasets/public/Oxford102Flowers/jpg/image_07528.jpg,image_07528.jpg,21.52776336669922
7528,/nas-ctm01/datasets/public/Oxford102Flowers/jpg/image_07529.jpg,image_07529.jpg,22.053529739379883
7529,/nas-ctm01/datasets/public/Oxford102Flowers/jpg/image_07530.jpg,image_07530.jpg,22.256181716918945
7530,/nas-ctm01/datasets/public/Oxford102Flowers/jpg/image_07531.jpg,image_07531.jpg,20.89639663696289
7531,/nas-ctm01/datasets/public/Oxford102Flowers/jpg/image_07532.jpg,image_07532.jpg,20.9692325592041
7532,/nas-ctm01/datasets/public/Oxford102Flowers/jpg/image_07533.jpg,image_07533.jpg,21.788522720336914
7533,/nas-ctm01/datasets/public/Oxford102Flowers/jpg/image_07534.jpg,image_07534.jpg,22.839372634887695
7534,/nas-ctm01/datasets/public/Oxford102Flowers/jpg/image_07535.jpg,image_07535.jpg,21.191564559936523
7535,/nas-ctm01/datasets/public/Oxford102Flowers/jpg/image_07536.jpg,image_07536.jpg,22.04374122619629
7536,/nas-ctm01/datasets/public/Oxford102Flowers/jpg/image_07537.jpg,image_07537.jpg,20.75069808959961
7537,/nas-ctm01/datasets/public/Oxford102Flowers/jpg/image_07538.jpg,image_07538.jpg,20.617515563964844
7538,/nas-ctm01/datasets/public/Oxford102Flowers/jpg/image_07539.jpg,image_07539.jpg,21.85891342163086
7539,/nas-ctm01/datasets/public/Oxford102Flowers/jpg/image_07540.jpg,image_07540.jpg,22.41326332092285
7540,/nas-ctm01/datasets/public/Oxford102Flowers/jpg/image_07541.jpg,image_07541.jpg,22.411041259765625
7541,/nas-ctm01/datasets/public/Oxford102Flowers/jpg/image_07542.jpg,image_07542.jpg,20.571298599243164
7542,/nas-ctm01/datasets/public/Oxford102Flowers/jpg/image_07543.jpg,image_07543.jpg,21.331724166870117
7543,/nas-ctm01/datasets/public/Oxford102Flowers/jpg/image_07544.jpg,image_07544.jpg,22.231294631958008
7544,/nas-ctm01/datasets/public/Oxford102Flowers/jpg/image_07545.jpg,image_07545.jpg,22.619766235351562
7545,/nas-ctm01/datasets/public/Oxford102Flowers/jpg/image_07546.jpg,image_07546.jpg,22.72933578491211
7546,/nas-ctm01/datasets/public/Oxford102Flowers/jpg/image_07547.jpg,image_07547.jpg,20.652645111083984
7547,/nas-ctm01/datasets/public/Oxford102Flowers/jpg/image_07548.jpg,image_07548.jpg,22.31466293334961
7548,/nas-ctm01/datasets/public/Oxford102Flowers/jpg/image_07549.jpg,image_07549.jpg,22.059934616088867
7549,/nas-ctm01/datasets/public/Oxford102Flowers/jpg/image_07550.jpg,image_07550.jpg,21.95469093322754
7550,/nas-ctm01/datasets/public/Oxford102Flowers/jpg/image_07551.jpg,image_07551.jpg,22.558727264404297
7551,/nas-ctm01/datasets/public/Oxford102Flowers/jpg/image_07552.jpg,image_07552.jpg,22.936717987060547
7552,/nas-ctm01/datasets/public/Oxford102Flowers/jpg/image_07553.jpg,image_07553.jpg,22.025989532470703
7553,/nas-ctm01/datasets/public/Oxford102Flowers/jpg/image_07554.jpg,image_07554.jpg,21.268356323242188
7554,/nas-ctm01/datasets/public/Oxford102Flowers/jpg/image_07555.jpg,image_07555.jpg,22.414011001586914
7555,/nas-ctm01/datasets/public/Oxford102Flowers/jpg/image_07556.jpg,image_07556.jpg,21.786611557006836
7556,/nas-ctm01/datasets/public/Oxford102Flowers/jpg/image_07557.jpg,image_07557.jpg,21.645980834960938
7557,/nas-ctm01/datasets/public/Oxford102Flowers/jpg/image_07558.jpg,image_07558.jpg,22.79958724975586
7558,/nas-ctm01/datasets/public/Oxford102Flowers/jpg/image_07559.jpg,image_07559.jpg,22.177295684814453
7559,/nas-ctm01/datasets/public/Oxford102Flowers/jpg/image_07560.jpg,image_07560.jpg,21.06114959716797
7560,/nas-ctm01/datasets/public/Oxford102Flowers/jpg/image_07561.jpg,image_07561.jpg,22.40969467163086
7561,/nas-ctm01/datasets/public/Oxford102Flowers/jpg/image_07562.jpg,image_07562.jpg,22.812841415405273
7562,/nas-ctm01/datasets/public/Oxford102Flowers/jpg/image_07563.jpg,image_07563.jpg,21.171772003173828
7563,/nas-ctm01/datasets/public/Oxford102Flowers/jpg/image_07564.jpg,image_07564.jpg,21.673534393310547
7564,/nas-ctm01/datasets/public/Oxford102Flowers/jpg/image_07565.jpg,image_07565.jpg,23.08367347717285
7565,/nas-ctm01/datasets/public/Oxford102Flowers/jpg/image_07566.jpg,image_07566.jpg,22.05115509033203
7566,/nas-ctm01/datasets/public/Oxford102Flowers/jpg/image_07567.jpg,image_07567.jpg,21.917062759399414
7567,/nas-ctm01/datasets/public/Oxford102Flowers/jpg/image_07568.jpg,image_07568.jpg,21.643474578857422
7568,/nas-ctm01/datasets/public/Oxford102Flowers/jpg/image_07569.jpg,image_07569.jpg,22.176179885864258
7569,/nas-ctm01/datasets/public/Oxford102Flowers/jpg/image_07570.jpg,image_07570.jpg,21.18282127380371
7570,/nas-ctm01/datasets/public/Oxford102Flowers/jpg/image_07571.jpg,image_07571.jpg,22.924413681030273
7571,/nas-ctm01/datasets/public/Oxford102Flowers/jpg/image_07572.jpg,image_07572.jpg,22.032922744750977
7572,/nas-ctm01/datasets/public/Oxford102Flowers/jpg/image_07573.jpg,image_07573.jpg,21.377666473388672
7573,/nas-ctm01/datasets/public/Oxford102Flowers/jpg/image_07574.jpg,image_07574.jpg,22.424049377441406
7574,/nas-ctm01/datasets/public/Oxford102Flowers/jpg/image_07575.jpg,image_07575.jpg,22.91012954711914
7575,/nas-ctm01/datasets/public/Oxford102Flowers/jpg/image_07576.jpg,image_07576.jpg,20.889129638671875
7576,/nas-ctm01/datasets/public/Oxford102Flowers/jpg/image_07577.jpg,image_07577.jpg,21.707693099975586
7577,/nas-ctm01/datasets/public/Oxford102Flowers/jpg/image_07578.jpg,image_07578.jpg,22.034231185913086
7578,/nas-ctm01/datasets/public/Oxford102Flowers/jpg/image_07579.jpg,image_07579.jpg,20.415672302246094
7579,/nas-ctm01/datasets/public/Oxford102Flowers/jpg/image_07580.jpg,image_07580.jpg,21.312715530395508
7580,/nas-ctm01/datasets/public/Oxford102Flowers/jpg/image_07581.jpg,image_07581.jpg,21.93570899963379
7581,/nas-ctm01/datasets/public/Oxford102Flowers/jpg/image_07582.jpg,image_07582.jpg,23.47893524169922
7582,/nas-ctm01/datasets/public/Oxford102Flowers/jpg/image_07583.jpg,image_07583.jpg,20.667444229125977
7583,/nas-ctm01/datasets/public/Oxford102Flowers/jpg/image_07584.jpg,image_07584.jpg,20.6306095123291
7584,/nas-ctm01/datasets/public/Oxford102Flowers/jpg/image_07585.jpg,image_07585.jpg,22.11281394958496
7585,/nas-ctm01/datasets/public/Oxford102Flowers/jpg/image_07586.jpg,image_07586.jpg,22.708391189575195
7586,/nas-ctm01/datasets/public/Oxford102Flowers/jpg/image_07587.jpg,image_07587.jpg,22.51595115661621
7587,/nas-ctm01/datasets/public/Oxford102Flowers/jpg/image_07588.jpg,image_07588.jpg,22.861570358276367
7588,/nas-ctm01/datasets/public/Oxford102Flowers/jpg/image_07589.jpg,image_07589.jpg,21.686182022094727
7589,/nas-ctm01/datasets/public/Oxford102Flowers/jpg/image_07590.jpg,image_07590.jpg,22.645816802978516
7590,/nas-ctm01/datasets/public/Oxford102Flowers/jpg/image_07591.jpg,image_07591.jpg,21.721343994140625
7591,/nas-ctm01/datasets/public/Oxford102Flowers/jpg/image_07592.jpg,image_07592.jpg,21.950542449951172
7592,/nas-ctm01/datasets/public/Oxford102Flowers/jpg/image_07593.jpg,image_07593.jpg,22.50960922241211
7593,/nas-ctm01/datasets/public/Oxford102Flowers/jpg/image_07594.jpg,image_07594.jpg,23.340068817138672
7594,/nas-ctm01/datasets/public/Oxford102Flowers/jpg/image_07595.jpg,image_07595.jpg,22.59822654724121
7595,/nas-ctm01/datasets/public/Oxford102Flowers/jpg/image_07596.jpg,image_07596.jpg,22.914213180541992
7596,/nas-ctm01/datasets/public/Oxford102Flowers/jpg/image_07597.jpg,image_07597.jpg,22.32908821105957
7597,/nas-ctm01/datasets/public/Oxford102Flowers/jpg/image_07598.jpg,image_07598.jpg,22.286901473999023
7598,/nas-ctm01/datasets/public/Oxford102Flowers/jpg/image_07599.jpg,image_07599.jpg,23.28036117553711
7599,/nas-ctm01/datasets/public/Oxford102Flowers/jpg/image_07600.jpg,image_07600.jpg,22.37788200378418
7600,/nas-ctm01/datasets/public/Oxford102Flowers/jpg/image_07601.jpg,image_07601.jpg,22.91790008544922
7601,/nas-ctm01/datasets/public/Oxford102Flowers/jpg/image_07602.jpg,image_07602.jpg,23.550264358520508
7602,/nas-ctm01/datasets/public/Oxford102Flowers/jpg/image_07603.jpg,image_07603.jpg,22.4237117767334
7603,/nas-ctm01/datasets/public/Oxford102Flowers/jpg/image_07604.jpg,image_07604.jpg,22.935077667236328
7604,/nas-ctm01/datasets/public/Oxford102Flowers/jpg/image_07605.jpg,image_07605.jpg,23.764564514160156
7605,/nas-ctm01/datasets/public/Oxford102Flowers/jpg/image_07606.jpg,image_07606.jpg,20.875091552734375
7606,/nas-ctm01/datasets/public/Oxford102Flowers/jpg/image_07607.jpg,image_07607.jpg,20.78209114074707
7607,/nas-ctm01/datasets/public/Oxford102Flowers/jpg/image_07608.jpg,image_07608.jpg,22.500675201416016
7608,/nas-ctm01/datasets/public/Oxford102Flowers/jpg/image_07609.jpg,image_07609.jpg,23.218257904052734
7609,/nas-ctm01/datasets/public/Oxford102Flowers/jpg/image_07610.jpg,image_07610.jpg,22.445934295654297
7610,/nas-ctm01/datasets/public/Oxford102Flowers/jpg/image_07611.jpg,image_07611.jpg,22.80428695678711
7611,/nas-ctm01/datasets/public/Oxford102Flowers/jpg/image_07612.jpg,image_07612.jpg,22.814067840576172
7612,/nas-ctm01/datasets/public/Oxford102Flowers/jpg/image_07613.jpg,image_07613.jpg,22.910873413085938
7613,/nas-ctm01/datasets/public/Oxford102Flowers/jpg/image_07614.jpg,image_07614.jpg,23.152854919433594
7614,/nas-ctm01/datasets/public/Oxford102Flowers/jpg/image_07615.jpg,image_07615.jpg,23.062652587890625
7615,/nas-ctm01/datasets/public/Oxford102Flowers/jpg/image_07616.jpg,image_07616.jpg,22.815982818603516
7616,/nas-ctm01/datasets/public/Oxford102Flowers/jpg/image_07617.jpg,image_07617.jpg,23.441469192504883
7617,/nas-ctm01/datasets/public/Oxford102Flowers/jpg/image_07618.jpg,image_07618.jpg,23.53882598876953
7618,/nas-ctm01/datasets/public/Oxford102Flowers/jpg/image_07619.jpg,image_07619.jpg,23.10304832458496
7619,/nas-ctm01/datasets/public/Oxford102Flowers/jpg/image_07620.jpg,image_07620.jpg,23.000232696533203
7620,/nas-ctm01/datasets/public/Oxford102Flowers/jpg/image_07621.jpg,image_07621.jpg,22.208438873291016
7621,/nas-ctm01/datasets/public/Oxford102Flowers/jpg/image_07622.jpg,image_07622.jpg,22.661392211914062
7622,/nas-ctm01/datasets/public/Oxford102Flowers/jpg/image_07623.jpg,image_07623.jpg,22.635169982910156
7623,/nas-ctm01/datasets/public/Oxford102Flowers/jpg/image_07624.jpg,image_07624.jpg,23.324615478515625
7624,/nas-ctm01/datasets/public/Oxford102Flowers/jpg/image_07625.jpg,image_07625.jpg,22.956071853637695
7625,/nas-ctm01/datasets/public/Oxford102Flowers/jpg/image_07626.jpg,image_07626.jpg,22.800052642822266
7626,/nas-ctm01/datasets/public/Oxford102Flowers/jpg/image_07627.jpg,image_07627.jpg,21.81824493408203
7627,/nas-ctm01/datasets/public/Oxford102Flowers/jpg/image_07628.jpg,image_07628.jpg,23.297901153564453
7628,/nas-ctm01/datasets/public/Oxford102Flowers/jpg/image_07629.jpg,image_07629.jpg,22.860761642456055
7629,/nas-ctm01/datasets/public/Oxford102Flowers/jpg/image_07630.jpg,image_07630.jpg,22.961021423339844
7630,/nas-ctm01/datasets/public/Oxford102Flowers/jpg/image_07631.jpg,image_07631.jpg,22.551010131835938
7631,/nas-ctm01/datasets/public/Oxford102Flowers/jpg/image_07632.jpg,image_07632.jpg,23.207082748413086
7632,/nas-ctm01/datasets/public/Oxford102Flowers/jpg/image_07633.jpg,image_07633.jpg,22.620790481567383
7633,/nas-ctm01/datasets/public/Oxford102Flowers/jpg/image_07634.jpg,image_07634.jpg,22.995155334472656
7634,/nas-ctm01/datasets/public/Oxford102Flowers/jpg/image_07635.jpg,image_07635.jpg,23.144474029541016
7635,/nas-ctm01/datasets/public/Oxford102Flowers/jpg/image_07636.jpg,image_07636.jpg,23.00278663635254
7636,/nas-ctm01/datasets/public/Oxford102Flowers/jpg/image_07637.jpg,image_07637.jpg,22.953710556030273
7637,/nas-ctm01/datasets/public/Oxford102Flowers/jpg/image_07638.jpg,image_07638.jpg,23.044818878173828
7638,/nas-ctm01/datasets/public/Oxford102Flowers/jpg/image_07639.jpg,image_07639.jpg,23.024309158325195
7639,/nas-ctm01/datasets/public/Oxford102Flowers/jpg/image_07640.jpg,image_07640.jpg,22.904712677001953
7640,/nas-ctm01/datasets/public/Oxford102Flowers/jpg/image_07641.jpg,image_07641.jpg,23.289934158325195
7641,/nas-ctm01/datasets/public/Oxford102Flowers/jpg/image_07642.jpg,image_07642.jpg,22.21810531616211
7642,/nas-ctm01/datasets/public/Oxford102Flowers/jpg/image_07643.jpg,image_07643.jpg,22.810546875
7643,/nas-ctm01/datasets/public/Oxford102Flowers/jpg/image_07644.jpg,image_07644.jpg,22.803998947143555
7644,/nas-ctm01/datasets/public/Oxford102Flowers/jpg/image_07645.jpg,image_07645.jpg,23.465869903564453
7645,/nas-ctm01/datasets/public/Oxford102Flowers/jpg/image_07646.jpg,image_07646.jpg,22.609025955200195
7646,/nas-ctm01/datasets/public/Oxford102Flowers/jpg/image_07647.jpg,image_07647.jpg,22.756948471069336
7647,/nas-ctm01/datasets/public/Oxford102Flowers/jpg/image_07648.jpg,image_07648.jpg,22.921709060668945
7648,/nas-ctm01/datasets/public/Oxford102Flowers/jpg/image_07649.jpg,image_07649.jpg,22.012651443481445
7649,/nas-ctm01/datasets/public/Oxford102Flowers/jpg/image_07650.jpg,image_07650.jpg,22.326271057128906
7650,/nas-ctm01/datasets/public/Oxford102Flowers/jpg/image_07651.jpg,image_07651.jpg,21.17564582824707
7651,/nas-ctm01/datasets/public/Oxford102Flowers/jpg/image_07652.jpg,image_07652.jpg,23.074039459228516
7652,/nas-ctm01/datasets/public/Oxford102Flowers/jpg/image_07653.jpg,image_07653.jpg,22.583141326904297
7653,/nas-ctm01/datasets/public/Oxford102Flowers/jpg/image_07654.jpg,image_07654.jpg,23.40719985961914
7654,/nas-ctm01/datasets/public/Oxford102Flowers/jpg/image_07655.jpg,image_07655.jpg,22.569467544555664
7655,/nas-ctm01/datasets/public/Oxford102Flowers/jpg/image_07656.jpg,image_07656.jpg,22.81879234313965
7656,/nas-ctm01/datasets/public/Oxford102Flowers/jpg/image_07657.jpg,image_07657.jpg,21.636545181274414
7657,/nas-ctm01/datasets/public/Oxford102Flowers/jpg/image_07658.jpg,image_07658.jpg,22.628076553344727
7658,/nas-ctm01/datasets/public/Oxford102Flowers/jpg/image_07659.jpg,image_07659.jpg,22.62041664123535
7659,/nas-ctm01/datasets/public/Oxford102Flowers/jpg/image_07660.jpg,image_07660.jpg,24.058879852294922
7660,/nas-ctm01/datasets/public/Oxford102Flowers/jpg/image_07661.jpg,image_07661.jpg,22.87143325805664
7661,/nas-ctm01/datasets/public/Oxford102Flowers/jpg/image_07662.jpg,image_07662.jpg,23.225757598876953
7662,/nas-ctm01/datasets/public/Oxford102Flowers/jpg/image_07663.jpg,image_07663.jpg,22.870311737060547
7663,/nas-ctm01/datasets/public/Oxford102Flowers/jpg/image_07664.jpg,image_07664.jpg,22.1811466217041
7664,/nas-ctm01/datasets/public/Oxford102Flowers/jpg/image_07665.jpg,image_07665.jpg,23.147310256958008
7665,/nas-ctm01/datasets/public/Oxford102Flowers/jpg/image_07666.jpg,image_07666.jpg,22.42612075805664
7666,/nas-ctm01/datasets/public/Oxford102Flowers/jpg/image_07667.jpg,image_07667.jpg,22.43907928466797
7667,/nas-ctm01/datasets/public/Oxford102Flowers/jpg/image_07668.jpg,image_07668.jpg,23.092695236206055
7668,/nas-ctm01/datasets/public/Oxford102Flowers/jpg/image_07669.jpg,image_07669.jpg,22.162282943725586
7669,/nas-ctm01/datasets/public/Oxford102Flowers/jpg/image_07670.jpg,image_07670.jpg,20.879653930664062
7670,/nas-ctm01/datasets/public/Oxford102Flowers/jpg/image_07671.jpg,image_07671.jpg,23.1571044921875
7671,/nas-ctm01/datasets/public/Oxford102Flowers/jpg/image_07672.jpg,image_07672.jpg,22.72698211669922
7672,/nas-ctm01/datasets/public/Oxford102Flowers/jpg/image_07673.jpg,image_07673.jpg,21.427988052368164
7673,/nas-ctm01/datasets/public/Oxford102Flowers/jpg/image_07674.jpg,image_07674.jpg,20.77704429626465
7674,/nas-ctm01/datasets/public/Oxford102Flowers/jpg/image_07675.jpg,image_07675.jpg,21.06635093688965
7675,/nas-ctm01/datasets/public/Oxford102Flowers/jpg/image_07676.jpg,image_07676.jpg,20.778047561645508
7676,/nas-ctm01/datasets/public/Oxford102Flowers/jpg/image_07677.jpg,image_07677.jpg,21.394775390625
7677,/nas-ctm01/datasets/public/Oxford102Flowers/jpg/image_07678.jpg,image_07678.jpg,21.120481491088867
7678,/nas-ctm01/datasets/public/Oxford102Flowers/jpg/image_07679.jpg,image_07679.jpg,20.67392349243164
7679,/nas-ctm01/datasets/public/Oxford102Flowers/jpg/image_07680.jpg,image_07680.jpg,21.451656341552734
7680,/nas-ctm01/datasets/public/Oxford102Flowers/jpg/image_07681.jpg,image_07681.jpg,20.737802505493164
7681,/nas-ctm01/datasets/public/Oxford102Flowers/jpg/image_07682.jpg,image_07682.jpg,21.30841064453125
7682,/nas-ctm01/datasets/public/Oxford102Flowers/jpg/image_07683.jpg,image_07683.jpg,20.93442153930664
7683,/nas-ctm01/datasets/public/Oxford102Flowers/jpg/image_07684.jpg,image_07684.jpg,20.81642723083496
7684,/nas-ctm01/datasets/public/Oxford102Flowers/jpg/image_07685.jpg,image_07685.jpg,22.024145126342773
7685,/nas-ctm01/datasets/public/Oxford102Flowers/jpg/image_07686.jpg,image_07686.jpg,22.502910614013672
7686,/nas-ctm01/datasets/public/Oxford102Flowers/jpg/image_07687.jpg,image_07687.jpg,21.227092742919922
7687,/nas-ctm01/datasets/public/Oxford102Flowers/jpg/image_07688.jpg,image_07688.jpg,20.849628448486328
7688,/nas-ctm01/datasets/public/Oxford102Flowers/jpg/image_07689.jpg,image_07689.jpg,22.14251136779785
7689,/nas-ctm01/datasets/public/Oxford102Flowers/jpg/image_07690.jpg,image_07690.jpg,21.30131721496582
7690,/nas-ctm01/datasets/public/Oxford102Flowers/jpg/image_07691.jpg,image_07691.jpg,21.455074310302734
7691,/nas-ctm01/datasets/public/Oxford102Flowers/jpg/image_07692.jpg,image_07692.jpg,21.481863021850586
7692,/nas-ctm01/datasets/public/Oxford102Flowers/jpg/image_07693.jpg,image_07693.jpg,21.59232521057129
7693,/nas-ctm01/datasets/public/Oxford102Flowers/jpg/image_07694.jpg,image_07694.jpg,21.606304168701172
7694,/nas-ctm01/datasets/public/Oxford102Flowers/jpg/image_07695.jpg,image_07695.jpg,21.03417205810547
7695,/nas-ctm01/datasets/public/Oxford102Flowers/jpg/image_07696.jpg,image_07696.jpg,21.307451248168945
7696,/nas-ctm01/datasets/public/Oxford102Flowers/jpg/image_07697.jpg,image_07697.jpg,21.567955017089844
7697,/nas-ctm01/datasets/public/Oxford102Flowers/jpg/image_07698.jpg,image_07698.jpg,22.837553024291992
7698,/nas-ctm01/datasets/public/Oxford102Flowers/jpg/image_07699.jpg,image_07699.jpg,21.175464630126953
7699,/nas-ctm01/datasets/public/Oxford102Flowers/jpg/image_07700.jpg,image_07700.jpg,20.755680084228516
7700,/nas-ctm01/datasets/public/Oxford102Flowers/jpg/image_07701.jpg,image_07701.jpg,20.588991165161133
7701,/nas-ctm01/datasets/public/Oxford102Flowers/jpg/image_07702.jpg,image_07702.jpg,21.9135799407959
7702,/nas-ctm01/datasets/public/Oxford102Flowers/jpg/image_07703.jpg,image_07703.jpg,22.146671295166016
7703,/nas-ctm01/datasets/public/Oxford102Flowers/jpg/image_07704.jpg,image_07704.jpg,21.33686065673828
7704,/nas-ctm01/datasets/public/Oxford102Flowers/jpg/image_07705.jpg,image_07705.jpg,21.176950454711914
7705,/nas-ctm01/datasets/public/Oxford102Flowers/jpg/image_07706.jpg,image_07706.jpg,21.26936149597168
7706,/nas-ctm01/datasets/public/Oxford102Flowers/jpg/image_07707.jpg,image_07707.jpg,20.90806770324707
7707,/nas-ctm01/datasets/public/Oxford102Flowers/jpg/image_07708.jpg,image_07708.jpg,21.840566635131836
7708,/nas-ctm01/datasets/public/Oxford102Flowers/jpg/image_07709.jpg,image_07709.jpg,21.081743240356445
7709,/nas-ctm01/datasets/public/Oxford102Flowers/jpg/image_07710.jpg,image_07710.jpg,21.600481033325195
7710,/nas-ctm01/datasets/public/Oxford102Flowers/jpg/image_07711.jpg,image_07711.jpg,21.23187828063965
7711,/nas-ctm01/datasets/public/Oxford102Flowers/jpg/image_07712.jpg,image_07712.jpg,22.02090072631836
7712,/nas-ctm01/datasets/public/Oxford102Flowers/jpg/image_07713.jpg,image_07713.jpg,19.96136474609375
7713,/nas-ctm01/datasets/public/Oxford102Flowers/jpg/image_07714.jpg,image_07714.jpg,21.01931381225586
7714,/nas-ctm01/datasets/public/Oxford102Flowers/jpg/image_07715.jpg,image_07715.jpg,20.425966262817383
7715,/nas-ctm01/datasets/public/Oxford102Flowers/jpg/image_07716.jpg,image_07716.jpg,20.292036056518555
7716,/nas-ctm01/datasets/public/Oxford102Flowers/jpg/image_07717.jpg,image_07717.jpg,21.116392135620117
7717,/nas-ctm01/datasets/public/Oxford102Flowers/jpg/image_07718.jpg,image_07718.jpg,20.544231414794922
7718,/nas-ctm01/datasets/public/Oxford102Flowers/jpg/image_07719.jpg,image_07719.jpg,20.71202850341797
7719,/nas-ctm01/datasets/public/Oxford102Flowers/jpg/image_07720.jpg,image_07720.jpg,21.889305114746094
7720,/nas-ctm01/datasets/public/Oxford102Flowers/jpg/image_07721.jpg,image_07721.jpg,22.24117088317871
7721,/nas-ctm01/datasets/public/Oxford102Flowers/jpg/image_07722.jpg,image_07722.jpg,21.96930503845215
7722,/nas-ctm01/datasets/public/Oxford102Flowers/jpg/image_07723.jpg,image_07723.jpg,21.27213478088379
7723,/nas-ctm01/datasets/public/Oxford102Flowers/jpg/image_07724.jpg,image_07724.jpg,20.95570182800293
7724,/nas-ctm01/datasets/public/Oxford102Flowers/jpg/image_07725.jpg,image_07725.jpg,20.698545455932617
7725,/nas-ctm01/datasets/public/Oxford102Flowers/jpg/image_07726.jpg,image_07726.jpg,20.69995880126953
7726,/nas-ctm01/datasets/public/Oxford102Flowers/jpg/image_07727.jpg,image_07727.jpg,21.37076759338379
7727,/nas-ctm01/datasets/public/Oxford102Flowers/jpg/image_07728.jpg,image_07728.jpg,21.603307723999023
7728,/nas-ctm01/datasets/public/Oxford102Flowers/jpg/image_07729.jpg,image_07729.jpg,21.611343383789062
7729,/nas-ctm01/datasets/public/Oxford102Flowers/jpg/image_07730.jpg,image_07730.jpg,21.169939041137695
7730,/nas-ctm01/datasets/public/Oxford102Flowers/jpg/image_07731.jpg,image_07731.jpg,20.750354766845703
7731,/nas-ctm01/datasets/public/Oxford102Flowers/jpg/image_07732.jpg,image_07732.jpg,20.375900268554688
7732,/nas-ctm01/datasets/public/Oxford102Flowers/jpg/image_07733.jpg,image_07733.jpg,21.176292419433594
7733,/nas-ctm01/datasets/public/Oxford102Flowers/jpg/image_07734.jpg,image_07734.jpg,20.265134811401367
7734,/nas-ctm01/datasets/public/Oxford102Flowers/jpg/image_07735.jpg,image_07735.jpg,20.904809951782227
7735,/nas-ctm01/datasets/public/Oxford102Flowers/jpg/image_07736.jpg,image_07736.jpg,21.16830062866211
7736,/nas-ctm01/datasets/public/Oxford102Flowers/jpg/image_07737.jpg,image_07737.jpg,21.230886459350586
7737,/nas-ctm01/datasets/public/Oxford102Flowers/jpg/image_07738.jpg,image_07738.jpg,21.076025009155273
7738,/nas-ctm01/datasets/public/Oxford102Flowers/jpg/image_07739.jpg,image_07739.jpg,20.296201705932617
7739,/nas-ctm01/datasets/public/Oxford102Flowers/jpg/image_07740.jpg,image_07740.jpg,21.22826385498047
7740,/nas-ctm01/datasets/public/Oxford102Flowers/jpg/image_07741.jpg,image_07741.jpg,21.17605209350586
7741,/nas-ctm01/datasets/public/Oxford102Flowers/jpg/image_07742.jpg,image_07742.jpg,20.733898162841797
7742,/nas-ctm01/datasets/public/Oxford102Flowers/jpg/image_07743.jpg,image_07743.jpg,21.39585304260254
7743,/nas-ctm01/datasets/public/Oxford102Flowers/jpg/image_07744.jpg,image_07744.jpg,21.219751358032227
7744,/nas-ctm01/datasets/public/Oxford102Flowers/jpg/image_07745.jpg,image_07745.jpg,21.176151275634766
7745,/nas-ctm01/datasets/public/Oxford102Flowers/jpg/image_07746.jpg,image_07746.jpg,20.68106460571289
7746,/nas-ctm01/datasets/public/Oxford102Flowers/jpg/image_07747.jpg,image_07747.jpg,21.067689895629883
7747,/nas-ctm01/datasets/public/Oxford102Flowers/jpg/image_07748.jpg,image_07748.jpg,22.342309951782227
7748,/nas-ctm01/datasets/public/Oxford102Flowers/jpg/image_07749.jpg,image_07749.jpg,21.060579299926758
7749,/nas-ctm01/datasets/public/Oxford102Flowers/jpg/image_07750.jpg,image_07750.jpg,20.9119930267334
7750,/nas-ctm01/datasets/public/Oxford102Flowers/jpg/image_07751.jpg,image_07751.jpg,21.95534324645996
7751,/nas-ctm01/datasets/public/Oxford102Flowers/jpg/image_07752.jpg,image_07752.jpg,20.367448806762695
7752,/nas-ctm01/datasets/public/Oxford102Flowers/jpg/image_07753.jpg,image_07753.jpg,21.847291946411133
7753,/nas-ctm01/datasets/public/Oxford102Flowers/jpg/image_07754.jpg,image_07754.jpg,21.341299057006836
7754,/nas-ctm01/datasets/public/Oxford102Flowers/jpg/image_07755.jpg,image_07755.jpg,20.902494430541992
7755,/nas-ctm01/datasets/public/Oxford102Flowers/jpg/image_07756.jpg,image_07756.jpg,21.166114807128906
7756,/nas-ctm01/datasets/public/Oxford102Flowers/jpg/image_07757.jpg,image_07757.jpg,20.57164764404297
7757,/nas-ctm01/datasets/public/Oxford102Flowers/jpg/image_07758.jpg,image_07758.jpg,21.100488662719727
7758,/nas-ctm01/datasets/public/Oxford102Flowers/jpg/image_07759.jpg,image_07759.jpg,21.280292510986328
7759,/nas-ctm01/datasets/public/Oxford102Flowers/jpg/image_07760.jpg,image_07760.jpg,21.002918243408203
7760,/nas-ctm01/datasets/public/Oxford102Flowers/jpg/image_07761.jpg,image_07761.jpg,21.11617660522461
7761,/nas-ctm01/datasets/public/Oxford102Flowers/jpg/image_07762.jpg,image_07762.jpg,20.928720474243164
7762,/nas-ctm01/datasets/public/Oxford102Flowers/jpg/image_07763.jpg,image_07763.jpg,20.908456802368164
7763,/nas-ctm01/datasets/public/Oxford102Flowers/jpg/image_07764.jpg,image_07764.jpg,21.983665466308594
7764,/nas-ctm01/datasets/public/Oxford102Flowers/jpg/image_07765.jpg,image_07765.jpg,22.10474395751953
7765,/nas-ctm01/datasets/public/Oxford102Flowers/jpg/image_07766.jpg,image_07766.jpg,21.443456649780273
7766,/nas-ctm01/datasets/public/Oxford102Flowers/jpg/image_07767.jpg,image_07767.jpg,21.143817901611328
7767,/nas-ctm01/datasets/public/Oxford102Flowers/jpg/image_07768.jpg,image_07768.jpg,21.05668830871582
7768,/nas-ctm01/datasets/public/Oxford102Flowers/jpg/image_07769.jpg,image_07769.jpg,21.108905792236328
7769,/nas-ctm01/datasets/public/Oxford102Flowers/jpg/image_07770.jpg,image_07770.jpg,21.780338287353516
7770,/nas-ctm01/datasets/public/Oxford102Flowers/jpg/image_07771.jpg,image_07771.jpg,21.45496940612793
7771,/nas-ctm01/datasets/public/Oxford102Flowers/jpg/image_07772.jpg,image_07772.jpg,21.07140350341797
7772,/nas-ctm01/datasets/public/Oxford102Flowers/jpg/image_07773.jpg,image_07773.jpg,21.132898330688477
7773,/nas-ctm01/datasets/public/Oxford102Flowers/jpg/image_07774.jpg,image_07774.jpg,20.77414894104004
7774,/nas-ctm01/datasets/public/Oxford102Flowers/jpg/image_07775.jpg,image_07775.jpg,21.151344299316406
7775,/nas-ctm01/datasets/public/Oxford102Flowers/jpg/image_07776.jpg,image_07776.jpg,21.337024688720703
7776,/nas-ctm01/datasets/public/Oxford102Flowers/jpg/image_07777.jpg,image_07777.jpg,20.974815368652344
7777,/nas-ctm01/datasets/public/Oxford102Flowers/jpg/image_07778.jpg,image_07778.jpg,20.52362823486328
7778,/nas-ctm01/datasets/public/Oxford102Flowers/jpg/image_07779.jpg,image_07779.jpg,20.828914642333984
7779,/nas-ctm01/datasets/public/Oxford102Flowers/jpg/image_07780.jpg,image_07780.jpg,21.12906837463379
7780,/nas-ctm01/datasets/public/Oxford102Flowers/jpg/image_07781.jpg,image_07781.jpg,21.0907039642334
7781,/nas-ctm01/datasets/public/Oxford102Flowers/jpg/image_07782.jpg,image_07782.jpg,21.43562126159668
7782,/nas-ctm01/datasets/public/Oxford102Flowers/jpg/image_07783.jpg,image_07783.jpg,22.260496139526367
7783,/nas-ctm01/datasets/public/Oxford102Flowers/jpg/image_07784.jpg,image_07784.jpg,21.324678421020508
7784,/nas-ctm01/datasets/public/Oxford102Flowers/jpg/image_07785.jpg,image_07785.jpg,20.802221298217773
7785,/nas-ctm01/datasets/public/Oxford102Flowers/jpg/image_07786.jpg,image_07786.jpg,21.08462142944336
7786,/nas-ctm01/datasets/public/Oxford102Flowers/jpg/image_07787.jpg,image_07787.jpg,21.565675735473633
7787,/nas-ctm01/datasets/public/Oxford102Flowers/jpg/image_07788.jpg,image_07788.jpg,21.37312889099121
7788,/nas-ctm01/datasets/public/Oxford102Flowers/jpg/image_07789.jpg,image_07789.jpg,22.315181732177734
7789,/nas-ctm01/datasets/public/Oxford102Flowers/jpg/image_07790.jpg,image_07790.jpg,20.59457778930664
7790,/nas-ctm01/datasets/public/Oxford102Flowers/jpg/image_07791.jpg,image_07791.jpg,21.105281829833984
7791,/nas-ctm01/datasets/public/Oxford102Flowers/jpg/image_07792.jpg,image_07792.jpg,20.84478187561035
7792,/nas-ctm01/datasets/public/Oxford102Flowers/jpg/image_07793.jpg,image_07793.jpg,21.017431259155273
7793,/nas-ctm01/datasets/public/Oxford102Flowers/jpg/image_07794.jpg,image_07794.jpg,22.060707092285156
7794,/nas-ctm01/datasets/public/Oxford102Flowers/jpg/image_07795.jpg,image_07795.jpg,21.537450790405273
7795,/nas-ctm01/datasets/public/Oxford102Flowers/jpg/image_07796.jpg,image_07796.jpg,21.158323287963867
7796,/nas-ctm01/datasets/public/Oxford102Flowers/jpg/image_07797.jpg,image_07797.jpg,21.34465980529785
7797,/nas-ctm01/datasets/public/Oxford102Flowers/jpg/image_07798.jpg,image_07798.jpg,21.818904876708984
7798,/nas-ctm01/datasets/public/Oxford102Flowers/jpg/image_07799.jpg,image_07799.jpg,20.84770965576172
7799,/nas-ctm01/datasets/public/Oxford102Flowers/jpg/image_07800.jpg,image_07800.jpg,21.036230087280273
7800,/nas-ctm01/datasets/public/Oxford102Flowers/jpg/image_07801.jpg,image_07801.jpg,20.935415267944336
7801,/nas-ctm01/datasets/public/Oxford102Flowers/jpg/image_07802.jpg,image_07802.jpg,20.821393966674805
7802,/nas-ctm01/datasets/public/Oxford102Flowers/jpg/image_07803.jpg,image_07803.jpg,21.08724594116211
7803,/nas-ctm01/datasets/public/Oxford102Flowers/jpg/image_07804.jpg,image_07804.jpg,21.010295867919922
7804,/nas-ctm01/datasets/public/Oxford102Flowers/jpg/image_07805.jpg,image_07805.jpg,20.25391960144043
7805,/nas-ctm01/datasets/public/Oxford102Flowers/jpg/image_07806.jpg,image_07806.jpg,21.063997268676758
7806,/nas-ctm01/datasets/public/Oxford102Flowers/jpg/image_07807.jpg,image_07807.jpg,21.342418670654297
7807,/nas-ctm01/datasets/public/Oxford102Flowers/jpg/image_07808.jpg,image_07808.jpg,22.08002471923828
7808,/nas-ctm01/datasets/public/Oxford102Flowers/jpg/image_07809.jpg,image_07809.jpg,21.5447998046875
7809,/nas-ctm01/datasets/public/Oxford102Flowers/jpg/image_07810.jpg,image_07810.jpg,22.048900604248047
7810,/nas-ctm01/datasets/public/Oxford102Flowers/jpg/image_07811.jpg,image_07811.jpg,21.299144744873047
7811,/nas-ctm01/datasets/public/Oxford102Flowers/jpg/image_07812.jpg,image_07812.jpg,21.749860763549805
7812,/nas-ctm01/datasets/public/Oxford102Flowers/jpg/image_07813.jpg,image_07813.jpg,20.73834991455078
7813,/nas-ctm01/datasets/public/Oxford102Flowers/jpg/image_07814.jpg,image_07814.jpg,20.086599349975586
7814,/nas-ctm01/datasets/public/Oxford102Flowers/jpg/image_07815.jpg,image_07815.jpg,20.502885818481445
7815,/nas-ctm01/datasets/public/Oxford102Flowers/jpg/image_07816.jpg,image_07816.jpg,21.992111206054688
7816,/nas-ctm01/datasets/public/Oxford102Flowers/jpg/image_07817.jpg,image_07817.jpg,20.79046058654785
7817,/nas-ctm01/datasets/public/Oxford102Flowers/jpg/image_07818.jpg,image_07818.jpg,21.638336181640625
7818,/nas-ctm01/datasets/public/Oxford102Flowers/jpg/image_07819.jpg,image_07819.jpg,21.120580673217773
7819,/nas-ctm01/datasets/public/Oxford102Flowers/jpg/image_07820.jpg,image_07820.jpg,21.351112365722656
7820,/nas-ctm01/datasets/public/Oxford102Flowers/jpg/image_07821.jpg,image_07821.jpg,20.91617202758789
7821,/nas-ctm01/datasets/public/Oxford102Flowers/jpg/image_07822.jpg,image_07822.jpg,20.859155654907227
7822,/nas-ctm01/datasets/public/Oxford102Flowers/jpg/image_07823.jpg,image_07823.jpg,22.08800506591797
7823,/nas-ctm01/datasets/public/Oxford102Flowers/jpg/image_07824.jpg,image_07824.jpg,21.578807830810547
7824,/nas-ctm01/datasets/public/Oxford102Flowers/jpg/image_07825.jpg,image_07825.jpg,22.23765754699707
7825,/nas-ctm01/datasets/public/Oxford102Flowers/jpg/image_07826.jpg,image_07826.jpg,21.463762283325195
7826,/nas-ctm01/datasets/public/Oxford102Flowers/jpg/image_07827.jpg,image_07827.jpg,21.22570037841797
7827,/nas-ctm01/datasets/public/Oxford102Flowers/jpg/image_07828.jpg,image_07828.jpg,21.077611923217773
7828,/nas-ctm01/datasets/public/Oxford102Flowers/jpg/image_07829.jpg,image_07829.jpg,21.08199119567871
7829,/nas-ctm01/datasets/public/Oxford102Flowers/jpg/image_07830.jpg,image_07830.jpg,21.782825469970703
7830,/nas-ctm01/datasets/public/Oxford102Flowers/jpg/image_07831.jpg,image_07831.jpg,21.46424102783203
7831,/nas-ctm01/datasets/public/Oxford102Flowers/jpg/image_07832.jpg,image_07832.jpg,22.253215789794922
7832,/nas-ctm01/datasets/public/Oxford102Flowers/jpg/image_07833.jpg,image_07833.jpg,22.851057052612305
7833,/nas-ctm01/datasets/public/Oxford102Flowers/jpg/image_07834.jpg,image_07834.jpg,22.259538650512695
7834,/nas-ctm01/datasets/public/Oxford102Flowers/jpg/image_07835.jpg,image_07835.jpg,22.331031799316406
7835,/nas-ctm01/datasets/public/Oxford102Flowers/jpg/image_07836.jpg,image_07836.jpg,22.14920425415039
7836,/nas-ctm01/datasets/public/Oxford102Flowers/jpg/image_07837.jpg,image_07837.jpg,21.323490142822266
7837,/nas-ctm01/datasets/public/Oxford102Flowers/jpg/image_07838.jpg,image_07838.jpg,21.898584365844727
7838,/nas-ctm01/datasets/public/Oxford102Flowers/jpg/image_07839.jpg,image_07839.jpg,23.511884689331055
7839,/nas-ctm01/datasets/public/Oxford102Flowers/jpg/image_07840.jpg,image_07840.jpg,21.437803268432617
7840,/nas-ctm01/datasets/public/Oxford102Flowers/jpg/image_07841.jpg,image_07841.jpg,23.207387924194336
7841,/nas-ctm01/datasets/public/Oxford102Flowers/jpg/image_07842.jpg,image_07842.jpg,21.310989379882812
7842,/nas-ctm01/datasets/public/Oxford102Flowers/jpg/image_07843.jpg,image_07843.jpg,21.8023681640625
7843,/nas-ctm01/datasets/public/Oxford102Flowers/jpg/image_07844.jpg,image_07844.jpg,21.469823837280273
7844,/nas-ctm01/datasets/public/Oxford102Flowers/jpg/image_07845.jpg,image_07845.jpg,21.995014190673828
7845,/nas-ctm01/datasets/public/Oxford102Flowers/jpg/image_07846.jpg,image_07846.jpg,21.74095916748047
7846,/nas-ctm01/datasets/public/Oxford102Flowers/jpg/image_07847.jpg,image_07847.jpg,22.338356018066406
7847,/nas-ctm01/datasets/public/Oxford102Flowers/jpg/image_07848.jpg,image_07848.jpg,22.587308883666992
7848,/nas-ctm01/datasets/public/Oxford102Flowers/jpg/image_07849.jpg,image_07849.jpg,21.132747650146484
7849,/nas-ctm01/datasets/public/Oxford102Flowers/jpg/image_07850.jpg,image_07850.jpg,21.641698837280273
7850,/nas-ctm01/datasets/public/Oxford102Flowers/jpg/image_07851.jpg,image_07851.jpg,21.931032180786133
7851,/nas-ctm01/datasets/public/Oxford102Flowers/jpg/image_07852.jpg,image_07852.jpg,21.622377395629883
7852,/nas-ctm01/datasets/public/Oxford102Flowers/jpg/image_07853.jpg,image_07853.jpg,22.431720733642578
7853,/nas-ctm01/datasets/public/Oxford102Flowers/jpg/image_07854.jpg,image_07854.jpg,22.56807518005371
7854,/nas-ctm01/datasets/public/Oxford102Flowers/jpg/image_07855.jpg,image_07855.jpg,22.915056228637695
7855,/nas-ctm01/datasets/public/Oxford102Flowers/jpg/image_07856.jpg,image_07856.jpg,22.229642868041992
7856,/nas-ctm01/datasets/public/Oxford102Flowers/jpg/image_07857.jpg,image_07857.jpg,21.870132446289062
7857,/nas-ctm01/datasets/public/Oxford102Flowers/jpg/image_07858.jpg,image_07858.jpg,21.9345703125
7858,/nas-ctm01/datasets/public/Oxford102Flowers/jpg/image_07859.jpg,image_07859.jpg,21.238351821899414
7859,/nas-ctm01/datasets/public/Oxford102Flowers/jpg/image_07860.jpg,image_07860.jpg,22.604970932006836
7860,/nas-ctm01/datasets/public/Oxford102Flowers/jpg/image_07861.jpg,image_07861.jpg,21.41575813293457
7861,/nas-ctm01/datasets/public/Oxford102Flowers/jpg/image_07862.jpg,image_07862.jpg,22.47549819946289
7862,/nas-ctm01/datasets/public/Oxford102Flowers/jpg/image_07863.jpg,image_07863.jpg,21.209930419921875
7863,/nas-ctm01/datasets/public/Oxford102Flowers/jpg/image_07864.jpg,image_07864.jpg,22.522676467895508
7864,/nas-ctm01/datasets/public/Oxford102Flowers/jpg/image_07865.jpg,image_07865.jpg,22.704498291015625
7865,/nas-ctm01/datasets/public/Oxford102Flowers/jpg/image_07866.jpg,image_07866.jpg,22.203643798828125
7866,/nas-ctm01/datasets/public/Oxford102Flowers/jpg/image_07867.jpg,image_07867.jpg,22.562013626098633
7867,/nas-ctm01/datasets/public/Oxford102Flowers/jpg/image_07868.jpg,image_07868.jpg,21.02518081665039
7868,/nas-ctm01/datasets/public/Oxford102Flowers/jpg/image_07869.jpg,image_07869.jpg,19.75731086730957
7869,/nas-ctm01/datasets/public/Oxford102Flowers/jpg/image_07870.jpg,image_07870.jpg,20.41590118408203
7870,/nas-ctm01/datasets/public/Oxford102Flowers/jpg/image_07871.jpg,image_07871.jpg,21.4210205078125
7871,/nas-ctm01/datasets/public/Oxford102Flowers/jpg/image_07872.jpg,image_07872.jpg,21.919763565063477
7872,/nas-ctm01/datasets/public/Oxford102Flowers/jpg/image_07873.jpg,image_07873.jpg,22.175769805908203
7873,/nas-ctm01/datasets/public/Oxford102Flowers/jpg/image_07874.jpg,image_07874.jpg,22.002588272094727
7874,/nas-ctm01/datasets/public/Oxford102Flowers/jpg/image_07875.jpg,image_07875.jpg,22.012065887451172
7875,/nas-ctm01/datasets/public/Oxford102Flowers/jpg/image_07876.jpg,image_07876.jpg,21.741960525512695
7876,/nas-ctm01/datasets/public/Oxford102Flowers/jpg/image_07877.jpg,image_07877.jpg,22.318004608154297
7877,/nas-ctm01/datasets/public/Oxford102Flowers/jpg/image_07878.jpg,image_07878.jpg,22.71303939819336
7878,/nas-ctm01/datasets/public/Oxford102Flowers/jpg/image_07879.jpg,image_07879.jpg,20.842573165893555
7879,/nas-ctm01/datasets/public/Oxford102Flowers/jpg/image_07880.jpg,image_07880.jpg,21.999839782714844
7880,/nas-ctm01/datasets/public/Oxford102Flowers/jpg/image_07881.jpg,image_07881.jpg,21.30788803100586
7881,/nas-ctm01/datasets/public/Oxford102Flowers/jpg/image_07882.jpg,image_07882.jpg,21.688032150268555
7882,/nas-ctm01/datasets/public/Oxford102Flowers/jpg/image_07883.jpg,image_07883.jpg,22.393856048583984
7883,/nas-ctm01/datasets/public/Oxford102Flowers/jpg/image_07884.jpg,image_07884.jpg,22.306737899780273
7884,/nas-ctm01/datasets/public/Oxford102Flowers/jpg/image_07885.jpg,image_07885.jpg,21.283767700195312
7885,/nas-ctm01/datasets/public/Oxford102Flowers/jpg/image_07886.jpg,image_07886.jpg,21.283767700195312
7886,/nas-ctm01/datasets/public/Oxford102Flowers/jpg/image_07887.jpg,image_07887.jpg,21.684467315673828
7887,/nas-ctm01/datasets/public/Oxford102Flowers/jpg/image_07888.jpg,image_07888.jpg,20.98925018310547
7888,/nas-ctm01/datasets/public/Oxford102Flowers/jpg/image_07889.jpg,image_07889.jpg,22.23902130126953
7889,/nas-ctm01/datasets/public/Oxford102Flowers/jpg/image_07890.jpg,image_07890.jpg,21.94127082824707
7890,/nas-ctm01/datasets/public/Oxford102Flowers/jpg/image_07891.jpg,image_07891.jpg,22.02613639831543
7891,/nas-ctm01/datasets/public/Oxford102Flowers/jpg/image_07892.jpg,image_07892.jpg,21.946687698364258
7892,/nas-ctm01/datasets/public/Oxford102Flowers/jpg/image_07893.jpg,image_07893.jpg,21.231576919555664
7893,/nas-ctm01/datasets/public/Oxford102Flowers/jpg/image_07894.jpg,image_07894.jpg,22.00848388671875
7894,/nas-ctm01/datasets/public/Oxford102Flowers/jpg/image_07895.jpg,image_07895.jpg,22.12376594543457
7895,/nas-ctm01/datasets/public/Oxford102Flowers/jpg/image_07896.jpg,image_07896.jpg,21.441375732421875
7896,/nas-ctm01/datasets/public/Oxford102Flowers/jpg/image_07897.jpg,image_07897.jpg,21.96076774597168
7897,/nas-ctm01/datasets/public/Oxford102Flowers/jpg/image_07898.jpg,image_07898.jpg,22.8685359954834
7898,/nas-ctm01/datasets/public/Oxford102Flowers/jpg/image_07899.jpg,image_07899.jpg,21.646848678588867
7899,/nas-ctm01/datasets/public/Oxford102Flowers/jpg/image_07900.jpg,image_07900.jpg,22.378646850585938
7900,/nas-ctm01/datasets/public/Oxford102Flowers/jpg/image_07901.jpg,image_07901.jpg,22.115388870239258
7901,/nas-ctm01/datasets/public/Oxford102Flowers/jpg/image_07902.jpg,image_07902.jpg,21.302392959594727
7902,/nas-ctm01/datasets/public/Oxford102Flowers/jpg/image_07903.jpg,image_07903.jpg,22.105213165283203
7903,/nas-ctm01/datasets/public/Oxford102Flowers/jpg/image_07904.jpg,image_07904.jpg,22.35686683654785
7904,/nas-ctm01/datasets/public/Oxford102Flowers/jpg/image_07905.jpg,image_07905.jpg,22.807361602783203
7905,/nas-ctm01/datasets/public/Oxford102Flowers/jpg/image_07906.jpg,image_07906.jpg,23.16275405883789
7906,/nas-ctm01/datasets/public/Oxford102Flowers/jpg/image_07907.jpg,image_07907.jpg,22.618186950683594
7907,/nas-ctm01/datasets/public/Oxford102Flowers/jpg/image_07908.jpg,image_07908.jpg,21.69196891784668
7908,/nas-ctm01/datasets/public/Oxford102Flowers/jpg/image_07909.jpg,image_07909.jpg,22.282814025878906
7909,/nas-ctm01/datasets/public/Oxford102Flowers/jpg/image_07910.jpg,image_07910.jpg,21.994569778442383
7910,/nas-ctm01/datasets/public/Oxford102Flowers/jpg/image_07911.jpg,image_07911.jpg,22.451065063476562
7911,/nas-ctm01/datasets/public/Oxford102Flowers/jpg/image_07912.jpg,image_07912.jpg,21.78502655029297
7912,/nas-ctm01/datasets/public/Oxford102Flowers/jpg/image_07913.jpg,image_07913.jpg,21.729244232177734
7913,/nas-ctm01/datasets/public/Oxford102Flowers/jpg/image_07914.jpg,image_07914.jpg,20.57242774963379
7914,/nas-ctm01/datasets/public/Oxford102Flowers/jpg/image_07915.jpg,image_07915.jpg,21.24687957763672
7915,/nas-ctm01/datasets/public/Oxford102Flowers/jpg/image_07916.jpg,image_07916.jpg,22.167282104492188
7916,/nas-ctm01/datasets/public/Oxford102Flowers/jpg/image_07917.jpg,image_07917.jpg,21.6738338470459
7917,/nas-ctm01/datasets/public/Oxford102Flowers/jpg/image_07918.jpg,image_07918.jpg,22.933778762817383
7918,/nas-ctm01/datasets/public/Oxford102Flowers/jpg/image_07919.jpg,image_07919.jpg,22.50360679626465
7919,/nas-ctm01/datasets/public/Oxford102Flowers/jpg/image_07920.jpg,image_07920.jpg,21.55549430847168
7920,/nas-ctm01/datasets/public/Oxford102Flowers/jpg/image_07921.jpg,image_07921.jpg,21.832963943481445
7921,/nas-ctm01/datasets/public/Oxford102Flowers/jpg/image_07922.jpg,image_07922.jpg,21.67064094543457
7922,/nas-ctm01/datasets/public/Oxford102Flowers/jpg/image_07923.jpg,image_07923.jpg,21.87483787536621
7923,/nas-ctm01/datasets/public/Oxford102Flowers/jpg/image_07924.jpg,image_07924.jpg,21.830196380615234
7924,/nas-ctm01/datasets/public/Oxford102Flowers/jpg/image_07925.jpg,image_07925.jpg,21.68577766418457
7925,/nas-ctm01/datasets/public/Oxford102Flowers/jpg/image_07926.jpg,image_07926.jpg,21.33369255065918
7926,/nas-ctm01/datasets/public/Oxford102Flowers/jpg/image_07927.jpg,image_07927.jpg,22.339645385742188
7927,/nas-ctm01/datasets/public/Oxford102Flowers/jpg/image_07928.jpg,image_07928.jpg,22.168787002563477
7928,/nas-ctm01/datasets/public/Oxford102Flowers/jpg/image_07929.jpg,image_07929.jpg,20.970840454101562
7929,/nas-ctm01/datasets/public/Oxford102Flowers/jpg/image_07930.jpg,image_07930.jpg,21.750741958618164
7930,/nas-ctm01/datasets/public/Oxford102Flowers/jpg/image_07931.jpg,image_07931.jpg,22.718013763427734
7931,/nas-ctm01/datasets/public/Oxford102Flowers/jpg/image_07932.jpg,image_07932.jpg,22.90570640563965
7932,/nas-ctm01/datasets/public/Oxford102Flowers/jpg/image_07933.jpg,image_07933.jpg,21.88786506652832
7933,/nas-ctm01/datasets/public/Oxford102Flowers/jpg/image_07934.jpg,image_07934.jpg,21.361040115356445
7934,/nas-ctm01/datasets/public/Oxford102Flowers/jpg/image_07935.jpg,image_07935.jpg,22.022716522216797
7935,/nas-ctm01/datasets/public/Oxford102Flowers/jpg/image_07936.jpg,image_07936.jpg,22.11571502685547
7936,/nas-ctm01/datasets/public/Oxford102Flowers/jpg/image_07937.jpg,image_07937.jpg,21.51358985900879
7937,/nas-ctm01/datasets/public/Oxford102Flowers/jpg/image_07938.jpg,image_07938.jpg,22.00436782836914
7938,/nas-ctm01/datasets/public/Oxford102Flowers/jpg/image_07939.jpg,image_07939.jpg,21.710681915283203
7939,/nas-ctm01/datasets/public/Oxford102Flowers/jpg/image_07940.jpg,image_07940.jpg,21.672950744628906
7940,/nas-ctm01/datasets/public/Oxford102Flowers/jpg/image_07941.jpg,image_07941.jpg,21.756778717041016
7941,/nas-ctm01/datasets/public/Oxford102Flowers/jpg/image_07942.jpg,image_07942.jpg,20.944360733032227
7942,/nas-ctm01/datasets/public/Oxford102Flowers/jpg/image_07943.jpg,image_07943.jpg,20.69921875
7943,/nas-ctm01/datasets/public/Oxford102Flowers/jpg/image_07944.jpg,image_07944.jpg,21.262874603271484
7944,/nas-ctm01/datasets/public/Oxford102Flowers/jpg/image_07945.jpg,image_07945.jpg,21.330026626586914
7945,/nas-ctm01/datasets/public/Oxford102Flowers/jpg/image_07946.jpg,image_07946.jpg,20.929399490356445
7946,/nas-ctm01/datasets/public/Oxford102Flowers/jpg/image_07947.jpg,image_07947.jpg,21.040565490722656
7947,/nas-ctm01/datasets/public/Oxford102Flowers/jpg/image_07948.jpg,image_07948.jpg,21.290857315063477
7948,/nas-ctm01/datasets/public/Oxford102Flowers/jpg/image_07949.jpg,image_07949.jpg,20.44777488708496
7949,/nas-ctm01/datasets/public/Oxford102Flowers/jpg/image_07950.jpg,image_07950.jpg,20.602834701538086
7950,/nas-ctm01/datasets/public/Oxford102Flowers/jpg/image_07951.jpg,image_07951.jpg,21.13054084777832
7951,/nas-ctm01/datasets/public/Oxford102Flowers/jpg/image_07952.jpg,image_07952.jpg,20.917463302612305
7952,/nas-ctm01/datasets/public/Oxford102Flowers/jpg/image_07953.jpg,image_07953.jpg,20.23111915588379
7953,/nas-ctm01/datasets/public/Oxford102Flowers/jpg/image_07954.jpg,image_07954.jpg,21.006086349487305
7954,/nas-ctm01/datasets/public/Oxford102Flowers/jpg/image_07955.jpg,image_07955.jpg,21.759992599487305
7955,/nas-ctm01/datasets/public/Oxford102Flowers/jpg/image_07956.jpg,image_07956.jpg,20.66991424560547
7956,/nas-ctm01/datasets/public/Oxford102Flowers/jpg/image_07957.jpg,image_07957.jpg,21.127492904663086
7957,/nas-ctm01/datasets/public/Oxford102Flowers/jpg/image_07958.jpg,image_07958.jpg,20.30278968811035
7958,/nas-ctm01/datasets/public/Oxford102Flowers/jpg/image_07959.jpg,image_07959.jpg,20.11528205871582
7959,/nas-ctm01/datasets/public/Oxford102Flowers/jpg/image_07960.jpg,image_07960.jpg,21.17304039001465
7960,/nas-ctm01/datasets/public/Oxford102Flowers/jpg/image_07961.jpg,image_07961.jpg,20.969085693359375
7961,/nas-ctm01/datasets/public/Oxford102Flowers/jpg/image_07962.jpg,image_07962.jpg,21.531137466430664
7962,/nas-ctm01/datasets/public/Oxford102Flowers/jpg/image_07963.jpg,image_07963.jpg,22.3568058013916
7963,/nas-ctm01/datasets/public/Oxford102Flowers/jpg/image_07964.jpg,image_07964.jpg,21.624319076538086
7964,/nas-ctm01/datasets/public/Oxford102Flowers/jpg/image_07965.jpg,image_07965.jpg,21.0015811920166
7965,/nas-ctm01/datasets/public/Oxford102Flowers/jpg/image_07966.jpg,image_07966.jpg,20.796606063842773
7966,/nas-ctm01/datasets/public/Oxford102Flowers/jpg/image_07967.jpg,image_07967.jpg,20.766002655029297
7967,/nas-ctm01/datasets/public/Oxford102Flowers/jpg/image_07968.jpg,image_07968.jpg,20.909719467163086
7968,/nas-ctm01/datasets/public/Oxford102Flowers/jpg/image_07969.jpg,image_07969.jpg,21.572811126708984
7969,/nas-ctm01/datasets/public/Oxford102Flowers/jpg/image_07970.jpg,image_07970.jpg,21.172555923461914
7970,/nas-ctm01/datasets/public/Oxford102Flowers/jpg/image_07971.jpg,image_07971.jpg,21.592830657958984
7971,/nas-ctm01/datasets/public/Oxford102Flowers/jpg/image_07972.jpg,image_07972.jpg,20.944320678710938
7972,/nas-ctm01/datasets/public/Oxford102Flowers/jpg/image_07973.jpg,image_07973.jpg,20.696928024291992
7973,/nas-ctm01/datasets/public/Oxford102Flowers/jpg/image_07974.jpg,image_07974.jpg,21.06505012512207
7974,/nas-ctm01/datasets/public/Oxford102Flowers/jpg/image_07975.jpg,image_07975.jpg,21.583101272583008
7975,/nas-ctm01/datasets/public/Oxford102Flowers/jpg/image_07976.jpg,image_07976.jpg,20.675254821777344
7976,/nas-ctm01/datasets/public/Oxford102Flowers/jpg/image_07977.jpg,image_07977.jpg,20.671396255493164
7977,/nas-ctm01/datasets/public/Oxford102Flowers/jpg/image_07978.jpg,image_07978.jpg,21.193708419799805
7978,/nas-ctm01/datasets/public/Oxford102Flowers/jpg/image_07979.jpg,image_07979.jpg,20.88161277770996
7979,/nas-ctm01/datasets/public/Oxford102Flowers/jpg/image_07980.jpg,image_07980.jpg,20.795557022094727
7980,/nas-ctm01/datasets/public/Oxford102Flowers/jpg/image_07981.jpg,image_07981.jpg,21.3314208984375
7981,/nas-ctm01/datasets/public/Oxford102Flowers/jpg/image_07982.jpg,image_07982.jpg,20.83091926574707
7982,/nas-ctm01/datasets/public/Oxford102Flowers/jpg/image_07983.jpg,image_07983.jpg,21.072168350219727
7983,/nas-ctm01/datasets/public/Oxford102Flowers/jpg/image_07984.jpg,image_07984.jpg,20.89350128173828
7984,/nas-ctm01/datasets/public/Oxford102Flowers/jpg/image_07985.jpg,image_07985.jpg,21.143159866333008
7985,/nas-ctm01/datasets/public/Oxford102Flowers/jpg/image_07986.jpg,image_07986.jpg,21.04158592224121
7986,/nas-ctm01/datasets/public/Oxford102Flowers/jpg/image_07987.jpg,image_07987.jpg,21.670351028442383
7987,/nas-ctm01/datasets/public/Oxford102Flowers/jpg/image_07988.jpg,image_07988.jpg,21.407901763916016
7988,/nas-ctm01/datasets/public/Oxford102Flowers/jpg/image_07989.jpg,image_07989.jpg,21.452478408813477
7989,/nas-ctm01/datasets/public/Oxford102Flowers/jpg/image_07990.jpg,image_07990.jpg,21.68421745300293
7990,/nas-ctm01/datasets/public/Oxford102Flowers/jpg/image_07991.jpg,image_07991.jpg,21.19126319885254
7991,/nas-ctm01/datasets/public/Oxford102Flowers/jpg/image_07992.jpg,image_07992.jpg,21.138612747192383
7992,/nas-ctm01/datasets/public/Oxford102Flowers/jpg/image_07993.jpg,image_07993.jpg,20.850645065307617
7993,/nas-ctm01/datasets/public/Oxford102Flowers/jpg/image_07994.jpg,image_07994.jpg,20.96613121032715
7994,/nas-ctm01/datasets/public/Oxford102Flowers/jpg/image_07995.jpg,image_07995.jpg,20.55295753479004
7995,/nas-ctm01/datasets/public/Oxford102Flowers/jpg/image_07996.jpg,image_07996.jpg,21.207738876342773
7996,/nas-ctm01/datasets/public/Oxford102Flowers/jpg/image_07997.jpg,image_07997.jpg,20.93122100830078
7997,/nas-ctm01/datasets/public/Oxford102Flowers/jpg/image_07998.jpg,image_07998.jpg,20.838668823242188
7998,/nas-ctm01/datasets/public/Oxford102Flowers/jpg/image_07999.jpg,image_07999.jpg,21.05160903930664
7999,/nas-ctm01/datasets/public/Oxford102Flowers/jpg/image_08000.jpg,image_08000.jpg,21.753435134887695
8000,/nas-ctm01/datasets/public/Oxford102Flowers/jpg/image_08001.jpg,image_08001.jpg,21.48442840576172
8001,/nas-ctm01/datasets/public/Oxford102Flowers/jpg/image_08002.jpg,image_08002.jpg,22.112199783325195
8002,/nas-ctm01/datasets/public/Oxford102Flowers/jpg/image_08003.jpg,image_08003.jpg,21.350051879882812
8003,/nas-ctm01/datasets/public/Oxford102Flowers/jpg/image_08004.jpg,image_08004.jpg,20.846403121948242
8004,/nas-ctm01/datasets/public/Oxford102Flowers/jpg/image_08005.jpg,image_08005.jpg,20.837488174438477
8005,/nas-ctm01/datasets/public/Oxford102Flowers/jpg/image_08006.jpg,image_08006.jpg,20.97611427307129
8006,/nas-ctm01/datasets/public/Oxford102Flowers/jpg/image_08007.jpg,image_08007.jpg,20.625165939331055
8007,/nas-ctm01/datasets/public/Oxford102Flowers/jpg/image_08008.jpg,image_08008.jpg,20.16072654724121
8008,/nas-ctm01/datasets/public/Oxford102Flowers/jpg/image_08009.jpg,image_08009.jpg,21.443931579589844
8009,/nas-ctm01/datasets/public/Oxford102Flowers/jpg/image_08010.jpg,image_08010.jpg,21.478837966918945
8010,/nas-ctm01/datasets/public/Oxford102Flowers/jpg/image_08011.jpg,image_08011.jpg,22.024024963378906
8011,/nas-ctm01/datasets/public/Oxford102Flowers/jpg/image_08012.jpg,image_08012.jpg,20.406906127929688
8012,/nas-ctm01/datasets/public/Oxford102Flowers/jpg/image_08013.jpg,image_08013.jpg,21.56251335144043
8013,/nas-ctm01/datasets/public/Oxford102Flowers/jpg/image_08014.jpg,image_08014.jpg,21.179899215698242
8014,/nas-ctm01/datasets/public/Oxford102Flowers/jpg/image_08015.jpg,image_08015.jpg,20.38068199157715
8015,/nas-ctm01/datasets/public/Oxford102Flowers/jpg/image_08016.jpg,image_08016.jpg,20.699968338012695
8016,/nas-ctm01/datasets/public/Oxford102Flowers/jpg/image_08017.jpg,image_08017.jpg,21.239219665527344
8017,/nas-ctm01/datasets/public/Oxford102Flowers/jpg/image_08018.jpg,image_08018.jpg,21.304765701293945
8018,/nas-ctm01/datasets/public/Oxford102Flowers/jpg/image_08019.jpg,image_08019.jpg,20.674694061279297
8019,/nas-ctm01/datasets/public/Oxford102Flowers/jpg/image_08020.jpg,image_08020.jpg,20.751474380493164
8020,/nas-ctm01/datasets/public/Oxford102Flowers/jpg/image_08021.jpg,image_08021.jpg,21.898401260375977
8021,/nas-ctm01/datasets/public/Oxford102Flowers/jpg/image_08022.jpg,image_08022.jpg,22.031478881835938
8022,/nas-ctm01/datasets/public/Oxford102Flowers/jpg/image_08023.jpg,image_08023.jpg,21.449268341064453
8023,/nas-ctm01/datasets/public/Oxford102Flowers/jpg/image_08024.jpg,image_08024.jpg,21.43280792236328
8024,/nas-ctm01/datasets/public/Oxford102Flowers/jpg/image_08025.jpg,image_08025.jpg,20.243284225463867
8025,/nas-ctm01/datasets/public/Oxford102Flowers/jpg/image_08026.jpg,image_08026.jpg,20.77362632751465
8026,/nas-ctm01/datasets/public/Oxford102Flowers/jpg/image_08027.jpg,image_08027.jpg,20.993484497070312
8027,/nas-ctm01/datasets/public/Oxford102Flowers/jpg/image_08028.jpg,image_08028.jpg,21.23212432861328
8028,/nas-ctm01/datasets/public/Oxford102Flowers/jpg/image_08029.jpg,image_08029.jpg,20.553085327148438
8029,/nas-ctm01/datasets/public/Oxford102Flowers/jpg/image_08030.jpg,image_08030.jpg,20.59657859802246
8030,/nas-ctm01/datasets/public/Oxford102Flowers/jpg/image_08031.jpg,image_08031.jpg,20.71212387084961
8031,/nas-ctm01/datasets/public/Oxford102Flowers/jpg/image_08032.jpg,image_08032.jpg,21.51343536376953
8032,/nas-ctm01/datasets/public/Oxford102Flowers/jpg/image_08033.jpg,image_08033.jpg,21.767379760742188
8033,/nas-ctm01/datasets/public/Oxford102Flowers/jpg/image_08034.jpg,image_08034.jpg,20.716493606567383
8034,/nas-ctm01/datasets/public/Oxford102Flowers/jpg/image_08035.jpg,image_08035.jpg,20.550138473510742
8035,/nas-ctm01/datasets/public/Oxford102Flowers/jpg/image_08036.jpg,image_08036.jpg,20.746402740478516
8036,/nas-ctm01/datasets/public/Oxford102Flowers/jpg/image_08037.jpg,image_08037.jpg,20.736955642700195
8037,/nas-ctm01/datasets/public/Oxford102Flowers/jpg/image_08038.jpg,image_08038.jpg,21.470897674560547
8038,/nas-ctm01/datasets/public/Oxford102Flowers/jpg/image_08039.jpg,image_08039.jpg,21.617643356323242
8039,/nas-ctm01/datasets/public/Oxford102Flowers/jpg/image_08040.jpg,image_08040.jpg,21.31452751159668
8040,/nas-ctm01/datasets/public/Oxford102Flowers/jpg/image_08041.jpg,image_08041.jpg,21.52972984313965
8041,/nas-ctm01/datasets/public/Oxford102Flowers/jpg/image_08042.jpg,image_08042.jpg,20.402711868286133
8042,/nas-ctm01/datasets/public/Oxford102Flowers/jpg/image_08043.jpg,image_08043.jpg,21.09517478942871
8043,/nas-ctm01/datasets/public/Oxford102Flowers/jpg/image_08044.jpg,image_08044.jpg,21.35443115234375
8044,/nas-ctm01/datasets/public/Oxford102Flowers/jpg/image_08045.jpg,image_08045.jpg,20.846824645996094
8045,/nas-ctm01/datasets/public/Oxford102Flowers/jpg/image_08046.jpg,image_08046.jpg,21.37285614013672
8046,/nas-ctm01/datasets/public/Oxford102Flowers/jpg/image_08047.jpg,image_08047.jpg,20.76520538330078
8047,/nas-ctm01/datasets/public/Oxford102Flowers/jpg/image_08048.jpg,image_08048.jpg,22.31214714050293
8048,/nas-ctm01/datasets/public/Oxford102Flowers/jpg/image_08049.jpg,image_08049.jpg,22.411603927612305
8049,/nas-ctm01/datasets/public/Oxford102Flowers/jpg/image_08050.jpg,image_08050.jpg,22.361553192138672
8050,/nas-ctm01/datasets/public/Oxford102Flowers/jpg/image_08051.jpg,image_08051.jpg,22.751317977905273
8051,/nas-ctm01/datasets/public/Oxford102Flowers/jpg/image_08052.jpg,image_08052.jpg,23.19988441467285
8052,/nas-ctm01/datasets/public/Oxford102Flowers/jpg/image_08053.jpg,image_08053.jpg,22.058008193969727
8053,/nas-ctm01/datasets/public/Oxford102Flowers/jpg/image_08054.jpg,image_08054.jpg,22.9825439453125
8054,/nas-ctm01/datasets/public/Oxford102Flowers/jpg/image_08055.jpg,image_08055.jpg,21.39661979675293
8055,/nas-ctm01/datasets/public/Oxford102Flowers/jpg/image_08056.jpg,image_08056.jpg,22.172183990478516
8056,/nas-ctm01/datasets/public/Oxford102Flowers/jpg/image_08057.jpg,image_08057.jpg,23.094083786010742
8057,/nas-ctm01/datasets/public/Oxford102Flowers/jpg/image_08058.jpg,image_08058.jpg,23.269775390625
8058,/nas-ctm01/datasets/public/Oxford102Flowers/jpg/image_08059.jpg,image_08059.jpg,22.36716651916504
8059,/nas-ctm01/datasets/public/Oxford102Flowers/jpg/image_08060.jpg,image_08060.jpg,22.644899368286133
8060,/nas-ctm01/datasets/public/Oxford102Flowers/jpg/image_08061.jpg,image_08061.jpg,22.64480972290039
8061,/nas-ctm01/datasets/public/Oxford102Flowers/jpg/image_08062.jpg,image_08062.jpg,21.973003387451172
8062,/nas-ctm01/datasets/public/Oxford102Flowers/jpg/image_08063.jpg,image_08063.jpg,21.60932159423828
8063,/nas-ctm01/datasets/public/Oxford102Flowers/jpg/image_08064.jpg,image_08064.jpg,22.011568069458008
8064,/nas-ctm01/datasets/public/Oxford102Flowers/jpg/image_08065.jpg,image_08065.jpg,22.19822120666504
8065,/nas-ctm01/datasets/public/Oxford102Flowers/jpg/image_08066.jpg,image_08066.jpg,21.7283878326416
8066,/nas-ctm01/datasets/public/Oxford102Flowers/jpg/image_08067.jpg,image_08067.jpg,22.72374725341797
8067,/nas-ctm01/datasets/public/Oxford102Flowers/jpg/image_08068.jpg,image_08068.jpg,21.756694793701172
8068,/nas-ctm01/datasets/public/Oxford102Flowers/jpg/image_08069.jpg,image_08069.jpg,23.234699249267578
8069,/nas-ctm01/datasets/public/Oxford102Flowers/jpg/image_08070.jpg,image_08070.jpg,21.292875289916992
8070,/nas-ctm01/datasets/public/Oxford102Flowers/jpg/image_08071.jpg,image_08071.jpg,23.790128707885742
8071,/nas-ctm01/datasets/public/Oxford102Flowers/jpg/image_08072.jpg,image_08072.jpg,21.51511001586914
8072,/nas-ctm01/datasets/public/Oxford102Flowers/jpg/image_08073.jpg,image_08073.jpg,21.836048126220703
8073,/nas-ctm01/datasets/public/Oxford102Flowers/jpg/image_08074.jpg,image_08074.jpg,21.575374603271484
8074,/nas-ctm01/datasets/public/Oxford102Flowers/jpg/image_08075.jpg,image_08075.jpg,22.7552547454834
8075,/nas-ctm01/datasets/public/Oxford102Flowers/jpg/image_08076.jpg,image_08076.jpg,22.831298828125
8076,/nas-ctm01/datasets/public/Oxford102Flowers/jpg/image_08077.jpg,image_08077.jpg,22.72374725341797
8077,/nas-ctm01/datasets/public/Oxford102Flowers/jpg/image_08078.jpg,image_08078.jpg,22.65328025817871
8078,/nas-ctm01/datasets/public/Oxford102Flowers/jpg/image_08079.jpg,image_08079.jpg,22.3892879486084
8079,/nas-ctm01/datasets/public/Oxford102Flowers/jpg/image_08080.jpg,image_08080.jpg,21.58827018737793
8080,/nas-ctm01/datasets/public/Oxford102Flowers/jpg/image_08081.jpg,image_08081.jpg,21.364818572998047
8081,/nas-ctm01/datasets/public/Oxford102Flowers/jpg/image_08082.jpg,image_08082.jpg,22.372732162475586
8082,/nas-ctm01/datasets/public/Oxford102Flowers/jpg/image_08083.jpg,image_08083.jpg,22.15131187438965
8083,/nas-ctm01/datasets/public/Oxford102Flowers/jpg/image_08084.jpg,image_08084.jpg,23.229690551757812
8084,/nas-ctm01/datasets/public/Oxford102Flowers/jpg/image_08085.jpg,image_08085.jpg,22.267778396606445
8085,/nas-ctm01/datasets/public/Oxford102Flowers/jpg/image_08086.jpg,image_08086.jpg,22.422822952270508
8086,/nas-ctm01/datasets/public/Oxford102Flowers/jpg/image_08087.jpg,image_08087.jpg,22.20101547241211
8087,/nas-ctm01/datasets/public/Oxford102Flowers/jpg/image_08088.jpg,image_08088.jpg,21.829998016357422
8088,/nas-ctm01/datasets/public/Oxford102Flowers/jpg/image_08089.jpg,image_08089.jpg,22.045900344848633
8089,/nas-ctm01/datasets/public/Oxford102Flowers/jpg/image_08090.jpg,image_08090.jpg,23.06034278869629
8090,/nas-ctm01/datasets/public/Oxford102Flowers/jpg/image_08091.jpg,image_08091.jpg,21.570070266723633
8091,/nas-ctm01/datasets/public/Oxford102Flowers/jpg/image_08092.jpg,image_08092.jpg,20.624738693237305
8092,/nas-ctm01/datasets/public/Oxford102Flowers/jpg/image_08093.jpg,image_08093.jpg,22.398344039916992
8093,/nas-ctm01/datasets/public/Oxford102Flowers/jpg/image_08094.jpg,image_08094.jpg,21.391599655151367
8094,/nas-ctm01/datasets/public/Oxford102Flowers/jpg/image_08095.jpg,image_08095.jpg,21.86570930480957
8095,/nas-ctm01/datasets/public/Oxford102Flowers/jpg/image_08096.jpg,image_08096.jpg,22.204856872558594
8096,/nas-ctm01/datasets/public/Oxford102Flowers/jpg/image_08097.jpg,image_08097.jpg,21.591766357421875
8097,/nas-ctm01/datasets/public/Oxford102Flowers/jpg/image_08098.jpg,image_08098.jpg,21.067646026611328
8098,/nas-ctm01/datasets/public/Oxford102Flowers/jpg/image_08099.jpg,image_08099.jpg,23.56987190246582
8099,/nas-ctm01/datasets/public/Oxford102Flowers/jpg/image_08100.jpg,image_08100.jpg,23.1491641998291
8100,/nas-ctm01/datasets/public/Oxford102Flowers/jpg/image_08101.jpg,image_08101.jpg,23.712909698486328
8101,/nas-ctm01/datasets/public/Oxford102Flowers/jpg/image_08102.jpg,image_08102.jpg,23.37596321105957
8102,/nas-ctm01/datasets/public/Oxford102Flowers/jpg/image_08103.jpg,image_08103.jpg,23.901599884033203
8103,/nas-ctm01/datasets/public/Oxford102Flowers/jpg/image_08104.jpg,image_08104.jpg,24.243562698364258
8104,/nas-ctm01/datasets/public/Oxford102Flowers/jpg/image_08105.jpg,image_08105.jpg,21.922607421875
8105,/nas-ctm01/datasets/public/Oxford102Flowers/jpg/image_08106.jpg,image_08106.jpg,22.070140838623047
8106,/nas-ctm01/datasets/public/Oxford102Flowers/jpg/image_08107.jpg,image_08107.jpg,21.894203186035156
8107,/nas-ctm01/datasets/public/Oxford102Flowers/jpg/image_08108.jpg,image_08108.jpg,21.63642120361328
8108,/nas-ctm01/datasets/public/Oxford102Flowers/jpg/image_08109.jpg,image_08109.jpg,22.412818908691406
8109,/nas-ctm01/datasets/public/Oxford102Flowers/jpg/image_08110.jpg,image_08110.jpg,22.25029945373535
8110,/nas-ctm01/datasets/public/Oxford102Flowers/jpg/image_08111.jpg,image_08111.jpg,22.18829345703125
8111,/nas-ctm01/datasets/public/Oxford102Flowers/jpg/image_08112.jpg,image_08112.jpg,20.365737915039062
8112,/nas-ctm01/datasets/public/Oxford102Flowers/jpg/image_08113.jpg,image_08113.jpg,20.494613647460938
8113,/nas-ctm01/datasets/public/Oxford102Flowers/jpg/image_08114.jpg,image_08114.jpg,20.63458251953125
8114,/nas-ctm01/datasets/public/Oxford102Flowers/jpg/image_08115.jpg,image_08115.jpg,20.85667610168457
8115,/nas-ctm01/datasets/public/Oxford102Flowers/jpg/image_08116.jpg,image_08116.jpg,20.814401626586914
8116,/nas-ctm01/datasets/public/Oxford102Flowers/jpg/image_08117.jpg,image_08117.jpg,21.507123947143555
8117,/nas-ctm01/datasets/public/Oxford102Flowers/jpg/image_08118.jpg,image_08118.jpg,21.03285026550293
8118,/nas-ctm01/datasets/public/Oxford102Flowers/jpg/image_08119.jpg,image_08119.jpg,20.92764663696289
8119,/nas-ctm01/datasets/public/Oxford102Flowers/jpg/image_08120.jpg,image_08120.jpg,21.20183563232422
8120,/nas-ctm01/datasets/public/Oxford102Flowers/jpg/image_08121.jpg,image_08121.jpg,21.340576171875
8121,/nas-ctm01/datasets/public/Oxford102Flowers/jpg/image_08122.jpg,image_08122.jpg,21.302024841308594
8122,/nas-ctm01/datasets/public/Oxford102Flowers/jpg/image_08123.jpg,image_08123.jpg,20.788496017456055
8123,/nas-ctm01/datasets/public/Oxford102Flowers/jpg/image_08124.jpg,image_08124.jpg,20.92222023010254
8124,/nas-ctm01/datasets/public/Oxford102Flowers/jpg/image_08125.jpg,image_08125.jpg,20.871383666992188
8125,/nas-ctm01/datasets/public/Oxford102Flowers/jpg/image_08126.jpg,image_08126.jpg,20.831193923950195
8126,/nas-ctm01/datasets/public/Oxford102Flowers/jpg/image_08127.jpg,image_08127.jpg,20.59288215637207
8127,/nas-ctm01/datasets/public/Oxford102Flowers/jpg/image_08128.jpg,image_08128.jpg,21.40434455871582
8128,/nas-ctm01/datasets/public/Oxford102Flowers/jpg/image_08129.jpg,image_08129.jpg,20.8227596282959
8129,/nas-ctm01/datasets/public/Oxford102Flowers/jpg/image_08130.jpg,image_08130.jpg,21.09185028076172
8130,/nas-ctm01/datasets/public/Oxford102Flowers/jpg/image_08131.jpg,image_08131.jpg,20.550628662109375
8131,/nas-ctm01/datasets/public/Oxford102Flowers/jpg/image_08132.jpg,image_08132.jpg,20.916635513305664
8132,/nas-ctm01/datasets/public/Oxford102Flowers/jpg/image_08133.jpg,image_08133.jpg,20.959611892700195
8133,/nas-ctm01/datasets/public/Oxford102Flowers/jpg/image_08134.jpg,image_08134.jpg,20.674402236938477
8134,/nas-ctm01/datasets/public/Oxford102Flowers/jpg/image_08135.jpg,image_08135.jpg,21.094417572021484
8135,/nas-ctm01/datasets/public/Oxford102Flowers/jpg/image_08136.jpg,image_08136.jpg,21.059280395507812
8136,/nas-ctm01/datasets/public/Oxford102Flowers/jpg/image_08137.jpg,image_08137.jpg,21.190114974975586
8137,/nas-ctm01/datasets/public/Oxford102Flowers/jpg/image_08138.jpg,image_08138.jpg,21.025968551635742
8138,/nas-ctm01/datasets/public/Oxford102Flowers/jpg/image_08139.jpg,image_08139.jpg,20.87670135498047
8139,/nas-ctm01/datasets/public/Oxford102Flowers/jpg/image_08140.jpg,image_08140.jpg,20.61220932006836
8140,/nas-ctm01/datasets/public/Oxford102Flowers/jpg/image_08141.jpg,image_08141.jpg,20.685405731201172
8141,/nas-ctm01/datasets/public/Oxford102Flowers/jpg/image_08142.jpg,image_08142.jpg,21.02954864501953
8142,/nas-ctm01/datasets/public/Oxford102Flowers/jpg/image_08143.jpg,image_08143.jpg,20.901885986328125
8143,/nas-ctm01/datasets/public/Oxford102Flowers/jpg/image_08144.jpg,image_08144.jpg,21.05100440979004
8144,/nas-ctm01/datasets/public/Oxford102Flowers/jpg/image_08145.jpg,image_08145.jpg,21.379032135009766
8145,/nas-ctm01/datasets/public/Oxford102Flowers/jpg/image_08146.jpg,image_08146.jpg,21.0424861907959
8146,/nas-ctm01/datasets/public/Oxford102Flowers/jpg/image_08147.jpg,image_08147.jpg,21.300050735473633
8147,/nas-ctm01/datasets/public/Oxford102Flowers/jpg/image_08148.jpg,image_08148.jpg,20.155126571655273
8148,/nas-ctm01/datasets/public/Oxford102Flowers/jpg/image_08149.jpg,image_08149.jpg,20.831647872924805
8149,/nas-ctm01/datasets/public/Oxford102Flowers/jpg/image_08150.jpg,image_08150.jpg,20.541410446166992
8150,/nas-ctm01/datasets/public/Oxford102Flowers/jpg/image_08151.jpg,image_08151.jpg,22.022546768188477
8151,/nas-ctm01/datasets/public/Oxford102Flowers/jpg/image_08152.jpg,image_08152.jpg,21.747968673706055
8152,/nas-ctm01/datasets/public/Oxford102Flowers/jpg/image_08153.jpg,image_08153.jpg,20.654325485229492
8153,/nas-ctm01/datasets/public/Oxford102Flowers/jpg/image_08154.jpg,image_08154.jpg,21.75487518310547
8154,/nas-ctm01/datasets/public/Oxford102Flowers/jpg/image_08155.jpg,image_08155.jpg,21.17827033996582
8155,/nas-ctm01/datasets/public/Oxford102Flowers/jpg/image_08156.jpg,image_08156.jpg,21.788970947265625
8156,/nas-ctm01/datasets/public/Oxford102Flowers/jpg/image_08157.jpg,image_08157.jpg,22.089330673217773
8157,/nas-ctm01/datasets/public/Oxford102Flowers/jpg/image_08158.jpg,image_08158.jpg,21.764934539794922
8158,/nas-ctm01/datasets/public/Oxford102Flowers/jpg/image_08159.jpg,image_08159.jpg,21.869918823242188
8159,/nas-ctm01/datasets/public/Oxford102Flowers/jpg/image_08160.jpg,image_08160.jpg,22.67131233215332
8160,/nas-ctm01/datasets/public/Oxford102Flowers/jpg/image_08161.jpg,image_08161.jpg,22.469999313354492
8161,/nas-ctm01/datasets/public/Oxford102Flowers/jpg/image_08162.jpg,image_08162.jpg,21.37061309814453
8162,/nas-ctm01/datasets/public/Oxford102Flowers/jpg/image_08163.jpg,image_08163.jpg,21.945011138916016
8163,/nas-ctm01/datasets/public/Oxford102Flowers/jpg/image_08164.jpg,image_08164.jpg,21.431652069091797
8164,/nas-ctm01/datasets/public/Oxford102Flowers/jpg/image_08165.jpg,image_08165.jpg,22.323402404785156
8165,/nas-ctm01/datasets/public/Oxford102Flowers/jpg/image_08166.jpg,image_08166.jpg,21.94981575012207
8166,/nas-ctm01/datasets/public/Oxford102Flowers/jpg/image_08167.jpg,image_08167.jpg,21.39995574951172
8167,/nas-ctm01/datasets/public/Oxford102Flowers/jpg/image_08168.jpg,image_08168.jpg,21.23976707458496
8168,/nas-ctm01/datasets/public/Oxford102Flowers/jpg/image_08169.jpg,image_08169.jpg,22.01464080810547
8169,/nas-ctm01/datasets/public/Oxford102Flowers/jpg/image_08170.jpg,image_08170.jpg,21.547948837280273
8170,/nas-ctm01/datasets/public/Oxford102Flowers/jpg/image_08171.jpg,image_08171.jpg,21.466257095336914
8171,/nas-ctm01/datasets/public/Oxford102Flowers/jpg/image_08172.jpg,image_08172.jpg,22.04987144470215
8172,/nas-ctm01/datasets/public/Oxford102Flowers/jpg/image_08173.jpg,image_08173.jpg,21.622859954833984
8173,/nas-ctm01/datasets/public/Oxford102Flowers/jpg/image_08174.jpg,image_08174.jpg,21.625276565551758
8174,/nas-ctm01/datasets/public/Oxford102Flowers/jpg/image_08175.jpg,image_08175.jpg,22.19123077392578
8175,/nas-ctm01/datasets/public/Oxford102Flowers/jpg/image_08176.jpg,image_08176.jpg,21.656095504760742
8176,/nas-ctm01/datasets/public/Oxford102Flowers/jpg/image_08177.jpg,image_08177.jpg,22.709976196289062
8177,/nas-ctm01/datasets/public/Oxford102Flowers/jpg/image_08178.jpg,image_08178.jpg,22.133024215698242
8178,/nas-ctm01/datasets/public/Oxford102Flowers/jpg/image_08179.jpg,image_08179.jpg,21.90308952331543
8179,/nas-ctm01/datasets/public/Oxford102Flowers/jpg/image_08180.jpg,image_08180.jpg,21.991554260253906
8180,/nas-ctm01/datasets/public/Oxford102Flowers/jpg/image_08181.jpg,image_08181.jpg,21.605682373046875
8181,/nas-ctm01/datasets/public/Oxford102Flowers/jpg/image_08182.jpg,image_08182.jpg,21.86638832092285
8182,/nas-ctm01/datasets/public/Oxford102Flowers/jpg/image_08183.jpg,image_08183.jpg,21.989709854125977
8183,/nas-ctm01/datasets/public/Oxford102Flowers/jpg/image_08184.jpg,image_08184.jpg,21.720134735107422
8184,/nas-ctm01/datasets/public/Oxford102Flowers/jpg/image_08185.jpg,image_08185.jpg,22.20242691040039
8185,/nas-ctm01/datasets/public/Oxford102Flowers/jpg/image_08186.jpg,image_08186.jpg,21.825910568237305
8186,/nas-ctm01/datasets/public/Oxford102Flowers/jpg/image_08187.jpg,image_08187.jpg,22.093833923339844
8187,/nas-ctm01/datasets/public/Oxford102Flowers/jpg/image_08188.jpg,image_08188.jpg,21.290658950805664
8188,/nas-ctm01/datasets/public/Oxford102Flowers/jpg/image_08189.jpg,image_08189.jpg,21.71268081665039
