embedding_index,image_path,filename,raw_norm
1669,/nas-ctm01/datasets/public/Oxford102Flowers/jpg/image_01670.jpg,image_01670.jpg,23.754714965820312
6555,/nas-ctm01/datasets/public/Oxford102Flowers/jpg/image_06556.jpg,image_06556.jpg,21.87647247314453
1373,/nas-ctm01/datasets/public/Oxford102Flowers/jpg/image_01374.jpg,image_01374.jpg,23.082441329956055
3509,/nas-ctm01/datasets/public/Oxford102Flowers/jpg/image_03510.jpg,image_03510.jpg,22.119340896606445
7338,/nas-ctm01/datasets/public/Oxford102Flowers/jpg/image_07339.jpg,image_07339.jpg,22.526752471923828
2513,/nas-ctm01/datasets/public/Oxford102Flowers/jpg/image_02514.jpg,image_02514.jpg,23.093603134155273
5671,/nas-ctm01/datasets/public/Oxford102Flowers/jpg/image_05672.jpg,image_05672.jpg,23.24327278137207
3792,/nas-ctm01/datasets/public/Oxford102Flowers/jpg/image_03793.jpg,image_03793.jpg,20.798118591308594
4963,/nas-ctm01/datasets/public/Oxford102Flowers/jpg/image_04964.jpg,image_04964.jpg,23.884246826171875
6575,/nas-ctm01/datasets/public/Oxford102Flowers/jpg/image_06576.jpg,image_06576.jpg,22.792207717895508
6382,/nas-ctm01/datasets/public/Oxford102Flowers/jpg/image_06383.jpg,image_06383.jpg,21.55191993713379
5284,/nas-ctm01/datasets/public/Oxford102Flowers/jpg/image_05285.jpg,image_05285.jpg,21.96138572692871
7142,/nas-ctm01/datasets/public/Oxford102Flowers/jpg/image_07143.jpg,image_07143.jpg,20.572025299072266
2753,/nas-ctm01/datasets/public/Oxford102Flowers/jpg/image_02754.jpg,image_02754.jpg,22.220623016357422
5533,/nas-ctm01/datasets/public/Oxford102Flowers/jpg/image_05534.jpg,image_05534.jpg,21.241390228271484
2585,/nas-ctm01/datasets/public/Oxford102Flowers/jpg/image_02586.jpg,image_02586.jpg,23.07565689086914
6572,/nas-ctm01/datasets/public/Oxford102Flowers/jpg/image_06573.jpg,image_06573.jpg,21.07806396484375
2319,/nas-ctm01/datasets/public/Oxford102Flowers/jpg/image_02320.jpg,image_02320.jpg,22.312007904052734
2957,/nas-ctm01/datasets/public/Oxford102Flowers/jpg/image_02958.jpg,image_02958.jpg,21.0485782623291
5095,/nas-ctm01/datasets/public/Oxford102Flowers/jpg/image_05096.jpg,image_05096.jpg,22.918354034423828
1479,/nas-ctm01/datasets/public/Oxford102Flowers/jpg/image_01480.jpg,image_01480.jpg,20.993227005004883
711,/nas-ctm01/datasets/public/Oxford102Flowers/jpg/image_00712.jpg,image_00712.jpg,21.733909606933594
354,/nas-ctm01/datasets/public/Oxford102Flowers/jpg/image_00355.jpg,image_00355.jpg,23.138904571533203
665,/nas-ctm01/datasets/public/Oxford102Flowers/jpg/image_00666.jpg,image_00666.jpg,20.80891990661621
1193,/nas-ctm01/datasets/public/Oxford102Flowers/jpg/image_01194.jpg,image_01194.jpg,22.940349578857422
642,/nas-ctm01/datasets/public/Oxford102Flowers/jpg/image_00643.jpg,image_00643.jpg,21.209453582763672
2673,/nas-ctm01/datasets/public/Oxford102Flowers/jpg/image_02674.jpg,image_02674.jpg,22.108478546142578
176,/nas-ctm01/datasets/public/Oxford102Flowers/jpg/image_00177.jpg,image_00177.jpg,23.75601577758789
6902,/nas-ctm01/datasets/public/Oxford102Flowers/jpg/image_06903.jpg,image_06903.jpg,23.47273826599121
1197,/nas-ctm01/datasets/public/Oxford102Flowers/jpg/image_01198.jpg,image_01198.jpg,22.384658813476562
786,/nas-ctm01/datasets/public/Oxford102Flowers/jpg/image_00787.jpg,image_00787.jpg,22.618228912353516
8120,/nas-ctm01/datasets/public/Oxford102Flowers/jpg/image_08121.jpg,image_08121.jpg,21.340576171875
6273,/nas-ctm01/datasets/public/Oxford102Flowers/jpg/image_06274.jpg,image_06274.jpg,20.839031219482422
6280,/nas-ctm01/datasets/public/Oxford102Flowers/jpg/image_06281.jpg,image_06281.jpg,21.71781349182129
91,/nas-ctm01/datasets/public/Oxford102Flowers/jpg/image_00092.jpg,image_00092.jpg,24.20532989501953
1515,/nas-ctm01/datasets/public/Oxford102Flowers/jpg/image_01516.jpg,image_01516.jpg,24.656600952148438
6001,/nas-ctm01/datasets/public/Oxford102Flowers/jpg/image_06002.jpg,image_06002.jpg,20.30309295654297
7943,/nas-ctm01/datasets/public/Oxford102Flowers/jpg/image_07944.jpg,image_07944.jpg,21.262874603271484
7020,/nas-ctm01/datasets/public/Oxford102Flowers/jpg/image_07021.jpg,image_07021.jpg,20.60080909729004
530,/nas-ctm01/datasets/public/Oxford102Flowers/jpg/image_00531.jpg,image_00531.jpg,22.235565185546875
1339,/nas-ctm01/datasets/public/Oxford102Flowers/jpg/image_01340.jpg,image_01340.jpg,21.66231346130371
996,/nas-ctm01/datasets/public/Oxford102Flowers/jpg/image_00997.jpg,image_00997.jpg,21.129615783691406
1176,/nas-ctm01/datasets/public/Oxford102Flowers/jpg/image_01177.jpg,image_01177.jpg,22.266462326049805
2605,/nas-ctm01/datasets/public/Oxford102Flowers/jpg/image_02606.jpg,image_02606.jpg,23.78662109375
7938,/nas-ctm01/datasets/public/Oxford102Flowers/jpg/image_07939.jpg,image_07939.jpg,21.710681915283203
106,/nas-ctm01/datasets/public/Oxford102Flowers/jpg/image_00107.jpg,image_00107.jpg,24.030099868774414
4819,/nas-ctm01/datasets/public/Oxford102Flowers/jpg/image_04820.jpg,image_04820.jpg,22.287822723388672
1018,/nas-ctm01/datasets/public/Oxford102Flowers/jpg/image_01019.jpg,image_01019.jpg,21.50644874572754
131,/nas-ctm01/datasets/public/Oxford102Flowers/jpg/image_00132.jpg,image_00132.jpg,23.318796157836914
7566,/nas-ctm01/datasets/public/Oxford102Flowers/jpg/image_07567.jpg,image_07567.jpg,21.917062759399414
6814,/nas-ctm01/datasets/public/Oxford102Flowers/jpg/image_06815.jpg,image_06815.jpg,21.905597686767578
3123,/nas-ctm01/datasets/public/Oxford102Flowers/jpg/image_03124.jpg,image_03124.jpg,22.442153930664062
1480,/nas-ctm01/datasets/public/Oxford102Flowers/jpg/image_01481.jpg,image_01481.jpg,21.772985458374023
5483,/nas-ctm01/datasets/public/Oxford102Flowers/jpg/image_05484.jpg,image_05484.jpg,23.397171020507812
5697,/nas-ctm01/datasets/public/Oxford102Flowers/jpg/image_05698.jpg,image_05698.jpg,22.674427032470703
8143,/nas-ctm01/datasets/public/Oxford102Flowers/jpg/image_08144.jpg,image_08144.jpg,21.05100440979004
7767,/nas-ctm01/datasets/public/Oxford102Flowers/jpg/image_07768.jpg,image_07768.jpg,21.05668830871582
3244,/nas-ctm01/datasets/public/Oxford102Flowers/jpg/image_03245.jpg,image_03245.jpg,22.188425064086914
2825,/nas-ctm01/datasets/public/Oxford102Flowers/jpg/image_02826.jpg,image_02826.jpg,22.212011337280273
4080,/nas-ctm01/datasets/public/Oxford102Flowers/jpg/image_04081.jpg,image_04081.jpg,23.567642211914062
5487,/nas-ctm01/datasets/public/Oxford102Flowers/jpg/image_05488.jpg,image_05488.jpg,21.01580047607422
694,/nas-ctm01/datasets/public/Oxford102Flowers/jpg/image_00695.jpg,image_00695.jpg,21.985095977783203
2598,/nas-ctm01/datasets/public/Oxford102Flowers/jpg/image_02599.jpg,image_02599.jpg,23.027973175048828
1820,/nas-ctm01/datasets/public/Oxford102Flowers/jpg/image_01821.jpg,image_01821.jpg,23.341583251953125
167,/nas-ctm01/datasets/public/Oxford102Flowers/jpg/image_00168.jpg,image_00168.jpg,24.56178092956543
367,/nas-ctm01/datasets/public/Oxford102Flowers/jpg/image_00368.jpg,image_00368.jpg,22.73637580871582
2227,/nas-ctm01/datasets/public/Oxford102Flowers/jpg/image_02228.jpg,image_02228.jpg,22.54255485534668
6021,/nas-ctm01/datasets/public/Oxford102Flowers/jpg/image_06022.jpg,image_06022.jpg,21.97282600402832
835,/nas-ctm01/datasets/public/Oxford102Flowers/jpg/image_00836.jpg,image_00836.jpg,22.735210418701172
6965,/nas-ctm01/datasets/public/Oxford102Flowers/jpg/image_06966.jpg,image_06966.jpg,23.23996353149414
1323,/nas-ctm01/datasets/public/Oxford102Flowers/jpg/image_01324.jpg,image_01324.jpg,21.578582763671875
2887,/nas-ctm01/datasets/public/Oxford102Flowers/jpg/image_02888.jpg,image_02888.jpg,22.522321701049805
1569,/nas-ctm01/datasets/public/Oxford102Flowers/jpg/image_01570.jpg,image_01570.jpg,24.330129623413086
5866,/nas-ctm01/datasets/public/Oxford102Flowers/jpg/image_05867.jpg,image_05867.jpg,23.512609481811523
5409,/nas-ctm01/datasets/public/Oxford102Flowers/jpg/image_05410.jpg,image_05410.jpg,23.163955688476562
5767,/nas-ctm01/datasets/public/Oxford102Flowers/jpg/image_05768.jpg,image_05768.jpg,24.43029022216797
8040,/nas-ctm01/datasets/public/Oxford102Flowers/jpg/image_08041.jpg,image_08041.jpg,21.52972984313965
1871,/nas-ctm01/datasets/public/Oxford102Flowers/jpg/image_01872.jpg,image_01872.jpg,23.212114334106445
1559,/nas-ctm01/datasets/public/Oxford102Flowers/jpg/image_01560.jpg,image_01560.jpg,23.951295852661133
4761,/nas-ctm01/datasets/public/Oxford102Flowers/jpg/image_04762.jpg,image_04762.jpg,21.63932991027832
2991,/nas-ctm01/datasets/public/Oxford102Flowers/jpg/image_02992.jpg,image_02992.jpg,22.047561645507812
3611,/nas-ctm01/datasets/public/Oxford102Flowers/jpg/image_03612.jpg,image_03612.jpg,22.203248977661133
7876,/nas-ctm01/datasets/public/Oxford102Flowers/jpg/image_07877.jpg,image_07877.jpg,22.318004608154297
5304,/nas-ctm01/datasets/public/Oxford102Flowers/jpg/image_05305.jpg,image_05305.jpg,22.56125259399414
1103,/nas-ctm01/datasets/public/Oxford102Flowers/jpg/image_01104.jpg,image_01104.jpg,21.597131729125977
7726,/nas-ctm01/datasets/public/Oxford102Flowers/jpg/image_07727.jpg,image_07727.jpg,21.37076759338379
3813,/nas-ctm01/datasets/public/Oxford102Flowers/jpg/image_03814.jpg,image_03814.jpg,20.650556564331055
6829,/nas-ctm01/datasets/public/Oxford102Flowers/jpg/image_06830.jpg,image_06830.jpg,23.106124877929688
2447,/nas-ctm01/datasets/public/Oxford102Flowers/jpg/image_02448.jpg,image_02448.jpg,23.788782119750977
2229,/nas-ctm01/datasets/public/Oxford102Flowers/jpg/image_02230.jpg,image_02230.jpg,22.429569244384766
2807,/nas-ctm01/datasets/public/Oxford102Flowers/jpg/image_02808.jpg,image_02808.jpg,21.994144439697266
5761,/nas-ctm01/datasets/public/Oxford102Flowers/jpg/image_05762.jpg,image_05762.jpg,22.769397735595703
7993,/nas-ctm01/datasets/public/Oxford102Flowers/jpg/image_07994.jpg,image_07994.jpg,20.96613121032715
2960,/nas-ctm01/datasets/public/Oxford102Flowers/jpg/image_02961.jpg,image_02961.jpg,22.079524993896484
3733,/nas-ctm01/datasets/public/Oxford102Flowers/jpg/image_03734.jpg,image_03734.jpg,21.444393157958984
2252,/nas-ctm01/datasets/public/Oxford102Flowers/jpg/image_02253.jpg,image_02253.jpg,22.495746612548828
1263,/nas-ctm01/datasets/public/Oxford102Flowers/jpg/image_01264.jpg,image_01264.jpg,22.30504035949707
4099,/nas-ctm01/datasets/public/Oxford102Flowers/jpg/image_04100.jpg,image_04100.jpg,23.687347412109375
5108,/nas-ctm01/datasets/public/Oxford102Flowers/jpg/image_05109.jpg,image_05109.jpg,21.74773406982422
6013,/nas-ctm01/datasets/public/Oxford102Flowers/jpg/image_06014.jpg,image_06014.jpg,20.298969268798828
5955,/nas-ctm01/datasets/public/Oxford102Flowers/jpg/image_05956.jpg,image_05956.jpg,23.007171630859375
6856,/nas-ctm01/datasets/public/Oxford102Flowers/jpg/image_06857.jpg,image_06857.jpg,22.166494369506836
7034,/nas-ctm01/datasets/public/Oxford102Flowers/jpg/image_07035.jpg,image_07035.jpg,20.529043197631836
73,/nas-ctm01/datasets/public/Oxford102Flowers/jpg/image_00074.jpg,image_00074.jpg,23.293991088867188
1877,/nas-ctm01/datasets/public/Oxford102Flowers/jpg/image_01878.jpg,image_01878.jpg,23.419952392578125
5768,/nas-ctm01/datasets/public/Oxford102Flowers/jpg/image_05769.jpg,image_05769.jpg,23.819303512573242
1383,/nas-ctm01/datasets/public/Oxford102Flowers/jpg/image_01384.jpg,image_01384.jpg,20.93495750427246
2623,/nas-ctm01/datasets/public/Oxford102Flowers/jpg/image_02624.jpg,image_02624.jpg,22.410564422607422
5469,/nas-ctm01/datasets/public/Oxford102Flowers/jpg/image_05470.jpg,image_05470.jpg,22.61669158935547
3680,/nas-ctm01/datasets/public/Oxford102Flowers/jpg/image_03681.jpg,image_03681.jpg,22.66399383544922
7278,/nas-ctm01/datasets/public/Oxford102Flowers/jpg/image_07279.jpg,image_07279.jpg,22.091039657592773
5044,/nas-ctm01/datasets/public/Oxford102Flowers/jpg/image_05045.jpg,image_05045.jpg,21.094615936279297
7948,/nas-ctm01/datasets/public/Oxford102Flowers/jpg/image_07949.jpg,image_07949.jpg,20.44777488708496
1328,/nas-ctm01/datasets/public/Oxford102Flowers/jpg/image_01329.jpg,image_01329.jpg,22.130889892578125
4700,/nas-ctm01/datasets/public/Oxford102Flowers/jpg/image_04701.jpg,image_04701.jpg,21.432870864868164
2087,/nas-ctm01/datasets/public/Oxford102Flowers/jpg/image_02088.jpg,image_02088.jpg,21.94032096862793
1452,/nas-ctm01/datasets/public/Oxford102Flowers/jpg/image_01453.jpg,image_01453.jpg,20.294404983520508
5579,/nas-ctm01/datasets/public/Oxford102Flowers/jpg/image_05580.jpg,image_05580.jpg,22.068204879760742
31,/nas-ctm01/datasets/public/Oxford102Flowers/jpg/image_00032.jpg,image_00032.jpg,24.759260177612305
6603,/nas-ctm01/datasets/public/Oxford102Flowers/jpg/image_06604.jpg,image_06604.jpg,22.110918045043945
4011,/nas-ctm01/datasets/public/Oxford102Flowers/jpg/image_04012.jpg,image_04012.jpg,20.887632369995117
6568,/nas-ctm01/datasets/public/Oxford102Flowers/jpg/image_06569.jpg,image_06569.jpg,21.9285945892334
168,/nas-ctm01/datasets/public/Oxford102Flowers/jpg/image_00169.jpg,image_00169.jpg,23.774593353271484
3091,/nas-ctm01/datasets/public/Oxford102Flowers/jpg/image_03092.jpg,image_03092.jpg,22.176273345947266
3651,/nas-ctm01/datasets/public/Oxford102Flowers/jpg/image_03652.jpg,image_03652.jpg,21.40238380432129
4717,/nas-ctm01/datasets/public/Oxford102Flowers/jpg/image_04718.jpg,image_04718.jpg,20.821796417236328
4176,/nas-ctm01/datasets/public/Oxford102Flowers/jpg/image_04177.jpg,image_04177.jpg,22.349777221679688
805,/nas-ctm01/datasets/public/Oxford102Flowers/jpg/image_00806.jpg,image_00806.jpg,22.78457260131836
4864,/nas-ctm01/datasets/public/Oxford102Flowers/jpg/image_04865.jpg,image_04865.jpg,23.339506149291992
3647,/nas-ctm01/datasets/public/Oxford102Flowers/jpg/image_03648.jpg,image_03648.jpg,21.828044891357422
1287,/nas-ctm01/datasets/public/Oxford102Flowers/jpg/image_01288.jpg,image_01288.jpg,21.895660400390625
7724,/nas-ctm01/datasets/public/Oxford102Flowers/jpg/image_07725.jpg,image_07725.jpg,20.698545455932617
4953,/nas-ctm01/datasets/public/Oxford102Flowers/jpg/image_04954.jpg,image_04954.jpg,23.72563934326172
7093,/nas-ctm01/datasets/public/Oxford102Flowers/jpg/image_07094.jpg,image_07094.jpg,21.689708709716797
1747,/nas-ctm01/datasets/public/Oxford102Flowers/jpg/image_01748.jpg,image_01748.jpg,23.54439353942871
1417,/nas-ctm01/datasets/public/Oxford102Flowers/jpg/image_01418.jpg,image_01418.jpg,20.88673210144043
5603,/nas-ctm01/datasets/public/Oxford102Flowers/jpg/image_05604.jpg,image_05604.jpg,22.32335090637207
1144,/nas-ctm01/datasets/public/Oxford102Flowers/jpg/image_01145.jpg,image_01145.jpg,21.88688850402832
5858,/nas-ctm01/datasets/public/Oxford102Flowers/jpg/image_05859.jpg,image_05859.jpg,23.623483657836914
26,/nas-ctm01/datasets/public/Oxford102Flowers/jpg/image_00027.jpg,image_00027.jpg,23.85985565185547
1894,/nas-ctm01/datasets/public/Oxford102Flowers/jpg/image_01895.jpg,image_01895.jpg,24.2377872467041
5021,/nas-ctm01/datasets/public/Oxford102Flowers/jpg/image_05022.jpg,image_05022.jpg,21.05042839050293
4352,/nas-ctm01/datasets/public/Oxford102Flowers/jpg/image_04353.jpg,image_04353.jpg,22.61286163330078
1172,/nas-ctm01/datasets/public/Oxford102Flowers/jpg/image_01173.jpg,image_01173.jpg,22.23256492614746
5307,/nas-ctm01/datasets/public/Oxford102Flowers/jpg/image_05308.jpg,image_05308.jpg,20.55967903137207
3685,/nas-ctm01/datasets/public/Oxford102Flowers/jpg/image_03686.jpg,image_03686.jpg,21.33924102783203
5537,/nas-ctm01/datasets/public/Oxford102Flowers/jpg/image_05538.jpg,image_05538.jpg,22.180830001831055
3909,/nas-ctm01/datasets/public/Oxford102Flowers/jpg/image_03910.jpg,image_03910.jpg,24.32791519165039
7325,/nas-ctm01/datasets/public/Oxford102Flowers/jpg/image_07326.jpg,image_07326.jpg,22.34480094909668
500,/nas-ctm01/datasets/public/Oxford102Flowers/jpg/image_00501.jpg,image_00501.jpg,22.631103515625
6452,/nas-ctm01/datasets/public/Oxford102Flowers/jpg/image_06453.jpg,image_06453.jpg,22.259727478027344
437,/nas-ctm01/datasets/public/Oxford102Flowers/jpg/image_00438.jpg,image_00438.jpg,22.863758087158203
2107,/nas-ctm01/datasets/public/Oxford102Flowers/jpg/image_02108.jpg,image_02108.jpg,21.24777603149414
5709,/nas-ctm01/datasets/public/Oxford102Flowers/jpg/image_05710.jpg,image_05710.jpg,22.310564041137695
6163,/nas-ctm01/datasets/public/Oxford102Flowers/jpg/image_06164.jpg,image_06164.jpg,20.527700424194336
5239,/nas-ctm01/datasets/public/Oxford102Flowers/jpg/image_05240.jpg,image_05240.jpg,21.440948486328125
2389,/nas-ctm01/datasets/public/Oxford102Flowers/jpg/image_02390.jpg,image_02390.jpg,22.115476608276367
3882,/nas-ctm01/datasets/public/Oxford102Flowers/jpg/image_03883.jpg,image_03883.jpg,24.43185043334961
8133,/nas-ctm01/datasets/public/Oxford102Flowers/jpg/image_08134.jpg,image_08134.jpg,20.674402236938477
3689,/nas-ctm01/datasets/public/Oxford102Flowers/jpg/image_03690.jpg,image_03690.jpg,21.615264892578125
3248,/nas-ctm01/datasets/public/Oxford102Flowers/jpg/image_03249.jpg,image_03249.jpg,22.78864860534668
5852,/nas-ctm01/datasets/public/Oxford102Flowers/jpg/image_05853.jpg,image_05853.jpg,24.32039451599121
3295,/nas-ctm01/datasets/public/Oxford102Flowers/jpg/image_03296.jpg,image_03296.jpg,22.519906997680664
6761,/nas-ctm01/datasets/public/Oxford102Flowers/jpg/image_06762.jpg,image_06762.jpg,21.339269638061523
4248,/nas-ctm01/datasets/public/Oxford102Flowers/jpg/image_04249.jpg,image_04249.jpg,21.074851989746094
4771,/nas-ctm01/datasets/public/Oxford102Flowers/jpg/image_04772.jpg,image_04772.jpg,22.369800567626953
4128,/nas-ctm01/datasets/public/Oxford102Flowers/jpg/image_04129.jpg,image_04129.jpg,22.965900421142578
3742,/nas-ctm01/datasets/public/Oxford102Flowers/jpg/image_03743.jpg,image_03743.jpg,20.985502243041992
5648,/nas-ctm01/datasets/public/Oxford102Flowers/jpg/image_05649.jpg,image_05649.jpg,20.849872589111328
1864,/nas-ctm01/datasets/public/Oxford102Flowers/jpg/image_01865.jpg,image_01865.jpg,24.25838279724121
6559,/nas-ctm01/datasets/public/Oxford102Flowers/jpg/image_06560.jpg,image_06560.jpg,22.38969612121582
2069,/nas-ctm01/datasets/public/Oxford102Flowers/jpg/image_02070.jpg,image_02070.jpg,21.857009887695312
534,/nas-ctm01/datasets/public/Oxford102Flowers/jpg/image_00535.jpg,image_00535.jpg,20.159595489501953
6138,/nas-ctm01/datasets/public/Oxford102Flowers/jpg/image_06139.jpg,image_06139.jpg,20.60902976989746
585,/nas-ctm01/datasets/public/Oxford102Flowers/jpg/image_00586.jpg,image_00586.jpg,20.9212646484375
2892,/nas-ctm01/datasets/public/Oxford102Flowers/jpg/image_02893.jpg,image_02893.jpg,22.522457122802734
4655,/nas-ctm01/datasets/public/Oxford102Flowers/jpg/image_04656.jpg,image_04656.jpg,21.806251525878906
1297,/nas-ctm01/datasets/public/Oxford102Flowers/jpg/image_01298.jpg,image_01298.jpg,21.719846725463867
2301,/nas-ctm01/datasets/public/Oxford102Flowers/jpg/image_02302.jpg,image_02302.jpg,22.328094482421875
4126,/nas-ctm01/datasets/public/Oxford102Flowers/jpg/image_04127.jpg,image_04127.jpg,23.282636642456055
3454,/nas-ctm01/datasets/public/Oxford102Flowers/jpg/image_03455.jpg,image_03455.jpg,21.52097511291504
491,/nas-ctm01/datasets/public/Oxford102Flowers/jpg/image_00492.jpg,image_00492.jpg,21.114870071411133
7290,/nas-ctm01/datasets/public/Oxford102Flowers/jpg/image_07291.jpg,image_07291.jpg,20.658132553100586
4086,/nas-ctm01/datasets/public/Oxford102Flowers/jpg/image_04087.jpg,image_04087.jpg,23.247676849365234
5623,/nas-ctm01/datasets/public/Oxford102Flowers/jpg/image_05624.jpg,image_05624.jpg,21.70017433166504
4947,/nas-ctm01/datasets/public/Oxford102Flowers/jpg/image_04948.jpg,image_04948.jpg,23.95928382873535
4333,/nas-ctm01/datasets/public/Oxford102Flowers/jpg/image_04334.jpg,image_04334.jpg,21.285497665405273
4245,/nas-ctm01/datasets/public/Oxford102Flowers/jpg/image_04246.jpg,image_04246.jpg,21.734607696533203
852,/nas-ctm01/datasets/public/Oxford102Flowers/jpg/image_00853.jpg,image_00853.jpg,22.52446937561035
2945,/nas-ctm01/datasets/public/Oxford102Flowers/jpg/image_02946.jpg,image_02946.jpg,22.134191513061523
2589,/nas-ctm01/datasets/public/Oxford102Flowers/jpg/image_02590.jpg,image_02590.jpg,21.336528778076172
2726,/nas-ctm01/datasets/public/Oxford102Flowers/jpg/image_02727.jpg,image_02727.jpg,22.608243942260742
2266,/nas-ctm01/datasets/public/Oxford102Flowers/jpg/image_02267.jpg,image_02267.jpg,20.856853485107422
2750,/nas-ctm01/datasets/public/Oxford102Flowers/jpg/image_02751.jpg,image_02751.jpg,22.86590003967285
7250,/nas-ctm01/datasets/public/Oxford102Flowers/jpg/image_07251.jpg,image_07251.jpg,21.10009765625
3852,/nas-ctm01/datasets/public/Oxford102Flowers/jpg/image_03853.jpg,image_03853.jpg,21.04421615600586
397,/nas-ctm01/datasets/public/Oxford102Flowers/jpg/image_00398.jpg,image_00398.jpg,22.862186431884766
5341,/nas-ctm01/datasets/public/Oxford102Flowers/jpg/image_05342.jpg,image_05342.jpg,20.59956169128418
6781,/nas-ctm01/datasets/public/Oxford102Flowers/jpg/image_06782.jpg,image_06782.jpg,20.337202072143555
401,/nas-ctm01/datasets/public/Oxford102Flowers/jpg/image_00402.jpg,image_00402.jpg,22.66992950439453
1593,/nas-ctm01/datasets/public/Oxford102Flowers/jpg/image_01594.jpg,image_01594.jpg,23.42249870300293
6501,/nas-ctm01/datasets/public/Oxford102Flowers/jpg/image_06502.jpg,image_06502.jpg,23.505598068237305
2142,/nas-ctm01/datasets/public/Oxford102Flowers/jpg/image_02143.jpg,image_02143.jpg,22.003320693969727
4038,/nas-ctm01/datasets/public/Oxford102Flowers/jpg/image_04039.jpg,image_04039.jpg,20.615867614746094
3703,/nas-ctm01/datasets/public/Oxford102Flowers/jpg/image_03704.jpg,image_03704.jpg,21.333751678466797
5766,/nas-ctm01/datasets/public/Oxford102Flowers/jpg/image_05767.jpg,image_05767.jpg,23.64223289489746
5943,/nas-ctm01/datasets/public/Oxford102Flowers/jpg/image_05944.jpg,image_05944.jpg,23.16042137145996
6073,/nas-ctm01/datasets/public/Oxford102Flowers/jpg/image_06074.jpg,image_06074.jpg,23.73492431640625
4769,/nas-ctm01/datasets/public/Oxford102Flowers/jpg/image_04770.jpg,image_04770.jpg,22.57736587524414
573,/nas-ctm01/datasets/public/Oxford102Flowers/jpg/image_00574.jpg,image_00574.jpg,22.070615768432617
5255,/nas-ctm01/datasets/public/Oxford102Flowers/jpg/image_05256.jpg,image_05256.jpg,20.779401779174805
6386,/nas-ctm01/datasets/public/Oxford102Flowers/jpg/image_06387.jpg,image_06387.jpg,21.49879264831543
2641,/nas-ctm01/datasets/public/Oxford102Flowers/jpg/image_02642.jpg,image_02642.jpg,22.844070434570312
2131,/nas-ctm01/datasets/public/Oxford102Flowers/jpg/image_02132.jpg,image_02132.jpg,21.165300369262695
535,/nas-ctm01/datasets/public/Oxford102Flowers/jpg/image_00536.jpg,image_00536.jpg,19.99955940246582
2358,/nas-ctm01/datasets/public/Oxford102Flowers/jpg/image_02359.jpg,image_02359.jpg,21.662437438964844
3790,/nas-ctm01/datasets/public/Oxford102Flowers/jpg/image_03791.jpg,image_03791.jpg,20.812395095825195
4994,/nas-ctm01/datasets/public/Oxford102Flowers/jpg/image_04995.jpg,image_04995.jpg,23.317262649536133
4660,/nas-ctm01/datasets/public/Oxford102Flowers/jpg/image_04661.jpg,image_04661.jpg,21.263994216918945
1916,/nas-ctm01/datasets/public/Oxford102Flowers/jpg/image_01917.jpg,image_01917.jpg,23.842161178588867
3535,/nas-ctm01/datasets/public/Oxford102Flowers/jpg/image_03536.jpg,image_03536.jpg,22.246416091918945
4958,/nas-ctm01/datasets/public/Oxford102Flowers/jpg/image_04959.jpg,image_04959.jpg,22.85988426208496
473,/nas-ctm01/datasets/public/Oxford102Flowers/jpg/image_00474.jpg,image_00474.jpg,22.759967803955078
5684,/nas-ctm01/datasets/public/Oxford102Flowers/jpg/image_05685.jpg,image_05685.jpg,20.38005256652832
3515,/nas-ctm01/datasets/public/Oxford102Flowers/jpg/image_03516.jpg,image_03516.jpg,21.871671676635742
881,/nas-ctm01/datasets/public/Oxford102Flowers/jpg/image_00882.jpg,image_00882.jpg,22.757606506347656
51,/nas-ctm01/datasets/public/Oxford102Flowers/jpg/image_00052.jpg,image_00052.jpg,24.008708953857422
5137,/nas-ctm01/datasets/public/Oxford102Flowers/jpg/image_05138.jpg,image_05138.jpg,21.8754825592041
7768,/nas-ctm01/datasets/public/Oxford102Flowers/jpg/image_07769.jpg,image_07769.jpg,21.108905792236328
6758,/nas-ctm01/datasets/public/Oxford102Flowers/jpg/image_06759.jpg,image_06759.jpg,20.480255126953125
469,/nas-ctm01/datasets/public/Oxford102Flowers/jpg/image_00470.jpg,image_00470.jpg,22.722362518310547
3497,/nas-ctm01/datasets/public/Oxford102Flowers/jpg/image_03498.jpg,image_03498.jpg,22.330137252807617
1940,/nas-ctm01/datasets/public/Oxford102Flowers/jpg/image_01941.jpg,image_01941.jpg,22.000953674316406
247,/nas-ctm01/datasets/public/Oxford102Flowers/jpg/image_00248.jpg,image_00248.jpg,23.649293899536133
1954,/nas-ctm01/datasets/public/Oxford102Flowers/jpg/image_01955.jpg,image_01955.jpg,23.225801467895508
7360,/nas-ctm01/datasets/public/Oxford102Flowers/jpg/image_07361.jpg,image_07361.jpg,22.136919021606445
865,/nas-ctm01/datasets/public/Oxford102Flowers/jpg/image_00866.jpg,image_00866.jpg,22.976415634155273
761,/nas-ctm01/datasets/public/Oxford102Flowers/jpg/image_00762.jpg,image_00762.jpg,21.060516357421875
3286,/nas-ctm01/datasets/public/Oxford102Flowers/jpg/image_03287.jpg,image_03287.jpg,23.6174259185791
8176,/nas-ctm01/datasets/public/Oxford102Flowers/jpg/image_08177.jpg,image_08177.jpg,22.709976196289062
1615,/nas-ctm01/datasets/public/Oxford102Flowers/jpg/image_01616.jpg,image_01616.jpg,23.417436599731445
6207,/nas-ctm01/datasets/public/Oxford102Flowers/jpg/image_06208.jpg,image_06208.jpg,22.60888671875
7188,/nas-ctm01/datasets/public/Oxford102Flowers/jpg/image_07189.jpg,image_07189.jpg,21.49956703186035
3309,/nas-ctm01/datasets/public/Oxford102Flowers/jpg/image_03310.jpg,image_03310.jpg,23.84710121154785
425,/nas-ctm01/datasets/public/Oxford102Flowers/jpg/image_00426.jpg,image_00426.jpg,22.63559341430664
5277,/nas-ctm01/datasets/public/Oxford102Flowers/jpg/image_05278.jpg,image_05278.jpg,21.0965518951416
5676,/nas-ctm01/datasets/public/Oxford102Flowers/jpg/image_05677.jpg,image_05677.jpg,22.245140075683594
7689,/nas-ctm01/datasets/public/Oxford102Flowers/jpg/image_07690.jpg,image_07690.jpg,21.30131721496582
228,/nas-ctm01/datasets/public/Oxford102Flowers/jpg/image_00229.jpg,image_00229.jpg,24.277517318725586
6026,/nas-ctm01/datasets/public/Oxford102Flowers/jpg/image_06027.jpg,image_06027.jpg,20.919586181640625
7465,/nas-ctm01/datasets/public/Oxford102Flowers/jpg/image_07466.jpg,image_07466.jpg,21.911767959594727
693,/nas-ctm01/datasets/public/Oxford102Flowers/jpg/image_00694.jpg,image_00694.jpg,21.246347427368164
1041,/nas-ctm01/datasets/public/Oxford102Flowers/jpg/image_01042.jpg,image_01042.jpg,21.789827346801758
3187,/nas-ctm01/datasets/public/Oxford102Flowers/jpg/image_03188.jpg,image_03188.jpg,21.886018753051758
5595,/nas-ctm01/datasets/public/Oxford102Flowers/jpg/image_05596.jpg,image_05596.jpg,21.492074966430664
1726,/nas-ctm01/datasets/public/Oxford102Flowers/jpg/image_01727.jpg,image_01727.jpg,23.60083770751953
6009,/nas-ctm01/datasets/public/Oxford102Flowers/jpg/image_06010.jpg,image_06010.jpg,21.720876693725586
6707,/nas-ctm01/datasets/public/Oxford102Flowers/jpg/image_06708.jpg,image_06708.jpg,21.05785369873047
3567,/nas-ctm01/datasets/public/Oxford102Flowers/jpg/image_03568.jpg,image_03568.jpg,22.55228614807129
6202,/nas-ctm01/datasets/public/Oxford102Flowers/jpg/image_06203.jpg,image_06203.jpg,22.14270782470703
2351,/nas-ctm01/datasets/public/Oxford102Flowers/jpg/image_02352.jpg,image_02352.jpg,22.018598556518555
1128,/nas-ctm01/datasets/public/Oxford102Flowers/jpg/image_01129.jpg,image_01129.jpg,21.30325698852539
5624,/nas-ctm01/datasets/public/Oxford102Flowers/jpg/image_05625.jpg,image_05625.jpg,21.547470092773438
4668,/nas-ctm01/datasets/public/Oxford102Flowers/jpg/image_04669.jpg,image_04669.jpg,22.0031795501709
7463,/nas-ctm01/datasets/public/Oxford102Flowers/jpg/image_07464.jpg,image_07464.jpg,22.232736587524414
58,/nas-ctm01/datasets/public/Oxford102Flowers/jpg/image_00059.jpg,image_00059.jpg,23.801639556884766
1626,/nas-ctm01/datasets/public/Oxford102Flowers/jpg/image_01627.jpg,image_01627.jpg,22.116567611694336
2851,/nas-ctm01/datasets/public/Oxford102Flowers/jpg/image_02852.jpg,image_02852.jpg,22.48232650756836
6608,/nas-ctm01/datasets/public/Oxford102Flowers/jpg/image_06609.jpg,image_06609.jpg,22.649555206298828
5680,/nas-ctm01/datasets/public/Oxford102Flowers/jpg/image_05681.jpg,image_05681.jpg,22.528560638427734
4787,/nas-ctm01/datasets/public/Oxford102Flowers/jpg/image_04788.jpg,image_04788.jpg,22.30587387084961
96,/nas-ctm01/datasets/public/Oxford102Flowers/jpg/image_00097.jpg,image_00097.jpg,24.150161743164062
3880,/nas-ctm01/datasets/public/Oxford102Flowers/jpg/image_03881.jpg,image_03881.jpg,24.00784683227539
960,/nas-ctm01/datasets/public/Oxford102Flowers/jpg/image_00961.jpg,image_00961.jpg,20.614826202392578
3668,/nas-ctm01/datasets/public/Oxford102Flowers/jpg/image_03669.jpg,image_03669.jpg,20.788219451904297
6526,/nas-ctm01/datasets/public/Oxford102Flowers/jpg/image_06527.jpg,image_06527.jpg,23.125041961669922
877,/nas-ctm01/datasets/public/Oxford102Flowers/jpg/image_00878.jpg,image_00878.jpg,22.437238693237305
4913,/nas-ctm01/datasets/public/Oxford102Flowers/jpg/image_04914.jpg,image_04914.jpg,22.633323669433594
156,/nas-ctm01/datasets/public/Oxford102Flowers/jpg/image_00157.jpg,image_00157.jpg,23.95723533630371
4669,/nas-ctm01/datasets/public/Oxford102Flowers/jpg/image_04670.jpg,image_04670.jpg,21.15183448791504
3340,/nas-ctm01/datasets/public/Oxford102Flowers/jpg/image_03341.jpg,image_03341.jpg,24.375598907470703
611,/nas-ctm01/datasets/public/Oxford102Flowers/jpg/image_00612.jpg,image_00612.jpg,21.16404151916504
6680,/nas-ctm01/datasets/public/Oxford102Flowers/jpg/image_06681.jpg,image_06681.jpg,21.40064811706543
3077,/nas-ctm01/datasets/public/Oxford102Flowers/jpg/image_03078.jpg,image_03078.jpg,22.263713836669922
1188,/nas-ctm01/datasets/public/Oxford102Flowers/jpg/image_01189.jpg,image_01189.jpg,22.33974838256836
4334,/nas-ctm01/datasets/public/Oxford102Flowers/jpg/image_04335.jpg,image_04335.jpg,22.837020874023438
447,/nas-ctm01/datasets/public/Oxford102Flowers/jpg/image_00448.jpg,image_00448.jpg,21.124553680419922
7891,/nas-ctm01/datasets/public/Oxford102Flowers/jpg/image_07892.jpg,image_07892.jpg,21.946687698364258
1765,/nas-ctm01/datasets/public/Oxford102Flowers/jpg/image_01766.jpg,image_01766.jpg,24.210391998291016
5660,/nas-ctm01/datasets/public/Oxford102Flowers/jpg/image_05661.jpg,image_05661.jpg,23.405349731445312
592,/nas-ctm01/datasets/public/Oxford102Flowers/jpg/image_00593.jpg,image_00593.jpg,20.871572494506836
3106,/nas-ctm01/datasets/public/Oxford102Flowers/jpg/image_03107.jpg,image_03107.jpg,21.430322647094727
4420,/nas-ctm01/datasets/public/Oxford102Flowers/jpg/image_04421.jpg,image_04421.jpg,21.749910354614258
7346,/nas-ctm01/datasets/public/Oxford102Flowers/jpg/image_07347.jpg,image_07347.jpg,21.166908264160156
2249,/nas-ctm01/datasets/public/Oxford102Flowers/jpg/image_02250.jpg,image_02250.jpg,21.29700469970703
2926,/nas-ctm01/datasets/public/Oxford102Flowers/jpg/image_02927.jpg,image_02927.jpg,22.11587142944336
2534,/nas-ctm01/datasets/public/Oxford102Flowers/jpg/image_02535.jpg,image_02535.jpg,22.01066780090332
847,/nas-ctm01/datasets/public/Oxford102Flowers/jpg/image_00848.jpg,image_00848.jpg,21.815509796142578
3429,/nas-ctm01/datasets/public/Oxford102Flowers/jpg/image_03430.jpg,image_03430.jpg,21.56897735595703
4162,/nas-ctm01/datasets/public/Oxford102Flowers/jpg/image_04163.jpg,image_04163.jpg,22.649843215942383
624,/nas-ctm01/datasets/public/Oxford102Flowers/jpg/image_00625.jpg,image_00625.jpg,21.268001556396484
2173,/nas-ctm01/datasets/public/Oxford102Flowers/jpg/image_02174.jpg,image_02174.jpg,20.653053283691406
5938,/nas-ctm01/datasets/public/Oxford102Flowers/jpg/image_05939.jpg,image_05939.jpg,23.230995178222656
2111,/nas-ctm01/datasets/public/Oxford102Flowers/jpg/image_02112.jpg,image_02112.jpg,21.922748565673828
5976,/nas-ctm01/datasets/public/Oxford102Flowers/jpg/image_05977.jpg,image_05977.jpg,21.76213264465332
5055,/nas-ctm01/datasets/public/Oxford102Flowers/jpg/image_05056.jpg,image_05056.jpg,21.562490463256836
756,/nas-ctm01/datasets/public/Oxford102Flowers/jpg/image_00757.jpg,image_00757.jpg,20.80768394470215
7956,/nas-ctm01/datasets/public/Oxford102Flowers/jpg/image_07957.jpg,image_07957.jpg,21.127492904663086
4046,/nas-ctm01/datasets/public/Oxford102Flowers/jpg/image_04047.jpg,image_04047.jpg,22.706863403320312
4075,/nas-ctm01/datasets/public/Oxford102Flowers/jpg/image_04076.jpg,image_04076.jpg,21.96980094909668
2758,/nas-ctm01/datasets/public/Oxford102Flowers/jpg/image_02759.jpg,image_02759.jpg,21.823183059692383
7279,/nas-ctm01/datasets/public/Oxford102Flowers/jpg/image_07280.jpg,image_07280.jpg,22.367849349975586
8031,/nas-ctm01/datasets/public/Oxford102Flowers/jpg/image_08032.jpg,image_08032.jpg,21.51343536376953
6689,/nas-ctm01/datasets/public/Oxford102Flowers/jpg/image_06690.jpg,image_06690.jpg,21.598814010620117
5843,/nas-ctm01/datasets/public/Oxford102Flowers/jpg/image_05844.jpg,image_05844.jpg,21.508386611938477
3145,/nas-ctm01/datasets/public/Oxford102Flowers/jpg/image_03146.jpg,image_03146.jpg,21.034563064575195
5842,/nas-ctm01/datasets/public/Oxford102Flowers/jpg/image_05843.jpg,image_05843.jpg,21.659427642822266
5629,/nas-ctm01/datasets/public/Oxford102Flowers/jpg/image_05630.jpg,image_05630.jpg,22.002347946166992
2020,/nas-ctm01/datasets/public/Oxford102Flowers/jpg/image_02021.jpg,image_02021.jpg,23.08698844909668
764,/nas-ctm01/datasets/public/Oxford102Flowers/jpg/image_00765.jpg,image_00765.jpg,21.24454689025879
2115,/nas-ctm01/datasets/public/Oxford102Flowers/jpg/image_02116.jpg,image_02116.jpg,21.926925659179688
2865,/nas-ctm01/datasets/public/Oxford102Flowers/jpg/image_02866.jpg,image_02866.jpg,22.306678771972656
7848,/nas-ctm01/datasets/public/Oxford102Flowers/jpg/image_07849.jpg,image_07849.jpg,21.132747650146484
2464,/nas-ctm01/datasets/public/Oxford102Flowers/jpg/image_02465.jpg,image_02465.jpg,21.702062606811523
2006,/nas-ctm01/datasets/public/Oxford102Flowers/jpg/image_02007.jpg,image_02007.jpg,21.705350875854492
1259,/nas-ctm01/datasets/public/Oxford102Flowers/jpg/image_01260.jpg,image_01260.jpg,21.9356632232666
5944,/nas-ctm01/datasets/public/Oxford102Flowers/jpg/image_05945.jpg,image_05945.jpg,20.785959243774414
6224,/nas-ctm01/datasets/public/Oxford102Flowers/jpg/image_06225.jpg,image_06225.jpg,22.83091163635254
1024,/nas-ctm01/datasets/public/Oxford102Flowers/jpg/image_01025.jpg,image_01025.jpg,21.273290634155273
4862,/nas-ctm01/datasets/public/Oxford102Flowers/jpg/image_04863.jpg,image_04863.jpg,22.569883346557617
752,/nas-ctm01/datasets/public/Oxford102Flowers/jpg/image_00753.jpg,image_00753.jpg,20.33296775817871
3016,/nas-ctm01/datasets/public/Oxford102Flowers/jpg/image_03017.jpg,image_03017.jpg,22.530536651611328
4518,/nas-ctm01/datasets/public/Oxford102Flowers/jpg/image_04519.jpg,image_04519.jpg,21.371278762817383
351,/nas-ctm01/datasets/public/Oxford102Flowers/jpg/image_00352.jpg,image_00352.jpg,22.336545944213867
6993,/nas-ctm01/datasets/public/Oxford102Flowers/jpg/image_06994.jpg,image_06994.jpg,22.17380142211914
1421,/nas-ctm01/datasets/public/Oxford102Flowers/jpg/image_01422.jpg,image_01422.jpg,21.38054656982422
4982,/nas-ctm01/datasets/public/Oxford102Flowers/jpg/image_04983.jpg,image_04983.jpg,22.840503692626953
1562,/nas-ctm01/datasets/public/Oxford102Flowers/jpg/image_01563.jpg,image_01563.jpg,24.56752586364746
3989,/nas-ctm01/datasets/public/Oxford102Flowers/jpg/image_03990.jpg,image_03990.jpg,21.848974227905273
1509,/nas-ctm01/datasets/public/Oxford102Flowers/jpg/image_01510.jpg,image_01510.jpg,24.014089584350586
6754,/nas-ctm01/datasets/public/Oxford102Flowers/jpg/image_06755.jpg,image_06755.jpg,19.84658432006836
561,/nas-ctm01/datasets/public/Oxford102Flowers/jpg/image_00562.jpg,image_00562.jpg,23.063232421875
6408,/nas-ctm01/datasets/public/Oxford102Flowers/jpg/image_06409.jpg,image_06409.jpg,20.900604248046875
4372,/nas-ctm01/datasets/public/Oxford102Flowers/jpg/image_04373.jpg,image_04373.jpg,22.987089157104492
7800,/nas-ctm01/datasets/public/Oxford102Flowers/jpg/image_07801.jpg,image_07801.jpg,20.935415267944336
7921,/nas-ctm01/datasets/public/Oxford102Flowers/jpg/image_07922.jpg,image_07922.jpg,21.67064094543457
4423,/nas-ctm01/datasets/public/Oxford102Flowers/jpg/image_04424.jpg,image_04424.jpg,21.8023624420166
4623,/nas-ctm01/datasets/public/Oxford102Flowers/jpg/image_04624.jpg,image_04624.jpg,22.159984588623047
1047,/nas-ctm01/datasets/public/Oxford102Flowers/jpg/image_01048.jpg,image_01048.jpg,21.15571403503418
2333,/nas-ctm01/datasets/public/Oxford102Flowers/jpg/image_02334.jpg,image_02334.jpg,22.710590362548828
6508,/nas-ctm01/datasets/public/Oxford102Flowers/jpg/image_06509.jpg,image_06509.jpg,23.755653381347656
414,/nas-ctm01/datasets/public/Oxford102Flowers/jpg/image_00415.jpg,image_00415.jpg,22.579797744750977
6258,/nas-ctm01/datasets/public/Oxford102Flowers/jpg/image_06259.jpg,image_06259.jpg,21.13799476623535
7039,/nas-ctm01/datasets/public/Oxford102Flowers/jpg/image_07040.jpg,image_07040.jpg,21.771921157836914
6778,/nas-ctm01/datasets/public/Oxford102Flowers/jpg/image_06779.jpg,image_06779.jpg,19.420665740966797
7606,/nas-ctm01/datasets/public/Oxford102Flowers/jpg/image_07607.jpg,image_07607.jpg,20.78209114074707
2669,/nas-ctm01/datasets/public/Oxford102Flowers/jpg/image_02670.jpg,image_02670.jpg,22.308317184448242
4950,/nas-ctm01/datasets/public/Oxford102Flowers/jpg/image_04951.jpg,image_04951.jpg,24.007761001586914
7548,/nas-ctm01/datasets/public/Oxford102Flowers/jpg/image_07549.jpg,image_07549.jpg,22.059934616088867
3257,/nas-ctm01/datasets/public/Oxford102Flowers/jpg/image_03258.jpg,image_03258.jpg,21.403207778930664
3693,/nas-ctm01/datasets/public/Oxford102Flowers/jpg/image_03694.jpg,image_03694.jpg,21.453792572021484
1671,/nas-ctm01/datasets/public/Oxford102Flowers/jpg/image_01672.jpg,image_01672.jpg,23.742938995361328
3950,/nas-ctm01/datasets/public/Oxford102Flowers/jpg/image_03951.jpg,image_03951.jpg,20.696849822998047
6580,/nas-ctm01/datasets/public/Oxford102Flowers/jpg/image_06581.jpg,image_06581.jpg,22.05784034729004
7017,/nas-ctm01/datasets/public/Oxford102Flowers/jpg/image_07018.jpg,image_07018.jpg,21.13701057434082
3133,/nas-ctm01/datasets/public/Oxford102Flowers/jpg/image_03134.jpg,image_03134.jpg,20.726451873779297
1487,/nas-ctm01/datasets/public/Oxford102Flowers/jpg/image_01488.jpg,image_01488.jpg,20.652660369873047
842,/nas-ctm01/datasets/public/Oxford102Flowers/jpg/image_00843.jpg,image_00843.jpg,22.16195297241211
1146,/nas-ctm01/datasets/public/Oxford102Flowers/jpg/image_01147.jpg,image_01147.jpg,21.480518341064453
3172,/nas-ctm01/datasets/public/Oxford102Flowers/jpg/image_03173.jpg,image_03173.jpg,21.125835418701172
1862,/nas-ctm01/datasets/public/Oxford102Flowers/jpg/image_01863.jpg,image_01863.jpg,24.154512405395508
6660,/nas-ctm01/datasets/public/Oxford102Flowers/jpg/image_06661.jpg,image_06661.jpg,20.804378509521484
1253,/nas-ctm01/datasets/public/Oxford102Flowers/jpg/image_01254.jpg,image_01254.jpg,22.788740158081055
8182,/nas-ctm01/datasets/public/Oxford102Flowers/jpg/image_08183.jpg,image_08183.jpg,21.989709854125977
1561,/nas-ctm01/datasets/public/Oxford102Flowers/jpg/image_01562.jpg,image_01562.jpg,24.455360412597656
4905,/nas-ctm01/datasets/public/Oxford102Flowers/jpg/image_04906.jpg,image_04906.jpg,22.431251525878906
5064,/nas-ctm01/datasets/public/Oxford102Flowers/jpg/image_05065.jpg,image_05065.jpg,20.719600677490234
5482,/nas-ctm01/datasets/public/Oxford102Flowers/jpg/image_05483.jpg,image_05483.jpg,21.563819885253906
3159,/nas-ctm01/datasets/public/Oxford102Flowers/jpg/image_03160.jpg,image_03160.jpg,21.825044631958008
378,/nas-ctm01/datasets/public/Oxford102Flowers/jpg/image_00379.jpg,image_00379.jpg,23.031904220581055
7954,/nas-ctm01/datasets/public/Oxford102Flowers/jpg/image_07955.jpg,image_07955.jpg,21.759992599487305
5528,/nas-ctm01/datasets/public/Oxford102Flowers/jpg/image_05529.jpg,image_05529.jpg,21.99532699584961
1335,/nas-ctm01/datasets/public/Oxford102Flowers/jpg/image_01336.jpg,image_01336.jpg,22.33524513244629
1223,/nas-ctm01/datasets/public/Oxford102Flowers/jpg/image_01224.jpg,image_01224.jpg,22.211320877075195
7922,/nas-ctm01/datasets/public/Oxford102Flowers/jpg/image_07923.jpg,image_07923.jpg,21.87483787536621
5706,/nas-ctm01/datasets/public/Oxford102Flowers/jpg/image_05707.jpg,image_05707.jpg,22.942962646484375
2966,/nas-ctm01/datasets/public/Oxford102Flowers/jpg/image_02967.jpg,image_02967.jpg,22.125795364379883
2858,/nas-ctm01/datasets/public/Oxford102Flowers/jpg/image_02859.jpg,image_02859.jpg,22.86623764038086
3194,/nas-ctm01/datasets/public/Oxford102Flowers/jpg/image_03195.jpg,image_03195.jpg,22.206308364868164
2112,/nas-ctm01/datasets/public/Oxford102Flowers/jpg/image_02113.jpg,image_02113.jpg,22.501571655273438
4667,/nas-ctm01/datasets/public/Oxford102Flowers/jpg/image_04668.jpg,image_04668.jpg,22.46921157836914
5642,/nas-ctm01/datasets/public/Oxford102Flowers/jpg/image_05643.jpg,image_05643.jpg,22.382471084594727
5850,/nas-ctm01/datasets/public/Oxford102Flowers/jpg/image_05851.jpg,image_05851.jpg,23.308460235595703
7244,/nas-ctm01/datasets/public/Oxford102Flowers/jpg/image_07245.jpg,image_07245.jpg,20.554882049560547
4471,/nas-ctm01/datasets/public/Oxford102Flowers/jpg/image_04472.jpg,image_04472.jpg,22.03312873840332
2114,/nas-ctm01/datasets/public/Oxford102Flowers/jpg/image_02115.jpg,image_02115.jpg,22.295913696289062
2404,/nas-ctm01/datasets/public/Oxford102Flowers/jpg/image_02405.jpg,image_02405.jpg,20.511669158935547
5402,/nas-ctm01/datasets/public/Oxford102Flowers/jpg/image_05403.jpg,image_05403.jpg,22.688016891479492
7100,/nas-ctm01/datasets/public/Oxford102Flowers/jpg/image_07101.jpg,image_07101.jpg,21.73120880126953
3826,/nas-ctm01/datasets/public/Oxford102Flowers/jpg/image_03827.jpg,image_03827.jpg,20.420177459716797
7979,/nas-ctm01/datasets/public/Oxford102Flowers/jpg/image_07980.jpg,image_07980.jpg,20.795557022094727
5522,/nas-ctm01/datasets/public/Oxford102Flowers/jpg/image_05523.jpg,image_05523.jpg,21.757572174072266
1575,/nas-ctm01/datasets/public/Oxford102Flowers/jpg/image_01576.jpg,image_01576.jpg,24.789339065551758
5114,/nas-ctm01/datasets/public/Oxford102Flowers/jpg/image_05115.jpg,image_05115.jpg,22.18806266784668
2458,/nas-ctm01/datasets/public/Oxford102Flowers/jpg/image_02459.jpg,image_02459.jpg,21.472421646118164
5656,/nas-ctm01/datasets/public/Oxford102Flowers/jpg/image_05657.jpg,image_05657.jpg,22.274398803710938
7187,/nas-ctm01/datasets/public/Oxford102Flowers/jpg/image_07188.jpg,image_07188.jpg,21.867300033569336
1406,/nas-ctm01/datasets/public/Oxford102Flowers/jpg/image_01407.jpg,image_01407.jpg,21.373519897460938
4417,/nas-ctm01/datasets/public/Oxford102Flowers/jpg/image_04418.jpg,image_04418.jpg,21.82863998413086
1175,/nas-ctm01/datasets/public/Oxford102Flowers/jpg/image_01176.jpg,image_01176.jpg,21.475605010986328
5033,/nas-ctm01/datasets/public/Oxford102Flowers/jpg/image_05034.jpg,image_05034.jpg,21.143558502197266
1557,/nas-ctm01/datasets/public/Oxford102Flowers/jpg/image_01558.jpg,image_01558.jpg,24.178085327148438
2302,/nas-ctm01/datasets/public/Oxford102Flowers/jpg/image_02303.jpg,image_02303.jpg,21.943918228149414
6436,/nas-ctm01/datasets/public/Oxford102Flowers/jpg/image_06437.jpg,image_06437.jpg,20.816364288330078
4706,/nas-ctm01/datasets/public/Oxford102Flowers/jpg/image_04707.jpg,image_04707.jpg,21.438413619995117
4568,/nas-ctm01/datasets/public/Oxford102Flowers/jpg/image_04569.jpg,image_04569.jpg,21.530508041381836
6720,/nas-ctm01/datasets/public/Oxford102Flowers/jpg/image_06721.jpg,image_06721.jpg,20.710416793823242
547,/nas-ctm01/datasets/public/Oxford102Flowers/jpg/image_00548.jpg,image_00548.jpg,23.084789276123047
5325,/nas-ctm01/datasets/public/Oxford102Flowers/jpg/image_05326.jpg,image_05326.jpg,21.102689743041992
5499,/nas-ctm01/datasets/public/Oxford102Flowers/jpg/image_05500.jpg,image_05500.jpg,22.26643943786621
7275,/nas-ctm01/datasets/public/Oxford102Flowers/jpg/image_07276.jpg,image_07276.jpg,21.308427810668945
1691,/nas-ctm01/datasets/public/Oxford102Flowers/jpg/image_01692.jpg,image_01692.jpg,23.753141403198242
172,/nas-ctm01/datasets/public/Oxford102Flowers/jpg/image_00173.jpg,image_00173.jpg,23.425838470458984
4847,/nas-ctm01/datasets/public/Oxford102Flowers/jpg/image_04848.jpg,image_04848.jpg,24.243452072143555
6476,/nas-ctm01/datasets/public/Oxford102Flowers/jpg/image_06477.jpg,image_06477.jpg,22.55392074584961
1721,/nas-ctm01/datasets/public/Oxford102Flowers/jpg/image_01722.jpg,image_01722.jpg,22.80970001220703
5129,/nas-ctm01/datasets/public/Oxford102Flowers/jpg/image_05130.jpg,image_05130.jpg,22.569704055786133
3018,/nas-ctm01/datasets/public/Oxford102Flowers/jpg/image_03019.jpg,image_03019.jpg,21.844196319580078
7524,/nas-ctm01/datasets/public/Oxford102Flowers/jpg/image_07525.jpg,image_07525.jpg,21.3239688873291
2698,/nas-ctm01/datasets/public/Oxford102Flowers/jpg/image_02699.jpg,image_02699.jpg,22.716236114501953
8178,/nas-ctm01/datasets/public/Oxford102Flowers/jpg/image_08179.jpg,image_08179.jpg,21.90308952331543
2578,/nas-ctm01/datasets/public/Oxford102Flowers/jpg/image_02579.jpg,image_02579.jpg,22.96979331970215
4376,/nas-ctm01/datasets/public/Oxford102Flowers/jpg/image_04377.jpg,image_04377.jpg,22.634241104125977
4022,/nas-ctm01/datasets/public/Oxford102Flowers/jpg/image_04023.jpg,image_04023.jpg,21.82976531982422
7415,/nas-ctm01/datasets/public/Oxford102Flowers/jpg/image_07416.jpg,image_07416.jpg,22.69552993774414
6792,/nas-ctm01/datasets/public/Oxford102Flowers/jpg/image_06793.jpg,image_06793.jpg,20.380979537963867
2124,/nas-ctm01/datasets/public/Oxford102Flowers/jpg/image_02125.jpg,image_02125.jpg,21.716188430786133
1038,/nas-ctm01/datasets/public/Oxford102Flowers/jpg/image_01039.jpg,image_01039.jpg,21.428627014160156
323,/nas-ctm01/datasets/public/Oxford102Flowers/jpg/image_00324.jpg,image_00324.jpg,23.631423950195312
7998,/nas-ctm01/datasets/public/Oxford102Flowers/jpg/image_07999.jpg,image_07999.jpg,21.05160903930664
5403,/nas-ctm01/datasets/public/Oxford102Flowers/jpg/image_05404.jpg,image_05404.jpg,22.334636688232422
4707,/nas-ctm01/datasets/public/Oxford102Flowers/jpg/image_04708.jpg,image_04708.jpg,21.075881958007812
4561,/nas-ctm01/datasets/public/Oxford102Flowers/jpg/image_04562.jpg,image_04562.jpg,20.435609817504883
4229,/nas-ctm01/datasets/public/Oxford102Flowers/jpg/image_04230.jpg,image_04230.jpg,20.763900756835938
7519,/nas-ctm01/datasets/public/Oxford102Flowers/jpg/image_07520.jpg,image_07520.jpg,21.826885223388672
893,/nas-ctm01/datasets/public/Oxford102Flowers/jpg/image_00894.jpg,image_00894.jpg,21.342111587524414
7994,/nas-ctm01/datasets/public/Oxford102Flowers/jpg/image_07995.jpg,image_07995.jpg,20.55295753479004
2943,/nas-ctm01/datasets/public/Oxford102Flowers/jpg/image_02944.jpg,image_02944.jpg,22.047780990600586
324,/nas-ctm01/datasets/public/Oxford102Flowers/jpg/image_00325.jpg,image_00325.jpg,22.365955352783203
1215,/nas-ctm01/datasets/public/Oxford102Flowers/jpg/image_01216.jpg,image_01216.jpg,22.737285614013672
3288,/nas-ctm01/datasets/public/Oxford102Flowers/jpg/image_03289.jpg,image_03289.jpg,23.292268753051758
4606,/nas-ctm01/datasets/public/Oxford102Flowers/jpg/image_04607.jpg,image_04607.jpg,21.630043029785156
4641,/nas-ctm01/datasets/public/Oxford102Flowers/jpg/image_04642.jpg,image_04642.jpg,21.600065231323242
7450,/nas-ctm01/datasets/public/Oxford102Flowers/jpg/image_07451.jpg,image_07451.jpg,22.460670471191406
7996,/nas-ctm01/datasets/public/Oxford102Flowers/jpg/image_07997.jpg,image_07997.jpg,20.93122100830078
2755,/nas-ctm01/datasets/public/Oxford102Flowers/jpg/image_02756.jpg,image_02756.jpg,21.80160903930664
1129,/nas-ctm01/datasets/public/Oxford102Flowers/jpg/image_01130.jpg,image_01130.jpg,21.51982879638672
1718,/nas-ctm01/datasets/public/Oxford102Flowers/jpg/image_01719.jpg,image_01719.jpg,23.29436492919922
2178,/nas-ctm01/datasets/public/Oxford102Flowers/jpg/image_02179.jpg,image_02179.jpg,21.519899368286133
2913,/nas-ctm01/datasets/public/Oxford102Flowers/jpg/image_02914.jpg,image_02914.jpg,22.00442886352539
664,/nas-ctm01/datasets/public/Oxford102Flowers/jpg/image_00665.jpg,image_00665.jpg,21.884037017822266
7747,/nas-ctm01/datasets/public/Oxford102Flowers/jpg/image_07748.jpg,image_07748.jpg,22.342309951782227
5048,/nas-ctm01/datasets/public/Oxford102Flowers/jpg/image_05049.jpg,image_05049.jpg,20.82661247253418
208,/nas-ctm01/datasets/public/Oxford102Flowers/jpg/image_00209.jpg,image_00209.jpg,24.03801727294922
7708,/nas-ctm01/datasets/public/Oxford102Flowers/jpg/image_07709.jpg,image_07709.jpg,21.081743240356445
747,/nas-ctm01/datasets/public/Oxford102Flowers/jpg/image_00748.jpg,image_00748.jpg,21.521238327026367
1507,/nas-ctm01/datasets/public/Oxford102Flowers/jpg/image_01508.jpg,image_01508.jpg,24.159645080566406
4552,/nas-ctm01/datasets/public/Oxford102Flowers/jpg/image_04553.jpg,image_04553.jpg,21.078632354736328
798,/nas-ctm01/datasets/public/Oxford102Flowers/jpg/image_00799.jpg,image_00799.jpg,22.72836685180664
88,/nas-ctm01/datasets/public/Oxford102Flowers/jpg/image_00089.jpg,image_00089.jpg,22.4569034576416
734,/nas-ctm01/datasets/public/Oxford102Flowers/jpg/image_00735.jpg,image_00735.jpg,22.69286346435547
8083,/nas-ctm01/datasets/public/Oxford102Flowers/jpg/image_08084.jpg,image_08084.jpg,23.229690551757812
4949,/nas-ctm01/datasets/public/Oxford102Flowers/jpg/image_04950.jpg,image_04950.jpg,23.410648345947266
7928,/nas-ctm01/datasets/public/Oxford102Flowers/jpg/image_07929.jpg,image_07929.jpg,20.970840454101562
1174,/nas-ctm01/datasets/public/Oxford102Flowers/jpg/image_01175.jpg,image_01175.jpg,21.090660095214844
8046,/nas-ctm01/datasets/public/Oxford102Flowers/jpg/image_08047.jpg,image_08047.jpg,20.76520538330078
5309,/nas-ctm01/datasets/public/Oxford102Flowers/jpg/image_05310.jpg,image_05310.jpg,20.06717872619629
1153,/nas-ctm01/datasets/public/Oxford102Flowers/jpg/image_01154.jpg,image_01154.jpg,22.579524993896484
198,/nas-ctm01/datasets/public/Oxford102Flowers/jpg/image_00199.jpg,image_00199.jpg,23.739208221435547
2680,/nas-ctm01/datasets/public/Oxford102Flowers/jpg/image_02681.jpg,image_02681.jpg,22.719646453857422
3593,/nas-ctm01/datasets/public/Oxford102Flowers/jpg/image_03594.jpg,image_03594.jpg,22.03141212463379
1097,/nas-ctm01/datasets/public/Oxford102Flowers/jpg/image_01098.jpg,image_01098.jpg,21.247560501098633
548,/nas-ctm01/datasets/public/Oxford102Flowers/jpg/image_00549.jpg,image_00549.jpg,21.290306091308594
4679,/nas-ctm01/datasets/public/Oxford102Flowers/jpg/image_04680.jpg,image_04680.jpg,21.864105224609375
4386,/nas-ctm01/datasets/public/Oxford102Flowers/jpg/image_04387.jpg,image_04387.jpg,22.512222290039062
4629,/nas-ctm01/datasets/public/Oxford102Flowers/jpg/image_04630.jpg,image_04630.jpg,21.64655876159668
3217,/nas-ctm01/datasets/public/Oxford102Flowers/jpg/image_03218.jpg,image_03218.jpg,22.640527725219727
1321,/nas-ctm01/datasets/public/Oxford102Flowers/jpg/image_01322.jpg,image_01322.jpg,21.123598098754883
3400,/nas-ctm01/datasets/public/Oxford102Flowers/jpg/image_03401.jpg,image_03401.jpg,21.202804565429688
6466,/nas-ctm01/datasets/public/Oxford102Flowers/jpg/image_06467.jpg,image_06467.jpg,23.306398391723633
1867,/nas-ctm01/datasets/public/Oxford102Flowers/jpg/image_01868.jpg,image_01868.jpg,23.172208786010742
4645,/nas-ctm01/datasets/public/Oxford102Flowers/jpg/image_04646.jpg,image_04646.jpg,21.897871017456055
4252,/nas-ctm01/datasets/public/Oxford102Flowers/jpg/image_04253.jpg,image_04253.jpg,22.110231399536133
5357,/nas-ctm01/datasets/public/Oxford102Flowers/jpg/image_05358.jpg,image_05358.jpg,21.01094627380371
3571,/nas-ctm01/datasets/public/Oxford102Flowers/jpg/image_03572.jpg,image_03572.jpg,21.936691284179688
1775,/nas-ctm01/datasets/public/Oxford102Flowers/jpg/image_01776.jpg,image_01776.jpg,23.897523880004883
5517,/nas-ctm01/datasets/public/Oxford102Flowers/jpg/image_05518.jpg,image_05518.jpg,23.001529693603516
5510,/nas-ctm01/datasets/public/Oxford102Flowers/jpg/image_05511.jpg,image_05511.jpg,22.804399490356445
7469,/nas-ctm01/datasets/public/Oxford102Flowers/jpg/image_07470.jpg,image_07470.jpg,21.869619369506836
8086,/nas-ctm01/datasets/public/Oxford102Flowers/jpg/image_08087.jpg,image_08087.jpg,22.20101547241211
4050,/nas-ctm01/datasets/public/Oxford102Flowers/jpg/image_04051.jpg,image_04051.jpg,21.972410202026367
6384,/nas-ctm01/datasets/public/Oxford102Flowers/jpg/image_06385.jpg,image_06385.jpg,20.77525520324707
937,/nas-ctm01/datasets/public/Oxford102Flowers/jpg/image_00938.jpg,image_00938.jpg,22.846885681152344
7069,/nas-ctm01/datasets/public/Oxford102Flowers/jpg/image_07070.jpg,image_07070.jpg,21.004833221435547
6357,/nas-ctm01/datasets/public/Oxford102Flowers/jpg/image_06358.jpg,image_06358.jpg,21.6186580657959
7861,/nas-ctm01/datasets/public/Oxford102Flowers/jpg/image_07862.jpg,image_07862.jpg,22.47549819946289
7048,/nas-ctm01/datasets/public/Oxford102Flowers/jpg/image_07049.jpg,image_07049.jpg,22.11412239074707
2191,/nas-ctm01/datasets/public/Oxford102Flowers/jpg/image_02192.jpg,image_02192.jpg,22.011436462402344
5164,/nas-ctm01/datasets/public/Oxford102Flowers/jpg/image_05165.jpg,image_05165.jpg,22.19343376159668
4879,/nas-ctm01/datasets/public/Oxford102Flowers/jpg/image_04880.jpg,image_04880.jpg,22.736587524414062
8165,/nas-ctm01/datasets/public/Oxford102Flowers/jpg/image_08166.jpg,image_08166.jpg,21.94981575012207
3936,/nas-ctm01/datasets/public/Oxford102Flowers/jpg/image_03937.jpg,image_03937.jpg,22.6180419921875
3914,/nas-ctm01/datasets/public/Oxford102Flowers/jpg/image_03915.jpg,image_03915.jpg,21.350690841674805
4995,/nas-ctm01/datasets/public/Oxford102Flowers/jpg/image_04996.jpg,image_04996.jpg,23.31574058532715
2627,/nas-ctm01/datasets/public/Oxford102Flowers/jpg/image_02628.jpg,image_02628.jpg,22.42201042175293
3686,/nas-ctm01/datasets/public/Oxford102Flowers/jpg/image_03687.jpg,image_03687.jpg,22.17520523071289
7012,/nas-ctm01/datasets/public/Oxford102Flowers/jpg/image_07013.jpg,image_07013.jpg,21.163606643676758
620,/nas-ctm01/datasets/public/Oxford102Flowers/jpg/image_00621.jpg,image_00621.jpg,20.471878051757812
5148,/nas-ctm01/datasets/public/Oxford102Flowers/jpg/image_05149.jpg,image_05149.jpg,21.799707412719727
7706,/nas-ctm01/datasets/public/Oxford102Flowers/jpg/image_07707.jpg,image_07707.jpg,20.90806770324707
5503,/nas-ctm01/datasets/public/Oxford102Flowers/jpg/image_05504.jpg,image_05504.jpg,22.054271697998047
3260,/nas-ctm01/datasets/public/Oxford102Flowers/jpg/image_03261.jpg,image_03261.jpg,21.23467254638672
478,/nas-ctm01/datasets/public/Oxford102Flowers/jpg/image_00479.jpg,image_00479.jpg,21.0968017578125
1352,/nas-ctm01/datasets/public/Oxford102Flowers/jpg/image_01353.jpg,image_01353.jpg,22.653324127197266
2088,/nas-ctm01/datasets/public/Oxford102Flowers/jpg/image_02089.jpg,image_02089.jpg,22.00596809387207
4823,/nas-ctm01/datasets/public/Oxford102Flowers/jpg/image_04824.jpg,image_04824.jpg,21.904693603515625
5884,/nas-ctm01/datasets/public/Oxford102Flowers/jpg/image_05885.jpg,image_05885.jpg,22.89571762084961
5035,/nas-ctm01/datasets/public/Oxford102Flowers/jpg/image_05036.jpg,image_05036.jpg,20.851152420043945
2057,/nas-ctm01/datasets/public/Oxford102Flowers/jpg/image_02058.jpg,image_02058.jpg,22.894378662109375
1918,/nas-ctm01/datasets/public/Oxford102Flowers/jpg/image_01919.jpg,image_01919.jpg,22.956663131713867
1033,/nas-ctm01/datasets/public/Oxford102Flowers/jpg/image_01034.jpg,image_01034.jpg,20.77802276611328
5331,/nas-ctm01/datasets/public/Oxford102Flowers/jpg/image_05332.jpg,image_05332.jpg,21.7373046875
286,/nas-ctm01/datasets/public/Oxford102Flowers/jpg/image_00287.jpg,image_00287.jpg,23.01759910583496
550,/nas-ctm01/datasets/public/Oxford102Flowers/jpg/image_00551.jpg,image_00551.jpg,22.22483253479004
5200,/nas-ctm01/datasets/public/Oxford102Flowers/jpg/image_05201.jpg,image_05201.jpg,22.14333152770996
2855,/nas-ctm01/datasets/public/Oxford102Flowers/jpg/image_02856.jpg,image_02856.jpg,22.527311325073242
6852,/nas-ctm01/datasets/public/Oxford102Flowers/jpg/image_06853.jpg,image_06853.jpg,22.479324340820312
5003,/nas-ctm01/datasets/public/Oxford102Flowers/jpg/image_05004.jpg,image_05004.jpg,23.66610336303711
5647,/nas-ctm01/datasets/public/Oxford102Flowers/jpg/image_05648.jpg,image_05648.jpg,21.117691040039062
2815,/nas-ctm01/datasets/public/Oxford102Flowers/jpg/image_02816.jpg,image_02816.jpg,22.143531799316406
7500,/nas-ctm01/datasets/public/Oxford102Flowers/jpg/image_07501.jpg,image_07501.jpg,22.384462356567383
1425,/nas-ctm01/datasets/public/Oxford102Flowers/jpg/image_01426.jpg,image_01426.jpg,22.025964736938477
5359,/nas-ctm01/datasets/public/Oxford102Flowers/jpg/image_05360.jpg,image_05360.jpg,21.996999740600586
7544,/nas-ctm01/datasets/public/Oxford102Flowers/jpg/image_07545.jpg,image_07545.jpg,22.619766235351562
6301,/nas-ctm01/datasets/public/Oxford102Flowers/jpg/image_06302.jpg,image_06302.jpg,22.68328094482422
7497,/nas-ctm01/datasets/public/Oxford102Flowers/jpg/image_07498.jpg,image_07498.jpg,22.059738159179688
2303,/nas-ctm01/datasets/public/Oxford102Flowers/jpg/image_02304.jpg,image_02304.jpg,21.728675842285156
2283,/nas-ctm01/datasets/public/Oxford102Flowers/jpg/image_02284.jpg,image_02284.jpg,21.752864837646484
7881,/nas-ctm01/datasets/public/Oxford102Flowers/jpg/image_07882.jpg,image_07882.jpg,21.688032150268555
6485,/nas-ctm01/datasets/public/Oxford102Flowers/jpg/image_06486.jpg,image_06486.jpg,23.3716983795166
2098,/nas-ctm01/datasets/public/Oxford102Flowers/jpg/image_02099.jpg,image_02099.jpg,22.88882827758789
3044,/nas-ctm01/datasets/public/Oxford102Flowers/jpg/image_03045.jpg,image_03045.jpg,21.76580810546875
7714,/nas-ctm01/datasets/public/Oxford102Flowers/jpg/image_07715.jpg,image_07715.jpg,20.425966262817383
3262,/nas-ctm01/datasets/public/Oxford102Flowers/jpg/image_03263.jpg,image_03263.jpg,21.13934898376465
7755,/nas-ctm01/datasets/public/Oxford102Flowers/jpg/image_07756.jpg,image_07756.jpg,21.166114807128906
6648,/nas-ctm01/datasets/public/Oxford102Flowers/jpg/image_06649.jpg,image_06649.jpg,21.373926162719727
5865,/nas-ctm01/datasets/public/Oxford102Flowers/jpg/image_05866.jpg,image_05866.jpg,22.856863021850586
4897,/nas-ctm01/datasets/public/Oxford102Flowers/jpg/image_04898.jpg,image_04898.jpg,22.0898494720459
2516,/nas-ctm01/datasets/public/Oxford102Flowers/jpg/image_02517.jpg,image_02517.jpg,22.34107780456543
3199,/nas-ctm01/datasets/public/Oxford102Flowers/jpg/image_03200.jpg,image_03200.jpg,21.894672393798828
4296,/nas-ctm01/datasets/public/Oxford102Flowers/jpg/image_04297.jpg,image_04297.jpg,21.07607078552246
6972,/nas-ctm01/datasets/public/Oxford102Flowers/jpg/image_06973.jpg,image_06973.jpg,22.87944793701172
701,/nas-ctm01/datasets/public/Oxford102Flowers/jpg/image_00702.jpg,image_00702.jpg,21.7027587890625
4740,/nas-ctm01/datasets/public/Oxford102Flowers/jpg/image_04741.jpg,image_04741.jpg,21.088088989257812
4952,/nas-ctm01/datasets/public/Oxford102Flowers/jpg/image_04953.jpg,image_04953.jpg,21.787321090698242
6180,/nas-ctm01/datasets/public/Oxford102Flowers/jpg/image_06181.jpg,image_06181.jpg,21.222618103027344
4347,/nas-ctm01/datasets/public/Oxford102Flowers/jpg/image_04348.jpg,image_04348.jpg,22.997007369995117
5577,/nas-ctm01/datasets/public/Oxford102Flowers/jpg/image_05578.jpg,image_05578.jpg,22.23111915588379
1554,/nas-ctm01/datasets/public/Oxford102Flowers/jpg/image_01555.jpg,image_01555.jpg,24.944591522216797
1618,/nas-ctm01/datasets/public/Oxford102Flowers/jpg/image_01619.jpg,image_01619.jpg,23.270862579345703
6419,/nas-ctm01/datasets/public/Oxford102Flowers/jpg/image_06420.jpg,image_06420.jpg,21.67575454711914
6950,/nas-ctm01/datasets/public/Oxford102Flowers/jpg/image_06951.jpg,image_06951.jpg,21.784988403320312
4463,/nas-ctm01/datasets/public/Oxford102Flowers/jpg/image_04464.jpg,image_04464.jpg,21.193401336669922
6130,/nas-ctm01/datasets/public/Oxford102Flowers/jpg/image_06131.jpg,image_06131.jpg,21.29916763305664
833,/nas-ctm01/datasets/public/Oxford102Flowers/jpg/image_00834.jpg,image_00834.jpg,22.65224838256836
4870,/nas-ctm01/datasets/public/Oxford102Flowers/jpg/image_04871.jpg,image_04871.jpg,23.64470863342285
3815,/nas-ctm01/datasets/public/Oxford102Flowers/jpg/image_03816.jpg,image_03816.jpg,20.82192611694336
549,/nas-ctm01/datasets/public/Oxford102Flowers/jpg/image_00550.jpg,image_00550.jpg,21.344772338867188
1020,/nas-ctm01/datasets/public/Oxford102Flowers/jpg/image_01021.jpg,image_01021.jpg,21.478256225585938
248,/nas-ctm01/datasets/public/Oxford102Flowers/jpg/image_00249.jpg,image_00249.jpg,23.484907150268555
4921,/nas-ctm01/datasets/public/Oxford102Flowers/jpg/image_04922.jpg,image_04922.jpg,20.934497833251953
1741,/nas-ctm01/datasets/public/Oxford102Flowers/jpg/image_01742.jpg,image_01742.jpg,23.632680892944336
296,/nas-ctm01/datasets/public/Oxford102Flowers/jpg/image_00297.jpg,image_00297.jpg,22.4759578704834
3317,/nas-ctm01/datasets/public/Oxford102Flowers/jpg/image_03318.jpg,image_03318.jpg,23.667924880981445
57,/nas-ctm01/datasets/public/Oxford102Flowers/jpg/image_00058.jpg,image_00058.jpg,24.234996795654297
1703,/nas-ctm01/datasets/public/Oxford102Flowers/jpg/image_01704.jpg,image_01704.jpg,24.22283935546875
3375,/nas-ctm01/datasets/public/Oxford102Flowers/jpg/image_03376.jpg,image_03376.jpg,21.711963653564453
5831,/nas-ctm01/datasets/public/Oxford102Flowers/jpg/image_05832.jpg,image_05832.jpg,22.102563858032227
7166,/nas-ctm01/datasets/public/Oxford102Flowers/jpg/image_07167.jpg,image_07167.jpg,20.79453468322754
5687,/nas-ctm01/datasets/public/Oxford102Flowers/jpg/image_05688.jpg,image_05688.jpg,22.313892364501953
100,/nas-ctm01/datasets/public/Oxford102Flowers/jpg/image_00101.jpg,image_00101.jpg,23.971336364746094
4734,/nas-ctm01/datasets/public/Oxford102Flowers/jpg/image_04735.jpg,image_04735.jpg,21.576534271240234
2481,/nas-ctm01/datasets/public/Oxford102Flowers/jpg/image_02482.jpg,image_02482.jpg,23.037860870361328
4010,/nas-ctm01/datasets/public/Oxford102Flowers/jpg/image_04011.jpg,image_04011.jpg,22.719032287597656
2988,/nas-ctm01/datasets/public/Oxford102Flowers/jpg/image_02989.jpg,image_02989.jpg,21.76234245300293
5933,/nas-ctm01/datasets/public/Oxford102Flowers/jpg/image_05934.jpg,image_05934.jpg,23.31999969482422
532,/nas-ctm01/datasets/public/Oxford102Flowers/jpg/image_00533.jpg,image_00533.jpg,21.245378494262695
2778,/nas-ctm01/datasets/public/Oxford102Flowers/jpg/image_02779.jpg,image_02779.jpg,22.1857852935791
3745,/nas-ctm01/datasets/public/Oxford102Flowers/jpg/image_03746.jpg,image_03746.jpg,20.6536922454834
7331,/nas-ctm01/datasets/public/Oxford102Flowers/jpg/image_07332.jpg,image_07332.jpg,22.274436950683594
1370,/nas-ctm01/datasets/public/Oxford102Flowers/jpg/image_01371.jpg,image_01371.jpg,21.327489852905273
3399,/nas-ctm01/datasets/public/Oxford102Flowers/jpg/image_03400.jpg,image_03400.jpg,21.220767974853516
346,/nas-ctm01/datasets/public/Oxford102Flowers/jpg/image_00347.jpg,image_00347.jpg,23.10338592529297
6453,/nas-ctm01/datasets/public/Oxford102Flowers/jpg/image_06454.jpg,image_06454.jpg,22.340463638305664
2829,/nas-ctm01/datasets/public/Oxford102Flowers/jpg/image_02830.jpg,image_02830.jpg,22.7657527923584
2476,/nas-ctm01/datasets/public/Oxford102Flowers/jpg/image_02477.jpg,image_02477.jpg,21.991762161254883
3658,/nas-ctm01/datasets/public/Oxford102Flowers/jpg/image_03659.jpg,image_03659.jpg,21.313777923583984
681,/nas-ctm01/datasets/public/Oxford102Flowers/jpg/image_00682.jpg,image_00682.jpg,21.870149612426758
434,/nas-ctm01/datasets/public/Oxford102Flowers/jpg/image_00435.jpg,image_00435.jpg,23.255615234375
3684,/nas-ctm01/datasets/public/Oxford102Flowers/jpg/image_03685.jpg,image_03685.jpg,20.919416427612305
2603,/nas-ctm01/datasets/public/Oxford102Flowers/jpg/image_02604.jpg,image_02604.jpg,22.89335060119629
3879,/nas-ctm01/datasets/public/Oxford102Flowers/jpg/image_03880.jpg,image_03880.jpg,22.7777042388916
1489,/nas-ctm01/datasets/public/Oxford102Flowers/jpg/image_01490.jpg,image_01490.jpg,21.312255859375
3033,/nas-ctm01/datasets/public/Oxford102Flowers/jpg/image_03034.jpg,image_03034.jpg,21.856416702270508
7074,/nas-ctm01/datasets/public/Oxford102Flowers/jpg/image_07075.jpg,image_07075.jpg,22.250511169433594
7619,/nas-ctm01/datasets/public/Oxford102Flowers/jpg/image_07620.jpg,image_07620.jpg,23.000232696533203
7960,/nas-ctm01/datasets/public/Oxford102Flowers/jpg/image_07961.jpg,image_07961.jpg,20.969085693359375
2022,/nas-ctm01/datasets/public/Oxford102Flowers/jpg/image_02023.jpg,image_02023.jpg,22.442359924316406
6822,/nas-ctm01/datasets/public/Oxford102Flowers/jpg/image_06823.jpg,image_06823.jpg,22.833614349365234
5186,/nas-ctm01/datasets/public/Oxford102Flowers/jpg/image_05187.jpg,image_05187.jpg,21.801219940185547
2348,/nas-ctm01/datasets/public/Oxford102Flowers/jpg/image_02349.jpg,image_02349.jpg,22.520483016967773
2842,/nas-ctm01/datasets/public/Oxford102Flowers/jpg/image_02843.jpg,image_02843.jpg,22.13425064086914
1181,/nas-ctm01/datasets/public/Oxford102Flowers/jpg/image_01182.jpg,image_01182.jpg,21.409610748291016
1375,/nas-ctm01/datasets/public/Oxford102Flowers/jpg/image_01376.jpg,image_01376.jpg,21.455970764160156
7844,/nas-ctm01/datasets/public/Oxford102Flowers/jpg/image_07845.jpg,image_07845.jpg,21.995014190673828
6558,/nas-ctm01/datasets/public/Oxford102Flowers/jpg/image_06559.jpg,image_06559.jpg,22.965864181518555
7798,/nas-ctm01/datasets/public/Oxford102Flowers/jpg/image_07799.jpg,image_07799.jpg,20.84770965576172
5846,/nas-ctm01/datasets/public/Oxford102Flowers/jpg/image_05847.jpg,image_05847.jpg,22.689428329467773
626,/nas-ctm01/datasets/public/Oxford102Flowers/jpg/image_00627.jpg,image_00627.jpg,21.265932083129883
5152,/nas-ctm01/datasets/public/Oxford102Flowers/jpg/image_05153.jpg,image_05153.jpg,22.566272735595703
6999,/nas-ctm01/datasets/public/Oxford102Flowers/jpg/image_07000.jpg,image_07000.jpg,22.999431610107422
4855,/nas-ctm01/datasets/public/Oxford102Flowers/jpg/image_04856.jpg,image_04856.jpg,22.263805389404297
5798,/nas-ctm01/datasets/public/Oxford102Flowers/jpg/image_05799.jpg,image_05799.jpg,23.339588165283203
6763,/nas-ctm01/datasets/public/Oxford102Flowers/jpg/image_06764.jpg,image_06764.jpg,20.436731338500977
84,/nas-ctm01/datasets/public/Oxford102Flowers/jpg/image_00085.jpg,image_00085.jpg,23.969938278198242
5995,/nas-ctm01/datasets/public/Oxford102Flowers/jpg/image_05996.jpg,image_05996.jpg,22.506961822509766
3482,/nas-ctm01/datasets/public/Oxford102Flowers/jpg/image_03483.jpg,image_03483.jpg,22.793973922729492
4591,/nas-ctm01/datasets/public/Oxford102Flowers/jpg/image_04592.jpg,image_04592.jpg,21.35118865966797
3783,/nas-ctm01/datasets/public/Oxford102Flowers/jpg/image_03784.jpg,image_03784.jpg,20.684955596923828
2110,/nas-ctm01/datasets/public/Oxford102Flowers/jpg/image_02111.jpg,image_02111.jpg,21.426889419555664
2002,/nas-ctm01/datasets/public/Oxford102Flowers/jpg/image_02003.jpg,image_02003.jpg,22.60496711730957
3047,/nas-ctm01/datasets/public/Oxford102Flowers/jpg/image_03048.jpg,image_03048.jpg,21.137916564941406
418,/nas-ctm01/datasets/public/Oxford102Flowers/jpg/image_00419.jpg,image_00419.jpg,22.451913833618164
7865,/nas-ctm01/datasets/public/Oxford102Flowers/jpg/image_07866.jpg,image_07866.jpg,22.203643798828125
6240,/nas-ctm01/datasets/public/Oxford102Flowers/jpg/image_06241.jpg,image_06241.jpg,22.518169403076172
3395,/nas-ctm01/datasets/public/Oxford102Flowers/jpg/image_03396.jpg,image_03396.jpg,20.62518310546875
2836,/nas-ctm01/datasets/public/Oxford102Flowers/jpg/image_02837.jpg,image_02837.jpg,22.578750610351562
5077,/nas-ctm01/datasets/public/Oxford102Flowers/jpg/image_05078.jpg,image_05078.jpg,21.520835876464844
5659,/nas-ctm01/datasets/public/Oxford102Flowers/jpg/image_05660.jpg,image_05660.jpg,21.869422912597656
293,/nas-ctm01/datasets/public/Oxford102Flowers/jpg/image_00294.jpg,image_00294.jpg,22.96487045288086
5987,/nas-ctm01/datasets/public/Oxford102Flowers/jpg/image_05988.jpg,image_05988.jpg,22.19647789001465
7200,/nas-ctm01/datasets/public/Oxford102Flowers/jpg/image_07201.jpg,image_07201.jpg,23.56340217590332
3801,/nas-ctm01/datasets/public/Oxford102Flowers/jpg/image_03802.jpg,image_03802.jpg,21.293426513671875
6732,/nas-ctm01/datasets/public/Oxford102Flowers/jpg/image_06733.jpg,image_06733.jpg,20.723724365234375
7433,/nas-ctm01/datasets/public/Oxford102Flowers/jpg/image_07434.jpg,image_07434.jpg,22.0628719329834
1634,/nas-ctm01/datasets/public/Oxford102Flowers/jpg/image_01635.jpg,image_01635.jpg,23.45779800415039
5936,/nas-ctm01/datasets/public/Oxford102Flowers/jpg/image_05937.jpg,image_05937.jpg,23.194671630859375
7717,/nas-ctm01/datasets/public/Oxford102Flowers/jpg/image_07718.jpg,image_07718.jpg,20.544231414794922
4908,/nas-ctm01/datasets/public/Oxford102Flowers/jpg/image_04909.jpg,image_04909.jpg,23.841175079345703
1149,/nas-ctm01/datasets/public/Oxford102Flowers/jpg/image_01150.jpg,image_01150.jpg,22.098735809326172
3101,/nas-ctm01/datasets/public/Oxford102Flowers/jpg/image_03102.jpg,image_03102.jpg,20.922042846679688
7053,/nas-ctm01/datasets/public/Oxford102Flowers/jpg/image_07054.jpg,image_07054.jpg,22.373863220214844
3616,/nas-ctm01/datasets/public/Oxford102Flowers/jpg/image_03617.jpg,image_03617.jpg,22.489044189453125
3442,/nas-ctm01/datasets/public/Oxford102Flowers/jpg/image_03443.jpg,image_03443.jpg,20.359888076782227
6566,/nas-ctm01/datasets/public/Oxford102Flowers/jpg/image_06567.jpg,image_06567.jpg,22.80232810974121
6771,/nas-ctm01/datasets/public/Oxford102Flowers/jpg/image_06772.jpg,image_06772.jpg,20.103626251220703
7184,/nas-ctm01/datasets/public/Oxford102Flowers/jpg/image_07185.jpg,image_07185.jpg,21.840900421142578
438,/nas-ctm01/datasets/public/Oxford102Flowers/jpg/image_00439.jpg,image_00439.jpg,22.77336311340332
2317,/nas-ctm01/datasets/public/Oxford102Flowers/jpg/image_02318.jpg,image_02318.jpg,22.047103881835938
1298,/nas-ctm01/datasets/public/Oxford102Flowers/jpg/image_01299.jpg,image_01299.jpg,22.27290916442871
5845,/nas-ctm01/datasets/public/Oxford102Flowers/jpg/image_05846.jpg,image_05846.jpg,22.159929275512695
4556,/nas-ctm01/datasets/public/Oxford102Flowers/jpg/image_04557.jpg,image_04557.jpg,21.195127487182617
3014,/nas-ctm01/datasets/public/Oxford102Flowers/jpg/image_03015.jpg,image_03015.jpg,21.87061309814453
6078,/nas-ctm01/datasets/public/Oxford102Flowers/jpg/image_06079.jpg,image_06079.jpg,24.150562286376953
6289,/nas-ctm01/datasets/public/Oxford102Flowers/jpg/image_06290.jpg,image_06290.jpg,21.018577575683594
5271,/nas-ctm01/datasets/public/Oxford102Flowers/jpg/image_05272.jpg,image_05272.jpg,21.002187728881836
6299,/nas-ctm01/datasets/public/Oxford102Flowers/jpg/image_06300.jpg,image_06300.jpg,23.153457641601562
4201,/nas-ctm01/datasets/public/Oxford102Flowers/jpg/image_04202.jpg,image_04202.jpg,22.79395294189453
4765,/nas-ctm01/datasets/public/Oxford102Flowers/jpg/image_04766.jpg,image_04766.jpg,21.36690330505371
3203,/nas-ctm01/datasets/public/Oxford102Flowers/jpg/image_03204.jpg,image_03204.jpg,21.886892318725586
373,/nas-ctm01/datasets/public/Oxford102Flowers/jpg/image_00374.jpg,image_00374.jpg,22.987823486328125
3045,/nas-ctm01/datasets/public/Oxford102Flowers/jpg/image_03046.jpg,image_03046.jpg,20.936656951904297
5921,/nas-ctm01/datasets/public/Oxford102Flowers/jpg/image_05922.jpg,image_05922.jpg,22.56669044494629
4594,/nas-ctm01/datasets/public/Oxford102Flowers/jpg/image_04595.jpg,image_04595.jpg,21.780887603759766
7380,/nas-ctm01/datasets/public/Oxford102Flowers/jpg/image_07381.jpg,image_07381.jpg,21.488557815551758
4775,/nas-ctm01/datasets/public/Oxford102Flowers/jpg/image_04776.jpg,image_04776.jpg,20.994131088256836
5874,/nas-ctm01/datasets/public/Oxford102Flowers/jpg/image_05875.jpg,image_05875.jpg,23.30712890625
1790,/nas-ctm01/datasets/public/Oxford102Flowers/jpg/image_01791.jpg,image_01791.jpg,23.511507034301758
2549,/nas-ctm01/datasets/public/Oxford102Flowers/jpg/image_02550.jpg,image_02550.jpg,21.83207130432129
3210,/nas-ctm01/datasets/public/Oxford102Flowers/jpg/image_03211.jpg,image_03211.jpg,22.13604736328125
4439,/nas-ctm01/datasets/public/Oxford102Flowers/jpg/image_04440.jpg,image_04440.jpg,21.42927360534668
2405,/nas-ctm01/datasets/public/Oxford102Flowers/jpg/image_02406.jpg,image_02406.jpg,21.712238311767578
5460,/nas-ctm01/datasets/public/Oxford102Flowers/jpg/image_05461.jpg,image_05461.jpg,23.059364318847656
5457,/nas-ctm01/datasets/public/Oxford102Flowers/jpg/image_05458.jpg,image_05458.jpg,23.02895164489746
2318,/nas-ctm01/datasets/public/Oxford102Flowers/jpg/image_02319.jpg,image_02319.jpg,22.894943237304688
1393,/nas-ctm01/datasets/public/Oxford102Flowers/jpg/image_01394.jpg,image_01394.jpg,20.888259887695312
812,/nas-ctm01/datasets/public/Oxford102Flowers/jpg/image_00813.jpg,image_00813.jpg,23.075101852416992
3504,/nas-ctm01/datasets/public/Oxford102Flowers/jpg/image_03505.jpg,image_03505.jpg,22.18662452697754
3411,/nas-ctm01/datasets/public/Oxford102Flowers/jpg/image_03412.jpg,image_03412.jpg,20.811296463012695
5125,/nas-ctm01/datasets/public/Oxford102Flowers/jpg/image_05126.jpg,image_05126.jpg,21.654903411865234
6251,/nas-ctm01/datasets/public/Oxford102Flowers/jpg/image_06252.jpg,image_06252.jpg,21.26305389404297
3362,/nas-ctm01/datasets/public/Oxford102Flowers/jpg/image_03363.jpg,image_03363.jpg,23.692218780517578
6247,/nas-ctm01/datasets/public/Oxford102Flowers/jpg/image_06248.jpg,image_06248.jpg,21.78300666809082
4877,/nas-ctm01/datasets/public/Oxford102Flowers/jpg/image_04878.jpg,image_04878.jpg,21.69942855834961
6908,/nas-ctm01/datasets/public/Oxford102Flowers/jpg/image_06909.jpg,image_06909.jpg,23.661226272583008
4602,/nas-ctm01/datasets/public/Oxford102Flowers/jpg/image_04603.jpg,image_04603.jpg,22.480255126953125
4574,/nas-ctm01/datasets/public/Oxford102Flowers/jpg/image_04575.jpg,image_04575.jpg,21.949066162109375
7887,/nas-ctm01/datasets/public/Oxford102Flowers/jpg/image_07888.jpg,image_07888.jpg,20.98925018310547
4693,/nas-ctm01/datasets/public/Oxford102Flowers/jpg/image_04694.jpg,image_04694.jpg,21.12603759765625
6264,/nas-ctm01/datasets/public/Oxford102Flowers/jpg/image_06265.jpg,image_06265.jpg,21.468679428100586
3757,/nas-ctm01/datasets/public/Oxford102Flowers/jpg/image_03758.jpg,image_03758.jpg,20.88638687133789
921,/nas-ctm01/datasets/public/Oxford102Flowers/jpg/image_00922.jpg,image_00922.jpg,22.436641693115234
322,/nas-ctm01/datasets/public/Oxford102Flowers/jpg/image_00323.jpg,image_00323.jpg,22.637765884399414
4084,/nas-ctm01/datasets/public/Oxford102Flowers/jpg/image_04085.jpg,image_04085.jpg,23.431936264038086
3518,/nas-ctm01/datasets/public/Oxford102Flowers/jpg/image_03519.jpg,image_03519.jpg,22.26355743408203
6329,/nas-ctm01/datasets/public/Oxford102Flowers/jpg/image_06330.jpg,image_06330.jpg,22.378860473632812
3625,/nas-ctm01/datasets/public/Oxford102Flowers/jpg/image_03626.jpg,image_03626.jpg,21.586856842041016
3573,/nas-ctm01/datasets/public/Oxford102Flowers/jpg/image_03574.jpg,image_03574.jpg,22.16080665588379
6637,/nas-ctm01/datasets/public/Oxford102Flowers/jpg/image_06638.jpg,image_06638.jpg,21.926908493041992
4216,/nas-ctm01/datasets/public/Oxford102Flowers/jpg/image_04217.jpg,image_04217.jpg,22.091230392456055
5144,/nas-ctm01/datasets/public/Oxford102Flowers/jpg/image_05145.jpg,image_05145.jpg,22.661998748779297
231,/nas-ctm01/datasets/public/Oxford102Flowers/jpg/image_00232.jpg,image_00232.jpg,23.084936141967773
2291,/nas-ctm01/datasets/public/Oxford102Flowers/jpg/image_02292.jpg,image_02292.jpg,22.188371658325195
110,/nas-ctm01/datasets/public/Oxford102Flowers/jpg/image_00111.jpg,image_00111.jpg,25.02001953125
5278,/nas-ctm01/datasets/public/Oxford102Flowers/jpg/image_05279.jpg,image_05279.jpg,21.51576042175293
6582,/nas-ctm01/datasets/public/Oxford102Flowers/jpg/image_06583.jpg,image_06583.jpg,21.536420822143555
1079,/nas-ctm01/datasets/public/Oxford102Flowers/jpg/image_01080.jpg,image_01080.jpg,21.649433135986328
7199,/nas-ctm01/datasets/public/Oxford102Flowers/jpg/image_07200.jpg,image_07200.jpg,23.162900924682617
1115,/nas-ctm01/datasets/public/Oxford102Flowers/jpg/image_01116.jpg,image_01116.jpg,21.357975006103516
5210,/nas-ctm01/datasets/public/Oxford102Flowers/jpg/image_05211.jpg,image_05211.jpg,21.735681533813477
6884,/nas-ctm01/datasets/public/Oxford102Flowers/jpg/image_06885.jpg,image_06885.jpg,22.558034896850586
1467,/nas-ctm01/datasets/public/Oxford102Flowers/jpg/image_01468.jpg,image_01468.jpg,20.769142150878906
3055,/nas-ctm01/datasets/public/Oxford102Flowers/jpg/image_03056.jpg,image_03056.jpg,22.65325927734375
2439,/nas-ctm01/datasets/public/Oxford102Flowers/jpg/image_02440.jpg,image_02440.jpg,22.363977432250977
1578,/nas-ctm01/datasets/public/Oxford102Flowers/jpg/image_01579.jpg,image_01579.jpg,24.675443649291992
7406,/nas-ctm01/datasets/public/Oxford102Flowers/jpg/image_07407.jpg,image_07407.jpg,21.7834529876709
3418,/nas-ctm01/datasets/public/Oxford102Flowers/jpg/image_03419.jpg,image_03419.jpg,20.70412826538086
5769,/nas-ctm01/datasets/public/Oxford102Flowers/jpg/image_05770.jpg,image_05770.jpg,25.368505477905273
1835,/nas-ctm01/datasets/public/Oxford102Flowers/jpg/image_01836.jpg,image_01836.jpg,21.151987075805664
1450,/nas-ctm01/datasets/public/Oxford102Flowers/jpg/image_01451.jpg,image_01451.jpg,20.680538177490234
2569,/nas-ctm01/datasets/public/Oxford102Flowers/jpg/image_02570.jpg,image_02570.jpg,23.07950210571289
5440,/nas-ctm01/datasets/public/Oxford102Flowers/jpg/image_05441.jpg,image_05441.jpg,21.88270378112793
3615,/nas-ctm01/datasets/public/Oxford102Flowers/jpg/image_03616.jpg,image_03616.jpg,22.34633445739746
5621,/nas-ctm01/datasets/public/Oxford102Flowers/jpg/image_05622.jpg,image_05622.jpg,21.497251510620117
3945,/nas-ctm01/datasets/public/Oxford102Flowers/jpg/image_03946.jpg,image_03946.jpg,21.316606521606445
7104,/nas-ctm01/datasets/public/Oxford102Flowers/jpg/image_07105.jpg,image_07105.jpg,20.775453567504883
4012,/nas-ctm01/datasets/public/Oxford102Flowers/jpg/image_04013.jpg,image_04013.jpg,22.171873092651367
2676,/nas-ctm01/datasets/public/Oxford102Flowers/jpg/image_02677.jpg,image_02677.jpg,21.836437225341797
5696,/nas-ctm01/datasets/public/Oxford102Flowers/jpg/image_05697.jpg,image_05697.jpg,22.95050621032715
7896,/nas-ctm01/datasets/public/Oxford102Flowers/jpg/image_07897.jpg,image_07897.jpg,21.96076774597168
1488,/nas-ctm01/datasets/public/Oxford102Flowers/jpg/image_01489.jpg,image_01489.jpg,21.398191452026367
5195,/nas-ctm01/datasets/public/Oxford102Flowers/jpg/image_05196.jpg,image_05196.jpg,21.346574783325195
2225,/nas-ctm01/datasets/public/Oxford102Flowers/jpg/image_02226.jpg,image_02226.jpg,21.490957260131836
7384,/nas-ctm01/datasets/public/Oxford102Flowers/jpg/image_07385.jpg,image_07385.jpg,21.68979263305664
5187,/nas-ctm01/datasets/public/Oxford102Flowers/jpg/image_05188.jpg,image_05188.jpg,22.250011444091797
5547,/nas-ctm01/datasets/public/Oxford102Flowers/jpg/image_05548.jpg,image_05548.jpg,22.047204971313477
6733,/nas-ctm01/datasets/public/Oxford102Flowers/jpg/image_06734.jpg,image_06734.jpg,20.845245361328125
7545,/nas-ctm01/datasets/public/Oxford102Flowers/jpg/image_07546.jpg,image_07546.jpg,22.72933578491211
4125,/nas-ctm01/datasets/public/Oxford102Flowers/jpg/image_04126.jpg,image_04126.jpg,23.364408493041992
1514,/nas-ctm01/datasets/public/Oxford102Flowers/jpg/image_01515.jpg,image_01515.jpg,25.0079288482666
265,/nas-ctm01/datasets/public/Oxford102Flowers/jpg/image_00266.jpg,image_00266.jpg,23.422698974609375
0,/nas-ctm01/datasets/public/Oxford102Flowers/jpg/image_00001.jpg,image_00001.jpg,24.193119049072266
1451,/nas-ctm01/datasets/public/Oxford102Flowers/jpg/image_01452.jpg,image_01452.jpg,20.357820510864258
3770,/nas-ctm01/datasets/public/Oxford102Flowers/jpg/image_03771.jpg,image_03771.jpg,20.418262481689453
4603,/nas-ctm01/datasets/public/Oxford102Flowers/jpg/image_04604.jpg,image_04604.jpg,20.953500747680664
3032,/nas-ctm01/datasets/public/Oxford102Flowers/jpg/image_03033.jpg,image_03033.jpg,20.315805435180664
2882,/nas-ctm01/datasets/public/Oxford102Flowers/jpg/image_02883.jpg,image_02883.jpg,22.247596740722656
3481,/nas-ctm01/datasets/public/Oxford102Flowers/jpg/image_03482.jpg,image_03482.jpg,23.245933532714844
838,/nas-ctm01/datasets/public/Oxford102Flowers/jpg/image_00839.jpg,image_00839.jpg,22.567733764648438
14,/nas-ctm01/datasets/public/Oxford102Flowers/jpg/image_00015.jpg,image_00015.jpg,24.36884880065918
4094,/nas-ctm01/datasets/public/Oxford102Flowers/jpg/image_04095.jpg,image_04095.jpg,22.800701141357422
4368,/nas-ctm01/datasets/public/Oxford102Flowers/jpg/image_04369.jpg,image_04369.jpg,22.8184814453125
3484,/nas-ctm01/datasets/public/Oxford102Flowers/jpg/image_03485.jpg,image_03485.jpg,21.79253578186035
6330,/nas-ctm01/datasets/public/Oxford102Flowers/jpg/image_06331.jpg,image_06331.jpg,22.564971923828125
8,/nas-ctm01/datasets/public/Oxford102Flowers/jpg/image_00009.jpg,image_00009.jpg,24.047143936157227
2821,/nas-ctm01/datasets/public/Oxford102Flowers/jpg/image_02822.jpg,image_02822.jpg,22.841136932373047
5008,/nas-ctm01/datasets/public/Oxford102Flowers/jpg/image_05009.jpg,image_05009.jpg,23.669906616210938
6006,/nas-ctm01/datasets/public/Oxford102Flowers/jpg/image_06007.jpg,image_06007.jpg,22.487680435180664
1039,/nas-ctm01/datasets/public/Oxford102Flowers/jpg/image_01040.jpg,image_01040.jpg,21.77134895324707
5433,/nas-ctm01/datasets/public/Oxford102Flowers/jpg/image_05434.jpg,image_05434.jpg,23.326997756958008
6173,/nas-ctm01/datasets/public/Oxford102Flowers/jpg/image_06174.jpg,image_06174.jpg,20.59556770324707
3779,/nas-ctm01/datasets/public/Oxford102Flowers/jpg/image_03780.jpg,image_03780.jpg,20.40448760986328
4204,/nas-ctm01/datasets/public/Oxford102Flowers/jpg/image_04205.jpg,image_04205.jpg,22.795251846313477
5733,/nas-ctm01/datasets/public/Oxford102Flowers/jpg/image_05734.jpg,image_05734.jpg,23.0231876373291
8179,/nas-ctm01/datasets/public/Oxford102Flowers/jpg/image_08180.jpg,image_08180.jpg,21.991554260253906
339,/nas-ctm01/datasets/public/Oxford102Flowers/jpg/image_00340.jpg,image_00340.jpg,22.9471435546875
121,/nas-ctm01/datasets/public/Oxford102Flowers/jpg/image_00122.jpg,image_00122.jpg,24.528789520263672
2939,/nas-ctm01/datasets/public/Oxford102Flowers/jpg/image_02940.jpg,image_02940.jpg,21.981420516967773
2921,/nas-ctm01/datasets/public/Oxford102Flowers/jpg/image_02922.jpg,image_02922.jpg,22.259803771972656
1090,/nas-ctm01/datasets/public/Oxford102Flowers/jpg/image_01091.jpg,image_01091.jpg,21.593740463256836
2264,/nas-ctm01/datasets/public/Oxford102Flowers/jpg/image_02265.jpg,image_02265.jpg,20.96445083618164
1372,/nas-ctm01/datasets/public/Oxford102Flowers/jpg/image_01373.jpg,image_01373.jpg,21.244958877563477
6160,/nas-ctm01/datasets/public/Oxford102Flowers/jpg/image_06161.jpg,image_06161.jpg,21.74740219116211
1317,/nas-ctm01/datasets/public/Oxford102Flowers/jpg/image_01318.jpg,image_01318.jpg,20.99724769592285
622,/nas-ctm01/datasets/public/Oxford102Flowers/jpg/image_00623.jpg,image_00623.jpg,21.4600772857666
1419,/nas-ctm01/datasets/public/Oxford102Flowers/jpg/image_01420.jpg,image_01420.jpg,21.38802719116211
1541,/nas-ctm01/datasets/public/Oxford102Flowers/jpg/image_01542.jpg,image_01542.jpg,25.032838821411133
8103,/nas-ctm01/datasets/public/Oxford102Flowers/jpg/image_08104.jpg,image_08104.jpg,24.243562698364258
2609,/nas-ctm01/datasets/public/Oxford102Flowers/jpg/image_02610.jpg,image_02610.jpg,22.289566040039062
6104,/nas-ctm01/datasets/public/Oxford102Flowers/jpg/image_06105.jpg,image_06105.jpg,20.407785415649414
4323,/nas-ctm01/datasets/public/Oxford102Flowers/jpg/image_04324.jpg,image_04324.jpg,21.530778884887695
3322,/nas-ctm01/datasets/public/Oxford102Flowers/jpg/image_03323.jpg,image_03323.jpg,23.872648239135742
4301,/nas-ctm01/datasets/public/Oxford102Flowers/jpg/image_04302.jpg,image_04302.jpg,21.79261016845703
1410,/nas-ctm01/datasets/public/Oxford102Flowers/jpg/image_01411.jpg,image_01411.jpg,20.572919845581055
2157,/nas-ctm01/datasets/public/Oxford102Flowers/jpg/image_02158.jpg,image_02158.jpg,22.926618576049805
3132,/nas-ctm01/datasets/public/Oxford102Flowers/jpg/image_03133.jpg,image_03133.jpg,21.158594131469727
3307,/nas-ctm01/datasets/public/Oxford102Flowers/jpg/image_03308.jpg,image_03308.jpg,23.107587814331055
889,/nas-ctm01/datasets/public/Oxford102Flowers/jpg/image_00890.jpg,image_00890.jpg,22.00589942932129
7687,/nas-ctm01/datasets/public/Oxford102Flowers/jpg/image_07688.jpg,image_07688.jpg,20.849628448486328
8188,/nas-ctm01/datasets/public/Oxford102Flowers/jpg/image_08189.jpg,image_08189.jpg,21.71268081665039
8054,/nas-ctm01/datasets/public/Oxford102Flowers/jpg/image_08055.jpg,image_08055.jpg,21.39661979675293
7286,/nas-ctm01/datasets/public/Oxford102Flowers/jpg/image_07287.jpg,image_07287.jpg,20.768985748291016
8064,/nas-ctm01/datasets/public/Oxford102Flowers/jpg/image_08065.jpg,image_08065.jpg,22.19822120666504
4928,/nas-ctm01/datasets/public/Oxford102Flowers/jpg/image_04929.jpg,image_04929.jpg,23.376096725463867
196,/nas-ctm01/datasets/public/Oxford102Flowers/jpg/image_00197.jpg,image_00197.jpg,24.35862159729004
4649,/nas-ctm01/datasets/public/Oxford102Flowers/jpg/image_04650.jpg,image_04650.jpg,21.421794891357422
4173,/nas-ctm01/datasets/public/Oxford102Flowers/jpg/image_04174.jpg,image_04174.jpg,21.52243423461914
415,/nas-ctm01/datasets/public/Oxford102Flowers/jpg/image_00416.jpg,image_00416.jpg,22.785890579223633
8168,/nas-ctm01/datasets/public/Oxford102Flowers/jpg/image_08169.jpg,image_08169.jpg,22.01464080810547
2312,/nas-ctm01/datasets/public/Oxford102Flowers/jpg/image_02313.jpg,image_02313.jpg,21.59955406188965
7376,/nas-ctm01/datasets/public/Oxford102Flowers/jpg/image_07377.jpg,image_07377.jpg,21.99068260192871
5826,/nas-ctm01/datasets/public/Oxford102Flowers/jpg/image_05827.jpg,image_05827.jpg,21.77301025390625
432,/nas-ctm01/datasets/public/Oxford102Flowers/jpg/image_00433.jpg,image_00433.jpg,22.725948333740234
3238,/nas-ctm01/datasets/public/Oxford102Flowers/jpg/image_03239.jpg,image_03239.jpg,22.698945999145508
7453,/nas-ctm01/datasets/public/Oxford102Flowers/jpg/image_07454.jpg,image_07454.jpg,22.26831817626953
3102,/nas-ctm01/datasets/public/Oxford102Flowers/jpg/image_03103.jpg,image_03103.jpg,20.98026466369629
5007,/nas-ctm01/datasets/public/Oxford102Flowers/jpg/image_05008.jpg,image_05008.jpg,23.025501251220703
3710,/nas-ctm01/datasets/public/Oxford102Flowers/jpg/image_03711.jpg,image_03711.jpg,20.92879295349121
4275,/nas-ctm01/datasets/public/Oxford102Flowers/jpg/image_04276.jpg,image_04276.jpg,21.329486846923828
4032,/nas-ctm01/datasets/public/Oxford102Flowers/jpg/image_04033.jpg,image_04033.jpg,22.04254913330078
3977,/nas-ctm01/datasets/public/Oxford102Flowers/jpg/image_03978.jpg,image_03978.jpg,22.347436904907227
6120,/nas-ctm01/datasets/public/Oxford102Flowers/jpg/image_06121.jpg,image_06121.jpg,21.194032669067383
1108,/nas-ctm01/datasets/public/Oxford102Flowers/jpg/image_01109.jpg,image_01109.jpg,21.49986457824707
5762,/nas-ctm01/datasets/public/Oxford102Flowers/jpg/image_05763.jpg,image_05763.jpg,23.152591705322266
8003,/nas-ctm01/datasets/public/Oxford102Flowers/jpg/image_08004.jpg,image_08004.jpg,20.846403121948242
7942,/nas-ctm01/datasets/public/Oxford102Flowers/jpg/image_07943.jpg,image_07943.jpg,20.69921875
2542,/nas-ctm01/datasets/public/Oxford102Flowers/jpg/image_02543.jpg,image_02543.jpg,23.535423278808594
5430,/nas-ctm01/datasets/public/Oxford102Flowers/jpg/image_05431.jpg,image_05431.jpg,22.735260009765625
4651,/nas-ctm01/datasets/public/Oxford102Flowers/jpg/image_04652.jpg,image_04652.jpg,20.88459014892578
1195,/nas-ctm01/datasets/public/Oxford102Flowers/jpg/image_01196.jpg,image_01196.jpg,21.50251579284668
6974,/nas-ctm01/datasets/public/Oxford102Flowers/jpg/image_06975.jpg,image_06975.jpg,22.424470901489258
6584,/nas-ctm01/datasets/public/Oxford102Flowers/jpg/image_06585.jpg,image_06585.jpg,23.007286071777344
604,/nas-ctm01/datasets/public/Oxford102Flowers/jpg/image_00605.jpg,image_00605.jpg,21.293296813964844
5808,/nas-ctm01/datasets/public/Oxford102Flowers/jpg/image_05809.jpg,image_05809.jpg,21.95736312866211
880,/nas-ctm01/datasets/public/Oxford102Flowers/jpg/image_00881.jpg,image_00881.jpg,22.559391021728516
1219,/nas-ctm01/datasets/public/Oxford102Flowers/jpg/image_01220.jpg,image_01220.jpg,22.206369400024414
7037,/nas-ctm01/datasets/public/Oxford102Flowers/jpg/image_07038.jpg,image_07038.jpg,20.223119735717773
5040,/nas-ctm01/datasets/public/Oxford102Flowers/jpg/image_05041.jpg,image_05041.jpg,21.6667423248291
5259,/nas-ctm01/datasets/public/Oxford102Flowers/jpg/image_05260.jpg,image_05260.jpg,20.73229217529297
4254,/nas-ctm01/datasets/public/Oxford102Flowers/jpg/image_04255.jpg,image_04255.jpg,21.502843856811523
5245,/nas-ctm01/datasets/public/Oxford102Flowers/jpg/image_05246.jpg,image_05246.jpg,20.307601928710938
5143,/nas-ctm01/datasets/public/Oxford102Flowers/jpg/image_05144.jpg,image_05144.jpg,22.292102813720703
5476,/nas-ctm01/datasets/public/Oxford102Flowers/jpg/image_05477.jpg,image_05477.jpg,22.763669967651367
6765,/nas-ctm01/datasets/public/Oxford102Flowers/jpg/image_06766.jpg,image_06766.jpg,20.580514907836914
3473,/nas-ctm01/datasets/public/Oxford102Flowers/jpg/image_03474.jpg,image_03474.jpg,21.837352752685547
3707,/nas-ctm01/datasets/public/Oxford102Flowers/jpg/image_03708.jpg,image_03708.jpg,21.755422592163086
8119,/nas-ctm01/datasets/public/Oxford102Flowers/jpg/image_08120.jpg,image_08120.jpg,21.20183563232422
6060,/nas-ctm01/datasets/public/Oxford102Flowers/jpg/image_06061.jpg,image_06061.jpg,24.554996490478516
1706,/nas-ctm01/datasets/public/Oxford102Flowers/jpg/image_01707.jpg,image_01707.jpg,23.69455337524414
1158,/nas-ctm01/datasets/public/Oxford102Flowers/jpg/image_01159.jpg,image_01159.jpg,20.743961334228516
4906,/nas-ctm01/datasets/public/Oxford102Flowers/jpg/image_04907.jpg,image_04907.jpg,23.192623138427734
4856,/nas-ctm01/datasets/public/Oxford102Flowers/jpg/image_04857.jpg,image_04857.jpg,23.038654327392578
6428,/nas-ctm01/datasets/public/Oxford102Flowers/jpg/image_06429.jpg,image_06429.jpg,21.131412506103516
8035,/nas-ctm01/datasets/public/Oxford102Flowers/jpg/image_08036.jpg,image_08036.jpg,20.746402740478516
4148,/nas-ctm01/datasets/public/Oxford102Flowers/jpg/image_04149.jpg,image_04149.jpg,23.38219451904297
7959,/nas-ctm01/datasets/public/Oxford102Flowers/jpg/image_07960.jpg,image_07960.jpg,21.17304039001465
3182,/nas-ctm01/datasets/public/Oxford102Flowers/jpg/image_03183.jpg,image_03183.jpg,22.70749855041504
4483,/nas-ctm01/datasets/public/Oxford102Flowers/jpg/image_04484.jpg,image_04484.jpg,22.15213394165039
5896,/nas-ctm01/datasets/public/Oxford102Flowers/jpg/image_05897.jpg,image_05897.jpg,22.7689151763916
3383,/nas-ctm01/datasets/public/Oxford102Flowers/jpg/image_03384.jpg,image_03384.jpg,20.71464729309082
5338,/nas-ctm01/datasets/public/Oxford102Flowers/jpg/image_05339.jpg,image_05339.jpg,21.461761474609375
2018,/nas-ctm01/datasets/public/Oxford102Flowers/jpg/image_02019.jpg,image_02019.jpg,22.715314865112305
1782,/nas-ctm01/datasets/public/Oxford102Flowers/jpg/image_01783.jpg,image_01783.jpg,22.293006896972656
8049,/nas-ctm01/datasets/public/Oxford102Flowers/jpg/image_08050.jpg,image_08050.jpg,22.361553192138672
5628,/nas-ctm01/datasets/public/Oxford102Flowers/jpg/image_05629.jpg,image_05629.jpg,21.50857925415039
6529,/nas-ctm01/datasets/public/Oxford102Flowers/jpg/image_06530.jpg,image_06530.jpg,22.598957061767578
904,/nas-ctm01/datasets/public/Oxford102Flowers/jpg/image_00905.jpg,image_00905.jpg,22.453649520874023
1446,/nas-ctm01/datasets/public/Oxford102Flowers/jpg/image_01447.jpg,image_01447.jpg,20.804447174072266
7682,/nas-ctm01/datasets/public/Oxford102Flowers/jpg/image_07683.jpg,image_07683.jpg,20.93442153930664
8009,/nas-ctm01/datasets/public/Oxford102Flowers/jpg/image_08010.jpg,image_08010.jpg,21.478837966918945
6074,/nas-ctm01/datasets/public/Oxford102Flowers/jpg/image_06075.jpg,image_06075.jpg,23.545873641967773
6775,/nas-ctm01/datasets/public/Oxford102Flowers/jpg/image_06776.jpg,image_06776.jpg,21.363941192626953
2845,/nas-ctm01/datasets/public/Oxford102Flowers/jpg/image_02846.jpg,image_02846.jpg,22.314146041870117
6901,/nas-ctm01/datasets/public/Oxford102Flowers/jpg/image_06902.jpg,image_06902.jpg,23.313472747802734
1784,/nas-ctm01/datasets/public/Oxford102Flowers/jpg/image_01785.jpg,image_01785.jpg,24.226932525634766
1565,/nas-ctm01/datasets/public/Oxford102Flowers/jpg/image_01566.jpg,image_01566.jpg,24.270118713378906
3964,/nas-ctm01/datasets/public/Oxford102Flowers/jpg/image_03965.jpg,image_03965.jpg,21.148435592651367
4818,/nas-ctm01/datasets/public/Oxford102Flowers/jpg/image_04819.jpg,image_04819.jpg,21.57646942138672
7711,/nas-ctm01/datasets/public/Oxford102Flowers/jpg/image_07712.jpg,image_07712.jpg,22.02090072631836
4310,/nas-ctm01/datasets/public/Oxford102Flowers/jpg/image_04311.jpg,image_04311.jpg,20.717304229736328
2663,/nas-ctm01/datasets/public/Oxford102Flowers/jpg/image_02664.jpg,image_02664.jpg,21.683372497558594
7739,/nas-ctm01/datasets/public/Oxford102Flowers/jpg/image_07740.jpg,image_07740.jpg,21.22826385498047
6722,/nas-ctm01/datasets/public/Oxford102Flowers/jpg/image_06723.jpg,image_06723.jpg,21.128700256347656
7274,/nas-ctm01/datasets/public/Oxford102Flowers/jpg/image_07275.jpg,image_07275.jpg,22.016225814819336
6261,/nas-ctm01/datasets/public/Oxford102Flowers/jpg/image_06262.jpg,image_06262.jpg,21.503829956054688
3856,/nas-ctm01/datasets/public/Oxford102Flowers/jpg/image_03857.jpg,image_03857.jpg,22.14078140258789
3098,/nas-ctm01/datasets/public/Oxford102Flowers/jpg/image_03099.jpg,image_03099.jpg,22.160343170166016
4635,/nas-ctm01/datasets/public/Oxford102Flowers/jpg/image_04636.jpg,image_04636.jpg,21.010662078857422
6866,/nas-ctm01/datasets/public/Oxford102Flowers/jpg/image_06867.jpg,image_06867.jpg,21.99583625793457
4051,/nas-ctm01/datasets/public/Oxford102Flowers/jpg/image_04052.jpg,image_04052.jpg,21.8123722076416
5206,/nas-ctm01/datasets/public/Oxford102Flowers/jpg/image_05207.jpg,image_05207.jpg,22.877370834350586
7033,/nas-ctm01/datasets/public/Oxford102Flowers/jpg/image_07034.jpg,image_07034.jpg,20.636789321899414
5753,/nas-ctm01/datasets/public/Oxford102Flowers/jpg/image_05754.jpg,image_05754.jpg,23.74264144897461
5756,/nas-ctm01/datasets/public/Oxford102Flowers/jpg/image_05757.jpg,image_05757.jpg,22.8116512298584
7716,/nas-ctm01/datasets/public/Oxford102Flowers/jpg/image_07717.jpg,image_07717.jpg,21.116392135620117
8113,/nas-ctm01/datasets/public/Oxford102Flowers/jpg/image_08114.jpg,image_08114.jpg,20.63458251953125
254,/nas-ctm01/datasets/public/Oxford102Flowers/jpg/image_00255.jpg,image_00255.jpg,22.991058349609375
4074,/nas-ctm01/datasets/public/Oxford102Flowers/jpg/image_04075.jpg,image_04075.jpg,21.564970016479492
1113,/nas-ctm01/datasets/public/Oxford102Flowers/jpg/image_01114.jpg,image_01114.jpg,20.916610717773438
7968,/nas-ctm01/datasets/public/Oxford102Flowers/jpg/image_07969.jpg,image_07969.jpg,21.572811126708984
3034,/nas-ctm01/datasets/public/Oxford102Flowers/jpg/image_03035.jpg,image_03035.jpg,22.099945068359375
221,/nas-ctm01/datasets/public/Oxford102Flowers/jpg/image_00222.jpg,image_00222.jpg,24.673229217529297
267,/nas-ctm01/datasets/public/Oxford102Flowers/jpg/image_00268.jpg,image_00268.jpg,22.08485984802246
107,/nas-ctm01/datasets/public/Oxford102Flowers/jpg/image_00108.jpg,image_00108.jpg,23.681978225708008
5090,/nas-ctm01/datasets/public/Oxford102Flowers/jpg/image_05091.jpg,image_05091.jpg,21.54645347595215
1226,/nas-ctm01/datasets/public/Oxford102Flowers/jpg/image_01227.jpg,image_01227.jpg,22.344575881958008
7070,/nas-ctm01/datasets/public/Oxford102Flowers/jpg/image_07071.jpg,image_07071.jpg,21.855628967285156
4753,/nas-ctm01/datasets/public/Oxford102Flowers/jpg/image_04754.jpg,image_04754.jpg,20.850040435791016
3289,/nas-ctm01/datasets/public/Oxford102Flowers/jpg/image_03290.jpg,image_03290.jpg,23.997507095336914
8028,/nas-ctm01/datasets/public/Oxford102Flowers/jpg/image_08029.jpg,image_08029.jpg,20.553085327148438
1512,/nas-ctm01/datasets/public/Oxford102Flowers/jpg/image_01513.jpg,image_01513.jpg,22.058618545532227
7003,/nas-ctm01/datasets/public/Oxford102Flowers/jpg/image_07004.jpg,image_07004.jpg,22.18279457092285
4584,/nas-ctm01/datasets/public/Oxford102Flowers/jpg/image_04585.jpg,image_04585.jpg,21.97440528869629
303,/nas-ctm01/datasets/public/Oxford102Flowers/jpg/image_00304.jpg,image_00304.jpg,23.755704879760742
7292,/nas-ctm01/datasets/public/Oxford102Flowers/jpg/image_07293.jpg,image_07293.jpg,21.02201271057129
4631,/nas-ctm01/datasets/public/Oxford102Flowers/jpg/image_04632.jpg,image_04632.jpg,21.725427627563477
2208,/nas-ctm01/datasets/public/Oxford102Flowers/jpg/image_02209.jpg,image_02209.jpg,21.57187271118164
2932,/nas-ctm01/datasets/public/Oxford102Flowers/jpg/image_02933.jpg,image_02933.jpg,22.193326950073242
4554,/nas-ctm01/datasets/public/Oxford102Flowers/jpg/image_04555.jpg,image_04555.jpg,21.463062286376953
1210,/nas-ctm01/datasets/public/Oxford102Flowers/jpg/image_01211.jpg,image_01211.jpg,22.13306999206543
1786,/nas-ctm01/datasets/public/Oxford102Flowers/jpg/image_01787.jpg,image_01787.jpg,22.896408081054688
2812,/nas-ctm01/datasets/public/Oxford102Flowers/jpg/image_02813.jpg,image_02813.jpg,21.183347702026367
5929,/nas-ctm01/datasets/public/Oxford102Flowers/jpg/image_05930.jpg,image_05930.jpg,23.139345169067383
527,/nas-ctm01/datasets/public/Oxford102Flowers/jpg/image_00528.jpg,image_00528.jpg,22.43470573425293
1436,/nas-ctm01/datasets/public/Oxford102Flowers/jpg/image_01437.jpg,image_01437.jpg,22.18340492248535
3382,/nas-ctm01/datasets/public/Oxford102Flowers/jpg/image_03383.jpg,image_03383.jpg,21.651016235351562
5375,/nas-ctm01/datasets/public/Oxford102Flowers/jpg/image_05376.jpg,image_05376.jpg,21.832561492919922
6958,/nas-ctm01/datasets/public/Oxford102Flowers/jpg/image_06959.jpg,image_06959.jpg,23.219152450561523
376,/nas-ctm01/datasets/public/Oxford102Flowers/jpg/image_00377.jpg,image_00377.jpg,22.01523780822754
1869,/nas-ctm01/datasets/public/Oxford102Flowers/jpg/image_01870.jpg,image_01870.jpg,23.668582916259766
2809,/nas-ctm01/datasets/public/Oxford102Flowers/jpg/image_02810.jpg,image_02810.jpg,22.428850173950195
6504,/nas-ctm01/datasets/public/Oxford102Flowers/jpg/image_06505.jpg,image_06505.jpg,23.48121452331543
6762,/nas-ctm01/datasets/public/Oxford102Flowers/jpg/image_06763.jpg,image_06763.jpg,21.293487548828125
3892,/nas-ctm01/datasets/public/Oxford102Flowers/jpg/image_03893.jpg,image_03893.jpg,24.31389808654785
755,/nas-ctm01/datasets/public/Oxford102Flowers/jpg/image_00756.jpg,image_00756.jpg,22.13368034362793
291,/nas-ctm01/datasets/public/Oxford102Flowers/jpg/image_00292.jpg,image_00292.jpg,23.345314025878906
3085,/nas-ctm01/datasets/public/Oxford102Flowers/jpg/image_03086.jpg,image_03086.jpg,20.6193790435791
8114,/nas-ctm01/datasets/public/Oxford102Flowers/jpg/image_08115.jpg,image_08115.jpg,20.85667610168457
1543,/nas-ctm01/datasets/public/Oxford102Flowers/jpg/image_01544.jpg,image_01544.jpg,24.37849235534668
290,/nas-ctm01/datasets/public/Oxford102Flowers/jpg/image_00291.jpg,image_00291.jpg,23.085634231567383
188,/nas-ctm01/datasets/public/Oxford102Flowers/jpg/image_00189.jpg,image_00189.jpg,24.248559951782227
4962,/nas-ctm01/datasets/public/Oxford102Flowers/jpg/image_04963.jpg,image_04963.jpg,22.778457641601562
1201,/nas-ctm01/datasets/public/Oxford102Flowers/jpg/image_01202.jpg,image_01202.jpg,22.411239624023438
6800,/nas-ctm01/datasets/public/Oxford102Flowers/jpg/image_06801.jpg,image_06801.jpg,20.959083557128906
3334,/nas-ctm01/datasets/public/Oxford102Flowers/jpg/image_03335.jpg,image_03335.jpg,23.259122848510742
1536,/nas-ctm01/datasets/public/Oxford102Flowers/jpg/image_01537.jpg,image_01537.jpg,24.507238388061523
7609,/nas-ctm01/datasets/public/Oxford102Flowers/jpg/image_07610.jpg,image_07610.jpg,22.445934295654297
6005,/nas-ctm01/datasets/public/Oxford102Flowers/jpg/image_06006.jpg,image_06006.jpg,21.867446899414062
501,/nas-ctm01/datasets/public/Oxford102Flowers/jpg/image_00502.jpg,image_00502.jpg,20.64021110534668
3312,/nas-ctm01/datasets/public/Oxford102Flowers/jpg/image_03313.jpg,image_03313.jpg,22.53006362915039
6440,/nas-ctm01/datasets/public/Oxford102Flowers/jpg/image_06441.jpg,image_06441.jpg,21.795623779296875
4081,/nas-ctm01/datasets/public/Oxford102Flowers/jpg/image_04082.jpg,image_04082.jpg,23.516403198242188
1539,/nas-ctm01/datasets/public/Oxford102Flowers/jpg/image_01540.jpg,image_01540.jpg,24.481163024902344
6220,/nas-ctm01/datasets/public/Oxford102Flowers/jpg/image_06221.jpg,image_06221.jpg,22.350744247436523
3513,/nas-ctm01/datasets/public/Oxford102Flowers/jpg/image_03514.jpg,image_03514.jpg,22.643142700195312
4817,/nas-ctm01/datasets/public/Oxford102Flowers/jpg/image_04818.jpg,image_04818.jpg,21.68648910522461
6318,/nas-ctm01/datasets/public/Oxford102Flowers/jpg/image_06319.jpg,image_06319.jpg,22.893272399902344
7579,/nas-ctm01/datasets/public/Oxford102Flowers/jpg/image_07580.jpg,image_07580.jpg,21.312715530395508
672,/nas-ctm01/datasets/public/Oxford102Flowers/jpg/image_00673.jpg,image_00673.jpg,21.620655059814453
5363,/nas-ctm01/datasets/public/Oxford102Flowers/jpg/image_05364.jpg,image_05364.jpg,21.23482322692871
6487,/nas-ctm01/datasets/public/Oxford102Flowers/jpg/image_06488.jpg,image_06488.jpg,23.020048141479492
7138,/nas-ctm01/datasets/public/Oxford102Flowers/jpg/image_07139.jpg,image_07139.jpg,20.30522918701172
4059,/nas-ctm01/datasets/public/Oxford102Flowers/jpg/image_04060.jpg,image_04060.jpg,22.304738998413086
5160,/nas-ctm01/datasets/public/Oxford102Flowers/jpg/image_05161.jpg,image_05161.jpg,21.782665252685547
6383,/nas-ctm01/datasets/public/Oxford102Flowers/jpg/image_06384.jpg,image_06384.jpg,22.23872184753418
1464,/nas-ctm01/datasets/public/Oxford102Flowers/jpg/image_01465.jpg,image_01465.jpg,20.89272117614746
8128,/nas-ctm01/datasets/public/Oxford102Flowers/jpg/image_08129.jpg,image_08129.jpg,20.8227596282959
6418,/nas-ctm01/datasets/public/Oxford102Flowers/jpg/image_06419.jpg,image_06419.jpg,21.83074378967285
1192,/nas-ctm01/datasets/public/Oxford102Flowers/jpg/image_01193.jpg,image_01193.jpg,22.105796813964844
6946,/nas-ctm01/datasets/public/Oxford102Flowers/jpg/image_06947.jpg,image_06947.jpg,22.661298751831055
3038,/nas-ctm01/datasets/public/Oxford102Flowers/jpg/image_03039.jpg,image_03039.jpg,22.098857879638672
7625,/nas-ctm01/datasets/public/Oxford102Flowers/jpg/image_07626.jpg,image_07626.jpg,22.800052642822266
4526,/nas-ctm01/datasets/public/Oxford102Flowers/jpg/image_04527.jpg,image_04527.jpg,21.777769088745117
7371,/nas-ctm01/datasets/public/Oxford102Flowers/jpg/image_07372.jpg,image_07372.jpg,22.187541961669922
1513,/nas-ctm01/datasets/public/Oxford102Flowers/jpg/image_01514.jpg,image_01514.jpg,24.522411346435547
216,/nas-ctm01/datasets/public/Oxford102Flowers/jpg/image_00217.jpg,image_00217.jpg,23.531879425048828
4709,/nas-ctm01/datasets/public/Oxford102Flowers/jpg/image_04710.jpg,image_04710.jpg,21.033506393432617
5553,/nas-ctm01/datasets/public/Oxford102Flowers/jpg/image_05554.jpg,image_05554.jpg,21.809919357299805
421,/nas-ctm01/datasets/public/Oxford102Flowers/jpg/image_00422.jpg,image_00422.jpg,23.466602325439453
505,/nas-ctm01/datasets/public/Oxford102Flowers/jpg/image_00506.jpg,image_00506.jpg,20.653121948242188
5441,/nas-ctm01/datasets/public/Oxford102Flowers/jpg/image_05442.jpg,image_05442.jpg,21.88488006591797
5964,/nas-ctm01/datasets/public/Oxford102Flowers/jpg/image_05965.jpg,image_05965.jpg,21.970483779907227
4560,/nas-ctm01/datasets/public/Oxford102Flowers/jpg/image_04561.jpg,image_04561.jpg,22.199081420898438
3337,/nas-ctm01/datasets/public/Oxford102Flowers/jpg/image_03338.jpg,image_03338.jpg,23.140960693359375
1582,/nas-ctm01/datasets/public/Oxford102Flowers/jpg/image_01583.jpg,image_01583.jpg,23.42487335205078
506,/nas-ctm01/datasets/public/Oxford102Flowers/jpg/image_00507.jpg,image_00507.jpg,21.58830451965332
2288,/nas-ctm01/datasets/public/Oxford102Flowers/jpg/image_02289.jpg,image_02289.jpg,22.448564529418945
4383,/nas-ctm01/datasets/public/Oxford102Flowers/jpg/image_04384.jpg,image_04384.jpg,23.504682540893555
4041,/nas-ctm01/datasets/public/Oxford102Flowers/jpg/image_04042.jpg,image_04042.jpg,22.6414852142334
3131,/nas-ctm01/datasets/public/Oxford102Flowers/jpg/image_03132.jpg,image_03132.jpg,21.756759643554688
3443,/nas-ctm01/datasets/public/Oxford102Flowers/jpg/image_03444.jpg,image_03444.jpg,21.134321212768555
6217,/nas-ctm01/datasets/public/Oxford102Flowers/jpg/image_06218.jpg,image_06218.jpg,22.710041046142578
4367,/nas-ctm01/datasets/public/Oxford102Flowers/jpg/image_04368.jpg,image_04368.jpg,22.128082275390625
8107,/nas-ctm01/datasets/public/Oxford102Flowers/jpg/image_08108.jpg,image_08108.jpg,21.63642120361328
3773,/nas-ctm01/datasets/public/Oxford102Flowers/jpg/image_03774.jpg,image_03774.jpg,20.739744186401367
6681,/nas-ctm01/datasets/public/Oxford102Flowers/jpg/image_06682.jpg,image_06682.jpg,21.170957565307617
4329,/nas-ctm01/datasets/public/Oxford102Flowers/jpg/image_04330.jpg,image_04330.jpg,21.66658592224121
6308,/nas-ctm01/datasets/public/Oxford102Flowers/jpg/image_06309.jpg,image_06309.jpg,22.739315032958984
5661,/nas-ctm01/datasets/public/Oxford102Flowers/jpg/image_05662.jpg,image_05662.jpg,23.107410430908203
2689,/nas-ctm01/datasets/public/Oxford102Flowers/jpg/image_02690.jpg,image_02690.jpg,22.626136779785156
347,/nas-ctm01/datasets/public/Oxford102Flowers/jpg/image_00348.jpg,image_00348.jpg,22.807979583740234
7226,/nas-ctm01/datasets/public/Oxford102Flowers/jpg/image_07227.jpg,image_07227.jpg,23.638858795166016
6861,/nas-ctm01/datasets/public/Oxford102Flowers/jpg/image_06862.jpg,image_06862.jpg,22.483322143554688
333,/nas-ctm01/datasets/public/Oxford102Flowers/jpg/image_00334.jpg,image_00334.jpg,22.301889419555664
4937,/nas-ctm01/datasets/public/Oxford102Flowers/jpg/image_04938.jpg,image_04938.jpg,23.07223129272461
5117,/nas-ctm01/datasets/public/Oxford102Flowers/jpg/image_05118.jpg,image_05118.jpg,22.315994262695312
6838,/nas-ctm01/datasets/public/Oxford102Flowers/jpg/image_06839.jpg,image_06839.jpg,20.675128936767578
2751,/nas-ctm01/datasets/public/Oxford102Flowers/jpg/image_02752.jpg,image_02752.jpg,22.740461349487305
3071,/nas-ctm01/datasets/public/Oxford102Flowers/jpg/image_03072.jpg,image_03072.jpg,21.848264694213867
7160,/nas-ctm01/datasets/public/Oxford102Flowers/jpg/image_07161.jpg,image_07161.jpg,20.813188552856445
6314,/nas-ctm01/datasets/public/Oxford102Flowers/jpg/image_06315.jpg,image_06315.jpg,23.394086837768555
7669,/nas-ctm01/datasets/public/Oxford102Flowers/jpg/image_07670.jpg,image_07670.jpg,20.879653930664062
3784,/nas-ctm01/datasets/public/Oxford102Flowers/jpg/image_03785.jpg,image_03785.jpg,20.933422088623047
2664,/nas-ctm01/datasets/public/Oxford102Flowers/jpg/image_02665.jpg,image_02665.jpg,22.37602424621582
746,/nas-ctm01/datasets/public/Oxford102Flowers/jpg/image_00747.jpg,image_00747.jpg,21.343210220336914
1563,/nas-ctm01/datasets/public/Oxford102Flowers/jpg/image_01564.jpg,image_01564.jpg,24.150577545166016
6377,/nas-ctm01/datasets/public/Oxford102Flowers/jpg/image_06378.jpg,image_06378.jpg,21.153549194335938
7379,/nas-ctm01/datasets/public/Oxford102Flowers/jpg/image_07380.jpg,image_07380.jpg,20.581647872924805
4639,/nas-ctm01/datasets/public/Oxford102Flowers/jpg/image_04640.jpg,image_04640.jpg,21.14024543762207
4375,/nas-ctm01/datasets/public/Oxford102Flowers/jpg/image_04376.jpg,image_04376.jpg,22.500537872314453
2024,/nas-ctm01/datasets/public/Oxford102Flowers/jpg/image_02025.jpg,image_02025.jpg,22.32100486755371
3181,/nas-ctm01/datasets/public/Oxford102Flowers/jpg/image_03182.jpg,image_03182.jpg,21.06038475036621
7836,/nas-ctm01/datasets/public/Oxford102Flowers/jpg/image_07837.jpg,image_07837.jpg,21.323490142822266
4315,/nas-ctm01/datasets/public/Oxford102Flowers/jpg/image_04316.jpg,image_04316.jpg,21.642480850219727
5454,/nas-ctm01/datasets/public/Oxford102Flowers/jpg/image_05455.jpg,image_05455.jpg,22.779346466064453
7775,/nas-ctm01/datasets/public/Oxford102Flowers/jpg/image_07776.jpg,image_07776.jpg,21.337024688720703
4575,/nas-ctm01/datasets/public/Oxford102Flowers/jpg/image_04576.jpg,image_04576.jpg,22.16860008239746
6928,/nas-ctm01/datasets/public/Oxford102Flowers/jpg/image_06929.jpg,image_06929.jpg,22.13697052001953
6362,/nas-ctm01/datasets/public/Oxford102Flowers/jpg/image_06363.jpg,image_06363.jpg,21.29146385192871
7538,/nas-ctm01/datasets/public/Oxford102Flowers/jpg/image_07539.jpg,image_07539.jpg,21.85891342163086
259,/nas-ctm01/datasets/public/Oxford102Flowers/jpg/image_00260.jpg,image_00260.jpg,23.300798416137695
7626,/nas-ctm01/datasets/public/Oxford102Flowers/jpg/image_07627.jpg,image_07627.jpg,21.81824493408203
2375,/nas-ctm01/datasets/public/Oxford102Flowers/jpg/image_02376.jpg,image_02376.jpg,22.50649070739746
7134,/nas-ctm01/datasets/public/Oxford102Flowers/jpg/image_07135.jpg,image_07135.jpg,21.151636123657227
4359,/nas-ctm01/datasets/public/Oxford102Flowers/jpg/image_04360.jpg,image_04360.jpg,22.661609649658203
7564,/nas-ctm01/datasets/public/Oxford102Flowers/jpg/image_07565.jpg,image_07565.jpg,23.08367347717285
380,/nas-ctm01/datasets/public/Oxford102Flowers/jpg/image_00381.jpg,image_00381.jpg,22.45090103149414
4951,/nas-ctm01/datasets/public/Oxford102Flowers/jpg/image_04952.jpg,image_04952.jpg,23.45889663696289
6483,/nas-ctm01/datasets/public/Oxford102Flowers/jpg/image_06484.jpg,image_06484.jpg,23.208913803100586
1912,/nas-ctm01/datasets/public/Oxford102Flowers/jpg/image_01913.jpg,image_01913.jpg,23.543163299560547
3409,/nas-ctm01/datasets/public/Oxford102Flowers/jpg/image_03410.jpg,image_03410.jpg,21.473602294921875
599,/nas-ctm01/datasets/public/Oxford102Flowers/jpg/image_00600.jpg,image_00600.jpg,21.75120735168457
45,/nas-ctm01/datasets/public/Oxford102Flowers/jpg/image_00046.jpg,image_00046.jpg,23.82562828063965
1444,/nas-ctm01/datasets/public/Oxford102Flowers/jpg/image_01445.jpg,image_01445.jpg,20.61651039123535
1652,/nas-ctm01/datasets/public/Oxford102Flowers/jpg/image_01653.jpg,image_01653.jpg,23.74106216430664
6612,/nas-ctm01/datasets/public/Oxford102Flowers/jpg/image_06613.jpg,image_06613.jpg,21.706350326538086
1893,/nas-ctm01/datasets/public/Oxford102Flowers/jpg/image_01894.jpg,image_01894.jpg,22.28115463256836
6227,/nas-ctm01/datasets/public/Oxford102Flowers/jpg/image_06228.jpg,image_06228.jpg,22.17192840576172
4482,/nas-ctm01/datasets/public/Oxford102Flowers/jpg/image_04483.jpg,image_04483.jpg,19.8433895111084
8170,/nas-ctm01/datasets/public/Oxford102Flowers/jpg/image_08171.jpg,image_08171.jpg,21.466257095336914
6282,/nas-ctm01/datasets/public/Oxford102Flowers/jpg/image_06283.jpg,image_06283.jpg,21.150915145874023
1966,/nas-ctm01/datasets/public/Oxford102Flowers/jpg/image_01967.jpg,image_01967.jpg,22.633989334106445
3656,/nas-ctm01/datasets/public/Oxford102Flowers/jpg/image_03657.jpg,image_03657.jpg,22.212413787841797
7890,/nas-ctm01/datasets/public/Oxford102Flowers/jpg/image_07891.jpg,image_07891.jpg,22.02613639831543
5432,/nas-ctm01/datasets/public/Oxford102Flowers/jpg/image_05433.jpg,image_05433.jpg,23.780902862548828
1600,/nas-ctm01/datasets/public/Oxford102Flowers/jpg/image_01601.jpg,image_01601.jpg,23.339710235595703
7245,/nas-ctm01/datasets/public/Oxford102Flowers/jpg/image_07246.jpg,image_07246.jpg,20.86865997314453
5974,/nas-ctm01/datasets/public/Oxford102Flowers/jpg/image_05975.jpg,image_05975.jpg,22.807294845581055
7427,/nas-ctm01/datasets/public/Oxford102Flowers/jpg/image_07428.jpg,image_07428.jpg,21.42006492614746
2251,/nas-ctm01/datasets/public/Oxford102Flowers/jpg/image_02252.jpg,image_02252.jpg,20.467233657836914
5737,/nas-ctm01/datasets/public/Oxford102Flowers/jpg/image_05738.jpg,image_05738.jpg,21.579763412475586
7046,/nas-ctm01/datasets/public/Oxford102Flowers/jpg/image_07047.jpg,image_07047.jpg,21.630191802978516
426,/nas-ctm01/datasets/public/Oxford102Flowers/jpg/image_00427.jpg,image_00427.jpg,22.79523468017578
410,/nas-ctm01/datasets/public/Oxford102Flowers/jpg/image_00411.jpg,image_00411.jpg,22.882339477539062
6839,/nas-ctm01/datasets/public/Oxford102Flowers/jpg/image_06840.jpg,image_06840.jpg,20.602752685546875
2571,/nas-ctm01/datasets/public/Oxford102Flowers/jpg/image_02572.jpg,image_02572.jpg,22.17498207092285
5489,/nas-ctm01/datasets/public/Oxford102Flowers/jpg/image_05490.jpg,image_05490.jpg,22.703750610351562
3007,/nas-ctm01/datasets/public/Oxford102Flowers/jpg/image_03008.jpg,image_03008.jpg,22.285619735717773
7654,/nas-ctm01/datasets/public/Oxford102Flowers/jpg/image_07655.jpg,image_07655.jpg,22.569467544555664
210,/nas-ctm01/datasets/public/Oxford102Flowers/jpg/image_00211.jpg,image_00211.jpg,24.16194725036621
7271,/nas-ctm01/datasets/public/Oxford102Flowers/jpg/image_07272.jpg,image_07272.jpg,22.40528678894043
4215,/nas-ctm01/datasets/public/Oxford102Flowers/jpg/image_04216.jpg,image_04216.jpg,22.227941513061523
4883,/nas-ctm01/datasets/public/Oxford102Flowers/jpg/image_04884.jpg,image_04884.jpg,22.962453842163086
4121,/nas-ctm01/datasets/public/Oxford102Flowers/jpg/image_04122.jpg,image_04122.jpg,23.741479873657227
1049,/nas-ctm01/datasets/public/Oxford102Flowers/jpg/image_01050.jpg,image_01050.jpg,21.331314086914062
5803,/nas-ctm01/datasets/public/Oxford102Flowers/jpg/image_05804.jpg,image_05804.jpg,22.878419876098633
7381,/nas-ctm01/datasets/public/Oxford102Flowers/jpg/image_07382.jpg,image_07382.jpg,21.229217529296875
7764,/nas-ctm01/datasets/public/Oxford102Flowers/jpg/image_07765.jpg,image_07765.jpg,22.10474395751953
1972,/nas-ctm01/datasets/public/Oxford102Flowers/jpg/image_01973.jpg,image_01973.jpg,23.324951171875
1499,/nas-ctm01/datasets/public/Oxford102Flowers/jpg/image_01500.jpg,image_01500.jpg,24.377857208251953
1109,/nas-ctm01/datasets/public/Oxford102Flowers/jpg/image_01110.jpg,image_01110.jpg,21.262126922607422
5979,/nas-ctm01/datasets/public/Oxford102Flowers/jpg/image_05980.jpg,image_05980.jpg,21.982467651367188
652,/nas-ctm01/datasets/public/Oxford102Flowers/jpg/image_00653.jpg,image_00653.jpg,21.439136505126953
2436,/nas-ctm01/datasets/public/Oxford102Flowers/jpg/image_02437.jpg,image_02437.jpg,21.99042320251465
7044,/nas-ctm01/datasets/public/Oxford102Flowers/jpg/image_07045.jpg,image_07045.jpg,21.679729461669922
1795,/nas-ctm01/datasets/public/Oxford102Flowers/jpg/image_01796.jpg,image_01796.jpg,24.22263526916504
1702,/nas-ctm01/datasets/public/Oxford102Flowers/jpg/image_01703.jpg,image_01703.jpg,24.567317962646484
2995,/nas-ctm01/datasets/public/Oxford102Flowers/jpg/image_02996.jpg,image_02996.jpg,22.16443634033203
4696,/nas-ctm01/datasets/public/Oxford102Flowers/jpg/image_04697.jpg,image_04697.jpg,20.940902709960938
1498,/nas-ctm01/datasets/public/Oxford102Flowers/jpg/image_01499.jpg,image_01499.jpg,23.861419677734375
6356,/nas-ctm01/datasets/public/Oxford102Flowers/jpg/image_06357.jpg,image_06357.jpg,20.918115615844727
3011,/nas-ctm01/datasets/public/Oxford102Flowers/jpg/image_03012.jpg,image_03012.jpg,22.516387939453125
6516,/nas-ctm01/datasets/public/Oxford102Flowers/jpg/image_06517.jpg,image_06517.jpg,23.099472045898438
4129,/nas-ctm01/datasets/public/Oxford102Flowers/jpg/image_04130.jpg,image_04130.jpg,23.10039520263672
5920,/nas-ctm01/datasets/public/Oxford102Flowers/jpg/image_05921.jpg,image_05921.jpg,22.819766998291016
705,/nas-ctm01/datasets/public/Oxford102Flowers/jpg/image_00706.jpg,image_00706.jpg,20.559005737304688
1872,/nas-ctm01/datasets/public/Oxford102Flowers/jpg/image_01873.jpg,image_01873.jpg,23.40183448791504
7234,/nas-ctm01/datasets/public/Oxford102Flowers/jpg/image_07235.jpg,image_07235.jpg,21.138771057128906
6234,/nas-ctm01/datasets/public/Oxford102Flowers/jpg/image_06235.jpg,image_06235.jpg,22.44602394104004
4848,/nas-ctm01/datasets/public/Oxford102Flowers/jpg/image_04849.jpg,image_04849.jpg,22.866376876831055
4614,/nas-ctm01/datasets/public/Oxford102Flowers/jpg/image_04615.jpg,image_04615.jpg,20.971466064453125
4988,/nas-ctm01/datasets/public/Oxford102Flowers/jpg/image_04989.jpg,image_04989.jpg,24.230571746826172
5914,/nas-ctm01/datasets/public/Oxford102Flowers/jpg/image_05915.jpg,image_05915.jpg,23.535005569458008
5694,/nas-ctm01/datasets/public/Oxford102Flowers/jpg/image_05695.jpg,image_05695.jpg,22.880632400512695
565,/nas-ctm01/datasets/public/Oxford102Flowers/jpg/image_00566.jpg,image_00566.jpg,21.58306884765625
4829,/nas-ctm01/datasets/public/Oxford102Flowers/jpg/image_04830.jpg,image_04830.jpg,22.455488204956055
6662,/nas-ctm01/datasets/public/Oxford102Flowers/jpg/image_06663.jpg,image_06663.jpg,20.93806266784668
6652,/nas-ctm01/datasets/public/Oxford102Flowers/jpg/image_06653.jpg,image_06653.jpg,21.4431095123291
640,/nas-ctm01/datasets/public/Oxford102Flowers/jpg/image_00641.jpg,image_00641.jpg,20.561410903930664
2716,/nas-ctm01/datasets/public/Oxford102Flowers/jpg/image_02717.jpg,image_02717.jpg,21.511409759521484
2337,/nas-ctm01/datasets/public/Oxford102Flowers/jpg/image_02338.jpg,image_02338.jpg,22.99968147277832
8181,/nas-ctm01/datasets/public/Oxford102Flowers/jpg/image_08182.jpg,image_08182.jpg,21.86638832092285
5062,/nas-ctm01/datasets/public/Oxford102Flowers/jpg/image_05063.jpg,image_05063.jpg,20.787296295166016
1964,/nas-ctm01/datasets/public/Oxford102Flowers/jpg/image_01965.jpg,image_01965.jpg,22.262224197387695
6285,/nas-ctm01/datasets/public/Oxford102Flowers/jpg/image_06286.jpg,image_06286.jpg,21.374101638793945
6486,/nas-ctm01/datasets/public/Oxford102Flowers/jpg/image_06487.jpg,image_06487.jpg,23.483671188354492
325,/nas-ctm01/datasets/public/Oxford102Flowers/jpg/image_00326.jpg,image_00326.jpg,22.573562622070312
5281,/nas-ctm01/datasets/public/Oxford102Flowers/jpg/image_05282.jpg,image_05282.jpg,22.204734802246094
3135,/nas-ctm01/datasets/public/Oxford102Flowers/jpg/image_03136.jpg,image_03136.jpg,21.159578323364258
2473,/nas-ctm01/datasets/public/Oxford102Flowers/jpg/image_02474.jpg,image_02474.jpg,23.875322341918945
5416,/nas-ctm01/datasets/public/Oxford102Flowers/jpg/image_05417.jpg,image_05417.jpg,22.925302505493164
3620,/nas-ctm01/datasets/public/Oxford102Flowers/jpg/image_03621.jpg,image_03621.jpg,22.035423278808594
6560,/nas-ctm01/datasets/public/Oxford102Flowers/jpg/image_06561.jpg,image_06561.jpg,22.89875030517578
7678,/nas-ctm01/datasets/public/Oxford102Flowers/jpg/image_07679.jpg,image_07679.jpg,20.67392349243164
6128,/nas-ctm01/datasets/public/Oxford102Flowers/jpg/image_06129.jpg,image_06129.jpg,21.033754348754883
2515,/nas-ctm01/datasets/public/Oxford102Flowers/jpg/image_02516.jpg,image_02516.jpg,22.600255966186523
864,/nas-ctm01/datasets/public/Oxford102Flowers/jpg/image_00865.jpg,image_00865.jpg,20.200712203979492
3589,/nas-ctm01/datasets/public/Oxford102Flowers/jpg/image_03590.jpg,image_03590.jpg,22.367155075073242
6924,/nas-ctm01/datasets/public/Oxford102Flowers/jpg/image_06925.jpg,image_06925.jpg,24.33636474609375
5740,/nas-ctm01/datasets/public/Oxford102Flowers/jpg/image_05741.jpg,image_05741.jpg,21.980104446411133
6210,/nas-ctm01/datasets/public/Oxford102Flowers/jpg/image_06211.jpg,image_06211.jpg,23.45183753967285
371,/nas-ctm01/datasets/public/Oxford102Flowers/jpg/image_00372.jpg,image_00372.jpg,22.49282455444336
6041,/nas-ctm01/datasets/public/Oxford102Flowers/jpg/image_06042.jpg,image_06042.jpg,21.22699546813965
2495,/nas-ctm01/datasets/public/Oxford102Flowers/jpg/image_02496.jpg,image_02496.jpg,22.19112777709961
6871,/nas-ctm01/datasets/public/Oxford102Flowers/jpg/image_06872.jpg,image_06872.jpg,22.71463394165039
3708,/nas-ctm01/datasets/public/Oxford102Flowers/jpg/image_03709.jpg,image_03709.jpg,21.55094337463379
6727,/nas-ctm01/datasets/public/Oxford102Flowers/jpg/image_06728.jpg,image_06728.jpg,21.20130157470703
4750,/nas-ctm01/datasets/public/Oxford102Flowers/jpg/image_04751.jpg,image_04751.jpg,20.961658477783203
8146,/nas-ctm01/datasets/public/Oxford102Flowers/jpg/image_08147.jpg,image_08147.jpg,21.300050735473633
1360,/nas-ctm01/datasets/public/Oxford102Flowers/jpg/image_01361.jpg,image_01361.jpg,21.81233024597168
911,/nas-ctm01/datasets/public/Oxford102Flowers/jpg/image_00912.jpg,image_00912.jpg,22.022327423095703
3027,/nas-ctm01/datasets/public/Oxford102Flowers/jpg/image_03028.jpg,image_03028.jpg,22.198272705078125
5822,/nas-ctm01/datasets/public/Oxford102Flowers/jpg/image_05823.jpg,image_05823.jpg,22.34356689453125
2498,/nas-ctm01/datasets/public/Oxford102Flowers/jpg/image_02499.jpg,image_02499.jpg,23.49956703186035
2357,/nas-ctm01/datasets/public/Oxford102Flowers/jpg/image_02358.jpg,image_02358.jpg,21.53569984436035
964,/nas-ctm01/datasets/public/Oxford102Flowers/jpg/image_00965.jpg,image_00965.jpg,21.958120346069336
1423,/nas-ctm01/datasets/public/Oxford102Flowers/jpg/image_01424.jpg,image_01424.jpg,21.115446090698242
122,/nas-ctm01/datasets/public/Oxford102Flowers/jpg/image_00123.jpg,image_00123.jpg,24.76251220703125
479,/nas-ctm01/datasets/public/Oxford102Flowers/jpg/image_00480.jpg,image_00480.jpg,20.82280731201172
662,/nas-ctm01/datasets/public/Oxford102Flowers/jpg/image_00663.jpg,image_00663.jpg,21.645774841308594
2683,/nas-ctm01/datasets/public/Oxford102Flowers/jpg/image_02684.jpg,image_02684.jpg,22.676176071166992
2280,/nas-ctm01/datasets/public/Oxford102Flowers/jpg/image_02281.jpg,image_02281.jpg,22.400056838989258
7212,/nas-ctm01/datasets/public/Oxford102Flowers/jpg/image_07213.jpg,image_07213.jpg,22.235475540161133
6890,/nas-ctm01/datasets/public/Oxford102Flowers/jpg/image_06891.jpg,image_06891.jpg,23.432132720947266
439,/nas-ctm01/datasets/public/Oxford102Flowers/jpg/image_00440.jpg,image_00440.jpg,22.902862548828125
1379,/nas-ctm01/datasets/public/Oxford102Flowers/jpg/image_01380.jpg,image_01380.jpg,20.502458572387695
1443,/nas-ctm01/datasets/public/Oxford102Flowers/jpg/image_01444.jpg,image_01444.jpg,21.598834991455078
4480,/nas-ctm01/datasets/public/Oxford102Flowers/jpg/image_04481.jpg,image_04481.jpg,21.03109359741211
6779,/nas-ctm01/datasets/public/Oxford102Flowers/jpg/image_06780.jpg,image_06780.jpg,20.88209342956543
1477,/nas-ctm01/datasets/public/Oxford102Flowers/jpg/image_01478.jpg,image_01478.jpg,19.99640464782715
7377,/nas-ctm01/datasets/public/Oxford102Flowers/jpg/image_07378.jpg,image_07378.jpg,21.036680221557617
1173,/nas-ctm01/datasets/public/Oxford102Flowers/jpg/image_01174.jpg,image_01174.jpg,20.90920066833496
7975,/nas-ctm01/datasets/public/Oxford102Flowers/jpg/image_07976.jpg,image_07976.jpg,20.675254821777344
3303,/nas-ctm01/datasets/public/Oxford102Flowers/jpg/image_03304.jpg,image_03304.jpg,22.303987503051758
2554,/nas-ctm01/datasets/public/Oxford102Flowers/jpg/image_02555.jpg,image_02555.jpg,21.167572021484375
6178,/nas-ctm01/datasets/public/Oxford102Flowers/jpg/image_06179.jpg,image_06179.jpg,21.94328498840332
3226,/nas-ctm01/datasets/public/Oxford102Flowers/jpg/image_03227.jpg,image_03227.jpg,21.67853546142578
279,/nas-ctm01/datasets/public/Oxford102Flowers/jpg/image_00280.jpg,image_00280.jpg,22.975008010864258
2692,/nas-ctm01/datasets/public/Oxford102Flowers/jpg/image_02693.jpg,image_02693.jpg,21.845775604248047
4537,/nas-ctm01/datasets/public/Oxford102Flowers/jpg/image_04538.jpg,image_04538.jpg,21.07093620300293
4730,/nas-ctm01/datasets/public/Oxford102Flowers/jpg/image_04731.jpg,image_04731.jpg,21.830856323242188
1101,/nas-ctm01/datasets/public/Oxford102Flowers/jpg/image_01102.jpg,image_01102.jpg,21.524858474731445
3721,/nas-ctm01/datasets/public/Oxford102Flowers/jpg/image_03722.jpg,image_03722.jpg,20.786725997924805
1694,/nas-ctm01/datasets/public/Oxford102Flowers/jpg/image_01695.jpg,image_01695.jpg,23.564661026000977
2628,/nas-ctm01/datasets/public/Oxford102Flowers/jpg/image_02629.jpg,image_02629.jpg,22.453067779541016
5841,/nas-ctm01/datasets/public/Oxford102Flowers/jpg/image_05842.jpg,image_05842.jpg,21.650466918945312
2531,/nas-ctm01/datasets/public/Oxford102Flowers/jpg/image_02532.jpg,image_02532.jpg,22.666824340820312
7740,/nas-ctm01/datasets/public/Oxford102Flowers/jpg/image_07741.jpg,image_07741.jpg,21.17605209350586
2233,/nas-ctm01/datasets/public/Oxford102Flowers/jpg/image_02234.jpg,image_02234.jpg,22.173768997192383
577,/nas-ctm01/datasets/public/Oxford102Flowers/jpg/image_00578.jpg,image_00578.jpg,22.108129501342773
59,/nas-ctm01/datasets/public/Oxford102Flowers/jpg/image_00060.jpg,image_00060.jpg,24.22475242614746
787,/nas-ctm01/datasets/public/Oxford102Flowers/jpg/image_00788.jpg,image_00788.jpg,22.709243774414062
2629,/nas-ctm01/datasets/public/Oxford102Flowers/jpg/image_02630.jpg,image_02630.jpg,22.083118438720703
5296,/nas-ctm01/datasets/public/Oxford102Flowers/jpg/image_05297.jpg,image_05297.jpg,21.9728946685791
5230,/nas-ctm01/datasets/public/Oxford102Flowers/jpg/image_05231.jpg,image_05231.jpg,21.702743530273438
4405,/nas-ctm01/datasets/public/Oxford102Flowers/jpg/image_04406.jpg,image_04406.jpg,21.79086685180664
4522,/nas-ctm01/datasets/public/Oxford102Flowers/jpg/image_04523.jpg,image_04523.jpg,19.986988067626953
4860,/nas-ctm01/datasets/public/Oxford102Flowers/jpg/image_04861.jpg,image_04861.jpg,20.899398803710938
2954,/nas-ctm01/datasets/public/Oxford102Flowers/jpg/image_02955.jpg,image_02955.jpg,22.351877212524414
6636,/nas-ctm01/datasets/public/Oxford102Flowers/jpg/image_06637.jpg,image_06637.jpg,22.01398277282715
8042,/nas-ctm01/datasets/public/Oxford102Flowers/jpg/image_08043.jpg,image_08043.jpg,21.09517478942871
8115,/nas-ctm01/datasets/public/Oxford102Flowers/jpg/image_08116.jpg,image_08116.jpg,20.814401626586914
5992,/nas-ctm01/datasets/public/Oxford102Flowers/jpg/image_05993.jpg,image_05993.jpg,21.970966339111328
6513,/nas-ctm01/datasets/public/Oxford102Flowers/jpg/image_06514.jpg,image_06514.jpg,23.288211822509766
6939,/nas-ctm01/datasets/public/Oxford102Flowers/jpg/image_06940.jpg,image_06940.jpg,22.43740463256836
184,/nas-ctm01/datasets/public/Oxford102Flowers/jpg/image_00185.jpg,image_00185.jpg,23.298559188842773
2579,/nas-ctm01/datasets/public/Oxford102Flowers/jpg/image_02580.jpg,image_02580.jpg,23.016019821166992
7512,/nas-ctm01/datasets/public/Oxford102Flowers/jpg/image_07513.jpg,image_07513.jpg,21.61503028869629
420,/nas-ctm01/datasets/public/Oxford102Flowers/jpg/image_00421.jpg,image_00421.jpg,22.439437866210938
553,/nas-ctm01/datasets/public/Oxford102Flowers/jpg/image_00554.jpg,image_00554.jpg,21.8277645111084
1397,/nas-ctm01/datasets/public/Oxford102Flowers/jpg/image_01398.jpg,image_01398.jpg,20.88905143737793
7319,/nas-ctm01/datasets/public/Oxford102Flowers/jpg/image_07320.jpg,image_07320.jpg,22.07882308959961
6142,/nas-ctm01/datasets/public/Oxford102Flowers/jpg/image_06143.jpg,image_06143.jpg,20.801273345947266
2864,/nas-ctm01/datasets/public/Oxford102Flowers/jpg/image_02865.jpg,image_02865.jpg,21.681367874145508
1760,/nas-ctm01/datasets/public/Oxford102Flowers/jpg/image_01761.jpg,image_01761.jpg,23.66451072692871
6040,/nas-ctm01/datasets/public/Oxford102Flowers/jpg/image_06041.jpg,image_06041.jpg,21.273609161376953
297,/nas-ctm01/datasets/public/Oxford102Flowers/jpg/image_00298.jpg,image_00298.jpg,23.0318546295166
443,/nas-ctm01/datasets/public/Oxford102Flowers/jpg/image_00444.jpg,image_00444.jpg,23.081871032714844
4085,/nas-ctm01/datasets/public/Oxford102Flowers/jpg/image_04086.jpg,image_04086.jpg,23.211984634399414
1119,/nas-ctm01/datasets/public/Oxford102Flowers/jpg/image_01120.jpg,image_01120.jpg,21.70332145690918
2794,/nas-ctm01/datasets/public/Oxford102Flowers/jpg/image_02795.jpg,image_02795.jpg,21.351665496826172
2572,/nas-ctm01/datasets/public/Oxford102Flowers/jpg/image_02573.jpg,image_02573.jpg,23.355079650878906
1921,/nas-ctm01/datasets/public/Oxford102Flowers/jpg/image_01922.jpg,image_01922.jpg,22.217599868774414
655,/nas-ctm01/datasets/public/Oxford102Flowers/jpg/image_00656.jpg,image_00656.jpg,20.88866424560547
2310,/nas-ctm01/datasets/public/Oxford102Flowers/jpg/image_02311.jpg,image_02311.jpg,22.365062713623047
5662,/nas-ctm01/datasets/public/Oxford102Flowers/jpg/image_05663.jpg,image_05663.jpg,19.736005783081055
8011,/nas-ctm01/datasets/public/Oxford102Flowers/jpg/image_08012.jpg,image_08012.jpg,20.406906127929688
5900,/nas-ctm01/datasets/public/Oxford102Flowers/jpg/image_05901.jpg,image_05901.jpg,22.06256866455078
6446,/nas-ctm01/datasets/public/Oxford102Flowers/jpg/image_06447.jpg,image_06447.jpg,22.60030746459961
7733,/nas-ctm01/datasets/public/Oxford102Flowers/jpg/image_07734.jpg,image_07734.jpg,20.265134811401367
6557,/nas-ctm01/datasets/public/Oxford102Flowers/jpg/image_06558.jpg,image_06558.jpg,22.832487106323242
6053,/nas-ctm01/datasets/public/Oxford102Flowers/jpg/image_06054.jpg,image_06054.jpg,23.658449172973633
558,/nas-ctm01/datasets/public/Oxford102Flowers/jpg/image_00559.jpg,image_00559.jpg,21.67824363708496
6885,/nas-ctm01/datasets/public/Oxford102Flowers/jpg/image_06886.jpg,image_06886.jpg,22.704307556152344
1371,/nas-ctm01/datasets/public/Oxford102Flowers/jpg/image_01372.jpg,image_01372.jpg,21.17079734802246
907,/nas-ctm01/datasets/public/Oxford102Flowers/jpg/image_00908.jpg,image_00908.jpg,22.913379669189453
4812,/nas-ctm01/datasets/public/Oxford102Flowers/jpg/image_04813.jpg,image_04813.jpg,22.42007064819336
1433,/nas-ctm01/datasets/public/Oxford102Flowers/jpg/image_01434.jpg,image_01434.jpg,21.118541717529297
6518,/nas-ctm01/datasets/public/Oxford102Flowers/jpg/image_06519.jpg,image_06519.jpg,20.90671730041504
4513,/nas-ctm01/datasets/public/Oxford102Flowers/jpg/image_04514.jpg,image_04514.jpg,22.226686477661133
5729,/nas-ctm01/datasets/public/Oxford102Flowers/jpg/image_05730.jpg,image_05730.jpg,22.62702751159668
6598,/nas-ctm01/datasets/public/Oxford102Flowers/jpg/image_06599.jpg,image_06599.jpg,22.283109664916992
4098,/nas-ctm01/datasets/public/Oxford102Flowers/jpg/image_04099.jpg,image_04099.jpg,21.91481590270996
926,/nas-ctm01/datasets/public/Oxford102Flowers/jpg/image_00927.jpg,image_00927.jpg,23.020387649536133
3341,/nas-ctm01/datasets/public/Oxford102Flowers/jpg/image_03342.jpg,image_03342.jpg,22.54196548461914
15,/nas-ctm01/datasets/public/Oxford102Flowers/jpg/image_00016.jpg,image_00016.jpg,24.377105712890625
7407,/nas-ctm01/datasets/public/Oxford102Flowers/jpg/image_07408.jpg,image_07408.jpg,21.71395492553711
6127,/nas-ctm01/datasets/public/Oxford102Flowers/jpg/image_06128.jpg,image_06128.jpg,21.48371696472168
4401,/nas-ctm01/datasets/public/Oxford102Flowers/jpg/image_04402.jpg,image_04402.jpg,21.589818954467773
5838,/nas-ctm01/datasets/public/Oxford102Flowers/jpg/image_05839.jpg,image_05839.jpg,22.12225341796875
1161,/nas-ctm01/datasets/public/Oxford102Flowers/jpg/image_01162.jpg,image_01162.jpg,22.725038528442383
6322,/nas-ctm01/datasets/public/Oxford102Flowers/jpg/image_06323.jpg,image_06323.jpg,22.985300064086914
6116,/nas-ctm01/datasets/public/Oxford102Flowers/jpg/image_06117.jpg,image_06117.jpg,20.680538177490234
5167,/nas-ctm01/datasets/public/Oxford102Flowers/jpg/image_05168.jpg,image_05168.jpg,21.551145553588867
6140,/nas-ctm01/datasets/public/Oxford102Flowers/jpg/image_06141.jpg,image_06141.jpg,20.758546829223633
6980,/nas-ctm01/datasets/public/Oxford102Flowers/jpg/image_06981.jpg,image_06981.jpg,22.670391082763672
4901,/nas-ctm01/datasets/public/Oxford102Flowers/jpg/image_04902.jpg,image_04902.jpg,23.948244094848633
1362,/nas-ctm01/datasets/public/Oxford102Flowers/jpg/image_01363.jpg,image_01363.jpg,21.71576690673828
1212,/nas-ctm01/datasets/public/Oxford102Flowers/jpg/image_01213.jpg,image_01213.jpg,21.11526870727539
1876,/nas-ctm01/datasets/public/Oxford102Flowers/jpg/image_01877.jpg,image_01877.jpg,23.751792907714844
2523,/nas-ctm01/datasets/public/Oxford102Flowers/jpg/image_02524.jpg,image_02524.jpg,22.889236450195312
3889,/nas-ctm01/datasets/public/Oxford102Flowers/jpg/image_03890.jpg,image_03890.jpg,24.436025619506836
7901,/nas-ctm01/datasets/public/Oxford102Flowers/jpg/image_07902.jpg,image_07902.jpg,21.302392959594727
3204,/nas-ctm01/datasets/public/Oxford102Flowers/jpg/image_03205.jpg,image_03205.jpg,22.616315841674805
1170,/nas-ctm01/datasets/public/Oxford102Flowers/jpg/image_01171.jpg,image_01171.jpg,22.497390747070312
579,/nas-ctm01/datasets/public/Oxford102Flowers/jpg/image_00580.jpg,image_00580.jpg,22.013444900512695
2182,/nas-ctm01/datasets/public/Oxford102Flowers/jpg/image_02183.jpg,image_02183.jpg,20.81437873840332
3540,/nas-ctm01/datasets/public/Oxford102Flowers/jpg/image_03541.jpg,image_03541.jpg,21.703353881835938
2306,/nas-ctm01/datasets/public/Oxford102Flowers/jpg/image_02307.jpg,image_02307.jpg,21.831571578979492
1833,/nas-ctm01/datasets/public/Oxford102Flowers/jpg/image_01834.jpg,image_01834.jpg,23.72087287902832
2941,/nas-ctm01/datasets/public/Oxford102Flowers/jpg/image_02942.jpg,image_02942.jpg,22.216400146484375
1859,/nas-ctm01/datasets/public/Oxford102Flowers/jpg/image_01860.jpg,image_01860.jpg,24.257448196411133
6071,/nas-ctm01/datasets/public/Oxford102Flowers/jpg/image_06072.jpg,image_06072.jpg,24.54903793334961
3090,/nas-ctm01/datasets/public/Oxford102Flowers/jpg/image_03091.jpg,image_03091.jpg,21.71339225769043
4291,/nas-ctm01/datasets/public/Oxford102Flowers/jpg/image_04292.jpg,image_04292.jpg,20.685213088989258
2646,/nas-ctm01/datasets/public/Oxford102Flowers/jpg/image_02647.jpg,image_02647.jpg,22.72439956665039
6343,/nas-ctm01/datasets/public/Oxford102Flowers/jpg/image_06344.jpg,image_06344.jpg,22.869308471679688
387,/nas-ctm01/datasets/public/Oxford102Flowers/jpg/image_00388.jpg,image_00388.jpg,22.35391616821289
7429,/nas-ctm01/datasets/public/Oxford102Flowers/jpg/image_07430.jpg,image_07430.jpg,21.733379364013672
1032,/nas-ctm01/datasets/public/Oxford102Flowers/jpg/image_01033.jpg,image_01033.jpg,21.185285568237305
7260,/nas-ctm01/datasets/public/Oxford102Flowers/jpg/image_07261.jpg,image_07261.jpg,20.267114639282227
2685,/nas-ctm01/datasets/public/Oxford102Flowers/jpg/image_02686.jpg,image_02686.jpg,22.737205505371094
5269,/nas-ctm01/datasets/public/Oxford102Flowers/jpg/image_05270.jpg,image_05270.jpg,20.958789825439453
6201,/nas-ctm01/datasets/public/Oxford102Flowers/jpg/image_06202.jpg,image_06202.jpg,22.456485748291016
931,/nas-ctm01/datasets/public/Oxford102Flowers/jpg/image_00932.jpg,image_00932.jpg,23.593772888183594
6252,/nas-ctm01/datasets/public/Oxford102Flowers/jpg/image_06253.jpg,image_06253.jpg,20.694068908691406
691,/nas-ctm01/datasets/public/Oxford102Flowers/jpg/image_00692.jpg,image_00692.jpg,22.094219207763672
1891,/nas-ctm01/datasets/public/Oxford102Flowers/jpg/image_01892.jpg,image_01892.jpg,24.072160720825195
2268,/nas-ctm01/datasets/public/Oxford102Flowers/jpg/image_02269.jpg,image_02269.jpg,21.978696823120117
7211,/nas-ctm01/datasets/public/Oxford102Flowers/jpg/image_07212.jpg,image_07212.jpg,21.866718292236328
5459,/nas-ctm01/datasets/public/Oxford102Flowers/jpg/image_05460.jpg,image_05460.jpg,22.681190490722656
6505,/nas-ctm01/datasets/public/Oxford102Flowers/jpg/image_06506.jpg,image_06506.jpg,23.724109649658203
2602,/nas-ctm01/datasets/public/Oxford102Flowers/jpg/image_02603.jpg,image_02603.jpg,23.209484100341797
6915,/nas-ctm01/datasets/public/Oxford102Flowers/jpg/image_06916.jpg,image_06916.jpg,21.550540924072266
44,/nas-ctm01/datasets/public/Oxford102Flowers/jpg/image_00045.jpg,image_00045.jpg,23.0797061920166
3095,/nas-ctm01/datasets/public/Oxford102Flowers/jpg/image_03096.jpg,image_03096.jpg,21.658388137817383
3458,/nas-ctm01/datasets/public/Oxford102Flowers/jpg/image_03459.jpg,image_03459.jpg,21.505931854248047
7218,/nas-ctm01/datasets/public/Oxford102Flowers/jpg/image_07219.jpg,image_07219.jpg,23.643770217895508
4486,/nas-ctm01/datasets/public/Oxford102Flowers/jpg/image_04487.jpg,image_04487.jpg,21.08292007446289
6372,/nas-ctm01/datasets/public/Oxford102Flowers/jpg/image_06373.jpg,image_06373.jpg,20.82343292236328
3151,/nas-ctm01/datasets/public/Oxford102Flowers/jpg/image_03152.jpg,image_03152.jpg,20.941701889038086
1683,/nas-ctm01/datasets/public/Oxford102Flowers/jpg/image_01684.jpg,image_01684.jpg,24.467187881469727
6113,/nas-ctm01/datasets/public/Oxford102Flowers/jpg/image_06114.jpg,image_06114.jpg,20.83969497680664
7194,/nas-ctm01/datasets/public/Oxford102Flowers/jpg/image_07195.jpg,image_07195.jpg,21.375581741333008
7671,/nas-ctm01/datasets/public/Oxford102Flowers/jpg/image_07672.jpg,image_07672.jpg,22.72698211669922
63,/nas-ctm01/datasets/public/Oxford102Flowers/jpg/image_00064.jpg,image_00064.jpg,24.2550106048584
3614,/nas-ctm01/datasets/public/Oxford102Flowers/jpg/image_03615.jpg,image_03615.jpg,22.396926879882812
4195,/nas-ctm01/datasets/public/Oxford102Flowers/jpg/image_04196.jpg,image_04196.jpg,21.884082794189453
6542,/nas-ctm01/datasets/public/Oxford102Flowers/jpg/image_06543.jpg,image_06543.jpg,22.68406105041504
227,/nas-ctm01/datasets/public/Oxford102Flowers/jpg/image_00228.jpg,image_00228.jpg,24.81160545349121
3169,/nas-ctm01/datasets/public/Oxford102Flowers/jpg/image_03170.jpg,image_03170.jpg,21.876949310302734
5151,/nas-ctm01/datasets/public/Oxford102Flowers/jpg/image_05152.jpg,image_05152.jpg,22.150562286376953
3881,/nas-ctm01/datasets/public/Oxford102Flowers/jpg/image_03882.jpg,image_03882.jpg,23.054216384887695
2944,/nas-ctm01/datasets/public/Oxford102Flowers/jpg/image_02945.jpg,image_02945.jpg,22.07874298095703
969,/nas-ctm01/datasets/public/Oxford102Flowers/jpg/image_00970.jpg,image_00970.jpg,20.91094398498535
1805,/nas-ctm01/datasets/public/Oxford102Flowers/jpg/image_01806.jpg,image_01806.jpg,23.849626541137695
2987,/nas-ctm01/datasets/public/Oxford102Flowers/jpg/image_02988.jpg,image_02988.jpg,22.29136085510254
2344,/nas-ctm01/datasets/public/Oxford102Flowers/jpg/image_02345.jpg,image_02345.jpg,21.34206771850586
6337,/nas-ctm01/datasets/public/Oxford102Flowers/jpg/image_06338.jpg,image_06338.jpg,22.085954666137695
5817,/nas-ctm01/datasets/public/Oxford102Flowers/jpg/image_05818.jpg,image_05818.jpg,21.999677658081055
2820,/nas-ctm01/datasets/public/Oxford102Flowers/jpg/image_02821.jpg,image_02821.jpg,21.651222229003906
3001,/nas-ctm01/datasets/public/Oxford102Flowers/jpg/image_03002.jpg,image_03002.jpg,21.277481079101562
1860,/nas-ctm01/datasets/public/Oxford102Flowers/jpg/image_01861.jpg,image_01861.jpg,24.135133743286133
7441,/nas-ctm01/datasets/public/Oxford102Flowers/jpg/image_07442.jpg,image_07442.jpg,22.279645919799805
5250,/nas-ctm01/datasets/public/Oxford102Flowers/jpg/image_05251.jpg,image_05251.jpg,22.01005744934082
6611,/nas-ctm01/datasets/public/Oxford102Flowers/jpg/image_06612.jpg,image_06612.jpg,21.253660202026367
2963,/nas-ctm01/datasets/public/Oxford102Flowers/jpg/image_02964.jpg,image_02964.jpg,22.392927169799805
252,/nas-ctm01/datasets/public/Oxford102Flowers/jpg/image_00253.jpg,image_00253.jpg,23.334442138671875
8045,/nas-ctm01/datasets/public/Oxford102Flowers/jpg/image_08046.jpg,image_08046.jpg,21.37285614013672
5313,/nas-ctm01/datasets/public/Oxford102Flowers/jpg/image_05314.jpg,image_05314.jpg,20.254884719848633
1789,/nas-ctm01/datasets/public/Oxford102Flowers/jpg/image_01790.jpg,image_01790.jpg,22.881511688232422
3350,/nas-ctm01/datasets/public/Oxford102Flowers/jpg/image_03351.jpg,image_03351.jpg,23.604007720947266
2059,/nas-ctm01/datasets/public/Oxford102Flowers/jpg/image_02060.jpg,image_02060.jpg,22.759111404418945
4303,/nas-ctm01/datasets/public/Oxford102Flowers/jpg/image_04304.jpg,image_04304.jpg,21.92097282409668
4247,/nas-ctm01/datasets/public/Oxford102Flowers/jpg/image_04248.jpg,image_04248.jpg,20.64742088317871
4888,/nas-ctm01/datasets/public/Oxford102Flowers/jpg/image_04889.jpg,image_04889.jpg,24.03170394897461
1902,/nas-ctm01/datasets/public/Oxford102Flowers/jpg/image_01903.jpg,image_01903.jpg,23.172876358032227
2119,/nas-ctm01/datasets/public/Oxford102Flowers/jpg/image_02120.jpg,image_02120.jpg,22.62087059020996
6044,/nas-ctm01/datasets/public/Oxford102Flowers/jpg/image_06045.jpg,image_06045.jpg,20.348621368408203
3459,/nas-ctm01/datasets/public/Oxford102Flowers/jpg/image_03460.jpg,image_03460.jpg,21.542743682861328
7913,/nas-ctm01/datasets/public/Oxford102Flowers/jpg/image_07914.jpg,image_07914.jpg,20.57242774963379
3049,/nas-ctm01/datasets/public/Oxford102Flowers/jpg/image_03050.jpg,image_03050.jpg,21.226619720458984
3050,/nas-ctm01/datasets/public/Oxford102Flowers/jpg/image_03051.jpg,image_03051.jpg,21.60980796813965
6827,/nas-ctm01/datasets/public/Oxford102Flowers/jpg/image_06828.jpg,image_06828.jpg,21.548019409179688
75,/nas-ctm01/datasets/public/Oxford102Flowers/jpg/image_00076.jpg,image_00076.jpg,22.89971923828125
2345,/nas-ctm01/datasets/public/Oxford102Flowers/jpg/image_02346.jpg,image_02346.jpg,22.047266006469727
4500,/nas-ctm01/datasets/public/Oxford102Flowers/jpg/image_04501.jpg,image_04501.jpg,21.81905746459961
430,/nas-ctm01/datasets/public/Oxford102Flowers/jpg/image_00431.jpg,image_00431.jpg,23.527280807495117
4190,/nas-ctm01/datasets/public/Oxford102Flowers/jpg/image_04191.jpg,image_04191.jpg,20.93294906616211
7372,/nas-ctm01/datasets/public/Oxford102Flowers/jpg/image_07373.jpg,image_07373.jpg,21.852420806884766
2728,/nas-ctm01/datasets/public/Oxford102Flowers/jpg/image_02729.jpg,image_02729.jpg,22.072538375854492
3612,/nas-ctm01/datasets/public/Oxford102Flowers/jpg/image_03613.jpg,image_03613.jpg,22.34568214416504
5038,/nas-ctm01/datasets/public/Oxford102Flowers/jpg/image_05039.jpg,image_05039.jpg,21.31688117980957
2465,/nas-ctm01/datasets/public/Oxford102Flowers/jpg/image_02466.jpg,image_02466.jpg,23.231393814086914
5466,/nas-ctm01/datasets/public/Oxford102Flowers/jpg/image_05467.jpg,image_05467.jpg,22.93873405456543
5571,/nas-ctm01/datasets/public/Oxford102Flowers/jpg/image_05572.jpg,image_05572.jpg,21.81239128112793
2399,/nas-ctm01/datasets/public/Oxford102Flowers/jpg/image_02400.jpg,image_02400.jpg,21.197113037109375
5138,/nas-ctm01/datasets/public/Oxford102Flowers/jpg/image_05139.jpg,image_05139.jpg,22.318422317504883
240,/nas-ctm01/datasets/public/Oxford102Flowers/jpg/image_00241.jpg,image_00241.jpg,23.678691864013672
783,/nas-ctm01/datasets/public/Oxford102Flowers/jpg/image_00784.jpg,image_00784.jpg,22.1015682220459
1354,/nas-ctm01/datasets/public/Oxford102Flowers/jpg/image_01355.jpg,image_01355.jpg,20.426807403564453
3605,/nas-ctm01/datasets/public/Oxford102Flowers/jpg/image_03606.jpg,image_03606.jpg,22.458288192749023
977,/nas-ctm01/datasets/public/Oxford102Flowers/jpg/image_00978.jpg,image_00978.jpg,20.9067325592041
809,/nas-ctm01/datasets/public/Oxford102Flowers/jpg/image_00810.jpg,image_00810.jpg,23.21333122253418
2168,/nas-ctm01/datasets/public/Oxford102Flowers/jpg/image_02169.jpg,image_02169.jpg,21.773725509643555
4990,/nas-ctm01/datasets/public/Oxford102Flowers/jpg/image_04991.jpg,image_04991.jpg,22.990510940551758
1599,/nas-ctm01/datasets/public/Oxford102Flowers/jpg/image_01600.jpg,image_01600.jpg,24.032691955566406
4449,/nas-ctm01/datasets/public/Oxford102Flowers/jpg/image_04450.jpg,image_04450.jpg,20.78317642211914
7795,/nas-ctm01/datasets/public/Oxford102Flowers/jpg/image_07796.jpg,image_07796.jpg,21.158323287963867
1620,/nas-ctm01/datasets/public/Oxford102Flowers/jpg/image_01621.jpg,image_01621.jpg,23.94710350036621
4251,/nas-ctm01/datasets/public/Oxford102Flowers/jpg/image_04252.jpg,image_04252.jpg,21.185609817504883
1482,/nas-ctm01/datasets/public/Oxford102Flowers/jpg/image_01483.jpg,image_01483.jpg,22.07685661315918
4039,/nas-ctm01/datasets/public/Oxford102Flowers/jpg/image_04040.jpg,image_04040.jpg,22.3208065032959
1801,/nas-ctm01/datasets/public/Oxford102Flowers/jpg/image_01802.jpg,image_01802.jpg,23.671768188476562
2095,/nas-ctm01/datasets/public/Oxford102Flowers/jpg/image_02096.jpg,image_02096.jpg,22.500150680541992
4077,/nas-ctm01/datasets/public/Oxford102Flowers/jpg/image_04078.jpg,image_04078.jpg,22.642940521240234
1357,/nas-ctm01/datasets/public/Oxford102Flowers/jpg/image_01358.jpg,image_01358.jpg,20.88475227355957
5410,/nas-ctm01/datasets/public/Oxford102Flowers/jpg/image_05411.jpg,image_05411.jpg,23.08686065673828
3980,/nas-ctm01/datasets/public/Oxford102Flowers/jpg/image_03981.jpg,image_03981.jpg,21.841365814208984
3469,/nas-ctm01/datasets/public/Oxford102Flowers/jpg/image_03470.jpg,image_03470.jpg,20.648441314697266
6701,/nas-ctm01/datasets/public/Oxford102Flowers/jpg/image_06702.jpg,image_06702.jpg,21.207456588745117
6161,/nas-ctm01/datasets/public/Oxford102Flowers/jpg/image_06162.jpg,image_06162.jpg,20.605472564697266
7966,/nas-ctm01/datasets/public/Oxford102Flowers/jpg/image_07967.jpg,image_07967.jpg,20.766002655029297
3297,/nas-ctm01/datasets/public/Oxford102Flowers/jpg/image_03298.jpg,image_03298.jpg,23.254247665405273
4535,/nas-ctm01/datasets/public/Oxford102Flowers/jpg/image_04536.jpg,image_04536.jpg,21.937719345092773
5386,/nas-ctm01/datasets/public/Oxford102Flowers/jpg/image_05387.jpg,image_05387.jpg,20.909921646118164
7131,/nas-ctm01/datasets/public/Oxford102Flowers/jpg/image_07132.jpg,image_07132.jpg,20.707155227661133
2328,/nas-ctm01/datasets/public/Oxford102Flowers/jpg/image_02329.jpg,image_02329.jpg,22.262773513793945
29,/nas-ctm01/datasets/public/Oxford102Flowers/jpg/image_00030.jpg,image_00030.jpg,24.162384033203125
4789,/nas-ctm01/datasets/public/Oxford102Flowers/jpg/image_04790.jpg,image_04790.jpg,21.40837287902832
5478,/nas-ctm01/datasets/public/Oxford102Flowers/jpg/image_05479.jpg,image_05479.jpg,23.455183029174805
1092,/nas-ctm01/datasets/public/Oxford102Flowers/jpg/image_01093.jpg,image_01093.jpg,21.298721313476562
124,/nas-ctm01/datasets/public/Oxford102Flowers/jpg/image_00125.jpg,image_00125.jpg,23.42430877685547
4332,/nas-ctm01/datasets/public/Oxford102Flowers/jpg/image_04333.jpg,image_04333.jpg,22.871253967285156
5983,/nas-ctm01/datasets/public/Oxford102Flowers/jpg/image_05984.jpg,image_05984.jpg,22.21428871154785
3706,/nas-ctm01/datasets/public/Oxford102Flowers/jpg/image_03707.jpg,image_03707.jpg,20.61749267578125
5576,/nas-ctm01/datasets/public/Oxford102Flowers/jpg/image_05577.jpg,image_05577.jpg,21.24195671081543
2298,/nas-ctm01/datasets/public/Oxford102Flowers/jpg/image_02299.jpg,image_02299.jpg,21.522693634033203
7577,/nas-ctm01/datasets/public/Oxford102Flowers/jpg/image_07578.jpg,image_07578.jpg,22.034231185913086
1553,/nas-ctm01/datasets/public/Oxford102Flowers/jpg/image_01554.jpg,image_01554.jpg,24.25884246826172
6913,/nas-ctm01/datasets/public/Oxford102Flowers/jpg/image_06914.jpg,image_06914.jpg,21.9547119140625
598,/nas-ctm01/datasets/public/Oxford102Flowers/jpg/image_00599.jpg,image_00599.jpg,21.31592559814453
4436,/nas-ctm01/datasets/public/Oxford102Flowers/jpg/image_04437.jpg,image_04437.jpg,20.842527389526367
1416,/nas-ctm01/datasets/public/Oxford102Flowers/jpg/image_01417.jpg,image_01417.jpg,20.729711532592773
6179,/nas-ctm01/datasets/public/Oxford102Flowers/jpg/image_06180.jpg,image_06180.jpg,20.706146240234375
4722,/nas-ctm01/datasets/public/Oxford102Flowers/jpg/image_04723.jpg,image_04723.jpg,20.908708572387695
4751,/nas-ctm01/datasets/public/Oxford102Flowers/jpg/image_04752.jpg,image_04752.jpg,20.68873405456543
3846,/nas-ctm01/datasets/public/Oxford102Flowers/jpg/image_03847.jpg,image_03847.jpg,23.838993072509766
2197,/nas-ctm01/datasets/public/Oxford102Flowers/jpg/image_02198.jpg,image_02198.jpg,22.308401107788086
4054,/nas-ctm01/datasets/public/Oxford102Flowers/jpg/image_04055.jpg,image_04055.jpg,22.05889892578125
4087,/nas-ctm01/datasets/public/Oxford102Flowers/jpg/image_04088.jpg,image_04088.jpg,23.213584899902344
6141,/nas-ctm01/datasets/public/Oxford102Flowers/jpg/image_06142.jpg,image_06142.jpg,21.333507537841797
808,/nas-ctm01/datasets/public/Oxford102Flowers/jpg/image_00809.jpg,image_00809.jpg,21.99915885925293
5605,/nas-ctm01/datasets/public/Oxford102Flowers/jpg/image_05606.jpg,image_05606.jpg,22.57657814025879
958,/nas-ctm01/datasets/public/Oxford102Flowers/jpg/image_00959.jpg,image_00959.jpg,20.681821823120117
5170,/nas-ctm01/datasets/public/Oxford102Flowers/jpg/image_05171.jpg,image_05171.jpg,22.665563583374023
3404,/nas-ctm01/datasets/public/Oxford102Flowers/jpg/image_03405.jpg,image_03405.jpg,20.71317481994629
810,/nas-ctm01/datasets/public/Oxford102Flowers/jpg/image_00811.jpg,image_00811.jpg,21.40515899658203
834,/nas-ctm01/datasets/public/Oxford102Flowers/jpg/image_00835.jpg,image_00835.jpg,22.529624938964844
6718,/nas-ctm01/datasets/public/Oxford102Flowers/jpg/image_06719.jpg,image_06719.jpg,21.448291778564453
2688,/nas-ctm01/datasets/public/Oxford102Flowers/jpg/image_02689.jpg,image_02689.jpg,22.336593627929688
1235,/nas-ctm01/datasets/public/Oxford102Flowers/jpg/image_01236.jpg,image_01236.jpg,22.65353775024414
1225,/nas-ctm01/datasets/public/Oxford102Flowers/jpg/image_01226.jpg,image_01226.jpg,22.435382843017578
6139,/nas-ctm01/datasets/public/Oxford102Flowers/jpg/image_06140.jpg,image_06140.jpg,20.875932693481445
5381,/nas-ctm01/datasets/public/Oxford102Flowers/jpg/image_05382.jpg,image_05382.jpg,21.4910945892334
7154,/nas-ctm01/datasets/public/Oxford102Flowers/jpg/image_07155.jpg,image_07155.jpg,20.662099838256836
3487,/nas-ctm01/datasets/public/Oxford102Flowers/jpg/image_03488.jpg,image_03488.jpg,21.435632705688477
6076,/nas-ctm01/datasets/public/Oxford102Flowers/jpg/image_06077.jpg,image_06077.jpg,23.462265014648438
5013,/nas-ctm01/datasets/public/Oxford102Flowers/jpg/image_05014.jpg,image_05014.jpg,23.075883865356445
3043,/nas-ctm01/datasets/public/Oxford102Flowers/jpg/image_03044.jpg,image_03044.jpg,21.175823211669922
7291,/nas-ctm01/datasets/public/Oxford102Flowers/jpg/image_07292.jpg,image_07292.jpg,20.649213790893555
1657,/nas-ctm01/datasets/public/Oxford102Flowers/jpg/image_01658.jpg,image_01658.jpg,22.684282302856445
7210,/nas-ctm01/datasets/public/Oxford102Flowers/jpg/image_07211.jpg,image_07211.jpg,22.50423812866211
6953,/nas-ctm01/datasets/public/Oxford102Flowers/jpg/image_06954.jpg,image_06954.jpg,22.974313735961914
452,/nas-ctm01/datasets/public/Oxford102Flowers/jpg/image_00453.jpg,image_00453.jpg,22.144676208496094
4781,/nas-ctm01/datasets/public/Oxford102Flowers/jpg/image_04782.jpg,image_04782.jpg,20.810880661010742
4035,/nas-ctm01/datasets/public/Oxford102Flowers/jpg/image_04036.jpg,image_04036.jpg,22.118776321411133
422,/nas-ctm01/datasets/public/Oxford102Flowers/jpg/image_00423.jpg,image_00423.jpg,22.666797637939453
1220,/nas-ctm01/datasets/public/Oxford102Flowers/jpg/image_01221.jpg,image_01221.jpg,21.332134246826172
3176,/nas-ctm01/datasets/public/Oxford102Flowers/jpg/image_03177.jpg,image_03177.jpg,21.385541915893555
3795,/nas-ctm01/datasets/public/Oxford102Flowers/jpg/image_03796.jpg,image_03796.jpg,20.809078216552734
7636,/nas-ctm01/datasets/public/Oxford102Flowers/jpg/image_07637.jpg,image_07637.jpg,22.953710556030273
6093,/nas-ctm01/datasets/public/Oxford102Flowers/jpg/image_06094.jpg,image_06094.jpg,21.240230560302734
102,/nas-ctm01/datasets/public/Oxford102Flowers/jpg/image_00103.jpg,image_00103.jpg,23.426990509033203
2418,/nas-ctm01/datasets/public/Oxford102Flowers/jpg/image_02419.jpg,image_02419.jpg,22.47792625427246
5028,/nas-ctm01/datasets/public/Oxford102Flowers/jpg/image_05029.jpg,image_05029.jpg,21.204072952270508
4165,/nas-ctm01/datasets/public/Oxford102Flowers/jpg/image_04166.jpg,image_04166.jpg,22.395776748657227
1580,/nas-ctm01/datasets/public/Oxford102Flowers/jpg/image_01581.jpg,image_01581.jpg,24.6125545501709
2862,/nas-ctm01/datasets/public/Oxford102Flowers/jpg/image_02863.jpg,image_02863.jpg,21.381519317626953
2206,/nas-ctm01/datasets/public/Oxford102Flowers/jpg/image_02207.jpg,image_02207.jpg,21.893798828125
170,/nas-ctm01/datasets/public/Oxford102Flowers/jpg/image_00171.jpg,image_00171.jpg,23.952190399169922
6056,/nas-ctm01/datasets/public/Oxford102Flowers/jpg/image_06057.jpg,image_06057.jpg,23.229917526245117
135,/nas-ctm01/datasets/public/Oxford102Flowers/jpg/image_00136.jpg,image_00136.jpg,23.76589012145996
7699,/nas-ctm01/datasets/public/Oxford102Flowers/jpg/image_07700.jpg,image_07700.jpg,20.755680084228516
4622,/nas-ctm01/datasets/public/Oxford102Flowers/jpg/image_04623.jpg,image_04623.jpg,20.407371520996094
1310,/nas-ctm01/datasets/public/Oxford102Flowers/jpg/image_01311.jpg,image_01311.jpg,22.538005828857422
7362,/nas-ctm01/datasets/public/Oxford102Flowers/jpg/image_07363.jpg,image_07363.jpg,21.399145126342773
2284,/nas-ctm01/datasets/public/Oxford102Flowers/jpg/image_02285.jpg,image_02285.jpg,21.676651000976562
6553,/nas-ctm01/datasets/public/Oxford102Flowers/jpg/image_06554.jpg,image_06554.jpg,23.270679473876953
3859,/nas-ctm01/datasets/public/Oxford102Flowers/jpg/image_03860.jpg,image_03860.jpg,23.671667098999023
4620,/nas-ctm01/datasets/public/Oxford102Flowers/jpg/image_04621.jpg,image_04621.jpg,22.10976219177246
4690,/nas-ctm01/datasets/public/Oxford102Flowers/jpg/image_04691.jpg,image_04691.jpg,21.073501586914062
1935,/nas-ctm01/datasets/public/Oxford102Flowers/jpg/image_01936.jpg,image_01936.jpg,22.474838256835938
6860,/nas-ctm01/datasets/public/Oxford102Flowers/jpg/image_06861.jpg,image_06861.jpg,22.372207641601562
5668,/nas-ctm01/datasets/public/Oxford102Flowers/jpg/image_05669.jpg,image_05669.jpg,21.272951126098633
5564,/nas-ctm01/datasets/public/Oxford102Flowers/jpg/image_05565.jpg,image_05565.jpg,21.342506408691406
807,/nas-ctm01/datasets/public/Oxford102Flowers/jpg/image_00808.jpg,image_00808.jpg,23.0283260345459
2045,/nas-ctm01/datasets/public/Oxford102Flowers/jpg/image_02046.jpg,image_02046.jpg,23.350215911865234
3592,/nas-ctm01/datasets/public/Oxford102Flowers/jpg/image_03593.jpg,image_03593.jpg,22.122406005859375
462,/nas-ctm01/datasets/public/Oxford102Flowers/jpg/image_00463.jpg,image_00463.jpg,20.745439529418945
1956,/nas-ctm01/datasets/public/Oxford102Flowers/jpg/image_01957.jpg,image_01957.jpg,23.845121383666992
2445,/nas-ctm01/datasets/public/Oxford102Flowers/jpg/image_02446.jpg,image_02446.jpg,23.359683990478516
4687,/nas-ctm01/datasets/public/Oxford102Flowers/jpg/image_04688.jpg,image_04688.jpg,20.59123992919922
799,/nas-ctm01/datasets/public/Oxford102Flowers/jpg/image_00800.jpg,image_00800.jpg,22.54892349243164
2402,/nas-ctm01/datasets/public/Oxford102Flowers/jpg/image_02403.jpg,image_02403.jpg,22.663982391357422
3649,/nas-ctm01/datasets/public/Oxford102Flowers/jpg/image_03650.jpg,image_03650.jpg,21.403079986572266
1073,/nas-ctm01/datasets/public/Oxford102Flowers/jpg/image_01074.jpg,image_01074.jpg,20.945775985717773
6723,/nas-ctm01/datasets/public/Oxford102Flowers/jpg/image_06724.jpg,image_06724.jpg,21.896265029907227
144,/nas-ctm01/datasets/public/Oxford102Flowers/jpg/image_00145.jpg,image_00145.jpg,24.35550880432129
5515,/nas-ctm01/datasets/public/Oxford102Flowers/jpg/image_05516.jpg,image_05516.jpg,23.101009368896484
1340,/nas-ctm01/datasets/public/Oxford102Flowers/jpg/image_01341.jpg,image_01341.jpg,22.30329704284668
2894,/nas-ctm01/datasets/public/Oxford102Flowers/jpg/image_02895.jpg,image_02895.jpg,21.60660743713379
4250,/nas-ctm01/datasets/public/Oxford102Flowers/jpg/image_04251.jpg,image_04251.jpg,21.59482192993164
2091,/nas-ctm01/datasets/public/Oxford102Flowers/jpg/image_02092.jpg,image_02092.jpg,22.263669967651367
5091,/nas-ctm01/datasets/public/Oxford102Flowers/jpg/image_05092.jpg,image_05092.jpg,22.035429000854492
4538,/nas-ctm01/datasets/public/Oxford102Flowers/jpg/image_04539.jpg,image_04539.jpg,21.17430877685547
3105,/nas-ctm01/datasets/public/Oxford102Flowers/jpg/image_03106.jpg,image_03106.jpg,20.760927200317383
7006,/nas-ctm01/datasets/public/Oxford102Flowers/jpg/image_07007.jpg,image_07007.jpg,20.967775344848633
6391,/nas-ctm01/datasets/public/Oxford102Flowers/jpg/image_06392.jpg,image_06392.jpg,22.332321166992188
2948,/nas-ctm01/datasets/public/Oxford102Flowers/jpg/image_02949.jpg,image_02949.jpg,22.24625587463379
2859,/nas-ctm01/datasets/public/Oxford102Flowers/jpg/image_02860.jpg,image_02860.jpg,21.39722442626953
5888,/nas-ctm01/datasets/public/Oxford102Flowers/jpg/image_05889.jpg,image_05889.jpg,22.898488998413086
1003,/nas-ctm01/datasets/public/Oxford102Flowers/jpg/image_01004.jpg,image_01004.jpg,20.902423858642578
5860,/nas-ctm01/datasets/public/Oxford102Flowers/jpg/image_05861.jpg,image_05861.jpg,23.04287338256836
4872,/nas-ctm01/datasets/public/Oxford102Flowers/jpg/image_04873.jpg,image_04873.jpg,23.740163803100586
555,/nas-ctm01/datasets/public/Oxford102Flowers/jpg/image_00556.jpg,image_00556.jpg,21.39305877685547
8097,/nas-ctm01/datasets/public/Oxford102Flowers/jpg/image_08098.jpg,image_08098.jpg,21.067646026611328
6889,/nas-ctm01/datasets/public/Oxford102Flowers/jpg/image_06890.jpg,image_06890.jpg,23.394710540771484
1485,/nas-ctm01/datasets/public/Oxford102Flowers/jpg/image_01486.jpg,image_01486.jpg,20.841115951538086
6547,/nas-ctm01/datasets/public/Oxford102Flowers/jpg/image_06548.jpg,image_06548.jpg,23.937902450561523
1272,/nas-ctm01/datasets/public/Oxford102Flowers/jpg/image_01273.jpg,image_01273.jpg,21.611188888549805
1411,/nas-ctm01/datasets/public/Oxford102Flowers/jpg/image_01412.jpg,image_01412.jpg,20.690998077392578
7219,/nas-ctm01/datasets/public/Oxford102Flowers/jpg/image_07220.jpg,image_07220.jpg,23.793231964111328
7481,/nas-ctm01/datasets/public/Oxford102Flowers/jpg/image_07482.jpg,image_07482.jpg,22.012208938598633
1471,/nas-ctm01/datasets/public/Oxford102Flowers/jpg/image_01472.jpg,image_01472.jpg,20.663379669189453
6899,/nas-ctm01/datasets/public/Oxford102Flowers/jpg/image_06900.jpg,image_06900.jpg,22.972932815551758
5283,/nas-ctm01/datasets/public/Oxford102Flowers/jpg/image_05284.jpg,image_05284.jpg,21.554298400878906
4857,/nas-ctm01/datasets/public/Oxford102Flowers/jpg/image_04858.jpg,image_04858.jpg,22.198894500732422
4778,/nas-ctm01/datasets/public/Oxford102Flowers/jpg/image_04779.jpg,image_04779.jpg,21.06952667236328
5388,/nas-ctm01/datasets/public/Oxford102Flowers/jpg/image_05389.jpg,image_05389.jpg,21.310457229614258
3869,/nas-ctm01/datasets/public/Oxford102Flowers/jpg/image_03870.jpg,image_03870.jpg,23.390384674072266
981,/nas-ctm01/datasets/public/Oxford102Flowers/jpg/image_00982.jpg,image_00982.jpg,20.989229202270508
6940,/nas-ctm01/datasets/public/Oxford102Flowers/jpg/image_06941.jpg,image_06941.jpg,22.22293472290039
2917,/nas-ctm01/datasets/public/Oxford102Flowers/jpg/image_02918.jpg,image_02918.jpg,22.57673454284668
7223,/nas-ctm01/datasets/public/Oxford102Flowers/jpg/image_07224.jpg,image_07224.jpg,22.79275894165039
1268,/nas-ctm01/datasets/public/Oxford102Flowers/jpg/image_01269.jpg,image_01269.jpg,22.827672958374023
2462,/nas-ctm01/datasets/public/Oxford102Flowers/jpg/image_02463.jpg,image_02463.jpg,22.60181427001953
7237,/nas-ctm01/datasets/public/Oxford102Flowers/jpg/image_07238.jpg,image_07238.jpg,20.874332427978516
268,/nas-ctm01/datasets/public/Oxford102Flowers/jpg/image_00269.jpg,image_00269.jpg,23.10418128967285
654,/nas-ctm01/datasets/public/Oxford102Flowers/jpg/image_00655.jpg,image_00655.jpg,20.992965698242188
3961,/nas-ctm01/datasets/public/Oxford102Flowers/jpg/image_03962.jpg,image_03962.jpg,21.967487335205078
3937,/nas-ctm01/datasets/public/Oxford102Flowers/jpg/image_03938.jpg,image_03938.jpg,22.832664489746094
5927,/nas-ctm01/datasets/public/Oxford102Flowers/jpg/image_05928.jpg,image_05928.jpg,22.84975242614746
5022,/nas-ctm01/datasets/public/Oxford102Flowers/jpg/image_05023.jpg,image_05023.jpg,20.32292366027832
6622,/nas-ctm01/datasets/public/Oxford102Flowers/jpg/image_06623.jpg,image_06623.jpg,20.352581024169922
589,/nas-ctm01/datasets/public/Oxford102Flowers/jpg/image_00590.jpg,image_00590.jpg,21.106664657592773
5903,/nas-ctm01/datasets/public/Oxford102Flowers/jpg/image_05904.jpg,image_05904.jpg,23.201841354370117
2847,/nas-ctm01/datasets/public/Oxford102Flowers/jpg/image_02848.jpg,image_02848.jpg,21.796157836914062
2908,/nas-ctm01/datasets/public/Oxford102Flowers/jpg/image_02909.jpg,image_02909.jpg,21.82415771484375
4490,/nas-ctm01/datasets/public/Oxford102Flowers/jpg/image_04491.jpg,image_04491.jpg,21.464811325073242
4104,/nas-ctm01/datasets/public/Oxford102Flowers/jpg/image_04105.jpg,image_04105.jpg,23.859834671020508
5267,/nas-ctm01/datasets/public/Oxford102Flowers/jpg/image_05268.jpg,image_05268.jpg,21.029056549072266
6167,/nas-ctm01/datasets/public/Oxford102Flowers/jpg/image_06168.jpg,image_06168.jpg,21.080644607543945
1808,/nas-ctm01/datasets/public/Oxford102Flowers/jpg/image_01809.jpg,image_01809.jpg,23.24262237548828
7042,/nas-ctm01/datasets/public/Oxford102Flowers/jpg/image_07043.jpg,image_07043.jpg,20.72237777709961
3078,/nas-ctm01/datasets/public/Oxford102Flowers/jpg/image_03079.jpg,image_03079.jpg,21.52080726623535
4983,/nas-ctm01/datasets/public/Oxford102Flowers/jpg/image_04984.jpg,image_04984.jpg,22.425134658813477
677,/nas-ctm01/datasets/public/Oxford102Flowers/jpg/image_00678.jpg,image_00678.jpg,20.828947067260742
6816,/nas-ctm01/datasets/public/Oxford102Flowers/jpg/image_06817.jpg,image_06817.jpg,22.610748291015625
5507,/nas-ctm01/datasets/public/Oxford102Flowers/jpg/image_05508.jpg,image_05508.jpg,23.54010009765625
3505,/nas-ctm01/datasets/public/Oxford102Flowers/jpg/image_03506.jpg,image_03506.jpg,21.770023345947266
3139,/nas-ctm01/datasets/public/Oxford102Flowers/jpg/image_03140.jpg,image_03140.jpg,21.923124313354492
5712,/nas-ctm01/datasets/public/Oxford102Flowers/jpg/image_05713.jpg,image_05713.jpg,23.26091957092285
7097,/nas-ctm01/datasets/public/Oxford102Flowers/jpg/image_07098.jpg,image_07098.jpg,22.029682159423828
2432,/nas-ctm01/datasets/public/Oxford102Flowers/jpg/image_02433.jpg,image_02433.jpg,21.338470458984375
7128,/nas-ctm01/datasets/public/Oxford102Flowers/jpg/image_07129.jpg,image_07129.jpg,21.177711486816406
6272,/nas-ctm01/datasets/public/Oxford102Flowers/jpg/image_06273.jpg,image_06273.jpg,21.26276206970215
6870,/nas-ctm01/datasets/public/Oxford102Flowers/jpg/image_06871.jpg,image_06871.jpg,22.021564483642578
7050,/nas-ctm01/datasets/public/Oxford102Flowers/jpg/image_07051.jpg,image_07051.jpg,21.79352569580078
6032,/nas-ctm01/datasets/public/Oxford102Flowers/jpg/image_06033.jpg,image_06033.jpg,20.894071578979492
4416,/nas-ctm01/datasets/public/Oxford102Flowers/jpg/image_04417.jpg,image_04417.jpg,21.30948257446289
1611,/nas-ctm01/datasets/public/Oxford102Flowers/jpg/image_01612.jpg,image_01612.jpg,23.301664352416992
5552,/nas-ctm01/datasets/public/Oxford102Flowers/jpg/image_05553.jpg,image_05553.jpg,21.027973175048828
3299,/nas-ctm01/datasets/public/Oxford102Flowers/jpg/image_03300.jpg,image_03300.jpg,24.29399299621582
3379,/nas-ctm01/datasets/public/Oxford102Flowers/jpg/image_03380.jpg,image_03380.jpg,20.9832820892334
2670,/nas-ctm01/datasets/public/Oxford102Flowers/jpg/image_02671.jpg,image_02671.jpg,22.326467514038086
7196,/nas-ctm01/datasets/public/Oxford102Flowers/jpg/image_07197.jpg,image_07197.jpg,20.77895164489746
6072,/nas-ctm01/datasets/public/Oxford102Flowers/jpg/image_06073.jpg,image_06073.jpg,23.449647903442383
7933,/nas-ctm01/datasets/public/Oxford102Flowers/jpg/image_07934.jpg,image_07934.jpg,21.361040115356445
605,/nas-ctm01/datasets/public/Oxford102Flowers/jpg/image_00606.jpg,image_00606.jpg,21.909107208251953
3274,/nas-ctm01/datasets/public/Oxford102Flowers/jpg/image_03275.jpg,image_03275.jpg,22.908458709716797
4101,/nas-ctm01/datasets/public/Oxford102Flowers/jpg/image_04102.jpg,image_04102.jpg,23.18227195739746
1468,/nas-ctm01/datasets/public/Oxford102Flowers/jpg/image_01469.jpg,image_01469.jpg,20.834041595458984
6877,/nas-ctm01/datasets/public/Oxford102Flowers/jpg/image_06878.jpg,image_06878.jpg,22.395648956298828
8153,/nas-ctm01/datasets/public/Oxford102Flowers/jpg/image_08154.jpg,image_08154.jpg,21.75487518310547
3916,/nas-ctm01/datasets/public/Oxford102Flowers/jpg/image_03917.jpg,image_03917.jpg,22.42690086364746
4343,/nas-ctm01/datasets/public/Oxford102Flowers/jpg/image_04344.jpg,image_04344.jpg,23.722518920898438
5427,/nas-ctm01/datasets/public/Oxford102Flowers/jpg/image_05428.jpg,image_05428.jpg,23.237634658813477
3948,/nas-ctm01/datasets/public/Oxford102Flowers/jpg/image_03949.jpg,image_03949.jpg,22.279903411865234
2155,/nas-ctm01/datasets/public/Oxford102Flowers/jpg/image_02156.jpg,image_02156.jpg,22.176034927368164
7781,/nas-ctm01/datasets/public/Oxford102Flowers/jpg/image_07782.jpg,image_07782.jpg,21.43562126159668
7839,/nas-ctm01/datasets/public/Oxford102Flowers/jpg/image_07840.jpg,image_07840.jpg,21.437803268432617
2077,/nas-ctm01/datasets/public/Oxford102Flowers/jpg/image_02078.jpg,image_02078.jpg,21.202041625976562
7337,/nas-ctm01/datasets/public/Oxford102Flowers/jpg/image_07338.jpg,image_07338.jpg,21.56861686706543
2925,/nas-ctm01/datasets/public/Oxford102Flowers/jpg/image_02926.jpg,image_02926.jpg,22.41383171081543
4664,/nas-ctm01/datasets/public/Oxford102Flowers/jpg/image_04665.jpg,image_04665.jpg,21.26457405090332
4880,/nas-ctm01/datasets/public/Oxford102Flowers/jpg/image_04881.jpg,image_04881.jpg,22.859943389892578
584,/nas-ctm01/datasets/public/Oxford102Flowers/jpg/image_00585.jpg,image_00585.jpg,21.98447608947754
3541,/nas-ctm01/datasets/public/Oxford102Flowers/jpg/image_03542.jpg,image_03542.jpg,21.181045532226562
5520,/nas-ctm01/datasets/public/Oxford102Flowers/jpg/image_05521.jpg,image_05521.jpg,22.6937198638916
3908,/nas-ctm01/datasets/public/Oxford102Flowers/jpg/image_03909.jpg,image_03909.jpg,24.063953399658203
2927,/nas-ctm01/datasets/public/Oxford102Flowers/jpg/image_02928.jpg,image_02928.jpg,22.101829528808594
6342,/nas-ctm01/datasets/public/Oxford102Flowers/jpg/image_06343.jpg,image_06343.jpg,23.290374755859375
5235,/nas-ctm01/datasets/public/Oxford102Flowers/jpg/image_05236.jpg,image_05236.jpg,20.853961944580078
6567,/nas-ctm01/datasets/public/Oxford102Flowers/jpg/image_06568.jpg,image_06568.jpg,21.546428680419922
6069,/nas-ctm01/datasets/public/Oxford102Flowers/jpg/image_06070.jpg,image_06070.jpg,23.883983612060547
3428,/nas-ctm01/datasets/public/Oxford102Flowers/jpg/image_03429.jpg,image_03429.jpg,21.06037712097168
3698,/nas-ctm01/datasets/public/Oxford102Flowers/jpg/image_03699.jpg,image_03699.jpg,21.45659065246582
7883,/nas-ctm01/datasets/public/Oxford102Flowers/jpg/image_07884.jpg,image_07884.jpg,22.306737899780273
2550,/nas-ctm01/datasets/public/Oxford102Flowers/jpg/image_02551.jpg,image_02551.jpg,21.71286392211914
5775,/nas-ctm01/datasets/public/Oxford102Flowers/jpg/image_05776.jpg,image_05776.jpg,23.35483741760254
344,/nas-ctm01/datasets/public/Oxford102Flowers/jpg/image_00345.jpg,image_00345.jpg,22.768766403198242
3076,/nas-ctm01/datasets/public/Oxford102Flowers/jpg/image_03077.jpg,image_03077.jpg,21.90947914123535
4743,/nas-ctm01/datasets/public/Oxford102Flowers/jpg/image_04744.jpg,image_04744.jpg,21.335865020751953
2706,/nas-ctm01/datasets/public/Oxford102Flowers/jpg/image_02707.jpg,image_02707.jpg,22.878421783447266
7684,/nas-ctm01/datasets/public/Oxford102Flowers/jpg/image_07685.jpg,image_07685.jpg,22.024145126342773
871,/nas-ctm01/datasets/public/Oxford102Flowers/jpg/image_00872.jpg,image_00872.jpg,21.428810119628906
6341,/nas-ctm01/datasets/public/Oxford102Flowers/jpg/image_06342.jpg,image_06342.jpg,22.58335304260254
7601,/nas-ctm01/datasets/public/Oxford102Flowers/jpg/image_07602.jpg,image_07602.jpg,23.550264358520508
2877,/nas-ctm01/datasets/public/Oxford102Flowers/jpg/image_02878.jpg,image_02878.jpg,22.050100326538086
90,/nas-ctm01/datasets/public/Oxford102Flowers/jpg/image_00091.jpg,image_00091.jpg,23.657304763793945
3949,/nas-ctm01/datasets/public/Oxford102Flowers/jpg/image_03950.jpg,image_03950.jpg,22.230714797973633
4326,/nas-ctm01/datasets/public/Oxford102Flowers/jpg/image_04327.jpg,image_04327.jpg,22.688400268554688
5589,/nas-ctm01/datasets/public/Oxford102Flowers/jpg/image_05590.jpg,image_05590.jpg,20.628143310546875
6067,/nas-ctm01/datasets/public/Oxford102Flowers/jpg/image_06068.jpg,image_06068.jpg,23.64769744873047
2117,/nas-ctm01/datasets/public/Oxford102Flowers/jpg/image_02118.jpg,image_02118.jpg,20.917306900024414
4338,/nas-ctm01/datasets/public/Oxford102Flowers/jpg/image_04339.jpg,image_04339.jpg,23.319774627685547
6222,/nas-ctm01/datasets/public/Oxford102Flowers/jpg/image_06223.jpg,image_06223.jpg,22.97756576538086
4691,/nas-ctm01/datasets/public/Oxford102Flowers/jpg/image_04692.jpg,image_04692.jpg,21.32784080505371
6551,/nas-ctm01/datasets/public/Oxford102Flowers/jpg/image_06552.jpg,image_06552.jpg,22.70953369140625
947,/nas-ctm01/datasets/public/Oxford102Flowers/jpg/image_00948.jpg,image_00948.jpg,20.633121490478516
6772,/nas-ctm01/datasets/public/Oxford102Flowers/jpg/image_06773.jpg,image_06773.jpg,19.983642578125
3320,/nas-ctm01/datasets/public/Oxford102Flowers/jpg/image_03321.jpg,image_03321.jpg,22.976036071777344
4342,/nas-ctm01/datasets/public/Oxford102Flowers/jpg/image_04343.jpg,image_04343.jpg,23.34718132019043
883,/nas-ctm01/datasets/public/Oxford102Flowers/jpg/image_00884.jpg,image_00884.jpg,22.108154296875
4742,/nas-ctm01/datasets/public/Oxford102Flowers/jpg/image_04743.jpg,image_04743.jpg,20.67224884033203
4147,/nas-ctm01/datasets/public/Oxford102Flowers/jpg/image_04148.jpg,image_04148.jpg,23.164613723754883
7329,/nas-ctm01/datasets/public/Oxford102Flowers/jpg/image_07330.jpg,image_07330.jpg,22.59139633178711
2984,/nas-ctm01/datasets/public/Oxford102Flowers/jpg/image_02985.jpg,image_02985.jpg,21.841337203979492
4269,/nas-ctm01/datasets/public/Oxford102Flowers/jpg/image_04270.jpg,image_04270.jpg,20.911788940429688
7506,/nas-ctm01/datasets/public/Oxford102Flowers/jpg/image_07507.jpg,image_07507.jpg,21.90837860107422
6049,/nas-ctm01/datasets/public/Oxford102Flowers/jpg/image_06050.jpg,image_06050.jpg,23.956878662109375
5473,/nas-ctm01/datasets/public/Oxford102Flowers/jpg/image_05474.jpg,image_05474.jpg,23.27397346496582
4886,/nas-ctm01/datasets/public/Oxford102Flowers/jpg/image_04887.jpg,image_04887.jpg,22.981752395629883
5458,/nas-ctm01/datasets/public/Oxford102Flowers/jpg/image_05459.jpg,image_05459.jpg,23.14659309387207
6191,/nas-ctm01/datasets/public/Oxford102Flowers/jpg/image_06192.jpg,image_06192.jpg,20.765911102294922
5748,/nas-ctm01/datasets/public/Oxford102Flowers/jpg/image_05749.jpg,image_05749.jpg,23.531753540039062
2415,/nas-ctm01/datasets/public/Oxford102Flowers/jpg/image_02416.jpg,image_02416.jpg,21.72439193725586
8091,/nas-ctm01/datasets/public/Oxford102Flowers/jpg/image_08092.jpg,image_08092.jpg,20.624738693237305
6211,/nas-ctm01/datasets/public/Oxford102Flowers/jpg/image_06212.jpg,image_06212.jpg,21.91978645324707
3422,/nas-ctm01/datasets/public/Oxford102Flowers/jpg/image_03423.jpg,image_03423.jpg,20.8587589263916
7946,/nas-ctm01/datasets/public/Oxford102Flowers/jpg/image_07947.jpg,image_07947.jpg,21.040565490722656
7920,/nas-ctm01/datasets/public/Oxford102Flowers/jpg/image_07921.jpg,image_07921.jpg,21.832963943481445
3012,/nas-ctm01/datasets/public/Oxford102Flowers/jpg/image_03013.jpg,image_03013.jpg,22.292877197265625
2398,/nas-ctm01/datasets/public/Oxford102Flowers/jpg/image_02399.jpg,image_02399.jpg,21.974302291870117
3907,/nas-ctm01/datasets/public/Oxford102Flowers/jpg/image_03908.jpg,image_03908.jpg,22.569887161254883
1710,/nas-ctm01/datasets/public/Oxford102Flowers/jpg/image_01711.jpg,image_01711.jpg,23.430505752563477
8150,/nas-ctm01/datasets/public/Oxford102Flowers/jpg/image_08151.jpg,image_08151.jpg,22.022546768188477
7075,/nas-ctm01/datasets/public/Oxford102Flowers/jpg/image_07076.jpg,image_07076.jpg,22.100278854370117
1186,/nas-ctm01/datasets/public/Oxford102Flowers/jpg/image_01187.jpg,image_01187.jpg,21.728126525878906
4001,/nas-ctm01/datasets/public/Oxford102Flowers/jpg/image_04002.jpg,image_04002.jpg,21.4101505279541
7863,/nas-ctm01/datasets/public/Oxford102Flowers/jpg/image_07864.jpg,image_07864.jpg,22.522676467895508
8034,/nas-ctm01/datasets/public/Oxford102Flowers/jpg/image_08035.jpg,image_08035.jpg,20.550138473510742
6232,/nas-ctm01/datasets/public/Oxford102Flowers/jpg/image_06233.jpg,image_06233.jpg,22.270069122314453
8005,/nas-ctm01/datasets/public/Oxford102Flowers/jpg/image_08006.jpg,image_08006.jpg,20.97611427307129
151,/nas-ctm01/datasets/public/Oxford102Flowers/jpg/image_00152.jpg,image_00152.jpg,23.59649658203125
915,/nas-ctm01/datasets/public/Oxford102Flowers/jpg/image_00916.jpg,image_00916.jpg,22.9074649810791
1305,/nas-ctm01/datasets/public/Oxford102Flowers/jpg/image_01306.jpg,image_01306.jpg,23.19355583190918
2968,/nas-ctm01/datasets/public/Oxford102Flowers/jpg/image_02969.jpg,image_02969.jpg,22.145275115966797
5899,/nas-ctm01/datasets/public/Oxford102Flowers/jpg/image_05900.jpg,image_05900.jpg,23.91579246520996
7530,/nas-ctm01/datasets/public/Oxford102Flowers/jpg/image_07531.jpg,image_07531.jpg,20.89639663696289
6375,/nas-ctm01/datasets/public/Oxford102Flowers/jpg/image_06376.jpg,image_06376.jpg,22.367570877075195
6952,/nas-ctm01/datasets/public/Oxford102Flowers/jpg/image_06953.jpg,image_06953.jpg,21.86589813232422
1398,/nas-ctm01/datasets/public/Oxford102Flowers/jpg/image_01399.jpg,image_01399.jpg,20.937408447265625
2519,/nas-ctm01/datasets/public/Oxford102Flowers/jpg/image_02520.jpg,image_02520.jpg,23.05060577392578
183,/nas-ctm01/datasets/public/Oxford102Flowers/jpg/image_00184.jpg,image_00184.jpg,23.032398223876953
6832,/nas-ctm01/datasets/public/Oxford102Flowers/jpg/image_06833.jpg,image_06833.jpg,22.109113693237305
3365,/nas-ctm01/datasets/public/Oxford102Flowers/jpg/image_03366.jpg,image_03366.jpg,23.178163528442383
3161,/nas-ctm01/datasets/public/Oxford102Flowers/jpg/image_03162.jpg,image_03162.jpg,20.83277130126953
2417,/nas-ctm01/datasets/public/Oxford102Flowers/jpg/image_02418.jpg,image_02418.jpg,22.16320037841797
471,/nas-ctm01/datasets/public/Oxford102Flowers/jpg/image_00472.jpg,image_00472.jpg,21.498014450073242
967,/nas-ctm01/datasets/public/Oxford102Flowers/jpg/image_00968.jpg,image_00968.jpg,21.7905216217041
5464,/nas-ctm01/datasets/public/Oxford102Flowers/jpg/image_05465.jpg,image_05465.jpg,23.119380950927734
5397,/nas-ctm01/datasets/public/Oxford102Flowers/jpg/image_05398.jpg,image_05398.jpg,20.790117263793945
2656,/nas-ctm01/datasets/public/Oxford102Flowers/jpg/image_02657.jpg,image_02657.jpg,22.90933609008789
209,/nas-ctm01/datasets/public/Oxford102Flowers/jpg/image_00210.jpg,image_00210.jpg,24.238933563232422
1961,/nas-ctm01/datasets/public/Oxford102Flowers/jpg/image_01962.jpg,image_01962.jpg,23.728683471679688
896,/nas-ctm01/datasets/public/Oxford102Flowers/jpg/image_00897.jpg,image_00897.jpg,22.016420364379883
6209,/nas-ctm01/datasets/public/Oxford102Flowers/jpg/image_06210.jpg,image_06210.jpg,21.977550506591797
3002,/nas-ctm01/datasets/public/Oxford102Flowers/jpg/image_03003.jpg,image_03003.jpg,20.69824981689453
5009,/nas-ctm01/datasets/public/Oxford102Flowers/jpg/image_05010.jpg,image_05010.jpg,22.734769821166992
1773,/nas-ctm01/datasets/public/Oxford102Flowers/jpg/image_01774.jpg,image_01774.jpg,24.17112159729004
4307,/nas-ctm01/datasets/public/Oxford102Flowers/jpg/image_04308.jpg,image_04308.jpg,21.012149810791016
2299,/nas-ctm01/datasets/public/Oxford102Flowers/jpg/image_02300.jpg,image_02300.jpg,22.547513961791992
1209,/nas-ctm01/datasets/public/Oxford102Flowers/jpg/image_01210.jpg,image_01210.jpg,22.505630493164062
4838,/nas-ctm01/datasets/public/Oxford102Flowers/jpg/image_04839.jpg,image_04839.jpg,23.00282096862793
4671,/nas-ctm01/datasets/public/Oxford102Flowers/jpg/image_04672.jpg,image_04672.jpg,20.462038040161133
1270,/nas-ctm01/datasets/public/Oxford102Flowers/jpg/image_01271.jpg,image_01271.jpg,22.719032287597656
1251,/nas-ctm01/datasets/public/Oxford102Flowers/jpg/image_01252.jpg,image_01252.jpg,22.27751350402832
3903,/nas-ctm01/datasets/public/Oxford102Flowers/jpg/image_03904.jpg,image_03904.jpg,23.6361083984375
5538,/nas-ctm01/datasets/public/Oxford102Flowers/jpg/image_05539.jpg,image_05539.jpg,21.78164291381836
3333,/nas-ctm01/datasets/public/Oxford102Flowers/jpg/image_03334.jpg,image_03334.jpg,23.625890731811523
4935,/nas-ctm01/datasets/public/Oxford102Flowers/jpg/image_04936.jpg,image_04936.jpg,23.743030548095703
4331,/nas-ctm01/datasets/public/Oxford102Flowers/jpg/image_04332.jpg,image_04332.jpg,22.80044937133789
292,/nas-ctm01/datasets/public/Oxford102Flowers/jpg/image_00293.jpg,image_00293.jpg,22.91551399230957
4450,/nas-ctm01/datasets/public/Oxford102Flowers/jpg/image_04451.jpg,image_04451.jpg,21.466474533081055
1051,/nas-ctm01/datasets/public/Oxford102Flowers/jpg/image_01052.jpg,image_01052.jpg,21.616844177246094
4003,/nas-ctm01/datasets/public/Oxford102Flowers/jpg/image_04004.jpg,image_04004.jpg,22.75743293762207
6460,/nas-ctm01/datasets/public/Oxford102Flowers/jpg/image_06461.jpg,image_06461.jpg,21.586864471435547
272,/nas-ctm01/datasets/public/Oxford102Flowers/jpg/image_00273.jpg,image_00273.jpg,23.12242317199707
2042,/nas-ctm01/datasets/public/Oxford102Flowers/jpg/image_02043.jpg,image_02043.jpg,23.254013061523438
5981,/nas-ctm01/datasets/public/Oxford102Flowers/jpg/image_05982.jpg,image_05982.jpg,21.973922729492188
4102,/nas-ctm01/datasets/public/Oxford102Flowers/jpg/image_04103.jpg,image_04103.jpg,23.252607345581055
3025,/nas-ctm01/datasets/public/Oxford102Flowers/jpg/image_03026.jpg,image_03026.jpg,22.383651733398438
3126,/nas-ctm01/datasets/public/Oxford102Flowers/jpg/image_03127.jpg,image_03127.jpg,21.4001522064209
1086,/nas-ctm01/datasets/public/Oxford102Flowers/jpg/image_01087.jpg,image_01087.jpg,21.04056167602539
5908,/nas-ctm01/datasets/public/Oxford102Flowers/jpg/image_05909.jpg,image_05909.jpg,23.586776733398438
3328,/nas-ctm01/datasets/public/Oxford102Flowers/jpg/image_03329.jpg,image_03329.jpg,23.039371490478516
5099,/nas-ctm01/datasets/public/Oxford102Flowers/jpg/image_05100.jpg,image_05100.jpg,22.323047637939453
7015,/nas-ctm01/datasets/public/Oxford102Flowers/jpg/image_07016.jpg,image_07016.jpg,20.174333572387695
6683,/nas-ctm01/datasets/public/Oxford102Flowers/jpg/image_06684.jpg,image_06684.jpg,21.00883674621582
6364,/nas-ctm01/datasets/public/Oxford102Flowers/jpg/image_06365.jpg,image_06365.jpg,21.947601318359375
7235,/nas-ctm01/datasets/public/Oxford102Flowers/jpg/image_07236.jpg,image_07236.jpg,20.54029655456543
5519,/nas-ctm01/datasets/public/Oxford102Flowers/jpg/image_05520.jpg,image_05520.jpg,22.84867286682129
5318,/nas-ctm01/datasets/public/Oxford102Flowers/jpg/image_05319.jpg,image_05319.jpg,21.220842361450195
3096,/nas-ctm01/datasets/public/Oxford102Flowers/jpg/image_03097.jpg,image_03097.jpg,21.58218765258789
2922,/nas-ctm01/datasets/public/Oxford102Flowers/jpg/image_02923.jpg,image_02923.jpg,22.00786018371582
4160,/nas-ctm01/datasets/public/Oxford102Flowers/jpg/image_04161.jpg,image_04161.jpg,21.913631439208984
613,/nas-ctm01/datasets/public/Oxford102Flowers/jpg/image_00614.jpg,image_00614.jpg,22.510366439819336
3353,/nas-ctm01/datasets/public/Oxford102Flowers/jpg/image_03354.jpg,image_03354.jpg,23.3942928314209
3951,/nas-ctm01/datasets/public/Oxford102Flowers/jpg/image_03952.jpg,image_03952.jpg,22.044536590576172
3529,/nas-ctm01/datasets/public/Oxford102Flowers/jpg/image_03530.jpg,image_03530.jpg,21.224102020263672
5857,/nas-ctm01/datasets/public/Oxford102Flowers/jpg/image_05858.jpg,image_05858.jpg,23.271488189697266
6321,/nas-ctm01/datasets/public/Oxford102Flowers/jpg/image_06322.jpg,image_06322.jpg,22.775646209716797
1748,/nas-ctm01/datasets/public/Oxford102Flowers/jpg/image_01749.jpg,image_01749.jpg,23.336856842041016
7383,/nas-ctm01/datasets/public/Oxford102Flowers/jpg/image_07384.jpg,image_07384.jpg,22.421470642089844
6267,/nas-ctm01/datasets/public/Oxford102Flowers/jpg/image_06268.jpg,image_06268.jpg,21.497058868408203
3316,/nas-ctm01/datasets/public/Oxford102Flowers/jpg/image_03317.jpg,image_03317.jpg,22.132902145385742
6793,/nas-ctm01/datasets/public/Oxford102Flowers/jpg/image_06794.jpg,image_06794.jpg,20.273889541625977
5118,/nas-ctm01/datasets/public/Oxford102Flowers/jpg/image_05119.jpg,image_05119.jpg,22.42273712158203
2662,/nas-ctm01/datasets/public/Oxford102Flowers/jpg/image_02663.jpg,image_02663.jpg,22.646520614624023
5020,/nas-ctm01/datasets/public/Oxford102Flowers/jpg/image_05021.jpg,image_05021.jpg,20.780197143554688
3785,/nas-ctm01/datasets/public/Oxford102Flowers/jpg/image_03786.jpg,image_03786.jpg,20.466371536254883
2154,/nas-ctm01/datasets/public/Oxford102Flowers/jpg/image_02155.jpg,image_02155.jpg,22.33003044128418
1344,/nas-ctm01/datasets/public/Oxford102Flowers/jpg/image_01345.jpg,image_01345.jpg,22.4822998046875
7914,/nas-ctm01/datasets/public/Oxford102Flowers/jpg/image_07915.jpg,image_07915.jpg,21.24687957763672
6152,/nas-ctm01/datasets/public/Oxford102Flowers/jpg/image_06153.jpg,image_06153.jpg,21.635835647583008
3985,/nas-ctm01/datasets/public/Oxford102Flowers/jpg/image_03986.jpg,image_03986.jpg,20.797788619995117
952,/nas-ctm01/datasets/public/Oxford102Flowers/jpg/image_00953.jpg,image_00953.jpg,21.399959564208984
3315,/nas-ctm01/datasets/public/Oxford102Flowers/jpg/image_03316.jpg,image_03316.jpg,22.03530502319336
1504,/nas-ctm01/datasets/public/Oxford102Flowers/jpg/image_01505.jpg,image_01505.jpg,24.41437530517578
3460,/nas-ctm01/datasets/public/Oxford102Flowers/jpg/image_03461.jpg,image_03461.jpg,22.47828483581543
8141,/nas-ctm01/datasets/public/Oxford102Flowers/jpg/image_08142.jpg,image_08142.jpg,21.02954864501953
5835,/nas-ctm01/datasets/public/Oxford102Flowers/jpg/image_05836.jpg,image_05836.jpg,22.354034423828125
1121,/nas-ctm01/datasets/public/Oxford102Flowers/jpg/image_01122.jpg,image_01122.jpg,21.172025680541992
4943,/nas-ctm01/datasets/public/Oxford102Flowers/jpg/image_04944.jpg,image_04944.jpg,23.20543098449707
7646,/nas-ctm01/datasets/public/Oxford102Flowers/jpg/image_07647.jpg,image_07647.jpg,22.756948471069336
3997,/nas-ctm01/datasets/public/Oxford102Flowers/jpg/image_03998.jpg,image_03998.jpg,21.24603843688965
6820,/nas-ctm01/datasets/public/Oxford102Flowers/jpg/image_06821.jpg,image_06821.jpg,20.75458335876465
7961,/nas-ctm01/datasets/public/Oxford102Flowers/jpg/image_07962.jpg,image_07962.jpg,21.531137466430664
5329,/nas-ctm01/datasets/public/Oxford102Flowers/jpg/image_05330.jpg,image_05330.jpg,22.062591552734375
3245,/nas-ctm01/datasets/public/Oxford102Flowers/jpg/image_03246.jpg,image_03246.jpg,22.27683448791504
416,/nas-ctm01/datasets/public/Oxford102Flowers/jpg/image_00417.jpg,image_00417.jpg,22.139440536499023
7328,/nas-ctm01/datasets/public/Oxford102Flowers/jpg/image_07329.jpg,image_07329.jpg,22.384462356567383
2431,/nas-ctm01/datasets/public/Oxford102Flowers/jpg/image_02432.jpg,image_02432.jpg,22.362646102905273
5398,/nas-ctm01/datasets/public/Oxford102Flowers/jpg/image_05399.jpg,image_05399.jpg,23.139066696166992
564,/nas-ctm01/datasets/public/Oxford102Flowers/jpg/image_00565.jpg,image_00565.jpg,21.35365104675293
2526,/nas-ctm01/datasets/public/Oxford102Flowers/jpg/image_02527.jpg,image_02527.jpg,22.773578643798828
1224,/nas-ctm01/datasets/public/Oxford102Flowers/jpg/image_01225.jpg,image_01225.jpg,22.112716674804688
142,/nas-ctm01/datasets/public/Oxford102Flowers/jpg/image_00143.jpg,image_00143.jpg,23.31914520263672
3979,/nas-ctm01/datasets/public/Oxford102Flowers/jpg/image_03980.jpg,image_03980.jpg,21.809476852416992
1490,/nas-ctm01/datasets/public/Oxford102Flowers/jpg/image_01491.jpg,image_01491.jpg,24.213979721069336
7935,/nas-ctm01/datasets/public/Oxford102Flowers/jpg/image_07936.jpg,image_07936.jpg,22.11571502685547
4527,/nas-ctm01/datasets/public/Oxford102Flowers/jpg/image_04528.jpg,image_04528.jpg,20.939956665039062
4796,/nas-ctm01/datasets/public/Oxford102Flowers/jpg/image_04797.jpg,image_04797.jpg,21.724754333496094
2653,/nas-ctm01/datasets/public/Oxford102Flowers/jpg/image_02654.jpg,image_02654.jpg,21.72809600830078
2004,/nas-ctm01/datasets/public/Oxford102Flowers/jpg/image_02005.jpg,image_02005.jpg,22.864831924438477
1194,/nas-ctm01/datasets/public/Oxford102Flowers/jpg/image_01195.jpg,image_01195.jpg,22.593494415283203
3000,/nas-ctm01/datasets/public/Oxford102Flowers/jpg/image_03001.jpg,image_03001.jpg,22.368864059448242
3437,/nas-ctm01/datasets/public/Oxford102Flowers/jpg/image_03438.jpg,image_03438.jpg,21.241024017333984
1756,/nas-ctm01/datasets/public/Oxford102Flowers/jpg/image_01757.jpg,image_01757.jpg,23.598804473876953
497,/nas-ctm01/datasets/public/Oxford102Flowers/jpg/image_00498.jpg,image_00498.jpg,20.450862884521484
2818,/nas-ctm01/datasets/public/Oxford102Flowers/jpg/image_02819.jpg,image_02819.jpg,21.961477279663086
7907,/nas-ctm01/datasets/public/Oxford102Flowers/jpg/image_07908.jpg,image_07908.jpg,21.69196891784668
8000,/nas-ctm01/datasets/public/Oxford102Flowers/jpg/image_08001.jpg,image_08001.jpg,21.48442840576172
912,/nas-ctm01/datasets/public/Oxford102Flowers/jpg/image_00913.jpg,image_00913.jpg,22.10009002685547
721,/nas-ctm01/datasets/public/Oxford102Flowers/jpg/image_00722.jpg,image_00722.jpg,20.94145965576172
6935,/nas-ctm01/datasets/public/Oxford102Flowers/jpg/image_06936.jpg,image_06936.jpg,22.04201889038086
4442,/nas-ctm01/datasets/public/Oxford102Flowers/jpg/image_04443.jpg,image_04443.jpg,21.803119659423828
1496,/nas-ctm01/datasets/public/Oxford102Flowers/jpg/image_01497.jpg,image_01497.jpg,24.464004516601562
7023,/nas-ctm01/datasets/public/Oxford102Flowers/jpg/image_07024.jpg,image_07024.jpg,21.538105010986328
1520,/nas-ctm01/datasets/public/Oxford102Flowers/jpg/image_01521.jpg,image_01521.jpg,24.695507049560547
7305,/nas-ctm01/datasets/public/Oxford102Flowers/jpg/image_07306.jpg,image_07306.jpg,22.40443992614746
2746,/nas-ctm01/datasets/public/Oxford102Flowers/jpg/image_02747.jpg,image_02747.jpg,22.106414794921875
7112,/nas-ctm01/datasets/public/Oxford102Flowers/jpg/image_07113.jpg,image_07113.jpg,20.920358657836914
4060,/nas-ctm01/datasets/public/Oxford102Flowers/jpg/image_04061.jpg,image_04061.jpg,21.26259994506836
6354,/nas-ctm01/datasets/public/Oxford102Flowers/jpg/image_06355.jpg,image_06355.jpg,21.684995651245117
6594,/nas-ctm01/datasets/public/Oxford102Flowers/jpg/image_06595.jpg,image_06595.jpg,22.511085510253906
108,/nas-ctm01/datasets/public/Oxford102Flowers/jpg/image_00109.jpg,image_00109.jpg,23.19710350036621
1754,/nas-ctm01/datasets/public/Oxford102Flowers/jpg/image_01755.jpg,image_01755.jpg,22.99399185180664
7007,/nas-ctm01/datasets/public/Oxford102Flowers/jpg/image_07008.jpg,image_07008.jpg,20.610925674438477
1351,/nas-ctm01/datasets/public/Oxford102Flowers/jpg/image_01352.jpg,image_01352.jpg,21.67496109008789
4626,/nas-ctm01/datasets/public/Oxford102Flowers/jpg/image_04627.jpg,image_04627.jpg,22.05608367919922
4541,/nas-ctm01/datasets/public/Oxford102Flowers/jpg/image_04542.jpg,image_04542.jpg,20.239362716674805
3661,/nas-ctm01/datasets/public/Oxford102Flowers/jpg/image_03662.jpg,image_03662.jpg,20.452821731567383
1973,/nas-ctm01/datasets/public/Oxford102Flowers/jpg/image_01974.jpg,image_01974.jpg,22.448200225830078
336,/nas-ctm01/datasets/public/Oxford102Flowers/jpg/image_00337.jpg,image_00337.jpg,22.37939453125
2764,/nas-ctm01/datasets/public/Oxford102Flowers/jpg/image_02765.jpg,image_02765.jpg,21.51442527770996
7744,/nas-ctm01/datasets/public/Oxford102Flowers/jpg/image_07745.jpg,image_07745.jpg,21.176151275634766
5771,/nas-ctm01/datasets/public/Oxford102Flowers/jpg/image_05772.jpg,image_05772.jpg,23.908193588256836
3550,/nas-ctm01/datasets/public/Oxford102Flowers/jpg/image_03551.jpg,image_03551.jpg,21.833311080932617
7246,/nas-ctm01/datasets/public/Oxford102Flowers/jpg/image_07247.jpg,image_07247.jpg,19.842670440673828
3154,/nas-ctm01/datasets/public/Oxford102Flowers/jpg/image_03155.jpg,image_03155.jpg,21.816286087036133
3070,/nas-ctm01/datasets/public/Oxford102Flowers/jpg/image_03071.jpg,image_03071.jpg,21.361387252807617
5820,/nas-ctm01/datasets/public/Oxford102Flowers/jpg/image_05821.jpg,image_05821.jpg,22.97725486755371
724,/nas-ctm01/datasets/public/Oxford102Flowers/jpg/image_00725.jpg,image_00725.jpg,21.517131805419922
765,/nas-ctm01/datasets/public/Oxford102Flowers/jpg/image_00766.jpg,image_00766.jpg,20.030345916748047
4441,/nas-ctm01/datasets/public/Oxford102Flowers/jpg/image_04442.jpg,image_04442.jpg,21.453699111938477
4048,/nas-ctm01/datasets/public/Oxford102Flowers/jpg/image_04049.jpg,image_04049.jpg,21.996395111083984
5349,/nas-ctm01/datasets/public/Oxford102Flowers/jpg/image_05350.jpg,image_05350.jpg,21.34941864013672
307,/nas-ctm01/datasets/public/Oxford102Flowers/jpg/image_00308.jpg,image_00308.jpg,22.639827728271484
1278,/nas-ctm01/datasets/public/Oxford102Flowers/jpg/image_01279.jpg,image_01279.jpg,22.87251853942871
348,/nas-ctm01/datasets/public/Oxford102Flowers/jpg/image_00349.jpg,image_00349.jpg,23.206457138061523
3912,/nas-ctm01/datasets/public/Oxford102Flowers/jpg/image_03913.jpg,image_03913.jpg,22.563547134399414
7067,/nas-ctm01/datasets/public/Oxford102Flowers/jpg/image_07068.jpg,image_07068.jpg,22.101030349731445
3441,/nas-ctm01/datasets/public/Oxford102Flowers/jpg/image_03442.jpg,image_03442.jpg,20.571964263916016
7423,/nas-ctm01/datasets/public/Oxford102Flowers/jpg/image_07424.jpg,image_07424.jpg,22.203353881835938
1791,/nas-ctm01/datasets/public/Oxford102Flowers/jpg/image_01792.jpg,image_01792.jpg,24.301204681396484
4262,/nas-ctm01/datasets/public/Oxford102Flowers/jpg/image_04263.jpg,image_04263.jpg,21.8626766204834
3837,/nas-ctm01/datasets/public/Oxford102Flowers/jpg/image_03838.jpg,image_03838.jpg,24.013349533081055
5774,/nas-ctm01/datasets/public/Oxford102Flowers/jpg/image_05775.jpg,image_05775.jpg,23.558252334594727
2053,/nas-ctm01/datasets/public/Oxford102Flowers/jpg/image_02054.jpg,image_02054.jpg,22.617883682250977
3781,/nas-ctm01/datasets/public/Oxford102Flowers/jpg/image_03782.jpg,image_03782.jpg,20.830930709838867
5583,/nas-ctm01/datasets/public/Oxford102Flowers/jpg/image_05584.jpg,image_05584.jpg,21.363004684448242
71,/nas-ctm01/datasets/public/Oxford102Flowers/jpg/image_00072.jpg,image_00072.jpg,24.20793914794922
4031,/nas-ctm01/datasets/public/Oxford102Flowers/jpg/image_04032.jpg,image_04032.jpg,21.686172485351562
2759,/nas-ctm01/datasets/public/Oxford102Flowers/jpg/image_02760.jpg,image_02760.jpg,22.549028396606445
7295,/nas-ctm01/datasets/public/Oxford102Flowers/jpg/image_07296.jpg,image_07296.jpg,20.557586669921875
6849,/nas-ctm01/datasets/public/Oxford102Flowers/jpg/image_06850.jpg,image_06850.jpg,21.228195190429688
7265,/nas-ctm01/datasets/public/Oxford102Flowers/jpg/image_07266.jpg,image_07266.jpg,20.60519790649414
4228,/nas-ctm01/datasets/public/Oxford102Flowers/jpg/image_04229.jpg,image_04229.jpg,22.111003875732422
5462,/nas-ctm01/datasets/public/Oxford102Flowers/jpg/image_05463.jpg,image_05463.jpg,23.08342933654785
6499,/nas-ctm01/datasets/public/Oxford102Flowers/jpg/image_06500.jpg,image_06500.jpg,23.042116165161133
1260,/nas-ctm01/datasets/public/Oxford102Flowers/jpg/image_01261.jpg,image_01261.jpg,21.948091506958008
1666,/nas-ctm01/datasets/public/Oxford102Flowers/jpg/image_01667.jpg,image_01667.jpg,23.936925888061523
7817,/nas-ctm01/datasets/public/Oxford102Flowers/jpg/image_07818.jpg,image_07818.jpg,21.638336181640625
7109,/nas-ctm01/datasets/public/Oxford102Flowers/jpg/image_07110.jpg,image_07110.jpg,22.91729736328125
4353,/nas-ctm01/datasets/public/Oxford102Flowers/jpg/image_04354.jpg,image_04354.jpg,22.452392578125
3214,/nas-ctm01/datasets/public/Oxford102Flowers/jpg/image_03215.jpg,image_03215.jpg,23.006603240966797
2167,/nas-ctm01/datasets/public/Oxford102Flowers/jpg/image_02168.jpg,image_02168.jpg,21.091466903686523
7796,/nas-ctm01/datasets/public/Oxford102Flowers/jpg/image_07797.jpg,image_07797.jpg,21.34465980529785
2533,/nas-ctm01/datasets/public/Oxford102Flowers/jpg/image_02534.jpg,image_02534.jpg,22.631208419799805
1695,/nas-ctm01/datasets/public/Oxford102Flowers/jpg/image_01696.jpg,image_01696.jpg,23.8988094329834
1095,/nas-ctm01/datasets/public/Oxford102Flowers/jpg/image_01096.jpg,image_01096.jpg,21.232707977294922
6165,/nas-ctm01/datasets/public/Oxford102Flowers/jpg/image_06166.jpg,image_06166.jpg,21.587648391723633
6000,/nas-ctm01/datasets/public/Oxford102Flowers/jpg/image_06001.jpg,image_06001.jpg,21.920509338378906
3918,/nas-ctm01/datasets/public/Oxford102Flowers/jpg/image_03919.jpg,image_03919.jpg,22.382360458374023
1630,/nas-ctm01/datasets/public/Oxford102Flowers/jpg/image_01631.jpg,image_01631.jpg,23.802927017211914
5019,/nas-ctm01/datasets/public/Oxford102Flowers/jpg/image_05020.jpg,image_05020.jpg,21.742027282714844
1881,/nas-ctm01/datasets/public/Oxford102Flowers/jpg/image_01882.jpg,image_01882.jpg,21.804887771606445
5448,/nas-ctm01/datasets/public/Oxford102Flowers/jpg/image_05449.jpg,image_05449.jpg,20.63201904296875
7945,/nas-ctm01/datasets/public/Oxford102Flowers/jpg/image_07946.jpg,image_07946.jpg,20.929399490356445
1612,/nas-ctm01/datasets/public/Oxford102Flowers/jpg/image_01613.jpg,image_01613.jpg,23.955110549926758
978,/nas-ctm01/datasets/public/Oxford102Flowers/jpg/image_00979.jpg,image_00979.jpg,21.395523071289062
1413,/nas-ctm01/datasets/public/Oxford102Flowers/jpg/image_01414.jpg,image_01414.jpg,21.155580520629883
5829,/nas-ctm01/datasets/public/Oxford102Flowers/jpg/image_05830.jpg,image_05830.jpg,23.26490020751953
3475,/nas-ctm01/datasets/public/Oxford102Flowers/jpg/image_03476.jpg,image_03476.jpg,22.871681213378906
848,/nas-ctm01/datasets/public/Oxford102Flowers/jpg/image_00849.jpg,image_00849.jpg,23.165361404418945
3941,/nas-ctm01/datasets/public/Oxford102Flowers/jpg/image_03942.jpg,image_03942.jpg,21.018239974975586
3827,/nas-ctm01/datasets/public/Oxford102Flowers/jpg/image_03828.jpg,image_03828.jpg,23.32082176208496
2271,/nas-ctm01/datasets/public/Oxford102Flowers/jpg/image_02272.jpg,image_02272.jpg,21.404027938842773
2392,/nas-ctm01/datasets/public/Oxford102Flowers/jpg/image_02393.jpg,image_02393.jpg,21.978050231933594
6464,/nas-ctm01/datasets/public/Oxford102Flowers/jpg/image_06465.jpg,image_06465.jpg,21.508575439453125
1830,/nas-ctm01/datasets/public/Oxford102Flowers/jpg/image_01831.jpg,image_01831.jpg,24.516508102416992
3023,/nas-ctm01/datasets/public/Oxford102Flowers/jpg/image_03024.jpg,image_03024.jpg,21.940174102783203
47,/nas-ctm01/datasets/public/Oxford102Flowers/jpg/image_00048.jpg,image_00048.jpg,23.949813842773438
4304,/nas-ctm01/datasets/public/Oxford102Flowers/jpg/image_04305.jpg,image_04305.jpg,21.956623077392578
4461,/nas-ctm01/datasets/public/Oxford102Flowers/jpg/image_04462.jpg,image_04462.jpg,21.806983947753906
1350,/nas-ctm01/datasets/public/Oxford102Flowers/jpg/image_01351.jpg,image_01351.jpg,22.06569480895996
7624,/nas-ctm01/datasets/public/Oxford102Flowers/jpg/image_07625.jpg,image_07625.jpg,22.956071853637695
3221,/nas-ctm01/datasets/public/Oxford102Flowers/jpg/image_03222.jpg,image_03222.jpg,22.33185386657715
446,/nas-ctm01/datasets/public/Oxford102Flowers/jpg/image_00447.jpg,image_00447.jpg,22.243867874145508
2248,/nas-ctm01/datasets/public/Oxford102Flowers/jpg/image_02249.jpg,image_02249.jpg,23.328519821166992
1743,/nas-ctm01/datasets/public/Oxford102Flowers/jpg/image_01744.jpg,image_01744.jpg,24.03066635131836
844,/nas-ctm01/datasets/public/Oxford102Flowers/jpg/image_00845.jpg,image_00845.jpg,22.21613883972168
4302,/nas-ctm01/datasets/public/Oxford102Flowers/jpg/image_04303.jpg,image_04303.jpg,22.290470123291016
3017,/nas-ctm01/datasets/public/Oxford102Flowers/jpg/image_03018.jpg,image_03018.jpg,22.139493942260742
4381,/nas-ctm01/datasets/public/Oxford102Flowers/jpg/image_04382.jpg,image_04382.jpg,22.674657821655273
2440,/nas-ctm01/datasets/public/Oxford102Flowers/jpg/image_02441.jpg,image_02441.jpg,22.00070571899414
678,/nas-ctm01/datasets/public/Oxford102Flowers/jpg/image_00679.jpg,image_00679.jpg,20.87788200378418
6328,/nas-ctm01/datasets/public/Oxford102Flowers/jpg/image_06329.jpg,image_06329.jpg,23.10239028930664
4608,/nas-ctm01/datasets/public/Oxford102Flowers/jpg/image_04609.jpg,image_04609.jpg,22.37044906616211
1294,/nas-ctm01/datasets/public/Oxford102Flowers/jpg/image_01295.jpg,image_01295.jpg,22.22587776184082
2885,/nas-ctm01/datasets/public/Oxford102Flowers/jpg/image_02886.jpg,image_02886.jpg,21.39359474182129
4019,/nas-ctm01/datasets/public/Oxford102Flowers/jpg/image_04020.jpg,image_04020.jpg,22.075870513916016
4638,/nas-ctm01/datasets/public/Oxford102Flowers/jpg/image_04639.jpg,image_04639.jpg,21.408573150634766
7652,/nas-ctm01/datasets/public/Oxford102Flowers/jpg/image_07653.jpg,image_07653.jpg,22.583141326904297
5978,/nas-ctm01/datasets/public/Oxford102Flowers/jpg/image_05979.jpg,image_05979.jpg,22.511621475219727
4898,/nas-ctm01/datasets/public/Oxford102Flowers/jpg/image_04899.jpg,image_04899.jpg,23.721759796142578
1112,/nas-ctm01/datasets/public/Oxford102Flowers/jpg/image_01113.jpg,image_01113.jpg,21.57910919189453
2905,/nas-ctm01/datasets/public/Oxford102Flowers/jpg/image_02906.jpg,image_02906.jpg,22.880756378173828
776,/nas-ctm01/datasets/public/Oxford102Flowers/jpg/image_00777.jpg,image_00777.jpg,22.82969093322754
7743,/nas-ctm01/datasets/public/Oxford102Flowers/jpg/image_07744.jpg,image_07744.jpg,21.219751358032227
2231,/nas-ctm01/datasets/public/Oxford102Flowers/jpg/image_02232.jpg,image_02232.jpg,21.833662033081055
2228,/nas-ctm01/datasets/public/Oxford102Flowers/jpg/image_02229.jpg,image_02229.jpg,21.77634048461914
2153,/nas-ctm01/datasets/public/Oxford102Flowers/jpg/image_02154.jpg,image_02154.jpg,22.542573928833008
5574,/nas-ctm01/datasets/public/Oxford102Flowers/jpg/image_05575.jpg,image_05575.jpg,21.709733963012695
7885,/nas-ctm01/datasets/public/Oxford102Flowers/jpg/image_07886.jpg,image_07886.jpg,21.283767700195312
3209,/nas-ctm01/datasets/public/Oxford102Flowers/jpg/image_03210.jpg,image_03210.jpg,22.6151065826416
7411,/nas-ctm01/datasets/public/Oxford102Flowers/jpg/image_07412.jpg,image_07412.jpg,22.054061889648438
1366,/nas-ctm01/datasets/public/Oxford102Flowers/jpg/image_01367.jpg,image_01367.jpg,21.50519371032715
1469,/nas-ctm01/datasets/public/Oxford102Flowers/jpg/image_01470.jpg,image_01470.jpg,21.488697052001953
1851,/nas-ctm01/datasets/public/Oxford102Flowers/jpg/image_01852.jpg,image_01852.jpg,24.19506072998047
1963,/nas-ctm01/datasets/public/Oxford102Flowers/jpg/image_01964.jpg,image_01964.jpg,23.02505111694336
5516,/nas-ctm01/datasets/public/Oxford102Flowers/jpg/image_05517.jpg,image_05517.jpg,22.825292587280273
4912,/nas-ctm01/datasets/public/Oxford102Flowers/jpg/image_04913.jpg,image_04913.jpg,23.74705696105957
5041,/nas-ctm01/datasets/public/Oxford102Flowers/jpg/image_05042.jpg,image_05042.jpg,21.347379684448242
7834,/nas-ctm01/datasets/public/Oxford102Flowers/jpg/image_07835.jpg,image_07835.jpg,22.331031799316406
485,/nas-ctm01/datasets/public/Oxford102Flowers/jpg/image_00486.jpg,image_00486.jpg,21.563791275024414
2239,/nas-ctm01/datasets/public/Oxford102Flowers/jpg/image_02240.jpg,image_02240.jpg,20.7137508392334
7058,/nas-ctm01/datasets/public/Oxford102Flowers/jpg/image_07059.jpg,image_07059.jpg,21.713987350463867
4586,/nas-ctm01/datasets/public/Oxford102Flowers/jpg/image_04587.jpg,image_04587.jpg,21.62803840637207
4567,/nas-ctm01/datasets/public/Oxford102Flowers/jpg/image_04568.jpg,image_04568.jpg,22.007448196411133
8002,/nas-ctm01/datasets/public/Oxford102Flowers/jpg/image_08003.jpg,image_08003.jpg,21.350051879882812
30,/nas-ctm01/datasets/public/Oxford102Flowers/jpg/image_00031.jpg,image_00031.jpg,24.231361389160156
4108,/nas-ctm01/datasets/public/Oxford102Flowers/jpg/image_04109.jpg,image_04109.jpg,22.605348587036133
1879,/nas-ctm01/datasets/public/Oxford102Flowers/jpg/image_01880.jpg,image_01880.jpg,23.180259704589844
5945,/nas-ctm01/datasets/public/Oxford102Flowers/jpg/image_05946.jpg,image_05946.jpg,23.58365249633789
7951,/nas-ctm01/datasets/public/Oxford102Flowers/jpg/image_07952.jpg,image_07952.jpg,20.917463302612305
3263,/nas-ctm01/datasets/public/Oxford102Flowers/jpg/image_03264.jpg,image_03264.jpg,22.83339500427246
3552,/nas-ctm01/datasets/public/Oxford102Flowers/jpg/image_03553.jpg,image_03553.jpg,22.103099822998047
5292,/nas-ctm01/datasets/public/Oxford102Flowers/jpg/image_05293.jpg,image_05293.jpg,21.411630630493164
5607,/nas-ctm01/datasets/public/Oxford102Flowers/jpg/image_05608.jpg,image_05608.jpg,20.87360954284668
1036,/nas-ctm01/datasets/public/Oxford102Flowers/jpg/image_01037.jpg,image_01037.jpg,21.631406784057617
636,/nas-ctm01/datasets/public/Oxford102Flowers/jpg/image_00637.jpg,image_00637.jpg,20.784351348876953
7648,/nas-ctm01/datasets/public/Oxford102Flowers/jpg/image_07649.jpg,image_07649.jpg,22.012651443481445
7316,/nas-ctm01/datasets/public/Oxford102Flowers/jpg/image_07317.jpg,image_07317.jpg,22.59610366821289
1083,/nas-ctm01/datasets/public/Oxford102Flowers/jpg/image_01084.jpg,image_01084.jpg,21.024803161621094
2615,/nas-ctm01/datasets/public/Oxford102Flowers/jpg/image_02616.jpg,image_02616.jpg,23.42825698852539
861,/nas-ctm01/datasets/public/Oxford102Flowers/jpg/image_00862.jpg,image_00862.jpg,22.92337989807129
4525,/nas-ctm01/datasets/public/Oxford102Flowers/jpg/image_04526.jpg,image_04526.jpg,21.082008361816406
903,/nas-ctm01/datasets/public/Oxford102Flowers/jpg/image_00904.jpg,image_00904.jpg,22.67521095275879
3842,/nas-ctm01/datasets/public/Oxford102Flowers/jpg/image_03843.jpg,image_03843.jpg,24.225391387939453
109,/nas-ctm01/datasets/public/Oxford102Flowers/jpg/image_00110.jpg,image_00110.jpg,23.975685119628906
7872,/nas-ctm01/datasets/public/Oxford102Flowers/jpg/image_07873.jpg,image_07873.jpg,22.175769805908203
5224,/nas-ctm01/datasets/public/Oxford102Flowers/jpg/image_05225.jpg,image_05225.jpg,21.15393829345703
3406,/nas-ctm01/datasets/public/Oxford102Flowers/jpg/image_03407.jpg,image_03407.jpg,20.84434700012207
4151,/nas-ctm01/datasets/public/Oxford102Flowers/jpg/image_04152.jpg,image_04152.jpg,24.009693145751953
6869,/nas-ctm01/datasets/public/Oxford102Flowers/jpg/image_06870.jpg,image_06870.jpg,22.632919311523438
3006,/nas-ctm01/datasets/public/Oxford102Flowers/jpg/image_03007.jpg,image_03007.jpg,22.13568878173828
6018,/nas-ctm01/datasets/public/Oxford102Flowers/jpg/image_06019.jpg,image_06019.jpg,20.61313819885254
1831,/nas-ctm01/datasets/public/Oxford102Flowers/jpg/image_01832.jpg,image_01832.jpg,23.985496520996094
6672,/nas-ctm01/datasets/public/Oxford102Flowers/jpg/image_06673.jpg,image_06673.jpg,20.88594627380371
7645,/nas-ctm01/datasets/public/Oxford102Flowers/jpg/image_07646.jpg,image_07646.jpg,22.609025955200195
782,/nas-ctm01/datasets/public/Oxford102Flowers/jpg/image_00783.jpg,image_00783.jpg,23.150684356689453
7986,/nas-ctm01/datasets/public/Oxford102Flowers/jpg/image_07987.jpg,image_07987.jpg,21.670351028442383
5049,/nas-ctm01/datasets/public/Oxford102Flowers/jpg/image_05050.jpg,image_05050.jpg,20.662317276000977
7103,/nas-ctm01/datasets/public/Oxford102Flowers/jpg/image_07104.jpg,image_07104.jpg,22.33942985534668
3749,/nas-ctm01/datasets/public/Oxford102Flowers/jpg/image_03750.jpg,image_03750.jpg,20.716053009033203
2955,/nas-ctm01/datasets/public/Oxford102Flowers/jpg/image_02956.jpg,image_02956.jpg,22.657699584960938
3861,/nas-ctm01/datasets/public/Oxford102Flowers/jpg/image_03862.jpg,image_03862.jpg,24.232614517211914
1825,/nas-ctm01/datasets/public/Oxford102Flowers/jpg/image_01826.jpg,image_01826.jpg,23.29697608947754
2617,/nas-ctm01/datasets/public/Oxford102Flowers/jpg/image_02618.jpg,image_02618.jpg,21.458219528198242
5650,/nas-ctm01/datasets/public/Oxford102Flowers/jpg/image_05651.jpg,image_05651.jpg,20.774118423461914
1094,/nas-ctm01/datasets/public/Oxford102Flowers/jpg/image_01095.jpg,image_01095.jpg,21.430570602416992
6785,/nas-ctm01/datasets/public/Oxford102Flowers/jpg/image_06786.jpg,image_06786.jpg,20.952800750732422
7038,/nas-ctm01/datasets/public/Oxford102Flowers/jpg/image_07039.jpg,image_07039.jpg,20.9268741607666
3534,/nas-ctm01/datasets/public/Oxford102Flowers/jpg/image_03535.jpg,image_03535.jpg,20.60484504699707
5649,/nas-ctm01/datasets/public/Oxford102Flowers/jpg/image_05650.jpg,image_05650.jpg,20.546463012695312
3477,/nas-ctm01/datasets/public/Oxford102Flowers/jpg/image_03478.jpg,image_03478.jpg,22.587478637695312
6188,/nas-ctm01/datasets/public/Oxford102Flowers/jpg/image_06189.jpg,image_06189.jpg,20.467735290527344
2996,/nas-ctm01/datasets/public/Oxford102Flowers/jpg/image_02997.jpg,image_02997.jpg,21.531692504882812
1654,/nas-ctm01/datasets/public/Oxford102Flowers/jpg/image_01655.jpg,image_01655.jpg,24.117074966430664
7965,/nas-ctm01/datasets/public/Oxford102Flowers/jpg/image_07966.jpg,image_07966.jpg,20.796606063842773
7501,/nas-ctm01/datasets/public/Oxford102Flowers/jpg/image_07502.jpg,image_07502.jpg,23.338407516479492
2323,/nas-ctm01/datasets/public/Oxford102Flowers/jpg/image_02324.jpg,image_02324.jpg,21.63259506225586
2413,/nas-ctm01/datasets/public/Oxford102Flowers/jpg/image_02414.jpg,image_02414.jpg,22.23106575012207
6276,/nas-ctm01/datasets/public/Oxford102Flowers/jpg/image_06277.jpg,image_06277.jpg,20.954627990722656
2654,/nas-ctm01/datasets/public/Oxford102Flowers/jpg/image_02655.jpg,image_02655.jpg,22.886356353759766
5113,/nas-ctm01/datasets/public/Oxford102Flowers/jpg/image_05114.jpg,image_05114.jpg,22.319923400878906
7867,/nas-ctm01/datasets/public/Oxford102Flowers/jpg/image_07868.jpg,image_07868.jpg,21.02518081665039
2678,/nas-ctm01/datasets/public/Oxford102Flowers/jpg/image_02679.jpg,image_02679.jpg,21.93013572692871
4640,/nas-ctm01/datasets/public/Oxford102Flowers/jpg/image_04641.jpg,image_04641.jpg,21.634450912475586
5335,/nas-ctm01/datasets/public/Oxford102Flowers/jpg/image_05336.jpg,image_05336.jpg,21.88726806640625
3377,/nas-ctm01/datasets/public/Oxford102Flowers/jpg/image_03378.jpg,image_03378.jpg,20.769065856933594
7262,/nas-ctm01/datasets/public/Oxford102Flowers/jpg/image_07263.jpg,image_07263.jpg,20.43033218383789
4618,/nas-ctm01/datasets/public/Oxford102Flowers/jpg/image_04619.jpg,image_04619.jpg,21.863815307617188
178,/nas-ctm01/datasets/public/Oxford102Flowers/jpg/image_00179.jpg,image_00179.jpg,23.210412979125977
3412,/nas-ctm01/datasets/public/Oxford102Flowers/jpg/image_03413.jpg,image_03413.jpg,21.117990493774414
3946,/nas-ctm01/datasets/public/Oxford102Flowers/jpg/image_03947.jpg,image_03947.jpg,21.09942626953125
4328,/nas-ctm01/datasets/public/Oxford102Flowers/jpg/image_04329.jpg,image_04329.jpg,22.52113914489746
1204,/nas-ctm01/datasets/public/Oxford102Flowers/jpg/image_01205.jpg,image_01205.jpg,22.218547821044922
2202,/nas-ctm01/datasets/public/Oxford102Flowers/jpg/image_02203.jpg,image_02203.jpg,22.053564071655273
5677,/nas-ctm01/datasets/public/Oxford102Flowers/jpg/image_05678.jpg,image_05678.jpg,23.676273345947266
6641,/nas-ctm01/datasets/public/Oxford102Flowers/jpg/image_06642.jpg,image_06642.jpg,21.11827278137207
6317,/nas-ctm01/datasets/public/Oxford102Flowers/jpg/image_06318.jpg,image_06318.jpg,22.946096420288086
5312,/nas-ctm01/datasets/public/Oxford102Flowers/jpg/image_05313.jpg,image_05313.jpg,20.129484176635742
8142,/nas-ctm01/datasets/public/Oxford102Flowers/jpg/image_08143.jpg,image_08143.jpg,20.901885986328125
3782,/nas-ctm01/datasets/public/Oxford102Flowers/jpg/image_03783.jpg,image_03783.jpg,21.272789001464844
1770,/nas-ctm01/datasets/public/Oxford102Flowers/jpg/image_01771.jpg,image_01771.jpg,23.51436424255371
829,/nas-ctm01/datasets/public/Oxford102Flowers/jpg/image_00830.jpg,image_00830.jpg,22.775205612182617
941,/nas-ctm01/datasets/public/Oxford102Flowers/jpg/image_00942.jpg,image_00942.jpg,23.09016227722168
6888,/nas-ctm01/datasets/public/Oxford102Flowers/jpg/image_06889.jpg,image_06889.jpg,22.197547912597656
2486,/nas-ctm01/datasets/public/Oxford102Flowers/jpg/image_02487.jpg,image_02487.jpg,22.191160202026367
627,/nas-ctm01/datasets/public/Oxford102Flowers/jpg/image_00628.jpg,image_00628.jpg,21.042512893676758
3148,/nas-ctm01/datasets/public/Oxford102Flowers/jpg/image_03149.jpg,image_03149.jpg,21.128341674804688
4824,/nas-ctm01/datasets/public/Oxford102Flowers/jpg/image_04825.jpg,image_04825.jpg,22.44101333618164
925,/nas-ctm01/datasets/public/Oxford102Flowers/jpg/image_00926.jpg,image_00926.jpg,22.903650283813477
295,/nas-ctm01/datasets/public/Oxford102Flowers/jpg/image_00296.jpg,image_00296.jpg,22.696836471557617
1052,/nas-ctm01/datasets/public/Oxford102Flowers/jpg/image_01053.jpg,image_01053.jpg,20.740741729736328
2707,/nas-ctm01/datasets/public/Oxford102Flowers/jpg/image_02708.jpg,image_02708.jpg,22.123714447021484
3358,/nas-ctm01/datasets/public/Oxford102Flowers/jpg/image_03359.jpg,image_03359.jpg,23.335153579711914
7340,/nas-ctm01/datasets/public/Oxford102Flowers/jpg/image_07341.jpg,image_07341.jpg,21.77297019958496
8187,/nas-ctm01/datasets/public/Oxford102Flowers/jpg/image_08188.jpg,image_08188.jpg,21.290658950805664
7525,/nas-ctm01/datasets/public/Oxford102Flowers/jpg/image_07526.jpg,image_07526.jpg,22.255496978759766
2789,/nas-ctm01/datasets/public/Oxford102Flowers/jpg/image_02790.jpg,image_02790.jpg,22.044296264648438
944,/nas-ctm01/datasets/public/Oxford102Flowers/jpg/image_00945.jpg,image_00945.jpg,22.874530792236328
6512,/nas-ctm01/datasets/public/Oxford102Flowers/jpg/image_06513.jpg,image_06513.jpg,22.85017204284668
6787,/nas-ctm01/datasets/public/Oxford102Flowers/jpg/image_06788.jpg,image_06788.jpg,20.920204162597656
12,/nas-ctm01/datasets/public/Oxford102Flowers/jpg/image_00013.jpg,image_00013.jpg,23.62253189086914
1117,/nas-ctm01/datasets/public/Oxford102Flowers/jpg/image_01118.jpg,image_01118.jpg,21.57564353942871
5972,/nas-ctm01/datasets/public/Oxford102Flowers/jpg/image_05973.jpg,image_05973.jpg,22.192459106445312
8007,/nas-ctm01/datasets/public/Oxford102Flowers/jpg/image_08008.jpg,image_08008.jpg,20.16072654724121
3688,/nas-ctm01/datasets/public/Oxford102Flowers/jpg/image_03689.jpg,image_03689.jpg,21.830305099487305
6325,/nas-ctm01/datasets/public/Oxford102Flowers/jpg/image_06326.jpg,image_06326.jpg,22.773805618286133
4581,/nas-ctm01/datasets/public/Oxford102Flowers/jpg/image_04582.jpg,image_04582.jpg,22.426864624023438
1319,/nas-ctm01/datasets/public/Oxford102Flowers/jpg/image_01320.jpg,image_01320.jpg,21.196151733398438
779,/nas-ctm01/datasets/public/Oxford102Flowers/jpg/image_00780.jpg,image_00780.jpg,22.50498390197754
7997,/nas-ctm01/datasets/public/Oxford102Flowers/jpg/image_07998.jpg,image_07998.jpg,20.838668823242188
7490,/nas-ctm01/datasets/public/Oxford102Flowers/jpg/image_07491.jpg,image_07491.jpg,21.993268966674805
3780,/nas-ctm01/datasets/public/Oxford102Flowers/jpg/image_03781.jpg,image_03781.jpg,20.5040340423584
3933,/nas-ctm01/datasets/public/Oxford102Flowers/jpg/image_03934.jpg,image_03934.jpg,22.526676177978516
433,/nas-ctm01/datasets/public/Oxford102Flowers/jpg/image_00434.jpg,image_00434.jpg,22.87897300720215
653,/nas-ctm01/datasets/public/Oxford102Flowers/jpg/image_00654.jpg,image_00654.jpg,21.827587127685547
2477,/nas-ctm01/datasets/public/Oxford102Flowers/jpg/image_02478.jpg,image_02478.jpg,22.633150100708008
3346,/nas-ctm01/datasets/public/Oxford102Flowers/jpg/image_03347.jpg,image_03347.jpg,23.457754135131836
3532,/nas-ctm01/datasets/public/Oxford102Flowers/jpg/image_03533.jpg,image_03533.jpg,20.973852157592773
4776,/nas-ctm01/datasets/public/Oxford102Flowers/jpg/image_04777.jpg,image_04777.jpg,20.821176528930664
4939,/nas-ctm01/datasets/public/Oxford102Flowers/jpg/image_04940.jpg,image_04940.jpg,22.972530364990234
4727,/nas-ctm01/datasets/public/Oxford102Flowers/jpg/image_04728.jpg,image_04728.jpg,21.39774513244629
3621,/nas-ctm01/datasets/public/Oxford102Flowers/jpg/image_03622.jpg,image_03622.jpg,21.512802124023438
7977,/nas-ctm01/datasets/public/Oxford102Flowers/jpg/image_07978.jpg,image_07978.jpg,21.193708419799805
7435,/nas-ctm01/datasets/public/Oxford102Flowers/jpg/image_07436.jpg,image_07436.jpg,22.149826049804688
2886,/nas-ctm01/datasets/public/Oxford102Flowers/jpg/image_02887.jpg,image_02887.jpg,22.712039947509766
6602,/nas-ctm01/datasets/public/Oxford102Flowers/jpg/image_06603.jpg,image_06603.jpg,23.124401092529297
3519,/nas-ctm01/datasets/public/Oxford102Flowers/jpg/image_03520.jpg,image_03520.jpg,22.823741912841797
6671,/nas-ctm01/datasets/public/Oxford102Flowers/jpg/image_06672.jpg,image_06672.jpg,20.39891242980957
3480,/nas-ctm01/datasets/public/Oxford102Flowers/jpg/image_03481.jpg,image_03481.jpg,22.920085906982422
3121,/nas-ctm01/datasets/public/Oxford102Flowers/jpg/image_03122.jpg,image_03122.jpg,20.936309814453125
7773,/nas-ctm01/datasets/public/Oxford102Flowers/jpg/image_07774.jpg,image_07774.jpg,20.77414894104004
8151,/nas-ctm01/datasets/public/Oxford102Flowers/jpg/image_08152.jpg,image_08152.jpg,21.747968673706055
570,/nas-ctm01/datasets/public/Oxford102Flowers/jpg/image_00571.jpg,image_00571.jpg,23.268932342529297
1448,/nas-ctm01/datasets/public/Oxford102Flowers/jpg/image_01449.jpg,image_01449.jpg,21.428449630737305
4284,/nas-ctm01/datasets/public/Oxford102Flowers/jpg/image_04285.jpg,image_04285.jpg,21.4339656829834
4601,/nas-ctm01/datasets/public/Oxford102Flowers/jpg/image_04602.jpg,image_04602.jpg,22.491601943969727
4394,/nas-ctm01/datasets/public/Oxford102Flowers/jpg/image_04395.jpg,image_04395.jpg,22.443674087524414
7172,/nas-ctm01/datasets/public/Oxford102Flowers/jpg/image_07173.jpg,image_07173.jpg,22.277711868286133
6735,/nas-ctm01/datasets/public/Oxford102Flowers/jpg/image_06736.jpg,image_06736.jpg,21.14164161682129
1745,/nas-ctm01/datasets/public/Oxford102Flowers/jpg/image_01746.jpg,image_01746.jpg,24.08770179748535
2741,/nas-ctm01/datasets/public/Oxford102Flowers/jpg/image_02742.jpg,image_02742.jpg,23.021408081054688
1590,/nas-ctm01/datasets/public/Oxford102Flowers/jpg/image_01591.jpg,image_01591.jpg,22.435232162475586
7785,/nas-ctm01/datasets/public/Oxford102Flowers/jpg/image_07786.jpg,image_07786.jpg,21.08462142944336
3992,/nas-ctm01/datasets/public/Oxford102Flowers/jpg/image_03993.jpg,image_03993.jpg,20.78770637512207
287,/nas-ctm01/datasets/public/Oxford102Flowers/jpg/image_00288.jpg,image_00288.jpg,22.554235458374023
1738,/nas-ctm01/datasets/public/Oxford102Flowers/jpg/image_01739.jpg,image_01739.jpg,22.91385269165039
6828,/nas-ctm01/datasets/public/Oxford102Flowers/jpg/image_06829.jpg,image_06829.jpg,22.952220916748047
8043,/nas-ctm01/datasets/public/Oxford102Flowers/jpg/image_08044.jpg,image_08044.jpg,21.35443115234375
5112,/nas-ctm01/datasets/public/Oxford102Flowers/jpg/image_05113.jpg,image_05113.jpg,21.515731811523438
6625,/nas-ctm01/datasets/public/Oxford102Flowers/jpg/image_06626.jpg,image_06626.jpg,21.019474029541016
7741,/nas-ctm01/datasets/public/Oxford102Flowers/jpg/image_07742.jpg,image_07742.jpg,20.733898162841797
3819,/nas-ctm01/datasets/public/Oxford102Flowers/jpg/image_03820.jpg,image_03820.jpg,21.04598617553711
6906,/nas-ctm01/datasets/public/Oxford102Flowers/jpg/image_06907.jpg,image_06907.jpg,22.25692367553711
2827,/nas-ctm01/datasets/public/Oxford102Flowers/jpg/image_02828.jpg,image_02828.jpg,22.076074600219727
1684,/nas-ctm01/datasets/public/Oxford102Flowers/jpg/image_01685.jpg,image_01685.jpg,22.97517967224121
6155,/nas-ctm01/datasets/public/Oxford102Flowers/jpg/image_06156.jpg,image_06156.jpg,20.67637062072754
1338,/nas-ctm01/datasets/public/Oxford102Flowers/jpg/image_01339.jpg,image_01339.jpg,21.7164363861084
4309,/nas-ctm01/datasets/public/Oxford102Flowers/jpg/image_04310.jpg,image_04310.jpg,21.468448638916016
2742,/nas-ctm01/datasets/public/Oxford102Flowers/jpg/image_02743.jpg,image_02743.jpg,22.71942901611328
6693,/nas-ctm01/datasets/public/Oxford102Flowers/jpg/image_06694.jpg,image_06694.jpg,21.151914596557617
6714,/nas-ctm01/datasets/public/Oxford102Flowers/jpg/image_06715.jpg,image_06715.jpg,20.97226333618164
4043,/nas-ctm01/datasets/public/Oxford102Flowers/jpg/image_04044.jpg,image_04044.jpg,21.692245483398438
4834,/nas-ctm01/datasets/public/Oxford102Flowers/jpg/image_04835.jpg,image_04835.jpg,21.948516845703125
2902,/nas-ctm01/datasets/public/Oxford102Flowers/jpg/image_02903.jpg,image_02903.jpg,22.231616973876953
2258,/nas-ctm01/datasets/public/Oxford102Flowers/jpg/image_02259.jpg,image_02259.jpg,21.734148025512695
4745,/nas-ctm01/datasets/public/Oxford102Flowers/jpg/image_04746.jpg,image_04746.jpg,21.057476043701172
2986,/nas-ctm01/datasets/public/Oxford102Flowers/jpg/image_02987.jpg,image_02987.jpg,22.3961124420166
7783,/nas-ctm01/datasets/public/Oxford102Flowers/jpg/image_07784.jpg,image_07784.jpg,21.324678421020508
2121,/nas-ctm01/datasets/public/Oxford102Flowers/jpg/image_02122.jpg,image_02122.jpg,21.71942138671875
6739,/nas-ctm01/datasets/public/Oxford102Flowers/jpg/image_06740.jpg,image_06740.jpg,20.88421630859375
4738,/nas-ctm01/datasets/public/Oxford102Flowers/jpg/image_04739.jpg,image_04739.jpg,21.779470443725586
4511,/nas-ctm01/datasets/public/Oxford102Flowers/jpg/image_04512.jpg,image_04512.jpg,21.24825096130371
1564,/nas-ctm01/datasets/public/Oxford102Flowers/jpg/image_01565.jpg,image_01565.jpg,24.586421966552734
6255,/nas-ctm01/datasets/public/Oxford102Flowers/jpg/image_06256.jpg,image_06256.jpg,21.340192794799805
5663,/nas-ctm01/datasets/public/Oxford102Flowers/jpg/image_05664.jpg,image_05664.jpg,21.483501434326172
3934,/nas-ctm01/datasets/public/Oxford102Flowers/jpg/image_03935.jpg,image_03935.jpg,21.421035766601562
3296,/nas-ctm01/datasets/public/Oxford102Flowers/jpg/image_03297.jpg,image_03297.jpg,23.37078094482422
2185,/nas-ctm01/datasets/public/Oxford102Flowers/jpg/image_02186.jpg,image_02186.jpg,21.288410186767578
4348,/nas-ctm01/datasets/public/Oxford102Flowers/jpg/image_04349.jpg,image_04349.jpg,20.665287017822266
1231,/nas-ctm01/datasets/public/Oxford102Flowers/jpg/image_01232.jpg,image_01232.jpg,22.015819549560547
6618,/nas-ctm01/datasets/public/Oxford102Flowers/jpg/image_06619.jpg,image_06619.jpg,22.2979736328125
1258,/nas-ctm01/datasets/public/Oxford102Flowers/jpg/image_01259.jpg,image_01259.jpg,21.8673095703125
2254,/nas-ctm01/datasets/public/Oxford102Flowers/jpg/image_02255.jpg,image_02255.jpg,22.892030715942383
1951,/nas-ctm01/datasets/public/Oxford102Flowers/jpg/image_01952.jpg,image_01952.jpg,23.6977481842041
7612,/nas-ctm01/datasets/public/Oxford102Flowers/jpg/image_07613.jpg,image_07613.jpg,22.910873413085938
113,/nas-ctm01/datasets/public/Oxford102Flowers/jpg/image_00114.jpg,image_00114.jpg,23.40297508239746
6942,/nas-ctm01/datasets/public/Oxford102Flowers/jpg/image_06943.jpg,image_06943.jpg,22.745845794677734
2509,/nas-ctm01/datasets/public/Oxford102Flowers/jpg/image_02510.jpg,image_02510.jpg,21.349140167236328
6004,/nas-ctm01/datasets/public/Oxford102Flowers/jpg/image_06005.jpg,image_06005.jpg,22.381074905395508
4168,/nas-ctm01/datasets/public/Oxford102Flowers/jpg/image_04169.jpg,image_04169.jpg,21.797405242919922
5165,/nas-ctm01/datasets/public/Oxford102Flowers/jpg/image_05166.jpg,image_05166.jpg,23.306135177612305
2548,/nas-ctm01/datasets/public/Oxford102Flowers/jpg/image_02549.jpg,image_02549.jpg,21.95851707458496
3555,/nas-ctm01/datasets/public/Oxford102Flowers/jpg/image_03556.jpg,image_03556.jpg,22.988632202148438
507,/nas-ctm01/datasets/public/Oxford102Flowers/jpg/image_00508.jpg,image_00508.jpg,22.682151794433594
5396,/nas-ctm01/datasets/public/Oxford102Flowers/jpg/image_05397.jpg,image_05397.jpg,22.269207000732422
7984,/nas-ctm01/datasets/public/Oxford102Flowers/jpg/image_07985.jpg,image_07985.jpg,21.143159866333008
6047,/nas-ctm01/datasets/public/Oxford102Flowers/jpg/image_06048.jpg,image_06048.jpg,20.18897247314453
6455,/nas-ctm01/datasets/public/Oxford102Flowers/jpg/image_06456.jpg,image_06456.jpg,21.55967140197754
6347,/nas-ctm01/datasets/public/Oxford102Flowers/jpg/image_06348.jpg,image_06348.jpg,21.36228370666504
6099,/nas-ctm01/datasets/public/Oxford102Flowers/jpg/image_06100.jpg,image_06100.jpg,21.115764617919922
4354,/nas-ctm01/datasets/public/Oxford102Flowers/jpg/image_04355.jpg,image_04355.jpg,22.519411087036133
2850,/nas-ctm01/datasets/public/Oxford102Flowers/jpg/image_02851.jpg,image_02851.jpg,22.572967529296875
4794,/nas-ctm01/datasets/public/Oxford102Flowers/jpg/image_04795.jpg,image_04795.jpg,23.01018714904785
4791,/nas-ctm01/datasets/public/Oxford102Flowers/jpg/image_04792.jpg,image_04792.jpg,21.77666473388672
7705,/nas-ctm01/datasets/public/Oxford102Flowers/jpg/image_07706.jpg,image_07706.jpg,21.26936149597168
350,/nas-ctm01/datasets/public/Oxford102Flowers/jpg/image_00351.jpg,image_00351.jpg,22.792810440063477
5871,/nas-ctm01/datasets/public/Oxford102Flowers/jpg/image_05872.jpg,image_05872.jpg,23.440345764160156
2906,/nas-ctm01/datasets/public/Oxford102Flowers/jpg/image_02907.jpg,image_02907.jpg,21.387710571289062
7532,/nas-ctm01/datasets/public/Oxford102Flowers/jpg/image_07533.jpg,image_07533.jpg,21.788522720336914
4588,/nas-ctm01/datasets/public/Oxford102Flowers/jpg/image_04589.jpg,image_04589.jpg,22.442285537719727
2505,/nas-ctm01/datasets/public/Oxford102Flowers/jpg/image_02506.jpg,image_02506.jpg,22.534305572509766
2620,/nas-ctm01/datasets/public/Oxford102Flowers/jpg/image_02621.jpg,image_02621.jpg,21.552316665649414
4438,/nas-ctm01/datasets/public/Oxford102Flowers/jpg/image_04439.jpg,image_04439.jpg,21.996688842773438
1114,/nas-ctm01/datasets/public/Oxford102Flowers/jpg/image_01115.jpg,image_01115.jpg,20.712553024291992
2846,/nas-ctm01/datasets/public/Oxford102Flowers/jpg/image_02847.jpg,image_02847.jpg,21.38106346130371
5790,/nas-ctm01/datasets/public/Oxford102Flowers/jpg/image_05791.jpg,image_05791.jpg,23.495332717895508
298,/nas-ctm01/datasets/public/Oxford102Flowers/jpg/image_00299.jpg,image_00299.jpg,23.1090087890625
1675,/nas-ctm01/datasets/public/Oxford102Flowers/jpg/image_01676.jpg,image_01676.jpg,24.112924575805664
6498,/nas-ctm01/datasets/public/Oxford102Flowers/jpg/image_06499.jpg,image_06499.jpg,22.490402221679688
7759,/nas-ctm01/datasets/public/Oxford102Flowers/jpg/image_07760.jpg,image_07760.jpg,21.002918243408203
6218,/nas-ctm01/datasets/public/Oxford102Flowers/jpg/image_06219.jpg,image_06219.jpg,22.204526901245117
6245,/nas-ctm01/datasets/public/Oxford102Flowers/jpg/image_06246.jpg,image_06246.jpg,22.613616943359375
6678,/nas-ctm01/datasets/public/Oxford102Flowers/jpg/image_06679.jpg,image_06679.jpg,20.468589782714844
7438,/nas-ctm01/datasets/public/Oxford102Flowers/jpg/image_07439.jpg,image_07439.jpg,22.698932647705078
3833,/nas-ctm01/datasets/public/Oxford102Flowers/jpg/image_03834.jpg,image_03834.jpg,25.197599411010742
229,/nas-ctm01/datasets/public/Oxford102Flowers/jpg/image_00230.jpg,image_00230.jpg,24.02733612060547
76,/nas-ctm01/datasets/public/Oxford102Flowers/jpg/image_00077.jpg,image_00077.jpg,23.761280059814453
3877,/nas-ctm01/datasets/public/Oxford102Flowers/jpg/image_03878.jpg,image_03878.jpg,23.910654067993164
5692,/nas-ctm01/datasets/public/Oxford102Flowers/jpg/image_05693.jpg,image_05693.jpg,22.940853118896484
7971,/nas-ctm01/datasets/public/Oxford102Flowers/jpg/image_07972.jpg,image_07972.jpg,20.944320678710938
8055,/nas-ctm01/datasets/public/Oxford102Flowers/jpg/image_08056.jpg,image_08056.jpg,22.172183990478516
2103,/nas-ctm01/datasets/public/Oxford102Flowers/jpg/image_02104.jpg,image_02104.jpg,22.315765380859375
8070,/nas-ctm01/datasets/public/Oxford102Flowers/jpg/image_08071.jpg,image_08071.jpg,23.790128707885742
3761,/nas-ctm01/datasets/public/Oxford102Flowers/jpg/image_03762.jpg,image_03762.jpg,20.9261474609375
4279,/nas-ctm01/datasets/public/Oxford102Flowers/jpg/image_04280.jpg,image_04280.jpg,21.15033531188965
3787,/nas-ctm01/datasets/public/Oxford102Flowers/jpg/image_03788.jpg,image_03788.jpg,21.026735305786133
5682,/nas-ctm01/datasets/public/Oxford102Flowers/jpg/image_05683.jpg,image_05683.jpg,21.849353790283203
6649,/nas-ctm01/datasets/public/Oxford102Flowers/jpg/image_06650.jpg,image_06650.jpg,20.808692932128906
1614,/nas-ctm01/datasets/public/Oxford102Flowers/jpg/image_01615.jpg,image_01615.jpg,23.207494735717773
607,/nas-ctm01/datasets/public/Oxford102Flowers/jpg/image_00608.jpg,image_00608.jpg,22.028221130371094
4233,/nas-ctm01/datasets/public/Oxford102Flowers/jpg/image_04234.jpg,image_04234.jpg,21.938926696777344
4836,/nas-ctm01/datasets/public/Oxford102Flowers/jpg/image_04837.jpg,image_04837.jpg,23.35746955871582
1093,/nas-ctm01/datasets/public/Oxford102Flowers/jpg/image_01094.jpg,image_01094.jpg,20.82343864440918
6688,/nas-ctm01/datasets/public/Oxford102Flowers/jpg/image_06689.jpg,image_06689.jpg,20.604736328125
2622,/nas-ctm01/datasets/public/Oxford102Flowers/jpg/image_02623.jpg,image_02623.jpg,22.591867446899414
6629,/nas-ctm01/datasets/public/Oxford102Flowers/jpg/image_06630.jpg,image_06630.jpg,21.46862030029297
8039,/nas-ctm01/datasets/public/Oxford102Flowers/jpg/image_08040.jpg,image_08040.jpg,21.31452751159668
7774,/nas-ctm01/datasets/public/Oxford102Flowers/jpg/image_07775.jpg,image_07775.jpg,21.151344299316406
203,/nas-ctm01/datasets/public/Oxford102Flowers/jpg/image_00204.jpg,image_00204.jpg,24.666282653808594
2387,/nas-ctm01/datasets/public/Oxford102Flowers/jpg/image_02388.jpg,image_02388.jpg,20.809162139892578
6734,/nas-ctm01/datasets/public/Oxford102Flowers/jpg/image_06735.jpg,image_06735.jpg,21.134654998779297
4714,/nas-ctm01/datasets/public/Oxford102Flowers/jpg/image_04715.jpg,image_04715.jpg,21.831266403198242
837,/nas-ctm01/datasets/public/Oxford102Flowers/jpg/image_00838.jpg,image_00838.jpg,22.778656005859375
2934,/nas-ctm01/datasets/public/Oxford102Flowers/jpg/image_02935.jpg,image_02935.jpg,22.362672805786133
7321,/nas-ctm01/datasets/public/Oxford102Flowers/jpg/image_07322.jpg,image_07322.jpg,21.561540603637695
8122,/nas-ctm01/datasets/public/Oxford102Flowers/jpg/image_08123.jpg,image_08123.jpg,20.788496017456055
1230,/nas-ctm01/datasets/public/Oxford102Flowers/jpg/image_01231.jpg,image_01231.jpg,22.179275512695312
6221,/nas-ctm01/datasets/public/Oxford102Flowers/jpg/image_06222.jpg,image_06222.jpg,23.6512393951416
6917,/nas-ctm01/datasets/public/Oxford102Flowers/jpg/image_06918.jpg,image_06918.jpg,22.408096313476562
1609,/nas-ctm01/datasets/public/Oxford102Flowers/jpg/image_01610.jpg,image_01610.jpg,24.13857650756836
7661,/nas-ctm01/datasets/public/Oxford102Flowers/jpg/image_07662.jpg,image_07662.jpg,23.225757598876953
7177,/nas-ctm01/datasets/public/Oxford102Flowers/jpg/image_07178.jpg,image_07178.jpg,22.493879318237305
5154,/nas-ctm01/datasets/public/Oxford102Flowers/jpg/image_05155.jpg,image_05155.jpg,22.461082458496094
6533,/nas-ctm01/datasets/public/Oxford102Flowers/jpg/image_06534.jpg,image_06534.jpg,23.455873489379883
4387,/nas-ctm01/datasets/public/Oxford102Flowers/jpg/image_04388.jpg,image_04388.jpg,22.514482498168945
2732,/nas-ctm01/datasets/public/Oxford102Flowers/jpg/image_02733.jpg,image_02733.jpg,22.0673770904541
7157,/nas-ctm01/datasets/public/Oxford102Flowers/jpg/image_07158.jpg,image_07158.jpg,20.83851432800293
4237,/nas-ctm01/datasets/public/Oxford102Flowers/jpg/image_04238.jpg,image_04238.jpg,21.832427978515625
6291,/nas-ctm01/datasets/public/Oxford102Flowers/jpg/image_06292.jpg,image_06292.jpg,21.28445053100586
5436,/nas-ctm01/datasets/public/Oxford102Flowers/jpg/image_05437.jpg,image_05437.jpg,22.736108779907227
4827,/nas-ctm01/datasets/public/Oxford102Flowers/jpg/image_04828.jpg,image_04828.jpg,21.43931007385254
7013,/nas-ctm01/datasets/public/Oxford102Flowers/jpg/image_07014.jpg,image_07014.jpg,21.30844497680664
3898,/nas-ctm01/datasets/public/Oxford102Flowers/jpg/image_03899.jpg,image_03899.jpg,25.1804256439209
6250,/nas-ctm01/datasets/public/Oxford102Flowers/jpg/image_06251.jpg,image_06251.jpg,20.857177734375
7332,/nas-ctm01/datasets/public/Oxford102Flowers/jpg/image_07333.jpg,image_07333.jpg,21.349767684936523
3527,/nas-ctm01/datasets/public/Oxford102Flowers/jpg/image_03528.jpg,image_03528.jpg,22.351327896118164
5274,/nas-ctm01/datasets/public/Oxford102Flowers/jpg/image_05275.jpg,image_05275.jpg,20.438634872436523
657,/nas-ctm01/datasets/public/Oxford102Flowers/jpg/image_00658.jpg,image_00658.jpg,22.305437088012695
790,/nas-ctm01/datasets/public/Oxford102Flowers/jpg/image_00791.jpg,image_00791.jpg,22.49246597290039
3206,/nas-ctm01/datasets/public/Oxford102Flowers/jpg/image_03207.jpg,image_03207.jpg,22.915298461914062
4985,/nas-ctm01/datasets/public/Oxford102Flowers/jpg/image_04986.jpg,image_04986.jpg,24.068769454956055
6747,/nas-ctm01/datasets/public/Oxford102Flowers/jpg/image_06748.jpg,image_06748.jpg,21.136096954345703
2561,/nas-ctm01/datasets/public/Oxford102Flowers/jpg/image_02562.jpg,image_02562.jpg,23.23270606994629
2640,/nas-ctm01/datasets/public/Oxford102Flowers/jpg/image_02641.jpg,image_02641.jpg,22.125486373901367
1359,/nas-ctm01/datasets/public/Oxford102Flowers/jpg/image_01360.jpg,image_01360.jpg,22.306642532348633
6017,/nas-ctm01/datasets/public/Oxford102Flowers/jpg/image_06018.jpg,image_06018.jpg,20.32251739501953
2347,/nas-ctm01/datasets/public/Oxford102Flowers/jpg/image_02348.jpg,image_02348.jpg,21.218809127807617
6926,/nas-ctm01/datasets/public/Oxford102Flowers/jpg/image_06927.jpg,image_06927.jpg,23.013395309448242
3279,/nas-ctm01/datasets/public/Oxford102Flowers/jpg/image_03280.jpg,image_03280.jpg,22.238149642944336
2781,/nas-ctm01/datasets/public/Oxford102Flowers/jpg/image_02782.jpg,image_02782.jpg,21.965539932250977
3396,/nas-ctm01/datasets/public/Oxford102Flowers/jpg/image_03397.jpg,image_03397.jpg,21.13888168334961
6020,/nas-ctm01/datasets/public/Oxford102Flowers/jpg/image_06021.jpg,image_06021.jpg,21.304948806762695
6223,/nas-ctm01/datasets/public/Oxford102Flowers/jpg/image_06224.jpg,image_06224.jpg,21.64493751525879
7107,/nas-ctm01/datasets/public/Oxford102Flowers/jpg/image_07108.jpg,image_07108.jpg,21.84260368347168
7155,/nas-ctm01/datasets/public/Oxford102Flowers/jpg/image_07156.jpg,image_07156.jpg,21.10586166381836
6601,/nas-ctm01/datasets/public/Oxford102Flowers/jpg/image_06602.jpg,image_06602.jpg,23.395771026611328
615,/nas-ctm01/datasets/public/Oxford102Flowers/jpg/image_00616.jpg,image_00616.jpg,21.100284576416016
2575,/nas-ctm01/datasets/public/Oxford102Flowers/jpg/image_02576.jpg,image_02576.jpg,23.11083221435547
6263,/nas-ctm01/datasets/public/Oxford102Flowers/jpg/image_06264.jpg,image_06264.jpg,21.8535213470459
2314,/nas-ctm01/datasets/public/Oxford102Flowers/jpg/image_02315.jpg,image_02315.jpg,23.076847076416016
1705,/nas-ctm01/datasets/public/Oxford102Flowers/jpg/image_01706.jpg,image_01706.jpg,23.50800132751465
5812,/nas-ctm01/datasets/public/Oxford102Flowers/jpg/image_05813.jpg,image_05813.jpg,22.937599182128906
3956,/nas-ctm01/datasets/public/Oxford102Flowers/jpg/image_03957.jpg,image_03957.jpg,20.982709884643555
6983,/nas-ctm01/datasets/public/Oxford102Flowers/jpg/image_06984.jpg,image_06984.jpg,23.605031967163086
1780,/nas-ctm01/datasets/public/Oxford102Flowers/jpg/image_01781.jpg,image_01781.jpg,23.98784828186035
6724,/nas-ctm01/datasets/public/Oxford102Flowers/jpg/image_06725.jpg,image_06725.jpg,20.92394256591797
803,/nas-ctm01/datasets/public/Oxford102Flowers/jpg/image_00804.jpg,image_00804.jpg,23.090686798095703
857,/nas-ctm01/datasets/public/Oxford102Flowers/jpg/image_00858.jpg,image_00858.jpg,23.035612106323242
4677,/nas-ctm01/datasets/public/Oxford102Flowers/jpg/image_04678.jpg,image_04678.jpg,21.364944458007812
8056,/nas-ctm01/datasets/public/Oxford102Flowers/jpg/image_08057.jpg,image_08057.jpg,23.094083786010742
990,/nas-ctm01/datasets/public/Oxford102Flowers/jpg/image_00991.jpg,image_00991.jpg,21.165668487548828
7183,/nas-ctm01/datasets/public/Oxford102Flowers/jpg/image_07184.jpg,image_07184.jpg,21.800457000732422
7816,/nas-ctm01/datasets/public/Oxford102Flowers/jpg/image_07817.jpg,image_07817.jpg,20.79046058654785
8136,/nas-ctm01/datasets/public/Oxford102Flowers/jpg/image_08137.jpg,image_08137.jpg,21.190114974975586
5793,/nas-ctm01/datasets/public/Oxford102Flowers/jpg/image_05794.jpg,image_05794.jpg,22.06409454345703
219,/nas-ctm01/datasets/public/Oxford102Flowers/jpg/image_00220.jpg,image_00220.jpg,23.01593780517578
5263,/nas-ctm01/datasets/public/Oxford102Flowers/jpg/image_05264.jpg,image_05264.jpg,21.504934310913086
1288,/nas-ctm01/datasets/public/Oxford102Flowers/jpg/image_01289.jpg,image_01289.jpg,22.71489906311035
3163,/nas-ctm01/datasets/public/Oxford102Flowers/jpg/image_03164.jpg,image_03164.jpg,21.848047256469727
582,/nas-ctm01/datasets/public/Oxford102Flowers/jpg/image_00583.jpg,image_00583.jpg,22.131715774536133
2618,/nas-ctm01/datasets/public/Oxford102Flowers/jpg/image_02619.jpg,image_02619.jpg,22.2453670501709
43,/nas-ctm01/datasets/public/Oxford102Flowers/jpg/image_00044.jpg,image_00044.jpg,23.625751495361328
1234,/nas-ctm01/datasets/public/Oxford102Flowers/jpg/image_01235.jpg,image_01235.jpg,22.1541690826416
6760,/nas-ctm01/datasets/public/Oxford102Flowers/jpg/image_06761.jpg,image_06761.jpg,21.19870948791504
3601,/nas-ctm01/datasets/public/Oxford102Flowers/jpg/image_03602.jpg,image_03602.jpg,21.755420684814453
3438,/nas-ctm01/datasets/public/Oxford102Flowers/jpg/image_03439.jpg,image_03439.jpg,20.53338050842285
7918,/nas-ctm01/datasets/public/Oxford102Flowers/jpg/image_07919.jpg,image_07919.jpg,22.50360679626465
1892,/nas-ctm01/datasets/public/Oxford102Flowers/jpg/image_01893.jpg,image_01893.jpg,23.744565963745117
4993,/nas-ctm01/datasets/public/Oxford102Flowers/jpg/image_04994.jpg,image_04994.jpg,23.964868545532227
7168,/nas-ctm01/datasets/public/Oxford102Flowers/jpg/image_07169.jpg,image_07169.jpg,22.213945388793945
4689,/nas-ctm01/datasets/public/Oxford102Flowers/jpg/image_04690.jpg,image_04690.jpg,21.465055465698242
6764,/nas-ctm01/datasets/public/Oxford102Flowers/jpg/image_06765.jpg,image_06765.jpg,21.102739334106445
1071,/nas-ctm01/datasets/public/Oxford102Flowers/jpg/image_01072.jpg,image_01072.jpg,21.435808181762695
718,/nas-ctm01/datasets/public/Oxford102Flowers/jpg/image_00719.jpg,image_00719.jpg,21.37040901184082
2364,/nas-ctm01/datasets/public/Oxford102Flowers/jpg/image_02365.jpg,image_02365.jpg,22.21141242980957
1505,/nas-ctm01/datasets/public/Oxford102Flowers/jpg/image_01506.jpg,image_01506.jpg,24.847078323364258
3771,/nas-ctm01/datasets/public/Oxford102Flowers/jpg/image_03772.jpg,image_03772.jpg,20.596967697143555
670,/nas-ctm01/datasets/public/Oxford102Flowers/jpg/image_00671.jpg,image_00671.jpg,21.233882904052734
5324,/nas-ctm01/datasets/public/Oxford102Flowers/jpg/image_05325.jpg,image_05325.jpg,22.259166717529297
2952,/nas-ctm01/datasets/public/Oxford102Flowers/jpg/image_02953.jpg,image_02953.jpg,22.018733978271484
7410,/nas-ctm01/datasets/public/Oxford102Flowers/jpg/image_07411.jpg,image_07411.jpg,21.763826370239258
6548,/nas-ctm01/datasets/public/Oxford102Flowers/jpg/image_06549.jpg,image_06549.jpg,23.256921768188477
4755,/nas-ctm01/datasets/public/Oxford102Flowers/jpg/image_04756.jpg,image_04756.jpg,20.867874145507812
897,/nas-ctm01/datasets/public/Oxford102Flowers/jpg/image_00898.jpg,image_00898.jpg,22.43798065185547
7341,/nas-ctm01/datasets/public/Oxford102Flowers/jpg/image_07342.jpg,image_07342.jpg,22.34971046447754
2666,/nas-ctm01/datasets/public/Oxford102Flowers/jpg/image_02667.jpg,image_02667.jpg,22.43416976928711
3193,/nas-ctm01/datasets/public/Oxford102Flowers/jpg/image_03194.jpg,image_03194.jpg,21.47879409790039
2890,/nas-ctm01/datasets/public/Oxford102Flowers/jpg/image_02891.jpg,image_02891.jpg,21.631193161010742
4475,/nas-ctm01/datasets/public/Oxford102Flowers/jpg/image_04476.jpg,image_04476.jpg,21.83135986328125
1530,/nas-ctm01/datasets/public/Oxford102Flowers/jpg/image_01531.jpg,image_01531.jpg,24.123971939086914
5928,/nas-ctm01/datasets/public/Oxford102Flowers/jpg/image_05929.jpg,image_05929.jpg,23.651100158691406
6843,/nas-ctm01/datasets/public/Oxford102Flowers/jpg/image_06844.jpg,image_06844.jpg,23.4379940032959
7503,/nas-ctm01/datasets/public/Oxford102Flowers/jpg/image_07504.jpg,image_07504.jpg,23.812410354614258
6535,/nas-ctm01/datasets/public/Oxford102Flowers/jpg/image_06536.jpg,image_06536.jpg,21.919654846191406
3994,/nas-ctm01/datasets/public/Oxford102Flowers/jpg/image_03995.jpg,image_03995.jpg,21.951824188232422
4546,/nas-ctm01/datasets/public/Oxford102Flowers/jpg/image_04547.jpg,image_04547.jpg,21.730295181274414
3931,/nas-ctm01/datasets/public/Oxford102Flowers/jpg/image_03932.jpg,image_03932.jpg,21.82889175415039
3524,/nas-ctm01/datasets/public/Oxford102Flowers/jpg/image_03525.jpg,image_03525.jpg,22.610809326171875
6249,/nas-ctm01/datasets/public/Oxford102Flowers/jpg/image_06250.jpg,image_06250.jpg,21.270633697509766
1874,/nas-ctm01/datasets/public/Oxford102Flowers/jpg/image_01875.jpg,image_01875.jpg,23.03532600402832
2370,/nas-ctm01/datasets/public/Oxford102Flowers/jpg/image_02371.jpg,image_02371.jpg,21.660287857055664
1769,/nas-ctm01/datasets/public/Oxford102Flowers/jpg/image_01770.jpg,image_01770.jpg,22.911277770996094
6757,/nas-ctm01/datasets/public/Oxford102Flowers/jpg/image_06758.jpg,image_06758.jpg,20.66594123840332
4015,/nas-ctm01/datasets/public/Oxford102Flowers/jpg/image_04016.jpg,image_04016.jpg,21.654232025146484
1983,/nas-ctm01/datasets/public/Oxford102Flowers/jpg/image_01984.jpg,image_01984.jpg,20.342426300048828
531,/nas-ctm01/datasets/public/Oxford102Flowers/jpg/image_00532.jpg,image_00532.jpg,20.339895248413086
6521,/nas-ctm01/datasets/public/Oxford102Flowers/jpg/image_06522.jpg,image_06522.jpg,22.289541244506836
6182,/nas-ctm01/datasets/public/Oxford102Flowers/jpg/image_06183.jpg,image_06183.jpg,21.853830337524414
5103,/nas-ctm01/datasets/public/Oxford102Flowers/jpg/image_05104.jpg,image_05104.jpg,21.51061248779297
2881,/nas-ctm01/datasets/public/Oxford102Flowers/jpg/image_02882.jpg,image_02882.jpg,22.043521881103516
81,/nas-ctm01/datasets/public/Oxford102Flowers/jpg/image_00082.jpg,image_00082.jpg,24.184911727905273
4078,/nas-ctm01/datasets/public/Oxford102Flowers/jpg/image_04079.jpg,image_04079.jpg,21.944974899291992
6661,/nas-ctm01/datasets/public/Oxford102Flowers/jpg/image_06662.jpg,image_06662.jpg,21.144420623779297
6715,/nas-ctm01/datasets/public/Oxford102Flowers/jpg/image_06716.jpg,image_06716.jpg,20.52935218811035
2163,/nas-ctm01/datasets/public/Oxford102Flowers/jpg/image_02164.jpg,image_02164.jpg,21.5179443359375
731,/nas-ctm01/datasets/public/Oxford102Flowers/jpg/image_00732.jpg,image_00732.jpg,20.889434814453125
2339,/nas-ctm01/datasets/public/Oxford102Flowers/jpg/image_02340.jpg,image_02340.jpg,21.388456344604492
5963,/nas-ctm01/datasets/public/Oxford102Flowers/jpg/image_05964.jpg,image_05964.jpg,22.462800979614258
2232,/nas-ctm01/datasets/public/Oxford102Flowers/jpg/image_02233.jpg,image_02233.jpg,22.0845890045166
3944,/nas-ctm01/datasets/public/Oxford102Flowers/jpg/image_03945.jpg,image_03945.jpg,22.221885681152344
3799,/nas-ctm01/datasets/public/Oxford102Flowers/jpg/image_03800.jpg,image_03800.jpg,21.07925796508789
7720,/nas-ctm01/datasets/public/Oxford102Flowers/jpg/image_07721.jpg,image_07721.jpg,22.24117088317871
5194,/nas-ctm01/datasets/public/Oxford102Flowers/jpg/image_05195.jpg,image_05195.jpg,21.770214080810547
4715,/nas-ctm01/datasets/public/Oxford102Flowers/jpg/image_04716.jpg,image_04716.jpg,20.891345977783203
7570,/nas-ctm01/datasets/public/Oxford102Flowers/jpg/image_07571.jpg,image_07571.jpg,22.924413681030273
4355,/nas-ctm01/datasets/public/Oxford102Flowers/jpg/image_04356.jpg,image_04356.jpg,22.92009162902832
6642,/nas-ctm01/datasets/public/Oxford102Flowers/jpg/image_06643.jpg,image_06643.jpg,20.943946838378906
2705,/nas-ctm01/datasets/public/Oxford102Flowers/jpg/image_02706.jpg,image_02706.jpg,22.30636978149414
1255,/nas-ctm01/datasets/public/Oxford102Flowers/jpg/image_01256.jpg,image_01256.jpg,21.602293014526367
2104,/nas-ctm01/datasets/public/Oxford102Flowers/jpg/image_02105.jpg,image_02105.jpg,21.95342445373535
7523,/nas-ctm01/datasets/public/Oxford102Flowers/jpg/image_07524.jpg,image_07524.jpg,21.196168899536133
4512,/nas-ctm01/datasets/public/Oxford102Flowers/jpg/image_04513.jpg,image_04513.jpg,21.13146209716797
4508,/nas-ctm01/datasets/public/Oxford102Flowers/jpg/image_04509.jpg,image_04509.jpg,21.181541442871094
898,/nas-ctm01/datasets/public/Oxford102Flowers/jpg/image_00899.jpg,image_00899.jpg,22.72532844543457
428,/nas-ctm01/datasets/public/Oxford102Flowers/jpg/image_00429.jpg,image_00429.jpg,22.64299964904785
5673,/nas-ctm01/datasets/public/Oxford102Flowers/jpg/image_05674.jpg,image_05674.jpg,20.872821807861328
4322,/nas-ctm01/datasets/public/Oxford102Flowers/jpg/image_04323.jpg,image_04323.jpg,21.196060180664062
6410,/nas-ctm01/datasets/public/Oxford102Flowers/jpg/image_06411.jpg,image_06411.jpg,21.572513580322266
7412,/nas-ctm01/datasets/public/Oxford102Flowers/jpg/image_07413.jpg,image_07413.jpg,21.906274795532227
1222,/nas-ctm01/datasets/public/Oxford102Flowers/jpg/image_01223.jpg,image_01223.jpg,22.68900489807129
3424,/nas-ctm01/datasets/public/Oxford102Flowers/jpg/image_03425.jpg,image_03425.jpg,21.608154296875
6417,/nas-ctm01/datasets/public/Oxford102Flowers/jpg/image_06418.jpg,image_06418.jpg,21.82648468017578
6595,/nas-ctm01/datasets/public/Oxford102Flowers/jpg/image_06596.jpg,image_06596.jpg,21.51380157470703
5272,/nas-ctm01/datasets/public/Oxford102Flowers/jpg/image_05273.jpg,image_05273.jpg,20.83870506286621
5948,/nas-ctm01/datasets/public/Oxford102Flowers/jpg/image_05949.jpg,image_05949.jpg,23.377323150634766
6187,/nas-ctm01/datasets/public/Oxford102Flowers/jpg/image_06188.jpg,image_06188.jpg,20.890933990478516
1621,/nas-ctm01/datasets/public/Oxford102Flowers/jpg/image_01622.jpg,image_01622.jpg,23.848718643188477
7312,/nas-ctm01/datasets/public/Oxford102Flowers/jpg/image_07313.jpg,image_07313.jpg,22.93087387084961
3164,/nas-ctm01/datasets/public/Oxford102Flowers/jpg/image_03165.jpg,image_03165.jpg,21.300586700439453
4207,/nas-ctm01/datasets/public/Oxford102Flowers/jpg/image_04208.jpg,image_04208.jpg,20.964984893798828
6536,/nas-ctm01/datasets/public/Oxford102Flowers/jpg/image_06537.jpg,image_06537.jpg,23.49078369140625
1096,/nas-ctm01/datasets/public/Oxford102Flowers/jpg/image_01097.jpg,image_01097.jpg,21.128334045410156
2715,/nas-ctm01/datasets/public/Oxford102Flowers/jpg/image_02716.jpg,image_02716.jpg,21.89919662475586
2072,/nas-ctm01/datasets/public/Oxford102Flowers/jpg/image_02073.jpg,image_02073.jpg,21.666122436523438
7396,/nas-ctm01/datasets/public/Oxford102Flowers/jpg/image_07397.jpg,image_07397.jpg,21.996599197387695
5366,/nas-ctm01/datasets/public/Oxford102Flowers/jpg/image_05367.jpg,image_05367.jpg,21.1052303314209
6804,/nas-ctm01/datasets/public/Oxford102Flowers/jpg/image_06805.jpg,image_06805.jpg,20.561532974243164
5950,/nas-ctm01/datasets/public/Oxford102Flowers/jpg/image_05951.jpg,image_05951.jpg,23.368436813354492
6900,/nas-ctm01/datasets/public/Oxford102Flowers/jpg/image_06901.jpg,image_06901.jpg,21.765003204345703
2588,/nas-ctm01/datasets/public/Oxford102Flowers/jpg/image_02589.jpg,image_02589.jpg,20.969621658325195
6539,/nas-ctm01/datasets/public/Oxford102Flowers/jpg/image_06540.jpg,image_06540.jpg,23.596481323242188
1788,/nas-ctm01/datasets/public/Oxford102Flowers/jpg/image_01789.jpg,image_01789.jpg,23.696659088134766
5946,/nas-ctm01/datasets/public/Oxford102Flowers/jpg/image_05947.jpg,image_05947.jpg,22.023923873901367
4421,/nas-ctm01/datasets/public/Oxford102Flowers/jpg/image_04422.jpg,image_04422.jpg,21.287063598632812
528,/nas-ctm01/datasets/public/Oxford102Flowers/jpg/image_00529.jpg,image_00529.jpg,23.001239776611328
4180,/nas-ctm01/datasets/public/Oxford102Flowers/jpg/image_04181.jpg,image_04181.jpg,21.875131607055664
192,/nas-ctm01/datasets/public/Oxford102Flowers/jpg/image_00193.jpg,image_00193.jpg,23.98474884033203
7416,/nas-ctm01/datasets/public/Oxford102Flowers/jpg/image_07417.jpg,image_07417.jpg,22.41630744934082
1126,/nas-ctm01/datasets/public/Oxford102Flowers/jpg/image_01127.jpg,image_01127.jpg,21.30937957763672
5863,/nas-ctm01/datasets/public/Oxford102Flowers/jpg/image_05864.jpg,image_05864.jpg,23.10105323791504
6366,/nas-ctm01/datasets/public/Oxford102Flowers/jpg/image_06367.jpg,image_06367.jpg,21.871593475341797
3624,/nas-ctm01/datasets/public/Oxford102Flowers/jpg/image_03625.jpg,image_03625.jpg,21.95881462097168
304,/nas-ctm01/datasets/public/Oxford102Flowers/jpg/image_00305.jpg,image_00305.jpg,22.647632598876953
5229,/nas-ctm01/datasets/public/Oxford102Flowers/jpg/image_05230.jpg,image_05230.jpg,20.86876678466797
1292,/nas-ctm01/datasets/public/Oxford102Flowers/jpg/image_01293.jpg,image_01293.jpg,22.944438934326172
70,/nas-ctm01/datasets/public/Oxford102Flowers/jpg/image_00071.jpg,image_00071.jpg,24.71470069885254
3715,/nas-ctm01/datasets/public/Oxford102Flowers/jpg/image_03716.jpg,image_03716.jpg,20.346874237060547
4678,/nas-ctm01/datasets/public/Oxford102Flowers/jpg/image_04679.jpg,image_04679.jpg,21.214815139770508
2687,/nas-ctm01/datasets/public/Oxford102Flowers/jpg/image_02688.jpg,image_02688.jpg,22.630022048950195
3528,/nas-ctm01/datasets/public/Oxford102Flowers/jpg/image_03529.jpg,image_03529.jpg,21.739839553833008
3816,/nas-ctm01/datasets/public/Oxford102Flowers/jpg/image_03817.jpg,image_03817.jpg,20.397184371948242
831,/nas-ctm01/datasets/public/Oxford102Flowers/jpg/image_00832.jpg,image_00832.jpg,21.885353088378906
4903,/nas-ctm01/datasets/public/Oxford102Flowers/jpg/image_04904.jpg,image_04904.jpg,20.65409278869629
1456,/nas-ctm01/datasets/public/Oxford102Flowers/jpg/image_01457.jpg,image_01457.jpg,21.153642654418945
2607,/nas-ctm01/datasets/public/Oxford102Flowers/jpg/image_02608.jpg,image_02608.jpg,22.298507690429688
5012,/nas-ctm01/datasets/public/Oxford102Flowers/jpg/image_05013.jpg,image_05013.jpg,22.431060791015625
238,/nas-ctm01/datasets/public/Oxford102Flowers/jpg/image_00239.jpg,image_00239.jpg,24.151504516601562
92,/nas-ctm01/datasets/public/Oxford102Flowers/jpg/image_00093.jpg,image_00093.jpg,24.56246566772461
2977,/nas-ctm01/datasets/public/Oxford102Flowers/jpg/image_02978.jpg,image_02978.jpg,22.114883422851562
4119,/nas-ctm01/datasets/public/Oxford102Flowers/jpg/image_04120.jpg,image_04120.jpg,22.993194580078125
4816,/nas-ctm01/datasets/public/Oxford102Flowers/jpg/image_04817.jpg,image_04817.jpg,22.079051971435547
5635,/nas-ctm01/datasets/public/Oxford102Flowers/jpg/image_05636.jpg,image_05636.jpg,22.222139358520508
4506,/nas-ctm01/datasets/public/Oxford102Flowers/jpg/image_04507.jpg,image_04507.jpg,21.34447479248047
4516,/nas-ctm01/datasets/public/Oxford102Flowers/jpg/image_04517.jpg,image_04517.jpg,21.496870040893555
5514,/nas-ctm01/datasets/public/Oxford102Flowers/jpg/image_05515.jpg,image_05515.jpg,22.645801544189453
4325,/nas-ctm01/datasets/public/Oxford102Flowers/jpg/image_04326.jpg,image_04326.jpg,23.105438232421875
5162,/nas-ctm01/datasets/public/Oxford102Flowers/jpg/image_05163.jpg,image_05163.jpg,22.65675163269043
1001,/nas-ctm01/datasets/public/Oxford102Flowers/jpg/image_01002.jpg,image_01002.jpg,20.984800338745117
4240,/nas-ctm01/datasets/public/Oxford102Flowers/jpg/image_04241.jpg,image_04241.jpg,22.203710556030273
7845,/nas-ctm01/datasets/public/Oxford102Flowers/jpg/image_07846.jpg,image_07846.jpg,21.74095916748047
2377,/nas-ctm01/datasets/public/Oxford102Flowers/jpg/image_02378.jpg,image_02378.jpg,22.36592674255371
4587,/nas-ctm01/datasets/public/Oxford102Flowers/jpg/image_04588.jpg,image_04588.jpg,21.848388671875
4922,/nas-ctm01/datasets/public/Oxford102Flowers/jpg/image_04923.jpg,image_04923.jpg,24.27781105041504
6744,/nas-ctm01/datasets/public/Oxford102Flowers/jpg/image_06745.jpg,image_06745.jpg,20.848770141601562
3360,/nas-ctm01/datasets/public/Oxford102Flowers/jpg/image_03361.jpg,image_03361.jpg,23.02132797241211
3246,/nas-ctm01/datasets/public/Oxford102Flowers/jpg/image_03247.jpg,image_03247.jpg,22.273244857788086
5810,/nas-ctm01/datasets/public/Oxford102Flowers/jpg/image_05811.jpg,image_05811.jpg,21.648466110229492
1532,/nas-ctm01/datasets/public/Oxford102Flowers/jpg/image_01533.jpg,image_01533.jpg,24.357954025268555
2410,/nas-ctm01/datasets/public/Oxford102Flowers/jpg/image_02411.jpg,image_02411.jpg,21.874303817749023
4974,/nas-ctm01/datasets/public/Oxford102Flowers/jpg/image_04975.jpg,image_04975.jpg,23.456663131713867
411,/nas-ctm01/datasets/public/Oxford102Flowers/jpg/image_00412.jpg,image_00412.jpg,23.460918426513672
5180,/nas-ctm01/datasets/public/Oxford102Flowers/jpg/image_05181.jpg,image_05181.jpg,22.236366271972656
7852,/nas-ctm01/datasets/public/Oxford102Flowers/jpg/image_07853.jpg,image_07853.jpg,22.431720733642578
3922,/nas-ctm01/datasets/public/Oxford102Flowers/jpg/image_03923.jpg,image_03923.jpg,21.231529235839844
2805,/nas-ctm01/datasets/public/Oxford102Flowers/jpg/image_02806.jpg,image_02806.jpg,22.30413246154785
7562,/nas-ctm01/datasets/public/Oxford102Flowers/jpg/image_07563.jpg,image_07563.jpg,21.171772003173828
7092,/nas-ctm01/datasets/public/Oxford102Flowers/jpg/image_07093.jpg,image_07093.jpg,21.34564781188965
3082,/nas-ctm01/datasets/public/Oxford102Flowers/jpg/image_03083.jpg,image_03083.jpg,22.004364013671875
4545,/nas-ctm01/datasets/public/Oxford102Flowers/jpg/image_04546.jpg,image_04546.jpg,20.71379852294922
1736,/nas-ctm01/datasets/public/Oxford102Flowers/jpg/image_01737.jpg,image_01737.jpg,22.806079864501953
6846,/nas-ctm01/datasets/public/Oxford102Flowers/jpg/image_06847.jpg,image_06847.jpg,22.627986907958984
5169,/nas-ctm01/datasets/public/Oxford102Flowers/jpg/image_05170.jpg,image_05170.jpg,22.82024383544922
7470,/nas-ctm01/datasets/public/Oxford102Flowers/jpg/image_07471.jpg,image_07471.jpg,20.552221298217773
6479,/nas-ctm01/datasets/public/Oxford102Flowers/jpg/image_06480.jpg,image_06480.jpg,22.445329666137695
6244,/nas-ctm01/datasets/public/Oxford102Flowers/jpg/image_06245.jpg,image_06245.jpg,22.96524429321289
5700,/nas-ctm01/datasets/public/Oxford102Flowers/jpg/image_05701.jpg,image_05701.jpg,22.345497131347656
633,/nas-ctm01/datasets/public/Oxford102Flowers/jpg/image_00634.jpg,image_00634.jpg,21.134706497192383
3021,/nas-ctm01/datasets/public/Oxford102Flowers/jpg/image_03022.jpg,image_03022.jpg,22.48503303527832
498,/nas-ctm01/datasets/public/Oxford102Flowers/jpg/image_00499.jpg,image_00499.jpg,20.893436431884766
5952,/nas-ctm01/datasets/public/Oxford102Flowers/jpg/image_05953.jpg,image_05953.jpg,22.890457153320312
2463,/nas-ctm01/datasets/public/Oxford102Flowers/jpg/image_02464.jpg,image_02464.jpg,22.174585342407227
4610,/nas-ctm01/datasets/public/Oxford102Flowers/jpg/image_04611.jpg,image_04611.jpg,21.452999114990234
637,/nas-ctm01/datasets/public/Oxford102Flowers/jpg/image_00638.jpg,image_00638.jpg,20.964855194091797
720,/nas-ctm01/datasets/public/Oxford102Flowers/jpg/image_00721.jpg,image_00721.jpg,22.012744903564453
288,/nas-ctm01/datasets/public/Oxford102Flowers/jpg/image_00289.jpg,image_00289.jpg,23.479005813598633
757,/nas-ctm01/datasets/public/Oxford102Flowers/jpg/image_00758.jpg,image_00758.jpg,22.74847412109375
4393,/nas-ctm01/datasets/public/Oxford102Flowers/jpg/image_04394.jpg,image_04394.jpg,22.386953353881836
8129,/nas-ctm01/datasets/public/Oxford102Flowers/jpg/image_08130.jpg,image_08130.jpg,21.09185028076172
3089,/nas-ctm01/datasets/public/Oxford102Flowers/jpg/image_03090.jpg,image_03090.jpg,21.2069091796875
4466,/nas-ctm01/datasets/public/Oxford102Flowers/jpg/image_04467.jpg,image_04467.jpg,21.994237899780273
4866,/nas-ctm01/datasets/public/Oxford102Flowers/jpg/image_04867.jpg,image_04867.jpg,23.272018432617188
4914,/nas-ctm01/datasets/public/Oxford102Flowers/jpg/image_04915.jpg,image_04915.jpg,22.438417434692383
449,/nas-ctm01/datasets/public/Oxford102Flowers/jpg/image_00450.jpg,image_00450.jpg,21.5410099029541
596,/nas-ctm01/datasets/public/Oxford102Flowers/jpg/image_00597.jpg,image_00597.jpg,21.26153564453125
4100,/nas-ctm01/datasets/public/Oxford102Flowers/jpg/image_04101.jpg,image_04101.jpg,23.5140380859375
5994,/nas-ctm01/datasets/public/Oxford102Flowers/jpg/image_05995.jpg,image_05995.jpg,21.574434280395508
1068,/nas-ctm01/datasets/public/Oxford102Flowers/jpg/image_01069.jpg,image_01069.jpg,21.159589767456055
1942,/nas-ctm01/datasets/public/Oxford102Flowers/jpg/image_01943.jpg,image_01943.jpg,23.158777236938477
1647,/nas-ctm01/datasets/public/Oxford102Flowers/jpg/image_01648.jpg,image_01648.jpg,23.824115753173828
494,/nas-ctm01/datasets/public/Oxford102Flowers/jpg/image_00495.jpg,image_00495.jpg,21.409156799316406
5395,/nas-ctm01/datasets/public/Oxford102Flowers/jpg/image_05396.jpg,image_05396.jpg,21.476848602294922
2700,/nas-ctm01/datasets/public/Oxford102Flowers/jpg/image_02701.jpg,image_02701.jpg,22.182823181152344
1700,/nas-ctm01/datasets/public/Oxford102Flowers/jpg/image_01701.jpg,image_01701.jpg,23.60006332397461
7229,/nas-ctm01/datasets/public/Oxford102Flowers/jpg/image_07230.jpg,image_07230.jpg,23.345111846923828
6564,/nas-ctm01/datasets/public/Oxford102Flowers/jpg/image_06565.jpg,image_06565.jpg,22.306337356567383
4863,/nas-ctm01/datasets/public/Oxford102Flowers/jpg/image_04864.jpg,image_04864.jpg,23.19523048400879
7772,/nas-ctm01/datasets/public/Oxford102Flowers/jpg/image_07773.jpg,image_07773.jpg,21.132898330688477
2942,/nas-ctm01/datasets/public/Oxford102Flowers/jpg/image_02943.jpg,image_02943.jpg,21.771799087524414
6710,/nas-ctm01/datasets/public/Oxford102Flowers/jpg/image_06711.jpg,image_06711.jpg,20.817665100097656
5251,/nas-ctm01/datasets/public/Oxford102Flowers/jpg/image_05252.jpg,image_05252.jpg,20.368959426879883
3982,/nas-ctm01/datasets/public/Oxford102Flowers/jpg/image_03983.jpg,image_03983.jpg,22.470417022705078
2123,/nas-ctm01/datasets/public/Oxford102Flowers/jpg/image_02124.jpg,image_02124.jpg,21.321800231933594
4246,/nas-ctm01/datasets/public/Oxford102Flowers/jpg/image_04247.jpg,image_04247.jpg,22.11292839050293
86,/nas-ctm01/datasets/public/Oxford102Flowers/jpg/image_00087.jpg,image_00087.jpg,23.337093353271484
2308,/nas-ctm01/datasets/public/Oxford102Flowers/jpg/image_02309.jpg,image_02309.jpg,21.132783889770508
2677,/nas-ctm01/datasets/public/Oxford102Flowers/jpg/image_02678.jpg,image_02678.jpg,22.012020111083984
7934,/nas-ctm01/datasets/public/Oxford102Flowers/jpg/image_07935.jpg,image_07935.jpg,22.022716522216797
6481,/nas-ctm01/datasets/public/Oxford102Flowers/jpg/image_06482.jpg,image_06482.jpg,22.97538948059082
6813,/nas-ctm01/datasets/public/Oxford102Flowers/jpg/image_06814.jpg,image_06814.jpg,22.350053787231445
2594,/nas-ctm01/datasets/public/Oxford102Flowers/jpg/image_02595.jpg,image_02595.jpg,22.734107971191406
3844,/nas-ctm01/datasets/public/Oxford102Flowers/jpg/image_03845.jpg,image_03845.jpg,23.071653366088867
3058,/nas-ctm01/datasets/public/Oxford102Flowers/jpg/image_03059.jpg,image_03059.jpg,21.936403274536133
1029,/nas-ctm01/datasets/public/Oxford102Flowers/jpg/image_01030.jpg,image_01030.jpg,21.524154663085938
136,/nas-ctm01/datasets/public/Oxford102Flowers/jpg/image_00137.jpg,image_00137.jpg,24.633352279663086
2876,/nas-ctm01/datasets/public/Oxford102Flowers/jpg/image_02877.jpg,image_02877.jpg,22.977624893188477
4607,/nas-ctm01/datasets/public/Oxford102Flowers/jpg/image_04608.jpg,image_04608.jpg,21.056982040405273
7302,/nas-ctm01/datasets/public/Oxford102Flowers/jpg/image_07303.jpg,image_07303.jpg,22.207008361816406
2144,/nas-ctm01/datasets/public/Oxford102Flowers/jpg/image_02145.jpg,image_02145.jpg,21.75042152404785
7333,/nas-ctm01/datasets/public/Oxford102Flowers/jpg/image_07334.jpg,image_07334.jpg,22.220294952392578
6463,/nas-ctm01/datasets/public/Oxford102Flowers/jpg/image_06464.jpg,image_06464.jpg,22.907155990600586
5146,/nas-ctm01/datasets/public/Oxford102Flowers/jpg/image_05147.jpg,image_05147.jpg,20.307594299316406
3433,/nas-ctm01/datasets/public/Oxford102Flowers/jpg/image_03434.jpg,image_03434.jpg,21.147777557373047
1200,/nas-ctm01/datasets/public/Oxford102Flowers/jpg/image_01201.jpg,image_01201.jpg,21.210329055786133
2025,/nas-ctm01/datasets/public/Oxford102Flowers/jpg/image_02026.jpg,image_02026.jpg,21.81309700012207
621,/nas-ctm01/datasets/public/Oxford102Flowers/jpg/image_00622.jpg,image_00622.jpg,20.87497901916504
7448,/nas-ctm01/datasets/public/Oxford102Flowers/jpg/image_07449.jpg,image_07449.jpg,22.349430084228516
566,/nas-ctm01/datasets/public/Oxford102Flowers/jpg/image_00567.jpg,image_00567.jpg,21.904987335205078
7119,/nas-ctm01/datasets/public/Oxford102Flowers/jpg/image_07120.jpg,image_07120.jpg,21.20012664794922
1837,/nas-ctm01/datasets/public/Oxford102Flowers/jpg/image_01838.jpg,image_01838.jpg,22.267654418945312
1334,/nas-ctm01/datasets/public/Oxford102Flowers/jpg/image_01335.jpg,image_01335.jpg,22.203733444213867
5736,/nas-ctm01/datasets/public/Oxford102Flowers/jpg/image_05737.jpg,image_05737.jpg,21.727130889892578
7787,/nas-ctm01/datasets/public/Oxford102Flowers/jpg/image_07788.jpg,image_07788.jpg,21.37312889099121
2099,/nas-ctm01/datasets/public/Oxford102Flowers/jpg/image_02100.jpg,image_02100.jpg,21.602075576782227
4002,/nas-ctm01/datasets/public/Oxford102Flowers/jpg/image_04003.jpg,image_04003.jpg,21.37158966064453
5100,/nas-ctm01/datasets/public/Oxford102Flowers/jpg/image_05101.jpg,image_05101.jpg,22.416120529174805
6275,/nas-ctm01/datasets/public/Oxford102Flowers/jpg/image_06276.jpg,image_06276.jpg,22.17652702331543
6381,/nas-ctm01/datasets/public/Oxford102Flowers/jpg/image_06382.jpg,image_06382.jpg,22.238418579101562
1688,/nas-ctm01/datasets/public/Oxford102Flowers/jpg/image_01689.jpg,image_01689.jpg,22.458538055419922
745,/nas-ctm01/datasets/public/Oxford102Flowers/jpg/image_00746.jpg,image_00746.jpg,21.744184494018555
5610,/nas-ctm01/datasets/public/Oxford102Flowers/jpg/image_05611.jpg,image_05611.jpg,22.405332565307617
7124,/nas-ctm01/datasets/public/Oxford102Flowers/jpg/image_07125.jpg,image_07125.jpg,20.800769805908203
2187,/nas-ctm01/datasets/public/Oxford102Flowers/jpg/image_02188.jpg,image_02188.jpg,22.41407012939453
195,/nas-ctm01/datasets/public/Oxford102Flowers/jpg/image_00196.jpg,image_00196.jpg,24.34944725036621
1152,/nas-ctm01/datasets/public/Oxford102Flowers/jpg/image_01153.jpg,image_01153.jpg,21.723371505737305
3570,/nas-ctm01/datasets/public/Oxford102Flowers/jpg/image_03571.jpg,image_03571.jpg,22.560211181640625
5407,/nas-ctm01/datasets/public/Oxford102Flowers/jpg/image_05408.jpg,image_05408.jpg,23.103199005126953
802,/nas-ctm01/datasets/public/Oxford102Flowers/jpg/image_00803.jpg,image_00803.jpg,22.310630798339844
6704,/nas-ctm01/datasets/public/Oxford102Flowers/jpg/image_06705.jpg,image_06705.jpg,20.81903076171875
2350,/nas-ctm01/datasets/public/Oxford102Flowers/jpg/image_02351.jpg,image_02351.jpg,21.456886291503906
4292,/nas-ctm01/datasets/public/Oxford102Flowers/jpg/image_04293.jpg,image_04293.jpg,21.2552433013916
5159,/nas-ctm01/datasets/public/Oxford102Flowers/jpg/image_05160.jpg,image_05160.jpg,21.979738235473633
7414,/nas-ctm01/datasets/public/Oxford102Flowers/jpg/image_07415.jpg,image_07415.jpg,22.045047760009766
5306,/nas-ctm01/datasets/public/Oxford102Flowers/jpg/image_05307.jpg,image_05307.jpg,20.561803817749023
2068,/nas-ctm01/datasets/public/Oxford102Flowers/jpg/image_02069.jpg,image_02069.jpg,22.202123641967773
2907,/nas-ctm01/datasets/public/Oxford102Flowers/jpg/image_02908.jpg,image_02908.jpg,21.601499557495117
7819,/nas-ctm01/datasets/public/Oxford102Flowers/jpg/image_07820.jpg,image_07820.jpg,21.351112365722656
6326,/nas-ctm01/datasets/public/Oxford102Flowers/jpg/image_06327.jpg,image_06327.jpg,22.460500717163086
644,/nas-ctm01/datasets/public/Oxford102Flowers/jpg/image_00645.jpg,image_00645.jpg,21.160518646240234
7240,/nas-ctm01/datasets/public/Oxford102Flowers/jpg/image_07241.jpg,image_07241.jpg,20.523019790649414
6144,/nas-ctm01/datasets/public/Oxford102Flowers/jpg/image_06145.jpg,image_06145.jpg,20.879039764404297
6684,/nas-ctm01/datasets/public/Oxford102Flowers/jpg/image_06685.jpg,image_06685.jpg,21.14443588256836
4105,/nas-ctm01/datasets/public/Oxford102Flowers/jpg/image_04106.jpg,image_04106.jpg,23.23248291015625
5702,/nas-ctm01/datasets/public/Oxford102Flowers/jpg/image_05703.jpg,image_05703.jpg,22.443220138549805
4505,/nas-ctm01/datasets/public/Oxford102Flowers/jpg/image_04506.jpg,image_04506.jpg,20.698688507080078
120,/nas-ctm01/datasets/public/Oxford102Flowers/jpg/image_00121.jpg,image_00121.jpg,23.039419174194336
1777,/nas-ctm01/datasets/public/Oxford102Flowers/jpg/image_01778.jpg,image_01778.jpg,23.91060447692871
2981,/nas-ctm01/datasets/public/Oxford102Flowers/jpg/image_02982.jpg,image_02982.jpg,21.840932846069336
4374,/nas-ctm01/datasets/public/Oxford102Flowers/jpg/image_04375.jpg,image_04375.jpg,22.393667221069336
3074,/nas-ctm01/datasets/public/Oxford102Flowers/jpg/image_03075.jpg,image_03075.jpg,20.404619216918945
6577,/nas-ctm01/datasets/public/Oxford102Flowers/jpg/image_06578.jpg,image_06578.jpg,23.427404403686523
4900,/nas-ctm01/datasets/public/Oxford102Flowers/jpg/image_04901.jpg,image_04901.jpg,23.71621322631836
7149,/nas-ctm01/datasets/public/Oxford102Flowers/jpg/image_07150.jpg,image_07150.jpg,20.776126861572266
3035,/nas-ctm01/datasets/public/Oxford102Flowers/jpg/image_03036.jpg,image_03036.jpg,22.309436798095703
2135,/nas-ctm01/datasets/public/Oxford102Flowers/jpg/image_02136.jpg,image_02136.jpg,21.745473861694336
5693,/nas-ctm01/datasets/public/Oxford102Flowers/jpg/image_05694.jpg,image_05694.jpg,22.0986270904541
5006,/nas-ctm01/datasets/public/Oxford102Flowers/jpg/image_05007.jpg,image_05007.jpg,23.44937515258789
134,/nas-ctm01/datasets/public/Oxford102Flowers/jpg/image_00135.jpg,image_00135.jpg,23.17243003845215
7233,/nas-ctm01/datasets/public/Oxford102Flowers/jpg/image_07234.jpg,image_07234.jpg,20.690174102783203
5111,/nas-ctm01/datasets/public/Oxford102Flowers/jpg/image_05112.jpg,image_05112.jpg,23.168317794799805
4454,/nas-ctm01/datasets/public/Oxford102Flowers/jpg/image_04455.jpg,image_04455.jpg,20.70926284790039
5199,/nas-ctm01/datasets/public/Oxford102Flowers/jpg/image_05200.jpg,image_05200.jpg,22.08913803100586
6193,/nas-ctm01/datasets/public/Oxford102Flowers/jpg/image_06194.jpg,image_06194.jpg,21.994905471801758
1162,/nas-ctm01/datasets/public/Oxford102Flowers/jpg/image_01163.jpg,image_01163.jpg,22.141321182250977
2559,/nas-ctm01/datasets/public/Oxford102Flowers/jpg/image_02560.jpg,image_02560.jpg,22.831453323364258
62,/nas-ctm01/datasets/public/Oxford102Flowers/jpg/image_00063.jpg,image_00063.jpg,23.590862274169922
6780,/nas-ctm01/datasets/public/Oxford102Flowers/jpg/image_06781.jpg,image_06781.jpg,20.51131248474121
7126,/nas-ctm01/datasets/public/Oxford102Flowers/jpg/image_07127.jpg,image_07127.jpg,21.042572021484375
4410,/nas-ctm01/datasets/public/Oxford102Flowers/jpg/image_04411.jpg,image_04411.jpg,22.35643768310547
1642,/nas-ctm01/datasets/public/Oxford102Flowers/jpg/image_01643.jpg,image_01643.jpg,23.458152770996094
6137,/nas-ctm01/datasets/public/Oxford102Flowers/jpg/image_06138.jpg,image_06138.jpg,20.48329734802246
2467,/nas-ctm01/datasets/public/Oxford102Flowers/jpg/image_02468.jpg,image_02468.jpg,21.608745574951172
679,/nas-ctm01/datasets/public/Oxford102Flowers/jpg/image_00680.jpg,image_00680.jpg,21.356462478637695
4582,/nas-ctm01/datasets/public/Oxford102Flowers/jpg/image_04583.jpg,image_04583.jpg,22.19856834411621
741,/nas-ctm01/datasets/public/Oxford102Flowers/jpg/image_00742.jpg,image_00742.jpg,20.98294448852539
1211,/nas-ctm01/datasets/public/Oxford102Flowers/jpg/image_01212.jpg,image_01212.jpg,22.234512329101562
2170,/nas-ctm01/datasets/public/Oxford102Flowers/jpg/image_02171.jpg,image_02171.jpg,22.06684684753418
6194,/nas-ctm01/datasets/public/Oxford102Flowers/jpg/image_06195.jpg,image_06195.jpg,21.093063354492188
5609,/nas-ctm01/datasets/public/Oxford102Flowers/jpg/image_05610.jpg,image_05610.jpg,21.323041915893555
5755,/nas-ctm01/datasets/public/Oxford102Flowers/jpg/image_05756.jpg,image_05756.jpg,23.777559280395508
2900,/nas-ctm01/datasets/public/Oxford102Flowers/jpg/image_02901.jpg,image_02901.jpg,22.244569778442383
3258,/nas-ctm01/datasets/public/Oxford102Flowers/jpg/image_03259.jpg,image_03259.jpg,22.006589889526367
567,/nas-ctm01/datasets/public/Oxford102Flowers/jpg/image_00568.jpg,image_00568.jpg,20.75065040588379
1873,/nas-ctm01/datasets/public/Oxford102Flowers/jpg/image_01874.jpg,image_01874.jpg,23.542098999023438
648,/nas-ctm01/datasets/public/Oxford102Flowers/jpg/image_00649.jpg,image_00649.jpg,22.361217498779297
2596,/nas-ctm01/datasets/public/Oxford102Flowers/jpg/image_02597.jpg,image_02597.jpg,23.045045852661133
1717,/nas-ctm01/datasets/public/Oxford102Flowers/jpg/image_01718.jpg,image_01718.jpg,22.469148635864258
6783,/nas-ctm01/datasets/public/Oxford102Flowers/jpg/image_06784.jpg,image_06784.jpg,21.25189781188965
2843,/nas-ctm01/datasets/public/Oxford102Flowers/jpg/image_02844.jpg,image_02844.jpg,22.50231170654297
1392,/nas-ctm01/datasets/public/Oxford102Flowers/jpg/image_01393.jpg,image_01393.jpg,20.997867584228516
6157,/nas-ctm01/datasets/public/Oxford102Flowers/jpg/image_06158.jpg,image_06158.jpg,20.692947387695312
3806,/nas-ctm01/datasets/public/Oxford102Flowers/jpg/image_03807.jpg,image_03807.jpg,20.766307830810547
5461,/nas-ctm01/datasets/public/Oxford102Flowers/jpg/image_05462.jpg,image_05462.jpg,22.309606552124023
3617,/nas-ctm01/datasets/public/Oxford102Flowers/jpg/image_03618.jpg,image_03618.jpg,21.772199630737305
6014,/nas-ctm01/datasets/public/Oxford102Flowers/jpg/image_06015.jpg,image_06015.jpg,20.74626922607422
489,/nas-ctm01/datasets/public/Oxford102Flowers/jpg/image_00490.jpg,image_00490.jpg,21.065753936767578
493,/nas-ctm01/datasets/public/Oxford102Flowers/jpg/image_00494.jpg,image_00494.jpg,21.575639724731445
690,/nas-ctm01/datasets/public/Oxford102Flowers/jpg/image_00691.jpg,image_00691.jpg,21.05652618408203
5746,/nas-ctm01/datasets/public/Oxford102Flowers/jpg/image_05747.jpg,image_05747.jpg,23.69614601135254
602,/nas-ctm01/datasets/public/Oxford102Flowers/jpg/image_00603.jpg,image_00603.jpg,20.31089973449707
1911,/nas-ctm01/datasets/public/Oxford102Flowers/jpg/image_01912.jpg,image_01912.jpg,22.961153030395508
7281,/nas-ctm01/datasets/public/Oxford102Flowers/jpg/image_07282.jpg,image_07282.jpg,21.906036376953125
2880,/nas-ctm01/datasets/public/Oxford102Flowers/jpg/image_02881.jpg,image_02881.jpg,22.21714210510254
7207,/nas-ctm01/datasets/public/Oxford102Flowers/jpg/image_07208.jpg,image_07208.jpg,22.380844116210938
5814,/nas-ctm01/datasets/public/Oxford102Flowers/jpg/image_05815.jpg,image_05815.jpg,22.086193084716797
5818,/nas-ctm01/datasets/public/Oxford102Flowers/jpg/image_05819.jpg,image_05819.jpg,21.641225814819336
3921,/nas-ctm01/datasets/public/Oxford102Flowers/jpg/image_03922.jpg,image_03922.jpg,22.483266830444336
6543,/nas-ctm01/datasets/public/Oxford102Flowers/jpg/image_06544.jpg,image_06544.jpg,23.270368576049805
2366,/nas-ctm01/datasets/public/Oxford102Flowers/jpg/image_02367.jpg,image_02367.jpg,21.884065628051758
7663,/nas-ctm01/datasets/public/Oxford102Flowers/jpg/image_07664.jpg,image_07664.jpg,22.1811466217041
1187,/nas-ctm01/datasets/public/Oxford102Flowers/jpg/image_01188.jpg,image_01188.jpg,22.35149574279785
274,/nas-ctm01/datasets/public/Oxford102Flowers/jpg/image_00275.jpg,image_00275.jpg,21.90200424194336
5030,/nas-ctm01/datasets/public/Oxford102Flowers/jpg/image_05031.jpg,image_05031.jpg,20.613801956176758
4726,/nas-ctm01/datasets/public/Oxford102Flowers/jpg/image_04727.jpg,image_04727.jpg,22.077096939086914
1361,/nas-ctm01/datasets/public/Oxford102Flowers/jpg/image_01362.jpg,image_01362.jpg,22.016542434692383
7163,/nas-ctm01/datasets/public/Oxford102Flowers/jpg/image_07164.jpg,image_07164.jpg,22.337697982788086
1526,/nas-ctm01/datasets/public/Oxford102Flowers/jpg/image_01527.jpg,image_01527.jpg,24.535179138183594
5813,/nas-ctm01/datasets/public/Oxford102Flowers/jpg/image_05814.jpg,image_05814.jpg,22.72780418395996
4786,/nas-ctm01/datasets/public/Oxford102Flowers/jpg/image_04787.jpg,image_04787.jpg,22.27358627319336
8066,/nas-ctm01/datasets/public/Oxford102Flowers/jpg/image_08067.jpg,image_08067.jpg,22.72374725341797
1551,/nas-ctm01/datasets/public/Oxford102Flowers/jpg/image_01552.jpg,image_01552.jpg,24.8194522857666
330,/nas-ctm01/datasets/public/Oxford102Flowers/jpg/image_00331.jpg,image_00331.jpg,23.10788345336914
7701,/nas-ctm01/datasets/public/Oxford102Flowers/jpg/image_07702.jpg,image_07702.jpg,21.9135799407959
1337,/nas-ctm01/datasets/public/Oxford102Flowers/jpg/image_01338.jpg,image_01338.jpg,21.844152450561523
8050,/nas-ctm01/datasets/public/Oxford102Flowers/jpg/image_08051.jpg,image_08051.jpg,22.751317977905273
945,/nas-ctm01/datasets/public/Oxford102Flowers/jpg/image_00946.jpg,image_00946.jpg,23.586669921875
6438,/nas-ctm01/datasets/public/Oxford102Flowers/jpg/image_06439.jpg,image_06439.jpg,21.497974395751953
2250,/nas-ctm01/datasets/public/Oxford102Flowers/jpg/image_02251.jpg,image_02251.jpg,21.970945358276367
6442,/nas-ctm01/datasets/public/Oxford102Flowers/jpg/image_06443.jpg,image_06443.jpg,22.42497444152832
801,/nas-ctm01/datasets/public/Oxford102Flowers/jpg/image_00802.jpg,image_00802.jpg,22.5050106048584
5931,/nas-ctm01/datasets/public/Oxford102Flowers/jpg/image_05932.jpg,image_05932.jpg,22.134765625
2346,/nas-ctm01/datasets/public/Oxford102Flowers/jpg/image_02347.jpg,image_02347.jpg,22.083269119262695
68,/nas-ctm01/datasets/public/Oxford102Flowers/jpg/image_00069.jpg,image_00069.jpg,23.217111587524414
6266,/nas-ctm01/datasets/public/Oxford102Flowers/jpg/image_06267.jpg,image_06267.jpg,20.7723445892334
5832,/nas-ctm01/datasets/public/Oxford102Flowers/jpg/image_05833.jpg,image_05833.jpg,23.01858139038086
2784,/nas-ctm01/datasets/public/Oxford102Flowers/jpg/image_02785.jpg,image_02785.jpg,21.196025848388672
1598,/nas-ctm01/datasets/public/Oxford102Flowers/jpg/image_01599.jpg,image_01599.jpg,23.38832664489746
5190,/nas-ctm01/datasets/public/Oxford102Flowers/jpg/image_05191.jpg,image_05191.jpg,21.60894203186035
4830,/nas-ctm01/datasets/public/Oxford102Flowers/jpg/image_04831.jpg,image_04831.jpg,22.787065505981445
7511,/nas-ctm01/datasets/public/Oxford102Flowers/jpg/image_07512.jpg,image_07512.jpg,21.8543701171875
1503,/nas-ctm01/datasets/public/Oxford102Flowers/jpg/image_01504.jpg,image_01504.jpg,24.821653366088867
6416,/nas-ctm01/datasets/public/Oxford102Flowers/jpg/image_06417.jpg,image_06417.jpg,21.35003662109375
150,/nas-ctm01/datasets/public/Oxford102Flowers/jpg/image_00151.jpg,image_00151.jpg,23.9716739654541
2804,/nas-ctm01/datasets/public/Oxford102Flowers/jpg/image_02805.jpg,image_02805.jpg,22.15863609313965
3968,/nas-ctm01/datasets/public/Oxford102Flowers/jpg/image_03969.jpg,image_03969.jpg,22.39629364013672
2086,/nas-ctm01/datasets/public/Oxford102Flowers/jpg/image_02087.jpg,image_02087.jpg,22.42969512939453
7464,/nas-ctm01/datasets/public/Oxford102Flowers/jpg/image_07465.jpg,image_07465.jpg,22.074859619140625
2259,/nas-ctm01/datasets/public/Oxford102Flowers/jpg/image_02260.jpg,image_02260.jpg,21.713699340820312
4113,/nas-ctm01/datasets/public/Oxford102Flowers/jpg/image_04114.jpg,image_04114.jpg,23.072269439697266
4058,/nas-ctm01/datasets/public/Oxford102Flowers/jpg/image_04059.jpg,image_04059.jpg,22.209964752197266
6920,/nas-ctm01/datasets/public/Oxford102Flowers/jpg/image_06921.jpg,image_06921.jpg,23.52872657775879
6124,/nas-ctm01/datasets/public/Oxford102Flowers/jpg/image_06125.jpg,image_06125.jpg,21.146888732910156
859,/nas-ctm01/datasets/public/Oxford102Flowers/jpg/image_00860.jpg,image_00860.jpg,22.5572566986084
3767,/nas-ctm01/datasets/public/Oxford102Flowers/jpg/image_03768.jpg,image_03768.jpg,20.455717086791992
5102,/nas-ctm01/datasets/public/Oxford102Flowers/jpg/image_05103.jpg,image_05103.jpg,22.188892364501953
4996,/nas-ctm01/datasets/public/Oxford102Flowers/jpg/image_04997.jpg,image_04997.jpg,23.466426849365234
4923,/nas-ctm01/datasets/public/Oxford102Flowers/jpg/image_04924.jpg,image_04924.jpg,23.385513305664062
4220,/nas-ctm01/datasets/public/Oxford102Flowers/jpg/image_04221.jpg,image_04221.jpg,22.557846069335938
7094,/nas-ctm01/datasets/public/Oxford102Flowers/jpg/image_07095.jpg,image_07095.jpg,20.95566749572754
366,/nas-ctm01/datasets/public/Oxford102Flowers/jpg/image_00367.jpg,image_00367.jpg,22.810380935668945
1432,/nas-ctm01/datasets/public/Oxford102Flowers/jpg/image_01433.jpg,image_01433.jpg,21.0354061126709
4404,/nas-ctm01/datasets/public/Oxford102Flowers/jpg/image_04405.jpg,image_04405.jpg,21.732221603393555
5749,/nas-ctm01/datasets/public/Oxford102Flowers/jpg/image_05750.jpg,image_05750.jpg,24.51043128967285
3578,/nas-ctm01/datasets/public/Oxford102Flowers/jpg/image_03579.jpg,image_03579.jpg,22.637405395507812
1779,/nas-ctm01/datasets/public/Oxford102Flowers/jpg/image_01780.jpg,image_01780.jpg,23.89594268798828
4685,/nas-ctm01/datasets/public/Oxford102Flowers/jpg/image_04686.jpg,image_04686.jpg,21.52189064025879
6578,/nas-ctm01/datasets/public/Oxford102Flowers/jpg/image_06579.jpg,image_06579.jpg,22.874874114990234
4273,/nas-ctm01/datasets/public/Oxford102Flowers/jpg/image_04274.jpg,image_04274.jpg,21.421781539916992
1818,/nas-ctm01/datasets/public/Oxford102Flowers/jpg/image_01819.jpg,image_01819.jpg,23.349815368652344
5242,/nas-ctm01/datasets/public/Oxford102Flowers/jpg/image_05243.jpg,image_05243.jpg,21.32066535949707
841,/nas-ctm01/datasets/public/Oxford102Flowers/jpg/image_00842.jpg,image_00842.jpg,22.796308517456055
2704,/nas-ctm01/datasets/public/Oxford102Flowers/jpg/image_02705.jpg,image_02705.jpg,22.459630966186523
1189,/nas-ctm01/datasets/public/Oxford102Flowers/jpg/image_01190.jpg,image_01190.jpg,22.491159439086914
175,/nas-ctm01/datasets/public/Oxford102Flowers/jpg/image_00176.jpg,image_00176.jpg,24.126632690429688
5836,/nas-ctm01/datasets/public/Oxford102Flowers/jpg/image_05837.jpg,image_05837.jpg,22.40111541748047
7703,/nas-ctm01/datasets/public/Oxford102Flowers/jpg/image_07704.jpg,image_07704.jpg,21.33686065673828
617,/nas-ctm01/datasets/public/Oxford102Flowers/jpg/image_00618.jpg,image_00618.jpg,20.88956642150879
2093,/nas-ctm01/datasets/public/Oxford102Flowers/jpg/image_02094.jpg,image_02094.jpg,20.659000396728516
3308,/nas-ctm01/datasets/public/Oxford102Flowers/jpg/image_03309.jpg,image_03309.jpg,23.02979278564453
5958,/nas-ctm01/datasets/public/Oxford102Flowers/jpg/image_05959.jpg,image_05959.jpg,22.453813552856445
3491,/nas-ctm01/datasets/public/Oxford102Flowers/jpg/image_03492.jpg,image_03492.jpg,22.533918380737305
6101,/nas-ctm01/datasets/public/Oxford102Flowers/jpg/image_06102.jpg,image_06102.jpg,20.600568771362305
82,/nas-ctm01/datasets/public/Oxford102Flowers/jpg/image_00083.jpg,image_00083.jpg,23.43011474609375
7801,/nas-ctm01/datasets/public/Oxford102Flowers/jpg/image_07802.jpg,image_07802.jpg,20.821393966674805
3208,/nas-ctm01/datasets/public/Oxford102Flowers/jpg/image_03209.jpg,image_03209.jpg,22.613168716430664
816,/nas-ctm01/datasets/public/Oxford102Flowers/jpg/image_00817.jpg,image_00817.jpg,22.414146423339844
1030,/nas-ctm01/datasets/public/Oxford102Flowers/jpg/image_01031.jpg,image_01031.jpg,20.94877052307129
5223,/nas-ctm01/datasets/public/Oxford102Flowers/jpg/image_05224.jpg,image_05224.jpg,21.015974044799805
300,/nas-ctm01/datasets/public/Oxford102Flowers/jpg/image_00301.jpg,image_00301.jpg,22.7224063873291
4562,/nas-ctm01/datasets/public/Oxford102Flowers/jpg/image_04563.jpg,image_04563.jpg,21.865463256835938
1472,/nas-ctm01/datasets/public/Oxford102Flowers/jpg/image_01473.jpg,image_01473.jpg,20.991004943847656
283,/nas-ctm01/datasets/public/Oxford102Flowers/jpg/image_00284.jpg,image_00284.jpg,23.064863204956055
2028,/nas-ctm01/datasets/public/Oxford102Flowers/jpg/image_02029.jpg,image_02029.jpg,22.670360565185547
4411,/nas-ctm01/datasets/public/Oxford102Flowers/jpg/image_04412.jpg,image_04412.jpg,21.400789260864258
5026,/nas-ctm01/datasets/public/Oxford102Flowers/jpg/image_05027.jpg,image_05027.jpg,21.31647300720215
6494,/nas-ctm01/datasets/public/Oxford102Flowers/jpg/image_06495.jpg,image_06495.jpg,23.541933059692383
2915,/nas-ctm01/datasets/public/Oxford102Flowers/jpg/image_02916.jpg,image_02916.jpg,21.813016891479492
1813,/nas-ctm01/datasets/public/Oxford102Flowers/jpg/image_01814.jpg,image_01814.jpg,23.84224510192871
1271,/nas-ctm01/datasets/public/Oxford102Flowers/jpg/image_01272.jpg,image_01272.jpg,22.431560516357422
7672,/nas-ctm01/datasets/public/Oxford102Flowers/jpg/image_07673.jpg,image_07673.jpg,21.427988052368164
3891,/nas-ctm01/datasets/public/Oxford102Flowers/jpg/image_03892.jpg,image_03892.jpg,24.00636863708496
4731,/nas-ctm01/datasets/public/Oxford102Flowers/jpg/image_04732.jpg,image_04732.jpg,21.093265533447266
6100,/nas-ctm01/datasets/public/Oxford102Flowers/jpg/image_06101.jpg,image_06101.jpg,20.635225296020508
7061,/nas-ctm01/datasets/public/Oxford102Flowers/jpg/image_07062.jpg,image_07062.jpg,22.7150821685791
3817,/nas-ctm01/datasets/public/Oxford102Flowers/jpg/image_03818.jpg,image_03818.jpg,20.82659149169922
3150,/nas-ctm01/datasets/public/Oxford102Flowers/jpg/image_03151.jpg,image_03151.jpg,21.430910110473633
820,/nas-ctm01/datasets/public/Oxford102Flowers/jpg/image_00821.jpg,image_00821.jpg,21.594993591308594
2313,/nas-ctm01/datasets/public/Oxford102Flowers/jpg/image_02314.jpg,image_02314.jpg,21.611492156982422
2008,/nas-ctm01/datasets/public/Oxford102Flowers/jpg/image_02009.jpg,image_02009.jpg,22.325199127197266
4942,/nas-ctm01/datasets/public/Oxford102Flowers/jpg/image_04943.jpg,image_04943.jpg,21.28804588317871
2642,/nas-ctm01/datasets/public/Oxford102Flowers/jpg/image_02643.jpg,image_02643.jpg,22.602216720581055
7799,/nas-ctm01/datasets/public/Oxford102Flowers/jpg/image_07800.jpg,image_07800.jpg,21.036230087280273
3834,/nas-ctm01/datasets/public/Oxford102Flowers/jpg/image_03835.jpg,image_03835.jpg,24.112150192260742
7462,/nas-ctm01/datasets/public/Oxford102Flowers/jpg/image_07463.jpg,image_07463.jpg,21.93587875366211
2305,/nas-ctm01/datasets/public/Oxford102Flowers/jpg/image_02306.jpg,image_02306.jpg,21.2613582611084
4701,/nas-ctm01/datasets/public/Oxford102Flowers/jpg/image_04702.jpg,image_04702.jpg,21.79093360900879
5905,/nas-ctm01/datasets/public/Oxford102Flowers/jpg/image_05906.jpg,image_05906.jpg,23.29935646057129
99,/nas-ctm01/datasets/public/Oxford102Flowers/jpg/image_00100.jpg,image_00100.jpg,24.35163116455078
6995,/nas-ctm01/datasets/public/Oxford102Flowers/jpg/image_06996.jpg,image_06996.jpg,22.875402450561523
744,/nas-ctm01/datasets/public/Oxford102Flowers/jpg/image_00745.jpg,image_00745.jpg,22.47681427001953
7864,/nas-ctm01/datasets/public/Oxford102Flowers/jpg/image_07865.jpg,image_07865.jpg,22.704498291015625
7575,/nas-ctm01/datasets/public/Oxford102Flowers/jpg/image_07576.jpg,image_07576.jpg,20.889129638671875
4127,/nas-ctm01/datasets/public/Oxford102Flowers/jpg/image_04128.jpg,image_04128.jpg,24.41996955871582
480,/nas-ctm01/datasets/public/Oxford102Flowers/jpg/image_00481.jpg,image_00481.jpg,23.330076217651367
5426,/nas-ctm01/datasets/public/Oxford102Flowers/jpg/image_05427.jpg,image_05427.jpg,23.26862144470215
7944,/nas-ctm01/datasets/public/Oxford102Flowers/jpg/image_07945.jpg,image_07945.jpg,21.330026626586914
8038,/nas-ctm01/datasets/public/Oxford102Flowers/jpg/image_08039.jpg,image_08039.jpg,21.617643356323242
1157,/nas-ctm01/datasets/public/Oxford102Flowers/jpg/image_01158.jpg,image_01158.jpg,21.64243507385254
6857,/nas-ctm01/datasets/public/Oxford102Flowers/jpg/image_06858.jpg,image_06858.jpg,22.451108932495117
5452,/nas-ctm01/datasets/public/Oxford102Flowers/jpg/image_05453.jpg,image_05453.jpg,22.27336311340332
6046,/nas-ctm01/datasets/public/Oxford102Flowers/jpg/image_06047.jpg,image_06047.jpg,20.321210861206055
1437,/nas-ctm01/datasets/public/Oxford102Flowers/jpg/image_01438.jpg,image_01438.jpg,20.75844383239746
2414,/nas-ctm01/datasets/public/Oxford102Flowers/jpg/image_02415.jpg,image_02415.jpg,22.431459426879883
3554,/nas-ctm01/datasets/public/Oxford102Flowers/jpg/image_03555.jpg,image_03555.jpg,22.74869155883789
5332,/nas-ctm01/datasets/public/Oxford102Flowers/jpg/image_05333.jpg,image_05333.jpg,21.920907974243164
402,/nas-ctm01/datasets/public/Oxford102Flowers/jpg/image_00403.jpg,image_00403.jpg,23.645009994506836
5570,/nas-ctm01/datasets/public/Oxford102Flowers/jpg/image_05571.jpg,image_05571.jpg,21.01288604736328
2195,/nas-ctm01/datasets/public/Oxford102Flowers/jpg/image_02196.jpg,image_02196.jpg,21.146221160888672
949,/nas-ctm01/datasets/public/Oxford102Flowers/jpg/image_00950.jpg,image_00950.jpg,20.978038787841797
4013,/nas-ctm01/datasets/public/Oxford102Flowers/jpg/image_04014.jpg,image_04014.jpg,21.352922439575195
2067,/nas-ctm01/datasets/public/Oxford102Flowers/jpg/image_02068.jpg,image_02068.jpg,22.808237075805664
4253,/nas-ctm01/datasets/public/Oxford102Flowers/jpg/image_04254.jpg,image_04254.jpg,21.183687210083008
5743,/nas-ctm01/datasets/public/Oxford102Flowers/jpg/image_05744.jpg,image_05744.jpg,23.74823760986328
668,/nas-ctm01/datasets/public/Oxford102Flowers/jpg/image_00669.jpg,image_00669.jpg,21.653640747070312
218,/nas-ctm01/datasets/public/Oxford102Flowers/jpg/image_00219.jpg,image_00219.jpg,24.43218231201172
3366,/nas-ctm01/datasets/public/Oxford102Flowers/jpg/image_03367.jpg,image_03367.jpg,22.605457305908203
7884,/nas-ctm01/datasets/public/Oxford102Flowers/jpg/image_07885.jpg,image_07885.jpg,21.283767700195312
1962,/nas-ctm01/datasets/public/Oxford102Flowers/jpg/image_01963.jpg,image_01963.jpg,22.47736358642578
5213,/nas-ctm01/datasets/public/Oxford102Flowers/jpg/image_05214.jpg,image_05214.jpg,21.609344482421875
5937,/nas-ctm01/datasets/public/Oxford102Flowers/jpg/image_05938.jpg,image_05938.jpg,23.153053283691406
2213,/nas-ctm01/datasets/public/Oxford102Flowers/jpg/image_02214.jpg,image_02214.jpg,21.797012329101562
2633,/nas-ctm01/datasets/public/Oxford102Flowers/jpg/image_02634.jpg,image_02634.jpg,22.271451950073242
1659,/nas-ctm01/datasets/public/Oxford102Flowers/jpg/image_01660.jpg,image_01660.jpg,23.402544021606445
7766,/nas-ctm01/datasets/public/Oxford102Flowers/jpg/image_07767.jpg,image_07767.jpg,21.143817901611328
5494,/nas-ctm01/datasets/public/Oxford102Flowers/jpg/image_05495.jpg,image_05495.jpg,22.26551628112793
5434,/nas-ctm01/datasets/public/Oxford102Flowers/jpg/image_05435.jpg,image_05435.jpg,22.22991180419922
5617,/nas-ctm01/datasets/public/Oxford102Flowers/jpg/image_05618.jpg,image_05618.jpg,22.070085525512695
2145,/nas-ctm01/datasets/public/Oxford102Flowers/jpg/image_02146.jpg,image_02146.jpg,21.553071975708008
777,/nas-ctm01/datasets/public/Oxford102Flowers/jpg/image_00778.jpg,image_00778.jpg,21.51630210876465
2434,/nas-ctm01/datasets/public/Oxford102Flowers/jpg/image_02435.jpg,image_02435.jpg,21.20440101623535
3066,/nas-ctm01/datasets/public/Oxford102Flowers/jpg/image_03067.jpg,image_03067.jpg,20.883625030517578
8164,/nas-ctm01/datasets/public/Oxford102Flowers/jpg/image_08165.jpg,image_08165.jpg,22.323402404785156
5824,/nas-ctm01/datasets/public/Oxford102Flowers/jpg/image_05825.jpg,image_05825.jpg,22.290157318115234
7830,/nas-ctm01/datasets/public/Oxford102Flowers/jpg/image_07831.jpg,image_07831.jpg,21.46424102783203
4684,/nas-ctm01/datasets/public/Oxford102Flowers/jpg/image_04685.jpg,image_04685.jpg,21.119462966918945
4981,/nas-ctm01/datasets/public/Oxford102Flowers/jpg/image_04982.jpg,image_04982.jpg,23.086870193481445
1491,/nas-ctm01/datasets/public/Oxford102Flowers/jpg/image_01492.jpg,image_01492.jpg,23.39944076538086
3545,/nas-ctm01/datasets/public/Oxford102Flowers/jpg/image_03546.jpg,image_03546.jpg,22.048383712768555
3153,/nas-ctm01/datasets/public/Oxford102Flowers/jpg/image_03154.jpg,image_03154.jpg,21.266529083251953
3942,/nas-ctm01/datasets/public/Oxford102Flowers/jpg/image_03943.jpg,image_03943.jpg,22.050798416137695
6012,/nas-ctm01/datasets/public/Oxford102Flowers/jpg/image_06013.jpg,image_06013.jpg,21.33821678161621
4955,/nas-ctm01/datasets/public/Oxford102Flowers/jpg/image_04956.jpg,image_04956.jpg,22.93490982055664
6135,/nas-ctm01/datasets/public/Oxford102Flowers/jpg/image_06136.jpg,image_06136.jpg,21.121570587158203
4746,/nas-ctm01/datasets/public/Oxford102Flowers/jpg/image_04747.jpg,image_04747.jpg,21.416147232055664
3641,/nas-ctm01/datasets/public/Oxford102Flowers/jpg/image_03642.jpg,image_03642.jpg,21.571447372436523
517,/nas-ctm01/datasets/public/Oxford102Flowers/jpg/image_00518.jpg,image_00518.jpg,21.97420883178711
4112,/nas-ctm01/datasets/public/Oxford102Flowers/jpg/image_04113.jpg,image_04113.jpg,23.749265670776367
5418,/nas-ctm01/datasets/public/Oxford102Flowers/jpg/image_05419.jpg,image_05419.jpg,23.197532653808594
4630,/nas-ctm01/datasets/public/Oxford102Flowers/jpg/image_04631.jpg,image_04631.jpg,22.067502975463867
6066,/nas-ctm01/datasets/public/Oxford102Flowers/jpg/image_06067.jpg,image_06067.jpg,23.915990829467773
7964,/nas-ctm01/datasets/public/Oxford102Flowers/jpg/image_07965.jpg,image_07965.jpg,21.0015811920166
6270,/nas-ctm01/datasets/public/Oxford102Flowers/jpg/image_06271.jpg,image_06271.jpg,21.53124237060547
1415,/nas-ctm01/datasets/public/Oxford102Flowers/jpg/image_01416.jpg,image_01416.jpg,20.333086013793945
568,/nas-ctm01/datasets/public/Oxford102Flowers/jpg/image_00569.jpg,image_00569.jpg,22.790691375732422
360,/nas-ctm01/datasets/public/Oxford102Flowers/jpg/image_00361.jpg,image_00361.jpg,23.174938201904297
6537,/nas-ctm01/datasets/public/Oxford102Flowers/jpg/image_06538.jpg,image_06538.jpg,23.366567611694336
7049,/nas-ctm01/datasets/public/Oxford102Flowers/jpg/image_07050.jpg,image_07050.jpg,21.896163940429688
5339,/nas-ctm01/datasets/public/Oxford102Flowers/jpg/image_05340.jpg,image_05340.jpg,21.245866775512695
4266,/nas-ctm01/datasets/public/Oxford102Flowers/jpg/image_04267.jpg,image_04267.jpg,21.9333553314209
3100,/nas-ctm01/datasets/public/Oxford102Flowers/jpg/image_03101.jpg,image_03101.jpg,22.093360900878906
6421,/nas-ctm01/datasets/public/Oxford102Flowers/jpg/image_06422.jpg,image_06422.jpg,20.354949951171875
759,/nas-ctm01/datasets/public/Oxford102Flowers/jpg/image_00760.jpg,image_00760.jpg,21.78211212158203
3548,/nas-ctm01/datasets/public/Oxford102Flowers/jpg/image_03549.jpg,image_03549.jpg,22.60789680480957
5347,/nas-ctm01/datasets/public/Oxford102Flowers/jpg/image_05348.jpg,image_05348.jpg,21.680082321166992
7698,/nas-ctm01/datasets/public/Oxford102Flowers/jpg/image_07699.jpg,image_07699.jpg,21.175464630126953
7895,/nas-ctm01/datasets/public/Oxford102Flowers/jpg/image_07896.jpg,image_07896.jpg,21.441375732421875
6643,/nas-ctm01/datasets/public/Oxford102Flowers/jpg/image_06644.jpg,image_06644.jpg,20.905309677124023
7929,/nas-ctm01/datasets/public/Oxford102Flowers/jpg/image_07930.jpg,image_07930.jpg,21.750741958618164
214,/nas-ctm01/datasets/public/Oxford102Flowers/jpg/image_00215.jpg,image_00215.jpg,24.190889358520508
3662,/nas-ctm01/datasets/public/Oxford102Flowers/jpg/image_03663.jpg,image_03663.jpg,20.183338165283203
3960,/nas-ctm01/datasets/public/Oxford102Flowers/jpg/image_03961.jpg,image_03961.jpg,20.84018898010254
7588,/nas-ctm01/datasets/public/Oxford102Flowers/jpg/image_07589.jpg,image_07589.jpg,21.686182022094727
3857,/nas-ctm01/datasets/public/Oxford102Flowers/jpg/image_03858.jpg,image_03858.jpg,23.983009338378906
7378,/nas-ctm01/datasets/public/Oxford102Flowers/jpg/image_07379.jpg,image_07379.jpg,22.11439323425293
7778,/nas-ctm01/datasets/public/Oxford102Flowers/jpg/image_07779.jpg,image_07779.jpg,20.828914642333984
4184,/nas-ctm01/datasets/public/Oxford102Flowers/jpg/image_04185.jpg,image_04185.jpg,22.22370147705078
1473,/nas-ctm01/datasets/public/Oxford102Flowers/jpg/image_01474.jpg,image_01474.jpg,20.838930130004883
2244,/nas-ctm01/datasets/public/Oxford102Flowers/jpg/image_02245.jpg,image_02245.jpg,22.034692764282227
725,/nas-ctm01/datasets/public/Oxford102Flowers/jpg/image_00726.jpg,image_00726.jpg,20.51397705078125
4663,/nas-ctm01/datasets/public/Oxford102Flowers/jpg/image_04664.jpg,image_04664.jpg,21.476266860961914
3560,/nas-ctm01/datasets/public/Oxford102Flowers/jpg/image_03561.jpg,image_03561.jpg,22.339025497436523
49,/nas-ctm01/datasets/public/Oxford102Flowers/jpg/image_00050.jpg,image_00050.jpg,24.186717987060547
6850,/nas-ctm01/datasets/public/Oxford102Flowers/jpg/image_06851.jpg,image_06851.jpg,22.61659049987793
6597,/nas-ctm01/datasets/public/Oxford102Flowers/jpg/image_06598.jpg,image_06598.jpg,21.86478042602539
3130,/nas-ctm01/datasets/public/Oxford102Flowers/jpg/image_03131.jpg,image_03131.jpg,21.095857620239258
887,/nas-ctm01/datasets/public/Oxford102Flowers/jpg/image_00888.jpg,image_00888.jpg,22.42938995361328
7165,/nas-ctm01/datasets/public/Oxford102Flowers/jpg/image_07166.jpg,image_07166.jpg,22.062320709228516
6634,/nas-ctm01/datasets/public/Oxford102Flowers/jpg/image_06635.jpg,image_06635.jpg,21.24409294128418
2893,/nas-ctm01/datasets/public/Oxford102Flowers/jpg/image_02894.jpg,image_02894.jpg,22.85848045349121
5665,/nas-ctm01/datasets/public/Oxford102Flowers/jpg/image_05666.jpg,image_05666.jpg,20.749296188354492
7395,/nas-ctm01/datasets/public/Oxford102Flowers/jpg/image_07396.jpg,image_07396.jpg,21.54938316345215
516,/nas-ctm01/datasets/public/Oxford102Flowers/jpg/image_00517.jpg,image_00517.jpg,21.005640029907227
3168,/nas-ctm01/datasets/public/Oxford102Flowers/jpg/image_03169.jpg,image_03169.jpg,21.31413459777832
2949,/nas-ctm01/datasets/public/Oxford102Flowers/jpg/image_02950.jpg,image_02950.jpg,21.932310104370117
4053,/nas-ctm01/datasets/public/Oxford102Flowers/jpg/image_04054.jpg,image_04054.jpg,22.36849021911621
139,/nas-ctm01/datasets/public/Oxford102Flowers/jpg/image_00140.jpg,image_00140.jpg,24.28890609741211
3995,/nas-ctm01/datasets/public/Oxford102Flowers/jpg/image_03996.jpg,image_03996.jpg,20.731609344482422
4056,/nas-ctm01/datasets/public/Oxford102Flowers/jpg/image_04057.jpg,image_04057.jpg,21.968503952026367
2378,/nas-ctm01/datasets/public/Oxford102Flowers/jpg/image_02379.jpg,image_02379.jpg,22.784543991088867
7189,/nas-ctm01/datasets/public/Oxford102Flowers/jpg/image_07190.jpg,image_07190.jpg,21.897565841674805
3197,/nas-ctm01/datasets/public/Oxford102Flowers/jpg/image_03198.jpg,image_03198.jpg,22.697669982910156
4350,/nas-ctm01/datasets/public/Oxford102Flowers/jpg/image_04351.jpg,image_04351.jpg,22.3642520904541
112,/nas-ctm01/datasets/public/Oxford102Flowers/jpg/image_00113.jpg,image_00113.jpg,22.82485008239746
3195,/nas-ctm01/datasets/public/Oxford102Flowers/jpg/image_03196.jpg,image_03196.jpg,23.16337776184082
463,/nas-ctm01/datasets/public/Oxford102Flowers/jpg/image_00464.jpg,image_00464.jpg,22.15764617919922
5061,/nas-ctm01/datasets/public/Oxford102Flowers/jpg/image_05062.jpg,image_05062.jpg,20.880577087402344
1233,/nas-ctm01/datasets/public/Oxford102Flowers/jpg/image_01234.jpg,image_01234.jpg,21.803380966186523
3250,/nas-ctm01/datasets/public/Oxford102Flowers/jpg/image_03251.jpg,image_03251.jpg,21.884544372558594
594,/nas-ctm01/datasets/public/Oxford102Flowers/jpg/image_00595.jpg,image_00595.jpg,21.732852935791016
4977,/nas-ctm01/datasets/public/Oxford102Flowers/jpg/image_04978.jpg,image_04978.jpg,24.16350746154785
7616,/nas-ctm01/datasets/public/Oxford102Flowers/jpg/image_07617.jpg,image_07617.jpg,23.441469192504883
450,/nas-ctm01/datasets/public/Oxford102Flowers/jpg/image_00451.jpg,image_00451.jpg,21.613920211791992
4597,/nas-ctm01/datasets/public/Oxford102Flowers/jpg/image_04598.jpg,image_04598.jpg,21.36575698852539
3277,/nas-ctm01/datasets/public/Oxford102Flowers/jpg/image_03278.jpg,image_03278.jpg,22.498382568359375
4335,/nas-ctm01/datasets/public/Oxford102Flowers/jpg/image_04336.jpg,image_04336.jpg,22.66913414001465
5330,/nas-ctm01/datasets/public/Oxford102Flowers/jpg/image_05331.jpg,image_05331.jpg,21.65930938720703
312,/nas-ctm01/datasets/public/Oxford102Flowers/jpg/image_00313.jpg,image_00313.jpg,22.47749900817871
4140,/nas-ctm01/datasets/public/Oxford102Flowers/jpg/image_04141.jpg,image_04141.jpg,23.356203079223633
6080,/nas-ctm01/datasets/public/Oxford102Flowers/jpg/image_06081.jpg,image_06081.jpg,23.2213134765625
4766,/nas-ctm01/datasets/public/Oxford102Flowers/jpg/image_04767.jpg,image_04767.jpg,20.64634895324707
4961,/nas-ctm01/datasets/public/Oxford102Flowers/jpg/image_04962.jpg,image_04962.jpg,23.206436157226562
7397,/nas-ctm01/datasets/public/Oxford102Flowers/jpg/image_07398.jpg,image_07398.jpg,22.55845069885254
5523,/nas-ctm01/datasets/public/Oxford102Flowers/jpg/image_05524.jpg,image_05524.jpg,21.01741600036621
451,/nas-ctm01/datasets/public/Oxford102Flowers/jpg/image_00452.jpg,image_00452.jpg,23.27783966064453
3166,/nas-ctm01/datasets/public/Oxford102Flowers/jpg/image_03167.jpg,image_03167.jpg,21.307640075683594
3731,/nas-ctm01/datasets/public/Oxford102Flowers/jpg/image_03732.jpg,image_03732.jpg,22.10877799987793
6243,/nas-ctm01/datasets/public/Oxford102Flowers/jpg/image_06244.jpg,image_06244.jpg,22.960954666137695
6613,/nas-ctm01/datasets/public/Oxford102Flowers/jpg/image_06614.jpg,image_06614.jpg,21.2611141204834
3626,/nas-ctm01/datasets/public/Oxford102Flowers/jpg/image_03627.jpg,image_03627.jpg,22.437477111816406
890,/nas-ctm01/datasets/public/Oxford102Flowers/jpg/image_00891.jpg,image_00891.jpg,22.39568328857422
6412,/nas-ctm01/datasets/public/Oxford102Flowers/jpg/image_06413.jpg,image_06413.jpg,22.28707504272461
2763,/nas-ctm01/datasets/public/Oxford102Flowers/jpg/image_02764.jpg,image_02764.jpg,22.259477615356445
658,/nas-ctm01/datasets/public/Oxford102Flowers/jpg/image_00659.jpg,image_00659.jpg,21.56509780883789
1506,/nas-ctm01/datasets/public/Oxford102Flowers/jpg/image_01507.jpg,image_01507.jpg,24.35670280456543
7897,/nas-ctm01/datasets/public/Oxford102Flowers/jpg/image_07898.jpg,image_07898.jpg,22.8685359954834
4657,/nas-ctm01/datasets/public/Oxford102Flowers/jpg/image_04658.jpg,image_04658.jpg,21.90807342529297
7664,/nas-ctm01/datasets/public/Oxford102Flowers/jpg/image_07665.jpg,image_07665.jpg,23.147310256958008
999,/nas-ctm01/datasets/public/Oxford102Flowers/jpg/image_01000.jpg,image_01000.jpg,21.34970474243164
389,/nas-ctm01/datasets/public/Oxford102Flowers/jpg/image_00390.jpg,image_00390.jpg,22.401622772216797
3407,/nas-ctm01/datasets/public/Oxford102Flowers/jpg/image_03408.jpg,image_03408.jpg,21.198589324951172
2330,/nas-ctm01/datasets/public/Oxford102Flowers/jpg/image_02331.jpg,image_02331.jpg,21.31656265258789
1476,/nas-ctm01/datasets/public/Oxford102Flowers/jpg/image_01477.jpg,image_01477.jpg,20.833219528198242
2240,/nas-ctm01/datasets/public/Oxford102Flowers/jpg/image_02241.jpg,image_02241.jpg,23.330772399902344
7442,/nas-ctm01/datasets/public/Oxford102Flowers/jpg/image_07443.jpg,image_07443.jpg,22.4310302734375
7368,/nas-ctm01/datasets/public/Oxford102Flowers/jpg/image_07369.jpg,image_07369.jpg,22.362136840820312
6825,/nas-ctm01/datasets/public/Oxford102Flowers/jpg/image_06826.jpg,image_06826.jpg,22.48564338684082
6759,/nas-ctm01/datasets/public/Oxford102Flowers/jpg/image_06760.jpg,image_06760.jpg,20.780954360961914
6897,/nas-ctm01/datasets/public/Oxford102Flowers/jpg/image_06898.jpg,image_06898.jpg,22.31006622314453
2972,/nas-ctm01/datasets/public/Oxford102Flowers/jpg/image_02973.jpg,image_02973.jpg,21.111413955688477
3386,/nas-ctm01/datasets/public/Oxford102Flowers/jpg/image_03387.jpg,image_03387.jpg,20.456512451171875
2775,/nas-ctm01/datasets/public/Oxford102Flowers/jpg/image_02776.jpg,image_02776.jpg,22.443613052368164
1923,/nas-ctm01/datasets/public/Oxford102Flowers/jpg/image_01924.jpg,image_01924.jpg,23.990232467651367
758,/nas-ctm01/datasets/public/Oxford102Flowers/jpg/image_00759.jpg,image_00759.jpg,22.161121368408203
700,/nas-ctm01/datasets/public/Oxford102Flowers/jpg/image_00701.jpg,image_00701.jpg,21.58296775817871
7167,/nas-ctm01/datasets/public/Oxford102Flowers/jpg/image_07168.jpg,image_07168.jpg,21.851198196411133
1293,/nas-ctm01/datasets/public/Oxford102Flowers/jpg/image_01294.jpg,image_01294.jpg,22.719968795776367
7222,/nas-ctm01/datasets/public/Oxford102Flowers/jpg/image_07223.jpg,image_07223.jpg,23.259057998657227
2873,/nas-ctm01/datasets/public/Oxford102Flowers/jpg/image_02874.jpg,image_02874.jpg,21.962406158447266
6844,/nas-ctm01/datasets/public/Oxford102Flowers/jpg/image_06845.jpg,image_06845.jpg,22.76207733154297
2535,/nas-ctm01/datasets/public/Oxford102Flowers/jpg/image_02536.jpg,image_02536.jpg,20.578481674194336
6875,/nas-ctm01/datasets/public/Oxford102Flowers/jpg/image_06876.jpg,image_06876.jpg,21.98990249633789
1907,/nas-ctm01/datasets/public/Oxford102Flowers/jpg/image_01908.jpg,image_01908.jpg,23.43933868408203
6037,/nas-ctm01/datasets/public/Oxford102Flowers/jpg/image_06038.jpg,image_06038.jpg,21.754432678222656
5698,/nas-ctm01/datasets/public/Oxford102Flowers/jpg/image_05699.jpg,image_05699.jpg,22.409255981445312
368,/nas-ctm01/datasets/public/Oxford102Flowers/jpg/image_00369.jpg,image_00369.jpg,23.356046676635742
1937,/nas-ctm01/datasets/public/Oxford102Flowers/jpg/image_01938.jpg,image_01938.jpg,22.46649169921875
4314,/nas-ctm01/datasets/public/Oxford102Flowers/jpg/image_04315.jpg,image_04315.jpg,22.309181213378906
1151,/nas-ctm01/datasets/public/Oxford102Flowers/jpg/image_01152.jpg,image_01152.jpg,21.70941162109375
7850,/nas-ctm01/datasets/public/Oxford102Flowers/jpg/image_07851.jpg,image_07851.jpg,21.931032180786133
5212,/nas-ctm01/datasets/public/Oxford102Flowers/jpg/image_05213.jpg,image_05213.jpg,20.808208465576172
7076,/nas-ctm01/datasets/public/Oxford102Flowers/jpg/image_07077.jpg,image_07077.jpg,22.22598648071289
7973,/nas-ctm01/datasets/public/Oxford102Flowers/jpg/image_07974.jpg,image_07974.jpg,21.06505012512207
3010,/nas-ctm01/datasets/public/Oxford102Flowers/jpg/image_03011.jpg,image_03011.jpg,21.681791305541992
8052,/nas-ctm01/datasets/public/Oxford102Flowers/jpg/image_08053.jpg,image_08053.jpg,22.058008193969727
191,/nas-ctm01/datasets/public/Oxford102Flowers/jpg/image_00192.jpg,image_00192.jpg,24.75688362121582
8184,/nas-ctm01/datasets/public/Oxford102Flowers/jpg/image_08185.jpg,image_08185.jpg,22.20242691040039
4528,/nas-ctm01/datasets/public/Oxford102Flowers/jpg/image_04529.jpg,image_04529.jpg,21.89151954650879
174,/nas-ctm01/datasets/public/Oxford102Flowers/jpg/image_00175.jpg,image_00175.jpg,24.141815185546875
1903,/nas-ctm01/datasets/public/Oxford102Flowers/jpg/image_01904.jpg,image_01904.jpg,23.445920944213867
1099,/nas-ctm01/datasets/public/Oxford102Flowers/jpg/image_01100.jpg,image_01100.jpg,20.90648651123047
5438,/nas-ctm01/datasets/public/Oxford102Flowers/jpg/image_05439.jpg,image_05439.jpg,23.086828231811523
3646,/nas-ctm01/datasets/public/Oxford102Flowers/jpg/image_03647.jpg,image_03647.jpg,20.71070671081543
3408,/nas-ctm01/datasets/public/Oxford102Flowers/jpg/image_03409.jpg,image_03409.jpg,21.586353302001953
6208,/nas-ctm01/datasets/public/Oxford102Flowers/jpg/image_06209.jpg,image_06209.jpg,22.919069290161133
2292,/nas-ctm01/datasets/public/Oxford102Flowers/jpg/image_02293.jpg,image_02293.jpg,22.02251625061035
7130,/nas-ctm01/datasets/public/Oxford102Flowers/jpg/image_07131.jpg,image_07131.jpg,20.630441665649414
7957,/nas-ctm01/datasets/public/Oxford102Flowers/jpg/image_07958.jpg,image_07958.jpg,20.30278968811035
5447,/nas-ctm01/datasets/public/Oxford102Flowers/jpg/image_05448.jpg,image_05448.jpg,21.91703987121582
5011,/nas-ctm01/datasets/public/Oxford102Flowers/jpg/image_05012.jpg,image_05012.jpg,21.899826049804688
1164,/nas-ctm01/datasets/public/Oxford102Flowers/jpg/image_01165.jpg,image_01165.jpg,22.91953468322754
6115,/nas-ctm01/datasets/public/Oxford102Flowers/jpg/image_06116.jpg,image_06116.jpg,21.33255958557129
4756,/nas-ctm01/datasets/public/Oxford102Flowers/jpg/image_04757.jpg,image_04757.jpg,21.507116317749023
3971,/nas-ctm01/datasets/public/Oxford102Flowers/jpg/image_03972.jpg,image_03972.jpg,20.919963836669922
6110,/nas-ctm01/datasets/public/Oxford102Flowers/jpg/image_06111.jpg,image_06111.jpg,21.06356430053711
5141,/nas-ctm01/datasets/public/Oxford102Flowers/jpg/image_05142.jpg,image_05142.jpg,22.457426071166992
3664,/nas-ctm01/datasets/public/Oxford102Flowers/jpg/image_03665.jpg,image_03665.jpg,21.715564727783203
5807,/nas-ctm01/datasets/public/Oxford102Flowers/jpg/image_05808.jpg,image_05808.jpg,22.545398712158203
1661,/nas-ctm01/datasets/public/Oxford102Flowers/jpg/image_01662.jpg,image_01662.jpg,23.004596710205078
508,/nas-ctm01/datasets/public/Oxford102Flowers/jpg/image_00509.jpg,image_00509.jpg,21.7672119140625
166,/nas-ctm01/datasets/public/Oxford102Flowers/jpg/image_00167.jpg,image_00167.jpg,24.46119499206543
5521,/nas-ctm01/datasets/public/Oxford102Flowers/jpg/image_05522.jpg,image_05522.jpg,22.801179885864258
5646,/nas-ctm01/datasets/public/Oxford102Flowers/jpg/image_05647.jpg,image_05647.jpg,21.828296661376953
1006,/nas-ctm01/datasets/public/Oxford102Flowers/jpg/image_01007.jpg,image_01007.jpg,20.977262496948242
6332,/nas-ctm01/datasets/public/Oxford102Flowers/jpg/image_06333.jpg,image_06333.jpg,22.53590965270996
3269,/nas-ctm01/datasets/public/Oxford102Flowers/jpg/image_03270.jpg,image_03270.jpg,21.580583572387695
5532,/nas-ctm01/datasets/public/Oxford102Flowers/jpg/image_05533.jpg,image_05533.jpg,21.672039031982422
3494,/nas-ctm01/datasets/public/Oxford102Flowers/jpg/image_03495.jpg,image_03495.jpg,21.57236099243164
7129,/nas-ctm01/datasets/public/Oxford102Flowers/jpg/image_07130.jpg,image_07130.jpg,19.958879470825195
5638,/nas-ctm01/datasets/public/Oxford102Flowers/jpg/image_05639.jpg,image_05639.jpg,21.931303024291992
103,/nas-ctm01/datasets/public/Oxford102Flowers/jpg/image_00104.jpg,image_00104.jpg,22.71063995361328
3265,/nas-ctm01/datasets/public/Oxford102Flowers/jpg/image_03266.jpg,image_03266.jpg,22.839492797851562
1111,/nas-ctm01/datasets/public/Oxford102Flowers/jpg/image_01112.jpg,image_01112.jpg,21.36480712890625
4979,/nas-ctm01/datasets/public/Oxford102Flowers/jpg/image_04980.jpg,image_04980.jpg,24.280677795410156
2536,/nas-ctm01/datasets/public/Oxford102Flowers/jpg/image_02537.jpg,image_02537.jpg,21.3813533782959
1104,/nas-ctm01/datasets/public/Oxford102Flowers/jpg/image_01105.jpg,image_01105.jpg,21.503093719482422
3875,/nas-ctm01/datasets/public/Oxford102Flowers/jpg/image_03876.jpg,image_03876.jpg,24.540904998779297
7116,/nas-ctm01/datasets/public/Oxford102Flowers/jpg/image_07117.jpg,image_07117.jpg,22.636856079101562
1752,/nas-ctm01/datasets/public/Oxford102Flowers/jpg/image_01753.jpg,image_01753.jpg,23.19606590270996
7311,/nas-ctm01/datasets/public/Oxford102Flowers/jpg/image_07312.jpg,image_07312.jpg,21.710817337036133
4609,/nas-ctm01/datasets/public/Oxford102Flowers/jpg/image_04610.jpg,image_04610.jpg,21.88555908203125
3915,/nas-ctm01/datasets/public/Oxford102Flowers/jpg/image_03916.jpg,image_03916.jpg,21.37450408935547
7082,/nas-ctm01/datasets/public/Oxford102Flowers/jpg/image_07083.jpg,image_07083.jpg,21.594213485717773
2916,/nas-ctm01/datasets/public/Oxford102Flowers/jpg/image_02917.jpg,image_02917.jpg,22.42767333984375
5419,/nas-ctm01/datasets/public/Oxford102Flowers/jpg/image_05420.jpg,image_05420.jpg,23.648954391479492
1658,/nas-ctm01/datasets/public/Oxford102Flowers/jpg/image_01659.jpg,image_01659.jpg,22.937911987304688
152,/nas-ctm01/datasets/public/Oxford102Flowers/jpg/image_00153.jpg,image_00153.jpg,24.648658752441406
4502,/nas-ctm01/datasets/public/Oxford102Flowers/jpg/image_04503.jpg,image_04503.jpg,20.90331268310547
2483,/nas-ctm01/datasets/public/Oxford102Flowers/jpg/image_02484.jpg,image_02484.jpg,23.12871551513672
1583,/nas-ctm01/datasets/public/Oxford102Flowers/jpg/image_01584.jpg,image_01584.jpg,23.941160202026367
7191,/nas-ctm01/datasets/public/Oxford102Flowers/jpg/image_07192.jpg,image_07192.jpg,21.672761917114258
2552,/nas-ctm01/datasets/public/Oxford102Flowers/jpg/image_02553.jpg,image_02553.jpg,22.423994064331055
8013,/nas-ctm01/datasets/public/Oxford102Flowers/jpg/image_08014.jpg,image_08014.jpg,21.179899215698242
5590,/nas-ctm01/datasets/public/Oxford102Flowers/jpg/image_05591.jpg,image_05591.jpg,21.728788375854492
3551,/nas-ctm01/datasets/public/Oxford102Flowers/jpg/image_03552.jpg,image_03552.jpg,22.597909927368164
3722,/nas-ctm01/datasets/public/Oxford102Flowers/jpg/image_03723.jpg,image_03723.jpg,22.097627639770508
4472,/nas-ctm01/datasets/public/Oxford102Flowers/jpg/image_04473.jpg,image_04473.jpg,21.2196102142334
6025,/nas-ctm01/datasets/public/Oxford102Flowers/jpg/image_06026.jpg,image_06026.jpg,20.10040283203125
7468,/nas-ctm01/datasets/public/Oxford102Flowers/jpg/image_07469.jpg,image_07469.jpg,22.607425689697266
7152,/nas-ctm01/datasets/public/Oxford102Flowers/jpg/image_07153.jpg,image_07153.jpg,20.549976348876953
2209,/nas-ctm01/datasets/public/Oxford102Flowers/jpg/image_02210.jpg,image_02210.jpg,22.36787986755371
6214,/nas-ctm01/datasets/public/Oxford102Flowers/jpg/image_06215.jpg,image_06215.jpg,22.74463653564453
4945,/nas-ctm01/datasets/public/Oxford102Flowers/jpg/image_04946.jpg,image_04946.jpg,21.76998519897461
6118,/nas-ctm01/datasets/public/Oxford102Flowers/jpg/image_06119.jpg,image_06119.jpg,20.733060836791992
2985,/nas-ctm01/datasets/public/Oxford102Flowers/jpg/image_02986.jpg,image_02986.jpg,22.140213012695312
1822,/nas-ctm01/datasets/public/Oxford102Flowers/jpg/image_01823.jpg,image_01823.jpg,23.937000274658203
6333,/nas-ctm01/datasets/public/Oxford102Flowers/jpg/image_06334.jpg,image_06334.jpg,21.876909255981445
6669,/nas-ctm01/datasets/public/Oxford102Flowers/jpg/image_06670.jpg,image_06670.jpg,20.811561584472656
4695,/nas-ctm01/datasets/public/Oxford102Flowers/jpg/image_04696.jpg,image_04696.jpg,21.14781951904297
5632,/nas-ctm01/datasets/public/Oxford102Flowers/jpg/image_05633.jpg,image_05633.jpg,21.517160415649414
5204,/nas-ctm01/datasets/public/Oxford102Flowers/jpg/image_05205.jpg,image_05205.jpg,23.347192764282227
309,/nas-ctm01/datasets/public/Oxford102Flowers/jpg/image_00310.jpg,image_00310.jpg,23.15694808959961
212,/nas-ctm01/datasets/public/Oxford102Flowers/jpg/image_00213.jpg,image_00213.jpg,23.398958206176758
7754,/nas-ctm01/datasets/public/Oxford102Flowers/jpg/image_07755.jpg,image_07755.jpg,20.902494430541992
4920,/nas-ctm01/datasets/public/Oxford102Flowers/jpg/image_04921.jpg,image_04921.jpg,23.17652130126953
3599,/nas-ctm01/datasets/public/Oxford102Flowers/jpg/image_03600.jpg,image_03600.jpg,22.705402374267578
3622,/nas-ctm01/datasets/public/Oxford102Flowers/jpg/image_03623.jpg,image_03623.jpg,22.039514541625977
5879,/nas-ctm01/datasets/public/Oxford102Flowers/jpg/image_05880.jpg,image_05880.jpg,23.190534591674805
4487,/nas-ctm01/datasets/public/Oxford102Flowers/jpg/image_04488.jpg,image_04488.jpg,20.656631469726562
7550,/nas-ctm01/datasets/public/Oxford102Flowers/jpg/image_07551.jpg,image_07551.jpg,22.558727264404297
3450,/nas-ctm01/datasets/public/Oxford102Flowers/jpg/image_03451.jpg,image_03451.jpg,20.796878814697266
495,/nas-ctm01/datasets/public/Oxford102Flowers/jpg/image_00496.jpg,image_00496.jpg,21.064605712890625
5885,/nas-ctm01/datasets/public/Oxford102Flowers/jpg/image_05886.jpg,image_05886.jpg,23.717493057250977
3256,/nas-ctm01/datasets/public/Oxford102Flowers/jpg/image_03257.jpg,image_03257.jpg,22.823633193969727
205,/nas-ctm01/datasets/public/Oxford102Flowers/jpg/image_00206.jpg,image_00206.jpg,24.533634185791016
1434,/nas-ctm01/datasets/public/Oxford102Flowers/jpg/image_01435.jpg,image_01435.jpg,20.473766326904297
1135,/nas-ctm01/datasets/public/Oxford102Flowers/jpg/image_01136.jpg,image_01136.jpg,20.98847198486328
2584,/nas-ctm01/datasets/public/Oxford102Flowers/jpg/image_02585.jpg,image_02585.jpg,22.91330909729004
868,/nas-ctm01/datasets/public/Oxford102Flowers/jpg/image_00869.jpg,image_00869.jpg,22.824934005737305
2749,/nas-ctm01/datasets/public/Oxford102Flowers/jpg/image_02750.jpg,image_02750.jpg,22.82362174987793
3613,/nas-ctm01/datasets/public/Oxford102Flowers/jpg/image_03614.jpg,image_03614.jpg,22.36640739440918
305,/nas-ctm01/datasets/public/Oxford102Flowers/jpg/image_00306.jpg,image_00306.jpg,21.89253807067871
1849,/nas-ctm01/datasets/public/Oxford102Flowers/jpg/image_01850.jpg,image_01850.jpg,23.274126052856445
7675,/nas-ctm01/datasets/public/Oxford102Flowers/jpg/image_07676.jpg,image_07676.jpg,20.778047561645508
4166,/nas-ctm01/datasets/public/Oxford102Flowers/jpg/image_04167.jpg,image_04167.jpg,22.555526733398438
1988,/nas-ctm01/datasets/public/Oxford102Flowers/jpg/image_01989.jpg,image_01989.jpg,23.854524612426758
3240,/nas-ctm01/datasets/public/Oxford102Flowers/jpg/image_03241.jpg,image_03241.jpg,22.637170791625977
2798,/nas-ctm01/datasets/public/Oxford102Flowers/jpg/image_02799.jpg,image_02799.jpg,21.52201271057129
7731,/nas-ctm01/datasets/public/Oxford102Flowers/jpg/image_07732.jpg,image_07732.jpg,20.375900268554688
1534,/nas-ctm01/datasets/public/Oxford102Flowers/jpg/image_01535.jpg,image_01535.jpg,24.536954879760742
3109,/nas-ctm01/datasets/public/Oxford102Flowers/jpg/image_03110.jpg,image_03110.jpg,21.667325973510742
843,/nas-ctm01/datasets/public/Oxford102Flowers/jpg/image_00844.jpg,image_00844.jpg,22.33499526977539
1987,/nas-ctm01/datasets/public/Oxford102Flowers/jpg/image_01988.jpg,image_01988.jpg,22.42758560180664
5643,/nas-ctm01/datasets/public/Oxford102Flowers/jpg/image_05644.jpg,image_05644.jpg,21.43364715576172
5513,/nas-ctm01/datasets/public/Oxford102Flowers/jpg/image_05514.jpg,image_05514.jpg,23.54155921936035
1714,/nas-ctm01/datasets/public/Oxford102Flowers/jpg/image_01715.jpg,image_01715.jpg,22.812294006347656
383,/nas-ctm01/datasets/public/Oxford102Flowers/jpg/image_00384.jpg,image_00384.jpg,22.753414154052734
1538,/nas-ctm01/datasets/public/Oxford102Flowers/jpg/image_01539.jpg,image_01539.jpg,23.709413528442383
211,/nas-ctm01/datasets/public/Oxford102Flowers/jpg/image_00212.jpg,image_00212.jpg,23.82663345336914
3388,/nas-ctm01/datasets/public/Oxford102Flowers/jpg/image_03389.jpg,image_03389.jpg,20.55880355834961
6570,/nas-ctm01/datasets/public/Oxford102Flowers/jpg/image_06571.jpg,image_06571.jpg,22.932348251342773
1957,/nas-ctm01/datasets/public/Oxford102Flowers/jpg/image_01958.jpg,image_01958.jpg,24.115211486816406
5369,/nas-ctm01/datasets/public/Oxford102Flowers/jpg/image_05370.jpg,image_05370.jpg,22.071189880371094
2438,/nas-ctm01/datasets/public/Oxford102Flowers/jpg/image_02439.jpg,image_02439.jpg,22.666988372802734
2727,/nas-ctm01/datasets/public/Oxford102Flowers/jpg/image_02728.jpg,image_02728.jpg,22.361173629760742
4970,/nas-ctm01/datasets/public/Oxford102Flowers/jpg/image_04971.jpg,image_04971.jpg,23.133337020874023
4230,/nas-ctm01/datasets/public/Oxford102Flowers/jpg/image_04231.jpg,image_04231.jpg,21.59026527404785
6239,/nas-ctm01/datasets/public/Oxford102Flowers/jpg/image_06240.jpg,image_06240.jpg,23.48202896118164
1349,/nas-ctm01/datasets/public/Oxford102Flowers/jpg/image_01350.jpg,image_01350.jpg,20.686981201171875
7045,/nas-ctm01/datasets/public/Oxford102Flowers/jpg/image_07046.jpg,image_07046.jpg,22.03425407409668
4814,/nas-ctm01/datasets/public/Oxford102Flowers/jpg/image_04815.jpg,image_04815.jpg,22.651569366455078
3832,/nas-ctm01/datasets/public/Oxford102Flowers/jpg/image_03833.jpg,image_03833.jpg,24.072280883789062
3580,/nas-ctm01/datasets/public/Oxford102Flowers/jpg/image_03581.jpg,image_03581.jpg,21.397926330566406
6271,/nas-ctm01/datasets/public/Oxford102Flowers/jpg/image_06272.jpg,image_06272.jpg,21.608436584472656
680,/nas-ctm01/datasets/public/Oxford102Flowers/jpg/image_00681.jpg,image_00681.jpg,22.0731143951416
3901,/nas-ctm01/datasets/public/Oxford102Flowers/jpg/image_03902.jpg,image_03902.jpg,23.56157875061035
180,/nas-ctm01/datasets/public/Oxford102Flowers/jpg/image_00181.jpg,image_00181.jpg,23.9540958404541
7793,/nas-ctm01/datasets/public/Oxford102Flowers/jpg/image_07794.jpg,image_07794.jpg,22.060707092285156
862,/nas-ctm01/datasets/public/Oxford102Flowers/jpg/image_00863.jpg,image_00863.jpg,23.182018280029297
7565,/nas-ctm01/datasets/public/Oxford102Flowers/jpg/image_07566.jpg,image_07566.jpg,22.05115509033203
4907,/nas-ctm01/datasets/public/Oxford102Flowers/jpg/image_04908.jpg,image_04908.jpg,23.363733291625977
278,/nas-ctm01/datasets/public/Oxford102Flowers/jpg/image_00279.jpg,image_00279.jpg,22.11093521118164
4017,/nas-ctm01/datasets/public/Oxford102Flowers/jpg/image_04018.jpg,image_04018.jpg,21.092315673828125
3319,/nas-ctm01/datasets/public/Oxford102Flowers/jpg/image_03320.jpg,image_03320.jpg,23.606822967529297
3252,/nas-ctm01/datasets/public/Oxford102Flowers/jpg/image_03253.jpg,image_03253.jpg,22.32901954650879
2518,/nas-ctm01/datasets/public/Oxford102Flowers/jpg/image_02519.jpg,image_02519.jpg,23.217039108276367
2480,/nas-ctm01/datasets/public/Oxford102Flowers/jpg/image_02481.jpg,image_02481.jpg,22.090864181518555
289,/nas-ctm01/datasets/public/Oxford102Flowers/jpg/image_00290.jpg,image_00290.jpg,22.888442993164062
4092,/nas-ctm01/datasets/public/Oxford102Flowers/jpg/image_04093.jpg,image_04093.jpg,22.834379196166992
3075,/nas-ctm01/datasets/public/Oxford102Flowers/jpg/image_03076.jpg,image_03076.jpg,22.097360610961914
5107,/nas-ctm01/datasets/public/Oxford102Flowers/jpg/image_05108.jpg,image_05108.jpg,22.566177368164062
4316,/nas-ctm01/datasets/public/Oxford102Flowers/jpg/image_04317.jpg,image_04317.jpg,21.48170280456543
6159,/nas-ctm01/datasets/public/Oxford102Flowers/jpg/image_06160.jpg,image_06160.jpg,21.275314331054688
993,/nas-ctm01/datasets/public/Oxford102Flowers/jpg/image_00994.jpg,image_00994.jpg,21.1505126953125
3235,/nas-ctm01/datasets/public/Oxford102Flowers/jpg/image_03236.jpg,image_03236.jpg,22.558095932006836
2236,/nas-ctm01/datasets/public/Oxford102Flowers/jpg/image_02237.jpg,image_02237.jpg,21.660938262939453
8144,/nas-ctm01/datasets/public/Oxford102Flowers/jpg/image_08145.jpg,image_08145.jpg,21.379032135009766
39,/nas-ctm01/datasets/public/Oxford102Flowers/jpg/image_00040.jpg,image_00040.jpg,22.4501895904541
7745,/nas-ctm01/datasets/public/Oxford102Flowers/jpg/image_07746.jpg,image_07746.jpg,20.68106460571289
5546,/nas-ctm01/datasets/public/Oxford102Flowers/jpg/image_05547.jpg,image_05547.jpg,21.91902732849121
7289,/nas-ctm01/datasets/public/Oxford102Flowers/jpg/image_07290.jpg,image_07290.jpg,20.59422492980957
2754,/nas-ctm01/datasets/public/Oxford102Flowers/jpg/image_02755.jpg,image_02755.jpg,22.09148597717285
6561,/nas-ctm01/datasets/public/Oxford102Flowers/jpg/image_06562.jpg,image_06562.jpg,22.933448791503906
6434,/nas-ctm01/datasets/public/Oxford102Flowers/jpg/image_06435.jpg,image_06435.jpg,21.602113723754883
270,/nas-ctm01/datasets/public/Oxford102Flowers/jpg/image_00271.jpg,image_00271.jpg,20.85511589050293
4055,/nas-ctm01/datasets/public/Oxford102Flowers/jpg/image_04056.jpg,image_04056.jpg,22.631492614746094
2883,/nas-ctm01/datasets/public/Oxford102Flowers/jpg/image_02884.jpg,image_02884.jpg,22.47452735900879
6687,/nas-ctm01/datasets/public/Oxford102Flowers/jpg/image_06688.jpg,image_06688.jpg,21.675518035888672
5288,/nas-ctm01/datasets/public/Oxford102Flowers/jpg/image_05289.jpg,image_05289.jpg,22.76175880432129
6790,/nas-ctm01/datasets/public/Oxford102Flowers/jpg/image_06791.jpg,image_06791.jpg,21.08977699279785
5904,/nas-ctm01/datasets/public/Oxford102Flowers/jpg/image_05905.jpg,image_05905.jpg,23.30219841003418
7238,/nas-ctm01/datasets/public/Oxford102Flowers/jpg/image_07239.jpg,image_07239.jpg,21.159101486206055
6365,/nas-ctm01/datasets/public/Oxford102Flowers/jpg/image_06366.jpg,image_06366.jpg,21.715917587280273
111,/nas-ctm01/datasets/public/Oxford102Flowers/jpg/image_00112.jpg,image_00112.jpg,23.845773696899414
3218,/nas-ctm01/datasets/public/Oxford102Flowers/jpg/image_03219.jpg,image_03219.jpg,22.354291915893555
1391,/nas-ctm01/datasets/public/Oxford102Flowers/jpg/image_01392.jpg,image_01392.jpg,20.8780460357666
2600,/nas-ctm01/datasets/public/Oxford102Flowers/jpg/image_02601.jpg,image_02601.jpg,22.22937774658203
3975,/nas-ctm01/datasets/public/Oxford102Flowers/jpg/image_03976.jpg,image_03976.jpg,22.18365478515625
220,/nas-ctm01/datasets/public/Oxford102Flowers/jpg/image_00221.jpg,image_00221.jpg,23.62775421142578
8037,/nas-ctm01/datasets/public/Oxford102Flowers/jpg/image_08038.jpg,image_08038.jpg,21.470897674560547
4938,/nas-ctm01/datasets/public/Oxford102Flowers/jpg/image_04939.jpg,image_04939.jpg,22.339075088500977
7030,/nas-ctm01/datasets/public/Oxford102Flowers/jpg/image_07031.jpg,image_07031.jpg,20.74927520751953
5002,/nas-ctm01/datasets/public/Oxford102Flowers/jpg/image_05003.jpg,image_05003.jpg,23.20237922668457
83,/nas-ctm01/datasets/public/Oxford102Flowers/jpg/image_00084.jpg,image_00084.jpg,23.434728622436523
873,/nas-ctm01/datasets/public/Oxford102Flowers/jpg/image_00874.jpg,image_00874.jpg,22.74713897705078
7587,/nas-ctm01/datasets/public/Oxford102Flowers/jpg/image_07588.jpg,image_07588.jpg,22.861570358276367
5133,/nas-ctm01/datasets/public/Oxford102Flowers/jpg/image_05134.jpg,image_05134.jpg,22.086088180541992
461,/nas-ctm01/datasets/public/Oxford102Flowers/jpg/image_00462.jpg,image_00462.jpg,21.959388732910156
7201,/nas-ctm01/datasets/public/Oxford102Flowers/jpg/image_07202.jpg,image_07202.jpg,23.046918869018555
4418,/nas-ctm01/datasets/public/Oxford102Flowers/jpg/image_04419.jpg,image_04419.jpg,22.077077865600586
551,/nas-ctm01/datasets/public/Oxford102Flowers/jpg/image_00552.jpg,image_00552.jpg,21.768844604492188
2201,/nas-ctm01/datasets/public/Oxford102Flowers/jpg/image_02202.jpg,image_02202.jpg,21.339906692504883
2374,/nas-ctm01/datasets/public/Oxford102Flowers/jpg/image_02375.jpg,image_02375.jpg,22.374208450317383
6876,/nas-ctm01/datasets/public/Oxford102Flowers/jpg/image_06877.jpg,image_06877.jpg,22.355701446533203
4306,/nas-ctm01/datasets/public/Oxford102Flowers/jpg/image_04307.jpg,image_04307.jpg,21.76705551147461
2246,/nas-ctm01/datasets/public/Oxford102Flowers/jpg/image_02247.jpg,image_02247.jpg,22.053607940673828
7709,/nas-ctm01/datasets/public/Oxford102Flowers/jpg/image_07710.jpg,image_07710.jpg,21.600481033325195
7915,/nas-ctm01/datasets/public/Oxford102Flowers/jpg/image_07916.jpg,image_07916.jpg,22.167282104492188
2450,/nas-ctm01/datasets/public/Oxford102Flowers/jpg/image_02451.jpg,image_02451.jpg,22.51150131225586
3954,/nas-ctm01/datasets/public/Oxford102Flowers/jpg/image_03955.jpg,image_03955.jpg,22.672061920166016
2329,/nas-ctm01/datasets/public/Oxford102Flowers/jpg/image_02330.jpg,image_02330.jpg,21.65015411376953
6862,/nas-ctm01/datasets/public/Oxford102Flowers/jpg/image_06863.jpg,image_06863.jpg,22.740201950073242
2146,/nas-ctm01/datasets/public/Oxford102Flowers/jpg/image_02147.jpg,image_02147.jpg,21.389968872070312
4747,/nas-ctm01/datasets/public/Oxford102Flowers/jpg/image_04748.jpg,image_04748.jpg,20.959375381469727
5360,/nas-ctm01/datasets/public/Oxford102Flowers/jpg/image_05361.jpg,image_05361.jpg,21.573171615600586
7227,/nas-ctm01/datasets/public/Oxford102Flowers/jpg/image_07228.jpg,image_07228.jpg,23.871997833251953
650,/nas-ctm01/datasets/public/Oxford102Flowers/jpg/image_00651.jpg,image_00651.jpg,21.552865982055664
7700,/nas-ctm01/datasets/public/Oxford102Flowers/jpg/image_07701.jpg,image_07701.jpg,20.588991165161133
708,/nas-ctm01/datasets/public/Oxford102Flowers/jpg/image_00709.jpg,image_00709.jpg,20.69356918334961
7096,/nas-ctm01/datasets/public/Oxford102Flowers/jpg/image_07097.jpg,image_07097.jpg,20.988065719604492
4370,/nas-ctm01/datasets/public/Oxford102Flowers/jpg/image_04371.jpg,image_04371.jpg,23.048017501831055
5751,/nas-ctm01/datasets/public/Oxford102Flowers/jpg/image_05752.jpg,image_05752.jpg,24.6622314453125
6626,/nas-ctm01/datasets/public/Oxford102Flowers/jpg/image_06627.jpg,image_06627.jpg,20.502023696899414
3063,/nas-ctm01/datasets/public/Oxford102Flowers/jpg/image_03064.jpg,image_03064.jpg,20.40619468688965
5505,/nas-ctm01/datasets/public/Oxford102Flowers/jpg/image_05506.jpg,image_05506.jpg,22.95859146118164
3349,/nas-ctm01/datasets/public/Oxford102Flowers/jpg/image_03350.jpg,image_03350.jpg,20.976287841796875
1424,/nas-ctm01/datasets/public/Oxford102Flowers/jpg/image_01425.jpg,image_01425.jpg,21.55535888671875
1216,/nas-ctm01/datasets/public/Oxford102Flowers/jpg/image_01217.jpg,image_01217.jpg,22.576072692871094
6257,/nas-ctm01/datasets/public/Oxford102Flowers/jpg/image_06258.jpg,image_06258.jpg,20.788841247558594
1924,/nas-ctm01/datasets/public/Oxford102Flowers/jpg/image_01925.jpg,image_01925.jpg,23.0737361907959
104,/nas-ctm01/datasets/public/Oxford102Flowers/jpg/image_00105.jpg,image_00105.jpg,24.199405670166016
1064,/nas-ctm01/datasets/public/Oxford102Flowers/jpg/image_01065.jpg,image_01065.jpg,21.3626766204834
3786,/nas-ctm01/datasets/public/Oxford102Flowers/jpg/image_03787.jpg,image_03787.jpg,20.293298721313477
314,/nas-ctm01/datasets/public/Oxford102Flowers/jpg/image_00315.jpg,image_00315.jpg,22.629928588867188
1289,/nas-ctm01/datasets/public/Oxford102Flowers/jpg/image_01290.jpg,image_01290.jpg,22.647159576416016
5294,/nas-ctm01/datasets/public/Oxford102Flowers/jpg/image_05295.jpg,image_05295.jpg,20.929126739501953
4557,/nas-ctm01/datasets/public/Oxford102Flowers/jpg/image_04558.jpg,image_04558.jpg,22.433897018432617
1427,/nas-ctm01/datasets/public/Oxford102Flowers/jpg/image_01428.jpg,image_01428.jpg,20.38534927368164
4553,/nas-ctm01/datasets/public/Oxford102Flowers/jpg/image_04554.jpg,image_04554.jpg,21.475231170654297
6445,/nas-ctm01/datasets/public/Oxford102Flowers/jpg/image_06446.jpg,image_06446.jpg,22.58517837524414
3129,/nas-ctm01/datasets/public/Oxford102Flowers/jpg/image_03130.jpg,image_03130.jpg,21.500741958618164
4710,/nas-ctm01/datasets/public/Oxford102Flowers/jpg/image_04711.jpg,image_04711.jpg,22.038759231567383
6623,/nas-ctm01/datasets/public/Oxford102Flowers/jpg/image_06624.jpg,image_06624.jpg,20.72970962524414
3008,/nas-ctm01/datasets/public/Oxford102Flowers/jpg/image_03009.jpg,image_03009.jpg,22.030960083007812
6770,/nas-ctm01/datasets/public/Oxford102Flowers/jpg/image_06771.jpg,image_06771.jpg,21.77021598815918
1105,/nas-ctm01/datasets/public/Oxford102Flowers/jpg/image_01106.jpg,image_01106.jpg,21.040382385253906
6311,/nas-ctm01/datasets/public/Oxford102Flowers/jpg/image_06312.jpg,image_06312.jpg,22.5810489654541
7978,/nas-ctm01/datasets/public/Oxford102Flowers/jpg/image_07979.jpg,image_07979.jpg,20.88161277770996
5608,/nas-ctm01/datasets/public/Oxford102Flowers/jpg/image_05609.jpg,image_05609.jpg,21.68659019470215
8186,/nas-ctm01/datasets/public/Oxford102Flowers/jpg/image_08187.jpg,image_08187.jpg,22.093833923339844
4447,/nas-ctm01/datasets/public/Oxford102Flowers/jpg/image_04448.jpg,image_04448.jpg,21.73981475830078
684,/nas-ctm01/datasets/public/Oxford102Flowers/jpg/image_00685.jpg,image_00685.jpg,20.98305892944336
6011,/nas-ctm01/datasets/public/Oxford102Flowers/jpg/image_06012.jpg,image_06012.jpg,20.27404022216797
5282,/nas-ctm01/datasets/public/Oxford102Flowers/jpg/image_05283.jpg,image_05283.jpg,22.299333572387695
2765,/nas-ctm01/datasets/public/Oxford102Flowers/jpg/image_02766.jpg,image_02766.jpg,22.47690200805664
3929,/nas-ctm01/datasets/public/Oxford102Flowers/jpg/image_03930.jpg,image_03930.jpg,21.970773696899414
7232,/nas-ctm01/datasets/public/Oxford102Flowers/jpg/image_07233.jpg,image_07233.jpg,24.06657600402832
7367,/nas-ctm01/datasets/public/Oxford102Flowers/jpg/image_07368.jpg,image_07368.jpg,21.962066650390625
5058,/nas-ctm01/datasets/public/Oxford102Flowers/jpg/image_05059.jpg,image_05059.jpg,21.304826736450195
3682,/nas-ctm01/datasets/public/Oxford102Flowers/jpg/image_03683.jpg,image_03683.jpg,20.6026668548584
7502,/nas-ctm01/datasets/public/Oxford102Flowers/jpg/image_07503.jpg,image_07503.jpg,21.356212615966797
4313,/nas-ctm01/datasets/public/Oxford102Flowers/jpg/image_04314.jpg,image_04314.jpg,21.144437789916992
6380,/nas-ctm01/datasets/public/Oxford102Flowers/jpg/image_06381.jpg,image_06381.jpg,21.227458953857422
2451,/nas-ctm01/datasets/public/Oxford102Flowers/jpg/image_02452.jpg,image_02452.jpg,22.39630889892578
4205,/nas-ctm01/datasets/public/Oxford102Flowers/jpg/image_04206.jpg,image_04206.jpg,22.27931785583496
6312,/nas-ctm01/datasets/public/Oxford102Flowers/jpg/image_06313.jpg,image_06313.jpg,22.483810424804688
3824,/nas-ctm01/datasets/public/Oxford102Flowers/jpg/image_03825.jpg,image_03825.jpg,20.774734497070312
326,/nas-ctm01/datasets/public/Oxford102Flowers/jpg/image_00327.jpg,image_00327.jpg,22.53250503540039
2652,/nas-ctm01/datasets/public/Oxford102Flowers/jpg/image_02653.jpg,image_02653.jpg,22.294748306274414
6841,/nas-ctm01/datasets/public/Oxford102Flowers/jpg/image_06842.jpg,image_06842.jpg,22.33367919921875
7924,/nas-ctm01/datasets/public/Oxford102Flowers/jpg/image_07925.jpg,image_07925.jpg,21.68577766418457
2176,/nas-ctm01/datasets/public/Oxford102Flowers/jpg/image_02177.jpg,image_02177.jpg,22.040468215942383
7083,/nas-ctm01/datasets/public/Oxford102Flowers/jpg/image_07084.jpg,image_07084.jpg,22.624095916748047
3318,/nas-ctm01/datasets/public/Oxford102Flowers/jpg/image_03319.jpg,image_03319.jpg,24.645387649536133
7547,/nas-ctm01/datasets/public/Oxford102Flowers/jpg/image_07548.jpg,image_07548.jpg,22.31466293334961
2787,/nas-ctm01/datasets/public/Oxford102Flowers/jpg/image_02788.jpg,image_02788.jpg,21.94964599609375
4290,/nas-ctm01/datasets/public/Oxford102Flowers/jpg/image_04291.jpg,image_04291.jpg,20.965574264526367
1676,/nas-ctm01/datasets/public/Oxford102Flowers/jpg/image_01677.jpg,image_01677.jpg,23.86625099182129
3947,/nas-ctm01/datasets/public/Oxford102Flowers/jpg/image_03948.jpg,image_03948.jpg,21.08984375
5990,/nas-ctm01/datasets/public/Oxford102Flowers/jpg/image_05991.jpg,image_05991.jpg,21.962759017944336
4489,/nas-ctm01/datasets/public/Oxford102Flowers/jpg/image_04490.jpg,image_04490.jpg,21.104576110839844
5221,/nas-ctm01/datasets/public/Oxford102Flowers/jpg/image_05222.jpg,image_05222.jpg,21.667850494384766
5023,/nas-ctm01/datasets/public/Oxford102Flowers/jpg/image_05024.jpg,image_05024.jpg,21.418373107910156
2503,/nas-ctm01/datasets/public/Oxford102Flowers/jpg/image_02504.jpg,image_02504.jpg,22.779483795166016
5922,/nas-ctm01/datasets/public/Oxford102Flowers/jpg/image_05923.jpg,image_05923.jpg,22.282155990600586
2369,/nas-ctm01/datasets/public/Oxford102Flowers/jpg/image_02370.jpg,image_02370.jpg,21.93571662902832
2217,/nas-ctm01/datasets/public/Oxford102Flowers/jpg/image_02218.jpg,image_02218.jpg,21.209909439086914
2218,/nas-ctm01/datasets/public/Oxford102Flowers/jpg/image_02219.jpg,image_02219.jpg,21.505088806152344
3326,/nas-ctm01/datasets/public/Oxford102Flowers/jpg/image_03327.jpg,image_03327.jpg,23.176605224609375
4539,/nas-ctm01/datasets/public/Oxford102Flowers/jpg/image_04540.jpg,image_04540.jpg,21.27506446838379
3583,/nas-ctm01/datasets/public/Oxford102Flowers/jpg/image_03584.jpg,image_03584.jpg,22.168916702270508
6423,/nas-ctm01/datasets/public/Oxford102Flowers/jpg/image_06424.jpg,image_06424.jpg,21.848384857177734
5500,/nas-ctm01/datasets/public/Oxford102Flowers/jpg/image_05501.jpg,image_05501.jpg,22.983110427856445
6054,/nas-ctm01/datasets/public/Oxford102Flowers/jpg/image_06055.jpg,image_06055.jpg,23.477853775024414
6422,/nas-ctm01/datasets/public/Oxford102Flowers/jpg/image_06423.jpg,image_06423.jpg,20.638776779174805
85,/nas-ctm01/datasets/public/Oxford102Flowers/jpg/image_00086.jpg,image_00086.jpg,23.390953063964844
2801,/nas-ctm01/datasets/public/Oxford102Flowers/jpg/image_02802.jpg,image_02802.jpg,21.59959602355957
3671,/nas-ctm01/datasets/public/Oxford102Flowers/jpg/image_03672.jpg,image_03672.jpg,21.673513412475586
3667,/nas-ctm01/datasets/public/Oxford102Flowers/jpg/image_03668.jpg,image_03668.jpg,21.451414108276367
2019,/nas-ctm01/datasets/public/Oxford102Flowers/jpg/image_02020.jpg,image_02020.jpg,21.92972755432129
5266,/nas-ctm01/datasets/public/Oxford102Flowers/jpg/image_05267.jpg,image_05267.jpg,20.381053924560547
2525,/nas-ctm01/datasets/public/Oxford102Flowers/jpg/image_02526.jpg,image_02526.jpg,22.77998161315918
4918,/nas-ctm01/datasets/public/Oxford102Flowers/jpg/image_04919.jpg,image_04919.jpg,23.831283569335938
4198,/nas-ctm01/datasets/public/Oxford102Flowers/jpg/image_04199.jpg,image_04199.jpg,21.78217124938965
6334,/nas-ctm01/datasets/public/Oxford102Flowers/jpg/image_06335.jpg,image_06335.jpg,22.722368240356445
6045,/nas-ctm01/datasets/public/Oxford102Flowers/jpg/image_06046.jpg,image_06046.jpg,22.421518325805664
4559,/nas-ctm01/datasets/public/Oxford102Flowers/jpg/image_04560.jpg,image_04560.jpg,21.821622848510742
2895,/nas-ctm01/datasets/public/Oxford102Flowers/jpg/image_02896.jpg,image_02896.jpg,22.14193344116211
6323,/nas-ctm01/datasets/public/Oxford102Flowers/jpg/image_06324.jpg,image_06324.jpg,22.48381805419922
7001,/nas-ctm01/datasets/public/Oxford102Flowers/jpg/image_07002.jpg,image_07002.jpg,22.68260383605957
3425,/nas-ctm01/datasets/public/Oxford102Flowers/jpg/image_03426.jpg,image_03426.jpg,21.272932052612305
7137,/nas-ctm01/datasets/public/Oxford102Flowers/jpg/image_07138.jpg,image_07138.jpg,20.69248390197754
4532,/nas-ctm01/datasets/public/Oxford102Flowers/jpg/image_04533.jpg,image_04533.jpg,20.609451293945312
7263,/nas-ctm01/datasets/public/Oxford102Flowers/jpg/image_07264.jpg,image_07264.jpg,20.58427619934082
6667,/nas-ctm01/datasets/public/Oxford102Flowers/jpg/image_06668.jpg,image_06668.jpg,21.361825942993164
5636,/nas-ctm01/datasets/public/Oxford102Flowers/jpg/image_05637.jpg,image_05637.jpg,21.21869659423828
2001,/nas-ctm01/datasets/public/Oxford102Flowers/jpg/image_02002.jpg,image_02002.jpg,23.176584243774414
6121,/nas-ctm01/datasets/public/Oxford102Flowers/jpg/image_06122.jpg,image_06122.jpg,20.921003341674805
869,/nas-ctm01/datasets/public/Oxford102Flowers/jpg/image_00870.jpg,image_00870.jpg,22.84646987915039
356,/nas-ctm01/datasets/public/Oxford102Flowers/jpg/image_00357.jpg,image_00357.jpg,23.287540435791016
5492,/nas-ctm01/datasets/public/Oxford102Flowers/jpg/image_05493.jpg,image_05493.jpg,22.89624786376953
5176,/nas-ctm01/datasets/public/Oxford102Flowers/jpg/image_05177.jpg,image_05177.jpg,21.884418487548828
8073,/nas-ctm01/datasets/public/Oxford102Flowers/jpg/image_08074.jpg,image_08074.jpg,21.575374603271484
1890,/nas-ctm01/datasets/public/Oxford102Flowers/jpg/image_01891.jpg,image_01891.jpg,23.54620361328125
4427,/nas-ctm01/datasets/public/Oxford102Flowers/jpg/image_04428.jpg,image_04428.jpg,21.379589080810547
7809,/nas-ctm01/datasets/public/Oxford102Flowers/jpg/image_07810.jpg,image_07810.jpg,22.048900604248047
3563,/nas-ctm01/datasets/public/Oxford102Flowers/jpg/image_03564.jpg,image_03564.jpg,22.664012908935547
5561,/nas-ctm01/datasets/public/Oxford102Flowers/jpg/image_05562.jpg,image_05562.jpg,21.421199798583984
2380,/nas-ctm01/datasets/public/Oxford102Flowers/jpg/image_02381.jpg,image_02381.jpg,22.613323211669922
8139,/nas-ctm01/datasets/public/Oxford102Flowers/jpg/image_08140.jpg,image_08140.jpg,20.61220932006836
5714,/nas-ctm01/datasets/public/Oxford102Flowers/jpg/image_05715.jpg,image_05715.jpg,22.651639938354492
5792,/nas-ctm01/datasets/public/Oxford102Flowers/jpg/image_05793.jpg,image_05793.jpg,22.035232543945312
3306,/nas-ctm01/datasets/public/Oxford102Flowers/jpg/image_03307.jpg,image_03307.jpg,24.464763641357422
6346,/nas-ctm01/datasets/public/Oxford102Flowers/jpg/image_06347.jpg,image_06347.jpg,21.82893943786621
3499,/nas-ctm01/datasets/public/Oxford102Flowers/jpg/image_03500.jpg,image_03500.jpg,22.101472854614258
4672,/nas-ctm01/datasets/public/Oxford102Flowers/jpg/image_04673.jpg,image_04673.jpg,21.841394424438477
1116,/nas-ctm01/datasets/public/Oxford102Flowers/jpg/image_01117.jpg,image_01117.jpg,21.218708038330078
7533,/nas-ctm01/datasets/public/Oxford102Flowers/jpg/image_07534.jpg,image_07534.jpg,22.839372634887695
7750,/nas-ctm01/datasets/public/Oxford102Flowers/jpg/image_07751.jpg,image_07751.jpg,21.95534324645996
6169,/nas-ctm01/datasets/public/Oxford102Flowers/jpg/image_06170.jpg,image_06170.jpg,20.93018341064453
5544,/nas-ctm01/datasets/public/Oxford102Flowers/jpg/image_05545.jpg,image_05545.jpg,21.024044036865234
5351,/nas-ctm01/datasets/public/Oxford102Flowers/jpg/image_05352.jpg,image_05352.jpg,20.882192611694336
8019,/nas-ctm01/datasets/public/Oxford102Flowers/jpg/image_08020.jpg,image_08020.jpg,20.751474380493164
2500,/nas-ctm01/datasets/public/Oxford102Flowers/jpg/image_02501.jpg,image_02501.jpg,23.132123947143555
4385,/nas-ctm01/datasets/public/Oxford102Flowers/jpg/image_04386.jpg,image_04386.jpg,22.92268180847168
7269,/nas-ctm01/datasets/public/Oxford102Flowers/jpg/image_07270.jpg,image_07270.jpg,21.74264907836914
3809,/nas-ctm01/datasets/public/Oxford102Flowers/jpg/image_03810.jpg,image_03810.jpg,21.236555099487305
4462,/nas-ctm01/datasets/public/Oxford102Flowers/jpg/image_04463.jpg,image_04463.jpg,21.642473220825195
6176,/nas-ctm01/datasets/public/Oxford102Flowers/jpg/image_06177.jpg,image_06177.jpg,20.537384033203125
5253,/nas-ctm01/datasets/public/Oxford102Flowers/jpg/image_05254.jpg,image_05254.jpg,20.672557830810547
7802,/nas-ctm01/datasets/public/Oxford102Flowers/jpg/image_07803.jpg,image_07803.jpg,21.08724594116211
4832,/nas-ctm01/datasets/public/Oxford102Flowers/jpg/image_04833.jpg,image_04833.jpg,23.217905044555664
2052,/nas-ctm01/datasets/public/Oxford102Flowers/jpg/image_02053.jpg,image_02053.jpg,23.158464431762695
1776,/nas-ctm01/datasets/public/Oxford102Flowers/jpg/image_01777.jpg,image_01777.jpg,23.172298431396484
8132,/nas-ctm01/datasets/public/Oxford102Flowers/jpg/image_08133.jpg,image_08133.jpg,20.959611892700195
3313,/nas-ctm01/datasets/public/Oxford102Flowers/jpg/image_03314.jpg,image_03314.jpg,22.338367462158203
5893,/nas-ctm01/datasets/public/Oxford102Flowers/jpg/image_05894.jpg,image_05894.jpg,23.239212036132812
7141,/nas-ctm01/datasets/public/Oxford102Flowers/jpg/image_07142.jpg,image_07142.jpg,21.282978057861328
1592,/nas-ctm01/datasets/public/Oxford102Flowers/jpg/image_01593.jpg,image_01593.jpg,24.06536293029785
1723,/nas-ctm01/datasets/public/Oxford102Flowers/jpg/image_01724.jpg,image_01724.jpg,22.582447052001953
7051,/nas-ctm01/datasets/public/Oxford102Flowers/jpg/image_07052.jpg,image_07052.jpg,21.734663009643555
4267,/nas-ctm01/datasets/public/Oxford102Flowers/jpg/image_04268.jpg,image_04268.jpg,20.571638107299805
5584,/nas-ctm01/datasets/public/Oxford102Flowers/jpg/image_05585.jpg,image_05585.jpg,22.03859519958496
490,/nas-ctm01/datasets/public/Oxford102Flowers/jpg/image_00491.jpg,image_00491.jpg,21.262983322143555
6879,/nas-ctm01/datasets/public/Oxford102Flowers/jpg/image_06880.jpg,image_06880.jpg,22.020538330078125
3483,/nas-ctm01/datasets/public/Oxford102Flowers/jpg/image_03484.jpg,image_03484.jpg,21.991384506225586
3431,/nas-ctm01/datasets/public/Oxford102Flowers/jpg/image_03432.jpg,image_03432.jpg,20.7481632232666
4241,/nas-ctm01/datasets/public/Oxford102Flowers/jpg/image_04242.jpg,image_04242.jpg,22.175493240356445
6651,/nas-ctm01/datasets/public/Oxford102Flowers/jpg/image_06652.jpg,image_06652.jpg,20.504365921020508
25,/nas-ctm01/datasets/public/Oxford102Flowers/jpg/image_00026.jpg,image_00026.jpg,24.221446990966797
7285,/nas-ctm01/datasets/public/Oxford102Flowers/jpg/image_07286.jpg,image_07286.jpg,21.150646209716797
2409,/nas-ctm01/datasets/public/Oxford102Flowers/jpg/image_02410.jpg,image_02410.jpg,22.58758544921875
3270,/nas-ctm01/datasets/public/Oxford102Flowers/jpg/image_03271.jpg,image_03271.jpg,22.6253719329834
1552,/nas-ctm01/datasets/public/Oxford102Flowers/jpg/image_01553.jpg,image_01553.jpg,24.59470558166504
6989,/nas-ctm01/datasets/public/Oxford102Flowers/jpg/image_06990.jpg,image_06990.jpg,23.002546310424805
6129,/nas-ctm01/datasets/public/Oxford102Flowers/jpg/image_06130.jpg,image_06130.jpg,20.714988708496094
3871,/nas-ctm01/datasets/public/Oxford102Flowers/jpg/image_03872.jpg,image_03872.jpg,23.847862243652344
3402,/nas-ctm01/datasets/public/Oxford102Flowers/jpg/image_03403.jpg,image_03403.jpg,21.169912338256836
979,/nas-ctm01/datasets/public/Oxford102Flowers/jpg/image_00980.jpg,image_00980.jpg,22.056808471679688
2655,/nas-ctm01/datasets/public/Oxford102Flowers/jpg/image_02656.jpg,image_02656.jpg,22.007369995117188
1847,/nas-ctm01/datasets/public/Oxford102Flowers/jpg/image_01848.jpg,image_01848.jpg,23.36539077758789
7000,/nas-ctm01/datasets/public/Oxford102Flowers/jpg/image_07001.jpg,image_07001.jpg,22.458213806152344
6805,/nas-ctm01/datasets/public/Oxford102Flowers/jpg/image_06806.jpg,image_06806.jpg,20.309011459350586
4813,/nas-ctm01/datasets/public/Oxford102Flowers/jpg/image_04814.jpg,image_04814.jpg,21.76408576965332
6092,/nas-ctm01/datasets/public/Oxford102Flowers/jpg/image_06093.jpg,image_06093.jpg,22.346893310546875
7634,/nas-ctm01/datasets/public/Oxford102Flowers/jpg/image_07635.jpg,image_07635.jpg,23.144474029541016
1102,/nas-ctm01/datasets/public/Oxford102Flowers/jpg/image_01103.jpg,image_01103.jpg,21.34695816040039
3276,/nas-ctm01/datasets/public/Oxford102Flowers/jpg/image_03277.jpg,image_03277.jpg,22.10616111755371
4965,/nas-ctm01/datasets/public/Oxford102Flowers/jpg/image_04966.jpg,image_04966.jpg,23.65616798400879
6087,/nas-ctm01/datasets/public/Oxford102Flowers/jpg/image_06088.jpg,image_06088.jpg,23.517375946044922
5708,/nas-ctm01/datasets/public/Oxford102Flowers/jpg/image_05709.jpg,image_05709.jpg,22.765071868896484
3996,/nas-ctm01/datasets/public/Oxford102Flowers/jpg/image_03997.jpg,image_03997.jpg,22.68498420715332
194,/nas-ctm01/datasets/public/Oxford102Flowers/jpg/image_00195.jpg,image_00195.jpg,24.434707641601562
643,/nas-ctm01/datasets/public/Oxford102Flowers/jpg/image_00644.jpg,image_00644.jpg,21.783592224121094
3285,/nas-ctm01/datasets/public/Oxford102Flowers/jpg/image_03286.jpg,image_03286.jpg,23.331708908081055
3116,/nas-ctm01/datasets/public/Oxford102Flowers/jpg/image_03117.jpg,image_03117.jpg,21.754941940307617
3575,/nas-ctm01/datasets/public/Oxford102Flowers/jpg/image_03576.jpg,image_03576.jpg,22.90576171875
6711,/nas-ctm01/datasets/public/Oxford102Flowers/jpg/image_06712.jpg,image_06712.jpg,21.018796920776367
2207,/nas-ctm01/datasets/public/Oxford102Flowers/jpg/image_02208.jpg,image_02208.jpg,22.622188568115234
3718,/nas-ctm01/datasets/public/Oxford102Flowers/jpg/image_03719.jpg,image_03719.jpg,21.768156051635742
972,/nas-ctm01/datasets/public/Oxford102Flowers/jpg/image_00973.jpg,image_00973.jpg,21.15683937072754
719,/nas-ctm01/datasets/public/Oxford102Flowers/jpg/image_00720.jpg,image_00720.jpg,22.25383186340332
7326,/nas-ctm01/datasets/public/Oxford102Flowers/jpg/image_07327.jpg,image_07327.jpg,22.017255783081055
3896,/nas-ctm01/datasets/public/Oxford102Flowers/jpg/image_03897.jpg,image_03897.jpg,23.93574333190918
2803,/nas-ctm01/datasets/public/Oxford102Flowers/jpg/image_02804.jpg,image_02804.jpg,21.47856330871582
2566,/nas-ctm01/datasets/public/Oxford102Flowers/jpg/image_02567.jpg,image_02567.jpg,22.562170028686523
4025,/nas-ctm01/datasets/public/Oxford102Flowers/jpg/image_04026.jpg,image_04026.jpg,22.21053123474121
32,/nas-ctm01/datasets/public/Oxford102Flowers/jpg/image_00033.jpg,image_00033.jpg,23.950347900390625
6444,/nas-ctm01/datasets/public/Oxford102Flowers/jpg/image_06445.jpg,image_06445.jpg,21.580886840820312
4063,/nas-ctm01/datasets/public/Oxford102Flowers/jpg/image_04064.jpg,image_04064.jpg,22.185546875
6604,/nas-ctm01/datasets/public/Oxford102Flowers/jpg/image_06605.jpg,image_06605.jpg,22.066574096679688
1697,/nas-ctm01/datasets/public/Oxford102Flowers/jpg/image_01698.jpg,image_01698.jpg,23.56185531616211
2792,/nas-ctm01/datasets/public/Oxford102Flowers/jpg/image_02793.jpg,image_02793.jpg,21.49800682067871
2222,/nas-ctm01/datasets/public/Oxford102Flowers/jpg/image_02223.jpg,image_02223.jpg,21.233423233032227
3764,/nas-ctm01/datasets/public/Oxford102Flowers/jpg/image_03765.jpg,image_03765.jpg,20.761104583740234
3866,/nas-ctm01/datasets/public/Oxford102Flowers/jpg/image_03867.jpg,image_03867.jpg,24.061233520507812
6199,/nas-ctm01/datasets/public/Oxford102Flowers/jpg/image_06200.jpg,image_06200.jpg,22.646013259887695
6591,/nas-ctm01/datasets/public/Oxford102Flowers/jpg/image_06592.jpg,image_06592.jpg,20.9161319732666
4498,/nas-ctm01/datasets/public/Oxford102Flowers/jpg/image_04499.jpg,image_04499.jpg,20.898900985717773
6145,/nas-ctm01/datasets/public/Oxford102Flowers/jpg/image_06146.jpg,image_06146.jpg,20.756757736206055
3758,/nas-ctm01/datasets/public/Oxford102Flowers/jpg/image_03759.jpg,image_03759.jpg,20.581363677978516
5465,/nas-ctm01/datasets/public/Oxford102Flowers/jpg/image_05466.jpg,image_05466.jpg,22.030620574951172
3227,/nas-ctm01/datasets/public/Oxford102Flowers/jpg/image_03228.jpg,image_03228.jpg,22.833354949951172
5244,/nas-ctm01/datasets/public/Oxford102Flowers/jpg/image_05245.jpg,image_05245.jpg,21.458322525024414
7894,/nas-ctm01/datasets/public/Oxford102Flowers/jpg/image_07895.jpg,image_07895.jpg,22.12376594543457
3904,/nas-ctm01/datasets/public/Oxford102Flowers/jpg/image_03905.jpg,image_03905.jpg,23.616418838500977
2277,/nas-ctm01/datasets/public/Oxford102Flowers/jpg/image_02278.jpg,image_02278.jpg,21.390939712524414
5333,/nas-ctm01/datasets/public/Oxford102Flowers/jpg/image_05334.jpg,image_05334.jpg,22.193866729736328
1401,/nas-ctm01/datasets/public/Oxford102Flowers/jpg/image_01402.jpg,image_01402.jpg,21.052597045898438
739,/nas-ctm01/datasets/public/Oxford102Flowers/jpg/image_00740.jpg,image_00740.jpg,21.24650764465332
5015,/nas-ctm01/datasets/public/Oxford102Flowers/jpg/image_05016.jpg,image_05016.jpg,23.22366714477539
7440,/nas-ctm01/datasets/public/Oxford102Flowers/jpg/image_07441.jpg,image_07441.jpg,22.107271194458008
6149,/nas-ctm01/datasets/public/Oxford102Flowers/jpg/image_06150.jpg,image_06150.jpg,20.50739097595215
5508,/nas-ctm01/datasets/public/Oxford102Flowers/jpg/image_05509.jpg,image_05509.jpg,22.757917404174805
4379,/nas-ctm01/datasets/public/Oxford102Flowers/jpg/image_04380.jpg,image_04380.jpg,22.717500686645508
5591,/nas-ctm01/datasets/public/Oxford102Flowers/jpg/image_05592.jpg,image_05592.jpg,22.127710342407227
674,/nas-ctm01/datasets/public/Oxford102Flowers/jpg/image_00675.jpg,image_00675.jpg,20.910898208618164
4295,/nas-ctm01/datasets/public/Oxford102Flowers/jpg/image_04296.jpg,image_04296.jpg,21.37157440185547
3841,/nas-ctm01/datasets/public/Oxford102Flowers/jpg/image_03842.jpg,image_03842.jpg,23.072025299072266
1815,/nas-ctm01/datasets/public/Oxford102Flowers/jpg/image_01816.jpg,image_01816.jpg,23.972156524658203
5705,/nas-ctm01/datasets/public/Oxford102Flowers/jpg/image_05706.jpg,image_05706.jpg,22.97246551513672
7931,/nas-ctm01/datasets/public/Oxford102Flowers/jpg/image_07932.jpg,image_07932.jpg,22.90570640563965
6994,/nas-ctm01/datasets/public/Oxford102Flowers/jpg/image_06995.jpg,image_06995.jpg,22.852510452270508
4919,/nas-ctm01/datasets/public/Oxford102Flowers/jpg/image_04920.jpg,image_04920.jpg,23.502649307250977
2100,/nas-ctm01/datasets/public/Oxford102Flowers/jpg/image_02101.jpg,image_02101.jpg,21.972213745117188
6979,/nas-ctm01/datasets/public/Oxford102Flowers/jpg/image_06980.jpg,image_06980.jpg,22.265289306640625
2101,/nas-ctm01/datasets/public/Oxford102Flowers/jpg/image_02102.jpg,image_02102.jpg,21.667739868164062
4213,/nas-ctm01/datasets/public/Oxford102Flowers/jpg/image_04214.jpg,image_04214.jpg,21.788719177246094
4692,/nas-ctm01/datasets/public/Oxford102Flowers/jpg/image_04693.jpg,image_04693.jpg,20.678133010864258
1548,/nas-ctm01/datasets/public/Oxford102Flowers/jpg/image_01549.jpg,image_01549.jpg,24.19597816467285
4604,/nas-ctm01/datasets/public/Oxford102Flowers/jpg/image_04605.jpg,image_04605.jpg,21.166303634643555
3323,/nas-ctm01/datasets/public/Oxford102Flowers/jpg/image_03324.jpg,image_03324.jpg,23.49567985534668
8063,/nas-ctm01/datasets/public/Oxford102Flowers/jpg/image_08064.jpg,image_08064.jpg,22.011568069458008
355,/nas-ctm01/datasets/public/Oxford102Flowers/jpg/image_00356.jpg,image_00356.jpg,22.770263671875
1461,/nas-ctm01/datasets/public/Oxford102Flowers/jpg/image_01462.jpg,image_01462.jpg,20.654462814331055
7255,/nas-ctm01/datasets/public/Oxford102Flowers/jpg/image_07256.jpg,image_07256.jpg,20.442106246948242
3220,/nas-ctm01/datasets/public/Oxford102Flowers/jpg/image_03221.jpg,image_03221.jpg,21.9702205657959
7695,/nas-ctm01/datasets/public/Oxford102Flowers/jpg/image_07696.jpg,image_07696.jpg,21.307451248168945
6679,/nas-ctm01/datasets/public/Oxford102Flowers/jpg/image_06680.jpg,image_06680.jpg,20.459274291992188
1751,/nas-ctm01/datasets/public/Oxford102Flowers/jpg/image_01752.jpg,image_01752.jpg,23.786928176879883
5378,/nas-ctm01/datasets/public/Oxford102Flowers/jpg/image_05379.jpg,image_05379.jpg,20.92062759399414
5106,/nas-ctm01/datasets/public/Oxford102Flowers/jpg/image_05107.jpg,image_05107.jpg,21.691865921020508
1772,/nas-ctm01/datasets/public/Oxford102Flowers/jpg/image_01773.jpg,image_01773.jpg,24.367525100708008
1196,/nas-ctm01/datasets/public/Oxford102Flowers/jpg/image_01197.jpg,image_01197.jpg,22.342063903808594
1878,/nas-ctm01/datasets/public/Oxford102Flowers/jpg/image_01879.jpg,image_01879.jpg,24.016029357910156
2668,/nas-ctm01/datasets/public/Oxford102Flowers/jpg/image_02669.jpg,image_02669.jpg,22.280794143676758
8172,/nas-ctm01/datasets/public/Oxford102Flowers/jpg/image_08173.jpg,image_08173.jpg,21.622859954833984
2016,/nas-ctm01/datasets/public/Oxford102Flowers/jpg/image_02017.jpg,image_02017.jpg,22.691007614135742
2005,/nas-ctm01/datasets/public/Oxford102Flowers/jpg/image_02006.jpg,image_02006.jpg,23.034074783325195
3893,/nas-ctm01/datasets/public/Oxford102Flowers/jpg/image_03894.jpg,image_03894.jpg,23.488412857055664
3237,/nas-ctm01/datasets/public/Oxford102Flowers/jpg/image_03238.jpg,image_03238.jpg,22.071186065673828
2078,/nas-ctm01/datasets/public/Oxford102Flowers/jpg/image_02079.jpg,image_02079.jpg,21.44657325744629
396,/nas-ctm01/datasets/public/Oxford102Flowers/jpg/image_00397.jpg,image_00397.jpg,22.79840850830078
2788,/nas-ctm01/datasets/public/Oxford102Flowers/jpg/image_02789.jpg,image_02789.jpg,23.056943893432617
4810,/nas-ctm01/datasets/public/Oxford102Flowers/jpg/image_04811.jpg,image_04811.jpg,22.074689865112305
4072,/nas-ctm01/datasets/public/Oxford102Flowers/jpg/image_04073.jpg,image_04073.jpg,22.303152084350586
5752,/nas-ctm01/datasets/public/Oxford102Flowers/jpg/image_05753.jpg,image_05753.jpg,23.13615608215332
4871,/nas-ctm01/datasets/public/Oxford102Flowers/jpg/image_04872.jpg,image_04872.jpg,21.759275436401367
1519,/nas-ctm01/datasets/public/Oxford102Flowers/jpg/image_01520.jpg,image_01520.jpg,23.988981246948242
6503,/nas-ctm01/datasets/public/Oxford102Flowers/jpg/image_06504.jpg,image_06504.jpg,23.600521087646484
1378,/nas-ctm01/datasets/public/Oxford102Flowers/jpg/image_01379.jpg,image_01379.jpg,21.376205444335938
1023,/nas-ctm01/datasets/public/Oxford102Flowers/jpg/image_01024.jpg,image_01024.jpg,20.89219093322754
2587,/nas-ctm01/datasets/public/Oxford102Flowers/jpg/image_02588.jpg,image_02588.jpg,23.239078521728516
7886,/nas-ctm01/datasets/public/Oxford102Flowers/jpg/image_07887.jpg,image_07887.jpg,21.684467315673828
2857,/nas-ctm01/datasets/public/Oxford102Flowers/jpg/image_02858.jpg,image_02858.jpg,22.377197265625
8008,/nas-ctm01/datasets/public/Oxford102Flowers/jpg/image_08009.jpg,image_08009.jpg,21.443931579589844
1629,/nas-ctm01/datasets/public/Oxford102Flowers/jpg/image_01630.jpg,image_01630.jpg,23.513439178466797
3523,/nas-ctm01/datasets/public/Oxford102Flowers/jpg/image_03524.jpg,image_03524.jpg,22.51362419128418
5231,/nas-ctm01/datasets/public/Oxford102Flowers/jpg/image_05232.jpg,image_05232.jpg,21.08728790283203
3607,/nas-ctm01/datasets/public/Oxford102Flowers/jpg/image_03608.jpg,image_03608.jpg,22.338335037231445
7307,/nas-ctm01/datasets/public/Oxford102Flowers/jpg/image_07308.jpg,image_07308.jpg,21.714099884033203
234,/nas-ctm01/datasets/public/Oxford102Flowers/jpg/image_00235.jpg,image_00235.jpg,24.361492156982422
5214,/nas-ctm01/datasets/public/Oxford102Flowers/jpg/image_05215.jpg,image_05215.jpg,21.027141571044922
3796,/nas-ctm01/datasets/public/Oxford102Flowers/jpg/image_03797.jpg,image_03797.jpg,21.040721893310547
4118,/nas-ctm01/datasets/public/Oxford102Flowers/jpg/image_04119.jpg,image_04119.jpg,22.29749298095703
3800,/nas-ctm01/datasets/public/Oxford102Flowers/jpg/image_03801.jpg,image_03801.jpg,20.94142723083496
5070,/nas-ctm01/datasets/public/Oxford102Flowers/jpg/image_05071.jpg,image_05071.jpg,21.01833724975586
6036,/nas-ctm01/datasets/public/Oxford102Flowers/jpg/image_06037.jpg,image_06037.jpg,21.600719451904297
1948,/nas-ctm01/datasets/public/Oxford102Flowers/jpg/image_01949.jpg,image_01949.jpg,24.28170394897461
7273,/nas-ctm01/datasets/public/Oxford102Flowers/jpg/image_07274.jpg,image_07274.jpg,21.546030044555664
5074,/nas-ctm01/datasets/public/Oxford102Flowers/jpg/image_05075.jpg,image_05075.jpg,20.748531341552734
3492,/nas-ctm01/datasets/public/Oxford102Flowers/jpg/image_03493.jpg,image_03493.jpg,21.642688751220703
2671,/nas-ctm01/datasets/public/Oxford102Flowers/jpg/image_02672.jpg,image_02672.jpg,22.657838821411133
6811,/nas-ctm01/datasets/public/Oxford102Flowers/jpg/image_06812.jpg,image_06812.jpg,20.3242244720459
2224,/nas-ctm01/datasets/public/Oxford102Flowers/jpg/image_02225.jpg,image_02225.jpg,21.508962631225586
1106,/nas-ctm01/datasets/public/Oxford102Flowers/jpg/image_01107.jpg,image_01107.jpg,21.205074310302734
6745,/nas-ctm01/datasets/public/Oxford102Flowers/jpg/image_06746.jpg,image_06746.jpg,21.49066925048828
818,/nas-ctm01/datasets/public/Oxford102Flowers/jpg/image_00819.jpg,image_00819.jpg,22.200048446655273
6379,/nas-ctm01/datasets/public/Oxford102Flowers/jpg/image_06380.jpg,image_06380.jpg,21.115236282348633
8124,/nas-ctm01/datasets/public/Oxford102Flowers/jpg/image_08125.jpg,image_08125.jpg,20.871383666992188
7264,/nas-ctm01/datasets/public/Oxford102Flowers/jpg/image_07265.jpg,image_07265.jpg,20.970970153808594
888,/nas-ctm01/datasets/public/Oxford102Flowers/jpg/image_00889.jpg,image_00889.jpg,23.49732208251953
2437,/nas-ctm01/datasets/public/Oxford102Flowers/jpg/image_02438.jpg,image_02438.jpg,22.012651443481445
817,/nas-ctm01/datasets/public/Oxford102Flowers/jpg/image_00818.jpg,image_00818.jpg,23.26874542236328
3414,/nas-ctm01/datasets/public/Oxford102Flowers/jpg/image_03415.jpg,image_03415.jpg,21.34671401977539
2341,/nas-ctm01/datasets/public/Oxford102Flowers/jpg/image_02342.jpg,image_02342.jpg,22.702383041381836
6721,/nas-ctm01/datasets/public/Oxford102Flowers/jpg/image_06722.jpg,image_06722.jpg,20.526058197021484
3167,/nas-ctm01/datasets/public/Oxford102Flowers/jpg/image_03168.jpg,image_03168.jpg,20.796958923339844
6055,/nas-ctm01/datasets/public/Oxford102Flowers/jpg/image_06056.jpg,image_06056.jpg,22.420804977416992
5394,/nas-ctm01/datasets/public/Oxford102Flowers/jpg/image_05395.jpg,image_05395.jpg,20.918254852294922
1264,/nas-ctm01/datasets/public/Oxford102Flowers/jpg/image_01265.jpg,image_01265.jpg,22.742252349853516
7553,/nas-ctm01/datasets/public/Oxford102Flowers/jpg/image_07554.jpg,image_07554.jpg,21.268356323242188
5916,/nas-ctm01/datasets/public/Oxford102Flowers/jpg/image_05917.jpg,image_05917.jpg,23.07019805908203
5773,/nas-ctm01/datasets/public/Oxford102Flowers/jpg/image_05774.jpg,image_05774.jpg,23.209766387939453
1228,/nas-ctm01/datasets/public/Oxford102Flowers/jpg/image_01229.jpg,image_01229.jpg,22.499467849731445
6350,/nas-ctm01/datasets/public/Oxford102Flowers/jpg/image_06351.jpg,image_06351.jpg,21.76422691345215
52,/nas-ctm01/datasets/public/Oxford102Flowers/jpg/image_00053.jpg,image_00053.jpg,23.98167610168457
4927,/nas-ctm01/datasets/public/Oxford102Flowers/jpg/image_04928.jpg,image_04928.jpg,23.352014541625977
6803,/nas-ctm01/datasets/public/Oxford102Flowers/jpg/image_06804.jpg,image_06804.jpg,20.323678970336914
159,/nas-ctm01/datasets/public/Oxford102Flowers/jpg/image_00160.jpg,image_00160.jpg,23.28963851928711
5071,/nas-ctm01/datasets/public/Oxford102Flowers/jpg/image_05072.jpg,image_05072.jpg,20.86474609375
1587,/nas-ctm01/datasets/public/Oxford102Flowers/jpg/image_01588.jpg,image_01588.jpg,23.6336669921875
1589,/nas-ctm01/datasets/public/Oxford102Flowers/jpg/image_01590.jpg,image_01590.jpg,23.744199752807617
4674,/nas-ctm01/datasets/public/Oxford102Flowers/jpg/image_04675.jpg,image_04675.jpg,21.21187400817871
4446,/nas-ctm01/datasets/public/Oxford102Flowers/jpg/image_04447.jpg,image_04447.jpg,21.77676773071289
5168,/nas-ctm01/datasets/public/Oxford102Flowers/jpg/image_05169.jpg,image_05169.jpg,22.497716903686523
3858,/nas-ctm01/datasets/public/Oxford102Flowers/jpg/image_03859.jpg,image_03859.jpg,24.17999839782715
4510,/nas-ctm01/datasets/public/Oxford102Flowers/jpg/image_04511.jpg,image_04511.jpg,21.568769454956055
2828,/nas-ctm01/datasets/public/Oxford102Flowers/jpg/image_02829.jpg,image_02829.jpg,22.125890731811523
436,/nas-ctm01/datasets/public/Oxford102Flowers/jpg/image_00437.jpg,image_00437.jpg,22.829370498657227
6507,/nas-ctm01/datasets/public/Oxford102Flowers/jpg/image_06508.jpg,image_06508.jpg,23.16582489013672
3878,/nas-ctm01/datasets/public/Oxford102Flowers/jpg/image_03879.jpg,image_03879.jpg,24.037431716918945
1588,/nas-ctm01/datasets/public/Oxford102Flowers/jpg/image_01589.jpg,image_01589.jpg,24.328107833862305
2780,/nas-ctm01/datasets/public/Oxford102Flowers/jpg/image_02781.jpg,image_02781.jpg,22.0924015045166
6654,/nas-ctm01/datasets/public/Oxford102Flowers/jpg/image_06655.jpg,image_06655.jpg,20.50878143310547
6043,/nas-ctm01/datasets/public/Oxford102Flowers/jpg/image_06044.jpg,image_06044.jpg,20.998952865600586
6029,/nas-ctm01/datasets/public/Oxford102Flowers/jpg/image_06030.jpg,image_06030.jpg,20.762470245361328
973,/nas-ctm01/datasets/public/Oxford102Flowers/jpg/image_00974.jpg,image_00974.jpg,20.863309860229492
1238,/nas-ctm01/datasets/public/Oxford102Flowers/jpg/image_01239.jpg,image_01239.jpg,22.88478660583496
2951,/nas-ctm01/datasets/public/Oxford102Flowers/jpg/image_02952.jpg,image_02952.jpg,22.48198890686035
2342,/nas-ctm01/datasets/public/Oxford102Flowers/jpg/image_02343.jpg,image_02343.jpg,22.235389709472656
6105,/nas-ctm01/datasets/public/Oxford102Flowers/jpg/image_06106.jpg,image_06106.jpg,21.045272827148438
6986,/nas-ctm01/datasets/public/Oxford102Flowers/jpg/image_06987.jpg,image_06987.jpg,22.48101043701172
1497,/nas-ctm01/datasets/public/Oxford102Flowers/jpg/image_01498.jpg,image_01498.jpg,24.534242630004883
4257,/nas-ctm01/datasets/public/Oxford102Flowers/jpg/image_04258.jpg,image_04258.jpg,20.267412185668945
2422,/nas-ctm01/datasets/public/Oxford102Flowers/jpg/image_02423.jpg,image_02423.jpg,21.355724334716797
7572,/nas-ctm01/datasets/public/Oxford102Flowers/jpg/image_07573.jpg,image_07573.jpg,21.377666473388672
5379,/nas-ctm01/datasets/public/Oxford102Flowers/jpg/image_05380.jpg,image_05380.jpg,22.01688003540039
7047,/nas-ctm01/datasets/public/Oxford102Flowers/jpg/image_07048.jpg,image_07048.jpg,21.884841918945312
2092,/nas-ctm01/datasets/public/Oxford102Flowers/jpg/image_02093.jpg,image_02093.jpg,21.951961517333984
2015,/nas-ctm01/datasets/public/Oxford102Flowers/jpg/image_02016.jpg,image_02016.jpg,23.425687789916992
6768,/nas-ctm01/datasets/public/Oxford102Flowers/jpg/image_06769.jpg,image_06769.jpg,20.57330322265625
7335,/nas-ctm01/datasets/public/Oxford102Flowers/jpg/image_07336.jpg,image_07336.jpg,22.117637634277344
187,/nas-ctm01/datasets/public/Oxford102Flowers/jpg/image_00188.jpg,image_00188.jpg,24.624509811401367
4625,/nas-ctm01/datasets/public/Oxford102Flowers/jpg/image_04626.jpg,image_04626.jpg,21.599929809570312
3655,/nas-ctm01/datasets/public/Oxford102Flowers/jpg/image_03656.jpg,image_03656.jpg,20.89580535888672
3426,/nas-ctm01/datasets/public/Oxford102Flowers/jpg/image_03427.jpg,image_03427.jpg,20.71367645263672
4845,/nas-ctm01/datasets/public/Oxford102Flowers/jpg/image_04846.jpg,image_04846.jpg,23.557767868041992
1381,/nas-ctm01/datasets/public/Oxford102Flowers/jpg/image_01382.jpg,image_01382.jpg,21.25532341003418
5014,/nas-ctm01/datasets/public/Oxford102Flowers/jpg/image_05015.jpg,image_05015.jpg,22.62175178527832
413,/nas-ctm01/datasets/public/Oxford102Flowers/jpg/image_00414.jpg,image_00414.jpg,22.620737075805664
3336,/nas-ctm01/datasets/public/Oxford102Flowers/jpg/image_03337.jpg,image_03337.jpg,23.70414924621582
3606,/nas-ctm01/datasets/public/Oxford102Flowers/jpg/image_03607.jpg,image_03607.jpg,21.865577697753906
7677,/nas-ctm01/datasets/public/Oxford102Flowers/jpg/image_07678.jpg,image_07678.jpg,21.120481491088867
5973,/nas-ctm01/datasets/public/Oxford102Flowers/jpg/image_05974.jpg,image_05974.jpg,22.64183807373047
7055,/nas-ctm01/datasets/public/Oxford102Flowers/jpg/image_07056.jpg,image_07056.jpg,22.770498275756836
256,/nas-ctm01/datasets/public/Oxford102Flowers/jpg/image_00257.jpg,image_00257.jpg,23.250032424926758
6474,/nas-ctm01/datasets/public/Oxford102Flowers/jpg/image_06475.jpg,image_06475.jpg,21.294994354248047
8027,/nas-ctm01/datasets/public/Oxford102Flowers/jpg/image_08028.jpg,image_08028.jpg,21.23212432861328
2235,/nas-ctm01/datasets/public/Oxford102Flowers/jpg/image_02236.jpg,image_02236.jpg,21.301685333251953
1767,/nas-ctm01/datasets/public/Oxford102Flowers/jpg/image_01768.jpg,image_01768.jpg,23.51858901977539
4236,/nas-ctm01/datasets/public/Oxford102Flowers/jpg/image_04237.jpg,image_04237.jpg,21.207096099853516
5862,/nas-ctm01/datasets/public/Oxford102Flowers/jpg/image_05863.jpg,image_05863.jpg,23.93327522277832
1572,/nas-ctm01/datasets/public/Oxford102Flowers/jpg/image_01573.jpg,image_01573.jpg,24.886959075927734
24,/nas-ctm01/datasets/public/Oxford102Flowers/jpg/image_00025.jpg,image_00025.jpg,24.00152015686035
6473,/nas-ctm01/datasets/public/Oxford102Flowers/jpg/image_06474.jpg,image_06474.jpg,22.812726974487305
1088,/nas-ctm01/datasets/public/Oxford102Flowers/jpg/image_01089.jpg,image_01089.jpg,21.14864158630371
2694,/nas-ctm01/datasets/public/Oxford102Flowers/jpg/image_02695.jpg,image_02695.jpg,22.154953002929688
5096,/nas-ctm01/datasets/public/Oxford102Flowers/jpg/image_05097.jpg,image_05097.jpg,22.133901596069336
3398,/nas-ctm01/datasets/public/Oxford102Flowers/jpg/image_03399.jpg,image_03399.jpg,21.268373489379883
3559,/nas-ctm01/datasets/public/Oxford102Flowers/jpg/image_03560.jpg,image_03560.jpg,22.766403198242188
6911,/nas-ctm01/datasets/public/Oxford102Flowers/jpg/image_06912.jpg,image_06912.jpg,23.330184936523438
2841,/nas-ctm01/datasets/public/Oxford102Flowers/jpg/image_02842.jpg,image_02842.jpg,21.903583526611328
2311,/nas-ctm01/datasets/public/Oxford102Flowers/jpg/image_02312.jpg,image_02312.jpg,21.568641662597656
5701,/nas-ctm01/datasets/public/Oxford102Flowers/jpg/image_05702.jpg,image_05702.jpg,22.534164428710938
7779,/nas-ctm01/datasets/public/Oxford102Flowers/jpg/image_07780.jpg,image_07780.jpg,21.12906837463379
4152,/nas-ctm01/datasets/public/Oxford102Flowers/jpg/image_04153.jpg,image_04153.jpg,23.750953674316406
1309,/nas-ctm01/datasets/public/Oxford102Flowers/jpg/image_01310.jpg,image_01310.jpg,21.753368377685547
695,/nas-ctm01/datasets/public/Oxford102Flowers/jpg/image_00696.jpg,image_00696.jpg,21.408733367919922
7762,/nas-ctm01/datasets/public/Oxford102Flowers/jpg/image_07763.jpg,image_07763.jpg,20.908456802368164
3752,/nas-ctm01/datasets/public/Oxford102Flowers/jpg/image_03753.jpg,image_03753.jpg,20.585554122924805
1227,/nas-ctm01/datasets/public/Oxford102Flowers/jpg/image_01228.jpg,image_01228.jpg,21.799911499023438
1999,/nas-ctm01/datasets/public/Oxford102Flowers/jpg/image_02000.jpg,image_02000.jpg,22.66506576538086
276,/nas-ctm01/datasets/public/Oxford102Flowers/jpg/image_00277.jpg,image_00277.jpg,22.952503204345703
7769,/nas-ctm01/datasets/public/Oxford102Flowers/jpg/image_07770.jpg,image_07770.jpg,21.780338287353516
4767,/nas-ctm01/datasets/public/Oxford102Flowers/jpg/image_04768.jpg,image_04768.jpg,22.51927947998047
7828,/nas-ctm01/datasets/public/Oxford102Flowers/jpg/image_07829.jpg,image_07829.jpg,21.08199119567871
7276,/nas-ctm01/datasets/public/Oxford102Flowers/jpg/image_07277.jpg,image_07277.jpg,22.227272033691406
5550,/nas-ctm01/datasets/public/Oxford102Flowers/jpg/image_05551.jpg,image_05551.jpg,21.75826644897461
7715,/nas-ctm01/datasets/public/Oxford102Flowers/jpg/image_07716.jpg,image_07716.jpg,20.292036056518555
8154,/nas-ctm01/datasets/public/Oxford102Flowers/jpg/image_08155.jpg,image_08155.jpg,21.17827033996582
5039,/nas-ctm01/datasets/public/Oxford102Flowers/jpg/image_05040.jpg,image_05040.jpg,21.414701461791992
1137,/nas-ctm01/datasets/public/Oxford102Flowers/jpg/image_01138.jpg,image_01138.jpg,21.445362091064453
2767,/nas-ctm01/datasets/public/Oxford102Flowers/jpg/image_02768.jpg,image_02768.jpg,21.8065242767334
5498,/nas-ctm01/datasets/public/Oxford102Flowers/jpg/image_05499.jpg,image_05499.jpg,21.610424041748047
5777,/nas-ctm01/datasets/public/Oxford102Flowers/jpg/image_05778.jpg,image_05778.jpg,24.36200523376465
942,/nas-ctm01/datasets/public/Oxford102Flowers/jpg/image_00943.jpg,image_00943.jpg,22.55178451538086
6596,/nas-ctm01/datasets/public/Oxford102Flowers/jpg/image_06597.jpg,image_06597.jpg,21.827802658081055
3935,/nas-ctm01/datasets/public/Oxford102Flowers/jpg/image_03936.jpg,image_03936.jpg,22.072769165039062
2384,/nas-ctm01/datasets/public/Oxford102Flowers/jpg/image_02385.jpg,image_02385.jpg,22.64975929260254
115,/nas-ctm01/datasets/public/Oxford102Flowers/jpg/image_00116.jpg,image_00116.jpg,24.691816329956055
7832,/nas-ctm01/datasets/public/Oxford102Flowers/jpg/image_07833.jpg,image_07833.jpg,22.851057052612305
8147,/nas-ctm01/datasets/public/Oxford102Flowers/jpg/image_08148.jpg,image_08148.jpg,20.155126571655273
3119,/nas-ctm01/datasets/public/Oxford102Flowers/jpg/image_03120.jpg,image_03120.jpg,21.59490966796875
4258,/nas-ctm01/datasets/public/Oxford102Flowers/jpg/image_04259.jpg,image_04259.jpg,21.78805923461914
4519,/nas-ctm01/datasets/public/Oxford102Flowers/jpg/image_04520.jpg,image_04520.jpg,21.10212516784668
5897,/nas-ctm01/datasets/public/Oxford102Flowers/jpg/image_05898.jpg,image_05898.jpg,23.886402130126953
2819,/nas-ctm01/datasets/public/Oxford102Flowers/jpg/image_02820.jpg,image_02820.jpg,22.086280822753906
3822,/nas-ctm01/datasets/public/Oxford102Flowers/jpg/image_03823.jpg,image_03823.jpg,20.619009017944336
6812,/nas-ctm01/datasets/public/Oxford102Flowers/jpg/image_06813.jpg,image_06813.jpg,21.616348266601562
7633,/nas-ctm01/datasets/public/Oxford102Flowers/jpg/image_07634.jpg,image_07634.jpg,22.995155334472656
3802,/nas-ctm01/datasets/public/Oxford102Flowers/jpg/image_03803.jpg,image_03803.jpg,20.817787170410156
3536,/nas-ctm01/datasets/public/Oxford102Flowers/jpg/image_03537.jpg,image_03537.jpg,22.498001098632812
3825,/nas-ctm01/datasets/public/Oxford102Flowers/jpg/image_03826.jpg,image_03826.jpg,20.443954467773438
6171,/nas-ctm01/datasets/public/Oxford102Flowers/jpg/image_06172.jpg,image_06172.jpg,21.576202392578125
1946,/nas-ctm01/datasets/public/Oxford102Flowers/jpg/image_01947.jpg,image_01947.jpg,22.656349182128906
5686,/nas-ctm01/datasets/public/Oxford102Flowers/jpg/image_05687.jpg,image_05687.jpg,21.81559181213379
3488,/nas-ctm01/datasets/public/Oxford102Flowers/jpg/image_03489.jpg,image_03489.jpg,22.587488174438477
1610,/nas-ctm01/datasets/public/Oxford102Flowers/jpg/image_01611.jpg,image_01611.jpg,23.552907943725586
6361,/nas-ctm01/datasets/public/Oxford102Flowers/jpg/image_06362.jpg,image_06362.jpg,21.432403564453125
2194,/nas-ctm01/datasets/public/Oxford102Flowers/jpg/image_02195.jpg,image_02195.jpg,21.50361442565918
5384,/nas-ctm01/datasets/public/Oxford102Flowers/jpg/image_05385.jpg,image_05385.jpg,21.578174591064453
557,/nas-ctm01/datasets/public/Oxford102Flowers/jpg/image_00558.jpg,image_00558.jpg,21.8054256439209
5411,/nas-ctm01/datasets/public/Oxford102Flowers/jpg/image_05412.jpg,image_05412.jpg,22.932310104370117
1207,/nas-ctm01/datasets/public/Oxford102Flowers/jpg/image_01208.jpg,image_01208.jpg,22.34059715270996
4739,/nas-ctm01/datasets/public/Oxford102Flowers/jpg/image_04740.jpg,image_04740.jpg,21.85259246826172
6817,/nas-ctm01/datasets/public/Oxford102Flowers/jpg/image_06818.jpg,image_06818.jpg,22.36351203918457
1510,/nas-ctm01/datasets/public/Oxford102Flowers/jpg/image_01511.jpg,image_01511.jpg,23.529285430908203
3829,/nas-ctm01/datasets/public/Oxford102Flowers/jpg/image_03830.jpg,image_03830.jpg,23.880130767822266
3732,/nas-ctm01/datasets/public/Oxford102Flowers/jpg/image_03733.jpg,image_03733.jpg,21.656192779541016
6109,/nas-ctm01/datasets/public/Oxford102Flowers/jpg/image_06110.jpg,image_06110.jpg,21.03571891784668
3211,/nas-ctm01/datasets/public/Oxford102Flowers/jpg/image_03212.jpg,image_03212.jpg,22.561368942260742
3630,/nas-ctm01/datasets/public/Oxford102Flowers/jpg/image_03631.jpg,image_03631.jpg,22.468097686767578
5598,/nas-ctm01/datasets/public/Oxford102Flowers/jpg/image_05599.jpg,image_05599.jpg,21.70927619934082
5602,/nas-ctm01/datasets/public/Oxford102Flowers/jpg/image_05603.jpg,image_05603.jpg,20.071155548095703
266,/nas-ctm01/datasets/public/Oxford102Flowers/jpg/image_00267.jpg,image_00267.jpg,22.597806930541992
1140,/nas-ctm01/datasets/public/Oxford102Flowers/jpg/image_01141.jpg,image_01141.jpg,20.716930389404297
3162,/nas-ctm01/datasets/public/Oxford102Flowers/jpg/image_03163.jpg,image_03163.jpg,21.97452163696289
5827,/nas-ctm01/datasets/public/Oxford102Flowers/jpg/image_05828.jpg,image_05828.jpg,21.927650451660156
7522,/nas-ctm01/datasets/public/Oxford102Flowers/jpg/image_07523.jpg,image_07523.jpg,22.390201568603516
1909,/nas-ctm01/datasets/public/Oxford102Flowers/jpg/image_01910.jpg,image_01910.jpg,22.906618118286133
4915,/nas-ctm01/datasets/public/Oxford102Flowers/jpg/image_04916.jpg,image_04916.jpg,23.607622146606445
6976,/nas-ctm01/datasets/public/Oxford102Flowers/jpg/image_06977.jpg,image_06977.jpg,23.36515235900879
656,/nas-ctm01/datasets/public/Oxford102Flowers/jpg/image_00657.jpg,image_00657.jpg,20.927337646484375
7249,/nas-ctm01/datasets/public/Oxford102Flowers/jpg/image_07250.jpg,image_07250.jpg,21.26784896850586
5265,/nas-ctm01/datasets/public/Oxford102Flowers/jpg/image_05266.jpg,image_05266.jpg,20.420867919921875
998,/nas-ctm01/datasets/public/Oxford102Flowers/jpg/image_00999.jpg,image_00999.jpg,20.49458122253418
7571,/nas-ctm01/datasets/public/Oxford102Flowers/jpg/image_07572.jpg,image_07572.jpg,22.032922744750977
2834,/nas-ctm01/datasets/public/Oxford102Flowers/jpg/image_02835.jpg,image_02835.jpg,21.817914962768555
6951,/nas-ctm01/datasets/public/Oxford102Flowers/jpg/image_06952.jpg,image_06952.jpg,20.60725212097168
1237,/nas-ctm01/datasets/public/Oxford102Flowers/jpg/image_01238.jpg,image_01238.jpg,21.114288330078125
7300,/nas-ctm01/datasets/public/Oxford102Flowers/jpg/image_07301.jpg,image_07301.jpg,21.935239791870117
7543,/nas-ctm01/datasets/public/Oxford102Flowers/jpg/image_07544.jpg,image_07544.jpg,22.231294631958008
6259,/nas-ctm01/datasets/public/Oxford102Flowers/jpg/image_06260.jpg,image_06260.jpg,21.481233596801758
2186,/nas-ctm01/datasets/public/Oxford102Flowers/jpg/image_02187.jpg,image_02187.jpg,22.01198387145996
1134,/nas-ctm01/datasets/public/Oxford102Flowers/jpg/image_01135.jpg,image_01135.jpg,20.782331466674805
1303,/nas-ctm01/datasets/public/Oxford102Flowers/jpg/image_01304.jpg,image_01304.jpg,23.11220932006836
1627,/nas-ctm01/datasets/public/Oxford102Flowers/jpg/image_01628.jpg,image_01628.jpg,24.370370864868164
5286,/nas-ctm01/datasets/public/Oxford102Flowers/jpg/image_05287.jpg,image_05287.jpg,21.823637008666992
1522,/nas-ctm01/datasets/public/Oxford102Flowers/jpg/image_01523.jpg,image_01523.jpg,24.73166275024414
358,/nas-ctm01/datasets/public/Oxford102Flowers/jpg/image_00359.jpg,image_00359.jpg,23.240142822265625
138,/nas-ctm01/datasets/public/Oxford102Flowers/jpg/image_00139.jpg,image_00139.jpg,22.82032012939453
299,/nas-ctm01/datasets/public/Oxford102Flowers/jpg/image_00300.jpg,image_00300.jpg,22.45517921447754
1556,/nas-ctm01/datasets/public/Oxford102Flowers/jpg/image_01557.jpg,image_01557.jpg,24.05168914794922
382,/nas-ctm01/datasets/public/Oxford102Flowers/jpg/image_00383.jpg,image_00383.jpg,23.6756649017334
5672,/nas-ctm01/datasets/public/Oxford102Flowers/jpg/image_05673.jpg,image_05673.jpg,22.881797790527344
4686,/nas-ctm01/datasets/public/Oxford102Flowers/jpg/image_04687.jpg,image_04687.jpg,20.783966064453125
6515,/nas-ctm01/datasets/public/Oxford102Flowers/jpg/image_06516.jpg,image_06516.jpg,23.098539352416992
5956,/nas-ctm01/datasets/public/Oxford102Flowers/jpg/image_05957.jpg,image_05957.jpg,22.086074829101562
4803,/nas-ctm01/datasets/public/Oxford102Flowers/jpg/image_04804.jpg,image_04804.jpg,21.54180335998535
6620,/nas-ctm01/datasets/public/Oxford102Flowers/jpg/image_06621.jpg,image_06621.jpg,20.62149429321289
5653,/nas-ctm01/datasets/public/Oxford102Flowers/jpg/image_05654.jpg,image_05654.jpg,21.04190444946289
7611,/nas-ctm01/datasets/public/Oxford102Flowers/jpg/image_07612.jpg,image_07612.jpg,22.814067840576172
2721,/nas-ctm01/datasets/public/Oxford102Flowers/jpg/image_02722.jpg,image_02722.jpg,22.74241065979004
1932,/nas-ctm01/datasets/public/Oxford102Flowers/jpg/image_01933.jpg,image_01933.jpg,23.844341278076172
4987,/nas-ctm01/datasets/public/Oxford102Flowers/jpg/image_04988.jpg,image_04988.jpg,22.281877517700195
7359,/nas-ctm01/datasets/public/Oxford102Flowers/jpg/image_07360.jpg,image_07360.jpg,22.091066360473633
7405,/nas-ctm01/datasets/public/Oxford102Flowers/jpg/image_07406.jpg,image_07406.jpg,22.360458374023438
4163,/nas-ctm01/datasets/public/Oxford102Flowers/jpg/image_04164.jpg,image_04164.jpg,22.116687774658203
6520,/nas-ctm01/datasets/public/Oxford102Flowers/jpg/image_06521.jpg,image_06521.jpg,22.977060317993164
3807,/nas-ctm01/datasets/public/Oxford102Flowers/jpg/image_03808.jpg,image_03808.jpg,20.85788917541504
6988,/nas-ctm01/datasets/public/Oxford102Flowers/jpg/image_06989.jpg,image_06989.jpg,22.663572311401367
4704,/nas-ctm01/datasets/public/Oxford102Flowers/jpg/image_04705.jpg,image_04705.jpg,20.87786865234375
4154,/nas-ctm01/datasets/public/Oxford102Flowers/jpg/image_04155.jpg,image_04155.jpg,22.475183486938477
4172,/nas-ctm01/datasets/public/Oxford102Flowers/jpg/image_04173.jpg,image_04173.jpg,21.76903533935547
796,/nas-ctm01/datasets/public/Oxford102Flowers/jpg/image_00797.jpg,image_00797.jpg,23.44793128967285
2416,/nas-ctm01/datasets/public/Oxford102Flowers/jpg/image_02417.jpg,image_02417.jpg,21.594615936279297
785,/nas-ctm01/datasets/public/Oxford102Flowers/jpg/image_00786.jpg,image_00786.jpg,22.594118118286133
3158,/nas-ctm01/datasets/public/Oxford102Flowers/jpg/image_03159.jpg,image_03159.jpg,21.664779663085938
123,/nas-ctm01/datasets/public/Oxford102Flowers/jpg/image_00124.jpg,image_00124.jpg,24.233966827392578
2172,/nas-ctm01/datasets/public/Oxford102Flowers/jpg/image_02173.jpg,image_02173.jpg,21.50543785095215
5923,/nas-ctm01/datasets/public/Oxford102Flowers/jpg/image_05924.jpg,image_05924.jpg,23.195329666137695
6256,/nas-ctm01/datasets/public/Oxford102Flowers/jpg/image_06257.jpg,image_06257.jpg,20.651111602783203
4340,/nas-ctm01/datasets/public/Oxford102Flowers/jpg/image_04341.jpg,image_04341.jpg,22.820602416992188
910,/nas-ctm01/datasets/public/Oxford102Flowers/jpg/image_00911.jpg,image_00911.jpg,23.231996536254883
2309,/nas-ctm01/datasets/public/Oxford102Flowers/jpg/image_02310.jpg,image_02310.jpg,21.150402069091797
7667,/nas-ctm01/datasets/public/Oxford102Flowers/jpg/image_07668.jpg,image_07668.jpg,23.092695236206055
3634,/nas-ctm01/datasets/public/Oxford102Flowers/jpg/image_03635.jpg,image_03635.jpg,22.613332748413086
1257,/nas-ctm01/datasets/public/Oxford102Flowers/jpg/image_01258.jpg,image_01258.jpg,22.705524444580078
4458,/nas-ctm01/datasets/public/Oxford102Flowers/jpg/image_04459.jpg,image_04459.jpg,21.24784278869629
1178,/nas-ctm01/datasets/public/Oxford102Flowers/jpg/image_01179.jpg,image_01179.jpg,21.56376075744629
3650,/nas-ctm01/datasets/public/Oxford102Flowers/jpg/image_03651.jpg,image_03651.jpg,21.681724548339844
442,/nas-ctm01/datasets/public/Oxford102Flowers/jpg/image_00443.jpg,image_00443.jpg,22.349641799926758
6284,/nas-ctm01/datasets/public/Oxford102Flowers/jpg/image_06285.jpg,image_06285.jpg,21.588951110839844
1399,/nas-ctm01/datasets/public/Oxford102Flowers/jpg/image_01400.jpg,image_01400.jpg,20.703664779663086
1457,/nas-ctm01/datasets/public/Oxford102Flowers/jpg/image_01458.jpg,image_01458.jpg,20.985206604003906
5054,/nas-ctm01/datasets/public/Oxford102Flowers/jpg/image_05055.jpg,image_05055.jpg,20.733556747436523
1054,/nas-ctm01/datasets/public/Oxford102Flowers/jpg/image_01055.jpg,image_01055.jpg,21.294618606567383
3275,/nas-ctm01/datasets/public/Oxford102Flowers/jpg/image_03276.jpg,image_03276.jpg,22.72633934020996
6286,/nas-ctm01/datasets/public/Oxford102Flowers/jpg/image_06287.jpg,image_06287.jpg,21.77871322631836
3699,/nas-ctm01/datasets/public/Oxford102Flowers/jpg/image_03700.jpg,image_03700.jpg,21.119922637939453
3759,/nas-ctm01/datasets/public/Oxford102Flowers/jpg/image_03760.jpg,image_03760.jpg,20.68973731994629
929,/nas-ctm01/datasets/public/Oxford102Flowers/jpg/image_00930.jpg,image_00930.jpg,23.56278419494629
6083,/nas-ctm01/datasets/public/Oxford102Flowers/jpg/image_06084.jpg,image_06084.jpg,22.61438751220703
1829,/nas-ctm01/datasets/public/Oxford102Flowers/jpg/image_01830.jpg,image_01830.jpg,22.33441162109375
6932,/nas-ctm01/datasets/public/Oxford102Flowers/jpg/image_06933.jpg,image_06933.jpg,22.365949630737305
4221,/nas-ctm01/datasets/public/Oxford102Flowers/jpg/image_04222.jpg,image_04222.jpg,22.172849655151367
7507,/nas-ctm01/datasets/public/Oxford102Flowers/jpg/image_07508.jpg,image_07508.jpg,22.247032165527344
6590,/nas-ctm01/datasets/public/Oxford102Flowers/jpg/image_06591.jpg,image_06591.jpg,21.97157096862793
5446,/nas-ctm01/datasets/public/Oxford102Flowers/jpg/image_05447.jpg,image_05447.jpg,22.807453155517578
2011,/nas-ctm01/datasets/public/Oxford102Flowers/jpg/image_02012.jpg,image_02012.jpg,23.1368350982666
6215,/nas-ctm01/datasets/public/Oxford102Flowers/jpg/image_06216.jpg,image_06216.jpg,22.989013671875
8175,/nas-ctm01/datasets/public/Oxford102Flowers/jpg/image_08176.jpg,image_08176.jpg,21.656095504760742
7851,/nas-ctm01/datasets/public/Oxford102Flowers/jpg/image_07852.jpg,image_07852.jpg,21.622377395629883
2606,/nas-ctm01/datasets/public/Oxford102Flowers/jpg/image_02607.jpg,image_02607.jpg,23.4926700592041
3264,/nas-ctm01/datasets/public/Oxford102Flowers/jpg/image_03265.jpg,image_03265.jpg,22.42087173461914
7804,/nas-ctm01/datasets/public/Oxford102Flowers/jpg/image_07805.jpg,image_07805.jpg,20.25391960144043
7272,/nas-ctm01/datasets/public/Oxford102Flowers/jpg/image_07273.jpg,image_07273.jpg,22.276323318481445
6,/nas-ctm01/datasets/public/Oxford102Flowers/jpg/image_00007.jpg,image_00007.jpg,22.882648468017578
2980,/nas-ctm01/datasets/public/Oxford102Flowers/jpg/image_02981.jpg,image_02981.jpg,22.238037109375
3361,/nas-ctm01/datasets/public/Oxford102Flowers/jpg/image_03362.jpg,image_03362.jpg,24.03017234802246
1943,/nas-ctm01/datasets/public/Oxford102Flowers/jpg/image_01944.jpg,image_01944.jpg,23.032609939575195
5004,/nas-ctm01/datasets/public/Oxford102Flowers/jpg/image_05005.jpg,image_05005.jpg,22.60240936279297
7536,/nas-ctm01/datasets/public/Oxford102Flowers/jpg/image_07537.jpg,image_07537.jpg,20.75069808959961
6916,/nas-ctm01/datasets/public/Oxford102Flowers/jpg/image_06917.jpg,image_06917.jpg,22.806236267089844
7635,/nas-ctm01/datasets/public/Oxford102Flowers/jpg/image_07636.jpg,image_07636.jpg,23.00278663635254
5257,/nas-ctm01/datasets/public/Oxford102Flowers/jpg/image_05258.jpg,image_05258.jpg,21.29991912841797
7531,/nas-ctm01/datasets/public/Oxford102Flowers/jpg/image_07532.jpg,image_07532.jpg,20.9692325592041
3134,/nas-ctm01/datasets/public/Oxford102Flowers/jpg/image_03135.jpg,image_03135.jpg,22.355369567871094
5377,/nas-ctm01/datasets/public/Oxford102Flowers/jpg/image_05378.jpg,image_05378.jpg,20.92568016052246
2242,/nas-ctm01/datasets/public/Oxford102Flowers/jpg/image_02243.jpg,image_02243.jpg,21.849079132080078
1474,/nas-ctm01/datasets/public/Oxford102Flowers/jpg/image_01475.jpg,image_01475.jpg,21.342571258544922
6967,/nas-ctm01/datasets/public/Oxford102Flowers/jpg/image_06968.jpg,image_06968.jpg,21.836753845214844
1889,/nas-ctm01/datasets/public/Oxford102Flowers/jpg/image_01890.jpg,image_01890.jpg,23.3409423828125
3435,/nas-ctm01/datasets/public/Oxford102Flowers/jpg/image_03436.jpg,image_03436.jpg,20.808664321899414
7446,/nas-ctm01/datasets/public/Oxford102Flowers/jpg/image_07447.jpg,image_07447.jpg,22.041189193725586
3705,/nas-ctm01/datasets/public/Oxford102Flowers/jpg/image_03706.jpg,image_03706.jpg,22.11358642578125
2021,/nas-ctm01/datasets/public/Oxford102Flowers/jpg/image_02022.jpg,image_02022.jpg,22.223207473754883
4020,/nas-ctm01/datasets/public/Oxford102Flowers/jpg/image_04021.jpg,image_04021.jpg,21.917417526245117
6443,/nas-ctm01/datasets/public/Oxford102Flowers/jpg/image_06444.jpg,image_06444.jpg,21.526809692382812
7209,/nas-ctm01/datasets/public/Oxford102Flowers/jpg/image_07210.jpg,image_07210.jpg,23.5609073638916
6307,/nas-ctm01/datasets/public/Oxford102Flowers/jpg/image_06308.jpg,image_06308.jpg,22.200136184692383
2658,/nas-ctm01/datasets/public/Oxford102Flowers/jpg/image_02659.jpg,image_02659.jpg,21.435697555541992
1130,/nas-ctm01/datasets/public/Oxford102Flowers/jpg/image_01131.jpg,image_01131.jpg,20.943803787231445
6659,/nas-ctm01/datasets/public/Oxford102Flowers/jpg/image_06660.jpg,image_06660.jpg,21.62997055053711
7413,/nas-ctm01/datasets/public/Oxford102Flowers/jpg/image_07414.jpg,image_07414.jpg,22.36614418029785
6549,/nas-ctm01/datasets/public/Oxford102Flowers/jpg/image_06550.jpg,image_06550.jpg,23.48026466369629
4318,/nas-ctm01/datasets/public/Oxford102Flowers/jpg/image_04319.jpg,image_04319.jpg,21.320581436157227
7586,/nas-ctm01/datasets/public/Oxford102Flowers/jpg/image_07587.jpg,image_07587.jpg,22.51595115661621
4144,/nas-ctm01/datasets/public/Oxford102Flowers/jpg/image_04145.jpg,image_04145.jpg,22.432598114013672
1236,/nas-ctm01/datasets/public/Oxford102Flowers/jpg/image_01237.jpg,image_01237.jpg,21.508699417114258
7926,/nas-ctm01/datasets/public/Oxford102Flowers/jpg/image_07927.jpg,image_07927.jpg,22.339645385742188
7353,/nas-ctm01/datasets/public/Oxford102Flowers/jpg/image_07354.jpg,image_07354.jpg,21.56618309020996
2282,/nas-ctm01/datasets/public/Oxford102Flowers/jpg/image_02283.jpg,image_02283.jpg,20.848358154296875
5563,/nas-ctm01/datasets/public/Oxford102Flowers/jpg/image_05564.jpg,image_05564.jpg,21.09148406982422
7162,/nas-ctm01/datasets/public/Oxford102Flowers/jpg/image_07163.jpg,image_07163.jpg,22.17507553100586
4093,/nas-ctm01/datasets/public/Oxford102Flowers/jpg/image_04094.jpg,image_04094.jpg,22.909364700317383
5201,/nas-ctm01/datasets/public/Oxford102Flowers/jpg/image_05202.jpg,image_05202.jpg,23.244701385498047
6997,/nas-ctm01/datasets/public/Oxford102Flowers/jpg/image_06998.jpg,image_06998.jpg,22.459077835083008
386,/nas-ctm01/datasets/public/Oxford102Flowers/jpg/image_00387.jpg,image_00387.jpg,22.86052894592285
1628,/nas-ctm01/datasets/public/Oxford102Flowers/jpg/image_01629.jpg,image_01629.jpg,22.697193145751953
3585,/nas-ctm01/datasets/public/Oxford102Flowers/jpg/image_03586.jpg,image_03586.jpg,22.408109664916992
2714,/nas-ctm01/datasets/public/Oxford102Flowers/jpg/image_02715.jpg,image_02715.jpg,22.246252059936523
4828,/nas-ctm01/datasets/public/Oxford102Flowers/jpg/image_04829.jpg,image_04829.jpg,20.773134231567383
5839,/nas-ctm01/datasets/public/Oxford102Flowers/jpg/image_05840.jpg,image_05840.jpg,21.773435592651367
7459,/nas-ctm01/datasets/public/Oxford102Flowers/jpg/image_07460.jpg,image_07460.jpg,21.565826416015625
3189,/nas-ctm01/datasets/public/Oxford102Flowers/jpg/image_03190.jpg,image_03190.jpg,22.277843475341797
4305,/nas-ctm01/datasets/public/Oxford102Flowers/jpg/image_04306.jpg,image_04306.jpg,21.308156967163086
909,/nas-ctm01/datasets/public/Oxford102Flowers/jpg/image_00910.jpg,image_00910.jpg,22.55668830871582
6192,/nas-ctm01/datasets/public/Oxford102Flowers/jpg/image_06193.jpg,image_06193.jpg,21.601661682128906
1866,/nas-ctm01/datasets/public/Oxford102Flowers/jpg/image_01867.jpg,image_01867.jpg,23.386962890625
1842,/nas-ctm01/datasets/public/Oxford102Flowers/jpg/image_01843.jpg,image_01843.jpg,23.08177375793457
2497,/nas-ctm01/datasets/public/Oxford102Flowers/jpg/image_02498.jpg,image_02498.jpg,21.77483558654785
6699,/nas-ctm01/datasets/public/Oxford102Flowers/jpg/image_06700.jpg,image_06700.jpg,21.007266998291016
5314,/nas-ctm01/datasets/public/Oxford102Flowers/jpg/image_05315.jpg,image_05315.jpg,21.35368537902832
5193,/nas-ctm01/datasets/public/Oxford102Flowers/jpg/image_05194.jpg,image_05194.jpg,21.861989974975586
4006,/nas-ctm01/datasets/public/Oxford102Flowers/jpg/image_04007.jpg,image_04007.jpg,22.10024642944336
2702,/nas-ctm01/datasets/public/Oxford102Flowers/jpg/image_02703.jpg,image_02703.jpg,22.193832397460938
6728,/nas-ctm01/datasets/public/Oxford102Flowers/jpg/image_06729.jpg,image_06729.jpg,20.822011947631836
331,/nas-ctm01/datasets/public/Oxford102Flowers/jpg/image_00332.jpg,image_00332.jpg,22.478593826293945
4808,/nas-ctm01/datasets/public/Oxford102Flowers/jpg/image_04809.jpg,image_04809.jpg,21.571895599365234
6298,/nas-ctm01/datasets/public/Oxford102Flowers/jpg/image_06299.jpg,image_06299.jpg,22.8394832611084
2459,/nas-ctm01/datasets/public/Oxford102Flowers/jpg/image_02460.jpg,image_02460.jpg,22.25975227355957
1774,/nas-ctm01/datasets/public/Oxford102Flowers/jpg/image_01775.jpg,image_01775.jpg,23.817697525024414
5856,/nas-ctm01/datasets/public/Oxford102Flowers/jpg/image_05857.jpg,image_05857.jpg,23.666481018066406
5362,/nas-ctm01/datasets/public/Oxford102Flowers/jpg/image_05363.jpg,image_05363.jpg,21.516427993774414
2686,/nas-ctm01/datasets/public/Oxford102Flowers/jpg/image_02687.jpg,image_02687.jpg,22.972726821899414
6898,/nas-ctm01/datasets/public/Oxford102Flowers/jpg/image_06899.jpg,image_06899.jpg,22.99931526184082
6644,/nas-ctm01/datasets/public/Oxford102Flowers/jpg/image_06645.jpg,image_06645.jpg,21.159791946411133
5719,/nas-ctm01/datasets/public/Oxford102Flowers/jpg/image_05720.jpg,image_05720.jpg,22.585601806640625
6027,/nas-ctm01/datasets/public/Oxford102Flowers/jpg/image_06028.jpg,image_06028.jpg,21.232404708862305
6309,/nas-ctm01/datasets/public/Oxford102Flowers/jpg/image_06310.jpg,image_06310.jpg,22.065439224243164
6262,/nas-ctm01/datasets/public/Oxford102Flowers/jpg/image_06263.jpg,image_06263.jpg,21.184720993041992
5848,/nas-ctm01/datasets/public/Oxford102Flowers/jpg/image_05849.jpg,image_05849.jpg,23.671926498413086
6752,/nas-ctm01/datasets/public/Oxford102Flowers/jpg/image_06753.jpg,image_06753.jpg,21.22471046447754
173,/nas-ctm01/datasets/public/Oxford102Flowers/jpg/image_00174.jpg,image_00174.jpg,24.537036895751953
4615,/nas-ctm01/datasets/public/Oxford102Flowers/jpg/image_04616.jpg,image_04616.jpg,21.33601951599121
3321,/nas-ctm01/datasets/public/Oxford102Flowers/jpg/image_03322.jpg,image_03322.jpg,24.262182235717773
7071,/nas-ctm01/datasets/public/Oxford102Flowers/jpg/image_07072.jpg,image_07072.jpg,22.3449649810791
3372,/nas-ctm01/datasets/public/Oxford102Flowers/jpg/image_03373.jpg,image_03373.jpg,20.882997512817383
3311,/nas-ctm01/datasets/public/Oxford102Flowers/jpg/image_03312.jpg,image_03312.jpg,22.71673011779785
5728,/nas-ctm01/datasets/public/Oxford102Flowers/jpg/image_05729.jpg,image_05729.jpg,23.00144386291504
5097,/nas-ctm01/datasets/public/Oxford102Flowers/jpg/image_05098.jpg,image_05098.jpg,22.533178329467773
8158,/nas-ctm01/datasets/public/Oxford102Flowers/jpg/image_08159.jpg,image_08159.jpg,21.869918823242188
5470,/nas-ctm01/datasets/public/Oxford102Flowers/jpg/image_05471.jpg,image_05471.jpg,23.068811416625977
3403,/nas-ctm01/datasets/public/Oxford102Flowers/jpg/image_03404.jpg,image_03404.jpg,20.932518005371094
18,/nas-ctm01/datasets/public/Oxford102Flowers/jpg/image_00019.jpg,image_00019.jpg,22.457355499267578
3691,/nas-ctm01/datasets/public/Oxford102Flowers/jpg/image_03692.jpg,image_03692.jpg,21.07183837890625
6186,/nas-ctm01/datasets/public/Oxford102Flowers/jpg/image_06187.jpg,image_06187.jpg,21.36988067626953
4096,/nas-ctm01/datasets/public/Oxford102Flowers/jpg/image_04097.jpg,image_04097.jpg,22.642532348632812
3628,/nas-ctm01/datasets/public/Oxford102Flowers/jpg/image_03629.jpg,image_03629.jpg,22.212322235107422
6482,/nas-ctm01/datasets/public/Oxford102Flowers/jpg/image_06483.jpg,image_06483.jpg,22.72931671142578
2174,/nas-ctm01/datasets/public/Oxford102Flowers/jpg/image_02175.jpg,image_02175.jpg,21.932533264160156
1356,/nas-ctm01/datasets/public/Oxford102Flowers/jpg/image_01357.jpg,image_01357.jpg,22.727603912353516
4967,/nas-ctm01/datasets/public/Oxford102Flowers/jpg/image_04968.jpg,image_04968.jpg,23.964487075805664
7424,/nas-ctm01/datasets/public/Oxford102Flowers/jpg/image_07425.jpg,image_07425.jpg,21.850427627563477
3112,/nas-ctm01/datasets/public/Oxford102Flowers/jpg/image_03113.jpg,image_03113.jpg,20.798532485961914
182,/nas-ctm01/datasets/public/Oxford102Flowers/jpg/image_00183.jpg,image_00183.jpg,22.475919723510742
7820,/nas-ctm01/datasets/public/Oxford102Flowers/jpg/image_07821.jpg,image_07821.jpg,20.91617202758789
6475,/nas-ctm01/datasets/public/Oxford102Flowers/jpg/image_06476.jpg,image_06476.jpg,22.414255142211914
1812,/nas-ctm01/datasets/public/Oxford102Flowers/jpg/image_01813.jpg,image_01813.jpg,22.736406326293945
7370,/nas-ctm01/datasets/public/Oxford102Flowers/jpg/image_07371.jpg,image_07371.jpg,22.08132553100586
8018,/nas-ctm01/datasets/public/Oxford102Flowers/jpg/image_08019.jpg,image_08019.jpg,20.674694061279297
1800,/nas-ctm01/datasets/public/Oxford102Flowers/jpg/image_01801.jpg,image_01801.jpg,24.20786476135254
2429,/nas-ctm01/datasets/public/Oxford102Flowers/jpg/image_02430.jpg,image_02430.jpg,21.318246841430664
6324,/nas-ctm01/datasets/public/Oxford102Flowers/jpg/image_06325.jpg,image_06325.jpg,21.741073608398438
5045,/nas-ctm01/datasets/public/Oxford102Flowers/jpg/image_05046.jpg,image_05046.jpg,20.585302352905273
7150,/nas-ctm01/datasets/public/Oxford102Flowers/jpg/image_07151.jpg,image_07151.jpg,21.041812896728516
5710,/nas-ctm01/datasets/public/Oxford102Flowers/jpg/image_05711.jpg,image_05711.jpg,22.84868812561035
5456,/nas-ctm01/datasets/public/Oxford102Flowers/jpg/image_05457.jpg,image_05457.jpg,23.36961555480957
7806,/nas-ctm01/datasets/public/Oxford102Flowers/jpg/image_07807.jpg,image_07807.jpg,21.342418670654297
4650,/nas-ctm01/datasets/public/Oxford102Flowers/jpg/image_04651.jpg,image_04651.jpg,21.49167251586914
1159,/nas-ctm01/datasets/public/Oxford102Flowers/jpg/image_01160.jpg,image_01160.jpg,22.775026321411133
1213,/nas-ctm01/datasets/public/Oxford102Flowers/jpg/image_01214.jpg,image_01214.jpg,22.63378143310547
1325,/nas-ctm01/datasets/public/Oxford102Flowers/jpg/image_01326.jpg,image_01326.jpg,22.147245407104492
5046,/nas-ctm01/datasets/public/Oxford102Flowers/jpg/image_05047.jpg,image_05047.jpg,20.820499420166016
1455,/nas-ctm01/datasets/public/Oxford102Flowers/jpg/image_01456.jpg,image_01456.jpg,21.075578689575195
4801,/nas-ctm01/datasets/public/Oxford102Flowers/jpg/image_04802.jpg,image_04802.jpg,21.472734451293945
6268,/nas-ctm01/datasets/public/Oxford102Flowers/jpg/image_06269.jpg,image_06269.jpg,21.598100662231445
1644,/nas-ctm01/datasets/public/Oxford102Flowers/jpg/image_01645.jpg,image_01645.jpg,23.604372024536133
2140,/nas-ctm01/datasets/public/Oxford102Flowers/jpg/image_02141.jpg,image_02141.jpg,21.618457794189453
4536,/nas-ctm01/datasets/public/Oxford102Flowers/jpg/image_04537.jpg,image_04537.jpg,21.030452728271484
4457,/nas-ctm01/datasets/public/Oxford102Flowers/jpg/image_04458.jpg,image_04458.jpg,20.910476684570312
6610,/nas-ctm01/datasets/public/Oxford102Flowers/jpg/image_06611.jpg,image_06611.jpg,23.440513610839844
4378,/nas-ctm01/datasets/public/Oxford102Flowers/jpg/image_04379.jpg,image_04379.jpg,22.450963973999023
729,/nas-ctm01/datasets/public/Oxford102Flowers/jpg/image_00730.jpg,image_00730.jpg,21.534912109375
4357,/nas-ctm01/datasets/public/Oxford102Flowers/jpg/image_04358.jpg,image_04358.jpg,22.717435836791992
1936,/nas-ctm01/datasets/public/Oxford102Flowers/jpg/image_01937.jpg,image_01937.jpg,24.036258697509766
3793,/nas-ctm01/datasets/public/Oxford102Flowers/jpg/image_03794.jpg,image_03794.jpg,21.052757263183594
7640,/nas-ctm01/datasets/public/Oxford102Flowers/jpg/image_07641.jpg,image_07641.jpg,23.289934158325195
7054,/nas-ctm01/datasets/public/Oxford102Flowers/jpg/image_07055.jpg,image_07055.jpg,22.65203285217285
5849,/nas-ctm01/datasets/public/Oxford102Flowers/jpg/image_05850.jpg,image_05850.jpg,23.197532653808594
1110,/nas-ctm01/datasets/public/Oxford102Flowers/jpg/image_01111.jpg,image_01111.jpg,20.687110900878906
6647,/nas-ctm01/datasets/public/Oxford102Flowers/jpg/image_06648.jpg,image_06648.jpg,21.523433685302734
2998,/nas-ctm01/datasets/public/Oxford102Flowers/jpg/image_02999.jpg,image_02999.jpg,22.42532730102539
2394,/nas-ctm01/datasets/public/Oxford102Flowers/jpg/image_02395.jpg,image_02395.jpg,21.67272186279297
1185,/nas-ctm01/datasets/public/Oxford102Flowers/jpg/image_01186.jpg,image_01186.jpg,21.900989532470703
2007,/nas-ctm01/datasets/public/Oxford102Flowers/jpg/image_02008.jpg,image_02008.jpg,21.85954475402832
193,/nas-ctm01/datasets/public/Oxford102Flowers/jpg/image_00194.jpg,image_00194.jpg,24.210142135620117
7389,/nas-ctm01/datasets/public/Oxford102Flowers/jpg/image_07390.jpg,image_07390.jpg,21.867467880249023
578,/nas-ctm01/datasets/public/Oxford102Flowers/jpg/image_00579.jpg,image_00579.jpg,21.919015884399414
771,/nas-ctm01/datasets/public/Oxford102Flowers/jpg/image_00772.jpg,image_00772.jpg,21.567968368530273
2395,/nas-ctm01/datasets/public/Oxford102Flowers/jpg/image_02396.jpg,image_02396.jpg,21.47682762145996
8108,/nas-ctm01/datasets/public/Oxford102Flowers/jpg/image_08109.jpg,image_08109.jpg,22.412818908691406
1846,/nas-ctm01/datasets/public/Oxford102Flowers/jpg/image_01847.jpg,image_01847.jpg,23.062484741210938
7024,/nas-ctm01/datasets/public/Oxford102Flowers/jpg/image_07025.jpg,image_07025.jpg,20.933080673217773
4274,/nas-ctm01/datasets/public/Oxford102Flowers/jpg/image_04275.jpg,image_04275.jpg,20.913036346435547
3740,/nas-ctm01/datasets/public/Oxford102Flowers/jpg/image_03741.jpg,image_03741.jpg,20.96820068359375
4600,/nas-ctm01/datasets/public/Oxford102Flowers/jpg/image_04601.jpg,image_04601.jpg,22.213403701782227
7185,/nas-ctm01/datasets/public/Oxford102Flowers/jpg/image_07186.jpg,image_07186.jpg,22.05785369873047
5652,/nas-ctm01/datasets/public/Oxford102Flowers/jpg/image_05653.jpg,image_05653.jpg,20.35439109802246
2073,/nas-ctm01/datasets/public/Oxford102Flowers/jpg/image_02074.jpg,image_02074.jpg,21.906639099121094
1896,/nas-ctm01/datasets/public/Oxford102Flowers/jpg/image_01897.jpg,image_01897.jpg,22.43181610107422
6033,/nas-ctm01/datasets/public/Oxford102Flowers/jpg/image_06034.jpg,image_06034.jpg,21.87503433227539
3659,/nas-ctm01/datasets/public/Oxford102Flowers/jpg/image_03660.jpg,image_03660.jpg,21.807823181152344
2379,/nas-ctm01/datasets/public/Oxford102Flowers/jpg/image_02380.jpg,image_02380.jpg,22.1084041595459
1447,/nas-ctm01/datasets/public/Oxford102Flowers/jpg/image_01448.jpg,image_01448.jpg,21.294343948364258
342,/nas-ctm01/datasets/public/Oxford102Flowers/jpg/image_00343.jpg,image_00343.jpg,22.791257858276367
7220,/nas-ctm01/datasets/public/Oxford102Flowers/jpg/image_07221.jpg,image_07221.jpg,23.772415161132812
2527,/nas-ctm01/datasets/public/Oxford102Flowers/jpg/image_02528.jpg,image_02528.jpg,22.17640495300293
727,/nas-ctm01/datasets/public/Oxford102Flowers/jpg/image_00728.jpg,image_00728.jpg,20.8282470703125
4577,/nas-ctm01/datasets/public/Oxford102Flowers/jpg/image_04578.jpg,image_04578.jpg,22.048900604248047
976,/nas-ctm01/datasets/public/Oxford102Flowers/jpg/image_00977.jpg,image_00977.jpg,21.390541076660156
5781,/nas-ctm01/datasets/public/Oxford102Flowers/jpg/image_05782.jpg,image_05782.jpg,23.63711166381836
3516,/nas-ctm01/datasets/public/Oxford102Flowers/jpg/image_03517.jpg,image_03517.jpg,22.4359188079834
5356,/nas-ctm01/datasets/public/Oxford102Flowers/jpg/image_05357.jpg,image_05357.jpg,21.157733917236328
7854,/nas-ctm01/datasets/public/Oxford102Flowers/jpg/image_07855.jpg,image_07855.jpg,22.915056228637695
3940,/nas-ctm01/datasets/public/Oxford102Flowers/jpg/image_03941.jpg,image_03941.jpg,21.79555892944336
1299,/nas-ctm01/datasets/public/Oxford102Flowers/jpg/image_01300.jpg,image_01300.jpg,22.54301643371582
7610,/nas-ctm01/datasets/public/Oxford102Flowers/jpg/image_07611.jpg,image_07611.jpg,22.80428695678711
660,/nas-ctm01/datasets/public/Oxford102Flowers/jpg/image_00661.jpg,image_00661.jpg,21.13120460510254
1492,/nas-ctm01/datasets/public/Oxford102Flowers/jpg/image_01493.jpg,image_01493.jpg,23.051240921020508
5518,/nas-ctm01/datasets/public/Oxford102Flowers/jpg/image_05519.jpg,image_05519.jpg,22.869855880737305
5715,/nas-ctm01/datasets/public/Oxford102Flowers/jpg/image_05716.jpg,image_05716.jpg,22.879243850708008
7078,/nas-ctm01/datasets/public/Oxford102Flowers/jpg/image_07079.jpg,image_07079.jpg,22.79576301574707
2315,/nas-ctm01/datasets/public/Oxford102Flowers/jpg/image_02316.jpg,image_02316.jpg,21.920276641845703
7600,/nas-ctm01/datasets/public/Oxford102Flowers/jpg/image_07601.jpg,image_07601.jpg,22.91790008544922
7539,/nas-ctm01/datasets/public/Oxford102Flowers/jpg/image_07540.jpg,image_07540.jpg,22.41326332092285
1085,/nas-ctm01/datasets/public/Oxford102Flowers/jpg/image_01086.jpg,image_01086.jpg,21.291078567504883
7723,/nas-ctm01/datasets/public/Oxford102Flowers/jpg/image_07724.jpg,image_07724.jpg,20.95570182800293
3198,/nas-ctm01/datasets/public/Oxford102Flowers/jpg/image_03199.jpg,image_03199.jpg,22.221454620361328
5548,/nas-ctm01/datasets/public/Oxford102Flowers/jpg/image_05549.jpg,image_05549.jpg,21.847063064575195
5562,/nas-ctm01/datasets/public/Oxford102Flowers/jpg/image_05563.jpg,image_05563.jpg,21.821449279785156
67,/nas-ctm01/datasets/public/Oxford102Flowers/jpg/image_00068.jpg,image_00068.jpg,22.204246520996094
7016,/nas-ctm01/datasets/public/Oxford102Flowers/jpg/image_07017.jpg,image_07017.jpg,20.42286491394043
2269,/nas-ctm01/datasets/public/Oxford102Flowers/jpg/image_02270.jpg,image_02270.jpg,21.16586685180664
5787,/nas-ctm01/datasets/public/Oxford102Flowers/jpg/image_05788.jpg,image_05788.jpg,24.524127960205078
4936,/nas-ctm01/datasets/public/Oxford102Flowers/jpg/image_04937.jpg,image_04937.jpg,22.276796340942383
6451,/nas-ctm01/datasets/public/Oxford102Flowers/jpg/image_06452.jpg,image_06452.jpg,22.391429901123047
3447,/nas-ctm01/datasets/public/Oxford102Flowers/jpg/image_03448.jpg,image_03448.jpg,21.357250213623047
2367,/nas-ctm01/datasets/public/Oxford102Flowers/jpg/image_02368.jpg,image_02368.jpg,23.05487632751465
4925,/nas-ctm01/datasets/public/Oxford102Flowers/jpg/image_04926.jpg,image_04926.jpg,23.752775192260742
5474,/nas-ctm01/datasets/public/Oxford102Flowers/jpg/image_05475.jpg,image_05475.jpg,22.0817813873291
2512,/nas-ctm01/datasets/public/Oxford102Flowers/jpg/image_02513.jpg,image_02513.jpg,22.1469669342041
2723,/nas-ctm01/datasets/public/Oxford102Flowers/jpg/image_02724.jpg,image_02724.jpg,22.826461791992188
6963,/nas-ctm01/datasets/public/Oxford102Flowers/jpg/image_06964.jpg,image_06964.jpg,23.048175811767578
6063,/nas-ctm01/datasets/public/Oxford102Flowers/jpg/image_06064.jpg,image_06064.jpg,23.206195831298828
1143,/nas-ctm01/datasets/public/Oxford102Flowers/jpg/image_01144.jpg,image_01144.jpg,22.953086853027344
7771,/nas-ctm01/datasets/public/Oxford102Flowers/jpg/image_07772.jpg,image_07772.jpg,21.07140350341797
8183,/nas-ctm01/datasets/public/Oxford102Flowers/jpg/image_08184.jpg,image_08184.jpg,21.720134735107422
7014,/nas-ctm01/datasets/public/Oxford102Flowers/jpg/image_07015.jpg,image_07015.jpg,21.498470306396484
4728,/nas-ctm01/datasets/public/Oxford102Flowers/jpg/image_04729.jpg,image_04729.jpg,21.716480255126953
5080,/nas-ctm01/datasets/public/Oxford102Flowers/jpg/image_05081.jpg,image_05081.jpg,21.4724063873291
3789,/nas-ctm01/datasets/public/Oxford102Flowers/jpg/image_03790.jpg,image_03790.jpg,20.89803695678711
2220,/nas-ctm01/datasets/public/Oxford102Flowers/jpg/image_02221.jpg,image_02221.jpg,21.92205238342285
2331,/nas-ctm01/datasets/public/Oxford102Flowers/jpg/image_02332.jpg,image_02332.jpg,22.728347778320312
4997,/nas-ctm01/datasets/public/Oxford102Flowers/jpg/image_04998.jpg,image_04998.jpg,23.752145767211914
5758,/nas-ctm01/datasets/public/Oxford102Flowers/jpg/image_05759.jpg,image_05759.jpg,24.55756187438965
7422,/nas-ctm01/datasets/public/Oxford102Flowers/jpg/image_07423.jpg,image_07423.jpg,22.051776885986328
4088,/nas-ctm01/datasets/public/Oxford102Flowers/jpg/image_04089.jpg,image_04089.jpg,22.95392417907715
1967,/nas-ctm01/datasets/public/Oxford102Flowers/jpg/image_01968.jpg,image_01968.jpg,23.018775939941406
7529,/nas-ctm01/datasets/public/Oxford102Flowers/jpg/image_07530.jpg,image_07530.jpg,22.256181716918945
6405,/nas-ctm01/datasets/public/Oxford102Flowers/jpg/image_06406.jpg,image_06406.jpg,22.19021224975586
7585,/nas-ctm01/datasets/public/Oxford102Flowers/jpg/image_07586.jpg,image_07586.jpg,22.708391189575195
4365,/nas-ctm01/datasets/public/Oxford102Flowers/jpg/image_04366.jpg,image_04366.jpg,22.895751953125
423,/nas-ctm01/datasets/public/Oxford102Flowers/jpg/image_00424.jpg,image_00424.jpg,23.361238479614258
7087,/nas-ctm01/datasets/public/Oxford102Flowers/jpg/image_07088.jpg,image_07088.jpg,22.84494400024414
1904,/nas-ctm01/datasets/public/Oxford102Flowers/jpg/image_01905.jpg,image_01905.jpg,22.44041633605957
7428,/nas-ctm01/datasets/public/Oxford102Flowers/jpg/image_07429.jpg,image_07429.jpg,21.47955322265625
3917,/nas-ctm01/datasets/public/Oxford102Flowers/jpg/image_03918.jpg,image_03918.jpg,22.981958389282227
3618,/nas-ctm01/datasets/public/Oxford102Flowers/jpg/image_03619.jpg,image_03619.jpg,22.10334014892578
839,/nas-ctm01/datasets/public/Oxford102Flowers/jpg/image_00840.jpg,image_00840.jpg,22.43799591064453
4596,/nas-ctm01/datasets/public/Oxford102Flowers/jpg/image_04597.jpg,image_04597.jpg,23.043787002563477
5119,/nas-ctm01/datasets/public/Oxford102Flowers/jpg/image_05120.jpg,image_05120.jpg,21.8726806640625
141,/nas-ctm01/datasets/public/Oxford102Flowers/jpg/image_00142.jpg,image_00142.jpg,23.710050582885742
6755,/nas-ctm01/datasets/public/Oxford102Flowers/jpg/image_06756.jpg,image_06756.jpg,20.885393142700195
1377,/nas-ctm01/datasets/public/Oxford102Flowers/jpg/image_01378.jpg,image_01378.jpg,21.610727310180664
3674,/nas-ctm01/datasets/public/Oxford102Flowers/jpg/image_03675.jpg,image_03675.jpg,21.099092483520508
6367,/nas-ctm01/datasets/public/Oxford102Flowers/jpg/image_06368.jpg,image_06368.jpg,21.358558654785156
8020,/nas-ctm01/datasets/public/Oxford102Flowers/jpg/image_08021.jpg,image_08021.jpg,21.898401260375977
4741,/nas-ctm01/datasets/public/Oxford102Flowers/jpg/image_04742.jpg,image_04742.jpg,20.988920211791992
3808,/nas-ctm01/datasets/public/Oxford102Flowers/jpg/image_03809.jpg,image_03809.jpg,20.573598861694336
1138,/nas-ctm01/datasets/public/Oxford102Flowers/jpg/image_01139.jpg,image_01139.jpg,21.24827766418457
2257,/nas-ctm01/datasets/public/Oxford102Flowers/jpg/image_02258.jpg,image_02258.jpg,22.70845603942871
1787,/nas-ctm01/datasets/public/Oxford102Flowers/jpg/image_01788.jpg,image_01788.jpg,23.391984939575195
3938,/nas-ctm01/datasets/public/Oxford102Flowers/jpg/image_03939.jpg,image_03939.jpg,21.99060821533203
7008,/nas-ctm01/datasets/public/Oxford102Flowers/jpg/image_07009.jpg,image_07009.jpg,21.96495819091797
7537,/nas-ctm01/datasets/public/Oxford102Flowers/jpg/image_07538.jpg,image_07538.jpg,20.617515563964844
459,/nas-ctm01/datasets/public/Oxford102Flowers/jpg/image_00460.jpg,image_00460.jpg,21.577125549316406
7485,/nas-ctm01/datasets/public/Oxford102Flowers/jpg/image_07486.jpg,image_07486.jpg,22.045873641967773
948,/nas-ctm01/datasets/public/Oxford102Flowers/jpg/image_00949.jpg,image_00949.jpg,21.09713363647461
3700,/nas-ctm01/datasets/public/Oxford102Flowers/jpg/image_03701.jpg,image_03701.jpg,22.20604705810547
1336,/nas-ctm01/datasets/public/Oxford102Flowers/jpg/image_01337.jpg,image_01337.jpg,21.45246124267578
4628,/nas-ctm01/datasets/public/Oxford102Flowers/jpg/image_04629.jpg,image_04629.jpg,20.785945892333984
6517,/nas-ctm01/datasets/public/Oxford102Flowers/jpg/image_06518.jpg,image_06518.jpg,22.936336517333984
1602,/nas-ctm01/datasets/public/Oxford102Flowers/jpg/image_01603.jpg,image_01603.jpg,23.237138748168945
2238,/nas-ctm01/datasets/public/Oxford102Flowers/jpg/image_02239.jpg,image_02239.jpg,21.538171768188477
639,/nas-ctm01/datasets/public/Oxford102Flowers/jpg/image_00640.jpg,image_00640.jpg,21.45604705810547
7899,/nas-ctm01/datasets/public/Oxford102Flowers/jpg/image_07900.jpg,image_07900.jpg,22.378646850585938
3830,/nas-ctm01/datasets/public/Oxford102Flowers/jpg/image_03831.jpg,image_03831.jpg,23.72465705871582
5361,/nas-ctm01/datasets/public/Oxford102Flowers/jpg/image_05362.jpg,image_05362.jpg,21.492034912109375
5666,/nas-ctm01/datasets/public/Oxford102Flowers/jpg/image_05667.jpg,image_05667.jpg,21.467676162719727
7318,/nas-ctm01/datasets/public/Oxford102Flowers/jpg/image_07319.jpg,image_07319.jpg,21.297649383544922
1070,/nas-ctm01/datasets/public/Oxford102Flowers/jpg/image_01071.jpg,image_01071.jpg,21.842344284057617
155,/nas-ctm01/datasets/public/Oxford102Flowers/jpg/image_00156.jpg,image_00156.jpg,24.27410316467285
2295,/nas-ctm01/datasets/public/Oxford102Flowers/jpg/image_02296.jpg,image_02296.jpg,20.157194137573242
5227,/nas-ctm01/datasets/public/Oxford102Flowers/jpg/image_05228.jpg,image_05228.jpg,21.344669342041016
4578,/nas-ctm01/datasets/public/Oxford102Flowers/jpg/image_04579.jpg,image_04579.jpg,22.460769653320312
1089,/nas-ctm01/datasets/public/Oxford102Flowers/jpg/image_01090.jpg,image_01090.jpg,20.74653434753418
2940,/nas-ctm01/datasets/public/Oxford102Flowers/jpg/image_02941.jpg,image_02941.jpg,22.31226348876953
7193,/nas-ctm01/datasets/public/Oxford102Flowers/jpg/image_07194.jpg,image_07194.jpg,20.695905685424805
4384,/nas-ctm01/datasets/public/Oxford102Flowers/jpg/image_04385.jpg,image_04385.jpg,23.33501434326172
930,/nas-ctm01/datasets/public/Oxford102Flowers/jpg/image_00931.jpg,image_00931.jpg,22.671314239501953
2909,/nas-ctm01/datasets/public/Oxford102Flowers/jpg/image_02910.jpg,image_02910.jpg,21.632055282592773
7662,/nas-ctm01/datasets/public/Oxford102Flowers/jpg/image_07663.jpg,image_07663.jpg,22.870311737060547
7632,/nas-ctm01/datasets/public/Oxford102Flowers/jpg/image_07633.jpg,image_07633.jpg,22.620790481567383
3247,/nas-ctm01/datasets/public/Oxford102Flowers/jpg/image_03248.jpg,image_03248.jpg,22.5638370513916
7436,/nas-ctm01/datasets/public/Oxford102Flowers/jpg/image_07437.jpg,image_07437.jpg,21.551807403564453
6086,/nas-ctm01/datasets/public/Oxford102Flowers/jpg/image_06087.jpg,image_06087.jpg,24.187633514404297
6008,/nas-ctm01/datasets/public/Oxford102Flowers/jpg/image_06009.jpg,image_06009.jpg,21.853851318359375
7252,/nas-ctm01/datasets/public/Oxford102Flowers/jpg/image_07253.jpg,image_07253.jpg,20.54569435119629
7063,/nas-ctm01/datasets/public/Oxford102Flowers/jpg/image_07064.jpg,image_07064.jpg,21.86474609375
7630,/nas-ctm01/datasets/public/Oxford102Flowers/jpg/image_07631.jpg,image_07631.jpg,22.551010131835938
1698,/nas-ctm01/datasets/public/Oxford102Flowers/jpg/image_01699.jpg,image_01699.jpg,23.417617797851562
7704,/nas-ctm01/datasets/public/Oxford102Flowers/jpg/image_07705.jpg,image_07705.jpg,21.176950454711914
8140,/nas-ctm01/datasets/public/Oxford102Flowers/jpg/image_08141.jpg,image_08141.jpg,20.685405731201172
5542,/nas-ctm01/datasets/public/Oxford102Flowers/jpg/image_05543.jpg,image_05543.jpg,21.883838653564453
3831,/nas-ctm01/datasets/public/Oxford102Flowers/jpg/image_03832.jpg,image_03832.jpg,23.607177734375
7460,/nas-ctm01/datasets/public/Oxford102Flowers/jpg/image_07461.jpg,image_07461.jpg,21.9228458404541
7449,/nas-ctm01/datasets/public/Oxford102Flowers/jpg/image_07450.jpg,image_07450.jpg,21.358640670776367
985,/nas-ctm01/datasets/public/Oxford102Flowers/jpg/image_00986.jpg,image_00986.jpg,21.583858489990234
1821,/nas-ctm01/datasets/public/Oxford102Flowers/jpg/image_01822.jpg,image_01822.jpg,24.01923179626465
7198,/nas-ctm01/datasets/public/Oxford102Flowers/jpg/image_07199.jpg,image_07199.jpg,21.760774612426758
587,/nas-ctm01/datasets/public/Oxford102Flowers/jpg/image_00588.jpg,image_00588.jpg,21.883365631103516
7807,/nas-ctm01/datasets/public/Oxford102Flowers/jpg/image_07808.jpg,image_07808.jpg,22.08002471923828
6279,/nas-ctm01/datasets/public/Oxford102Flowers/jpg/image_06280.jpg,image_06280.jpg,21.067455291748047
7454,/nas-ctm01/datasets/public/Oxford102Flowers/jpg/image_07455.jpg,image_07455.jpg,22.876405715942383
8135,/nas-ctm01/datasets/public/Oxford102Flowers/jpg/image_08136.jpg,image_08136.jpg,21.059280395507812
5993,/nas-ctm01/datasets/public/Oxford102Flowers/jpg/image_05994.jpg,image_05994.jpg,21.914562225341797
6497,/nas-ctm01/datasets/public/Oxford102Flowers/jpg/image_06498.jpg,image_06498.jpg,23.922286987304688
3557,/nas-ctm01/datasets/public/Oxford102Flowers/jpg/image_03558.jpg,image_03558.jpg,22.17307472229004
1395,/nas-ctm01/datasets/public/Oxford102Flowers/jpg/image_01396.jpg,image_01396.jpg,20.5314884185791
264,/nas-ctm01/datasets/public/Oxford102Flowers/jpg/image_00265.jpg,image_00265.jpg,22.9150447845459
3547,/nas-ctm01/datasets/public/Oxford102Flowers/jpg/image_03548.jpg,image_03548.jpg,22.874025344848633
5128,/nas-ctm01/datasets/public/Oxford102Flowers/jpg/image_05129.jpg,image_05129.jpg,22.355764389038086
7472,/nas-ctm01/datasets/public/Oxford102Flowers/jpg/image_07473.jpg,image_07473.jpg,22.2614803314209
5789,/nas-ctm01/datasets/public/Oxford102Flowers/jpg/image_05790.jpg,image_05790.jpg,23.474620819091797
3864,/nas-ctm01/datasets/public/Oxford102Flowers/jpg/image_03865.jpg,image_03865.jpg,23.60333251953125
6789,/nas-ctm01/datasets/public/Oxford102Flowers/jpg/image_06790.jpg,image_06790.jpg,20.712495803833008
2400,/nas-ctm01/datasets/public/Oxford102Flowers/jpg/image_02401.jpg,image_02401.jpg,21.83814811706543
5926,/nas-ctm01/datasets/public/Oxford102Flowers/jpg/image_05927.jpg,image_05927.jpg,22.46553611755371
3711,/nas-ctm01/datasets/public/Oxford102Flowers/jpg/image_03712.jpg,image_03712.jpg,21.44499969482422
246,/nas-ctm01/datasets/public/Oxford102Flowers/jpg/image_00247.jpg,image_00247.jpg,24.175212860107422
1594,/nas-ctm01/datasets/public/Oxford102Flowers/jpg/image_01595.jpg,image_01595.jpg,23.355091094970703
7953,/nas-ctm01/datasets/public/Oxford102Flowers/jpg/image_07954.jpg,image_07954.jpg,21.006086349487305
7358,/nas-ctm01/datasets/public/Oxford102Flowers/jpg/image_07359.jpg,image_07359.jpg,21.418739318847656
923,/nas-ctm01/datasets/public/Oxford102Flowers/jpg/image_00924.jpg,image_00924.jpg,22.834375381469727
5072,/nas-ctm01/datasets/public/Oxford102Flowers/jpg/image_05073.jpg,image_05073.jpg,20.898151397705078
7604,/nas-ctm01/datasets/public/Oxford102Flowers/jpg/image_07605.jpg,image_07605.jpg,23.764564514160156
669,/nas-ctm01/datasets/public/Oxford102Flowers/jpg/image_00670.jpg,image_00670.jpg,21.112613677978516
3604,/nas-ctm01/datasets/public/Oxford102Flowers/jpg/image_03605.jpg,image_03605.jpg,23.183073043823242
1910,/nas-ctm01/datasets/public/Oxford102Flowers/jpg/image_01911.jpg,image_01911.jpg,22.63702392578125
5716,/nas-ctm01/datasets/public/Oxford102Flowers/jpg/image_05717.jpg,image_05717.jpg,21.847475051879883
3958,/nas-ctm01/datasets/public/Oxford102Flowers/jpg/image_03959.jpg,image_03959.jpg,22.537500381469727
2696,/nas-ctm01/datasets/public/Oxford102Flowers/jpg/image_02697.jpg,image_02697.jpg,22.763425827026367
2591,/nas-ctm01/datasets/public/Oxford102Flowers/jpg/image_02592.jpg,image_02592.jpg,21.331941604614258
1781,/nas-ctm01/datasets/public/Oxford102Flowers/jpg/image_01782.jpg,image_01782.jpg,24.169034957885742
3013,/nas-ctm01/datasets/public/Oxford102Flowers/jpg/image_03014.jpg,image_03014.jpg,22.27709197998047
2307,/nas-ctm01/datasets/public/Oxford102Flowers/jpg/image_02308.jpg,image_02308.jpg,21.57132339477539
4899,/nas-ctm01/datasets/public/Oxford102Flowers/jpg/image_04900.jpg,image_04900.jpg,21.5779972076416
3690,/nas-ctm01/datasets/public/Oxford102Flowers/jpg/image_03691.jpg,image_03691.jpg,21.24800682067871
687,/nas-ctm01/datasets/public/Oxford102Flowers/jpg/image_00688.jpg,image_00688.jpg,21.676889419555664
612,/nas-ctm01/datasets/public/Oxford102Flowers/jpg/image_00613.jpg,image_00613.jpg,21.835020065307617
3200,/nas-ctm01/datasets/public/Oxford102Flowers/jpg/image_03201.jpg,image_03201.jpg,22.06365966796875
2267,/nas-ctm01/datasets/public/Oxford102Flowers/jpg/image_02268.jpg,image_02268.jpg,22.13532257080078
7846,/nas-ctm01/datasets/public/Oxford102Flowers/jpg/image_07847.jpg,image_07847.jpg,22.338356018066406
6226,/nas-ctm01/datasets/public/Oxford102Flowers/jpg/image_06227.jpg,image_06227.jpg,22.514419555664062
1898,/nas-ctm01/datasets/public/Oxford102Flowers/jpg/image_01899.jpg,image_01899.jpg,23.247379302978516
5723,/nas-ctm01/datasets/public/Oxford102Flowers/jpg/image_05724.jpg,image_05724.jpg,22.801298141479492
258,/nas-ctm01/datasets/public/Oxford102Flowers/jpg/image_00259.jpg,image_00259.jpg,23.101194381713867
2924,/nas-ctm01/datasets/public/Oxford102Flowers/jpg/image_02925.jpg,image_02925.jpg,22.499347686767578
2822,/nas-ctm01/datasets/public/Oxford102Flowers/jpg/image_02823.jpg,image_02823.jpg,22.213470458984375
3339,/nas-ctm01/datasets/public/Oxford102Flowers/jpg/image_03340.jpg,image_03340.jpg,22.507984161376953
3525,/nas-ctm01/datasets/public/Oxford102Flowers/jpg/image_03526.jpg,image_03526.jpg,22.67791748046875
4563,/nas-ctm01/datasets/public/Oxford102Flowers/jpg/image_04564.jpg,image_04564.jpg,21.814109802246094
2285,/nas-ctm01/datasets/public/Oxford102Flowers/jpg/image_02286.jpg,image_02286.jpg,22.357559204101562
6909,/nas-ctm01/datasets/public/Oxford102Flowers/jpg/image_06910.jpg,image_06910.jpg,22.51831817626953
484,/nas-ctm01/datasets/public/Oxford102Flowers/jpg/image_00485.jpg,image_00485.jpg,22.156652450561523
2211,/nas-ctm01/datasets/public/Oxford102Flowers/jpg/image_02212.jpg,image_02212.jpg,21.443798065185547
5081,/nas-ctm01/datasets/public/Oxford102Flowers/jpg/image_05082.jpg,image_05082.jpg,21.271827697753906
2555,/nas-ctm01/datasets/public/Oxford102Flowers/jpg/image_02556.jpg,image_02556.jpg,22.89423942565918
7,/nas-ctm01/datasets/public/Oxford102Flowers/jpg/image_00008.jpg,image_00008.jpg,24.899063110351562
3657,/nas-ctm01/datasets/public/Oxford102Flowers/jpg/image_03658.jpg,image_03658.jpg,21.317073822021484
6930,/nas-ctm01/datasets/public/Oxford102Flowers/jpg/image_06931.jpg,image_06931.jpg,22.19403839111328
4874,/nas-ctm01/datasets/public/Oxford102Flowers/jpg/image_04875.jpg,image_04875.jpg,21.305374145507812
4402,/nas-ctm01/datasets/public/Oxford102Flowers/jpg/image_04403.jpg,image_04403.jpg,21.496353149414062
2426,/nas-ctm01/datasets/public/Oxford102Flowers/jpg/image_02427.jpg,image_02427.jpg,21.173494338989258
1814,/nas-ctm01/datasets/public/Oxford102Flowers/jpg/image_01815.jpg,image_01815.jpg,24.23738670349121
7614,/nas-ctm01/datasets/public/Oxford102Flowers/jpg/image_07615.jpg,image_07615.jpg,23.062652587890625
2274,/nas-ctm01/datasets/public/Oxford102Flowers/jpg/image_02275.jpg,image_02275.jpg,22.888385772705078
1011,/nas-ctm01/datasets/public/Oxford102Flowers/jpg/image_01012.jpg,image_01012.jpg,20.798547744750977
5549,/nas-ctm01/datasets/public/Oxford102Flowers/jpg/image_05550.jpg,image_05550.jpg,21.817476272583008
1067,/nas-ctm01/datasets/public/Oxford102Flowers/jpg/image_01068.jpg,image_01068.jpg,20.383056640625
1991,/nas-ctm01/datasets/public/Oxford102Flowers/jpg/image_01992.jpg,image_01992.jpg,23.193607330322266
3970,/nas-ctm01/datasets/public/Oxford102Flowers/jpg/image_03971.jpg,image_03971.jpg,22.70265769958496
5830,/nas-ctm01/datasets/public/Oxford102Flowers/jpg/image_05831.jpg,image_05831.jpg,20.542207717895508
7132,/nas-ctm01/datasets/public/Oxford102Flowers/jpg/image_07133.jpg,image_07133.jpg,20.96245765686035
3867,/nas-ctm01/datasets/public/Oxford102Flowers/jpg/image_03868.jpg,image_03868.jpg,24.417314529418945
7303,/nas-ctm01/datasets/public/Oxford102Flowers/jpg/image_07304.jpg,image_07304.jpg,22.189781188964844
3048,/nas-ctm01/datasets/public/Oxford102Flowers/jpg/image_03049.jpg,image_03049.jpg,21.15110969543457
781,/nas-ctm01/datasets/public/Oxford102Flowers/jpg/image_00782.jpg,image_00782.jpg,23.034643173217773
7941,/nas-ctm01/datasets/public/Oxford102Flowers/jpg/image_07942.jpg,image_07942.jpg,20.944360733032227
1749,/nas-ctm01/datasets/public/Oxford102Flowers/jpg/image_01750.jpg,image_01750.jpg,24.28371810913086
2791,/nas-ctm01/datasets/public/Oxford102Flowers/jpg/image_02792.jpg,image_02792.jpg,22.362369537353516
1091,/nas-ctm01/datasets/public/Oxford102Flowers/jpg/image_01092.jpg,image_01092.jpg,21.332284927368164
5664,/nas-ctm01/datasets/public/Oxford102Flowers/jpg/image_05665.jpg,image_05665.jpg,21.995437622070312
6912,/nas-ctm01/datasets/public/Oxford102Flowers/jpg/image_06913.jpg,image_06913.jpg,22.794605255126953
6961,/nas-ctm01/datasets/public/Oxford102Flowers/jpg/image_06962.jpg,image_06962.jpg,23.20914077758789
6638,/nas-ctm01/datasets/public/Oxford102Flowers/jpg/image_06639.jpg,image_06639.jpg,21.598512649536133
2608,/nas-ctm01/datasets/public/Oxford102Flowers/jpg/image_02609.jpg,image_02609.jpg,22.690378189086914
6708,/nas-ctm01/datasets/public/Oxford102Flowers/jpg/image_06709.jpg,image_06709.jpg,21.188220977783203
2290,/nas-ctm01/datasets/public/Oxford102Flowers/jpg/image_02291.jpg,image_02291.jpg,21.98090362548828
1727,/nas-ctm01/datasets/public/Oxford102Flowers/jpg/image_01728.jpg,image_01728.jpg,23.7717227935791
610,/nas-ctm01/datasets/public/Oxford102Flowers/jpg/image_00611.jpg,image_00611.jpg,21.025436401367188
4666,/nas-ctm01/datasets/public/Oxford102Flowers/jpg/image_04667.jpg,image_04667.jpg,21.645357131958008
343,/nas-ctm01/datasets/public/Oxford102Flowers/jpg/image_00344.jpg,image_00344.jpg,22.72861671447754
6927,/nas-ctm01/datasets/public/Oxford102Flowers/jpg/image_06928.jpg,image_06928.jpg,22.278722763061523
6385,/nas-ctm01/datasets/public/Oxford102Flowers/jpg/image_06386.jpg,image_06386.jpg,21.622093200683594
3750,/nas-ctm01/datasets/public/Oxford102Flowers/jpg/image_03751.jpg,image_03751.jpg,20.4736270904541
5867,/nas-ctm01/datasets/public/Oxford102Flowers/jpg/image_05868.jpg,image_05868.jpg,23.494739532470703
7143,/nas-ctm01/datasets/public/Oxford102Flowers/jpg/image_07144.jpg,image_07144.jpg,21.42012596130371
3215,/nas-ctm01/datasets/public/Oxford102Flowers/jpg/image_03216.jpg,image_03216.jpg,21.69260025024414
97,/nas-ctm01/datasets/public/Oxford102Flowers/jpg/image_00098.jpg,image_00098.jpg,23.117136001586914
5153,/nas-ctm01/datasets/public/Oxford102Flowers/jpg/image_05154.jpg,image_05154.jpg,21.587928771972656
1537,/nas-ctm01/datasets/public/Oxford102Flowers/jpg/image_01538.jpg,image_01538.jpg,25.10491943359375
3588,/nas-ctm01/datasets/public/Oxford102Flowers/jpg/image_03589.jpg,image_03589.jpg,22.9434871673584
4984,/nas-ctm01/datasets/public/Oxford102Flowers/jpg/image_04985.jpg,image_04985.jpg,23.29615020751953
3648,/nas-ctm01/datasets/public/Oxford102Flowers/jpg/image_03649.jpg,image_03649.jpg,21.048748016357422
6705,/nas-ctm01/datasets/public/Oxford102Flowers/jpg/image_06706.jpg,image_06706.jpg,21.179672241210938
7447,/nas-ctm01/datasets/public/Oxford102Flowers/jpg/image_07448.jpg,image_07448.jpg,22.74826431274414
1517,/nas-ctm01/datasets/public/Oxford102Flowers/jpg/image_01518.jpg,image_01518.jpg,23.762697219848633
7205,/nas-ctm01/datasets/public/Oxford102Flowers/jpg/image_07206.jpg,image_07206.jpg,23.191383361816406
4624,/nas-ctm01/datasets/public/Oxford102Flowers/jpg/image_04625.jpg,image_04625.jpg,22.100543975830078
4272,/nas-ctm01/datasets/public/Oxford102Flowers/jpg/image_04273.jpg,image_04273.jpg,21.81583023071289
3669,/nas-ctm01/datasets/public/Oxford102Flowers/jpg/image_03670.jpg,image_03670.jpg,20.58891487121582
2090,/nas-ctm01/datasets/public/Oxford102Flowers/jpg/image_02091.jpg,image_02091.jpg,22.00090980529785
572,/nas-ctm01/datasets/public/Oxford102Flowers/jpg/image_00573.jpg,image_00573.jpg,22.71739959716797
7990,/nas-ctm01/datasets/public/Oxford102Flowers/jpg/image_07991.jpg,image_07991.jpg,21.19126319885254
6206,/nas-ctm01/datasets/public/Oxford102Flowers/jpg/image_06207.jpg,image_06207.jpg,22.610919952392578
6791,/nas-ctm01/datasets/public/Oxford102Flowers/jpg/image_06792.jpg,image_06792.jpg,21.007070541381836
3062,/nas-ctm01/datasets/public/Oxford102Flowers/jpg/image_03063.jpg,image_03063.jpg,21.814149856567383
5198,/nas-ctm01/datasets/public/Oxford102Flowers/jpg/image_05199.jpg,image_05199.jpg,20.91040802001953
5935,/nas-ctm01/datasets/public/Oxford102Flowers/jpg/image_05936.jpg,image_05936.jpg,23.262481689453125
5327,/nas-ctm01/datasets/public/Oxford102Flowers/jpg/image_05328.jpg,image_05328.jpg,22.103822708129883
5310,/nas-ctm01/datasets/public/Oxford102Flowers/jpg/image_05311.jpg,image_05311.jpg,20.722332000732422
7987,/nas-ctm01/datasets/public/Oxford102Flowers/jpg/image_07988.jpg,image_07988.jpg,21.407901763916016
4479,/nas-ctm01/datasets/public/Oxford102Flowers/jpg/image_04480.jpg,image_04480.jpg,21.3134765625
7214,/nas-ctm01/datasets/public/Oxford102Flowers/jpg/image_07215.jpg,image_07215.jpg,23.349817276000977
370,/nas-ctm01/datasets/public/Oxford102Flowers/jpg/image_00371.jpg,image_00371.jpg,23.56688690185547
1938,/nas-ctm01/datasets/public/Oxford102Flowers/jpg/image_01939.jpg,image_01939.jpg,22.919044494628906
7776,/nas-ctm01/datasets/public/Oxford102Flowers/jpg/image_07777.jpg,image_07777.jpg,20.974815368652344
7060,/nas-ctm01/datasets/public/Oxford102Flowers/jpg/image_07061.jpg,image_07061.jpg,21.675701141357422
3670,/nas-ctm01/datasets/public/Oxford102Flowers/jpg/image_03671.jpg,image_03671.jpg,21.946426391601562
3652,/nas-ctm01/datasets/public/Oxford102Flowers/jpg/image_03653.jpg,image_03653.jpg,21.262067794799805
2361,/nas-ctm01/datasets/public/Oxford102Flowers/jpg/image_02362.jpg,image_02362.jpg,23.217039108276367
4260,/nas-ctm01/datasets/public/Oxford102Flowers/jpg/image_04261.jpg,image_04261.jpg,21.23834800720215
4991,/nas-ctm01/datasets/public/Oxford102Flowers/jpg/image_04992.jpg,image_04992.jpg,23.915861129760742
6022,/nas-ctm01/datasets/public/Oxford102Flowers/jpg/image_06023.jpg,image_06023.jpg,21.420747756958008
7375,/nas-ctm01/datasets/public/Oxford102Flowers/jpg/image_07376.jpg,image_07376.jpg,21.981775283813477
3737,/nas-ctm01/datasets/public/Oxford102Flowers/jpg/image_03738.jpg,image_03738.jpg,20.551244735717773
5525,/nas-ctm01/datasets/public/Oxford102Flowers/jpg/image_05526.jpg,image_05526.jpg,21.655563354492188
5654,/nas-ctm01/datasets/public/Oxford102Flowers/jpg/image_05655.jpg,image_05655.jpg,21.909656524658203
5689,/nas-ctm01/datasets/public/Oxford102Flowers/jpg/image_05690.jpg,image_05690.jpg,21.47704315185547
1171,/nas-ctm01/datasets/public/Oxford102Flowers/jpg/image_01172.jpg,image_01172.jpg,22.211483001708984
5337,/nas-ctm01/datasets/public/Oxford102Flowers/jpg/image_05338.jpg,image_05338.jpg,21.736988067626953
1422,/nas-ctm01/datasets/public/Oxford102Flowers/jpg/image_01423.jpg,image_01423.jpg,20.85289192199707
7344,/nas-ctm01/datasets/public/Oxford102Flowers/jpg/image_07345.jpg,image_07345.jpg,22.344106674194336
7673,/nas-ctm01/datasets/public/Oxford102Flowers/jpg/image_07674.jpg,image_07674.jpg,20.77704429626465
5385,/nas-ctm01/datasets/public/Oxford102Flowers/jpg/image_05386.jpg,image_05386.jpg,21.209383010864258
874,/nas-ctm01/datasets/public/Oxford102Flowers/jpg/image_00875.jpg,image_00875.jpg,23.43539047241211
2297,/nas-ctm01/datasets/public/Oxford102Flowers/jpg/image_02298.jpg,image_02298.jpg,21.52080535888672
2643,/nas-ctm01/datasets/public/Oxford102Flowers/jpg/image_02644.jpg,image_02644.jpg,22.463102340698242
7088,/nas-ctm01/datasets/public/Oxford102Flowers/jpg/image_07089.jpg,image_07089.jpg,21.411571502685547
840,/nas-ctm01/datasets/public/Oxford102Flowers/jpg/image_00841.jpg,image_00841.jpg,22.662673950195312
581,/nas-ctm01/datasets/public/Oxford102Flowers/jpg/image_00582.jpg,image_00582.jpg,22.59433364868164
204,/nas-ctm01/datasets/public/Oxford102Flowers/jpg/image_00205.jpg,image_00205.jpg,23.347490310668945
1641,/nas-ctm01/datasets/public/Oxford102Flowers/jpg/image_01642.jpg,image_01642.jpg,23.569778442382812
2014,/nas-ctm01/datasets/public/Oxford102Flowers/jpg/image_02015.jpg,image_02015.jpg,22.43191909790039
3253,/nas-ctm01/datasets/public/Oxford102Flowers/jpg/image_03254.jpg,image_03254.jpg,21.3702392578125
7527,/nas-ctm01/datasets/public/Oxford102Flowers/jpg/image_07528.jpg,image_07528.jpg,21.52776336669922
905,/nas-ctm01/datasets/public/Oxford102Flowers/jpg/image_00906.jpg,image_00906.jpg,22.819644927978516
631,/nas-ctm01/datasets/public/Oxford102Flowers/jpg/image_00632.jpg,image_00632.jpg,20.755220413208008
5816,/nas-ctm01/datasets/public/Oxford102Flowers/jpg/image_05817.jpg,image_05817.jpg,22.544811248779297
5261,/nas-ctm01/datasets/public/Oxford102Flowers/jpg/image_05262.jpg,image_05262.jpg,21.028884887695312
1974,/nas-ctm01/datasets/public/Oxford102Flowers/jpg/image_01975.jpg,image_01975.jpg,23.591630935668945
162,/nas-ctm01/datasets/public/Oxford102Flowers/jpg/image_00163.jpg,image_00163.jpg,23.84650993347168
4998,/nas-ctm01/datasets/public/Oxford102Flowers/jpg/image_04999.jpg,image_04999.jpg,23.397289276123047
5594,/nas-ctm01/datasets/public/Oxford102Flowers/jpg/image_05595.jpg,image_05595.jpg,21.10686492919922
7352,/nas-ctm01/datasets/public/Oxford102Flowers/jpg/image_07353.jpg,image_07353.jpg,21.75675392150879
5219,/nas-ctm01/datasets/public/Oxford102Flowers/jpg/image_05220.jpg,image_05220.jpg,21.287845611572266
4713,/nas-ctm01/datasets/public/Oxford102Flowers/jpg/image_04714.jpg,image_04714.jpg,21.6872501373291
875,/nas-ctm01/datasets/public/Oxford102Flowers/jpg/image_00876.jpg,image_00876.jpg,22.490257263183594
1431,/nas-ctm01/datasets/public/Oxford102Flowers/jpg/image_01432.jpg,image_01432.jpg,21.294462203979492
4643,/nas-ctm01/datasets/public/Oxford102Flowers/jpg/image_04644.jpg,image_04644.jpg,21.766416549682617
6886,/nas-ctm01/datasets/public/Oxford102Flowers/jpg/image_06887.jpg,image_06887.jpg,21.356719970703125
5121,/nas-ctm01/datasets/public/Oxford102Flowers/jpg/image_05122.jpg,image_05122.jpg,22.10042953491211
5216,/nas-ctm01/datasets/public/Oxford102Flowers/jpg/image_05217.jpg,image_05217.jpg,21.148853302001953
2856,/nas-ctm01/datasets/public/Oxford102Flowers/jpg/image_02857.jpg,image_02857.jpg,22.266542434692383
1861,/nas-ctm01/datasets/public/Oxford102Flowers/jpg/image_01862.jpg,image_01862.jpg,22.469026565551758
2659,/nas-ctm01/datasets/public/Oxford102Flowers/jpg/image_02660.jpg,image_02660.jpg,22.143110275268555
3384,/nas-ctm01/datasets/public/Oxford102Flowers/jpg/image_03385.jpg,image_03385.jpg,20.496692657470703
7514,/nas-ctm01/datasets/public/Oxford102Flowers/jpg/image_07515.jpg,image_07515.jpg,23.056743621826172
7840,/nas-ctm01/datasets/public/Oxford102Flowers/jpg/image_07841.jpg,image_07841.jpg,23.207387924194336
7821,/nas-ctm01/datasets/public/Oxford102Flowers/jpg/image_07822.jpg,image_07822.jpg,20.859155654907227
4733,/nas-ctm01/datasets/public/Oxford102Flowers/jpg/image_04734.jpg,image_04734.jpg,21.258224487304688
3331,/nas-ctm01/datasets/public/Oxford102Flowers/jpg/image_03332.jpg,image_03332.jpg,21.981889724731445
6691,/nas-ctm01/datasets/public/Oxford102Flowers/jpg/image_06692.jpg,image_06692.jpg,20.879104614257812
6162,/nas-ctm01/datasets/public/Oxford102Flowers/jpg/image_06163.jpg,image_06163.jpg,20.620386123657227
5717,/nas-ctm01/datasets/public/Oxford102Flowers/jpg/image_05718.jpg,image_05718.jpg,21.792648315429688
2096,/nas-ctm01/datasets/public/Oxford102Flowers/jpg/image_02097.jpg,image_02097.jpg,21.758731842041016
2003,/nas-ctm01/datasets/public/Oxford102Flowers/jpg/image_02004.jpg,image_02004.jpg,23.9423885345459
5573,/nas-ctm01/datasets/public/Oxford102Flowers/jpg/image_05574.jpg,image_05574.jpg,22.07108497619629
5017,/nas-ctm01/datasets/public/Oxford102Flowers/jpg/image_05018.jpg,image_05018.jpg,22.776330947875977
546,/nas-ctm01/datasets/public/Oxford102Flowers/jpg/image_00547.jpg,image_00547.jpg,22.628332138061523
1449,/nas-ctm01/datasets/public/Oxford102Flowers/jpg/image_01450.jpg,image_01450.jpg,20.712554931640625
5683,/nas-ctm01/datasets/public/Oxford102Flowers/jpg/image_05684.jpg,image_05684.jpg,23.08796501159668
2610,/nas-ctm01/datasets/public/Oxford102Flowers/jpg/image_02611.jpg,image_02611.jpg,21.47983741760254
1900,/nas-ctm01/datasets/public/Oxford102Flowers/jpg/image_01901.jpg,image_01901.jpg,23.874706268310547
6450,/nas-ctm01/datasets/public/Oxford102Flowers/jpg/image_06451.jpg,image_06451.jpg,22.057361602783203
2757,/nas-ctm01/datasets/public/Oxford102Flowers/jpg/image_02758.jpg,image_02758.jpg,22.31989097595215
1885,/nas-ctm01/datasets/public/Oxford102Flowers/jpg/image_01886.jpg,image_01886.jpg,22.669557571411133
7908,/nas-ctm01/datasets/public/Oxford102Flowers/jpg/image_07909.jpg,image_07909.jpg,22.282814025878906
2097,/nas-ctm01/datasets/public/Oxford102Flowers/jpg/image_02098.jpg,image_02098.jpg,21.536909103393555
7117,/nas-ctm01/datasets/public/Oxford102Flowers/jpg/image_07118.jpg,image_07118.jpg,22.225736618041992
7351,/nas-ctm01/datasets/public/Oxford102Flowers/jpg/image_07352.jpg,image_07352.jpg,21.3740234375
836,/nas-ctm01/datasets/public/Oxford102Flowers/jpg/image_00837.jpg,image_00837.jpg,21.568159103393555
3471,/nas-ctm01/datasets/public/Oxford102Flowers/jpg/image_03472.jpg,image_03472.jpg,21.683589935302734
4697,/nas-ctm01/datasets/public/Oxford102Flowers/jpg/image_04698.jpg,image_04698.jpg,20.950923919677734
6511,/nas-ctm01/datasets/public/Oxford102Flowers/jpg/image_06512.jpg,image_06512.jpg,23.589805603027344
2171,/nas-ctm01/datasets/public/Oxford102Flowers/jpg/image_02172.jpg,image_02172.jpg,22.22425079345703
7029,/nas-ctm01/datasets/public/Oxford102Flowers/jpg/image_07030.jpg,image_07030.jpg,21.147329330444336
6960,/nas-ctm01/datasets/public/Oxford102Flowers/jpg/image_06961.jpg,image_06961.jpg,22.156248092651367
398,/nas-ctm01/datasets/public/Oxford102Flowers/jpg/image_00399.jpg,image_00399.jpg,22.793251037597656
2010,/nas-ctm01/datasets/public/Oxford102Flowers/jpg/image_02011.jpg,image_02011.jpg,22.668289184570312
7860,/nas-ctm01/datasets/public/Oxford102Flowers/jpg/image_07861.jpg,image_07861.jpg,21.41575813293457
1283,/nas-ctm01/datasets/public/Oxford102Flowers/jpg/image_01284.jpg,image_01284.jpg,22.692060470581055
5780,/nas-ctm01/datasets/public/Oxford102Flowers/jpg/image_05781.jpg,image_05781.jpg,22.220277786254883
8014,/nas-ctm01/datasets/public/Oxford102Flowers/jpg/image_08015.jpg,image_08015.jpg,20.38068199157715
4256,/nas-ctm01/datasets/public/Oxford102Flowers/jpg/image_04257.jpg,image_04257.jpg,21.55264663696289
1836,/nas-ctm01/datasets/public/Oxford102Flowers/jpg/image_01837.jpg,image_01837.jpg,23.332395553588867
1019,/nas-ctm01/datasets/public/Oxford102Flowers/jpg/image_01020.jpg,image_01020.jpg,21.545101165771484
5930,/nas-ctm01/datasets/public/Oxford102Flowers/jpg/image_05931.jpg,image_05931.jpg,22.644983291625977
1326,/nas-ctm01/datasets/public/Oxford102Flowers/jpg/image_01327.jpg,image_01327.jpg,21.205398559570312
5082,/nas-ctm01/datasets/public/Oxford102Flowers/jpg/image_05083.jpg,image_05083.jpg,21.676334381103516
475,/nas-ctm01/datasets/public/Oxford102Flowers/jpg/image_00476.jpg,image_00476.jpg,23.53277587890625
2810,/nas-ctm01/datasets/public/Oxford102Flowers/jpg/image_02811.jpg,image_02811.jpg,22.196762084960938
6151,/nas-ctm01/datasets/public/Oxford102Flowers/jpg/image_06152.jpg,image_06152.jpg,20.881555557250977
1651,/nas-ctm01/datasets/public/Oxford102Flowers/jpg/image_01652.jpg,image_01652.jpg,22.793054580688477
7596,/nas-ctm01/datasets/public/Oxford102Flowers/jpg/image_07597.jpg,image_07597.jpg,22.32908821105957
6987,/nas-ctm01/datasets/public/Oxford102Flowers/jpg/image_06988.jpg,image_06988.jpg,23.37673568725586
2528,/nas-ctm01/datasets/public/Oxford102Flowers/jpg/image_02529.jpg,image_02529.jpg,22.559612274169922
1206,/nas-ctm01/datasets/public/Oxford102Flowers/jpg/image_01207.jpg,image_01207.jpg,22.157508850097656
5328,/nas-ctm01/datasets/public/Oxford102Flowers/jpg/image_05329.jpg,image_05329.jpg,21.957748413085938
7251,/nas-ctm01/datasets/public/Oxford102Flowers/jpg/image_07252.jpg,image_07252.jpg,20.748384475708008
6300,/nas-ctm01/datasets/public/Oxford102Flowers/jpg/image_06301.jpg,image_06301.jpg,21.933826446533203
8087,/nas-ctm01/datasets/public/Oxford102Flowers/jpg/image_08088.jpg,image_08088.jpg,21.829998016357422
867,/nas-ctm01/datasets/public/Oxford102Flowers/jpg/image_00868.jpg,image_00868.jpg,22.037384033203125
2974,/nas-ctm01/datasets/public/Oxford102Flowers/jpg/image_02975.jpg,image_02975.jpg,21.18767738342285
5093,/nas-ctm01/datasets/public/Oxford102Flowers/jpg/image_05094.jpg,image_05094.jpg,22.463037490844727
541,/nas-ctm01/datasets/public/Oxford102Flowers/jpg/image_00542.jpg,image_00542.jpg,21.72381591796875
1132,/nas-ctm01/datasets/public/Oxford102Flowers/jpg/image_01133.jpg,image_01133.jpg,21.422243118286133
7927,/nas-ctm01/datasets/public/Oxford102Flowers/jpg/image_07928.jpg,image_07928.jpg,22.168787002563477
7443,/nas-ctm01/datasets/public/Oxford102Flowers/jpg/image_07444.jpg,image_07444.jpg,20.878189086914062
3390,/nas-ctm01/datasets/public/Oxford102Flowers/jpg/image_03391.jpg,image_03391.jpg,21.07868766784668
6409,/nas-ctm01/datasets/public/Oxford102Flowers/jpg/image_06410.jpg,image_06410.jpg,20.775501251220703
2962,/nas-ctm01/datasets/public/Oxford102Flowers/jpg/image_02963.jpg,image_02963.jpg,22.5646915435791
4155,/nas-ctm01/datasets/public/Oxford102Flowers/jpg/image_04156.jpg,image_04156.jpg,23.27268409729004
3259,/nas-ctm01/datasets/public/Oxford102Flowers/jpg/image_03260.jpg,image_03260.jpg,21.448347091674805
5322,/nas-ctm01/datasets/public/Oxford102Flowers/jpg/image_05323.jpg,image_05323.jpg,23.05327606201172
8084,/nas-ctm01/datasets/public/Oxford102Flowers/jpg/image_08085.jpg,image_08085.jpg,22.267778396606445
2583,/nas-ctm01/datasets/public/Oxford102Flowers/jpg/image_02584.jpg,image_02584.jpg,22.25084686279297
2813,/nas-ctm01/datasets/public/Oxford102Flowers/jpg/image_02814.jpg,image_02814.jpg,21.67782211303711
6352,/nas-ctm01/datasets/public/Oxford102Flowers/jpg/image_06353.jpg,image_06353.jpg,21.91157341003418
7089,/nas-ctm01/datasets/public/Oxford102Flowers/jpg/image_07090.jpg,image_07090.jpg,21.530662536621094
6154,/nas-ctm01/datasets/public/Oxford102Flowers/jpg/image_06155.jpg,image_06155.jpg,21.327686309814453
3586,/nas-ctm01/datasets/public/Oxford102Flowers/jpg/image_03587.jpg,image_03587.jpg,22.880346298217773
7025,/nas-ctm01/datasets/public/Oxford102Flowers/jpg/image_07026.jpg,image_07026.jpg,21.293228149414062
5364,/nas-ctm01/datasets/public/Oxford102Flowers/jpg/image_05365.jpg,image_05365.jpg,21.583765029907227
6956,/nas-ctm01/datasets/public/Oxford102Flowers/jpg/image_06957.jpg,image_06957.jpg,22.140077590942383
2630,/nas-ctm01/datasets/public/Oxford102Flowers/jpg/image_02631.jpg,image_02631.jpg,21.662931442260742
6554,/nas-ctm01/datasets/public/Oxford102Flowers/jpg/image_06555.jpg,image_06555.jpg,23.127225875854492
5228,/nas-ctm01/datasets/public/Oxford102Flowers/jpg/image_05229.jpg,image_05229.jpg,21.26725196838379
5036,/nas-ctm01/datasets/public/Oxford102Flowers/jpg/image_05037.jpg,image_05037.jpg,20.621915817260742
1080,/nas-ctm01/datasets/public/Oxford102Flowers/jpg/image_01081.jpg,image_01081.jpg,20.74529266357422
4283,/nas-ctm01/datasets/public/Oxford102Flowers/jpg/image_04284.jpg,image_04284.jpg,22.409780502319336
2085,/nas-ctm01/datasets/public/Oxford102Flowers/jpg/image_02086.jpg,image_02086.jpg,22.082605361938477
2452,/nas-ctm01/datasets/public/Oxford102Flowers/jpg/image_02453.jpg,image_02453.jpg,21.188077926635742
4966,/nas-ctm01/datasets/public/Oxford102Flowers/jpg/image_04967.jpg,image_04967.jpg,22.555496215820312
2023,/nas-ctm01/datasets/public/Oxford102Flowers/jpg/image_02024.jpg,image_02024.jpg,23.31319808959961
6467,/nas-ctm01/datasets/public/Oxford102Flowers/jpg/image_06468.jpg,image_06468.jpg,22.48271942138672
6292,/nas-ctm01/datasets/public/Oxford102Flowers/jpg/image_06293.jpg,image_06293.jpg,21.480079650878906
226,/nas-ctm01/datasets/public/Oxford102Flowers/jpg/image_00227.jpg,image_00227.jpg,23.792346954345703
1013,/nas-ctm01/datasets/public/Oxford102Flowers/jpg/image_01014.jpg,image_01014.jpg,21.10413360595703
1929,/nas-ctm01/datasets/public/Oxford102Flowers/jpg/image_01930.jpg,image_01930.jpg,24.048608779907227
5784,/nas-ctm01/datasets/public/Oxford102Flowers/jpg/image_05785.jpg,image_05785.jpg,23.12000274658203
1404,/nas-ctm01/datasets/public/Oxford102Flowers/jpg/image_01405.jpg,image_01405.jpg,20.9121150970459
2179,/nas-ctm01/datasets/public/Oxford102Flowers/jpg/image_02180.jpg,image_02180.jpg,21.50984001159668
697,/nas-ctm01/datasets/public/Oxford102Flowers/jpg/image_00698.jpg,image_00698.jpg,21.661495208740234
1124,/nas-ctm01/datasets/public/Oxford102Flowers/jpg/image_01125.jpg,image_01125.jpg,21.8286075592041
3895,/nas-ctm01/datasets/public/Oxford102Flowers/jpg/image_03896.jpg,image_03896.jpg,24.15308952331543
5110,/nas-ctm01/datasets/public/Oxford102Flowers/jpg/image_05111.jpg,image_05111.jpg,22.845787048339844
1778,/nas-ctm01/datasets/public/Oxford102Flowers/jpg/image_01779.jpg,image_01779.jpg,23.61821746826172
5234,/nas-ctm01/datasets/public/Oxford102Flowers/jpg/image_05235.jpg,image_05235.jpg,20.305158615112305
2634,/nas-ctm01/datasets/public/Oxford102Flowers/jpg/image_02635.jpg,image_02635.jpg,23.20380973815918
3489,/nas-ctm01/datasets/public/Oxford102Flowers/jpg/image_03490.jpg,image_03490.jpg,22.415538787841797
1037,/nas-ctm01/datasets/public/Oxford102Flowers/jpg/image_01038.jpg,image_01038.jpg,20.590333938598633
2256,/nas-ctm01/datasets/public/Oxford102Flowers/jpg/image_02257.jpg,image_02257.jpg,22.5225830078125
5488,/nas-ctm01/datasets/public/Oxford102Flowers/jpg/image_05489.jpg,image_05489.jpg,23.247295379638672
8093,/nas-ctm01/datasets/public/Oxford102Flowers/jpg/image_08094.jpg,image_08094.jpg,21.391599655151367
313,/nas-ctm01/datasets/public/Oxford102Flowers/jpg/image_00314.jpg,image_00314.jpg,23.10102081298828
2649,/nas-ctm01/datasets/public/Oxford102Flowers/jpg/image_02650.jpg,image_02650.jpg,22.54530906677246
2281,/nas-ctm01/datasets/public/Oxford102Flowers/jpg/image_02282.jpg,image_02282.jpg,22.081165313720703
5875,/nas-ctm01/datasets/public/Oxford102Flowers/jpg/image_05876.jpg,image_05876.jpg,22.98799705505371
2547,/nas-ctm01/datasets/public/Oxford102Flowers/jpg/image_02548.jpg,image_02548.jpg,21.781400680541992
5132,/nas-ctm01/datasets/public/Oxford102Flowers/jpg/image_05133.jpg,image_05133.jpg,22.59193229675293
2159,/nas-ctm01/datasets/public/Oxford102Flowers/jpg/image_02160.jpg,image_02160.jpg,21.6248836517334
3137,/nas-ctm01/datasets/public/Oxford102Flowers/jpg/image_03138.jpg,image_03138.jpg,21.837526321411133
6798,/nas-ctm01/datasets/public/Oxford102Flowers/jpg/image_06799.jpg,image_06799.jpg,20.945951461791992
3967,/nas-ctm01/datasets/public/Oxford102Flowers/jpg/image_03968.jpg,image_03968.jpg,21.22675132751465
1428,/nas-ctm01/datasets/public/Oxford102Flowers/jpg/image_01429.jpg,image_01429.jpg,21.215368270874023
5819,/nas-ctm01/datasets/public/Oxford102Flowers/jpg/image_05820.jpg,image_05820.jpg,22.78382682800293
2520,/nas-ctm01/datasets/public/Oxford102Flowers/jpg/image_02521.jpg,image_02521.jpg,21.67558479309082
5270,/nas-ctm01/datasets/public/Oxford102Flowers/jpg/image_05271.jpg,image_05271.jpg,20.68940544128418
7059,/nas-ctm01/datasets/public/Oxford102Flowers/jpg/image_07060.jpg,image_07060.jpg,22.100433349609375
6059,/nas-ctm01/datasets/public/Oxford102Flowers/jpg/image_06060.jpg,image_06060.jpg,23.9966983795166
448,/nas-ctm01/datasets/public/Oxford102Flowers/jpg/image_00449.jpg,image_00449.jpg,22.750946044921875
5382,/nas-ctm01/datasets/public/Oxford102Flowers/jpg/image_05383.jpg,image_05383.jpg,21.290977478027344
1284,/nas-ctm01/datasets/public/Oxford102Flowers/jpg/image_01285.jpg,image_01285.jpg,22.2501163482666
3727,/nas-ctm01/datasets/public/Oxford102Flowers/jpg/image_03728.jpg,image_03728.jpg,21.40699577331543
361,/nas-ctm01/datasets/public/Oxford102Flowers/jpg/image_00362.jpg,image_00362.jpg,22.680233001708984
6592,/nas-ctm01/datasets/public/Oxford102Flowers/jpg/image_06593.jpg,image_06593.jpg,22.687515258789062
6523,/nas-ctm01/datasets/public/Oxford102Flowers/jpg/image_06524.jpg,image_06524.jpg,23.0782470703125
5149,/nas-ctm01/datasets/public/Oxford102Flowers/jpg/image_05150.jpg,image_05150.jpg,23.164602279663086
2460,/nas-ctm01/datasets/public/Oxford102Flowers/jpg/image_02461.jpg,image_02461.jpg,23.27640151977539
22,/nas-ctm01/datasets/public/Oxford102Flowers/jpg/image_00023.jpg,image_00023.jpg,24.096967697143555
2066,/nas-ctm01/datasets/public/Oxford102Flowers/jpg/image_02067.jpg,image_02067.jpg,23.661706924438477
1653,/nas-ctm01/datasets/public/Oxford102Flowers/jpg/image_01654.jpg,image_01654.jpg,22.641237258911133
702,/nas-ctm01/datasets/public/Oxford102Flowers/jpg/image_00703.jpg,image_00703.jpg,20.592567443847656
5934,/nas-ctm01/datasets/public/Oxford102Flowers/jpg/image_05935.jpg,image_05935.jpg,23.399036407470703
2743,/nas-ctm01/datasets/public/Oxford102Flowers/jpg/image_02744.jpg,image_02744.jpg,23.053232192993164
1376,/nas-ctm01/datasets/public/Oxford102Flowers/jpg/image_01377.jpg,image_01377.jpg,22.777666091918945
6650,/nas-ctm01/datasets/public/Oxford102Flowers/jpg/image_06651.jpg,image_06651.jpg,20.83656883239746
2468,/nas-ctm01/datasets/public/Oxford102Flowers/jpg/image_02469.jpg,image_02469.jpg,22.26307487487793
3754,/nas-ctm01/datasets/public/Oxford102Flowers/jpg/image_03755.jpg,image_03755.jpg,20.88942527770996
2325,/nas-ctm01/datasets/public/Oxford102Flowers/jpg/image_02326.jpg,image_02326.jpg,21.602388381958008
460,/nas-ctm01/datasets/public/Oxford102Flowers/jpg/image_00461.jpg,image_00461.jpg,23.08180046081543
5163,/nas-ctm01/datasets/public/Oxford102Flowers/jpg/image_05164.jpg,image_05164.jpg,23.002727508544922
4183,/nas-ctm01/datasets/public/Oxford102Flowers/jpg/image_04184.jpg,image_04184.jpg,21.885692596435547
4082,/nas-ctm01/datasets/public/Oxford102Flowers/jpg/image_04083.jpg,image_04083.jpg,23.859241485595703
1486,/nas-ctm01/datasets/public/Oxford102Flowers/jpg/image_01487.jpg,image_01487.jpg,21.110965728759766
3678,/nas-ctm01/datasets/public/Oxford102Flowers/jpg/image_03679.jpg,image_03679.jpg,21.20054817199707
282,/nas-ctm01/datasets/public/Oxford102Flowers/jpg/image_00283.jpg,image_00283.jpg,21.757783889770508
4558,/nas-ctm01/datasets/public/Oxford102Flowers/jpg/image_04559.jpg,image_04559.jpg,22.29133415222168
4308,/nas-ctm01/datasets/public/Oxford102Flowers/jpg/image_04309.jpg,image_04309.jpg,21.22919464111328
4865,/nas-ctm01/datasets/public/Oxford102Flowers/jpg/image_04866.jpg,image_04866.jpg,23.499216079711914
3537,/nas-ctm01/datasets/public/Oxford102Flowers/jpg/image_03538.jpg,image_03538.jpg,22.463178634643555
5763,/nas-ctm01/datasets/public/Oxford102Flowers/jpg/image_05764.jpg,image_05764.jpg,23.67078971862793
2581,/nas-ctm01/datasets/public/Oxford102Flowers/jpg/image_02582.jpg,image_02582.jpg,22.428417205810547
1368,/nas-ctm01/datasets/public/Oxford102Flowers/jpg/image_01369.jpg,image_01369.jpg,21.80534553527832
7382,/nas-ctm01/datasets/public/Oxford102Flowers/jpg/image_07383.jpg,image_07383.jpg,22.65338706970215
5502,/nas-ctm01/datasets/public/Oxford102Flowers/jpg/image_05503.jpg,image_05503.jpg,23.00140380859375
597,/nas-ctm01/datasets/public/Oxford102Flowers/jpg/image_00598.jpg,image_00598.jpg,20.592885971069336
4351,/nas-ctm01/datasets/public/Oxford102Flowers/jpg/image_04352.jpg,image_04352.jpg,22.797231674194336
6646,/nas-ctm01/datasets/public/Oxford102Flowers/jpg/image_06647.jpg,image_06647.jpg,21.98063850402832
4758,/nas-ctm01/datasets/public/Oxford102Flowers/jpg/image_04759.jpg,image_04759.jpg,22.068777084350586
8127,/nas-ctm01/datasets/public/Oxford102Flowers/jpg/image_08128.jpg,image_08128.jpg,21.40434455871582
7713,/nas-ctm01/datasets/public/Oxford102Flowers/jpg/image_07714.jpg,image_07714.jpg,21.01931381225586
5344,/nas-ctm01/datasets/public/Oxford102Flowers/jpg/image_05345.jpg,image_05345.jpg,21.17176628112793
3468,/nas-ctm01/datasets/public/Oxford102Flowers/jpg/image_03469.jpg,image_03469.jpg,22.46455192565918
5241,/nas-ctm01/datasets/public/Oxford102Flowers/jpg/image_05242.jpg,image_05242.jpg,21.51690673828125
2990,/nas-ctm01/datasets/public/Oxford102Flowers/jpg/image_02991.jpg,image_02991.jpg,22.320087432861328
7283,/nas-ctm01/datasets/public/Oxford102Flowers/jpg/image_07284.jpg,image_07284.jpg,21.79743003845215
8025,/nas-ctm01/datasets/public/Oxford102Flowers/jpg/image_08026.jpg,image_08026.jpg,20.77362632751465
2544,/nas-ctm01/datasets/public/Oxford102Flowers/jpg/image_02545.jpg,image_02545.jpg,22.095802307128906
6091,/nas-ctm01/datasets/public/Oxford102Flowers/jpg/image_06092.jpg,image_06092.jpg,22.77981185913086
6003,/nas-ctm01/datasets/public/Oxford102Flowers/jpg/image_06004.jpg,image_06004.jpg,22.810510635375977
4066,/nas-ctm01/datasets/public/Oxford102Flowers/jpg/image_04067.jpg,image_04067.jpg,22.312191009521484
3988,/nas-ctm01/datasets/public/Oxford102Flowers/jpg/image_03989.jpg,image_03989.jpg,21.328433990478516
7904,/nas-ctm01/datasets/public/Oxford102Flowers/jpg/image_07905.jpg,image_07905.jpg,22.807361602783203
685,/nas-ctm01/datasets/public/Oxford102Flowers/jpg/image_00686.jpg,image_00686.jpg,21.675466537475586
6624,/nas-ctm01/datasets/public/Oxford102Flowers/jpg/image_06625.jpg,image_06625.jpg,21.989526748657227
3243,/nas-ctm01/datasets/public/Oxford102Flowers/jpg/image_03244.jpg,image_03244.jpg,23.248003005981445
6338,/nas-ctm01/datasets/public/Oxford102Flowers/jpg/image_06339.jpg,image_06339.jpg,22.64081573486328
4083,/nas-ctm01/datasets/public/Oxford102Flowers/jpg/image_04084.jpg,image_04084.jpg,23.83974266052246
2837,/nas-ctm01/datasets/public/Oxford102Flowers/jpg/image_02838.jpg,image_02838.jpg,21.987844467163086
3697,/nas-ctm01/datasets/public/Oxford102Flowers/jpg/image_03698.jpg,image_03698.jpg,21.378448486328125
4941,/nas-ctm01/datasets/public/Oxford102Flowers/jpg/image_04942.jpg,image_04942.jpg,21.160921096801758
7175,/nas-ctm01/datasets/public/Oxford102Flowers/jpg/image_07176.jpg,image_07176.jpg,22.06867218017578
4040,/nas-ctm01/datasets/public/Oxford102Flowers/jpg/image_04041.jpg,image_04041.jpg,21.701868057250977
2230,/nas-ctm01/datasets/public/Oxford102Flowers/jpg/image_02231.jpg,image_02231.jpg,20.91133689880371
5982,/nas-ctm01/datasets/public/Oxford102Flowers/jpg/image_05983.jpg,image_05983.jpg,22.3343448638916
2320,/nas-ctm01/datasets/public/Oxford102Flowers/jpg/image_02321.jpg,image_02321.jpg,22.9482364654541
4878,/nas-ctm01/datasets/public/Oxford102Flowers/jpg/image_04879.jpg,image_04879.jpg,21.798213958740234
521,/nas-ctm01/datasets/public/Oxford102Flowers/jpg/image_00522.jpg,image_00522.jpg,21.905590057373047
522,/nas-ctm01/datasets/public/Oxford102Flowers/jpg/image_00523.jpg,image_00523.jpg,22.67995834350586
6392,/nas-ctm01/datasets/public/Oxford102Flowers/jpg/image_06393.jpg,image_06393.jpg,21.80815887451172
6586,/nas-ctm01/datasets/public/Oxford102Flowers/jpg/image_06587.jpg,image_06587.jpg,21.972881317138672
6583,/nas-ctm01/datasets/public/Oxford102Flowers/jpg/image_06584.jpg,image_06584.jpg,23.130050659179688
7751,/nas-ctm01/datasets/public/Oxford102Flowers/jpg/image_07752.jpg,image_07752.jpg,20.367448806762695
780,/nas-ctm01/datasets/public/Oxford102Flowers/jpg/image_00781.jpg,image_00781.jpg,22.104578018188477
6403,/nas-ctm01/datasets/public/Oxford102Flowers/jpg/image_06404.jpg,image_06404.jpg,21.56539535522461
6921,/nas-ctm01/datasets/public/Oxford102Flowers/jpg/image_06922.jpg,image_06922.jpg,23.118179321289062
651,/nas-ctm01/datasets/public/Oxford102Flowers/jpg/image_00652.jpg,image_00652.jpg,21.219314575195312
6111,/nas-ctm01/datasets/public/Oxford102Flowers/jpg/image_06112.jpg,image_06112.jpg,21.176185607910156
2196,/nas-ctm01/datasets/public/Oxford102Flowers/jpg/image_02197.jpg,image_02197.jpg,21.679290771484375
369,/nas-ctm01/datasets/public/Oxford102Flowers/jpg/image_00370.jpg,image_00370.jpg,22.354785919189453
5374,/nas-ctm01/datasets/public/Oxford102Flowers/jpg/image_05375.jpg,image_05375.jpg,20.440731048583984
4214,/nas-ctm01/datasets/public/Oxford102Flowers/jpg/image_04215.jpg,image_04215.jpg,20.68094825744629
377,/nas-ctm01/datasets/public/Oxford102Flowers/jpg/image_00378.jpg,image_00378.jpg,22.967708587646484
6919,/nas-ctm01/datasets/public/Oxford102Flowers/jpg/image_06920.jpg,image_06920.jpg,23.172056198120117
2216,/nas-ctm01/datasets/public/Oxford102Flowers/jpg/image_02217.jpg,image_02217.jpg,22.47838592529297
6236,/nas-ctm01/datasets/public/Oxford102Flowers/jpg/image_06237.jpg,image_06237.jpg,21.99730682373047
1613,/nas-ctm01/datasets/public/Oxford102Flowers/jpg/image_01614.jpg,image_01614.jpg,22.914466857910156
7345,/nas-ctm01/datasets/public/Oxford102Flowers/jpg/image_07346.jpg,image_07346.jpg,22.424917221069336
3632,/nas-ctm01/datasets/public/Oxford102Flowers/jpg/image_03633.jpg,image_03633.jpg,22.14072036743164
962,/nas-ctm01/datasets/public/Oxford102Flowers/jpg/image_00963.jpg,image_00963.jpg,21.010242462158203
7365,/nas-ctm01/datasets/public/Oxford102Flowers/jpg/image_07366.jpg,image_07366.jpg,20.474571228027344
7732,/nas-ctm01/datasets/public/Oxford102Flowers/jpg/image_07733.jpg,image_07733.jpg,21.176292419433594
7719,/nas-ctm01/datasets/public/Oxford102Flowers/jpg/image_07720.jpg,image_07720.jpg,21.889305114746094
5555,/nas-ctm01/datasets/public/Oxford102Flowers/jpg/image_05556.jpg,image_05556.jpg,22.734336853027344
359,/nas-ctm01/datasets/public/Oxford102Flowers/jpg/image_00360.jpg,image_00360.jpg,22.72565269470215
3839,/nas-ctm01/datasets/public/Oxford102Flowers/jpg/image_03840.jpg,image_03840.jpg,24.22583770751953
5485,/nas-ctm01/datasets/public/Oxford102Flowers/jpg/image_05486.jpg,image_05486.jpg,21.906856536865234
1246,/nas-ctm01/datasets/public/Oxford102Flowers/jpg/image_01247.jpg,image_01247.jpg,21.847957611083984
5720,/nas-ctm01/datasets/public/Oxford102Flowers/jpg/image_05721.jpg,image_05721.jpg,22.790170669555664
5087,/nas-ctm01/datasets/public/Oxford102Flowers/jpg/image_05088.jpg,image_05088.jpg,21.064456939697266
3694,/nas-ctm01/datasets/public/Oxford102Flowers/jpg/image_03695.jpg,image_03695.jpg,21.63566017150879
6904,/nas-ctm01/datasets/public/Oxford102Flowers/jpg/image_06905.jpg,image_06905.jpg,22.073402404785156
2567,/nas-ctm01/datasets/public/Oxford102Flowers/jpg/image_02568.jpg,image_02568.jpg,21.975746154785156
3423,/nas-ctm01/datasets/public/Oxford102Flowers/jpg/image_03424.jpg,image_03424.jpg,21.215240478515625
2037,/nas-ctm01/datasets/public/Oxford102Flowers/jpg/image_02038.jpg,image_02038.jpg,23.141666412353516
772,/nas-ctm01/datasets/public/Oxford102Flowers/jpg/image_00773.jpg,image_00773.jpg,21.028270721435547
7647,/nas-ctm01/datasets/public/Oxford102Flowers/jpg/image_07648.jpg,image_07648.jpg,22.921709060668945
3562,/nas-ctm01/datasets/public/Oxford102Flowers/jpg/image_03563.jpg,image_03563.jpg,22.431825637817383
7748,/nas-ctm01/datasets/public/Oxford102Flowers/jpg/image_07749.jpg,image_07749.jpg,21.060579299926758
7482,/nas-ctm01/datasets/public/Oxford102Flowers/jpg/image_07483.jpg,image_07483.jpg,20.561519622802734
5425,/nas-ctm01/datasets/public/Oxford102Flowers/jpg/image_05426.jpg,image_05426.jpg,22.651748657226562
4531,/nas-ctm01/datasets/public/Oxford102Flowers/jpg/image_04532.jpg,image_04532.jpg,20.58028793334961
1674,/nas-ctm01/datasets/public/Oxford102Flowers/jpg/image_01675.jpg,image_01675.jpg,23.18191909790039
365,/nas-ctm01/datasets/public/Oxford102Flowers/jpg/image_00366.jpg,image_00366.jpg,23.660812377929688
5953,/nas-ctm01/datasets/public/Oxford102Flowers/jpg/image_05954.jpg,image_05954.jpg,23.20543670654297
7391,/nas-ctm01/datasets/public/Oxford102Flowers/jpg/image_07392.jpg,image_07392.jpg,21.453542709350586
4327,/nas-ctm01/datasets/public/Oxford102Flowers/jpg/image_04328.jpg,image_04328.jpg,22.213157653808594
147,/nas-ctm01/datasets/public/Oxford102Flowers/jpg/image_00148.jpg,image_00148.jpg,24.061100006103516
7195,/nas-ctm01/datasets/public/Oxford102Flowers/jpg/image_07196.jpg,image_07196.jpg,21.8735294342041
3088,/nas-ctm01/datasets/public/Oxford102Flowers/jpg/image_03089.jpg,image_03089.jpg,21.959333419799805
6458,/nas-ctm01/datasets/public/Oxford102Flowers/jpg/image_06459.jpg,image_06459.jpg,22.346467971801758
407,/nas-ctm01/datasets/public/Oxford102Flowers/jpg/image_00408.jpg,image_00408.jpg,23.712265014648438
7558,/nas-ctm01/datasets/public/Oxford102Flowers/jpg/image_07559.jpg,image_07559.jpg,22.177295684814453
3456,/nas-ctm01/datasets/public/Oxford102Flowers/jpg/image_03457.jpg,image_03457.jpg,21.349817276000977
4182,/nas-ctm01/datasets/public/Oxford102Flowers/jpg/image_04183.jpg,image_04183.jpg,22.031702041625977
3576,/nas-ctm01/datasets/public/Oxford102Flowers/jpg/image_03577.jpg,image_03577.jpg,22.816646575927734
3271,/nas-ctm01/datasets/public/Oxford102Flowers/jpg/image_03272.jpg,image_03272.jpg,22.883285522460938
4940,/nas-ctm01/datasets/public/Oxford102Flowers/jpg/image_04941.jpg,image_04941.jpg,22.826139450073242
1031,/nas-ctm01/datasets/public/Oxford102Flowers/jpg/image_01032.jpg,image_01032.jpg,21.139253616333008
5368,/nas-ctm01/datasets/public/Oxford102Flowers/jpg/image_05369.jpg,image_05369.jpg,21.837533950805664
855,/nas-ctm01/datasets/public/Oxford102Flowers/jpg/image_00856.jpg,image_00856.jpg,21.10334587097168
3926,/nas-ctm01/datasets/public/Oxford102Flowers/jpg/image_03927.jpg,image_03927.jpg,20.70209312438965
78,/nas-ctm01/datasets/public/Oxford102Flowers/jpg/image_00079.jpg,image_00079.jpg,23.694931030273438
2247,/nas-ctm01/datasets/public/Oxford102Flowers/jpg/image_02248.jpg,image_02248.jpg,21.348342895507812
7592,/nas-ctm01/datasets/public/Oxford102Flowers/jpg/image_07593.jpg,image_07593.jpg,22.50960922241211
8167,/nas-ctm01/datasets/public/Oxford102Flowers/jpg/image_08168.jpg,image_08168.jpg,21.23976707458496
7937,/nas-ctm01/datasets/public/Oxford102Flowers/jpg/image_07938.jpg,image_07938.jpg,22.00436782836914
6336,/nas-ctm01/datasets/public/Oxford102Flowers/jpg/image_06337.jpg,image_06337.jpg,22.295894622802734
6260,/nas-ctm01/datasets/public/Oxford102Flowers/jpg/image_06261.jpg,image_06261.jpg,22.0334529876709
788,/nas-ctm01/datasets/public/Oxford102Flowers/jpg/image_00789.jpg,image_00789.jpg,21.808490753173828
2279,/nas-ctm01/datasets/public/Oxford102Flowers/jpg/image_02280.jpg,image_02280.jpg,20.837242126464844
4095,/nas-ctm01/datasets/public/Oxford102Flowers/jpg/image_04096.jpg,image_04096.jpg,22.414831161499023
3897,/nas-ctm01/datasets/public/Oxford102Flowers/jpg/image_03898.jpg,image_03898.jpg,23.998003005981445
5340,/nas-ctm01/datasets/public/Oxford102Flowers/jpg/image_05341.jpg,image_05341.jpg,21.533613204956055
6794,/nas-ctm01/datasets/public/Oxford102Flowers/jpg/image_06795.jpg,image_06795.jpg,20.932720184326172
3631,/nas-ctm01/datasets/public/Oxford102Flowers/jpg/image_03632.jpg,image_03632.jpg,22.287967681884766
6134,/nas-ctm01/datasets/public/Oxford102Flowers/jpg/image_06135.jpg,image_06135.jpg,21.156545639038086
424,/nas-ctm01/datasets/public/Oxford102Flowers/jpg/image_00425.jpg,image_00425.jpg,22.442956924438477
392,/nas-ctm01/datasets/public/Oxford102Flowers/jpg/image_00393.jpg,image_00393.jpg,21.61604881286621
6929,/nas-ctm01/datasets/public/Oxford102Flowers/jpg/image_06930.jpg,image_06930.jpg,23.261356353759766
7727,/nas-ctm01/datasets/public/Oxford102Flowers/jpg/image_07728.jpg,image_07728.jpg,21.603307723999023
4200,/nas-ctm01/datasets/public/Oxford102Flowers/jpg/image_04201.jpg,image_04201.jpg,21.842124938964844
2672,/nas-ctm01/datasets/public/Oxford102Flowers/jpg/image_02673.jpg,image_02673.jpg,22.455656051635742
7488,/nas-ctm01/datasets/public/Oxford102Flowers/jpg/image_07489.jpg,image_07489.jpg,23.425106048583984
5540,/nas-ctm01/datasets/public/Oxford102Flowers/jpg/image_05541.jpg,image_05541.jpg,21.991756439208984
3493,/nas-ctm01/datasets/public/Oxford102Flowers/jpg/image_03494.jpg,image_03494.jpg,21.448068618774414
1459,/nas-ctm01/datasets/public/Oxford102Flowers/jpg/image_01460.jpg,image_01460.jpg,21.026519775390625
7432,/nas-ctm01/datasets/public/Oxford102Flowers/jpg/image_07433.jpg,image_07433.jpg,22.57986831665039
7493,/nas-ctm01/datasets/public/Oxford102Flowers/jpg/image_07494.jpg,image_07494.jpg,21.198081970214844
6198,/nas-ctm01/datasets/public/Oxford102Flowers/jpg/image_06199.jpg,image_06199.jpg,23.18132972717285
3835,/nas-ctm01/datasets/public/Oxford102Flowers/jpg/image_03836.jpg,image_03836.jpg,22.191160202026367
7153,/nas-ctm01/datasets/public/Oxford102Flowers/jpg/image_07154.jpg,image_07154.jpg,20.422191619873047
6339,/nas-ctm01/datasets/public/Oxford102Flowers/jpg/image_06340.jpg,image_06340.jpg,23.522560119628906
7790,/nas-ctm01/datasets/public/Oxford102Flowers/jpg/image_07791.jpg,image_07791.jpg,21.105281829833984
4724,/nas-ctm01/datasets/public/Oxford102Flowers/jpg/image_04725.jpg,image_04725.jpg,21.405048370361328
6355,/nas-ctm01/datasets/public/Oxford102Flowers/jpg/image_06356.jpg,image_06356.jpg,21.065946578979492
2355,/nas-ctm01/datasets/public/Oxford102Flowers/jpg/image_02356.jpg,image_02356.jpg,22.071571350097656
8088,/nas-ctm01/datasets/public/Oxford102Flowers/jpg/image_08089.jpg,image_08089.jpg,22.045900344848633
2442,/nas-ctm01/datasets/public/Oxford102Flowers/jpg/image_02443.jpg,image_02443.jpg,22.308382034301758
6345,/nas-ctm01/datasets/public/Oxford102Flowers/jpg/image_06346.jpg,image_06346.jpg,21.625633239746094
7510,/nas-ctm01/datasets/public/Oxford102Flowers/jpg/image_07511.jpg,image_07511.jpg,21.082794189453125
6369,/nas-ctm01/datasets/public/Oxford102Flowers/jpg/image_06370.jpg,image_06370.jpg,22.33517074584961
464,/nas-ctm01/datasets/public/Oxford102Flowers/jpg/image_00465.jpg,image_00465.jpg,21.209348678588867
163,/nas-ctm01/datasets/public/Oxford102Flowers/jpg/image_00164.jpg,image_00164.jpg,22.811574935913086
7081,/nas-ctm01/datasets/public/Oxford102Flowers/jpg/image_07082.jpg,image_07082.jpg,21.486980438232422
8004,/nas-ctm01/datasets/public/Oxford102Flowers/jpg/image_08005.jpg,image_08005.jpg,20.837488174438477
7842,/nas-ctm01/datasets/public/Oxford102Flowers/jpg/image_07843.jpg,image_07843.jpg,21.8023681640625
8118,/nas-ctm01/datasets/public/Oxford102Flowers/jpg/image_08119.jpg,image_08119.jpg,20.92764663696289
2009,/nas-ctm01/datasets/public/Oxford102Flowers/jpg/image_02010.jpg,image_02010.jpg,23.02518653869629
3084,/nas-ctm01/datasets/public/Oxford102Flowers/jpg/image_03085.jpg,image_03085.jpg,21.343135833740234
900,/nas-ctm01/datasets/public/Oxford102Flowers/jpg/image_00901.jpg,image_00901.jpg,22.250286102294922
7621,/nas-ctm01/datasets/public/Oxford102Flowers/jpg/image_07622.jpg,image_07622.jpg,22.661392211914062
4837,/nas-ctm01/datasets/public/Oxford102Flowers/jpg/image_04838.jpg,image_04838.jpg,23.570816040039062
2293,/nas-ctm01/datasets/public/Oxford102Flowers/jpg/image_02294.jpg,image_02294.jpg,22.29123878479004
4481,/nas-ctm01/datasets/public/Oxford102Flowers/jpg/image_04482.jpg,image_04482.jpg,21.808738708496094
5302,/nas-ctm01/datasets/public/Oxford102Flowers/jpg/image_05303.jpg,image_05303.jpg,22.35120391845703
4605,/nas-ctm01/datasets/public/Oxford102Flowers/jpg/image_04606.jpg,image_04606.jpg,22.505096435546875
3716,/nas-ctm01/datasets/public/Oxford102Flowers/jpg/image_03717.jpg,image_03717.jpg,21.609432220458984
7068,/nas-ctm01/datasets/public/Oxford102Flowers/jpg/image_07069.jpg,image_07069.jpg,22.91099739074707
1764,/nas-ctm01/datasets/public/Oxford102Flowers/jpg/image_01765.jpg,image_01765.jpg,22.920391082763672
1549,/nas-ctm01/datasets/public/Oxford102Flowers/jpg/image_01550.jpg,image_01550.jpg,24.75153923034668
3029,/nas-ctm01/datasets/public/Oxford102Flowers/jpg/image_03030.jpg,image_03030.jpg,21.72469711303711
6435,/nas-ctm01/datasets/public/Oxford102Flowers/jpg/image_06436.jpg,image_06436.jpg,20.945972442626953
2044,/nas-ctm01/datasets/public/Oxford102Flowers/jpg/image_02045.jpg,image_02045.jpg,22.001497268676758
767,/nas-ctm01/datasets/public/Oxford102Flowers/jpg/image_00768.jpg,image_00768.jpg,21.061721801757812
1508,/nas-ctm01/datasets/public/Oxford102Flowers/jpg/image_01509.jpg,image_01509.jpg,24.08679962158203
7949,/nas-ctm01/datasets/public/Oxford102Flowers/jpg/image_07950.jpg,image_07950.jpg,20.602834701538086
4517,/nas-ctm01/datasets/public/Oxford102Flowers/jpg/image_04518.jpg,image_04518.jpg,20.67316436767578
4219,/nas-ctm01/datasets/public/Oxford102Flowers/jpg/image_04220.jpg,image_04220.jpg,22.24459457397461
6797,/nas-ctm01/datasets/public/Oxford102Flowers/jpg/image_06798.jpg,image_06798.jpg,21.7048282623291
5365,/nas-ctm01/datasets/public/Oxford102Flowers/jpg/image_05366.jpg,image_05366.jpg,21.358173370361328
3292,/nas-ctm01/datasets/public/Oxford102Flowers/jpg/image_03293.jpg,image_03293.jpg,22.164186477661133
819,/nas-ctm01/datasets/public/Oxford102Flowers/jpg/image_00820.jpg,image_00820.jpg,22.571754455566406
1403,/nas-ctm01/datasets/public/Oxford102Flowers/jpg/image_01404.jpg,image_01404.jpg,20.61201286315918
1382,/nas-ctm01/datasets/public/Oxford102Flowers/jpg/image_01383.jpg,image_01383.jpg,21.164030075073242
2148,/nas-ctm01/datasets/public/Oxford102Flowers/jpg/image_02149.jpg,image_02149.jpg,21.265676498413086
1638,/nas-ctm01/datasets/public/Oxford102Flowers/jpg/image_01639.jpg,image_01639.jpg,23.713056564331055
7868,/nas-ctm01/datasets/public/Oxford102Flowers/jpg/image_07869.jpg,image_07869.jpg,19.75731086730957
399,/nas-ctm01/datasets/public/Oxford102Flowers/jpg/image_00400.jpg,image_00400.jpg,22.755640029907227
882,/nas-ctm01/datasets/public/Oxford102Flowers/jpg/image_00883.jpg,image_00883.jpg,22.91431999206543
3565,/nas-ctm01/datasets/public/Oxford102Flowers/jpg/image_03566.jpg,image_03566.jpg,22.865127563476562
7313,/nas-ctm01/datasets/public/Oxford102Flowers/jpg/image_07314.jpg,image_07314.jpg,21.519596099853516
1179,/nas-ctm01/datasets/public/Oxford102Flowers/jpg/image_01180.jpg,image_01180.jpg,22.330278396606445
4244,/nas-ctm01/datasets/public/Oxford102Flowers/jpg/image_04245.jpg,image_04245.jpg,21.788429260253906
5218,/nas-ctm01/datasets/public/Oxford102Flowers/jpg/image_05219.jpg,image_05219.jpg,20.859466552734375
5593,/nas-ctm01/datasets/public/Oxford102Flowers/jpg/image_05594.jpg,image_05594.jpg,21.795440673828125
2130,/nas-ctm01/datasets/public/Oxford102Flowers/jpg/image_02131.jpg,image_02131.jpg,21.720918655395508
5078,/nas-ctm01/datasets/public/Oxford102Flowers/jpg/image_05079.jpg,image_05079.jpg,21.361387252807617
456,/nas-ctm01/datasets/public/Oxford102Flowers/jpg/image_00457.jpg,image_00457.jpg,21.778697967529297
7052,/nas-ctm01/datasets/public/Oxford102Flowers/jpg/image_07053.jpg,image_07053.jpg,21.831724166870117
1950,/nas-ctm01/datasets/public/Oxford102Flowers/jpg/image_01951.jpg,image_01951.jpg,23.218074798583984
5372,/nas-ctm01/datasets/public/Oxford102Flowers/jpg/image_05373.jpg,image_05373.jpg,21.540563583374023
689,/nas-ctm01/datasets/public/Oxford102Flowers/jpg/image_00690.jpg,image_00690.jpg,22.355920791625977
6468,/nas-ctm01/datasets/public/Oxford102Flowers/jpg/image_06469.jpg,image_06469.jpg,21.461490631103516
7902,/nas-ctm01/datasets/public/Oxford102Flowers/jpg/image_07903.jpg,image_07903.jpg,22.105213165283203
1953,/nas-ctm01/datasets/public/Oxford102Flowers/jpg/image_01954.jpg,image_01954.jpg,22.740978240966797
2710,/nas-ctm01/datasets/public/Oxford102Flowers/jpg/image_02711.jpg,image_02711.jpg,22.705062866210938
6050,/nas-ctm01/datasets/public/Oxford102Flowers/jpg/image_06051.jpg,image_06051.jpg,24.09910774230957
6084,/nas-ctm01/datasets/public/Oxford102Flowers/jpg/image_06085.jpg,image_06085.jpg,24.003503799438477
4349,/nas-ctm01/datasets/public/Oxford102Flowers/jpg/image_04350.jpg,image_04350.jpg,22.448453903198242
7247,/nas-ctm01/datasets/public/Oxford102Flowers/jpg/image_07248.jpg,image_07248.jpg,20.57608413696289
1884,/nas-ctm01/datasets/public/Oxford102Flowers/jpg/image_01885.jpg,image_01885.jpg,24.427730560302734
6992,/nas-ctm01/datasets/public/Oxford102Flowers/jpg/image_06993.jpg,image_06993.jpg,23.285430908203125
7236,/nas-ctm01/datasets/public/Oxford102Flowers/jpg/image_07237.jpg,image_07237.jpg,20.97113037109375
2494,/nas-ctm01/datasets/public/Oxford102Flowers/jpg/image_02495.jpg,image_02495.jpg,22.228788375854492
3036,/nas-ctm01/datasets/public/Oxford102Flowers/jpg/image_03037.jpg,image_03037.jpg,21.70221519470215
3603,/nas-ctm01/datasets/public/Oxford102Flowers/jpg/image_03604.jpg,image_03604.jpg,22.040573120117188
845,/nas-ctm01/datasets/public/Oxford102Flowers/jpg/image_00846.jpg,image_00846.jpg,22.362751007080078
542,/nas-ctm01/datasets/public/Oxford102Flowers/jpg/image_00543.jpg,image_00543.jpg,21.65640640258789
3724,/nas-ctm01/datasets/public/Oxford102Flowers/jpg/image_03725.jpg,image_03725.jpg,22.058122634887695
4187,/nas-ctm01/datasets/public/Oxford102Flowers/jpg/image_04188.jpg,image_04188.jpg,21.802051544189453
3679,/nas-ctm01/datasets/public/Oxford102Flowers/jpg/image_03680.jpg,image_03680.jpg,21.777694702148438
6808,/nas-ctm01/datasets/public/Oxford102Flowers/jpg/image_06809.jpg,image_06809.jpg,20.636117935180664
6692,/nas-ctm01/datasets/public/Oxford102Flowers/jpg/image_06693.jpg,image_06693.jpg,20.793352127075195
5880,/nas-ctm01/datasets/public/Oxford102Flowers/jpg/image_05881.jpg,image_05881.jpg,22.788803100585938
2964,/nas-ctm01/datasets/public/Oxford102Flowers/jpg/image_02965.jpg,image_02965.jpg,21.92235565185547
2529,/nas-ctm01/datasets/public/Oxford102Flowers/jpg/image_02530.jpg,image_02530.jpg,21.3630313873291
1048,/nas-ctm01/datasets/public/Oxford102Flowers/jpg/image_01049.jpg,image_01049.jpg,21.36311149597168
1960,/nas-ctm01/datasets/public/Oxford102Flowers/jpg/image_01961.jpg,image_01961.jpg,23.48225212097168
2530,/nas-ctm01/datasets/public/Oxford102Flowers/jpg/image_02531.jpg,image_02531.jpg,24.029233932495117
6034,/nas-ctm01/datasets/public/Oxford102Flowers/jpg/image_06035.jpg,image_06035.jpg,21.935667037963867
237,/nas-ctm01/datasets/public/Oxford102Flowers/jpg/image_00238.jpg,image_00238.jpg,24.17267417907715
4917,/nas-ctm01/datasets/public/Oxford102Flowers/jpg/image_04918.jpg,image_04918.jpg,22.20513916015625
1133,/nas-ctm01/datasets/public/Oxford102Flowers/jpg/image_01134.jpg,image_01134.jpg,21.153127670288086
6766,/nas-ctm01/datasets/public/Oxford102Flowers/jpg/image_06767.jpg,image_06767.jpg,19.807518005371094
4259,/nas-ctm01/datasets/public/Oxford102Flowers/jpg/image_04260.jpg,image_04260.jpg,21.710525512695312
6454,/nas-ctm01/datasets/public/Oxford102Flowers/jpg/image_06455.jpg,image_06455.jpg,22.199623107910156
6057,/nas-ctm01/datasets/public/Oxford102Flowers/jpg/image_06058.jpg,image_06058.jpg,23.521909713745117
6156,/nas-ctm01/datasets/public/Oxford102Flowers/jpg/image_06157.jpg,image_06157.jpg,21.602556228637695
6315,/nas-ctm01/datasets/public/Oxford102Flowers/jpg/image_06316.jpg,image_06316.jpg,21.49961280822754
2978,/nas-ctm01/datasets/public/Oxford102Flowers/jpg/image_02979.jpg,image_02979.jpg,22.320556640625
6480,/nas-ctm01/datasets/public/Oxford102Flowers/jpg/image_06481.jpg,image_06481.jpg,22.72412872314453
6296,/nas-ctm01/datasets/public/Oxford102Flowers/jpg/image_06297.jpg,image_06297.jpg,23.046899795532227
7835,/nas-ctm01/datasets/public/Oxford102Flowers/jpg/image_07836.jpg,image_07836.jpg,22.14920425415039
6108,/nas-ctm01/datasets/public/Oxford102Flowers/jpg/image_06109.jpg,image_06109.jpg,20.448030471801758
3919,/nas-ctm01/datasets/public/Oxford102Flowers/jpg/image_03920.jpg,image_03920.jpg,21.781301498413086
3138,/nas-ctm01/datasets/public/Oxford102Flowers/jpg/image_03139.jpg,image_03139.jpg,20.884191513061523
7304,/nas-ctm01/datasets/public/Oxford102Flowers/jpg/image_07305.jpg,image_07305.jpg,21.373903274536133
4073,/nas-ctm01/datasets/public/Oxford102Flowers/jpg/image_04074.jpg,image_04074.jpg,22.71584701538086
7028,/nas-ctm01/datasets/public/Oxford102Flowers/jpg/image_07029.jpg,image_07029.jpg,21.59532928466797
3229,/nas-ctm01/datasets/public/Oxford102Flowers/jpg/image_03230.jpg,image_03230.jpg,22.046371459960938
1826,/nas-ctm01/datasets/public/Oxford102Flowers/jpg/image_01827.jpg,image_01827.jpg,23.213815689086914
593,/nas-ctm01/datasets/public/Oxford102Flowers/jpg/image_00594.jpg,image_00594.jpg,21.625789642333984
2725,/nas-ctm01/datasets/public/Oxford102Flowers/jpg/image_02726.jpg,image_02726.jpg,21.520353317260742
4137,/nas-ctm01/datasets/public/Oxford102Flowers/jpg/image_04138.jpg,image_04138.jpg,22.41373634338379
560,/nas-ctm01/datasets/public/Oxford102Flowers/jpg/image_00561.jpg,image_00561.jpg,21.176557540893555
6414,/nas-ctm01/datasets/public/Oxford102Flowers/jpg/image_06415.jpg,image_06415.jpg,22.01061248779297
7369,/nas-ctm01/datasets/public/Oxford102Flowers/jpg/image_07370.jpg,image_07370.jpg,22.200942993164062
243,/nas-ctm01/datasets/public/Oxford102Flowers/jpg/image_00244.jpg,image_00244.jpg,22.317428588867188
5435,/nas-ctm01/datasets/public/Oxford102Flowers/jpg/image_05436.jpg,image_05436.jpg,22.34817123413086
4437,/nas-ctm01/datasets/public/Oxford102Flowers/jpg/image_04438.jpg,image_04438.jpg,21.618106842041016
7900,/nas-ctm01/datasets/public/Oxford102Flowers/jpg/image_07901.jpg,image_07901.jpg,22.115388870239258
405,/nas-ctm01/datasets/public/Oxford102Flowers/jpg/image_00406.jpg,image_00406.jpg,22.909082412719727
1442,/nas-ctm01/datasets/public/Oxford102Flowers/jpg/image_01443.jpg,image_01443.jpg,20.82393455505371
261,/nas-ctm01/datasets/public/Oxford102Flowers/jpg/image_00262.jpg,image_00262.jpg,23.235218048095703
5599,/nas-ctm01/datasets/public/Oxford102Flowers/jpg/image_05600.jpg,image_05600.jpg,22.486797332763672
7467,/nas-ctm01/datasets/public/Oxford102Flowers/jpg/image_07468.jpg,image_07468.jpg,22.2423152923584
1689,/nas-ctm01/datasets/public/Oxford102Flowers/jpg/image_01690.jpg,image_01690.jpg,23.40704345703125
1725,/nas-ctm01/datasets/public/Oxford102Flowers/jpg/image_01726.jpg,image_01726.jpg,22.867652893066406
6674,/nas-ctm01/datasets/public/Oxford102Flowers/jpg/image_06675.jpg,image_06675.jpg,20.388254165649414
4930,/nas-ctm01/datasets/public/Oxford102Flowers/jpg/image_04931.jpg,image_04931.jpg,21.698505401611328
2496,/nas-ctm01/datasets/public/Oxford102Flowers/jpg/image_02497.jpg,image_02497.jpg,22.67900276184082
5509,/nas-ctm01/datasets/public/Oxford102Flowers/jpg/image_05510.jpg,image_05510.jpg,22.729381561279297
340,/nas-ctm01/datasets/public/Oxford102Flowers/jpg/image_00341.jpg,image_00341.jpg,22.7097225189209
5722,/nas-ctm01/datasets/public/Oxford102Flowers/jpg/image_05723.jpg,image_05723.jpg,22.806447982788086
1601,/nas-ctm01/datasets/public/Oxford102Flowers/jpg/image_01602.jpg,image_01602.jpg,23.77920913696289
4576,/nas-ctm01/datasets/public/Oxford102Flowers/jpg/image_04577.jpg,image_04577.jpg,21.58808135986328
3725,/nas-ctm01/datasets/public/Oxford102Flowers/jpg/image_03726.jpg,image_03726.jpg,20.835941314697266
8106,/nas-ctm01/datasets/public/Oxford102Flowers/jpg/image_08107.jpg,image_08107.jpg,21.894203186035156
2785,/nas-ctm01/datasets/public/Oxford102Flowers/jpg/image_02786.jpg,image_02786.jpg,22.252197265625
1523,/nas-ctm01/datasets/public/Oxford102Flowers/jpg/image_01524.jpg,image_01524.jpg,24.02573585510254
6106,/nas-ctm01/datasets/public/Oxford102Flowers/jpg/image_06107.jpg,image_06107.jpg,21.35341453552246
7268,/nas-ctm01/datasets/public/Oxford102Flowers/jpg/image_07269.jpg,image_07269.jpg,21.692785263061523
7583,/nas-ctm01/datasets/public/Oxford102Flowers/jpg/image_07584.jpg,image_07584.jpg,20.6306095123291
6048,/nas-ctm01/datasets/public/Oxford102Flowers/jpg/image_06049.jpg,image_06049.jpg,23.562986373901367
6615,/nas-ctm01/datasets/public/Oxford102Flowers/jpg/image_06616.jpg,image_06616.jpg,21.170513153076172
1766,/nas-ctm01/datasets/public/Oxford102Flowers/jpg/image_01767.jpg,image_01767.jpg,23.750648498535156
8076,/nas-ctm01/datasets/public/Oxford102Flowers/jpg/image_08077.jpg,image_08077.jpg,22.72374725341797
4037,/nas-ctm01/datasets/public/Oxford102Flowers/jpg/image_04038.jpg,image_04038.jpg,21.64266014099121
5606,/nas-ctm01/datasets/public/Oxford102Flowers/jpg/image_05607.jpg,image_05607.jpg,21.875385284423828
6918,/nas-ctm01/datasets/public/Oxford102Flowers/jpg/image_06919.jpg,image_06919.jpg,23.693965911865234
6632,/nas-ctm01/datasets/public/Oxford102Flowers/jpg/image_06633.jpg,image_06633.jpg,21.65888786315918
7657,/nas-ctm01/datasets/public/Oxford102Flowers/jpg/image_07658.jpg,image_07658.jpg,22.628076553344727
363,/nas-ctm01/datasets/public/Oxford102Flowers/jpg/image_00364.jpg,image_00364.jpg,23.382673263549805
5367,/nas-ctm01/datasets/public/Oxford102Flowers/jpg/image_05368.jpg,image_05368.jpg,21.339385986328125
8098,/nas-ctm01/datasets/public/Oxford102Flowers/jpg/image_08099.jpg,image_08099.jpg,23.56987190246582
7361,/nas-ctm01/datasets/public/Oxford102Flowers/jpg/image_07362.jpg,image_07362.jpg,22.802906036376953
4725,/nas-ctm01/datasets/public/Oxford102Flowers/jpg/image_04726.jpg,image_04726.jpg,21.802318572998047
4443,/nas-ctm01/datasets/public/Oxford102Flowers/jpg/image_04444.jpg,image_04444.jpg,22.561857223510742
6524,/nas-ctm01/datasets/public/Oxford102Flowers/jpg/image_06525.jpg,image_06525.jpg,22.409969329833984
7559,/nas-ctm01/datasets/public/Oxford102Flowers/jpg/image_07560.jpg,image_07560.jpg,21.06114959716797
2562,/nas-ctm01/datasets/public/Oxford102Flowers/jpg/image_02563.jpg,image_02563.jpg,23.48501205444336
5735,/nas-ctm01/datasets/public/Oxford102Flowers/jpg/image_05736.jpg,image_05736.jpg,22.700883865356445
7504,/nas-ctm01/datasets/public/Oxford102Flowers/jpg/image_07505.jpg,image_07505.jpg,21.60605239868164
7598,/nas-ctm01/datasets/public/Oxford102Flowers/jpg/image_07599.jpg,image_07599.jpg,23.28036117553711
3083,/nas-ctm01/datasets/public/Oxford102Flowers/jpg/image_03084.jpg,image_03084.jpg,21.07753562927246
7542,/nas-ctm01/datasets/public/Oxford102Flowers/jpg/image_07543.jpg,image_07543.jpg,21.331724166870117
2102,/nas-ctm01/datasets/public/Oxford102Flowers/jpg/image_02103.jpg,image_02103.jpg,22.408672332763672
632,/nas-ctm01/datasets/public/Oxford102Flowers/jpg/image_00633.jpg,image_00633.jpg,22.060705184936523
2493,/nas-ctm01/datasets/public/Oxford102Flowers/jpg/image_02494.jpg,image_02494.jpg,23.036540985107422
2665,/nas-ctm01/datasets/public/Oxford102Flowers/jpg/image_02666.jpg,image_02666.jpg,21.06047821044922
6478,/nas-ctm01/datasets/public/Oxford102Flowers/jpg/image_06479.jpg,image_06479.jpg,22.26839256286621
4406,/nas-ctm01/datasets/public/Oxford102Flowers/jpg/image_04407.jpg,image_04407.jpg,21.202756881713867
6023,/nas-ctm01/datasets/public/Oxford102Flowers/jpg/image_06024.jpg,image_06024.jpg,21.078311920166016
5821,/nas-ctm01/datasets/public/Oxford102Flowers/jpg/image_05822.jpg,image_05822.jpg,21.590194702148438
2334,/nas-ctm01/datasets/public/Oxford102Flowers/jpg/image_02335.jpg,image_02335.jpg,21.872413635253906
6281,/nas-ctm01/datasets/public/Oxford102Flowers/jpg/image_06282.jpg,image_06282.jpg,21.124479293823242
3619,/nas-ctm01/datasets/public/Oxford102Flowers/jpg/image_03620.jpg,image_03620.jpg,22.949247360229492
3883,/nas-ctm01/datasets/public/Oxford102Flowers/jpg/image_03884.jpg,image_03884.jpg,23.70172119140625
5566,/nas-ctm01/datasets/public/Oxford102Flowers/jpg/image_05567.jpg,image_05567.jpg,21.36123275756836
4211,/nas-ctm01/datasets/public/Oxford102Flowers/jpg/image_04212.jpg,image_04212.jpg,21.484249114990234
1494,/nas-ctm01/datasets/public/Oxford102Flowers/jpg/image_01495.jpg,image_01495.jpg,23.65419578552246
2401,/nas-ctm01/datasets/public/Oxford102Flowers/jpg/image_02402.jpg,image_02402.jpg,21.652143478393555
3874,/nas-ctm01/datasets/public/Oxford102Flowers/jpg/image_03875.jpg,image_03875.jpg,23.311412811279297
1232,/nas-ctm01/datasets/public/Oxford102Flowers/jpg/image_01233.jpg,image_01233.jpg,21.332578659057617
2661,/nas-ctm01/datasets/public/Oxford102Flowers/jpg/image_02662.jpg,image_02662.jpg,22.834959030151367
2817,/nas-ctm01/datasets/public/Oxford102Flowers/jpg/image_02818.jpg,image_02818.jpg,21.968366622924805
7737,/nas-ctm01/datasets/public/Oxford102Flowers/jpg/image_07738.jpg,image_07738.jpg,21.076025009155273
7479,/nas-ctm01/datasets/public/Oxford102Flowers/jpg/image_07480.jpg,image_07480.jpg,22.610681533813477
7893,/nas-ctm01/datasets/public/Oxford102Flowers/jpg/image_07894.jpg,image_07894.jpg,22.00848388671875
6500,/nas-ctm01/datasets/public/Oxford102Flowers/jpg/image_06501.jpg,image_06501.jpg,23.478151321411133
4153,/nas-ctm01/datasets/public/Oxford102Flowers/jpg/image_04154.jpg,image_04154.jpg,23.279558181762695
6107,/nas-ctm01/datasets/public/Oxford102Flowers/jpg/image_06108.jpg,image_06108.jpg,20.95505142211914
3061,/nas-ctm01/datasets/public/Oxford102Flowers/jpg/image_03062.jpg,image_03062.jpg,21.06758689880371
6990,/nas-ctm01/datasets/public/Oxford102Flowers/jpg/image_06991.jpg,image_06991.jpg,22.808977127075195
8099,/nas-ctm01/datasets/public/Oxford102Flowers/jpg/image_08100.jpg,image_08100.jpg,23.1491641998291
1735,/nas-ctm01/datasets/public/Oxford102Flowers/jpg/image_01736.jpg,image_01736.jpg,22.908447265625
2823,/nas-ctm01/datasets/public/Oxford102Flowers/jpg/image_02824.jpg,image_02824.jpg,21.736934661865234
6248,/nas-ctm01/datasets/public/Oxford102Flowers/jpg/image_06249.jpg,image_06249.jpg,21.0751953125
5627,/nas-ctm01/datasets/public/Oxford102Flowers/jpg/image_05628.jpg,image_05628.jpg,21.26358413696289
2475,/nas-ctm01/datasets/public/Oxford102Flowers/jpg/image_02476.jpg,image_02476.jpg,22.67133331298828
2564,/nas-ctm01/datasets/public/Oxford102Flowers/jpg/image_02565.jpg,image_02565.jpg,22.838483810424805
8159,/nas-ctm01/datasets/public/Oxford102Flowers/jpg/image_08160.jpg,image_08160.jpg,22.67131233215332
6887,/nas-ctm01/datasets/public/Oxford102Flowers/jpg/image_06888.jpg,image_06888.jpg,21.55685806274414
7452,/nas-ctm01/datasets/public/Oxford102Flowers/jpg/image_07453.jpg,image_07453.jpg,21.956315994262695
707,/nas-ctm01/datasets/public/Oxford102Flowers/jpg/image_00708.jpg,image_00708.jpg,22.365333557128906
3046,/nas-ctm01/datasets/public/Oxford102Flowers/jpg/image_03047.jpg,image_03047.jpg,22.415231704711914
6977,/nas-ctm01/datasets/public/Oxford102Flowers/jpg/image_06978.jpg,image_06978.jpg,22.716873168945312
5189,/nas-ctm01/datasets/public/Oxford102Flowers/jpg/image_05190.jpg,image_05190.jpg,22.634511947631836
7991,/nas-ctm01/datasets/public/Oxford102Flowers/jpg/image_07992.jpg,image_07992.jpg,21.138612747192383
5472,/nas-ctm01/datasets/public/Oxford102Flowers/jpg/image_05473.jpg,image_05473.jpg,22.587478637695312
72,/nas-ctm01/datasets/public/Oxford102Flowers/jpg/image_00073.jpg,image_00073.jpg,24.106897354125977
4448,/nas-ctm01/datasets/public/Oxford102Flowers/jpg/image_04449.jpg,image_04449.jpg,21.29180335998535
4839,/nas-ctm01/datasets/public/Oxford102Flowers/jpg/image_04840.jpg,image_04840.jpg,23.6959285736084
7660,/nas-ctm01/datasets/public/Oxford102Flowers/jpg/image_07661.jpg,image_07661.jpg,22.87143325805664
5101,/nas-ctm01/datasets/public/Oxford102Flowers/jpg/image_05102.jpg,image_05102.jpg,23.323257446289062
1190,/nas-ctm01/datasets/public/Oxford102Flowers/jpg/image_01191.jpg,image_01191.jpg,21.699825286865234
2601,/nas-ctm01/datasets/public/Oxford102Flowers/jpg/image_02602.jpg,image_02602.jpg,22.78753089904785
1125,/nas-ctm01/datasets/public/Oxford102Flowers/jpg/image_01126.jpg,image_01126.jpg,21.663806915283203
1241,/nas-ctm01/datasets/public/Oxford102Flowers/jpg/image_01242.jpg,image_01242.jpg,22.243677139282227
7334,/nas-ctm01/datasets/public/Oxford102Flowers/jpg/image_07335.jpg,image_07335.jpg,21.848661422729492
6749,/nas-ctm01/datasets/public/Oxford102Flowers/jpg/image_06750.jpg,image_06750.jpg,20.885826110839844
6147,/nas-ctm01/datasets/public/Oxford102Flowers/jpg/image_06148.jpg,image_06148.jpg,20.954092025756836
3351,/nas-ctm01/datasets/public/Oxford102Flowers/jpg/image_03352.jpg,image_03352.jpg,23.5998477935791
5094,/nas-ctm01/datasets/public/Oxford102Flowers/jpg/image_05095.jpg,image_05095.jpg,22.250612258911133
4008,/nas-ctm01/datasets/public/Oxford102Flowers/jpg/image_04009.jpg,image_04009.jpg,21.97519302368164
1577,/nas-ctm01/datasets/public/Oxford102Flowers/jpg/image_01578.jpg,image_01578.jpg,24.24519920349121
3906,/nas-ctm01/datasets/public/Oxford102Flowers/jpg/image_03907.jpg,image_03907.jpg,23.548959732055664
3729,/nas-ctm01/datasets/public/Oxford102Flowers/jpg/image_03730.jpg,image_03730.jpg,21.187387466430664
4358,/nas-ctm01/datasets/public/Oxford102Flowers/jpg/image_04359.jpg,image_04359.jpg,23.196741104125977
1343,/nas-ctm01/datasets/public/Oxford102Flowers/jpg/image_01344.jpg,image_01344.jpg,22.963897705078125
8166,/nas-ctm01/datasets/public/Oxford102Flowers/jpg/image_08167.jpg,image_08167.jpg,21.39995574951172
8174,/nas-ctm01/datasets/public/Oxford102Flowers/jpg/image_08175.jpg,image_08175.jpg,22.19123077392578
440,/nas-ctm01/datasets/public/Oxford102Flowers/jpg/image_00441.jpg,image_00441.jpg,23.116086959838867
1100,/nas-ctm01/datasets/public/Oxford102Flowers/jpg/image_01101.jpg,image_01101.jpg,21.47861671447754
2637,/nas-ctm01/datasets/public/Oxford102Flowers/jpg/image_02638.jpg,image_02638.jpg,21.355466842651367
5786,/nas-ctm01/datasets/public/Oxford102Flowers/jpg/image_05787.jpg,image_05787.jpg,23.329833984375
649,/nas-ctm01/datasets/public/Oxford102Flowers/jpg/image_00650.jpg,image_00650.jpg,21.10878562927246
1546,/nas-ctm01/datasets/public/Oxford102Flowers/jpg/image_01547.jpg,image_01547.jpg,24.339319229125977
6907,/nas-ctm01/datasets/public/Oxford102Flowers/jpg/image_06908.jpg,image_06908.jpg,23.17642593383789
6253,/nas-ctm01/datasets/public/Oxford102Flowers/jpg/image_06254.jpg,image_06254.jpg,21.541969299316406
2852,/nas-ctm01/datasets/public/Oxford102Flowers/jpg/image_02853.jpg,image_02853.jpg,21.824935913085938
3503,/nas-ctm01/datasets/public/Oxford102Flowers/jpg/image_03504.jpg,image_03504.jpg,21.606653213500977
5909,/nas-ctm01/datasets/public/Oxford102Flowers/jpg/image_05910.jpg,image_05910.jpg,22.41282844543457
630,/nas-ctm01/datasets/public/Oxford102Flowers/jpg/image_00631.jpg,image_00631.jpg,22.166505813598633
4768,/nas-ctm01/datasets/public/Oxford102Flowers/jpg/image_04769.jpg,image_04769.jpg,21.463895797729492
1249,/nas-ctm01/datasets/public/Oxford102Flowers/jpg/image_01250.jpg,image_01250.jpg,22.582679748535156
5613,/nas-ctm01/datasets/public/Oxford102Flowers/jpg/image_05614.jpg,image_05614.jpg,21.901647567749023
482,/nas-ctm01/datasets/public/Oxford102Flowers/jpg/image_00483.jpg,image_00483.jpg,23.233192443847656
1584,/nas-ctm01/datasets/public/Oxford102Flowers/jpg/image_01585.jpg,image_01585.jpg,24.708152770996094
4676,/nas-ctm01/datasets/public/Oxford102Flowers/jpg/image_04677.jpg,image_04677.jpg,21.38459587097168
1462,/nas-ctm01/datasets/public/Oxford102Flowers/jpg/image_01463.jpg,image_01463.jpg,20.278789520263672
3040,/nas-ctm01/datasets/public/Oxford102Flowers/jpg/image_03041.jpg,image_03041.jpg,20.974321365356445
5010,/nas-ctm01/datasets/public/Oxford102Flowers/jpg/image_05011.jpg,image_05011.jpg,21.438884735107422
7508,/nas-ctm01/datasets/public/Oxford102Flowers/jpg/image_07509.jpg,image_07509.jpg,22.668899536132812
3273,/nas-ctm01/datasets/public/Oxford102Flowers/jpg/image_03274.jpg,image_03274.jpg,22.063650131225586
3683,/nas-ctm01/datasets/public/Oxford102Flowers/jpg/image_03684.jpg,image_03684.jpg,20.875680923461914
4145,/nas-ctm01/datasets/public/Oxford102Flowers/jpg/image_04146.jpg,image_04146.jpg,22.511276245117188
5785,/nas-ctm01/datasets/public/Oxford102Flowers/jpg/image_05786.jpg,image_05786.jpg,24.12382698059082
4954,/nas-ctm01/datasets/public/Oxford102Flowers/jpg/image_04955.jpg,image_04955.jpg,24.22603988647461
3225,/nas-ctm01/datasets/public/Oxford102Flowers/jpg/image_03226.jpg,image_03226.jpg,22.576581954956055
1072,/nas-ctm01/datasets/public/Oxford102Flowers/jpg/image_01073.jpg,image_01073.jpg,21.791574478149414
4815,/nas-ctm01/datasets/public/Oxford102Flowers/jpg/image_04816.jpg,image_04816.jpg,21.520488739013672
2631,/nas-ctm01/datasets/public/Oxford102Flowers/jpg/image_02632.jpg,image_02632.jpg,23.529178619384766
1660,/nas-ctm01/datasets/public/Oxford102Flowers/jpg/image_01661.jpg,image_01661.jpg,23.35677719116211
2425,/nas-ctm01/datasets/public/Oxford102Flowers/jpg/image_02426.jpg,image_02426.jpg,22.21885871887207
5079,/nas-ctm01/datasets/public/Oxford102Flowers/jpg/image_05080.jpg,image_05080.jpg,20.431720733642578
6894,/nas-ctm01/datasets/public/Oxford102Flowers/jpg/image_06895.jpg,image_06895.jpg,22.89984130859375
6228,/nas-ctm01/datasets/public/Oxford102Flowers/jpg/image_06229.jpg,image_06229.jpg,22.13421630859375
3097,/nas-ctm01/datasets/public/Oxford102Flowers/jpg/image_03098.jpg,image_03098.jpg,20.827415466308594
3976,/nas-ctm01/datasets/public/Oxford102Flowers/jpg/image_03977.jpg,image_03977.jpg,21.858659744262695
7327,/nas-ctm01/datasets/public/Oxford102Flowers/jpg/image_07328.jpg,image_07328.jpg,22.839855194091797
7770,/nas-ctm01/datasets/public/Oxford102Flowers/jpg/image_07771.jpg,image_07771.jpg,21.45496940612793
5834,/nas-ctm01/datasets/public/Oxford102Flowers/jpg/image_05835.jpg,image_05835.jpg,22.946792602539062
5481,/nas-ctm01/datasets/public/Oxford102Flowers/jpg/image_05482.jpg,image_05482.jpg,22.714649200439453
6488,/nas-ctm01/datasets/public/Oxford102Flowers/jpg/image_06489.jpg,image_06489.jpg,23.151342391967773
5495,/nas-ctm01/datasets/public/Oxford102Flowers/jpg/image_05496.jpg,image_05496.jpg,23.076879501342773
5291,/nas-ctm01/datasets/public/Oxford102Flowers/jpg/image_05292.jpg,image_05292.jpg,20.91474151611328
1408,/nas-ctm01/datasets/public/Oxford102Flowers/jpg/image_01409.jpg,image_01409.jpg,20.310195922851562
1845,/nas-ctm01/datasets/public/Oxford102Flowers/jpg/image_01846.jpg,image_01846.jpg,23.288637161254883
1798,/nas-ctm01/datasets/public/Oxford102Flowers/jpg/image_01799.jpg,image_01799.jpg,23.709959030151367
3957,/nas-ctm01/datasets/public/Oxford102Flowers/jpg/image_03958.jpg,image_03958.jpg,21.448301315307617
1475,/nas-ctm01/datasets/public/Oxford102Flowers/jpg/image_01476.jpg,image_01476.jpg,20.865367889404297
5942,/nas-ctm01/datasets/public/Oxford102Flowers/jpg/image_05943.jpg,image_05943.jpg,23.125200271606445
35,/nas-ctm01/datasets/public/Oxford102Flowers/jpg/image_00036.jpg,image_00036.jpg,24.02652359008789
8111,/nas-ctm01/datasets/public/Oxford102Flowers/jpg/image_08112.jpg,image_08112.jpg,20.365737915039062
444,/nas-ctm01/datasets/public/Oxford102Flowers/jpg/image_00445.jpg,image_00445.jpg,22.67923927307129
2359,/nas-ctm01/datasets/public/Oxford102Flowers/jpg/image_02360.jpg,image_02360.jpg,21.634803771972656
3654,/nas-ctm01/datasets/public/Oxford102Flowers/jpg/image_03655.jpg,image_03655.jpg,21.039405822753906
6433,/nas-ctm01/datasets/public/Oxford102Flowers/jpg/image_06434.jpg,image_06434.jpg,22.0987491607666
3179,/nas-ctm01/datasets/public/Oxford102Flowers/jpg/image_03180.jpg,image_03180.jpg,21.557817459106445
1286,/nas-ctm01/datasets/public/Oxford102Flowers/jpg/image_01287.jpg,image_01287.jpg,21.758060455322266
6079,/nas-ctm01/datasets/public/Oxford102Flowers/jpg/image_06080.jpg,image_06080.jpg,23.322994232177734
4445,/nas-ctm01/datasets/public/Oxford102Flowers/jpg/image_04446.jpg,image_04446.jpg,21.68954086303711
3416,/nas-ctm01/datasets/public/Oxford102Flowers/jpg/image_03417.jpg,image_03417.jpg,21.02326774597168
2137,/nas-ctm01/datasets/public/Oxford102Flowers/jpg/image_02138.jpg,image_02138.jpg,23.049409866333008
2636,/nas-ctm01/datasets/public/Oxford102Flowers/jpg/image_02637.jpg,image_02637.jpg,22.832265853881836
4016,/nas-ctm01/datasets/public/Oxford102Flowers/jpg/image_04017.jpg,image_04017.jpg,22.11339569091797
7903,/nas-ctm01/datasets/public/Oxford102Flowers/jpg/image_07904.jpg,image_07904.jpg,22.35686683654785
1681,/nas-ctm01/datasets/public/Oxford102Flowers/jpg/image_01682.jpg,image_01682.jpg,24.235546112060547
7797,/nas-ctm01/datasets/public/Oxford102Flowers/jpg/image_07798.jpg,image_07798.jpg,21.818904876708984
5967,/nas-ctm01/datasets/public/Oxford102Flowers/jpg/image_05968.jpg,image_05968.jpg,22.51114845275879
5275,/nas-ctm01/datasets/public/Oxford102Flowers/jpg/image_05276.jpg,image_05276.jpg,20.939390182495117
1692,/nas-ctm01/datasets/public/Oxford102Flowers/jpg/image_01693.jpg,image_01693.jpg,23.823911666870117
6052,/nas-ctm01/datasets/public/Oxford102Flowers/jpg/image_06053.jpg,image_06053.jpg,23.78521156311035
6519,/nas-ctm01/datasets/public/Oxford102Flowers/jpg/image_06520.jpg,image_06520.jpg,22.78778076171875
3635,/nas-ctm01/datasets/public/Oxford102Flowers/jpg/image_03636.jpg,image_03636.jpg,22.793115615844727
372,/nas-ctm01/datasets/public/Oxford102Flowers/jpg/image_00373.jpg,image_00373.jpg,23.08652687072754
7805,/nas-ctm01/datasets/public/Oxford102Flowers/jpg/image_07806.jpg,image_07806.jpg,21.063997268676758
5453,/nas-ctm01/datasets/public/Oxford102Flowers/jpg/image_05454.jpg,image_05454.jpg,23.191295623779297
4882,/nas-ctm01/datasets/public/Oxford102Flowers/jpg/image_04883.jpg,image_04883.jpg,22.863540649414062
7756,/nas-ctm01/datasets/public/Oxford102Flowers/jpg/image_07757.jpg,image_07757.jpg,20.57164764404297
140,/nas-ctm01/datasets/public/Oxford102Flowers/jpg/image_00141.jpg,image_00141.jpg,23.903383255004883
4884,/nas-ctm01/datasets/public/Oxford102Flowers/jpg/image_04885.jpg,image_04885.jpg,22.921911239624023
4419,/nas-ctm01/datasets/public/Oxford102Flowers/jpg/image_04420.jpg,image_04420.jpg,21.507678985595703
7627,/nas-ctm01/datasets/public/Oxford102Flowers/jpg/image_07628.jpg,image_07628.jpg,23.297901153564453
6725,/nas-ctm01/datasets/public/Oxford102Flowers/jpg/image_06726.jpg,image_06726.jpg,20.58008575439453
714,/nas-ctm01/datasets/public/Oxford102Flowers/jpg/image_00715.jpg,image_00715.jpg,21.50521469116211
5243,/nas-ctm01/datasets/public/Oxford102Flowers/jpg/image_05244.jpg,image_05244.jpg,20.577728271484375
3188,/nas-ctm01/datasets/public/Oxford102Flowers/jpg/image_03189.jpg,image_03189.jpg,22.780750274658203
7231,/nas-ctm01/datasets/public/Oxford102Flowers/jpg/image_07232.jpg,image_07232.jpg,23.375104904174805
4431,/nas-ctm01/datasets/public/Oxford102Flowers/jpg/image_04432.jpg,image_04432.jpg,21.60529327392578
5747,/nas-ctm01/datasets/public/Oxford102Flowers/jpg/image_05748.jpg,image_05748.jpg,24.33864402770996
406,/nas-ctm01/datasets/public/Oxford102Flowers/jpg/image_00407.jpg,image_00407.jpg,22.678890228271484
20,/nas-ctm01/datasets/public/Oxford102Flowers/jpg/image_00021.jpg,image_00021.jpg,23.368181228637695
1004,/nas-ctm01/datasets/public/Oxford102Flowers/jpg/image_01005.jpg,image_01005.jpg,21.69681167602539
4986,/nas-ctm01/datasets/public/Oxford102Flowers/jpg/image_04987.jpg,image_04987.jpg,23.901634216308594
2411,/nas-ctm01/datasets/public/Oxford102Flowers/jpg/image_02412.jpg,image_02412.jpg,20.684871673583984
2545,/nas-ctm01/datasets/public/Oxford102Flowers/jpg/image_02546.jpg,image_02546.jpg,22.332223892211914
6143,/nas-ctm01/datasets/public/Oxford102Flowers/jpg/image_06144.jpg,image_06144.jpg,21.02082633972168
2390,/nas-ctm01/datasets/public/Oxford102Flowers/jpg/image_02391.jpg,image_02391.jpg,22.117267608642578
6576,/nas-ctm01/datasets/public/Oxford102Flowers/jpg/image_06577.jpg,image_06577.jpg,22.00400733947754
42,/nas-ctm01/datasets/public/Oxford102Flowers/jpg/image_00043.jpg,image_00043.jpg,23.832523345947266
2830,/nas-ctm01/datasets/public/Oxford102Flowers/jpg/image_02831.jpg,image_02831.jpg,22.27471160888672
3371,/nas-ctm01/datasets/public/Oxford102Flowers/jpg/image_03372.jpg,image_03372.jpg,20.57769203186035
3022,/nas-ctm01/datasets/public/Oxford102Flowers/jpg/image_03023.jpg,image_03023.jpg,22.78455352783203
3364,/nas-ctm01/datasets/public/Oxford102Flowers/jpg/image_03365.jpg,image_03365.jpg,23.763168334960938
4399,/nas-ctm01/datasets/public/Oxford102Flowers/jpg/image_04400.jpg,image_04400.jpg,22.41982650756836
5252,/nas-ctm01/datasets/public/Oxford102Flowers/jpg/image_05253.jpg,image_05253.jpg,20.878334045410156
11,/nas-ctm01/datasets/public/Oxford102Flowers/jpg/image_00012.jpg,image_00012.jpg,24.50082778930664
4760,/nas-ctm01/datasets/public/Oxford102Flowers/jpg/image_04761.jpg,image_04761.jpg,21.295785903930664
1177,/nas-ctm01/datasets/public/Oxford102Flowers/jpg/image_01178.jpg,image_01178.jpg,22.18673324584961
1947,/nas-ctm01/datasets/public/Oxford102Flowers/jpg/image_01948.jpg,image_01948.jpg,21.981578826904297
2501,/nas-ctm01/datasets/public/Oxford102Flowers/jpg/image_02502.jpg,image_02502.jpg,22.172832489013672
7106,/nas-ctm01/datasets/public/Oxford102Flowers/jpg/image_07107.jpg,image_07107.jpg,21.653688430786133
2863,/nas-ctm01/datasets/public/Oxford102Flowers/jpg/image_02864.jpg,image_02864.jpg,21.885957717895508
3865,/nas-ctm01/datasets/public/Oxford102Flowers/jpg/image_03866.jpg,image_03866.jpg,24.28670310974121
1026,/nas-ctm01/datasets/public/Oxford102Flowers/jpg/image_01027.jpg,image_01027.jpg,21.264789581298828
3848,/nas-ctm01/datasets/public/Oxford102Flowers/jpg/image_03849.jpg,image_03849.jpg,24.097890853881836
2989,/nas-ctm01/datasets/public/Oxford102Flowers/jpg/image_02990.jpg,image_02990.jpg,21.038835525512695
961,/nas-ctm01/datasets/public/Oxford102Flowers/jpg/image_00962.jpg,image_00962.jpg,21.398632049560547
2889,/nas-ctm01/datasets/public/Oxford102Flowers/jpg/image_02890.jpg,image_02890.jpg,20.719449996948242
3015,/nas-ctm01/datasets/public/Oxford102Flowers/jpg/image_03016.jpg,image_03016.jpg,22.379514694213867
3338,/nas-ctm01/datasets/public/Oxford102Flowers/jpg/image_03339.jpg,image_03339.jpg,24.216445922851562
5799,/nas-ctm01/datasets/public/Oxford102Flowers/jpg/image_05800.jpg,image_05800.jpg,21.110824584960938
735,/nas-ctm01/datasets/public/Oxford102Flowers/jpg/image_00736.jpg,image_00736.jpg,20.502904891967773
4400,/nas-ctm01/datasets/public/Oxford102Flowers/jpg/image_04401.jpg,image_04401.jpg,21.740121841430664
1440,/nas-ctm01/datasets/public/Oxford102Flowers/jpg/image_01441.jpg,image_01441.jpg,20.53236198425293
7789,/nas-ctm01/datasets/public/Oxford102Flowers/jpg/image_07790.jpg,image_07790.jpg,20.59457778930664
2875,/nas-ctm01/datasets/public/Oxford102Flowers/jpg/image_02876.jpg,image_02876.jpg,21.749645233154297
3986,/nas-ctm01/datasets/public/Oxford102Flowers/jpg/image_03987.jpg,image_03987.jpg,21.922515869140625
916,/nas-ctm01/datasets/public/Oxford102Flowers/jpg/image_00917.jpg,image_00917.jpg,23.164234161376953
6826,/nas-ctm01/datasets/public/Oxford102Flowers/jpg/image_06827.jpg,image_06827.jpg,23.082130432128906
6389,/nas-ctm01/datasets/public/Oxford102Flowers/jpg/image_06390.jpg,image_06390.jpg,21.230783462524414
4089,/nas-ctm01/datasets/public/Oxford102Flowers/jpg/image_04090.jpg,image_04090.jpg,23.46630096435547
7561,/nas-ctm01/datasets/public/Oxford102Flowers/jpg/image_07562.jpg,image_07562.jpg,22.812841415405273
6398,/nas-ctm01/datasets/public/Oxford102Flowers/jpg/image_06399.jpg,image_06399.jpg,21.445438385009766
2772,/nas-ctm01/datasets/public/Oxford102Flowers/jpg/image_02773.jpg,image_02773.jpg,22.152587890625
1624,/nas-ctm01/datasets/public/Oxford102Flowers/jpg/image_01625.jpg,image_01625.jpg,23.6228084564209
6685,/nas-ctm01/datasets/public/Oxford102Flowers/jpg/image_06686.jpg,image_06686.jpg,21.83686637878418
821,/nas-ctm01/datasets/public/Oxford102Flowers/jpg/image_00822.jpg,image_00822.jpg,22.839658737182617
1367,/nas-ctm01/datasets/public/Oxford102Flowers/jpg/image_01368.jpg,image_01368.jpg,21.67153549194336
3712,/nas-ctm01/datasets/public/Oxford102Flowers/jpg/image_03713.jpg,image_03713.jpg,21.63514518737793
7955,/nas-ctm01/datasets/public/Oxford102Flowers/jpg/image_07956.jpg,image_07956.jpg,20.66991424560547
7354,/nas-ctm01/datasets/public/Oxford102Flowers/jpg/image_07355.jpg,image_07355.jpg,21.995590209960938
850,/nas-ctm01/datasets/public/Oxford102Flowers/jpg/image_00851.jpg,image_00851.jpg,22.208606719970703
1000,/nas-ctm01/datasets/public/Oxford102Flowers/jpg/image_01001.jpg,image_01001.jpg,20.79053497314453
6096,/nas-ctm01/datasets/public/Oxford102Flowers/jpg/image_06097.jpg,image_06097.jpg,21.207210540771484
4114,/nas-ctm01/datasets/public/Oxford102Flowers/jpg/image_04115.jpg,image_04115.jpg,23.2326602935791
1637,/nas-ctm01/datasets/public/Oxford102Flowers/jpg/image_01638.jpg,image_01638.jpg,23.43451499938965
1667,/nas-ctm01/datasets/public/Oxford102Flowers/jpg/image_01668.jpg,image_01668.jpg,23.80738067626953
4589,/nas-ctm01/datasets/public/Oxford102Flowers/jpg/image_04590.jpg,image_04590.jpg,22.336448669433594
3173,/nas-ctm01/datasets/public/Oxford102Flowers/jpg/image_03174.jpg,image_03174.jpg,21.895708084106445
7095,/nas-ctm01/datasets/public/Oxford102Flowers/jpg/image_07096.jpg,image_07096.jpg,21.411991119384766
1347,/nas-ctm01/datasets/public/Oxford102Flowers/jpg/image_01348.jpg,image_01348.jpg,21.809446334838867
6395,/nas-ctm01/datasets/public/Oxford102Flowers/jpg/image_06396.jpg,image_06396.jpg,21.431293487548828
3230,/nas-ctm01/datasets/public/Oxford102Flowers/jpg/image_03231.jpg,image_03231.jpg,22.839277267456055
7287,/nas-ctm01/datasets/public/Oxford102Flowers/jpg/image_07288.jpg,image_07288.jpg,21.562902450561523
7169,/nas-ctm01/datasets/public/Oxford102Flowers/jpg/image_07170.jpg,image_07170.jpg,22.416471481323242
4783,/nas-ctm01/datasets/public/Oxford102Flowers/jpg/image_04784.jpg,image_04784.jpg,22.407779693603516
6400,/nas-ctm01/datasets/public/Oxford102Flowers/jpg/image_06401.jpg,image_06401.jpg,20.991573333740234
3232,/nas-ctm01/datasets/public/Oxford102Flowers/jpg/image_03233.jpg,image_03233.jpg,22.479372024536133
5704,/nas-ctm01/datasets/public/Oxford102Flowers/jpg/image_05705.jpg,image_05705.jpg,22.695241928100586
7843,/nas-ctm01/datasets/public/Oxford102Flowers/jpg/image_07844.jpg,image_07844.jpg,21.469823837280273
703,/nas-ctm01/datasets/public/Oxford102Flowers/jpg/image_00704.jpg,image_00704.jpg,21.25907325744629
5105,/nas-ctm01/datasets/public/Oxford102Flowers/jpg/image_05106.jpg,image_05106.jpg,20.939868927001953
6525,/nas-ctm01/datasets/public/Oxford102Flowers/jpg/image_06526.jpg,image_06526.jpg,22.7387752532959
3291,/nas-ctm01/datasets/public/Oxford102Flowers/jpg/image_03292.jpg,image_03292.jpg,23.290552139282227
3673,/nas-ctm01/datasets/public/Oxford102Flowers/jpg/image_03674.jpg,image_03674.jpg,21.14545440673828
2408,/nas-ctm01/datasets/public/Oxford102Flowers/jpg/image_02409.jpg,image_02409.jpg,21.9678955078125
7551,/nas-ctm01/datasets/public/Oxford102Flowers/jpg/image_07552.jpg,image_07552.jpg,22.936717987060547
1327,/nas-ctm01/datasets/public/Oxford102Flowers/jpg/image_01328.jpg,image_01328.jpg,22.05903434753418
7620,/nas-ctm01/datasets/public/Oxford102Flowers/jpg/image_07621.jpg,image_07621.jpg,22.208438873291016
5406,/nas-ctm01/datasets/public/Oxford102Flowers/jpg/image_05407.jpg,image_05407.jpg,23.181255340576172
7694,/nas-ctm01/datasets/public/Oxford102Flowers/jpg/image_07695.jpg,image_07695.jpg,21.03417205810547
4909,/nas-ctm01/datasets/public/Oxford102Flowers/jpg/image_04910.jpg,image_04910.jpg,23.100570678710938
4440,/nas-ctm01/datasets/public/Oxford102Flowers/jpg/image_04441.jpg,image_04441.jpg,21.351396560668945
6835,/nas-ctm01/datasets/public/Oxford102Flowers/jpg/image_06836.jpg,image_06836.jpg,22.36606216430664
986,/nas-ctm01/datasets/public/Oxford102Flowers/jpg/image_00987.jpg,image_00987.jpg,21.55912208557129
6502,/nas-ctm01/datasets/public/Oxford102Flowers/jpg/image_06503.jpg,image_06503.jpg,22.328948974609375
7430,/nas-ctm01/datasets/public/Oxford102Flowers/jpg/image_07431.jpg,image_07431.jpg,22.162893295288086
7036,/nas-ctm01/datasets/public/Oxford102Flowers/jpg/image_07037.jpg,image_07037.jpg,21.301122665405273
6773,/nas-ctm01/datasets/public/Oxford102Flowers/jpg/image_06774.jpg,image_06774.jpg,20.80958366394043
4049,/nas-ctm01/datasets/public/Oxford102Flowers/jpg/image_04050.jpg,image_04050.jpg,22.822338104248047
3485,/nas-ctm01/datasets/public/Oxford102Flowers/jpg/image_03486.jpg,image_03486.jpg,22.300809860229492
2474,/nas-ctm01/datasets/public/Oxford102Flowers/jpg/image_02475.jpg,image_02475.jpg,22.477577209472656
5238,/nas-ctm01/datasets/public/Oxford102Flowers/jpg/image_05239.jpg,image_05239.jpg,21.17530059814453
3873,/nas-ctm01/datasets/public/Oxford102Flowers/jpg/image_03874.jpg,image_03874.jpg,24.529680252075195
1198,/nas-ctm01/datasets/public/Oxford102Flowers/jpg/image_01199.jpg,image_01199.jpg,22.526477813720703
4181,/nas-ctm01/datasets/public/Oxford102Flowers/jpg/image_04182.jpg,image_04182.jpg,21.417377471923828
1518,/nas-ctm01/datasets/public/Oxford102Flowers/jpg/image_01519.jpg,image_01519.jpg,24.337223052978516
6786,/nas-ctm01/datasets/public/Oxford102Flowers/jpg/image_06787.jpg,image_06787.jpg,22.170957565307617
5477,/nas-ctm01/datasets/public/Oxford102Flowers/jpg/image_05478.jpg,image_05478.jpg,23.094789505004883
1799,/nas-ctm01/datasets/public/Oxford102Flowers/jpg/image_01800.jpg,image_01800.jpg,23.678064346313477
1014,/nas-ctm01/datasets/public/Oxford102Flowers/jpg/image_01015.jpg,image_01015.jpg,21.660892486572266
128,/nas-ctm01/datasets/public/Oxford102Flowers/jpg/image_00129.jpg,image_00129.jpg,23.695659637451172
1364,/nas-ctm01/datasets/public/Oxford102Flowers/jpg/image_01365.jpg,image_01365.jpg,21.455299377441406
6304,/nas-ctm01/datasets/public/Oxford102Flowers/jpg/image_06305.jpg,image_06305.jpg,23.51177978515625
4470,/nas-ctm01/datasets/public/Oxford102Flowers/jpg/image_04471.jpg,image_04471.jpg,21.61134910583496
891,/nas-ctm01/datasets/public/Oxford102Flowers/jpg/image_00892.jpg,image_00892.jpg,22.953712463378906
2793,/nas-ctm01/datasets/public/Oxford102Flowers/jpg/image_02794.jpg,image_02794.jpg,22.863901138305664
6868,/nas-ctm01/datasets/public/Oxford102Flowers/jpg/image_06869.jpg,image_06869.jpg,21.326086044311523
5455,/nas-ctm01/datasets/public/Oxford102Flowers/jpg/image_05456.jpg,image_05456.jpg,23.355886459350586
4403,/nas-ctm01/datasets/public/Oxford102Flowers/jpg/image_04404.jpg,image_04404.jpg,21.08319664001465
7794,/nas-ctm01/datasets/public/Oxford102Flowers/jpg/image_07795.jpg,image_07795.jpg,21.537450790405273
5413,/nas-ctm01/datasets/public/Oxford102Flowers/jpg/image_05414.jpg,image_05414.jpg,22.560945510864258
7018,/nas-ctm01/datasets/public/Oxford102Flowers/jpg/image_07019.jpg,image_07019.jpg,20.879051208496094
3249,/nas-ctm01/datasets/public/Oxford102Flowers/jpg/image_03250.jpg,image_03250.jpg,22.3383846282959
7622,/nas-ctm01/datasets/public/Oxford102Flowers/jpg/image_07623.jpg,image_07623.jpg,22.635169982910156
1208,/nas-ctm01/datasets/public/Oxford102Flowers/jpg/image_01209.jpg,image_01209.jpg,22.135225296020508
3868,/nas-ctm01/datasets/public/Oxford102Flowers/jpg/image_03869.jpg,image_03869.jpg,24.35916519165039
7348,/nas-ctm01/datasets/public/Oxford102Flowers/jpg/image_07349.jpg,image_07349.jpg,21.15269660949707
4065,/nas-ctm01/datasets/public/Oxford102Flowers/jpg/image_04066.jpg,image_04066.jpg,22.415414810180664
6998,/nas-ctm01/datasets/public/Oxford102Flowers/jpg/image_06999.jpg,image_06999.jpg,23.06558609008789
6219,/nas-ctm01/datasets/public/Oxford102Flowers/jpg/image_06220.jpg,image_06220.jpg,21.799985885620117
1239,/nas-ctm01/datasets/public/Oxford102Flowers/jpg/image_01240.jpg,image_01240.jpg,22.452545166015625
2289,/nas-ctm01/datasets/public/Oxford102Flowers/jpg/image_02290.jpg,image_02290.jpg,22.23998260498047
2740,/nas-ctm01/datasets/public/Oxford102Flowers/jpg/image_02741.jpg,image_02741.jpg,22.725093841552734
275,/nas-ctm01/datasets/public/Oxford102Flowers/jpg/image_00276.jpg,image_00276.jpg,22.372154235839844
4585,/nas-ctm01/datasets/public/Oxford102Flowers/jpg/image_04586.jpg,image_04586.jpg,21.716215133666992
1035,/nas-ctm01/datasets/public/Oxford102Flowers/jpg/image_01036.jpg,image_01036.jpg,21.336055755615234
1229,/nas-ctm01/datasets/public/Oxford102Flowers/jpg/image_01230.jpg,image_01230.jpg,21.990684509277344
1008,/nas-ctm01/datasets/public/Oxford102Flowers/jpg/image_01009.jpg,image_01009.jpg,21.043840408325195
6670,/nas-ctm01/datasets/public/Oxford102Flowers/jpg/image_06671.jpg,image_06671.jpg,21.142667770385742
5178,/nas-ctm01/datasets/public/Oxford102Flowers/jpg/image_05179.jpg,image_05179.jpg,23.199037551879883
3828,/nas-ctm01/datasets/public/Oxford102Flowers/jpg/image_03829.jpg,image_03829.jpg,23.786481857299805
2532,/nas-ctm01/datasets/public/Oxford102Flowers/jpg/image_02533.jpg,image_02533.jpg,22.904008865356445
4293,/nas-ctm01/datasets/public/Oxford102Flowers/jpg/image_04294.jpg,image_04294.jpg,21.656200408935547
1058,/nas-ctm01/datasets/public/Oxford102Flowers/jpg/image_01059.jpg,image_01059.jpg,21.15610122680664
6088,/nas-ctm01/datasets/public/Oxford102Flowers/jpg/image_06089.jpg,image_06089.jpg,23.299800872802734
281,/nas-ctm01/datasets/public/Oxford102Flowers/jpg/image_00282.jpg,image_00282.jpg,22.260135650634766
1043,/nas-ctm01/datasets/public/Oxford102Flowers/jpg/image_01044.jpg,image_01044.jpg,21.782424926757812
1316,/nas-ctm01/datasets/public/Oxford102Flowers/jpg/image_01317.jpg,image_01317.jpg,20.576824188232422
968,/nas-ctm01/datasets/public/Oxford102Flowers/jpg/image_00969.jpg,image_00969.jpg,21.021459579467773
2381,/nas-ctm01/datasets/public/Oxford102Flowers/jpg/image_02382.jpg,image_02382.jpg,22.577253341674805
6531,/nas-ctm01/datasets/public/Oxford102Flowers/jpg/image_06532.jpg,image_06532.jpg,23.854772567749023
1939,/nas-ctm01/datasets/public/Oxford102Flowers/jpg/image_01940.jpg,image_01940.jpg,23.304378509521484
5891,/nas-ctm01/datasets/public/Oxford102Flowers/jpg/image_05892.jpg,image_05892.jpg,23.649608612060547
1274,/nas-ctm01/datasets/public/Oxford102Flowers/jpg/image_01275.jpg,image_01275.jpg,22.585094451904297
619,/nas-ctm01/datasets/public/Oxford102Flowers/jpg/image_00620.jpg,image_00620.jpg,21.497600555419922
5960,/nas-ctm01/datasets/public/Oxford102Flowers/jpg/image_05961.jpg,image_05961.jpg,21.50700569152832
1742,/nas-ctm01/datasets/public/Oxford102Flowers/jpg/image_01743.jpg,image_01743.jpg,24.140066146850586
1390,/nas-ctm01/datasets/public/Oxford102Flowers/jpg/image_01391.jpg,image_01391.jpg,20.79959487915039
6663,/nas-ctm01/datasets/public/Oxford102Flowers/jpg/image_06664.jpg,image_06664.jpg,20.92564582824707
1579,/nas-ctm01/datasets/public/Oxford102Flowers/jpg/image_01580.jpg,image_01580.jpg,24.78131866455078
1655,/nas-ctm01/datasets/public/Oxford102Flowers/jpg/image_01656.jpg,image_01656.jpg,23.675525665283203
3568,/nas-ctm01/datasets/public/Oxford102Flowers/jpg/image_03569.jpg,image_03569.jpg,22.508081436157227
2352,/nas-ctm01/datasets/public/Oxford102Flowers/jpg/image_02353.jpg,image_02353.jpg,21.754352569580078
2212,/nas-ctm01/datasets/public/Oxford102Flowers/jpg/image_02213.jpg,image_02213.jpg,21.48508644104004
8138,/nas-ctm01/datasets/public/Oxford102Flowers/jpg/image_08139.jpg,image_08139.jpg,20.87670135498047
3178,/nas-ctm01/datasets/public/Oxford102Flowers/jpg/image_03179.jpg,image_03179.jpg,21.363201141357422
3192,/nas-ctm01/datasets/public/Oxford102Flowers/jpg/image_03193.jpg,image_03193.jpg,21.98377227783203
1307,/nas-ctm01/datasets/public/Oxford102Flowers/jpg/image_01308.jpg,image_01308.jpg,21.82025146484375
575,/nas-ctm01/datasets/public/Oxford102Flowers/jpg/image_00576.jpg,image_00576.jpg,21.01879119873047
2360,/nas-ctm01/datasets/public/Oxford102Flowers/jpg/image_02361.jpg,image_02361.jpg,22.72475814819336
5802,/nas-ctm01/datasets/public/Oxford102Flowers/jpg/image_05803.jpg,image_05803.jpg,21.372844696044922
1280,/nas-ctm01/datasets/public/Oxford102Flowers/jpg/image_01281.jpg,image_01281.jpg,22.41141128540039
6657,/nas-ctm01/datasets/public/Oxford102Flowers/jpg/image_06658.jpg,image_06658.jpg,20.773813247680664
4957,/nas-ctm01/datasets/public/Oxford102Flowers/jpg/image_04958.jpg,image_04958.jpg,22.262786865234375
6769,/nas-ctm01/datasets/public/Oxford102Flowers/jpg/image_06770.jpg,image_06770.jpg,20.611656188964844
5724,/nas-ctm01/datasets/public/Oxford102Flowers/jpg/image_05725.jpg,image_05725.jpg,22.620115280151367
1993,/nas-ctm01/datasets/public/Oxford102Flowers/jpg/image_01994.jpg,image_01994.jpg,22.678564071655273
2639,/nas-ctm01/datasets/public/Oxford102Flowers/jpg/image_02640.jpg,image_02640.jpg,22.731502532958984
269,/nas-ctm01/datasets/public/Oxford102Flowers/jpg/image_00270.jpg,image_00270.jpg,22.718524932861328
629,/nas-ctm01/datasets/public/Oxford102Flowers/jpg/image_00630.jpg,image_00630.jpg,22.240087509155273
6302,/nas-ctm01/datasets/public/Oxford102Flowers/jpg/image_06303.jpg,image_06303.jpg,23.004520416259766
3081,/nas-ctm01/datasets/public/Oxford102Flowers/jpg/image_03082.jpg,image_03082.jpg,21.727201461791992
3466,/nas-ctm01/datasets/public/Oxford102Flowers/jpg/image_03467.jpg,image_03467.jpg,22.858367919921875
7151,/nas-ctm01/datasets/public/Oxford102Flowers/jpg/image_07152.jpg,image_07152.jpg,20.405290603637695
4396,/nas-ctm01/datasets/public/Oxford102Flowers/jpg/image_04397.jpg,image_04397.jpg,23.558311462402344
4023,/nas-ctm01/datasets/public/Oxford102Flowers/jpg/image_04024.jpg,image_04024.jpg,22.01926040649414
7758,/nas-ctm01/datasets/public/Oxford102Flowers/jpg/image_07759.jpg,image_07759.jpg,21.280292510986328
5543,/nas-ctm01/datasets/public/Oxford102Flowers/jpg/image_05544.jpg,image_05544.jpg,22.365386962890625
5568,/nas-ctm01/datasets/public/Oxford102Flowers/jpg/image_05569.jpg,image_05569.jpg,20.9461612701416
2046,/nas-ctm01/datasets/public/Oxford102Flowers/jpg/image_02047.jpg,image_02047.jpg,22.498579025268555
4356,/nas-ctm01/datasets/public/Oxford102Flowers/jpg/image_04357.jpg,image_04357.jpg,23.762962341308594
6430,/nas-ctm01/datasets/public/Oxford102Flowers/jpg/image_06431.jpg,image_06431.jpg,21.962200164794922
2113,/nas-ctm01/datasets/public/Oxford102Flowers/jpg/image_02114.jpg,image_02114.jpg,22.069480895996094
27,/nas-ctm01/datasets/public/Oxford102Flowers/jpg/image_00028.jpg,image_00028.jpg,24.163761138916016
2040,/nas-ctm01/datasets/public/Oxford102Flowers/jpg/image_02041.jpg,image_02041.jpg,22.827421188354492
3928,/nas-ctm01/datasets/public/Oxford102Flowers/jpg/image_03929.jpg,image_03929.jpg,21.772197723388672
7417,/nas-ctm01/datasets/public/Oxford102Flowers/jpg/image_07418.jpg,image_07418.jpg,21.259857177734375
3216,/nas-ctm01/datasets/public/Oxford102Flowers/jpg/image_03217.jpg,image_03217.jpg,22.880481719970703
7628,/nas-ctm01/datasets/public/Oxford102Flowers/jpg/image_07629.jpg,image_07629.jpg,22.860761642456055
3814,/nas-ctm01/datasets/public/Oxford102Flowers/jpg/image_03815.jpg,image_03815.jpg,21.173667907714844
129,/nas-ctm01/datasets/public/Oxford102Flowers/jpg/image_00130.jpg,image_00130.jpg,24.015417098999023
6081,/nas-ctm01/datasets/public/Oxford102Flowers/jpg/image_06082.jpg,image_06082.jpg,23.227750778198242
8032,/nas-ctm01/datasets/public/Oxford102Flowers/jpg/image_08033.jpg,image_08033.jpg,21.767379760742188
4599,/nas-ctm01/datasets/public/Oxford102Flowers/jpg/image_04600.jpg,image_04600.jpg,22.316320419311523
13,/nas-ctm01/datasets/public/Oxford102Flowers/jpg/image_00014.jpg,image_00014.jpg,22.321231842041016
7019,/nas-ctm01/datasets/public/Oxford102Flowers/jpg/image_07020.jpg,image_07020.jpg,21.285947799682617
4476,/nas-ctm01/datasets/public/Oxford102Flowers/jpg/image_04477.jpg,image_04477.jpg,22.577810287475586
1525,/nas-ctm01/datasets/public/Oxford102Flowers/jpg/image_01526.jpg,image_01526.jpg,25.058595657348633
2365,/nas-ctm01/datasets/public/Oxford102Flowers/jpg/image_02366.jpg,image_02366.jpg,22.56829071044922
4648,/nas-ctm01/datasets/public/Oxford102Flowers/jpg/image_04649.jpg,image_04649.jpg,21.042966842651367
3052,/nas-ctm01/datasets/public/Oxford102Flowers/jpg/image_03053.jpg,image_03053.jpg,21.6895809173584
4005,/nas-ctm01/datasets/public/Oxford102Flowers/jpg/image_04006.jpg,image_04006.jpg,22.29214859008789
2340,/nas-ctm01/datasets/public/Oxford102Flowers/jpg/image_02341.jpg,image_02341.jpg,22.163305282592773
374,/nas-ctm01/datasets/public/Oxford102Flowers/jpg/image_00375.jpg,image_00375.jpg,23.182050704956055
7786,/nas-ctm01/datasets/public/Oxford102Flowers/jpg/image_07787.jpg,image_07787.jpg,21.565675735473633
7032,/nas-ctm01/datasets/public/Oxford102Flowers/jpg/image_07033.jpg,image_07033.jpg,20.707218170166016
939,/nas-ctm01/datasets/public/Oxford102Flowers/jpg/image_00940.jpg,image_00940.jpg,23.120738983154297
7833,/nas-ctm01/datasets/public/Oxford102Flowers/jpg/image_07834.jpg,image_07834.jpg,22.259538650512695
5718,/nas-ctm01/datasets/public/Oxford102Flowers/jpg/image_05719.jpg,image_05719.jpg,22.32172966003418
4573,/nas-ctm01/datasets/public/Oxford102Flowers/jpg/image_04574.jpg,image_04574.jpg,21.241256713867188
2147,/nas-ctm01/datasets/public/Oxford102Flowers/jpg/image_02148.jpg,image_02148.jpg,22.71775245666504
3591,/nas-ctm01/datasets/public/Oxford102Flowers/jpg/image_03592.jpg,image_03592.jpg,21.814674377441406
6471,/nas-ctm01/datasets/public/Oxford102Flowers/jpg/image_06472.jpg,image_06472.jpg,22.294225692749023
7434,/nas-ctm01/datasets/public/Oxford102Flowers/jpg/image_07435.jpg,image_07435.jpg,22.18028450012207
6878,/nas-ctm01/datasets/public/Oxford102Flowers/jpg/image_06879.jpg,image_06879.jpg,22.233848571777344
3623,/nas-ctm01/datasets/public/Oxford102Flowers/jpg/image_03624.jpg,image_03624.jpg,22.636760711669922
529,/nas-ctm01/datasets/public/Oxford102Flowers/jpg/image_00530.jpg,image_00530.jpg,21.082393646240234
3714,/nas-ctm01/datasets/public/Oxford102Flowers/jpg/image_03715.jpg,image_03715.jpg,22.1751766204834
6399,/nas-ctm01/datasets/public/Oxford102Flowers/jpg/image_06400.jpg,image_06400.jpg,21.20744514465332
4732,/nas-ctm01/datasets/public/Oxford102Flowers/jpg/image_04733.jpg,image_04733.jpg,20.951934814453125
1269,/nas-ctm01/datasets/public/Oxford102Flowers/jpg/image_01270.jpg,image_01270.jpg,23.23516845703125
4281,/nas-ctm01/datasets/public/Oxford102Flowers/jpg/image_04282.jpg,image_04282.jpg,22.006784439086914
1394,/nas-ctm01/datasets/public/Oxford102Flowers/jpg/image_01395.jpg,image_01395.jpg,21.145811080932617
4850,/nas-ctm01/datasets/public/Oxford102Flowers/jpg/image_04851.jpg,image_04851.jpg,21.799386978149414
4009,/nas-ctm01/datasets/public/Oxford102Flowers/jpg/image_04010.jpg,image_04010.jpg,21.30831527709961
4390,/nas-ctm01/datasets/public/Oxford102Flowers/jpg/image_04391.jpg,image_04391.jpg,22.32595443725586
1797,/nas-ctm01/datasets/public/Oxford102Flowers/jpg/image_01798.jpg,image_01798.jpg,23.0605525970459
2979,/nas-ctm01/datasets/public/Oxford102Flowers/jpg/image_02980.jpg,image_02980.jpg,22.150529861450195
1441,/nas-ctm01/datasets/public/Oxford102Flowers/jpg/image_01442.jpg,image_01442.jpg,21.071102142333984
6133,/nas-ctm01/datasets/public/Oxford102Flowers/jpg/image_06134.jpg,image_06134.jpg,21.043113708496094
7967,/nas-ctm01/datasets/public/Oxford102Flowers/jpg/image_07968.jpg,image_07968.jpg,20.909719467163086
3811,/nas-ctm01/datasets/public/Oxford102Flowers/jpg/image_03812.jpg,image_03812.jpg,20.748882293701172
5631,/nas-ctm01/datasets/public/Oxford102Flowers/jpg/image_05632.jpg,image_05632.jpg,20.99466896057129
1273,/nas-ctm01/datasets/public/Oxford102Flowers/jpg/image_01274.jpg,image_01274.jpg,21.98973846435547
4703,/nas-ctm01/datasets/public/Oxford102Flowers/jpg/image_04704.jpg,image_04704.jpg,20.781679153442383
1712,/nas-ctm01/datasets/public/Oxford102Flowers/jpg/image_01713.jpg,image_01713.jpg,23.70970344543457
955,/nas-ctm01/datasets/public/Oxford102Flowers/jpg/image_00956.jpg,image_00956.jpg,21.118064880371094
6075,/nas-ctm01/datasets/public/Oxford102Flowers/jpg/image_06076.jpg,image_06076.jpg,23.38319206237793
6540,/nas-ctm01/datasets/public/Oxford102Flowers/jpg/image_06541.jpg,image_06541.jpg,23.698013305664062
7242,/nas-ctm01/datasets/public/Oxford102Flowers/jpg/image_07243.jpg,image_07243.jpg,20.681373596191406
7862,/nas-ctm01/datasets/public/Oxford102Flowers/jpg/image_07863.jpg,image_07863.jpg,21.209930419921875
403,/nas-ctm01/datasets/public/Oxford102Flowers/jpg/image_00404.jpg,image_00404.jpg,22.51848030090332
2071,/nas-ctm01/datasets/public/Oxford102Flowers/jpg/image_02072.jpg,image_02072.jpg,20.724782943725586
7875,/nas-ctm01/datasets/public/Oxford102Flowers/jpg/image_07876.jpg,image_07876.jpg,21.741960525512695
1977,/nas-ctm01/datasets/public/Oxford102Flowers/jpg/image_01978.jpg,image_01978.jpg,23.331878662109375
158,/nas-ctm01/datasets/public/Oxford102Flowers/jpg/image_00159.jpg,image_00159.jpg,22.86857795715332
5844,/nas-ctm01/datasets/public/Oxford102Flowers/jpg/image_05845.jpg,image_05845.jpg,21.56656265258789
3888,/nas-ctm01/datasets/public/Oxford102Flowers/jpg/image_03889.jpg,image_03889.jpg,24.352298736572266
5451,/nas-ctm01/datasets/public/Oxford102Flowers/jpg/image_05452.jpg,image_05452.jpg,23.468469619750977
902,/nas-ctm01/datasets/public/Oxford102Flowers/jpg/image_00903.jpg,image_00903.jpg,22.76708984375
352,/nas-ctm01/datasets/public/Oxford102Flowers/jpg/image_00353.jpg,image_00353.jpg,23.63763999938965
5326,/nas-ctm01/datasets/public/Oxford102Flowers/jpg/image_05327.jpg,image_05327.jpg,21.152774810791016
4540,/nas-ctm01/datasets/public/Oxford102Flowers/jpg/image_04541.jpg,image_04541.jpg,21.741802215576172
4130,/nas-ctm01/datasets/public/Oxford102Flowers/jpg/image_04131.jpg,image_04131.jpg,22.59134292602539
754,/nas-ctm01/datasets/public/Oxford102Flowers/jpg/image_00755.jpg,image_00755.jpg,19.942861557006836
5833,/nas-ctm01/datasets/public/Oxford102Flowers/jpg/image_05834.jpg,image_05834.jpg,22.622549057006836
2971,/nas-ctm01/datasets/public/Oxford102Flowers/jpg/image_02972.jpg,image_02972.jpg,21.78500747680664
8148,/nas-ctm01/datasets/public/Oxford102Flowers/jpg/image_08149.jpg,image_08149.jpg,20.831647872924805
2920,/nas-ctm01/datasets/public/Oxford102Flowers/jpg/image_02921.jpg,image_02921.jpg,22.127077102661133
311,/nas-ctm01/datasets/public/Oxford102Flowers/jpg/image_00312.jpg,image_00312.jpg,23.512096405029297
4644,/nas-ctm01/datasets/public/Oxford102Flowers/jpg/image_04645.jpg,image_04645.jpg,21.679515838623047
661,/nas-ctm01/datasets/public/Oxford102Flowers/jpg/image_00662.jpg,image_00662.jpg,21.67314910888672
1989,/nas-ctm01/datasets/public/Oxford102Flowers/jpg/image_01990.jpg,image_01990.jpg,21.79777717590332
3665,/nas-ctm01/datasets/public/Oxford102Flowers/jpg/image_03666.jpg,image_03666.jpg,20.836074829101562
306,/nas-ctm01/datasets/public/Oxford102Flowers/jpg/image_00307.jpg,image_00307.jpg,22.678829193115234
2335,/nas-ctm01/datasets/public/Oxford102Flowers/jpg/image_02336.jpg,image_02336.jpg,23.045591354370117
4790,/nas-ctm01/datasets/public/Oxford102Flowers/jpg/image_04791.jpg,image_04791.jpg,21.151302337646484
2356,/nas-ctm01/datasets/public/Oxford102Flowers/jpg/image_02357.jpg,image_02357.jpg,21.959224700927734
3702,/nas-ctm01/datasets/public/Oxford102Flowers/jpg/image_03703.jpg,image_03703.jpg,20.744571685791016
3804,/nas-ctm01/datasets/public/Oxford102Flowers/jpg/image_03805.jpg,image_03805.jpg,21.45254898071289
1927,/nas-ctm01/datasets/public/Oxford102Flowers/jpg/image_01928.jpg,image_01928.jpg,23.299135208129883
7180,/nas-ctm01/datasets/public/Oxford102Flowers/jpg/image_07181.jpg,image_07181.jpg,21.880998611450195
3427,/nas-ctm01/datasets/public/Oxford102Flowers/jpg/image_03428.jpg,image_03428.jpg,21.319124221801758
749,/nas-ctm01/datasets/public/Oxford102Flowers/jpg/image_00750.jpg,image_00750.jpg,21.393596649169922
3638,/nas-ctm01/datasets/public/Oxford102Flowers/jpg/image_03639.jpg,image_03639.jpg,22.037063598632812
5970,/nas-ctm01/datasets/public/Oxford102Flowers/jpg/image_05971.jpg,image_05971.jpg,22.286813735961914
1266,/nas-ctm01/datasets/public/Oxford102Flowers/jpg/image_01267.jpg,image_01267.jpg,22.786495208740234
7651,/nas-ctm01/datasets/public/Oxford102Flowers/jpg/image_07652.jpg,image_07652.jpg,23.074039459228516
6225,/nas-ctm01/datasets/public/Oxford102Flowers/jpg/image_06226.jpg,image_06226.jpg,22.489036560058594
7239,/nas-ctm01/datasets/public/Oxford102Flowers/jpg/image_07240.jpg,image_07240.jpg,20.42343521118164
3595,/nas-ctm01/datasets/public/Oxford102Flowers/jpg/image_03596.jpg,image_03596.jpg,23.00199317932129
2134,/nas-ctm01/datasets/public/Oxford102Flowers/jpg/image_02135.jpg,image_02135.jpg,22.151153564453125
5066,/nas-ctm01/datasets/public/Oxford102Flowers/jpg/image_05067.jpg,image_05067.jpg,20.72794532775879
4109,/nas-ctm01/datasets/public/Oxford102Flowers/jpg/image_04110.jpg,image_04110.jpg,23.61008071899414
4969,/nas-ctm01/datasets/public/Oxford102Flowers/jpg/image_04970.jpg,image_04970.jpg,23.637840270996094
4904,/nas-ctm01/datasets/public/Oxford102Flowers/jpg/image_04905.jpg,image_04905.jpg,22.611488342285156
514,/nas-ctm01/datasets/public/Oxford102Flowers/jpg/image_00515.jpg,image_00515.jpg,21.74909019470215
7320,/nas-ctm01/datasets/public/Oxford102Flowers/jpg/image_07321.jpg,image_07321.jpg,22.93130111694336
409,/nas-ctm01/datasets/public/Oxford102Flowers/jpg/image_00410.jpg,image_00410.jpg,23.32450294494629
6119,/nas-ctm01/datasets/public/Oxford102Flowers/jpg/image_06120.jpg,image_06120.jpg,21.08110237121582
8155,/nas-ctm01/datasets/public/Oxford102Flowers/jpg/image_08156.jpg,image_08156.jpg,21.788970947265625
8094,/nas-ctm01/datasets/public/Oxford102Flowers/jpg/image_08095.jpg,image_08095.jpg,21.86570930480957
7401,/nas-ctm01/datasets/public/Oxford102Flowers/jpg/image_07402.jpg,image_07402.jpg,21.798025131225586
207,/nas-ctm01/datasets/public/Oxford102Flowers/jpg/image_00208.jpg,image_00208.jpg,24.128868103027344
6658,/nas-ctm01/datasets/public/Oxford102Flowers/jpg/image_06659.jpg,image_06659.jpg,20.31456756591797
458,/nas-ctm01/datasets/public/Oxford102Flowers/jpg/image_00459.jpg,image_00459.jpg,21.43732261657715
2054,/nas-ctm01/datasets/public/Oxford102Flowers/jpg/image_02055.jpg,image_02055.jpg,22.513927459716797
2430,/nas-ctm01/datasets/public/Oxford102Flowers/jpg/image_02431.jpg,image_02431.jpg,22.994916915893555
250,/nas-ctm01/datasets/public/Oxford102Flowers/jpg/image_00251.jpg,image_00251.jpg,24.22119140625
6984,/nas-ctm01/datasets/public/Oxford102Flowers/jpg/image_06985.jpg,image_06985.jpg,23.171213150024414
5437,/nas-ctm01/datasets/public/Oxford102Flowers/jpg/image_05438.jpg,image_05438.jpg,23.00520133972168
1107,/nas-ctm01/datasets/public/Oxford102Flowers/jpg/image_01108.jpg,image_01108.jpg,21.458587646484375
6639,/nas-ctm01/datasets/public/Oxford102Flowers/jpg/image_06640.jpg,image_06640.jpg,21.66960906982422
1713,/nas-ctm01/datasets/public/Oxford102Flowers/jpg/image_01714.jpg,image_01714.jpg,23.925874710083008
3911,/nas-ctm01/datasets/public/Oxford102Flowers/jpg/image_03912.jpg,image_03912.jpg,22.343740463256836
6589,/nas-ctm01/datasets/public/Oxford102Flowers/jpg/image_06590.jpg,image_06590.jpg,21.12541961669922
715,/nas-ctm01/datasets/public/Oxford102Flowers/jpg/image_00716.jpg,image_00716.jpg,22.219205856323242
552,/nas-ctm01/datasets/public/Oxford102Flowers/jpg/image_00553.jpg,image_00553.jpg,20.588891983032227
1439,/nas-ctm01/datasets/public/Oxford102Flowers/jpg/image_01440.jpg,image_01440.jpg,20.656206130981445
2270,/nas-ctm01/datasets/public/Oxford102Flowers/jpg/image_02271.jpg,image_02271.jpg,22.06586456298828
3144,/nas-ctm01/datasets/public/Oxford102Flowers/jpg/image_03145.jpg,image_03145.jpg,22.507966995239258
7813,/nas-ctm01/datasets/public/Oxford102Flowers/jpg/image_07814.jpg,image_07814.jpg,20.086599349975586
1925,/nas-ctm01/datasets/public/Oxford102Flowers/jpg/image_01926.jpg,image_01926.jpg,21.732877731323242
634,/nas-ctm01/datasets/public/Oxford102Flowers/jpg/image_00635.jpg,image_00635.jpg,21.224252700805664
316,/nas-ctm01/datasets/public/Oxford102Flowers/jpg/image_00317.jpg,image_00317.jpg,23.26964569091797
7691,/nas-ctm01/datasets/public/Oxford102Flowers/jpg/image_07692.jpg,image_07692.jpg,21.481863021850586
5424,/nas-ctm01/datasets/public/Oxford102Flowers/jpg/image_05425.jpg,image_05425.jpg,23.548444747924805
427,/nas-ctm01/datasets/public/Oxford102Flowers/jpg/image_00428.jpg,image_00428.jpg,22.80660057067871
6089,/nas-ctm01/datasets/public/Oxford102Flowers/jpg/image_06090.jpg,image_06090.jpg,23.63716697692871
105,/nas-ctm01/datasets/public/Oxford102Flowers/jpg/image_00106.jpg,image_00106.jpg,23.649200439453125
3041,/nas-ctm01/datasets/public/Oxford102Flowers/jpg/image_03042.jpg,image_03042.jpg,21.669218063354492
4238,/nas-ctm01/datasets/public/Oxford102Flowers/jpg/image_04239.jpg,image_04239.jpg,22.422109603881836
2169,/nas-ctm01/datasets/public/Oxford102Flowers/jpg/image_02170.jpg,image_02170.jpg,22.183605194091797
1709,/nas-ctm01/datasets/public/Oxford102Flowers/jpg/image_01710.jpg,image_01710.jpg,23.54413414001465
89,/nas-ctm01/datasets/public/Oxford102Flowers/jpg/image_00090.jpg,image_00090.jpg,24.25254249572754
2241,/nas-ctm01/datasets/public/Oxford102Flowers/jpg/image_02242.jpg,image_02242.jpg,21.696290969848633
3174,/nas-ctm01/datasets/public/Oxford102Flowers/jpg/image_03175.jpg,image_03175.jpg,20.550132751464844
7631,/nas-ctm01/datasets/public/Oxford102Flowers/jpg/image_07632.jpg,image_07632.jpg,23.207082748413086
1949,/nas-ctm01/datasets/public/Oxford102Flowers/jpg/image_01950.jpg,image_01950.jpg,23.526044845581055
4044,/nas-ctm01/datasets/public/Oxford102Flowers/jpg/image_04045.jpg,image_04045.jpg,21.61843490600586
7718,/nas-ctm01/datasets/public/Oxford102Flowers/jpg/image_07719.jpg,image_07719.jpg,20.71202850341797
2848,/nas-ctm01/datasets/public/Oxford102Flowers/jpg/image_02849.jpg,image_02849.jpg,22.183961868286133
1,/nas-ctm01/datasets/public/Oxford102Flowers/jpg/image_00002.jpg,image_00002.jpg,24.359294891357422
4337,/nas-ctm01/datasets/public/Oxford102Flowers/jpg/image_04338.jpg,image_04338.jpg,23.49663734436035
935,/nas-ctm01/datasets/public/Oxford102Flowers/jpg/image_00936.jpg,image_00936.jpg,22.5909423828125
7563,/nas-ctm01/datasets/public/Oxford102Flowers/jpg/image_07564.jpg,image_07564.jpg,21.673534393310547
2720,/nas-ctm01/datasets/public/Oxford102Flowers/jpg/image_02721.jpg,image_02721.jpg,22.436195373535156
5205,/nas-ctm01/datasets/public/Oxford102Flowers/jpg/image_05206.jpg,image_05206.jpg,21.17552947998047
6277,/nas-ctm01/datasets/public/Oxford102Flowers/jpg/image_06278.jpg,image_06278.jpg,21.348175048828125
591,/nas-ctm01/datasets/public/Oxford102Flowers/jpg/image_00592.jpg,image_00592.jpg,23.677505493164062
7889,/nas-ctm01/datasets/public/Oxford102Flowers/jpg/image_07890.jpg,image_07890.jpg,21.94127082824707
6153,/nas-ctm01/datasets/public/Oxford102Flowers/jpg/image_06154.jpg,image_06154.jpg,20.639162063598633
2936,/nas-ctm01/datasets/public/Oxford102Flowers/jpg/image_02937.jpg,image_02937.jpg,22.158079147338867
2448,/nas-ctm01/datasets/public/Oxford102Flowers/jpg/image_02449.jpg,image_02449.jpg,22.422927856445312
1576,/nas-ctm01/datasets/public/Oxford102Flowers/jpg/image_01577.jpg,image_01577.jpg,24.752656936645508
6587,/nas-ctm01/datasets/public/Oxford102Flowers/jpg/image_06588.jpg,image_06588.jpg,22.354616165161133
6831,/nas-ctm01/datasets/public/Oxford102Flowers/jpg/image_06832.jpg,image_06832.jpg,22.4527645111084
213,/nas-ctm01/datasets/public/Oxford102Flowers/jpg/image_00214.jpg,image_00214.jpg,24.434022903442383
778,/nas-ctm01/datasets/public/Oxford102Flowers/jpg/image_00779.jpg,image_00779.jpg,22.000696182250977
6922,/nas-ctm01/datasets/public/Oxford102Flowers/jpg/image_06923.jpg,image_06923.jpg,23.705162048339844
3496,/nas-ctm01/datasets/public/Oxford102Flowers/jpg/image_03497.jpg,image_03497.jpg,21.728958129882812
6425,/nas-ctm01/datasets/public/Oxford102Flowers/jpg/image_06426.jpg,image_06426.jpg,21.0936336517334
2043,/nas-ctm01/datasets/public/Oxford102Flowers/jpg/image_02044.jpg,image_02044.jpg,22.490238189697266
7426,/nas-ctm01/datasets/public/Oxford102Flowers/jpg/image_07427.jpg,image_07427.jpg,22.443986892700195
5420,/nas-ctm01/datasets/public/Oxford102Flowers/jpg/image_05421.jpg,image_05421.jpg,23.09302520751953
1567,/nas-ctm01/datasets/public/Oxford102Flowers/jpg/image_01568.jpg,image_01568.jpg,24.79180908203125
165,/nas-ctm01/datasets/public/Oxford102Flowers/jpg/image_00166.jpg,image_00166.jpg,23.550975799560547
4702,/nas-ctm01/datasets/public/Oxford102Flowers/jpg/image_04703.jpg,image_04703.jpg,20.793415069580078
3566,/nas-ctm01/datasets/public/Oxford102Flowers/jpg/image_03567.jpg,image_03567.jpg,22.63141632080078
6274,/nas-ctm01/datasets/public/Oxford102Flowers/jpg/image_06275.jpg,image_06275.jpg,22.08591651916504
7782,/nas-ctm01/datasets/public/Oxford102Flowers/jpg/image_07783.jpg,image_07783.jpg,22.260496139526367
5439,/nas-ctm01/datasets/public/Oxford102Flowers/jpg/image_05440.jpg,image_05440.jpg,23.084423065185547
2013,/nas-ctm01/datasets/public/Oxford102Flowers/jpg/image_02014.jpg,image_02014.jpg,23.00191879272461
273,/nas-ctm01/datasets/public/Oxford102Flowers/jpg/image_00274.jpg,image_00274.jpg,22.605009078979492
3860,/nas-ctm01/datasets/public/Oxford102Flowers/jpg/image_03861.jpg,image_03861.jpg,23.83574867248535
4167,/nas-ctm01/datasets/public/Oxford102Flowers/jpg/image_04168.jpg,image_04168.jpg,22.913272857666016
6532,/nas-ctm01/datasets/public/Oxford102Flowers/jpg/image_06533.jpg,image_06533.jpg,23.606063842773438
3788,/nas-ctm01/datasets/public/Oxford102Flowers/jpg/image_03789.jpg,image_03789.jpg,20.400543212890625
5183,/nas-ctm01/datasets/public/Oxford102Flowers/jpg/image_05184.jpg,image_05184.jpg,21.575199127197266
394,/nas-ctm01/datasets/public/Oxford102Flowers/jpg/image_00395.jpg,image_00395.jpg,21.973487854003906
583,/nas-ctm01/datasets/public/Oxford102Flowers/jpg/image_00584.jpg,image_00584.jpg,21.56300163269043
8048,/nas-ctm01/datasets/public/Oxford102Flowers/jpg/image_08049.jpg,image_08049.jpg,22.411603927612305
8161,/nas-ctm01/datasets/public/Oxford102Flowers/jpg/image_08162.jpg,image_08162.jpg,21.37061309814453
7589,/nas-ctm01/datasets/public/Oxford102Flowers/jpg/image_07590.jpg,image_07590.jpg,22.645816802978516
6726,/nas-ctm01/datasets/public/Oxford102Flowers/jpg/image_06727.jpg,image_06727.jpg,20.78929328918457
7826,/nas-ctm01/datasets/public/Oxford102Flowers/jpg/image_07827.jpg,image_07827.jpg,21.22570037841797
6621,/nas-ctm01/datasets/public/Oxford102Flowers/jpg/image_06622.jpg,image_06622.jpg,21.406415939331055
520,/nas-ctm01/datasets/public/Oxford102Flowers/jpg/image_00521.jpg,image_00521.jpg,21.93556022644043
1763,/nas-ctm01/datasets/public/Oxford102Flowers/jpg/image_01764.jpg,image_01764.jpg,23.851394653320312
1875,/nas-ctm01/datasets/public/Oxford102Flowers/jpg/image_01876.jpg,image_01876.jpg,22.79737091064453
5355,/nas-ctm01/datasets/public/Oxford102Flowers/jpg/image_05356.jpg,image_05356.jpg,20.776023864746094
3965,/nas-ctm01/datasets/public/Oxford102Flowers/jpg/image_03966.jpg,image_03966.jpg,22.149898529052734
3344,/nas-ctm01/datasets/public/Oxford102Flowers/jpg/image_03345.jpg,image_03345.jpg,23.12983512878418
2253,/nas-ctm01/datasets/public/Oxford102Flowers/jpg/image_02254.jpg,image_02254.jpg,22.266923904418945
3224,/nas-ctm01/datasets/public/Oxford102Flowers/jpg/image_03225.jpg,image_03225.jpg,22.053308486938477
526,/nas-ctm01/datasets/public/Oxford102Flowers/jpg/image_00527.jpg,image_00527.jpg,21.040616989135742
2946,/nas-ctm01/datasets/public/Oxford102Flowers/jpg/image_02947.jpg,image_02947.jpg,22.44289207458496
4473,/nas-ctm01/datasets/public/Oxford102Flowers/jpg/image_04474.jpg,image_04474.jpg,21.764720916748047
3899,/nas-ctm01/datasets/public/Oxford102Flowers/jpg/image_03900.jpg,image_03900.jpg,23.587921142578125
5655,/nas-ctm01/datasets/public/Oxford102Flowers/jpg/image_05656.jpg,image_05656.jpg,21.91302490234375
692,/nas-ctm01/datasets/public/Oxford102Flowers/jpg/image_00693.jpg,image_00693.jpg,21.16875648498535
7738,/nas-ctm01/datasets/public/Oxford102Flowers/jpg/image_07739.jpg,image_07739.jpg,20.296201705932617
4444,/nas-ctm01/datasets/public/Oxford102Flowers/jpg/image_04445.jpg,image_04445.jpg,21.26871109008789
3633,/nas-ctm01/datasets/public/Oxford102Flowers/jpg/image_03634.jpg,image_03634.jpg,22.289785385131836
5805,/nas-ctm01/datasets/public/Oxford102Flowers/jpg/image_05806.jpg,image_05806.jpg,22.015378952026367
1050,/nas-ctm01/datasets/public/Oxford102Flowers/jpg/image_01051.jpg,image_01051.jpg,21.063386917114258
590,/nas-ctm01/datasets/public/Oxford102Flowers/jpg/image_00591.jpg,image_00591.jpg,22.479141235351562
519,/nas-ctm01/datasets/public/Oxford102Flowers/jpg/image_00520.jpg,image_00520.jpg,22.01866340637207
3380,/nas-ctm01/datasets/public/Oxford102Flowers/jpg/image_03381.jpg,image_03381.jpg,21.505998611450195
3676,/nas-ctm01/datasets/public/Oxford102Flowers/jpg/image_03677.jpg,image_03677.jpg,21.194992065429688
5776,/nas-ctm01/datasets/public/Oxford102Flowers/jpg/image_05777.jpg,image_05777.jpg,24.07962989807129
6742,/nas-ctm01/datasets/public/Oxford102Flowers/jpg/image_06743.jpg,image_06743.jpg,20.883939743041992
5179,/nas-ctm01/datasets/public/Oxford102Flowers/jpg/image_05180.jpg,image_05180.jpg,22.907405853271484
1607,/nas-ctm01/datasets/public/Oxford102Flowers/jpg/image_01608.jpg,image_01608.jpg,22.727519989013672
3610,/nas-ctm01/datasets/public/Oxford102Flowers/jpg/image_03611.jpg,image_03611.jpg,22.509653091430664
7808,/nas-ctm01/datasets/public/Oxford102Flowers/jpg/image_07809.jpg,image_07809.jpg,21.5447998046875
8185,/nas-ctm01/datasets/public/Oxford102Flowers/jpg/image_08186.jpg,image_08186.jpg,21.825910568237305
1809,/nas-ctm01/datasets/public/Oxford102Flowers/jpg/image_01810.jpg,image_01810.jpg,23.033235549926758
791,/nas-ctm01/datasets/public/Oxford102Flowers/jpg/image_00792.jpg,image_00792.jpg,22.868194580078125
792,/nas-ctm01/datasets/public/Oxford102Flowers/jpg/image_00793.jpg,image_00793.jpg,23.023468017578125
6730,/nas-ctm01/datasets/public/Oxford102Flowers/jpg/image_06731.jpg,image_06731.jpg,20.877517700195312
1855,/nas-ctm01/datasets/public/Oxford102Flowers/jpg/image_01856.jpg,image_01856.jpg,22.459016799926758
1980,/nas-ctm01/datasets/public/Oxford102Flowers/jpg/image_01981.jpg,image_01981.jpg,22.784223556518555
3233,/nas-ctm01/datasets/public/Oxford102Flowers/jpg/image_03234.jpg,image_03234.jpg,22.1577205657959
3598,/nas-ctm01/datasets/public/Oxford102Flowers/jpg/image_03599.jpg,image_03599.jpg,22.72165298461914
933,/nas-ctm01/datasets/public/Oxford102Flowers/jpg/image_00934.jpg,image_00934.jpg,22.373018264770508
3963,/nas-ctm01/datasets/public/Oxford102Flowers/jpg/image_03964.jpg,image_03964.jpg,21.333106994628906
6098,/nas-ctm01/datasets/public/Oxford102Flowers/jpg/image_06099.jpg,image_06099.jpg,21.096160888671875
5626,/nas-ctm01/datasets/public/Oxford102Flowers/jpg/image_05627.jpg,image_05627.jpg,21.81524085998535
5506,/nas-ctm01/datasets/public/Oxford102Flowers/jpg/image_05507.jpg,image_05507.jpg,22.65512466430664
7599,/nas-ctm01/datasets/public/Oxford102Flowers/jpg/image_07600.jpg,image_07600.jpg,22.37788200378418
4179,/nas-ctm01/datasets/public/Oxford102Flowers/jpg/image_04180.jpg,image_04180.jpg,22.177492141723633
4026,/nas-ctm01/datasets/public/Oxford102Flowers/jpg/image_04027.jpg,image_04027.jpg,22.427501678466797
7556,/nas-ctm01/datasets/public/Oxford102Flowers/jpg/image_07557.jpg,image_07557.jpg,21.645980834960938
4116,/nas-ctm01/datasets/public/Oxford102Flowers/jpg/image_04117.jpg,image_04117.jpg,22.91756820678711
988,/nas-ctm01/datasets/public/Oxford102Flowers/jpg/image_00989.jpg,image_00989.jpg,21.08353042602539
6319,/nas-ctm01/datasets/public/Oxford102Flowers/jpg/image_06320.jpg,image_06320.jpg,23.398157119750977
3453,/nas-ctm01/datasets/public/Oxford102Flowers/jpg/image_03454.jpg,image_03454.jpg,21.042343139648438
7478,/nas-ctm01/datasets/public/Oxford102Flowers/jpg/image_07479.jpg,image_07479.jpg,22.494009017944336
3778,/nas-ctm01/datasets/public/Oxford102Flowers/jpg/image_03779.jpg,image_03779.jpg,20.439348220825195
5658,/nas-ctm01/datasets/public/Oxford102Flowers/jpg/image_05659.jpg,image_05659.jpg,21.413450241088867
6864,/nas-ctm01/datasets/public/Oxford102Flowers/jpg/image_06865.jpg,image_06865.jpg,23.006696701049805
3093,/nas-ctm01/datasets/public/Oxford102Flowers/jpg/image_03094.jpg,image_03094.jpg,21.637710571289062
3155,/nas-ctm01/datasets/public/Oxford102Flowers/jpg/image_03156.jpg,image_03156.jpg,21.75667381286621
5069,/nas-ctm01/datasets/public/Oxford102Flowers/jpg/image_05070.jpg,image_05070.jpg,20.92395782470703
5806,/nas-ctm01/datasets/public/Oxford102Flowers/jpg/image_05807.jpg,image_05807.jpg,22.321931838989258
3201,/nas-ctm01/datasets/public/Oxford102Flowers/jpg/image_03202.jpg,image_03202.jpg,21.989604949951172
6606,/nas-ctm01/datasets/public/Oxford102Flowers/jpg/image_06607.jpg,image_06607.jpg,21.744369506835938
1098,/nas-ctm01/datasets/public/Oxford102Flowers/jpg/image_01099.jpg,image_01099.jpg,21.322330474853516
6796,/nas-ctm01/datasets/public/Oxford102Flowers/jpg/image_06797.jpg,image_06797.jpg,21.658159255981445
2844,/nas-ctm01/datasets/public/Oxford102Flowers/jpg/image_02845.jpg,image_02845.jpg,22.39154815673828
886,/nas-ctm01/datasets/public/Oxford102Flowers/jpg/image_00887.jpg,image_00887.jpg,22.33180046081543
8077,/nas-ctm01/datasets/public/Oxford102Flowers/jpg/image_08078.jpg,image_08078.jpg,22.65328025817871
6353,/nas-ctm01/datasets/public/Oxford102Flowers/jpg/image_06354.jpg,image_06354.jpg,22.356828689575195
515,/nas-ctm01/datasets/public/Oxford102Flowers/jpg/image_00516.jpg,image_00516.jpg,22.360746383666992
7911,/nas-ctm01/datasets/public/Oxford102Flowers/jpg/image_07912.jpg,image_07912.jpg,21.78502655029297
4833,/nas-ctm01/datasets/public/Oxford102Flowers/jpg/image_04834.jpg,image_04834.jpg,22.939199447631836
1453,/nas-ctm01/datasets/public/Oxford102Flowers/jpg/image_01454.jpg,image_01454.jpg,20.414024353027344
3553,/nas-ctm01/datasets/public/Oxford102Flowers/jpg/image_03554.jpg,image_03554.jpg,21.69049835205078
3609,/nas-ctm01/datasets/public/Oxford102Flowers/jpg/image_03610.jpg,image_03610.jpg,22.256467819213867
4665,/nas-ctm01/datasets/public/Oxford102Flowers/jpg/image_04666.jpg,image_04666.jpg,21.371980667114258
2506,/nas-ctm01/datasets/public/Oxford102Flowers/jpg/image_02507.jpg,image_02507.jpg,22.412405014038086
2994,/nas-ctm01/datasets/public/Oxford102Flowers/jpg/image_02995.jpg,image_02995.jpg,22.32691764831543
3999,/nas-ctm01/datasets/public/Oxford102Flowers/jpg/image_04000.jpg,image_04000.jpg,22.21673583984375
7760,/nas-ctm01/datasets/public/Oxford102Flowers/jpg/image_07761.jpg,image_07761.jpg,21.11617660522461
906,/nas-ctm01/datasets/public/Oxford102Flowers/jpg/image_00907.jpg,image_00907.jpg,22.06745147705078
28,/nas-ctm01/datasets/public/Oxford102Flowers/jpg/image_00029.jpg,image_00029.jpg,24.38393783569336
7021,/nas-ctm01/datasets/public/Oxford102Flowers/jpg/image_07022.jpg,image_07022.jpg,20.595073699951172
2507,/nas-ctm01/datasets/public/Oxford102Flowers/jpg/image_02508.jpg,image_02508.jpg,22.37446403503418
2428,/nas-ctm01/datasets/public/Oxford102Flowers/jpg/image_02429.jpg,image_02429.jpg,21.592317581176758
5043,/nas-ctm01/datasets/public/Oxford102Flowers/jpg/image_05044.jpg,image_05044.jpg,20.999780654907227
5346,/nas-ctm01/datasets/public/Oxford102Flowers/jpg/image_05347.jpg,image_05347.jpg,20.335346221923828
762,/nas-ctm01/datasets/public/Oxford102Flowers/jpg/image_00763.jpg,image_00763.jpg,22.653934478759766
3747,/nas-ctm01/datasets/public/Oxford102Flowers/jpg/image_03748.jpg,image_03748.jpg,20.773290634155273
4811,/nas-ctm01/datasets/public/Oxford102Flowers/jpg/image_04812.jpg,image_04812.jpg,21.707366943359375
284,/nas-ctm01/datasets/public/Oxford102Flowers/jpg/image_00285.jpg,image_00285.jpg,22.57509422302246
686,/nas-ctm01/datasets/public/Oxford102Flowers/jpg/image_00687.jpg,image_00687.jpg,21.704469680786133
7567,/nas-ctm01/datasets/public/Oxford102Flowers/jpg/image_07568.jpg,image_07568.jpg,21.643474578857422
2353,/nas-ctm01/datasets/public/Oxford102Flowers/jpg/image_02354.jpg,image_02354.jpg,22.216882705688477
8067,/nas-ctm01/datasets/public/Oxford102Flowers/jpg/image_08068.jpg,image_08068.jpg,21.756694793701172
7031,/nas-ctm01/datasets/public/Oxford102Flowers/jpg/image_07032.jpg,image_07032.jpg,22.390527725219727
21,/nas-ctm01/datasets/public/Oxford102Flowers/jpg/image_00022.jpg,image_00022.jpg,23.83872413635254
2752,/nas-ctm01/datasets/public/Oxford102Flowers/jpg/image_02753.jpg,image_02753.jpg,22.163599014282227
885,/nas-ctm01/datasets/public/Oxford102Flowers/jpg/image_00886.jpg,image_00886.jpg,22.81025505065918
917,/nas-ctm01/datasets/public/Oxford102Flowers/jpg/image_00918.jpg,image_00918.jpg,21.702674865722656
1040,/nas-ctm01/datasets/public/Oxford102Flowers/jpg/image_01041.jpg,image_01041.jpg,21.579540252685547
6496,/nas-ctm01/datasets/public/Oxford102Flowers/jpg/image_06497.jpg,image_06497.jpg,22.59645652770996
1265,/nas-ctm01/datasets/public/Oxford102Flowers/jpg/image_01266.jpg,image_01266.jpg,22.16991424560547
4579,/nas-ctm01/datasets/public/Oxford102Flowers/jpg/image_04580.jpg,image_04580.jpg,21.744964599609375
7085,/nas-ctm01/datasets/public/Oxford102Flowers/jpg/image_07086.jpg,image_07086.jpg,22.398345947265625
7615,/nas-ctm01/datasets/public/Oxford102Flowers/jpg/image_07616.jpg,image_07616.jpg,22.815982818603516
277,/nas-ctm01/datasets/public/Oxford102Flowers/jpg/image_00278.jpg,image_00278.jpg,21.912416458129883
5084,/nas-ctm01/datasets/public/Oxford102Flowers/jpg/image_05085.jpg,image_05085.jpg,21.682125091552734
2084,/nas-ctm01/datasets/public/Oxford102Flowers/jpg/image_02085.jpg,image_02085.jpg,21.699716567993164
1245,/nas-ctm01/datasets/public/Oxford102Flowers/jpg/image_01246.jpg,image_01246.jpg,21.643407821655273
2382,/nas-ctm01/datasets/public/Oxford102Flowers/jpg/image_02383.jpg,image_02383.jpg,21.714107513427734
571,/nas-ctm01/datasets/public/Oxford102Flowers/jpg/image_00572.jpg,image_00572.jpg,21.123178482055664
1435,/nas-ctm01/datasets/public/Oxford102Flowers/jpg/image_01436.jpg,image_01436.jpg,20.727378845214844
3902,/nas-ctm01/datasets/public/Oxford102Flowers/jpg/image_03903.jpg,image_03903.jpg,24.13455581665039
5089,/nas-ctm01/datasets/public/Oxford102Flowers/jpg/image_05090.jpg,image_05090.jpg,21.523332595825195
1247,/nas-ctm01/datasets/public/Oxford102Flowers/jpg/image_01248.jpg,image_01248.jpg,20.425046920776367
6174,/nas-ctm01/datasets/public/Oxford102Flowers/jpg/image_06175.jpg,image_06175.jpg,20.60590171813965
4681,/nas-ctm01/datasets/public/Oxford102Flowers/jpg/image_04682.jpg,image_04682.jpg,21.42068099975586
3526,/nas-ctm01/datasets/public/Oxford102Flowers/jpg/image_03527.jpg,image_03527.jpg,21.791797637939453
2514,/nas-ctm01/datasets/public/Oxford102Flowers/jpg/image_02515.jpg,image_02515.jpg,22.438297271728516
5445,/nas-ctm01/datasets/public/Oxford102Flowers/jpg/image_05446.jpg,image_05446.jpg,21.494123458862305
1007,/nas-ctm01/datasets/public/Oxford102Flowers/jpg/image_01008.jpg,image_01008.jpg,21.201250076293945
4770,/nas-ctm01/datasets/public/Oxford102Flowers/jpg/image_04771.jpg,image_04771.jpg,21.55752182006836
4543,/nas-ctm01/datasets/public/Oxford102Flowers/jpg/image_04544.jpg,image_04544.jpg,20.64025115966797
6175,/nas-ctm01/datasets/public/Oxford102Flowers/jpg/image_06176.jpg,image_06176.jpg,21.078319549560547
7090,/nas-ctm01/datasets/public/Oxford102Flowers/jpg/image_07091.jpg,image_07091.jpg,21.305599212646484
2064,/nas-ctm01/datasets/public/Oxford102Flowers/jpg/image_02065.jpg,image_02065.jpg,22.95547866821289
5352,/nas-ctm01/datasets/public/Oxford102Flowers/jpg/image_05353.jpg,image_05353.jpg,20.845006942749023
6465,/nas-ctm01/datasets/public/Oxford102Flowers/jpg/image_06466.jpg,image_06466.jpg,21.060136795043945
1690,/nas-ctm01/datasets/public/Oxford102Flowers/jpg/image_01691.jpg,image_01691.jpg,24.213266372680664
7064,/nas-ctm01/datasets/public/Oxford102Flowers/jpg/image_07065.jpg,image_07065.jpg,22.123279571533203
7437,/nas-ctm01/datasets/public/Oxford102Flowers/jpg/image_07438.jpg,image_07438.jpg,21.557193756103516
5343,/nas-ctm01/datasets/public/Oxford102Flowers/jpg/image_05344.jpg,image_05344.jpg,21.144025802612305
1985,/nas-ctm01/datasets/public/Oxford102Flowers/jpg/image_01986.jpg,image_01986.jpg,23.02544593811035
294,/nas-ctm01/datasets/public/Oxford102Flowers/jpg/image_00295.jpg,image_00295.jpg,23.084346771240234
1547,/nas-ctm01/datasets/public/Oxford102Flowers/jpg/image_01548.jpg,image_01548.jpg,24.664813995361328
2012,/nas-ctm01/datasets/public/Oxford102Flowers/jpg/image_02013.jpg,image_02013.jpg,22.430248260498047
588,/nas-ctm01/datasets/public/Oxford102Flowers/jpg/image_00589.jpg,image_00589.jpg,21.86650276184082
3329,/nas-ctm01/datasets/public/Oxford102Flowers/jpg/image_03330.jpg,image_03330.jpg,22.14767837524414
2403,/nas-ctm01/datasets/public/Oxford102Flowers/jpg/image_02404.jpg,image_02404.jpg,22.112520217895508
2129,/nas-ctm01/datasets/public/Oxford102Flowers/jpg/image_02130.jpg,image_02130.jpg,21.874980926513672
3998,/nas-ctm01/datasets/public/Oxford102Flowers/jpg/image_03999.jpg,image_03999.jpg,21.947242736816406
7170,/nas-ctm01/datasets/public/Oxford102Flowers/jpg/image_07171.jpg,image_07171.jpg,22.66871452331543
3741,/nas-ctm01/datasets/public/Oxford102Flowers/jpg/image_03742.jpg,image_03742.jpg,20.872034072875977
3508,/nas-ctm01/datasets/public/Oxford102Flowers/jpg/image_03509.jpg,image_03509.jpg,21.441974639892578
2719,/nas-ctm01/datasets/public/Oxford102Flowers/jpg/image_02720.jpg,image_02720.jpg,21.73941421508789
4521,/nas-ctm01/datasets/public/Oxford102Flowers/jpg/image_04522.jpg,image_04522.jpg,21.55096435546875
5150,/nas-ctm01/datasets/public/Oxford102Flowers/jpg/image_05151.jpg,image_05151.jpg,22.529361724853516
7458,/nas-ctm01/datasets/public/Oxford102Flowers/jpg/image_07459.jpg,image_07459.jpg,21.722030639648438
7466,/nas-ctm01/datasets/public/Oxford102Flowers/jpg/image_07467.jpg,image_07467.jpg,22.126941680908203
556,/nas-ctm01/datasets/public/Oxford102Flowers/jpg/image_00557.jpg,image_00557.jpg,22.491212844848633
6574,/nas-ctm01/datasets/public/Oxford102Flowers/jpg/image_06575.jpg,image_06575.jpg,22.074260711669922
4795,/nas-ctm01/datasets/public/Oxford102Flowers/jpg/image_04796.jpg,image_04796.jpg,21.969308853149414
2469,/nas-ctm01/datasets/public/Oxford102Flowers/jpg/image_02470.jpg,image_02470.jpg,22.754228591918945
3738,/nas-ctm01/datasets/public/Oxford102Flowers/jpg/image_03739.jpg,image_03739.jpg,20.987590789794922
4286,/nas-ctm01/datasets/public/Oxford102Flowers/jpg/image_04287.jpg,image_04287.jpg,22.0024471282959
6737,/nas-ctm01/datasets/public/Oxford102Flowers/jpg/image_06738.jpg,image_06738.jpg,21.555822372436523
5289,/nas-ctm01/datasets/public/Oxford102Flowers/jpg/image_05290.jpg,image_05290.jpg,22.21729278564453
1716,/nas-ctm01/datasets/public/Oxford102Flowers/jpg/image_01717.jpg,image_01717.jpg,22.947559356689453
2604,/nas-ctm01/datasets/public/Oxford102Flowers/jpg/image_02605.jpg,image_02605.jpg,22.92529296875
7475,/nas-ctm01/datasets/public/Oxford102Flowers/jpg/image_07476.jpg,image_07476.jpg,21.60162925720215
1704,/nas-ctm01/datasets/public/Oxford102Flowers/jpg/image_01705.jpg,image_01705.jpg,23.636804580688477
2139,/nas-ctm01/datasets/public/Oxford102Flowers/jpg/image_02140.jpg,image_02140.jpg,21.859607696533203
3239,/nas-ctm01/datasets/public/Oxford102Flowers/jpg/image_03240.jpg,image_03240.jpg,22.77120018005371
2383,/nas-ctm01/datasets/public/Oxford102Flowers/jpg/image_02384.jpg,image_02384.jpg,22.347482681274414
4311,/nas-ctm01/datasets/public/Oxford102Flowers/jpg/image_04312.jpg,image_04312.jpg,20.987932205200195
1285,/nas-ctm01/datasets/public/Oxford102Flowers/jpg/image_01286.jpg,image_01286.jpg,21.319400787353516
6964,/nas-ctm01/datasets/public/Oxford102Flowers/jpg/image_06965.jpg,image_06965.jpg,23.23252296447754
6492,/nas-ctm01/datasets/public/Oxford102Flowers/jpg/image_06493.jpg,image_06493.jpg,22.79044532775879
7315,/nas-ctm01/datasets/public/Oxford102Flowers/jpg/image_07316.jpg,image_07316.jpg,21.689939498901367
3930,/nas-ctm01/datasets/public/Oxford102Flowers/jpg/image_03931.jpg,image_03931.jpg,21.728731155395508
6183,/nas-ctm01/datasets/public/Oxford102Flowers/jpg/image_06184.jpg,image_06184.jpg,20.54095458984375
5985,/nas-ctm01/datasets/public/Oxford102Flowers/jpg/image_05986.jpg,image_05986.jpg,22.371395111083984
6204,/nas-ctm01/datasets/public/Oxford102Flowers/jpg/image_06205.jpg,image_06205.jpg,23.399826049804688
1591,/nas-ctm01/datasets/public/Oxford102Flowers/jpg/image_01592.jpg,image_01592.jpg,23.084285736083984
7692,/nas-ctm01/datasets/public/Oxford102Flowers/jpg/image_07693.jpg,image_07693.jpg,21.59232521057129
7256,/nas-ctm01/datasets/public/Oxford102Flowers/jpg/image_07257.jpg,image_07257.jpg,20.484928131103516
2162,/nas-ctm01/datasets/public/Oxford102Flowers/jpg/image_02163.jpg,image_02163.jpg,22.51064109802246
2396,/nas-ctm01/datasets/public/Oxford102Flowers/jpg/image_02397.jpg,image_02397.jpg,21.331850051879883
317,/nas-ctm01/datasets/public/Oxford102Flowers/jpg/image_00318.jpg,image_00318.jpg,22.67601203918457
7347,/nas-ctm01/datasets/public/Oxford102Flowers/jpg/image_07348.jpg,image_07348.jpg,22.075611114501953
3111,/nas-ctm01/datasets/public/Oxford102Flowers/jpg/image_03112.jpg,image_03112.jpg,21.385059356689453
5233,/nas-ctm01/datasets/public/Oxford102Flowers/jpg/image_05234.jpg,image_05234.jpg,20.2962589263916
6538,/nas-ctm01/datasets/public/Oxford102Flowers/jpg/image_06539.jpg,image_06539.jpg,23.939912796020508
7940,/nas-ctm01/datasets/public/Oxford102Flowers/jpg/image_07941.jpg,image_07941.jpg,21.756778717041016
4036,/nas-ctm01/datasets/public/Oxford102Flowers/jpg/image_04037.jpg,image_04037.jpg,21.200408935546875
795,/nas-ctm01/datasets/public/Oxford102Flowers/jpg/image_00796.jpg,image_00796.jpg,22.954195022583008
3020,/nas-ctm01/datasets/public/Oxford102Flowers/jpg/image_03021.jpg,image_03021.jpg,22.235483169555664
1711,/nas-ctm01/datasets/public/Oxford102Flowers/jpg/image_01712.jpg,image_01712.jpg,23.546730041503906
3387,/nas-ctm01/datasets/public/Oxford102Flowers/jpg/image_03388.jpg,image_03388.jpg,20.719196319580078
36,/nas-ctm01/datasets/public/Oxford102Flowers/jpg/image_00037.jpg,image_00037.jpg,23.9394474029541
4549,/nas-ctm01/datasets/public/Oxford102Flowers/jpg/image_04550.jpg,image_04550.jpg,21.253385543823242
913,/nas-ctm01/datasets/public/Oxford102Flowers/jpg/image_00914.jpg,image_00914.jpg,22.32286834716797
5721,/nas-ctm01/datasets/public/Oxford102Flowers/jpg/image_05722.jpg,image_05722.jpg,23.50516700744629
5295,/nas-ctm01/datasets/public/Oxford102Flowers/jpg/image_05296.jpg,image_05296.jpg,21.63250160217285
3972,/nas-ctm01/datasets/public/Oxford102Flowers/jpg/image_03973.jpg,image_03973.jpg,21.823047637939453
5370,/nas-ctm01/datasets/public/Oxford102Flowers/jpg/image_05371.jpg,image_05371.jpg,21.72271728515625
4133,/nas-ctm01/datasets/public/Oxford102Flowers/jpg/image_04134.jpg,image_04134.jpg,21.601669311523438
974,/nas-ctm01/datasets/public/Oxford102Flowers/jpg/image_00975.jpg,image_00975.jpg,21.101097106933594
983,/nas-ctm01/datasets/public/Oxford102Flowers/jpg/image_00984.jpg,image_00984.jpg,21.275602340698242
6682,/nas-ctm01/datasets/public/Oxford102Flowers/jpg/image_06683.jpg,image_06683.jpg,21.295326232910156
1418,/nas-ctm01/datasets/public/Oxford102Flowers/jpg/image_01419.jpg,image_01419.jpg,21.0899715423584
1560,/nas-ctm01/datasets/public/Oxford102Flowers/jpg/image_01561.jpg,image_01561.jpg,25.051013946533203
4135,/nas-ctm01/datasets/public/Oxford102Flowers/jpg/image_04136.jpg,image_04136.jpg,22.774700164794922
5582,/nas-ctm01/datasets/public/Oxford102Flowers/jpg/image_05583.jpg,image_05583.jpg,22.088260650634766
6527,/nas-ctm01/datasets/public/Oxford102Flowers/jpg/image_06528.jpg,image_06528.jpg,22.036651611328125
4265,/nas-ctm01/datasets/public/Oxford102Flowers/jpg/image_04266.jpg,image_04266.jpg,20.685842514038086
1355,/nas-ctm01/datasets/public/Oxford102Flowers/jpg/image_01356.jpg,image_01356.jpg,22.85496711730957
7666,/nas-ctm01/datasets/public/Oxford102Flowers/jpg/image_07667.jpg,image_07667.jpg,22.43907928466797
7763,/nas-ctm01/datasets/public/Oxford102Flowers/jpg/image_07764.jpg,image_07764.jpg,21.983665466308594
987,/nas-ctm01/datasets/public/Oxford102Flowers/jpg/image_00988.jpg,image_00988.jpg,21.45293426513672
2682,/nas-ctm01/datasets/public/Oxford102Flowers/jpg/image_02683.jpg,image_02683.jpg,22.731250762939453
5047,/nas-ctm01/datasets/public/Oxford102Flowers/jpg/image_05048.jpg,image_05048.jpg,20.716405868530273
1640,/nas-ctm01/datasets/public/Oxford102Flowers/jpg/image_01641.jpg,image_01641.jpg,23.630895614624023
1290,/nas-ctm01/datasets/public/Oxford102Flowers/jpg/image_01291.jpg,image_01291.jpg,21.833831787109375
3681,/nas-ctm01/datasets/public/Oxford102Flowers/jpg/image_03682.jpg,image_03682.jpg,20.719011306762695
1380,/nas-ctm01/datasets/public/Oxford102Flowers/jpg/image_01381.jpg,image_01381.jpg,21.4682559967041
1933,/nas-ctm01/datasets/public/Oxford102Flowers/jpg/image_01934.jpg,image_01934.jpg,23.43642234802246
4675,/nas-ctm01/datasets/public/Oxford102Flowers/jpg/image_04676.jpg,image_04676.jpg,21.5112247467041
7011,/nas-ctm01/datasets/public/Oxford102Flowers/jpg/image_07012.jpg,image_07012.jpg,20.676071166992188
3160,/nas-ctm01/datasets/public/Oxford102Flowers/jpg/image_03161.jpg,image_03161.jpg,22.475894927978516
2030,/nas-ctm01/datasets/public/Oxford102Flowers/jpg/image_02031.jpg,image_02031.jpg,21.723966598510742
892,/nas-ctm01/datasets/public/Oxford102Flowers/jpg/image_00893.jpg,image_00893.jpg,23.21572494506836
4876,/nas-ctm01/datasets/public/Oxford102Flowers/jpg/image_04877.jpg,image_04877.jpg,22.604219436645508
4069,/nas-ctm01/datasets/public/Oxford102Flowers/jpg/image_04070.jpg,image_04070.jpg,22.18564224243164
4255,/nas-ctm01/datasets/public/Oxford102Flowers/jpg/image_04256.jpg,image_04256.jpg,20.965803146362305
2,/nas-ctm01/datasets/public/Oxford102Flowers/jpg/image_00003.jpg,image_00003.jpg,23.925365447998047
2109,/nas-ctm01/datasets/public/Oxford102Flowers/jpg/image_02110.jpg,image_02110.jpg,21.857749938964844
849,/nas-ctm01/datasets/public/Oxford102Flowers/jpg/image_00850.jpg,image_00850.jpg,22.46767234802246
2737,/nas-ctm01/datasets/public/Oxford102Flowers/jpg/image_02738.jpg,image_02738.jpg,22.613018035888672
2466,/nas-ctm01/datasets/public/Oxford102Flowers/jpg/image_02467.jpg,image_02467.jpg,23.01652717590332
1914,/nas-ctm01/datasets/public/Oxford102Flowers/jpg/image_01915.jpg,image_01915.jpg,23.402605056762695
1596,/nas-ctm01/datasets/public/Oxford102Flowers/jpg/image_01597.jpg,image_01597.jpg,23.408527374267578
5872,/nas-ctm01/datasets/public/Oxford102Flowers/jpg/image_05873.jpg,image_05873.jpg,22.87980842590332
1913,/nas-ctm01/datasets/public/Oxford102Flowers/jpg/image_01914.jpg,image_01914.jpg,22.79433250427246
5139,/nas-ctm01/datasets/public/Oxford102Flowers/jpg/image_05140.jpg,image_05140.jpg,22.447296142578125
7710,/nas-ctm01/datasets/public/Oxford102Flowers/jpg/image_07711.jpg,image_07711.jpg,21.23187828063965
5640,/nas-ctm01/datasets/public/Oxford102Flowers/jpg/image_05641.jpg,image_05641.jpg,23.209794998168945
2736,/nas-ctm01/datasets/public/Oxford102Flowers/jpg/image_02737.jpg,image_02737.jpg,22.455095291137695
726,/nas-ctm01/datasets/public/Oxford102Flowers/jpg/image_00727.jpg,image_00727.jpg,20.86658477783203
53,/nas-ctm01/datasets/public/Oxford102Flowers/jpg/image_00054.jpg,image_00054.jpg,24.539459228515625
1796,/nas-ctm01/datasets/public/Oxford102Flowers/jpg/image_01797.jpg,image_01797.jpg,22.589330673217773
3845,/nas-ctm01/datasets/public/Oxford102Flowers/jpg/image_03846.jpg,image_03846.jpg,21.525327682495117
6007,/nas-ctm01/datasets/public/Oxford102Flowers/jpg/image_06008.jpg,image_06008.jpg,22.118919372558594
2553,/nas-ctm01/datasets/public/Oxford102Flowers/jpg/image_02554.jpg,image_02554.jpg,20.59134292602539
2800,/nas-ctm01/datasets/public/Oxford102Flowers/jpg/image_02801.jpg,image_02801.jpg,22.307415008544922
936,/nas-ctm01/datasets/public/Oxford102Flowers/jpg/image_00937.jpg,image_00937.jpg,21.931753158569336
6746,/nas-ctm01/datasets/public/Oxford102Flowers/jpg/image_06747.jpg,image_06747.jpg,20.40727424621582
824,/nas-ctm01/datasets/public/Oxford102Flowers/jpg/image_00825.jpg,image_00825.jpg,21.602054595947266
4321,/nas-ctm01/datasets/public/Oxford102Flowers/jpg/image_04322.jpg,image_04322.jpg,21.140594482421875
3401,/nas-ctm01/datasets/public/Oxford102Flowers/jpg/image_03402.jpg,image_03402.jpg,20.236833572387695
1389,/nas-ctm01/datasets/public/Oxford102Flowers/jpg/image_01390.jpg,image_01390.jpg,21.486745834350586
3564,/nas-ctm01/datasets/public/Oxford102Flowers/jpg/image_03565.jpg,image_03565.jpg,22.873802185058594
884,/nas-ctm01/datasets/public/Oxford102Flowers/jpg/image_00885.jpg,image_00885.jpg,21.93836212158203
5429,/nas-ctm01/datasets/public/Oxford102Flowers/jpg/image_05430.jpg,image_05430.jpg,22.24654769897461
5703,/nas-ctm01/datasets/public/Oxford102Flowers/jpg/image_05704.jpg,image_05704.jpg,22.68011474609375
5690,/nas-ctm01/datasets/public/Oxford102Flowers/jpg/image_05691.jpg,image_05691.jpg,22.220155715942383
4867,/nas-ctm01/datasets/public/Oxford102Flowers/jpg/image_04868.jpg,image_04868.jpg,23.836994171142578
1868,/nas-ctm01/datasets/public/Oxford102Flowers/jpg/image_01869.jpg,image_01869.jpg,21.804445266723633
5181,/nas-ctm01/datasets/public/Oxford102Flowers/jpg/image_05182.jpg,image_05182.jpg,22.537158966064453
10,/nas-ctm01/datasets/public/Oxford102Flowers/jpg/image_00011.jpg,image_00011.jpg,24.410564422607422
3415,/nas-ctm01/datasets/public/Oxford102Flowers/jpg/image_03416.jpg,image_03416.jpg,20.950157165527344
5421,/nas-ctm01/datasets/public/Oxford102Flowers/jpg/image_05422.jpg,image_05422.jpg,22.66611099243164
1463,/nas-ctm01/datasets/public/Oxford102Flowers/jpg/image_01464.jpg,image_01464.jpg,20.836353302001953
806,/nas-ctm01/datasets/public/Oxford102Flowers/jpg/image_00807.jpg,image_00807.jpg,23.399805068969727
6673,/nas-ctm01/datasets/public/Oxford102Flowers/jpg/image_06674.jpg,image_06674.jpg,20.99868392944336
6437,/nas-ctm01/datasets/public/Oxford102Flowers/jpg/image_06438.jpg,image_06438.jpg,21.667673110961914
4068,/nas-ctm01/datasets/public/Oxford102Flowers/jpg/image_04069.jpg,image_04069.jpg,22.326757431030273
2108,/nas-ctm01/datasets/public/Oxford102Flowers/jpg/image_02109.jpg,image_02109.jpg,20.62800407409668
6903,/nas-ctm01/datasets/public/Oxford102Flowers/jpg/image_06904.jpg,image_06904.jpg,22.96006965637207
8117,/nas-ctm01/datasets/public/Oxford102Flowers/jpg/image_08118.jpg,image_08118.jpg,21.03285026550293
2234,/nas-ctm01/datasets/public/Oxford102Flowers/jpg/image_02235.jpg,image_02235.jpg,22.043132781982422
963,/nas-ctm01/datasets/public/Oxford102Flowers/jpg/image_00964.jpg,image_00964.jpg,21.149871826171875
4494,/nas-ctm01/datasets/public/Oxford102Flowers/jpg/image_04495.jpg,image_04495.jpg,21.113800048828125
2632,/nas-ctm01/datasets/public/Oxford102Flowers/jpg/image_02633.jpg,image_02633.jpg,22.131399154663086
6094,/nas-ctm01/datasets/public/Oxford102Flowers/jpg/image_06095.jpg,image_06095.jpg,24.239959716796875
704,/nas-ctm01/datasets/public/Oxford102Flowers/jpg/image_00705.jpg,image_00705.jpg,21.06597137451172
431,/nas-ctm01/datasets/public/Oxford102Flowers/jpg/image_00432.jpg,image_00432.jpg,22.65757179260254
4388,/nas-ctm01/datasets/public/Oxford102Flowers/jpg/image_04389.jpg,image_04389.jpg,23.011442184448242
6077,/nas-ctm01/datasets/public/Oxford102Flowers/jpg/image_06078.jpg,image_06078.jpg,24.582714080810547
145,/nas-ctm01/datasets/public/Oxford102Flowers/jpg/image_00146.jpg,image_00146.jpg,24.10862159729004
2033,/nas-ctm01/datasets/public/Oxford102Flowers/jpg/image_02034.jpg,image_02034.jpg,23.0360164642334
6865,/nas-ctm01/datasets/public/Oxford102Flowers/jpg/image_06866.jpg,image_06866.jpg,22.927654266357422
1165,/nas-ctm01/datasets/public/Oxford102Flowers/jpg/image_01166.jpg,image_01166.jpg,21.804304122924805
3500,/nas-ctm01/datasets/public/Oxford102Flowers/jpg/image_03501.jpg,image_03501.jpg,21.66805648803711
2050,/nas-ctm01/datasets/public/Oxford102Flowers/jpg/image_02051.jpg,image_02051.jpg,23.76213264465332
3760,/nas-ctm01/datasets/public/Oxford102Flowers/jpg/image_03761.jpg,image_03761.jpg,20.571781158447266
2624,/nas-ctm01/datasets/public/Oxford102Flowers/jpg/image_02625.jpg,image_02625.jpg,23.777170181274414
4484,/nas-ctm01/datasets/public/Oxford102Flowers/jpg/image_04485.jpg,image_04485.jpg,20.943490982055664
4435,/nas-ctm01/datasets/public/Oxford102Flowers/jpg/image_04436.jpg,image_04436.jpg,21.199657440185547
6522,/nas-ctm01/datasets/public/Oxford102Flowers/jpg/image_06523.jpg,image_06523.jpg,23.209915161132812
8102,/nas-ctm01/datasets/public/Oxford102Flowers/jpg/image_08103.jpg,image_08103.jpg,23.901599884033203
4361,/nas-ctm01/datasets/public/Oxford102Flowers/jpg/image_04362.jpg,image_04362.jpg,23.391569137573242
2424,/nas-ctm01/datasets/public/Oxford102Flowers/jpg/image_02425.jpg,image_02425.jpg,22.16333770751953
1262,/nas-ctm01/datasets/public/Oxford102Flowers/jpg/image_01263.jpg,image_01263.jpg,22.867403030395508
1771,/nas-ctm01/datasets/public/Oxford102Flowers/jpg/image_01772.jpg,image_01772.jpg,23.296354293823242
3511,/nas-ctm01/datasets/public/Oxford102Flowers/jpg/image_03512.jpg,image_03512.jpg,21.56613540649414
271,/nas-ctm01/datasets/public/Oxford102Flowers/jpg/image_00272.jpg,image_00272.jpg,23.476694107055664
4792,/nas-ctm01/datasets/public/Oxford102Flowers/jpg/image_04793.jpg,image_04793.jpg,20.97380828857422
8152,/nas-ctm01/datasets/public/Oxford102Flowers/jpg/image_08153.jpg,image_08153.jpg,20.654325485229492
244,/nas-ctm01/datasets/public/Oxford102Flowers/jpg/image_00245.jpg,image_00245.jpg,23.947309494018555
7932,/nas-ctm01/datasets/public/Oxford102Flowers/jpg/image_07933.jpg,image_07933.jpg,21.88786506652832
4572,/nas-ctm01/datasets/public/Oxford102Flowers/jpg/image_04573.jpg,image_04573.jpg,22.001747131347656
2032,/nas-ctm01/datasets/public/Oxford102Flowers/jpg/image_02033.jpg,image_02033.jpg,23.306631088256836
7546,/nas-ctm01/datasets/public/Oxford102Flowers/jpg/image_07547.jpg,image_07547.jpg,20.652645111083984
6470,/nas-ctm01/datasets/public/Oxford102Flowers/jpg/image_06471.jpg,image_06471.jpg,22.120393753051758
813,/nas-ctm01/datasets/public/Oxford102Flowers/jpg/image_00814.jpg,image_00814.jpg,22.115509033203125
6010,/nas-ctm01/datasets/public/Oxford102Flowers/jpg/image_06011.jpg,image_06011.jpg,20.029254913330078
3810,/nas-ctm01/datasets/public/Oxford102Flowers/jpg/image_03811.jpg,image_03811.jpg,20.791059494018555
7923,/nas-ctm01/datasets/public/Oxford102Flowers/jpg/image_07924.jpg,image_07924.jpg,21.830196380615234
8123,/nas-ctm01/datasets/public/Oxford102Flowers/jpg/image_08124.jpg,image_08124.jpg,20.92222023010254
7248,/nas-ctm01/datasets/public/Oxford102Flowers/jpg/image_07249.jpg,image_07249.jpg,21.058494567871094
1804,/nas-ctm01/datasets/public/Oxford102Flowers/jpg/image_01805.jpg,image_01805.jpg,23.623157501220703
6948,/nas-ctm01/datasets/public/Oxford102Flowers/jpg/image_06949.jpg,image_06949.jpg,22.42047119140625
4346,/nas-ctm01/datasets/public/Oxford102Flowers/jpg/image_04347.jpg,image_04347.jpg,23.142183303833008
2461,/nas-ctm01/datasets/public/Oxford102Flowers/jpg/image_02462.jpg,image_02462.jpg,22.001420974731445
545,/nas-ctm01/datasets/public/Oxford102Flowers/jpg/image_00546.jpg,image_00546.jpg,21.581985473632812
3241,/nas-ctm01/datasets/public/Oxford102Flowers/jpg/image_03242.jpg,image_03242.jpg,22.3895263671875
738,/nas-ctm01/datasets/public/Oxford102Flowers/jpg/image_00739.jpg,image_00739.jpg,21.70774269104004
310,/nas-ctm01/datasets/public/Oxford102Flowers/jpg/image_00311.jpg,image_00311.jpg,22.72706413269043
3521,/nas-ctm01/datasets/public/Oxford102Flowers/jpg/image_03522.jpg,image_03522.jpg,22.76705551147461
1131,/nas-ctm01/datasets/public/Oxford102Flowers/jpg/image_01132.jpg,image_01132.jpg,21.272275924682617
5545,/nas-ctm01/datasets/public/Oxford102Flowers/jpg/image_05546.jpg,image_05546.jpg,22.488056182861328
8057,/nas-ctm01/datasets/public/Oxford102Flowers/jpg/image_08058.jpg,image_08058.jpg,23.269775390625
4111,/nas-ctm01/datasets/public/Oxford102Flowers/jpg/image_04112.jpg,image_04112.jpg,23.15315055847168
2769,/nas-ctm01/datasets/public/Oxford102Flowers/jpg/image_02770.jpg,image_02770.jpg,22.175113677978516
920,/nas-ctm01/datasets/public/Oxford102Flowers/jpg/image_00921.jpg,image_00921.jpg,22.73574447631836
6854,/nas-ctm01/datasets/public/Oxford102Flowers/jpg/image_06855.jpg,image_06855.jpg,21.647823333740234
3587,/nas-ctm01/datasets/public/Oxford102Flowers/jpg/image_03588.jpg,image_03588.jpg,22.611083984375
3959,/nas-ctm01/datasets/public/Oxford102Flowers/jpg/image_03960.jpg,image_03960.jpg,21.14905548095703
38,/nas-ctm01/datasets/public/Oxford102Flowers/jpg/image_00039.jpg,image_00039.jpg,22.669504165649414
4459,/nas-ctm01/datasets/public/Oxford102Flowers/jpg/image_04460.jpg,image_04460.jpg,21.57185935974121
4278,/nas-ctm01/datasets/public/Oxford102Flowers/jpg/image_04279.jpg,image_04279.jpg,22.406930923461914
2983,/nas-ctm01/datasets/public/Oxford102Flowers/jpg/image_02984.jpg,image_02984.jpg,21.9243221282959
5290,/nas-ctm01/datasets/public/Oxford102Flowers/jpg/image_05291.jpg,image_05291.jpg,20.63032341003418
8169,/nas-ctm01/datasets/public/Oxford102Flowers/jpg/image_08170.jpg,image_08170.jpg,21.547948837280273
5217,/nas-ctm01/datasets/public/Oxford102Flowers/jpg/image_05218.jpg,image_05218.jpg,21.740978240966797
8059,/nas-ctm01/datasets/public/Oxford102Flowers/jpg/image_08060.jpg,image_08060.jpg,22.644899368286133
2667,/nas-ctm01/datasets/public/Oxford102Flowers/jpg/image_02668.jpg,image_02668.jpg,23.128007888793945
3223,/nas-ctm01/datasets/public/Oxford102Flowers/jpg/image_03224.jpg,image_03224.jpg,22.429485321044922
1182,/nas-ctm01/datasets/public/Oxford102Flowers/jpg/image_01183.jpg,image_01183.jpg,21.440326690673828
7431,/nas-ctm01/datasets/public/Oxford102Flowers/jpg/image_07432.jpg,image_07432.jpg,22.389923095703125
614,/nas-ctm01/datasets/public/Oxford102Flowers/jpg/image_00615.jpg,image_00615.jpg,21.768184661865234
8033,/nas-ctm01/datasets/public/Oxford102Flowers/jpg/image_08034.jpg,image_08034.jpg,20.716493606567383
1466,/nas-ctm01/datasets/public/Oxford102Flowers/jpg/image_01467.jpg,image_01467.jpg,20.745088577270508
4497,/nas-ctm01/datasets/public/Oxford102Flowers/jpg/image_04498.jpg,image_04498.jpg,21.127872467041016
3042,/nas-ctm01/datasets/public/Oxford102Flowers/jpg/image_03043.jpg,image_03043.jpg,21.441207885742188
934,/nas-ctm01/datasets/public/Oxford102Flowers/jpg/image_00935.jpg,image_00935.jpg,22.603187561035156
2419,/nas-ctm01/datasets/public/Oxford102Flowers/jpg/image_02420.jpg,image_02420.jpg,21.31007194519043
5085,/nas-ctm01/datasets/public/Oxford102Flowers/jpg/image_05086.jpg,image_05086.jpg,21.733654022216797
7388,/nas-ctm01/datasets/public/Oxford102Flowers/jpg/image_07389.jpg,image_07389.jpg,22.140897750854492
6633,/nas-ctm01/datasets/public/Oxford102Flowers/jpg/image_06634.jpg,image_06634.jpg,21.722700119018555
4822,/nas-ctm01/datasets/public/Oxford102Flowers/jpg/image_04823.jpg,image_04823.jpg,22.011449813842773
826,/nas-ctm01/datasets/public/Oxford102Flowers/jpg/image_00827.jpg,image_00827.jpg,22.742929458618164
1521,/nas-ctm01/datasets/public/Oxford102Flowers/jpg/image_01522.jpg,image_01522.jpg,23.96320343017578
2930,/nas-ctm01/datasets/public/Oxford102Flowers/jpg/image_02931.jpg,image_02931.jpg,22.259231567382812
4232,/nas-ctm01/datasets/public/Oxford102Flowers/jpg/image_04233.jpg,image_04233.jpg,21.4761905670166
628,/nas-ctm01/datasets/public/Oxford102Flowers/jpg/image_00629.jpg,image_00629.jpg,21.389141082763672
4430,/nas-ctm01/datasets/public/Oxford102Flowers/jpg/image_04431.jpg,image_04431.jpg,21.158199310302734
3853,/nas-ctm01/datasets/public/Oxford102Flowers/jpg/image_03854.jpg,image_03854.jpg,24.258724212646484
390,/nas-ctm01/datasets/public/Oxford102Flowers/jpg/image_00391.jpg,image_00391.jpg,23.06319236755371
4345,/nas-ctm01/datasets/public/Oxford102Flowers/jpg/image_04346.jpg,image_04346.jpg,21.664310455322266
7969,/nas-ctm01/datasets/public/Oxford102Flowers/jpg/image_07970.jpg,image_07970.jpg,21.172555923461914
5913,/nas-ctm01/datasets/public/Oxford102Flowers/jpg/image_05914.jpg,image_05914.jpg,23.845664978027344
3990,/nas-ctm01/datasets/public/Oxford102Flowers/jpg/image_03991.jpg,image_03991.jpg,22.284849166870117
400,/nas-ctm01/datasets/public/Oxford102Flowers/jpg/image_00401.jpg,image_00401.jpg,22.95711898803711
4806,/nas-ctm01/datasets/public/Oxford102Flowers/jpg/image_04807.jpg,image_04807.jpg,21.78738784790039
5135,/nas-ctm01/datasets/public/Oxford102Flowers/jpg/image_05136.jpg,image_05136.jpg,22.105690002441406
7650,/nas-ctm01/datasets/public/Oxford102Flowers/jpg/image_07651.jpg,image_07651.jpg,21.17564582824707
3359,/nas-ctm01/datasets/public/Oxford102Flowers/jpg/image_03360.jpg,image_03360.jpg,24.31110191345215
46,/nas-ctm01/datasets/public/Oxford102Flowers/jpg/image_00047.jpg,image_00047.jpg,23.614397048950195
5657,/nas-ctm01/datasets/public/Oxford102Flowers/jpg/image_05658.jpg,image_05658.jpg,21.990001678466797
7847,/nas-ctm01/datasets/public/Oxford102Flowers/jpg/image_07848.jpg,image_07848.jpg,22.587308883666992
8062,/nas-ctm01/datasets/public/Oxford102Flowers/jpg/image_08063.jpg,image_08063.jpg,21.60932159423828
3642,/nas-ctm01/datasets/public/Oxford102Flowers/jpg/image_03643.jpg,image_03643.jpg,21.230182647705078
3726,/nas-ctm01/datasets/public/Oxford102Flowers/jpg/image_03727.jpg,image_03727.jpg,21.44867706298828
7494,/nas-ctm01/datasets/public/Oxford102Flowers/jpg/image_07495.jpg,image_07495.jpg,22.91754722595215
5208,/nas-ctm01/datasets/public/Oxford102Flowers/jpg/image_05209.jpg,image_05209.jpg,23.593568801879883
5319,/nas-ctm01/datasets/public/Oxford102Flowers/jpg/image_05320.jpg,image_05320.jpg,21.678922653198242
7936,/nas-ctm01/datasets/public/Oxford102Flowers/jpg/image_07937.jpg,image_07937.jpg,21.51358985900879
2421,/nas-ctm01/datasets/public/Oxford102Flowers/jpg/image_02422.jpg,image_02422.jpg,22.237497329711914
5604,/nas-ctm01/datasets/public/Oxford102Flowers/jpg/image_05605.jpg,image_05605.jpg,22.127838134765625
1750,/nas-ctm01/datasets/public/Oxford102Flowers/jpg/image_01751.jpg,image_01751.jpg,22.866371154785156
8010,/nas-ctm01/datasets/public/Oxford102Flowers/jpg/image_08011.jpg,image_08011.jpg,22.024024963378906
6702,/nas-ctm01/datasets/public/Oxford102Flowers/jpg/image_06703.jpg,image_06703.jpg,20.5145320892334
4062,/nas-ctm01/datasets/public/Oxford102Flowers/jpg/image_04063.jpg,image_04063.jpg,21.08759880065918
7746,/nas-ctm01/datasets/public/Oxford102Flowers/jpg/image_07747.jpg,image_07747.jpg,21.067689895629883
338,/nas-ctm01/datasets/public/Oxford102Flowers/jpg/image_00339.jpg,image_00339.jpg,22.76315689086914
215,/nas-ctm01/datasets/public/Oxford102Flowers/jpg/image_00216.jpg,image_00216.jpg,23.616601943969727
3663,/nas-ctm01/datasets/public/Oxford102Flowers/jpg/image_03664.jpg,image_03664.jpg,21.327470779418945
1341,/nas-ctm01/datasets/public/Oxford102Flowers/jpg/image_01342.jpg,image_01342.jpg,21.629323959350586
7487,/nas-ctm01/datasets/public/Oxford102Flowers/jpg/image_07488.jpg,image_07488.jpg,21.724342346191406
7917,/nas-ctm01/datasets/public/Oxford102Flowers/jpg/image_07918.jpg,image_07918.jpg,22.933778762817383
3894,/nas-ctm01/datasets/public/Oxford102Flowers/jpg/image_03895.jpg,image_03895.jpg,22.711578369140625
3640,/nas-ctm01/datasets/public/Oxford102Flowers/jpg/image_03641.jpg,image_03641.jpg,21.740314483642578
329,/nas-ctm01/datasets/public/Oxford102Flowers/jpg/image_00330.jpg,image_00330.jpg,22.17316246032715
6441,/nas-ctm01/datasets/public/Oxford102Flowers/jpg/image_06442.jpg,image_06442.jpg,22.8404541015625
3004,/nas-ctm01/datasets/public/Oxford102Flowers/jpg/image_03005.jpg,image_03005.jpg,22.106172561645508
7815,/nas-ctm01/datasets/public/Oxford102Flowers/jpg/image_07816.jpg,image_07816.jpg,21.992111206054688
3115,/nas-ctm01/datasets/public/Oxford102Flowers/jpg/image_03116.jpg,image_03116.jpg,20.981597900390625
7909,/nas-ctm01/datasets/public/Oxford102Flowers/jpg/image_07910.jpg,image_07910.jpg,21.994569778442383
2322,/nas-ctm01/datasets/public/Oxford102Flowers/jpg/image_02323.jpg,image_02323.jpg,21.795700073242188
4197,/nas-ctm01/datasets/public/Oxford102Flowers/jpg/image_04198.jpg,image_04198.jpg,22.42145347595215
3549,/nas-ctm01/datasets/public/Oxford102Flowers/jpg/image_03550.jpg,image_03550.jpg,22.107389450073242
1458,/nas-ctm01/datasets/public/Oxford102Flowers/jpg/image_01459.jpg,image_01459.jpg,20.520668029785156
171,/nas-ctm01/datasets/public/Oxford102Flowers/jpg/image_00172.jpg,image_00172.jpg,23.74956512451172
4203,/nas-ctm01/datasets/public/Oxford102Flowers/jpg/image_04204.jpg,image_04204.jpg,22.982864379882812
6851,/nas-ctm01/datasets/public/Oxford102Flowers/jpg/image_06852.jpg,image_06852.jpg,21.628009796142578
3569,/nas-ctm01/datasets/public/Oxford102Flowers/jpg/image_03570.jpg,image_03570.jpg,21.541458129882812
4226,/nas-ctm01/datasets/public/Oxford102Flowers/jpg/image_04227.jpg,image_04227.jpg,21.034671783447266
5158,/nas-ctm01/datasets/public/Oxford102Flowers/jpg/image_05159.jpg,image_05159.jpg,23.107316970825195
6676,/nas-ctm01/datasets/public/Oxford102Flowers/jpg/image_06677.jpg,image_06677.jpg,21.252702713012695
6185,/nas-ctm01/datasets/public/Oxford102Flowers/jpg/image_06186.jpg,image_06186.jpg,20.697772979736328
6741,/nas-ctm01/datasets/public/Oxford102Flowers/jpg/image_06742.jpg,image_06742.jpg,21.009689331054688
938,/nas-ctm01/datasets/public/Oxford102Flowers/jpg/image_00939.jpg,image_00939.jpg,21.64884376525879
60,/nas-ctm01/datasets/public/Oxford102Flowers/jpg/image_00061.jpg,image_00061.jpg,24.4486083984375
1240,/nas-ctm01/datasets/public/Oxford102Flowers/jpg/image_01241.jpg,image_01241.jpg,22.542381286621094
5760,/nas-ctm01/datasets/public/Oxford102Flowers/jpg/image_05761.jpg,image_05761.jpg,23.6984920501709
5136,/nas-ctm01/datasets/public/Oxford102Flowers/jpg/image_05137.jpg,image_05137.jpg,22.489641189575195
6836,/nas-ctm01/datasets/public/Oxford102Flowers/jpg/image_06837.jpg,image_06837.jpg,22.47231674194336
2120,/nas-ctm01/datasets/public/Oxford102Flowers/jpg/image_02121.jpg,image_02121.jpg,21.50128936767578
1524,/nas-ctm01/datasets/public/Oxford102Flowers/jpg/image_01525.jpg,image_01525.jpg,24.86873435974121
153,/nas-ctm01/datasets/public/Oxford102Flowers/jpg/image_00154.jpg,image_00154.jpg,24.42959213256836
6344,/nas-ctm01/datasets/public/Oxford102Flowers/jpg/image_06345.jpg,image_06345.jpg,22.724111557006836
481,/nas-ctm01/datasets/public/Oxford102Flowers/jpg/image_00482.jpg,image_00482.jpg,23.1335506439209
6122,/nas-ctm01/datasets/public/Oxford102Flowers/jpg/image_06123.jpg,image_06123.jpg,21.29363250732422
4460,/nas-ctm01/datasets/public/Oxford102Flowers/jpg/image_04461.jpg,image_04461.jpg,22.296838760375977
3920,/nas-ctm01/datasets/public/Oxford102Flowers/jpg/image_03921.jpg,image_03921.jpg,21.622041702270508
1762,/nas-ctm01/datasets/public/Oxford102Flowers/jpg/image_01763.jpg,image_01763.jpg,23.959758758544922
750,/nas-ctm01/datasets/public/Oxford102Flowers/jpg/image_00751.jpg,image_00751.jpg,21.391939163208008
1785,/nas-ctm01/datasets/public/Oxford102Flowers/jpg/image_01786.jpg,image_01786.jpg,23.256755828857422
6802,/nas-ctm01/datasets/public/Oxford102Flowers/jpg/image_06803.jpg,image_06803.jpg,20.07454490661621
6212,/nas-ctm01/datasets/public/Oxford102Flowers/jpg/image_06213.jpg,image_06213.jpg,22.836591720581055
4501,/nas-ctm01/datasets/public/Oxford102Flowers/jpg/image_04502.jpg,image_04502.jpg,21.45314598083496
4853,/nas-ctm01/datasets/public/Oxford102Flowers/jpg/image_04854.jpg,image_04854.jpg,22.35105323791504
2711,/nas-ctm01/datasets/public/Oxford102Flowers/jpg/image_02712.jpg,image_02712.jpg,23.013320922851562
7838,/nas-ctm01/datasets/public/Oxford102Flowers/jpg/image_07839.jpg,image_07839.jpg,23.511884689331055
4193,/nas-ctm01/datasets/public/Oxford102Flowers/jpg/image_04194.jpg,image_04194.jpg,22.617389678955078
1333,/nas-ctm01/datasets/public/Oxford102Flowers/jpg/image_01334.jpg,image_01334.jpg,21.516050338745117
7288,/nas-ctm01/datasets/public/Oxford102Flowers/jpg/image_07289.jpg,image_07289.jpg,20.911245346069336
2854,/nas-ctm01/datasets/public/Oxford102Flowers/jpg/image_02855.jpg,image_02855.jpg,22.332319259643555
186,/nas-ctm01/datasets/public/Oxford102Flowers/jpg/image_00187.jpg,image_00187.jpg,24.546344757080078
1136,/nas-ctm01/datasets/public/Oxford102Flowers/jpg/image_01137.jpg,image_01137.jpg,21.428274154663086
2058,/nas-ctm01/datasets/public/Oxford102Flowers/jpg/image_02059.jpg,image_02059.jpg,21.95785140991211
6859,/nas-ctm01/datasets/public/Oxford102Flowers/jpg/image_06860.jpg,image_06860.jpg,22.07233238220215
6853,/nas-ctm01/datasets/public/Oxford102Flowers/jpg/image_06854.jpg,image_06854.jpg,22.15427017211914
148,/nas-ctm01/datasets/public/Oxford102Flowers/jpg/image_00149.jpg,image_00149.jpg,23.48540687561035
4124,/nas-ctm01/datasets/public/Oxford102Flowers/jpg/image_04125.jpg,image_04125.jpg,22.53373908996582
4889,/nas-ctm01/datasets/public/Oxford102Flowers/jpg/image_04890.jpg,image_04890.jpg,22.79253387451172
7981,/nas-ctm01/datasets/public/Oxford102Flowers/jpg/image_07982.jpg,image_07982.jpg,20.83091926574707
3363,/nas-ctm01/datasets/public/Oxford102Flowers/jpg/image_03364.jpg,image_03364.jpg,23.321189880371094
4788,/nas-ctm01/datasets/public/Oxford102Flowers/jpg/image_04789.jpg,image_04789.jpg,22.461517333984375
2866,/nas-ctm01/datasets/public/Oxford102Flowers/jpg/image_02867.jpg,image_02867.jpg,22.474523544311523
3776,/nas-ctm01/datasets/public/Oxford102Flowers/jpg/image_03777.jpg,image_03777.jpg,20.26443099975586
1386,/nas-ctm01/datasets/public/Oxford102Flowers/jpg/image_01387.jpg,image_01387.jpg,20.818458557128906
5941,/nas-ctm01/datasets/public/Oxford102Flowers/jpg/image_05942.jpg,image_05942.jpg,22.92418670654297
7735,/nas-ctm01/datasets/public/Oxford102Flowers/jpg/image_07736.jpg,image_07736.jpg,21.16830062866211
6957,/nas-ctm01/datasets/public/Oxford102Flowers/jpg/image_06958.jpg,image_06958.jpg,20.252952575683594
5695,/nas-ctm01/datasets/public/Oxford102Flowers/jpg/image_05696.jpg,image_05696.jpg,23.031492233276367
3629,/nas-ctm01/datasets/public/Oxford102Flowers/jpg/image_03630.jpg,image_03630.jpg,21.06109619140625
7363,/nas-ctm01/datasets/public/Oxford102Flowers/jpg/image_07364.jpg,image_07364.jpg,21.341854095458984
4797,/nas-ctm01/datasets/public/Oxford102Flowers/jpg/image_04798.jpg,image_04798.jpg,21.20563316345215
3028,/nas-ctm01/datasets/public/Oxford102Flowers/jpg/image_03029.jpg,image_03029.jpg,21.686912536621094
2969,/nas-ctm01/datasets/public/Oxford102Flowers/jpg/image_02970.jpg,image_02970.jpg,22.936443328857422
7115,/nas-ctm01/datasets/public/Oxford102Flowers/jpg/image_07116.jpg,image_07116.jpg,21.56217384338379
1708,/nas-ctm01/datasets/public/Oxford102Flowers/jpg/image_01709.jpg,image_01709.jpg,23.718488693237305
2953,/nas-ctm01/datasets/public/Oxford102Flowers/jpg/image_02954.jpg,image_02954.jpg,22.621992111206055
454,/nas-ctm01/datasets/public/Oxford102Flowers/jpg/image_00455.jpg,image_00455.jpg,22.100568771362305
6136,/nas-ctm01/datasets/public/Oxford102Flowers/jpg/image_06137.jpg,image_06137.jpg,20.911800384521484
6840,/nas-ctm01/datasets/public/Oxford102Flowers/jpg/image_06841.jpg,image_06841.jpg,21.860435485839844
6411,/nas-ctm01/datasets/public/Oxford102Flowers/jpg/image_06412.jpg,image_06412.jpg,21.617027282714844
609,/nas-ctm01/datasets/public/Oxford102Flowers/jpg/image_00610.jpg,image_00610.jpg,21.313692092895508
4263,/nas-ctm01/datasets/public/Oxford102Flowers/jpg/image_04264.jpg,image_04264.jpg,21.950881958007812
4826,/nas-ctm01/datasets/public/Oxford102Flowers/jpg/image_04827.jpg,image_04827.jpg,21.93708610534668
6934,/nas-ctm01/datasets/public/Oxford102Flowers/jpg/image_06935.jpg,image_06935.jpg,23.046710968017578
2074,/nas-ctm01/datasets/public/Oxford102Flowers/jpg/image_02075.jpg,image_02075.jpg,22.28333282470703
4052,/nas-ctm01/datasets/public/Oxford102Flowers/jpg/image_04053.jpg,image_04053.jpg,21.639307022094727
6653,/nas-ctm01/datasets/public/Oxford102Flowers/jpg/image_06654.jpg,image_06654.jpg,21.354515075683594
1622,/nas-ctm01/datasets/public/Oxford102Flowers/jpg/image_01623.jpg,image_01623.jpg,23.614259719848633
4683,/nas-ctm01/datasets/public/Oxford102Flowers/jpg/image_04684.jpg,image_04684.jpg,21.726882934570312
5497,/nas-ctm01/datasets/public/Oxford102Flowers/jpg/image_05498.jpg,image_05498.jpg,22.24414825439453
5796,/nas-ctm01/datasets/public/Oxford102Flowers/jpg/image_05797.jpg,image_05797.jpg,22.151334762573242
7173,/nas-ctm01/datasets/public/Oxford102Flowers/jpg/image_07174.jpg,image_07174.jpg,21.91350746154785
40,/nas-ctm01/datasets/public/Oxford102Flowers/jpg/image_00041.jpg,image_00041.jpg,22.58477210998535
5475,/nas-ctm01/datasets/public/Oxford102Flowers/jpg/image_05476.jpg,image_05476.jpg,22.95326805114746
2089,/nas-ctm01/datasets/public/Oxford102Flowers/jpg/image_02090.jpg,image_02090.jpg,22.152570724487305
3924,/nas-ctm01/datasets/public/Oxford102Flowers/jpg/image_03925.jpg,image_03925.jpg,22.040063858032227
2175,/nas-ctm01/datasets/public/Oxford102Flowers/jpg/image_02176.jpg,image_02176.jpg,21.563552856445312
74,/nas-ctm01/datasets/public/Oxford102Flowers/jpg/image_00075.jpg,image_00075.jpg,23.75461196899414
6550,/nas-ctm01/datasets/public/Oxford102Flowers/jpg/image_06551.jpg,image_06551.jpg,23.603042602539062
8074,/nas-ctm01/datasets/public/Oxford102Flowers/jpg/image_08075.jpg,image_08075.jpg,22.7552547454834
2657,/nas-ctm01/datasets/public/Oxford102Flowers/jpg/image_02658.jpg,image_02658.jpg,22.378698348999023
3180,/nas-ctm01/datasets/public/Oxford102Flowers/jpg/image_03181.jpg,image_03181.jpg,21.426340103149414
2076,/nas-ctm01/datasets/public/Oxford102Flowers/jpg/image_02077.jpg,image_02077.jpg,21.7651309967041
441,/nas-ctm01/datasets/public/Oxford102Flowers/jpg/image_00442.jpg,image_00442.jpg,22.948307037353516
2051,/nas-ctm01/datasets/public/Oxford102Flowers/jpg/image_02052.jpg,image_02052.jpg,22.183256149291992
2541,/nas-ctm01/datasets/public/Oxford102Flowers/jpg/image_02542.jpg,image_02542.jpg,22.601444244384766
1301,/nas-ctm01/datasets/public/Oxford102Flowers/jpg/image_01302.jpg,image_01302.jpg,20.845476150512695
7528,/nas-ctm01/datasets/public/Oxford102Flowers/jpg/image_07529.jpg,image_07529.jpg,22.053529739379883
3430,/nas-ctm01/datasets/public/Oxford102Flowers/jpg/image_03431.jpg,image_03431.jpg,21.450132369995117
1304,/nas-ctm01/datasets/public/Oxford102Flowers/jpg/image_01305.jpg,image_01305.jpg,22.879776000976562
236,/nas-ctm01/datasets/public/Oxford102Flowers/jpg/image_00237.jpg,image_00237.jpg,23.484386444091797
7259,/nas-ctm01/datasets/public/Oxford102Flowers/jpg/image_07260.jpg,image_07260.jpg,20.78950309753418
2599,/nas-ctm01/datasets/public/Oxford102Flowers/jpg/image_02600.jpg,image_02600.jpg,23.018234252929688
4616,/nas-ctm01/datasets/public/Oxford102Flowers/jpg/image_04617.jpg,image_04617.jpg,20.8731746673584
2573,/nas-ctm01/datasets/public/Oxford102Flowers/jpg/image_02574.jpg,image_02574.jpg,22.259605407714844
3280,/nas-ctm01/datasets/public/Oxford102Flowers/jpg/image_03281.jpg,image_03281.jpg,22.352005004882812
3186,/nas-ctm01/datasets/public/Oxford102Flowers/jpg/image_03187.jpg,image_03187.jpg,20.875747680664062
3953,/nas-ctm01/datasets/public/Oxford102Flowers/jpg/image_03954.jpg,image_03954.jpg,21.28340721130371
2768,/nas-ctm01/datasets/public/Oxford102Flowers/jpg/image_02769.jpg,image_02769.jpg,22.217374801635742
4831,/nas-ctm01/datasets/public/Oxford102Flowers/jpg/image_04832.jpg,image_04832.jpg,22.53683853149414
4223,/nas-ctm01/datasets/public/Oxford102Flowers/jpg/image_04224.jpg,image_04224.jpg,21.818016052246094
2106,/nas-ctm01/datasets/public/Oxford102Flowers/jpg/image_02107.jpg,image_02107.jpg,22.35331916809082
2679,/nas-ctm01/datasets/public/Oxford102Flowers/jpg/image_02680.jpg,image_02680.jpg,22.950862884521484
2761,/nas-ctm01/datasets/public/Oxford102Flowers/jpg/image_02762.jpg,image_02762.jpg,22.112293243408203
4688,/nas-ctm01/datasets/public/Oxford102Flowers/jpg/image_04689.jpg,image_04689.jpg,21.283632278442383
5399,/nas-ctm01/datasets/public/Oxford102Flowers/jpg/image_05400.jpg,image_05400.jpg,22.922481536865234
1387,/nas-ctm01/datasets/public/Oxford102Flowers/jpg/image_01388.jpg,image_01388.jpg,20.722116470336914
7685,/nas-ctm01/datasets/public/Oxford102Flowers/jpg/image_07686.jpg,image_07686.jpg,22.502910614013672
7409,/nas-ctm01/datasets/public/Oxford102Flowers/jpg/image_07410.jpg,image_07410.jpg,22.116695404052734
6581,/nas-ctm01/datasets/public/Oxford102Flowers/jpg/image_06582.jpg,image_06582.jpg,19.923913955688477
7822,/nas-ctm01/datasets/public/Oxford102Flowers/jpg/image_07823.jpg,image_07823.jpg,22.08800506591797
8069,/nas-ctm01/datasets/public/Oxford102Flowers/jpg/image_08070.jpg,image_08070.jpg,21.292875289916992
5000,/nas-ctm01/datasets/public/Oxford102Flowers/jpg/image_05001.jpg,image_05001.jpg,21.966047286987305
5853,/nas-ctm01/datasets/public/Oxford102Flowers/jpg/image_05854.jpg,image_05854.jpg,22.9929141998291
1279,/nas-ctm01/datasets/public/Oxford102Flowers/jpg/image_01280.jpg,image_01280.jpg,21.80360984802246
7306,/nas-ctm01/datasets/public/Oxford102Flowers/jpg/image_07307.jpg,image_07307.jpg,22.516645431518555
8017,/nas-ctm01/datasets/public/Oxford102Flowers/jpg/image_08018.jpg,image_08018.jpg,21.304765701293945
6404,/nas-ctm01/datasets/public/Oxford102Flowers/jpg/image_06405.jpg,image_06405.jpg,21.18545913696289
1555,/nas-ctm01/datasets/public/Oxford102Flowers/jpg/image_01556.jpg,image_01556.jpg,24.465370178222656
7403,/nas-ctm01/datasets/public/Oxford102Flowers/jpg/image_07404.jpg,image_07404.jpg,22.364614486694336
3190,/nas-ctm01/datasets/public/Oxford102Flowers/jpg/image_03191.jpg,image_03191.jpg,23.066347122192383
4566,/nas-ctm01/datasets/public/Oxford102Flowers/jpg/image_04567.jpg,image_04567.jpg,21.88717269897461
4802,/nas-ctm01/datasets/public/Oxford102Flowers/jpg/image_04803.jpg,image_04803.jpg,22.632431030273438
7680,/nas-ctm01/datasets/public/Oxford102Flowers/jpg/image_07681.jpg,image_07681.jpg,20.737802505493164
4841,/nas-ctm01/datasets/public/Oxford102Flowers/jpg/image_04842.jpg,image_04842.jpg,22.35660743713379
3594,/nas-ctm01/datasets/public/Oxford102Flowers/jpg/image_03595.jpg,image_03595.jpg,22.516239166259766
6035,/nas-ctm01/datasets/public/Oxford102Flowers/jpg/image_06036.jpg,image_06036.jpg,21.011865615844727
1920,/nas-ctm01/datasets/public/Oxford102Flowers/jpg/image_01921.jpg,image_01921.jpg,22.92124366760254
513,/nas-ctm01/datasets/public/Oxford102Flowers/jpg/image_00514.jpg,image_00514.jpg,20.90966033935547
4177,/nas-ctm01/datasets/public/Oxford102Flowers/jpg/image_04178.jpg,image_04178.jpg,22.177501678466797
1308,/nas-ctm01/datasets/public/Oxford102Flowers/jpg/image_01309.jpg,image_01309.jpg,23.385223388671875
5667,/nas-ctm01/datasets/public/Oxford102Flowers/jpg/image_05668.jpg,image_05668.jpg,21.450824737548828
914,/nas-ctm01/datasets/public/Oxford102Flowers/jpg/image_00915.jpg,image_00915.jpg,22.106842041015625
3452,/nas-ctm01/datasets/public/Oxford102Flowers/jpg/image_03453.jpg,image_03453.jpg,21.18480110168457
3695,/nas-ctm01/datasets/public/Oxford102Flowers/jpg/image_03696.jpg,image_03696.jpg,20.776805877685547
4242,/nas-ctm01/datasets/public/Oxford102Flowers/jpg/image_04243.jpg,image_04243.jpg,22.324857711791992
3156,/nas-ctm01/datasets/public/Oxford102Flowers/jpg/image_03157.jpg,image_03157.jpg,21.151811599731445
2198,/nas-ctm01/datasets/public/Oxford102Flowers/jpg/image_02199.jpg,image_02199.jpg,21.603851318359375
774,/nas-ctm01/datasets/public/Oxford102Flowers/jpg/image_00775.jpg,image_00775.jpg,21.704639434814453
4425,/nas-ctm01/datasets/public/Oxford102Flowers/jpg/image_04426.jpg,image_04426.jpg,21.06382942199707
6150,/nas-ctm01/datasets/public/Oxford102Flowers/jpg/image_06151.jpg,image_06151.jpg,20.99483299255371
6097,/nas-ctm01/datasets/public/Oxford102Flowers/jpg/image_06098.jpg,image_06098.jpg,21.26410675048828
943,/nas-ctm01/datasets/public/Oxford102Flowers/jpg/image_00944.jpg,image_00944.jpg,22.173622131347656
822,/nas-ctm01/datasets/public/Oxford102Flowers/jpg/image_00823.jpg,image_00823.jpg,23.356279373168945
5005,/nas-ctm01/datasets/public/Oxford102Flowers/jpg/image_05006.jpg,image_05006.jpg,22.96613311767578
4277,/nas-ctm01/datasets/public/Oxford102Flowers/jpg/image_04278.jpg,image_04278.jpg,21.380407333374023
164,/nas-ctm01/datasets/public/Oxford102Flowers/jpg/image_00165.jpg,image_00165.jpg,24.086381912231445
5619,/nas-ctm01/datasets/public/Oxford102Flowers/jpg/image_05620.jpg,image_05620.jpg,22.098407745361328
4547,/nas-ctm01/datasets/public/Oxford102Flowers/jpg/image_04548.jpg,image_04548.jpg,20.32191276550293
3983,/nas-ctm01/datasets/public/Oxford102Flowers/jpg/image_03984.jpg,image_03984.jpg,22.151187896728516
2538,/nas-ctm01/datasets/public/Oxford102Flowers/jpg/image_02539.jpg,image_02539.jpg,22.609914779663086
7803,/nas-ctm01/datasets/public/Oxford102Flowers/jpg/image_07804.jpg,image_07804.jpg,21.010295867919922
1311,/nas-ctm01/datasets/public/Oxford102Flowers/jpg/image_01312.jpg,image_01312.jpg,21.687881469726562
5207,/nas-ctm01/datasets/public/Oxford102Flowers/jpg/image_05208.jpg,image_05208.jpg,22.465524673461914
7445,/nas-ctm01/datasets/public/Oxford102Flowers/jpg/image_07446.jpg,image_07446.jpg,21.142738342285156
5383,/nas-ctm01/datasets/public/Oxford102Flowers/jpg/image_05384.jpg,image_05384.jpg,20.506914138793945
6821,/nas-ctm01/datasets/public/Oxford102Flowers/jpg/image_06822.jpg,image_06822.jpg,22.21113395690918
7594,/nas-ctm01/datasets/public/Oxford102Flowers/jpg/image_07595.jpg,image_07595.jpg,22.59822654724121
3300,/nas-ctm01/datasets/public/Oxford102Flowers/jpg/image_03301.jpg,image_03301.jpg,21.593334197998047
3310,/nas-ctm01/datasets/public/Oxford102Flowers/jpg/image_03311.jpg,image_03311.jpg,22.87697410583496
327,/nas-ctm01/datasets/public/Oxford102Flowers/jpg/image_00328.jpg,image_00328.jpg,22.260513305664062
5886,/nas-ctm01/datasets/public/Oxford102Flowers/jpg/image_05887.jpg,image_05887.jpg,22.84577178955078
2490,/nas-ctm01/datasets/public/Oxford102Flowers/jpg/image_02491.jpg,image_02491.jpg,23.271818161010742
7702,/nas-ctm01/datasets/public/Oxford102Flowers/jpg/image_07703.jpg,image_07703.jpg,22.146671295166016
6103,/nas-ctm01/datasets/public/Oxford102Flowers/jpg/image_06104.jpg,image_06104.jpg,20.948970794677734
5954,/nas-ctm01/datasets/public/Oxford102Flowers/jpg/image_05955.jpg,image_05955.jpg,22.769264221191406
7670,/nas-ctm01/datasets/public/Oxford102Flowers/jpg/image_07671.jpg,image_07671.jpg,23.1571044921875
4408,/nas-ctm01/datasets/public/Oxford102Flowers/jpg/image_04409.jpg,image_04409.jpg,21.80005645751953
832,/nas-ctm01/datasets/public/Oxford102Flowers/jpg/image_00833.jpg,image_00833.jpg,22.8147029876709
3079,/nas-ctm01/datasets/public/Oxford102Flowers/jpg/image_03080.jpg,image_03080.jpg,21.15761375427246
3462,/nas-ctm01/datasets/public/Oxford102Flowers/jpg/image_03463.jpg,image_03463.jpg,22.802526473999023
5297,/nas-ctm01/datasets/public/Oxford102Flowers/jpg/image_05298.jpg,image_05298.jpg,22.325538635253906
7174,/nas-ctm01/datasets/public/Oxford102Flowers/jpg/image_07175.jpg,image_07175.jpg,21.95542335510254
54,/nas-ctm01/datasets/public/Oxford102Flowers/jpg/image_00055.jpg,image_00055.jpg,22.998266220092773
6230,/nas-ctm01/datasets/public/Oxford102Flowers/jpg/image_06231.jpg,image_06231.jpg,22.86165428161621
4064,/nas-ctm01/datasets/public/Oxford102Flowers/jpg/image_04065.jpg,image_04065.jpg,22.287527084350586
3451,/nas-ctm01/datasets/public/Oxford102Flowers/jpg/image_03452.jpg,image_03452.jpg,21.34811019897461
6305,/nas-ctm01/datasets/public/Oxford102Flowers/jpg/image_06306.jpg,image_06306.jpg,22.3416690826416
1901,/nas-ctm01/datasets/public/Oxford102Flowers/jpg/image_01902.jpg,image_01902.jpg,23.414566040039062
1481,/nas-ctm01/datasets/public/Oxford102Flowers/jpg/image_01482.jpg,image_01482.jpg,22.12801170349121
4873,/nas-ctm01/datasets/public/Oxford102Flowers/jpg/image_04874.jpg,image_04874.jpg,22.565576553344727
4895,/nas-ctm01/datasets/public/Oxford102Flowers/jpg/image_04896.jpg,image_04896.jpg,22.25307273864746
4150,/nas-ctm01/datasets/public/Oxford102Flowers/jpg/image_04151.jpg,image_04151.jpg,23.81236457824707
3335,/nas-ctm01/datasets/public/Oxford102Flowers/jpg/image_03336.jpg,image_03336.jpg,24.349285125732422
6016,/nas-ctm01/datasets/public/Oxford102Flowers/jpg/image_06017.jpg,image_06017.jpg,21.126632690429688
4926,/nas-ctm01/datasets/public/Oxford102Flowers/jpg/image_04927.jpg,image_04927.jpg,20.915817260742188
946,/nas-ctm01/datasets/public/Oxford102Flowers/jpg/image_00947.jpg,image_00947.jpg,21.47344970703125
5797,/nas-ctm01/datasets/public/Oxford102Flowers/jpg/image_05798.jpg,image_05798.jpg,21.566774368286133
3293,/nas-ctm01/datasets/public/Oxford102Flowers/jpg/image_03294.jpg,image_03294.jpg,22.817955017089844
2161,/nas-ctm01/datasets/public/Oxford102Flowers/jpg/image_02162.jpg,image_02162.jpg,22.035654067993164
7919,/nas-ctm01/datasets/public/Oxford102Flowers/jpg/image_07920.jpg,image_07920.jpg,21.55549430847168
5083,/nas-ctm01/datasets/public/Oxford102Flowers/jpg/image_05084.jpg,image_05084.jpg,21.761474609375
6925,/nas-ctm01/datasets/public/Oxford102Flowers/jpg/image_06926.jpg,image_06926.jpg,22.071861267089844
3057,/nas-ctm01/datasets/public/Oxford102Flowers/jpg/image_03058.jpg,image_03058.jpg,21.803958892822266
5490,/nas-ctm01/datasets/public/Oxford102Flowers/jpg/image_05491.jpg,image_05491.jpg,22.784271240234375
768,/nas-ctm01/datasets/public/Oxford102Flowers/jpg/image_00769.jpg,image_00769.jpg,21.496267318725586
7697,/nas-ctm01/datasets/public/Oxford102Flowers/jpg/image_07698.jpg,image_07698.jpg,22.837553024291992
3495,/nas-ctm01/datasets/public/Oxford102Flowers/jpg/image_03496.jpg,image_03496.jpg,22.064373016357422
285,/nas-ctm01/datasets/public/Oxford102Flowers/jpg/image_00286.jpg,image_00286.jpg,22.764707565307617
8089,/nas-ctm01/datasets/public/Oxford102Flowers/jpg/image_08090.jpg,image_08090.jpg,23.06034278869629
4524,/nas-ctm01/datasets/public/Oxford102Flowers/jpg/image_04525.jpg,image_04525.jpg,21.410934448242188
7282,/nas-ctm01/datasets/public/Oxford102Flowers/jpg/image_07283.jpg,image_07283.jpg,21.683040618896484
2332,/nas-ctm01/datasets/public/Oxford102Flowers/jpg/image_02333.jpg,image_02333.jpg,21.324546813964844
2717,/nas-ctm01/datasets/public/Oxford102Flowers/jpg/image_02718.jpg,image_02718.jpg,22.30520248413086
2079,/nas-ctm01/datasets/public/Oxford102Flowers/jpg/image_02080.jpg,image_02080.jpg,21.325607299804688
3389,/nas-ctm01/datasets/public/Oxford102Flowers/jpg/image_03390.jpg,image_03390.jpg,21.37571907043457
722,/nas-ctm01/datasets/public/Oxford102Flowers/jpg/image_00723.jpg,image_00723.jpg,20.67646598815918
951,/nas-ctm01/datasets/public/Oxford102Flowers/jpg/image_00952.jpg,image_00952.jpg,21.048938751220703
7133,/nas-ctm01/datasets/public/Oxford102Flowers/jpg/image_07134.jpg,image_07134.jpg,19.229875564575195
2262,/nas-ctm01/datasets/public/Oxford102Flowers/jpg/image_02263.jpg,image_02263.jpg,21.863840103149414
989,/nas-ctm01/datasets/public/Oxford102Flowers/jpg/image_00990.jpg,image_00990.jpg,21.961021423339844
3212,/nas-ctm01/datasets/public/Oxford102Flowers/jpg/image_03213.jpg,image_03213.jpg,22.580461502075195
1759,/nas-ctm01/datasets/public/Oxford102Flowers/jpg/image_01760.jpg,image_01760.jpg,23.64510154724121
6719,/nas-ctm01/datasets/public/Oxford102Flowers/jpg/image_06720.jpg,image_06720.jpg,20.623661041259766
4422,/nas-ctm01/datasets/public/Oxford102Flowers/jpg/image_04423.jpg,image_04423.jpg,21.84482765197754
5479,/nas-ctm01/datasets/public/Oxford102Flowers/jpg/image_05480.jpg,image_05480.jpg,22.349266052246094
1724,/nas-ctm01/datasets/public/Oxford102Flowers/jpg/image_01725.jpg,image_01725.jpg,24.021751403808594
5182,/nas-ctm01/datasets/public/Oxford102Flowers/jpg/image_05183.jpg,image_05183.jpg,21.367128372192383
7323,/nas-ctm01/datasets/public/Oxford102Flowers/jpg/image_07324.jpg,image_07324.jpg,22.843141555786133
341,/nas-ctm01/datasets/public/Oxford102Flowers/jpg/image_00342.jpg,image_00342.jpg,22.556344985961914
3701,/nas-ctm01/datasets/public/Oxford102Flowers/jpg/image_03702.jpg,image_03702.jpg,21.730899810791016
4243,/nas-ctm01/datasets/public/Oxford102Flowers/jpg/image_04244.jpg,image_04244.jpg,21.40874671936035
688,/nas-ctm01/datasets/public/Oxford102Flowers/jpg/image_00689.jpg,image_00689.jpg,20.99179458618164
3432,/nas-ctm01/datasets/public/Oxford102Flowers/jpg/image_03433.jpg,image_03433.jpg,21.430601119995117
5203,/nas-ctm01/datasets/public/Oxford102Flowers/jpg/image_05204.jpg,image_05204.jpg,22.340456008911133
4944,/nas-ctm01/datasets/public/Oxford102Flowers/jpg/image_04945.jpg,image_04945.jpg,24.367103576660156
966,/nas-ctm01/datasets/public/Oxford102Flowers/jpg/image_00967.jpg,image_00967.jpg,21.024141311645508
7729,/nas-ctm01/datasets/public/Oxford102Flowers/jpg/image_07730.jpg,image_07730.jpg,21.169939041137695
7399,/nas-ctm01/datasets/public/Oxford102Flowers/jpg/image_07400.jpg,image_07400.jpg,22.146310806274414
2203,/nas-ctm01/datasets/public/Oxford102Flowers/jpg/image_02204.jpg,image_02204.jpg,22.42730140686035
2713,/nas-ctm01/datasets/public/Oxford102Flowers/jpg/image_02714.jpg,image_02714.jpg,22.5062198638916
4757,/nas-ctm01/datasets/public/Oxford102Flowers/jpg/image_04758.jpg,image_04758.jpg,21.269859313964844
5098,/nas-ctm01/datasets/public/Oxford102Flowers/jpg/image_05099.jpg,image_05099.jpg,22.379371643066406
7213,/nas-ctm01/datasets/public/Oxford102Flowers/jpg/image_07214.jpg,image_07214.jpg,21.7484188079834
7489,/nas-ctm01/datasets/public/Oxford102Flowers/jpg/image_07490.jpg,image_07490.jpg,21.103504180908203
7216,/nas-ctm01/datasets/public/Oxford102Flowers/jpg/image_07217.jpg,image_07217.jpg,24.276342391967773
5280,/nas-ctm01/datasets/public/Oxford102Flowers/jpg/image_05281.jpg,image_05281.jpg,22.11237907409668
5975,/nas-ctm01/datasets/public/Oxford102Flowers/jpg/image_05976.jpg,image_05976.jpg,22.361801147460938
3572,/nas-ctm01/datasets/public/Oxford102Flowers/jpg/image_03573.jpg,image_03573.jpg,22.54159164428711
4805,/nas-ctm01/datasets/public/Oxford102Flowers/jpg/image_04806.jpg,image_04806.jpg,22.068723678588867
5299,/nas-ctm01/datasets/public/Oxford102Flowers/jpg/image_05300.jpg,image_05300.jpg,21.57935333251953
1990,/nas-ctm01/datasets/public/Oxford102Flowers/jpg/image_01991.jpg,image_01991.jpg,22.851747512817383
4120,/nas-ctm01/datasets/public/Oxford102Flowers/jpg/image_04121.jpg,image_04121.jpg,23.51202392578125
4759,/nas-ctm01/datasets/public/Oxford102Flowers/jpg/image_04760.jpg,image_04760.jpg,21.500370025634766
6712,/nas-ctm01/datasets/public/Oxford102Flowers/jpg/image_06713.jpg,image_06713.jpg,20.71006965637207
5298,/nas-ctm01/datasets/public/Oxford102Flowers/jpg/image_05299.jpg,image_05299.jpg,21.792407989501953
7156,/nas-ctm01/datasets/public/Oxford102Flowers/jpg/image_07157.jpg,image_07157.jpg,20.974485397338867
4971,/nas-ctm01/datasets/public/Oxford102Flowers/jpg/image_04972.jpg,image_04972.jpg,23.449621200561523
7757,/nas-ctm01/datasets/public/Oxford102Flowers/jpg/image_07758.jpg,image_07758.jpg,21.100488662719727
5034,/nas-ctm01/datasets/public/Oxford102Flowers/jpg/image_05035.jpg,image_05035.jpg,21.029630661010742
3600,/nas-ctm01/datasets/public/Oxford102Flowers/jpg/image_03601.jpg,image_03601.jpg,21.673250198364258
6490,/nas-ctm01/datasets/public/Oxford102Flowers/jpg/image_06491.jpg,image_06491.jpg,22.28681755065918
7471,/nas-ctm01/datasets/public/Oxford102Flowers/jpg/image_07472.jpg,image_07472.jpg,21.162883758544922
8149,/nas-ctm01/datasets/public/Oxford102Flowers/jpg/image_08150.jpg,image_08150.jpg,20.541410446166992
6743,/nas-ctm01/datasets/public/Oxford102Flowers/jpg/image_06744.jpg,image_06744.jpg,20.78291893005371
385,/nas-ctm01/datasets/public/Oxford102Flowers/jpg/image_00386.jpg,image_00386.jpg,23.070825576782227
7144,/nas-ctm01/datasets/public/Oxford102Flowers/jpg/image_07145.jpg,image_07145.jpg,20.95726776123047
7473,/nas-ctm01/datasets/public/Oxford102Flowers/jpg/image_07474.jpg,image_07474.jpg,22.643356323242188
536,/nas-ctm01/datasets/public/Oxford102Flowers/jpg/image_00537.jpg,image_00537.jpg,20.470577239990234
6387,/nas-ctm01/datasets/public/Oxford102Flowers/jpg/image_06388.jpg,image_06388.jpg,21.481340408325195
7638,/nas-ctm01/datasets/public/Oxford102Flowers/jpg/image_07639.jpg,image_07639.jpg,23.024309158325195
5032,/nas-ctm01/datasets/public/Oxford102Flowers/jpg/image_05033.jpg,image_05033.jpg,21.011756896972656
4212,/nas-ctm01/datasets/public/Oxford102Flowers/jpg/image_04213.jpg,image_04213.jpg,21.64076805114746
6456,/nas-ctm01/datasets/public/Oxford102Flowers/jpg/image_06457.jpg,image_06457.jpg,23.584619522094727
3507,/nas-ctm01/datasets/public/Oxford102Flowers/jpg/image_03508.jpg,image_03508.jpg,21.609312057495117
201,/nas-ctm01/datasets/public/Oxford102Flowers/jpg/image_00202.jpg,image_00202.jpg,23.278535842895508
1332,/nas-ctm01/datasets/public/Oxford102Flowers/jpg/image_01333.jpg,image_01333.jpg,21.952604293823242
3502,/nas-ctm01/datasets/public/Oxford102Flowers/jpg/image_03503.jpg,image_03503.jpg,22.20297622680664
2708,/nas-ctm01/datasets/public/Oxford102Flowers/jpg/image_02709.jpg,image_02709.jpg,22.04936981201172
6030,/nas-ctm01/datasets/public/Oxford102Flowers/jpg/image_06031.jpg,image_06031.jpg,20.94428825378418
5031,/nas-ctm01/datasets/public/Oxford102Flowers/jpg/image_05032.jpg,image_05032.jpg,21.04882049560547
6514,/nas-ctm01/datasets/public/Oxford102Flowers/jpg/image_06515.jpg,image_06515.jpg,23.212432861328125
4662,/nas-ctm01/datasets/public/Oxford102Flowers/jpg/image_04663.jpg,image_04663.jpg,21.140024185180664
4021,/nas-ctm01/datasets/public/Oxford102Flowers/jpg/image_04022.jpg,image_04022.jpg,21.773942947387695
1854,/nas-ctm01/datasets/public/Oxford102Flowers/jpg/image_01855.jpg,image_01855.jpg,21.883655548095703
7317,/nas-ctm01/datasets/public/Oxford102Flowers/jpg/image_07318.jpg,image_07318.jpg,21.94198989868164
2872,/nas-ctm01/datasets/public/Oxford102Flowers/jpg/image_02873.jpg,image_02873.jpg,22.59465980529785
3030,/nas-ctm01/datasets/public/Oxford102Flowers/jpg/image_03031.jpg,image_03031.jpg,21.4062557220459
1205,/nas-ctm01/datasets/public/Oxford102Flowers/jpg/image_01206.jpg,image_01206.jpg,22.766353607177734
6563,/nas-ctm01/datasets/public/Oxford102Flowers/jpg/image_06564.jpg,image_06564.jpg,23.217561721801758
1645,/nas-ctm01/datasets/public/Oxford102Flowers/jpg/image_01646.jpg,image_01646.jpg,23.44703483581543
3417,/nas-ctm01/datasets/public/Oxford102Flowers/jpg/image_03418.jpg,image_03418.jpg,21.685409545898438
3476,/nas-ctm01/datasets/public/Oxford102Flowers/jpg/image_03477.jpg,image_03477.jpg,22.26137351989746
6883,/nas-ctm01/datasets/public/Oxford102Flowers/jpg/image_06884.jpg,image_06884.jpg,21.11801528930664
2861,/nas-ctm01/datasets/public/Oxford102Flowers/jpg/image_02862.jpg,image_02862.jpg,22.577625274658203
1792,/nas-ctm01/datasets/public/Oxford102Flowers/jpg/image_01793.jpg,image_01793.jpg,22.705753326416016
5526,/nas-ctm01/datasets/public/Oxford102Flowers/jpg/image_05527.jpg,image_05527.jpg,21.352218627929688
3797,/nas-ctm01/datasets/public/Oxford102Flowers/jpg/image_03798.jpg,image_03798.jpg,21.493804931640625
3368,/nas-ctm01/datasets/public/Oxford102Flowers/jpg/image_03369.jpg,image_03369.jpg,20.707317352294922
3367,/nas-ctm01/datasets/public/Oxford102Flowers/jpg/image_03368.jpg,image_03368.jpg,23.43218994140625
3533,/nas-ctm01/datasets/public/Oxford102Flowers/jpg/image_03534.jpg,image_03534.jpg,21.167057037353516
7181,/nas-ctm01/datasets/public/Oxford102Flowers/jpg/image_07182.jpg,image_07182.jpg,22.246212005615234
5109,/nas-ctm01/datasets/public/Oxford102Flowers/jpg/image_05110.jpg,image_05110.jpg,22.215639114379883
6024,/nas-ctm01/datasets/public/Oxford102Flowers/jpg/image_06025.jpg,image_06025.jpg,22.729921340942383
3449,/nas-ctm01/datasets/public/Oxford102Flowers/jpg/image_03450.jpg,image_03450.jpg,20.492063522338867
603,/nas-ctm01/datasets/public/Oxford102Flowers/jpg/image_00604.jpg,image_00604.jpg,21.140483856201172
3056,/nas-ctm01/datasets/public/Oxford102Flowers/jpg/image_03057.jpg,image_03057.jpg,21.306922912597656
7122,/nas-ctm01/datasets/public/Oxford102Flowers/jpg/image_07123.jpg,image_07123.jpg,20.469722747802734
126,/nas-ctm01/datasets/public/Oxford102Flowers/jpg/image_00127.jpg,image_00127.jpg,24.522796630859375
8026,/nas-ctm01/datasets/public/Oxford102Flowers/jpg/image_08027.jpg,image_08027.jpg,20.993484497070312
3876,/nas-ctm01/datasets/public/Oxford102Flowers/jpg/image_03877.jpg,image_03877.jpg,23.547653198242188
2935,/nas-ctm01/datasets/public/Oxford102Flowers/jpg/image_02936.jpg,image_02936.jpg,22.17998504638672
5443,/nas-ctm01/datasets/public/Oxford102Flowers/jpg/image_05444.jpg,image_05444.jpg,22.84239387512207
4451,/nas-ctm01/datasets/public/Oxford102Flowers/jpg/image_04452.jpg,image_04452.jpg,21.857152938842773
3531,/nas-ctm01/datasets/public/Oxford102Flowers/jpg/image_03532.jpg,image_03532.jpg,21.87056541442871
2730,/nas-ctm01/datasets/public/Oxford102Flowers/jpg/image_02731.jpg,image_02731.jpg,22.334556579589844
827,/nas-ctm01/datasets/public/Oxford102Flowers/jpg/image_00828.jpg,image_00828.jpg,23.193784713745117
1639,/nas-ctm01/datasets/public/Oxford102Flowers/jpg/image_01640.jpg,image_01640.jpg,23.714445114135742
984,/nas-ctm01/datasets/public/Oxford102Flowers/jpg/image_00985.jpg,image_00985.jpg,21.658363342285156
3281,/nas-ctm01/datasets/public/Oxford102Flowers/jpg/image_03282.jpg,image_03282.jpg,22.521987915039062
8137,/nas-ctm01/datasets/public/Oxford102Flowers/jpg/image_08138.jpg,image_08138.jpg,21.025968551635742
2188,/nas-ctm01/datasets/public/Oxford102Flowers/jpg/image_02189.jpg,image_02189.jpg,23.59135627746582
7541,/nas-ctm01/datasets/public/Oxford102Flowers/jpg/image_07542.jpg,image_07542.jpg,20.571298599243164
2443,/nas-ctm01/datasets/public/Oxford102Flowers/jpg/image_02444.jpg,image_02444.jpg,21.75448989868164
362,/nas-ctm01/datasets/public/Oxford102Flowers/jpg/image_00363.jpg,image_00363.jpg,22.715044021606445
2349,/nas-ctm01/datasets/public/Oxford102Flowers/jpg/image_02350.jpg,image_02350.jpg,23.314746856689453
345,/nas-ctm01/datasets/public/Oxford102Flowers/jpg/image_00346.jpg,image_00346.jpg,23.244670867919922
814,/nas-ctm01/datasets/public/Oxford102Flowers/jpg/image_00815.jpg,image_00815.jpg,23.162839889526367
6166,/nas-ctm01/datasets/public/Oxford102Flowers/jpg/image_06167.jpg,image_06167.jpg,20.09075355529785
4807,/nas-ctm01/datasets/public/Oxford102Flowers/jpg/image_04808.jpg,image_04808.jpg,22.581764221191406
3205,/nas-ctm01/datasets/public/Oxford102Flowers/jpg/image_03206.jpg,image_03206.jpg,22.570404052734375
6795,/nas-ctm01/datasets/public/Oxford102Flowers/jpg/image_06796.jpg,image_06796.jpg,20.68593406677246
7841,/nas-ctm01/datasets/public/Oxford102Flowers/jpg/image_07842.jpg,image_07842.jpg,21.310989379882812
5961,/nas-ctm01/datasets/public/Oxford102Flowers/jpg/image_05962.jpg,image_05962.jpg,22.4912166595459
3325,/nas-ctm01/datasets/public/Oxford102Flowers/jpg/image_03326.jpg,image_03326.jpg,22.609363555908203
4106,/nas-ctm01/datasets/public/Oxford102Flowers/jpg/image_04107.jpg,image_04107.jpg,23.017675399780273
7324,/nas-ctm01/datasets/public/Oxford102Flowers/jpg/image_07325.jpg,image_07325.jpg,21.766233444213867
2116,/nas-ctm01/datasets/public/Oxford102Flowers/jpg/image_02117.jpg,image_02117.jpg,21.3165225982666
1834,/nas-ctm01/datasets/public/Oxford102Flowers/jpg/image_01835.jpg,image_01835.jpg,21.858797073364258
793,/nas-ctm01/datasets/public/Oxford102Flowers/jpg/image_00794.jpg,image_00794.jpg,23.386363983154297
8100,/nas-ctm01/datasets/public/Oxford102Flowers/jpg/image_08101.jpg,image_08101.jpg,23.712909698486328
2674,/nas-ctm01/datasets/public/Oxford102Flowers/jpg/image_02675.jpg,image_02675.jpg,22.822284698486328
94,/nas-ctm01/datasets/public/Oxford102Flowers/jpg/image_00095.jpg,image_00095.jpg,24.446861267089844
4225,/nas-ctm01/datasets/public/Oxford102Flowers/jpg/image_04226.jpg,image_04226.jpg,20.92629623413086
3756,/nas-ctm01/datasets/public/Oxford102Flowers/jpg/image_03757.jpg,image_03757.jpg,20.478185653686523
2891,/nas-ctm01/datasets/public/Oxford102Flowers/jpg/image_02892.jpg,image_02892.jpg,22.269163131713867
2371,/nas-ctm01/datasets/public/Oxford102Flowers/jpg/image_02372.jpg,image_02372.jpg,21.762432098388672
7374,/nas-ctm01/datasets/public/Oxford102Flowers/jpg/image_07375.jpg,image_07375.jpg,20.749597549438477
6774,/nas-ctm01/datasets/public/Oxford102Flowers/jpg/image_06775.jpg,image_06775.jpg,22.156169891357422
7257,/nas-ctm01/datasets/public/Oxford102Flowers/jpg/image_07258.jpg,image_07258.jpg,21.276437759399414
3228,/nas-ctm01/datasets/public/Oxford102Flowers/jpg/image_03229.jpg,image_03229.jpg,21.665912628173828
6158,/nas-ctm01/datasets/public/Oxford102Flowers/jpg/image_06159.jpg,image_06159.jpg,22.036113739013672
6359,/nas-ctm01/datasets/public/Oxford102Flowers/jpg/image_06360.jpg,image_06360.jpg,20.85433578491211
5996,/nas-ctm01/datasets/public/Oxford102Flowers/jpg/image_05997.jpg,image_05997.jpg,21.23314666748047
6985,/nas-ctm01/datasets/public/Oxford102Flowers/jpg/image_06986.jpg,image_06986.jpg,22.75544548034668
7297,/nas-ctm01/datasets/public/Oxford102Flowers/jpg/image_07298.jpg,image_07298.jpg,21.406776428222656
6028,/nas-ctm01/datasets/public/Oxford102Flowers/jpg/image_06029.jpg,image_06029.jpg,20.81778335571289
2853,/nas-ctm01/datasets/public/Oxford102Flowers/jpg/image_02854.jpg,image_02854.jpg,22.860048294067383
7576,/nas-ctm01/datasets/public/Oxford102Flowers/jpg/image_07577.jpg,image_07577.jpg,21.707693099975586
2912,/nas-ctm01/datasets/public/Oxford102Flowers/jpg/image_02913.jpg,image_02913.jpg,20.915529251098633
1865,/nas-ctm01/datasets/public/Oxford102Flowers/jpg/image_01866.jpg,image_01866.jpg,23.7216739654541
5754,/nas-ctm01/datasets/public/Oxford102Flowers/jpg/image_05755.jpg,image_05755.jpg,24.348854064941406
4612,/nas-ctm01/datasets/public/Oxford102Flowers/jpg/image_04613.jpg,image_04613.jpg,22.302337646484375
1857,/nas-ctm01/datasets/public/Oxford102Flowers/jpg/image_01858.jpg,image_01858.jpg,22.226335525512695
2645,/nas-ctm01/datasets/public/Oxford102Flowers/jpg/image_02646.jpg,image_02646.jpg,22.342493057250977
2243,/nas-ctm01/datasets/public/Oxford102Flowers/jpg/image_02244.jpg,image_02244.jpg,21.266969680786133
5373,/nas-ctm01/datasets/public/Oxford102Flowers/jpg/image_05374.jpg,image_05374.jpg,22.149328231811523
2336,/nas-ctm01/datasets/public/Oxford102Flowers/jpg/image_02337.jpg,image_02337.jpg,21.650793075561523
950,/nas-ctm01/datasets/public/Oxford102Flowers/jpg/image_00951.jpg,image_00951.jpg,21.233619689941406
3068,/nas-ctm01/datasets/public/Oxford102Flowers/jpg/image_03069.jpg,image_03069.jpg,22.18999671936035
1120,/nas-ctm01/datasets/public/Oxford102Flowers/jpg/image_01121.jpg,image_01121.jpg,21.060007095336914
2597,/nas-ctm01/datasets/public/Oxford102Flowers/jpg/image_02598.jpg,image_02598.jpg,22.16869354248047
2204,/nas-ctm01/datasets/public/Oxford102Flowers/jpg/image_02205.jpg,image_02205.jpg,21.698766708374023
419,/nas-ctm01/datasets/public/Oxford102Flowers/jpg/image_00420.jpg,image_00420.jpg,23.675193786621094
922,/nas-ctm01/datasets/public/Oxford102Flowers/jpg/image_00923.jpg,image_00923.jpg,23.021732330322266
1254,/nas-ctm01/datasets/public/Oxford102Flowers/jpg/image_01255.jpg,image_01255.jpg,22.186622619628906
477,/nas-ctm01/datasets/public/Oxford102Flowers/jpg/image_00478.jpg,image_00478.jpg,22.361236572265625
2035,/nas-ctm01/datasets/public/Oxford102Flowers/jpg/image_02036.jpg,image_02036.jpg,21.607589721679688
7535,/nas-ctm01/datasets/public/Oxford102Flowers/jpg/image_07536.jpg,image_07536.jpg,22.04374122619629
5788,/nas-ctm01/datasets/public/Oxford102Flowers/jpg/image_05789.jpg,image_05789.jpg,24.613449096679688
5742,/nas-ctm01/datasets/public/Oxford102Flowers/jpg/image_05743.jpg,image_05743.jpg,23.0716552734375
5567,/nas-ctm01/datasets/public/Oxford102Flowers/jpg/image_05568.jpg,image_05568.jpg,21.825258255004883
6697,/nas-ctm01/datasets/public/Oxford102Flowers/jpg/image_06698.jpg,image_06698.jpg,21.288604736328125
1202,/nas-ctm01/datasets/public/Oxford102Flowers/jpg/image_01203.jpg,image_01203.jpg,22.84972381591797
6534,/nas-ctm01/datasets/public/Oxford102Flowers/jpg/image_06535.jpg,image_06535.jpg,23.270097732543945
2626,/nas-ctm01/datasets/public/Oxford102Flowers/jpg/image_02627.jpg,image_02627.jpg,22.395139694213867
5765,/nas-ctm01/datasets/public/Oxford102Flowers/jpg/image_05766.jpg,image_05766.jpg,23.782426834106445
7874,/nas-ctm01/datasets/public/Oxford102Flowers/jpg/image_07875.jpg,image_07875.jpg,22.012065887451172
1970,/nas-ctm01/datasets/public/Oxford102Flowers/jpg/image_01971.jpg,image_01971.jpg,22.751567840576172
3110,/nas-ctm01/datasets/public/Oxford102Flowers/jpg/image_03111.jpg,image_03111.jpg,21.554452896118164
4018,/nas-ctm01/datasets/public/Oxford102Flowers/jpg/image_04019.jpg,image_04019.jpg,21.94959259033203
2151,/nas-ctm01/datasets/public/Oxford102Flowers/jpg/image_02152.jpg,image_02152.jpg,21.503509521484375
3687,/nas-ctm01/datasets/public/Oxford102Flowers/jpg/image_03688.jpg,image_03688.jpg,21.409446716308594
4916,/nas-ctm01/datasets/public/Oxford102Flowers/jpg/image_04917.jpg,image_04917.jpg,22.056028366088867
1997,/nas-ctm01/datasets/public/Oxford102Flowers/jpg/image_01998.jpg,image_01998.jpg,23.034265518188477
4033,/nas-ctm01/datasets/public/Oxford102Flowers/jpg/image_04034.jpg,image_04034.jpg,21.026031494140625
8021,/nas-ctm01/datasets/public/Oxford102Flowers/jpg/image_08022.jpg,image_08022.jpg,22.031478881835938
3054,/nas-ctm01/datasets/public/Oxford102Flowers/jpg/image_03055.jpg,image_03055.jpg,21.959012985229492
1248,/nas-ctm01/datasets/public/Oxford102Flowers/jpg/image_01249.jpg,image_01249.jpg,22.062301635742188
2192,/nas-ctm01/datasets/public/Oxford102Flowers/jpg/image_02193.jpg,image_02193.jpg,22.03980255126953
2712,/nas-ctm01/datasets/public/Oxford102Flowers/jpg/image_02713.jpg,image_02713.jpg,22.729358673095703
992,/nas-ctm01/datasets/public/Oxford102Flowers/jpg/image_00993.jpg,image_00993.jpg,21.478586196899414
2190,/nas-ctm01/datasets/public/Oxford102Flowers/jpg/image_02191.jpg,image_02191.jpg,21.356264114379883
4670,/nas-ctm01/datasets/public/Oxford102Flowers/jpg/image_04671.jpg,image_04671.jpg,20.36279296875
5142,/nas-ctm01/datasets/public/Oxford102Flowers/jpg/image_05143.jpg,image_05143.jpg,22.94930076599121
5984,/nas-ctm01/datasets/public/Oxford102Flowers/jpg/image_05985.jpg,image_05985.jpg,21.83194923400879
6565,/nas-ctm01/datasets/public/Oxford102Flowers/jpg/image_06566.jpg,image_06566.jpg,23.477458953857422
3762,/nas-ctm01/datasets/public/Oxford102Flowers/jpg/image_03763.jpg,image_03763.jpg,20.762582778930664
3597,/nas-ctm01/datasets/public/Oxford102Flowers/jpg/image_03598.jpg,image_03598.jpg,22.872953414916992
4711,/nas-ctm01/datasets/public/Oxford102Flowers/jpg/image_04712.jpg,image_04712.jpg,21.799673080444336
1318,/nas-ctm01/datasets/public/Oxford102Flowers/jpg/image_01319.jpg,image_01319.jpg,21.483549118041992
1863,/nas-ctm01/datasets/public/Oxford102Flowers/jpg/image_01864.jpg,image_01864.jpg,23.039884567260742
2343,/nas-ctm01/datasets/public/Oxford102Flowers/jpg/image_02344.jpg,image_02344.jpg,22.784645080566406
2449,/nas-ctm01/datasets/public/Oxford102Flowers/jpg/image_02450.jpg,image_02450.jpg,22.132219314575195
2136,/nas-ctm01/datasets/public/Oxford102Flowers/jpg/image_02137.jpg,image_02137.jpg,21.713624954223633
1065,/nas-ctm01/datasets/public/Oxford102Flowers/jpg/image_01066.jpg,image_01066.jpg,21.34308433532715
5868,/nas-ctm01/datasets/public/Oxford102Flowers/jpg/image_05869.jpg,image_05869.jpg,22.603004455566406
8121,/nas-ctm01/datasets/public/Oxford102Flowers/jpg/image_08122.jpg,image_08122.jpg,21.302024841308594
4227,/nas-ctm01/datasets/public/Oxford102Flowers/jpg/image_04228.jpg,image_04228.jpg,22.928508758544922
2621,/nas-ctm01/datasets/public/Oxford102Flowers/jpg/image_02622.jpg,image_02622.jpg,21.200895309448242
77,/nas-ctm01/datasets/public/Oxford102Flowers/jpg/image_00078.jpg,image_00078.jpg,23.1450138092041
2898,/nas-ctm01/datasets/public/Oxford102Flowers/jpg/image_02899.jpg,image_02899.jpg,22.29038429260254
6148,/nas-ctm01/datasets/public/Oxford102Flowers/jpg/image_06149.jpg,image_06149.jpg,21.520870208740234
4820,/nas-ctm01/datasets/public/Oxford102Flowers/jpg/image_04821.jpg,image_04821.jpg,22.25278091430664
1314,/nas-ctm01/datasets/public/Oxford102Flowers/jpg/image_01315.jpg,image_01315.jpg,21.056020736694336
5947,/nas-ctm01/datasets/public/Oxford102Flowers/jpg/image_05948.jpg,image_05948.jpg,23.003381729125977
8080,/nas-ctm01/datasets/public/Oxford102Flowers/jpg/image_08081.jpg,image_08081.jpg,21.364818572998047
7148,/nas-ctm01/datasets/public/Oxford102Flowers/jpg/image_07149.jpg,image_07149.jpg,20.696788787841797
872,/nas-ctm01/datasets/public/Oxford102Flowers/jpg/image_00873.jpg,image_00873.jpg,22.054338455200195
3850,/nas-ctm01/datasets/public/Oxford102Flowers/jpg/image_03851.jpg,image_03851.jpg,24.217178344726562
5468,/nas-ctm01/datasets/public/Oxford102Flowers/jpg/image_05469.jpg,image_05469.jpg,23.155811309814453
5951,/nas-ctm01/datasets/public/Oxford102Flowers/jpg/image_05952.jpg,image_05952.jpg,22.210161209106445
7825,/nas-ctm01/datasets/public/Oxford102Flowers/jpg/image_07826.jpg,image_07826.jpg,21.463762283325195
2965,/nas-ctm01/datasets/public/Oxford102Flowers/jpg/image_02966.jpg,image_02966.jpg,22.477249145507812
3391,/nas-ctm01/datasets/public/Oxford102Flowers/jpg/image_03392.jpg,image_03392.jpg,21.08319664001465
5415,/nas-ctm01/datasets/public/Oxford102Flowers/jpg/image_05416.jpg,image_05416.jpg,23.41193962097168
2560,/nas-ctm01/datasets/public/Oxford102Flowers/jpg/image_02561.jpg,image_02561.jpg,22.980863571166992
8012,/nas-ctm01/datasets/public/Oxford102Flowers/jpg/image_08013.jpg,image_08013.jpg,21.56251335144043
2635,/nas-ctm01/datasets/public/Oxford102Flowers/jpg/image_02636.jpg,image_02636.jpg,23.496986389160156
5256,/nas-ctm01/datasets/public/Oxford102Flowers/jpg/image_05257.jpg,image_05257.jpg,20.75892448425293
3530,/nas-ctm01/datasets/public/Oxford102Flowers/jpg/image_03531.jpg,image_03531.jpg,21.981603622436523
375,/nas-ctm01/datasets/public/Oxford102Flowers/jpg/image_00376.jpg,image_00376.jpg,23.18926429748535
1908,/nas-ctm01/datasets/public/Oxford102Flowers/jpg/image_01909.jpg,image_01909.jpg,23.749317169189453
4429,/nas-ctm01/datasets/public/Oxford102Flowers/jpg/image_04430.jpg,image_04430.jpg,20.880220413208008
7080,/nas-ctm01/datasets/public/Oxford102Flowers/jpg/image_07081.jpg,image_07081.jpg,22.9981746673584
7159,/nas-ctm01/datasets/public/Oxford102Flowers/jpg/image_07160.jpg,image_07160.jpg,20.57868194580078
4027,/nas-ctm01/datasets/public/Oxford102Flowers/jpg/image_04028.jpg,image_04028.jpg,22.2618465423584
6461,/nas-ctm01/datasets/public/Oxford102Flowers/jpg/image_06462.jpg,image_06462.jpg,22.72756004333496
1604,/nas-ctm01/datasets/public/Oxford102Flowers/jpg/image_01605.jpg,image_01605.jpg,23.403743743896484
1118,/nas-ctm01/datasets/public/Oxford102Flowers/jpg/image_01119.jpg,image_01119.jpg,21.675546646118164
3677,/nas-ctm01/datasets/public/Oxford102Flowers/jpg/image_03678.jpg,image_03678.jpg,22.2528018951416
3490,/nas-ctm01/datasets/public/Oxford102Flowers/jpg/image_03491.jpg,image_03491.jpg,21.051557540893555
7952,/nas-ctm01/datasets/public/Oxford102Flowers/jpg/image_07953.jpg,image_07953.jpg,20.23111915588379
6039,/nas-ctm01/datasets/public/Oxford102Flowers/jpg/image_06040.jpg,image_06040.jpg,20.802581787109375
2958,/nas-ctm01/datasets/public/Oxford102Flowers/jpg/image_02959.jpg,image_02959.jpg,22.550926208496094
1994,/nas-ctm01/datasets/public/Oxford102Flowers/jpg/image_01995.jpg,image_01995.jpg,22.249826431274414
8116,/nas-ctm01/datasets/public/Oxford102Flowers/jpg/image_08117.jpg,image_08117.jpg,21.507123947143555
7474,/nas-ctm01/datasets/public/Oxford102Flowers/jpg/image_07475.jpg,image_07475.jpg,21.376161575317383
2376,/nas-ctm01/datasets/public/Oxford102Flowers/jpg/image_02377.jpg,image_02377.jpg,20.7457218170166
7495,/nas-ctm01/datasets/public/Oxford102Flowers/jpg/image_07496.jpg,image_07496.jpg,21.55907440185547
1342,/nas-ctm01/datasets/public/Oxford102Flowers/jpg/image_01343.jpg,image_01343.jpg,21.588266372680664
320,/nas-ctm01/datasets/public/Oxford102Flowers/jpg/image_00321.jpg,image_00321.jpg,23.066469192504883
1619,/nas-ctm01/datasets/public/Oxford102Flowers/jpg/image_01620.jpg,image_01620.jpg,24.18136215209961
3713,/nas-ctm01/datasets/public/Oxford102Flowers/jpg/image_03714.jpg,image_03714.jpg,21.76848602294922
7492,/nas-ctm01/datasets/public/Oxford102Flowers/jpg/image_07493.jpg,image_07493.jpg,22.31299591064453
2060,/nas-ctm01/datasets/public/Oxford102Flowers/jpg/image_02061.jpg,image_02061.jpg,22.56680679321289
2219,/nas-ctm01/datasets/public/Oxford102Flowers/jpg/image_02220.jpg,image_02220.jpg,22.058143615722656
1673,/nas-ctm01/datasets/public/Oxford102Flowers/jpg/image_01674.jpg,image_01674.jpg,22.947744369506836
6038,/nas-ctm01/datasets/public/Oxford102Flowers/jpg/image_06039.jpg,image_06039.jpg,21.0199031829834
260,/nas-ctm01/datasets/public/Oxford102Flowers/jpg/image_00261.jpg,image_00261.jpg,22.947532653808594
7228,/nas-ctm01/datasets/public/Oxford102Flowers/jpg/image_07229.jpg,image_07229.jpg,22.109272003173828
2039,/nas-ctm01/datasets/public/Oxford102Flowers/jpg/image_02040.jpg,image_02040.jpg,23.446273803710938
4785,/nas-ctm01/datasets/public/Oxford102Flowers/jpg/image_04786.jpg,image_04786.jpg,21.609119415283203
901,/nas-ctm01/datasets/public/Oxford102Flowers/jpg/image_00902.jpg,image_00902.jpg,21.876502990722656
3744,/nas-ctm01/datasets/public/Oxford102Flowers/jpg/image_03745.jpg,image_03745.jpg,20.910198211669922
6402,/nas-ctm01/datasets/public/Oxford102Flowers/jpg/image_06403.jpg,image_06403.jpg,21.254745483398438
2026,/nas-ctm01/datasets/public/Oxford102Flowers/jpg/image_02027.jpg,image_02027.jpg,23.053966522216797
4234,/nas-ctm01/datasets/public/Oxford102Flowers/jpg/image_04235.jpg,image_04235.jpg,21.22942543029785
1917,/nas-ctm01/datasets/public/Oxford102Flowers/jpg/image_01918.jpg,image_01918.jpg,24.284818649291992
1828,/nas-ctm01/datasets/public/Oxford102Flowers/jpg/image_01829.jpg,image_01829.jpg,23.1818904876709
1573,/nas-ctm01/datasets/public/Oxford102Flowers/jpg/image_01574.jpg,image_01574.jpg,25.165918350219727
4415,/nas-ctm01/datasets/public/Oxford102Flowers/jpg/image_04416.jpg,image_04416.jpg,21.346824645996094
4749,/nas-ctm01/datasets/public/Oxford102Flowers/jpg/image_04750.jpg,image_04750.jpg,20.194665908813477
6233,/nas-ctm01/datasets/public/Oxford102Flowers/jpg/image_06234.jpg,image_06234.jpg,22.065383911132812
7182,/nas-ctm01/datasets/public/Oxford102Flowers/jpg/image_07183.jpg,image_07183.jpg,21.48719596862793
4654,/nas-ctm01/datasets/public/Oxford102Flowers/jpg/image_04655.jpg,image_04655.jpg,21.088768005371094
6283,/nas-ctm01/datasets/public/Oxford102Flowers/jpg/image_06284.jpg,image_06284.jpg,21.98392677307129
4208,/nas-ctm01/datasets/public/Oxford102Flowers/jpg/image_04209.jpg,image_04209.jpg,22.538930892944336
4627,/nas-ctm01/datasets/public/Oxford102Flowers/jpg/image_04628.jpg,image_04628.jpg,21.761289596557617
224,/nas-ctm01/datasets/public/Oxford102Flowers/jpg/image_00225.jpg,image_00225.jpg,23.89643096923828
723,/nas-ctm01/datasets/public/Oxford102Flowers/jpg/image_00724.jpg,image_00724.jpg,22.03583526611328
7342,/nas-ctm01/datasets/public/Oxford102Flowers/jpg/image_07343.jpg,image_07343.jpg,22.0185489654541
1141,/nas-ctm01/datasets/public/Oxford102Flowers/jpg/image_01142.jpg,image_01142.jpg,20.947818756103516
5529,/nas-ctm01/datasets/public/Oxford102Flowers/jpg/image_05530.jpg,image_05530.jpg,21.892227172851562
6469,/nas-ctm01/datasets/public/Oxford102Flowers/jpg/image_06470.jpg,image_06470.jpg,22.413314819335938
5764,/nas-ctm01/datasets/public/Oxford102Flowers/jpg/image_05765.jpg,image_05765.jpg,24.213930130004883
7299,/nas-ctm01/datasets/public/Oxford102Flowers/jpg/image_07300.jpg,image_07300.jpg,20.886112213134766
5554,/nas-ctm01/datasets/public/Oxford102Flowers/jpg/image_05555.jpg,image_05555.jpg,21.69951820373535
7765,/nas-ctm01/datasets/public/Oxford102Flowers/jpg/image_07766.jpg,image_07766.jpg,21.443456649780273
2762,/nas-ctm01/datasets/public/Oxford102Flowers/jpg/image_02763.jpg,image_02763.jpg,22.523265838623047
846,/nas-ctm01/datasets/public/Oxford102Flowers/jpg/image_00847.jpg,image_00847.jpg,20.74893569946289
4289,/nas-ctm01/datasets/public/Oxford102Flowers/jpg/image_04290.jpg,image_04290.jpg,21.572519302368164
5560,/nas-ctm01/datasets/public/Oxford102Flowers/jpg/image_05561.jpg,image_05561.jpg,22.127418518066406
6717,/nas-ctm01/datasets/public/Oxford102Flowers/jpg/image_06718.jpg,image_06718.jpg,20.701515197753906
5042,/nas-ctm01/datasets/public/Oxford102Flowers/jpg/image_05043.jpg,image_05043.jpg,21.87687110900879
6117,/nas-ctm01/datasets/public/Oxford102Flowers/jpg/image_06118.jpg,image_06118.jpg,21.251514434814453
2551,/nas-ctm01/datasets/public/Oxford102Flowers/jpg/image_02552.jpg,image_02552.jpg,22.007368087768555
5725,/nas-ctm01/datasets/public/Oxford102Flowers/jpg/image_05726.jpg,image_05726.jpg,22.855958938598633
2928,/nas-ctm01/datasets/public/Oxford102Flowers/jpg/image_02929.jpg,image_02929.jpg,22.028345108032227
117,/nas-ctm01/datasets/public/Oxford102Flowers/jpg/image_00118.jpg,image_00118.jpg,24.490039825439453
645,/nas-ctm01/datasets/public/Oxford102Flowers/jpg/image_00646.jpg,image_00646.jpg,20.929752349853516
5966,/nas-ctm01/datasets/public/Oxford102Flowers/jpg/image_05967.jpg,image_05967.jpg,22.257020950317383
3,/nas-ctm01/datasets/public/Oxford102Flowers/jpg/image_00004.jpg,image_00004.jpg,23.343891143798828
4170,/nas-ctm01/datasets/public/Oxford102Flowers/jpg/image_04171.jpg,image_04171.jpg,22.369613647460938
5851,/nas-ctm01/datasets/public/Oxford102Flowers/jpg/image_05852.jpg,image_05852.jpg,23.15437889099121
467,/nas-ctm01/datasets/public/Oxford102Flowers/jpg/image_00468.jpg,image_00468.jpg,22.905263900756836
5,/nas-ctm01/datasets/public/Oxford102Flowers/jpg/image_00006.jpg,image_00006.jpg,24.080303192138672
5342,/nas-ctm01/datasets/public/Oxford102Flowers/jpg/image_05343.jpg,image_05343.jpg,21.101072311401367
919,/nas-ctm01/datasets/public/Oxford102Flowers/jpg/image_00920.jpg,image_00920.jpg,22.33797836303711
2595,/nas-ctm01/datasets/public/Oxford102Flowers/jpg/image_02596.jpg,image_02596.jpg,21.402225494384766
4324,/nas-ctm01/datasets/public/Oxford102Flowers/jpg/image_04325.jpg,image_04325.jpg,21.01837730407715
1063,/nas-ctm01/datasets/public/Oxford102Flowers/jpg/image_01064.jpg,image_01064.jpg,21.254140853881836
2590,/nas-ctm01/datasets/public/Oxford102Flowers/jpg/image_02591.jpg,image_02591.jpg,22.9633731842041
242,/nas-ctm01/datasets/public/Oxford102Flowers/jpg/image_00243.jpg,image_00243.jpg,22.80510711669922
7123,/nas-ctm01/datasets/public/Oxford102Flowers/jpg/image_07124.jpg,image_07124.jpg,21.179443359375
1160,/nas-ctm01/datasets/public/Oxford102Flowers/jpg/image_01161.jpg,image_01161.jpg,21.95203971862793
2870,/nas-ctm01/datasets/public/Oxford102Flowers/jpg/image_02871.jpg,image_02871.jpg,21.501468658447266
3735,/nas-ctm01/datasets/public/Oxford102Flowers/jpg/image_03736.jpg,image_03736.jpg,21.102201461791992
7486,/nas-ctm01/datasets/public/Oxford102Flowers/jpg/image_07487.jpg,image_07487.jpg,22.91720962524414
2397,/nas-ctm01/datasets/public/Oxford102Flowers/jpg/image_02398.jpg,image_02398.jpg,21.889484405517578
3517,/nas-ctm01/datasets/public/Oxford102Flowers/jpg/image_03518.jpg,image_03518.jpg,22.842731475830078
3421,/nas-ctm01/datasets/public/Oxford102Flowers/jpg/image_03422.jpg,image_03422.jpg,20.83022689819336
2563,/nas-ctm01/datasets/public/Oxford102Flowers/jpg/image_02564.jpg,image_02564.jpg,21.522212982177734
6767,/nas-ctm01/datasets/public/Oxford102Flowers/jpg/image_06768.jpg,image_06768.jpg,20.254209518432617
5622,/nas-ctm01/datasets/public/Oxford102Flowers/jpg/image_05623.jpg,image_05623.jpg,21.135210037231445
1605,/nas-ctm01/datasets/public/Oxford102Flowers/jpg/image_01606.jpg,image_01606.jpg,24.111650466918945
7888,/nas-ctm01/datasets/public/Oxford102Flowers/jpg/image_07889.jpg,image_07889.jpg,22.23902130126953
2324,/nas-ctm01/datasets/public/Oxford102Flowers/jpg/image_02325.jpg,image_02325.jpg,22.235456466674805
2709,/nas-ctm01/datasets/public/Oxford102Flowers/jpg/image_02710.jpg,image_02710.jpg,22.38852882385254
7402,/nas-ctm01/datasets/public/Oxford102Flowers/jpg/image_07403.jpg,image_07403.jpg,22.308256149291992
1312,/nas-ctm01/datasets/public/Oxford102Flowers/jpg/image_01313.jpg,image_01313.jpg,21.946975708007812
3448,/nas-ctm01/datasets/public/Oxford102Flowers/jpg/image_03449.jpg,image_03449.jpg,20.954524993896484
3812,/nas-ctm01/datasets/public/Oxford102Flowers/jpg/image_03813.jpg,image_03813.jpg,20.482444763183594
6085,/nas-ctm01/datasets/public/Oxford102Flowers/jpg/image_06086.jpg,image_06086.jpg,22.328882217407227
7613,/nas-ctm01/datasets/public/Oxford102Flowers/jpg/image_07614.jpg,image_07614.jpg,23.152854919433594
2362,/nas-ctm01/datasets/public/Oxford102Flowers/jpg/image_02363.jpg,image_02363.jpg,22.840789794921875
1975,/nas-ctm01/datasets/public/Oxford102Flowers/jpg/image_01976.jpg,image_01976.jpg,23.2490291595459
3514,/nas-ctm01/datasets/public/Oxford102Flowers/jpg/image_03515.jpg,image_03515.jpg,21.968738555908203
1761,/nas-ctm01/datasets/public/Oxford102Flowers/jpg/image_01762.jpg,image_01762.jpg,22.471485137939453
5401,/nas-ctm01/datasets/public/Oxford102Flowers/jpg/image_05402.jpg,image_05402.jpg,23.59079360961914
2739,/nas-ctm01/datasets/public/Oxford102Flowers/jpg/image_02740.jpg,image_02740.jpg,22.59339141845703
5637,/nas-ctm01/datasets/public/Oxford102Flowers/jpg/image_05638.jpg,image_05638.jpg,20.947906494140625
7623,/nas-ctm01/datasets/public/Oxford102Flowers/jpg/image_07624.jpg,image_07624.jpg,23.324615478515625
2472,/nas-ctm01/datasets/public/Oxford102Flowers/jpg/image_02473.jpg,image_02473.jpg,22.374717712402344
6738,/nas-ctm01/datasets/public/Oxford102Flowers/jpg/image_06739.jpg,image_06739.jpg,21.287485122680664
6891,/nas-ctm01/datasets/public/Oxford102Flowers/jpg/image_06892.jpg,image_06892.jpg,21.93732452392578
4007,/nas-ctm01/datasets/public/Oxford102Flowers/jpg/image_04008.jpg,image_04008.jpg,20.284345626831055
4718,/nas-ctm01/datasets/public/Oxford102Flowers/jpg/image_04719.jpg,image_04719.jpg,21.617464065551758
6177,/nas-ctm01/datasets/public/Oxford102Flowers/jpg/image_06178.jpg,image_06178.jpg,21.289344787597656
1493,/nas-ctm01/datasets/public/Oxford102Flowers/jpg/image_01494.jpg,image_01494.jpg,23.679031372070312
4206,/nas-ctm01/datasets/public/Oxford102Flowers/jpg/image_04207.jpg,image_04207.jpg,22.43700408935547
6371,/nas-ctm01/datasets/public/Oxford102Flowers/jpg/image_06372.jpg,image_06372.jpg,21.959716796875
2158,/nas-ctm01/datasets/public/Oxford102Flowers/jpg/image_02159.jpg,image_02159.jpg,22.664642333984375
1169,/nas-ctm01/datasets/public/Oxford102Flowers/jpg/image_01170.jpg,image_01170.jpg,21.807817459106445
7393,/nas-ctm01/datasets/public/Oxford102Flowers/jpg/image_07394.jpg,image_07394.jpg,22.344263076782227
232,/nas-ctm01/datasets/public/Oxford102Flowers/jpg/image_00233.jpg,image_00233.jpg,24.0457763671875
66,/nas-ctm01/datasets/public/Oxford102Flowers/jpg/image_00067.jpg,image_00067.jpg,24.24846649169922
1603,/nas-ctm01/datasets/public/Oxford102Flowers/jpg/image_01604.jpg,image_01604.jpg,23.78141212463379
6168,/nas-ctm01/datasets/public/Oxford102Flowers/jpg/image_06169.jpg,image_06169.jpg,21.125598907470703
3283,/nas-ctm01/datasets/public/Oxford102Flowers/jpg/image_03284.jpg,image_03284.jpg,23.129304885864258
3596,/nas-ctm01/datasets/public/Oxford102Flowers/jpg/image_03597.jpg,image_03597.jpg,22.15106964111328
6288,/nas-ctm01/datasets/public/Oxford102Flowers/jpg/image_06289.jpg,image_06289.jpg,20.862957000732422
4632,/nas-ctm01/datasets/public/Oxford102Flowers/jpg/image_04633.jpg,image_04633.jpg,21.403676986694336
6955,/nas-ctm01/datasets/public/Oxford102Flowers/jpg/image_06956.jpg,image_06956.jpg,23.316991806030273
125,/nas-ctm01/datasets/public/Oxford102Flowers/jpg/image_00126.jpg,image_00126.jpg,24.12982749938965
6229,/nas-ctm01/datasets/public/Oxford102Flowers/jpg/image_06230.jpg,image_06230.jpg,23.600852966308594
5350,/nas-ctm01/datasets/public/Oxford102Flowers/jpg/image_05351.jpg,image_05351.jpg,22.366802215576172
1296,/nas-ctm01/datasets/public/Oxford102Flowers/jpg/image_01297.jpg,image_01297.jpg,21.80975341796875
1976,/nas-ctm01/datasets/public/Oxford102Flowers/jpg/image_01977.jpg,image_01977.jpg,22.63544464111328
7792,/nas-ctm01/datasets/public/Oxford102Flowers/jpg/image_07793.jpg,image_07793.jpg,21.017431259155273
7336,/nas-ctm01/datasets/public/Oxford102Flowers/jpg/image_07337.jpg,image_07337.jpg,21.54245376586914
2075,/nas-ctm01/datasets/public/Oxford102Flowers/jpg/image_02076.jpg,image_02076.jpg,22.376338958740234
4580,/nas-ctm01/datasets/public/Oxford102Flowers/jpg/image_04581.jpg,image_04581.jpg,21.632099151611328
5750,/nas-ctm01/datasets/public/Oxford102Flowers/jpg/image_05751.jpg,image_05751.jpg,22.073591232299805
7730,/nas-ctm01/datasets/public/Oxford102Flowers/jpg/image_07731.jpg,image_07731.jpg,20.750354766845703
3086,/nas-ctm01/datasets/public/Oxford102Flowers/jpg/image_03087.jpg,image_03087.jpg,21.35131072998047
8109,/nas-ctm01/datasets/public/Oxford102Flowers/jpg/image_08110.jpg,image_08110.jpg,22.25029945373535
6882,/nas-ctm01/datasets/public/Oxford102Flowers/jpg/image_06883.jpg,image_06883.jpg,21.819732666015625
7139,/nas-ctm01/datasets/public/Oxford102Flowers/jpg/image_07140.jpg,image_07140.jpg,20.79376792907715
3345,/nas-ctm01/datasets/public/Oxford102Flowers/jpg/image_03346.jpg,image_03346.jpg,22.64609146118164
7310,/nas-ctm01/datasets/public/Oxford102Flowers/jpg/image_07311.jpg,image_07311.jpg,21.81388282775879
5870,/nas-ctm01/datasets/public/Oxford102Flowers/jpg/image_05871.jpg,image_05871.jpg,23.575332641601562
6506,/nas-ctm01/datasets/public/Oxford102Flowers/jpg/image_06507.jpg,image_06507.jpg,22.741619110107422
2797,/nas-ctm01/datasets/public/Oxford102Flowers/jpg/image_02798.jpg,image_02798.jpg,22.61781883239746
918,/nas-ctm01/datasets/public/Oxford102Flowers/jpg/image_00919.jpg,image_00919.jpg,22.53773307800293
1646,/nas-ctm01/datasets/public/Oxford102Flowers/jpg/image_01647.jpg,image_01647.jpg,24.128196716308594
5122,/nas-ctm01/datasets/public/Oxford102Flowers/jpg/image_05123.jpg,image_05123.jpg,21.223209381103516
5126,/nas-ctm01/datasets/public/Oxford102Flowers/jpg/image_05127.jpg,image_05127.jpg,22.633644104003906
4978,/nas-ctm01/datasets/public/Oxford102Flowers/jpg/image_04979.jpg,image_04979.jpg,23.03981590270996
5431,/nas-ctm01/datasets/public/Oxford102Flowers/jpg/image_05432.jpg,image_05432.jpg,22.936859130859375
6842,/nas-ctm01/datasets/public/Oxford102Flowers/jpg/image_06843.jpg,image_06843.jpg,21.69106101989746
4621,/nas-ctm01/datasets/public/Oxford102Flowers/jpg/image_04622.jpg,image_04622.jpg,22.07288360595703
6809,/nas-ctm01/datasets/public/Oxford102Flowers/jpg/image_06810.jpg,image_06810.jpg,21.20749282836914
364,/nas-ctm01/datasets/public/Oxford102Flowers/jpg/image_00365.jpg,image_00365.jpg,22.25324821472168
3287,/nas-ctm01/datasets/public/Oxford102Flowers/jpg/image_03288.jpg,image_03288.jpg,23.457351684570312
2125,/nas-ctm01/datasets/public/Oxford102Flowers/jpg/image_02126.jpg,image_02126.jpg,22.061199188232422
4123,/nas-ctm01/datasets/public/Oxford102Flowers/jpg/image_04124.jpg,image_04124.jpg,22.778249740600586
4569,/nas-ctm01/datasets/public/Oxford102Flowers/jpg/image_04570.jpg,image_04570.jpg,21.809309005737305
525,/nas-ctm01/datasets/public/Oxford102Flowers/jpg/image_00526.jpg,image_00526.jpg,22.96213150024414
4821,/nas-ctm01/datasets/public/Oxford102Flowers/jpg/image_04822.jpg,image_04822.jpg,22.650493621826172
55,/nas-ctm01/datasets/public/Oxford102Flowers/jpg/image_00056.jpg,image_00056.jpg,24.136384963989258
638,/nas-ctm01/datasets/public/Oxford102Flowers/jpg/image_00639.jpg,image_00639.jpg,21.112972259521484
302,/nas-ctm01/datasets/public/Oxford102Flowers/jpg/image_00303.jpg,image_00303.jpg,22.856708526611328
2766,/nas-ctm01/datasets/public/Oxford102Flowers/jpg/image_02767.jpg,image_02767.jpg,22.051145553588867
5811,/nas-ctm01/datasets/public/Oxford102Flowers/jpg/image_05812.jpg,image_05812.jpg,22.099376678466797
1276,/nas-ctm01/datasets/public/Oxford102Flowers/jpg/image_01277.jpg,image_01277.jpg,22.987451553344727
7668,/nas-ctm01/datasets/public/Oxford102Flowers/jpg/image_07669.jpg,image_07669.jpg,22.162282943725586
4720,/nas-ctm01/datasets/public/Oxford102Flowers/jpg/image_04721.jpg,image_04721.jpg,20.80232048034668
2055,/nas-ctm01/datasets/public/Oxford102Flowers/jpg/image_02056.jpg,image_02056.jpg,22.0378360748291
5376,/nas-ctm01/datasets/public/Oxford102Flowers/jpg/image_05377.jpg,image_05377.jpg,21.50615882873535
6947,/nas-ctm01/datasets/public/Oxford102Flowers/jpg/image_06948.jpg,image_06948.jpg,21.9320125579834
5145,/nas-ctm01/datasets/public/Oxford102Flowers/jpg/image_05146.jpg,image_05146.jpg,22.153850555419922
4432,/nas-ctm01/datasets/public/Oxford102Flowers/jpg/image_04433.jpg,image_04433.jpg,20.829938888549805
3644,/nas-ctm01/datasets/public/Oxford102Flowers/jpg/image_03645.jpg,image_03645.jpg,20.52647590637207
4143,/nas-ctm01/datasets/public/Oxford102Flowers/jpg/image_04144.jpg,image_04144.jpg,23.754920959472656
2878,/nas-ctm01/datasets/public/Oxford102Flowers/jpg/image_02879.jpg,image_02879.jpg,22.2412166595459
4202,/nas-ctm01/datasets/public/Oxford102Flowers/jpg/image_04203.jpg,image_04203.jpg,22.540693283081055
6493,/nas-ctm01/datasets/public/Oxford102Flowers/jpg/image_06494.jpg,image_06494.jpg,23.73250389099121
5175,/nas-ctm01/datasets/public/Oxford102Flowers/jpg/image_05176.jpg,image_05176.jpg,21.963855743408203
2286,/nas-ctm01/datasets/public/Oxford102Flowers/jpg/image_02287.jpg,image_02287.jpg,21.86847686767578
2261,/nas-ctm01/datasets/public/Oxford102Flowers/jpg/image_02262.jpg,image_02262.jpg,22.276100158691406
5240,/nas-ctm01/datasets/public/Oxford102Flowers/jpg/image_05241.jpg,image_05241.jpg,20.478229522705078
7284,/nas-ctm01/datasets/public/Oxford102Flowers/jpg/image_07285.jpg,image_07285.jpg,20.380544662475586
2296,/nas-ctm01/datasets/public/Oxford102Flowers/jpg/image_02297.jpg,image_02297.jpg,21.22450828552246
6937,/nas-ctm01/datasets/public/Oxford102Flowers/jpg/image_06938.jpg,image_06938.jpg,23.373855590820312
5932,/nas-ctm01/datasets/public/Oxford102Flowers/jpg/image_05933.jpg,image_05933.jpg,22.776159286499023
1753,/nas-ctm01/datasets/public/Oxford102Flowers/jpg/image_01754.jpg,image_01754.jpg,23.39113998413086
5197,/nas-ctm01/datasets/public/Oxford102Flowers/jpg/image_05198.jpg,image_05198.jpg,23.62624168395996
1968,/nas-ctm01/datasets/public/Oxford102Flowers/jpg/image_01969.jpg,image_01969.jpg,22.119152069091797
7108,/nas-ctm01/datasets/public/Oxford102Flowers/jpg/image_07109.jpg,image_07109.jpg,21.55411720275879
3117,/nas-ctm01/datasets/public/Oxford102Flowers/jpg/image_03118.jpg,image_03118.jpg,21.148494720458984
2393,/nas-ctm01/datasets/public/Oxford102Flowers/jpg/image_02394.jpg,image_02394.jpg,22.337921142578125
523,/nas-ctm01/datasets/public/Oxford102Flowers/jpg/image_00524.jpg,image_00524.jpg,20.452896118164062
6376,/nas-ctm01/datasets/public/Oxford102Flowers/jpg/image_06377.jpg,image_06377.jpg,21.216167449951172
6788,/nas-ctm01/datasets/public/Oxford102Flowers/jpg/image_06789.jpg,image_06789.jpg,20.762535095214844
6981,/nas-ctm01/datasets/public/Oxford102Flowers/jpg/image_06982.jpg,image_06982.jpg,23.048059463500977
5524,/nas-ctm01/datasets/public/Oxford102Flowers/jpg/image_05525.jpg,image_05525.jpg,20.964433670043945
6677,/nas-ctm01/datasets/public/Oxford102Flowers/jpg/image_06678.jpg,image_06678.jpg,20.827919006347656
3900,/nas-ctm01/datasets/public/Oxford102Flowers/jpg/image_03901.jpg,image_03901.jpg,24.966968536376953
8075,/nas-ctm01/datasets/public/Oxford102Flowers/jpg/image_08076.jpg,image_08076.jpg,22.831298828125
4699,/nas-ctm01/datasets/public/Oxford102Flowers/jpg/image_04700.jpg,image_04700.jpg,21.307767868041992
5585,/nas-ctm01/datasets/public/Oxford102Flowers/jpg/image_05586.jpg,image_05586.jpg,22.06488609313965
7224,/nas-ctm01/datasets/public/Oxford102Flowers/jpg/image_07225.jpg,image_07225.jpg,22.870759963989258
3122,/nas-ctm01/datasets/public/Oxford102Flowers/jpg/image_03123.jpg,image_03123.jpg,22.21046257019043
6777,/nas-ctm01/datasets/public/Oxford102Flowers/jpg/image_06778.jpg,image_06778.jpg,20.835786819458008
4156,/nas-ctm01/datasets/public/Oxford102Flowers/jpg/image_04157.jpg,image_04157.jpg,23.359771728515625
1969,/nas-ctm01/datasets/public/Oxford102Flowers/jpg/image_01970.jpg,image_01970.jpg,22.05338478088379
671,/nas-ctm01/datasets/public/Oxford102Flowers/jpg/image_00672.jpg,image_00672.jpg,21.513376235961914
4188,/nas-ctm01/datasets/public/Oxford102Flowers/jpg/image_04189.jpg,image_04189.jpg,23.220844268798828
666,/nas-ctm01/datasets/public/Oxford102Flowers/jpg/image_00667.jpg,image_00667.jpg,21.19603729248047
7086,/nas-ctm01/datasets/public/Oxford102Flowers/jpg/image_07087.jpg,image_07087.jpg,23.15438461303711
1887,/nas-ctm01/datasets/public/Oxford102Flowers/jpg/image_01888.jpg,image_01888.jpg,24.27642059326172
3266,/nas-ctm01/datasets/public/Oxford102Flowers/jpg/image_03267.jpg,image_03267.jpg,23.32221221923828
280,/nas-ctm01/datasets/public/Oxford102Flowers/jpg/image_00281.jpg,image_00281.jpg,23.246219635009766
1719,/nas-ctm01/datasets/public/Oxford102Flowers/jpg/image_01720.jpg,image_01720.jpg,23.651416778564453
2947,/nas-ctm01/datasets/public/Oxford102Flowers/jpg/image_02948.jpg,image_02948.jpg,22.153934478759766
4455,/nas-ctm01/datasets/public/Oxford102Flowers/jpg/image_04456.jpg,image_04456.jpg,20.929805755615234
899,/nas-ctm01/datasets/public/Oxford102Flowers/jpg/image_00900.jpg,image_00900.jpg,23.327617645263672
6031,/nas-ctm01/datasets/public/Oxford102Flowers/jpg/image_06032.jpg,image_06032.jpg,21.0748291015625
7925,/nas-ctm01/datasets/public/Oxford102Flowers/jpg/image_07926.jpg,image_07926.jpg,21.33369255065918
6090,/nas-ctm01/datasets/public/Oxford102Flowers/jpg/image_06091.jpg,image_06091.jpg,23.72625732421875
7171,/nas-ctm01/datasets/public/Oxford102Flowers/jpg/image_07172.jpg,image_07172.jpg,21.97074317932129
6991,/nas-ctm01/datasets/public/Oxford102Flowers/jpg/image_06992.jpg,image_06992.jpg,22.897714614868164
760,/nas-ctm01/datasets/public/Oxford102Flowers/jpg/image_00761.jpg,image_00761.jpg,20.761451721191406
6254,/nas-ctm01/datasets/public/Oxford102Flowers/jpg/image_06255.jpg,image_06255.jpg,20.904497146606445
1906,/nas-ctm01/datasets/public/Oxford102Flowers/jpg/image_01907.jpg,image_01907.jpg,22.32481575012207
4042,/nas-ctm01/datasets/public/Oxford102Flowers/jpg/image_04043.jpg,image_04043.jpg,22.282859802246094
3823,/nas-ctm01/datasets/public/Oxford102Flowers/jpg/image_03824.jpg,image_03824.jpg,20.6429386138916
4138,/nas-ctm01/datasets/public/Oxford102Flowers/jpg/image_04139.jpg,image_04139.jpg,22.54478645324707
3818,/nas-ctm01/datasets/public/Oxford102Flowers/jpg/image_03819.jpg,image_03819.jpg,21.08409309387207
6269,/nas-ctm01/datasets/public/Oxford102Flowers/jpg/image_06270.jpg,image_06270.jpg,21.46493911743164
4300,/nas-ctm01/datasets/public/Oxford102Flowers/jpg/image_04301.jpg,image_04301.jpg,20.9969539642334
5569,/nas-ctm01/datasets/public/Oxford102Flowers/jpg/image_05570.jpg,image_05570.jpg,21.184219360351562
6196,/nas-ctm01/datasets/public/Oxford102Flowers/jpg/image_06197.jpg,image_06197.jpg,20.144054412841797
2593,/nas-ctm01/datasets/public/Oxford102Flowers/jpg/image_02594.jpg,image_02594.jpg,22.667673110961914
4164,/nas-ctm01/datasets/public/Oxford102Flowers/jpg/image_04165.jpg,image_04165.jpg,21.985458374023438
3031,/nas-ctm01/datasets/public/Oxford102Flowers/jpg/image_03032.jpg,image_03032.jpg,21.80693817138672
5971,/nas-ctm01/datasets/public/Oxford102Flowers/jpg/image_05972.jpg,image_05972.jpg,21.000375747680664
3579,/nas-ctm01/datasets/public/Oxford102Flowers/jpg/image_03580.jpg,image_03580.jpg,21.03595542907715
2832,/nas-ctm01/datasets/public/Oxford102Flowers/jpg/image_02833.jpg,image_02833.jpg,21.952545166015625
5449,/nas-ctm01/datasets/public/Oxford102Flowers/jpg/image_05450.jpg,image_05450.jpg,21.700368881225586
3472,/nas-ctm01/datasets/public/Oxford102Flowers/jpg/image_03473.jpg,image_03473.jpg,21.237842559814453
6327,/nas-ctm01/datasets/public/Oxford102Flowers/jpg/image_06328.jpg,image_06328.jpg,22.166522979736328
137,/nas-ctm01/datasets/public/Oxford102Flowers/jpg/image_00138.jpg,image_00138.jpg,23.59886932373047
7043,/nas-ctm01/datasets/public/Oxford102Flowers/jpg/image_07044.jpg,image_07044.jpg,20.190906524658203
4892,/nas-ctm01/datasets/public/Oxford102Flowers/jpg/image_04893.jpg,image_04893.jpg,22.806026458740234
2180,/nas-ctm01/datasets/public/Oxford102Flowers/jpg/image_02181.jpg,image_02181.jpg,21.77203369140625
2128,/nas-ctm01/datasets/public/Oxford102Flowers/jpg/image_02129.jpg,image_02129.jpg,21.975374221801758
3177,/nas-ctm01/datasets/public/Oxford102Flowers/jpg/image_03178.jpg,image_03178.jpg,21.378341674804688
4854,/nas-ctm01/datasets/public/Oxford102Flowers/jpg/image_04855.jpg,image_04855.jpg,22.785799026489258
4637,/nas-ctm01/datasets/public/Oxford102Flowers/jpg/image_04638.jpg,image_04638.jpg,20.741580963134766
5115,/nas-ctm01/datasets/public/Oxford102Flowers/jpg/image_05116.jpg,image_05116.jpg,22.307119369506836
7135,/nas-ctm01/datasets/public/Oxford102Flowers/jpg/image_07136.jpg,image_07136.jpg,21.061681747436523
7127,/nas-ctm01/datasets/public/Oxford102Flowers/jpg/image_07128.jpg,image_07128.jpg,19.662405014038086
4261,/nas-ctm01/datasets/public/Oxford102Flowers/jpg/image_04262.jpg,image_04262.jpg,22.305036544799805
4344,/nas-ctm01/datasets/public/Oxford102Flowers/jpg/image_04345.jpg,image_04345.jpg,23.046175003051758
1331,/nas-ctm01/datasets/public/Oxford102Flowers/jpg/image_01332.jpg,image_01332.jpg,21.710329055786133
2017,/nas-ctm01/datasets/public/Oxford102Flowers/jpg/image_02018.jpg,image_02018.jpg,21.82693862915039
4542,/nas-ctm01/datasets/public/Oxford102Flowers/jpg/image_04543.jpg,image_04543.jpg,20.82758331298828
2482,/nas-ctm01/datasets/public/Oxford102Flowers/jpg/image_02483.jpg,image_02483.jpg,23.150814056396484
7002,/nas-ctm01/datasets/public/Oxford102Flowers/jpg/image_07003.jpg,image_07003.jpg,22.450401306152344
1358,/nas-ctm01/datasets/public/Oxford102Flowers/jpg/image_01359.jpg,image_01359.jpg,22.015243530273438
6941,/nas-ctm01/datasets/public/Oxford102Flowers/jpg/image_06942.jpg,image_06942.jpg,21.63706398010254
6241,/nas-ctm01/datasets/public/Oxford102Flowers/jpg/image_06242.jpg,image_06242.jpg,22.053407669067383
1329,/nas-ctm01/datasets/public/Oxford102Flowers/jpg/image_01330.jpg,image_01330.jpg,22.09651756286621
8162,/nas-ctm01/datasets/public/Oxford102Flowers/jpg/image_08163.jpg,image_08163.jpg,21.945011138916016
6881,/nas-ctm01/datasets/public/Oxford102Flowers/jpg/image_06882.jpg,image_06882.jpg,22.452016830444336
8060,/nas-ctm01/datasets/public/Oxford102Flowers/jpg/image_08061.jpg,image_08061.jpg,22.64480972290039
2150,/nas-ctm01/datasets/public/Oxford102Flowers/jpg/image_02151.jpg,image_02151.jpg,22.32139778137207
4530,/nas-ctm01/datasets/public/Oxford102Flowers/jpg/image_04531.jpg,image_04531.jpg,21.171445846557617
2122,/nas-ctm01/datasets/public/Oxford102Flowers/jpg/image_02123.jpg,image_02123.jpg,20.785343170166016
4673,/nas-ctm01/datasets/public/Oxford102Flowers/jpg/image_04674.jpg,image_04674.jpg,22.143115997314453
3981,/nas-ctm01/datasets/public/Oxford102Flowers/jpg/image_03982.jpg,image_03982.jpg,21.032426834106445
6996,/nas-ctm01/datasets/public/Oxford102Flowers/jpg/image_06997.jpg,image_06997.jpg,22.12066078186035
1252,/nas-ctm01/datasets/public/Oxford102Flowers/jpg/image_01253.jpg,image_01253.jpg,23.015718460083008
3278,/nas-ctm01/datasets/public/Oxford102Flowers/jpg/image_03279.jpg,image_03279.jpg,22.48427391052246
7062,/nas-ctm01/datasets/public/Oxford102Flowers/jpg/image_07063.jpg,image_07063.jpg,21.92462921142578
3374,/nas-ctm01/datasets/public/Oxford102Flowers/jpg/image_03375.jpg,image_03375.jpg,20.916406631469727
2814,/nas-ctm01/datasets/public/Oxford102Flowers/jpg/image_02815.jpg,image_02815.jpg,21.705751419067383
4719,/nas-ctm01/datasets/public/Oxford102Flowers/jpg/image_04720.jpg,image_04720.jpg,21.607223510742188
6544,/nas-ctm01/datasets/public/Oxford102Flowers/jpg/image_06545.jpg,image_06545.jpg,22.811389923095703
1848,/nas-ctm01/datasets/public/Oxford102Flowers/jpg/image_01849.jpg,image_01849.jpg,23.07561683654785
4858,/nas-ctm01/datasets/public/Oxford102Flowers/jpg/image_04859.jpg,image_04859.jpg,23.620990753173828
3037,/nas-ctm01/datasets/public/Oxford102Flowers/jpg/image_03038.jpg,image_03038.jpg,20.92854118347168
388,/nas-ctm01/datasets/public/Oxford102Flowers/jpg/image_00389.jpg,image_00389.jpg,23.716331481933594
235,/nas-ctm01/datasets/public/Oxford102Flowers/jpg/image_00236.jpg,image_00236.jpg,23.868371963500977
1077,/nas-ctm01/datasets/public/Oxford102Flowers/jpg/image_01078.jpg,image_01078.jpg,21.18315887451172
1984,/nas-ctm01/datasets/public/Oxford102Flowers/jpg/image_01985.jpg,image_01985.jpg,23.493532180786133
4363,/nas-ctm01/datasets/public/Oxford102Flowers/jpg/image_04364.jpg,image_04364.jpg,23.515090942382812
3962,/nas-ctm01/datasets/public/Oxford102Flowers/jpg/image_03963.jpg,image_03963.jpg,21.323413848876953
770,/nas-ctm01/datasets/public/Oxford102Flowers/jpg/image_00771.jpg,image_00771.jpg,20.58878517150879
2165,/nas-ctm01/datasets/public/Oxford102Flowers/jpg/image_02166.jpg,image_02166.jpg,20.9364070892334
4533,/nas-ctm01/datasets/public/Oxford102Flowers/jpg/image_04534.jpg,image_04534.jpg,21.39431381225586
673,/nas-ctm01/datasets/public/Oxford102Flowers/jpg/image_00674.jpg,image_00674.jpg,21.479251861572266
249,/nas-ctm01/datasets/public/Oxford102Flowers/jpg/image_00250.jpg,image_00250.jpg,24.153221130371094
6297,/nas-ctm01/datasets/public/Oxford102Flowers/jpg/image_06298.jpg,image_06298.jpg,23.112998962402344
1574,/nas-ctm01/datasets/public/Oxford102Flowers/jpg/image_01575.jpg,image_01575.jpg,24.522729873657227
6238,/nas-ctm01/datasets/public/Oxford102Flowers/jpg/image_06239.jpg,image_06239.jpg,22.340906143188477
3419,/nas-ctm01/datasets/public/Oxford102Flowers/jpg/image_03420.jpg,image_03420.jpg,21.118831634521484
2081,/nas-ctm01/datasets/public/Oxford102Flowers/jpg/image_02082.jpg,image_02082.jpg,22.39274787902832
1823,/nas-ctm01/datasets/public/Oxford102Flowers/jpg/image_01824.jpg,image_01824.jpg,24.44172477722168
7573,/nas-ctm01/datasets/public/Oxford102Flowers/jpg/image_07574.jpg,image_07574.jpg,22.424049377441406
7824,/nas-ctm01/datasets/public/Oxford102Flowers/jpg/image_07825.jpg,image_07825.jpg,22.23765754699707
4544,/nas-ctm01/datasets/public/Oxford102Flowers/jpg/image_04545.jpg,image_04545.jpg,20.422454833984375
5565,/nas-ctm01/datasets/public/Oxford102Flowers/jpg/image_05566.jpg,image_05566.jpg,21.304792404174805
716,/nas-ctm01/datasets/public/Oxford102Flowers/jpg/image_00717.jpg,image_00717.jpg,20.96390724182129
7301,/nas-ctm01/datasets/public/Oxford102Flowers/jpg/image_07302.jpg,image_07302.jpg,21.718647003173828
7641,/nas-ctm01/datasets/public/Oxford102Flowers/jpg/image_07642.jpg,image_07642.jpg,22.21810531616211
2048,/nas-ctm01/datasets/public/Oxford102Flowers/jpg/image_02049.jpg,image_02049.jpg,23.41542625427246
5997,/nas-ctm01/datasets/public/Oxford102Flowers/jpg/image_05998.jpg,image_05998.jpg,22.65928840637207
6600,/nas-ctm01/datasets/public/Oxford102Flowers/jpg/image_06601.jpg,image_06601.jpg,22.203332901000977
5264,/nas-ctm01/datasets/public/Oxford102Flowers/jpg/image_05265.jpg,image_05265.jpg,20.825408935546875
4178,/nas-ctm01/datasets/public/Oxford102Flowers/jpg/image_04179.jpg,image_04179.jpg,21.97964859008789
4809,/nas-ctm01/datasets/public/Oxford102Flowers/jpg/image_04810.jpg,image_04810.jpg,21.77073097229004
2724,/nas-ctm01/datasets/public/Oxford102Flowers/jpg/image_02725.jpg,image_02725.jpg,22.550168991088867
7398,/nas-ctm01/datasets/public/Oxford102Flowers/jpg/image_07399.jpg,image_07399.jpg,21.96538543701172
7140,/nas-ctm01/datasets/public/Oxford102Flowers/jpg/image_07141.jpg,image_07141.jpg,20.269763946533203
7190,/nas-ctm01/datasets/public/Oxford102Flowers/jpg/image_07191.jpg,image_07191.jpg,21.60820770263672
1460,/nas-ctm01/datasets/public/Oxford102Flowers/jpg/image_01461.jpg,image_01461.jpg,20.99830436706543
6914,/nas-ctm01/datasets/public/Oxford102Flowers/jpg/image_06915.jpg,image_06915.jpg,22.929990768432617
5989,/nas-ctm01/datasets/public/Oxford102Flowers/jpg/image_05990.jpg,image_05990.jpg,21.78619956970215
1668,/nas-ctm01/datasets/public/Oxford102Flowers/jpg/image_01669.jpg,image_01669.jpg,23.820486068725586
2756,/nas-ctm01/datasets/public/Oxford102Flowers/jpg/image_02757.jpg,image_02757.jpg,22.536684036254883
2000,/nas-ctm01/datasets/public/Oxford102Flowers/jpg/image_02001.jpg,image_02001.jpg,22.51060676574707
4571,/nas-ctm01/datasets/public/Oxford102Flowers/jpg/image_04572.jpg,image_04572.jpg,21.312015533447266
4613,/nas-ctm01/datasets/public/Oxford102Flowers/jpg/image_04614.jpg,image_04614.jpg,21.449264526367188
7607,/nas-ctm01/datasets/public/Oxford102Flowers/jpg/image_07608.jpg,image_07608.jpg,22.500675201416016
404,/nas-ctm01/datasets/public/Oxford102Flowers/jpg/image_00405.jpg,image_00405.jpg,22.952800750732422
384,/nas-ctm01/datasets/public/Oxford102Flowers/jpg/image_00385.jpg,image_00385.jpg,23.045581817626953
7349,/nas-ctm01/datasets/public/Oxford102Flowers/jpg/image_07350.jpg,image_07350.jpg,22.22893524169922
2152,/nas-ctm01/datasets/public/Oxford102Flowers/jpg/image_02153.jpg,image_02153.jpg,22.3391056060791
1633,/nas-ctm01/datasets/public/Oxford102Flowers/jpg/image_01634.jpg,image_01634.jpg,23.39617919921875
7499,/nas-ctm01/datasets/public/Oxford102Flowers/jpg/image_07500.jpg,image_07500.jpg,23.16375160217285
5580,/nas-ctm01/datasets/public/Oxford102Flowers/jpg/image_05581.jpg,image_05581.jpg,21.949445724487305
4784,/nas-ctm01/datasets/public/Oxford102Flowers/jpg/image_04785.jpg,image_04785.jpg,21.982181549072266
7364,/nas-ctm01/datasets/public/Oxford102Flowers/jpg/image_07365.jpg,image_07365.jpg,21.907054901123047
6970,/nas-ctm01/datasets/public/Oxford102Flowers/jpg/image_06971.jpg,image_06971.jpg,23.229965209960938
3925,/nas-ctm01/datasets/public/Oxford102Flowers/jpg/image_03926.jpg,image_03926.jpg,21.014476776123047
5336,/nas-ctm01/datasets/public/Oxford102Flowers/jpg/image_05337.jpg,image_05337.jpg,21.46295738220215
4158,/nas-ctm01/datasets/public/Oxford102Flowers/jpg/image_04159.jpg,image_04159.jpg,22.368623733520508
4948,/nas-ctm01/datasets/public/Oxford102Flowers/jpg/image_04949.jpg,image_04949.jpg,22.76329803466797
5898,/nas-ctm01/datasets/public/Oxford102Flowers/jpg/image_05899.jpg,image_05899.jpg,23.364322662353516
7534,/nas-ctm01/datasets/public/Oxford102Flowers/jpg/image_07535.jpg,image_07535.jpg,21.191564559936523
5358,/nas-ctm01/datasets/public/Oxford102Flowers/jpg/image_05359.jpg,image_05359.jpg,21.877765655517578
223,/nas-ctm01/datasets/public/Oxford102Flowers/jpg/image_00224.jpg,image_00224.jpg,22.997716903686523
2193,/nas-ctm01/datasets/public/Oxford102Flowers/jpg/image_02194.jpg,image_02194.jpg,21.620134353637695
3136,/nas-ctm01/datasets/public/Oxford102Flowers/jpg/image_03137.jpg,image_03137.jpg,21.904254913330078
4469,/nas-ctm01/datasets/public/Oxford102Flowers/jpg/image_04470.jpg,image_04470.jpg,21.871692657470703
1824,/nas-ctm01/datasets/public/Oxford102Flowers/jpg/image_01825.jpg,image_01825.jpg,23.47146224975586
7518,/nas-ctm01/datasets/public/Oxford102Flowers/jpg/image_07519.jpg,image_07519.jpg,22.54421043395996
5124,/nas-ctm01/datasets/public/Oxford102Flowers/jpg/image_05125.jpg,image_05125.jpg,22.625688552856445
4972,/nas-ctm01/datasets/public/Oxford102Flowers/jpg/image_04973.jpg,image_04973.jpg,24.464479446411133
797,/nas-ctm01/datasets/public/Oxford102Flowers/jpg/image_00798.jpg,image_00798.jpg,23.689687728881836
2871,/nas-ctm01/datasets/public/Oxford102Flowers/jpg/image_02872.jpg,image_02872.jpg,22.521760940551758
9,/nas-ctm01/datasets/public/Oxford102Flowers/jpg/image_00010.jpg,image_00010.jpg,23.97616195678711
6593,/nas-ctm01/datasets/public/Oxford102Flowers/jpg/image_06594.jpg,image_06594.jpg,22.77935791015625
1944,/nas-ctm01/datasets/public/Oxford102Flowers/jpg/image_01945.jpg,image_01945.jpg,23.16227912902832
1838,/nas-ctm01/datasets/public/Oxford102Flowers/jpg/image_01839.jpg,image_01839.jpg,22.692331314086914
4804,/nas-ctm01/datasets/public/Oxford102Flowers/jpg/image_04805.jpg,image_04805.jpg,22.402435302734375
255,/nas-ctm01/datasets/public/Oxford102Flowers/jpg/image_00256.jpg,image_00256.jpg,23.191850662231445
7026,/nas-ctm01/datasets/public/Oxford102Flowers/jpg/image_07027.jpg,image_07027.jpg,19.75436782836914
5713,/nas-ctm01/datasets/public/Oxford102Flowers/jpg/image_05714.jpg,image_05714.jpg,22.747434616088867
4485,/nas-ctm01/datasets/public/Oxford102Flowers/jpg/image_04486.jpg,image_04486.jpg,21.91008949279785
7373,/nas-ctm01/datasets/public/Oxford102Flowers/jpg/image_07374.jpg,image_07374.jpg,20.903907775878906
1581,/nas-ctm01/datasets/public/Oxford102Flowers/jpg/image_01582.jpg,image_01582.jpg,24.292612075805664
2956,/nas-ctm01/datasets/public/Oxford102Flowers/jpg/image_02957.jpg,image_02957.jpg,21.965417861938477
924,/nas-ctm01/datasets/public/Oxford102Flowers/jpg/image_00925.jpg,image_00925.jpg,23.073711395263672
7870,/nas-ctm01/datasets/public/Oxford102Flowers/jpg/image_07871.jpg,image_07871.jpg,21.4210205078125
7254,/nas-ctm01/datasets/public/Oxford102Flowers/jpg/image_07255.jpg,image_07255.jpg,20.813386917114258
2508,/nas-ctm01/datasets/public/Oxford102Flowers/jpg/image_02509.jpg,image_02509.jpg,22.64443016052246
6132,/nas-ctm01/datasets/public/Oxford102Flowers/jpg/image_06133.jpg,image_06133.jpg,21.225210189819336
5024,/nas-ctm01/datasets/public/Oxford102Flowers/jpg/image_05025.jpg,image_05025.jpg,21.194734573364258
5320,/nas-ctm01/datasets/public/Oxford102Flowers/jpg/image_05321.jpg,image_05321.jpg,20.399696350097656
7102,/nas-ctm01/datasets/public/Oxford102Flowers/jpg/image_07103.jpg,image_07103.jpg,22.14419937133789
6645,/nas-ctm01/datasets/public/Oxford102Flowers/jpg/image_06646.jpg,image_06646.jpg,21.462158203125
6042,/nas-ctm01/datasets/public/Oxford102Flowers/jpg/image_06043.jpg,image_06043.jpg,20.69870948791504
3775,/nas-ctm01/datasets/public/Oxford102Flowers/jpg/image_03776.jpg,image_03776.jpg,20.901512145996094
4835,/nas-ctm01/datasets/public/Oxford102Flowers/jpg/image_04836.jpg,image_04836.jpg,21.597063064575195
4136,/nas-ctm01/datasets/public/Oxford102Flowers/jpg/image_04137.jpg,image_04137.jpg,23.59951400756836
4964,/nas-ctm01/datasets/public/Oxford102Flowers/jpg/image_04965.jpg,image_04965.jpg,22.83070945739746
2779,/nas-ctm01/datasets/public/Oxford102Flowers/jpg/image_02780.jpg,image_02780.jpg,22.052698135375977
539,/nas-ctm01/datasets/public/Oxford102Flowers/jpg/image_00540.jpg,image_00540.jpg,23.383655548095703
2745,/nas-ctm01/datasets/public/Oxford102Flowers/jpg/image_02746.jpg,image_02746.jpg,22.605960845947266
7356,/nas-ctm01/datasets/public/Oxford102Flowers/jpg/image_07357.jpg,image_07357.jpg,21.561975479125977
7477,/nas-ctm01/datasets/public/Oxford102Flowers/jpg/image_07478.jpg,image_07478.jpg,21.741243362426758
6819,/nas-ctm01/datasets/public/Oxford102Flowers/jpg/image_06820.jpg,image_06820.jpg,22.477680206298828
5467,/nas-ctm01/datasets/public/Oxford102Flowers/jpg/image_05468.jpg,image_05468.jpg,22.501972198486328
1145,/nas-ctm01/datasets/public/Oxford102Flowers/jpg/image_01146.jpg,image_01146.jpg,22.67426872253418
5127,/nas-ctm01/datasets/public/Oxford102Flowers/jpg/image_05128.jpg,image_05128.jpg,22.017454147338867
4468,/nas-ctm01/datasets/public/Oxford102Flowers/jpg/image_04469.jpg,image_04469.jpg,21.3385009765625
667,/nas-ctm01/datasets/public/Oxford102Flowers/jpg/image_00668.jpg,image_00668.jpg,22.2734432220459
3019,/nas-ctm01/datasets/public/Oxford102Flowers/jpg/image_03020.jpg,image_03020.jpg,21.893774032592773
357,/nas-ctm01/datasets/public/Oxford102Flowers/jpg/image_00358.jpg,image_00358.jpg,22.85514259338379
5063,/nas-ctm01/datasets/public/Oxford102Flowers/jpg/image_05064.jpg,image_05064.jpg,20.73444938659668
2831,/nas-ctm01/datasets/public/Oxford102Flowers/jpg/image_02832.jpg,image_02832.jpg,21.973255157470703
2783,/nas-ctm01/datasets/public/Oxford102Flowers/jpg/image_02784.jpg,image_02784.jpg,21.932519912719727
1353,/nas-ctm01/datasets/public/Oxford102Flowers/jpg/image_01354.jpg,image_01354.jpg,21.9438419342041
5131,/nas-ctm01/datasets/public/Oxford102Flowers/jpg/image_05132.jpg,image_05132.jpg,22.57571792602539
7114,/nas-ctm01/datasets/public/Oxford102Flowers/jpg/image_07115.jpg,image_07115.jpg,22.663942337036133
470,/nas-ctm01/datasets/public/Oxford102Flowers/jpg/image_00471.jpg,image_00471.jpg,22.219655990600586
2703,/nas-ctm01/datasets/public/Oxford102Flowers/jpg/image_02704.jpg,image_02704.jpg,22.028949737548828
3330,/nas-ctm01/datasets/public/Oxford102Flowers/jpg/image_03331.jpg,image_03331.jpg,22.896183013916016
3637,/nas-ctm01/datasets/public/Oxford102Flowers/jpg/image_03638.jpg,image_03638.jpg,23.041828155517578
1396,/nas-ctm01/datasets/public/Oxford102Flowers/jpg/image_01397.jpg,image_01397.jpg,20.630456924438477
3584,/nas-ctm01/datasets/public/Oxford102Flowers/jpg/image_03585.jpg,image_03585.jpg,21.340654373168945
7674,/nas-ctm01/datasets/public/Oxford102Flowers/jpg/image_07675.jpg,image_07675.jpg,21.06635093688965
5262,/nas-ctm01/datasets/public/Oxford102Flowers/jpg/image_05263.jpg,image_05263.jpg,20.55777931213379
5645,/nas-ctm01/datasets/public/Oxford102Flowers/jpg/image_05646.jpg,image_05646.jpg,21.5052490234375
3376,/nas-ctm01/datasets/public/Oxford102Flowers/jpg/image_03377.jpg,image_03377.jpg,21.000364303588867
1256,/nas-ctm01/datasets/public/Oxford102Flowers/jpg/image_01257.jpg,image_01257.jpg,21.275678634643555
6190,/nas-ctm01/datasets/public/Oxford102Flowers/jpg/image_06191.jpg,image_06191.jpg,20.49233055114746
3512,/nas-ctm01/datasets/public/Oxford102Flowers/jpg/image_03513.jpg,image_03513.jpg,21.53032112121582
5651,/nas-ctm01/datasets/public/Oxford102Flowers/jpg/image_05652.jpg,image_05652.jpg,20.942649841308594
5778,/nas-ctm01/datasets/public/Oxford102Flowers/jpg/image_05779.jpg,image_05779.jpg,22.499303817749023
1250,/nas-ctm01/datasets/public/Oxford102Flowers/jpg/image_01251.jpg,image_01251.jpg,22.27703094482422
5795,/nas-ctm01/datasets/public/Oxford102Flowers/jpg/image_05796.jpg,image_05796.jpg,22.177959442138672
5348,/nas-ctm01/datasets/public/Oxford102Flowers/jpg/image_05349.jpg,image_05349.jpg,21.361127853393555
7859,/nas-ctm01/datasets/public/Oxford102Flowers/jpg/image_07860.jpg,image_07860.jpg,22.604970932006836
4298,/nas-ctm01/datasets/public/Oxford102Flowers/jpg/image_04299.jpg,image_04299.jpg,22.041051864624023
3284,/nas-ctm01/datasets/public/Oxford102Flowers/jpg/image_03285.jpg,image_03285.jpg,24.41187858581543
2933,/nas-ctm01/datasets/public/Oxford102Flowers/jpg/image_02934.jpg,image_02934.jpg,22.542510986328125
4175,/nas-ctm01/datasets/public/Oxford102Flowers/jpg/image_04176.jpg,image_04176.jpg,21.553096771240234
5268,/nas-ctm01/datasets/public/Oxford102Flowers/jpg/image_05269.jpg,image_05269.jpg,21.126577377319336
4910,/nas-ctm01/datasets/public/Oxford102Flowers/jpg/image_04911.jpg,image_04911.jpg,22.687129974365234
1852,/nas-ctm01/datasets/public/Oxford102Flowers/jpg/image_01853.jpg,image_01853.jpg,24.534011840820312
6316,/nas-ctm01/datasets/public/Oxford102Flowers/jpg/image_06317.jpg,image_06317.jpg,22.930652618408203
6815,/nas-ctm01/datasets/public/Oxford102Flowers/jpg/image_06816.jpg,image_06816.jpg,22.497920989990234
7659,/nas-ctm01/datasets/public/Oxford102Flowers/jpg/image_07660.jpg,image_07660.jpg,24.058879852294922
7958,/nas-ctm01/datasets/public/Oxford102Flowers/jpg/image_07959.jpg,image_07959.jpg,20.11528205871582
2105,/nas-ctm01/datasets/public/Oxford102Flowers/jpg/image_02106.jpg,image_02106.jpg,22.131750106811523
133,/nas-ctm01/datasets/public/Oxford102Flowers/jpg/image_00134.jpg,image_00134.jpg,23.291433334350586
5236,/nas-ctm01/datasets/public/Oxford102Flowers/jpg/image_05237.jpg,image_05237.jpg,21.665281295776367
5029,/nas-ctm01/datasets/public/Oxford102Flowers/jpg/image_05030.jpg,image_05030.jpg,21.549909591674805
928,/nas-ctm01/datasets/public/Oxford102Flowers/jpg/image_00929.jpg,image_00929.jpg,22.633625030517578
823,/nas-ctm01/datasets/public/Oxford102Flowers/jpg/image_00824.jpg,image_00824.jpg,21.867219924926758
7439,/nas-ctm01/datasets/public/Oxford102Flowers/jpg/image_07440.jpg,image_07440.jpg,21.443740844726562
1531,/nas-ctm01/datasets/public/Oxford102Flowers/jpg/image_01532.jpg,image_01532.jpg,24.041473388671875
1214,/nas-ctm01/datasets/public/Oxford102Flowers/jpg/image_01215.jpg,image_01215.jpg,22.00868034362793
504,/nas-ctm01/datasets/public/Oxford102Flowers/jpg/image_00505.jpg,image_00505.jpg,22.71687126159668
4285,/nas-ctm01/datasets/public/Oxford102Flowers/jpg/image_04286.jpg,image_04286.jpg,21.05085563659668
6491,/nas-ctm01/datasets/public/Oxford102Flowers/jpg/image_06492.jpg,image_06492.jpg,22.610261917114258
1996,/nas-ctm01/datasets/public/Oxford102Flowers/jpg/image_01997.jpg,image_01997.jpg,22.74067497253418
6530,/nas-ctm01/datasets/public/Oxford102Flowers/jpg/image_06531.jpg,image_06531.jpg,22.492666244506836
3072,/nas-ctm01/datasets/public/Oxford102Flowers/jpg/image_03073.jpg,image_03073.jpg,21.064563751220703
1958,/nas-ctm01/datasets/public/Oxford102Flowers/jpg/image_01959.jpg,image_01959.jpg,22.50590705871582
1384,/nas-ctm01/datasets/public/Oxford102Flowers/jpg/image_01385.jpg,image_01385.jpg,21.45131492614746
894,/nas-ctm01/datasets/public/Oxford102Flowers/jpg/image_00895.jpg,image_00895.jpg,22.937562942504883
4924,/nas-ctm01/datasets/public/Oxford102Flowers/jpg/image_04925.jpg,image_04925.jpg,22.72269630432129
455,/nas-ctm01/datasets/public/Oxford102Flowers/jpg/image_00456.jpg,image_00456.jpg,21.371633529663086
6619,/nas-ctm01/datasets/public/Oxford102Flowers/jpg/image_06620.jpg,image_06620.jpg,20.372581481933594
5779,/nas-ctm01/datasets/public/Oxford102Flowers/jpg/image_05780.jpg,image_05780.jpg,23.535274505615234
8163,/nas-ctm01/datasets/public/Oxford102Flowers/jpg/image_08164.jpg,image_08164.jpg,21.431652069091797
3709,/nas-ctm01/datasets/public/Oxford102Flowers/jpg/image_03710.jpg,image_03710.jpg,20.64512825012207
7552,/nas-ctm01/datasets/public/Oxford102Flowers/jpg/image_07553.jpg,image_07553.jpg,22.025989532470703
4849,/nas-ctm01/datasets/public/Oxford102Flowers/jpg/image_04850.jpg,image_04850.jpg,21.994211196899414
4748,/nas-ctm01/datasets/public/Oxford102Flowers/jpg/image_04749.jpg,image_04749.jpg,20.928672790527344
4268,/nas-ctm01/datasets/public/Oxford102Flowers/jpg/image_04269.jpg,image_04269.jpg,22.162511825561523
3522,/nas-ctm01/datasets/public/Oxford102Flowers/jpg/image_03523.jpg,image_03523.jpg,22.45740509033203
7293,/nas-ctm01/datasets/public/Oxford102Flowers/jpg/image_07294.jpg,image_07294.jpg,20.697416305541992
4134,/nas-ctm01/datasets/public/Oxford102Flowers/jpg/image_04135.jpg,image_04135.jpg,22.375246047973633
3602,/nas-ctm01/datasets/public/Oxford102Flowers/jpg/image_03603.jpg,image_03603.jpg,22.67634391784668
7995,/nas-ctm01/datasets/public/Oxford102Flowers/jpg/image_07996.jpg,image_07996.jpg,21.207738876342773
713,/nas-ctm01/datasets/public/Oxford102Flowers/jpg/image_00714.jpg,image_00714.jpg,21.6810245513916
4186,/nas-ctm01/datasets/public/Oxford102Flowers/jpg/image_04187.jpg,image_04187.jpg,22.429140090942383
2214,/nas-ctm01/datasets/public/Oxford102Flowers/jpg/image_02215.jpg,image_02215.jpg,21.89082145690918
5301,/nas-ctm01/datasets/public/Oxford102Flowers/jpg/image_05302.jpg,image_05302.jpg,21.496789932250977
2923,/nas-ctm01/datasets/public/Oxford102Flowers/jpg/image_02924.jpg,image_02924.jpg,22.11644172668457
7418,/nas-ctm01/datasets/public/Oxford102Flowers/jpg/image_07419.jpg,image_07419.jpg,21.610912322998047
1810,/nas-ctm01/datasets/public/Oxford102Flowers/jpg/image_01811.jpg,image_01811.jpg,23.15543556213379
3486,/nas-ctm01/datasets/public/Oxford102Flowers/jpg/image_03487.jpg,image_03487.jpg,23.21153450012207
3141,/nas-ctm01/datasets/public/Oxford102Flowers/jpg/image_03142.jpg,image_03142.jpg,20.964139938354492
1827,/nas-ctm01/datasets/public/Oxford102Flowers/jpg/image_01828.jpg,image_01828.jpg,23.375080108642578
1155,/nas-ctm01/datasets/public/Oxford102Flowers/jpg/image_01156.jpg,image_01156.jpg,22.286649703979492
1324,/nas-ctm01/datasets/public/Oxford102Flowers/jpg/image_01325.jpg,image_01325.jpg,21.163196563720703
4312,/nas-ctm01/datasets/public/Oxford102Flowers/jpg/image_04313.jpg,image_04313.jpg,20.85378646850586
510,/nas-ctm01/datasets/public/Oxford102Flowers/jpg/image_00511.jpg,image_00511.jpg,24.38652992248535
1680,/nas-ctm01/datasets/public/Oxford102Flowers/jpg/image_01681.jpg,image_01681.jpg,24.138816833496094
499,/nas-ctm01/datasets/public/Oxford102Flowers/jpg/image_00500.jpg,image_00500.jpg,21.12458038330078
7425,/nas-ctm01/datasets/public/Oxford102Flowers/jpg/image_07426.jpg,image_07426.jpg,22.76949691772461
1856,/nas-ctm01/datasets/public/Oxford102Flowers/jpg/image_01857.jpg,image_01857.jpg,22.628742218017578
1388,/nas-ctm01/datasets/public/Oxford102Flowers/jpg/image_01389.jpg,image_01389.jpg,20.59554672241211
5615,/nas-ctm01/datasets/public/Oxford102Flowers/jpg/image_05616.jpg,image_05616.jpg,22.785629272460938
3719,/nas-ctm01/datasets/public/Oxford102Flowers/jpg/image_03720.jpg,image_03720.jpg,21.241451263427734
2386,/nas-ctm01/datasets/public/Oxford102Flowers/jpg/image_02387.jpg,image_02387.jpg,21.93419647216797
5541,/nas-ctm01/datasets/public/Oxford102Flowers/jpg/image_05542.jpg,image_05542.jpg,22.12029457092285
3236,/nas-ctm01/datasets/public/Oxford102Flowers/jpg/image_03237.jpg,image_03237.jpg,22.739564895629883
6172,/nas-ctm01/datasets/public/Oxford102Flowers/jpg/image_06173.jpg,image_06173.jpg,21.509008407592773
1540,/nas-ctm01/datasets/public/Oxford102Flowers/jpg/image_01541.jpg,image_01541.jpg,23.305912017822266
1217,/nas-ctm01/datasets/public/Oxford102Flowers/jpg/image_01218.jpg,image_01218.jpg,22.038387298583984
2681,/nas-ctm01/datasets/public/Oxford102Flowers/jpg/image_02682.jpg,image_02682.jpg,22.698503494262695
7999,/nas-ctm01/datasets/public/Oxford102Flowers/jpg/image_08000.jpg,image_08000.jpg,21.753435134887695
2993,/nas-ctm01/datasets/public/Oxford102Flowers/jpg/image_02994.jpg,image_02994.jpg,21.99441909790039
5512,/nas-ctm01/datasets/public/Oxford102Flowers/jpg/image_05513.jpg,image_05513.jpg,22.76583480834961
6313,/nas-ctm01/datasets/public/Oxford102Flowers/jpg/image_06314.jpg,image_06314.jpg,22.635828018188477
1191,/nas-ctm01/datasets/public/Oxford102Flowers/jpg/image_01192.jpg,image_01192.jpg,22.09328842163086
5772,/nas-ctm01/datasets/public/Oxford102Flowers/jpg/image_05773.jpg,image_05773.jpg,23.48265266418457
5293,/nas-ctm01/datasets/public/Oxford102Flowers/jpg/image_05294.jpg,image_05294.jpg,21.378524780273438
1542,/nas-ctm01/datasets/public/Oxford102Flowers/jpg/image_01543.jpg,image_01543.jpg,24.184310913085938
3301,/nas-ctm01/datasets/public/Oxford102Flowers/jpg/image_03302.jpg,image_03302.jpg,23.1621036529541
3324,/nas-ctm01/datasets/public/Oxford102Flowers/jpg/image_03325.jpg,image_03325.jpg,23.600805282592773
7056,/nas-ctm01/datasets/public/Oxford102Flowers/jpg/image_07057.jpg,image_07057.jpg,22.338775634765625
2539,/nas-ctm01/datasets/public/Oxford102Flowers/jpg/image_02540.jpg,image_02540.jpg,23.524608612060547
953,/nas-ctm01/datasets/public/Oxford102Flowers/jpg/image_00954.jpg,image_00954.jpg,21.3810977935791
7241,/nas-ctm01/datasets/public/Oxford102Flowers/jpg/image_07242.jpg,image_07242.jpg,20.154104232788086
7176,/nas-ctm01/datasets/public/Oxford102Flowers/jpg/image_07177.jpg,image_07177.jpg,22.02337646484375
6731,/nas-ctm01/datasets/public/Oxford102Flowers/jpg/image_06732.jpg,image_06732.jpg,20.82378578186035
4846,/nas-ctm01/datasets/public/Oxford102Flowers/jpg/image_04847.jpg,image_04847.jpg,23.363956451416016
6801,/nas-ctm01/datasets/public/Oxford102Flowers/jpg/image_06802.jpg,image_06802.jpg,21.075260162353516
4330,/nas-ctm01/datasets/public/Oxford102Flowers/jpg/image_04331.jpg,image_04331.jpg,23.14768409729004
732,/nas-ctm01/datasets/public/Oxford102Flowers/jpg/image_00733.jpg,image_00733.jpg,21.23910903930664
8177,/nas-ctm01/datasets/public/Oxford102Flowers/jpg/image_08178.jpg,image_08178.jpg,22.133024215698242
7330,/nas-ctm01/datasets/public/Oxford102Flowers/jpg/image_07331.jpg,image_07331.jpg,22.754066467285156
1156,/nas-ctm01/datasets/public/Oxford102Flowers/jpg/image_01157.jpg,image_01157.jpg,22.573570251464844
7580,/nas-ctm01/datasets/public/Oxford102Flowers/jpg/image_07581.jpg,image_07581.jpg,21.93570899963379
3294,/nas-ctm01/datasets/public/Oxford102Flowers/jpg/image_03295.jpg,image_03295.jpg,23.684967041015625
6541,/nas-ctm01/datasets/public/Oxford102Flowers/jpg/image_06542.jpg,image_06542.jpg,23.568395614624023
2982,/nas-ctm01/datasets/public/Oxford102Flowers/jpg/image_02983.jpg,image_02983.jpg,22.26094627380371
5305,/nas-ctm01/datasets/public/Oxford102Flowers/jpg/image_05306.jpg,image_05306.jpg,19.952625274658203
5161,/nas-ctm01/datasets/public/Oxford102Flowers/jpg/image_05162.jpg,image_05162.jpg,21.160663604736328
2156,/nas-ctm01/datasets/public/Oxford102Flowers/jpg/image_02157.jpg,image_02157.jpg,21.765684127807617
1062,/nas-ctm01/datasets/public/Oxford102Flowers/jpg/image_01063.jpg,image_01063.jpg,21.330392837524414
2616,/nas-ctm01/datasets/public/Oxford102Flowers/jpg/image_02617.jpg,image_02617.jpg,22.439435958862305
1167,/nas-ctm01/datasets/public/Oxford102Flowers/jpg/image_01168.jpg,image_01168.jpg,23.396644592285156
3222,/nas-ctm01/datasets/public/Oxford102Flowers/jpg/image_03223.jpg,image_03223.jpg,22.533756256103516
3636,/nas-ctm01/datasets/public/Oxford102Flowers/jpg/image_03637.jpg,image_03637.jpg,22.102540969848633
5588,/nas-ctm01/datasets/public/Oxford102Flowers/jpg/image_05589.jpg,image_05589.jpg,21.03205680847168
2938,/nas-ctm01/datasets/public/Oxford102Flowers/jpg/image_02939.jpg,image_02939.jpg,21.74184226989746
7091,/nas-ctm01/datasets/public/Oxford102Flowers/jpg/image_07092.jpg,image_07092.jpg,21.385156631469727
7192,/nas-ctm01/datasets/public/Oxford102Flowers/jpg/image_07193.jpg,image_07193.jpg,22.782560348510742
4491,/nas-ctm01/datasets/public/Oxford102Flowers/jpg/image_04492.jpg,image_04492.jpg,20.406044006347656
7266,/nas-ctm01/datasets/public/Oxford102Flowers/jpg/image_07267.jpg,image_07267.jpg,20.80278778076172
3140,/nas-ctm01/datasets/public/Oxford102Flowers/jpg/image_03141.jpg,image_03141.jpg,21.814695358276367
4980,/nas-ctm01/datasets/public/Oxford102Flowers/jpg/image_04981.jpg,image_04981.jpg,22.71576499938965
143,/nas-ctm01/datasets/public/Oxford102Flowers/jpg/image_00144.jpg,image_00144.jpg,24.121583938598633
8110,/nas-ctm01/datasets/public/Oxford102Flowers/jpg/image_08111.jpg,image_08111.jpg,22.18829345703125
3577,/nas-ctm01/datasets/public/Oxford102Flowers/jpg/image_03578.jpg,image_03578.jpg,22.245573043823242
4946,/nas-ctm01/datasets/public/Oxford102Flowers/jpg/image_04947.jpg,image_04947.jpg,21.778791427612305
2782,/nas-ctm01/datasets/public/Oxford102Flowers/jpg/image_02783.jpg,image_02783.jpg,21.677919387817383
717,/nas-ctm01/datasets/public/Oxford102Flowers/jpg/image_00718.jpg,image_00718.jpg,21.360801696777344
1819,/nas-ctm01/datasets/public/Oxford102Flowers/jpg/image_01820.jpg,image_01820.jpg,23.10597038269043
2502,/nas-ctm01/datasets/public/Oxford102Flowers/jpg/image_02503.jpg,image_02503.jpg,22.223127365112305
4360,/nas-ctm01/datasets/public/Oxford102Flowers/jpg/image_04361.jpg,image_04361.jpg,22.9110050201416
4171,/nas-ctm01/datasets/public/Oxford102Flowers/jpg/image_04172.jpg,image_04172.jpg,21.538999557495117
7812,/nas-ctm01/datasets/public/Oxford102Flowers/jpg/image_07813.jpg,image_07813.jpg,20.73834991455078
6588,/nas-ctm01/datasets/public/Oxford102Flowers/jpg/image_06589.jpg,image_06589.jpg,22.35123062133789
395,/nas-ctm01/datasets/public/Oxford102Flowers/jpg/image_00396.jpg,image_00396.jpg,22.706295013427734
5731,/nas-ctm01/datasets/public/Oxford102Flowers/jpg/image_05732.jpg,image_05732.jpg,21.753173828125
6320,/nas-ctm01/datasets/public/Oxford102Flowers/jpg/image_06321.jpg,image_06321.jpg,22.25094985961914
7186,/nas-ctm01/datasets/public/Oxford102Flowers/jpg/image_07187.jpg,image_07187.jpg,20.62351417541504
7905,/nas-ctm01/datasets/public/Oxford102Flowers/jpg/image_07906.jpg,image_07906.jpg,23.16275405883789
4492,/nas-ctm01/datasets/public/Oxford102Flowers/jpg/image_04493.jpg,image_04493.jpg,20.9245662689209
1365,/nas-ctm01/datasets/public/Oxford102Flowers/jpg/image_01366.jpg,image_01366.jpg,21.279251098632812
7461,/nas-ctm01/datasets/public/Oxford102Flowers/jpg/image_07462.jpg,image_07462.jpg,22.48536491394043
5999,/nas-ctm01/datasets/public/Oxford102Flowers/jpg/image_06000.jpg,image_06000.jpg,21.653274536132812
595,/nas-ctm01/datasets/public/Oxford102Flowers/jpg/image_00596.jpg,image_00596.jpg,21.92630386352539
6205,/nas-ctm01/datasets/public/Oxford102Flowers/jpg/image_06206.jpg,image_06206.jpg,22.252845764160156
3952,/nas-ctm01/datasets/public/Oxford102Flowers/jpg/image_03953.jpg,image_03953.jpg,21.991254806518555
5392,/nas-ctm01/datasets/public/Oxford102Flowers/jpg/image_05393.jpg,image_05393.jpg,21.691558837890625
5917,/nas-ctm01/datasets/public/Oxford102Flowers/jpg/image_05918.jpg,image_05918.jpg,23.05914878845215
4968,/nas-ctm01/datasets/public/Oxford102Flowers/jpg/image_04969.jpg,image_04969.jpg,23.444377899169922
2914,/nas-ctm01/datasets/public/Oxford102Flowers/jpg/image_02915.jpg,image_02915.jpg,22.858531951904297
8061,/nas-ctm01/datasets/public/Oxford102Flowers/jpg/image_08062.jpg,image_08062.jpg,21.973003387451172
2326,/nas-ctm01/datasets/public/Oxford102Flowers/jpg/image_02327.jpg,image_02327.jpg,21.727033615112305
5644,/nas-ctm01/datasets/public/Oxford102Flowers/jpg/image_05645.jpg,image_05645.jpg,20.97312355041504
3766,/nas-ctm01/datasets/public/Oxford102Flowers/jpg/image_03767.jpg,image_03767.jpg,20.622241973876953
3440,/nas-ctm01/datasets/public/Oxford102Flowers/jpg/image_03441.jpg,image_03441.jpg,20.848737716674805
3851,/nas-ctm01/datasets/public/Oxford102Flowers/jpg/image_03852.jpg,image_03852.jpg,24.097332000732422
4132,/nas-ctm01/datasets/public/Oxford102Flowers/jpg/image_04133.jpg,image_04133.jpg,21.850624084472656
7357,/nas-ctm01/datasets/public/Oxford102Flowers/jpg/image_07358.jpg,image_07358.jpg,20.894001007080078
6806,/nas-ctm01/datasets/public/Oxford102Flowers/jpg/image_06807.jpg,image_06807.jpg,20.38567352294922
7505,/nas-ctm01/datasets/public/Oxford102Flowers/jpg/image_07506.jpg,image_07506.jpg,21.90924835205078
2143,/nas-ctm01/datasets/public/Oxford102Flowers/jpg/image_02144.jpg,image_02144.jpg,21.935693740844727
7549,/nas-ctm01/datasets/public/Oxford102Flowers/jpg/image_07550.jpg,image_07550.jpg,21.95469093322754
5073,/nas-ctm01/datasets/public/Oxford102Flowers/jpg/image_05074.jpg,image_05074.jpg,21.127704620361328
1571,/nas-ctm01/datasets/public/Oxford102Flowers/jpg/image_01572.jpg,image_01572.jpg,24.027341842651367
4079,/nas-ctm01/datasets/public/Oxford102Flowers/jpg/image_04080.jpg,image_04080.jpg,22.74635124206543
1122,/nas-ctm01/datasets/public/Oxford102Flowers/jpg/image_01123.jpg,image_01123.jpg,21.083471298217773
2786,/nas-ctm01/datasets/public/Oxford102Flowers/jpg/image_02787.jpg,image_02787.jpg,22.025306701660156
6335,/nas-ctm01/datasets/public/Oxford102Flowers/jpg/image_06336.jpg,image_06336.jpg,22.70400047302246
2967,/nas-ctm01/datasets/public/Oxford102Flowers/jpg/image_02968.jpg,image_02968.jpg,22.52107048034668
2504,/nas-ctm01/datasets/public/Oxford102Flowers/jpg/image_02505.jpg,image_02505.jpg,22.855669021606445
5988,/nas-ctm01/datasets/public/Oxford102Flowers/jpg/image_05989.jpg,image_05989.jpg,22.56294822692871
3465,/nas-ctm01/datasets/public/Oxford102Flowers/jpg/image_03466.jpg,image_03466.jpg,21.40493392944336
675,/nas-ctm01/datasets/public/Oxford102Flowers/jpg/image_00676.jpg,image_00676.jpg,21.276535034179688
2808,/nas-ctm01/datasets/public/Oxford102Flowers/jpg/image_02809.jpg,image_02809.jpg,21.578357696533203
7164,/nas-ctm01/datasets/public/Oxford102Flowers/jpg/image_07165.jpg,image_07165.jpg,22.124818801879883
3348,/nas-ctm01/datasets/public/Oxford102Flowers/jpg/image_03349.jpg,image_03349.jpg,22.71549415588379
728,/nas-ctm01/datasets/public/Oxford102Flowers/jpg/image_00729.jpg,image_00729.jpg,21.505647659301758
412,/nas-ctm01/datasets/public/Oxford102Flowers/jpg/image_00413.jpg,image_00413.jpg,22.819419860839844
3146,/nas-ctm01/datasets/public/Oxford102Flowers/jpg/image_03147.jpg,image_03147.jpg,20.582500457763672
1516,/nas-ctm01/datasets/public/Oxford102Flowers/jpg/image_01517.jpg,image_01517.jpg,24.97186279296875
5745,/nas-ctm01/datasets/public/Oxford102Flowers/jpg/image_05746.jpg,image_05746.jpg,24.110868453979492
825,/nas-ctm01/datasets/public/Oxford102Flowers/jpg/image_00826.jpg,image_00826.jpg,23.228384017944336
3267,/nas-ctm01/datasets/public/Oxford102Flowers/jpg/image_03268.jpg,image_03268.jpg,22.96552276611328
3974,/nas-ctm01/datasets/public/Oxford102Flowers/jpg/image_03975.jpg,image_03975.jpg,20.80440330505371
616,/nas-ctm01/datasets/public/Oxford102Flowers/jpg/image_00617.jpg,image_00617.jpg,20.902694702148438
114,/nas-ctm01/datasets/public/Oxford102Flowers/jpg/image_00115.jpg,image_00115.jpg,23.760093688964844
417,/nas-ctm01/datasets/public/Oxford102Flowers/jpg/image_00418.jpg,image_00418.jpg,22.82075309753418
3069,/nas-ctm01/datasets/public/Oxford102Flowers/jpg/image_03070.jpg,image_03070.jpg,21.39356803894043
1625,/nas-ctm01/datasets/public/Oxford102Flowers/jpg/image_01626.jpg,image_01626.jpg,23.273561477661133
7113,/nas-ctm01/datasets/public/Oxford102Flowers/jpg/image_07114.jpg,image_07114.jpg,22.49647331237793
6748,/nas-ctm01/datasets/public/Oxford102Flowers/jpg/image_06749.jpg,image_06749.jpg,21.273073196411133
8105,/nas-ctm01/datasets/public/Oxford102Flowers/jpg/image_08106.jpg,image_08106.jpg,22.070140838623047
4185,/nas-ctm01/datasets/public/Oxford102Flowers/jpg/image_04186.jpg,image_04186.jpg,22.429073333740234
2896,/nas-ctm01/datasets/public/Oxford102Flowers/jpg/image_02897.jpg,image_02897.jpg,21.900714874267578
7644,/nas-ctm01/datasets/public/Oxford102Flowers/jpg/image_07645.jpg,image_07645.jpg,23.465869903564453
2082,/nas-ctm01/datasets/public/Oxford102Flowers/jpg/image_02083.jpg,image_02083.jpg,21.394380569458008
753,/nas-ctm01/datasets/public/Oxford102Flowers/jpg/image_00754.jpg,image_00754.jpg,22.25553321838379
2546,/nas-ctm01/datasets/public/Oxford102Flowers/jpg/image_02547.jpg,image_02547.jpg,21.89152717590332
7420,/nas-ctm01/datasets/public/Oxford102Flowers/jpg/image_07421.jpg,image_07421.jpg,22.607080459594727
3969,/nas-ctm01/datasets/public/Oxford102Flowers/jpg/image_03970.jpg,image_03970.jpg,21.581789016723633
3373,/nas-ctm01/datasets/public/Oxford102Flowers/jpg/image_03374.jpg,image_03374.jpg,21.072921752929688
5726,/nas-ctm01/datasets/public/Oxford102Flowers/jpg/image_05727.jpg,image_05727.jpg,22.568052291870117
4107,/nas-ctm01/datasets/public/Oxford102Flowers/jpg/image_04108.jpg,image_04108.jpg,22.800582885742188
2444,/nas-ctm01/datasets/public/Oxford102Flowers/jpg/image_02445.jpg,image_02445.jpg,22.64427947998047
4380,/nas-ctm01/datasets/public/Oxford102Flowers/jpg/image_04381.jpg,image_04381.jpg,22.424030303955078
1066,/nas-ctm01/datasets/public/Oxford102Flowers/jpg/image_01067.jpg,image_01067.jpg,21.139205932617188
3913,/nas-ctm01/datasets/public/Oxford102Flowers/jpg/image_03914.jpg,image_03914.jpg,21.669757843017578
5287,/nas-ctm01/datasets/public/Oxford102Flowers/jpg/image_05288.jpg,image_05288.jpg,21.093700408935547
5536,/nas-ctm01/datasets/public/Oxford102Flowers/jpg/image_05537.jpg,image_05537.jpg,21.470062255859375
5387,/nas-ctm01/datasets/public/Oxford102Flowers/jpg/image_05388.jpg,image_05388.jpg,22.04844093322754
5732,/nas-ctm01/datasets/public/Oxford102Flowers/jpg/image_05733.jpg,image_05733.jpg,22.61184310913086
3498,/nas-ctm01/datasets/public/Oxford102Flowers/jpg/image_03499.jpg,image_03499.jpg,21.563560485839844
2738,/nas-ctm01/datasets/public/Oxford102Flowers/jpg/image_02739.jpg,image_02739.jpg,23.22669792175293
5052,/nas-ctm01/datasets/public/Oxford102Flowers/jpg/image_05053.jpg,image_05053.jpg,20.68061065673828
4000,/nas-ctm01/datasets/public/Oxford102Flowers/jpg/image_04001.jpg,image_04001.jpg,22.158092498779297
1568,/nas-ctm01/datasets/public/Oxford102Flowers/jpg/image_01569.jpg,image_01569.jpg,24.406837463378906
2427,/nas-ctm01/datasets/public/Oxford102Flowers/jpg/image_02428.jpg,image_02428.jpg,21.516098022460938
3746,/nas-ctm01/datasets/public/Oxford102Flowers/jpg/image_03747.jpg,image_03747.jpg,20.96026611328125
6833,/nas-ctm01/datasets/public/Oxford102Flowers/jpg/image_06834.jpg,image_06834.jpg,23.39220428466797
7584,/nas-ctm01/datasets/public/Oxford102Flowers/jpg/image_07585.jpg,image_07585.jpg,22.11281394958496
1687,/nas-ctm01/datasets/public/Oxford102Flowers/jpg/image_01688.jpg,image_01688.jpg,24.133365631103516
851,/nas-ctm01/datasets/public/Oxford102Flowers/jpg/image_00852.jpg,image_00852.jpg,21.30912208557129
3546,/nas-ctm01/datasets/public/Oxford102Flowers/jpg/image_03547.jpg,image_03547.jpg,22.679615020751953
6303,/nas-ctm01/datasets/public/Oxford102Flowers/jpg/image_06304.jpg,image_06304.jpg,22.939546585083008
895,/nas-ctm01/datasets/public/Oxford102Flowers/jpg/image_00896.jpg,image_00896.jpg,22.88270378112793
4592,/nas-ctm01/datasets/public/Oxford102Flowers/jpg/image_04593.jpg,image_04593.jpg,21.64948844909668
6401,/nas-ctm01/datasets/public/Oxford102Flowers/jpg/image_06402.jpg,image_06402.jpg,22.112829208374023
5878,/nas-ctm01/datasets/public/Oxford102Flowers/jpg/image_05879.jpg,image_05879.jpg,23.032949447631836
335,/nas-ctm01/datasets/public/Oxford102Flowers/jpg/image_00336.jpg,image_00336.jpg,22.80660057067871
2839,/nas-ctm01/datasets/public/Oxford102Flowers/jpg/image_02840.jpg,image_02840.jpg,22.15087890625
3087,/nas-ctm01/datasets/public/Oxford102Flowers/jpg/image_03088.jpg,image_03088.jpg,21.245418548583984
4611,/nas-ctm01/datasets/public/Oxford102Flowers/jpg/image_04612.jpg,image_04612.jpg,22.472326278686523
1348,/nas-ctm01/datasets/public/Oxford102Flowers/jpg/image_01349.jpg,image_01349.jpg,21.491796493530273
1015,/nas-ctm01/datasets/public/Oxford102Flowers/jpg/image_01016.jpg,image_01016.jpg,21.432130813598633
2816,/nas-ctm01/datasets/public/Oxford102Flowers/jpg/image_02817.jpg,image_02817.jpg,22.058719635009766
1631,/nas-ctm01/datasets/public/Oxford102Flowers/jpg/image_01632.jpg,image_01632.jpg,21.862110137939453
2489,/nas-ctm01/datasets/public/Oxford102Flowers/jpg/image_02490.jpg,image_02490.jpg,22.980499267578125
3730,/nas-ctm01/datasets/public/Oxford102Flowers/jpg/image_03731.jpg,image_03731.jpg,21.99642562866211
6905,/nas-ctm01/datasets/public/Oxford102Flowers/jpg/image_06906.jpg,image_06906.jpg,23.520444869995117
7390,/nas-ctm01/datasets/public/Oxford102Flowers/jpg/image_07391.jpg,image_07391.jpg,21.791210174560547
3251,/nas-ctm01/datasets/public/Oxford102Flowers/jpg/image_03252.jpg,image_03252.jpg,21.115379333496094
7578,/nas-ctm01/datasets/public/Oxford102Flowers/jpg/image_07579.jpg,image_07579.jpg,20.415672302246094
7267,/nas-ctm01/datasets/public/Oxford102Flowers/jpg/image_07268.jpg,image_07268.jpg,22.21486473083496
5877,/nas-ctm01/datasets/public/Oxford102Flowers/jpg/image_05878.jpg,image_05878.jpg,22.915302276611328
6665,/nas-ctm01/datasets/public/Oxford102Flowers/jpg/image_06666.jpg,image_06666.jpg,21.216411590576172
5881,/nas-ctm01/datasets/public/Oxford102Flowers/jpg/image_05882.jpg,image_05882.jpg,23.138898849487305
2070,/nas-ctm01/datasets/public/Oxford102Flowers/jpg/image_02071.jpg,image_02071.jpg,21.83390998840332
4452,/nas-ctm01/datasets/public/Oxford102Flowers/jpg/image_04453.jpg,image_04453.jpg,21.4567928314209
7982,/nas-ctm01/datasets/public/Oxford102Flowers/jpg/image_07983.jpg,image_07983.jpg,21.072168350219727
7421,/nas-ctm01/datasets/public/Oxford102Flowers/jpg/image_07422.jpg,image_07422.jpg,21.276046752929688
5408,/nas-ctm01/datasets/public/Oxford102Flowers/jpg/image_05409.jpg,image_05409.jpg,22.42829132080078
1635,/nas-ctm01/datasets/public/Oxford102Flowers/jpg/image_01636.jpg,image_01636.jpg,24.214767456054688
4646,/nas-ctm01/datasets/public/Oxford102Flowers/jpg/image_04647.jpg,image_04647.jpg,21.489097595214844
6484,/nas-ctm01/datasets/public/Oxford102Flowers/jpg/image_06485.jpg,image_06485.jpg,23.068069458007812
2479,/nas-ctm01/datasets/public/Oxford102Flowers/jpg/image_02480.jpg,image_02480.jpg,22.560161590576172
6617,/nas-ctm01/datasets/public/Oxford102Flowers/jpg/image_06618.jpg,image_06618.jpg,20.968311309814453
2265,/nas-ctm01/datasets/public/Oxford102Flowers/jpg/image_02266.jpg,image_02266.jpg,22.04349708557129
2959,/nas-ctm01/datasets/public/Oxford102Flowers/jpg/image_02960.jpg,image_02960.jpg,22.365711212158203
5323,/nas-ctm01/datasets/public/Oxford102Flowers/jpg/image_05324.jpg,image_05324.jpg,20.92076301574707
7736,/nas-ctm01/datasets/public/Oxford102Flowers/jpg/image_07737.jpg,image_07737.jpg,21.230886459350586
3059,/nas-ctm01/datasets/public/Oxford102Flowers/jpg/image_03060.jpg,image_03060.jpg,21.33894157409668
5053,/nas-ctm01/datasets/public/Oxford102Flowers/jpg/image_05054.jpg,image_05054.jpg,20.481718063354492
5869,/nas-ctm01/datasets/public/Oxford102Flowers/jpg/image_05870.jpg,image_05870.jpg,22.145845413208008
2141,/nas-ctm01/datasets/public/Oxford102Flowers/jpg/image_02142.jpg,image_02142.jpg,21.279800415039062
5104,/nas-ctm01/datasets/public/Oxford102Flowers/jpg/image_05105.jpg,image_05105.jpg,22.058042526245117
3118,/nas-ctm01/datasets/public/Oxford102Flowers/jpg/image_03119.jpg,image_03119.jpg,21.995792388916016
5188,/nas-ctm01/datasets/public/Oxford102Flowers/jpg/image_05189.jpg,image_05189.jpg,21.821449279785156
7725,/nas-ctm01/datasets/public/Oxford102Flowers/jpg/image_07726.jpg,image_07726.jpg,20.69995880126953
4045,/nas-ctm01/datasets/public/Oxford102Flowers/jpg/image_04046.jpg,image_04046.jpg,22.463518142700195
3356,/nas-ctm01/datasets/public/Oxford102Flowers/jpg/image_03357.jpg,image_03357.jpg,23.19245147705078
2744,/nas-ctm01/datasets/public/Oxford102Flowers/jpg/image_02745.jpg,image_02745.jpg,22.660032272338867
7253,/nas-ctm01/datasets/public/Oxford102Flowers/jpg/image_07254.jpg,image_07254.jpg,20.620546340942383
5092,/nas-ctm01/datasets/public/Oxford102Flowers/jpg/image_05093.jpg,image_05093.jpg,22.586366653442383
3506,/nas-ctm01/datasets/public/Oxford102Flowers/jpg/image_03507.jpg,image_03507.jpg,21.471363067626953
1679,/nas-ctm01/datasets/public/Oxford102Flowers/jpg/image_01680.jpg,image_01680.jpg,23.467382431030273
4249,/nas-ctm01/datasets/public/Oxford102Flowers/jpg/image_04250.jpg,image_04250.jpg,20.504606246948242
3147,/nas-ctm01/datasets/public/Oxford102Flowers/jpg/image_03148.jpg,image_03148.jpg,20.06881332397461
2294,/nas-ctm01/datasets/public/Oxford102Flowers/jpg/image_02295.jpg,image_02295.jpg,21.343034744262695
7004,/nas-ctm01/datasets/public/Oxford102Flowers/jpg/image_07005.jpg,image_07005.jpg,23.02195930480957
6933,/nas-ctm01/datasets/public/Oxford102Flowers/jpg/image_06934.jpg,image_06934.jpg,22.51764488220215
580,/nas-ctm01/datasets/public/Oxford102Flowers/jpg/image_00581.jpg,image_00581.jpg,21.58603286743164
1470,/nas-ctm01/datasets/public/Oxford102Flowers/jpg/image_01471.jpg,image_01471.jpg,21.074556350708008
4799,/nas-ctm01/datasets/public/Oxford102Flowers/jpg/image_04800.jpg,image_04800.jpg,20.77841567993164
4070,/nas-ctm01/datasets/public/Oxford102Flowers/jpg/image_04071.jpg,image_04071.jpg,22.204425811767578
5308,/nas-ctm01/datasets/public/Oxford102Flowers/jpg/image_05309.jpg,image_05309.jpg,20.51520347595215
3343,/nas-ctm01/datasets/public/Oxford102Flowers/jpg/image_03344.jpg,image_03344.jpg,22.725008010864258
4992,/nas-ctm01/datasets/public/Oxford102Flowers/jpg/image_04993.jpg,image_04993.jpg,23.576927185058594
7404,/nas-ctm01/datasets/public/Oxford102Flowers/jpg/image_07405.jpg,image_07405.jpg,22.623544692993164
4583,/nas-ctm01/datasets/public/Oxford102Flowers/jpg/image_04584.jpg,image_04584.jpg,21.65322494506836
3672,/nas-ctm01/datasets/public/Oxford102Flowers/jpg/image_03673.jpg,image_03673.jpg,22.085067749023438
559,/nas-ctm01/datasets/public/Oxford102Flowers/jpg/image_00560.jpg,image_00560.jpg,22.33873748779297
5237,/nas-ctm01/datasets/public/Oxford102Flowers/jpg/image_05238.jpg,image_05238.jpg,20.918054580688477
5215,/nas-ctm01/datasets/public/Oxford102Flowers/jpg/image_05216.jpg,image_05216.jpg,20.58193016052246
2849,/nas-ctm01/datasets/public/Oxford102Flowers/jpg/image_02850.jpg,image_02850.jpg,21.88107681274414
512,/nas-ctm01/datasets/public/Oxford102Flowers/jpg/image_00513.jpg,image_00513.jpg,21.40843963623047
4729,/nas-ctm01/datasets/public/Oxford102Flowers/jpg/image_04730.jpg,image_04730.jpg,21.073427200317383
1081,/nas-ctm01/datasets/public/Oxford102Flowers/jpg/image_01082.jpg,image_01082.jpg,21.374696731567383
1664,/nas-ctm01/datasets/public/Oxford102Flowers/jpg/image_01665.jpg,image_01665.jpg,23.811294555664062
1012,/nas-ctm01/datasets/public/Oxford102Flowers/jpg/image_01013.jpg,image_01013.jpg,21.34920310974121
1931,/nas-ctm01/datasets/public/Oxford102Flowers/jpg/image_01932.jpg,image_01932.jpg,23.92747688293457
7676,/nas-ctm01/datasets/public/Oxford102Flowers/jpg/image_07677.jpg,image_07677.jpg,21.394775390625
1150,/nas-ctm01/datasets/public/Oxford102Flowers/jpg/image_01151.jpg,image_01151.jpg,22.339920043945312
2838,/nas-ctm01/datasets/public/Oxford102Flowers/jpg/image_02839.jpg,image_02839.jpg,21.829896926879883
5949,/nas-ctm01/datasets/public/Oxford102Flowers/jpg/image_05950.jpg,image_05950.jpg,23.037517547607422
116,/nas-ctm01/datasets/public/Oxford102Flowers/jpg/image_00117.jpg,image_00117.jpg,23.4843807220459
740,/nas-ctm01/datasets/public/Oxford102Flowers/jpg/image_00741.jpg,image_00741.jpg,22.442733764648438
7855,/nas-ctm01/datasets/public/Oxford102Flowers/jpg/image_07856.jpg,image_07856.jpg,22.229642868041992
6070,/nas-ctm01/datasets/public/Oxford102Flowers/jpg/image_06071.jpg,image_06071.jpg,22.808773040771484
5177,/nas-ctm01/datasets/public/Oxford102Flowers/jpg/image_05178.jpg,image_05178.jpg,22.24394989013672
3675,/nas-ctm01/datasets/public/Oxford102Flowers/jpg/image_03676.jpg,image_03676.jpg,21.675342559814453
5906,/nas-ctm01/datasets/public/Oxford102Flowers/jpg/image_05907.jpg,image_05907.jpg,22.765329360961914
830,/nas-ctm01/datasets/public/Oxford102Flowers/jpg/image_00831.jpg,image_00831.jpg,22.27839469909668
119,/nas-ctm01/datasets/public/Oxford102Flowers/jpg/image_00120.jpg,image_00120.jpg,23.96487808227539
4752,/nas-ctm01/datasets/public/Oxford102Flowers/jpg/image_04753.jpg,image_04753.jpg,20.82874870300293
7810,/nas-ctm01/datasets/public/Oxford102Flowers/jpg/image_07811.jpg,image_07811.jpg,21.299144744873047
7752,/nas-ctm01/datasets/public/Oxford102Flowers/jpg/image_07753.jpg,image_07753.jpg,21.847291946411133
8092,/nas-ctm01/datasets/public/Oxford102Flowers/jpg/image_08093.jpg,image_08093.jpg,22.398344039916992
635,/nas-ctm01/datasets/public/Oxford102Flowers/jpg/image_00636.jpg,image_00636.jpg,21.354080200195312
4465,/nas-ctm01/datasets/public/Oxford102Flowers/jpg/image_04466.jpg,image_04466.jpg,22.09609031677246
4364,/nas-ctm01/datasets/public/Oxford102Flowers/jpg/image_04365.jpg,image_04365.jpg,22.75164031982422
6799,/nas-ctm01/datasets/public/Oxford102Flowers/jpg/image_06800.jpg,image_06800.jpg,20.233957290649414
7079,/nas-ctm01/datasets/public/Oxford102Flowers/jpg/image_07080.jpg,image_07080.jpg,22.201148986816406
6966,/nas-ctm01/datasets/public/Oxford102Flowers/jpg/image_06967.jpg,image_06967.jpg,22.536182403564453
7010,/nas-ctm01/datasets/public/Oxford102Flowers/jpg/image_07011.jpg,image_07011.jpg,21.22310447692871
4142,/nas-ctm01/datasets/public/Oxford102Flowers/jpg/image_04143.jpg,image_04143.jpg,23.67007827758789
7517,/nas-ctm01/datasets/public/Oxford102Flowers/jpg/image_07518.jpg,image_07518.jpg,21.23406982421875
7027,/nas-ctm01/datasets/public/Oxford102Flowers/jpg/image_07028.jpg,image_07028.jpg,21.24371910095215
991,/nas-ctm01/datasets/public/Oxford102Flowers/jpg/image_00992.jpg,image_00992.jpg,21.661596298217773
876,/nas-ctm01/datasets/public/Oxford102Flowers/jpg/image_00877.jpg,image_00877.jpg,22.564613342285156
4869,/nas-ctm01/datasets/public/Oxford102Flowers/jpg/image_04870.jpg,image_04870.jpg,22.58423614501953
5315,/nas-ctm01/datasets/public/Oxford102Flowers/jpg/image_05316.jpg,image_05316.jpg,21.976457595825195
5222,/nas-ctm01/datasets/public/Oxford102Flowers/jpg/image_05223.jpg,image_05223.jpg,21.078325271606445
4,/nas-ctm01/datasets/public/Oxford102Flowers/jpg/image_00005.jpg,image_00005.jpg,23.794361114501953
3051,/nas-ctm01/datasets/public/Oxford102Flowers/jpg/image_03052.jpg,image_03052.jpg,21.713546752929688
5691,/nas-ctm01/datasets/public/Oxford102Flowers/jpg/image_05692.jpg,image_05692.jpg,22.59218406677246
3124,/nas-ctm01/datasets/public/Oxford102Flowers/jpg/image_03125.jpg,image_03125.jpg,21.636329650878906
6407,/nas-ctm01/datasets/public/Oxford102Flowers/jpg/image_06408.jpg,image_06408.jpg,22.03766441345215
7136,/nas-ctm01/datasets/public/Oxford102Flowers/jpg/image_07137.jpg,image_07137.jpg,21.020221710205078
2660,/nas-ctm01/datasets/public/Oxford102Flowers/jpg/image_02661.jpg,image_02661.jpg,22.43714141845703
2491,/nas-ctm01/datasets/public/Oxford102Flowers/jpg/image_02492.jpg,image_02492.jpg,22.692157745361328
7146,/nas-ctm01/datasets/public/Oxford102Flowers/jpg/image_07147.jpg,image_07147.jpg,21.974258422851562
5173,/nas-ctm01/datasets/public/Oxford102Flowers/jpg/image_05174.jpg,image_05174.jpg,23.054279327392578
3854,/nas-ctm01/datasets/public/Oxford102Flowers/jpg/image_03855.jpg,image_03855.jpg,22.80706214904785
4933,/nas-ctm01/datasets/public/Oxford102Flowers/jpg/image_04934.jpg,image_04934.jpg,23.647478103637695
4777,/nas-ctm01/datasets/public/Oxford102Flowers/jpg/image_04778.jpg,image_04778.jpg,22.04793930053711
1715,/nas-ctm01/datasets/public/Oxford102Flowers/jpg/image_01716.jpg,image_01716.jpg,22.8707218170166
6448,/nas-ctm01/datasets/public/Oxford102Flowers/jpg/image_06449.jpg,image_06449.jpg,22.286869049072266
7509,/nas-ctm01/datasets/public/Oxford102Flowers/jpg/image_07510.jpg,image_07510.jpg,21.75581169128418
6713,/nas-ctm01/datasets/public/Oxford102Flowers/jpg/image_06714.jpg,image_06714.jpg,21.237781524658203
6457,/nas-ctm01/datasets/public/Oxford102Flowers/jpg/image_06458.jpg,image_06458.jpg,22.648700714111328
6293,/nas-ctm01/datasets/public/Oxford102Flowers/jpg/image_06294.jpg,image_06294.jpg,21.06635284423828
1148,/nas-ctm01/datasets/public/Oxford102Flowers/jpg/image_01149.jpg,image_01149.jpg,21.876239776611328
3261,/nas-ctm01/datasets/public/Oxford102Flowers/jpg/image_03262.jpg,image_03262.jpg,21.72873878479004
574,/nas-ctm01/datasets/public/Oxford102Flowers/jpg/image_00575.jpg,image_00575.jpg,20.389842987060547
3769,/nas-ctm01/datasets/public/Oxford102Flowers/jpg/image_03770.jpg,image_03770.jpg,20.772809982299805
3736,/nas-ctm01/datasets/public/Oxford102Flowers/jpg/image_03737.jpg,image_03737.jpg,21.244361877441406
4146,/nas-ctm01/datasets/public/Oxford102Flowers/jpg/image_04147.jpg,image_04147.jpg,23.176572799682617
853,/nas-ctm01/datasets/public/Oxford102Flowers/jpg/image_00854.jpg,image_00854.jpg,22.426639556884766
1982,/nas-ctm01/datasets/public/Oxford102Flowers/jpg/image_01983.jpg,image_01983.jpg,22.715309143066406
2774,/nas-ctm01/datasets/public/Oxford102Flowers/jpg/image_02775.jpg,image_02775.jpg,21.771007537841797
5919,/nas-ctm01/datasets/public/Oxford102Flowers/jpg/image_05920.jpg,image_05920.jpg,22.917024612426758
4929,/nas-ctm01/datasets/public/Oxford102Flowers/jpg/image_04930.jpg,image_04930.jpg,23.72466468811035
7521,/nas-ctm01/datasets/public/Oxford102Flowers/jpg/image_07522.jpg,image_07522.jpg,22.18025779724121
5211,/nas-ctm01/datasets/public/Oxford102Flowers/jpg/image_05212.jpg,image_05212.jpg,21.414081573486328
1166,/nas-ctm01/datasets/public/Oxford102Flowers/jpg/image_01167.jpg,image_01167.jpg,21.772586822509766
6614,/nas-ctm01/datasets/public/Oxford102Flowers/jpg/image_06615.jpg,image_06615.jpg,21.153982162475586
6002,/nas-ctm01/datasets/public/Oxford102Flowers/jpg/image_06003.jpg,image_06003.jpg,21.818754196166992
971,/nas-ctm01/datasets/public/Oxford102Flowers/jpg/image_00972.jpg,image_00972.jpg,20.508615493774414
2701,/nas-ctm01/datasets/public/Oxford102Flowers/jpg/image_02702.jpg,image_02702.jpg,22.181386947631836
4495,/nas-ctm01/datasets/public/Oxford102Flowers/jpg/image_04496.jpg,image_04496.jpg,21.44854164123535
6655,/nas-ctm01/datasets/public/Oxford102Flowers/jpg/image_06656.jpg,image_06656.jpg,21.177684783935547
3847,/nas-ctm01/datasets/public/Oxford102Flowers/jpg/image_03848.jpg,image_03848.jpg,22.21681022644043
2368,/nas-ctm01/datasets/public/Oxford102Flowers/jpg/image_02369.jpg,image_02369.jpg,22.05781364440918
4115,/nas-ctm01/datasets/public/Oxford102Flowers/jpg/image_04116.jpg,image_04116.jpg,23.084449768066406
4780,/nas-ctm01/datasets/public/Oxford102Flowers/jpg/image_04781.jpg,image_04781.jpg,21.407995223999023
4131,/nas-ctm01/datasets/public/Oxford102Flowers/jpg/image_04132.jpg,image_04132.jpg,22.757591247558594
2950,/nas-ctm01/datasets/public/Oxford102Flowers/jpg/image_02951.jpg,image_02951.jpg,22.205928802490234
5625,/nas-ctm01/datasets/public/Oxford102Flowers/jpg/image_05626.jpg,image_05626.jpg,21.459352493286133
6971,/nas-ctm01/datasets/public/Oxford102Flowers/jpg/image_06972.jpg,image_06972.jpg,23.506834030151367
524,/nas-ctm01/datasets/public/Oxford102Flowers/jpg/image_00525.jpg,image_00525.jpg,22.164751052856445
2455,/nas-ctm01/datasets/public/Oxford102Flowers/jpg/image_02456.jpg,image_02456.jpg,22.68473243713379
5016,/nas-ctm01/datasets/public/Oxford102Flowers/jpg/image_05017.jpg,image_05017.jpg,22.248735427856445
1841,/nas-ctm01/datasets/public/Oxford102Flowers/jpg/image_01842.jpg,image_01842.jpg,22.83537483215332
5986,/nas-ctm01/datasets/public/Oxford102Flowers/jpg/image_05987.jpg,image_05987.jpg,22.006031036376953
537,/nas-ctm01/datasets/public/Oxford102Flowers/jpg/image_00538.jpg,image_00538.jpg,22.240598678588867
2806,/nas-ctm01/datasets/public/Oxford102Flowers/jpg/image_02807.jpg,image_02807.jpg,22.557510375976562
5801,/nas-ctm01/datasets/public/Oxford102Flowers/jpg/image_05802.jpg,image_05802.jpg,22.901460647583008
5596,/nas-ctm01/datasets/public/Oxford102Flowers/jpg/image_05597.jpg,image_05597.jpg,21.917098999023438
7206,/nas-ctm01/datasets/public/Oxford102Flowers/jpg/image_07207.jpg,image_07207.jpg,21.73752784729004
7343,/nas-ctm01/datasets/public/Oxford102Flowers/jpg/image_07344.jpg,image_07344.jpg,22.440855026245117
4341,/nas-ctm01/datasets/public/Oxford102Flowers/jpg/image_04342.jpg,image_04342.jpg,23.187131881713867
7560,/nas-ctm01/datasets/public/Oxford102Flowers/jpg/image_07561.jpg,image_07561.jpg,22.40969467163086
3175,/nas-ctm01/datasets/public/Oxford102Flowers/jpg/image_03176.jpg,image_03176.jpg,21.456981658935547
784,/nas-ctm01/datasets/public/Oxford102Flowers/jpg/image_00785.jpg,image_00785.jpg,22.5750789642334
4057,/nas-ctm01/datasets/public/Oxford102Flowers/jpg/image_04058.jpg,image_04058.jpg,22.70516586303711
1409,/nas-ctm01/datasets/public/Oxford102Flowers/jpg/image_01410.jpg,image_01410.jpg,21.600812911987305
2537,/nas-ctm01/datasets/public/Oxford102Flowers/jpg/image_02538.jpg,image_02538.jpg,21.687236785888672
154,/nas-ctm01/datasets/public/Oxford102Flowers/jpg/image_00155.jpg,image_00155.jpg,24.50172996520996
3009,/nas-ctm01/datasets/public/Oxford102Flowers/jpg/image_03010.jpg,image_03010.jpg,22.151514053344727
1686,/nas-ctm01/datasets/public/Oxford102Flowers/jpg/image_01687.jpg,image_01687.jpg,23.047147750854492
2901,/nas-ctm01/datasets/public/Oxford102Flowers/jpg/image_02902.jpg,image_02902.jpg,21.541732788085938
8104,/nas-ctm01/datasets/public/Oxford102Flowers/jpg/image_08105.jpg,image_08105.jpg,21.922607421875
7455,/nas-ctm01/datasets/public/Oxford102Flowers/jpg/image_07456.jpg,image_07456.jpg,22.00717544555664
4721,/nas-ctm01/datasets/public/Oxford102Flowers/jpg/image_04722.jpg,image_04722.jpg,21.383190155029297
3863,/nas-ctm01/datasets/public/Oxford102Flowers/jpg/image_03864.jpg,image_03864.jpg,23.943889617919922
2733,/nas-ctm01/datasets/public/Oxford102Flowers/jpg/image_02734.jpg,image_02734.jpg,21.697418212890625
1895,/nas-ctm01/datasets/public/Oxford102Flowers/jpg/image_01896.jpg,image_01896.jpg,24.162639617919922
5442,/nas-ctm01/datasets/public/Oxford102Flowers/jpg/image_05443.jpg,image_05443.jpg,21.92472267150879
569,/nas-ctm01/datasets/public/Oxford102Flowers/jpg/image_00570.jpg,image_00570.jpg,21.736549377441406
6709,/nas-ctm01/datasets/public/Oxford102Flowers/jpg/image_06710.jpg,image_06710.jpg,20.619569778442383
5854,/nas-ctm01/datasets/public/Oxford102Flowers/jpg/image_05855.jpg,image_05855.jpg,22.610485076904297
1816,/nas-ctm01/datasets/public/Oxford102Flowers/jpg/image_01817.jpg,image_01817.jpg,24.31568717956543
2065,/nas-ctm01/datasets/public/Oxford102Flowers/jpg/image_02066.jpg,image_02066.jpg,22.611801147460938
127,/nas-ctm01/datasets/public/Oxford102Flowers/jpg/image_00128.jpg,image_00128.jpg,23.4375057220459
3394,/nas-ctm01/datasets/public/Oxford102Flowers/jpg/image_03395.jpg,image_03395.jpg,20.23316764831543
3327,/nas-ctm01/datasets/public/Oxford102Flowers/jpg/image_03328.jpg,image_03328.jpg,23.92458152770996
8157,/nas-ctm01/datasets/public/Oxford102Flowers/jpg/image_08158.jpg,image_08158.jpg,21.764934539794922
6102,/nas-ctm01/datasets/public/Oxford102Flowers/jpg/image_06103.jpg,image_06103.jpg,20.677724838256836
2975,/nas-ctm01/datasets/public/Oxford102Flowers/jpg/image_02976.jpg,image_02976.jpg,21.898880004882812
980,/nas-ctm01/datasets/public/Oxford102Flowers/jpg/image_00981.jpg,image_00981.jpg,21.715373992919922
2300,/nas-ctm01/datasets/public/Oxford102Flowers/jpg/image_02301.jpg,image_02301.jpg,21.632089614868164
190,/nas-ctm01/datasets/public/Oxford102Flowers/jpg/image_00191.jpg,image_00191.jpg,22.964139938354492
1139,/nas-ctm01/datasets/public/Oxford102Flowers/jpg/image_01140.jpg,image_01140.jpg,20.843698501586914
5088,/nas-ctm01/datasets/public/Oxford102Flowers/jpg/image_05089.jpg,image_05089.jpg,23.011289596557617
699,/nas-ctm01/datasets/public/Oxford102Flowers/jpg/image_00700.jpg,image_00700.jpg,21.711891174316406
7811,/nas-ctm01/datasets/public/Oxford102Flowers/jpg/image_07812.jpg,image_07812.jpg,21.749860763549805
606,/nas-ctm01/datasets/public/Oxford102Flowers/jpg/image_00607.jpg,image_00607.jpg,21.37726402282715
4276,/nas-ctm01/datasets/public/Oxford102Flowers/jpg/image_04277.jpg,image_04277.jpg,21.456729888916016
301,/nas-ctm01/datasets/public/Oxford102Flowers/jpg/image_00302.jpg,image_00302.jpg,23.079303741455078
6640,/nas-ctm01/datasets/public/Oxford102Flowers/jpg/image_06641.jpg,image_06641.jpg,21.430566787719727
3420,/nas-ctm01/datasets/public/Oxford102Flowers/jpg/image_03421.jpg,image_03421.jpg,20.919265747070312
7877,/nas-ctm01/datasets/public/Oxford102Flowers/jpg/image_07878.jpg,image_07878.jpg,22.71303939819336
1060,/nas-ctm01/datasets/public/Oxford102Flowers/jpg/image_01061.jpg,image_01061.jpg,21.4342098236084
7939,/nas-ctm01/datasets/public/Oxford102Flowers/jpg/image_07940.jpg,image_07940.jpg,21.672950744628906
8016,/nas-ctm01/datasets/public/Oxford102Flowers/jpg/image_08017.jpg,image_08017.jpg,21.239219665527344
2565,/nas-ctm01/datasets/public/Oxford102Flowers/jpg/image_02566.jpg,image_02566.jpg,23.27464485168457
8173,/nas-ctm01/datasets/public/Oxford102Flowers/jpg/image_08174.jpg,image_08174.jpg,21.625276565551758
1069,/nas-ctm01/datasets/public/Oxford102Flowers/jpg/image_01070.jpg,image_01070.jpg,21.45781898498535
2524,/nas-ctm01/datasets/public/Oxford102Flowers/jpg/image_02525.jpg,image_02525.jpg,21.91061782836914
2205,/nas-ctm01/datasets/public/Oxford102Flowers/jpg/image_02206.jpg,image_02206.jpg,22.27923011779785
1243,/nas-ctm01/datasets/public/Oxford102Flowers/jpg/image_01244.jpg,image_01244.jpg,22.2149658203125
7339,/nas-ctm01/datasets/public/Oxford102Flowers/jpg/image_07340.jpg,image_07340.jpg,22.61837387084961
16,/nas-ctm01/datasets/public/Oxford102Flowers/jpg/image_00017.jpg,image_00017.jpg,24.836957931518555
7679,/nas-ctm01/datasets/public/Oxford102Flowers/jpg/image_07680.jpg,image_07680.jpg,21.451656341552734
3120,/nas-ctm01/datasets/public/Oxford102Flowers/jpg/image_03121.jpg,image_03121.jpg,21.83196258544922
8160,/nas-ctm01/datasets/public/Oxford102Flowers/jpg/image_08161.jpg,image_08161.jpg,22.469999313354492
4642,/nas-ctm01/datasets/public/Oxford102Flowers/jpg/image_04643.jpg,image_04643.jpg,21.946455001831055
7683,/nas-ctm01/datasets/public/Oxford102Flowers/jpg/image_07684.jpg,image_07684.jpg,20.81642723083496
4754,/nas-ctm01/datasets/public/Oxford102Flowers/jpg/image_04755.jpg,image_04755.jpg,21.882587432861328
815,/nas-ctm01/datasets/public/Oxford102Flowers/jpg/image_00816.jpg,image_00816.jpg,22.697023391723633
3067,/nas-ctm01/datasets/public/Oxford102Flowers/jpg/image_03068.jpg,image_03068.jpg,22.015119552612305
7818,/nas-ctm01/datasets/public/Oxford102Flowers/jpg/image_07819.jpg,image_07819.jpg,21.120580673217773
5600,/nas-ctm01/datasets/public/Oxford102Flowers/jpg/image_05601.jpg,image_05601.jpg,23.186668395996094
959,/nas-ctm01/datasets/public/Oxford102Flowers/jpg/image_00960.jpg,image_00960.jpg,21.024816513061523
7022,/nas-ctm01/datasets/public/Oxford102Flowers/jpg/image_07023.jpg,image_07023.jpg,21.348424911499023
6427,/nas-ctm01/datasets/public/Oxford102Flowers/jpg/image_06428.jpg,image_06428.jpg,21.83445930480957
4893,/nas-ctm01/datasets/public/Oxford102Flowers/jpg/image_04894.jpg,image_04894.jpg,22.806182861328125
7444,/nas-ctm01/datasets/public/Oxford102Flowers/jpg/image_07445.jpg,image_07445.jpg,22.848041534423828
225,/nas-ctm01/datasets/public/Oxford102Flowers/jpg/image_00226.jpg,image_00226.jpg,22.016799926757812
6170,/nas-ctm01/datasets/public/Oxford102Flowers/jpg/image_06171.jpg,image_06171.jpg,21.050222396850586
3354,/nas-ctm01/datasets/public/Oxford102Flowers/jpg/image_03355.jpg,image_03355.jpg,23.669340133666992
5895,/nas-ctm01/datasets/public/Oxford102Flowers/jpg/image_05896.jpg,image_05896.jpg,22.41316032409668
2485,/nas-ctm01/datasets/public/Oxford102Flowers/jpg/image_02486.jpg,image_02486.jpg,23.108665466308594
562,/nas-ctm01/datasets/public/Oxford102Flowers/jpg/image_00563.jpg,image_00563.jpg,21.205188751220703
3436,/nas-ctm01/datasets/public/Oxford102Flowers/jpg/image_03437.jpg,image_03437.jpg,20.6767578125
6373,/nas-ctm01/datasets/public/Oxford102Flowers/jpg/image_06374.jpg,image_06374.jpg,21.26729393005371
6181,/nas-ctm01/datasets/public/Oxford102Flowers/jpg/image_06182.jpg,image_06182.jpg,20.59480857849121
1693,/nas-ctm01/datasets/public/Oxford102Flowers/jpg/image_01694.jpg,image_01694.jpg,23.08146858215332
6893,/nas-ctm01/datasets/public/Oxford102Flowers/jpg/image_06894.jpg,image_06894.jpg,22.255430221557617
1045,/nas-ctm01/datasets/public/Oxford102Flowers/jpg/image_01046.jpg,image_01046.jpg,21.505840301513672
3446,/nas-ctm01/datasets/public/Oxford102Flowers/jpg/image_03447.jpg,image_03447.jpg,21.01245880126953
4565,/nas-ctm01/datasets/public/Oxford102Flowers/jpg/image_04566.jpg,image_04566.jpg,20.996641159057617
954,/nas-ctm01/datasets/public/Oxford102Flowers/jpg/image_00955.jpg,image_00955.jpg,21.154146194458008
8156,/nas-ctm01/datasets/public/Oxford102Flowers/jpg/image_08157.jpg,image_08157.jpg,22.089330673217773
2735,/nas-ctm01/datasets/public/Oxford102Flowers/jpg/image_02736.jpg,image_02736.jpg,22.674638748168945
8023,/nas-ctm01/datasets/public/Oxford102Flowers/jpg/image_08024.jpg,image_08024.jpg,21.43280792236328
4735,/nas-ctm01/datasets/public/Oxford102Flowers/jpg/image_04736.jpg,image_04736.jpg,21.343616485595703
7880,/nas-ctm01/datasets/public/Oxford102Flowers/jpg/image_07881.jpg,image_07881.jpg,21.30788803100586
1218,/nas-ctm01/datasets/public/Oxford102Flowers/jpg/image_01219.jpg,image_01219.jpg,21.94743537902832
5254,/nas-ctm01/datasets/public/Oxford102Flowers/jpg/image_05255.jpg,image_05255.jpg,21.728349685668945
5511,/nas-ctm01/datasets/public/Oxford102Flowers/jpg/image_05512.jpg,image_05512.jpg,23.215805053710938
7784,/nas-ctm01/datasets/public/Oxford102Flowers/jpg/image_07785.jpg,image_07785.jpg,20.802221298217773
1527,/nas-ctm01/datasets/public/Oxford102Flowers/jpg/image_01528.jpg,image_01528.jpg,24.584190368652344
3987,/nas-ctm01/datasets/public/Oxford102Flowers/jpg/image_03988.jpg,image_03988.jpg,21.85022735595703
8078,/nas-ctm01/datasets/public/Oxford102Flowers/jpg/image_08079.jpg,image_08079.jpg,22.3892879486084
1300,/nas-ctm01/datasets/public/Oxford102Flowers/jpg/image_01301.jpg,image_01301.jpg,22.668224334716797
8001,/nas-ctm01/datasets/public/Oxford102Flowers/jpg/image_08002.jpg,image_08002.jpg,22.112199783325195
6944,/nas-ctm01/datasets/public/Oxford102Flowers/jpg/image_06945.jpg,image_06945.jpg,21.857744216918945
5699,/nas-ctm01/datasets/public/Oxford102Flowers/jpg/image_05700.jpg,image_05700.jpg,22.022106170654297
160,/nas-ctm01/datasets/public/Oxford102Flowers/jpg/image_00161.jpg,image_00161.jpg,24.220294952392578
4067,/nas-ctm01/datasets/public/Oxford102Flowers/jpg/image_04068.jpg,image_04068.jpg,22.293195724487305
5800,/nas-ctm01/datasets/public/Oxford102Flowers/jpg/image_05801.jpg,image_05801.jpg,21.13827133178711
956,/nas-ctm01/datasets/public/Oxford102Flowers/jpg/image_00957.jpg,image_00957.jpg,21.283220291137695
3791,/nas-ctm01/datasets/public/Oxford102Flowers/jpg/image_03792.jpg,image_03792.jpg,20.861419677734375
3234,/nas-ctm01/datasets/public/Oxford102Flowers/jpg/image_03235.jpg,image_03235.jpg,22.73995018005371
2869,/nas-ctm01/datasets/public/Oxford102Flowers/jpg/image_02870.jpg,image_02870.jpg,22.38102149963379
3777,/nas-ctm01/datasets/public/Oxford102Flowers/jpg/image_03778.jpg,image_03778.jpg,20.888629913330078
4433,/nas-ctm01/datasets/public/Oxford102Flowers/jpg/image_04434.jpg,image_04434.jpg,21.679401397705078
4973,/nas-ctm01/datasets/public/Oxford102Flowers/jpg/image_04974.jpg,image_04974.jpg,21.485841751098633
6015,/nas-ctm01/datasets/public/Oxford102Flowers/jpg/image_06016.jpg,image_06016.jpg,20.633310317993164
2961,/nas-ctm01/datasets/public/Oxford102Flowers/jpg/image_02962.jpg,image_02962.jpg,22.304874420166016
5980,/nas-ctm01/datasets/public/Oxford102Flowers/jpg/image_05981.jpg,image_05981.jpg,21.4002628326416
2200,/nas-ctm01/datasets/public/Oxford102Flowers/jpg/image_02201.jpg,image_02201.jpg,20.98923110961914
98,/nas-ctm01/datasets/public/Oxford102Flowers/jpg/image_00099.jpg,image_00099.jpg,23.57756996154785
7950,/nas-ctm01/datasets/public/Oxford102Flowers/jpg/image_07951.jpg,image_07951.jpg,21.13054084777832
2557,/nas-ctm01/datasets/public/Oxford102Flowers/jpg/image_02558.jpg,image_02558.jpg,23.332914352416992
3183,/nas-ctm01/datasets/public/Oxford102Flowers/jpg/image_03184.jpg,image_03184.jpg,22.56535530090332
7394,/nas-ctm01/datasets/public/Oxford102Flowers/jpg/image_07395.jpg,image_07395.jpg,22.055768966674805
253,/nas-ctm01/datasets/public/Oxford102Flowers/jpg/image_00254.jpg,image_00254.jpg,22.98124885559082
3923,/nas-ctm01/datasets/public/Oxford102Flowers/jpg/image_03924.jpg,image_03924.jpg,22.49742889404297
4199,/nas-ctm01/datasets/public/Oxford102Flowers/jpg/image_04200.jpg,image_04200.jpg,22.5029354095459
1445,/nas-ctm01/datasets/public/Oxford102Flowers/jpg/image_01446.jpg,image_01446.jpg,21.253803253173828
5539,/nas-ctm01/datasets/public/Oxford102Flowers/jpg/image_05540.jpg,image_05540.jpg,21.784503936767578
1648,/nas-ctm01/datasets/public/Oxford102Flowers/jpg/image_01649.jpg,image_01649.jpg,23.92041015625
4682,/nas-ctm01/datasets/public/Oxford102Flowers/jpg/image_04683.jpg,image_04683.jpg,22.04897117614746
4723,/nas-ctm01/datasets/public/Oxford102Flowers/jpg/image_04724.jpg,image_04724.jpg,21.15862274169922
3991,/nas-ctm01/datasets/public/Oxford102Flowers/jpg/image_03992.jpg,image_03992.jpg,22.213773727416992
1696,/nas-ctm01/datasets/public/Oxford102Flowers/jpg/image_01697.jpg,image_01697.jpg,23.708335876464844
3191,/nas-ctm01/datasets/public/Oxford102Flowers/jpg/image_03192.jpg,image_03192.jpg,22.62318229675293
6197,/nas-ctm01/datasets/public/Oxford102Flowers/jpg/image_06198.jpg,image_06198.jpg,21.522605895996094
6295,/nas-ctm01/datasets/public/Oxford102Flowers/jpg/image_06296.jpg,image_06296.jpg,20.953203201293945
4499,/nas-ctm01/datasets/public/Oxford102Flowers/jpg/image_04500.jpg,image_04500.jpg,21.289947509765625
1154,/nas-ctm01/datasets/public/Oxford102Flowers/jpg/image_01155.jpg,image_01155.jpg,21.59659767150879
2255,/nas-ctm01/datasets/public/Oxford102Flowers/jpg/image_02256.jpg,image_02256.jpg,21.33827781677246
6959,/nas-ctm01/datasets/public/Oxford102Flowers/jpg/image_06960.jpg,image_06960.jpg,22.71513557434082
1682,/nas-ctm01/datasets/public/Oxford102Flowers/jpg/image_01683.jpg,image_01683.jpg,23.213134765625
3170,/nas-ctm01/datasets/public/Oxford102Flowers/jpg/image_03171.jpg,image_03171.jpg,20.537620544433594
7400,/nas-ctm01/datasets/public/Oxford102Flowers/jpg/image_07401.jpg,image_07401.jpg,22.143966674804688
2056,/nas-ctm01/datasets/public/Oxford102Flowers/jpg/image_02057.jpg,image_02057.jpg,23.063011169433594
7158,/nas-ctm01/datasets/public/Oxford102Flowers/jpg/image_07159.jpg,image_07159.jpg,20.983219146728516
4090,/nas-ctm01/datasets/public/Oxford102Flowers/jpg/image_04091.jpg,image_04091.jpg,21.651742935180664
7972,/nas-ctm01/datasets/public/Oxford102Flowers/jpg/image_07973.jpg,image_07973.jpg,20.696928024291992
3108,/nas-ctm01/datasets/public/Oxford102Flowers/jpg/image_03109.jpg,image_03109.jpg,20.810014724731445
4548,/nas-ctm01/datasets/public/Oxford102Flowers/jpg/image_04549.jpg,image_04549.jpg,21.071453094482422
3723,/nas-ctm01/datasets/public/Oxford102Flowers/jpg/image_03724.jpg,image_03724.jpg,22.503015518188477
6397,/nas-ctm01/datasets/public/Oxford102Flowers/jpg/image_06398.jpg,image_06398.jpg,21.16107177734375
5423,/nas-ctm01/datasets/public/Oxford102Flowers/jpg/image_05424.jpg,image_05424.jpg,23.164623260498047
7040,/nas-ctm01/datasets/public/Oxford102Flowers/jpg/image_07041.jpg,image_07041.jpg,21.949012756347656
2049,/nas-ctm01/datasets/public/Oxford102Flowers/jpg/image_02050.jpg,image_02050.jpg,23.280502319335938
4976,/nas-ctm01/datasets/public/Oxford102Flowers/jpg/image_04977.jpg,image_04977.jpg,22.98480987548828
3643,/nas-ctm01/datasets/public/Oxford102Flowers/jpg/image_03644.jpg,image_03644.jpg,20.831275939941406
8072,/nas-ctm01/datasets/public/Oxford102Flowers/jpg/image_08073.jpg,image_08073.jpg,21.836048126220703
623,/nas-ctm01/datasets/public/Oxford102Flowers/jpg/image_00624.jpg,image_00624.jpg,21.604753494262695
6489,/nas-ctm01/datasets/public/Oxford102Flowers/jpg/image_06490.jpg,image_06490.jpg,24.21591567993164
8071,/nas-ctm01/datasets/public/Oxford102Flowers/jpg/image_08072.jpg,image_08072.jpg,21.51511001586914
5883,/nas-ctm01/datasets/public/Oxford102Flowers/jpg/image_05884.jpg,image_05884.jpg,22.765592575073242
262,/nas-ctm01/datasets/public/Oxford102Flowers/jpg/image_00263.jpg,image_00263.jpg,23.06464195251465
5730,/nas-ctm01/datasets/public/Oxford102Flowers/jpg/image_05731.jpg,image_05731.jpg,22.092966079711914
3369,/nas-ctm01/datasets/public/Oxford102Flowers/jpg/image_03370.jpg,image_03370.jpg,20.892053604125977
4061,/nas-ctm01/datasets/public/Oxford102Flowers/jpg/image_04062.jpg,image_04062.jpg,22.815853118896484
5534,/nas-ctm01/datasets/public/Oxford102Flowers/jpg/image_05535.jpg,image_05535.jpg,21.66950798034668
6294,/nas-ctm01/datasets/public/Oxford102Flowers/jpg/image_06295.jpg,image_06295.jpg,20.97212028503418
6065,/nas-ctm01/datasets/public/Oxford102Flowers/jpg/image_06066.jpg,image_06066.jpg,23.48235321044922
6616,/nas-ctm01/datasets/public/Oxford102Flowers/jpg/image_06617.jpg,image_06617.jpg,20.83588409423828
1802,/nas-ctm01/datasets/public/Oxford102Flowers/jpg/image_01803.jpg,image_01803.jpg,24.186906814575195
4736,/nas-ctm01/datasets/public/Oxford102Flowers/jpg/image_04737.jpg,image_04737.jpg,21.36260223388672
8171,/nas-ctm01/datasets/public/Oxford102Flowers/jpg/image_08172.jpg,image_08172.jpg,22.04987144470215
2385,/nas-ctm01/datasets/public/Oxford102Flowers/jpg/image_02386.jpg,image_02386.jpg,22.20016860961914
6694,/nas-ctm01/datasets/public/Oxford102Flowers/jpg/image_06695.jpg,image_06695.jpg,20.81109046936035
5759,/nas-ctm01/datasets/public/Oxford102Flowers/jpg/image_05760.jpg,image_05760.jpg,23.147808074951172
1959,/nas-ctm01/datasets/public/Oxford102Flowers/jpg/image_01960.jpg,image_01960.jpg,22.875179290771484
2976,/nas-ctm01/datasets/public/Oxford102Flowers/jpg/image_02977.jpg,image_02977.jpg,22.012983322143555
488,/nas-ctm01/datasets/public/Oxford102Flowers/jpg/image_00489.jpg,image_00489.jpg,23.936098098754883
1843,/nas-ctm01/datasets/public/Oxford102Flowers/jpg/image_01844.jpg,image_01844.jpg,22.059213638305664
1734,/nas-ctm01/datasets/public/Oxford102Flowers/jpg/image_01735.jpg,image_01735.jpg,23.304000854492188
2911,/nas-ctm01/datasets/public/Oxford102Flowers/jpg/image_02912.jpg,image_02912.jpg,21.95699691772461
3219,/nas-ctm01/datasets/public/Oxford102Flowers/jpg/image_03220.jpg,image_03220.jpg,22.09880828857422
146,/nas-ctm01/datasets/public/Oxford102Flowers/jpg/image_00147.jpg,image_00147.jpg,23.997251510620117
5630,/nas-ctm01/datasets/public/Oxford102Flowers/jpg/image_05631.jpg,image_05631.jpg,21.903949737548828
1986,/nas-ctm01/datasets/public/Oxford102Flowers/jpg/image_01987.jpg,image_01987.jpg,23.416080474853516
1369,/nas-ctm01/datasets/public/Oxford102Flowers/jpg/image_01370.jpg,image_01370.jpg,21.462865829467773
6546,/nas-ctm01/datasets/public/Oxford102Flowers/jpg/image_06547.jpg,image_06547.jpg,23.568626403808594
6051,/nas-ctm01/datasets/public/Oxford102Flowers/jpg/image_06052.jpg,image_06052.jpg,22.53192138671875
7098,/nas-ctm01/datasets/public/Oxford102Flowers/jpg/image_07099.jpg,image_07099.jpg,21.427724838256836
2811,/nas-ctm01/datasets/public/Oxford102Flowers/jpg/image_02812.jpg,image_02812.jpg,22.23041534423828
659,/nas-ctm01/datasets/public/Oxford102Flowers/jpg/image_00660.jpg,image_00660.jpg,21.208459854125977
1794,/nas-ctm01/datasets/public/Oxford102Flowers/jpg/image_01795.jpg,image_01795.jpg,23.784866333007812
7516,/nas-ctm01/datasets/public/Oxford102Flowers/jpg/image_07517.jpg,image_07517.jpg,22.196203231811523
2511,/nas-ctm01/datasets/public/Oxford102Flowers/jpg/image_02512.jpg,image_02512.jpg,23.582538604736328
3397,/nas-ctm01/datasets/public/Oxford102Flowers/jpg/image_03398.jpg,image_03398.jpg,20.637413024902344
4282,/nas-ctm01/datasets/public/Oxford102Flowers/jpg/image_04283.jpg,image_04283.jpg,22.165298461914062
1147,/nas-ctm01/datasets/public/Oxford102Flowers/jpg/image_01148.jpg,image_01148.jpg,21.74230194091797
3272,/nas-ctm01/datasets/public/Oxford102Flowers/jpg/image_03273.jpg,image_03273.jpg,22.09781265258789
608,/nas-ctm01/datasets/public/Oxford102Flowers/jpg/image_00609.jpg,image_00609.jpg,21.060705184936523
6287,/nas-ctm01/datasets/public/Oxford102Flowers/jpg/image_06288.jpg,image_06288.jpg,20.811199188232422
6895,/nas-ctm01/datasets/public/Oxford102Flowers/jpg/image_06896.jpg,image_06896.jpg,23.940507888793945
3582,/nas-ctm01/datasets/public/Oxford102Flowers/jpg/image_03583.jpg,image_03583.jpg,22.92201805114746
1930,/nas-ctm01/datasets/public/Oxford102Flowers/jpg/image_01931.jpg,image_01931.jpg,22.194005966186523
7125,/nas-ctm01/datasets/public/Oxford102Flowers/jpg/image_07126.jpg,image_07126.jpg,20.89168930053711
197,/nas-ctm01/datasets/public/Oxford102Flowers/jpg/image_00198.jpg,image_00198.jpg,23.2995662689209
7777,/nas-ctm01/datasets/public/Oxford102Flowers/jpg/image_07778.jpg,image_07778.jpg,20.52362823486328
2931,/nas-ctm01/datasets/public/Oxford102Flowers/jpg/image_02932.jpg,image_02932.jpg,22.963876724243164
2327,/nas-ctm01/datasets/public/Oxford102Flowers/jpg/image_02328.jpg,image_02328.jpg,22.440387725830078
4389,/nas-ctm01/datasets/public/Oxford102Flowers/jpg/image_04390.jpg,image_04390.jpg,22.798189163208008
766,/nas-ctm01/datasets/public/Oxford102Flowers/jpg/image_00767.jpg,image_00767.jpg,21.675804138183594
4496,/nas-ctm01/datasets/public/Oxford102Flowers/jpg/image_04497.jpg,image_04497.jpg,21.75695037841797
4218,/nas-ctm01/datasets/public/Oxford102Flowers/jpg/image_04219.jpg,image_04219.jpg,22.424943923950195
3255,/nas-ctm01/datasets/public/Oxford102Flowers/jpg/image_03256.jpg,image_03256.jpg,21.519775390625
202,/nas-ctm01/datasets/public/Oxford102Flowers/jpg/image_00203.jpg,image_00203.jpg,24.431354522705078
3510,/nas-ctm01/datasets/public/Oxford102Flowers/jpg/image_03511.jpg,image_03511.jpg,21.508806228637695
4931,/nas-ctm01/datasets/public/Oxford102Flowers/jpg/image_04932.jpg,image_04932.jpg,22.828004837036133
6390,/nas-ctm01/datasets/public/Oxford102Flowers/jpg/image_06391.jpg,image_06391.jpg,22.106109619140625
5535,/nas-ctm01/datasets/public/Oxford102Flowers/jpg/image_05536.jpg,image_05536.jpg,21.431703567504883
1733,/nas-ctm01/datasets/public/Oxford102Flowers/jpg/image_01734.jpg,image_01734.jpg,23.382993698120117
5791,/nas-ctm01/datasets/public/Oxford102Flowers/jpg/image_05792.jpg,image_05792.jpg,25.48609161376953
2777,/nas-ctm01/datasets/public/Oxford102Flowers/jpg/image_02778.jpg,image_02778.jpg,21.89118003845215
1707,/nas-ctm01/datasets/public/Oxford102Flowers/jpg/image_01708.jpg,image_01708.jpg,23.375465393066406
5172,/nas-ctm01/datasets/public/Oxford102Flowers/jpg/image_05173.jpg,image_05173.jpg,22.55130958557129
5249,/nas-ctm01/datasets/public/Oxford102Flowers/jpg/image_05250.jpg,image_05250.jpg,20.76814842224121
5757,/nas-ctm01/datasets/public/Oxford102Flowers/jpg/image_05758.jpg,image_05758.jpg,22.92869758605957
3474,/nas-ctm01/datasets/public/Oxford102Flowers/jpg/image_03475.jpg,image_03475.jpg,22.160812377929688
6528,/nas-ctm01/datasets/public/Oxford102Flowers/jpg/image_06529.jpg,image_06529.jpg,22.331449508666992
7930,/nas-ctm01/datasets/public/Oxford102Flowers/jpg/image_07931.jpg,image_07931.jpg,22.718013763427734
5855,/nas-ctm01/datasets/public/Oxford102Flowers/jpg/image_05856.jpg,image_05856.jpg,22.741464614868164
854,/nas-ctm01/datasets/public/Oxford102Flowers/jpg/image_00855.jpg,image_00855.jpg,22.524106979370117
5685,/nas-ctm01/datasets/public/Oxford102Flowers/jpg/image_05686.jpg,image_05686.jpg,22.736221313476562
6363,/nas-ctm01/datasets/public/Oxford102Flowers/jpg/image_06364.jpg,image_06364.jpg,21.83596420288086
4737,/nas-ctm01/datasets/public/Oxford102Flowers/jpg/image_04738.jpg,image_04738.jpg,21.274982452392578
4097,/nas-ctm01/datasets/public/Oxford102Flowers/jpg/image_04098.jpg,image_04098.jpg,22.796846389770508
2160,/nas-ctm01/datasets/public/Oxford102Flowers/jpg/image_02161.jpg,image_02161.jpg,21.901395797729492
698,/nas-ctm01/datasets/public/Oxford102Flowers/jpg/image_00699.jpg,image_00699.jpg,21.589658737182617
8101,/nas-ctm01/datasets/public/Oxford102Flowers/jpg/image_08102.jpg,image_08102.jpg,23.37596321105957
2999,/nas-ctm01/datasets/public/Oxford102Flowers/jpg/image_03000.jpg,image_03000.jpg,22.117828369140625
3696,/nas-ctm01/datasets/public/Oxford102Flowers/jpg/image_03697.jpg,image_03697.jpg,21.11039924621582
1636,/nas-ctm01/datasets/public/Oxford102Flowers/jpg/image_01637.jpg,image_01637.jpg,23.15062141418457
7280,/nas-ctm01/datasets/public/Oxford102Flowers/jpg/image_07281.jpg,image_07281.jpg,21.83310890197754
7554,/nas-ctm01/datasets/public/Oxford102Flowers/jpg/image_07555.jpg,image_07555.jpg,22.414011001586914
3457,/nas-ctm01/datasets/public/Oxford102Flowers/jpg/image_03458.jpg,image_03458.jpg,20.724260330200195
3581,/nas-ctm01/datasets/public/Oxford102Flowers/jpg/image_03582.jpg,image_03582.jpg,21.993501663208008
1291,/nas-ctm01/datasets/public/Oxford102Flowers/jpg/image_01292.jpg,image_01292.jpg,22.73031234741211
4659,/nas-ctm01/datasets/public/Oxford102Flowers/jpg/image_04660.jpg,image_04660.jpg,22.65642547607422
6585,/nas-ctm01/datasets/public/Oxford102Flowers/jpg/image_06586.jpg,image_06586.jpg,21.27008819580078
5616,/nas-ctm01/datasets/public/Oxford102Flowers/jpg/image_05617.jpg,image_05617.jpg,21.42854881286621
1853,/nas-ctm01/datasets/public/Oxford102Flowers/jpg/image_01854.jpg,image_01854.jpg,23.13997459411621
5232,/nas-ctm01/datasets/public/Oxford102Flowers/jpg/image_05233.jpg,image_05233.jpg,20.274457931518555
3763,/nas-ctm01/datasets/public/Oxford102Flowers/jpg/image_03764.jpg,image_03764.jpg,20.59320831298828
3304,/nas-ctm01/datasets/public/Oxford102Flowers/jpg/image_03305.jpg,image_03305.jpg,23.138309478759766
8044,/nas-ctm01/datasets/public/Oxford102Flowers/jpg/image_08045.jpg,image_08045.jpg,20.846824645996094
5727,/nas-ctm01/datasets/public/Oxford102Flowers/jpg/image_05728.jpg,image_05728.jpg,21.932510375976562
3743,/nas-ctm01/datasets/public/Oxford102Flowers/jpg/image_03744.jpg,image_03744.jpg,20.515260696411133
3445,/nas-ctm01/datasets/public/Oxford102Flowers/jpg/image_03446.jpg,image_03446.jpg,21.443252563476562
1998,/nas-ctm01/datasets/public/Oxford102Flowers/jpg/image_01999.jpg,image_01999.jpg,23.11552619934082
663,/nas-ctm01/datasets/public/Oxford102Flowers/jpg/image_00664.jpg,image_00664.jpg,21.46431541442871
4779,/nas-ctm01/datasets/public/Oxford102Flowers/jpg/image_04780.jpg,image_04780.jpg,21.44148063659668
5353,/nas-ctm01/datasets/public/Oxford102Flowers/jpg/image_05354.jpg,image_05354.jpg,20.569334030151367
7947,/nas-ctm01/datasets/public/Oxford102Flowers/jpg/image_07948.jpg,image_07948.jpg,21.290857315063477
3748,/nas-ctm01/datasets/public/Oxford102Flowers/jpg/image_03749.jpg,image_03749.jpg,20.29129981994629
4413,/nas-ctm01/datasets/public/Oxford102Flowers/jpg/image_04414.jpg,image_04414.jpg,21.52269172668457
4744,/nas-ctm01/datasets/public/Oxford102Flowers/jpg/image_04745.jpg,image_04745.jpg,21.362686157226562
5530,/nas-ctm01/datasets/public/Oxford102Flowers/jpg/image_05531.jpg,image_05531.jpg,21.480606079101562
5575,/nas-ctm01/datasets/public/Oxford102Flowers/jpg/image_05576.jpg,image_05576.jpg,21.706003189086914
709,/nas-ctm01/datasets/public/Oxford102Flowers/jpg/image_00710.jpg,image_00710.jpg,21.574337005615234
7526,/nas-ctm01/datasets/public/Oxford102Flowers/jpg/image_07527.jpg,image_07527.jpg,22.541305541992188
1282,/nas-ctm01/datasets/public/Oxford102Flowers/jpg/image_01283.jpg,image_01283.jpg,22.48042106628418
5864,/nas-ctm01/datasets/public/Oxford102Flowers/jpg/image_05865.jpg,image_05865.jpg,23.678485870361328
5068,/nas-ctm01/datasets/public/Oxford102Flowers/jpg/image_05069.jpg,image_05069.jpg,21.168188095092773
2675,/nas-ctm01/datasets/public/Oxford102Flowers/jpg/image_02676.jpg,image_02676.jpg,22.063655853271484
6776,/nas-ctm01/datasets/public/Oxford102Flowers/jpg/image_06777.jpg,image_06777.jpg,20.801240921020508
4029,/nas-ctm01/datasets/public/Oxford102Flowers/jpg/image_04030.jpg,image_04030.jpg,21.727542877197266
1306,/nas-ctm01/datasets/public/Oxford102Flowers/jpg/image_01307.jpg,image_01307.jpg,22.188735961914062
5496,/nas-ctm01/datasets/public/Oxford102Flowers/jpg/image_05497.jpg,image_05497.jpg,23.113143920898438
5504,/nas-ctm01/datasets/public/Oxford102Flowers/jpg/image_05505.jpg,image_05505.jpg,22.561145782470703
7392,/nas-ctm01/datasets/public/Oxford102Flowers/jpg/image_07393.jpg,image_07393.jpg,21.967071533203125
2237,/nas-ctm01/datasets/public/Oxford102Flowers/jpg/image_02238.jpg,image_02238.jpg,22.690549850463867
3302,/nas-ctm01/datasets/public/Oxford102Flowers/jpg/image_03303.jpg,image_03303.jpg,22.81502342224121
5592,/nas-ctm01/datasets/public/Oxford102Flowers/jpg/image_05593.jpg,image_05593.jpg,21.361465454101562
7515,/nas-ctm01/datasets/public/Oxford102Flowers/jpg/image_07516.jpg,image_07516.jpg,21.56682586669922
2038,/nas-ctm01/datasets/public/Oxford102Flowers/jpg/image_02039.jpg,image_02039.jpg,23.1980037689209
1529,/nas-ctm01/datasets/public/Oxford102Flowers/jpg/image_01530.jpg,image_01530.jpg,24.600656509399414
1663,/nas-ctm01/datasets/public/Oxford102Flowers/jpg/image_01664.jpg,image_01664.jpg,23.395910263061523
5450,/nas-ctm01/datasets/public/Oxford102Flowers/jpg/image_05451.jpg,image_05451.jpg,22.515911102294922
8082,/nas-ctm01/datasets/public/Oxford102Flowers/jpg/image_08083.jpg,image_08083.jpg,22.15131187438965
8112,/nas-ctm01/datasets/public/Oxford102Flowers/jpg/image_08113.jpg,image_08113.jpg,20.494613647460938
3627,/nas-ctm01/datasets/public/Oxford102Flowers/jpg/image_03628.jpg,image_03628.jpg,20.71989631652832
5739,/nas-ctm01/datasets/public/Oxford102Flowers/jpg/image_05740.jpg,image_05740.jpg,22.937776565551758
5147,/nas-ctm01/datasets/public/Oxford102Flowers/jpg/image_05148.jpg,image_05148.jpg,22.154483795166016
4891,/nas-ctm01/datasets/public/Oxford102Flowers/jpg/image_04892.jpg,image_04892.jpg,23.515399932861328
2693,/nas-ctm01/datasets/public/Oxford102Flowers/jpg/image_02694.jpg,image_02694.jpg,22.406719207763672
3060,/nas-ctm01/datasets/public/Oxford102Flowers/jpg/image_03061.jpg,image_03061.jpg,22.029251098632812
1597,/nas-ctm01/datasets/public/Oxford102Flowers/jpg/image_01598.jpg,image_01598.jpg,24.187171936035156
6700,/nas-ctm01/datasets/public/Oxford102Flowers/jpg/image_06701.jpg,image_06701.jpg,20.62462043762207
2729,/nas-ctm01/datasets/public/Oxford102Flowers/jpg/image_02730.jpg,image_02730.jpg,22.117401123046875
2625,/nas-ctm01/datasets/public/Oxford102Flowers/jpg/image_02626.jpg,image_02626.jpg,21.900970458984375
5915,/nas-ctm01/datasets/public/Oxford102Flowers/jpg/image_05916.jpg,image_05916.jpg,22.666284561157227
3157,/nas-ctm01/datasets/public/Oxford102Flowers/jpg/image_03158.jpg,image_03158.jpg,21.459918975830078
3314,/nas-ctm01/datasets/public/Oxford102Flowers/jpg/image_03315.jpg,image_03315.jpg,23.0388126373291
1722,/nas-ctm01/datasets/public/Oxford102Flowers/jpg/image_01723.jpg,image_01723.jpg,23.450084686279297
5279,/nas-ctm01/datasets/public/Oxford102Flowers/jpg/image_05280.jpg,image_05280.jpg,22.178592681884766
6668,/nas-ctm01/datasets/public/Oxford102Flowers/jpg/image_06669.jpg,image_06669.jpg,21.03166961669922
1059,/nas-ctm01/datasets/public/Oxford102Flowers/jpg/image_01060.jpg,image_01060.jpg,21.512447357177734
4636,/nas-ctm01/datasets/public/Oxford102Flowers/jpg/image_04637.jpg,image_04637.jpg,21.215778350830078
3242,/nas-ctm01/datasets/public/Oxford102Flowers/jpg/image_03243.jpg,image_03243.jpg,22.404855728149414
1678,/nas-ctm01/datasets/public/Oxford102Flowers/jpg/image_01679.jpg,image_01679.jpg,23.304351806640625
6892,/nas-ctm01/datasets/public/Oxford102Flowers/jpg/image_06893.jpg,image_06893.jpg,24.042505264282227
6374,/nas-ctm01/datasets/public/Oxford102Flowers/jpg/image_06375.jpg,image_06375.jpg,21.97200584411621
7574,/nas-ctm01/datasets/public/Oxford102Flowers/jpg/image_07575.jpg,image_07575.jpg,22.91012954711914
6628,/nas-ctm01/datasets/public/Oxford102Flowers/jpg/image_06629.jpg,image_06629.jpg,21.420166015625
1757,/nas-ctm01/datasets/public/Oxford102Flowers/jpg/image_01758.jpg,image_01758.jpg,23.143354415893555
6019,/nas-ctm01/datasets/public/Oxford102Flowers/jpg/image_06020.jpg,image_06020.jpg,21.83157730102539
4191,/nas-ctm01/datasets/public/Oxford102Flowers/jpg/image_04192.jpg,image_04192.jpg,22.354209899902344
5116,/nas-ctm01/datasets/public/Oxford102Flowers/jpg/image_05117.jpg,image_05117.jpg,22.837600708007812
563,/nas-ctm01/datasets/public/Oxford102Flowers/jpg/image_00564.jpg,image_00564.jpg,21.846988677978516
7408,/nas-ctm01/datasets/public/Oxford102Flowers/jpg/image_07409.jpg,image_07409.jpg,22.33983612060547
2790,/nas-ctm01/datasets/public/Oxford102Flowers/jpg/image_02791.jpg,image_02791.jpg,21.400707244873047
863,/nas-ctm01/datasets/public/Oxford102Flowers/jpg/image_00864.jpg,image_00864.jpg,22.375320434570312
7742,/nas-ctm01/datasets/public/Oxford102Flowers/jpg/image_07743.jpg,image_07743.jpg,21.39585304260254
7858,/nas-ctm01/datasets/public/Oxford102Flowers/jpg/image_07859.jpg,image_07859.jpg,21.238351821899414
1484,/nas-ctm01/datasets/public/Oxford102Flowers/jpg/image_01485.jpg,image_01485.jpg,20.979108810424805
7035,/nas-ctm01/datasets/public/Oxford102Flowers/jpg/image_07036.jpg,image_07036.jpg,20.63465690612793
7721,/nas-ctm01/datasets/public/Oxford102Flowers/jpg/image_07722.jpg,image_07722.jpg,21.96930503845215
5977,/nas-ctm01/datasets/public/Oxford102Flowers/jpg/image_05978.jpg,image_05978.jpg,22.63517951965332
5134,/nas-ctm01/datasets/public/Oxford102Flowers/jpg/image_05135.jpg,image_05135.jpg,22.216562271118164
206,/nas-ctm01/datasets/public/Oxford102Flowers/jpg/image_00207.jpg,image_00207.jpg,23.945863723754883
4488,/nas-ctm01/datasets/public/Oxford102Flowers/jpg/image_04489.jpg,image_04489.jpg,21.46198081970215
6938,/nas-ctm01/datasets/public/Oxford102Flowers/jpg/image_06939.jpg,image_06939.jpg,22.877321243286133
870,/nas-ctm01/datasets/public/Oxford102Flowers/jpg/image_00871.jpg,image_00871.jpg,22.340106964111328
4493,/nas-ctm01/datasets/public/Oxford102Flowers/jpg/image_04494.jpg,image_04494.jpg,20.918354034423828
6910,/nas-ctm01/datasets/public/Oxford102Flowers/jpg/image_06911.jpg,image_06911.jpg,22.255516052246094
502,/nas-ctm01/datasets/public/Oxford102Flowers/jpg/image_00503.jpg,image_00503.jpg,21.964885711669922
7385,/nas-ctm01/datasets/public/Oxford102Flowers/jpg/image_07386.jpg,image_07386.jpg,22.649154663085938
1028,/nas-ctm01/datasets/public/Oxford102Flowers/jpg/image_01029.jpg,image_01029.jpg,21.38577651977539
3840,/nas-ctm01/datasets/public/Oxford102Flowers/jpg/image_03841.jpg,image_03841.jpg,24.80906867980957
2690,/nas-ctm01/datasets/public/Oxford102Flowers/jpg/image_02691.jpg,image_02691.jpg,22.522626876831055
5581,/nas-ctm01/datasets/public/Oxford102Flowers/jpg/image_05582.jpg,image_05582.jpg,21.535249710083008
6756,/nas-ctm01/datasets/public/Oxford102Flowers/jpg/image_06757.jpg,image_06757.jpg,21.153587341308594
7906,/nas-ctm01/datasets/public/Oxford102Flowers/jpg/image_07907.jpg,image_07907.jpg,22.618186950683594
5056,/nas-ctm01/datasets/public/Oxford102Flowers/jpg/image_05057.jpg,image_05057.jpg,21.03506851196289
1570,/nas-ctm01/datasets/public/Oxford102Flowers/jpg/image_01571.jpg,image_01571.jpg,23.947546005249023
2773,/nas-ctm01/datasets/public/Oxford102Flowers/jpg/image_02774.jpg,image_02774.jpg,21.837310791015625
5991,/nas-ctm01/datasets/public/Oxford102Flowers/jpg/image_05992.jpg,image_05992.jpg,21.921428680419922
2731,/nas-ctm01/datasets/public/Oxford102Flowers/jpg/image_02732.jpg,image_02732.jpg,22.115428924560547
6242,/nas-ctm01/datasets/public/Oxford102Flowers/jpg/image_06243.jpg,image_06243.jpg,22.32575225830078
804,/nas-ctm01/datasets/public/Oxford102Flowers/jpg/image_00805.jpg,image_00805.jpg,22.541488647460938
5847,/nas-ctm01/datasets/public/Oxford102Flowers/jpg/image_05848.jpg,image_05848.jpg,22.11776351928711
3645,/nas-ctm01/datasets/public/Oxford102Flowers/jpg/image_03646.jpg,image_03646.jpg,21.16411590576172
2454,/nas-ctm01/datasets/public/Oxford102Flowers/jpg/image_02455.jpg,image_02455.jpg,21.813671112060547
4598,/nas-ctm01/datasets/public/Oxford102Flowers/jpg/image_04599.jpg,image_04599.jpg,22.598976135253906
7215,/nas-ctm01/datasets/public/Oxford102Flowers/jpg/image_07216.jpg,image_07216.jpg,23.53778076171875
3104,/nas-ctm01/datasets/public/Oxford102Flowers/jpg/image_03105.jpg,image_03105.jpg,21.842992782592773
7073,/nas-ctm01/datasets/public/Oxford102Flowers/jpg/image_07074.jpg,image_07074.jpg,21.844528198242188
4875,/nas-ctm01/datasets/public/Oxford102Flowers/jpg/image_04876.jpg,image_04876.jpg,22.906545639038086
5959,/nas-ctm01/datasets/public/Oxford102Flowers/jpg/image_05960.jpg,image_05960.jpg,22.350908279418945
200,/nas-ctm01/datasets/public/Oxford102Flowers/jpg/image_00201.jpg,image_00201.jpg,23.67186164855957
6278,/nas-ctm01/datasets/public/Oxford102Flowers/jpg/image_06279.jpg,image_06279.jpg,21.272329330444336
3099,/nas-ctm01/datasets/public/Oxford102Flowers/jpg/image_03100.jpg,image_03100.jpg,21.894695281982422
6184,/nas-ctm01/datasets/public/Oxford102Flowers/jpg/image_06185.jpg,image_06185.jpg,21.917713165283203
7161,/nas-ctm01/datasets/public/Oxford102Flowers/jpg/image_07162.jpg,image_07162.jpg,21.778221130371094
2278,/nas-ctm01/datasets/public/Oxford102Flowers/jpg/image_02279.jpg,image_02279.jpg,21.088239669799805
3561,/nas-ctm01/datasets/public/Oxford102Flowers/jpg/image_03562.jpg,image_03562.jpg,22.436262130737305
5892,/nas-ctm01/datasets/public/Oxford102Flowers/jpg/image_05893.jpg,image_05893.jpg,24.13088607788086
4474,/nas-ctm01/datasets/public/Oxford102Flowers/jpg/image_04475.jpg,image_04475.jpg,21.437761306762695
6432,/nas-ctm01/datasets/public/Oxford102Flowers/jpg/image_06433.jpg,image_06433.jpg,21.99168586730957
4514,/nas-ctm01/datasets/public/Oxford102Flowers/jpg/image_04515.jpg,image_04515.jpg,21.68490219116211
5794,/nas-ctm01/datasets/public/Oxford102Flowers/jpg/image_05795.jpg,image_05795.jpg,22.899980545043945
391,/nas-ctm01/datasets/public/Oxford102Flowers/jpg/image_00392.jpg,image_00392.jpg,23.51023292541504
6736,/nas-ctm01/datasets/public/Oxford102Flowers/jpg/image_06737.jpg,image_06737.jpg,21.379457473754883
5618,/nas-ctm01/datasets/public/Oxford102Flowers/jpg/image_05619.jpg,image_05619.jpg,21.89866828918457
5258,/nas-ctm01/datasets/public/Oxford102Flowers/jpg/image_05259.jpg,image_05259.jpg,20.61644744873047
7230,/nas-ctm01/datasets/public/Oxford102Flowers/jpg/image_07231.jpg,image_07231.jpg,23.485563278198242
1495,/nas-ctm01/datasets/public/Oxford102Flowers/jpg/image_01496.jpg,image_01496.jpg,23.824262619018555
2695,/nas-ctm01/datasets/public/Oxford102Flowers/jpg/image_02696.jpg,image_02696.jpg,22.350204467773438
2027,/nas-ctm01/datasets/public/Oxford102Flowers/jpg/image_02028.jpg,image_02028.jpg,22.96306610107422
5248,/nas-ctm01/datasets/public/Oxford102Flowers/jpg/image_05249.jpg,image_05249.jpg,21.63199234008789
5463,/nas-ctm01/datasets/public/Oxford102Flowers/jpg/image_05464.jpg,image_05464.jpg,23.052082061767578
2568,/nas-ctm01/datasets/public/Oxford102Flowers/jpg/image_02569.jpg,image_02569.jpg,21.35616111755371
8006,/nas-ctm01/datasets/public/Oxford102Flowers/jpg/image_08007.jpg,image_08007.jpg,20.625165939331055
8024,/nas-ctm01/datasets/public/Oxford102Flowers/jpg/image_08025.jpg,image_08025.jpg,20.243284225463867
64,/nas-ctm01/datasets/public/Oxford102Flowers/jpg/image_00065.jpg,image_00065.jpg,24.163904190063477
3884,/nas-ctm01/datasets/public/Oxford102Flowers/jpg/image_03885.jpg,image_03885.jpg,24.521194458007812
2062,/nas-ctm01/datasets/public/Oxford102Flowers/jpg/image_02063.jpg,image_02063.jpg,22.652673721313477
5276,/nas-ctm01/datasets/public/Oxford102Flowers/jpg/image_05277.jpg,image_05277.jpg,20.754274368286133
7208,/nas-ctm01/datasets/public/Oxford102Flowers/jpg/image_07209.jpg,image_07209.jpg,22.34053611755371
492,/nas-ctm01/datasets/public/Oxford102Flowers/jpg/image_00493.jpg,image_00493.jpg,22.72870635986328
379,/nas-ctm01/datasets/public/Oxford102Flowers/jpg/image_00380.jpg,image_00380.jpg,23.67629623413086
6331,/nas-ctm01/datasets/public/Oxford102Flowers/jpg/image_06332.jpg,image_06332.jpg,22.742298126220703
4859,/nas-ctm01/datasets/public/Oxford102Flowers/jpg/image_04860.jpg,image_04860.jpg,21.853879928588867
6360,/nas-ctm01/datasets/public/Oxford102Flowers/jpg/image_06361.jpg,image_06361.jpg,20.761062622070312
3993,/nas-ctm01/datasets/public/Oxford102Flowers/jpg/image_03994.jpg,image_03994.jpg,22.90902328491211
4887,/nas-ctm01/datasets/public/Oxford102Flowers/jpg/image_04888.jpg,image_04888.jpg,23.339618682861328
1076,/nas-ctm01/datasets/public/Oxford102Flowers/jpg/image_01077.jpg,image_01077.jpg,21.23447036743164
878,/nas-ctm01/datasets/public/Oxford102Flowers/jpg/image_00879.jpg,image_00879.jpg,22.745080947875977
337,/nas-ctm01/datasets/public/Oxford102Flowers/jpg/image_00338.jpg,image_00338.jpg,21.65591812133789
7916,/nas-ctm01/datasets/public/Oxford102Flowers/jpg/image_07917.jpg,image_07917.jpg,21.6738338470459
6863,/nas-ctm01/datasets/public/Oxford102Flowers/jpg/image_06864.jpg,image_06864.jpg,21.015140533447266
7892,/nas-ctm01/datasets/public/Oxford102Flowers/jpg/image_07893.jpg,image_07893.jpg,21.231576919555664
6439,/nas-ctm01/datasets/public/Oxford102Flowers/jpg/image_06440.jpg,image_06440.jpg,21.6740665435791
7869,/nas-ctm01/datasets/public/Oxford102Flowers/jpg/image_07870.jpg,image_07870.jpg,20.41590118408203
1016,/nas-ctm01/datasets/public/Oxford102Flowers/jpg/image_01017.jpg,image_01017.jpg,21.48683738708496
1275,/nas-ctm01/datasets/public/Oxford102Flowers/jpg/image_01276.jpg,image_01276.jpg,22.13599967956543
3798,/nas-ctm01/datasets/public/Oxford102Flowers/jpg/image_03799.jpg,image_03799.jpg,20.376304626464844
7629,/nas-ctm01/datasets/public/Oxford102Flowers/jpg/image_07630.jpg,image_07630.jpg,22.961021423339844
4551,/nas-ctm01/datasets/public/Oxford102Flowers/jpg/image_04552.jpg,image_04552.jpg,21.208770751953125
3342,/nas-ctm01/datasets/public/Oxford102Flowers/jpg/image_03343.jpg,image_03343.jpg,23.39697265625
4911,/nas-ctm01/datasets/public/Oxford102Flowers/jpg/image_04912.jpg,image_04912.jpg,23.129196166992188
8030,/nas-ctm01/datasets/public/Oxford102Flowers/jpg/image_08031.jpg,image_08031.jpg,20.71212387084961
6413,/nas-ctm01/datasets/public/Oxford102Flowers/jpg/image_06414.jpg,image_06414.jpg,21.369583129882812
995,/nas-ctm01/datasets/public/Oxford102Flowers/jpg/image_00996.jpg,image_00996.jpg,20.912662506103516
1981,/nas-ctm01/datasets/public/Oxford102Flowers/jpg/image_01982.jpg,image_01982.jpg,22.500776290893555
4297,/nas-ctm01/datasets/public/Oxford102Flowers/jpg/image_04298.jpg,image_04298.jpg,21.496257781982422
161,/nas-ctm01/datasets/public/Oxford102Flowers/jpg/image_00162.jpg,image_00162.jpg,23.95345687866211
5675,/nas-ctm01/datasets/public/Oxford102Flowers/jpg/image_05676.jpg,image_05676.jpg,21.31662940979004
6873,/nas-ctm01/datasets/public/Oxford102Flowers/jpg/image_06874.jpg,image_06874.jpg,22.196414947509766
6545,/nas-ctm01/datasets/public/Oxford102Flowers/jpg/image_06546.jpg,image_06546.jpg,23.3055419921875
4798,/nas-ctm01/datasets/public/Oxford102Flowers/jpg/image_04799.jpg,image_04799.jpg,22.39474105834961
1500,/nas-ctm01/datasets/public/Oxford102Flowers/jpg/image_01501.jpg,image_01501.jpg,25.104694366455078
7989,/nas-ctm01/datasets/public/Oxford102Flowers/jpg/image_07990.jpg,image_07990.jpg,21.68421745300293
3843,/nas-ctm01/datasets/public/Oxford102Flowers/jpg/image_03844.jpg,image_03844.jpg,23.1578426361084
5225,/nas-ctm01/datasets/public/Oxford102Flowers/jpg/image_05226.jpg,image_05226.jpg,21.19752311706543
2613,/nas-ctm01/datasets/public/Oxford102Flowers/jpg/image_02614.jpg,image_02614.jpg,23.944480895996094
3461,/nas-ctm01/datasets/public/Oxford102Flowers/jpg/image_03462.jpg,image_03462.jpg,23.067785263061523
1021,/nas-ctm01/datasets/public/Oxford102Flowers/jpg/image_01022.jpg,image_01022.jpg,21.35689926147461
3073,/nas-ctm01/datasets/public/Oxford102Flowers/jpg/image_03074.jpg,image_03074.jpg,22.077150344848633
7555,/nas-ctm01/datasets/public/Oxford102Flowers/jpg/image_07556.jpg,image_07556.jpg,21.786611557006836
3943,/nas-ctm01/datasets/public/Oxford102Flowers/jpg/image_03944.jpg,image_03944.jpg,22.358966827392578
1585,/nas-ctm01/datasets/public/Oxford102Flowers/jpg/image_01586.jpg,image_01586.jpg,23.22293472290039
1955,/nas-ctm01/datasets/public/Oxford102Flowers/jpg/image_01956.jpg,image_01956.jpg,23.186307907104492
3152,/nas-ctm01/datasets/public/Oxford102Flowers/jpg/image_03153.jpg,image_03153.jpg,21.869483947753906
6349,/nas-ctm01/datasets/public/Oxford102Flowers/jpg/image_06350.jpg,image_06350.jpg,20.346172332763672
34,/nas-ctm01/datasets/public/Oxford102Flowers/jpg/image_00035.jpg,image_00035.jpg,23.751766204833984
4014,/nas-ctm01/datasets/public/Oxford102Flowers/jpg/image_04015.jpg,image_04015.jpg,22.42144012451172
775,/nas-ctm01/datasets/public/Oxford102Flowers/jpg/image_00776.jpg,image_00776.jpg,21.2901668548584
2556,/nas-ctm01/datasets/public/Oxford102Flowers/jpg/image_02557.jpg,image_02557.jpg,22.649307250976562
7595,/nas-ctm01/datasets/public/Oxford102Flowers/jpg/image_07596.jpg,image_07596.jpg,22.914213180541992
1478,/nas-ctm01/datasets/public/Oxford102Flowers/jpg/image_01479.jpg,image_01479.jpg,21.07594871520996
7099,/nas-ctm01/datasets/public/Oxford102Flowers/jpg/image_07100.jpg,image_07100.jpg,22.945707321166992
5486,/nas-ctm01/datasets/public/Oxford102Flowers/jpg/image_05487.jpg,image_05487.jpg,22.480175018310547
6235,/nas-ctm01/datasets/public/Oxford102Flowers/jpg/image_06236.jpg,image_06236.jpg,22.2603759765625
1363,/nas-ctm01/datasets/public/Oxford102Flowers/jpg/image_01364.jpg,image_01364.jpg,21.68974494934082
7041,/nas-ctm01/datasets/public/Oxford102Flowers/jpg/image_07042.jpg,image_07042.jpg,21.75998878479004
2612,/nas-ctm01/datasets/public/Oxford102Flowers/jpg/image_02613.jpg,image_02613.jpg,23.320571899414062
7513,/nas-ctm01/datasets/public/Oxford102Flowers/jpg/image_07514.jpg,image_07514.jpg,22.38897705078125
2824,/nas-ctm01/datasets/public/Oxford102Flowers/jpg/image_02825.jpg,image_02825.jpg,22.090972900390625
2041,/nas-ctm01/datasets/public/Oxford102Flowers/jpg/image_02042.jpg,image_02042.jpg,23.530168533325195
241,/nas-ctm01/datasets/public/Oxford102Flowers/jpg/image_00242.jpg,image_00242.jpg,24.050758361816406
2061,/nas-ctm01/datasets/public/Oxford102Flowers/jpg/image_02062.jpg,image_02062.jpg,23.630781173706055
2363,/nas-ctm01/datasets/public/Oxford102Flowers/jpg/image_02364.jpg,image_02364.jpg,22.00389289855957
600,/nas-ctm01/datasets/public/Oxford102Flowers/jpg/image_00601.jpg,image_00601.jpg,21.075693130493164
2435,/nas-ctm01/datasets/public/Oxford102Flowers/jpg/image_02436.jpg,image_02436.jpg,21.14875602722168
5393,/nas-ctm01/datasets/public/Oxford102Flowers/jpg/image_05394.jpg,image_05394.jpg,21.027917861938477
6310,/nas-ctm01/datasets/public/Oxford102Flowers/jpg/image_06311.jpg,image_06311.jpg,22.89270782470703
2888,/nas-ctm01/datasets/public/Oxford102Flowers/jpg/image_02889.jpg,image_02889.jpg,23.239604949951172
6164,/nas-ctm01/datasets/public/Oxford102Flowers/jpg/image_06165.jpg,image_06165.jpg,21.22081756591797
646,/nas-ctm01/datasets/public/Oxford102Flowers/jpg/image_00647.jpg,image_00647.jpg,20.86250114440918
3890,/nas-ctm01/datasets/public/Oxford102Flowers/jpg/image_03891.jpg,image_03891.jpg,23.058982849121094
3556,/nas-ctm01/datasets/public/Oxford102Flowers/jpg/image_03557.jpg,image_03557.jpg,21.94133186340332
3202,/nas-ctm01/datasets/public/Oxford102Flowers/jpg/image_03203.jpg,image_03203.jpg,23.302162170410156
1528,/nas-ctm01/datasets/public/Oxford102Flowers/jpg/image_01529.jpg,image_01529.jpg,24.538606643676758
6975,/nas-ctm01/datasets/public/Oxford102Flowers/jpg/image_06976.jpg,image_06976.jpg,22.70494842529297
1267,/nas-ctm01/datasets/public/Oxford102Flowers/jpg/image_01268.jpg,image_01268.jpg,22.517478942871094
7734,/nas-ctm01/datasets/public/Oxford102Flowers/jpg/image_07735.jpg,image_07735.jpg,20.904809951782227
1899,/nas-ctm01/datasets/public/Oxford102Flowers/jpg/image_01900.jpg,image_01900.jpg,22.905887603759766
4658,/nas-ctm01/datasets/public/Oxford102Flowers/jpg/image_04659.jpg,image_04659.jpg,22.022994995117188
3005,/nas-ctm01/datasets/public/Oxford102Flowers/jpg/image_03006.jpg,image_03006.jpg,21.81174659729004
2734,/nas-ctm01/datasets/public/Oxford102Flowers/jpg/image_02735.jpg,image_02735.jpg,21.422225952148438
7101,/nas-ctm01/datasets/public/Oxford102Flowers/jpg/image_07102.jpg,image_07102.jpg,21.8326473236084
189,/nas-ctm01/datasets/public/Oxford102Flowers/jpg/image_00190.jpg,image_00190.jpg,21.69871711730957
1806,/nas-ctm01/datasets/public/Oxford102Flowers/jpg/image_01807.jpg,image_01807.jpg,23.802547454833984
975,/nas-ctm01/datasets/public/Oxford102Flowers/jpg/image_00976.jpg,image_00976.jpg,21.453155517578125
2747,/nas-ctm01/datasets/public/Oxford102Flowers/jpg/image_02748.jpg,image_02748.jpg,22.152015686035156
7643,/nas-ctm01/datasets/public/Oxford102Flowers/jpg/image_07644.jpg,image_07644.jpg,22.803998947143555
2047,/nas-ctm01/datasets/public/Oxford102Flowers/jpg/image_02048.jpg,image_02048.jpg,23.61525535583496
7849,/nas-ctm01/datasets/public/Oxford102Flowers/jpg/image_07850.jpg,image_07850.jpg,21.641698837280273
2558,/nas-ctm01/datasets/public/Oxford102Flowers/jpg/image_02559.jpg,image_02559.jpg,22.182910919189453
1082,/nas-ctm01/datasets/public/Oxford102Flowers/jpg/image_01083.jpg,image_01083.jpg,20.95209503173828
474,/nas-ctm01/datasets/public/Oxford102Flowers/jpg/image_00475.jpg,image_00475.jpg,24.08177947998047
7728,/nas-ctm01/datasets/public/Oxford102Flowers/jpg/image_07729.jpg,image_07729.jpg,21.611343383789062
2904,/nas-ctm01/datasets/public/Oxford102Flowers/jpg/image_02905.jpg,image_02905.jpg,21.491561889648438
4843,/nas-ctm01/datasets/public/Oxford102Flowers/jpg/image_04844.jpg,image_04844.jpg,23.532766342163086
6396,/nas-ctm01/datasets/public/Oxford102Flowers/jpg/image_06397.jpg,image_06397.jpg,21.438859939575195
4117,/nas-ctm01/datasets/public/Oxford102Flowers/jpg/image_04118.jpg,image_04118.jpg,22.302244186401367
3385,/nas-ctm01/datasets/public/Oxford102Flowers/jpg/image_03386.jpg,image_03386.jpg,20.77637481689453
4555,/nas-ctm01/datasets/public/Oxford102Flowers/jpg/image_04556.jpg,image_04556.jpg,21.807552337646484
1184,/nas-ctm01/datasets/public/Oxford102Flowers/jpg/image_01185.jpg,image_01185.jpg,22.127073287963867
6420,/nas-ctm01/datasets/public/Oxford102Flowers/jpg/image_06421.jpg,image_06421.jpg,21.491687774658203
5051,/nas-ctm01/datasets/public/Oxford102Flowers/jpg/image_05052.jpg,image_05052.jpg,20.700265884399414
5311,/nas-ctm01/datasets/public/Oxford102Flowers/jpg/image_05312.jpg,image_05312.jpg,20.074954986572266
2433,/nas-ctm01/datasets/public/Oxford102Flowers/jpg/image_02434.jpg,image_02434.jpg,22.22089385986328
6949,/nas-ctm01/datasets/public/Oxford102Flowers/jpg/image_06950.jpg,image_06950.jpg,21.841026306152344
7581,/nas-ctm01/datasets/public/Oxford102Flowers/jpg/image_07582.jpg,image_07582.jpg,23.47893524169922
5611,/nas-ctm01/datasets/public/Oxford102Flowers/jpg/image_05612.jpg,image_05612.jpg,20.926549911499023
2391,/nas-ctm01/datasets/public/Oxford102Flowers/jpg/image_02392.jpg,image_02392.jpg,21.98108673095703
769,/nas-ctm01/datasets/public/Oxford102Flowers/jpg/image_00770.jpg,image_00770.jpg,22.758275985717773
7476,/nas-ctm01/datasets/public/Oxford102Flowers/jpg/image_07477.jpg,image_07477.jpg,22.12921142578125
1685,/nas-ctm01/datasets/public/Oxford102Flowers/jpg/image_01686.jpg,image_01686.jpg,23.929832458496094
130,/nas-ctm01/datasets/public/Oxford102Flowers/jpg/image_00131.jpg,image_00131.jpg,24.536672592163086
7831,/nas-ctm01/datasets/public/Oxford102Flowers/jpg/image_07832.jpg,image_07832.jpg,22.253215789794922
2919,/nas-ctm01/datasets/public/Oxford102Flowers/jpg/image_02920.jpg,image_02920.jpg,21.832809448242188
3171,/nas-ctm01/datasets/public/Oxford102Flowers/jpg/image_03172.jpg,image_03172.jpg,22.303529739379883
3444,/nas-ctm01/datasets/public/Oxford102Flowers/jpg/image_03445.jpg,image_03445.jpg,21.8828125
6231,/nas-ctm01/datasets/public/Oxford102Flowers/jpg/image_06232.jpg,image_06232.jpg,22.46782684326172
5578,/nas-ctm01/datasets/public/Oxford102Flowers/jpg/image_05579.jpg,image_05579.jpg,22.031232833862305
4426,/nas-ctm01/datasets/public/Oxford102Flowers/jpg/image_04427.jpg,image_04427.jpg,22.1368350982666
5334,/nas-ctm01/datasets/public/Oxford102Flowers/jpg/image_05335.jpg,image_05335.jpg,22.14412498474121
466,/nas-ctm01/datasets/public/Oxford102Flowers/jpg/image_00467.jpg,image_00467.jpg,21.777210235595703
6265,/nas-ctm01/datasets/public/Oxford102Flowers/jpg/image_06266.jpg,image_06266.jpg,20.923351287841797
5734,/nas-ctm01/datasets/public/Oxford102Flowers/jpg/image_05735.jpg,image_05735.jpg,22.1452579498291
3092,/nas-ctm01/datasets/public/Oxford102Flowers/jpg/image_03093.jpg,image_03093.jpg,21.477569580078125
3772,/nas-ctm01/datasets/public/Oxford102Flowers/jpg/image_03773.jpg,image_03773.jpg,21.163551330566406
5191,/nas-ctm01/datasets/public/Oxford102Flowers/jpg/image_05192.jpg,image_05192.jpg,21.3468017578125
5226,/nas-ctm01/datasets/public/Oxford102Flowers/jpg/image_05227.jpg,image_05227.jpg,20.874019622802734
5390,/nas-ctm01/datasets/public/Oxford102Flowers/jpg/image_05391.jpg,image_05391.jpg,20.700685501098633
860,/nas-ctm01/datasets/public/Oxford102Flowers/jpg/image_00861.jpg,image_00861.jpg,22.75467300415039
7603,/nas-ctm01/datasets/public/Oxford102Flowers/jpg/image_07604.jpg,image_07604.jpg,22.935077667236328
7270,/nas-ctm01/datasets/public/Oxford102Flowers/jpg/image_07271.jpg,image_07271.jpg,21.725461959838867
