embedding_index,dataset,method,scenario,split,morph_image_path,morph_filename,morph_stem,accomplice_stem,criminal_stem,accomplice_id,criminal_id,accomplice_image_path,criminal_image_path,morph_cache_index,accomplice_cache_index,criminal_cache_index
0,MAD22,OpenCV,random_80_20,train,/nas-ctm01/datasets/public/BIOMETRICS/Face_Morphing/MAD22/original_sorted/OpenCV/001_03-vs-010_03.jpg,001_03-vs-010_03.jpg,001_03-vs-010_03,001_03,010_03,001,010,/nas-ctm01/datasets/public/BIOMETRICS/Face_Morphing/MAD22/original_sorted/BonaFide/001_03.jpg,/nas-ctm01/datasets/public/BIOMETRICS/Face_Morphing/MAD22/original_sorted/BonaFide/010_03.jpg,0,0,16
1,MAD22,OpenCV,random_80_20,train,/nas-ctm01/datasets/public/BIOMETRICS/Face_Morphing/MAD22/original_sorted/OpenCV/001_03-vs-030_03.jpg,001_03-vs-030_03.jpg,001_03-vs-030_03,001_03,030_03,001,030,/nas-ctm01/datasets/public/BIOMETRICS/Face_Morphing/MAD22/original_sorted/BonaFide/001_03.jpg,/nas-ctm01/datasets/public/BIOMETRICS/Face_Morphing/MAD22/original_sorted/BonaFide/030_03.jpg,2,0,48
2,MAD22,OpenCV,random_80_20,train,/nas-ctm01/datasets/public/BIOMETRICS/Face_Morphing/MAD22/original_sorted/OpenCV/001_03-vs-032_03.jpg,001_03-vs-032_03.jpg,001_03-vs-032_03,001_03,032_03,001,032,/nas-ctm01/datasets/public/BIOMETRICS/Face_Morphing/MAD22/original_sorted/BonaFide/001_03.jpg,/nas-ctm01/datasets/public/BIOMETRICS/Face_Morphing/MAD22/original_sorted/BonaFide/032_03.jpg,3,0,52
3,MAD22,OpenCV,random_80_20,train,/nas-ctm01/datasets/public/BIOMETRICS/Face_Morphing/MAD22/original_sorted/OpenCV/001_03-vs-090_03.jpg,001_03-vs-090_03.jpg,001_03-vs-090_03,001_03,090_03,001,090,/nas-ctm01/datasets/public/BIOMETRICS/Face_Morphing/MAD22/original_sorted/BonaFide/001_03.jpg,/nas-ctm01/datasets/public/BIOMETRICS/Face_Morphing/MAD22/original_sorted/BonaFide/090_03.jpg,4,0,99
4,MAD22,OpenCV,random_80_20,train,/nas-ctm01/datasets/public/BIOMETRICS/Face_Morphing/MAD22/original_sorted/OpenCV/001_03-vs-113_03.jpg,001_03-vs-113_03.jpg,001_03-vs-113_03,001_03,113_03,001,113,/nas-ctm01/datasets/public/BIOMETRICS/Face_Morphing/MAD22/original_sorted/BonaFide/001_03.jpg,/nas-ctm01/datasets/public/BIOMETRICS/Face_Morphing/MAD22/original_sorted/BonaFide/113_03.jpg,6,0,127
5,MAD22,OpenCV,random_80_20,train,/nas-ctm01/datasets/public/BIOMETRICS/Face_Morphing/MAD22/original_sorted/OpenCV/001_03-vs-122_03.jpg,001_03-vs-122_03.jpg,001_03-vs-122_03,001_03,122_03,001,122,/nas-ctm01/datasets/public/BIOMETRICS/Face_Morphing/MAD22/original_sorted/BonaFide/001_03.jpg,/nas-ctm01/datasets/public/BIOMETRICS/Face_Morphing/MAD22/original_sorted/BonaFide/122_03.jpg,7,0,141
6,MAD22,OpenCV,random_80_20,train,/nas-ctm01/datasets/public/BIOMETRICS/Face_Morphing/MAD22/original_sorted/OpenCV/001_03-vs-129_03.jpg,001_03-vs-129_03.jpg,001_03-vs-129_03,001_03,129_03,001,129,/nas-ctm01/datasets/public/BIOMETRICS/Face_Morphing/MAD22/original_sorted/BonaFide/001_03.jpg,/nas-ctm01/datasets/public/BIOMETRICS/Face_Morphing/MAD22/original_sorted/BonaFide/129_03.jpg,8,0,154
7,MAD22,OpenCV,random_80_20,train,/nas-ctm01/datasets/public/BIOMETRICS/Face_Morphing/MAD22/original_sorted/OpenCV/001_08-vs-010_08.jpg,001_08-vs-010_08.jpg,001_08-vs-010_08,001_08,010_08,001,010,/nas-ctm01/datasets/public/BIOMETRICS/Face_Morphing/MAD22/original_sorted/BonaFide/001_08.jpg,/nas-ctm01/datasets/public/BIOMETRICS/Face_Morphing/MAD22/original_sorted/BonaFide/010_08.jpg,9,1,17
8,MAD22,OpenCV,random_80_20,train,/nas-ctm01/datasets/public/BIOMETRICS/Face_Morphing/MAD22/original_sorted/OpenCV/001_08-vs-032_08.jpg,001_08-vs-032_08.jpg,001_08-vs-032_08,001_08,032_08,001,032,/nas-ctm01/datasets/public/BIOMETRICS/Face_Morphing/MAD22/original_sorted/BonaFide/001_08.jpg,/nas-ctm01/datasets/public/BIOMETRICS/Face_Morphing/MAD22/original_sorted/BonaFide/032_08.jpg,11,1,53
9,MAD22,OpenCV,random_80_20,train,/nas-ctm01/datasets/public/BIOMETRICS/Face_Morphing/MAD22/original_sorted/OpenCV/001_08-vs-039_08.jpg,001_08-vs-039_08.jpg,001_08-vs-039_08,001_08,039_08,001,039,/nas-ctm01/datasets/public/BIOMETRICS/Face_Morphing/MAD22/original_sorted/BonaFide/001_08.jpg,/nas-ctm01/datasets/public/BIOMETRICS/Face_Morphing/MAD22/original_sorted/BonaFide/039_08.jpg,12,1,64
10,MAD22,OpenCV,random_80_20,train,/nas-ctm01/datasets/public/BIOMETRICS/Face_Morphing/MAD22/original_sorted/OpenCV/001_08-vs-087_08.jpg,001_08-vs-087_08.jpg,001_08-vs-087_08,001_08,087_08,001,087,/nas-ctm01/datasets/public/BIOMETRICS/Face_Morphing/MAD22/original_sorted/BonaFide/001_08.jpg,/nas-ctm01/datasets/public/BIOMETRICS/Face_Morphing/MAD22/original_sorted/BonaFide/087_08.jpg,13,1,98
11,MAD22,OpenCV,random_80_20,train,/nas-ctm01/datasets/public/BIOMETRICS/Face_Morphing/MAD22/original_sorted/OpenCV/001_08-vs-090_08.jpg,001_08-vs-090_08.jpg,001_08-vs-090_08,001_08,090_08,001,090,/nas-ctm01/datasets/public/BIOMETRICS/Face_Morphing/MAD22/original_sorted/BonaFide/001_08.jpg,/nas-ctm01/datasets/public/BIOMETRICS/Face_Morphing/MAD22/original_sorted/BonaFide/090_08.jpg,14,1,100
12,MAD22,OpenCV,random_80_20,train,/nas-ctm01/datasets/public/BIOMETRICS/Face_Morphing/MAD22/original_sorted/OpenCV/001_08-vs-122_08.jpg,001_08-vs-122_08.jpg,001_08-vs-122_08,001_08,122_08,001,122,/nas-ctm01/datasets/public/BIOMETRICS/Face_Morphing/MAD22/original_sorted/BonaFide/001_08.jpg,/nas-ctm01/datasets/public/BIOMETRICS/Face_Morphing/MAD22/original_sorted/BonaFide/122_08.jpg,16,1,142
13,MAD22,OpenCV,random_80_20,train,/nas-ctm01/datasets/public/BIOMETRICS/Face_Morphing/MAD22/original_sorted/OpenCV/002_03-vs-011_03.jpg,002_03-vs-011_03.jpg,002_03-vs-011_03,002_03,011_03,002,011,/nas-ctm01/datasets/public/BIOMETRICS/Face_Morphing/MAD22/original_sorted/BonaFide/002_03.jpg,/nas-ctm01/datasets/public/BIOMETRICS/Face_Morphing/MAD22/original_sorted/BonaFide/011_03.jpg,17,2,18
14,MAD22,OpenCV,random_80_20,train,/nas-ctm01/datasets/public/BIOMETRICS/Face_Morphing/MAD22/original_sorted/OpenCV/002_03-vs-020_03.jpg,002_03-vs-020_03.jpg,002_03-vs-020_03,002_03,020_03,002,020,/nas-ctm01/datasets/public/BIOMETRICS/Face_Morphing/MAD22/original_sorted/BonaFide/002_03.jpg,/nas-ctm01/datasets/public/BIOMETRICS/Face_Morphing/MAD22/original_sorted/BonaFide/020_03.jpg,18,2,32
15,MAD22,OpenCV,random_80_20,train,/nas-ctm01/datasets/public/BIOMETRICS/Face_Morphing/MAD22/original_sorted/OpenCV/002_03-vs-027_03.jpg,002_03-vs-027_03.jpg,002_03-vs-027_03,002_03,027_03,002,027,/nas-ctm01/datasets/public/BIOMETRICS/Face_Morphing/MAD22/original_sorted/BonaFide/002_03.jpg,/nas-ctm01/datasets/public/BIOMETRICS/Face_Morphing/MAD22/original_sorted/BonaFide/027_03.jpg,19,2,44
16,MAD22,OpenCV,random_80_20,train,/nas-ctm01/datasets/public/BIOMETRICS/Face_Morphing/MAD22/original_sorted/OpenCV/002_03-vs-032_03.jpg,002_03-vs-032_03.jpg,002_03-vs-032_03,002_03,032_03,002,032,/nas-ctm01/datasets/public/BIOMETRICS/Face_Morphing/MAD22/original_sorted/BonaFide/002_03.jpg,/nas-ctm01/datasets/public/BIOMETRICS/Face_Morphing/MAD22/original_sorted/BonaFide/032_03.jpg,20,2,52
17,MAD22,OpenCV,random_80_20,train,/nas-ctm01/datasets/public/BIOMETRICS/Face_Morphing/MAD22/original_sorted/OpenCV/002_03-vs-039_03.jpg,002_03-vs-039_03.jpg,002_03-vs-039_03,002_03,039_03,002,039,/nas-ctm01/datasets/public/BIOMETRICS/Face_Morphing/MAD22/original_sorted/BonaFide/002_03.jpg,/nas-ctm01/datasets/public/BIOMETRICS/Face_Morphing/MAD22/original_sorted/BonaFide/039_03.jpg,21,2,63
18,MAD22,OpenCV,random_80_20,train,/nas-ctm01/datasets/public/BIOMETRICS/Face_Morphing/MAD22/original_sorted/OpenCV/002_03-vs-094_03.jpg,002_03-vs-094_03.jpg,002_03-vs-094_03,002_03,094_03,002,094,/nas-ctm01/datasets/public/BIOMETRICS/Face_Morphing/MAD22/original_sorted/BonaFide/002_03.jpg,/nas-ctm01/datasets/public/BIOMETRICS/Face_Morphing/MAD22/original_sorted/BonaFide/094_03.jpg,22,2,104
19,MAD22,OpenCV,random_80_20,train,/nas-ctm01/datasets/public/BIOMETRICS/Face_Morphing/MAD22/original_sorted/OpenCV/002_03-vs-097_03.jpg,002_03-vs-097_03.jpg,002_03-vs-097_03,002_03,097_03,002,097,/nas-ctm01/datasets/public/BIOMETRICS/Face_Morphing/MAD22/original_sorted/BonaFide/002_03.jpg,/nas-ctm01/datasets/public/BIOMETRICS/Face_Morphing/MAD22/original_sorted/BonaFide/097_03.jpg,23,2,108
20,MAD22,OpenCV,random_80_20,train,/nas-ctm01/datasets/public/BIOMETRICS/Face_Morphing/MAD22/original_sorted/OpenCV/002_03-vs-100_03.jpg,002_03-vs-100_03.jpg,002_03-vs-100_03,002_03,100_03,002,100,/nas-ctm01/datasets/public/BIOMETRICS/Face_Morphing/MAD22/original_sorted/BonaFide/002_03.jpg,/nas-ctm01/datasets/public/BIOMETRICS/Face_Morphing/MAD22/original_sorted/BonaFide/100_03.jpg,24,2,112
21,MAD22,OpenCV,random_80_20,train,/nas-ctm01/datasets/public/BIOMETRICS/Face_Morphing/MAD22/original_sorted/OpenCV/002_03-vs-102_03.jpg,002_03-vs-102_03.jpg,002_03-vs-102_03,002_03,102_03,002,102,/nas-ctm01/datasets/public/BIOMETRICS/Face_Morphing/MAD22/original_sorted/BonaFide/002_03.jpg,/nas-ctm01/datasets/public/BIOMETRICS/Face_Morphing/MAD22/original_sorted/BonaFide/102_03.jpg,25,2,115
22,MAD22,OpenCV,random_80_20,train,/nas-ctm01/datasets/public/BIOMETRICS/Face_Morphing/MAD22/original_sorted/OpenCV/002_03-vs-118_03.jpg,002_03-vs-118_03.jpg,002_03-vs-118_03,002_03,118_03,002,118,/nas-ctm01/datasets/public/BIOMETRICS/Face_Morphing/MAD22/original_sorted/BonaFide/002_03.jpg,/nas-ctm01/datasets/public/BIOMETRICS/Face_Morphing/MAD22/original_sorted/BonaFide/118_03.jpg,26,2,133
23,MAD22,OpenCV,random_80_20,train,/nas-ctm01/datasets/public/BIOMETRICS/Face_Morphing/MAD22/original_sorted/OpenCV/002_03-vs-124_03.jpg,002_03-vs-124_03.jpg,002_03-vs-124_03,002_03,124_03,002,124,/nas-ctm01/datasets/public/BIOMETRICS/Face_Morphing/MAD22/original_sorted/BonaFide/002_03.jpg,/nas-ctm01/datasets/public/BIOMETRICS/Face_Morphing/MAD22/original_sorted/BonaFide/124_03.jpg,27,2,145
24,MAD22,OpenCV,random_80_20,train,/nas-ctm01/datasets/public/BIOMETRICS/Face_Morphing/MAD22/original_sorted/OpenCV/002_03-vs-136_03.jpg,002_03-vs-136_03.jpg,002_03-vs-136_03,002_03,136_03,002,136,/nas-ctm01/datasets/public/BIOMETRICS/Face_Morphing/MAD22/original_sorted/BonaFide/002_03.jpg,/nas-ctm01/datasets/public/BIOMETRICS/Face_Morphing/MAD22/original_sorted/BonaFide/136_03.jpg,28,2,166
25,MAD22,OpenCV,random_80_20,train,/nas-ctm01/datasets/public/BIOMETRICS/Face_Morphing/MAD22/original_sorted/OpenCV/002_03-vs-139_03.jpg,002_03-vs-139_03.jpg,002_03-vs-139_03,002_03,139_03,002,139,/nas-ctm01/datasets/public/BIOMETRICS/Face_Morphing/MAD22/original_sorted/BonaFide/002_03.jpg,/nas-ctm01/datasets/public/BIOMETRICS/Face_Morphing/MAD22/original_sorted/BonaFide/139_03.jpg,29,2,170
26,MAD22,OpenCV,random_80_20,train,/nas-ctm01/datasets/public/BIOMETRICS/Face_Morphing/MAD22/original_sorted/OpenCV/002_03-vs-144_03.jpg,002_03-vs-144_03.jpg,002_03-vs-144_03,002_03,144_03,002,144,/nas-ctm01/datasets/public/BIOMETRICS/Face_Morphing/MAD22/original_sorted/BonaFide/002_03.jpg,/nas-ctm01/datasets/public/BIOMETRICS/Face_Morphing/MAD22/original_sorted/BonaFide/144_03.jpg,30,2,179
27,MAD22,OpenCV,random_80_20,train,/nas-ctm01/datasets/public/BIOMETRICS/Face_Morphing/MAD22/original_sorted/OpenCV/002_08-vs-003_08.jpg,002_08-vs-003_08.jpg,002_08-vs-003_08,002_08,003_08,002,003,/nas-ctm01/datasets/public/BIOMETRICS/Face_Morphing/MAD22/original_sorted/BonaFide/002_08.jpg,/nas-ctm01/datasets/public/BIOMETRICS/Face_Morphing/MAD22/original_sorted/BonaFide/003_08.jpg,31,3,5
28,MAD22,OpenCV,random_80_20,train,/nas-ctm01/datasets/public/BIOMETRICS/Face_Morphing/MAD22/original_sorted/OpenCV/002_08-vs-011_08.jpg,002_08-vs-011_08.jpg,002_08-vs-011_08,002_08,011_08,002,011,/nas-ctm01/datasets/public/BIOMETRICS/Face_Morphing/MAD22/original_sorted/BonaFide/002_08.jpg,/nas-ctm01/datasets/public/BIOMETRICS/Face_Morphing/MAD22/original_sorted/BonaFide/011_08.jpg,32,3,19
29,MAD22,OpenCV,random_80_20,train,/nas-ctm01/datasets/public/BIOMETRICS/Face_Morphing/MAD22/original_sorted/OpenCV/002_08-vs-025_08.jpg,002_08-vs-025_08.jpg,002_08-vs-025_08,002_08,025_08,002,025,/nas-ctm01/datasets/public/BIOMETRICS/Face_Morphing/MAD22/original_sorted/BonaFide/002_08.jpg,/nas-ctm01/datasets/public/BIOMETRICS/Face_Morphing/MAD22/original_sorted/BonaFide/025_08.jpg,33,3,41
30,MAD22,OpenCV,random_80_20,train,/nas-ctm01/datasets/public/BIOMETRICS/Face_Morphing/MAD22/original_sorted/OpenCV/002_08-vs-032_08.jpg,002_08-vs-032_08.jpg,002_08-vs-032_08,002_08,032_08,002,032,/nas-ctm01/datasets/public/BIOMETRICS/Face_Morphing/MAD22/original_sorted/BonaFide/002_08.jpg,/nas-ctm01/datasets/public/BIOMETRICS/Face_Morphing/MAD22/original_sorted/BonaFide/032_08.jpg,35,3,53
31,MAD22,OpenCV,random_80_20,train,/nas-ctm01/datasets/public/BIOMETRICS/Face_Morphing/MAD22/original_sorted/OpenCV/002_08-vs-039_08.jpg,002_08-vs-039_08.jpg,002_08-vs-039_08,002_08,039_08,002,039,/nas-ctm01/datasets/public/BIOMETRICS/Face_Morphing/MAD22/original_sorted/BonaFide/002_08.jpg,/nas-ctm01/datasets/public/BIOMETRICS/Face_Morphing/MAD22/original_sorted/BonaFide/039_08.jpg,36,3,64
32,MAD22,OpenCV,random_80_20,train,/nas-ctm01/datasets/public/BIOMETRICS/Face_Morphing/MAD22/original_sorted/OpenCV/002_08-vs-081_08.jpg,002_08-vs-081_08.jpg,002_08-vs-081_08,002_08,081_08,002,081,/nas-ctm01/datasets/public/BIOMETRICS/Face_Morphing/MAD22/original_sorted/BonaFide/002_08.jpg,/nas-ctm01/datasets/public/BIOMETRICS/Face_Morphing/MAD22/original_sorted/BonaFide/081_08.jpg,37,3,91
33,MAD22,OpenCV,random_80_20,train,/nas-ctm01/datasets/public/BIOMETRICS/Face_Morphing/MAD22/original_sorted/OpenCV/002_08-vs-090_08.jpg,002_08-vs-090_08.jpg,002_08-vs-090_08,002_08,090_08,002,090,/nas-ctm01/datasets/public/BIOMETRICS/Face_Morphing/MAD22/original_sorted/BonaFide/002_08.jpg,/nas-ctm01/datasets/public/BIOMETRICS/Face_Morphing/MAD22/original_sorted/BonaFide/090_08.jpg,38,3,100
34,MAD22,OpenCV,random_80_20,train,/nas-ctm01/datasets/public/BIOMETRICS/Face_Morphing/MAD22/original_sorted/OpenCV/002_08-vs-097_08.jpg,002_08-vs-097_08.jpg,002_08-vs-097_08,002_08,097_08,002,097,/nas-ctm01/datasets/public/BIOMETRICS/Face_Morphing/MAD22/original_sorted/BonaFide/002_08.jpg,/nas-ctm01/datasets/public/BIOMETRICS/Face_Morphing/MAD22/original_sorted/BonaFide/097_08.jpg,40,3,109
35,MAD22,OpenCV,random_80_20,train,/nas-ctm01/datasets/public/BIOMETRICS/Face_Morphing/MAD22/original_sorted/OpenCV/002_08-vs-118_08.jpg,002_08-vs-118_08.jpg,002_08-vs-118_08,002_08,118_08,002,118,/nas-ctm01/datasets/public/BIOMETRICS/Face_Morphing/MAD22/original_sorted/BonaFide/002_08.jpg,/nas-ctm01/datasets/public/BIOMETRICS/Face_Morphing/MAD22/original_sorted/BonaFide/118_08.jpg,43,3,134
36,MAD22,OpenCV,random_80_20,train,/nas-ctm01/datasets/public/BIOMETRICS/Face_Morphing/MAD22/original_sorted/OpenCV/002_08-vs-124_08.jpg,002_08-vs-124_08.jpg,002_08-vs-124_08,002_08,124_08,002,124,/nas-ctm01/datasets/public/BIOMETRICS/Face_Morphing/MAD22/original_sorted/BonaFide/002_08.jpg,/nas-ctm01/datasets/public/BIOMETRICS/Face_Morphing/MAD22/original_sorted/BonaFide/124_08.jpg,44,3,146
37,MAD22,OpenCV,random_80_20,train,/nas-ctm01/datasets/public/BIOMETRICS/Face_Morphing/MAD22/original_sorted/OpenCV/002_08-vs-135_08.jpg,002_08-vs-135_08.jpg,002_08-vs-135_08,002_08,135_08,002,135,/nas-ctm01/datasets/public/BIOMETRICS/Face_Morphing/MAD22/original_sorted/BonaFide/002_08.jpg,/nas-ctm01/datasets/public/BIOMETRICS/Face_Morphing/MAD22/original_sorted/BonaFide/135_08.jpg,45,3,165
38,MAD22,OpenCV,random_80_20,train,/nas-ctm01/datasets/public/BIOMETRICS/Face_Morphing/MAD22/original_sorted/OpenCV/002_08-vs-136_08.jpg,002_08-vs-136_08.jpg,002_08-vs-136_08,002_08,136_08,002,136,/nas-ctm01/datasets/public/BIOMETRICS/Face_Morphing/MAD22/original_sorted/BonaFide/002_08.jpg,/nas-ctm01/datasets/public/BIOMETRICS/Face_Morphing/MAD22/original_sorted/BonaFide/136_08.jpg,46,3,167
39,MAD22,OpenCV,random_80_20,train,/nas-ctm01/datasets/public/BIOMETRICS/Face_Morphing/MAD22/original_sorted/OpenCV/002_08-vs-139_08.jpg,002_08-vs-139_08.jpg,002_08-vs-139_08,002_08,139_08,002,139,/nas-ctm01/datasets/public/BIOMETRICS/Face_Morphing/MAD22/original_sorted/BonaFide/002_08.jpg,/nas-ctm01/datasets/public/BIOMETRICS/Face_Morphing/MAD22/original_sorted/BonaFide/139_08.jpg,47,3,171
40,MAD22,OpenCV,random_80_20,train,/nas-ctm01/datasets/public/BIOMETRICS/Face_Morphing/MAD22/original_sorted/OpenCV/002_08-vs-144_08.jpg,002_08-vs-144_08.jpg,002_08-vs-144_08,002_08,144_08,002,144,/nas-ctm01/datasets/public/BIOMETRICS/Face_Morphing/MAD22/original_sorted/BonaFide/002_08.jpg,/nas-ctm01/datasets/public/BIOMETRICS/Face_Morphing/MAD22/original_sorted/BonaFide/144_08.jpg,48,3,180
41,MAD22,OpenCV,random_80_20,train,/nas-ctm01/datasets/public/BIOMETRICS/Face_Morphing/MAD22/original_sorted/OpenCV/003_03-vs-014_03.jpg,003_03-vs-014_03.jpg,003_03-vs-014_03,003_03,014_03,003,014,/nas-ctm01/datasets/public/BIOMETRICS/Face_Morphing/MAD22/original_sorted/BonaFide/003_03.jpg,/nas-ctm01/datasets/public/BIOMETRICS/Face_Morphing/MAD22/original_sorted/BonaFide/014_03.jpg,50,4,23
42,MAD22,OpenCV,random_80_20,train,/nas-ctm01/datasets/public/BIOMETRICS/Face_Morphing/MAD22/original_sorted/OpenCV/003_03-vs-016_03.jpg,003_03-vs-016_03.jpg,003_03-vs-016_03,003_03,016_03,003,016,/nas-ctm01/datasets/public/BIOMETRICS/Face_Morphing/MAD22/original_sorted/BonaFide/003_03.jpg,/nas-ctm01/datasets/public/BIOMETRICS/Face_Morphing/MAD22/original_sorted/BonaFide/016_03.jpg,51,4,25
43,MAD22,OpenCV,random_80_20,train,/nas-ctm01/datasets/public/BIOMETRICS/Face_Morphing/MAD22/original_sorted/OpenCV/003_08-vs-016_08.jpg,003_08-vs-016_08.jpg,003_08-vs-016_08,003_08,016_08,003,016,/nas-ctm01/datasets/public/BIOMETRICS/Face_Morphing/MAD22/original_sorted/BonaFide/003_08.jpg,/nas-ctm01/datasets/public/BIOMETRICS/Face_Morphing/MAD22/original_sorted/BonaFide/016_08.jpg,53,5,26
44,MAD22,OpenCV,random_80_20,train,/nas-ctm01/datasets/public/BIOMETRICS/Face_Morphing/MAD22/original_sorted/OpenCV/003_08-vs-027_08.jpg,003_08-vs-027_08.jpg,003_08-vs-027_08,003_08,027_08,003,027,/nas-ctm01/datasets/public/BIOMETRICS/Face_Morphing/MAD22/original_sorted/BonaFide/003_08.jpg,/nas-ctm01/datasets/public/BIOMETRICS/Face_Morphing/MAD22/original_sorted/BonaFide/027_08.jpg,54,5,45
45,MAD22,OpenCV,random_80_20,train,/nas-ctm01/datasets/public/BIOMETRICS/Face_Morphing/MAD22/original_sorted/OpenCV/003_08-vs-032_08.jpg,003_08-vs-032_08.jpg,003_08-vs-032_08,003_08,032_08,003,032,/nas-ctm01/datasets/public/BIOMETRICS/Face_Morphing/MAD22/original_sorted/BonaFide/003_08.jpg,/nas-ctm01/datasets/public/BIOMETRICS/Face_Morphing/MAD22/original_sorted/BonaFide/032_08.jpg,55,5,53
46,MAD22,OpenCV,random_80_20,train,/nas-ctm01/datasets/public/BIOMETRICS/Face_Morphing/MAD22/original_sorted/OpenCV/003_08-vs-124_08.jpg,003_08-vs-124_08.jpg,003_08-vs-124_08,003_08,124_08,003,124,/nas-ctm01/datasets/public/BIOMETRICS/Face_Morphing/MAD22/original_sorted/BonaFide/003_08.jpg,/nas-ctm01/datasets/public/BIOMETRICS/Face_Morphing/MAD22/original_sorted/BonaFide/124_08.jpg,56,5,146
47,MAD22,OpenCV,random_80_20,train,/nas-ctm01/datasets/public/BIOMETRICS/Face_Morphing/MAD22/original_sorted/OpenCV/003_08-vs-144_08.jpg,003_08-vs-144_08.jpg,003_08-vs-144_08,003_08,144_08,003,144,/nas-ctm01/datasets/public/BIOMETRICS/Face_Morphing/MAD22/original_sorted/BonaFide/003_08.jpg,/nas-ctm01/datasets/public/BIOMETRICS/Face_Morphing/MAD22/original_sorted/BonaFide/144_08.jpg,58,5,180
48,MAD22,OpenCV,random_80_20,train,/nas-ctm01/datasets/public/BIOMETRICS/Face_Morphing/MAD22/original_sorted/OpenCV/004_03-vs-012_03.jpg,004_03-vs-012_03.jpg,004_03-vs-012_03,004_03,012_03,004,012,/nas-ctm01/datasets/public/BIOMETRICS/Face_Morphing/MAD22/original_sorted/BonaFide/004_03.jpg,/nas-ctm01/datasets/public/BIOMETRICS/Face_Morphing/MAD22/original_sorted/BonaFide/012_03.jpg,59,6,20
49,MAD22,OpenCV,random_80_20,train,/nas-ctm01/datasets/public/BIOMETRICS/Face_Morphing/MAD22/original_sorted/OpenCV/004_03-vs-092_03.jpg,004_03-vs-092_03.jpg,004_03-vs-092_03,004_03,092_03,004,092,/nas-ctm01/datasets/public/BIOMETRICS/Face_Morphing/MAD22/original_sorted/BonaFide/004_03.jpg,/nas-ctm01/datasets/public/BIOMETRICS/Face_Morphing/MAD22/original_sorted/BonaFide/092_03.jpg,60,6,102
50,MAD22,OpenCV,random_80_20,train,/nas-ctm01/datasets/public/BIOMETRICS/Face_Morphing/MAD22/original_sorted/OpenCV/004_03-vs-103_03.jpg,004_03-vs-103_03.jpg,004_03-vs-103_03,004_03,103_03,004,103,/nas-ctm01/datasets/public/BIOMETRICS/Face_Morphing/MAD22/original_sorted/BonaFide/004_03.jpg,/nas-ctm01/datasets/public/BIOMETRICS/Face_Morphing/MAD22/original_sorted/BonaFide/103_03.jpg,61,6,117
51,MAD22,OpenCV,random_80_20,train,/nas-ctm01/datasets/public/BIOMETRICS/Face_Morphing/MAD22/original_sorted/OpenCV/004_03-vs-105_03.jpg,004_03-vs-105_03.jpg,004_03-vs-105_03,004_03,105_03,004,105,/nas-ctm01/datasets/public/BIOMETRICS/Face_Morphing/MAD22/original_sorted/BonaFide/004_03.jpg,/nas-ctm01/datasets/public/BIOMETRICS/Face_Morphing/MAD22/original_sorted/BonaFide/105_03.jpg,62,6,120
52,MAD22,OpenCV,random_80_20,train,/nas-ctm01/datasets/public/BIOMETRICS/Face_Morphing/MAD22/original_sorted/OpenCV/004_03-vs-141_03.jpg,004_03-vs-141_03.jpg,004_03-vs-141_03,004_03,141_03,004,141,/nas-ctm01/datasets/public/BIOMETRICS/Face_Morphing/MAD22/original_sorted/BonaFide/004_03.jpg,/nas-ctm01/datasets/public/BIOMETRICS/Face_Morphing/MAD22/original_sorted/BonaFide/141_03.jpg,64,6,173
53,MAD22,OpenCV,random_80_20,train,/nas-ctm01/datasets/public/BIOMETRICS/Face_Morphing/MAD22/original_sorted/OpenCV/004_03-vs-172_03.jpg,004_03-vs-172_03.jpg,004_03-vs-172_03,004_03,172_03,004,172,/nas-ctm01/datasets/public/BIOMETRICS/Face_Morphing/MAD22/original_sorted/BonaFide/004_03.jpg,/nas-ctm01/datasets/public/BIOMETRICS/Face_Morphing/MAD22/original_sorted/BonaFide/172_03.jpg,66,6,181
54,MAD22,OpenCV,random_80_20,train,/nas-ctm01/datasets/public/BIOMETRICS/Face_Morphing/MAD22/original_sorted/OpenCV/005_03-vs-008_03.jpg,005_03-vs-008_03.jpg,005_03-vs-008_03,005_03,008_03,005,008,/nas-ctm01/datasets/public/BIOMETRICS/Face_Morphing/MAD22/original_sorted/BonaFide/005_03.jpg,/nas-ctm01/datasets/public/BIOMETRICS/Face_Morphing/MAD22/original_sorted/BonaFide/008_03.jpg,67,7,12
55,MAD22,OpenCV,random_80_20,train,/nas-ctm01/datasets/public/BIOMETRICS/Face_Morphing/MAD22/original_sorted/OpenCV/005_03-vs-018_03.jpg,005_03-vs-018_03.jpg,005_03-vs-018_03,005_03,018_03,005,018,/nas-ctm01/datasets/public/BIOMETRICS/Face_Morphing/MAD22/original_sorted/BonaFide/005_03.jpg,/nas-ctm01/datasets/public/BIOMETRICS/Face_Morphing/MAD22/original_sorted/BonaFide/018_03.jpg,68,7,28
56,MAD22,OpenCV,random_80_20,train,/nas-ctm01/datasets/public/BIOMETRICS/Face_Morphing/MAD22/original_sorted/OpenCV/005_03-vs-022_03.jpg,005_03-vs-022_03.jpg,005_03-vs-022_03,005_03,022_03,005,022,/nas-ctm01/datasets/public/BIOMETRICS/Face_Morphing/MAD22/original_sorted/BonaFide/005_03.jpg,/nas-ctm01/datasets/public/BIOMETRICS/Face_Morphing/MAD22/original_sorted/BonaFide/022_03.jpg,70,7,36
57,MAD22,OpenCV,random_80_20,train,/nas-ctm01/datasets/public/BIOMETRICS/Face_Morphing/MAD22/original_sorted/OpenCV/005_03-vs-033_03.jpg,005_03-vs-033_03.jpg,005_03-vs-033_03,005_03,033_03,005,033,/nas-ctm01/datasets/public/BIOMETRICS/Face_Morphing/MAD22/original_sorted/BonaFide/005_03.jpg,/nas-ctm01/datasets/public/BIOMETRICS/Face_Morphing/MAD22/original_sorted/BonaFide/033_03.jpg,71,7,54
58,MAD22,OpenCV,random_80_20,train,/nas-ctm01/datasets/public/BIOMETRICS/Face_Morphing/MAD22/original_sorted/OpenCV/005_03-vs-067_03.jpg,005_03-vs-067_03.jpg,005_03-vs-067_03,005_03,067_03,005,067,/nas-ctm01/datasets/public/BIOMETRICS/Face_Morphing/MAD22/original_sorted/BonaFide/005_03.jpg,/nas-ctm01/datasets/public/BIOMETRICS/Face_Morphing/MAD22/original_sorted/BonaFide/067_03.jpg,72,7,84
59,MAD22,OpenCV,random_80_20,train,/nas-ctm01/datasets/public/BIOMETRICS/Face_Morphing/MAD22/original_sorted/OpenCV/005_03-vs-068_03.jpg,005_03-vs-068_03.jpg,005_03-vs-068_03,005_03,068_03,005,068,/nas-ctm01/datasets/public/BIOMETRICS/Face_Morphing/MAD22/original_sorted/BonaFide/005_03.jpg,/nas-ctm01/datasets/public/BIOMETRICS/Face_Morphing/MAD22/original_sorted/BonaFide/068_03.jpg,73,7,86
60,MAD22,OpenCV,random_80_20,train,/nas-ctm01/datasets/public/BIOMETRICS/Face_Morphing/MAD22/original_sorted/OpenCV/005_03-vs-082_03.jpg,005_03-vs-082_03.jpg,005_03-vs-082_03,005_03,082_03,005,082,/nas-ctm01/datasets/public/BIOMETRICS/Face_Morphing/MAD22/original_sorted/BonaFide/005_03.jpg,/nas-ctm01/datasets/public/BIOMETRICS/Face_Morphing/MAD22/original_sorted/BonaFide/082_03.jpg,74,7,92
61,MAD22,OpenCV,random_80_20,train,/nas-ctm01/datasets/public/BIOMETRICS/Face_Morphing/MAD22/original_sorted/OpenCV/005_03-vs-104_03.jpg,005_03-vs-104_03.jpg,005_03-vs-104_03,005_03,104_03,005,104,/nas-ctm01/datasets/public/BIOMETRICS/Face_Morphing/MAD22/original_sorted/BonaFide/005_03.jpg,/nas-ctm01/datasets/public/BIOMETRICS/Face_Morphing/MAD22/original_sorted/BonaFide/104_03.jpg,75,7,119
62,MAD22,OpenCV,random_80_20,train,/nas-ctm01/datasets/public/BIOMETRICS/Face_Morphing/MAD22/original_sorted/OpenCV/005_08-vs-008_08.jpg,005_08-vs-008_08.jpg,005_08-vs-008_08,005_08,008_08,005,008,/nas-ctm01/datasets/public/BIOMETRICS/Face_Morphing/MAD22/original_sorted/BonaFide/005_08.jpg,/nas-ctm01/datasets/public/BIOMETRICS/Face_Morphing/MAD22/original_sorted/BonaFide/008_08.jpg,77,8,13
63,MAD22,OpenCV,random_80_20,train,/nas-ctm01/datasets/public/BIOMETRICS/Face_Morphing/MAD22/original_sorted/OpenCV/005_08-vs-018_08.jpg,005_08-vs-018_08.jpg,005_08-vs-018_08,005_08,018_08,005,018,/nas-ctm01/datasets/public/BIOMETRICS/Face_Morphing/MAD22/original_sorted/BonaFide/005_08.jpg,/nas-ctm01/datasets/public/BIOMETRICS/Face_Morphing/MAD22/original_sorted/BonaFide/018_08.jpg,78,8,29
64,MAD22,OpenCV,random_80_20,train,/nas-ctm01/datasets/public/BIOMETRICS/Face_Morphing/MAD22/original_sorted/OpenCV/005_08-vs-021_08.jpg,005_08-vs-021_08.jpg,005_08-vs-021_08,005_08,021_08,005,021,/nas-ctm01/datasets/public/BIOMETRICS/Face_Morphing/MAD22/original_sorted/BonaFide/005_08.jpg,/nas-ctm01/datasets/public/BIOMETRICS/Face_Morphing/MAD22/original_sorted/BonaFide/021_08.jpg,79,8,35
65,MAD22,OpenCV,random_80_20,train,/nas-ctm01/datasets/public/BIOMETRICS/Face_Morphing/MAD22/original_sorted/OpenCV/005_08-vs-022_08.jpg,005_08-vs-022_08.jpg,005_08-vs-022_08,005_08,022_08,005,022,/nas-ctm01/datasets/public/BIOMETRICS/Face_Morphing/MAD22/original_sorted/BonaFide/005_08.jpg,/nas-ctm01/datasets/public/BIOMETRICS/Face_Morphing/MAD22/original_sorted/BonaFide/022_08.jpg,80,8,37
66,MAD22,OpenCV,random_80_20,train,/nas-ctm01/datasets/public/BIOMETRICS/Face_Morphing/MAD22/original_sorted/OpenCV/005_08-vs-067_08.jpg,005_08-vs-067_08.jpg,005_08-vs-067_08,005_08,067_08,005,067,/nas-ctm01/datasets/public/BIOMETRICS/Face_Morphing/MAD22/original_sorted/BonaFide/005_08.jpg,/nas-ctm01/datasets/public/BIOMETRICS/Face_Morphing/MAD22/original_sorted/BonaFide/067_08.jpg,82,8,85
67,MAD22,OpenCV,random_80_20,train,/nas-ctm01/datasets/public/BIOMETRICS/Face_Morphing/MAD22/original_sorted/OpenCV/005_08-vs-068_08.jpg,005_08-vs-068_08.jpg,005_08-vs-068_08,005_08,068_08,005,068,/nas-ctm01/datasets/public/BIOMETRICS/Face_Morphing/MAD22/original_sorted/BonaFide/005_08.jpg,/nas-ctm01/datasets/public/BIOMETRICS/Face_Morphing/MAD22/original_sorted/BonaFide/068_08.jpg,83,8,87
68,MAD22,OpenCV,random_80_20,train,/nas-ctm01/datasets/public/BIOMETRICS/Face_Morphing/MAD22/original_sorted/OpenCV/005_08-vs-082_08.jpg,005_08-vs-082_08.jpg,005_08-vs-082_08,005_08,082_08,005,082,/nas-ctm01/datasets/public/BIOMETRICS/Face_Morphing/MAD22/original_sorted/BonaFide/005_08.jpg,/nas-ctm01/datasets/public/BIOMETRICS/Face_Morphing/MAD22/original_sorted/BonaFide/082_08.jpg,84,8,93
69,MAD22,OpenCV,random_80_20,train,/nas-ctm01/datasets/public/BIOMETRICS/Face_Morphing/MAD22/original_sorted/OpenCV/005_08-vs-114_08.jpg,005_08-vs-114_08.jpg,005_08-vs-114_08,005_08,114_08,005,114,/nas-ctm01/datasets/public/BIOMETRICS/Face_Morphing/MAD22/original_sorted/BonaFide/005_08.jpg,/nas-ctm01/datasets/public/BIOMETRICS/Face_Morphing/MAD22/original_sorted/BonaFide/114_08.jpg,85,8,129
70,MAD22,OpenCV,random_80_20,train,/nas-ctm01/datasets/public/BIOMETRICS/Face_Morphing/MAD22/original_sorted/OpenCV/005_08-vs-140_08.jpg,005_08-vs-140_08.jpg,005_08-vs-140_08,005_08,140_08,005,140,/nas-ctm01/datasets/public/BIOMETRICS/Face_Morphing/MAD22/original_sorted/BonaFide/005_08.jpg,/nas-ctm01/datasets/public/BIOMETRICS/Face_Morphing/MAD22/original_sorted/BonaFide/140_08.jpg,86,8,172
71,MAD22,OpenCV,random_80_20,train,/nas-ctm01/datasets/public/BIOMETRICS/Face_Morphing/MAD22/original_sorted/OpenCV/006_03-vs-094_03.jpg,006_03-vs-094_03.jpg,006_03-vs-094_03,006_03,094_03,006,094,/nas-ctm01/datasets/public/BIOMETRICS/Face_Morphing/MAD22/original_sorted/BonaFide/006_03.jpg,/nas-ctm01/datasets/public/BIOMETRICS/Face_Morphing/MAD22/original_sorted/BonaFide/094_03.jpg,88,9,104
72,MAD22,OpenCV,random_80_20,train,/nas-ctm01/datasets/public/BIOMETRICS/Face_Morphing/MAD22/original_sorted/OpenCV/006_03-vs-097_03.jpg,006_03-vs-097_03.jpg,006_03-vs-097_03,006_03,097_03,006,097,/nas-ctm01/datasets/public/BIOMETRICS/Face_Morphing/MAD22/original_sorted/BonaFide/006_03.jpg,/nas-ctm01/datasets/public/BIOMETRICS/Face_Morphing/MAD22/original_sorted/BonaFide/097_03.jpg,89,9,108
73,MAD22,OpenCV,random_80_20,train,/nas-ctm01/datasets/public/BIOMETRICS/Face_Morphing/MAD22/original_sorted/OpenCV/006_03-vs-102_03.jpg,006_03-vs-102_03.jpg,006_03-vs-102_03,006_03,102_03,006,102,/nas-ctm01/datasets/public/BIOMETRICS/Face_Morphing/MAD22/original_sorted/BonaFide/006_03.jpg,/nas-ctm01/datasets/public/BIOMETRICS/Face_Morphing/MAD22/original_sorted/BonaFide/102_03.jpg,90,9,115
74,MAD22,OpenCV,random_80_20,train,/nas-ctm01/datasets/public/BIOMETRICS/Face_Morphing/MAD22/original_sorted/OpenCV/006_03-vs-118_03.jpg,006_03-vs-118_03.jpg,006_03-vs-118_03,006_03,118_03,006,118,/nas-ctm01/datasets/public/BIOMETRICS/Face_Morphing/MAD22/original_sorted/BonaFide/006_03.jpg,/nas-ctm01/datasets/public/BIOMETRICS/Face_Morphing/MAD22/original_sorted/BonaFide/118_03.jpg,91,9,133
75,MAD22,OpenCV,random_80_20,train,/nas-ctm01/datasets/public/BIOMETRICS/Face_Morphing/MAD22/original_sorted/OpenCV/006_08-vs-016_08.jpg,006_08-vs-016_08.jpg,006_08-vs-016_08,006_08,016_08,006,016,/nas-ctm01/datasets/public/BIOMETRICS/Face_Morphing/MAD22/original_sorted/BonaFide/006_08.jpg,/nas-ctm01/datasets/public/BIOMETRICS/Face_Morphing/MAD22/original_sorted/BonaFide/016_08.jpg,92,10,26
76,MAD22,OpenCV,random_80_20,train,/nas-ctm01/datasets/public/BIOMETRICS/Face_Morphing/MAD22/original_sorted/OpenCV/006_08-vs-081_08.jpg,006_08-vs-081_08.jpg,006_08-vs-081_08,006_08,081_08,006,081,/nas-ctm01/datasets/public/BIOMETRICS/Face_Morphing/MAD22/original_sorted/BonaFide/006_08.jpg,/nas-ctm01/datasets/public/BIOMETRICS/Face_Morphing/MAD22/original_sorted/BonaFide/081_08.jpg,93,10,91
77,MAD22,OpenCV,random_80_20,train,/nas-ctm01/datasets/public/BIOMETRICS/Face_Morphing/MAD22/original_sorted/OpenCV/006_08-vs-097_08.jpg,006_08-vs-097_08.jpg,006_08-vs-097_08,006_08,097_08,006,097,/nas-ctm01/datasets/public/BIOMETRICS/Face_Morphing/MAD22/original_sorted/BonaFide/006_08.jpg,/nas-ctm01/datasets/public/BIOMETRICS/Face_Morphing/MAD22/original_sorted/BonaFide/097_08.jpg,94,10,109
78,MAD22,OpenCV,random_80_20,train,/nas-ctm01/datasets/public/BIOMETRICS/Face_Morphing/MAD22/original_sorted/OpenCV/006_08-vs-102_08.jpg,006_08-vs-102_08.jpg,006_08-vs-102_08,006_08,102_08,006,102,/nas-ctm01/datasets/public/BIOMETRICS/Face_Morphing/MAD22/original_sorted/BonaFide/006_08.jpg,/nas-ctm01/datasets/public/BIOMETRICS/Face_Morphing/MAD22/original_sorted/BonaFide/102_08.jpg,95,10,116
79,MAD22,OpenCV,random_80_20,train,/nas-ctm01/datasets/public/BIOMETRICS/Face_Morphing/MAD22/original_sorted/OpenCV/006_08-vs-112_08.jpg,006_08-vs-112_08.jpg,006_08-vs-112_08,006_08,112_08,006,112,/nas-ctm01/datasets/public/BIOMETRICS/Face_Morphing/MAD22/original_sorted/BonaFide/006_08.jpg,/nas-ctm01/datasets/public/BIOMETRICS/Face_Morphing/MAD22/original_sorted/BonaFide/112_08.jpg,96,10,126
80,MAD22,OpenCV,random_80_20,train,/nas-ctm01/datasets/public/BIOMETRICS/Face_Morphing/MAD22/original_sorted/OpenCV/006_08-vs-118_08.jpg,006_08-vs-118_08.jpg,006_08-vs-118_08,006_08,118_08,006,118,/nas-ctm01/datasets/public/BIOMETRICS/Face_Morphing/MAD22/original_sorted/BonaFide/006_08.jpg,/nas-ctm01/datasets/public/BIOMETRICS/Face_Morphing/MAD22/original_sorted/BonaFide/118_08.jpg,97,10,134
81,MAD22,OpenCV,random_80_20,train,/nas-ctm01/datasets/public/BIOMETRICS/Face_Morphing/MAD22/original_sorted/OpenCV/006_08-vs-139_08.jpg,006_08-vs-139_08.jpg,006_08-vs-139_08,006_08,139_08,006,139,/nas-ctm01/datasets/public/BIOMETRICS/Face_Morphing/MAD22/original_sorted/BonaFide/006_08.jpg,/nas-ctm01/datasets/public/BIOMETRICS/Face_Morphing/MAD22/original_sorted/BonaFide/139_08.jpg,98,10,171
82,MAD22,OpenCV,random_80_20,train,/nas-ctm01/datasets/public/BIOMETRICS/Face_Morphing/MAD22/original_sorted/OpenCV/006_08-vs-144_08.jpg,006_08-vs-144_08.jpg,006_08-vs-144_08,006_08,144_08,006,144,/nas-ctm01/datasets/public/BIOMETRICS/Face_Morphing/MAD22/original_sorted/BonaFide/006_08.jpg,/nas-ctm01/datasets/public/BIOMETRICS/Face_Morphing/MAD22/original_sorted/BonaFide/144_08.jpg,99,10,180
83,MAD22,OpenCV,random_80_20,train,/nas-ctm01/datasets/public/BIOMETRICS/Face_Morphing/MAD22/original_sorted/OpenCV/007_03-vs-039_03.jpg,007_03-vs-039_03.jpg,007_03-vs-039_03,007_03,039_03,007,039,/nas-ctm01/datasets/public/BIOMETRICS/Face_Morphing/MAD22/original_sorted/BonaFide/007_03.jpg,/nas-ctm01/datasets/public/BIOMETRICS/Face_Morphing/MAD22/original_sorted/BonaFide/039_03.jpg,100,11,63
84,MAD22,OpenCV,random_80_20,train,/nas-ctm01/datasets/public/BIOMETRICS/Face_Morphing/MAD22/original_sorted/OpenCV/007_03-vs-062_03.jpg,007_03-vs-062_03.jpg,007_03-vs-062_03,007_03,062_03,007,062,/nas-ctm01/datasets/public/BIOMETRICS/Face_Morphing/MAD22/original_sorted/BonaFide/007_03.jpg,/nas-ctm01/datasets/public/BIOMETRICS/Face_Morphing/MAD22/original_sorted/BonaFide/062_03.jpg,101,11,76
85,MAD22,OpenCV,random_80_20,train,/nas-ctm01/datasets/public/BIOMETRICS/Face_Morphing/MAD22/original_sorted/OpenCV/007_03-vs-122_03.jpg,007_03-vs-122_03.jpg,007_03-vs-122_03,007_03,122_03,007,122,/nas-ctm01/datasets/public/BIOMETRICS/Face_Morphing/MAD22/original_sorted/BonaFide/007_03.jpg,/nas-ctm01/datasets/public/BIOMETRICS/Face_Morphing/MAD22/original_sorted/BonaFide/122_03.jpg,103,11,141
86,MAD22,OpenCV,random_80_20,train,/nas-ctm01/datasets/public/BIOMETRICS/Face_Morphing/MAD22/original_sorted/OpenCV/007_03-vs-124_03.jpg,007_03-vs-124_03.jpg,007_03-vs-124_03,007_03,124_03,007,124,/nas-ctm01/datasets/public/BIOMETRICS/Face_Morphing/MAD22/original_sorted/BonaFide/007_03.jpg,/nas-ctm01/datasets/public/BIOMETRICS/Face_Morphing/MAD22/original_sorted/BonaFide/124_03.jpg,104,11,145
87,MAD22,OpenCV,random_80_20,train,/nas-ctm01/datasets/public/BIOMETRICS/Face_Morphing/MAD22/original_sorted/OpenCV/008_03-vs-108_03.jpg,008_03-vs-108_03.jpg,008_03-vs-108_03,008_03,108_03,008,108,/nas-ctm01/datasets/public/BIOMETRICS/Face_Morphing/MAD22/original_sorted/BonaFide/008_03.jpg,/nas-ctm01/datasets/public/BIOMETRICS/Face_Morphing/MAD22/original_sorted/BonaFide/108_03.jpg,107,12,123
88,MAD22,OpenCV,random_80_20,train,/nas-ctm01/datasets/public/BIOMETRICS/Face_Morphing/MAD22/original_sorted/OpenCV/008_03-vs-143_03.jpg,008_03-vs-143_03.jpg,008_03-vs-143_03,008_03,143_03,008,143,/nas-ctm01/datasets/public/BIOMETRICS/Face_Morphing/MAD22/original_sorted/BonaFide/008_03.jpg,/nas-ctm01/datasets/public/BIOMETRICS/Face_Morphing/MAD22/original_sorted/BonaFide/143_03.jpg,108,12,177
89,MAD22,OpenCV,random_80_20,train,/nas-ctm01/datasets/public/BIOMETRICS/Face_Morphing/MAD22/original_sorted/OpenCV/008_08-vs-042_08.jpg,008_08-vs-042_08.jpg,008_08-vs-042_08,008_08,042_08,008,042,/nas-ctm01/datasets/public/BIOMETRICS/Face_Morphing/MAD22/original_sorted/BonaFide/008_08.jpg,/nas-ctm01/datasets/public/BIOMETRICS/Face_Morphing/MAD22/original_sorted/BonaFide/042_08.jpg,109,13,68
90,MAD22,OpenCV,random_80_20,train,/nas-ctm01/datasets/public/BIOMETRICS/Face_Morphing/MAD22/original_sorted/OpenCV/008_08-vs-061_08.jpg,008_08-vs-061_08.jpg,008_08-vs-061_08,008_08,061_08,008,061,/nas-ctm01/datasets/public/BIOMETRICS/Face_Morphing/MAD22/original_sorted/BonaFide/008_08.jpg,/nas-ctm01/datasets/public/BIOMETRICS/Face_Morphing/MAD22/original_sorted/BonaFide/061_08.jpg,110,13,75
91,MAD22,OpenCV,random_80_20,train,/nas-ctm01/datasets/public/BIOMETRICS/Face_Morphing/MAD22/original_sorted/OpenCV/008_08-vs-070_08.jpg,008_08-vs-070_08.jpg,008_08-vs-070_08,008_08,070_08,008,070,/nas-ctm01/datasets/public/BIOMETRICS/Face_Morphing/MAD22/original_sorted/BonaFide/008_08.jpg,/nas-ctm01/datasets/public/BIOMETRICS/Face_Morphing/MAD22/original_sorted/BonaFide/070_08.jpg,112,13,90
92,MAD22,OpenCV,random_80_20,train,/nas-ctm01/datasets/public/BIOMETRICS/Face_Morphing/MAD22/original_sorted/OpenCV/009_03-vs-027_03.jpg,009_03-vs-027_03.jpg,009_03-vs-027_03,009_03,027_03,009,027,/nas-ctm01/datasets/public/BIOMETRICS/Face_Morphing/MAD22/original_sorted/BonaFide/009_03.jpg,/nas-ctm01/datasets/public/BIOMETRICS/Face_Morphing/MAD22/original_sorted/BonaFide/027_03.jpg,115,14,44
93,MAD22,OpenCV,random_80_20,train,/nas-ctm01/datasets/public/BIOMETRICS/Face_Morphing/MAD22/original_sorted/OpenCV/009_03-vs-039_03.jpg,009_03-vs-039_03.jpg,009_03-vs-039_03,009_03,039_03,009,039,/nas-ctm01/datasets/public/BIOMETRICS/Face_Morphing/MAD22/original_sorted/BonaFide/009_03.jpg,/nas-ctm01/datasets/public/BIOMETRICS/Face_Morphing/MAD22/original_sorted/BonaFide/039_03.jpg,116,14,63
94,MAD22,OpenCV,random_80_20,train,/nas-ctm01/datasets/public/BIOMETRICS/Face_Morphing/MAD22/original_sorted/OpenCV/009_03-vs-083_03.jpg,009_03-vs-083_03.jpg,009_03-vs-083_03,009_03,083_03,009,083,/nas-ctm01/datasets/public/BIOMETRICS/Face_Morphing/MAD22/original_sorted/BonaFide/009_03.jpg,/nas-ctm01/datasets/public/BIOMETRICS/Face_Morphing/MAD22/original_sorted/BonaFide/083_03.jpg,118,14,94
95,MAD22,OpenCV,random_80_20,train,/nas-ctm01/datasets/public/BIOMETRICS/Face_Morphing/MAD22/original_sorted/OpenCV/009_03-vs-090_03.jpg,009_03-vs-090_03.jpg,009_03-vs-090_03,009_03,090_03,009,090,/nas-ctm01/datasets/public/BIOMETRICS/Face_Morphing/MAD22/original_sorted/BonaFide/009_03.jpg,/nas-ctm01/datasets/public/BIOMETRICS/Face_Morphing/MAD22/original_sorted/BonaFide/090_03.jpg,119,14,99
96,MAD22,OpenCV,random_80_20,train,/nas-ctm01/datasets/public/BIOMETRICS/Face_Morphing/MAD22/original_sorted/OpenCV/009_03-vs-100_03.jpg,009_03-vs-100_03.jpg,009_03-vs-100_03,009_03,100_03,009,100,/nas-ctm01/datasets/public/BIOMETRICS/Face_Morphing/MAD22/original_sorted/BonaFide/009_03.jpg,/nas-ctm01/datasets/public/BIOMETRICS/Face_Morphing/MAD22/original_sorted/BonaFide/100_03.jpg,120,14,112
97,MAD22,OpenCV,random_80_20,train,/nas-ctm01/datasets/public/BIOMETRICS/Face_Morphing/MAD22/original_sorted/OpenCV/009_03-vs-112_03.jpg,009_03-vs-112_03.jpg,009_03-vs-112_03,009_03,112_03,009,112,/nas-ctm01/datasets/public/BIOMETRICS/Face_Morphing/MAD22/original_sorted/BonaFide/009_03.jpg,/nas-ctm01/datasets/public/BIOMETRICS/Face_Morphing/MAD22/original_sorted/BonaFide/112_03.jpg,121,14,125
98,MAD22,OpenCV,random_80_20,train,/nas-ctm01/datasets/public/BIOMETRICS/Face_Morphing/MAD22/original_sorted/OpenCV/009_03-vs-144_03.jpg,009_03-vs-144_03.jpg,009_03-vs-144_03,009_03,144_03,009,144,/nas-ctm01/datasets/public/BIOMETRICS/Face_Morphing/MAD22/original_sorted/BonaFide/009_03.jpg,/nas-ctm01/datasets/public/BIOMETRICS/Face_Morphing/MAD22/original_sorted/BonaFide/144_03.jpg,124,14,179
99,MAD22,OpenCV,random_80_20,train,/nas-ctm01/datasets/public/BIOMETRICS/Face_Morphing/MAD22/original_sorted/OpenCV/009_08-vs-062_08.jpg,009_08-vs-062_08.jpg,009_08-vs-062_08,009_08,062_08,009,062,/nas-ctm01/datasets/public/BIOMETRICS/Face_Morphing/MAD22/original_sorted/BonaFide/009_08.jpg,/nas-ctm01/datasets/public/BIOMETRICS/Face_Morphing/MAD22/original_sorted/BonaFide/062_08.jpg,125,15,77
100,MAD22,OpenCV,random_80_20,train,/nas-ctm01/datasets/public/BIOMETRICS/Face_Morphing/MAD22/original_sorted/OpenCV/009_08-vs-083_08.jpg,009_08-vs-083_08.jpg,009_08-vs-083_08,009_08,083_08,009,083,/nas-ctm01/datasets/public/BIOMETRICS/Face_Morphing/MAD22/original_sorted/BonaFide/009_08.jpg,/nas-ctm01/datasets/public/BIOMETRICS/Face_Morphing/MAD22/original_sorted/BonaFide/083_08.jpg,126,15,95
101,MAD22,OpenCV,random_80_20,train,/nas-ctm01/datasets/public/BIOMETRICS/Face_Morphing/MAD22/original_sorted/OpenCV/009_08-vs-090_08.jpg,009_08-vs-090_08.jpg,009_08-vs-090_08,009_08,090_08,009,090,/nas-ctm01/datasets/public/BIOMETRICS/Face_Morphing/MAD22/original_sorted/BonaFide/009_08.jpg,/nas-ctm01/datasets/public/BIOMETRICS/Face_Morphing/MAD22/original_sorted/BonaFide/090_08.jpg,127,15,100
102,MAD22,OpenCV,random_80_20,train,/nas-ctm01/datasets/public/BIOMETRICS/Face_Morphing/MAD22/original_sorted/OpenCV/009_08-vs-107_08.jpg,009_08-vs-107_08.jpg,009_08-vs-107_08,009_08,107_08,009,107,/nas-ctm01/datasets/public/BIOMETRICS/Face_Morphing/MAD22/original_sorted/BonaFide/009_08.jpg,/nas-ctm01/datasets/public/BIOMETRICS/Face_Morphing/MAD22/original_sorted/BonaFide/107_08.jpg,128,15,122
103,MAD22,OpenCV,random_80_20,train,/nas-ctm01/datasets/public/BIOMETRICS/Face_Morphing/MAD22/original_sorted/OpenCV/009_08-vs-112_08.jpg,009_08-vs-112_08.jpg,009_08-vs-112_08,009_08,112_08,009,112,/nas-ctm01/datasets/public/BIOMETRICS/Face_Morphing/MAD22/original_sorted/BonaFide/009_08.jpg,/nas-ctm01/datasets/public/BIOMETRICS/Face_Morphing/MAD22/original_sorted/BonaFide/112_08.jpg,129,15,126
104,MAD22,OpenCV,random_80_20,train,/nas-ctm01/datasets/public/BIOMETRICS/Face_Morphing/MAD22/original_sorted/OpenCV/009_08-vs-122_08.jpg,009_08-vs-122_08.jpg,009_08-vs-122_08,009_08,122_08,009,122,/nas-ctm01/datasets/public/BIOMETRICS/Face_Morphing/MAD22/original_sorted/BonaFide/009_08.jpg,/nas-ctm01/datasets/public/BIOMETRICS/Face_Morphing/MAD22/original_sorted/BonaFide/122_08.jpg,130,15,142
105,MAD22,OpenCV,random_80_20,train,/nas-ctm01/datasets/public/BIOMETRICS/Face_Morphing/MAD22/original_sorted/OpenCV/009_08-vs-129_08.jpg,009_08-vs-129_08.jpg,009_08-vs-129_08,009_08,129_08,009,129,/nas-ctm01/datasets/public/BIOMETRICS/Face_Morphing/MAD22/original_sorted/BonaFide/009_08.jpg,/nas-ctm01/datasets/public/BIOMETRICS/Face_Morphing/MAD22/original_sorted/BonaFide/129_08.jpg,131,15,155
106,MAD22,OpenCV,random_80_20,train,/nas-ctm01/datasets/public/BIOMETRICS/Face_Morphing/MAD22/original_sorted/OpenCV/009_08-vs-135_08.jpg,009_08-vs-135_08.jpg,009_08-vs-135_08,009_08,135_08,009,135,/nas-ctm01/datasets/public/BIOMETRICS/Face_Morphing/MAD22/original_sorted/BonaFide/009_08.jpg,/nas-ctm01/datasets/public/BIOMETRICS/Face_Morphing/MAD22/original_sorted/BonaFide/135_08.jpg,132,15,165
107,MAD22,OpenCV,random_80_20,train,/nas-ctm01/datasets/public/BIOMETRICS/Face_Morphing/MAD22/original_sorted/OpenCV/009_08-vs-139_08.jpg,009_08-vs-139_08.jpg,009_08-vs-139_08,009_08,139_08,009,139,/nas-ctm01/datasets/public/BIOMETRICS/Face_Morphing/MAD22/original_sorted/BonaFide/009_08.jpg,/nas-ctm01/datasets/public/BIOMETRICS/Face_Morphing/MAD22/original_sorted/BonaFide/139_08.jpg,133,15,171
108,MAD22,OpenCV,random_80_20,train,/nas-ctm01/datasets/public/BIOMETRICS/Face_Morphing/MAD22/original_sorted/OpenCV/009_08-vs-144_08.jpg,009_08-vs-144_08.jpg,009_08-vs-144_08,009_08,144_08,009,144,/nas-ctm01/datasets/public/BIOMETRICS/Face_Morphing/MAD22/original_sorted/BonaFide/009_08.jpg,/nas-ctm01/datasets/public/BIOMETRICS/Face_Morphing/MAD22/original_sorted/BonaFide/144_08.jpg,134,15,180
109,MAD22,OpenCV,random_80_20,train,/nas-ctm01/datasets/public/BIOMETRICS/Face_Morphing/MAD22/original_sorted/OpenCV/010_03-vs-030_03.jpg,010_03-vs-030_03.jpg,010_03-vs-030_03,010_03,030_03,010,030,/nas-ctm01/datasets/public/BIOMETRICS/Face_Morphing/MAD22/original_sorted/BonaFide/010_03.jpg,/nas-ctm01/datasets/public/BIOMETRICS/Face_Morphing/MAD22/original_sorted/BonaFide/030_03.jpg,135,16,48
110,MAD22,OpenCV,random_80_20,train,/nas-ctm01/datasets/public/BIOMETRICS/Face_Morphing/MAD22/original_sorted/OpenCV/010_03-vs-038_03.jpg,010_03-vs-038_03.jpg,010_03-vs-038_03,010_03,038_03,010,038,/nas-ctm01/datasets/public/BIOMETRICS/Face_Morphing/MAD22/original_sorted/BonaFide/010_03.jpg,/nas-ctm01/datasets/public/BIOMETRICS/Face_Morphing/MAD22/original_sorted/BonaFide/038_03.jpg,136,16,61
111,MAD22,OpenCV,random_80_20,train,/nas-ctm01/datasets/public/BIOMETRICS/Face_Morphing/MAD22/original_sorted/OpenCV/010_03-vs-090_03.jpg,010_03-vs-090_03.jpg,010_03-vs-090_03,010_03,090_03,010,090,/nas-ctm01/datasets/public/BIOMETRICS/Face_Morphing/MAD22/original_sorted/BonaFide/010_03.jpg,/nas-ctm01/datasets/public/BIOMETRICS/Face_Morphing/MAD22/original_sorted/BonaFide/090_03.jpg,138,16,99
112,MAD22,OpenCV,random_80_20,train,/nas-ctm01/datasets/public/BIOMETRICS/Face_Morphing/MAD22/original_sorted/OpenCV/010_03-vs-126_03.jpg,010_03-vs-126_03.jpg,010_03-vs-126_03,010_03,126_03,010,126,/nas-ctm01/datasets/public/BIOMETRICS/Face_Morphing/MAD22/original_sorted/BonaFide/010_03.jpg,/nas-ctm01/datasets/public/BIOMETRICS/Face_Morphing/MAD22/original_sorted/BonaFide/126_03.jpg,139,16,149
113,MAD22,OpenCV,random_80_20,train,/nas-ctm01/datasets/public/BIOMETRICS/Face_Morphing/MAD22/original_sorted/OpenCV/010_08-vs-020_08.jpg,010_08-vs-020_08.jpg,010_08-vs-020_08,010_08,020_08,010,020,/nas-ctm01/datasets/public/BIOMETRICS/Face_Morphing/MAD22/original_sorted/BonaFide/010_08.jpg,/nas-ctm01/datasets/public/BIOMETRICS/Face_Morphing/MAD22/original_sorted/BonaFide/020_08.jpg,140,17,33
114,MAD22,OpenCV,random_80_20,train,/nas-ctm01/datasets/public/BIOMETRICS/Face_Morphing/MAD22/original_sorted/OpenCV/010_08-vs-038_08.jpg,010_08-vs-038_08.jpg,010_08-vs-038_08,010_08,038_08,010,038,/nas-ctm01/datasets/public/BIOMETRICS/Face_Morphing/MAD22/original_sorted/BonaFide/010_08.jpg,/nas-ctm01/datasets/public/BIOMETRICS/Face_Morphing/MAD22/original_sorted/BonaFide/038_08.jpg,142,17,62
115,MAD22,OpenCV,random_80_20,train,/nas-ctm01/datasets/public/BIOMETRICS/Face_Morphing/MAD22/original_sorted/OpenCV/010_08-vs-039_08.jpg,010_08-vs-039_08.jpg,010_08-vs-039_08,010_08,039_08,010,039,/nas-ctm01/datasets/public/BIOMETRICS/Face_Morphing/MAD22/original_sorted/BonaFide/010_08.jpg,/nas-ctm01/datasets/public/BIOMETRICS/Face_Morphing/MAD22/original_sorted/BonaFide/039_08.jpg,143,17,64
116,MAD22,OpenCV,random_80_20,train,/nas-ctm01/datasets/public/BIOMETRICS/Face_Morphing/MAD22/original_sorted/OpenCV/010_08-vs-136_08.jpg,010_08-vs-136_08.jpg,010_08-vs-136_08,010_08,136_08,010,136,/nas-ctm01/datasets/public/BIOMETRICS/Face_Morphing/MAD22/original_sorted/BonaFide/010_08.jpg,/nas-ctm01/datasets/public/BIOMETRICS/Face_Morphing/MAD22/original_sorted/BonaFide/136_08.jpg,144,17,167
117,MAD22,OpenCV,random_80_20,train,/nas-ctm01/datasets/public/BIOMETRICS/Face_Morphing/MAD22/original_sorted/OpenCV/011_03-vs-020_03.jpg,011_03-vs-020_03.jpg,011_03-vs-020_03,011_03,020_03,011,020,/nas-ctm01/datasets/public/BIOMETRICS/Face_Morphing/MAD22/original_sorted/BonaFide/011_03.jpg,/nas-ctm01/datasets/public/BIOMETRICS/Face_Morphing/MAD22/original_sorted/BonaFide/020_03.jpg,145,18,32
118,MAD22,OpenCV,random_80_20,train,/nas-ctm01/datasets/public/BIOMETRICS/Face_Morphing/MAD22/original_sorted/OpenCV/011_03-vs-032_03.jpg,011_03-vs-032_03.jpg,011_03-vs-032_03,011_03,032_03,011,032,/nas-ctm01/datasets/public/BIOMETRICS/Face_Morphing/MAD22/original_sorted/BonaFide/011_03.jpg,/nas-ctm01/datasets/public/BIOMETRICS/Face_Morphing/MAD22/original_sorted/BonaFide/032_03.jpg,146,18,52
119,MAD22,OpenCV,random_80_20,train,/nas-ctm01/datasets/public/BIOMETRICS/Face_Morphing/MAD22/original_sorted/OpenCV/011_03-vs-062_03.jpg,011_03-vs-062_03.jpg,011_03-vs-062_03,011_03,062_03,011,062,/nas-ctm01/datasets/public/BIOMETRICS/Face_Morphing/MAD22/original_sorted/BonaFide/011_03.jpg,/nas-ctm01/datasets/public/BIOMETRICS/Face_Morphing/MAD22/original_sorted/BonaFide/062_03.jpg,147,18,76
120,MAD22,OpenCV,random_80_20,train,/nas-ctm01/datasets/public/BIOMETRICS/Face_Morphing/MAD22/original_sorted/OpenCV/011_03-vs-064_03.jpg,011_03-vs-064_03.jpg,011_03-vs-064_03,011_03,064_03,011,064,/nas-ctm01/datasets/public/BIOMETRICS/Face_Morphing/MAD22/original_sorted/BonaFide/011_03.jpg,/nas-ctm01/datasets/public/BIOMETRICS/Face_Morphing/MAD22/original_sorted/BonaFide/064_03.jpg,148,18,80
121,MAD22,OpenCV,random_80_20,train,/nas-ctm01/datasets/public/BIOMETRICS/Face_Morphing/MAD22/original_sorted/OpenCV/011_03-vs-097_03.jpg,011_03-vs-097_03.jpg,011_03-vs-097_03,011_03,097_03,011,097,/nas-ctm01/datasets/public/BIOMETRICS/Face_Morphing/MAD22/original_sorted/BonaFide/011_03.jpg,/nas-ctm01/datasets/public/BIOMETRICS/Face_Morphing/MAD22/original_sorted/BonaFide/097_03.jpg,149,18,108
122,MAD22,OpenCV,random_80_20,train,/nas-ctm01/datasets/public/BIOMETRICS/Face_Morphing/MAD22/original_sorted/OpenCV/011_03-vs-118_03.jpg,011_03-vs-118_03.jpg,011_03-vs-118_03,011_03,118_03,011,118,/nas-ctm01/datasets/public/BIOMETRICS/Face_Morphing/MAD22/original_sorted/BonaFide/011_03.jpg,/nas-ctm01/datasets/public/BIOMETRICS/Face_Morphing/MAD22/original_sorted/BonaFide/118_03.jpg,150,18,133
123,MAD22,OpenCV,random_80_20,train,/nas-ctm01/datasets/public/BIOMETRICS/Face_Morphing/MAD22/original_sorted/OpenCV/011_03-vs-120_03.jpg,011_03-vs-120_03.jpg,011_03-vs-120_03,011_03,120_03,011,120,/nas-ctm01/datasets/public/BIOMETRICS/Face_Morphing/MAD22/original_sorted/BonaFide/011_03.jpg,/nas-ctm01/datasets/public/BIOMETRICS/Face_Morphing/MAD22/original_sorted/BonaFide/120_03.jpg,151,18,137
124,MAD22,OpenCV,random_80_20,train,/nas-ctm01/datasets/public/BIOMETRICS/Face_Morphing/MAD22/original_sorted/OpenCV/011_03-vs-124_03.jpg,011_03-vs-124_03.jpg,011_03-vs-124_03,011_03,124_03,011,124,/nas-ctm01/datasets/public/BIOMETRICS/Face_Morphing/MAD22/original_sorted/BonaFide/011_03.jpg,/nas-ctm01/datasets/public/BIOMETRICS/Face_Morphing/MAD22/original_sorted/BonaFide/124_03.jpg,152,18,145
125,MAD22,OpenCV,random_80_20,train,/nas-ctm01/datasets/public/BIOMETRICS/Face_Morphing/MAD22/original_sorted/OpenCV/011_03-vs-135_03.jpg,011_03-vs-135_03.jpg,011_03-vs-135_03,011_03,135_03,011,135,/nas-ctm01/datasets/public/BIOMETRICS/Face_Morphing/MAD22/original_sorted/BonaFide/011_03.jpg,/nas-ctm01/datasets/public/BIOMETRICS/Face_Morphing/MAD22/original_sorted/BonaFide/135_03.jpg,153,18,164
126,MAD22,OpenCV,random_80_20,train,/nas-ctm01/datasets/public/BIOMETRICS/Face_Morphing/MAD22/original_sorted/OpenCV/011_08-vs-020_08.jpg,011_08-vs-020_08.jpg,011_08-vs-020_08,011_08,020_08,011,020,/nas-ctm01/datasets/public/BIOMETRICS/Face_Morphing/MAD22/original_sorted/BonaFide/011_08.jpg,/nas-ctm01/datasets/public/BIOMETRICS/Face_Morphing/MAD22/original_sorted/BonaFide/020_08.jpg,154,19,33
127,MAD22,OpenCV,random_80_20,train,/nas-ctm01/datasets/public/BIOMETRICS/Face_Morphing/MAD22/original_sorted/OpenCV/011_08-vs-064_08.jpg,011_08-vs-064_08.jpg,011_08-vs-064_08,011_08,064_08,011,064,/nas-ctm01/datasets/public/BIOMETRICS/Face_Morphing/MAD22/original_sorted/BonaFide/011_08.jpg,/nas-ctm01/datasets/public/BIOMETRICS/Face_Morphing/MAD22/original_sorted/BonaFide/064_08.jpg,155,19,81
128,MAD22,OpenCV,random_80_20,train,/nas-ctm01/datasets/public/BIOMETRICS/Face_Morphing/MAD22/original_sorted/OpenCV/011_08-vs-091_08.jpg,011_08-vs-091_08.jpg,011_08-vs-091_08,011_08,091_08,011,091,/nas-ctm01/datasets/public/BIOMETRICS/Face_Morphing/MAD22/original_sorted/BonaFide/011_08.jpg,/nas-ctm01/datasets/public/BIOMETRICS/Face_Morphing/MAD22/original_sorted/BonaFide/091_08.jpg,156,19,101
129,MAD22,OpenCV,random_80_20,train,/nas-ctm01/datasets/public/BIOMETRICS/Face_Morphing/MAD22/original_sorted/OpenCV/011_08-vs-124_08.jpg,011_08-vs-124_08.jpg,011_08-vs-124_08,011_08,124_08,011,124,/nas-ctm01/datasets/public/BIOMETRICS/Face_Morphing/MAD22/original_sorted/BonaFide/011_08.jpg,/nas-ctm01/datasets/public/BIOMETRICS/Face_Morphing/MAD22/original_sorted/BonaFide/124_08.jpg,157,19,146
130,MAD22,OpenCV,random_80_20,train,/nas-ctm01/datasets/public/BIOMETRICS/Face_Morphing/MAD22/original_sorted/OpenCV/011_08-vs-135_08.jpg,011_08-vs-135_08.jpg,011_08-vs-135_08,011_08,135_08,011,135,/nas-ctm01/datasets/public/BIOMETRICS/Face_Morphing/MAD22/original_sorted/BonaFide/011_08.jpg,/nas-ctm01/datasets/public/BIOMETRICS/Face_Morphing/MAD22/original_sorted/BonaFide/135_08.jpg,158,19,165
131,MAD22,OpenCV,random_80_20,train,/nas-ctm01/datasets/public/BIOMETRICS/Face_Morphing/MAD22/original_sorted/OpenCV/011_08-vs-136_08.jpg,011_08-vs-136_08.jpg,011_08-vs-136_08,011_08,136_08,011,136,/nas-ctm01/datasets/public/BIOMETRICS/Face_Morphing/MAD22/original_sorted/BonaFide/011_08.jpg,/nas-ctm01/datasets/public/BIOMETRICS/Face_Morphing/MAD22/original_sorted/BonaFide/136_08.jpg,159,19,167
132,MAD22,OpenCV,random_80_20,train,/nas-ctm01/datasets/public/BIOMETRICS/Face_Morphing/MAD22/original_sorted/OpenCV/012_03-vs-026_03.jpg,012_03-vs-026_03.jpg,012_03-vs-026_03,012_03,026_03,012,026,/nas-ctm01/datasets/public/BIOMETRICS/Face_Morphing/MAD22/original_sorted/BonaFide/012_03.jpg,/nas-ctm01/datasets/public/BIOMETRICS/Face_Morphing/MAD22/original_sorted/BonaFide/026_03.jpg,160,20,42
133,MAD22,OpenCV,random_80_20,train,/nas-ctm01/datasets/public/BIOMETRICS/Face_Morphing/MAD22/original_sorted/OpenCV/012_03-vs-037_03.jpg,012_03-vs-037_03.jpg,012_03-vs-037_03,012_03,037_03,012,037,/nas-ctm01/datasets/public/BIOMETRICS/Face_Morphing/MAD22/original_sorted/BonaFide/012_03.jpg,/nas-ctm01/datasets/public/BIOMETRICS/Face_Morphing/MAD22/original_sorted/BonaFide/037_03.jpg,161,20,60
134,MAD22,OpenCV,random_80_20,train,/nas-ctm01/datasets/public/BIOMETRICS/Face_Morphing/MAD22/original_sorted/OpenCV/012_03-vs-096_03.jpg,012_03-vs-096_03.jpg,012_03-vs-096_03,012_03,096_03,012,096,/nas-ctm01/datasets/public/BIOMETRICS/Face_Morphing/MAD22/original_sorted/BonaFide/012_03.jpg,/nas-ctm01/datasets/public/BIOMETRICS/Face_Morphing/MAD22/original_sorted/BonaFide/096_03.jpg,162,20,106
135,MAD22,OpenCV,random_80_20,train,/nas-ctm01/datasets/public/BIOMETRICS/Face_Morphing/MAD22/original_sorted/OpenCV/012_03-vs-138_03.jpg,012_03-vs-138_03.jpg,012_03-vs-138_03,012_03,138_03,012,138,/nas-ctm01/datasets/public/BIOMETRICS/Face_Morphing/MAD22/original_sorted/BonaFide/012_03.jpg,/nas-ctm01/datasets/public/BIOMETRICS/Face_Morphing/MAD22/original_sorted/BonaFide/138_03.jpg,163,20,169
136,MAD22,OpenCV,random_80_20,train,/nas-ctm01/datasets/public/BIOMETRICS/Face_Morphing/MAD22/original_sorted/OpenCV/012_03-vs-141_03.jpg,012_03-vs-141_03.jpg,012_03-vs-141_03,012_03,141_03,012,141,/nas-ctm01/datasets/public/BIOMETRICS/Face_Morphing/MAD22/original_sorted/BonaFide/012_03.jpg,/nas-ctm01/datasets/public/BIOMETRICS/Face_Morphing/MAD22/original_sorted/BonaFide/141_03.jpg,164,20,173
137,MAD22,OpenCV,random_80_20,train,/nas-ctm01/datasets/public/BIOMETRICS/Face_Morphing/MAD22/original_sorted/OpenCV/012_08-vs-017_08.jpg,012_08-vs-017_08.jpg,012_08-vs-017_08,012_08,017_08,012,017,/nas-ctm01/datasets/public/BIOMETRICS/Face_Morphing/MAD22/original_sorted/BonaFide/012_08.jpg,/nas-ctm01/datasets/public/BIOMETRICS/Face_Morphing/MAD22/original_sorted/BonaFide/017_08.jpg,165,21,27
138,MAD22,OpenCV,random_80_20,train,/nas-ctm01/datasets/public/BIOMETRICS/Face_Morphing/MAD22/original_sorted/OpenCV/012_08-vs-026_08.jpg,012_08-vs-026_08.jpg,012_08-vs-026_08,012_08,026_08,012,026,/nas-ctm01/datasets/public/BIOMETRICS/Face_Morphing/MAD22/original_sorted/BonaFide/012_08.jpg,/nas-ctm01/datasets/public/BIOMETRICS/Face_Morphing/MAD22/original_sorted/BonaFide/026_08.jpg,166,21,43
139,MAD22,OpenCV,random_80_20,train,/nas-ctm01/datasets/public/BIOMETRICS/Face_Morphing/MAD22/original_sorted/OpenCV/012_08-vs-042_08.jpg,012_08-vs-042_08.jpg,012_08-vs-042_08,012_08,042_08,012,042,/nas-ctm01/datasets/public/BIOMETRICS/Face_Morphing/MAD22/original_sorted/BonaFide/012_08.jpg,/nas-ctm01/datasets/public/BIOMETRICS/Face_Morphing/MAD22/original_sorted/BonaFide/042_08.jpg,168,21,68
140,MAD22,OpenCV,random_80_20,train,/nas-ctm01/datasets/public/BIOMETRICS/Face_Morphing/MAD22/original_sorted/OpenCV/012_08-vs-130_08.jpg,012_08-vs-130_08.jpg,012_08-vs-130_08,012_08,130_08,012,130,/nas-ctm01/datasets/public/BIOMETRICS/Face_Morphing/MAD22/original_sorted/BonaFide/012_08.jpg,/nas-ctm01/datasets/public/BIOMETRICS/Face_Morphing/MAD22/original_sorted/BonaFide/130_08.jpg,169,21,157
141,MAD22,OpenCV,random_80_20,train,/nas-ctm01/datasets/public/BIOMETRICS/Face_Morphing/MAD22/original_sorted/OpenCV/012_08-vs-143_08.jpg,012_08-vs-143_08.jpg,012_08-vs-143_08,012_08,143_08,012,143,/nas-ctm01/datasets/public/BIOMETRICS/Face_Morphing/MAD22/original_sorted/BonaFide/012_08.jpg,/nas-ctm01/datasets/public/BIOMETRICS/Face_Morphing/MAD22/original_sorted/BonaFide/143_08.jpg,171,21,178
142,MAD22,OpenCV,random_80_20,train,/nas-ctm01/datasets/public/BIOMETRICS/Face_Morphing/MAD22/original_sorted/OpenCV/013_08-vs-020_08.jpg,013_08-vs-020_08.jpg,013_08-vs-020_08,013_08,020_08,013,020,/nas-ctm01/datasets/public/BIOMETRICS/Face_Morphing/MAD22/original_sorted/BonaFide/013_08.jpg,/nas-ctm01/datasets/public/BIOMETRICS/Face_Morphing/MAD22/original_sorted/BonaFide/020_08.jpg,172,22,33
143,MAD22,OpenCV,random_80_20,train,/nas-ctm01/datasets/public/BIOMETRICS/Face_Morphing/MAD22/original_sorted/OpenCV/013_08-vs-030_08.jpg,013_08-vs-030_08.jpg,013_08-vs-030_08,013_08,030_08,013,030,/nas-ctm01/datasets/public/BIOMETRICS/Face_Morphing/MAD22/original_sorted/BonaFide/013_08.jpg,/nas-ctm01/datasets/public/BIOMETRICS/Face_Morphing/MAD22/original_sorted/BonaFide/030_08.jpg,173,22,49
144,MAD22,OpenCV,random_80_20,train,/nas-ctm01/datasets/public/BIOMETRICS/Face_Morphing/MAD22/original_sorted/OpenCV/013_08-vs-038_08.jpg,013_08-vs-038_08.jpg,013_08-vs-038_08,013_08,038_08,013,038,/nas-ctm01/datasets/public/BIOMETRICS/Face_Morphing/MAD22/original_sorted/BonaFide/013_08.jpg,/nas-ctm01/datasets/public/BIOMETRICS/Face_Morphing/MAD22/original_sorted/BonaFide/038_08.jpg,174,22,62
145,MAD22,OpenCV,random_80_20,train,/nas-ctm01/datasets/public/BIOMETRICS/Face_Morphing/MAD22/original_sorted/OpenCV/013_08-vs-066_08.jpg,013_08-vs-066_08.jpg,013_08-vs-066_08,013_08,066_08,013,066,/nas-ctm01/datasets/public/BIOMETRICS/Face_Morphing/MAD22/original_sorted/BonaFide/013_08.jpg,/nas-ctm01/datasets/public/BIOMETRICS/Face_Morphing/MAD22/original_sorted/BonaFide/066_08.jpg,175,22,83
146,MAD22,OpenCV,random_80_20,train,/nas-ctm01/datasets/public/BIOMETRICS/Face_Morphing/MAD22/original_sorted/OpenCV/013_08-vs-097_08.jpg,013_08-vs-097_08.jpg,013_08-vs-097_08,013_08,097_08,013,097,/nas-ctm01/datasets/public/BIOMETRICS/Face_Morphing/MAD22/original_sorted/BonaFide/013_08.jpg,/nas-ctm01/datasets/public/BIOMETRICS/Face_Morphing/MAD22/original_sorted/BonaFide/097_08.jpg,176,22,109
147,MAD22,OpenCV,random_80_20,train,/nas-ctm01/datasets/public/BIOMETRICS/Face_Morphing/MAD22/original_sorted/OpenCV/014_03-vs-019_03.jpg,014_03-vs-019_03.jpg,014_03-vs-019_03,014_03,019_03,014,019,/nas-ctm01/datasets/public/BIOMETRICS/Face_Morphing/MAD22/original_sorted/BonaFide/014_03.jpg,/nas-ctm01/datasets/public/BIOMETRICS/Face_Morphing/MAD22/original_sorted/BonaFide/019_03.jpg,178,23,30
148,MAD22,OpenCV,random_80_20,train,/nas-ctm01/datasets/public/BIOMETRICS/Face_Morphing/MAD22/original_sorted/OpenCV/014_03-vs-030_03.jpg,014_03-vs-030_03.jpg,014_03-vs-030_03,014_03,030_03,014,030,/nas-ctm01/datasets/public/BIOMETRICS/Face_Morphing/MAD22/original_sorted/BonaFide/014_03.jpg,/nas-ctm01/datasets/public/BIOMETRICS/Face_Morphing/MAD22/original_sorted/BonaFide/030_03.jpg,179,23,48
149,MAD22,OpenCV,random_80_20,train,/nas-ctm01/datasets/public/BIOMETRICS/Face_Morphing/MAD22/original_sorted/OpenCV/014_03-vs-038_03.jpg,014_03-vs-038_03.jpg,014_03-vs-038_03,014_03,038_03,014,038,/nas-ctm01/datasets/public/BIOMETRICS/Face_Morphing/MAD22/original_sorted/BonaFide/014_03.jpg,/nas-ctm01/datasets/public/BIOMETRICS/Face_Morphing/MAD22/original_sorted/BonaFide/038_03.jpg,180,23,61
150,MAD22,OpenCV,random_80_20,train,/nas-ctm01/datasets/public/BIOMETRICS/Face_Morphing/MAD22/original_sorted/OpenCV/014_03-vs-122_03.jpg,014_03-vs-122_03.jpg,014_03-vs-122_03,014_03,122_03,014,122,/nas-ctm01/datasets/public/BIOMETRICS/Face_Morphing/MAD22/original_sorted/BonaFide/014_03.jpg,/nas-ctm01/datasets/public/BIOMETRICS/Face_Morphing/MAD22/original_sorted/BonaFide/122_03.jpg,181,23,141
151,MAD22,OpenCV,random_80_20,train,/nas-ctm01/datasets/public/BIOMETRICS/Face_Morphing/MAD22/original_sorted/OpenCV/014_08-vs-038_08.jpg,014_08-vs-038_08.jpg,014_08-vs-038_08,014_08,038_08,014,038,/nas-ctm01/datasets/public/BIOMETRICS/Face_Morphing/MAD22/original_sorted/BonaFide/014_08.jpg,/nas-ctm01/datasets/public/BIOMETRICS/Face_Morphing/MAD22/original_sorted/BonaFide/038_08.jpg,183,24,62
152,MAD22,OpenCV,random_80_20,train,/nas-ctm01/datasets/public/BIOMETRICS/Face_Morphing/MAD22/original_sorted/OpenCV/014_08-vs-122_08.jpg,014_08-vs-122_08.jpg,014_08-vs-122_08,014_08,122_08,014,122,/nas-ctm01/datasets/public/BIOMETRICS/Face_Morphing/MAD22/original_sorted/BonaFide/014_08.jpg,/nas-ctm01/datasets/public/BIOMETRICS/Face_Morphing/MAD22/original_sorted/BonaFide/122_08.jpg,184,24,142
153,MAD22,OpenCV,random_80_20,train,/nas-ctm01/datasets/public/BIOMETRICS/Face_Morphing/MAD22/original_sorted/OpenCV/014_08-vs-134_08.jpg,014_08-vs-134_08.jpg,014_08-vs-134_08,014_08,134_08,014,134,/nas-ctm01/datasets/public/BIOMETRICS/Face_Morphing/MAD22/original_sorted/BonaFide/014_08.jpg,/nas-ctm01/datasets/public/BIOMETRICS/Face_Morphing/MAD22/original_sorted/BonaFide/134_08.jpg,185,24,163
154,MAD22,OpenCV,random_80_20,train,/nas-ctm01/datasets/public/BIOMETRICS/Face_Morphing/MAD22/original_sorted/OpenCV/016_03-vs-027_03.jpg,016_03-vs-027_03.jpg,016_03-vs-027_03,016_03,027_03,016,027,/nas-ctm01/datasets/public/BIOMETRICS/Face_Morphing/MAD22/original_sorted/BonaFide/016_03.jpg,/nas-ctm01/datasets/public/BIOMETRICS/Face_Morphing/MAD22/original_sorted/BonaFide/027_03.jpg,186,25,44
155,MAD22,OpenCV,random_80_20,train,/nas-ctm01/datasets/public/BIOMETRICS/Face_Morphing/MAD22/original_sorted/OpenCV/016_08-vs-081_08.jpg,016_08-vs-081_08.jpg,016_08-vs-081_08,016_08,081_08,016,081,/nas-ctm01/datasets/public/BIOMETRICS/Face_Morphing/MAD22/original_sorted/BonaFide/016_08.jpg,/nas-ctm01/datasets/public/BIOMETRICS/Face_Morphing/MAD22/original_sorted/BonaFide/081_08.jpg,191,26,91
156,MAD22,OpenCV,random_80_20,train,/nas-ctm01/datasets/public/BIOMETRICS/Face_Morphing/MAD22/original_sorted/OpenCV/016_08-vs-083_08.jpg,016_08-vs-083_08.jpg,016_08-vs-083_08,016_08,083_08,016,083,/nas-ctm01/datasets/public/BIOMETRICS/Face_Morphing/MAD22/original_sorted/BonaFide/016_08.jpg,/nas-ctm01/datasets/public/BIOMETRICS/Face_Morphing/MAD22/original_sorted/BonaFide/083_08.jpg,192,26,95
157,MAD22,OpenCV,random_80_20,train,/nas-ctm01/datasets/public/BIOMETRICS/Face_Morphing/MAD22/original_sorted/OpenCV/016_08-vs-086_08.jpg,016_08-vs-086_08.jpg,016_08-vs-086_08,016_08,086_08,016,086,/nas-ctm01/datasets/public/BIOMETRICS/Face_Morphing/MAD22/original_sorted/BonaFide/016_08.jpg,/nas-ctm01/datasets/public/BIOMETRICS/Face_Morphing/MAD22/original_sorted/BonaFide/086_08.jpg,193,26,97
158,MAD22,OpenCV,random_80_20,train,/nas-ctm01/datasets/public/BIOMETRICS/Face_Morphing/MAD22/original_sorted/OpenCV/016_08-vs-144_08.jpg,016_08-vs-144_08.jpg,016_08-vs-144_08,016_08,144_08,016,144,/nas-ctm01/datasets/public/BIOMETRICS/Face_Morphing/MAD22/original_sorted/BonaFide/016_08.jpg,/nas-ctm01/datasets/public/BIOMETRICS/Face_Morphing/MAD22/original_sorted/BonaFide/144_08.jpg,194,26,180
159,MAD22,OpenCV,random_80_20,train,/nas-ctm01/datasets/public/BIOMETRICS/Face_Morphing/MAD22/original_sorted/OpenCV/017_08-vs-036_08.jpg,017_08-vs-036_08.jpg,017_08-vs-036_08,017_08,036_08,017,036,/nas-ctm01/datasets/public/BIOMETRICS/Face_Morphing/MAD22/original_sorted/BonaFide/017_08.jpg,/nas-ctm01/datasets/public/BIOMETRICS/Face_Morphing/MAD22/original_sorted/BonaFide/036_08.jpg,196,27,59
160,MAD22,OpenCV,random_80_20,train,/nas-ctm01/datasets/public/BIOMETRICS/Face_Morphing/MAD22/original_sorted/OpenCV/017_08-vs-067_08.jpg,017_08-vs-067_08.jpg,017_08-vs-067_08,017_08,067_08,017,067,/nas-ctm01/datasets/public/BIOMETRICS/Face_Morphing/MAD22/original_sorted/BonaFide/017_08.jpg,/nas-ctm01/datasets/public/BIOMETRICS/Face_Morphing/MAD22/original_sorted/BonaFide/067_08.jpg,197,27,85
161,MAD22,OpenCV,random_80_20,train,/nas-ctm01/datasets/public/BIOMETRICS/Face_Morphing/MAD22/original_sorted/OpenCV/017_08-vs-128_08.jpg,017_08-vs-128_08.jpg,017_08-vs-128_08,017_08,128_08,017,128,/nas-ctm01/datasets/public/BIOMETRICS/Face_Morphing/MAD22/original_sorted/BonaFide/017_08.jpg,/nas-ctm01/datasets/public/BIOMETRICS/Face_Morphing/MAD22/original_sorted/BonaFide/128_08.jpg,198,27,153
162,MAD22,OpenCV,random_80_20,train,/nas-ctm01/datasets/public/BIOMETRICS/Face_Morphing/MAD22/original_sorted/OpenCV/017_08-vs-130_08.jpg,017_08-vs-130_08.jpg,017_08-vs-130_08,017_08,130_08,017,130,/nas-ctm01/datasets/public/BIOMETRICS/Face_Morphing/MAD22/original_sorted/BonaFide/017_08.jpg,/nas-ctm01/datasets/public/BIOMETRICS/Face_Morphing/MAD22/original_sorted/BonaFide/130_08.jpg,199,27,157
163,MAD22,OpenCV,random_80_20,train,/nas-ctm01/datasets/public/BIOMETRICS/Face_Morphing/MAD22/original_sorted/OpenCV/017_08-vs-141_08.jpg,017_08-vs-141_08.jpg,017_08-vs-141_08,017_08,141_08,017,141,/nas-ctm01/datasets/public/BIOMETRICS/Face_Morphing/MAD22/original_sorted/BonaFide/017_08.jpg,/nas-ctm01/datasets/public/BIOMETRICS/Face_Morphing/MAD22/original_sorted/BonaFide/141_08.jpg,200,27,174
164,MAD22,OpenCV,random_80_20,train,/nas-ctm01/datasets/public/BIOMETRICS/Face_Morphing/MAD22/original_sorted/OpenCV/018_03-vs-061_03.jpg,018_03-vs-061_03.jpg,018_03-vs-061_03,018_03,061_03,018,061,/nas-ctm01/datasets/public/BIOMETRICS/Face_Morphing/MAD22/original_sorted/BonaFide/018_03.jpg,/nas-ctm01/datasets/public/BIOMETRICS/Face_Morphing/MAD22/original_sorted/BonaFide/061_03.jpg,201,28,74
165,MAD22,OpenCV,random_80_20,train,/nas-ctm01/datasets/public/BIOMETRICS/Face_Morphing/MAD22/original_sorted/OpenCV/018_03-vs-063_03.jpg,018_03-vs-063_03.jpg,018_03-vs-063_03,018_03,063_03,018,063,/nas-ctm01/datasets/public/BIOMETRICS/Face_Morphing/MAD22/original_sorted/BonaFide/018_03.jpg,/nas-ctm01/datasets/public/BIOMETRICS/Face_Morphing/MAD22/original_sorted/BonaFide/063_03.jpg,202,28,78
166,MAD22,OpenCV,random_80_20,train,/nas-ctm01/datasets/public/BIOMETRICS/Face_Morphing/MAD22/original_sorted/OpenCV/018_03-vs-101_03.jpg,018_03-vs-101_03.jpg,018_03-vs-101_03,018_03,101_03,018,101,/nas-ctm01/datasets/public/BIOMETRICS/Face_Morphing/MAD22/original_sorted/BonaFide/018_03.jpg,/nas-ctm01/datasets/public/BIOMETRICS/Face_Morphing/MAD22/original_sorted/BonaFide/101_03.jpg,203,28,113
167,MAD22,OpenCV,random_80_20,train,/nas-ctm01/datasets/public/BIOMETRICS/Face_Morphing/MAD22/original_sorted/OpenCV/018_03-vs-131_03.jpg,018_03-vs-131_03.jpg,018_03-vs-131_03,018_03,131_03,018,131,/nas-ctm01/datasets/public/BIOMETRICS/Face_Morphing/MAD22/original_sorted/BonaFide/018_03.jpg,/nas-ctm01/datasets/public/BIOMETRICS/Face_Morphing/MAD22/original_sorted/BonaFide/131_03.jpg,204,28,158
168,MAD22,OpenCV,random_80_20,train,/nas-ctm01/datasets/public/BIOMETRICS/Face_Morphing/MAD22/original_sorted/OpenCV/018_03-vs-138_03.jpg,018_03-vs-138_03.jpg,018_03-vs-138_03,018_03,138_03,018,138,/nas-ctm01/datasets/public/BIOMETRICS/Face_Morphing/MAD22/original_sorted/BonaFide/018_03.jpg,/nas-ctm01/datasets/public/BIOMETRICS/Face_Morphing/MAD22/original_sorted/BonaFide/138_03.jpg,205,28,169
169,MAD22,OpenCV,random_80_20,train,/nas-ctm01/datasets/public/BIOMETRICS/Face_Morphing/MAD22/original_sorted/OpenCV/018_08-vs-045_08.jpg,018_08-vs-045_08.jpg,018_08-vs-045_08,018_08,045_08,018,045,/nas-ctm01/datasets/public/BIOMETRICS/Face_Morphing/MAD22/original_sorted/BonaFide/018_08.jpg,/nas-ctm01/datasets/public/BIOMETRICS/Face_Morphing/MAD22/original_sorted/BonaFide/045_08.jpg,206,29,73
170,MAD22,OpenCV,random_80_20,train,/nas-ctm01/datasets/public/BIOMETRICS/Face_Morphing/MAD22/original_sorted/OpenCV/018_08-vs-061_08.jpg,018_08-vs-061_08.jpg,018_08-vs-061_08,018_08,061_08,018,061,/nas-ctm01/datasets/public/BIOMETRICS/Face_Morphing/MAD22/original_sorted/BonaFide/018_08.jpg,/nas-ctm01/datasets/public/BIOMETRICS/Face_Morphing/MAD22/original_sorted/BonaFide/061_08.jpg,207,29,75
171,MAD22,OpenCV,random_80_20,train,/nas-ctm01/datasets/public/BIOMETRICS/Face_Morphing/MAD22/original_sorted/OpenCV/018_08-vs-069_08.jpg,018_08-vs-069_08.jpg,018_08-vs-069_08,018_08,069_08,018,069,/nas-ctm01/datasets/public/BIOMETRICS/Face_Morphing/MAD22/original_sorted/BonaFide/018_08.jpg,/nas-ctm01/datasets/public/BIOMETRICS/Face_Morphing/MAD22/original_sorted/BonaFide/069_08.jpg,208,29,89
172,MAD22,OpenCV,random_80_20,train,/nas-ctm01/datasets/public/BIOMETRICS/Face_Morphing/MAD22/original_sorted/OpenCV/018_08-vs-092_08.jpg,018_08-vs-092_08.jpg,018_08-vs-092_08,018_08,092_08,018,092,/nas-ctm01/datasets/public/BIOMETRICS/Face_Morphing/MAD22/original_sorted/BonaFide/018_08.jpg,/nas-ctm01/datasets/public/BIOMETRICS/Face_Morphing/MAD22/original_sorted/BonaFide/092_08.jpg,209,29,103
173,MAD22,OpenCV,random_80_20,train,/nas-ctm01/datasets/public/BIOMETRICS/Face_Morphing/MAD22/original_sorted/OpenCV/018_08-vs-101_08.jpg,018_08-vs-101_08.jpg,018_08-vs-101_08,018_08,101_08,018,101,/nas-ctm01/datasets/public/BIOMETRICS/Face_Morphing/MAD22/original_sorted/BonaFide/018_08.jpg,/nas-ctm01/datasets/public/BIOMETRICS/Face_Morphing/MAD22/original_sorted/BonaFide/101_08.jpg,210,29,114
174,MAD22,OpenCV,random_80_20,train,/nas-ctm01/datasets/public/BIOMETRICS/Face_Morphing/MAD22/original_sorted/OpenCV/018_08-vs-119_08.jpg,018_08-vs-119_08.jpg,018_08-vs-119_08,018_08,119_08,018,119,/nas-ctm01/datasets/public/BIOMETRICS/Face_Morphing/MAD22/original_sorted/BonaFide/018_08.jpg,/nas-ctm01/datasets/public/BIOMETRICS/Face_Morphing/MAD22/original_sorted/BonaFide/119_08.jpg,211,29,136
175,MAD22,OpenCV,random_80_20,train,/nas-ctm01/datasets/public/BIOMETRICS/Face_Morphing/MAD22/original_sorted/OpenCV/018_08-vs-132_08.jpg,018_08-vs-132_08.jpg,018_08-vs-132_08,018_08,132_08,018,132,/nas-ctm01/datasets/public/BIOMETRICS/Face_Morphing/MAD22/original_sorted/BonaFide/018_08.jpg,/nas-ctm01/datasets/public/BIOMETRICS/Face_Morphing/MAD22/original_sorted/BonaFide/132_08.jpg,213,29,161
176,MAD22,OpenCV,random_80_20,train,/nas-ctm01/datasets/public/BIOMETRICS/Face_Morphing/MAD22/original_sorted/OpenCV/018_08-vs-140_08.jpg,018_08-vs-140_08.jpg,018_08-vs-140_08,018_08,140_08,018,140,/nas-ctm01/datasets/public/BIOMETRICS/Face_Morphing/MAD22/original_sorted/BonaFide/018_08.jpg,/nas-ctm01/datasets/public/BIOMETRICS/Face_Morphing/MAD22/original_sorted/BonaFide/140_08.jpg,214,29,172
177,MAD22,OpenCV,random_80_20,train,/nas-ctm01/datasets/public/BIOMETRICS/Face_Morphing/MAD22/original_sorted/OpenCV/018_08-vs-172_08.jpg,018_08-vs-172_08.jpg,018_08-vs-172_08,018_08,172_08,018,172,/nas-ctm01/datasets/public/BIOMETRICS/Face_Morphing/MAD22/original_sorted/BonaFide/018_08.jpg,/nas-ctm01/datasets/public/BIOMETRICS/Face_Morphing/MAD22/original_sorted/BonaFide/172_08.jpg,215,29,182
178,MAD22,OpenCV,random_80_20,train,/nas-ctm01/datasets/public/BIOMETRICS/Face_Morphing/MAD22/original_sorted/OpenCV/019_03-vs-027_03.jpg,019_03-vs-027_03.jpg,019_03-vs-027_03,019_03,027_03,019,027,/nas-ctm01/datasets/public/BIOMETRICS/Face_Morphing/MAD22/original_sorted/BonaFide/019_03.jpg,/nas-ctm01/datasets/public/BIOMETRICS/Face_Morphing/MAD22/original_sorted/BonaFide/027_03.jpg,216,30,44
179,MAD22,OpenCV,random_80_20,train,/nas-ctm01/datasets/public/BIOMETRICS/Face_Morphing/MAD22/original_sorted/OpenCV/019_03-vs-083_03.jpg,019_03-vs-083_03.jpg,019_03-vs-083_03,019_03,083_03,019,083,/nas-ctm01/datasets/public/BIOMETRICS/Face_Morphing/MAD22/original_sorted/BonaFide/019_03.jpg,/nas-ctm01/datasets/public/BIOMETRICS/Face_Morphing/MAD22/original_sorted/BonaFide/083_03.jpg,217,30,94
180,MAD22,OpenCV,random_80_20,train,/nas-ctm01/datasets/public/BIOMETRICS/Face_Morphing/MAD22/original_sorted/OpenCV/019_03-vs-097_03.jpg,019_03-vs-097_03.jpg,019_03-vs-097_03,019_03,097_03,019,097,/nas-ctm01/datasets/public/BIOMETRICS/Face_Morphing/MAD22/original_sorted/BonaFide/019_03.jpg,/nas-ctm01/datasets/public/BIOMETRICS/Face_Morphing/MAD22/original_sorted/BonaFide/097_03.jpg,218,30,108
181,MAD22,OpenCV,random_80_20,train,/nas-ctm01/datasets/public/BIOMETRICS/Face_Morphing/MAD22/original_sorted/OpenCV/019_03-vs-100_03.jpg,019_03-vs-100_03.jpg,019_03-vs-100_03,019_03,100_03,019,100,/nas-ctm01/datasets/public/BIOMETRICS/Face_Morphing/MAD22/original_sorted/BonaFide/019_03.jpg,/nas-ctm01/datasets/public/BIOMETRICS/Face_Morphing/MAD22/original_sorted/BonaFide/100_03.jpg,219,30,112
182,MAD22,OpenCV,random_80_20,train,/nas-ctm01/datasets/public/BIOMETRICS/Face_Morphing/MAD22/original_sorted/OpenCV/019_03-vs-122_03.jpg,019_03-vs-122_03.jpg,019_03-vs-122_03,019_03,122_03,019,122,/nas-ctm01/datasets/public/BIOMETRICS/Face_Morphing/MAD22/original_sorted/BonaFide/019_03.jpg,/nas-ctm01/datasets/public/BIOMETRICS/Face_Morphing/MAD22/original_sorted/BonaFide/122_03.jpg,220,30,141
183,MAD22,OpenCV,random_80_20,train,/nas-ctm01/datasets/public/BIOMETRICS/Face_Morphing/MAD22/original_sorted/OpenCV/019_08-vs-027_08.jpg,019_08-vs-027_08.jpg,019_08-vs-027_08,019_08,027_08,019,027,/nas-ctm01/datasets/public/BIOMETRICS/Face_Morphing/MAD22/original_sorted/BonaFide/019_08.jpg,/nas-ctm01/datasets/public/BIOMETRICS/Face_Morphing/MAD22/original_sorted/BonaFide/027_08.jpg,222,31,45
184,MAD22,OpenCV,random_80_20,train,/nas-ctm01/datasets/public/BIOMETRICS/Face_Morphing/MAD22/original_sorted/OpenCV/019_08-vs-039_08.jpg,019_08-vs-039_08.jpg,019_08-vs-039_08,019_08,039_08,019,039,/nas-ctm01/datasets/public/BIOMETRICS/Face_Morphing/MAD22/original_sorted/BonaFide/019_08.jpg,/nas-ctm01/datasets/public/BIOMETRICS/Face_Morphing/MAD22/original_sorted/BonaFide/039_08.jpg,223,31,64
185,MAD22,OpenCV,random_80_20,train,/nas-ctm01/datasets/public/BIOMETRICS/Face_Morphing/MAD22/original_sorted/OpenCV/019_08-vs-083_08.jpg,019_08-vs-083_08.jpg,019_08-vs-083_08,019_08,083_08,019,083,/nas-ctm01/datasets/public/BIOMETRICS/Face_Morphing/MAD22/original_sorted/BonaFide/019_08.jpg,/nas-ctm01/datasets/public/BIOMETRICS/Face_Morphing/MAD22/original_sorted/BonaFide/083_08.jpg,224,31,95
186,MAD22,OpenCV,random_80_20,train,/nas-ctm01/datasets/public/BIOMETRICS/Face_Morphing/MAD22/original_sorted/OpenCV/019_08-vs-097_08.jpg,019_08-vs-097_08.jpg,019_08-vs-097_08,019_08,097_08,019,097,/nas-ctm01/datasets/public/BIOMETRICS/Face_Morphing/MAD22/original_sorted/BonaFide/019_08.jpg,/nas-ctm01/datasets/public/BIOMETRICS/Face_Morphing/MAD22/original_sorted/BonaFide/097_08.jpg,225,31,109
187,MAD22,OpenCV,random_80_20,train,/nas-ctm01/datasets/public/BIOMETRICS/Face_Morphing/MAD22/original_sorted/OpenCV/019_08-vs-102_08.jpg,019_08-vs-102_08.jpg,019_08-vs-102_08,019_08,102_08,019,102,/nas-ctm01/datasets/public/BIOMETRICS/Face_Morphing/MAD22/original_sorted/BonaFide/019_08.jpg,/nas-ctm01/datasets/public/BIOMETRICS/Face_Morphing/MAD22/original_sorted/BonaFide/102_08.jpg,226,31,116
188,MAD22,OpenCV,random_80_20,train,/nas-ctm01/datasets/public/BIOMETRICS/Face_Morphing/MAD22/original_sorted/OpenCV/019_08-vs-135_08.jpg,019_08-vs-135_08.jpg,019_08-vs-135_08,019_08,135_08,019,135,/nas-ctm01/datasets/public/BIOMETRICS/Face_Morphing/MAD22/original_sorted/BonaFide/019_08.jpg,/nas-ctm01/datasets/public/BIOMETRICS/Face_Morphing/MAD22/original_sorted/BonaFide/135_08.jpg,228,31,165
189,MAD22,OpenCV,random_80_20,train,/nas-ctm01/datasets/public/BIOMETRICS/Face_Morphing/MAD22/original_sorted/OpenCV/019_08-vs-139_08.jpg,019_08-vs-139_08.jpg,019_08-vs-139_08,019_08,139_08,019,139,/nas-ctm01/datasets/public/BIOMETRICS/Face_Morphing/MAD22/original_sorted/BonaFide/019_08.jpg,/nas-ctm01/datasets/public/BIOMETRICS/Face_Morphing/MAD22/original_sorted/BonaFide/139_08.jpg,229,31,171
190,MAD22,OpenCV,random_80_20,train,/nas-ctm01/datasets/public/BIOMETRICS/Face_Morphing/MAD22/original_sorted/OpenCV/019_08-vs-144_08.jpg,019_08-vs-144_08.jpg,019_08-vs-144_08,019_08,144_08,019,144,/nas-ctm01/datasets/public/BIOMETRICS/Face_Morphing/MAD22/original_sorted/BonaFide/019_08.jpg,/nas-ctm01/datasets/public/BIOMETRICS/Face_Morphing/MAD22/original_sorted/BonaFide/144_08.jpg,230,31,180
191,MAD22,OpenCV,random_80_20,train,/nas-ctm01/datasets/public/BIOMETRICS/Face_Morphing/MAD22/original_sorted/OpenCV/020_03-vs-062_03.jpg,020_03-vs-062_03.jpg,020_03-vs-062_03,020_03,062_03,020,062,/nas-ctm01/datasets/public/BIOMETRICS/Face_Morphing/MAD22/original_sorted/BonaFide/020_03.jpg,/nas-ctm01/datasets/public/BIOMETRICS/Face_Morphing/MAD22/original_sorted/BonaFide/062_03.jpg,231,32,76
192,MAD22,OpenCV,random_80_20,train,/nas-ctm01/datasets/public/BIOMETRICS/Face_Morphing/MAD22/original_sorted/OpenCV/020_03-vs-064_03.jpg,020_03-vs-064_03.jpg,020_03-vs-064_03,020_03,064_03,020,064,/nas-ctm01/datasets/public/BIOMETRICS/Face_Morphing/MAD22/original_sorted/BonaFide/020_03.jpg,/nas-ctm01/datasets/public/BIOMETRICS/Face_Morphing/MAD22/original_sorted/BonaFide/064_03.jpg,232,32,80
193,MAD22,OpenCV,random_80_20,train,/nas-ctm01/datasets/public/BIOMETRICS/Face_Morphing/MAD22/original_sorted/OpenCV/020_08-vs-064_08.jpg,020_08-vs-064_08.jpg,020_08-vs-064_08,020_08,064_08,020,064,/nas-ctm01/datasets/public/BIOMETRICS/Face_Morphing/MAD22/original_sorted/BonaFide/020_08.jpg,/nas-ctm01/datasets/public/BIOMETRICS/Face_Morphing/MAD22/original_sorted/BonaFide/064_08.jpg,233,33,81
194,MAD22,OpenCV,random_80_20,train,/nas-ctm01/datasets/public/BIOMETRICS/Face_Morphing/MAD22/original_sorted/OpenCV/020_08-vs-099_08.jpg,020_08-vs-099_08.jpg,020_08-vs-099_08,020_08,099_08,020,099,/nas-ctm01/datasets/public/BIOMETRICS/Face_Morphing/MAD22/original_sorted/BonaFide/020_08.jpg,/nas-ctm01/datasets/public/BIOMETRICS/Face_Morphing/MAD22/original_sorted/BonaFide/099_08.jpg,234,33,111
195,MAD22,OpenCV,random_80_20,train,/nas-ctm01/datasets/public/BIOMETRICS/Face_Morphing/MAD22/original_sorted/OpenCV/021_03-vs-029_03.jpg,021_03-vs-029_03.jpg,021_03-vs-029_03,021_03,029_03,021,029,/nas-ctm01/datasets/public/BIOMETRICS/Face_Morphing/MAD22/original_sorted/BonaFide/021_03.jpg,/nas-ctm01/datasets/public/BIOMETRICS/Face_Morphing/MAD22/original_sorted/BonaFide/029_03.jpg,235,34,46
196,MAD22,OpenCV,random_80_20,train,/nas-ctm01/datasets/public/BIOMETRICS/Face_Morphing/MAD22/original_sorted/OpenCV/021_03-vs-037_03.jpg,021_03-vs-037_03.jpg,021_03-vs-037_03,021_03,037_03,021,037,/nas-ctm01/datasets/public/BIOMETRICS/Face_Morphing/MAD22/original_sorted/BonaFide/021_03.jpg,/nas-ctm01/datasets/public/BIOMETRICS/Face_Morphing/MAD22/original_sorted/BonaFide/037_03.jpg,236,34,60
197,MAD22,OpenCV,random_80_20,train,/nas-ctm01/datasets/public/BIOMETRICS/Face_Morphing/MAD22/original_sorted/OpenCV/021_03-vs-121_03.jpg,021_03-vs-121_03.jpg,021_03-vs-121_03,021_03,121_03,021,121,/nas-ctm01/datasets/public/BIOMETRICS/Face_Morphing/MAD22/original_sorted/BonaFide/021_03.jpg,/nas-ctm01/datasets/public/BIOMETRICS/Face_Morphing/MAD22/original_sorted/BonaFide/121_03.jpg,237,34,139
198,MAD22,OpenCV,random_80_20,train,/nas-ctm01/datasets/public/BIOMETRICS/Face_Morphing/MAD22/original_sorted/OpenCV/021_03-vs-125_03.jpg,021_03-vs-125_03.jpg,021_03-vs-125_03,021_03,125_03,021,125,/nas-ctm01/datasets/public/BIOMETRICS/Face_Morphing/MAD22/original_sorted/BonaFide/021_03.jpg,/nas-ctm01/datasets/public/BIOMETRICS/Face_Morphing/MAD22/original_sorted/BonaFide/125_03.jpg,238,34,147
199,MAD22,OpenCV,random_80_20,train,/nas-ctm01/datasets/public/BIOMETRICS/Face_Morphing/MAD22/original_sorted/OpenCV/021_03-vs-173_03.jpg,021_03-vs-173_03.jpg,021_03-vs-173_03,021_03,173_03,021,173,/nas-ctm01/datasets/public/BIOMETRICS/Face_Morphing/MAD22/original_sorted/BonaFide/021_03.jpg,/nas-ctm01/datasets/public/BIOMETRICS/Face_Morphing/MAD22/original_sorted/BonaFide/173_03.jpg,239,34,183
200,MAD22,OpenCV,random_80_20,train,/nas-ctm01/datasets/public/BIOMETRICS/Face_Morphing/MAD22/original_sorted/OpenCV/021_08-vs-029_08.jpg,021_08-vs-029_08.jpg,021_08-vs-029_08,021_08,029_08,021,029,/nas-ctm01/datasets/public/BIOMETRICS/Face_Morphing/MAD22/original_sorted/BonaFide/021_08.jpg,/nas-ctm01/datasets/public/BIOMETRICS/Face_Morphing/MAD22/original_sorted/BonaFide/029_08.jpg,240,35,47
201,MAD22,OpenCV,random_80_20,train,/nas-ctm01/datasets/public/BIOMETRICS/Face_Morphing/MAD22/original_sorted/OpenCV/021_08-vs-121_08.jpg,021_08-vs-121_08.jpg,021_08-vs-121_08,021_08,121_08,021,121,/nas-ctm01/datasets/public/BIOMETRICS/Face_Morphing/MAD22/original_sorted/BonaFide/021_08.jpg,/nas-ctm01/datasets/public/BIOMETRICS/Face_Morphing/MAD22/original_sorted/BonaFide/121_08.jpg,241,35,140
202,MAD22,OpenCV,random_80_20,train,/nas-ctm01/datasets/public/BIOMETRICS/Face_Morphing/MAD22/original_sorted/OpenCV/021_08-vs-125_08.jpg,021_08-vs-125_08.jpg,021_08-vs-125_08,021_08,125_08,021,125,/nas-ctm01/datasets/public/BIOMETRICS/Face_Morphing/MAD22/original_sorted/BonaFide/021_08.jpg,/nas-ctm01/datasets/public/BIOMETRICS/Face_Morphing/MAD22/original_sorted/BonaFide/125_08.jpg,242,35,148
203,MAD22,OpenCV,random_80_20,train,/nas-ctm01/datasets/public/BIOMETRICS/Face_Morphing/MAD22/original_sorted/OpenCV/021_08-vs-130_08.jpg,021_08-vs-130_08.jpg,021_08-vs-130_08,021_08,130_08,021,130,/nas-ctm01/datasets/public/BIOMETRICS/Face_Morphing/MAD22/original_sorted/BonaFide/021_08.jpg,/nas-ctm01/datasets/public/BIOMETRICS/Face_Morphing/MAD22/original_sorted/BonaFide/130_08.jpg,243,35,157
204,MAD22,OpenCV,random_80_20,train,/nas-ctm01/datasets/public/BIOMETRICS/Face_Morphing/MAD22/original_sorted/OpenCV/021_08-vs-132_08.jpg,021_08-vs-132_08.jpg,021_08-vs-132_08,021_08,132_08,021,132,/nas-ctm01/datasets/public/BIOMETRICS/Face_Morphing/MAD22/original_sorted/BonaFide/021_08.jpg,/nas-ctm01/datasets/public/BIOMETRICS/Face_Morphing/MAD22/original_sorted/BonaFide/132_08.jpg,244,35,161
205,MAD22,OpenCV,random_80_20,train,/nas-ctm01/datasets/public/BIOMETRICS/Face_Morphing/MAD22/original_sorted/OpenCV/021_08-vs-173_08.jpg,021_08-vs-173_08.jpg,021_08-vs-173_08,021_08,173_08,021,173,/nas-ctm01/datasets/public/BIOMETRICS/Face_Morphing/MAD22/original_sorted/BonaFide/021_08.jpg,/nas-ctm01/datasets/public/BIOMETRICS/Face_Morphing/MAD22/original_sorted/BonaFide/173_08.jpg,245,35,184
206,MAD22,OpenCV,random_80_20,train,/nas-ctm01/datasets/public/BIOMETRICS/Face_Morphing/MAD22/original_sorted/OpenCV/022_03-vs-082_03.jpg,022_03-vs-082_03.jpg,022_03-vs-082_03,022_03,082_03,022,082,/nas-ctm01/datasets/public/BIOMETRICS/Face_Morphing/MAD22/original_sorted/BonaFide/022_03.jpg,/nas-ctm01/datasets/public/BIOMETRICS/Face_Morphing/MAD22/original_sorted/BonaFide/082_03.jpg,246,36,92
207,MAD22,OpenCV,random_80_20,train,/nas-ctm01/datasets/public/BIOMETRICS/Face_Morphing/MAD22/original_sorted/OpenCV/022_03-vs-123_03.jpg,022_03-vs-123_03.jpg,022_03-vs-123_03,022_03,123_03,022,123,/nas-ctm01/datasets/public/BIOMETRICS/Face_Morphing/MAD22/original_sorted/BonaFide/022_03.jpg,/nas-ctm01/datasets/public/BIOMETRICS/Face_Morphing/MAD22/original_sorted/BonaFide/123_03.jpg,247,36,143
208,MAD22,OpenCV,random_80_20,train,/nas-ctm01/datasets/public/BIOMETRICS/Face_Morphing/MAD22/original_sorted/OpenCV/022_03-vs-172_03.jpg,022_03-vs-172_03.jpg,022_03-vs-172_03,022_03,172_03,022,172,/nas-ctm01/datasets/public/BIOMETRICS/Face_Morphing/MAD22/original_sorted/BonaFide/022_03.jpg,/nas-ctm01/datasets/public/BIOMETRICS/Face_Morphing/MAD22/original_sorted/BonaFide/172_03.jpg,248,36,181
209,MAD22,OpenCV,random_80_20,train,/nas-ctm01/datasets/public/BIOMETRICS/Face_Morphing/MAD22/original_sorted/OpenCV/022_03-vs-173_03.jpg,022_03-vs-173_03.jpg,022_03-vs-173_03,022_03,173_03,022,173,/nas-ctm01/datasets/public/BIOMETRICS/Face_Morphing/MAD22/original_sorted/BonaFide/022_03.jpg,/nas-ctm01/datasets/public/BIOMETRICS/Face_Morphing/MAD22/original_sorted/BonaFide/173_03.jpg,249,36,183
210,MAD22,OpenCV,random_80_20,train,/nas-ctm01/datasets/public/BIOMETRICS/Face_Morphing/MAD22/original_sorted/OpenCV/022_08-vs-031_08.jpg,022_08-vs-031_08.jpg,022_08-vs-031_08,022_08,031_08,022,031,/nas-ctm01/datasets/public/BIOMETRICS/Face_Morphing/MAD22/original_sorted/BonaFide/022_08.jpg,/nas-ctm01/datasets/public/BIOMETRICS/Face_Morphing/MAD22/original_sorted/BonaFide/031_08.jpg,250,37,51
211,MAD22,OpenCV,random_80_20,train,/nas-ctm01/datasets/public/BIOMETRICS/Face_Morphing/MAD22/original_sorted/OpenCV/022_08-vs-042_08.jpg,022_08-vs-042_08.jpg,022_08-vs-042_08,022_08,042_08,022,042,/nas-ctm01/datasets/public/BIOMETRICS/Face_Morphing/MAD22/original_sorted/BonaFide/022_08.jpg,/nas-ctm01/datasets/public/BIOMETRICS/Face_Morphing/MAD22/original_sorted/BonaFide/042_08.jpg,251,37,68
212,MAD22,OpenCV,random_80_20,train,/nas-ctm01/datasets/public/BIOMETRICS/Face_Morphing/MAD22/original_sorted/OpenCV/022_08-vs-082_08.jpg,022_08-vs-082_08.jpg,022_08-vs-082_08,022_08,082_08,022,082,/nas-ctm01/datasets/public/BIOMETRICS/Face_Morphing/MAD22/original_sorted/BonaFide/022_08.jpg,/nas-ctm01/datasets/public/BIOMETRICS/Face_Morphing/MAD22/original_sorted/BonaFide/082_08.jpg,252,37,93
213,MAD22,OpenCV,random_80_20,train,/nas-ctm01/datasets/public/BIOMETRICS/Face_Morphing/MAD22/original_sorted/OpenCV/022_08-vs-173_08.jpg,022_08-vs-173_08.jpg,022_08-vs-173_08,022_08,173_08,022,173,/nas-ctm01/datasets/public/BIOMETRICS/Face_Morphing/MAD22/original_sorted/BonaFide/022_08.jpg,/nas-ctm01/datasets/public/BIOMETRICS/Face_Morphing/MAD22/original_sorted/BonaFide/173_08.jpg,253,37,184
214,MAD22,OpenCV,random_80_20,train,/nas-ctm01/datasets/public/BIOMETRICS/Face_Morphing/MAD22/original_sorted/OpenCV/024_03-vs-031_03.jpg,024_03-vs-031_03.jpg,024_03-vs-031_03,024_03,031_03,024,031,/nas-ctm01/datasets/public/BIOMETRICS/Face_Morphing/MAD22/original_sorted/BonaFide/024_03.jpg,/nas-ctm01/datasets/public/BIOMETRICS/Face_Morphing/MAD22/original_sorted/BonaFide/031_03.jpg,254,38,50
215,MAD22,OpenCV,random_80_20,train,/nas-ctm01/datasets/public/BIOMETRICS/Face_Morphing/MAD22/original_sorted/OpenCV/024_03-vs-036_03.jpg,024_03-vs-036_03.jpg,024_03-vs-036_03,024_03,036_03,024,036,/nas-ctm01/datasets/public/BIOMETRICS/Face_Morphing/MAD22/original_sorted/BonaFide/024_03.jpg,/nas-ctm01/datasets/public/BIOMETRICS/Face_Morphing/MAD22/original_sorted/BonaFide/036_03.jpg,255,38,58
216,MAD22,OpenCV,random_80_20,train,/nas-ctm01/datasets/public/BIOMETRICS/Face_Morphing/MAD22/original_sorted/OpenCV/024_03-vs-042_03.jpg,024_03-vs-042_03.jpg,024_03-vs-042_03,024_03,042_03,024,042,/nas-ctm01/datasets/public/BIOMETRICS/Face_Morphing/MAD22/original_sorted/BonaFide/024_03.jpg,/nas-ctm01/datasets/public/BIOMETRICS/Face_Morphing/MAD22/original_sorted/BonaFide/042_03.jpg,256,38,67
217,MAD22,OpenCV,random_80_20,train,/nas-ctm01/datasets/public/BIOMETRICS/Face_Morphing/MAD22/original_sorted/OpenCV/024_03-vs-092_03.jpg,024_03-vs-092_03.jpg,024_03-vs-092_03,024_03,092_03,024,092,/nas-ctm01/datasets/public/BIOMETRICS/Face_Morphing/MAD22/original_sorted/BonaFide/024_03.jpg,/nas-ctm01/datasets/public/BIOMETRICS/Face_Morphing/MAD22/original_sorted/BonaFide/092_03.jpg,257,38,102
218,MAD22,OpenCV,random_80_20,train,/nas-ctm01/datasets/public/BIOMETRICS/Face_Morphing/MAD22/original_sorted/OpenCV/024_03-vs-125_03.jpg,024_03-vs-125_03.jpg,024_03-vs-125_03,024_03,125_03,024,125,/nas-ctm01/datasets/public/BIOMETRICS/Face_Morphing/MAD22/original_sorted/BonaFide/024_03.jpg,/nas-ctm01/datasets/public/BIOMETRICS/Face_Morphing/MAD22/original_sorted/BonaFide/125_03.jpg,258,38,147
219,MAD22,OpenCV,random_80_20,train,/nas-ctm01/datasets/public/BIOMETRICS/Face_Morphing/MAD22/original_sorted/OpenCV/024_03-vs-131_03.jpg,024_03-vs-131_03.jpg,024_03-vs-131_03,024_03,131_03,024,131,/nas-ctm01/datasets/public/BIOMETRICS/Face_Morphing/MAD22/original_sorted/BonaFide/024_03.jpg,/nas-ctm01/datasets/public/BIOMETRICS/Face_Morphing/MAD22/original_sorted/BonaFide/131_03.jpg,259,38,158
220,MAD22,OpenCV,random_80_20,train,/nas-ctm01/datasets/public/BIOMETRICS/Face_Morphing/MAD22/original_sorted/OpenCV/024_03-vs-137_03.jpg,024_03-vs-137_03.jpg,024_03-vs-137_03,024_03,137_03,024,137,/nas-ctm01/datasets/public/BIOMETRICS/Face_Morphing/MAD22/original_sorted/BonaFide/024_03.jpg,/nas-ctm01/datasets/public/BIOMETRICS/Face_Morphing/MAD22/original_sorted/BonaFide/137_03.jpg,260,38,168
221,MAD22,OpenCV,random_80_20,train,/nas-ctm01/datasets/public/BIOMETRICS/Face_Morphing/MAD22/original_sorted/OpenCV/024_03-vs-138_03.jpg,024_03-vs-138_03.jpg,024_03-vs-138_03,024_03,138_03,024,138,/nas-ctm01/datasets/public/BIOMETRICS/Face_Morphing/MAD22/original_sorted/BonaFide/024_03.jpg,/nas-ctm01/datasets/public/BIOMETRICS/Face_Morphing/MAD22/original_sorted/BonaFide/138_03.jpg,261,38,169
222,MAD22,OpenCV,random_80_20,train,/nas-ctm01/datasets/public/BIOMETRICS/Face_Morphing/MAD22/original_sorted/OpenCV/024_03-vs-141_03.jpg,024_03-vs-141_03.jpg,024_03-vs-141_03,024_03,141_03,024,141,/nas-ctm01/datasets/public/BIOMETRICS/Face_Morphing/MAD22/original_sorted/BonaFide/024_03.jpg,/nas-ctm01/datasets/public/BIOMETRICS/Face_Morphing/MAD22/original_sorted/BonaFide/141_03.jpg,262,38,173
223,MAD22,OpenCV,random_80_20,train,/nas-ctm01/datasets/public/BIOMETRICS/Face_Morphing/MAD22/original_sorted/OpenCV/024_03-vs-173_03.jpg,024_03-vs-173_03.jpg,024_03-vs-173_03,024_03,173_03,024,173,/nas-ctm01/datasets/public/BIOMETRICS/Face_Morphing/MAD22/original_sorted/BonaFide/024_03.jpg,/nas-ctm01/datasets/public/BIOMETRICS/Face_Morphing/MAD22/original_sorted/BonaFide/173_03.jpg,263,38,183
224,MAD22,OpenCV,random_80_20,train,/nas-ctm01/datasets/public/BIOMETRICS/Face_Morphing/MAD22/original_sorted/OpenCV/024_08-vs-036_08.jpg,024_08-vs-036_08.jpg,024_08-vs-036_08,024_08,036_08,024,036,/nas-ctm01/datasets/public/BIOMETRICS/Face_Morphing/MAD22/original_sorted/BonaFide/024_08.jpg,/nas-ctm01/datasets/public/BIOMETRICS/Face_Morphing/MAD22/original_sorted/BonaFide/036_08.jpg,264,39,59
225,MAD22,OpenCV,random_80_20,train,/nas-ctm01/datasets/public/BIOMETRICS/Face_Morphing/MAD22/original_sorted/OpenCV/024_08-vs-061_08.jpg,024_08-vs-061_08.jpg,024_08-vs-061_08,024_08,061_08,024,061,/nas-ctm01/datasets/public/BIOMETRICS/Face_Morphing/MAD22/original_sorted/BonaFide/024_08.jpg,/nas-ctm01/datasets/public/BIOMETRICS/Face_Morphing/MAD22/original_sorted/BonaFide/061_08.jpg,265,39,75
226,MAD22,OpenCV,random_80_20,train,/nas-ctm01/datasets/public/BIOMETRICS/Face_Morphing/MAD22/original_sorted/OpenCV/024_08-vs-121_08.jpg,024_08-vs-121_08.jpg,024_08-vs-121_08,024_08,121_08,024,121,/nas-ctm01/datasets/public/BIOMETRICS/Face_Morphing/MAD22/original_sorted/BonaFide/024_08.jpg,/nas-ctm01/datasets/public/BIOMETRICS/Face_Morphing/MAD22/original_sorted/BonaFide/121_08.jpg,268,39,140
227,MAD22,OpenCV,random_80_20,train,/nas-ctm01/datasets/public/BIOMETRICS/Face_Morphing/MAD22/original_sorted/OpenCV/024_08-vs-125_08.jpg,024_08-vs-125_08.jpg,024_08-vs-125_08,024_08,125_08,024,125,/nas-ctm01/datasets/public/BIOMETRICS/Face_Morphing/MAD22/original_sorted/BonaFide/024_08.jpg,/nas-ctm01/datasets/public/BIOMETRICS/Face_Morphing/MAD22/original_sorted/BonaFide/125_08.jpg,269,39,148
228,MAD22,OpenCV,random_80_20,train,/nas-ctm01/datasets/public/BIOMETRICS/Face_Morphing/MAD22/original_sorted/OpenCV/024_08-vs-131_08.jpg,024_08-vs-131_08.jpg,024_08-vs-131_08,024_08,131_08,024,131,/nas-ctm01/datasets/public/BIOMETRICS/Face_Morphing/MAD22/original_sorted/BonaFide/024_08.jpg,/nas-ctm01/datasets/public/BIOMETRICS/Face_Morphing/MAD22/original_sorted/BonaFide/131_08.jpg,270,39,159
229,MAD22,OpenCV,random_80_20,train,/nas-ctm01/datasets/public/BIOMETRICS/Face_Morphing/MAD22/original_sorted/OpenCV/024_08-vs-141_08.jpg,024_08-vs-141_08.jpg,024_08-vs-141_08,024_08,141_08,024,141,/nas-ctm01/datasets/public/BIOMETRICS/Face_Morphing/MAD22/original_sorted/BonaFide/024_08.jpg,/nas-ctm01/datasets/public/BIOMETRICS/Face_Morphing/MAD22/original_sorted/BonaFide/141_08.jpg,271,39,174
230,MAD22,OpenCV,random_80_20,train,/nas-ctm01/datasets/public/BIOMETRICS/Face_Morphing/MAD22/original_sorted/OpenCV/025_03-vs-038_03.jpg,025_03-vs-038_03.jpg,025_03-vs-038_03,025_03,038_03,025,038,/nas-ctm01/datasets/public/BIOMETRICS/Face_Morphing/MAD22/original_sorted/BonaFide/025_03.jpg,/nas-ctm01/datasets/public/BIOMETRICS/Face_Morphing/MAD22/original_sorted/BonaFide/038_03.jpg,273,40,61
231,MAD22,OpenCV,random_80_20,train,/nas-ctm01/datasets/public/BIOMETRICS/Face_Morphing/MAD22/original_sorted/OpenCV/025_03-vs-062_03.jpg,025_03-vs-062_03.jpg,025_03-vs-062_03,025_03,062_03,025,062,/nas-ctm01/datasets/public/BIOMETRICS/Face_Morphing/MAD22/original_sorted/BonaFide/025_03.jpg,/nas-ctm01/datasets/public/BIOMETRICS/Face_Morphing/MAD22/original_sorted/BonaFide/062_03.jpg,274,40,76
232,MAD22,OpenCV,random_80_20,train,/nas-ctm01/datasets/public/BIOMETRICS/Face_Morphing/MAD22/original_sorted/OpenCV/025_03-vs-136_03.jpg,025_03-vs-136_03.jpg,025_03-vs-136_03,025_03,136_03,025,136,/nas-ctm01/datasets/public/BIOMETRICS/Face_Morphing/MAD22/original_sorted/BonaFide/025_03.jpg,/nas-ctm01/datasets/public/BIOMETRICS/Face_Morphing/MAD22/original_sorted/BonaFide/136_03.jpg,276,40,166
233,MAD22,OpenCV,random_80_20,train,/nas-ctm01/datasets/public/BIOMETRICS/Face_Morphing/MAD22/original_sorted/OpenCV/025_08-vs-091_08.jpg,025_08-vs-091_08.jpg,025_08-vs-091_08,025_08,091_08,025,091,/nas-ctm01/datasets/public/BIOMETRICS/Face_Morphing/MAD22/original_sorted/BonaFide/025_08.jpg,/nas-ctm01/datasets/public/BIOMETRICS/Face_Morphing/MAD22/original_sorted/BonaFide/091_08.jpg,278,41,101
234,MAD22,OpenCV,random_80_20,train,/nas-ctm01/datasets/public/BIOMETRICS/Face_Morphing/MAD22/original_sorted/OpenCV/025_08-vs-134_08.jpg,025_08-vs-134_08.jpg,025_08-vs-134_08,025_08,134_08,025,134,/nas-ctm01/datasets/public/BIOMETRICS/Face_Morphing/MAD22/original_sorted/BonaFide/025_08.jpg,/nas-ctm01/datasets/public/BIOMETRICS/Face_Morphing/MAD22/original_sorted/BonaFide/134_08.jpg,280,41,163
235,MAD22,OpenCV,random_80_20,train,/nas-ctm01/datasets/public/BIOMETRICS/Face_Morphing/MAD22/original_sorted/OpenCV/025_08-vs-136_08.jpg,025_08-vs-136_08.jpg,025_08-vs-136_08,025_08,136_08,025,136,/nas-ctm01/datasets/public/BIOMETRICS/Face_Morphing/MAD22/original_sorted/BonaFide/025_08.jpg,/nas-ctm01/datasets/public/BIOMETRICS/Face_Morphing/MAD22/original_sorted/BonaFide/136_08.jpg,281,41,167
236,MAD22,OpenCV,random_80_20,train,/nas-ctm01/datasets/public/BIOMETRICS/Face_Morphing/MAD22/original_sorted/OpenCV/026_03-vs-123_03.jpg,026_03-vs-123_03.jpg,026_03-vs-123_03,026_03,123_03,026,123,/nas-ctm01/datasets/public/BIOMETRICS/Face_Morphing/MAD22/original_sorted/BonaFide/026_03.jpg,/nas-ctm01/datasets/public/BIOMETRICS/Face_Morphing/MAD22/original_sorted/BonaFide/123_03.jpg,282,42,143
237,MAD22,OpenCV,random_80_20,train,/nas-ctm01/datasets/public/BIOMETRICS/Face_Morphing/MAD22/original_sorted/OpenCV/026_03-vs-130_03.jpg,026_03-vs-130_03.jpg,026_03-vs-130_03,026_03,130_03,026,130,/nas-ctm01/datasets/public/BIOMETRICS/Face_Morphing/MAD22/original_sorted/BonaFide/026_03.jpg,/nas-ctm01/datasets/public/BIOMETRICS/Face_Morphing/MAD22/original_sorted/BonaFide/130_03.jpg,283,42,156
238,MAD22,OpenCV,random_80_20,train,/nas-ctm01/datasets/public/BIOMETRICS/Face_Morphing/MAD22/original_sorted/OpenCV/026_03-vs-143_03.jpg,026_03-vs-143_03.jpg,026_03-vs-143_03,026_03,143_03,026,143,/nas-ctm01/datasets/public/BIOMETRICS/Face_Morphing/MAD22/original_sorted/BonaFide/026_03.jpg,/nas-ctm01/datasets/public/BIOMETRICS/Face_Morphing/MAD22/original_sorted/BonaFide/143_03.jpg,284,42,177
239,MAD22,OpenCV,random_80_20,train,/nas-ctm01/datasets/public/BIOMETRICS/Face_Morphing/MAD22/original_sorted/OpenCV/026_08-vs-045_08.jpg,026_08-vs-045_08.jpg,026_08-vs-045_08,026_08,045_08,026,045,/nas-ctm01/datasets/public/BIOMETRICS/Face_Morphing/MAD22/original_sorted/BonaFide/026_08.jpg,/nas-ctm01/datasets/public/BIOMETRICS/Face_Morphing/MAD22/original_sorted/BonaFide/045_08.jpg,285,43,73
240,MAD22,OpenCV,random_80_20,train,/nas-ctm01/datasets/public/BIOMETRICS/Face_Morphing/MAD22/original_sorted/OpenCV/026_08-vs-132_08.jpg,026_08-vs-132_08.jpg,026_08-vs-132_08,026_08,132_08,026,132,/nas-ctm01/datasets/public/BIOMETRICS/Face_Morphing/MAD22/original_sorted/BonaFide/026_08.jpg,/nas-ctm01/datasets/public/BIOMETRICS/Face_Morphing/MAD22/original_sorted/BonaFide/132_08.jpg,288,43,161
241,MAD22,OpenCV,random_80_20,train,/nas-ctm01/datasets/public/BIOMETRICS/Face_Morphing/MAD22/original_sorted/OpenCV/027_03-vs-083_03.jpg,027_03-vs-083_03.jpg,027_03-vs-083_03,027_03,083_03,027,083,/nas-ctm01/datasets/public/BIOMETRICS/Face_Morphing/MAD22/original_sorted/BonaFide/027_03.jpg,/nas-ctm01/datasets/public/BIOMETRICS/Face_Morphing/MAD22/original_sorted/BonaFide/083_03.jpg,289,44,94
242,MAD22,OpenCV,random_80_20,train,/nas-ctm01/datasets/public/BIOMETRICS/Face_Morphing/MAD22/original_sorted/OpenCV/027_03-vs-094_03.jpg,027_03-vs-094_03.jpg,027_03-vs-094_03,027_03,094_03,027,094,/nas-ctm01/datasets/public/BIOMETRICS/Face_Morphing/MAD22/original_sorted/BonaFide/027_03.jpg,/nas-ctm01/datasets/public/BIOMETRICS/Face_Morphing/MAD22/original_sorted/BonaFide/094_03.jpg,291,44,104
243,MAD22,OpenCV,random_80_20,train,/nas-ctm01/datasets/public/BIOMETRICS/Face_Morphing/MAD22/original_sorted/OpenCV/027_03-vs-100_03.jpg,027_03-vs-100_03.jpg,027_03-vs-100_03,027_03,100_03,027,100,/nas-ctm01/datasets/public/BIOMETRICS/Face_Morphing/MAD22/original_sorted/BonaFide/027_03.jpg,/nas-ctm01/datasets/public/BIOMETRICS/Face_Morphing/MAD22/original_sorted/BonaFide/100_03.jpg,292,44,112
244,MAD22,OpenCV,random_80_20,train,/nas-ctm01/datasets/public/BIOMETRICS/Face_Morphing/MAD22/original_sorted/OpenCV/027_03-vs-102_03.jpg,027_03-vs-102_03.jpg,027_03-vs-102_03,027_03,102_03,027,102,/nas-ctm01/datasets/public/BIOMETRICS/Face_Morphing/MAD22/original_sorted/BonaFide/027_03.jpg,/nas-ctm01/datasets/public/BIOMETRICS/Face_Morphing/MAD22/original_sorted/BonaFide/102_03.jpg,293,44,115
245,MAD22,OpenCV,random_80_20,train,/nas-ctm01/datasets/public/BIOMETRICS/Face_Morphing/MAD22/original_sorted/OpenCV/027_03-vs-118_03.jpg,027_03-vs-118_03.jpg,027_03-vs-118_03,027_03,118_03,027,118,/nas-ctm01/datasets/public/BIOMETRICS/Face_Morphing/MAD22/original_sorted/BonaFide/027_03.jpg,/nas-ctm01/datasets/public/BIOMETRICS/Face_Morphing/MAD22/original_sorted/BonaFide/118_03.jpg,294,44,133
246,MAD22,OpenCV,random_80_20,train,/nas-ctm01/datasets/public/BIOMETRICS/Face_Morphing/MAD22/original_sorted/OpenCV/027_03-vs-139_03.jpg,027_03-vs-139_03.jpg,027_03-vs-139_03,027_03,139_03,027,139,/nas-ctm01/datasets/public/BIOMETRICS/Face_Morphing/MAD22/original_sorted/BonaFide/027_03.jpg,/nas-ctm01/datasets/public/BIOMETRICS/Face_Morphing/MAD22/original_sorted/BonaFide/139_03.jpg,295,44,170
247,MAD22,OpenCV,random_80_20,train,/nas-ctm01/datasets/public/BIOMETRICS/Face_Morphing/MAD22/original_sorted/OpenCV/027_08-vs-038_08.jpg,027_08-vs-038_08.jpg,027_08-vs-038_08,027_08,038_08,027,038,/nas-ctm01/datasets/public/BIOMETRICS/Face_Morphing/MAD22/original_sorted/BonaFide/027_08.jpg,/nas-ctm01/datasets/public/BIOMETRICS/Face_Morphing/MAD22/original_sorted/BonaFide/038_08.jpg,297,45,62
248,MAD22,OpenCV,random_80_20,train,/nas-ctm01/datasets/public/BIOMETRICS/Face_Morphing/MAD22/original_sorted/OpenCV/027_08-vs-083_08.jpg,027_08-vs-083_08.jpg,027_08-vs-083_08,027_08,083_08,027,083,/nas-ctm01/datasets/public/BIOMETRICS/Face_Morphing/MAD22/original_sorted/BonaFide/027_08.jpg,/nas-ctm01/datasets/public/BIOMETRICS/Face_Morphing/MAD22/original_sorted/BonaFide/083_08.jpg,298,45,95
249,MAD22,OpenCV,random_80_20,train,/nas-ctm01/datasets/public/BIOMETRICS/Face_Morphing/MAD22/original_sorted/OpenCV/027_08-vs-090_08.jpg,027_08-vs-090_08.jpg,027_08-vs-090_08,027_08,090_08,027,090,/nas-ctm01/datasets/public/BIOMETRICS/Face_Morphing/MAD22/original_sorted/BonaFide/027_08.jpg,/nas-ctm01/datasets/public/BIOMETRICS/Face_Morphing/MAD22/original_sorted/BonaFide/090_08.jpg,299,45,100
250,MAD22,OpenCV,random_80_20,train,/nas-ctm01/datasets/public/BIOMETRICS/Face_Morphing/MAD22/original_sorted/OpenCV/027_08-vs-139_08.jpg,027_08-vs-139_08.jpg,027_08-vs-139_08,027_08,139_08,027,139,/nas-ctm01/datasets/public/BIOMETRICS/Face_Morphing/MAD22/original_sorted/BonaFide/027_08.jpg,/nas-ctm01/datasets/public/BIOMETRICS/Face_Morphing/MAD22/original_sorted/BonaFide/139_08.jpg,302,45,171
251,MAD22,OpenCV,random_80_20,train,/nas-ctm01/datasets/public/BIOMETRICS/Face_Morphing/MAD22/original_sorted/OpenCV/029_03-vs-033_03.jpg,029_03-vs-033_03.jpg,029_03-vs-033_03,029_03,033_03,029,033,/nas-ctm01/datasets/public/BIOMETRICS/Face_Morphing/MAD22/original_sorted/BonaFide/029_03.jpg,/nas-ctm01/datasets/public/BIOMETRICS/Face_Morphing/MAD22/original_sorted/BonaFide/033_03.jpg,304,46,54
252,MAD22,OpenCV,random_80_20,train,/nas-ctm01/datasets/public/BIOMETRICS/Face_Morphing/MAD22/original_sorted/OpenCV/029_03-vs-041_03.jpg,029_03-vs-041_03.jpg,029_03-vs-041_03,029_03,041_03,029,041,/nas-ctm01/datasets/public/BIOMETRICS/Face_Morphing/MAD22/original_sorted/BonaFide/029_03.jpg,/nas-ctm01/datasets/public/BIOMETRICS/Face_Morphing/MAD22/original_sorted/BonaFide/041_03.jpg,305,46,65
253,MAD22,OpenCV,random_80_20,train,/nas-ctm01/datasets/public/BIOMETRICS/Face_Morphing/MAD22/original_sorted/OpenCV/029_03-vs-044_03.jpg,029_03-vs-044_03.jpg,029_03-vs-044_03,029_03,044_03,029,044,/nas-ctm01/datasets/public/BIOMETRICS/Face_Morphing/MAD22/original_sorted/BonaFide/029_03.jpg,/nas-ctm01/datasets/public/BIOMETRICS/Face_Morphing/MAD22/original_sorted/BonaFide/044_03.jpg,306,46,71
254,MAD22,OpenCV,random_80_20,train,/nas-ctm01/datasets/public/BIOMETRICS/Face_Morphing/MAD22/original_sorted/OpenCV/029_03-vs-082_03.jpg,029_03-vs-082_03.jpg,029_03-vs-082_03,029_03,082_03,029,082,/nas-ctm01/datasets/public/BIOMETRICS/Face_Morphing/MAD22/original_sorted/BonaFide/029_03.jpg,/nas-ctm01/datasets/public/BIOMETRICS/Face_Morphing/MAD22/original_sorted/BonaFide/082_03.jpg,307,46,92
255,MAD22,OpenCV,random_80_20,train,/nas-ctm01/datasets/public/BIOMETRICS/Face_Morphing/MAD22/original_sorted/OpenCV/029_03-vs-143_03.jpg,029_03-vs-143_03.jpg,029_03-vs-143_03,029_03,143_03,029,143,/nas-ctm01/datasets/public/BIOMETRICS/Face_Morphing/MAD22/original_sorted/BonaFide/029_03.jpg,/nas-ctm01/datasets/public/BIOMETRICS/Face_Morphing/MAD22/original_sorted/BonaFide/143_03.jpg,308,46,177
256,MAD22,OpenCV,random_80_20,train,/nas-ctm01/datasets/public/BIOMETRICS/Face_Morphing/MAD22/original_sorted/OpenCV/029_03-vs-173_03.jpg,029_03-vs-173_03.jpg,029_03-vs-173_03,029_03,173_03,029,173,/nas-ctm01/datasets/public/BIOMETRICS/Face_Morphing/MAD22/original_sorted/BonaFide/029_03.jpg,/nas-ctm01/datasets/public/BIOMETRICS/Face_Morphing/MAD22/original_sorted/BonaFide/173_03.jpg,309,46,183
257,MAD22,OpenCV,random_80_20,train,/nas-ctm01/datasets/public/BIOMETRICS/Face_Morphing/MAD22/original_sorted/OpenCV/029_08-vs-041_08.jpg,029_08-vs-041_08.jpg,029_08-vs-041_08,029_08,041_08,029,041,/nas-ctm01/datasets/public/BIOMETRICS/Face_Morphing/MAD22/original_sorted/BonaFide/029_08.jpg,/nas-ctm01/datasets/public/BIOMETRICS/Face_Morphing/MAD22/original_sorted/BonaFide/041_08.jpg,310,47,66
258,MAD22,OpenCV,random_80_20,train,/nas-ctm01/datasets/public/BIOMETRICS/Face_Morphing/MAD22/original_sorted/OpenCV/029_08-vs-082_08.jpg,029_08-vs-082_08.jpg,029_08-vs-082_08,029_08,082_08,029,082,/nas-ctm01/datasets/public/BIOMETRICS/Face_Morphing/MAD22/original_sorted/BonaFide/029_08.jpg,/nas-ctm01/datasets/public/BIOMETRICS/Face_Morphing/MAD22/original_sorted/BonaFide/082_08.jpg,312,47,93
259,MAD22,OpenCV,random_80_20,train,/nas-ctm01/datasets/public/BIOMETRICS/Face_Morphing/MAD22/original_sorted/OpenCV/030_03-vs-039_03.jpg,030_03-vs-039_03.jpg,030_03-vs-039_03,030_03,039_03,030,039,/nas-ctm01/datasets/public/BIOMETRICS/Face_Morphing/MAD22/original_sorted/BonaFide/030_03.jpg,/nas-ctm01/datasets/public/BIOMETRICS/Face_Morphing/MAD22/original_sorted/BonaFide/039_03.jpg,315,48,63
260,MAD22,OpenCV,random_80_20,train,/nas-ctm01/datasets/public/BIOMETRICS/Face_Morphing/MAD22/original_sorted/OpenCV/030_03-vs-062_03.jpg,030_03-vs-062_03.jpg,030_03-vs-062_03,030_03,062_03,030,062,/nas-ctm01/datasets/public/BIOMETRICS/Face_Morphing/MAD22/original_sorted/BonaFide/030_03.jpg,/nas-ctm01/datasets/public/BIOMETRICS/Face_Morphing/MAD22/original_sorted/BonaFide/062_03.jpg,316,48,76
261,MAD22,OpenCV,random_80_20,train,/nas-ctm01/datasets/public/BIOMETRICS/Face_Morphing/MAD22/original_sorted/OpenCV/030_08-vs-039_08.jpg,030_08-vs-039_08.jpg,030_08-vs-039_08,030_08,039_08,030,039,/nas-ctm01/datasets/public/BIOMETRICS/Face_Morphing/MAD22/original_sorted/BonaFide/030_08.jpg,/nas-ctm01/datasets/public/BIOMETRICS/Face_Morphing/MAD22/original_sorted/BonaFide/039_08.jpg,318,49,64
262,MAD22,OpenCV,random_80_20,train,/nas-ctm01/datasets/public/BIOMETRICS/Face_Morphing/MAD22/original_sorted/OpenCV/030_08-vs-112_08.jpg,030_08-vs-112_08.jpg,030_08-vs-112_08,030_08,112_08,030,112,/nas-ctm01/datasets/public/BIOMETRICS/Face_Morphing/MAD22/original_sorted/BonaFide/030_08.jpg,/nas-ctm01/datasets/public/BIOMETRICS/Face_Morphing/MAD22/original_sorted/BonaFide/112_08.jpg,319,49,126
263,MAD22,OpenCV,random_80_20,train,/nas-ctm01/datasets/public/BIOMETRICS/Face_Morphing/MAD22/original_sorted/OpenCV/030_08-vs-127_08.jpg,030_08-vs-127_08.jpg,030_08-vs-127_08,030_08,127_08,030,127,/nas-ctm01/datasets/public/BIOMETRICS/Face_Morphing/MAD22/original_sorted/BonaFide/030_08.jpg,/nas-ctm01/datasets/public/BIOMETRICS/Face_Morphing/MAD22/original_sorted/BonaFide/127_08.jpg,320,49,151
264,MAD22,OpenCV,random_80_20,train,/nas-ctm01/datasets/public/BIOMETRICS/Face_Morphing/MAD22/original_sorted/OpenCV/030_08-vs-134_08.jpg,030_08-vs-134_08.jpg,030_08-vs-134_08,030_08,134_08,030,134,/nas-ctm01/datasets/public/BIOMETRICS/Face_Morphing/MAD22/original_sorted/BonaFide/030_08.jpg,/nas-ctm01/datasets/public/BIOMETRICS/Face_Morphing/MAD22/original_sorted/BonaFide/134_08.jpg,321,49,163
265,MAD22,OpenCV,random_80_20,train,/nas-ctm01/datasets/public/BIOMETRICS/Face_Morphing/MAD22/original_sorted/OpenCV/031_03-vs-043_03.jpg,031_03-vs-043_03.jpg,031_03-vs-043_03,031_03,043_03,031,043,/nas-ctm01/datasets/public/BIOMETRICS/Face_Morphing/MAD22/original_sorted/BonaFide/031_03.jpg,/nas-ctm01/datasets/public/BIOMETRICS/Face_Morphing/MAD22/original_sorted/BonaFide/043_03.jpg,322,50,69
266,MAD22,OpenCV,random_80_20,train,/nas-ctm01/datasets/public/BIOMETRICS/Face_Morphing/MAD22/original_sorted/OpenCV/031_03-vs-068_03.jpg,031_03-vs-068_03.jpg,031_03-vs-068_03,031_03,068_03,031,068,/nas-ctm01/datasets/public/BIOMETRICS/Face_Morphing/MAD22/original_sorted/BonaFide/031_03.jpg,/nas-ctm01/datasets/public/BIOMETRICS/Face_Morphing/MAD22/original_sorted/BonaFide/068_03.jpg,323,50,86
267,MAD22,OpenCV,random_80_20,train,/nas-ctm01/datasets/public/BIOMETRICS/Face_Morphing/MAD22/original_sorted/OpenCV/031_03-vs-121_03.jpg,031_03-vs-121_03.jpg,031_03-vs-121_03,031_03,121_03,031,121,/nas-ctm01/datasets/public/BIOMETRICS/Face_Morphing/MAD22/original_sorted/BonaFide/031_03.jpg,/nas-ctm01/datasets/public/BIOMETRICS/Face_Morphing/MAD22/original_sorted/BonaFide/121_03.jpg,324,50,139
268,MAD22,OpenCV,random_80_20,train,/nas-ctm01/datasets/public/BIOMETRICS/Face_Morphing/MAD22/original_sorted/OpenCV/031_03-vs-137_03.jpg,031_03-vs-137_03.jpg,031_03-vs-137_03,031_03,137_03,031,137,/nas-ctm01/datasets/public/BIOMETRICS/Face_Morphing/MAD22/original_sorted/BonaFide/031_03.jpg,/nas-ctm01/datasets/public/BIOMETRICS/Face_Morphing/MAD22/original_sorted/BonaFide/137_03.jpg,325,50,168
269,MAD22,OpenCV,random_80_20,train,/nas-ctm01/datasets/public/BIOMETRICS/Face_Morphing/MAD22/original_sorted/OpenCV/031_08-vs-042_08.jpg,031_08-vs-042_08.jpg,031_08-vs-042_08,031_08,042_08,031,042,/nas-ctm01/datasets/public/BIOMETRICS/Face_Morphing/MAD22/original_sorted/BonaFide/031_08.jpg,/nas-ctm01/datasets/public/BIOMETRICS/Face_Morphing/MAD22/original_sorted/BonaFide/042_08.jpg,326,51,68
270,MAD22,OpenCV,random_80_20,train,/nas-ctm01/datasets/public/BIOMETRICS/Face_Morphing/MAD22/original_sorted/OpenCV/031_08-vs-043_08.jpg,031_08-vs-043_08.jpg,031_08-vs-043_08,031_08,043_08,031,043,/nas-ctm01/datasets/public/BIOMETRICS/Face_Morphing/MAD22/original_sorted/BonaFide/031_08.jpg,/nas-ctm01/datasets/public/BIOMETRICS/Face_Morphing/MAD22/original_sorted/BonaFide/043_08.jpg,327,51,70
271,MAD22,OpenCV,random_80_20,train,/nas-ctm01/datasets/public/BIOMETRICS/Face_Morphing/MAD22/original_sorted/OpenCV/031_08-vs-068_08.jpg,031_08-vs-068_08.jpg,031_08-vs-068_08,031_08,068_08,031,068,/nas-ctm01/datasets/public/BIOMETRICS/Face_Morphing/MAD22/original_sorted/BonaFide/031_08.jpg,/nas-ctm01/datasets/public/BIOMETRICS/Face_Morphing/MAD22/original_sorted/BonaFide/068_08.jpg,328,51,87
272,MAD22,OpenCV,random_80_20,train,/nas-ctm01/datasets/public/BIOMETRICS/Face_Morphing/MAD22/original_sorted/OpenCV/032_03-vs-086_03.jpg,032_03-vs-086_03.jpg,032_03-vs-086_03,032_03,086_03,032,086,/nas-ctm01/datasets/public/BIOMETRICS/Face_Morphing/MAD22/original_sorted/BonaFide/032_03.jpg,/nas-ctm01/datasets/public/BIOMETRICS/Face_Morphing/MAD22/original_sorted/BonaFide/086_03.jpg,330,52,96
273,MAD22,OpenCV,random_80_20,train,/nas-ctm01/datasets/public/BIOMETRICS/Face_Morphing/MAD22/original_sorted/OpenCV/032_03-vs-094_03.jpg,032_03-vs-094_03.jpg,032_03-vs-094_03,032_03,094_03,032,094,/nas-ctm01/datasets/public/BIOMETRICS/Face_Morphing/MAD22/original_sorted/BonaFide/032_03.jpg,/nas-ctm01/datasets/public/BIOMETRICS/Face_Morphing/MAD22/original_sorted/BonaFide/094_03.jpg,331,52,104
274,MAD22,OpenCV,random_80_20,train,/nas-ctm01/datasets/public/BIOMETRICS/Face_Morphing/MAD22/original_sorted/OpenCV/032_08-vs-086_08.jpg,032_08-vs-086_08.jpg,032_08-vs-086_08,032_08,086_08,032,086,/nas-ctm01/datasets/public/BIOMETRICS/Face_Morphing/MAD22/original_sorted/BonaFide/032_08.jpg,/nas-ctm01/datasets/public/BIOMETRICS/Face_Morphing/MAD22/original_sorted/BonaFide/086_08.jpg,334,53,97
275,MAD22,OpenCV,random_80_20,train,/nas-ctm01/datasets/public/BIOMETRICS/Face_Morphing/MAD22/original_sorted/OpenCV/032_08-vs-091_08.jpg,032_08-vs-091_08.jpg,032_08-vs-091_08,032_08,091_08,032,091,/nas-ctm01/datasets/public/BIOMETRICS/Face_Morphing/MAD22/original_sorted/BonaFide/032_08.jpg,/nas-ctm01/datasets/public/BIOMETRICS/Face_Morphing/MAD22/original_sorted/BonaFide/091_08.jpg,335,53,101
276,MAD22,OpenCV,random_80_20,train,/nas-ctm01/datasets/public/BIOMETRICS/Face_Morphing/MAD22/original_sorted/OpenCV/032_08-vs-099_08.jpg,032_08-vs-099_08.jpg,032_08-vs-099_08,032_08,099_08,032,099,/nas-ctm01/datasets/public/BIOMETRICS/Face_Morphing/MAD22/original_sorted/BonaFide/032_08.jpg,/nas-ctm01/datasets/public/BIOMETRICS/Face_Morphing/MAD22/original_sorted/BonaFide/099_08.jpg,336,53,111
277,MAD22,OpenCV,random_80_20,train,/nas-ctm01/datasets/public/BIOMETRICS/Face_Morphing/MAD22/original_sorted/OpenCV/032_08-vs-124_08.jpg,032_08-vs-124_08.jpg,032_08-vs-124_08,032_08,124_08,032,124,/nas-ctm01/datasets/public/BIOMETRICS/Face_Morphing/MAD22/original_sorted/BonaFide/032_08.jpg,/nas-ctm01/datasets/public/BIOMETRICS/Face_Morphing/MAD22/original_sorted/BonaFide/124_08.jpg,337,53,146
278,MAD22,OpenCV,random_80_20,train,/nas-ctm01/datasets/public/BIOMETRICS/Face_Morphing/MAD22/original_sorted/OpenCV/032_08-vs-144_08.jpg,032_08-vs-144_08.jpg,032_08-vs-144_08,032_08,144_08,032,144,/nas-ctm01/datasets/public/BIOMETRICS/Face_Morphing/MAD22/original_sorted/BonaFide/032_08.jpg,/nas-ctm01/datasets/public/BIOMETRICS/Face_Morphing/MAD22/original_sorted/BonaFide/144_08.jpg,338,53,180
279,MAD22,OpenCV,random_80_20,train,/nas-ctm01/datasets/public/BIOMETRICS/Face_Morphing/MAD22/original_sorted/OpenCV/033_03-vs-104_03.jpg,033_03-vs-104_03.jpg,033_03-vs-104_03,033_03,104_03,033,104,/nas-ctm01/datasets/public/BIOMETRICS/Face_Morphing/MAD22/original_sorted/BonaFide/033_03.jpg,/nas-ctm01/datasets/public/BIOMETRICS/Face_Morphing/MAD22/original_sorted/BonaFide/104_03.jpg,340,54,119
280,MAD22,OpenCV,random_80_20,train,/nas-ctm01/datasets/public/BIOMETRICS/Face_Morphing/MAD22/original_sorted/OpenCV/033_03-vs-108_03.jpg,033_03-vs-108_03.jpg,033_03-vs-108_03,033_03,108_03,033,108,/nas-ctm01/datasets/public/BIOMETRICS/Face_Morphing/MAD22/original_sorted/BonaFide/033_03.jpg,/nas-ctm01/datasets/public/BIOMETRICS/Face_Morphing/MAD22/original_sorted/BonaFide/108_03.jpg,341,54,123
281,MAD22,OpenCV,random_80_20,train,/nas-ctm01/datasets/public/BIOMETRICS/Face_Morphing/MAD22/original_sorted/OpenCV/033_03-vs-143_03.jpg,033_03-vs-143_03.jpg,033_03-vs-143_03,033_03,143_03,033,143,/nas-ctm01/datasets/public/BIOMETRICS/Face_Morphing/MAD22/original_sorted/BonaFide/033_03.jpg,/nas-ctm01/datasets/public/BIOMETRICS/Face_Morphing/MAD22/original_sorted/BonaFide/143_03.jpg,343,54,177
282,MAD22,OpenCV,random_80_20,train,/nas-ctm01/datasets/public/BIOMETRICS/Face_Morphing/MAD22/original_sorted/OpenCV/033_08-vs-044_08.jpg,033_08-vs-044_08.jpg,033_08-vs-044_08,033_08,044_08,033,044,/nas-ctm01/datasets/public/BIOMETRICS/Face_Morphing/MAD22/original_sorted/BonaFide/033_08.jpg,/nas-ctm01/datasets/public/BIOMETRICS/Face_Morphing/MAD22/original_sorted/BonaFide/044_08.jpg,344,55,72
283,MAD22,OpenCV,random_80_20,train,/nas-ctm01/datasets/public/BIOMETRICS/Face_Morphing/MAD22/original_sorted/OpenCV/033_08-vs-045_08.jpg,033_08-vs-045_08.jpg,033_08-vs-045_08,033_08,045_08,033,045,/nas-ctm01/datasets/public/BIOMETRICS/Face_Morphing/MAD22/original_sorted/BonaFide/033_08.jpg,/nas-ctm01/datasets/public/BIOMETRICS/Face_Morphing/MAD22/original_sorted/BonaFide/045_08.jpg,345,55,73
284,MAD22,OpenCV,random_80_20,train,/nas-ctm01/datasets/public/BIOMETRICS/Face_Morphing/MAD22/original_sorted/OpenCV/033_08-vs-082_08.jpg,033_08-vs-082_08.jpg,033_08-vs-082_08,033_08,082_08,033,082,/nas-ctm01/datasets/public/BIOMETRICS/Face_Morphing/MAD22/original_sorted/BonaFide/033_08.jpg,/nas-ctm01/datasets/public/BIOMETRICS/Face_Morphing/MAD22/original_sorted/BonaFide/082_08.jpg,346,55,93
285,MAD22,OpenCV,random_80_20,train,/nas-ctm01/datasets/public/BIOMETRICS/Face_Morphing/MAD22/original_sorted/OpenCV/033_08-vs-119_08.jpg,033_08-vs-119_08.jpg,033_08-vs-119_08,033_08,119_08,033,119,/nas-ctm01/datasets/public/BIOMETRICS/Face_Morphing/MAD22/original_sorted/BonaFide/033_08.jpg,/nas-ctm01/datasets/public/BIOMETRICS/Face_Morphing/MAD22/original_sorted/BonaFide/119_08.jpg,348,55,136
286,MAD22,OpenCV,random_80_20,train,/nas-ctm01/datasets/public/BIOMETRICS/Face_Morphing/MAD22/original_sorted/OpenCV/033_08-vs-143_08.jpg,033_08-vs-143_08.jpg,033_08-vs-143_08,033_08,143_08,033,143,/nas-ctm01/datasets/public/BIOMETRICS/Face_Morphing/MAD22/original_sorted/BonaFide/033_08.jpg,/nas-ctm01/datasets/public/BIOMETRICS/Face_Morphing/MAD22/original_sorted/BonaFide/143_08.jpg,350,55,178
287,MAD22,OpenCV,random_80_20,train,/nas-ctm01/datasets/public/BIOMETRICS/Face_Morphing/MAD22/original_sorted/OpenCV/034_03-vs-100_03.jpg,034_03-vs-100_03.jpg,034_03-vs-100_03,034_03,100_03,034,100,/nas-ctm01/datasets/public/BIOMETRICS/Face_Morphing/MAD22/original_sorted/BonaFide/034_03.jpg,/nas-ctm01/datasets/public/BIOMETRICS/Face_Morphing/MAD22/original_sorted/BonaFide/100_03.jpg,351,56,112
288,MAD22,OpenCV,random_80_20,train,/nas-ctm01/datasets/public/BIOMETRICS/Face_Morphing/MAD22/original_sorted/OpenCV/034_03-vs-118_03.jpg,034_03-vs-118_03.jpg,034_03-vs-118_03,034_03,118_03,034,118,/nas-ctm01/datasets/public/BIOMETRICS/Face_Morphing/MAD22/original_sorted/BonaFide/034_03.jpg,/nas-ctm01/datasets/public/BIOMETRICS/Face_Morphing/MAD22/original_sorted/BonaFide/118_03.jpg,352,56,133
289,MAD22,OpenCV,random_80_20,train,/nas-ctm01/datasets/public/BIOMETRICS/Face_Morphing/MAD22/original_sorted/OpenCV/034_03-vs-139_03.jpg,034_03-vs-139_03.jpg,034_03-vs-139_03,034_03,139_03,034,139,/nas-ctm01/datasets/public/BIOMETRICS/Face_Morphing/MAD22/original_sorted/BonaFide/034_03.jpg,/nas-ctm01/datasets/public/BIOMETRICS/Face_Morphing/MAD22/original_sorted/BonaFide/139_03.jpg,353,56,170
290,MAD22,OpenCV,random_80_20,train,/nas-ctm01/datasets/public/BIOMETRICS/Face_Morphing/MAD22/original_sorted/OpenCV/034_08-vs-062_08.jpg,034_08-vs-062_08.jpg,034_08-vs-062_08,034_08,062_08,034,062,/nas-ctm01/datasets/public/BIOMETRICS/Face_Morphing/MAD22/original_sorted/BonaFide/034_08.jpg,/nas-ctm01/datasets/public/BIOMETRICS/Face_Morphing/MAD22/original_sorted/BonaFide/062_08.jpg,354,57,77
291,MAD22,OpenCV,random_80_20,train,/nas-ctm01/datasets/public/BIOMETRICS/Face_Morphing/MAD22/original_sorted/OpenCV/034_08-vs-064_08.jpg,034_08-vs-064_08.jpg,034_08-vs-064_08,034_08,064_08,034,064,/nas-ctm01/datasets/public/BIOMETRICS/Face_Morphing/MAD22/original_sorted/BonaFide/034_08.jpg,/nas-ctm01/datasets/public/BIOMETRICS/Face_Morphing/MAD22/original_sorted/BonaFide/064_08.jpg,355,57,81
292,MAD22,OpenCV,random_80_20,train,/nas-ctm01/datasets/public/BIOMETRICS/Face_Morphing/MAD22/original_sorted/OpenCV/034_08-vs-094_08.jpg,034_08-vs-094_08.jpg,034_08-vs-094_08,034_08,094_08,034,094,/nas-ctm01/datasets/public/BIOMETRICS/Face_Morphing/MAD22/original_sorted/BonaFide/034_08.jpg,/nas-ctm01/datasets/public/BIOMETRICS/Face_Morphing/MAD22/original_sorted/BonaFide/094_08.jpg,356,57,105
293,MAD22,OpenCV,random_80_20,train,/nas-ctm01/datasets/public/BIOMETRICS/Face_Morphing/MAD22/original_sorted/OpenCV/034_08-vs-099_08.jpg,034_08-vs-099_08.jpg,034_08-vs-099_08,034_08,099_08,034,099,/nas-ctm01/datasets/public/BIOMETRICS/Face_Morphing/MAD22/original_sorted/BonaFide/034_08.jpg,/nas-ctm01/datasets/public/BIOMETRICS/Face_Morphing/MAD22/original_sorted/BonaFide/099_08.jpg,357,57,111
294,MAD22,OpenCV,random_80_20,train,/nas-ctm01/datasets/public/BIOMETRICS/Face_Morphing/MAD22/original_sorted/OpenCV/034_08-vs-126_08.jpg,034_08-vs-126_08.jpg,034_08-vs-126_08,034_08,126_08,034,126,/nas-ctm01/datasets/public/BIOMETRICS/Face_Morphing/MAD22/original_sorted/BonaFide/034_08.jpg,/nas-ctm01/datasets/public/BIOMETRICS/Face_Morphing/MAD22/original_sorted/BonaFide/126_08.jpg,358,57,150
295,MAD22,OpenCV,random_80_20,train,/nas-ctm01/datasets/public/BIOMETRICS/Face_Morphing/MAD22/original_sorted/OpenCV/036_03-vs-063_03.jpg,036_03-vs-063_03.jpg,036_03-vs-063_03,036_03,063_03,036,063,/nas-ctm01/datasets/public/BIOMETRICS/Face_Morphing/MAD22/original_sorted/BonaFide/036_03.jpg,/nas-ctm01/datasets/public/BIOMETRICS/Face_Morphing/MAD22/original_sorted/BonaFide/063_03.jpg,360,58,78
296,MAD22,OpenCV,random_80_20,train,/nas-ctm01/datasets/public/BIOMETRICS/Face_Morphing/MAD22/original_sorted/OpenCV/036_03-vs-096_03.jpg,036_03-vs-096_03.jpg,036_03-vs-096_03,036_03,096_03,036,096,/nas-ctm01/datasets/public/BIOMETRICS/Face_Morphing/MAD22/original_sorted/BonaFide/036_03.jpg,/nas-ctm01/datasets/public/BIOMETRICS/Face_Morphing/MAD22/original_sorted/BonaFide/096_03.jpg,361,58,106
297,MAD22,OpenCV,random_80_20,train,/nas-ctm01/datasets/public/BIOMETRICS/Face_Morphing/MAD22/original_sorted/OpenCV/036_03-vs-128_03.jpg,036_03-vs-128_03.jpg,036_03-vs-128_03,036_03,128_03,036,128,/nas-ctm01/datasets/public/BIOMETRICS/Face_Morphing/MAD22/original_sorted/BonaFide/036_03.jpg,/nas-ctm01/datasets/public/BIOMETRICS/Face_Morphing/MAD22/original_sorted/BonaFide/128_03.jpg,362,58,152
298,MAD22,OpenCV,random_80_20,train,/nas-ctm01/datasets/public/BIOMETRICS/Face_Morphing/MAD22/original_sorted/OpenCV/036_03-vs-130_03.jpg,036_03-vs-130_03.jpg,036_03-vs-130_03,036_03,130_03,036,130,/nas-ctm01/datasets/public/BIOMETRICS/Face_Morphing/MAD22/original_sorted/BonaFide/036_03.jpg,/nas-ctm01/datasets/public/BIOMETRICS/Face_Morphing/MAD22/original_sorted/BonaFide/130_03.jpg,363,58,156
299,MAD22,OpenCV,random_80_20,train,/nas-ctm01/datasets/public/BIOMETRICS/Face_Morphing/MAD22/original_sorted/OpenCV/036_03-vs-141_03.jpg,036_03-vs-141_03.jpg,036_03-vs-141_03,036_03,141_03,036,141,/nas-ctm01/datasets/public/BIOMETRICS/Face_Morphing/MAD22/original_sorted/BonaFide/036_03.jpg,/nas-ctm01/datasets/public/BIOMETRICS/Face_Morphing/MAD22/original_sorted/BonaFide/141_03.jpg,364,58,173
300,MAD22,OpenCV,random_80_20,train,/nas-ctm01/datasets/public/BIOMETRICS/Face_Morphing/MAD22/original_sorted/OpenCV/036_03-vs-142_03.jpg,036_03-vs-142_03.jpg,036_03-vs-142_03,036_03,142_03,036,142,/nas-ctm01/datasets/public/BIOMETRICS/Face_Morphing/MAD22/original_sorted/BonaFide/036_03.jpg,/nas-ctm01/datasets/public/BIOMETRICS/Face_Morphing/MAD22/original_sorted/BonaFide/142_03.jpg,365,58,175
301,MAD22,OpenCV,random_80_20,train,/nas-ctm01/datasets/public/BIOMETRICS/Face_Morphing/MAD22/original_sorted/OpenCV/036_08-vs-128_08.jpg,036_08-vs-128_08.jpg,036_08-vs-128_08,036_08,128_08,036,128,/nas-ctm01/datasets/public/BIOMETRICS/Face_Morphing/MAD22/original_sorted/BonaFide/036_08.jpg,/nas-ctm01/datasets/public/BIOMETRICS/Face_Morphing/MAD22/original_sorted/BonaFide/128_08.jpg,367,59,153
302,MAD22,OpenCV,random_80_20,train,/nas-ctm01/datasets/public/BIOMETRICS/Face_Morphing/MAD22/original_sorted/OpenCV/036_08-vs-130_08.jpg,036_08-vs-130_08.jpg,036_08-vs-130_08,036_08,130_08,036,130,/nas-ctm01/datasets/public/BIOMETRICS/Face_Morphing/MAD22/original_sorted/BonaFide/036_08.jpg,/nas-ctm01/datasets/public/BIOMETRICS/Face_Morphing/MAD22/original_sorted/BonaFide/130_08.jpg,368,59,157
303,MAD22,OpenCV,random_80_20,train,/nas-ctm01/datasets/public/BIOMETRICS/Face_Morphing/MAD22/original_sorted/OpenCV/037_03-vs-103_03.jpg,037_03-vs-103_03.jpg,037_03-vs-103_03,037_03,103_03,037,103,/nas-ctm01/datasets/public/BIOMETRICS/Face_Morphing/MAD22/original_sorted/BonaFide/037_03.jpg,/nas-ctm01/datasets/public/BIOMETRICS/Face_Morphing/MAD22/original_sorted/BonaFide/103_03.jpg,371,60,117
304,MAD22,OpenCV,random_80_20,train,/nas-ctm01/datasets/public/BIOMETRICS/Face_Morphing/MAD22/original_sorted/OpenCV/037_03-vs-132_03.jpg,037_03-vs-132_03.jpg,037_03-vs-132_03,037_03,132_03,037,132,/nas-ctm01/datasets/public/BIOMETRICS/Face_Morphing/MAD22/original_sorted/BonaFide/037_03.jpg,/nas-ctm01/datasets/public/BIOMETRICS/Face_Morphing/MAD22/original_sorted/BonaFide/132_03.jpg,373,60,160
305,MAD22,OpenCV,random_80_20,train,/nas-ctm01/datasets/public/BIOMETRICS/Face_Morphing/MAD22/original_sorted/OpenCV/037_03-vs-172_03.jpg,037_03-vs-172_03.jpg,037_03-vs-172_03,037_03,172_03,037,172,/nas-ctm01/datasets/public/BIOMETRICS/Face_Morphing/MAD22/original_sorted/BonaFide/037_03.jpg,/nas-ctm01/datasets/public/BIOMETRICS/Face_Morphing/MAD22/original_sorted/BonaFide/172_03.jpg,374,60,181
306,MAD22,OpenCV,random_80_20,train,/nas-ctm01/datasets/public/BIOMETRICS/Face_Morphing/MAD22/original_sorted/OpenCV/038_03-vs-066_03.jpg,038_03-vs-066_03.jpg,038_03-vs-066_03,038_03,066_03,038,066,/nas-ctm01/datasets/public/BIOMETRICS/Face_Morphing/MAD22/original_sorted/BonaFide/038_03.jpg,/nas-ctm01/datasets/public/BIOMETRICS/Face_Morphing/MAD22/original_sorted/BonaFide/066_03.jpg,376,61,82
307,MAD22,OpenCV,random_80_20,train,/nas-ctm01/datasets/public/BIOMETRICS/Face_Morphing/MAD22/original_sorted/OpenCV/038_03-vs-102_03.jpg,038_03-vs-102_03.jpg,038_03-vs-102_03,038_03,102_03,038,102,/nas-ctm01/datasets/public/BIOMETRICS/Face_Morphing/MAD22/original_sorted/BonaFide/038_03.jpg,/nas-ctm01/datasets/public/BIOMETRICS/Face_Morphing/MAD22/original_sorted/BonaFide/102_03.jpg,377,61,115
308,MAD22,OpenCV,random_80_20,train,/nas-ctm01/datasets/public/BIOMETRICS/Face_Morphing/MAD22/original_sorted/OpenCV/038_03-vs-124_03.jpg,038_03-vs-124_03.jpg,038_03-vs-124_03,038_03,124_03,038,124,/nas-ctm01/datasets/public/BIOMETRICS/Face_Morphing/MAD22/original_sorted/BonaFide/038_03.jpg,/nas-ctm01/datasets/public/BIOMETRICS/Face_Morphing/MAD22/original_sorted/BonaFide/124_03.jpg,378,61,145
309,MAD22,OpenCV,random_80_20,train,/nas-ctm01/datasets/public/BIOMETRICS/Face_Morphing/MAD22/original_sorted/OpenCV/038_03-vs-136_03.jpg,038_03-vs-136_03.jpg,038_03-vs-136_03,038_03,136_03,038,136,/nas-ctm01/datasets/public/BIOMETRICS/Face_Morphing/MAD22/original_sorted/BonaFide/038_03.jpg,/nas-ctm01/datasets/public/BIOMETRICS/Face_Morphing/MAD22/original_sorted/BonaFide/136_03.jpg,379,61,166
310,MAD22,OpenCV,random_80_20,train,/nas-ctm01/datasets/public/BIOMETRICS/Face_Morphing/MAD22/original_sorted/OpenCV/038_08-vs-062_08.jpg,038_08-vs-062_08.jpg,038_08-vs-062_08,038_08,062_08,038,062,/nas-ctm01/datasets/public/BIOMETRICS/Face_Morphing/MAD22/original_sorted/BonaFide/038_08.jpg,/nas-ctm01/datasets/public/BIOMETRICS/Face_Morphing/MAD22/original_sorted/BonaFide/062_08.jpg,380,62,77
311,MAD22,OpenCV,random_80_20,train,/nas-ctm01/datasets/public/BIOMETRICS/Face_Morphing/MAD22/original_sorted/OpenCV/038_08-vs-099_08.jpg,038_08-vs-099_08.jpg,038_08-vs-099_08,038_08,099_08,038,099,/nas-ctm01/datasets/public/BIOMETRICS/Face_Morphing/MAD22/original_sorted/BonaFide/038_08.jpg,/nas-ctm01/datasets/public/BIOMETRICS/Face_Morphing/MAD22/original_sorted/BonaFide/099_08.jpg,381,62,111
312,MAD22,OpenCV,random_80_20,train,/nas-ctm01/datasets/public/BIOMETRICS/Face_Morphing/MAD22/original_sorted/OpenCV/038_08-vs-102_08.jpg,038_08-vs-102_08.jpg,038_08-vs-102_08,038_08,102_08,038,102,/nas-ctm01/datasets/public/BIOMETRICS/Face_Morphing/MAD22/original_sorted/BonaFide/038_08.jpg,/nas-ctm01/datasets/public/BIOMETRICS/Face_Morphing/MAD22/original_sorted/BonaFide/102_08.jpg,382,62,116
313,MAD22,OpenCV,random_80_20,train,/nas-ctm01/datasets/public/BIOMETRICS/Face_Morphing/MAD22/original_sorted/OpenCV/038_08-vs-124_08.jpg,038_08-vs-124_08.jpg,038_08-vs-124_08,038_08,124_08,038,124,/nas-ctm01/datasets/public/BIOMETRICS/Face_Morphing/MAD22/original_sorted/BonaFide/038_08.jpg,/nas-ctm01/datasets/public/BIOMETRICS/Face_Morphing/MAD22/original_sorted/BonaFide/124_08.jpg,383,62,146
314,MAD22,OpenCV,random_80_20,train,/nas-ctm01/datasets/public/BIOMETRICS/Face_Morphing/MAD22/original_sorted/OpenCV/039_03-vs-090_03.jpg,039_03-vs-090_03.jpg,039_03-vs-090_03,039_03,090_03,039,090,/nas-ctm01/datasets/public/BIOMETRICS/Face_Morphing/MAD22/original_sorted/BonaFide/039_03.jpg,/nas-ctm01/datasets/public/BIOMETRICS/Face_Morphing/MAD22/original_sorted/BonaFide/090_03.jpg,386,63,99
315,MAD22,OpenCV,random_80_20,train,/nas-ctm01/datasets/public/BIOMETRICS/Face_Morphing/MAD22/original_sorted/OpenCV/039_03-vs-097_03.jpg,039_03-vs-097_03.jpg,039_03-vs-097_03,039_03,097_03,039,097,/nas-ctm01/datasets/public/BIOMETRICS/Face_Morphing/MAD22/original_sorted/BonaFide/039_03.jpg,/nas-ctm01/datasets/public/BIOMETRICS/Face_Morphing/MAD22/original_sorted/BonaFide/097_03.jpg,387,63,108
316,MAD22,OpenCV,random_80_20,train,/nas-ctm01/datasets/public/BIOMETRICS/Face_Morphing/MAD22/original_sorted/OpenCV/039_03-vs-102_03.jpg,039_03-vs-102_03.jpg,039_03-vs-102_03,039_03,102_03,039,102,/nas-ctm01/datasets/public/BIOMETRICS/Face_Morphing/MAD22/original_sorted/BonaFide/039_03.jpg,/nas-ctm01/datasets/public/BIOMETRICS/Face_Morphing/MAD22/original_sorted/BonaFide/102_03.jpg,388,63,115
317,MAD22,OpenCV,random_80_20,train,/nas-ctm01/datasets/public/BIOMETRICS/Face_Morphing/MAD22/original_sorted/OpenCV/039_03-vs-124_03.jpg,039_03-vs-124_03.jpg,039_03-vs-124_03,039_03,124_03,039,124,/nas-ctm01/datasets/public/BIOMETRICS/Face_Morphing/MAD22/original_sorted/BonaFide/039_03.jpg,/nas-ctm01/datasets/public/BIOMETRICS/Face_Morphing/MAD22/original_sorted/BonaFide/124_03.jpg,389,63,145
318,MAD22,OpenCV,random_80_20,train,/nas-ctm01/datasets/public/BIOMETRICS/Face_Morphing/MAD22/original_sorted/OpenCV/039_03-vs-139_03.jpg,039_03-vs-139_03.jpg,039_03-vs-139_03,039_03,139_03,039,139,/nas-ctm01/datasets/public/BIOMETRICS/Face_Morphing/MAD22/original_sorted/BonaFide/039_03.jpg,/nas-ctm01/datasets/public/BIOMETRICS/Face_Morphing/MAD22/original_sorted/BonaFide/139_03.jpg,390,63,170
319,MAD22,OpenCV,random_80_20,train,/nas-ctm01/datasets/public/BIOMETRICS/Face_Morphing/MAD22/original_sorted/OpenCV/039_03-vs-144_03.jpg,039_03-vs-144_03.jpg,039_03-vs-144_03,039_03,144_03,039,144,/nas-ctm01/datasets/public/BIOMETRICS/Face_Morphing/MAD22/original_sorted/BonaFide/039_03.jpg,/nas-ctm01/datasets/public/BIOMETRICS/Face_Morphing/MAD22/original_sorted/BonaFide/144_03.jpg,391,63,179
320,MAD22,OpenCV,random_80_20,train,/nas-ctm01/datasets/public/BIOMETRICS/Face_Morphing/MAD22/original_sorted/OpenCV/039_08-vs-090_08.jpg,039_08-vs-090_08.jpg,039_08-vs-090_08,039_08,090_08,039,090,/nas-ctm01/datasets/public/BIOMETRICS/Face_Morphing/MAD22/original_sorted/BonaFide/039_08.jpg,/nas-ctm01/datasets/public/BIOMETRICS/Face_Morphing/MAD22/original_sorted/BonaFide/090_08.jpg,392,64,100
321,MAD22,OpenCV,random_80_20,train,/nas-ctm01/datasets/public/BIOMETRICS/Face_Morphing/MAD22/original_sorted/OpenCV/039_08-vs-097_08.jpg,039_08-vs-097_08.jpg,039_08-vs-097_08,039_08,097_08,039,097,/nas-ctm01/datasets/public/BIOMETRICS/Face_Morphing/MAD22/original_sorted/BonaFide/039_08.jpg,/nas-ctm01/datasets/public/BIOMETRICS/Face_Morphing/MAD22/original_sorted/BonaFide/097_08.jpg,393,64,109
322,MAD22,OpenCV,random_80_20,train,/nas-ctm01/datasets/public/BIOMETRICS/Face_Morphing/MAD22/original_sorted/OpenCV/039_08-vs-102_08.jpg,039_08-vs-102_08.jpg,039_08-vs-102_08,039_08,102_08,039,102,/nas-ctm01/datasets/public/BIOMETRICS/Face_Morphing/MAD22/original_sorted/BonaFide/039_08.jpg,/nas-ctm01/datasets/public/BIOMETRICS/Face_Morphing/MAD22/original_sorted/BonaFide/102_08.jpg,394,64,116
323,MAD22,OpenCV,random_80_20,train,/nas-ctm01/datasets/public/BIOMETRICS/Face_Morphing/MAD22/original_sorted/OpenCV/039_08-vs-107_08.jpg,039_08-vs-107_08.jpg,039_08-vs-107_08,039_08,107_08,039,107,/nas-ctm01/datasets/public/BIOMETRICS/Face_Morphing/MAD22/original_sorted/BonaFide/039_08.jpg,/nas-ctm01/datasets/public/BIOMETRICS/Face_Morphing/MAD22/original_sorted/BonaFide/107_08.jpg,395,64,122
324,MAD22,OpenCV,random_80_20,train,/nas-ctm01/datasets/public/BIOMETRICS/Face_Morphing/MAD22/original_sorted/OpenCV/039_08-vs-124_08.jpg,039_08-vs-124_08.jpg,039_08-vs-124_08,039_08,124_08,039,124,/nas-ctm01/datasets/public/BIOMETRICS/Face_Morphing/MAD22/original_sorted/BonaFide/039_08.jpg,/nas-ctm01/datasets/public/BIOMETRICS/Face_Morphing/MAD22/original_sorted/BonaFide/124_08.jpg,397,64,146
325,MAD22,OpenCV,random_80_20,train,/nas-ctm01/datasets/public/BIOMETRICS/Face_Morphing/MAD22/original_sorted/OpenCV/039_08-vs-139_08.jpg,039_08-vs-139_08.jpg,039_08-vs-139_08,039_08,139_08,039,139,/nas-ctm01/datasets/public/BIOMETRICS/Face_Morphing/MAD22/original_sorted/BonaFide/039_08.jpg,/nas-ctm01/datasets/public/BIOMETRICS/Face_Morphing/MAD22/original_sorted/BonaFide/139_08.jpg,398,64,171
326,MAD22,OpenCV,random_80_20,train,/nas-ctm01/datasets/public/BIOMETRICS/Face_Morphing/MAD22/original_sorted/OpenCV/039_08-vs-144_08.jpg,039_08-vs-144_08.jpg,039_08-vs-144_08,039_08,144_08,039,144,/nas-ctm01/datasets/public/BIOMETRICS/Face_Morphing/MAD22/original_sorted/BonaFide/039_08.jpg,/nas-ctm01/datasets/public/BIOMETRICS/Face_Morphing/MAD22/original_sorted/BonaFide/144_08.jpg,399,64,180
327,MAD22,OpenCV,random_80_20,train,/nas-ctm01/datasets/public/BIOMETRICS/Face_Morphing/MAD22/original_sorted/OpenCV/041_03-vs-123_03.jpg,041_03-vs-123_03.jpg,041_03-vs-123_03,041_03,123_03,041,123,/nas-ctm01/datasets/public/BIOMETRICS/Face_Morphing/MAD22/original_sorted/BonaFide/041_03.jpg,/nas-ctm01/datasets/public/BIOMETRICS/Face_Morphing/MAD22/original_sorted/BonaFide/123_03.jpg,400,65,143
328,MAD22,OpenCV,random_80_20,train,/nas-ctm01/datasets/public/BIOMETRICS/Face_Morphing/MAD22/original_sorted/OpenCV/041_03-vs-137_03.jpg,041_03-vs-137_03.jpg,041_03-vs-137_03,041_03,137_03,041,137,/nas-ctm01/datasets/public/BIOMETRICS/Face_Morphing/MAD22/original_sorted/BonaFide/041_03.jpg,/nas-ctm01/datasets/public/BIOMETRICS/Face_Morphing/MAD22/original_sorted/BonaFide/137_03.jpg,401,65,168
329,MAD22,OpenCV,random_80_20,train,/nas-ctm01/datasets/public/BIOMETRICS/Face_Morphing/MAD22/original_sorted/OpenCV/041_03-vs-138_03.jpg,041_03-vs-138_03.jpg,041_03-vs-138_03,041_03,138_03,041,138,/nas-ctm01/datasets/public/BIOMETRICS/Face_Morphing/MAD22/original_sorted/BonaFide/041_03.jpg,/nas-ctm01/datasets/public/BIOMETRICS/Face_Morphing/MAD22/original_sorted/BonaFide/138_03.jpg,402,65,169
330,MAD22,OpenCV,random_80_20,train,/nas-ctm01/datasets/public/BIOMETRICS/Face_Morphing/MAD22/original_sorted/OpenCV/041_03-vs-173_03.jpg,041_03-vs-173_03.jpg,041_03-vs-173_03,041_03,173_03,041,173,/nas-ctm01/datasets/public/BIOMETRICS/Face_Morphing/MAD22/original_sorted/BonaFide/041_03.jpg,/nas-ctm01/datasets/public/BIOMETRICS/Face_Morphing/MAD22/original_sorted/BonaFide/173_03.jpg,404,65,183
331,MAD22,OpenCV,random_80_20,train,/nas-ctm01/datasets/public/BIOMETRICS/Face_Morphing/MAD22/original_sorted/OpenCV/041_08-vs-044_08.jpg,041_08-vs-044_08.jpg,041_08-vs-044_08,041_08,044_08,041,044,/nas-ctm01/datasets/public/BIOMETRICS/Face_Morphing/MAD22/original_sorted/BonaFide/041_08.jpg,/nas-ctm01/datasets/public/BIOMETRICS/Face_Morphing/MAD22/original_sorted/BonaFide/044_08.jpg,405,66,72
332,MAD22,OpenCV,random_80_20,train,/nas-ctm01/datasets/public/BIOMETRICS/Face_Morphing/MAD22/original_sorted/OpenCV/041_08-vs-069_08.jpg,041_08-vs-069_08.jpg,041_08-vs-069_08,041_08,069_08,041,069,/nas-ctm01/datasets/public/BIOMETRICS/Face_Morphing/MAD22/original_sorted/BonaFide/041_08.jpg,/nas-ctm01/datasets/public/BIOMETRICS/Face_Morphing/MAD22/original_sorted/BonaFide/069_08.jpg,406,66,89
333,MAD22,OpenCV,random_80_20,train,/nas-ctm01/datasets/public/BIOMETRICS/Face_Morphing/MAD22/original_sorted/OpenCV/041_08-vs-143_08.jpg,041_08-vs-143_08.jpg,041_08-vs-143_08,041_08,143_08,041,143,/nas-ctm01/datasets/public/BIOMETRICS/Face_Morphing/MAD22/original_sorted/BonaFide/041_08.jpg,/nas-ctm01/datasets/public/BIOMETRICS/Face_Morphing/MAD22/original_sorted/BonaFide/143_08.jpg,407,66,178
334,MAD22,OpenCV,random_80_20,train,/nas-ctm01/datasets/public/BIOMETRICS/Face_Morphing/MAD22/original_sorted/OpenCV/042_03-vs-115_03.jpg,042_03-vs-115_03.jpg,042_03-vs-115_03,042_03,115_03,042,115,/nas-ctm01/datasets/public/BIOMETRICS/Face_Morphing/MAD22/original_sorted/BonaFide/042_03.jpg,/nas-ctm01/datasets/public/BIOMETRICS/Face_Morphing/MAD22/original_sorted/BonaFide/115_03.jpg,408,67,130
335,MAD22,OpenCV,random_80_20,train,/nas-ctm01/datasets/public/BIOMETRICS/Face_Morphing/MAD22/original_sorted/OpenCV/042_03-vs-137_03.jpg,042_03-vs-137_03.jpg,042_03-vs-137_03,042_03,137_03,042,137,/nas-ctm01/datasets/public/BIOMETRICS/Face_Morphing/MAD22/original_sorted/BonaFide/042_03.jpg,/nas-ctm01/datasets/public/BIOMETRICS/Face_Morphing/MAD22/original_sorted/BonaFide/137_03.jpg,409,67,168
336,MAD22,OpenCV,random_80_20,train,/nas-ctm01/datasets/public/BIOMETRICS/Face_Morphing/MAD22/original_sorted/OpenCV/042_08-vs-045_08.jpg,042_08-vs-045_08.jpg,042_08-vs-045_08,042_08,045_08,042,045,/nas-ctm01/datasets/public/BIOMETRICS/Face_Morphing/MAD22/original_sorted/BonaFide/042_08.jpg,/nas-ctm01/datasets/public/BIOMETRICS/Face_Morphing/MAD22/original_sorted/BonaFide/045_08.jpg,411,68,73
337,MAD22,OpenCV,random_80_20,train,/nas-ctm01/datasets/public/BIOMETRICS/Face_Morphing/MAD22/original_sorted/OpenCV/042_08-vs-115_08.jpg,042_08-vs-115_08.jpg,042_08-vs-115_08,042_08,115_08,042,115,/nas-ctm01/datasets/public/BIOMETRICS/Face_Morphing/MAD22/original_sorted/BonaFide/042_08.jpg,/nas-ctm01/datasets/public/BIOMETRICS/Face_Morphing/MAD22/original_sorted/BonaFide/115_08.jpg,412,68,131
338,MAD22,OpenCV,random_80_20,train,/nas-ctm01/datasets/public/BIOMETRICS/Face_Morphing/MAD22/original_sorted/OpenCV/042_08-vs-140_08.jpg,042_08-vs-140_08.jpg,042_08-vs-140_08,042_08,140_08,042,140,/nas-ctm01/datasets/public/BIOMETRICS/Face_Morphing/MAD22/original_sorted/BonaFide/042_08.jpg,/nas-ctm01/datasets/public/BIOMETRICS/Face_Morphing/MAD22/original_sorted/BonaFide/140_08.jpg,413,68,172
339,MAD22,OpenCV,random_80_20,train,/nas-ctm01/datasets/public/BIOMETRICS/Face_Morphing/MAD22/original_sorted/OpenCV/042_08-vs-141_08.jpg,042_08-vs-141_08.jpg,042_08-vs-141_08,042_08,141_08,042,141,/nas-ctm01/datasets/public/BIOMETRICS/Face_Morphing/MAD22/original_sorted/BonaFide/042_08.jpg,/nas-ctm01/datasets/public/BIOMETRICS/Face_Morphing/MAD22/original_sorted/BonaFide/141_08.jpg,414,68,174
340,MAD22,OpenCV,random_80_20,train,/nas-ctm01/datasets/public/BIOMETRICS/Face_Morphing/MAD22/original_sorted/OpenCV/043_03-vs-092_03.jpg,043_03-vs-092_03.jpg,043_03-vs-092_03,043_03,092_03,043,092,/nas-ctm01/datasets/public/BIOMETRICS/Face_Morphing/MAD22/original_sorted/BonaFide/043_03.jpg,/nas-ctm01/datasets/public/BIOMETRICS/Face_Morphing/MAD22/original_sorted/BonaFide/092_03.jpg,415,69,102
341,MAD22,OpenCV,random_80_20,train,/nas-ctm01/datasets/public/BIOMETRICS/Face_Morphing/MAD22/original_sorted/OpenCV/043_08-vs-044_08.jpg,043_08-vs-044_08.jpg,043_08-vs-044_08,043_08,044_08,043,044,/nas-ctm01/datasets/public/BIOMETRICS/Face_Morphing/MAD22/original_sorted/BonaFide/043_08.jpg,/nas-ctm01/datasets/public/BIOMETRICS/Face_Morphing/MAD22/original_sorted/BonaFide/044_08.jpg,417,70,72
342,MAD22,OpenCV,random_80_20,train,/nas-ctm01/datasets/public/BIOMETRICS/Face_Morphing/MAD22/original_sorted/OpenCV/043_08-vs-045_08.jpg,043_08-vs-045_08.jpg,043_08-vs-045_08,043_08,045_08,043,045,/nas-ctm01/datasets/public/BIOMETRICS/Face_Morphing/MAD22/original_sorted/BonaFide/043_08.jpg,/nas-ctm01/datasets/public/BIOMETRICS/Face_Morphing/MAD22/original_sorted/BonaFide/045_08.jpg,418,70,73
343,MAD22,OpenCV,random_80_20,train,/nas-ctm01/datasets/public/BIOMETRICS/Face_Morphing/MAD22/original_sorted/OpenCV/043_08-vs-123_08.jpg,043_08-vs-123_08.jpg,043_08-vs-123_08,043_08,123_08,043,123,/nas-ctm01/datasets/public/BIOMETRICS/Face_Morphing/MAD22/original_sorted/BonaFide/043_08.jpg,/nas-ctm01/datasets/public/BIOMETRICS/Face_Morphing/MAD22/original_sorted/BonaFide/123_08.jpg,419,70,144
344,MAD22,OpenCV,random_80_20,train,/nas-ctm01/datasets/public/BIOMETRICS/Face_Morphing/MAD22/original_sorted/OpenCV/043_08-vs-172_08.jpg,043_08-vs-172_08.jpg,043_08-vs-172_08,043_08,172_08,043,172,/nas-ctm01/datasets/public/BIOMETRICS/Face_Morphing/MAD22/original_sorted/BonaFide/043_08.jpg,/nas-ctm01/datasets/public/BIOMETRICS/Face_Morphing/MAD22/original_sorted/BonaFide/172_08.jpg,420,70,182
345,MAD22,OpenCV,random_80_20,train,/nas-ctm01/datasets/public/BIOMETRICS/Face_Morphing/MAD22/original_sorted/OpenCV/044_03-vs-067_03.jpg,044_03-vs-067_03.jpg,044_03-vs-067_03,044_03,067_03,044,067,/nas-ctm01/datasets/public/BIOMETRICS/Face_Morphing/MAD22/original_sorted/BonaFide/044_03.jpg,/nas-ctm01/datasets/public/BIOMETRICS/Face_Morphing/MAD22/original_sorted/BonaFide/067_03.jpg,421,71,84
346,MAD22,OpenCV,random_80_20,train,/nas-ctm01/datasets/public/BIOMETRICS/Face_Morphing/MAD22/original_sorted/OpenCV/044_03-vs-082_03.jpg,044_03-vs-082_03.jpg,044_03-vs-082_03,044_03,082_03,044,082,/nas-ctm01/datasets/public/BIOMETRICS/Face_Morphing/MAD22/original_sorted/BonaFide/044_03.jpg,/nas-ctm01/datasets/public/BIOMETRICS/Face_Morphing/MAD22/original_sorted/BonaFide/082_03.jpg,422,71,92
347,MAD22,OpenCV,random_80_20,train,/nas-ctm01/datasets/public/BIOMETRICS/Face_Morphing/MAD22/original_sorted/OpenCV/044_03-vs-115_03.jpg,044_03-vs-115_03.jpg,044_03-vs-115_03,044_03,115_03,044,115,/nas-ctm01/datasets/public/BIOMETRICS/Face_Morphing/MAD22/original_sorted/BonaFide/044_03.jpg,/nas-ctm01/datasets/public/BIOMETRICS/Face_Morphing/MAD22/original_sorted/BonaFide/115_03.jpg,423,71,130
348,MAD22,OpenCV,random_80_20,train,/nas-ctm01/datasets/public/BIOMETRICS/Face_Morphing/MAD22/original_sorted/OpenCV/044_03-vs-173_03.jpg,044_03-vs-173_03.jpg,044_03-vs-173_03,044_03,173_03,044,173,/nas-ctm01/datasets/public/BIOMETRICS/Face_Morphing/MAD22/original_sorted/BonaFide/044_03.jpg,/nas-ctm01/datasets/public/BIOMETRICS/Face_Morphing/MAD22/original_sorted/BonaFide/173_03.jpg,424,71,183
349,MAD22,OpenCV,random_80_20,train,/nas-ctm01/datasets/public/BIOMETRICS/Face_Morphing/MAD22/original_sorted/OpenCV/044_08-vs-061_08.jpg,044_08-vs-061_08.jpg,044_08-vs-061_08,044_08,061_08,044,061,/nas-ctm01/datasets/public/BIOMETRICS/Face_Morphing/MAD22/original_sorted/BonaFide/044_08.jpg,/nas-ctm01/datasets/public/BIOMETRICS/Face_Morphing/MAD22/original_sorted/BonaFide/061_08.jpg,425,72,75
350,MAD22,OpenCV,random_80_20,train,/nas-ctm01/datasets/public/BIOMETRICS/Face_Morphing/MAD22/original_sorted/OpenCV/044_08-vs-082_08.jpg,044_08-vs-082_08.jpg,044_08-vs-082_08,044_08,082_08,044,082,/nas-ctm01/datasets/public/BIOMETRICS/Face_Morphing/MAD22/original_sorted/BonaFide/044_08.jpg,/nas-ctm01/datasets/public/BIOMETRICS/Face_Morphing/MAD22/original_sorted/BonaFide/082_08.jpg,426,72,93
351,MAD22,OpenCV,random_80_20,train,/nas-ctm01/datasets/public/BIOMETRICS/Face_Morphing/MAD22/original_sorted/OpenCV/044_08-vs-115_08.jpg,044_08-vs-115_08.jpg,044_08-vs-115_08,044_08,115_08,044,115,/nas-ctm01/datasets/public/BIOMETRICS/Face_Morphing/MAD22/original_sorted/BonaFide/044_08.jpg,/nas-ctm01/datasets/public/BIOMETRICS/Face_Morphing/MAD22/original_sorted/BonaFide/115_08.jpg,427,72,131
352,MAD22,OpenCV,random_80_20,train,/nas-ctm01/datasets/public/BIOMETRICS/Face_Morphing/MAD22/original_sorted/OpenCV/045_08-vs-063_08.jpg,045_08-vs-063_08.jpg,045_08-vs-063_08,045_08,063_08,045,063,/nas-ctm01/datasets/public/BIOMETRICS/Face_Morphing/MAD22/original_sorted/BonaFide/045_08.jpg,/nas-ctm01/datasets/public/BIOMETRICS/Face_Morphing/MAD22/original_sorted/BonaFide/063_08.jpg,428,73,79
353,MAD22,OpenCV,random_80_20,train,/nas-ctm01/datasets/public/BIOMETRICS/Face_Morphing/MAD22/original_sorted/OpenCV/045_08-vs-082_08.jpg,045_08-vs-082_08.jpg,045_08-vs-082_08,045_08,082_08,045,082,/nas-ctm01/datasets/public/BIOMETRICS/Face_Morphing/MAD22/original_sorted/BonaFide/045_08.jpg,/nas-ctm01/datasets/public/BIOMETRICS/Face_Morphing/MAD22/original_sorted/BonaFide/082_08.jpg,429,73,93
354,MAD22,OpenCV,random_80_20,train,/nas-ctm01/datasets/public/BIOMETRICS/Face_Morphing/MAD22/original_sorted/OpenCV/045_08-vs-123_08.jpg,045_08-vs-123_08.jpg,045_08-vs-123_08,045_08,123_08,045,123,/nas-ctm01/datasets/public/BIOMETRICS/Face_Morphing/MAD22/original_sorted/BonaFide/045_08.jpg,/nas-ctm01/datasets/public/BIOMETRICS/Face_Morphing/MAD22/original_sorted/BonaFide/123_08.jpg,430,73,144
355,MAD22,OpenCV,random_80_20,train,/nas-ctm01/datasets/public/BIOMETRICS/Face_Morphing/MAD22/original_sorted/OpenCV/045_08-vs-128_08.jpg,045_08-vs-128_08.jpg,045_08-vs-128_08,045_08,128_08,045,128,/nas-ctm01/datasets/public/BIOMETRICS/Face_Morphing/MAD22/original_sorted/BonaFide/045_08.jpg,/nas-ctm01/datasets/public/BIOMETRICS/Face_Morphing/MAD22/original_sorted/BonaFide/128_08.jpg,431,73,153
356,MAD22,OpenCV,random_80_20,train,/nas-ctm01/datasets/public/BIOMETRICS/Face_Morphing/MAD22/original_sorted/OpenCV/045_08-vs-143_08.jpg,045_08-vs-143_08.jpg,045_08-vs-143_08,045_08,143_08,045,143,/nas-ctm01/datasets/public/BIOMETRICS/Face_Morphing/MAD22/original_sorted/BonaFide/045_08.jpg,/nas-ctm01/datasets/public/BIOMETRICS/Face_Morphing/MAD22/original_sorted/BonaFide/143_08.jpg,433,73,178
357,MAD22,OpenCV,random_80_20,train,/nas-ctm01/datasets/public/BIOMETRICS/Face_Morphing/MAD22/original_sorted/OpenCV/061_03-vs-121_03.jpg,061_03-vs-121_03.jpg,061_03-vs-121_03,061_03,121_03,061,121,/nas-ctm01/datasets/public/BIOMETRICS/Face_Morphing/MAD22/original_sorted/BonaFide/061_03.jpg,/nas-ctm01/datasets/public/BIOMETRICS/Face_Morphing/MAD22/original_sorted/BonaFide/121_03.jpg,434,74,139
358,MAD22,OpenCV,random_80_20,train,/nas-ctm01/datasets/public/BIOMETRICS/Face_Morphing/MAD22/original_sorted/OpenCV/061_03-vs-125_03.jpg,061_03-vs-125_03.jpg,061_03-vs-125_03,061_03,125_03,061,125,/nas-ctm01/datasets/public/BIOMETRICS/Face_Morphing/MAD22/original_sorted/BonaFide/061_03.jpg,/nas-ctm01/datasets/public/BIOMETRICS/Face_Morphing/MAD22/original_sorted/BonaFide/125_03.jpg,435,74,147
359,MAD22,OpenCV,random_80_20,train,/nas-ctm01/datasets/public/BIOMETRICS/Face_Morphing/MAD22/original_sorted/OpenCV/061_03-vs-141_03.jpg,061_03-vs-141_03.jpg,061_03-vs-141_03,061_03,141_03,061,141,/nas-ctm01/datasets/public/BIOMETRICS/Face_Morphing/MAD22/original_sorted/BonaFide/061_03.jpg,/nas-ctm01/datasets/public/BIOMETRICS/Face_Morphing/MAD22/original_sorted/BonaFide/141_03.jpg,436,74,173
360,MAD22,OpenCV,random_80_20,train,/nas-ctm01/datasets/public/BIOMETRICS/Face_Morphing/MAD22/original_sorted/OpenCV/061_08-vs-121_08.jpg,061_08-vs-121_08.jpg,061_08-vs-121_08,061_08,121_08,061,121,/nas-ctm01/datasets/public/BIOMETRICS/Face_Morphing/MAD22/original_sorted/BonaFide/061_08.jpg,/nas-ctm01/datasets/public/BIOMETRICS/Face_Morphing/MAD22/original_sorted/BonaFide/121_08.jpg,438,75,140
361,MAD22,OpenCV,random_80_20,train,/nas-ctm01/datasets/public/BIOMETRICS/Face_Morphing/MAD22/original_sorted/OpenCV/061_08-vs-125_08.jpg,061_08-vs-125_08.jpg,061_08-vs-125_08,061_08,125_08,061,125,/nas-ctm01/datasets/public/BIOMETRICS/Face_Morphing/MAD22/original_sorted/BonaFide/061_08.jpg,/nas-ctm01/datasets/public/BIOMETRICS/Face_Morphing/MAD22/original_sorted/BonaFide/125_08.jpg,439,75,148
362,MAD22,OpenCV,random_80_20,train,/nas-ctm01/datasets/public/BIOMETRICS/Face_Morphing/MAD22/original_sorted/OpenCV/062_03-vs-066_03.jpg,062_03-vs-066_03.jpg,062_03-vs-066_03,062_03,066_03,062,066,/nas-ctm01/datasets/public/BIOMETRICS/Face_Morphing/MAD22/original_sorted/BonaFide/062_03.jpg,/nas-ctm01/datasets/public/BIOMETRICS/Face_Morphing/MAD22/original_sorted/BonaFide/066_03.jpg,441,76,82
363,MAD22,OpenCV,random_80_20,train,/nas-ctm01/datasets/public/BIOMETRICS/Face_Morphing/MAD22/original_sorted/OpenCV/062_03-vs-102_03.jpg,062_03-vs-102_03.jpg,062_03-vs-102_03,062_03,102_03,062,102,/nas-ctm01/datasets/public/BIOMETRICS/Face_Morphing/MAD22/original_sorted/BonaFide/062_03.jpg,/nas-ctm01/datasets/public/BIOMETRICS/Face_Morphing/MAD22/original_sorted/BonaFide/102_03.jpg,443,76,115
364,MAD22,OpenCV,random_80_20,train,/nas-ctm01/datasets/public/BIOMETRICS/Face_Morphing/MAD22/original_sorted/OpenCV/062_03-vs-118_03.jpg,062_03-vs-118_03.jpg,062_03-vs-118_03,062_03,118_03,062,118,/nas-ctm01/datasets/public/BIOMETRICS/Face_Morphing/MAD22/original_sorted/BonaFide/062_03.jpg,/nas-ctm01/datasets/public/BIOMETRICS/Face_Morphing/MAD22/original_sorted/BonaFide/118_03.jpg,444,76,133
365,MAD22,OpenCV,random_80_20,train,/nas-ctm01/datasets/public/BIOMETRICS/Face_Morphing/MAD22/original_sorted/OpenCV/062_03-vs-124_03.jpg,062_03-vs-124_03.jpg,062_03-vs-124_03,062_03,124_03,062,124,/nas-ctm01/datasets/public/BIOMETRICS/Face_Morphing/MAD22/original_sorted/BonaFide/062_03.jpg,/nas-ctm01/datasets/public/BIOMETRICS/Face_Morphing/MAD22/original_sorted/BonaFide/124_03.jpg,445,76,145
366,MAD22,OpenCV,random_80_20,train,/nas-ctm01/datasets/public/BIOMETRICS/Face_Morphing/MAD22/original_sorted/OpenCV/062_03-vs-126_03.jpg,062_03-vs-126_03.jpg,062_03-vs-126_03,062_03,126_03,062,126,/nas-ctm01/datasets/public/BIOMETRICS/Face_Morphing/MAD22/original_sorted/BonaFide/062_03.jpg,/nas-ctm01/datasets/public/BIOMETRICS/Face_Morphing/MAD22/original_sorted/BonaFide/126_03.jpg,446,76,149
367,MAD22,OpenCV,random_80_20,train,/nas-ctm01/datasets/public/BIOMETRICS/Face_Morphing/MAD22/original_sorted/OpenCV/062_08-vs-064_08.jpg,062_08-vs-064_08.jpg,062_08-vs-064_08,062_08,064_08,062,064,/nas-ctm01/datasets/public/BIOMETRICS/Face_Morphing/MAD22/original_sorted/BonaFide/062_08.jpg,/nas-ctm01/datasets/public/BIOMETRICS/Face_Morphing/MAD22/original_sorted/BonaFide/064_08.jpg,447,77,81
368,MAD22,OpenCV,random_80_20,train,/nas-ctm01/datasets/public/BIOMETRICS/Face_Morphing/MAD22/original_sorted/OpenCV/062_08-vs-066_08.jpg,062_08-vs-066_08.jpg,062_08-vs-066_08,062_08,066_08,062,066,/nas-ctm01/datasets/public/BIOMETRICS/Face_Morphing/MAD22/original_sorted/BonaFide/062_08.jpg,/nas-ctm01/datasets/public/BIOMETRICS/Face_Morphing/MAD22/original_sorted/BonaFide/066_08.jpg,448,77,83
369,MAD22,OpenCV,random_80_20,train,/nas-ctm01/datasets/public/BIOMETRICS/Face_Morphing/MAD22/original_sorted/OpenCV/062_08-vs-083_08.jpg,062_08-vs-083_08.jpg,062_08-vs-083_08,062_08,083_08,062,083,/nas-ctm01/datasets/public/BIOMETRICS/Face_Morphing/MAD22/original_sorted/BonaFide/062_08.jpg,/nas-ctm01/datasets/public/BIOMETRICS/Face_Morphing/MAD22/original_sorted/BonaFide/083_08.jpg,449,77,95
370,MAD22,OpenCV,random_80_20,train,/nas-ctm01/datasets/public/BIOMETRICS/Face_Morphing/MAD22/original_sorted/OpenCV/062_08-vs-118_08.jpg,062_08-vs-118_08.jpg,062_08-vs-118_08,062_08,118_08,062,118,/nas-ctm01/datasets/public/BIOMETRICS/Face_Morphing/MAD22/original_sorted/BonaFide/062_08.jpg,/nas-ctm01/datasets/public/BIOMETRICS/Face_Morphing/MAD22/original_sorted/BonaFide/118_08.jpg,453,77,134
371,MAD22,OpenCV,random_80_20,train,/nas-ctm01/datasets/public/BIOMETRICS/Face_Morphing/MAD22/original_sorted/OpenCV/062_08-vs-124_08.jpg,062_08-vs-124_08.jpg,062_08-vs-124_08,062_08,124_08,062,124,/nas-ctm01/datasets/public/BIOMETRICS/Face_Morphing/MAD22/original_sorted/BonaFide/062_08.jpg,/nas-ctm01/datasets/public/BIOMETRICS/Face_Morphing/MAD22/original_sorted/BonaFide/124_08.jpg,454,77,146
372,MAD22,OpenCV,random_80_20,train,/nas-ctm01/datasets/public/BIOMETRICS/Face_Morphing/MAD22/original_sorted/OpenCV/062_08-vs-126_08.jpg,062_08-vs-126_08.jpg,062_08-vs-126_08,062_08,126_08,062,126,/nas-ctm01/datasets/public/BIOMETRICS/Face_Morphing/MAD22/original_sorted/BonaFide/062_08.jpg,/nas-ctm01/datasets/public/BIOMETRICS/Face_Morphing/MAD22/original_sorted/BonaFide/126_08.jpg,455,77,150
373,MAD22,OpenCV,random_80_20,train,/nas-ctm01/datasets/public/BIOMETRICS/Face_Morphing/MAD22/original_sorted/OpenCV/063_03-vs-092_03.jpg,063_03-vs-092_03.jpg,063_03-vs-092_03,063_03,092_03,063,092,/nas-ctm01/datasets/public/BIOMETRICS/Face_Morphing/MAD22/original_sorted/BonaFide/063_03.jpg,/nas-ctm01/datasets/public/BIOMETRICS/Face_Morphing/MAD22/original_sorted/BonaFide/092_03.jpg,456,78,102
374,MAD22,OpenCV,random_80_20,train,/nas-ctm01/datasets/public/BIOMETRICS/Face_Morphing/MAD22/original_sorted/OpenCV/063_03-vs-104_03.jpg,063_03-vs-104_03.jpg,063_03-vs-104_03,063_03,104_03,063,104,/nas-ctm01/datasets/public/BIOMETRICS/Face_Morphing/MAD22/original_sorted/BonaFide/063_03.jpg,/nas-ctm01/datasets/public/BIOMETRICS/Face_Morphing/MAD22/original_sorted/BonaFide/104_03.jpg,457,78,119
375,MAD22,OpenCV,random_80_20,train,/nas-ctm01/datasets/public/BIOMETRICS/Face_Morphing/MAD22/original_sorted/OpenCV/063_03-vs-115_03.jpg,063_03-vs-115_03.jpg,063_03-vs-115_03,063_03,115_03,063,115,/nas-ctm01/datasets/public/BIOMETRICS/Face_Morphing/MAD22/original_sorted/BonaFide/063_03.jpg,/nas-ctm01/datasets/public/BIOMETRICS/Face_Morphing/MAD22/original_sorted/BonaFide/115_03.jpg,458,78,130
376,MAD22,OpenCV,random_80_20,train,/nas-ctm01/datasets/public/BIOMETRICS/Face_Morphing/MAD22/original_sorted/OpenCV/063_03-vs-123_03.jpg,063_03-vs-123_03.jpg,063_03-vs-123_03,063_03,123_03,063,123,/nas-ctm01/datasets/public/BIOMETRICS/Face_Morphing/MAD22/original_sorted/BonaFide/063_03.jpg,/nas-ctm01/datasets/public/BIOMETRICS/Face_Morphing/MAD22/original_sorted/BonaFide/123_03.jpg,459,78,143
377,MAD22,OpenCV,random_80_20,train,/nas-ctm01/datasets/public/BIOMETRICS/Face_Morphing/MAD22/original_sorted/OpenCV/063_03-vs-125_03.jpg,063_03-vs-125_03.jpg,063_03-vs-125_03,063_03,125_03,063,125,/nas-ctm01/datasets/public/BIOMETRICS/Face_Morphing/MAD22/original_sorted/BonaFide/063_03.jpg,/nas-ctm01/datasets/public/BIOMETRICS/Face_Morphing/MAD22/original_sorted/BonaFide/125_03.jpg,460,78,147
378,MAD22,OpenCV,random_80_20,train,/nas-ctm01/datasets/public/BIOMETRICS/Face_Morphing/MAD22/original_sorted/OpenCV/063_03-vs-130_03.jpg,063_03-vs-130_03.jpg,063_03-vs-130_03,063_03,130_03,063,130,/nas-ctm01/datasets/public/BIOMETRICS/Face_Morphing/MAD22/original_sorted/BonaFide/063_03.jpg,/nas-ctm01/datasets/public/BIOMETRICS/Face_Morphing/MAD22/original_sorted/BonaFide/130_03.jpg,461,78,156
379,MAD22,OpenCV,random_80_20,train,/nas-ctm01/datasets/public/BIOMETRICS/Face_Morphing/MAD22/original_sorted/OpenCV/063_08-vs-069_08.jpg,063_08-vs-069_08.jpg,063_08-vs-069_08,063_08,069_08,063,069,/nas-ctm01/datasets/public/BIOMETRICS/Face_Morphing/MAD22/original_sorted/BonaFide/063_08.jpg,/nas-ctm01/datasets/public/BIOMETRICS/Face_Morphing/MAD22/original_sorted/BonaFide/069_08.jpg,462,79,89
380,MAD22,OpenCV,random_80_20,train,/nas-ctm01/datasets/public/BIOMETRICS/Face_Morphing/MAD22/original_sorted/OpenCV/063_08-vs-070_08.jpg,063_08-vs-070_08.jpg,063_08-vs-070_08,063_08,070_08,063,070,/nas-ctm01/datasets/public/BIOMETRICS/Face_Morphing/MAD22/original_sorted/BonaFide/063_08.jpg,/nas-ctm01/datasets/public/BIOMETRICS/Face_Morphing/MAD22/original_sorted/BonaFide/070_08.jpg,463,79,90
381,MAD22,OpenCV,random_80_20,train,/nas-ctm01/datasets/public/BIOMETRICS/Face_Morphing/MAD22/original_sorted/OpenCV/063_08-vs-092_08.jpg,063_08-vs-092_08.jpg,063_08-vs-092_08,063_08,092_08,063,092,/nas-ctm01/datasets/public/BIOMETRICS/Face_Morphing/MAD22/original_sorted/BonaFide/063_08.jpg,/nas-ctm01/datasets/public/BIOMETRICS/Face_Morphing/MAD22/original_sorted/BonaFide/092_08.jpg,464,79,103
382,MAD22,OpenCV,random_80_20,train,/nas-ctm01/datasets/public/BIOMETRICS/Face_Morphing/MAD22/original_sorted/OpenCV/063_08-vs-096_08.jpg,063_08-vs-096_08.jpg,063_08-vs-096_08,063_08,096_08,063,096,/nas-ctm01/datasets/public/BIOMETRICS/Face_Morphing/MAD22/original_sorted/BonaFide/063_08.jpg,/nas-ctm01/datasets/public/BIOMETRICS/Face_Morphing/MAD22/original_sorted/BonaFide/096_08.jpg,465,79,107
383,MAD22,OpenCV,random_80_20,train,/nas-ctm01/datasets/public/BIOMETRICS/Face_Morphing/MAD22/original_sorted/OpenCV/063_08-vs-115_08.jpg,063_08-vs-115_08.jpg,063_08-vs-115_08,063_08,115_08,063,115,/nas-ctm01/datasets/public/BIOMETRICS/Face_Morphing/MAD22/original_sorted/BonaFide/063_08.jpg,/nas-ctm01/datasets/public/BIOMETRICS/Face_Morphing/MAD22/original_sorted/BonaFide/115_08.jpg,466,79,131
384,MAD22,OpenCV,random_80_20,train,/nas-ctm01/datasets/public/BIOMETRICS/Face_Morphing/MAD22/original_sorted/OpenCV/063_08-vs-125_08.jpg,063_08-vs-125_08.jpg,063_08-vs-125_08,063_08,125_08,063,125,/nas-ctm01/datasets/public/BIOMETRICS/Face_Morphing/MAD22/original_sorted/BonaFide/063_08.jpg,/nas-ctm01/datasets/public/BIOMETRICS/Face_Morphing/MAD22/original_sorted/BonaFide/125_08.jpg,467,79,148
385,MAD22,OpenCV,random_80_20,train,/nas-ctm01/datasets/public/BIOMETRICS/Face_Morphing/MAD22/original_sorted/OpenCV/063_08-vs-130_08.jpg,063_08-vs-130_08.jpg,063_08-vs-130_08,063_08,130_08,063,130,/nas-ctm01/datasets/public/BIOMETRICS/Face_Morphing/MAD22/original_sorted/BonaFide/063_08.jpg,/nas-ctm01/datasets/public/BIOMETRICS/Face_Morphing/MAD22/original_sorted/BonaFide/130_08.jpg,468,79,157
386,MAD22,OpenCV,random_80_20,train,/nas-ctm01/datasets/public/BIOMETRICS/Face_Morphing/MAD22/original_sorted/OpenCV/063_08-vs-132_08.jpg,063_08-vs-132_08.jpg,063_08-vs-132_08,063_08,132_08,063,132,/nas-ctm01/datasets/public/BIOMETRICS/Face_Morphing/MAD22/original_sorted/BonaFide/063_08.jpg,/nas-ctm01/datasets/public/BIOMETRICS/Face_Morphing/MAD22/original_sorted/BonaFide/132_08.jpg,469,79,161
387,MAD22,OpenCV,random_80_20,train,/nas-ctm01/datasets/public/BIOMETRICS/Face_Morphing/MAD22/original_sorted/OpenCV/063_08-vs-140_08.jpg,063_08-vs-140_08.jpg,063_08-vs-140_08,063_08,140_08,063,140,/nas-ctm01/datasets/public/BIOMETRICS/Face_Morphing/MAD22/original_sorted/BonaFide/063_08.jpg,/nas-ctm01/datasets/public/BIOMETRICS/Face_Morphing/MAD22/original_sorted/BonaFide/140_08.jpg,470,79,172
388,MAD22,OpenCV,random_80_20,train,/nas-ctm01/datasets/public/BIOMETRICS/Face_Morphing/MAD22/original_sorted/OpenCV/063_08-vs-143_08.jpg,063_08-vs-143_08.jpg,063_08-vs-143_08,063_08,143_08,063,143,/nas-ctm01/datasets/public/BIOMETRICS/Face_Morphing/MAD22/original_sorted/BonaFide/063_08.jpg,/nas-ctm01/datasets/public/BIOMETRICS/Face_Morphing/MAD22/original_sorted/BonaFide/143_08.jpg,471,79,178
389,MAD22,OpenCV,random_80_20,train,/nas-ctm01/datasets/public/BIOMETRICS/Face_Morphing/MAD22/original_sorted/OpenCV/064_03-vs-066_03.jpg,064_03-vs-066_03.jpg,064_03-vs-066_03,064_03,066_03,064,066,/nas-ctm01/datasets/public/BIOMETRICS/Face_Morphing/MAD22/original_sorted/BonaFide/064_03.jpg,/nas-ctm01/datasets/public/BIOMETRICS/Face_Morphing/MAD22/original_sorted/BonaFide/066_03.jpg,472,80,82
390,MAD22,OpenCV,random_80_20,train,/nas-ctm01/datasets/public/BIOMETRICS/Face_Morphing/MAD22/original_sorted/OpenCV/064_03-vs-094_03.jpg,064_03-vs-094_03.jpg,064_03-vs-094_03,064_03,094_03,064,094,/nas-ctm01/datasets/public/BIOMETRICS/Face_Morphing/MAD22/original_sorted/BonaFide/064_03.jpg,/nas-ctm01/datasets/public/BIOMETRICS/Face_Morphing/MAD22/original_sorted/BonaFide/094_03.jpg,473,80,104
391,MAD22,OpenCV,random_80_20,train,/nas-ctm01/datasets/public/BIOMETRICS/Face_Morphing/MAD22/original_sorted/OpenCV/064_03-vs-097_03.jpg,064_03-vs-097_03.jpg,064_03-vs-097_03,064_03,097_03,064,097,/nas-ctm01/datasets/public/BIOMETRICS/Face_Morphing/MAD22/original_sorted/BonaFide/064_03.jpg,/nas-ctm01/datasets/public/BIOMETRICS/Face_Morphing/MAD22/original_sorted/BonaFide/097_03.jpg,474,80,108
392,MAD22,OpenCV,random_80_20,train,/nas-ctm01/datasets/public/BIOMETRICS/Face_Morphing/MAD22/original_sorted/OpenCV/064_03-vs-122_03.jpg,064_03-vs-122_03.jpg,064_03-vs-122_03,064_03,122_03,064,122,/nas-ctm01/datasets/public/BIOMETRICS/Face_Morphing/MAD22/original_sorted/BonaFide/064_03.jpg,/nas-ctm01/datasets/public/BIOMETRICS/Face_Morphing/MAD22/original_sorted/BonaFide/122_03.jpg,476,80,141
393,MAD22,OpenCV,random_80_20,train,/nas-ctm01/datasets/public/BIOMETRICS/Face_Morphing/MAD22/original_sorted/OpenCV/064_03-vs-134_03.jpg,064_03-vs-134_03.jpg,064_03-vs-134_03,064_03,134_03,064,134,/nas-ctm01/datasets/public/BIOMETRICS/Face_Morphing/MAD22/original_sorted/BonaFide/064_03.jpg,/nas-ctm01/datasets/public/BIOMETRICS/Face_Morphing/MAD22/original_sorted/BonaFide/134_03.jpg,477,80,162
394,MAD22,OpenCV,random_80_20,train,/nas-ctm01/datasets/public/BIOMETRICS/Face_Morphing/MAD22/original_sorted/OpenCV/064_03-vs-135_03.jpg,064_03-vs-135_03.jpg,064_03-vs-135_03,064_03,135_03,064,135,/nas-ctm01/datasets/public/BIOMETRICS/Face_Morphing/MAD22/original_sorted/BonaFide/064_03.jpg,/nas-ctm01/datasets/public/BIOMETRICS/Face_Morphing/MAD22/original_sorted/BonaFide/135_03.jpg,478,80,164
395,MAD22,OpenCV,random_80_20,train,/nas-ctm01/datasets/public/BIOMETRICS/Face_Morphing/MAD22/original_sorted/OpenCV/064_08-vs-066_08.jpg,064_08-vs-066_08.jpg,064_08-vs-066_08,064_08,066_08,064,066,/nas-ctm01/datasets/public/BIOMETRICS/Face_Morphing/MAD22/original_sorted/BonaFide/064_08.jpg,/nas-ctm01/datasets/public/BIOMETRICS/Face_Morphing/MAD22/original_sorted/BonaFide/066_08.jpg,479,81,83
396,MAD22,OpenCV,random_80_20,train,/nas-ctm01/datasets/public/BIOMETRICS/Face_Morphing/MAD22/original_sorted/OpenCV/064_08-vs-091_08.jpg,064_08-vs-091_08.jpg,064_08-vs-091_08,064_08,091_08,064,091,/nas-ctm01/datasets/public/BIOMETRICS/Face_Morphing/MAD22/original_sorted/BonaFide/064_08.jpg,/nas-ctm01/datasets/public/BIOMETRICS/Face_Morphing/MAD22/original_sorted/BonaFide/091_08.jpg,480,81,101
397,MAD22,OpenCV,random_80_20,train,/nas-ctm01/datasets/public/BIOMETRICS/Face_Morphing/MAD22/original_sorted/OpenCV/064_08-vs-097_08.jpg,064_08-vs-097_08.jpg,064_08-vs-097_08,064_08,097_08,064,097,/nas-ctm01/datasets/public/BIOMETRICS/Face_Morphing/MAD22/original_sorted/BonaFide/064_08.jpg,/nas-ctm01/datasets/public/BIOMETRICS/Face_Morphing/MAD22/original_sorted/BonaFide/097_08.jpg,481,81,109
398,MAD22,OpenCV,random_80_20,train,/nas-ctm01/datasets/public/BIOMETRICS/Face_Morphing/MAD22/original_sorted/OpenCV/064_08-vs-099_08.jpg,064_08-vs-099_08.jpg,064_08-vs-099_08,064_08,099_08,064,099,/nas-ctm01/datasets/public/BIOMETRICS/Face_Morphing/MAD22/original_sorted/BonaFide/064_08.jpg,/nas-ctm01/datasets/public/BIOMETRICS/Face_Morphing/MAD22/original_sorted/BonaFide/099_08.jpg,482,81,111
399,MAD22,OpenCV,random_80_20,train,/nas-ctm01/datasets/public/BIOMETRICS/Face_Morphing/MAD22/original_sorted/OpenCV/064_08-vs-134_08.jpg,064_08-vs-134_08.jpg,064_08-vs-134_08,064_08,134_08,064,134,/nas-ctm01/datasets/public/BIOMETRICS/Face_Morphing/MAD22/original_sorted/BonaFide/064_08.jpg,/nas-ctm01/datasets/public/BIOMETRICS/Face_Morphing/MAD22/original_sorted/BonaFide/134_08.jpg,485,81,163
400,MAD22,OpenCV,random_80_20,train,/nas-ctm01/datasets/public/BIOMETRICS/Face_Morphing/MAD22/original_sorted/OpenCV/066_03-vs-083_03.jpg,066_03-vs-083_03.jpg,066_03-vs-083_03,066_03,083_03,066,083,/nas-ctm01/datasets/public/BIOMETRICS/Face_Morphing/MAD22/original_sorted/BonaFide/066_03.jpg,/nas-ctm01/datasets/public/BIOMETRICS/Face_Morphing/MAD22/original_sorted/BonaFide/083_03.jpg,486,82,94
401,MAD22,OpenCV,random_80_20,train,/nas-ctm01/datasets/public/BIOMETRICS/Face_Morphing/MAD22/original_sorted/OpenCV/066_03-vs-090_03.jpg,066_03-vs-090_03.jpg,066_03-vs-090_03,066_03,090_03,066,090,/nas-ctm01/datasets/public/BIOMETRICS/Face_Morphing/MAD22/original_sorted/BonaFide/066_03.jpg,/nas-ctm01/datasets/public/BIOMETRICS/Face_Morphing/MAD22/original_sorted/BonaFide/090_03.jpg,487,82,99
402,MAD22,OpenCV,random_80_20,train,/nas-ctm01/datasets/public/BIOMETRICS/Face_Morphing/MAD22/original_sorted/OpenCV/066_03-vs-094_03.jpg,066_03-vs-094_03.jpg,066_03-vs-094_03,066_03,094_03,066,094,/nas-ctm01/datasets/public/BIOMETRICS/Face_Morphing/MAD22/original_sorted/BonaFide/066_03.jpg,/nas-ctm01/datasets/public/BIOMETRICS/Face_Morphing/MAD22/original_sorted/BonaFide/094_03.jpg,488,82,104
403,MAD22,OpenCV,random_80_20,train,/nas-ctm01/datasets/public/BIOMETRICS/Face_Morphing/MAD22/original_sorted/OpenCV/066_03-vs-097_03.jpg,066_03-vs-097_03.jpg,066_03-vs-097_03,066_03,097_03,066,097,/nas-ctm01/datasets/public/BIOMETRICS/Face_Morphing/MAD22/original_sorted/BonaFide/066_03.jpg,/nas-ctm01/datasets/public/BIOMETRICS/Face_Morphing/MAD22/original_sorted/BonaFide/097_03.jpg,489,82,108
404,MAD22,OpenCV,random_80_20,train,/nas-ctm01/datasets/public/BIOMETRICS/Face_Morphing/MAD22/original_sorted/OpenCV/066_03-vs-113_03.jpg,066_03-vs-113_03.jpg,066_03-vs-113_03,066_03,113_03,066,113,/nas-ctm01/datasets/public/BIOMETRICS/Face_Morphing/MAD22/original_sorted/BonaFide/066_03.jpg,/nas-ctm01/datasets/public/BIOMETRICS/Face_Morphing/MAD22/original_sorted/BonaFide/113_03.jpg,492,82,127
405,MAD22,OpenCV,random_80_20,train,/nas-ctm01/datasets/public/BIOMETRICS/Face_Morphing/MAD22/original_sorted/OpenCV/066_08-vs-083_08.jpg,066_08-vs-083_08.jpg,066_08-vs-083_08,066_08,083_08,066,083,/nas-ctm01/datasets/public/BIOMETRICS/Face_Morphing/MAD22/original_sorted/BonaFide/066_08.jpg,/nas-ctm01/datasets/public/BIOMETRICS/Face_Morphing/MAD22/original_sorted/BonaFide/083_08.jpg,493,83,95
406,MAD22,OpenCV,random_80_20,train,/nas-ctm01/datasets/public/BIOMETRICS/Face_Morphing/MAD22/original_sorted/OpenCV/066_08-vs-087_08.jpg,066_08-vs-087_08.jpg,066_08-vs-087_08,066_08,087_08,066,087,/nas-ctm01/datasets/public/BIOMETRICS/Face_Morphing/MAD22/original_sorted/BonaFide/066_08.jpg,/nas-ctm01/datasets/public/BIOMETRICS/Face_Morphing/MAD22/original_sorted/BonaFide/087_08.jpg,494,83,98
407,MAD22,OpenCV,random_80_20,train,/nas-ctm01/datasets/public/BIOMETRICS/Face_Morphing/MAD22/original_sorted/OpenCV/066_08-vs-094_08.jpg,066_08-vs-094_08.jpg,066_08-vs-094_08,066_08,094_08,066,094,/nas-ctm01/datasets/public/BIOMETRICS/Face_Morphing/MAD22/original_sorted/BonaFide/066_08.jpg,/nas-ctm01/datasets/public/BIOMETRICS/Face_Morphing/MAD22/original_sorted/BonaFide/094_08.jpg,495,83,105
408,MAD22,OpenCV,random_80_20,train,/nas-ctm01/datasets/public/BIOMETRICS/Face_Morphing/MAD22/original_sorted/OpenCV/066_08-vs-099_08.jpg,066_08-vs-099_08.jpg,066_08-vs-099_08,066_08,099_08,066,099,/nas-ctm01/datasets/public/BIOMETRICS/Face_Morphing/MAD22/original_sorted/BonaFide/066_08.jpg,/nas-ctm01/datasets/public/BIOMETRICS/Face_Morphing/MAD22/original_sorted/BonaFide/099_08.jpg,496,83,111
409,MAD22,OpenCV,random_80_20,train,/nas-ctm01/datasets/public/BIOMETRICS/Face_Morphing/MAD22/original_sorted/OpenCV/066_08-vs-126_08.jpg,066_08-vs-126_08.jpg,066_08-vs-126_08,066_08,126_08,066,126,/nas-ctm01/datasets/public/BIOMETRICS/Face_Morphing/MAD22/original_sorted/BonaFide/066_08.jpg,/nas-ctm01/datasets/public/BIOMETRICS/Face_Morphing/MAD22/original_sorted/BonaFide/126_08.jpg,497,83,150
410,MAD22,OpenCV,random_80_20,train,/nas-ctm01/datasets/public/BIOMETRICS/Face_Morphing/MAD22/original_sorted/OpenCV/066_08-vs-129_08.jpg,066_08-vs-129_08.jpg,066_08-vs-129_08,066_08,129_08,066,129,/nas-ctm01/datasets/public/BIOMETRICS/Face_Morphing/MAD22/original_sorted/BonaFide/066_08.jpg,/nas-ctm01/datasets/public/BIOMETRICS/Face_Morphing/MAD22/original_sorted/BonaFide/129_08.jpg,498,83,155
411,MAD22,OpenCV,random_80_20,train,/nas-ctm01/datasets/public/BIOMETRICS/Face_Morphing/MAD22/original_sorted/OpenCV/067_03-vs-069_03.jpg,067_03-vs-069_03.jpg,067_03-vs-069_03,067_03,069_03,067,069,/nas-ctm01/datasets/public/BIOMETRICS/Face_Morphing/MAD22/original_sorted/BonaFide/067_03.jpg,/nas-ctm01/datasets/public/BIOMETRICS/Face_Morphing/MAD22/original_sorted/BonaFide/069_03.jpg,499,84,88
412,MAD22,OpenCV,random_80_20,train,/nas-ctm01/datasets/public/BIOMETRICS/Face_Morphing/MAD22/original_sorted/OpenCV/067_03-vs-130_03.jpg,067_03-vs-130_03.jpg,067_03-vs-130_03,067_03,130_03,067,130,/nas-ctm01/datasets/public/BIOMETRICS/Face_Morphing/MAD22/original_sorted/BonaFide/067_03.jpg,/nas-ctm01/datasets/public/BIOMETRICS/Face_Morphing/MAD22/original_sorted/BonaFide/130_03.jpg,501,84,156
413,MAD22,OpenCV,random_80_20,train,/nas-ctm01/datasets/public/BIOMETRICS/Face_Morphing/MAD22/original_sorted/OpenCV/067_08-vs-128_08.jpg,067_08-vs-128_08.jpg,067_08-vs-128_08,067_08,128_08,067,128,/nas-ctm01/datasets/public/BIOMETRICS/Face_Morphing/MAD22/original_sorted/BonaFide/067_08.jpg,/nas-ctm01/datasets/public/BIOMETRICS/Face_Morphing/MAD22/original_sorted/BonaFide/128_08.jpg,505,85,153
414,MAD22,OpenCV,random_80_20,train,/nas-ctm01/datasets/public/BIOMETRICS/Face_Morphing/MAD22/original_sorted/OpenCV/067_08-vs-130_08.jpg,067_08-vs-130_08.jpg,067_08-vs-130_08,067_08,130_08,067,130,/nas-ctm01/datasets/public/BIOMETRICS/Face_Morphing/MAD22/original_sorted/BonaFide/067_08.jpg,/nas-ctm01/datasets/public/BIOMETRICS/Face_Morphing/MAD22/original_sorted/BonaFide/130_08.jpg,506,85,157
415,MAD22,OpenCV,random_80_20,train,/nas-ctm01/datasets/public/BIOMETRICS/Face_Morphing/MAD22/original_sorted/OpenCV/067_08-vs-141_08.jpg,067_08-vs-141_08.jpg,067_08-vs-141_08,067_08,141_08,067,141,/nas-ctm01/datasets/public/BIOMETRICS/Face_Morphing/MAD22/original_sorted/BonaFide/067_08.jpg,/nas-ctm01/datasets/public/BIOMETRICS/Face_Morphing/MAD22/original_sorted/BonaFide/141_08.jpg,507,85,174
416,MAD22,OpenCV,random_80_20,train,/nas-ctm01/datasets/public/BIOMETRICS/Face_Morphing/MAD22/original_sorted/OpenCV/068_03-vs-132_03.jpg,068_03-vs-132_03.jpg,068_03-vs-132_03,068_03,132_03,068,132,/nas-ctm01/datasets/public/BIOMETRICS/Face_Morphing/MAD22/original_sorted/BonaFide/068_03.jpg,/nas-ctm01/datasets/public/BIOMETRICS/Face_Morphing/MAD22/original_sorted/BonaFide/132_03.jpg,509,86,160
417,MAD22,OpenCV,random_80_20,train,/nas-ctm01/datasets/public/BIOMETRICS/Face_Morphing/MAD22/original_sorted/OpenCV/068_03-vs-138_03.jpg,068_03-vs-138_03.jpg,068_03-vs-138_03,068_03,138_03,068,138,/nas-ctm01/datasets/public/BIOMETRICS/Face_Morphing/MAD22/original_sorted/BonaFide/068_03.jpg,/nas-ctm01/datasets/public/BIOMETRICS/Face_Morphing/MAD22/original_sorted/BonaFide/138_03.jpg,510,86,169
418,MAD22,OpenCV,random_80_20,train,/nas-ctm01/datasets/public/BIOMETRICS/Face_Morphing/MAD22/original_sorted/OpenCV/068_03-vs-143_03.jpg,068_03-vs-143_03.jpg,068_03-vs-143_03,068_03,143_03,068,143,/nas-ctm01/datasets/public/BIOMETRICS/Face_Morphing/MAD22/original_sorted/BonaFide/068_03.jpg,/nas-ctm01/datasets/public/BIOMETRICS/Face_Morphing/MAD22/original_sorted/BonaFide/143_03.jpg,511,86,177
419,MAD22,OpenCV,random_80_20,train,/nas-ctm01/datasets/public/BIOMETRICS/Face_Morphing/MAD22/original_sorted/OpenCV/068_08-vs-082_08.jpg,068_08-vs-082_08.jpg,068_08-vs-082_08,068_08,082_08,068,082,/nas-ctm01/datasets/public/BIOMETRICS/Face_Morphing/MAD22/original_sorted/BonaFide/068_08.jpg,/nas-ctm01/datasets/public/BIOMETRICS/Face_Morphing/MAD22/original_sorted/BonaFide/082_08.jpg,512,87,93
420,MAD22,OpenCV,random_80_20,train,/nas-ctm01/datasets/public/BIOMETRICS/Face_Morphing/MAD22/original_sorted/OpenCV/068_08-vs-115_08.jpg,068_08-vs-115_08.jpg,068_08-vs-115_08,068_08,115_08,068,115,/nas-ctm01/datasets/public/BIOMETRICS/Face_Morphing/MAD22/original_sorted/BonaFide/068_08.jpg,/nas-ctm01/datasets/public/BIOMETRICS/Face_Morphing/MAD22/original_sorted/BonaFide/115_08.jpg,513,87,131
421,MAD22,OpenCV,random_80_20,train,/nas-ctm01/datasets/public/BIOMETRICS/Face_Morphing/MAD22/original_sorted/OpenCV/068_08-vs-128_08.jpg,068_08-vs-128_08.jpg,068_08-vs-128_08,068_08,128_08,068,128,/nas-ctm01/datasets/public/BIOMETRICS/Face_Morphing/MAD22/original_sorted/BonaFide/068_08.jpg,/nas-ctm01/datasets/public/BIOMETRICS/Face_Morphing/MAD22/original_sorted/BonaFide/128_08.jpg,514,87,153
422,MAD22,OpenCV,random_80_20,train,/nas-ctm01/datasets/public/BIOMETRICS/Face_Morphing/MAD22/original_sorted/OpenCV/068_08-vs-132_08.jpg,068_08-vs-132_08.jpg,068_08-vs-132_08,068_08,132_08,068,132,/nas-ctm01/datasets/public/BIOMETRICS/Face_Morphing/MAD22/original_sorted/BonaFide/068_08.jpg,/nas-ctm01/datasets/public/BIOMETRICS/Face_Morphing/MAD22/original_sorted/BonaFide/132_08.jpg,515,87,161
423,MAD22,OpenCV,random_80_20,train,/nas-ctm01/datasets/public/BIOMETRICS/Face_Morphing/MAD22/original_sorted/OpenCV/068_08-vs-143_08.jpg,068_08-vs-143_08.jpg,068_08-vs-143_08,068_08,143_08,068,143,/nas-ctm01/datasets/public/BIOMETRICS/Face_Morphing/MAD22/original_sorted/BonaFide/068_08.jpg,/nas-ctm01/datasets/public/BIOMETRICS/Face_Morphing/MAD22/original_sorted/BonaFide/143_08.jpg,516,87,178
424,MAD22,OpenCV,random_80_20,train,/nas-ctm01/datasets/public/BIOMETRICS/Face_Morphing/MAD22/original_sorted/OpenCV/069_03-vs-104_03.jpg,069_03-vs-104_03.jpg,069_03-vs-104_03,069_03,104_03,069,104,/nas-ctm01/datasets/public/BIOMETRICS/Face_Morphing/MAD22/original_sorted/BonaFide/069_03.jpg,/nas-ctm01/datasets/public/BIOMETRICS/Face_Morphing/MAD22/original_sorted/BonaFide/104_03.jpg,517,88,119
425,MAD22,OpenCV,random_80_20,train,/nas-ctm01/datasets/public/BIOMETRICS/Face_Morphing/MAD22/original_sorted/OpenCV/069_03-vs-130_03.jpg,069_03-vs-130_03.jpg,069_03-vs-130_03,069_03,130_03,069,130,/nas-ctm01/datasets/public/BIOMETRICS/Face_Morphing/MAD22/original_sorted/BonaFide/069_03.jpg,/nas-ctm01/datasets/public/BIOMETRICS/Face_Morphing/MAD22/original_sorted/BonaFide/130_03.jpg,519,88,156
426,MAD22,OpenCV,random_80_20,train,/nas-ctm01/datasets/public/BIOMETRICS/Face_Morphing/MAD22/original_sorted/OpenCV/069_03-vs-131_03.jpg,069_03-vs-131_03.jpg,069_03-vs-131_03,069_03,131_03,069,131,/nas-ctm01/datasets/public/BIOMETRICS/Face_Morphing/MAD22/original_sorted/BonaFide/069_03.jpg,/nas-ctm01/datasets/public/BIOMETRICS/Face_Morphing/MAD22/original_sorted/BonaFide/131_03.jpg,520,88,158
427,MAD22,OpenCV,random_80_20,train,/nas-ctm01/datasets/public/BIOMETRICS/Face_Morphing/MAD22/original_sorted/OpenCV/069_03-vs-132_03.jpg,069_03-vs-132_03.jpg,069_03-vs-132_03,069_03,132_03,069,132,/nas-ctm01/datasets/public/BIOMETRICS/Face_Morphing/MAD22/original_sorted/BonaFide/069_03.jpg,/nas-ctm01/datasets/public/BIOMETRICS/Face_Morphing/MAD22/original_sorted/BonaFide/132_03.jpg,521,88,160
428,MAD22,OpenCV,random_80_20,train,/nas-ctm01/datasets/public/BIOMETRICS/Face_Morphing/MAD22/original_sorted/OpenCV/069_03-vs-172_03.jpg,069_03-vs-172_03.jpg,069_03-vs-172_03,069_03,172_03,069,172,/nas-ctm01/datasets/public/BIOMETRICS/Face_Morphing/MAD22/original_sorted/BonaFide/069_03.jpg,/nas-ctm01/datasets/public/BIOMETRICS/Face_Morphing/MAD22/original_sorted/BonaFide/172_03.jpg,522,88,181
429,MAD22,OpenCV,random_80_20,train,/nas-ctm01/datasets/public/BIOMETRICS/Face_Morphing/MAD22/original_sorted/OpenCV/069_08-vs-092_08.jpg,069_08-vs-092_08.jpg,069_08-vs-092_08,069_08,092_08,069,092,/nas-ctm01/datasets/public/BIOMETRICS/Face_Morphing/MAD22/original_sorted/BonaFide/069_08.jpg,/nas-ctm01/datasets/public/BIOMETRICS/Face_Morphing/MAD22/original_sorted/BonaFide/092_08.jpg,523,89,103
430,MAD22,OpenCV,random_80_20,train,/nas-ctm01/datasets/public/BIOMETRICS/Face_Morphing/MAD22/original_sorted/OpenCV/069_08-vs-115_08.jpg,069_08-vs-115_08.jpg,069_08-vs-115_08,069_08,115_08,069,115,/nas-ctm01/datasets/public/BIOMETRICS/Face_Morphing/MAD22/original_sorted/BonaFide/069_08.jpg,/nas-ctm01/datasets/public/BIOMETRICS/Face_Morphing/MAD22/original_sorted/BonaFide/115_08.jpg,524,89,131
431,MAD22,OpenCV,random_80_20,train,/nas-ctm01/datasets/public/BIOMETRICS/Face_Morphing/MAD22/original_sorted/OpenCV/069_08-vs-132_08.jpg,069_08-vs-132_08.jpg,069_08-vs-132_08,069_08,132_08,069,132,/nas-ctm01/datasets/public/BIOMETRICS/Face_Morphing/MAD22/original_sorted/BonaFide/069_08.jpg,/nas-ctm01/datasets/public/BIOMETRICS/Face_Morphing/MAD22/original_sorted/BonaFide/132_08.jpg,527,89,161
432,MAD22,OpenCV,random_80_20,train,/nas-ctm01/datasets/public/BIOMETRICS/Face_Morphing/MAD22/original_sorted/OpenCV/081_08-vs-090_08.jpg,081_08-vs-090_08.jpg,081_08-vs-090_08,081_08,090_08,081,090,/nas-ctm01/datasets/public/BIOMETRICS/Face_Morphing/MAD22/original_sorted/BonaFide/081_08.jpg,/nas-ctm01/datasets/public/BIOMETRICS/Face_Morphing/MAD22/original_sorted/BonaFide/090_08.jpg,530,91,100
433,MAD22,OpenCV,random_80_20,train,/nas-ctm01/datasets/public/BIOMETRICS/Face_Morphing/MAD22/original_sorted/OpenCV/081_08-vs-091_08.jpg,081_08-vs-091_08.jpg,081_08-vs-091_08,081_08,091_08,081,091,/nas-ctm01/datasets/public/BIOMETRICS/Face_Morphing/MAD22/original_sorted/BonaFide/081_08.jpg,/nas-ctm01/datasets/public/BIOMETRICS/Face_Morphing/MAD22/original_sorted/BonaFide/091_08.jpg,531,91,101
434,MAD22,OpenCV,random_80_20,train,/nas-ctm01/datasets/public/BIOMETRICS/Face_Morphing/MAD22/original_sorted/OpenCV/081_08-vs-118_08.jpg,081_08-vs-118_08.jpg,081_08-vs-118_08,081_08,118_08,081,118,/nas-ctm01/datasets/public/BIOMETRICS/Face_Morphing/MAD22/original_sorted/BonaFide/081_08.jpg,/nas-ctm01/datasets/public/BIOMETRICS/Face_Morphing/MAD22/original_sorted/BonaFide/118_08.jpg,532,91,134
435,MAD22,OpenCV,random_80_20,train,/nas-ctm01/datasets/public/BIOMETRICS/Face_Morphing/MAD22/original_sorted/OpenCV/082_08-vs-130_08.jpg,082_08-vs-130_08.jpg,082_08-vs-130_08,082_08,130_08,082,130,/nas-ctm01/datasets/public/BIOMETRICS/Face_Morphing/MAD22/original_sorted/BonaFide/082_08.jpg,/nas-ctm01/datasets/public/BIOMETRICS/Face_Morphing/MAD22/original_sorted/BonaFide/130_08.jpg,536,93,157
436,MAD22,OpenCV,random_80_20,train,/nas-ctm01/datasets/public/BIOMETRICS/Face_Morphing/MAD22/original_sorted/OpenCV/082_08-vs-140_08.jpg,082_08-vs-140_08.jpg,082_08-vs-140_08,082_08,140_08,082,140,/nas-ctm01/datasets/public/BIOMETRICS/Face_Morphing/MAD22/original_sorted/BonaFide/082_08.jpg,/nas-ctm01/datasets/public/BIOMETRICS/Face_Morphing/MAD22/original_sorted/BonaFide/140_08.jpg,537,93,172
437,MAD22,OpenCV,random_80_20,train,/nas-ctm01/datasets/public/BIOMETRICS/Face_Morphing/MAD22/original_sorted/OpenCV/083_08-vs-087_08.jpg,083_08-vs-087_08.jpg,083_08-vs-087_08,083_08,087_08,083,087,/nas-ctm01/datasets/public/BIOMETRICS/Face_Morphing/MAD22/original_sorted/BonaFide/083_08.jpg,/nas-ctm01/datasets/public/BIOMETRICS/Face_Morphing/MAD22/original_sorted/BonaFide/087_08.jpg,538,95,98
438,MAD22,OpenCV,random_80_20,train,/nas-ctm01/datasets/public/BIOMETRICS/Face_Morphing/MAD22/original_sorted/OpenCV/083_08-vs-129_08.jpg,083_08-vs-129_08.jpg,083_08-vs-129_08,083_08,129_08,083,129,/nas-ctm01/datasets/public/BIOMETRICS/Face_Morphing/MAD22/original_sorted/BonaFide/083_08.jpg,/nas-ctm01/datasets/public/BIOMETRICS/Face_Morphing/MAD22/original_sorted/BonaFide/129_08.jpg,539,95,155
439,MAD22,OpenCV,random_80_20,train,/nas-ctm01/datasets/public/BIOMETRICS/Face_Morphing/MAD22/original_sorted/OpenCV/087_08-vs-090_08.jpg,087_08-vs-090_08.jpg,087_08-vs-090_08,087_08,090_08,087,090,/nas-ctm01/datasets/public/BIOMETRICS/Face_Morphing/MAD22/original_sorted/BonaFide/087_08.jpg,/nas-ctm01/datasets/public/BIOMETRICS/Face_Morphing/MAD22/original_sorted/BonaFide/090_08.jpg,541,98,100
440,MAD22,OpenCV,random_80_20,train,/nas-ctm01/datasets/public/BIOMETRICS/Face_Morphing/MAD22/original_sorted/OpenCV/087_08-vs-102_08.jpg,087_08-vs-102_08.jpg,087_08-vs-102_08,087_08,102_08,087,102,/nas-ctm01/datasets/public/BIOMETRICS/Face_Morphing/MAD22/original_sorted/BonaFide/087_08.jpg,/nas-ctm01/datasets/public/BIOMETRICS/Face_Morphing/MAD22/original_sorted/BonaFide/102_08.jpg,542,98,116
441,MAD22,OpenCV,random_80_20,train,/nas-ctm01/datasets/public/BIOMETRICS/Face_Morphing/MAD22/original_sorted/OpenCV/087_08-vs-124_08.jpg,087_08-vs-124_08.jpg,087_08-vs-124_08,087_08,124_08,087,124,/nas-ctm01/datasets/public/BIOMETRICS/Face_Morphing/MAD22/original_sorted/BonaFide/087_08.jpg,/nas-ctm01/datasets/public/BIOMETRICS/Face_Morphing/MAD22/original_sorted/BonaFide/124_08.jpg,544,98,146
442,MAD22,OpenCV,random_80_20,train,/nas-ctm01/datasets/public/BIOMETRICS/Face_Morphing/MAD22/original_sorted/OpenCV/087_08-vs-135_08.jpg,087_08-vs-135_08.jpg,087_08-vs-135_08,087_08,135_08,087,135,/nas-ctm01/datasets/public/BIOMETRICS/Face_Morphing/MAD22/original_sorted/BonaFide/087_08.jpg,/nas-ctm01/datasets/public/BIOMETRICS/Face_Morphing/MAD22/original_sorted/BonaFide/135_08.jpg,545,98,165
443,MAD22,OpenCV,random_80_20,train,/nas-ctm01/datasets/public/BIOMETRICS/Face_Morphing/MAD22/original_sorted/OpenCV/087_08-vs-136_08.jpg,087_08-vs-136_08.jpg,087_08-vs-136_08,087_08,136_08,087,136,/nas-ctm01/datasets/public/BIOMETRICS/Face_Morphing/MAD22/original_sorted/BonaFide/087_08.jpg,/nas-ctm01/datasets/public/BIOMETRICS/Face_Morphing/MAD22/original_sorted/BonaFide/136_08.jpg,546,98,167
444,MAD22,OpenCV,random_80_20,train,/nas-ctm01/datasets/public/BIOMETRICS/Face_Morphing/MAD22/original_sorted/OpenCV/090_03-vs-122_03.jpg,090_03-vs-122_03.jpg,090_03-vs-122_03,090_03,122_03,090,122,/nas-ctm01/datasets/public/BIOMETRICS/Face_Morphing/MAD22/original_sorted/BonaFide/090_03.jpg,/nas-ctm01/datasets/public/BIOMETRICS/Face_Morphing/MAD22/original_sorted/BonaFide/122_03.jpg,549,99,141
445,MAD22,OpenCV,random_80_20,train,/nas-ctm01/datasets/public/BIOMETRICS/Face_Morphing/MAD22/original_sorted/OpenCV/090_03-vs-135_03.jpg,090_03-vs-135_03.jpg,090_03-vs-135_03,090_03,135_03,090,135,/nas-ctm01/datasets/public/BIOMETRICS/Face_Morphing/MAD22/original_sorted/BonaFide/090_03.jpg,/nas-ctm01/datasets/public/BIOMETRICS/Face_Morphing/MAD22/original_sorted/BonaFide/135_03.jpg,550,99,164
446,MAD22,OpenCV,random_80_20,train,/nas-ctm01/datasets/public/BIOMETRICS/Face_Morphing/MAD22/original_sorted/OpenCV/090_08-vs-097_08.jpg,090_08-vs-097_08.jpg,090_08-vs-097_08,090_08,097_08,090,097,/nas-ctm01/datasets/public/BIOMETRICS/Face_Morphing/MAD22/original_sorted/BonaFide/090_08.jpg,/nas-ctm01/datasets/public/BIOMETRICS/Face_Morphing/MAD22/original_sorted/BonaFide/097_08.jpg,551,100,109
447,MAD22,OpenCV,random_80_20,train,/nas-ctm01/datasets/public/BIOMETRICS/Face_Morphing/MAD22/original_sorted/OpenCV/090_08-vs-102_08.jpg,090_08-vs-102_08.jpg,090_08-vs-102_08,090_08,102_08,090,102,/nas-ctm01/datasets/public/BIOMETRICS/Face_Morphing/MAD22/original_sorted/BonaFide/090_08.jpg,/nas-ctm01/datasets/public/BIOMETRICS/Face_Morphing/MAD22/original_sorted/BonaFide/102_08.jpg,552,100,116
448,MAD22,OpenCV,random_80_20,train,/nas-ctm01/datasets/public/BIOMETRICS/Face_Morphing/MAD22/original_sorted/OpenCV/090_08-vs-135_08.jpg,090_08-vs-135_08.jpg,090_08-vs-135_08,090_08,135_08,090,135,/nas-ctm01/datasets/public/BIOMETRICS/Face_Morphing/MAD22/original_sorted/BonaFide/090_08.jpg,/nas-ctm01/datasets/public/BIOMETRICS/Face_Morphing/MAD22/original_sorted/BonaFide/135_08.jpg,554,100,165
449,MAD22,OpenCV,random_80_20,train,/nas-ctm01/datasets/public/BIOMETRICS/Face_Morphing/MAD22/original_sorted/OpenCV/091_08-vs-097_08.jpg,091_08-vs-097_08.jpg,091_08-vs-097_08,091_08,097_08,091,097,/nas-ctm01/datasets/public/BIOMETRICS/Face_Morphing/MAD22/original_sorted/BonaFide/091_08.jpg,/nas-ctm01/datasets/public/BIOMETRICS/Face_Morphing/MAD22/original_sorted/BonaFide/097_08.jpg,556,101,109
450,MAD22,OpenCV,random_80_20,train,/nas-ctm01/datasets/public/BIOMETRICS/Face_Morphing/MAD22/original_sorted/OpenCV/092_03-vs-104_03.jpg,092_03-vs-104_03.jpg,092_03-vs-104_03,092_03,104_03,092,104,/nas-ctm01/datasets/public/BIOMETRICS/Face_Morphing/MAD22/original_sorted/BonaFide/092_03.jpg,/nas-ctm01/datasets/public/BIOMETRICS/Face_Morphing/MAD22/original_sorted/BonaFide/104_03.jpg,557,102,119
451,MAD22,OpenCV,random_80_20,train,/nas-ctm01/datasets/public/BIOMETRICS/Face_Morphing/MAD22/original_sorted/OpenCV/092_03-vs-123_03.jpg,092_03-vs-123_03.jpg,092_03-vs-123_03,092_03,123_03,092,123,/nas-ctm01/datasets/public/BIOMETRICS/Face_Morphing/MAD22/original_sorted/BonaFide/092_03.jpg,/nas-ctm01/datasets/public/BIOMETRICS/Face_Morphing/MAD22/original_sorted/BonaFide/123_03.jpg,558,102,143
452,MAD22,OpenCV,random_80_20,train,/nas-ctm01/datasets/public/BIOMETRICS/Face_Morphing/MAD22/original_sorted/OpenCV/092_03-vs-128_03.jpg,092_03-vs-128_03.jpg,092_03-vs-128_03,092_03,128_03,092,128,/nas-ctm01/datasets/public/BIOMETRICS/Face_Morphing/MAD22/original_sorted/BonaFide/092_03.jpg,/nas-ctm01/datasets/public/BIOMETRICS/Face_Morphing/MAD22/original_sorted/BonaFide/128_03.jpg,559,102,152
453,MAD22,OpenCV,random_80_20,train,/nas-ctm01/datasets/public/BIOMETRICS/Face_Morphing/MAD22/original_sorted/OpenCV/092_08-vs-123_08.jpg,092_08-vs-123_08.jpg,092_08-vs-123_08,092_08,123_08,092,123,/nas-ctm01/datasets/public/BIOMETRICS/Face_Morphing/MAD22/original_sorted/BonaFide/092_08.jpg,/nas-ctm01/datasets/public/BIOMETRICS/Face_Morphing/MAD22/original_sorted/BonaFide/123_08.jpg,560,103,144
454,MAD22,OpenCV,random_80_20,train,/nas-ctm01/datasets/public/BIOMETRICS/Face_Morphing/MAD22/original_sorted/OpenCV/092_08-vs-128_08.jpg,092_08-vs-128_08.jpg,092_08-vs-128_08,092_08,128_08,092,128,/nas-ctm01/datasets/public/BIOMETRICS/Face_Morphing/MAD22/original_sorted/BonaFide/092_08.jpg,/nas-ctm01/datasets/public/BIOMETRICS/Face_Morphing/MAD22/original_sorted/BonaFide/128_08.jpg,561,103,153
455,MAD22,OpenCV,random_80_20,train,/nas-ctm01/datasets/public/BIOMETRICS/Face_Morphing/MAD22/original_sorted/OpenCV/092_08-vs-143_08.jpg,092_08-vs-143_08.jpg,092_08-vs-143_08,092_08,143_08,092,143,/nas-ctm01/datasets/public/BIOMETRICS/Face_Morphing/MAD22/original_sorted/BonaFide/092_08.jpg,/nas-ctm01/datasets/public/BIOMETRICS/Face_Morphing/MAD22/original_sorted/BonaFide/143_08.jpg,562,103,178
456,MAD22,OpenCV,random_80_20,train,/nas-ctm01/datasets/public/BIOMETRICS/Face_Morphing/MAD22/original_sorted/OpenCV/094_03-vs-099_03.jpg,094_03-vs-099_03.jpg,094_03-vs-099_03,094_03,099_03,094,099,/nas-ctm01/datasets/public/BIOMETRICS/Face_Morphing/MAD22/original_sorted/BonaFide/094_03.jpg,/nas-ctm01/datasets/public/BIOMETRICS/Face_Morphing/MAD22/original_sorted/BonaFide/099_03.jpg,563,104,110
457,MAD22,OpenCV,random_80_20,train,/nas-ctm01/datasets/public/BIOMETRICS/Face_Morphing/MAD22/original_sorted/OpenCV/094_03-vs-102_03.jpg,094_03-vs-102_03.jpg,094_03-vs-102_03,094_03,102_03,094,102,/nas-ctm01/datasets/public/BIOMETRICS/Face_Morphing/MAD22/original_sorted/BonaFide/094_03.jpg,/nas-ctm01/datasets/public/BIOMETRICS/Face_Morphing/MAD22/original_sorted/BonaFide/102_03.jpg,564,104,115
458,MAD22,OpenCV,random_80_20,train,/nas-ctm01/datasets/public/BIOMETRICS/Face_Morphing/MAD22/original_sorted/OpenCV/094_03-vs-124_03.jpg,094_03-vs-124_03.jpg,094_03-vs-124_03,094_03,124_03,094,124,/nas-ctm01/datasets/public/BIOMETRICS/Face_Morphing/MAD22/original_sorted/BonaFide/094_03.jpg,/nas-ctm01/datasets/public/BIOMETRICS/Face_Morphing/MAD22/original_sorted/BonaFide/124_03.jpg,565,104,145
459,MAD22,OpenCV,random_80_20,train,/nas-ctm01/datasets/public/BIOMETRICS/Face_Morphing/MAD22/original_sorted/OpenCV/094_03-vs-126_03.jpg,094_03-vs-126_03.jpg,094_03-vs-126_03,094_03,126_03,094,126,/nas-ctm01/datasets/public/BIOMETRICS/Face_Morphing/MAD22/original_sorted/BonaFide/094_03.jpg,/nas-ctm01/datasets/public/BIOMETRICS/Face_Morphing/MAD22/original_sorted/BonaFide/126_03.jpg,566,104,149
460,MAD22,OpenCV,random_80_20,train,/nas-ctm01/datasets/public/BIOMETRICS/Face_Morphing/MAD22/original_sorted/OpenCV/094_03-vs-139_03.jpg,094_03-vs-139_03.jpg,094_03-vs-139_03,094_03,139_03,094,139,/nas-ctm01/datasets/public/BIOMETRICS/Face_Morphing/MAD22/original_sorted/BonaFide/094_03.jpg,/nas-ctm01/datasets/public/BIOMETRICS/Face_Morphing/MAD22/original_sorted/BonaFide/139_03.jpg,567,104,170
461,MAD22,OpenCV,random_80_20,train,/nas-ctm01/datasets/public/BIOMETRICS/Face_Morphing/MAD22/original_sorted/OpenCV/094_08-vs-097_08.jpg,094_08-vs-097_08.jpg,094_08-vs-097_08,094_08,097_08,094,097,/nas-ctm01/datasets/public/BIOMETRICS/Face_Morphing/MAD22/original_sorted/BonaFide/094_08.jpg,/nas-ctm01/datasets/public/BIOMETRICS/Face_Morphing/MAD22/original_sorted/BonaFide/097_08.jpg,568,105,109
462,MAD22,OpenCV,random_80_20,train,/nas-ctm01/datasets/public/BIOMETRICS/Face_Morphing/MAD22/original_sorted/OpenCV/094_08-vs-099_08.jpg,094_08-vs-099_08.jpg,094_08-vs-099_08,094_08,099_08,094,099,/nas-ctm01/datasets/public/BIOMETRICS/Face_Morphing/MAD22/original_sorted/BonaFide/094_08.jpg,/nas-ctm01/datasets/public/BIOMETRICS/Face_Morphing/MAD22/original_sorted/BonaFide/099_08.jpg,569,105,111
463,MAD22,OpenCV,random_80_20,train,/nas-ctm01/datasets/public/BIOMETRICS/Face_Morphing/MAD22/original_sorted/OpenCV/094_08-vs-124_08.jpg,094_08-vs-124_08.jpg,094_08-vs-124_08,094_08,124_08,094,124,/nas-ctm01/datasets/public/BIOMETRICS/Face_Morphing/MAD22/original_sorted/BonaFide/094_08.jpg,/nas-ctm01/datasets/public/BIOMETRICS/Face_Morphing/MAD22/original_sorted/BonaFide/124_08.jpg,570,105,146
464,MAD22,OpenCV,random_80_20,train,/nas-ctm01/datasets/public/BIOMETRICS/Face_Morphing/MAD22/original_sorted/OpenCV/094_08-vs-126_08.jpg,094_08-vs-126_08.jpg,094_08-vs-126_08,094_08,126_08,094,126,/nas-ctm01/datasets/public/BIOMETRICS/Face_Morphing/MAD22/original_sorted/BonaFide/094_08.jpg,/nas-ctm01/datasets/public/BIOMETRICS/Face_Morphing/MAD22/original_sorted/BonaFide/126_08.jpg,571,105,150
465,MAD22,OpenCV,random_80_20,train,/nas-ctm01/datasets/public/BIOMETRICS/Face_Morphing/MAD22/original_sorted/OpenCV/094_08-vs-127_08.jpg,094_08-vs-127_08.jpg,094_08-vs-127_08,094_08,127_08,094,127,/nas-ctm01/datasets/public/BIOMETRICS/Face_Morphing/MAD22/original_sorted/BonaFide/094_08.jpg,/nas-ctm01/datasets/public/BIOMETRICS/Face_Morphing/MAD22/original_sorted/BonaFide/127_08.jpg,572,105,151
466,MAD22,OpenCV,random_80_20,train,/nas-ctm01/datasets/public/BIOMETRICS/Face_Morphing/MAD22/original_sorted/OpenCV/096_03-vs-104_03.jpg,096_03-vs-104_03.jpg,096_03-vs-104_03,096_03,104_03,096,104,/nas-ctm01/datasets/public/BIOMETRICS/Face_Morphing/MAD22/original_sorted/BonaFide/096_03.jpg,/nas-ctm01/datasets/public/BIOMETRICS/Face_Morphing/MAD22/original_sorted/BonaFide/104_03.jpg,573,106,119
467,MAD22,OpenCV,random_80_20,train,/nas-ctm01/datasets/public/BIOMETRICS/Face_Morphing/MAD22/original_sorted/OpenCV/096_03-vs-130_03.jpg,096_03-vs-130_03.jpg,096_03-vs-130_03,096_03,130_03,096,130,/nas-ctm01/datasets/public/BIOMETRICS/Face_Morphing/MAD22/original_sorted/BonaFide/096_03.jpg,/nas-ctm01/datasets/public/BIOMETRICS/Face_Morphing/MAD22/original_sorted/BonaFide/130_03.jpg,574,106,156
468,MAD22,OpenCV,random_80_20,train,/nas-ctm01/datasets/public/BIOMETRICS/Face_Morphing/MAD22/original_sorted/OpenCV/096_03-vs-137_03.jpg,096_03-vs-137_03.jpg,096_03-vs-137_03,096_03,137_03,096,137,/nas-ctm01/datasets/public/BIOMETRICS/Face_Morphing/MAD22/original_sorted/BonaFide/096_03.jpg,/nas-ctm01/datasets/public/BIOMETRICS/Face_Morphing/MAD22/original_sorted/BonaFide/137_03.jpg,575,106,168
469,MAD22,OpenCV,random_80_20,train,/nas-ctm01/datasets/public/BIOMETRICS/Face_Morphing/MAD22/original_sorted/OpenCV/096_03-vs-141_03.jpg,096_03-vs-141_03.jpg,096_03-vs-141_03,096_03,141_03,096,141,/nas-ctm01/datasets/public/BIOMETRICS/Face_Morphing/MAD22/original_sorted/BonaFide/096_03.jpg,/nas-ctm01/datasets/public/BIOMETRICS/Face_Morphing/MAD22/original_sorted/BonaFide/141_03.jpg,576,106,173
470,MAD22,OpenCV,random_80_20,train,/nas-ctm01/datasets/public/BIOMETRICS/Face_Morphing/MAD22/original_sorted/OpenCV/096_08-vs-128_08.jpg,096_08-vs-128_08.jpg,096_08-vs-128_08,096_08,128_08,096,128,/nas-ctm01/datasets/public/BIOMETRICS/Face_Morphing/MAD22/original_sorted/BonaFide/096_08.jpg,/nas-ctm01/datasets/public/BIOMETRICS/Face_Morphing/MAD22/original_sorted/BonaFide/128_08.jpg,577,107,153
471,MAD22,OpenCV,random_80_20,train,/nas-ctm01/datasets/public/BIOMETRICS/Face_Morphing/MAD22/original_sorted/OpenCV/097_03-vs-099_03.jpg,097_03-vs-099_03.jpg,097_03-vs-099_03,097_03,099_03,097,099,/nas-ctm01/datasets/public/BIOMETRICS/Face_Morphing/MAD22/original_sorted/BonaFide/097_03.jpg,/nas-ctm01/datasets/public/BIOMETRICS/Face_Morphing/MAD22/original_sorted/BonaFide/099_03.jpg,578,108,110
472,MAD22,OpenCV,random_80_20,train,/nas-ctm01/datasets/public/BIOMETRICS/Face_Morphing/MAD22/original_sorted/OpenCV/097_03-vs-112_03.jpg,097_03-vs-112_03.jpg,097_03-vs-112_03,097_03,112_03,097,112,/nas-ctm01/datasets/public/BIOMETRICS/Face_Morphing/MAD22/original_sorted/BonaFide/097_03.jpg,/nas-ctm01/datasets/public/BIOMETRICS/Face_Morphing/MAD22/original_sorted/BonaFide/112_03.jpg,579,108,125
473,MAD22,OpenCV,random_80_20,train,/nas-ctm01/datasets/public/BIOMETRICS/Face_Morphing/MAD22/original_sorted/OpenCV/097_03-vs-118_03.jpg,097_03-vs-118_03.jpg,097_03-vs-118_03,097_03,118_03,097,118,/nas-ctm01/datasets/public/BIOMETRICS/Face_Morphing/MAD22/original_sorted/BonaFide/097_03.jpg,/nas-ctm01/datasets/public/BIOMETRICS/Face_Morphing/MAD22/original_sorted/BonaFide/118_03.jpg,580,108,133
474,MAD22,OpenCV,random_80_20,train,/nas-ctm01/datasets/public/BIOMETRICS/Face_Morphing/MAD22/original_sorted/OpenCV/097_03-vs-129_03.jpg,097_03-vs-129_03.jpg,097_03-vs-129_03,097_03,129_03,097,129,/nas-ctm01/datasets/public/BIOMETRICS/Face_Morphing/MAD22/original_sorted/BonaFide/097_03.jpg,/nas-ctm01/datasets/public/BIOMETRICS/Face_Morphing/MAD22/original_sorted/BonaFide/129_03.jpg,581,108,154
475,MAD22,OpenCV,random_80_20,train,/nas-ctm01/datasets/public/BIOMETRICS/Face_Morphing/MAD22/original_sorted/OpenCV/097_03-vs-135_03.jpg,097_03-vs-135_03.jpg,097_03-vs-135_03,097_03,135_03,097,135,/nas-ctm01/datasets/public/BIOMETRICS/Face_Morphing/MAD22/original_sorted/BonaFide/097_03.jpg,/nas-ctm01/datasets/public/BIOMETRICS/Face_Morphing/MAD22/original_sorted/BonaFide/135_03.jpg,582,108,164
476,MAD22,OpenCV,random_80_20,train,/nas-ctm01/datasets/public/BIOMETRICS/Face_Morphing/MAD22/original_sorted/OpenCV/097_08-vs-102_08.jpg,097_08-vs-102_08.jpg,097_08-vs-102_08,097_08,102_08,097,102,/nas-ctm01/datasets/public/BIOMETRICS/Face_Morphing/MAD22/original_sorted/BonaFide/097_08.jpg,/nas-ctm01/datasets/public/BIOMETRICS/Face_Morphing/MAD22/original_sorted/BonaFide/102_08.jpg,584,109,116
477,MAD22,OpenCV,random_80_20,train,/nas-ctm01/datasets/public/BIOMETRICS/Face_Morphing/MAD22/original_sorted/OpenCV/097_08-vs-139_08.jpg,097_08-vs-139_08.jpg,097_08-vs-139_08,097_08,139_08,097,139,/nas-ctm01/datasets/public/BIOMETRICS/Face_Morphing/MAD22/original_sorted/BonaFide/097_08.jpg,/nas-ctm01/datasets/public/BIOMETRICS/Face_Morphing/MAD22/original_sorted/BonaFide/139_08.jpg,587,109,171
478,MAD22,OpenCV,random_80_20,train,/nas-ctm01/datasets/public/BIOMETRICS/Face_Morphing/MAD22/original_sorted/OpenCV/097_08-vs-144_08.jpg,097_08-vs-144_08.jpg,097_08-vs-144_08,097_08,144_08,097,144,/nas-ctm01/datasets/public/BIOMETRICS/Face_Morphing/MAD22/original_sorted/BonaFide/097_08.jpg,/nas-ctm01/datasets/public/BIOMETRICS/Face_Morphing/MAD22/original_sorted/BonaFide/144_08.jpg,588,109,180
479,MAD22,OpenCV,random_80_20,train,/nas-ctm01/datasets/public/BIOMETRICS/Face_Morphing/MAD22/original_sorted/OpenCV/099_03-vs-112_03.jpg,099_03-vs-112_03.jpg,099_03-vs-112_03,099_03,112_03,099,112,/nas-ctm01/datasets/public/BIOMETRICS/Face_Morphing/MAD22/original_sorted/BonaFide/099_03.jpg,/nas-ctm01/datasets/public/BIOMETRICS/Face_Morphing/MAD22/original_sorted/BonaFide/112_03.jpg,589,110,125
480,MAD22,OpenCV,random_80_20,train,/nas-ctm01/datasets/public/BIOMETRICS/Face_Morphing/MAD22/original_sorted/OpenCV/099_03-vs-126_03.jpg,099_03-vs-126_03.jpg,099_03-vs-126_03,099_03,126_03,099,126,/nas-ctm01/datasets/public/BIOMETRICS/Face_Morphing/MAD22/original_sorted/BonaFide/099_03.jpg,/nas-ctm01/datasets/public/BIOMETRICS/Face_Morphing/MAD22/original_sorted/BonaFide/126_03.jpg,591,110,149
481,MAD22,OpenCV,random_80_20,train,/nas-ctm01/datasets/public/BIOMETRICS/Face_Morphing/MAD22/original_sorted/OpenCV/099_08-vs-126_08.jpg,099_08-vs-126_08.jpg,099_08-vs-126_08,099_08,126_08,099,126,/nas-ctm01/datasets/public/BIOMETRICS/Face_Morphing/MAD22/original_sorted/BonaFide/099_08.jpg,/nas-ctm01/datasets/public/BIOMETRICS/Face_Morphing/MAD22/original_sorted/BonaFide/126_08.jpg,592,111,150
482,MAD22,OpenCV,random_80_20,train,/nas-ctm01/datasets/public/BIOMETRICS/Face_Morphing/MAD22/original_sorted/OpenCV/100_03-vs-118_03.jpg,100_03-vs-118_03.jpg,100_03-vs-118_03,100_03,118_03,100,118,/nas-ctm01/datasets/public/BIOMETRICS/Face_Morphing/MAD22/original_sorted/BonaFide/100_03.jpg,/nas-ctm01/datasets/public/BIOMETRICS/Face_Morphing/MAD22/original_sorted/BonaFide/118_03.jpg,593,112,133
483,MAD22,OpenCV,random_80_20,train,/nas-ctm01/datasets/public/BIOMETRICS/Face_Morphing/MAD22/original_sorted/OpenCV/100_03-vs-122_03.jpg,100_03-vs-122_03.jpg,100_03-vs-122_03,100_03,122_03,100,122,/nas-ctm01/datasets/public/BIOMETRICS/Face_Morphing/MAD22/original_sorted/BonaFide/100_03.jpg,/nas-ctm01/datasets/public/BIOMETRICS/Face_Morphing/MAD22/original_sorted/BonaFide/122_03.jpg,594,112,141
484,MAD22,OpenCV,random_80_20,train,/nas-ctm01/datasets/public/BIOMETRICS/Face_Morphing/MAD22/original_sorted/OpenCV/101_03-vs-105_03.jpg,101_03-vs-105_03.jpg,101_03-vs-105_03,101_03,105_03,101,105,/nas-ctm01/datasets/public/BIOMETRICS/Face_Morphing/MAD22/original_sorted/BonaFide/101_03.jpg,/nas-ctm01/datasets/public/BIOMETRICS/Face_Morphing/MAD22/original_sorted/BonaFide/105_03.jpg,595,113,120
485,MAD22,OpenCV,random_80_20,train,/nas-ctm01/datasets/public/BIOMETRICS/Face_Morphing/MAD22/original_sorted/OpenCV/101_03-vs-121_03.jpg,101_03-vs-121_03.jpg,101_03-vs-121_03,101_03,121_03,101,121,/nas-ctm01/datasets/public/BIOMETRICS/Face_Morphing/MAD22/original_sorted/BonaFide/101_03.jpg,/nas-ctm01/datasets/public/BIOMETRICS/Face_Morphing/MAD22/original_sorted/BonaFide/121_03.jpg,596,113,139
486,MAD22,OpenCV,random_80_20,train,/nas-ctm01/datasets/public/BIOMETRICS/Face_Morphing/MAD22/original_sorted/OpenCV/101_03-vs-132_03.jpg,101_03-vs-132_03.jpg,101_03-vs-132_03,101_03,132_03,101,132,/nas-ctm01/datasets/public/BIOMETRICS/Face_Morphing/MAD22/original_sorted/BonaFide/101_03.jpg,/nas-ctm01/datasets/public/BIOMETRICS/Face_Morphing/MAD22/original_sorted/BonaFide/132_03.jpg,598,113,160
487,MAD22,OpenCV,random_80_20,train,/nas-ctm01/datasets/public/BIOMETRICS/Face_Morphing/MAD22/original_sorted/OpenCV/101_08-vs-121_08.jpg,101_08-vs-121_08.jpg,101_08-vs-121_08,101_08,121_08,101,121,/nas-ctm01/datasets/public/BIOMETRICS/Face_Morphing/MAD22/original_sorted/BonaFide/101_08.jpg,/nas-ctm01/datasets/public/BIOMETRICS/Face_Morphing/MAD22/original_sorted/BonaFide/121_08.jpg,600,114,140
488,MAD22,OpenCV,random_80_20,train,/nas-ctm01/datasets/public/BIOMETRICS/Face_Morphing/MAD22/original_sorted/OpenCV/101_08-vs-123_08.jpg,101_08-vs-123_08.jpg,101_08-vs-123_08,101_08,123_08,101,123,/nas-ctm01/datasets/public/BIOMETRICS/Face_Morphing/MAD22/original_sorted/BonaFide/101_08.jpg,/nas-ctm01/datasets/public/BIOMETRICS/Face_Morphing/MAD22/original_sorted/BonaFide/123_08.jpg,601,114,144
489,MAD22,OpenCV,random_80_20,train,/nas-ctm01/datasets/public/BIOMETRICS/Face_Morphing/MAD22/original_sorted/OpenCV/101_08-vs-132_08.jpg,101_08-vs-132_08.jpg,101_08-vs-132_08,101_08,132_08,101,132,/nas-ctm01/datasets/public/BIOMETRICS/Face_Morphing/MAD22/original_sorted/BonaFide/101_08.jpg,/nas-ctm01/datasets/public/BIOMETRICS/Face_Morphing/MAD22/original_sorted/BonaFide/132_08.jpg,603,114,161
490,MAD22,OpenCV,random_80_20,train,/nas-ctm01/datasets/public/BIOMETRICS/Face_Morphing/MAD22/original_sorted/OpenCV/101_08-vs-140_08.jpg,101_08-vs-140_08.jpg,101_08-vs-140_08,101_08,140_08,101,140,/nas-ctm01/datasets/public/BIOMETRICS/Face_Morphing/MAD22/original_sorted/BonaFide/101_08.jpg,/nas-ctm01/datasets/public/BIOMETRICS/Face_Morphing/MAD22/original_sorted/BonaFide/140_08.jpg,604,114,172
491,MAD22,OpenCV,random_80_20,train,/nas-ctm01/datasets/public/BIOMETRICS/Face_Morphing/MAD22/original_sorted/OpenCV/102_03-vs-118_03.jpg,102_03-vs-118_03.jpg,102_03-vs-118_03,102_03,118_03,102,118,/nas-ctm01/datasets/public/BIOMETRICS/Face_Morphing/MAD22/original_sorted/BonaFide/102_03.jpg,/nas-ctm01/datasets/public/BIOMETRICS/Face_Morphing/MAD22/original_sorted/BonaFide/118_03.jpg,605,115,133
492,MAD22,OpenCV,random_80_20,train,/nas-ctm01/datasets/public/BIOMETRICS/Face_Morphing/MAD22/original_sorted/OpenCV/102_03-vs-139_03.jpg,102_03-vs-139_03.jpg,102_03-vs-139_03,102_03,139_03,102,139,/nas-ctm01/datasets/public/BIOMETRICS/Face_Morphing/MAD22/original_sorted/BonaFide/102_03.jpg,/nas-ctm01/datasets/public/BIOMETRICS/Face_Morphing/MAD22/original_sorted/BonaFide/139_03.jpg,607,115,170
493,MAD22,OpenCV,random_80_20,train,/nas-ctm01/datasets/public/BIOMETRICS/Face_Morphing/MAD22/original_sorted/OpenCV/102_03-vs-144_03.jpg,102_03-vs-144_03.jpg,102_03-vs-144_03,102_03,144_03,102,144,/nas-ctm01/datasets/public/BIOMETRICS/Face_Morphing/MAD22/original_sorted/BonaFide/102_03.jpg,/nas-ctm01/datasets/public/BIOMETRICS/Face_Morphing/MAD22/original_sorted/BonaFide/144_03.jpg,608,115,179
494,MAD22,OpenCV,random_80_20,train,/nas-ctm01/datasets/public/BIOMETRICS/Face_Morphing/MAD22/original_sorted/OpenCV/102_08-vs-118_08.jpg,102_08-vs-118_08.jpg,102_08-vs-118_08,102_08,118_08,102,118,/nas-ctm01/datasets/public/BIOMETRICS/Face_Morphing/MAD22/original_sorted/BonaFide/102_08.jpg,/nas-ctm01/datasets/public/BIOMETRICS/Face_Morphing/MAD22/original_sorted/BonaFide/118_08.jpg,610,116,134
495,MAD22,OpenCV,random_80_20,train,/nas-ctm01/datasets/public/BIOMETRICS/Face_Morphing/MAD22/original_sorted/OpenCV/102_08-vs-124_08.jpg,102_08-vs-124_08.jpg,102_08-vs-124_08,102_08,124_08,102,124,/nas-ctm01/datasets/public/BIOMETRICS/Face_Morphing/MAD22/original_sorted/BonaFide/102_08.jpg,/nas-ctm01/datasets/public/BIOMETRICS/Face_Morphing/MAD22/original_sorted/BonaFide/124_08.jpg,612,116,146
496,MAD22,OpenCV,random_80_20,train,/nas-ctm01/datasets/public/BIOMETRICS/Face_Morphing/MAD22/original_sorted/OpenCV/102_08-vs-136_08.jpg,102_08-vs-136_08.jpg,102_08-vs-136_08,102_08,136_08,102,136,/nas-ctm01/datasets/public/BIOMETRICS/Face_Morphing/MAD22/original_sorted/BonaFide/102_08.jpg,/nas-ctm01/datasets/public/BIOMETRICS/Face_Morphing/MAD22/original_sorted/BonaFide/136_08.jpg,613,116,167
497,MAD22,OpenCV,random_80_20,train,/nas-ctm01/datasets/public/BIOMETRICS/Face_Morphing/MAD22/original_sorted/OpenCV/102_08-vs-139_08.jpg,102_08-vs-139_08.jpg,102_08-vs-139_08,102_08,139_08,102,139,/nas-ctm01/datasets/public/BIOMETRICS/Face_Morphing/MAD22/original_sorted/BonaFide/102_08.jpg,/nas-ctm01/datasets/public/BIOMETRICS/Face_Morphing/MAD22/original_sorted/BonaFide/139_08.jpg,614,116,171
498,MAD22,OpenCV,random_80_20,train,/nas-ctm01/datasets/public/BIOMETRICS/Face_Morphing/MAD22/original_sorted/OpenCV/103_03-vs-143_03.jpg,103_03-vs-143_03.jpg,103_03-vs-143_03,103_03,143_03,103,143,/nas-ctm01/datasets/public/BIOMETRICS/Face_Morphing/MAD22/original_sorted/BonaFide/103_03.jpg,/nas-ctm01/datasets/public/BIOMETRICS/Face_Morphing/MAD22/original_sorted/BonaFide/143_03.jpg,618,117,177
499,MAD22,OpenCV,random_80_20,train,/nas-ctm01/datasets/public/BIOMETRICS/Face_Morphing/MAD22/original_sorted/OpenCV/103_08-vs-108_08.jpg,103_08-vs-108_08.jpg,103_08-vs-108_08,103_08,108_08,103,108,/nas-ctm01/datasets/public/BIOMETRICS/Face_Morphing/MAD22/original_sorted/BonaFide/103_08.jpg,/nas-ctm01/datasets/public/BIOMETRICS/Face_Morphing/MAD22/original_sorted/BonaFide/108_08.jpg,619,118,124
500,MAD22,OpenCV,random_80_20,train,/nas-ctm01/datasets/public/BIOMETRICS/Face_Morphing/MAD22/original_sorted/OpenCV/103_08-vs-128_08.jpg,103_08-vs-128_08.jpg,103_08-vs-128_08,103_08,128_08,103,128,/nas-ctm01/datasets/public/BIOMETRICS/Face_Morphing/MAD22/original_sorted/BonaFide/103_08.jpg,/nas-ctm01/datasets/public/BIOMETRICS/Face_Morphing/MAD22/original_sorted/BonaFide/128_08.jpg,620,118,153
501,MAD22,OpenCV,random_80_20,train,/nas-ctm01/datasets/public/BIOMETRICS/Face_Morphing/MAD22/original_sorted/OpenCV/104_03-vs-141_03.jpg,104_03-vs-141_03.jpg,104_03-vs-141_03,104_03,141_03,104,141,/nas-ctm01/datasets/public/BIOMETRICS/Face_Morphing/MAD22/original_sorted/BonaFide/104_03.jpg,/nas-ctm01/datasets/public/BIOMETRICS/Face_Morphing/MAD22/original_sorted/BonaFide/141_03.jpg,623,119,173
502,MAD22,OpenCV,random_80_20,train,/nas-ctm01/datasets/public/BIOMETRICS/Face_Morphing/MAD22/original_sorted/OpenCV/105_03-vs-121_03.jpg,105_03-vs-121_03.jpg,105_03-vs-121_03,105_03,121_03,105,121,/nas-ctm01/datasets/public/BIOMETRICS/Face_Morphing/MAD22/original_sorted/BonaFide/105_03.jpg,/nas-ctm01/datasets/public/BIOMETRICS/Face_Morphing/MAD22/original_sorted/BonaFide/121_03.jpg,624,120,139
503,MAD22,OpenCV,random_80_20,train,/nas-ctm01/datasets/public/BIOMETRICS/Face_Morphing/MAD22/original_sorted/OpenCV/105_03-vs-125_03.jpg,105_03-vs-125_03.jpg,105_03-vs-125_03,105_03,125_03,105,125,/nas-ctm01/datasets/public/BIOMETRICS/Face_Morphing/MAD22/original_sorted/BonaFide/105_03.jpg,/nas-ctm01/datasets/public/BIOMETRICS/Face_Morphing/MAD22/original_sorted/BonaFide/125_03.jpg,625,120,147
504,MAD22,OpenCV,random_80_20,train,/nas-ctm01/datasets/public/BIOMETRICS/Face_Morphing/MAD22/original_sorted/OpenCV/105_03-vs-141_03.jpg,105_03-vs-141_03.jpg,105_03-vs-141_03,105_03,141_03,105,141,/nas-ctm01/datasets/public/BIOMETRICS/Face_Morphing/MAD22/original_sorted/BonaFide/105_03.jpg,/nas-ctm01/datasets/public/BIOMETRICS/Face_Morphing/MAD22/original_sorted/BonaFide/141_03.jpg,626,120,173
505,MAD22,OpenCV,random_80_20,train,/nas-ctm01/datasets/public/BIOMETRICS/Face_Morphing/MAD22/original_sorted/OpenCV/107_08-vs-118_08.jpg,107_08-vs-118_08.jpg,107_08-vs-118_08,107_08,118_08,107,118,/nas-ctm01/datasets/public/BIOMETRICS/Face_Morphing/MAD22/original_sorted/BonaFide/107_08.jpg,/nas-ctm01/datasets/public/BIOMETRICS/Face_Morphing/MAD22/original_sorted/BonaFide/118_08.jpg,627,122,134
506,MAD22,OpenCV,random_80_20,train,/nas-ctm01/datasets/public/BIOMETRICS/Face_Morphing/MAD22/original_sorted/OpenCV/108_03-vs-142_03.jpg,108_03-vs-142_03.jpg,108_03-vs-142_03,108_03,142_03,108,142,/nas-ctm01/datasets/public/BIOMETRICS/Face_Morphing/MAD22/original_sorted/BonaFide/108_03.jpg,/nas-ctm01/datasets/public/BIOMETRICS/Face_Morphing/MAD22/original_sorted/BonaFide/142_03.jpg,629,123,175
507,MAD22,OpenCV,random_80_20,train,/nas-ctm01/datasets/public/BIOMETRICS/Face_Morphing/MAD22/original_sorted/OpenCV/108_03-vs-143_03.jpg,108_03-vs-143_03.jpg,108_03-vs-143_03,108_03,143_03,108,143,/nas-ctm01/datasets/public/BIOMETRICS/Face_Morphing/MAD22/original_sorted/BonaFide/108_03.jpg,/nas-ctm01/datasets/public/BIOMETRICS/Face_Morphing/MAD22/original_sorted/BonaFide/143_03.jpg,630,123,177
508,MAD22,OpenCV,random_80_20,train,/nas-ctm01/datasets/public/BIOMETRICS/Face_Morphing/MAD22/original_sorted/OpenCV/108_08-vs-128_08.jpg,108_08-vs-128_08.jpg,108_08-vs-128_08,108_08,128_08,108,128,/nas-ctm01/datasets/public/BIOMETRICS/Face_Morphing/MAD22/original_sorted/BonaFide/108_08.jpg,/nas-ctm01/datasets/public/BIOMETRICS/Face_Morphing/MAD22/original_sorted/BonaFide/128_08.jpg,631,124,153
509,MAD22,OpenCV,random_80_20,train,/nas-ctm01/datasets/public/BIOMETRICS/Face_Morphing/MAD22/original_sorted/OpenCV/108_08-vs-143_08.jpg,108_08-vs-143_08.jpg,108_08-vs-143_08,108_08,143_08,108,143,/nas-ctm01/datasets/public/BIOMETRICS/Face_Morphing/MAD22/original_sorted/BonaFide/108_08.jpg,/nas-ctm01/datasets/public/BIOMETRICS/Face_Morphing/MAD22/original_sorted/BonaFide/143_08.jpg,632,124,178
510,MAD22,OpenCV,random_80_20,train,/nas-ctm01/datasets/public/BIOMETRICS/Face_Morphing/MAD22/original_sorted/OpenCV/112_03-vs-122_03.jpg,112_03-vs-122_03.jpg,112_03-vs-122_03,112_03,122_03,112,122,/nas-ctm01/datasets/public/BIOMETRICS/Face_Morphing/MAD22/original_sorted/BonaFide/112_03.jpg,/nas-ctm01/datasets/public/BIOMETRICS/Face_Morphing/MAD22/original_sorted/BonaFide/122_03.jpg,633,125,141
511,MAD22,OpenCV,random_80_20,train,/nas-ctm01/datasets/public/BIOMETRICS/Face_Morphing/MAD22/original_sorted/OpenCV/112_03-vs-134_03.jpg,112_03-vs-134_03.jpg,112_03-vs-134_03,112_03,134_03,112,134,/nas-ctm01/datasets/public/BIOMETRICS/Face_Morphing/MAD22/original_sorted/BonaFide/112_03.jpg,/nas-ctm01/datasets/public/BIOMETRICS/Face_Morphing/MAD22/original_sorted/BonaFide/134_03.jpg,635,125,162
512,MAD22,OpenCV,random_80_20,train,/nas-ctm01/datasets/public/BIOMETRICS/Face_Morphing/MAD22/original_sorted/OpenCV/112_03-vs-139_03.jpg,112_03-vs-139_03.jpg,112_03-vs-139_03,112_03,139_03,112,139,/nas-ctm01/datasets/public/BIOMETRICS/Face_Morphing/MAD22/original_sorted/BonaFide/112_03.jpg,/nas-ctm01/datasets/public/BIOMETRICS/Face_Morphing/MAD22/original_sorted/BonaFide/139_03.jpg,636,125,170
513,MAD22,OpenCV,random_80_20,train,/nas-ctm01/datasets/public/BIOMETRICS/Face_Morphing/MAD22/original_sorted/OpenCV/113_08-vs-118_08.jpg,113_08-vs-118_08.jpg,113_08-vs-118_08,113_08,118_08,113,118,/nas-ctm01/datasets/public/BIOMETRICS/Face_Morphing/MAD22/original_sorted/BonaFide/113_08.jpg,/nas-ctm01/datasets/public/BIOMETRICS/Face_Morphing/MAD22/original_sorted/BonaFide/118_08.jpg,638,128,134
514,MAD22,OpenCV,random_80_20,train,/nas-ctm01/datasets/public/BIOMETRICS/Face_Morphing/MAD22/original_sorted/OpenCV/114_08-vs-128_08.jpg,114_08-vs-128_08.jpg,114_08-vs-128_08,114_08,128_08,114,128,/nas-ctm01/datasets/public/BIOMETRICS/Face_Morphing/MAD22/original_sorted/BonaFide/114_08.jpg,/nas-ctm01/datasets/public/BIOMETRICS/Face_Morphing/MAD22/original_sorted/BonaFide/128_08.jpg,640,129,153
515,MAD22,OpenCV,random_80_20,train,/nas-ctm01/datasets/public/BIOMETRICS/Face_Morphing/MAD22/original_sorted/OpenCV/115_03-vs-125_03.jpg,115_03-vs-125_03.jpg,115_03-vs-125_03,115_03,125_03,115,125,/nas-ctm01/datasets/public/BIOMETRICS/Face_Morphing/MAD22/original_sorted/BonaFide/115_03.jpg,/nas-ctm01/datasets/public/BIOMETRICS/Face_Morphing/MAD22/original_sorted/BonaFide/125_03.jpg,642,130,147
516,MAD22,OpenCV,random_80_20,train,/nas-ctm01/datasets/public/BIOMETRICS/Face_Morphing/MAD22/original_sorted/OpenCV/115_03-vs-142_03.jpg,115_03-vs-142_03.jpg,115_03-vs-142_03,115_03,142_03,115,142,/nas-ctm01/datasets/public/BIOMETRICS/Face_Morphing/MAD22/original_sorted/BonaFide/115_03.jpg,/nas-ctm01/datasets/public/BIOMETRICS/Face_Morphing/MAD22/original_sorted/BonaFide/142_03.jpg,643,130,175
517,MAD22,OpenCV,random_80_20,train,/nas-ctm01/datasets/public/BIOMETRICS/Face_Morphing/MAD22/original_sorted/OpenCV/115_08-vs-125_08.jpg,115_08-vs-125_08.jpg,115_08-vs-125_08,115_08,125_08,115,125,/nas-ctm01/datasets/public/BIOMETRICS/Face_Morphing/MAD22/original_sorted/BonaFide/115_08.jpg,/nas-ctm01/datasets/public/BIOMETRICS/Face_Morphing/MAD22/original_sorted/BonaFide/125_08.jpg,644,131,148
518,MAD22,OpenCV,random_80_20,train,/nas-ctm01/datasets/public/BIOMETRICS/Face_Morphing/MAD22/original_sorted/OpenCV/115_08-vs-132_08.jpg,115_08-vs-132_08.jpg,115_08-vs-132_08,115_08,132_08,115,132,/nas-ctm01/datasets/public/BIOMETRICS/Face_Morphing/MAD22/original_sorted/BonaFide/115_08.jpg,/nas-ctm01/datasets/public/BIOMETRICS/Face_Morphing/MAD22/original_sorted/BonaFide/132_08.jpg,645,131,161
519,MAD22,OpenCV,random_80_20,train,/nas-ctm01/datasets/public/BIOMETRICS/Face_Morphing/MAD22/original_sorted/OpenCV/117_08-vs-121_08.jpg,117_08-vs-121_08.jpg,117_08-vs-121_08,117_08,121_08,117,121,/nas-ctm01/datasets/public/BIOMETRICS/Face_Morphing/MAD22/original_sorted/BonaFide/117_08.jpg,/nas-ctm01/datasets/public/BIOMETRICS/Face_Morphing/MAD22/original_sorted/BonaFide/121_08.jpg,646,132,140
520,MAD22,OpenCV,random_80_20,train,/nas-ctm01/datasets/public/BIOMETRICS/Face_Morphing/MAD22/original_sorted/OpenCV/117_08-vs-123_08.jpg,117_08-vs-123_08.jpg,117_08-vs-123_08,117_08,123_08,117,123,/nas-ctm01/datasets/public/BIOMETRICS/Face_Morphing/MAD22/original_sorted/BonaFide/117_08.jpg,/nas-ctm01/datasets/public/BIOMETRICS/Face_Morphing/MAD22/original_sorted/BonaFide/123_08.jpg,647,132,144
521,MAD22,OpenCV,random_80_20,train,/nas-ctm01/datasets/public/BIOMETRICS/Face_Morphing/MAD22/original_sorted/OpenCV/117_08-vs-173_08.jpg,117_08-vs-173_08.jpg,117_08-vs-173_08,117_08,173_08,117,173,/nas-ctm01/datasets/public/BIOMETRICS/Face_Morphing/MAD22/original_sorted/BonaFide/117_08.jpg,/nas-ctm01/datasets/public/BIOMETRICS/Face_Morphing/MAD22/original_sorted/BonaFide/173_08.jpg,649,132,184
522,MAD22,OpenCV,random_80_20,train,/nas-ctm01/datasets/public/BIOMETRICS/Face_Morphing/MAD22/original_sorted/OpenCV/118_08-vs-139_08.jpg,118_08-vs-139_08.jpg,118_08-vs-139_08,118_08,139_08,118,139,/nas-ctm01/datasets/public/BIOMETRICS/Face_Morphing/MAD22/original_sorted/BonaFide/118_08.jpg,/nas-ctm01/datasets/public/BIOMETRICS/Face_Morphing/MAD22/original_sorted/BonaFide/139_08.jpg,650,134,171
523,MAD22,OpenCV,random_80_20,train,/nas-ctm01/datasets/public/BIOMETRICS/Face_Morphing/MAD22/original_sorted/OpenCV/119_03-vs-137_03.jpg,119_03-vs-137_03.jpg,119_03-vs-137_03,119_03,137_03,119,137,/nas-ctm01/datasets/public/BIOMETRICS/Face_Morphing/MAD22/original_sorted/BonaFide/119_03.jpg,/nas-ctm01/datasets/public/BIOMETRICS/Face_Morphing/MAD22/original_sorted/BonaFide/137_03.jpg,652,135,168
524,MAD22,OpenCV,random_80_20,train,/nas-ctm01/datasets/public/BIOMETRICS/Face_Morphing/MAD22/original_sorted/OpenCV/119_08-vs-140_08.jpg,119_08-vs-140_08.jpg,119_08-vs-140_08,119_08,140_08,119,140,/nas-ctm01/datasets/public/BIOMETRICS/Face_Morphing/MAD22/original_sorted/BonaFide/119_08.jpg,/nas-ctm01/datasets/public/BIOMETRICS/Face_Morphing/MAD22/original_sorted/BonaFide/140_08.jpg,653,136,172
525,MAD22,OpenCV,random_80_20,train,/nas-ctm01/datasets/public/BIOMETRICS/Face_Morphing/MAD22/original_sorted/OpenCV/120_03-vs-136_03.jpg,120_03-vs-136_03.jpg,120_03-vs-136_03,120_03,136_03,120,136,/nas-ctm01/datasets/public/BIOMETRICS/Face_Morphing/MAD22/original_sorted/BonaFide/120_03.jpg,/nas-ctm01/datasets/public/BIOMETRICS/Face_Morphing/MAD22/original_sorted/BonaFide/136_03.jpg,654,137,166
526,MAD22,OpenCV,random_80_20,train,/nas-ctm01/datasets/public/BIOMETRICS/Face_Morphing/MAD22/original_sorted/OpenCV/120_08-vs-135_08.jpg,120_08-vs-135_08.jpg,120_08-vs-135_08,120_08,135_08,120,135,/nas-ctm01/datasets/public/BIOMETRICS/Face_Morphing/MAD22/original_sorted/BonaFide/120_08.jpg,/nas-ctm01/datasets/public/BIOMETRICS/Face_Morphing/MAD22/original_sorted/BonaFide/135_08.jpg,656,138,165
527,MAD22,OpenCV,random_80_20,train,/nas-ctm01/datasets/public/BIOMETRICS/Face_Morphing/MAD22/original_sorted/OpenCV/120_08-vs-136_08.jpg,120_08-vs-136_08.jpg,120_08-vs-136_08,120_08,136_08,120,136,/nas-ctm01/datasets/public/BIOMETRICS/Face_Morphing/MAD22/original_sorted/BonaFide/120_08.jpg,/nas-ctm01/datasets/public/BIOMETRICS/Face_Morphing/MAD22/original_sorted/BonaFide/136_08.jpg,657,138,167
528,MAD22,OpenCV,random_80_20,train,/nas-ctm01/datasets/public/BIOMETRICS/Face_Morphing/MAD22/original_sorted/OpenCV/120_08-vs-144_08.jpg,120_08-vs-144_08.jpg,120_08-vs-144_08,120_08,144_08,120,144,/nas-ctm01/datasets/public/BIOMETRICS/Face_Morphing/MAD22/original_sorted/BonaFide/120_08.jpg,/nas-ctm01/datasets/public/BIOMETRICS/Face_Morphing/MAD22/original_sorted/BonaFide/144_08.jpg,658,138,180
529,MAD22,OpenCV,random_80_20,train,/nas-ctm01/datasets/public/BIOMETRICS/Face_Morphing/MAD22/original_sorted/OpenCV/121_03-vs-142_03.jpg,121_03-vs-142_03.jpg,121_03-vs-142_03,121_03,142_03,121,142,/nas-ctm01/datasets/public/BIOMETRICS/Face_Morphing/MAD22/original_sorted/BonaFide/121_03.jpg,/nas-ctm01/datasets/public/BIOMETRICS/Face_Morphing/MAD22/original_sorted/BonaFide/142_03.jpg,660,139,175
530,MAD22,OpenCV,random_80_20,train,/nas-ctm01/datasets/public/BIOMETRICS/Face_Morphing/MAD22/original_sorted/OpenCV/121_08-vs-140_08.jpg,121_08-vs-140_08.jpg,121_08-vs-140_08,121_08,140_08,121,140,/nas-ctm01/datasets/public/BIOMETRICS/Face_Morphing/MAD22/original_sorted/BonaFide/121_08.jpg,/nas-ctm01/datasets/public/BIOMETRICS/Face_Morphing/MAD22/original_sorted/BonaFide/140_08.jpg,661,140,172
531,MAD22,OpenCV,random_80_20,train,/nas-ctm01/datasets/public/BIOMETRICS/Face_Morphing/MAD22/original_sorted/OpenCV/121_08-vs-142_08.jpg,121_08-vs-142_08.jpg,121_08-vs-142_08,121_08,142_08,121,142,/nas-ctm01/datasets/public/BIOMETRICS/Face_Morphing/MAD22/original_sorted/BonaFide/121_08.jpg,/nas-ctm01/datasets/public/BIOMETRICS/Face_Morphing/MAD22/original_sorted/BonaFide/142_08.jpg,662,140,176
532,MAD22,OpenCV,random_80_20,train,/nas-ctm01/datasets/public/BIOMETRICS/Face_Morphing/MAD22/original_sorted/OpenCV/122_03-vs-129_03.jpg,122_03-vs-129_03.jpg,122_03-vs-129_03,122_03,129_03,122,129,/nas-ctm01/datasets/public/BIOMETRICS/Face_Morphing/MAD22/original_sorted/BonaFide/122_03.jpg,/nas-ctm01/datasets/public/BIOMETRICS/Face_Morphing/MAD22/original_sorted/BonaFide/129_03.jpg,663,141,154
533,MAD22,OpenCV,random_80_20,train,/nas-ctm01/datasets/public/BIOMETRICS/Face_Morphing/MAD22/original_sorted/OpenCV/122_03-vs-139_03.jpg,122_03-vs-139_03.jpg,122_03-vs-139_03,122_03,139_03,122,139,/nas-ctm01/datasets/public/BIOMETRICS/Face_Morphing/MAD22/original_sorted/BonaFide/122_03.jpg,/nas-ctm01/datasets/public/BIOMETRICS/Face_Morphing/MAD22/original_sorted/BonaFide/139_03.jpg,664,141,170
534,MAD22,OpenCV,random_80_20,train,/nas-ctm01/datasets/public/BIOMETRICS/Face_Morphing/MAD22/original_sorted/OpenCV/122_08-vs-129_08.jpg,122_08-vs-129_08.jpg,122_08-vs-129_08,122_08,129_08,122,129,/nas-ctm01/datasets/public/BIOMETRICS/Face_Morphing/MAD22/original_sorted/BonaFide/122_08.jpg,/nas-ctm01/datasets/public/BIOMETRICS/Face_Morphing/MAD22/original_sorted/BonaFide/129_08.jpg,665,142,155
535,MAD22,OpenCV,random_80_20,train,/nas-ctm01/datasets/public/BIOMETRICS/Face_Morphing/MAD22/original_sorted/OpenCV/122_08-vs-139_08.jpg,122_08-vs-139_08.jpg,122_08-vs-139_08,122_08,139_08,122,139,/nas-ctm01/datasets/public/BIOMETRICS/Face_Morphing/MAD22/original_sorted/BonaFide/122_08.jpg,/nas-ctm01/datasets/public/BIOMETRICS/Face_Morphing/MAD22/original_sorted/BonaFide/139_08.jpg,666,142,171
536,MAD22,OpenCV,random_80_20,train,/nas-ctm01/datasets/public/BIOMETRICS/Face_Morphing/MAD22/original_sorted/OpenCV/123_03-vs-130_03.jpg,123_03-vs-130_03.jpg,123_03-vs-130_03,123_03,130_03,123,130,/nas-ctm01/datasets/public/BIOMETRICS/Face_Morphing/MAD22/original_sorted/BonaFide/123_03.jpg,/nas-ctm01/datasets/public/BIOMETRICS/Face_Morphing/MAD22/original_sorted/BonaFide/130_03.jpg,667,143,156
537,MAD22,OpenCV,random_80_20,train,/nas-ctm01/datasets/public/BIOMETRICS/Face_Morphing/MAD22/original_sorted/OpenCV/123_03-vs-131_03.jpg,123_03-vs-131_03.jpg,123_03-vs-131_03,123_03,131_03,123,131,/nas-ctm01/datasets/public/BIOMETRICS/Face_Morphing/MAD22/original_sorted/BonaFide/123_03.jpg,/nas-ctm01/datasets/public/BIOMETRICS/Face_Morphing/MAD22/original_sorted/BonaFide/131_03.jpg,668,143,158
538,MAD22,OpenCV,random_80_20,train,/nas-ctm01/datasets/public/BIOMETRICS/Face_Morphing/MAD22/original_sorted/OpenCV/123_03-vs-138_03.jpg,123_03-vs-138_03.jpg,123_03-vs-138_03,123_03,138_03,123,138,/nas-ctm01/datasets/public/BIOMETRICS/Face_Morphing/MAD22/original_sorted/BonaFide/123_03.jpg,/nas-ctm01/datasets/public/BIOMETRICS/Face_Morphing/MAD22/original_sorted/BonaFide/138_03.jpg,669,143,169
539,MAD22,OpenCV,random_80_20,train,/nas-ctm01/datasets/public/BIOMETRICS/Face_Morphing/MAD22/original_sorted/OpenCV/123_03-vs-142_03.jpg,123_03-vs-142_03.jpg,123_03-vs-142_03,123_03,142_03,123,142,/nas-ctm01/datasets/public/BIOMETRICS/Face_Morphing/MAD22/original_sorted/BonaFide/123_03.jpg,/nas-ctm01/datasets/public/BIOMETRICS/Face_Morphing/MAD22/original_sorted/BonaFide/142_03.jpg,670,143,175
540,MAD22,OpenCV,random_80_20,train,/nas-ctm01/datasets/public/BIOMETRICS/Face_Morphing/MAD22/original_sorted/OpenCV/123_03-vs-173_03.jpg,123_03-vs-173_03.jpg,123_03-vs-173_03,123_03,173_03,123,173,/nas-ctm01/datasets/public/BIOMETRICS/Face_Morphing/MAD22/original_sorted/BonaFide/123_03.jpg,/nas-ctm01/datasets/public/BIOMETRICS/Face_Morphing/MAD22/original_sorted/BonaFide/173_03.jpg,671,143,183
541,MAD22,OpenCV,random_80_20,train,/nas-ctm01/datasets/public/BIOMETRICS/Face_Morphing/MAD22/original_sorted/OpenCV/124_03-vs-136_03.jpg,124_03-vs-136_03.jpg,124_03-vs-136_03,124_03,136_03,124,136,/nas-ctm01/datasets/public/BIOMETRICS/Face_Morphing/MAD22/original_sorted/BonaFide/124_03.jpg,/nas-ctm01/datasets/public/BIOMETRICS/Face_Morphing/MAD22/original_sorted/BonaFide/136_03.jpg,673,145,166
542,MAD22,OpenCV,random_80_20,train,/nas-ctm01/datasets/public/BIOMETRICS/Face_Morphing/MAD22/original_sorted/OpenCV/125_03-vs-132_03.jpg,125_03-vs-132_03.jpg,125_03-vs-132_03,125_03,132_03,125,132,/nas-ctm01/datasets/public/BIOMETRICS/Face_Morphing/MAD22/original_sorted/BonaFide/125_03.jpg,/nas-ctm01/datasets/public/BIOMETRICS/Face_Morphing/MAD22/original_sorted/BonaFide/132_03.jpg,676,147,160
543,MAD22,OpenCV,random_80_20,train,/nas-ctm01/datasets/public/BIOMETRICS/Face_Morphing/MAD22/original_sorted/OpenCV/125_03-vs-141_03.jpg,125_03-vs-141_03.jpg,125_03-vs-141_03,125_03,141_03,125,141,/nas-ctm01/datasets/public/BIOMETRICS/Face_Morphing/MAD22/original_sorted/BonaFide/125_03.jpg,/nas-ctm01/datasets/public/BIOMETRICS/Face_Morphing/MAD22/original_sorted/BonaFide/141_03.jpg,677,147,173
544,MAD22,OpenCV,random_80_20,train,/nas-ctm01/datasets/public/BIOMETRICS/Face_Morphing/MAD22/original_sorted/OpenCV/125_03-vs-172_03.jpg,125_03-vs-172_03.jpg,125_03-vs-172_03,125_03,172_03,125,172,/nas-ctm01/datasets/public/BIOMETRICS/Face_Morphing/MAD22/original_sorted/BonaFide/125_03.jpg,/nas-ctm01/datasets/public/BIOMETRICS/Face_Morphing/MAD22/original_sorted/BonaFide/172_03.jpg,678,147,181
545,MAD22,OpenCV,random_80_20,train,/nas-ctm01/datasets/public/BIOMETRICS/Face_Morphing/MAD22/original_sorted/OpenCV/125_03-vs-173_03.jpg,125_03-vs-173_03.jpg,125_03-vs-173_03,125_03,173_03,125,173,/nas-ctm01/datasets/public/BIOMETRICS/Face_Morphing/MAD22/original_sorted/BonaFide/125_03.jpg,/nas-ctm01/datasets/public/BIOMETRICS/Face_Morphing/MAD22/original_sorted/BonaFide/173_03.jpg,679,147,183
546,MAD22,OpenCV,random_80_20,train,/nas-ctm01/datasets/public/BIOMETRICS/Face_Morphing/MAD22/original_sorted/OpenCV/125_08-vs-141_08.jpg,125_08-vs-141_08.jpg,125_08-vs-141_08,125_08,141_08,125,141,/nas-ctm01/datasets/public/BIOMETRICS/Face_Morphing/MAD22/original_sorted/BonaFide/125_08.jpg,/nas-ctm01/datasets/public/BIOMETRICS/Face_Morphing/MAD22/original_sorted/BonaFide/141_08.jpg,680,148,174
547,MAD22,OpenCV,random_80_20,train,/nas-ctm01/datasets/public/BIOMETRICS/Face_Morphing/MAD22/original_sorted/OpenCV/125_08-vs-172_08.jpg,125_08-vs-172_08.jpg,125_08-vs-172_08,125_08,172_08,125,172,/nas-ctm01/datasets/public/BIOMETRICS/Face_Morphing/MAD22/original_sorted/BonaFide/125_08.jpg,/nas-ctm01/datasets/public/BIOMETRICS/Face_Morphing/MAD22/original_sorted/BonaFide/172_08.jpg,681,148,182
548,MAD22,OpenCV,random_80_20,train,/nas-ctm01/datasets/public/BIOMETRICS/Face_Morphing/MAD22/original_sorted/OpenCV/125_08-vs-173_08.jpg,125_08-vs-173_08.jpg,125_08-vs-173_08,125_08,173_08,125,173,/nas-ctm01/datasets/public/BIOMETRICS/Face_Morphing/MAD22/original_sorted/BonaFide/125_08.jpg,/nas-ctm01/datasets/public/BIOMETRICS/Face_Morphing/MAD22/original_sorted/BonaFide/173_08.jpg,682,148,184
549,MAD22,OpenCV,random_80_20,train,/nas-ctm01/datasets/public/BIOMETRICS/Face_Morphing/MAD22/original_sorted/OpenCV/126_03-vs-136_03.jpg,126_03-vs-136_03.jpg,126_03-vs-136_03,126_03,136_03,126,136,/nas-ctm01/datasets/public/BIOMETRICS/Face_Morphing/MAD22/original_sorted/BonaFide/126_03.jpg,/nas-ctm01/datasets/public/BIOMETRICS/Face_Morphing/MAD22/original_sorted/BonaFide/136_03.jpg,683,149,166
550,MAD22,OpenCV,random_80_20,train,/nas-ctm01/datasets/public/BIOMETRICS/Face_Morphing/MAD22/original_sorted/OpenCV/126_08-vs-127_08.jpg,126_08-vs-127_08.jpg,126_08-vs-127_08,126_08,127_08,126,127,/nas-ctm01/datasets/public/BIOMETRICS/Face_Morphing/MAD22/original_sorted/BonaFide/126_08.jpg,/nas-ctm01/datasets/public/BIOMETRICS/Face_Morphing/MAD22/original_sorted/BonaFide/127_08.jpg,684,150,151
551,MAD22,OpenCV,random_80_20,train,/nas-ctm01/datasets/public/BIOMETRICS/Face_Morphing/MAD22/original_sorted/OpenCV/126_08-vs-144_08.jpg,126_08-vs-144_08.jpg,126_08-vs-144_08,126_08,144_08,126,144,/nas-ctm01/datasets/public/BIOMETRICS/Face_Morphing/MAD22/original_sorted/BonaFide/126_08.jpg,/nas-ctm01/datasets/public/BIOMETRICS/Face_Morphing/MAD22/original_sorted/BonaFide/144_08.jpg,686,150,180
552,MAD22,OpenCV,random_80_20,train,/nas-ctm01/datasets/public/BIOMETRICS/Face_Morphing/MAD22/original_sorted/OpenCV/128_03-vs-132_03.jpg,128_03-vs-132_03.jpg,128_03-vs-132_03,128_03,132_03,128,132,/nas-ctm01/datasets/public/BIOMETRICS/Face_Morphing/MAD22/original_sorted/BonaFide/128_03.jpg,/nas-ctm01/datasets/public/BIOMETRICS/Face_Morphing/MAD22/original_sorted/BonaFide/132_03.jpg,688,152,160
553,MAD22,OpenCV,random_80_20,train,/nas-ctm01/datasets/public/BIOMETRICS/Face_Morphing/MAD22/original_sorted/OpenCV/128_03-vs-138_03.jpg,128_03-vs-138_03.jpg,128_03-vs-138_03,128_03,138_03,128,138,/nas-ctm01/datasets/public/BIOMETRICS/Face_Morphing/MAD22/original_sorted/BonaFide/128_03.jpg,/nas-ctm01/datasets/public/BIOMETRICS/Face_Morphing/MAD22/original_sorted/BonaFide/138_03.jpg,689,152,169
554,MAD22,OpenCV,random_80_20,train,/nas-ctm01/datasets/public/BIOMETRICS/Face_Morphing/MAD22/original_sorted/OpenCV/128_03-vs-141_03.jpg,128_03-vs-141_03.jpg,128_03-vs-141_03,128_03,141_03,128,141,/nas-ctm01/datasets/public/BIOMETRICS/Face_Morphing/MAD22/original_sorted/BonaFide/128_03.jpg,/nas-ctm01/datasets/public/BIOMETRICS/Face_Morphing/MAD22/original_sorted/BonaFide/141_03.jpg,690,152,173
555,MAD22,OpenCV,random_80_20,train,/nas-ctm01/datasets/public/BIOMETRICS/Face_Morphing/MAD22/original_sorted/OpenCV/128_03-vs-142_03.jpg,128_03-vs-142_03.jpg,128_03-vs-142_03,128_03,142_03,128,142,/nas-ctm01/datasets/public/BIOMETRICS/Face_Morphing/MAD22/original_sorted/BonaFide/128_03.jpg,/nas-ctm01/datasets/public/BIOMETRICS/Face_Morphing/MAD22/original_sorted/BonaFide/142_03.jpg,691,152,175
556,MAD22,OpenCV,random_80_20,train,/nas-ctm01/datasets/public/BIOMETRICS/Face_Morphing/MAD22/original_sorted/OpenCV/128_08-vs-130_08.jpg,128_08-vs-130_08.jpg,128_08-vs-130_08,128_08,130_08,128,130,/nas-ctm01/datasets/public/BIOMETRICS/Face_Morphing/MAD22/original_sorted/BonaFide/128_08.jpg,/nas-ctm01/datasets/public/BIOMETRICS/Face_Morphing/MAD22/original_sorted/BonaFide/130_08.jpg,693,153,157
557,MAD22,OpenCV,random_80_20,train,/nas-ctm01/datasets/public/BIOMETRICS/Face_Morphing/MAD22/original_sorted/OpenCV/128_08-vs-132_08.jpg,128_08-vs-132_08.jpg,128_08-vs-132_08,128_08,132_08,128,132,/nas-ctm01/datasets/public/BIOMETRICS/Face_Morphing/MAD22/original_sorted/BonaFide/128_08.jpg,/nas-ctm01/datasets/public/BIOMETRICS/Face_Morphing/MAD22/original_sorted/BonaFide/132_08.jpg,694,153,161
558,MAD22,OpenCV,random_80_20,train,/nas-ctm01/datasets/public/BIOMETRICS/Face_Morphing/MAD22/original_sorted/OpenCV/128_08-vs-141_08.jpg,128_08-vs-141_08.jpg,128_08-vs-141_08,128_08,141_08,128,141,/nas-ctm01/datasets/public/BIOMETRICS/Face_Morphing/MAD22/original_sorted/BonaFide/128_08.jpg,/nas-ctm01/datasets/public/BIOMETRICS/Face_Morphing/MAD22/original_sorted/BonaFide/141_08.jpg,696,153,174
559,MAD22,OpenCV,random_80_20,train,/nas-ctm01/datasets/public/BIOMETRICS/Face_Morphing/MAD22/original_sorted/OpenCV/130_03-vs-131_03.jpg,130_03-vs-131_03.jpg,130_03-vs-131_03,130_03,131_03,130,131,/nas-ctm01/datasets/public/BIOMETRICS/Face_Morphing/MAD22/original_sorted/BonaFide/130_03.jpg,/nas-ctm01/datasets/public/BIOMETRICS/Face_Morphing/MAD22/original_sorted/BonaFide/131_03.jpg,697,156,158
560,MAD22,OpenCV,random_80_20,train,/nas-ctm01/datasets/public/BIOMETRICS/Face_Morphing/MAD22/original_sorted/OpenCV/130_03-vs-132_03.jpg,130_03-vs-132_03.jpg,130_03-vs-132_03,130_03,132_03,130,132,/nas-ctm01/datasets/public/BIOMETRICS/Face_Morphing/MAD22/original_sorted/BonaFide/130_03.jpg,/nas-ctm01/datasets/public/BIOMETRICS/Face_Morphing/MAD22/original_sorted/BonaFide/132_03.jpg,698,156,160
561,MAD22,OpenCV,random_80_20,train,/nas-ctm01/datasets/public/BIOMETRICS/Face_Morphing/MAD22/original_sorted/OpenCV/130_03-vs-138_03.jpg,130_03-vs-138_03.jpg,130_03-vs-138_03,130_03,138_03,130,138,/nas-ctm01/datasets/public/BIOMETRICS/Face_Morphing/MAD22/original_sorted/BonaFide/130_03.jpg,/nas-ctm01/datasets/public/BIOMETRICS/Face_Morphing/MAD22/original_sorted/BonaFide/138_03.jpg,699,156,169
562,MAD22,OpenCV,random_80_20,train,/nas-ctm01/datasets/public/BIOMETRICS/Face_Morphing/MAD22/original_sorted/OpenCV/130_03-vs-141_03.jpg,130_03-vs-141_03.jpg,130_03-vs-141_03,130_03,141_03,130,141,/nas-ctm01/datasets/public/BIOMETRICS/Face_Morphing/MAD22/original_sorted/BonaFide/130_03.jpg,/nas-ctm01/datasets/public/BIOMETRICS/Face_Morphing/MAD22/original_sorted/BonaFide/141_03.jpg,700,156,173
563,MAD22,OpenCV,random_80_20,train,/nas-ctm01/datasets/public/BIOMETRICS/Face_Morphing/MAD22/original_sorted/OpenCV/130_08-vs-131_08.jpg,130_08-vs-131_08.jpg,130_08-vs-131_08,130_08,131_08,130,131,/nas-ctm01/datasets/public/BIOMETRICS/Face_Morphing/MAD22/original_sorted/BonaFide/130_08.jpg,/nas-ctm01/datasets/public/BIOMETRICS/Face_Morphing/MAD22/original_sorted/BonaFide/131_08.jpg,702,157,159
564,MAD22,OpenCV,random_80_20,train,/nas-ctm01/datasets/public/BIOMETRICS/Face_Morphing/MAD22/original_sorted/OpenCV/130_08-vs-132_08.jpg,130_08-vs-132_08.jpg,130_08-vs-132_08,130_08,132_08,130,132,/nas-ctm01/datasets/public/BIOMETRICS/Face_Morphing/MAD22/original_sorted/BonaFide/130_08.jpg,/nas-ctm01/datasets/public/BIOMETRICS/Face_Morphing/MAD22/original_sorted/BonaFide/132_08.jpg,703,157,161
565,MAD22,OpenCV,random_80_20,train,/nas-ctm01/datasets/public/BIOMETRICS/Face_Morphing/MAD22/original_sorted/OpenCV/131_03-vs-138_03.jpg,131_03-vs-138_03.jpg,131_03-vs-138_03,131_03,138_03,131,138,/nas-ctm01/datasets/public/BIOMETRICS/Face_Morphing/MAD22/original_sorted/BonaFide/131_03.jpg,/nas-ctm01/datasets/public/BIOMETRICS/Face_Morphing/MAD22/original_sorted/BonaFide/138_03.jpg,705,158,169
566,MAD22,OpenCV,random_80_20,train,/nas-ctm01/datasets/public/BIOMETRICS/Face_Morphing/MAD22/original_sorted/OpenCV/131_08-vs-172_08.jpg,131_08-vs-172_08.jpg,131_08-vs-172_08,131_08,172_08,131,172,/nas-ctm01/datasets/public/BIOMETRICS/Face_Morphing/MAD22/original_sorted/BonaFide/131_08.jpg,/nas-ctm01/datasets/public/BIOMETRICS/Face_Morphing/MAD22/original_sorted/BonaFide/172_08.jpg,707,159,182
567,MAD22,OpenCV,random_80_20,train,/nas-ctm01/datasets/public/BIOMETRICS/Face_Morphing/MAD22/original_sorted/OpenCV/132_03-vs-172_03.jpg,132_03-vs-172_03.jpg,132_03-vs-172_03,132_03,172_03,132,172,/nas-ctm01/datasets/public/BIOMETRICS/Face_Morphing/MAD22/original_sorted/BonaFide/132_03.jpg,/nas-ctm01/datasets/public/BIOMETRICS/Face_Morphing/MAD22/original_sorted/BonaFide/172_03.jpg,708,160,181
568,MAD22,OpenCV,random_80_20,train,/nas-ctm01/datasets/public/BIOMETRICS/Face_Morphing/MAD22/original_sorted/OpenCV/134_03-vs-139_03.jpg,134_03-vs-139_03.jpg,134_03-vs-139_03,134_03,139_03,134,139,/nas-ctm01/datasets/public/BIOMETRICS/Face_Morphing/MAD22/original_sorted/BonaFide/134_03.jpg,/nas-ctm01/datasets/public/BIOMETRICS/Face_Morphing/MAD22/original_sorted/BonaFide/139_03.jpg,710,162,170
569,MAD22,OpenCV,random_80_20,train,/nas-ctm01/datasets/public/BIOMETRICS/Face_Morphing/MAD22/original_sorted/OpenCV/136_03-vs-144_03.jpg,136_03-vs-144_03.jpg,136_03-vs-144_03,136_03,144_03,136,144,/nas-ctm01/datasets/public/BIOMETRICS/Face_Morphing/MAD22/original_sorted/BonaFide/136_03.jpg,/nas-ctm01/datasets/public/BIOMETRICS/Face_Morphing/MAD22/original_sorted/BonaFide/144_03.jpg,712,166,179
570,MAD22,OpenCV,random_80_20,train,/nas-ctm01/datasets/public/BIOMETRICS/Face_Morphing/MAD22/original_sorted/OpenCV/136_08-vs-144_08.jpg,136_08-vs-144_08.jpg,136_08-vs-144_08,136_08,144_08,136,144,/nas-ctm01/datasets/public/BIOMETRICS/Face_Morphing/MAD22/original_sorted/BonaFide/136_08.jpg,/nas-ctm01/datasets/public/BIOMETRICS/Face_Morphing/MAD22/original_sorted/BonaFide/144_08.jpg,713,167,180
571,MAD22,OpenCV,random_80_20,train,/nas-ctm01/datasets/public/BIOMETRICS/Face_Morphing/MAD22/original_sorted/OpenCV/137_03-vs-143_03.jpg,137_03-vs-143_03.jpg,137_03-vs-143_03,137_03,143_03,137,143,/nas-ctm01/datasets/public/BIOMETRICS/Face_Morphing/MAD22/original_sorted/BonaFide/137_03.jpg,/nas-ctm01/datasets/public/BIOMETRICS/Face_Morphing/MAD22/original_sorted/BonaFide/143_03.jpg,714,168,177
572,MAD22,OpenCV,random_80_20,train,/nas-ctm01/datasets/public/BIOMETRICS/Face_Morphing/MAD22/original_sorted/OpenCV/138_03-vs-141_03.jpg,138_03-vs-141_03.jpg,138_03-vs-141_03,138_03,141_03,138,141,/nas-ctm01/datasets/public/BIOMETRICS/Face_Morphing/MAD22/original_sorted/BonaFide/138_03.jpg,/nas-ctm01/datasets/public/BIOMETRICS/Face_Morphing/MAD22/original_sorted/BonaFide/141_03.jpg,715,169,173
573,MAD22,OpenCV,random_80_20,train,/nas-ctm01/datasets/public/BIOMETRICS/Face_Morphing/MAD22/original_sorted/OpenCV/139_08-vs-144_08.jpg,139_08-vs-144_08.jpg,139_08-vs-144_08,139_08,144_08,139,144,/nas-ctm01/datasets/public/BIOMETRICS/Face_Morphing/MAD22/original_sorted/BonaFide/139_08.jpg,/nas-ctm01/datasets/public/BIOMETRICS/Face_Morphing/MAD22/original_sorted/BonaFide/144_08.jpg,717,171,180
574,MAD22,OpenCV,random_80_20,train,/nas-ctm01/datasets/public/BIOMETRICS/Face_Morphing/MAD22/original_sorted/OpenCV/140_08-vs-141_08.jpg,140_08-vs-141_08.jpg,140_08-vs-141_08,140_08,141_08,140,141,/nas-ctm01/datasets/public/BIOMETRICS/Face_Morphing/MAD22/original_sorted/BonaFide/140_08.jpg,/nas-ctm01/datasets/public/BIOMETRICS/Face_Morphing/MAD22/original_sorted/BonaFide/141_08.jpg,718,172,174
575,MAD22,OpenCV,random_80_20,train,/nas-ctm01/datasets/public/BIOMETRICS/Face_Morphing/MAD22/original_sorted/OpenCV/140_08-vs-173_08.jpg,140_08-vs-173_08.jpg,140_08-vs-173_08,140_08,173_08,140,173,/nas-ctm01/datasets/public/BIOMETRICS/Face_Morphing/MAD22/original_sorted/BonaFide/140_08.jpg,/nas-ctm01/datasets/public/BIOMETRICS/Face_Morphing/MAD22/original_sorted/BonaFide/173_08.jpg,719,172,184
576,MAD22,OpenCV,random_80_20,train,/nas-ctm01/datasets/public/BIOMETRICS/Face_Morphing/MAD22/original_sorted/OpenCV/141_03-vs-143_03.jpg,141_03-vs-143_03.jpg,141_03-vs-143_03,141_03,143_03,141,143,/nas-ctm01/datasets/public/BIOMETRICS/Face_Morphing/MAD22/original_sorted/BonaFide/141_03.jpg,/nas-ctm01/datasets/public/BIOMETRICS/Face_Morphing/MAD22/original_sorted/BonaFide/143_03.jpg,720,173,177
577,MAD22,OpenCV,random_80_20,train,/nas-ctm01/datasets/public/BIOMETRICS/Face_Morphing/MAD22/original_sorted/OpenCV/141_08-vs-143_08.jpg,141_08-vs-143_08.jpg,141_08-vs-143_08,141_08,143_08,141,143,/nas-ctm01/datasets/public/BIOMETRICS/Face_Morphing/MAD22/original_sorted/BonaFide/141_08.jpg,/nas-ctm01/datasets/public/BIOMETRICS/Face_Morphing/MAD22/original_sorted/BonaFide/143_08.jpg,721,174,178
