cache_index,image_path,filename,stem
0,/nas-ctm01/datasets/public/BIOMETRICS/Face_Morphing/MAD22/original_sorted/OpenCV/001_03-vs-010_03.jpg,001_03-vs-010_03.jpg,001_03-vs-010_03
1,/nas-ctm01/datasets/public/BIOMETRICS/Face_Morphing/MAD22/original_sorted/OpenCV/001_03-vs-014_03.jpg,001_03-vs-014_03.jpg,001_03-vs-014_03
2,/nas-ctm01/datasets/public/BIOMETRICS/Face_Morphing/MAD22/original_sorted/OpenCV/001_03-vs-030_03.jpg,001_03-vs-030_03.jpg,001_03-vs-030_03
3,/nas-ctm01/datasets/public/BIOMETRICS/Face_Morphing/MAD22/original_sorted/OpenCV/001_03-vs-032_03.jpg,001_03-vs-032_03.jpg,001_03-vs-032_03
4,/nas-ctm01/datasets/public/BIOMETRICS/Face_Morphing/MAD22/original_sorted/OpenCV/001_03-vs-090_03.jpg,001_03-vs-090_03.jpg,001_03-vs-090_03
5,/nas-ctm01/datasets/public/BIOMETRICS/Face_Morphing/MAD22/original_sorted/OpenCV/001_03-vs-107_03.jpg,001_03-vs-107_03.jpg,001_03-vs-107_03
6,/nas-ctm01/datasets/public/BIOMETRICS/Face_Morphing/MAD22/original_sorted/OpenCV/001_03-vs-113_03.jpg,001_03-vs-113_03.jpg,001_03-vs-113_03
7,/nas-ctm01/datasets/public/BIOMETRICS/Face_Morphing/MAD22/original_sorted/OpenCV/001_03-vs-122_03.jpg,001_03-vs-122_03.jpg,001_03-vs-122_03
8,/nas-ctm01/datasets/public/BIOMETRICS/Face_Morphing/MAD22/original_sorted/OpenCV/001_03-vs-129_03.jpg,001_03-vs-129_03.jpg,001_03-vs-129_03
9,/nas-ctm01/datasets/public/BIOMETRICS/Face_Morphing/MAD22/original_sorted/OpenCV/001_08-vs-010_08.jpg,001_08-vs-010_08.jpg,001_08-vs-010_08
10,/nas-ctm01/datasets/public/BIOMETRICS/Face_Morphing/MAD22/original_sorted/OpenCV/001_08-vs-014_08.jpg,001_08-vs-014_08.jpg,001_08-vs-014_08
11,/nas-ctm01/datasets/public/BIOMETRICS/Face_Morphing/MAD22/original_sorted/OpenCV/001_08-vs-032_08.jpg,001_08-vs-032_08.jpg,001_08-vs-032_08
12,/nas-ctm01/datasets/public/BIOMETRICS/Face_Morphing/MAD22/original_sorted/OpenCV/001_08-vs-039_08.jpg,001_08-vs-039_08.jpg,001_08-vs-039_08
13,/nas-ctm01/datasets/public/BIOMETRICS/Face_Morphing/MAD22/original_sorted/OpenCV/001_08-vs-087_08.jpg,001_08-vs-087_08.jpg,001_08-vs-087_08
14,/nas-ctm01/datasets/public/BIOMETRICS/Face_Morphing/MAD22/original_sorted/OpenCV/001_08-vs-090_08.jpg,001_08-vs-090_08.jpg,001_08-vs-090_08
15,/nas-ctm01/datasets/public/BIOMETRICS/Face_Morphing/MAD22/original_sorted/OpenCV/001_08-vs-094_08.jpg,001_08-vs-094_08.jpg,001_08-vs-094_08
16,/nas-ctm01/datasets/public/BIOMETRICS/Face_Morphing/MAD22/original_sorted/OpenCV/001_08-vs-122_08.jpg,001_08-vs-122_08.jpg,001_08-vs-122_08
17,/nas-ctm01/datasets/public/BIOMETRICS/Face_Morphing/MAD22/original_sorted/OpenCV/002_03-vs-011_03.jpg,002_03-vs-011_03.jpg,002_03-vs-011_03
18,/nas-ctm01/datasets/public/BIOMETRICS/Face_Morphing/MAD22/original_sorted/OpenCV/002_03-vs-020_03.jpg,002_03-vs-020_03.jpg,002_03-vs-020_03
19,/nas-ctm01/datasets/public/BIOMETRICS/Face_Morphing/MAD22/original_sorted/OpenCV/002_03-vs-027_03.jpg,002_03-vs-027_03.jpg,002_03-vs-027_03
20,/nas-ctm01/datasets/public/BIOMETRICS/Face_Morphing/MAD22/original_sorted/OpenCV/002_03-vs-032_03.jpg,002_03-vs-032_03.jpg,002_03-vs-032_03
21,/nas-ctm01/datasets/public/BIOMETRICS/Face_Morphing/MAD22/original_sorted/OpenCV/002_03-vs-039_03.jpg,002_03-vs-039_03.jpg,002_03-vs-039_03
22,/nas-ctm01/datasets/public/BIOMETRICS/Face_Morphing/MAD22/original_sorted/OpenCV/002_03-vs-094_03.jpg,002_03-vs-094_03.jpg,002_03-vs-094_03
23,/nas-ctm01/datasets/public/BIOMETRICS/Face_Morphing/MAD22/original_sorted/OpenCV/002_03-vs-097_03.jpg,002_03-vs-097_03.jpg,002_03-vs-097_03
24,/nas-ctm01/datasets/public/BIOMETRICS/Face_Morphing/MAD22/original_sorted/OpenCV/002_03-vs-100_03.jpg,002_03-vs-100_03.jpg,002_03-vs-100_03
25,/nas-ctm01/datasets/public/BIOMETRICS/Face_Morphing/MAD22/original_sorted/OpenCV/002_03-vs-102_03.jpg,002_03-vs-102_03.jpg,002_03-vs-102_03
26,/nas-ctm01/datasets/public/BIOMETRICS/Face_Morphing/MAD22/original_sorted/OpenCV/002_03-vs-118_03.jpg,002_03-vs-118_03.jpg,002_03-vs-118_03
27,/nas-ctm01/datasets/public/BIOMETRICS/Face_Morphing/MAD22/original_sorted/OpenCV/002_03-vs-124_03.jpg,002_03-vs-124_03.jpg,002_03-vs-124_03
28,/nas-ctm01/datasets/public/BIOMETRICS/Face_Morphing/MAD22/original_sorted/OpenCV/002_03-vs-136_03.jpg,002_03-vs-136_03.jpg,002_03-vs-136_03
29,/nas-ctm01/datasets/public/BIOMETRICS/Face_Morphing/MAD22/original_sorted/OpenCV/002_03-vs-139_03.jpg,002_03-vs-139_03.jpg,002_03-vs-139_03
30,/nas-ctm01/datasets/public/BIOMETRICS/Face_Morphing/MAD22/original_sorted/OpenCV/002_03-vs-144_03.jpg,002_03-vs-144_03.jpg,002_03-vs-144_03
31,/nas-ctm01/datasets/public/BIOMETRICS/Face_Morphing/MAD22/original_sorted/OpenCV/002_08-vs-003_08.jpg,002_08-vs-003_08.jpg,002_08-vs-003_08
32,/nas-ctm01/datasets/public/BIOMETRICS/Face_Morphing/MAD22/original_sorted/OpenCV/002_08-vs-011_08.jpg,002_08-vs-011_08.jpg,002_08-vs-011_08
33,/nas-ctm01/datasets/public/BIOMETRICS/Face_Morphing/MAD22/original_sorted/OpenCV/002_08-vs-025_08.jpg,002_08-vs-025_08.jpg,002_08-vs-025_08
34,/nas-ctm01/datasets/public/BIOMETRICS/Face_Morphing/MAD22/original_sorted/OpenCV/002_08-vs-027_08.jpg,002_08-vs-027_08.jpg,002_08-vs-027_08
35,/nas-ctm01/datasets/public/BIOMETRICS/Face_Morphing/MAD22/original_sorted/OpenCV/002_08-vs-032_08.jpg,002_08-vs-032_08.jpg,002_08-vs-032_08
36,/nas-ctm01/datasets/public/BIOMETRICS/Face_Morphing/MAD22/original_sorted/OpenCV/002_08-vs-039_08.jpg,002_08-vs-039_08.jpg,002_08-vs-039_08
37,/nas-ctm01/datasets/public/BIOMETRICS/Face_Morphing/MAD22/original_sorted/OpenCV/002_08-vs-081_08.jpg,002_08-vs-081_08.jpg,002_08-vs-081_08
38,/nas-ctm01/datasets/public/BIOMETRICS/Face_Morphing/MAD22/original_sorted/OpenCV/002_08-vs-090_08.jpg,002_08-vs-090_08.jpg,002_08-vs-090_08
39,/nas-ctm01/datasets/public/BIOMETRICS/Face_Morphing/MAD22/original_sorted/OpenCV/002_08-vs-091_08.jpg,002_08-vs-091_08.jpg,002_08-vs-091_08
40,/nas-ctm01/datasets/public/BIOMETRICS/Face_Morphing/MAD22/original_sorted/OpenCV/002_08-vs-097_08.jpg,002_08-vs-097_08.jpg,002_08-vs-097_08
41,/nas-ctm01/datasets/public/BIOMETRICS/Face_Morphing/MAD22/original_sorted/OpenCV/002_08-vs-099_08.jpg,002_08-vs-099_08.jpg,002_08-vs-099_08
42,/nas-ctm01/datasets/public/BIOMETRICS/Face_Morphing/MAD22/original_sorted/OpenCV/002_08-vs-102_08.jpg,002_08-vs-102_08.jpg,002_08-vs-102_08
43,/nas-ctm01/datasets/public/BIOMETRICS/Face_Morphing/MAD22/original_sorted/OpenCV/002_08-vs-118_08.jpg,002_08-vs-118_08.jpg,002_08-vs-118_08
44,/nas-ctm01/datasets/public/BIOMETRICS/Face_Morphing/MAD22/original_sorted/OpenCV/002_08-vs-124_08.jpg,002_08-vs-124_08.jpg,002_08-vs-124_08
45,/nas-ctm01/datasets/public/BIOMETRICS/Face_Morphing/MAD22/original_sorted/OpenCV/002_08-vs-135_08.jpg,002_08-vs-135_08.jpg,002_08-vs-135_08
46,/nas-ctm01/datasets/public/BIOMETRICS/Face_Morphing/MAD22/original_sorted/OpenCV/002_08-vs-136_08.jpg,002_08-vs-136_08.jpg,002_08-vs-136_08
47,/nas-ctm01/datasets/public/BIOMETRICS/Face_Morphing/MAD22/original_sorted/OpenCV/002_08-vs-139_08.jpg,002_08-vs-139_08.jpg,002_08-vs-139_08
48,/nas-ctm01/datasets/public/BIOMETRICS/Face_Morphing/MAD22/original_sorted/OpenCV/002_08-vs-144_08.jpg,002_08-vs-144_08.jpg,002_08-vs-144_08
49,/nas-ctm01/datasets/public/BIOMETRICS/Face_Morphing/MAD22/original_sorted/OpenCV/003_03-vs-011_03.jpg,003_03-vs-011_03.jpg,003_03-vs-011_03
50,/nas-ctm01/datasets/public/BIOMETRICS/Face_Morphing/MAD22/original_sorted/OpenCV/003_03-vs-014_03.jpg,003_03-vs-014_03.jpg,003_03-vs-014_03
51,/nas-ctm01/datasets/public/BIOMETRICS/Face_Morphing/MAD22/original_sorted/OpenCV/003_03-vs-016_03.jpg,003_03-vs-016_03.jpg,003_03-vs-016_03
52,/nas-ctm01/datasets/public/BIOMETRICS/Face_Morphing/MAD22/original_sorted/OpenCV/003_03-vs-027_03.jpg,003_03-vs-027_03.jpg,003_03-vs-027_03
53,/nas-ctm01/datasets/public/BIOMETRICS/Face_Morphing/MAD22/original_sorted/OpenCV/003_08-vs-016_08.jpg,003_08-vs-016_08.jpg,003_08-vs-016_08
54,/nas-ctm01/datasets/public/BIOMETRICS/Face_Morphing/MAD22/original_sorted/OpenCV/003_08-vs-027_08.jpg,003_08-vs-027_08.jpg,003_08-vs-027_08
55,/nas-ctm01/datasets/public/BIOMETRICS/Face_Morphing/MAD22/original_sorted/OpenCV/003_08-vs-032_08.jpg,003_08-vs-032_08.jpg,003_08-vs-032_08
56,/nas-ctm01/datasets/public/BIOMETRICS/Face_Morphing/MAD22/original_sorted/OpenCV/003_08-vs-124_08.jpg,003_08-vs-124_08.jpg,003_08-vs-124_08
57,/nas-ctm01/datasets/public/BIOMETRICS/Face_Morphing/MAD22/original_sorted/OpenCV/003_08-vs-136_08.jpg,003_08-vs-136_08.jpg,003_08-vs-136_08
58,/nas-ctm01/datasets/public/BIOMETRICS/Face_Morphing/MAD22/original_sorted/OpenCV/003_08-vs-144_08.jpg,003_08-vs-144_08.jpg,003_08-vs-144_08
59,/nas-ctm01/datasets/public/BIOMETRICS/Face_Morphing/MAD22/original_sorted/OpenCV/004_03-vs-012_03.jpg,004_03-vs-012_03.jpg,004_03-vs-012_03
60,/nas-ctm01/datasets/public/BIOMETRICS/Face_Morphing/MAD22/original_sorted/OpenCV/004_03-vs-092_03.jpg,004_03-vs-092_03.jpg,004_03-vs-092_03
61,/nas-ctm01/datasets/public/BIOMETRICS/Face_Morphing/MAD22/original_sorted/OpenCV/004_03-vs-103_03.jpg,004_03-vs-103_03.jpg,004_03-vs-103_03
62,/nas-ctm01/datasets/public/BIOMETRICS/Face_Morphing/MAD22/original_sorted/OpenCV/004_03-vs-105_03.jpg,004_03-vs-105_03.jpg,004_03-vs-105_03
63,/nas-ctm01/datasets/public/BIOMETRICS/Face_Morphing/MAD22/original_sorted/OpenCV/004_03-vs-128_03.jpg,004_03-vs-128_03.jpg,004_03-vs-128_03
64,/nas-ctm01/datasets/public/BIOMETRICS/Face_Morphing/MAD22/original_sorted/OpenCV/004_03-vs-141_03.jpg,004_03-vs-141_03.jpg,004_03-vs-141_03
65,/nas-ctm01/datasets/public/BIOMETRICS/Face_Morphing/MAD22/original_sorted/OpenCV/004_03-vs-142_03.jpg,004_03-vs-142_03.jpg,004_03-vs-142_03
66,/nas-ctm01/datasets/public/BIOMETRICS/Face_Morphing/MAD22/original_sorted/OpenCV/004_03-vs-172_03.jpg,004_03-vs-172_03.jpg,004_03-vs-172_03
67,/nas-ctm01/datasets/public/BIOMETRICS/Face_Morphing/MAD22/original_sorted/OpenCV/005_03-vs-008_03.jpg,005_03-vs-008_03.jpg,005_03-vs-008_03
68,/nas-ctm01/datasets/public/BIOMETRICS/Face_Morphing/MAD22/original_sorted/OpenCV/005_03-vs-018_03.jpg,005_03-vs-018_03.jpg,005_03-vs-018_03
69,/nas-ctm01/datasets/public/BIOMETRICS/Face_Morphing/MAD22/original_sorted/OpenCV/005_03-vs-021_03.jpg,005_03-vs-021_03.jpg,005_03-vs-021_03
70,/nas-ctm01/datasets/public/BIOMETRICS/Face_Morphing/MAD22/original_sorted/OpenCV/005_03-vs-022_03.jpg,005_03-vs-022_03.jpg,005_03-vs-022_03
71,/nas-ctm01/datasets/public/BIOMETRICS/Face_Morphing/MAD22/original_sorted/OpenCV/005_03-vs-033_03.jpg,005_03-vs-033_03.jpg,005_03-vs-033_03
72,/nas-ctm01/datasets/public/BIOMETRICS/Face_Morphing/MAD22/original_sorted/OpenCV/005_03-vs-067_03.jpg,005_03-vs-067_03.jpg,005_03-vs-067_03
73,/nas-ctm01/datasets/public/BIOMETRICS/Face_Morphing/MAD22/original_sorted/OpenCV/005_03-vs-068_03.jpg,005_03-vs-068_03.jpg,005_03-vs-068_03
74,/nas-ctm01/datasets/public/BIOMETRICS/Face_Morphing/MAD22/original_sorted/OpenCV/005_03-vs-082_03.jpg,005_03-vs-082_03.jpg,005_03-vs-082_03
75,/nas-ctm01/datasets/public/BIOMETRICS/Face_Morphing/MAD22/original_sorted/OpenCV/005_03-vs-104_03.jpg,005_03-vs-104_03.jpg,005_03-vs-104_03
76,/nas-ctm01/datasets/public/BIOMETRICS/Face_Morphing/MAD22/original_sorted/OpenCV/005_03-vs-115_03.jpg,005_03-vs-115_03.jpg,005_03-vs-115_03
77,/nas-ctm01/datasets/public/BIOMETRICS/Face_Morphing/MAD22/original_sorted/OpenCV/005_08-vs-008_08.jpg,005_08-vs-008_08.jpg,005_08-vs-008_08
78,/nas-ctm01/datasets/public/BIOMETRICS/Face_Morphing/MAD22/original_sorted/OpenCV/005_08-vs-018_08.jpg,005_08-vs-018_08.jpg,005_08-vs-018_08
79,/nas-ctm01/datasets/public/BIOMETRICS/Face_Morphing/MAD22/original_sorted/OpenCV/005_08-vs-021_08.jpg,005_08-vs-021_08.jpg,005_08-vs-021_08
80,/nas-ctm01/datasets/public/BIOMETRICS/Face_Morphing/MAD22/original_sorted/OpenCV/005_08-vs-022_08.jpg,005_08-vs-022_08.jpg,005_08-vs-022_08
81,/nas-ctm01/datasets/public/BIOMETRICS/Face_Morphing/MAD22/original_sorted/OpenCV/005_08-vs-033_08.jpg,005_08-vs-033_08.jpg,005_08-vs-033_08
82,/nas-ctm01/datasets/public/BIOMETRICS/Face_Morphing/MAD22/original_sorted/OpenCV/005_08-vs-067_08.jpg,005_08-vs-067_08.jpg,005_08-vs-067_08
83,/nas-ctm01/datasets/public/BIOMETRICS/Face_Morphing/MAD22/original_sorted/OpenCV/005_08-vs-068_08.jpg,005_08-vs-068_08.jpg,005_08-vs-068_08
84,/nas-ctm01/datasets/public/BIOMETRICS/Face_Morphing/MAD22/original_sorted/OpenCV/005_08-vs-082_08.jpg,005_08-vs-082_08.jpg,005_08-vs-082_08
85,/nas-ctm01/datasets/public/BIOMETRICS/Face_Morphing/MAD22/original_sorted/OpenCV/005_08-vs-114_08.jpg,005_08-vs-114_08.jpg,005_08-vs-114_08
86,/nas-ctm01/datasets/public/BIOMETRICS/Face_Morphing/MAD22/original_sorted/OpenCV/005_08-vs-140_08.jpg,005_08-vs-140_08.jpg,005_08-vs-140_08
87,/nas-ctm01/datasets/public/BIOMETRICS/Face_Morphing/MAD22/original_sorted/OpenCV/006_03-vs-016_03.jpg,006_03-vs-016_03.jpg,006_03-vs-016_03
88,/nas-ctm01/datasets/public/BIOMETRICS/Face_Morphing/MAD22/original_sorted/OpenCV/006_03-vs-094_03.jpg,006_03-vs-094_03.jpg,006_03-vs-094_03
89,/nas-ctm01/datasets/public/BIOMETRICS/Face_Morphing/MAD22/original_sorted/OpenCV/006_03-vs-097_03.jpg,006_03-vs-097_03.jpg,006_03-vs-097_03
90,/nas-ctm01/datasets/public/BIOMETRICS/Face_Morphing/MAD22/original_sorted/OpenCV/006_03-vs-102_03.jpg,006_03-vs-102_03.jpg,006_03-vs-102_03
91,/nas-ctm01/datasets/public/BIOMETRICS/Face_Morphing/MAD22/original_sorted/OpenCV/006_03-vs-118_03.jpg,006_03-vs-118_03.jpg,006_03-vs-118_03
92,/nas-ctm01/datasets/public/BIOMETRICS/Face_Morphing/MAD22/original_sorted/OpenCV/006_08-vs-016_08.jpg,006_08-vs-016_08.jpg,006_08-vs-016_08
93,/nas-ctm01/datasets/public/BIOMETRICS/Face_Morphing/MAD22/original_sorted/OpenCV/006_08-vs-081_08.jpg,006_08-vs-081_08.jpg,006_08-vs-081_08
94,/nas-ctm01/datasets/public/BIOMETRICS/Face_Morphing/MAD22/original_sorted/OpenCV/006_08-vs-097_08.jpg,006_08-vs-097_08.jpg,006_08-vs-097_08
95,/nas-ctm01/datasets/public/BIOMETRICS/Face_Morphing/MAD22/original_sorted/OpenCV/006_08-vs-102_08.jpg,006_08-vs-102_08.jpg,006_08-vs-102_08
96,/nas-ctm01/datasets/public/BIOMETRICS/Face_Morphing/MAD22/original_sorted/OpenCV/006_08-vs-112_08.jpg,006_08-vs-112_08.jpg,006_08-vs-112_08
97,/nas-ctm01/datasets/public/BIOMETRICS/Face_Morphing/MAD22/original_sorted/OpenCV/006_08-vs-118_08.jpg,006_08-vs-118_08.jpg,006_08-vs-118_08
98,/nas-ctm01/datasets/public/BIOMETRICS/Face_Morphing/MAD22/original_sorted/OpenCV/006_08-vs-139_08.jpg,006_08-vs-139_08.jpg,006_08-vs-139_08
99,/nas-ctm01/datasets/public/BIOMETRICS/Face_Morphing/MAD22/original_sorted/OpenCV/006_08-vs-144_08.jpg,006_08-vs-144_08.jpg,006_08-vs-144_08
100,/nas-ctm01/datasets/public/BIOMETRICS/Face_Morphing/MAD22/original_sorted/OpenCV/007_03-vs-039_03.jpg,007_03-vs-039_03.jpg,007_03-vs-039_03
101,/nas-ctm01/datasets/public/BIOMETRICS/Face_Morphing/MAD22/original_sorted/OpenCV/007_03-vs-062_03.jpg,007_03-vs-062_03.jpg,007_03-vs-062_03
102,/nas-ctm01/datasets/public/BIOMETRICS/Face_Morphing/MAD22/original_sorted/OpenCV/007_03-vs-107_03.jpg,007_03-vs-107_03.jpg,007_03-vs-107_03
103,/nas-ctm01/datasets/public/BIOMETRICS/Face_Morphing/MAD22/original_sorted/OpenCV/007_03-vs-122_03.jpg,007_03-vs-122_03.jpg,007_03-vs-122_03
104,/nas-ctm01/datasets/public/BIOMETRICS/Face_Morphing/MAD22/original_sorted/OpenCV/007_03-vs-124_03.jpg,007_03-vs-124_03.jpg,007_03-vs-124_03
105,/nas-ctm01/datasets/public/BIOMETRICS/Face_Morphing/MAD22/original_sorted/OpenCV/008_03-vs-063_03.jpg,008_03-vs-063_03.jpg,008_03-vs-063_03
106,/nas-ctm01/datasets/public/BIOMETRICS/Face_Morphing/MAD22/original_sorted/OpenCV/008_03-vs-104_03.jpg,008_03-vs-104_03.jpg,008_03-vs-104_03
107,/nas-ctm01/datasets/public/BIOMETRICS/Face_Morphing/MAD22/original_sorted/OpenCV/008_03-vs-108_03.jpg,008_03-vs-108_03.jpg,008_03-vs-108_03
108,/nas-ctm01/datasets/public/BIOMETRICS/Face_Morphing/MAD22/original_sorted/OpenCV/008_03-vs-143_03.jpg,008_03-vs-143_03.jpg,008_03-vs-143_03
109,/nas-ctm01/datasets/public/BIOMETRICS/Face_Morphing/MAD22/original_sorted/OpenCV/008_08-vs-042_08.jpg,008_08-vs-042_08.jpg,008_08-vs-042_08
110,/nas-ctm01/datasets/public/BIOMETRICS/Face_Morphing/MAD22/original_sorted/OpenCV/008_08-vs-061_08.jpg,008_08-vs-061_08.jpg,008_08-vs-061_08
111,/nas-ctm01/datasets/public/BIOMETRICS/Face_Morphing/MAD22/original_sorted/OpenCV/008_08-vs-063_08.jpg,008_08-vs-063_08.jpg,008_08-vs-063_08
112,/nas-ctm01/datasets/public/BIOMETRICS/Face_Morphing/MAD22/original_sorted/OpenCV/008_08-vs-070_08.jpg,008_08-vs-070_08.jpg,008_08-vs-070_08
113,/nas-ctm01/datasets/public/BIOMETRICS/Face_Morphing/MAD22/original_sorted/OpenCV/008_08-vs-096_08.jpg,008_08-vs-096_08.jpg,008_08-vs-096_08
114,/nas-ctm01/datasets/public/BIOMETRICS/Face_Morphing/MAD22/original_sorted/OpenCV/009_03-vs-019_03.jpg,009_03-vs-019_03.jpg,009_03-vs-019_03
115,/nas-ctm01/datasets/public/BIOMETRICS/Face_Morphing/MAD22/original_sorted/OpenCV/009_03-vs-027_03.jpg,009_03-vs-027_03.jpg,009_03-vs-027_03
116,/nas-ctm01/datasets/public/BIOMETRICS/Face_Morphing/MAD22/original_sorted/OpenCV/009_03-vs-039_03.jpg,009_03-vs-039_03.jpg,009_03-vs-039_03
117,/nas-ctm01/datasets/public/BIOMETRICS/Face_Morphing/MAD22/original_sorted/OpenCV/009_03-vs-066_03.jpg,009_03-vs-066_03.jpg,009_03-vs-066_03
118,/nas-ctm01/datasets/public/BIOMETRICS/Face_Morphing/MAD22/original_sorted/OpenCV/009_03-vs-083_03.jpg,009_03-vs-083_03.jpg,009_03-vs-083_03
119,/nas-ctm01/datasets/public/BIOMETRICS/Face_Morphing/MAD22/original_sorted/OpenCV/009_03-vs-090_03.jpg,009_03-vs-090_03.jpg,009_03-vs-090_03
120,/nas-ctm01/datasets/public/BIOMETRICS/Face_Morphing/MAD22/original_sorted/OpenCV/009_03-vs-100_03.jpg,009_03-vs-100_03.jpg,009_03-vs-100_03
121,/nas-ctm01/datasets/public/BIOMETRICS/Face_Morphing/MAD22/original_sorted/OpenCV/009_03-vs-112_03.jpg,009_03-vs-112_03.jpg,009_03-vs-112_03
122,/nas-ctm01/datasets/public/BIOMETRICS/Face_Morphing/MAD22/original_sorted/OpenCV/009_03-vs-122_03.jpg,009_03-vs-122_03.jpg,009_03-vs-122_03
123,/nas-ctm01/datasets/public/BIOMETRICS/Face_Morphing/MAD22/original_sorted/OpenCV/009_03-vs-129_03.jpg,009_03-vs-129_03.jpg,009_03-vs-129_03
124,/nas-ctm01/datasets/public/BIOMETRICS/Face_Morphing/MAD22/original_sorted/OpenCV/009_03-vs-144_03.jpg,009_03-vs-144_03.jpg,009_03-vs-144_03
125,/nas-ctm01/datasets/public/BIOMETRICS/Face_Morphing/MAD22/original_sorted/OpenCV/009_08-vs-062_08.jpg,009_08-vs-062_08.jpg,009_08-vs-062_08
126,/nas-ctm01/datasets/public/BIOMETRICS/Face_Morphing/MAD22/original_sorted/OpenCV/009_08-vs-083_08.jpg,009_08-vs-083_08.jpg,009_08-vs-083_08
127,/nas-ctm01/datasets/public/BIOMETRICS/Face_Morphing/MAD22/original_sorted/OpenCV/009_08-vs-090_08.jpg,009_08-vs-090_08.jpg,009_08-vs-090_08
128,/nas-ctm01/datasets/public/BIOMETRICS/Face_Morphing/MAD22/original_sorted/OpenCV/009_08-vs-107_08.jpg,009_08-vs-107_08.jpg,009_08-vs-107_08
129,/nas-ctm01/datasets/public/BIOMETRICS/Face_Morphing/MAD22/original_sorted/OpenCV/009_08-vs-112_08.jpg,009_08-vs-112_08.jpg,009_08-vs-112_08
130,/nas-ctm01/datasets/public/BIOMETRICS/Face_Morphing/MAD22/original_sorted/OpenCV/009_08-vs-122_08.jpg,009_08-vs-122_08.jpg,009_08-vs-122_08
131,/nas-ctm01/datasets/public/BIOMETRICS/Face_Morphing/MAD22/original_sorted/OpenCV/009_08-vs-129_08.jpg,009_08-vs-129_08.jpg,009_08-vs-129_08
132,/nas-ctm01/datasets/public/BIOMETRICS/Face_Morphing/MAD22/original_sorted/OpenCV/009_08-vs-135_08.jpg,009_08-vs-135_08.jpg,009_08-vs-135_08
133,/nas-ctm01/datasets/public/BIOMETRICS/Face_Morphing/MAD22/original_sorted/OpenCV/009_08-vs-139_08.jpg,009_08-vs-139_08.jpg,009_08-vs-139_08
134,/nas-ctm01/datasets/public/BIOMETRICS/Face_Morphing/MAD22/original_sorted/OpenCV/009_08-vs-144_08.jpg,009_08-vs-144_08.jpg,009_08-vs-144_08
135,/nas-ctm01/datasets/public/BIOMETRICS/Face_Morphing/MAD22/original_sorted/OpenCV/010_03-vs-030_03.jpg,010_03-vs-030_03.jpg,010_03-vs-030_03
136,/nas-ctm01/datasets/public/BIOMETRICS/Face_Morphing/MAD22/original_sorted/OpenCV/010_03-vs-038_03.jpg,010_03-vs-038_03.jpg,010_03-vs-038_03
137,/nas-ctm01/datasets/public/BIOMETRICS/Face_Morphing/MAD22/original_sorted/OpenCV/010_03-vs-039_03.jpg,010_03-vs-039_03.jpg,010_03-vs-039_03
138,/nas-ctm01/datasets/public/BIOMETRICS/Face_Morphing/MAD22/original_sorted/OpenCV/010_03-vs-090_03.jpg,010_03-vs-090_03.jpg,010_03-vs-090_03
139,/nas-ctm01/datasets/public/BIOMETRICS/Face_Morphing/MAD22/original_sorted/OpenCV/010_03-vs-126_03.jpg,010_03-vs-126_03.jpg,010_03-vs-126_03
140,/nas-ctm01/datasets/public/BIOMETRICS/Face_Morphing/MAD22/original_sorted/OpenCV/010_08-vs-020_08.jpg,010_08-vs-020_08.jpg,010_08-vs-020_08
141,/nas-ctm01/datasets/public/BIOMETRICS/Face_Morphing/MAD22/original_sorted/OpenCV/010_08-vs-030_08.jpg,010_08-vs-030_08.jpg,010_08-vs-030_08
142,/nas-ctm01/datasets/public/BIOMETRICS/Face_Morphing/MAD22/original_sorted/OpenCV/010_08-vs-038_08.jpg,010_08-vs-038_08.jpg,010_08-vs-038_08
143,/nas-ctm01/datasets/public/BIOMETRICS/Face_Morphing/MAD22/original_sorted/OpenCV/010_08-vs-039_08.jpg,010_08-vs-039_08.jpg,010_08-vs-039_08
144,/nas-ctm01/datasets/public/BIOMETRICS/Face_Morphing/MAD22/original_sorted/OpenCV/010_08-vs-136_08.jpg,010_08-vs-136_08.jpg,010_08-vs-136_08
145,/nas-ctm01/datasets/public/BIOMETRICS/Face_Morphing/MAD22/original_sorted/OpenCV/011_03-vs-020_03.jpg,011_03-vs-020_03.jpg,011_03-vs-020_03
146,/nas-ctm01/datasets/public/BIOMETRICS/Face_Morphing/MAD22/original_sorted/OpenCV/011_03-vs-032_03.jpg,011_03-vs-032_03.jpg,011_03-vs-032_03
147,/nas-ctm01/datasets/public/BIOMETRICS/Face_Morphing/MAD22/original_sorted/OpenCV/011_03-vs-062_03.jpg,011_03-vs-062_03.jpg,011_03-vs-062_03
148,/nas-ctm01/datasets/public/BIOMETRICS/Face_Morphing/MAD22/original_sorted/OpenCV/011_03-vs-064_03.jpg,011_03-vs-064_03.jpg,011_03-vs-064_03
149,/nas-ctm01/datasets/public/BIOMETRICS/Face_Morphing/MAD22/original_sorted/OpenCV/011_03-vs-097_03.jpg,011_03-vs-097_03.jpg,011_03-vs-097_03
150,/nas-ctm01/datasets/public/BIOMETRICS/Face_Morphing/MAD22/original_sorted/OpenCV/011_03-vs-118_03.jpg,011_03-vs-118_03.jpg,011_03-vs-118_03
151,/nas-ctm01/datasets/public/BIOMETRICS/Face_Morphing/MAD22/original_sorted/OpenCV/011_03-vs-120_03.jpg,011_03-vs-120_03.jpg,011_03-vs-120_03
152,/nas-ctm01/datasets/public/BIOMETRICS/Face_Morphing/MAD22/original_sorted/OpenCV/011_03-vs-124_03.jpg,011_03-vs-124_03.jpg,011_03-vs-124_03
153,/nas-ctm01/datasets/public/BIOMETRICS/Face_Morphing/MAD22/original_sorted/OpenCV/011_03-vs-135_03.jpg,011_03-vs-135_03.jpg,011_03-vs-135_03
154,/nas-ctm01/datasets/public/BIOMETRICS/Face_Morphing/MAD22/original_sorted/OpenCV/011_08-vs-020_08.jpg,011_08-vs-020_08.jpg,011_08-vs-020_08
155,/nas-ctm01/datasets/public/BIOMETRICS/Face_Morphing/MAD22/original_sorted/OpenCV/011_08-vs-064_08.jpg,011_08-vs-064_08.jpg,011_08-vs-064_08
156,/nas-ctm01/datasets/public/BIOMETRICS/Face_Morphing/MAD22/original_sorted/OpenCV/011_08-vs-091_08.jpg,011_08-vs-091_08.jpg,011_08-vs-091_08
157,/nas-ctm01/datasets/public/BIOMETRICS/Face_Morphing/MAD22/original_sorted/OpenCV/011_08-vs-124_08.jpg,011_08-vs-124_08.jpg,011_08-vs-124_08
158,/nas-ctm01/datasets/public/BIOMETRICS/Face_Morphing/MAD22/original_sorted/OpenCV/011_08-vs-135_08.jpg,011_08-vs-135_08.jpg,011_08-vs-135_08
159,/nas-ctm01/datasets/public/BIOMETRICS/Face_Morphing/MAD22/original_sorted/OpenCV/011_08-vs-136_08.jpg,011_08-vs-136_08.jpg,011_08-vs-136_08
160,/nas-ctm01/datasets/public/BIOMETRICS/Face_Morphing/MAD22/original_sorted/OpenCV/012_03-vs-026_03.jpg,012_03-vs-026_03.jpg,012_03-vs-026_03
161,/nas-ctm01/datasets/public/BIOMETRICS/Face_Morphing/MAD22/original_sorted/OpenCV/012_03-vs-037_03.jpg,012_03-vs-037_03.jpg,012_03-vs-037_03
162,/nas-ctm01/datasets/public/BIOMETRICS/Face_Morphing/MAD22/original_sorted/OpenCV/012_03-vs-096_03.jpg,012_03-vs-096_03.jpg,012_03-vs-096_03
163,/nas-ctm01/datasets/public/BIOMETRICS/Face_Morphing/MAD22/original_sorted/OpenCV/012_03-vs-138_03.jpg,012_03-vs-138_03.jpg,012_03-vs-138_03
164,/nas-ctm01/datasets/public/BIOMETRICS/Face_Morphing/MAD22/original_sorted/OpenCV/012_03-vs-141_03.jpg,012_03-vs-141_03.jpg,012_03-vs-141_03
165,/nas-ctm01/datasets/public/BIOMETRICS/Face_Morphing/MAD22/original_sorted/OpenCV/012_08-vs-017_08.jpg,012_08-vs-017_08.jpg,012_08-vs-017_08
166,/nas-ctm01/datasets/public/BIOMETRICS/Face_Morphing/MAD22/original_sorted/OpenCV/012_08-vs-026_08.jpg,012_08-vs-026_08.jpg,012_08-vs-026_08
167,/nas-ctm01/datasets/public/BIOMETRICS/Face_Morphing/MAD22/original_sorted/OpenCV/012_08-vs-041_08.jpg,012_08-vs-041_08.jpg,012_08-vs-041_08
168,/nas-ctm01/datasets/public/BIOMETRICS/Face_Morphing/MAD22/original_sorted/OpenCV/012_08-vs-042_08.jpg,012_08-vs-042_08.jpg,012_08-vs-042_08
169,/nas-ctm01/datasets/public/BIOMETRICS/Face_Morphing/MAD22/original_sorted/OpenCV/012_08-vs-130_08.jpg,012_08-vs-130_08.jpg,012_08-vs-130_08
170,/nas-ctm01/datasets/public/BIOMETRICS/Face_Morphing/MAD22/original_sorted/OpenCV/012_08-vs-141_08.jpg,012_08-vs-141_08.jpg,012_08-vs-141_08
171,/nas-ctm01/datasets/public/BIOMETRICS/Face_Morphing/MAD22/original_sorted/OpenCV/012_08-vs-143_08.jpg,012_08-vs-143_08.jpg,012_08-vs-143_08
172,/nas-ctm01/datasets/public/BIOMETRICS/Face_Morphing/MAD22/original_sorted/OpenCV/013_08-vs-020_08.jpg,013_08-vs-020_08.jpg,013_08-vs-020_08
173,/nas-ctm01/datasets/public/BIOMETRICS/Face_Morphing/MAD22/original_sorted/OpenCV/013_08-vs-030_08.jpg,013_08-vs-030_08.jpg,013_08-vs-030_08
174,/nas-ctm01/datasets/public/BIOMETRICS/Face_Morphing/MAD22/original_sorted/OpenCV/013_08-vs-038_08.jpg,013_08-vs-038_08.jpg,013_08-vs-038_08
175,/nas-ctm01/datasets/public/BIOMETRICS/Face_Morphing/MAD22/original_sorted/OpenCV/013_08-vs-066_08.jpg,013_08-vs-066_08.jpg,013_08-vs-066_08
176,/nas-ctm01/datasets/public/BIOMETRICS/Face_Morphing/MAD22/original_sorted/OpenCV/013_08-vs-097_08.jpg,013_08-vs-097_08.jpg,013_08-vs-097_08
177,/nas-ctm01/datasets/public/BIOMETRICS/Face_Morphing/MAD22/original_sorted/OpenCV/013_08-vs-118_08.jpg,013_08-vs-118_08.jpg,013_08-vs-118_08
178,/nas-ctm01/datasets/public/BIOMETRICS/Face_Morphing/MAD22/original_sorted/OpenCV/014_03-vs-019_03.jpg,014_03-vs-019_03.jpg,014_03-vs-019_03
179,/nas-ctm01/datasets/public/BIOMETRICS/Face_Morphing/MAD22/original_sorted/OpenCV/014_03-vs-030_03.jpg,014_03-vs-030_03.jpg,014_03-vs-030_03
180,/nas-ctm01/datasets/public/BIOMETRICS/Face_Morphing/MAD22/original_sorted/OpenCV/014_03-vs-038_03.jpg,014_03-vs-038_03.jpg,014_03-vs-038_03
181,/nas-ctm01/datasets/public/BIOMETRICS/Face_Morphing/MAD22/original_sorted/OpenCV/014_03-vs-122_03.jpg,014_03-vs-122_03.jpg,014_03-vs-122_03
182,/nas-ctm01/datasets/public/BIOMETRICS/Face_Morphing/MAD22/original_sorted/OpenCV/014_03-vs-134_03.jpg,014_03-vs-134_03.jpg,014_03-vs-134_03
183,/nas-ctm01/datasets/public/BIOMETRICS/Face_Morphing/MAD22/original_sorted/OpenCV/014_08-vs-038_08.jpg,014_08-vs-038_08.jpg,014_08-vs-038_08
184,/nas-ctm01/datasets/public/BIOMETRICS/Face_Morphing/MAD22/original_sorted/OpenCV/014_08-vs-122_08.jpg,014_08-vs-122_08.jpg,014_08-vs-122_08
185,/nas-ctm01/datasets/public/BIOMETRICS/Face_Morphing/MAD22/original_sorted/OpenCV/014_08-vs-134_08.jpg,014_08-vs-134_08.jpg,014_08-vs-134_08
186,/nas-ctm01/datasets/public/BIOMETRICS/Face_Morphing/MAD22/original_sorted/OpenCV/016_03-vs-027_03.jpg,016_03-vs-027_03.jpg,016_03-vs-027_03
187,/nas-ctm01/datasets/public/BIOMETRICS/Face_Morphing/MAD22/original_sorted/OpenCV/016_03-vs-083_03.jpg,016_03-vs-083_03.jpg,016_03-vs-083_03
188,/nas-ctm01/datasets/public/BIOMETRICS/Face_Morphing/MAD22/original_sorted/OpenCV/016_03-vs-086_03.jpg,016_03-vs-086_03.jpg,016_03-vs-086_03
189,/nas-ctm01/datasets/public/BIOMETRICS/Face_Morphing/MAD22/original_sorted/OpenCV/016_03-vs-094_03.jpg,016_03-vs-094_03.jpg,016_03-vs-094_03
190,/nas-ctm01/datasets/public/BIOMETRICS/Face_Morphing/MAD22/original_sorted/OpenCV/016_08-vs-025_08.jpg,016_08-vs-025_08.jpg,016_08-vs-025_08
191,/nas-ctm01/datasets/public/BIOMETRICS/Face_Morphing/MAD22/original_sorted/OpenCV/016_08-vs-081_08.jpg,016_08-vs-081_08.jpg,016_08-vs-081_08
192,/nas-ctm01/datasets/public/BIOMETRICS/Face_Morphing/MAD22/original_sorted/OpenCV/016_08-vs-083_08.jpg,016_08-vs-083_08.jpg,016_08-vs-083_08
193,/nas-ctm01/datasets/public/BIOMETRICS/Face_Morphing/MAD22/original_sorted/OpenCV/016_08-vs-086_08.jpg,016_08-vs-086_08.jpg,016_08-vs-086_08
194,/nas-ctm01/datasets/public/BIOMETRICS/Face_Morphing/MAD22/original_sorted/OpenCV/016_08-vs-144_08.jpg,016_08-vs-144_08.jpg,016_08-vs-144_08
195,/nas-ctm01/datasets/public/BIOMETRICS/Face_Morphing/MAD22/original_sorted/OpenCV/017_08-vs-024_08.jpg,017_08-vs-024_08.jpg,017_08-vs-024_08
196,/nas-ctm01/datasets/public/BIOMETRICS/Face_Morphing/MAD22/original_sorted/OpenCV/017_08-vs-036_08.jpg,017_08-vs-036_08.jpg,017_08-vs-036_08
197,/nas-ctm01/datasets/public/BIOMETRICS/Face_Morphing/MAD22/original_sorted/OpenCV/017_08-vs-067_08.jpg,017_08-vs-067_08.jpg,017_08-vs-067_08
198,/nas-ctm01/datasets/public/BIOMETRICS/Face_Morphing/MAD22/original_sorted/OpenCV/017_08-vs-128_08.jpg,017_08-vs-128_08.jpg,017_08-vs-128_08
199,/nas-ctm01/datasets/public/BIOMETRICS/Face_Morphing/MAD22/original_sorted/OpenCV/017_08-vs-130_08.jpg,017_08-vs-130_08.jpg,017_08-vs-130_08
200,/nas-ctm01/datasets/public/BIOMETRICS/Face_Morphing/MAD22/original_sorted/OpenCV/017_08-vs-141_08.jpg,017_08-vs-141_08.jpg,017_08-vs-141_08
201,/nas-ctm01/datasets/public/BIOMETRICS/Face_Morphing/MAD22/original_sorted/OpenCV/018_03-vs-061_03.jpg,018_03-vs-061_03.jpg,018_03-vs-061_03
202,/nas-ctm01/datasets/public/BIOMETRICS/Face_Morphing/MAD22/original_sorted/OpenCV/018_03-vs-063_03.jpg,018_03-vs-063_03.jpg,018_03-vs-063_03
203,/nas-ctm01/datasets/public/BIOMETRICS/Face_Morphing/MAD22/original_sorted/OpenCV/018_03-vs-101_03.jpg,018_03-vs-101_03.jpg,018_03-vs-101_03
204,/nas-ctm01/datasets/public/BIOMETRICS/Face_Morphing/MAD22/original_sorted/OpenCV/018_03-vs-131_03.jpg,018_03-vs-131_03.jpg,018_03-vs-131_03
205,/nas-ctm01/datasets/public/BIOMETRICS/Face_Morphing/MAD22/original_sorted/OpenCV/018_03-vs-138_03.jpg,018_03-vs-138_03.jpg,018_03-vs-138_03
206,/nas-ctm01/datasets/public/BIOMETRICS/Face_Morphing/MAD22/original_sorted/OpenCV/018_08-vs-045_08.jpg,018_08-vs-045_08.jpg,018_08-vs-045_08
207,/nas-ctm01/datasets/public/BIOMETRICS/Face_Morphing/MAD22/original_sorted/OpenCV/018_08-vs-061_08.jpg,018_08-vs-061_08.jpg,018_08-vs-061_08
208,/nas-ctm01/datasets/public/BIOMETRICS/Face_Morphing/MAD22/original_sorted/OpenCV/018_08-vs-069_08.jpg,018_08-vs-069_08.jpg,018_08-vs-069_08
209,/nas-ctm01/datasets/public/BIOMETRICS/Face_Morphing/MAD22/original_sorted/OpenCV/018_08-vs-092_08.jpg,018_08-vs-092_08.jpg,018_08-vs-092_08
210,/nas-ctm01/datasets/public/BIOMETRICS/Face_Morphing/MAD22/original_sorted/OpenCV/018_08-vs-101_08.jpg,018_08-vs-101_08.jpg,018_08-vs-101_08
211,/nas-ctm01/datasets/public/BIOMETRICS/Face_Morphing/MAD22/original_sorted/OpenCV/018_08-vs-119_08.jpg,018_08-vs-119_08.jpg,018_08-vs-119_08
212,/nas-ctm01/datasets/public/BIOMETRICS/Face_Morphing/MAD22/original_sorted/OpenCV/018_08-vs-121_08.jpg,018_08-vs-121_08.jpg,018_08-vs-121_08
213,/nas-ctm01/datasets/public/BIOMETRICS/Face_Morphing/MAD22/original_sorted/OpenCV/018_08-vs-132_08.jpg,018_08-vs-132_08.jpg,018_08-vs-132_08
214,/nas-ctm01/datasets/public/BIOMETRICS/Face_Morphing/MAD22/original_sorted/OpenCV/018_08-vs-140_08.jpg,018_08-vs-140_08.jpg,018_08-vs-140_08
215,/nas-ctm01/datasets/public/BIOMETRICS/Face_Morphing/MAD22/original_sorted/OpenCV/018_08-vs-172_08.jpg,018_08-vs-172_08.jpg,018_08-vs-172_08
216,/nas-ctm01/datasets/public/BIOMETRICS/Face_Morphing/MAD22/original_sorted/OpenCV/019_03-vs-027_03.jpg,019_03-vs-027_03.jpg,019_03-vs-027_03
217,/nas-ctm01/datasets/public/BIOMETRICS/Face_Morphing/MAD22/original_sorted/OpenCV/019_03-vs-083_03.jpg,019_03-vs-083_03.jpg,019_03-vs-083_03
218,/nas-ctm01/datasets/public/BIOMETRICS/Face_Morphing/MAD22/original_sorted/OpenCV/019_03-vs-097_03.jpg,019_03-vs-097_03.jpg,019_03-vs-097_03
219,/nas-ctm01/datasets/public/BIOMETRICS/Face_Morphing/MAD22/original_sorted/OpenCV/019_03-vs-100_03.jpg,019_03-vs-100_03.jpg,019_03-vs-100_03
220,/nas-ctm01/datasets/public/BIOMETRICS/Face_Morphing/MAD22/original_sorted/OpenCV/019_03-vs-122_03.jpg,019_03-vs-122_03.jpg,019_03-vs-122_03
221,/nas-ctm01/datasets/public/BIOMETRICS/Face_Morphing/MAD22/original_sorted/OpenCV/019_03-vs-139_03.jpg,019_03-vs-139_03.jpg,019_03-vs-139_03
222,/nas-ctm01/datasets/public/BIOMETRICS/Face_Morphing/MAD22/original_sorted/OpenCV/019_08-vs-027_08.jpg,019_08-vs-027_08.jpg,019_08-vs-027_08
223,/nas-ctm01/datasets/public/BIOMETRICS/Face_Morphing/MAD22/original_sorted/OpenCV/019_08-vs-039_08.jpg,019_08-vs-039_08.jpg,019_08-vs-039_08
224,/nas-ctm01/datasets/public/BIOMETRICS/Face_Morphing/MAD22/original_sorted/OpenCV/019_08-vs-083_08.jpg,019_08-vs-083_08.jpg,019_08-vs-083_08
225,/nas-ctm01/datasets/public/BIOMETRICS/Face_Morphing/MAD22/original_sorted/OpenCV/019_08-vs-097_08.jpg,019_08-vs-097_08.jpg,019_08-vs-097_08
226,/nas-ctm01/datasets/public/BIOMETRICS/Face_Morphing/MAD22/original_sorted/OpenCV/019_08-vs-102_08.jpg,019_08-vs-102_08.jpg,019_08-vs-102_08
227,/nas-ctm01/datasets/public/BIOMETRICS/Face_Morphing/MAD22/original_sorted/OpenCV/019_08-vs-122_08.jpg,019_08-vs-122_08.jpg,019_08-vs-122_08
228,/nas-ctm01/datasets/public/BIOMETRICS/Face_Morphing/MAD22/original_sorted/OpenCV/019_08-vs-135_08.jpg,019_08-vs-135_08.jpg,019_08-vs-135_08
229,/nas-ctm01/datasets/public/BIOMETRICS/Face_Morphing/MAD22/original_sorted/OpenCV/019_08-vs-139_08.jpg,019_08-vs-139_08.jpg,019_08-vs-139_08
230,/nas-ctm01/datasets/public/BIOMETRICS/Face_Morphing/MAD22/original_sorted/OpenCV/019_08-vs-144_08.jpg,019_08-vs-144_08.jpg,019_08-vs-144_08
231,/nas-ctm01/datasets/public/BIOMETRICS/Face_Morphing/MAD22/original_sorted/OpenCV/020_03-vs-062_03.jpg,020_03-vs-062_03.jpg,020_03-vs-062_03
232,/nas-ctm01/datasets/public/BIOMETRICS/Face_Morphing/MAD22/original_sorted/OpenCV/020_03-vs-064_03.jpg,020_03-vs-064_03.jpg,020_03-vs-064_03
233,/nas-ctm01/datasets/public/BIOMETRICS/Face_Morphing/MAD22/original_sorted/OpenCV/020_08-vs-064_08.jpg,020_08-vs-064_08.jpg,020_08-vs-064_08
234,/nas-ctm01/datasets/public/BIOMETRICS/Face_Morphing/MAD22/original_sorted/OpenCV/020_08-vs-099_08.jpg,020_08-vs-099_08.jpg,020_08-vs-099_08
235,/nas-ctm01/datasets/public/BIOMETRICS/Face_Morphing/MAD22/original_sorted/OpenCV/021_03-vs-029_03.jpg,021_03-vs-029_03.jpg,021_03-vs-029_03
236,/nas-ctm01/datasets/public/BIOMETRICS/Face_Morphing/MAD22/original_sorted/OpenCV/021_03-vs-037_03.jpg,021_03-vs-037_03.jpg,021_03-vs-037_03
237,/nas-ctm01/datasets/public/BIOMETRICS/Face_Morphing/MAD22/original_sorted/OpenCV/021_03-vs-121_03.jpg,021_03-vs-121_03.jpg,021_03-vs-121_03
238,/nas-ctm01/datasets/public/BIOMETRICS/Face_Morphing/MAD22/original_sorted/OpenCV/021_03-vs-125_03.jpg,021_03-vs-125_03.jpg,021_03-vs-125_03
239,/nas-ctm01/datasets/public/BIOMETRICS/Face_Morphing/MAD22/original_sorted/OpenCV/021_03-vs-173_03.jpg,021_03-vs-173_03.jpg,021_03-vs-173_03
240,/nas-ctm01/datasets/public/BIOMETRICS/Face_Morphing/MAD22/original_sorted/OpenCV/021_08-vs-029_08.jpg,021_08-vs-029_08.jpg,021_08-vs-029_08
241,/nas-ctm01/datasets/public/BIOMETRICS/Face_Morphing/MAD22/original_sorted/OpenCV/021_08-vs-121_08.jpg,021_08-vs-121_08.jpg,021_08-vs-121_08
242,/nas-ctm01/datasets/public/BIOMETRICS/Face_Morphing/MAD22/original_sorted/OpenCV/021_08-vs-125_08.jpg,021_08-vs-125_08.jpg,021_08-vs-125_08
243,/nas-ctm01/datasets/public/BIOMETRICS/Face_Morphing/MAD22/original_sorted/OpenCV/021_08-vs-130_08.jpg,021_08-vs-130_08.jpg,021_08-vs-130_08
244,/nas-ctm01/datasets/public/BIOMETRICS/Face_Morphing/MAD22/original_sorted/OpenCV/021_08-vs-132_08.jpg,021_08-vs-132_08.jpg,021_08-vs-132_08
245,/nas-ctm01/datasets/public/BIOMETRICS/Face_Morphing/MAD22/original_sorted/OpenCV/021_08-vs-173_08.jpg,021_08-vs-173_08.jpg,021_08-vs-173_08
246,/nas-ctm01/datasets/public/BIOMETRICS/Face_Morphing/MAD22/original_sorted/OpenCV/022_03-vs-082_03.jpg,022_03-vs-082_03.jpg,022_03-vs-082_03
247,/nas-ctm01/datasets/public/BIOMETRICS/Face_Morphing/MAD22/original_sorted/OpenCV/022_03-vs-123_03.jpg,022_03-vs-123_03.jpg,022_03-vs-123_03
248,/nas-ctm01/datasets/public/BIOMETRICS/Face_Morphing/MAD22/original_sorted/OpenCV/022_03-vs-172_03.jpg,022_03-vs-172_03.jpg,022_03-vs-172_03
249,/nas-ctm01/datasets/public/BIOMETRICS/Face_Morphing/MAD22/original_sorted/OpenCV/022_03-vs-173_03.jpg,022_03-vs-173_03.jpg,022_03-vs-173_03
250,/nas-ctm01/datasets/public/BIOMETRICS/Face_Morphing/MAD22/original_sorted/OpenCV/022_08-vs-031_08.jpg,022_08-vs-031_08.jpg,022_08-vs-031_08
251,/nas-ctm01/datasets/public/BIOMETRICS/Face_Morphing/MAD22/original_sorted/OpenCV/022_08-vs-042_08.jpg,022_08-vs-042_08.jpg,022_08-vs-042_08
252,/nas-ctm01/datasets/public/BIOMETRICS/Face_Morphing/MAD22/original_sorted/OpenCV/022_08-vs-082_08.jpg,022_08-vs-082_08.jpg,022_08-vs-082_08
253,/nas-ctm01/datasets/public/BIOMETRICS/Face_Morphing/MAD22/original_sorted/OpenCV/022_08-vs-173_08.jpg,022_08-vs-173_08.jpg,022_08-vs-173_08
254,/nas-ctm01/datasets/public/BIOMETRICS/Face_Morphing/MAD22/original_sorted/OpenCV/024_03-vs-031_03.jpg,024_03-vs-031_03.jpg,024_03-vs-031_03
255,/nas-ctm01/datasets/public/BIOMETRICS/Face_Morphing/MAD22/original_sorted/OpenCV/024_03-vs-036_03.jpg,024_03-vs-036_03.jpg,024_03-vs-036_03
256,/nas-ctm01/datasets/public/BIOMETRICS/Face_Morphing/MAD22/original_sorted/OpenCV/024_03-vs-042_03.jpg,024_03-vs-042_03.jpg,024_03-vs-042_03
257,/nas-ctm01/datasets/public/BIOMETRICS/Face_Morphing/MAD22/original_sorted/OpenCV/024_03-vs-092_03.jpg,024_03-vs-092_03.jpg,024_03-vs-092_03
258,/nas-ctm01/datasets/public/BIOMETRICS/Face_Morphing/MAD22/original_sorted/OpenCV/024_03-vs-125_03.jpg,024_03-vs-125_03.jpg,024_03-vs-125_03
259,/nas-ctm01/datasets/public/BIOMETRICS/Face_Morphing/MAD22/original_sorted/OpenCV/024_03-vs-131_03.jpg,024_03-vs-131_03.jpg,024_03-vs-131_03
260,/nas-ctm01/datasets/public/BIOMETRICS/Face_Morphing/MAD22/original_sorted/OpenCV/024_03-vs-137_03.jpg,024_03-vs-137_03.jpg,024_03-vs-137_03
261,/nas-ctm01/datasets/public/BIOMETRICS/Face_Morphing/MAD22/original_sorted/OpenCV/024_03-vs-138_03.jpg,024_03-vs-138_03.jpg,024_03-vs-138_03
262,/nas-ctm01/datasets/public/BIOMETRICS/Face_Morphing/MAD22/original_sorted/OpenCV/024_03-vs-141_03.jpg,024_03-vs-141_03.jpg,024_03-vs-141_03
263,/nas-ctm01/datasets/public/BIOMETRICS/Face_Morphing/MAD22/original_sorted/OpenCV/024_03-vs-173_03.jpg,024_03-vs-173_03.jpg,024_03-vs-173_03
264,/nas-ctm01/datasets/public/BIOMETRICS/Face_Morphing/MAD22/original_sorted/OpenCV/024_08-vs-036_08.jpg,024_08-vs-036_08.jpg,024_08-vs-036_08
265,/nas-ctm01/datasets/public/BIOMETRICS/Face_Morphing/MAD22/original_sorted/OpenCV/024_08-vs-061_08.jpg,024_08-vs-061_08.jpg,024_08-vs-061_08
266,/nas-ctm01/datasets/public/BIOMETRICS/Face_Morphing/MAD22/original_sorted/OpenCV/024_08-vs-069_08.jpg,024_08-vs-069_08.jpg,024_08-vs-069_08
267,/nas-ctm01/datasets/public/BIOMETRICS/Face_Morphing/MAD22/original_sorted/OpenCV/024_08-vs-092_08.jpg,024_08-vs-092_08.jpg,024_08-vs-092_08
268,/nas-ctm01/datasets/public/BIOMETRICS/Face_Morphing/MAD22/original_sorted/OpenCV/024_08-vs-121_08.jpg,024_08-vs-121_08.jpg,024_08-vs-121_08
269,/nas-ctm01/datasets/public/BIOMETRICS/Face_Morphing/MAD22/original_sorted/OpenCV/024_08-vs-125_08.jpg,024_08-vs-125_08.jpg,024_08-vs-125_08
270,/nas-ctm01/datasets/public/BIOMETRICS/Face_Morphing/MAD22/original_sorted/OpenCV/024_08-vs-131_08.jpg,024_08-vs-131_08.jpg,024_08-vs-131_08
271,/nas-ctm01/datasets/public/BIOMETRICS/Face_Morphing/MAD22/original_sorted/OpenCV/024_08-vs-141_08.jpg,024_08-vs-141_08.jpg,024_08-vs-141_08
272,/nas-ctm01/datasets/public/BIOMETRICS/Face_Morphing/MAD22/original_sorted/OpenCV/024_08-vs-173_08.jpg,024_08-vs-173_08.jpg,024_08-vs-173_08
273,/nas-ctm01/datasets/public/BIOMETRICS/Face_Morphing/MAD22/original_sorted/OpenCV/025_03-vs-038_03.jpg,025_03-vs-038_03.jpg,025_03-vs-038_03
274,/nas-ctm01/datasets/public/BIOMETRICS/Face_Morphing/MAD22/original_sorted/OpenCV/025_03-vs-062_03.jpg,025_03-vs-062_03.jpg,025_03-vs-062_03
275,/nas-ctm01/datasets/public/BIOMETRICS/Face_Morphing/MAD22/original_sorted/OpenCV/025_03-vs-134_03.jpg,025_03-vs-134_03.jpg,025_03-vs-134_03
276,/nas-ctm01/datasets/public/BIOMETRICS/Face_Morphing/MAD22/original_sorted/OpenCV/025_03-vs-136_03.jpg,025_03-vs-136_03.jpg,025_03-vs-136_03
277,/nas-ctm01/datasets/public/BIOMETRICS/Face_Morphing/MAD22/original_sorted/OpenCV/025_08-vs-038_08.jpg,025_08-vs-038_08.jpg,025_08-vs-038_08
278,/nas-ctm01/datasets/public/BIOMETRICS/Face_Morphing/MAD22/original_sorted/OpenCV/025_08-vs-091_08.jpg,025_08-vs-091_08.jpg,025_08-vs-091_08
279,/nas-ctm01/datasets/public/BIOMETRICS/Face_Morphing/MAD22/original_sorted/OpenCV/025_08-vs-124_08.jpg,025_08-vs-124_08.jpg,025_08-vs-124_08
280,/nas-ctm01/datasets/public/BIOMETRICS/Face_Morphing/MAD22/original_sorted/OpenCV/025_08-vs-134_08.jpg,025_08-vs-134_08.jpg,025_08-vs-134_08
281,/nas-ctm01/datasets/public/BIOMETRICS/Face_Morphing/MAD22/original_sorted/OpenCV/025_08-vs-136_08.jpg,025_08-vs-136_08.jpg,025_08-vs-136_08
282,/nas-ctm01/datasets/public/BIOMETRICS/Face_Morphing/MAD22/original_sorted/OpenCV/026_03-vs-123_03.jpg,026_03-vs-123_03.jpg,026_03-vs-123_03
283,/nas-ctm01/datasets/public/BIOMETRICS/Face_Morphing/MAD22/original_sorted/OpenCV/026_03-vs-130_03.jpg,026_03-vs-130_03.jpg,026_03-vs-130_03
284,/nas-ctm01/datasets/public/BIOMETRICS/Face_Morphing/MAD22/original_sorted/OpenCV/026_03-vs-143_03.jpg,026_03-vs-143_03.jpg,026_03-vs-143_03
285,/nas-ctm01/datasets/public/BIOMETRICS/Face_Morphing/MAD22/original_sorted/OpenCV/026_08-vs-045_08.jpg,026_08-vs-045_08.jpg,026_08-vs-045_08
286,/nas-ctm01/datasets/public/BIOMETRICS/Face_Morphing/MAD22/original_sorted/OpenCV/026_08-vs-070_08.jpg,026_08-vs-070_08.jpg,026_08-vs-070_08
287,/nas-ctm01/datasets/public/BIOMETRICS/Face_Morphing/MAD22/original_sorted/OpenCV/026_08-vs-130_08.jpg,026_08-vs-130_08.jpg,026_08-vs-130_08
288,/nas-ctm01/datasets/public/BIOMETRICS/Face_Morphing/MAD22/original_sorted/OpenCV/026_08-vs-132_08.jpg,026_08-vs-132_08.jpg,026_08-vs-132_08
289,/nas-ctm01/datasets/public/BIOMETRICS/Face_Morphing/MAD22/original_sorted/OpenCV/027_03-vs-083_03.jpg,027_03-vs-083_03.jpg,027_03-vs-083_03
290,/nas-ctm01/datasets/public/BIOMETRICS/Face_Morphing/MAD22/original_sorted/OpenCV/027_03-vs-090_03.jpg,027_03-vs-090_03.jpg,027_03-vs-090_03
291,/nas-ctm01/datasets/public/BIOMETRICS/Face_Morphing/MAD22/original_sorted/OpenCV/027_03-vs-094_03.jpg,027_03-vs-094_03.jpg,027_03-vs-094_03
292,/nas-ctm01/datasets/public/BIOMETRICS/Face_Morphing/MAD22/original_sorted/OpenCV/027_03-vs-100_03.jpg,027_03-vs-100_03.jpg,027_03-vs-100_03
293,/nas-ctm01/datasets/public/BIOMETRICS/Face_Morphing/MAD22/original_sorted/OpenCV/027_03-vs-102_03.jpg,027_03-vs-102_03.jpg,027_03-vs-102_03
294,/nas-ctm01/datasets/public/BIOMETRICS/Face_Morphing/MAD22/original_sorted/OpenCV/027_03-vs-118_03.jpg,027_03-vs-118_03.jpg,027_03-vs-118_03
295,/nas-ctm01/datasets/public/BIOMETRICS/Face_Morphing/MAD22/original_sorted/OpenCV/027_03-vs-139_03.jpg,027_03-vs-139_03.jpg,027_03-vs-139_03
296,/nas-ctm01/datasets/public/BIOMETRICS/Face_Morphing/MAD22/original_sorted/OpenCV/027_03-vs-144_03.jpg,027_03-vs-144_03.jpg,027_03-vs-144_03
297,/nas-ctm01/datasets/public/BIOMETRICS/Face_Morphing/MAD22/original_sorted/OpenCV/027_08-vs-038_08.jpg,027_08-vs-038_08.jpg,027_08-vs-038_08
298,/nas-ctm01/datasets/public/BIOMETRICS/Face_Morphing/MAD22/original_sorted/OpenCV/027_08-vs-083_08.jpg,027_08-vs-083_08.jpg,027_08-vs-083_08
299,/nas-ctm01/datasets/public/BIOMETRICS/Face_Morphing/MAD22/original_sorted/OpenCV/027_08-vs-090_08.jpg,027_08-vs-090_08.jpg,027_08-vs-090_08
300,/nas-ctm01/datasets/public/BIOMETRICS/Face_Morphing/MAD22/original_sorted/OpenCV/027_08-vs-099_08.jpg,027_08-vs-099_08.jpg,027_08-vs-099_08
301,/nas-ctm01/datasets/public/BIOMETRICS/Face_Morphing/MAD22/original_sorted/OpenCV/027_08-vs-118_08.jpg,027_08-vs-118_08.jpg,027_08-vs-118_08
302,/nas-ctm01/datasets/public/BIOMETRICS/Face_Morphing/MAD22/original_sorted/OpenCV/027_08-vs-139_08.jpg,027_08-vs-139_08.jpg,027_08-vs-139_08
303,/nas-ctm01/datasets/public/BIOMETRICS/Face_Morphing/MAD22/original_sorted/OpenCV/027_08-vs-144_08.jpg,027_08-vs-144_08.jpg,027_08-vs-144_08
304,/nas-ctm01/datasets/public/BIOMETRICS/Face_Morphing/MAD22/original_sorted/OpenCV/029_03-vs-033_03.jpg,029_03-vs-033_03.jpg,029_03-vs-033_03
305,/nas-ctm01/datasets/public/BIOMETRICS/Face_Morphing/MAD22/original_sorted/OpenCV/029_03-vs-041_03.jpg,029_03-vs-041_03.jpg,029_03-vs-041_03
306,/nas-ctm01/datasets/public/BIOMETRICS/Face_Morphing/MAD22/original_sorted/OpenCV/029_03-vs-044_03.jpg,029_03-vs-044_03.jpg,029_03-vs-044_03
307,/nas-ctm01/datasets/public/BIOMETRICS/Face_Morphing/MAD22/original_sorted/OpenCV/029_03-vs-082_03.jpg,029_03-vs-082_03.jpg,029_03-vs-082_03
308,/nas-ctm01/datasets/public/BIOMETRICS/Face_Morphing/MAD22/original_sorted/OpenCV/029_03-vs-143_03.jpg,029_03-vs-143_03.jpg,029_03-vs-143_03
309,/nas-ctm01/datasets/public/BIOMETRICS/Face_Morphing/MAD22/original_sorted/OpenCV/029_03-vs-173_03.jpg,029_03-vs-173_03.jpg,029_03-vs-173_03
310,/nas-ctm01/datasets/public/BIOMETRICS/Face_Morphing/MAD22/original_sorted/OpenCV/029_08-vs-041_08.jpg,029_08-vs-041_08.jpg,029_08-vs-041_08
311,/nas-ctm01/datasets/public/BIOMETRICS/Face_Morphing/MAD22/original_sorted/OpenCV/029_08-vs-044_08.jpg,029_08-vs-044_08.jpg,029_08-vs-044_08
312,/nas-ctm01/datasets/public/BIOMETRICS/Face_Morphing/MAD22/original_sorted/OpenCV/029_08-vs-082_08.jpg,029_08-vs-082_08.jpg,029_08-vs-082_08
313,/nas-ctm01/datasets/public/BIOMETRICS/Face_Morphing/MAD22/original_sorted/OpenCV/029_08-vs-143_08.jpg,029_08-vs-143_08.jpg,029_08-vs-143_08
314,/nas-ctm01/datasets/public/BIOMETRICS/Face_Morphing/MAD22/original_sorted/OpenCV/029_08-vs-173_08.jpg,029_08-vs-173_08.jpg,029_08-vs-173_08
315,/nas-ctm01/datasets/public/BIOMETRICS/Face_Morphing/MAD22/original_sorted/OpenCV/030_03-vs-039_03.jpg,030_03-vs-039_03.jpg,030_03-vs-039_03
316,/nas-ctm01/datasets/public/BIOMETRICS/Face_Morphing/MAD22/original_sorted/OpenCV/030_03-vs-062_03.jpg,030_03-vs-062_03.jpg,030_03-vs-062_03
317,/nas-ctm01/datasets/public/BIOMETRICS/Face_Morphing/MAD22/original_sorted/OpenCV/030_03-vs-134_03.jpg,030_03-vs-134_03.jpg,030_03-vs-134_03
318,/nas-ctm01/datasets/public/BIOMETRICS/Face_Morphing/MAD22/original_sorted/OpenCV/030_08-vs-039_08.jpg,030_08-vs-039_08.jpg,030_08-vs-039_08
319,/nas-ctm01/datasets/public/BIOMETRICS/Face_Morphing/MAD22/original_sorted/OpenCV/030_08-vs-112_08.jpg,030_08-vs-112_08.jpg,030_08-vs-112_08
320,/nas-ctm01/datasets/public/BIOMETRICS/Face_Morphing/MAD22/original_sorted/OpenCV/030_08-vs-127_08.jpg,030_08-vs-127_08.jpg,030_08-vs-127_08
321,/nas-ctm01/datasets/public/BIOMETRICS/Face_Morphing/MAD22/original_sorted/OpenCV/030_08-vs-134_08.jpg,030_08-vs-134_08.jpg,030_08-vs-134_08
322,/nas-ctm01/datasets/public/BIOMETRICS/Face_Morphing/MAD22/original_sorted/OpenCV/031_03-vs-043_03.jpg,031_03-vs-043_03.jpg,031_03-vs-043_03
323,/nas-ctm01/datasets/public/BIOMETRICS/Face_Morphing/MAD22/original_sorted/OpenCV/031_03-vs-068_03.jpg,031_03-vs-068_03.jpg,031_03-vs-068_03
324,/nas-ctm01/datasets/public/BIOMETRICS/Face_Morphing/MAD22/original_sorted/OpenCV/031_03-vs-121_03.jpg,031_03-vs-121_03.jpg,031_03-vs-121_03
325,/nas-ctm01/datasets/public/BIOMETRICS/Face_Morphing/MAD22/original_sorted/OpenCV/031_03-vs-137_03.jpg,031_03-vs-137_03.jpg,031_03-vs-137_03
326,/nas-ctm01/datasets/public/BIOMETRICS/Face_Morphing/MAD22/original_sorted/OpenCV/031_08-vs-042_08.jpg,031_08-vs-042_08.jpg,031_08-vs-042_08
327,/nas-ctm01/datasets/public/BIOMETRICS/Face_Morphing/MAD22/original_sorted/OpenCV/031_08-vs-043_08.jpg,031_08-vs-043_08.jpg,031_08-vs-043_08
328,/nas-ctm01/datasets/public/BIOMETRICS/Face_Morphing/MAD22/original_sorted/OpenCV/031_08-vs-068_08.jpg,031_08-vs-068_08.jpg,031_08-vs-068_08
329,/nas-ctm01/datasets/public/BIOMETRICS/Face_Morphing/MAD22/original_sorted/OpenCV/031_08-vs-117_08.jpg,031_08-vs-117_08.jpg,031_08-vs-117_08
330,/nas-ctm01/datasets/public/BIOMETRICS/Face_Morphing/MAD22/original_sorted/OpenCV/032_03-vs-086_03.jpg,032_03-vs-086_03.jpg,032_03-vs-086_03
331,/nas-ctm01/datasets/public/BIOMETRICS/Face_Morphing/MAD22/original_sorted/OpenCV/032_03-vs-094_03.jpg,032_03-vs-094_03.jpg,032_03-vs-094_03
332,/nas-ctm01/datasets/public/BIOMETRICS/Face_Morphing/MAD22/original_sorted/OpenCV/032_03-vs-126_03.jpg,032_03-vs-126_03.jpg,032_03-vs-126_03
333,/nas-ctm01/datasets/public/BIOMETRICS/Face_Morphing/MAD22/original_sorted/OpenCV/032_08-vs-039_08.jpg,032_08-vs-039_08.jpg,032_08-vs-039_08
334,/nas-ctm01/datasets/public/BIOMETRICS/Face_Morphing/MAD22/original_sorted/OpenCV/032_08-vs-086_08.jpg,032_08-vs-086_08.jpg,032_08-vs-086_08
335,/nas-ctm01/datasets/public/BIOMETRICS/Face_Morphing/MAD22/original_sorted/OpenCV/032_08-vs-091_08.jpg,032_08-vs-091_08.jpg,032_08-vs-091_08
336,/nas-ctm01/datasets/public/BIOMETRICS/Face_Morphing/MAD22/original_sorted/OpenCV/032_08-vs-099_08.jpg,032_08-vs-099_08.jpg,032_08-vs-099_08
337,/nas-ctm01/datasets/public/BIOMETRICS/Face_Morphing/MAD22/original_sorted/OpenCV/032_08-vs-124_08.jpg,032_08-vs-124_08.jpg,032_08-vs-124_08
338,/nas-ctm01/datasets/public/BIOMETRICS/Face_Morphing/MAD22/original_sorted/OpenCV/032_08-vs-144_08.jpg,032_08-vs-144_08.jpg,032_08-vs-144_08
339,/nas-ctm01/datasets/public/BIOMETRICS/Face_Morphing/MAD22/original_sorted/OpenCV/033_03-vs-092_03.jpg,033_03-vs-092_03.jpg,033_03-vs-092_03
340,/nas-ctm01/datasets/public/BIOMETRICS/Face_Morphing/MAD22/original_sorted/OpenCV/033_03-vs-104_03.jpg,033_03-vs-104_03.jpg,033_03-vs-104_03
341,/nas-ctm01/datasets/public/BIOMETRICS/Face_Morphing/MAD22/original_sorted/OpenCV/033_03-vs-108_03.jpg,033_03-vs-108_03.jpg,033_03-vs-108_03
342,/nas-ctm01/datasets/public/BIOMETRICS/Face_Morphing/MAD22/original_sorted/OpenCV/033_03-vs-119_03.jpg,033_03-vs-119_03.jpg,033_03-vs-119_03
343,/nas-ctm01/datasets/public/BIOMETRICS/Face_Morphing/MAD22/original_sorted/OpenCV/033_03-vs-143_03.jpg,033_03-vs-143_03.jpg,033_03-vs-143_03
344,/nas-ctm01/datasets/public/BIOMETRICS/Face_Morphing/MAD22/original_sorted/OpenCV/033_08-vs-044_08.jpg,033_08-vs-044_08.jpg,033_08-vs-044_08
345,/nas-ctm01/datasets/public/BIOMETRICS/Face_Morphing/MAD22/original_sorted/OpenCV/033_08-vs-045_08.jpg,033_08-vs-045_08.jpg,033_08-vs-045_08
346,/nas-ctm01/datasets/public/BIOMETRICS/Face_Morphing/MAD22/original_sorted/OpenCV/033_08-vs-082_08.jpg,033_08-vs-082_08.jpg,033_08-vs-082_08
347,/nas-ctm01/datasets/public/BIOMETRICS/Face_Morphing/MAD22/original_sorted/OpenCV/033_08-vs-108_08.jpg,033_08-vs-108_08.jpg,033_08-vs-108_08
348,/nas-ctm01/datasets/public/BIOMETRICS/Face_Morphing/MAD22/original_sorted/OpenCV/033_08-vs-119_08.jpg,033_08-vs-119_08.jpg,033_08-vs-119_08
349,/nas-ctm01/datasets/public/BIOMETRICS/Face_Morphing/MAD22/original_sorted/OpenCV/033_08-vs-140_08.jpg,033_08-vs-140_08.jpg,033_08-vs-140_08
350,/nas-ctm01/datasets/public/BIOMETRICS/Face_Morphing/MAD22/original_sorted/OpenCV/033_08-vs-143_08.jpg,033_08-vs-143_08.jpg,033_08-vs-143_08
351,/nas-ctm01/datasets/public/BIOMETRICS/Face_Morphing/MAD22/original_sorted/OpenCV/034_03-vs-100_03.jpg,034_03-vs-100_03.jpg,034_03-vs-100_03
352,/nas-ctm01/datasets/public/BIOMETRICS/Face_Morphing/MAD22/original_sorted/OpenCV/034_03-vs-118_03.jpg,034_03-vs-118_03.jpg,034_03-vs-118_03
353,/nas-ctm01/datasets/public/BIOMETRICS/Face_Morphing/MAD22/original_sorted/OpenCV/034_03-vs-139_03.jpg,034_03-vs-139_03.jpg,034_03-vs-139_03
354,/nas-ctm01/datasets/public/BIOMETRICS/Face_Morphing/MAD22/original_sorted/OpenCV/034_08-vs-062_08.jpg,034_08-vs-062_08.jpg,034_08-vs-062_08
355,/nas-ctm01/datasets/public/BIOMETRICS/Face_Morphing/MAD22/original_sorted/OpenCV/034_08-vs-064_08.jpg,034_08-vs-064_08.jpg,034_08-vs-064_08
356,/nas-ctm01/datasets/public/BIOMETRICS/Face_Morphing/MAD22/original_sorted/OpenCV/034_08-vs-094_08.jpg,034_08-vs-094_08.jpg,034_08-vs-094_08
357,/nas-ctm01/datasets/public/BIOMETRICS/Face_Morphing/MAD22/original_sorted/OpenCV/034_08-vs-099_08.jpg,034_08-vs-099_08.jpg,034_08-vs-099_08
358,/nas-ctm01/datasets/public/BIOMETRICS/Face_Morphing/MAD22/original_sorted/OpenCV/034_08-vs-126_08.jpg,034_08-vs-126_08.jpg,034_08-vs-126_08
359,/nas-ctm01/datasets/public/BIOMETRICS/Face_Morphing/MAD22/original_sorted/OpenCV/034_08-vs-127_08.jpg,034_08-vs-127_08.jpg,034_08-vs-127_08
360,/nas-ctm01/datasets/public/BIOMETRICS/Face_Morphing/MAD22/original_sorted/OpenCV/036_03-vs-063_03.jpg,036_03-vs-063_03.jpg,036_03-vs-063_03
361,/nas-ctm01/datasets/public/BIOMETRICS/Face_Morphing/MAD22/original_sorted/OpenCV/036_03-vs-096_03.jpg,036_03-vs-096_03.jpg,036_03-vs-096_03
362,/nas-ctm01/datasets/public/BIOMETRICS/Face_Morphing/MAD22/original_sorted/OpenCV/036_03-vs-128_03.jpg,036_03-vs-128_03.jpg,036_03-vs-128_03
363,/nas-ctm01/datasets/public/BIOMETRICS/Face_Morphing/MAD22/original_sorted/OpenCV/036_03-vs-130_03.jpg,036_03-vs-130_03.jpg,036_03-vs-130_03
364,/nas-ctm01/datasets/public/BIOMETRICS/Face_Morphing/MAD22/original_sorted/OpenCV/036_03-vs-141_03.jpg,036_03-vs-141_03.jpg,036_03-vs-141_03
365,/nas-ctm01/datasets/public/BIOMETRICS/Face_Morphing/MAD22/original_sorted/OpenCV/036_03-vs-142_03.jpg,036_03-vs-142_03.jpg,036_03-vs-142_03
366,/nas-ctm01/datasets/public/BIOMETRICS/Face_Morphing/MAD22/original_sorted/OpenCV/036_03-vs-143_03.jpg,036_03-vs-143_03.jpg,036_03-vs-143_03
367,/nas-ctm01/datasets/public/BIOMETRICS/Face_Morphing/MAD22/original_sorted/OpenCV/036_08-vs-128_08.jpg,036_08-vs-128_08.jpg,036_08-vs-128_08
368,/nas-ctm01/datasets/public/BIOMETRICS/Face_Morphing/MAD22/original_sorted/OpenCV/036_08-vs-130_08.jpg,036_08-vs-130_08.jpg,036_08-vs-130_08
369,/nas-ctm01/datasets/public/BIOMETRICS/Face_Morphing/MAD22/original_sorted/OpenCV/036_08-vs-141_08.jpg,036_08-vs-141_08.jpg,036_08-vs-141_08
370,/nas-ctm01/datasets/public/BIOMETRICS/Face_Morphing/MAD22/original_sorted/OpenCV/036_08-vs-142_08.jpg,036_08-vs-142_08.jpg,036_08-vs-142_08
371,/nas-ctm01/datasets/public/BIOMETRICS/Face_Morphing/MAD22/original_sorted/OpenCV/037_03-vs-103_03.jpg,037_03-vs-103_03.jpg,037_03-vs-103_03
372,/nas-ctm01/datasets/public/BIOMETRICS/Face_Morphing/MAD22/original_sorted/OpenCV/037_03-vs-108_03.jpg,037_03-vs-108_03.jpg,037_03-vs-108_03
373,/nas-ctm01/datasets/public/BIOMETRICS/Face_Morphing/MAD22/original_sorted/OpenCV/037_03-vs-132_03.jpg,037_03-vs-132_03.jpg,037_03-vs-132_03
374,/nas-ctm01/datasets/public/BIOMETRICS/Face_Morphing/MAD22/original_sorted/OpenCV/037_03-vs-172_03.jpg,037_03-vs-172_03.jpg,037_03-vs-172_03
375,/nas-ctm01/datasets/public/BIOMETRICS/Face_Morphing/MAD22/original_sorted/OpenCV/038_03-vs-062_03.jpg,038_03-vs-062_03.jpg,038_03-vs-062_03
376,/nas-ctm01/datasets/public/BIOMETRICS/Face_Morphing/MAD22/original_sorted/OpenCV/038_03-vs-066_03.jpg,038_03-vs-066_03.jpg,038_03-vs-066_03
377,/nas-ctm01/datasets/public/BIOMETRICS/Face_Morphing/MAD22/original_sorted/OpenCV/038_03-vs-102_03.jpg,038_03-vs-102_03.jpg,038_03-vs-102_03
378,/nas-ctm01/datasets/public/BIOMETRICS/Face_Morphing/MAD22/original_sorted/OpenCV/038_03-vs-124_03.jpg,038_03-vs-124_03.jpg,038_03-vs-124_03
379,/nas-ctm01/datasets/public/BIOMETRICS/Face_Morphing/MAD22/original_sorted/OpenCV/038_03-vs-136_03.jpg,038_03-vs-136_03.jpg,038_03-vs-136_03
380,/nas-ctm01/datasets/public/BIOMETRICS/Face_Morphing/MAD22/original_sorted/OpenCV/038_08-vs-062_08.jpg,038_08-vs-062_08.jpg,038_08-vs-062_08
381,/nas-ctm01/datasets/public/BIOMETRICS/Face_Morphing/MAD22/original_sorted/OpenCV/038_08-vs-099_08.jpg,038_08-vs-099_08.jpg,038_08-vs-099_08
382,/nas-ctm01/datasets/public/BIOMETRICS/Face_Morphing/MAD22/original_sorted/OpenCV/038_08-vs-102_08.jpg,038_08-vs-102_08.jpg,038_08-vs-102_08
383,/nas-ctm01/datasets/public/BIOMETRICS/Face_Morphing/MAD22/original_sorted/OpenCV/038_08-vs-124_08.jpg,038_08-vs-124_08.jpg,038_08-vs-124_08
384,/nas-ctm01/datasets/public/BIOMETRICS/Face_Morphing/MAD22/original_sorted/OpenCV/038_08-vs-129_08.jpg,038_08-vs-129_08.jpg,038_08-vs-129_08
385,/nas-ctm01/datasets/public/BIOMETRICS/Face_Morphing/MAD22/original_sorted/OpenCV/038_08-vs-136_08.jpg,038_08-vs-136_08.jpg,038_08-vs-136_08
386,/nas-ctm01/datasets/public/BIOMETRICS/Face_Morphing/MAD22/original_sorted/OpenCV/039_03-vs-090_03.jpg,039_03-vs-090_03.jpg,039_03-vs-090_03
387,/nas-ctm01/datasets/public/BIOMETRICS/Face_Morphing/MAD22/original_sorted/OpenCV/039_03-vs-097_03.jpg,039_03-vs-097_03.jpg,039_03-vs-097_03
388,/nas-ctm01/datasets/public/BIOMETRICS/Face_Morphing/MAD22/original_sorted/OpenCV/039_03-vs-102_03.jpg,039_03-vs-102_03.jpg,039_03-vs-102_03
389,/nas-ctm01/datasets/public/BIOMETRICS/Face_Morphing/MAD22/original_sorted/OpenCV/039_03-vs-124_03.jpg,039_03-vs-124_03.jpg,039_03-vs-124_03
390,/nas-ctm01/datasets/public/BIOMETRICS/Face_Morphing/MAD22/original_sorted/OpenCV/039_03-vs-139_03.jpg,039_03-vs-139_03.jpg,039_03-vs-139_03
391,/nas-ctm01/datasets/public/BIOMETRICS/Face_Morphing/MAD22/original_sorted/OpenCV/039_03-vs-144_03.jpg,039_03-vs-144_03.jpg,039_03-vs-144_03
392,/nas-ctm01/datasets/public/BIOMETRICS/Face_Morphing/MAD22/original_sorted/OpenCV/039_08-vs-090_08.jpg,039_08-vs-090_08.jpg,039_08-vs-090_08
393,/nas-ctm01/datasets/public/BIOMETRICS/Face_Morphing/MAD22/original_sorted/OpenCV/039_08-vs-097_08.jpg,039_08-vs-097_08.jpg,039_08-vs-097_08
394,/nas-ctm01/datasets/public/BIOMETRICS/Face_Morphing/MAD22/original_sorted/OpenCV/039_08-vs-102_08.jpg,039_08-vs-102_08.jpg,039_08-vs-102_08
395,/nas-ctm01/datasets/public/BIOMETRICS/Face_Morphing/MAD22/original_sorted/OpenCV/039_08-vs-107_08.jpg,039_08-vs-107_08.jpg,039_08-vs-107_08
396,/nas-ctm01/datasets/public/BIOMETRICS/Face_Morphing/MAD22/original_sorted/OpenCV/039_08-vs-118_08.jpg,039_08-vs-118_08.jpg,039_08-vs-118_08
397,/nas-ctm01/datasets/public/BIOMETRICS/Face_Morphing/MAD22/original_sorted/OpenCV/039_08-vs-124_08.jpg,039_08-vs-124_08.jpg,039_08-vs-124_08
398,/nas-ctm01/datasets/public/BIOMETRICS/Face_Morphing/MAD22/original_sorted/OpenCV/039_08-vs-139_08.jpg,039_08-vs-139_08.jpg,039_08-vs-139_08
399,/nas-ctm01/datasets/public/BIOMETRICS/Face_Morphing/MAD22/original_sorted/OpenCV/039_08-vs-144_08.jpg,039_08-vs-144_08.jpg,039_08-vs-144_08
400,/nas-ctm01/datasets/public/BIOMETRICS/Face_Morphing/MAD22/original_sorted/OpenCV/041_03-vs-123_03.jpg,041_03-vs-123_03.jpg,041_03-vs-123_03
401,/nas-ctm01/datasets/public/BIOMETRICS/Face_Morphing/MAD22/original_sorted/OpenCV/041_03-vs-137_03.jpg,041_03-vs-137_03.jpg,041_03-vs-137_03
402,/nas-ctm01/datasets/public/BIOMETRICS/Face_Morphing/MAD22/original_sorted/OpenCV/041_03-vs-138_03.jpg,041_03-vs-138_03.jpg,041_03-vs-138_03
403,/nas-ctm01/datasets/public/BIOMETRICS/Face_Morphing/MAD22/original_sorted/OpenCV/041_03-vs-143_03.jpg,041_03-vs-143_03.jpg,041_03-vs-143_03
404,/nas-ctm01/datasets/public/BIOMETRICS/Face_Morphing/MAD22/original_sorted/OpenCV/041_03-vs-173_03.jpg,041_03-vs-173_03.jpg,041_03-vs-173_03
405,/nas-ctm01/datasets/public/BIOMETRICS/Face_Morphing/MAD22/original_sorted/OpenCV/041_08-vs-044_08.jpg,041_08-vs-044_08.jpg,041_08-vs-044_08
406,/nas-ctm01/datasets/public/BIOMETRICS/Face_Morphing/MAD22/original_sorted/OpenCV/041_08-vs-069_08.jpg,041_08-vs-069_08.jpg,041_08-vs-069_08
407,/nas-ctm01/datasets/public/BIOMETRICS/Face_Morphing/MAD22/original_sorted/OpenCV/041_08-vs-143_08.jpg,041_08-vs-143_08.jpg,041_08-vs-143_08
408,/nas-ctm01/datasets/public/BIOMETRICS/Face_Morphing/MAD22/original_sorted/OpenCV/042_03-vs-115_03.jpg,042_03-vs-115_03.jpg,042_03-vs-115_03
409,/nas-ctm01/datasets/public/BIOMETRICS/Face_Morphing/MAD22/original_sorted/OpenCV/042_03-vs-137_03.jpg,042_03-vs-137_03.jpg,042_03-vs-137_03
410,/nas-ctm01/datasets/public/BIOMETRICS/Face_Morphing/MAD22/original_sorted/OpenCV/042_03-vs-141_03.jpg,042_03-vs-141_03.jpg,042_03-vs-141_03
411,/nas-ctm01/datasets/public/BIOMETRICS/Face_Morphing/MAD22/original_sorted/OpenCV/042_08-vs-045_08.jpg,042_08-vs-045_08.jpg,042_08-vs-045_08
412,/nas-ctm01/datasets/public/BIOMETRICS/Face_Morphing/MAD22/original_sorted/OpenCV/042_08-vs-115_08.jpg,042_08-vs-115_08.jpg,042_08-vs-115_08
413,/nas-ctm01/datasets/public/BIOMETRICS/Face_Morphing/MAD22/original_sorted/OpenCV/042_08-vs-140_08.jpg,042_08-vs-140_08.jpg,042_08-vs-140_08
414,/nas-ctm01/datasets/public/BIOMETRICS/Face_Morphing/MAD22/original_sorted/OpenCV/042_08-vs-141_08.jpg,042_08-vs-141_08.jpg,042_08-vs-141_08
415,/nas-ctm01/datasets/public/BIOMETRICS/Face_Morphing/MAD22/original_sorted/OpenCV/043_03-vs-092_03.jpg,043_03-vs-092_03.jpg,043_03-vs-092_03
416,/nas-ctm01/datasets/public/BIOMETRICS/Face_Morphing/MAD22/original_sorted/OpenCV/043_03-vs-172_03.jpg,043_03-vs-172_03.jpg,043_03-vs-172_03
417,/nas-ctm01/datasets/public/BIOMETRICS/Face_Morphing/MAD22/original_sorted/OpenCV/043_08-vs-044_08.jpg,043_08-vs-044_08.jpg,043_08-vs-044_08
418,/nas-ctm01/datasets/public/BIOMETRICS/Face_Morphing/MAD22/original_sorted/OpenCV/043_08-vs-045_08.jpg,043_08-vs-045_08.jpg,043_08-vs-045_08
419,/nas-ctm01/datasets/public/BIOMETRICS/Face_Morphing/MAD22/original_sorted/OpenCV/043_08-vs-123_08.jpg,043_08-vs-123_08.jpg,043_08-vs-123_08
420,/nas-ctm01/datasets/public/BIOMETRICS/Face_Morphing/MAD22/original_sorted/OpenCV/043_08-vs-172_08.jpg,043_08-vs-172_08.jpg,043_08-vs-172_08
421,/nas-ctm01/datasets/public/BIOMETRICS/Face_Morphing/MAD22/original_sorted/OpenCV/044_03-vs-067_03.jpg,044_03-vs-067_03.jpg,044_03-vs-067_03
422,/nas-ctm01/datasets/public/BIOMETRICS/Face_Morphing/MAD22/original_sorted/OpenCV/044_03-vs-082_03.jpg,044_03-vs-082_03.jpg,044_03-vs-082_03
423,/nas-ctm01/datasets/public/BIOMETRICS/Face_Morphing/MAD22/original_sorted/OpenCV/044_03-vs-115_03.jpg,044_03-vs-115_03.jpg,044_03-vs-115_03
424,/nas-ctm01/datasets/public/BIOMETRICS/Face_Morphing/MAD22/original_sorted/OpenCV/044_03-vs-173_03.jpg,044_03-vs-173_03.jpg,044_03-vs-173_03
425,/nas-ctm01/datasets/public/BIOMETRICS/Face_Morphing/MAD22/original_sorted/OpenCV/044_08-vs-061_08.jpg,044_08-vs-061_08.jpg,044_08-vs-061_08
426,/nas-ctm01/datasets/public/BIOMETRICS/Face_Morphing/MAD22/original_sorted/OpenCV/044_08-vs-082_08.jpg,044_08-vs-082_08.jpg,044_08-vs-082_08
427,/nas-ctm01/datasets/public/BIOMETRICS/Face_Morphing/MAD22/original_sorted/OpenCV/044_08-vs-115_08.jpg,044_08-vs-115_08.jpg,044_08-vs-115_08
428,/nas-ctm01/datasets/public/BIOMETRICS/Face_Morphing/MAD22/original_sorted/OpenCV/045_08-vs-063_08.jpg,045_08-vs-063_08.jpg,045_08-vs-063_08
429,/nas-ctm01/datasets/public/BIOMETRICS/Face_Morphing/MAD22/original_sorted/OpenCV/045_08-vs-082_08.jpg,045_08-vs-082_08.jpg,045_08-vs-082_08
430,/nas-ctm01/datasets/public/BIOMETRICS/Face_Morphing/MAD22/original_sorted/OpenCV/045_08-vs-123_08.jpg,045_08-vs-123_08.jpg,045_08-vs-123_08
431,/nas-ctm01/datasets/public/BIOMETRICS/Face_Morphing/MAD22/original_sorted/OpenCV/045_08-vs-128_08.jpg,045_08-vs-128_08.jpg,045_08-vs-128_08
432,/nas-ctm01/datasets/public/BIOMETRICS/Face_Morphing/MAD22/original_sorted/OpenCV/045_08-vs-140_08.jpg,045_08-vs-140_08.jpg,045_08-vs-140_08
433,/nas-ctm01/datasets/public/BIOMETRICS/Face_Morphing/MAD22/original_sorted/OpenCV/045_08-vs-143_08.jpg,045_08-vs-143_08.jpg,045_08-vs-143_08
434,/nas-ctm01/datasets/public/BIOMETRICS/Face_Morphing/MAD22/original_sorted/OpenCV/061_03-vs-121_03.jpg,061_03-vs-121_03.jpg,061_03-vs-121_03
435,/nas-ctm01/datasets/public/BIOMETRICS/Face_Morphing/MAD22/original_sorted/OpenCV/061_03-vs-125_03.jpg,061_03-vs-125_03.jpg,061_03-vs-125_03
436,/nas-ctm01/datasets/public/BIOMETRICS/Face_Morphing/MAD22/original_sorted/OpenCV/061_03-vs-141_03.jpg,061_03-vs-141_03.jpg,061_03-vs-141_03
437,/nas-ctm01/datasets/public/BIOMETRICS/Face_Morphing/MAD22/original_sorted/OpenCV/061_03-vs-142_03.jpg,061_03-vs-142_03.jpg,061_03-vs-142_03
438,/nas-ctm01/datasets/public/BIOMETRICS/Face_Morphing/MAD22/original_sorted/OpenCV/061_08-vs-121_08.jpg,061_08-vs-121_08.jpg,061_08-vs-121_08
439,/nas-ctm01/datasets/public/BIOMETRICS/Face_Morphing/MAD22/original_sorted/OpenCV/061_08-vs-125_08.jpg,061_08-vs-125_08.jpg,061_08-vs-125_08
440,/nas-ctm01/datasets/public/BIOMETRICS/Face_Morphing/MAD22/original_sorted/OpenCV/061_08-vs-141_08.jpg,061_08-vs-141_08.jpg,061_08-vs-141_08
441,/nas-ctm01/datasets/public/BIOMETRICS/Face_Morphing/MAD22/original_sorted/OpenCV/062_03-vs-066_03.jpg,062_03-vs-066_03.jpg,062_03-vs-066_03
442,/nas-ctm01/datasets/public/BIOMETRICS/Face_Morphing/MAD22/original_sorted/OpenCV/062_03-vs-099_03.jpg,062_03-vs-099_03.jpg,062_03-vs-099_03
443,/nas-ctm01/datasets/public/BIOMETRICS/Face_Morphing/MAD22/original_sorted/OpenCV/062_03-vs-102_03.jpg,062_03-vs-102_03.jpg,062_03-vs-102_03
444,/nas-ctm01/datasets/public/BIOMETRICS/Face_Morphing/MAD22/original_sorted/OpenCV/062_03-vs-118_03.jpg,062_03-vs-118_03.jpg,062_03-vs-118_03
445,/nas-ctm01/datasets/public/BIOMETRICS/Face_Morphing/MAD22/original_sorted/OpenCV/062_03-vs-124_03.jpg,062_03-vs-124_03.jpg,062_03-vs-124_03
446,/nas-ctm01/datasets/public/BIOMETRICS/Face_Morphing/MAD22/original_sorted/OpenCV/062_03-vs-126_03.jpg,062_03-vs-126_03.jpg,062_03-vs-126_03
447,/nas-ctm01/datasets/public/BIOMETRICS/Face_Morphing/MAD22/original_sorted/OpenCV/062_08-vs-064_08.jpg,062_08-vs-064_08.jpg,062_08-vs-064_08
448,/nas-ctm01/datasets/public/BIOMETRICS/Face_Morphing/MAD22/original_sorted/OpenCV/062_08-vs-066_08.jpg,062_08-vs-066_08.jpg,062_08-vs-066_08
449,/nas-ctm01/datasets/public/BIOMETRICS/Face_Morphing/MAD22/original_sorted/OpenCV/062_08-vs-083_08.jpg,062_08-vs-083_08.jpg,062_08-vs-083_08
450,/nas-ctm01/datasets/public/BIOMETRICS/Face_Morphing/MAD22/original_sorted/OpenCV/062_08-vs-094_08.jpg,062_08-vs-094_08.jpg,062_08-vs-094_08
451,/nas-ctm01/datasets/public/BIOMETRICS/Face_Morphing/MAD22/original_sorted/OpenCV/062_08-vs-099_08.jpg,062_08-vs-099_08.jpg,062_08-vs-099_08
452,/nas-ctm01/datasets/public/BIOMETRICS/Face_Morphing/MAD22/original_sorted/OpenCV/062_08-vs-102_08.jpg,062_08-vs-102_08.jpg,062_08-vs-102_08
453,/nas-ctm01/datasets/public/BIOMETRICS/Face_Morphing/MAD22/original_sorted/OpenCV/062_08-vs-118_08.jpg,062_08-vs-118_08.jpg,062_08-vs-118_08
454,/nas-ctm01/datasets/public/BIOMETRICS/Face_Morphing/MAD22/original_sorted/OpenCV/062_08-vs-124_08.jpg,062_08-vs-124_08.jpg,062_08-vs-124_08
455,/nas-ctm01/datasets/public/BIOMETRICS/Face_Morphing/MAD22/original_sorted/OpenCV/062_08-vs-126_08.jpg,062_08-vs-126_08.jpg,062_08-vs-126_08
456,/nas-ctm01/datasets/public/BIOMETRICS/Face_Morphing/MAD22/original_sorted/OpenCV/063_03-vs-092_03.jpg,063_03-vs-092_03.jpg,063_03-vs-092_03
457,/nas-ctm01/datasets/public/BIOMETRICS/Face_Morphing/MAD22/original_sorted/OpenCV/063_03-vs-104_03.jpg,063_03-vs-104_03.jpg,063_03-vs-104_03
458,/nas-ctm01/datasets/public/BIOMETRICS/Face_Morphing/MAD22/original_sorted/OpenCV/063_03-vs-115_03.jpg,063_03-vs-115_03.jpg,063_03-vs-115_03
459,/nas-ctm01/datasets/public/BIOMETRICS/Face_Morphing/MAD22/original_sorted/OpenCV/063_03-vs-123_03.jpg,063_03-vs-123_03.jpg,063_03-vs-123_03
460,/nas-ctm01/datasets/public/BIOMETRICS/Face_Morphing/MAD22/original_sorted/OpenCV/063_03-vs-125_03.jpg,063_03-vs-125_03.jpg,063_03-vs-125_03
461,/nas-ctm01/datasets/public/BIOMETRICS/Face_Morphing/MAD22/original_sorted/OpenCV/063_03-vs-130_03.jpg,063_03-vs-130_03.jpg,063_03-vs-130_03
462,/nas-ctm01/datasets/public/BIOMETRICS/Face_Morphing/MAD22/original_sorted/OpenCV/063_08-vs-069_08.jpg,063_08-vs-069_08.jpg,063_08-vs-069_08
463,/nas-ctm01/datasets/public/BIOMETRICS/Face_Morphing/MAD22/original_sorted/OpenCV/063_08-vs-070_08.jpg,063_08-vs-070_08.jpg,063_08-vs-070_08
464,/nas-ctm01/datasets/public/BIOMETRICS/Face_Morphing/MAD22/original_sorted/OpenCV/063_08-vs-092_08.jpg,063_08-vs-092_08.jpg,063_08-vs-092_08
465,/nas-ctm01/datasets/public/BIOMETRICS/Face_Morphing/MAD22/original_sorted/OpenCV/063_08-vs-096_08.jpg,063_08-vs-096_08.jpg,063_08-vs-096_08
466,/nas-ctm01/datasets/public/BIOMETRICS/Face_Morphing/MAD22/original_sorted/OpenCV/063_08-vs-115_08.jpg,063_08-vs-115_08.jpg,063_08-vs-115_08
467,/nas-ctm01/datasets/public/BIOMETRICS/Face_Morphing/MAD22/original_sorted/OpenCV/063_08-vs-125_08.jpg,063_08-vs-125_08.jpg,063_08-vs-125_08
468,/nas-ctm01/datasets/public/BIOMETRICS/Face_Morphing/MAD22/original_sorted/OpenCV/063_08-vs-130_08.jpg,063_08-vs-130_08.jpg,063_08-vs-130_08
469,/nas-ctm01/datasets/public/BIOMETRICS/Face_Morphing/MAD22/original_sorted/OpenCV/063_08-vs-132_08.jpg,063_08-vs-132_08.jpg,063_08-vs-132_08
470,/nas-ctm01/datasets/public/BIOMETRICS/Face_Morphing/MAD22/original_sorted/OpenCV/063_08-vs-140_08.jpg,063_08-vs-140_08.jpg,063_08-vs-140_08
471,/nas-ctm01/datasets/public/BIOMETRICS/Face_Morphing/MAD22/original_sorted/OpenCV/063_08-vs-143_08.jpg,063_08-vs-143_08.jpg,063_08-vs-143_08
472,/nas-ctm01/datasets/public/BIOMETRICS/Face_Morphing/MAD22/original_sorted/OpenCV/064_03-vs-066_03.jpg,064_03-vs-066_03.jpg,064_03-vs-066_03
473,/nas-ctm01/datasets/public/BIOMETRICS/Face_Morphing/MAD22/original_sorted/OpenCV/064_03-vs-094_03.jpg,064_03-vs-094_03.jpg,064_03-vs-094_03
474,/nas-ctm01/datasets/public/BIOMETRICS/Face_Morphing/MAD22/original_sorted/OpenCV/064_03-vs-097_03.jpg,064_03-vs-097_03.jpg,064_03-vs-097_03
475,/nas-ctm01/datasets/public/BIOMETRICS/Face_Morphing/MAD22/original_sorted/OpenCV/064_03-vs-099_03.jpg,064_03-vs-099_03.jpg,064_03-vs-099_03
476,/nas-ctm01/datasets/public/BIOMETRICS/Face_Morphing/MAD22/original_sorted/OpenCV/064_03-vs-122_03.jpg,064_03-vs-122_03.jpg,064_03-vs-122_03
477,/nas-ctm01/datasets/public/BIOMETRICS/Face_Morphing/MAD22/original_sorted/OpenCV/064_03-vs-134_03.jpg,064_03-vs-134_03.jpg,064_03-vs-134_03
478,/nas-ctm01/datasets/public/BIOMETRICS/Face_Morphing/MAD22/original_sorted/OpenCV/064_03-vs-135_03.jpg,064_03-vs-135_03.jpg,064_03-vs-135_03
479,/nas-ctm01/datasets/public/BIOMETRICS/Face_Morphing/MAD22/original_sorted/OpenCV/064_08-vs-066_08.jpg,064_08-vs-066_08.jpg,064_08-vs-066_08
480,/nas-ctm01/datasets/public/BIOMETRICS/Face_Morphing/MAD22/original_sorted/OpenCV/064_08-vs-091_08.jpg,064_08-vs-091_08.jpg,064_08-vs-091_08
481,/nas-ctm01/datasets/public/BIOMETRICS/Face_Morphing/MAD22/original_sorted/OpenCV/064_08-vs-097_08.jpg,064_08-vs-097_08.jpg,064_08-vs-097_08
482,/nas-ctm01/datasets/public/BIOMETRICS/Face_Morphing/MAD22/original_sorted/OpenCV/064_08-vs-099_08.jpg,064_08-vs-099_08.jpg,064_08-vs-099_08
483,/nas-ctm01/datasets/public/BIOMETRICS/Face_Morphing/MAD22/original_sorted/OpenCV/064_08-vs-122_08.jpg,064_08-vs-122_08.jpg,064_08-vs-122_08
484,/nas-ctm01/datasets/public/BIOMETRICS/Face_Morphing/MAD22/original_sorted/OpenCV/064_08-vs-127_08.jpg,064_08-vs-127_08.jpg,064_08-vs-127_08
485,/nas-ctm01/datasets/public/BIOMETRICS/Face_Morphing/MAD22/original_sorted/OpenCV/064_08-vs-134_08.jpg,064_08-vs-134_08.jpg,064_08-vs-134_08
486,/nas-ctm01/datasets/public/BIOMETRICS/Face_Morphing/MAD22/original_sorted/OpenCV/066_03-vs-083_03.jpg,066_03-vs-083_03.jpg,066_03-vs-083_03
487,/nas-ctm01/datasets/public/BIOMETRICS/Face_Morphing/MAD22/original_sorted/OpenCV/066_03-vs-090_03.jpg,066_03-vs-090_03.jpg,066_03-vs-090_03
488,/nas-ctm01/datasets/public/BIOMETRICS/Face_Morphing/MAD22/original_sorted/OpenCV/066_03-vs-094_03.jpg,066_03-vs-094_03.jpg,066_03-vs-094_03
489,/nas-ctm01/datasets/public/BIOMETRICS/Face_Morphing/MAD22/original_sorted/OpenCV/066_03-vs-097_03.jpg,066_03-vs-097_03.jpg,066_03-vs-097_03
490,/nas-ctm01/datasets/public/BIOMETRICS/Face_Morphing/MAD22/original_sorted/OpenCV/066_03-vs-099_03.jpg,066_03-vs-099_03.jpg,066_03-vs-099_03
491,/nas-ctm01/datasets/public/BIOMETRICS/Face_Morphing/MAD22/original_sorted/OpenCV/066_03-vs-100_03.jpg,066_03-vs-100_03.jpg,066_03-vs-100_03
492,/nas-ctm01/datasets/public/BIOMETRICS/Face_Morphing/MAD22/original_sorted/OpenCV/066_03-vs-113_03.jpg,066_03-vs-113_03.jpg,066_03-vs-113_03
493,/nas-ctm01/datasets/public/BIOMETRICS/Face_Morphing/MAD22/original_sorted/OpenCV/066_08-vs-083_08.jpg,066_08-vs-083_08.jpg,066_08-vs-083_08
494,/nas-ctm01/datasets/public/BIOMETRICS/Face_Morphing/MAD22/original_sorted/OpenCV/066_08-vs-087_08.jpg,066_08-vs-087_08.jpg,066_08-vs-087_08
495,/nas-ctm01/datasets/public/BIOMETRICS/Face_Morphing/MAD22/original_sorted/OpenCV/066_08-vs-094_08.jpg,066_08-vs-094_08.jpg,066_08-vs-094_08
496,/nas-ctm01/datasets/public/BIOMETRICS/Face_Morphing/MAD22/original_sorted/OpenCV/066_08-vs-099_08.jpg,066_08-vs-099_08.jpg,066_08-vs-099_08
497,/nas-ctm01/datasets/public/BIOMETRICS/Face_Morphing/MAD22/original_sorted/OpenCV/066_08-vs-126_08.jpg,066_08-vs-126_08.jpg,066_08-vs-126_08
498,/nas-ctm01/datasets/public/BIOMETRICS/Face_Morphing/MAD22/original_sorted/OpenCV/066_08-vs-129_08.jpg,066_08-vs-129_08.jpg,066_08-vs-129_08
499,/nas-ctm01/datasets/public/BIOMETRICS/Face_Morphing/MAD22/original_sorted/OpenCV/067_03-vs-069_03.jpg,067_03-vs-069_03.jpg,067_03-vs-069_03
500,/nas-ctm01/datasets/public/BIOMETRICS/Face_Morphing/MAD22/original_sorted/OpenCV/067_03-vs-128_03.jpg,067_03-vs-128_03.jpg,067_03-vs-128_03
501,/nas-ctm01/datasets/public/BIOMETRICS/Face_Morphing/MAD22/original_sorted/OpenCV/067_03-vs-130_03.jpg,067_03-vs-130_03.jpg,067_03-vs-130_03
502,/nas-ctm01/datasets/public/BIOMETRICS/Face_Morphing/MAD22/original_sorted/OpenCV/067_08-vs-069_08.jpg,067_08-vs-069_08.jpg,067_08-vs-069_08
503,/nas-ctm01/datasets/public/BIOMETRICS/Face_Morphing/MAD22/original_sorted/OpenCV/067_08-vs-114_08.jpg,067_08-vs-114_08.jpg,067_08-vs-114_08
504,/nas-ctm01/datasets/public/BIOMETRICS/Face_Morphing/MAD22/original_sorted/OpenCV/067_08-vs-115_08.jpg,067_08-vs-115_08.jpg,067_08-vs-115_08
505,/nas-ctm01/datasets/public/BIOMETRICS/Face_Morphing/MAD22/original_sorted/OpenCV/067_08-vs-128_08.jpg,067_08-vs-128_08.jpg,067_08-vs-128_08
506,/nas-ctm01/datasets/public/BIOMETRICS/Face_Morphing/MAD22/original_sorted/OpenCV/067_08-vs-130_08.jpg,067_08-vs-130_08.jpg,067_08-vs-130_08
507,/nas-ctm01/datasets/public/BIOMETRICS/Face_Morphing/MAD22/original_sorted/OpenCV/067_08-vs-141_08.jpg,067_08-vs-141_08.jpg,067_08-vs-141_08
508,/nas-ctm01/datasets/public/BIOMETRICS/Face_Morphing/MAD22/original_sorted/OpenCV/068_03-vs-115_03.jpg,068_03-vs-115_03.jpg,068_03-vs-115_03
509,/nas-ctm01/datasets/public/BIOMETRICS/Face_Morphing/MAD22/original_sorted/OpenCV/068_03-vs-132_03.jpg,068_03-vs-132_03.jpg,068_03-vs-132_03
510,/nas-ctm01/datasets/public/BIOMETRICS/Face_Morphing/MAD22/original_sorted/OpenCV/068_03-vs-138_03.jpg,068_03-vs-138_03.jpg,068_03-vs-138_03
511,/nas-ctm01/datasets/public/BIOMETRICS/Face_Morphing/MAD22/original_sorted/OpenCV/068_03-vs-143_03.jpg,068_03-vs-143_03.jpg,068_03-vs-143_03
512,/nas-ctm01/datasets/public/BIOMETRICS/Face_Morphing/MAD22/original_sorted/OpenCV/068_08-vs-082_08.jpg,068_08-vs-082_08.jpg,068_08-vs-082_08
513,/nas-ctm01/datasets/public/BIOMETRICS/Face_Morphing/MAD22/original_sorted/OpenCV/068_08-vs-115_08.jpg,068_08-vs-115_08.jpg,068_08-vs-115_08
514,/nas-ctm01/datasets/public/BIOMETRICS/Face_Morphing/MAD22/original_sorted/OpenCV/068_08-vs-128_08.jpg,068_08-vs-128_08.jpg,068_08-vs-128_08
515,/nas-ctm01/datasets/public/BIOMETRICS/Face_Morphing/MAD22/original_sorted/OpenCV/068_08-vs-132_08.jpg,068_08-vs-132_08.jpg,068_08-vs-132_08
516,/nas-ctm01/datasets/public/BIOMETRICS/Face_Morphing/MAD22/original_sorted/OpenCV/068_08-vs-143_08.jpg,068_08-vs-143_08.jpg,068_08-vs-143_08
517,/nas-ctm01/datasets/public/BIOMETRICS/Face_Morphing/MAD22/original_sorted/OpenCV/069_03-vs-104_03.jpg,069_03-vs-104_03.jpg,069_03-vs-104_03
518,/nas-ctm01/datasets/public/BIOMETRICS/Face_Morphing/MAD22/original_sorted/OpenCV/069_03-vs-115_03.jpg,069_03-vs-115_03.jpg,069_03-vs-115_03
519,/nas-ctm01/datasets/public/BIOMETRICS/Face_Morphing/MAD22/original_sorted/OpenCV/069_03-vs-130_03.jpg,069_03-vs-130_03.jpg,069_03-vs-130_03
520,/nas-ctm01/datasets/public/BIOMETRICS/Face_Morphing/MAD22/original_sorted/OpenCV/069_03-vs-131_03.jpg,069_03-vs-131_03.jpg,069_03-vs-131_03
521,/nas-ctm01/datasets/public/BIOMETRICS/Face_Morphing/MAD22/original_sorted/OpenCV/069_03-vs-132_03.jpg,069_03-vs-132_03.jpg,069_03-vs-132_03
522,/nas-ctm01/datasets/public/BIOMETRICS/Face_Morphing/MAD22/original_sorted/OpenCV/069_03-vs-172_03.jpg,069_03-vs-172_03.jpg,069_03-vs-172_03
523,/nas-ctm01/datasets/public/BIOMETRICS/Face_Morphing/MAD22/original_sorted/OpenCV/069_08-vs-092_08.jpg,069_08-vs-092_08.jpg,069_08-vs-092_08
524,/nas-ctm01/datasets/public/BIOMETRICS/Face_Morphing/MAD22/original_sorted/OpenCV/069_08-vs-115_08.jpg,069_08-vs-115_08.jpg,069_08-vs-115_08
525,/nas-ctm01/datasets/public/BIOMETRICS/Face_Morphing/MAD22/original_sorted/OpenCV/069_08-vs-130_08.jpg,069_08-vs-130_08.jpg,069_08-vs-130_08
526,/nas-ctm01/datasets/public/BIOMETRICS/Face_Morphing/MAD22/original_sorted/OpenCV/069_08-vs-131_08.jpg,069_08-vs-131_08.jpg,069_08-vs-131_08
527,/nas-ctm01/datasets/public/BIOMETRICS/Face_Morphing/MAD22/original_sorted/OpenCV/069_08-vs-132_08.jpg,069_08-vs-132_08.jpg,069_08-vs-132_08
528,/nas-ctm01/datasets/public/BIOMETRICS/Face_Morphing/MAD22/original_sorted/OpenCV/070_08-vs-108_08.jpg,070_08-vs-108_08.jpg,070_08-vs-108_08
529,/nas-ctm01/datasets/public/BIOMETRICS/Face_Morphing/MAD22/original_sorted/OpenCV/070_08-vs-143_08.jpg,070_08-vs-143_08.jpg,070_08-vs-143_08
530,/nas-ctm01/datasets/public/BIOMETRICS/Face_Morphing/MAD22/original_sorted/OpenCV/081_08-vs-090_08.jpg,081_08-vs-090_08.jpg,081_08-vs-090_08
531,/nas-ctm01/datasets/public/BIOMETRICS/Face_Morphing/MAD22/original_sorted/OpenCV/081_08-vs-091_08.jpg,081_08-vs-091_08.jpg,081_08-vs-091_08
532,/nas-ctm01/datasets/public/BIOMETRICS/Face_Morphing/MAD22/original_sorted/OpenCV/081_08-vs-118_08.jpg,081_08-vs-118_08.jpg,081_08-vs-118_08
533,/nas-ctm01/datasets/public/BIOMETRICS/Face_Morphing/MAD22/original_sorted/OpenCV/081_08-vs-122_08.jpg,081_08-vs-122_08.jpg,081_08-vs-122_08
534,/nas-ctm01/datasets/public/BIOMETRICS/Face_Morphing/MAD22/original_sorted/OpenCV/081_08-vs-135_08.jpg,081_08-vs-135_08.jpg,081_08-vs-135_08
535,/nas-ctm01/datasets/public/BIOMETRICS/Face_Morphing/MAD22/original_sorted/OpenCV/082_03-vs-105_03.jpg,082_03-vs-105_03.jpg,082_03-vs-105_03
536,/nas-ctm01/datasets/public/BIOMETRICS/Face_Morphing/MAD22/original_sorted/OpenCV/082_08-vs-130_08.jpg,082_08-vs-130_08.jpg,082_08-vs-130_08
537,/nas-ctm01/datasets/public/BIOMETRICS/Face_Morphing/MAD22/original_sorted/OpenCV/082_08-vs-140_08.jpg,082_08-vs-140_08.jpg,082_08-vs-140_08
538,/nas-ctm01/datasets/public/BIOMETRICS/Face_Morphing/MAD22/original_sorted/OpenCV/083_08-vs-087_08.jpg,083_08-vs-087_08.jpg,083_08-vs-087_08
539,/nas-ctm01/datasets/public/BIOMETRICS/Face_Morphing/MAD22/original_sorted/OpenCV/083_08-vs-129_08.jpg,083_08-vs-129_08.jpg,083_08-vs-129_08
540,/nas-ctm01/datasets/public/BIOMETRICS/Face_Morphing/MAD22/original_sorted/OpenCV/086_08-vs-091_08.jpg,086_08-vs-091_08.jpg,086_08-vs-091_08
541,/nas-ctm01/datasets/public/BIOMETRICS/Face_Morphing/MAD22/original_sorted/OpenCV/087_08-vs-090_08.jpg,087_08-vs-090_08.jpg,087_08-vs-090_08
542,/nas-ctm01/datasets/public/BIOMETRICS/Face_Morphing/MAD22/original_sorted/OpenCV/087_08-vs-102_08.jpg,087_08-vs-102_08.jpg,087_08-vs-102_08
543,/nas-ctm01/datasets/public/BIOMETRICS/Face_Morphing/MAD22/original_sorted/OpenCV/087_08-vs-118_08.jpg,087_08-vs-118_08.jpg,087_08-vs-118_08
544,/nas-ctm01/datasets/public/BIOMETRICS/Face_Morphing/MAD22/original_sorted/OpenCV/087_08-vs-124_08.jpg,087_08-vs-124_08.jpg,087_08-vs-124_08
545,/nas-ctm01/datasets/public/BIOMETRICS/Face_Morphing/MAD22/original_sorted/OpenCV/087_08-vs-135_08.jpg,087_08-vs-135_08.jpg,087_08-vs-135_08
546,/nas-ctm01/datasets/public/BIOMETRICS/Face_Morphing/MAD22/original_sorted/OpenCV/087_08-vs-136_08.jpg,087_08-vs-136_08.jpg,087_08-vs-136_08
547,/nas-ctm01/datasets/public/BIOMETRICS/Face_Morphing/MAD22/original_sorted/OpenCV/090_03-vs-102_03.jpg,090_03-vs-102_03.jpg,090_03-vs-102_03
548,/nas-ctm01/datasets/public/BIOMETRICS/Face_Morphing/MAD22/original_sorted/OpenCV/090_03-vs-107_03.jpg,090_03-vs-107_03.jpg,090_03-vs-107_03
549,/nas-ctm01/datasets/public/BIOMETRICS/Face_Morphing/MAD22/original_sorted/OpenCV/090_03-vs-122_03.jpg,090_03-vs-122_03.jpg,090_03-vs-122_03
550,/nas-ctm01/datasets/public/BIOMETRICS/Face_Morphing/MAD22/original_sorted/OpenCV/090_03-vs-135_03.jpg,090_03-vs-135_03.jpg,090_03-vs-135_03
551,/nas-ctm01/datasets/public/BIOMETRICS/Face_Morphing/MAD22/original_sorted/OpenCV/090_08-vs-097_08.jpg,090_08-vs-097_08.jpg,090_08-vs-097_08
552,/nas-ctm01/datasets/public/BIOMETRICS/Face_Morphing/MAD22/original_sorted/OpenCV/090_08-vs-102_08.jpg,090_08-vs-102_08.jpg,090_08-vs-102_08
553,/nas-ctm01/datasets/public/BIOMETRICS/Face_Morphing/MAD22/original_sorted/OpenCV/090_08-vs-107_08.jpg,090_08-vs-107_08.jpg,090_08-vs-107_08
554,/nas-ctm01/datasets/public/BIOMETRICS/Face_Morphing/MAD22/original_sorted/OpenCV/090_08-vs-135_08.jpg,090_08-vs-135_08.jpg,090_08-vs-135_08
555,/nas-ctm01/datasets/public/BIOMETRICS/Face_Morphing/MAD22/original_sorted/OpenCV/090_08-vs-136_08.jpg,090_08-vs-136_08.jpg,090_08-vs-136_08
556,/nas-ctm01/datasets/public/BIOMETRICS/Face_Morphing/MAD22/original_sorted/OpenCV/091_08-vs-097_08.jpg,091_08-vs-097_08.jpg,091_08-vs-097_08
557,/nas-ctm01/datasets/public/BIOMETRICS/Face_Morphing/MAD22/original_sorted/OpenCV/092_03-vs-104_03.jpg,092_03-vs-104_03.jpg,092_03-vs-104_03
558,/nas-ctm01/datasets/public/BIOMETRICS/Face_Morphing/MAD22/original_sorted/OpenCV/092_03-vs-123_03.jpg,092_03-vs-123_03.jpg,092_03-vs-123_03
559,/nas-ctm01/datasets/public/BIOMETRICS/Face_Morphing/MAD22/original_sorted/OpenCV/092_03-vs-128_03.jpg,092_03-vs-128_03.jpg,092_03-vs-128_03
560,/nas-ctm01/datasets/public/BIOMETRICS/Face_Morphing/MAD22/original_sorted/OpenCV/092_08-vs-123_08.jpg,092_08-vs-123_08.jpg,092_08-vs-123_08
561,/nas-ctm01/datasets/public/BIOMETRICS/Face_Morphing/MAD22/original_sorted/OpenCV/092_08-vs-128_08.jpg,092_08-vs-128_08.jpg,092_08-vs-128_08
562,/nas-ctm01/datasets/public/BIOMETRICS/Face_Morphing/MAD22/original_sorted/OpenCV/092_08-vs-143_08.jpg,092_08-vs-143_08.jpg,092_08-vs-143_08
563,/nas-ctm01/datasets/public/BIOMETRICS/Face_Morphing/MAD22/original_sorted/OpenCV/094_03-vs-099_03.jpg,094_03-vs-099_03.jpg,094_03-vs-099_03
564,/nas-ctm01/datasets/public/BIOMETRICS/Face_Morphing/MAD22/original_sorted/OpenCV/094_03-vs-102_03.jpg,094_03-vs-102_03.jpg,094_03-vs-102_03
565,/nas-ctm01/datasets/public/BIOMETRICS/Face_Morphing/MAD22/original_sorted/OpenCV/094_03-vs-124_03.jpg,094_03-vs-124_03.jpg,094_03-vs-124_03
566,/nas-ctm01/datasets/public/BIOMETRICS/Face_Morphing/MAD22/original_sorted/OpenCV/094_03-vs-126_03.jpg,094_03-vs-126_03.jpg,094_03-vs-126_03
567,/nas-ctm01/datasets/public/BIOMETRICS/Face_Morphing/MAD22/original_sorted/OpenCV/094_03-vs-139_03.jpg,094_03-vs-139_03.jpg,094_03-vs-139_03
568,/nas-ctm01/datasets/public/BIOMETRICS/Face_Morphing/MAD22/original_sorted/OpenCV/094_08-vs-097_08.jpg,094_08-vs-097_08.jpg,094_08-vs-097_08
569,/nas-ctm01/datasets/public/BIOMETRICS/Face_Morphing/MAD22/original_sorted/OpenCV/094_08-vs-099_08.jpg,094_08-vs-099_08.jpg,094_08-vs-099_08
570,/nas-ctm01/datasets/public/BIOMETRICS/Face_Morphing/MAD22/original_sorted/OpenCV/094_08-vs-124_08.jpg,094_08-vs-124_08.jpg,094_08-vs-124_08
571,/nas-ctm01/datasets/public/BIOMETRICS/Face_Morphing/MAD22/original_sorted/OpenCV/094_08-vs-126_08.jpg,094_08-vs-126_08.jpg,094_08-vs-126_08
572,/nas-ctm01/datasets/public/BIOMETRICS/Face_Morphing/MAD22/original_sorted/OpenCV/094_08-vs-127_08.jpg,094_08-vs-127_08.jpg,094_08-vs-127_08
573,/nas-ctm01/datasets/public/BIOMETRICS/Face_Morphing/MAD22/original_sorted/OpenCV/096_03-vs-104_03.jpg,096_03-vs-104_03.jpg,096_03-vs-104_03
574,/nas-ctm01/datasets/public/BIOMETRICS/Face_Morphing/MAD22/original_sorted/OpenCV/096_03-vs-130_03.jpg,096_03-vs-130_03.jpg,096_03-vs-130_03
575,/nas-ctm01/datasets/public/BIOMETRICS/Face_Morphing/MAD22/original_sorted/OpenCV/096_03-vs-137_03.jpg,096_03-vs-137_03.jpg,096_03-vs-137_03
576,/nas-ctm01/datasets/public/BIOMETRICS/Face_Morphing/MAD22/original_sorted/OpenCV/096_03-vs-141_03.jpg,096_03-vs-141_03.jpg,096_03-vs-141_03
577,/nas-ctm01/datasets/public/BIOMETRICS/Face_Morphing/MAD22/original_sorted/OpenCV/096_08-vs-128_08.jpg,096_08-vs-128_08.jpg,096_08-vs-128_08
578,/nas-ctm01/datasets/public/BIOMETRICS/Face_Morphing/MAD22/original_sorted/OpenCV/097_03-vs-099_03.jpg,097_03-vs-099_03.jpg,097_03-vs-099_03
579,/nas-ctm01/datasets/public/BIOMETRICS/Face_Morphing/MAD22/original_sorted/OpenCV/097_03-vs-112_03.jpg,097_03-vs-112_03.jpg,097_03-vs-112_03
580,/nas-ctm01/datasets/public/BIOMETRICS/Face_Morphing/MAD22/original_sorted/OpenCV/097_03-vs-118_03.jpg,097_03-vs-118_03.jpg,097_03-vs-118_03
581,/nas-ctm01/datasets/public/BIOMETRICS/Face_Morphing/MAD22/original_sorted/OpenCV/097_03-vs-129_03.jpg,097_03-vs-129_03.jpg,097_03-vs-129_03
582,/nas-ctm01/datasets/public/BIOMETRICS/Face_Morphing/MAD22/original_sorted/OpenCV/097_03-vs-135_03.jpg,097_03-vs-135_03.jpg,097_03-vs-135_03
583,/nas-ctm01/datasets/public/BIOMETRICS/Face_Morphing/MAD22/original_sorted/OpenCV/097_03-vs-144_03.jpg,097_03-vs-144_03.jpg,097_03-vs-144_03
584,/nas-ctm01/datasets/public/BIOMETRICS/Face_Morphing/MAD22/original_sorted/OpenCV/097_08-vs-102_08.jpg,097_08-vs-102_08.jpg,097_08-vs-102_08
585,/nas-ctm01/datasets/public/BIOMETRICS/Face_Morphing/MAD22/original_sorted/OpenCV/097_08-vs-118_08.jpg,097_08-vs-118_08.jpg,097_08-vs-118_08
586,/nas-ctm01/datasets/public/BIOMETRICS/Face_Morphing/MAD22/original_sorted/OpenCV/097_08-vs-120_08.jpg,097_08-vs-120_08.jpg,097_08-vs-120_08
587,/nas-ctm01/datasets/public/BIOMETRICS/Face_Morphing/MAD22/original_sorted/OpenCV/097_08-vs-139_08.jpg,097_08-vs-139_08.jpg,097_08-vs-139_08
588,/nas-ctm01/datasets/public/BIOMETRICS/Face_Morphing/MAD22/original_sorted/OpenCV/097_08-vs-144_08.jpg,097_08-vs-144_08.jpg,097_08-vs-144_08
589,/nas-ctm01/datasets/public/BIOMETRICS/Face_Morphing/MAD22/original_sorted/OpenCV/099_03-vs-112_03.jpg,099_03-vs-112_03.jpg,099_03-vs-112_03
590,/nas-ctm01/datasets/public/BIOMETRICS/Face_Morphing/MAD22/original_sorted/OpenCV/099_03-vs-122_03.jpg,099_03-vs-122_03.jpg,099_03-vs-122_03
591,/nas-ctm01/datasets/public/BIOMETRICS/Face_Morphing/MAD22/original_sorted/OpenCV/099_03-vs-126_03.jpg,099_03-vs-126_03.jpg,099_03-vs-126_03
592,/nas-ctm01/datasets/public/BIOMETRICS/Face_Morphing/MAD22/original_sorted/OpenCV/099_08-vs-126_08.jpg,099_08-vs-126_08.jpg,099_08-vs-126_08
593,/nas-ctm01/datasets/public/BIOMETRICS/Face_Morphing/MAD22/original_sorted/OpenCV/100_03-vs-118_03.jpg,100_03-vs-118_03.jpg,100_03-vs-118_03
594,/nas-ctm01/datasets/public/BIOMETRICS/Face_Morphing/MAD22/original_sorted/OpenCV/100_03-vs-122_03.jpg,100_03-vs-122_03.jpg,100_03-vs-122_03
595,/nas-ctm01/datasets/public/BIOMETRICS/Face_Morphing/MAD22/original_sorted/OpenCV/101_03-vs-105_03.jpg,101_03-vs-105_03.jpg,101_03-vs-105_03
596,/nas-ctm01/datasets/public/BIOMETRICS/Face_Morphing/MAD22/original_sorted/OpenCV/101_03-vs-121_03.jpg,101_03-vs-121_03.jpg,101_03-vs-121_03
597,/nas-ctm01/datasets/public/BIOMETRICS/Face_Morphing/MAD22/original_sorted/OpenCV/101_03-vs-131_03.jpg,101_03-vs-131_03.jpg,101_03-vs-131_03
598,/nas-ctm01/datasets/public/BIOMETRICS/Face_Morphing/MAD22/original_sorted/OpenCV/101_03-vs-132_03.jpg,101_03-vs-132_03.jpg,101_03-vs-132_03
599,/nas-ctm01/datasets/public/BIOMETRICS/Face_Morphing/MAD22/original_sorted/OpenCV/101_08-vs-117_08.jpg,101_08-vs-117_08.jpg,101_08-vs-117_08
600,/nas-ctm01/datasets/public/BIOMETRICS/Face_Morphing/MAD22/original_sorted/OpenCV/101_08-vs-121_08.jpg,101_08-vs-121_08.jpg,101_08-vs-121_08
601,/nas-ctm01/datasets/public/BIOMETRICS/Face_Morphing/MAD22/original_sorted/OpenCV/101_08-vs-123_08.jpg,101_08-vs-123_08.jpg,101_08-vs-123_08
602,/nas-ctm01/datasets/public/BIOMETRICS/Face_Morphing/MAD22/original_sorted/OpenCV/101_08-vs-131_08.jpg,101_08-vs-131_08.jpg,101_08-vs-131_08
603,/nas-ctm01/datasets/public/BIOMETRICS/Face_Morphing/MAD22/original_sorted/OpenCV/101_08-vs-132_08.jpg,101_08-vs-132_08.jpg,101_08-vs-132_08
604,/nas-ctm01/datasets/public/BIOMETRICS/Face_Morphing/MAD22/original_sorted/OpenCV/101_08-vs-140_08.jpg,101_08-vs-140_08.jpg,101_08-vs-140_08
605,/nas-ctm01/datasets/public/BIOMETRICS/Face_Morphing/MAD22/original_sorted/OpenCV/102_03-vs-118_03.jpg,102_03-vs-118_03.jpg,102_03-vs-118_03
606,/nas-ctm01/datasets/public/BIOMETRICS/Face_Morphing/MAD22/original_sorted/OpenCV/102_03-vs-136_03.jpg,102_03-vs-136_03.jpg,102_03-vs-136_03
607,/nas-ctm01/datasets/public/BIOMETRICS/Face_Morphing/MAD22/original_sorted/OpenCV/102_03-vs-139_03.jpg,102_03-vs-139_03.jpg,102_03-vs-139_03
608,/nas-ctm01/datasets/public/BIOMETRICS/Face_Morphing/MAD22/original_sorted/OpenCV/102_03-vs-144_03.jpg,102_03-vs-144_03.jpg,102_03-vs-144_03
609,/nas-ctm01/datasets/public/BIOMETRICS/Face_Morphing/MAD22/original_sorted/OpenCV/102_08-vs-107_08.jpg,102_08-vs-107_08.jpg,102_08-vs-107_08
610,/nas-ctm01/datasets/public/BIOMETRICS/Face_Morphing/MAD22/original_sorted/OpenCV/102_08-vs-118_08.jpg,102_08-vs-118_08.jpg,102_08-vs-118_08
611,/nas-ctm01/datasets/public/BIOMETRICS/Face_Morphing/MAD22/original_sorted/OpenCV/102_08-vs-122_08.jpg,102_08-vs-122_08.jpg,102_08-vs-122_08
612,/nas-ctm01/datasets/public/BIOMETRICS/Face_Morphing/MAD22/original_sorted/OpenCV/102_08-vs-124_08.jpg,102_08-vs-124_08.jpg,102_08-vs-124_08
613,/nas-ctm01/datasets/public/BIOMETRICS/Face_Morphing/MAD22/original_sorted/OpenCV/102_08-vs-136_08.jpg,102_08-vs-136_08.jpg,102_08-vs-136_08
614,/nas-ctm01/datasets/public/BIOMETRICS/Face_Morphing/MAD22/original_sorted/OpenCV/102_08-vs-139_08.jpg,102_08-vs-139_08.jpg,102_08-vs-139_08
615,/nas-ctm01/datasets/public/BIOMETRICS/Face_Morphing/MAD22/original_sorted/OpenCV/102_08-vs-144_08.jpg,102_08-vs-144_08.jpg,102_08-vs-144_08
616,/nas-ctm01/datasets/public/BIOMETRICS/Face_Morphing/MAD22/original_sorted/OpenCV/103_03-vs-108_03.jpg,103_03-vs-108_03.jpg,103_03-vs-108_03
617,/nas-ctm01/datasets/public/BIOMETRICS/Face_Morphing/MAD22/original_sorted/OpenCV/103_03-vs-128_03.jpg,103_03-vs-128_03.jpg,103_03-vs-128_03
618,/nas-ctm01/datasets/public/BIOMETRICS/Face_Morphing/MAD22/original_sorted/OpenCV/103_03-vs-143_03.jpg,103_03-vs-143_03.jpg,103_03-vs-143_03
619,/nas-ctm01/datasets/public/BIOMETRICS/Face_Morphing/MAD22/original_sorted/OpenCV/103_08-vs-108_08.jpg,103_08-vs-108_08.jpg,103_08-vs-108_08
620,/nas-ctm01/datasets/public/BIOMETRICS/Face_Morphing/MAD22/original_sorted/OpenCV/103_08-vs-128_08.jpg,103_08-vs-128_08.jpg,103_08-vs-128_08
621,/nas-ctm01/datasets/public/BIOMETRICS/Face_Morphing/MAD22/original_sorted/OpenCV/104_03-vs-123_03.jpg,104_03-vs-123_03.jpg,104_03-vs-123_03
622,/nas-ctm01/datasets/public/BIOMETRICS/Face_Morphing/MAD22/original_sorted/OpenCV/104_03-vs-130_03.jpg,104_03-vs-130_03.jpg,104_03-vs-130_03
623,/nas-ctm01/datasets/public/BIOMETRICS/Face_Morphing/MAD22/original_sorted/OpenCV/104_03-vs-141_03.jpg,104_03-vs-141_03.jpg,104_03-vs-141_03
624,/nas-ctm01/datasets/public/BIOMETRICS/Face_Morphing/MAD22/original_sorted/OpenCV/105_03-vs-121_03.jpg,105_03-vs-121_03.jpg,105_03-vs-121_03
625,/nas-ctm01/datasets/public/BIOMETRICS/Face_Morphing/MAD22/original_sorted/OpenCV/105_03-vs-125_03.jpg,105_03-vs-125_03.jpg,105_03-vs-125_03
626,/nas-ctm01/datasets/public/BIOMETRICS/Face_Morphing/MAD22/original_sorted/OpenCV/105_03-vs-141_03.jpg,105_03-vs-141_03.jpg,105_03-vs-141_03
627,/nas-ctm01/datasets/public/BIOMETRICS/Face_Morphing/MAD22/original_sorted/OpenCV/107_08-vs-118_08.jpg,107_08-vs-118_08.jpg,107_08-vs-118_08
628,/nas-ctm01/datasets/public/BIOMETRICS/Face_Morphing/MAD22/original_sorted/OpenCV/108_03-vs-128_03.jpg,108_03-vs-128_03.jpg,108_03-vs-128_03
629,/nas-ctm01/datasets/public/BIOMETRICS/Face_Morphing/MAD22/original_sorted/OpenCV/108_03-vs-142_03.jpg,108_03-vs-142_03.jpg,108_03-vs-142_03
630,/nas-ctm01/datasets/public/BIOMETRICS/Face_Morphing/MAD22/original_sorted/OpenCV/108_03-vs-143_03.jpg,108_03-vs-143_03.jpg,108_03-vs-143_03
631,/nas-ctm01/datasets/public/BIOMETRICS/Face_Morphing/MAD22/original_sorted/OpenCV/108_08-vs-128_08.jpg,108_08-vs-128_08.jpg,108_08-vs-128_08
632,/nas-ctm01/datasets/public/BIOMETRICS/Face_Morphing/MAD22/original_sorted/OpenCV/108_08-vs-143_08.jpg,108_08-vs-143_08.jpg,108_08-vs-143_08
633,/nas-ctm01/datasets/public/BIOMETRICS/Face_Morphing/MAD22/original_sorted/OpenCV/112_03-vs-122_03.jpg,112_03-vs-122_03.jpg,112_03-vs-122_03
634,/nas-ctm01/datasets/public/BIOMETRICS/Face_Morphing/MAD22/original_sorted/OpenCV/112_03-vs-129_03.jpg,112_03-vs-129_03.jpg,112_03-vs-129_03
635,/nas-ctm01/datasets/public/BIOMETRICS/Face_Morphing/MAD22/original_sorted/OpenCV/112_03-vs-134_03.jpg,112_03-vs-134_03.jpg,112_03-vs-134_03
636,/nas-ctm01/datasets/public/BIOMETRICS/Face_Morphing/MAD22/original_sorted/OpenCV/112_03-vs-139_03.jpg,112_03-vs-139_03.jpg,112_03-vs-139_03
637,/nas-ctm01/datasets/public/BIOMETRICS/Face_Morphing/MAD22/original_sorted/OpenCV/113_03-vs-118_03.jpg,113_03-vs-118_03.jpg,113_03-vs-118_03
638,/nas-ctm01/datasets/public/BIOMETRICS/Face_Morphing/MAD22/original_sorted/OpenCV/113_08-vs-118_08.jpg,113_08-vs-118_08.jpg,113_08-vs-118_08
639,/nas-ctm01/datasets/public/BIOMETRICS/Face_Morphing/MAD22/original_sorted/OpenCV/113_08-vs-139_08.jpg,113_08-vs-139_08.jpg,113_08-vs-139_08
640,/nas-ctm01/datasets/public/BIOMETRICS/Face_Morphing/MAD22/original_sorted/OpenCV/114_08-vs-128_08.jpg,114_08-vs-128_08.jpg,114_08-vs-128_08
641,/nas-ctm01/datasets/public/BIOMETRICS/Face_Morphing/MAD22/original_sorted/OpenCV/115_03-vs-123_03.jpg,115_03-vs-123_03.jpg,115_03-vs-123_03
642,/nas-ctm01/datasets/public/BIOMETRICS/Face_Morphing/MAD22/original_sorted/OpenCV/115_03-vs-125_03.jpg,115_03-vs-125_03.jpg,115_03-vs-125_03
643,/nas-ctm01/datasets/public/BIOMETRICS/Face_Morphing/MAD22/original_sorted/OpenCV/115_03-vs-142_03.jpg,115_03-vs-142_03.jpg,115_03-vs-142_03
644,/nas-ctm01/datasets/public/BIOMETRICS/Face_Morphing/MAD22/original_sorted/OpenCV/115_08-vs-125_08.jpg,115_08-vs-125_08.jpg,115_08-vs-125_08
645,/nas-ctm01/datasets/public/BIOMETRICS/Face_Morphing/MAD22/original_sorted/OpenCV/115_08-vs-132_08.jpg,115_08-vs-132_08.jpg,115_08-vs-132_08
646,/nas-ctm01/datasets/public/BIOMETRICS/Face_Morphing/MAD22/original_sorted/OpenCV/117_08-vs-121_08.jpg,117_08-vs-121_08.jpg,117_08-vs-121_08
647,/nas-ctm01/datasets/public/BIOMETRICS/Face_Morphing/MAD22/original_sorted/OpenCV/117_08-vs-123_08.jpg,117_08-vs-123_08.jpg,117_08-vs-123_08
648,/nas-ctm01/datasets/public/BIOMETRICS/Face_Morphing/MAD22/original_sorted/OpenCV/117_08-vs-141_08.jpg,117_08-vs-141_08.jpg,117_08-vs-141_08
649,/nas-ctm01/datasets/public/BIOMETRICS/Face_Morphing/MAD22/original_sorted/OpenCV/117_08-vs-173_08.jpg,117_08-vs-173_08.jpg,117_08-vs-173_08
650,/nas-ctm01/datasets/public/BIOMETRICS/Face_Morphing/MAD22/original_sorted/OpenCV/118_08-vs-139_08.jpg,118_08-vs-139_08.jpg,118_08-vs-139_08
651,/nas-ctm01/datasets/public/BIOMETRICS/Face_Morphing/MAD22/original_sorted/OpenCV/118_08-vs-144_08.jpg,118_08-vs-144_08.jpg,118_08-vs-144_08
652,/nas-ctm01/datasets/public/BIOMETRICS/Face_Morphing/MAD22/original_sorted/OpenCV/119_03-vs-137_03.jpg,119_03-vs-137_03.jpg,119_03-vs-137_03
653,/nas-ctm01/datasets/public/BIOMETRICS/Face_Morphing/MAD22/original_sorted/OpenCV/119_08-vs-140_08.jpg,119_08-vs-140_08.jpg,119_08-vs-140_08
654,/nas-ctm01/datasets/public/BIOMETRICS/Face_Morphing/MAD22/original_sorted/OpenCV/120_03-vs-136_03.jpg,120_03-vs-136_03.jpg,120_03-vs-136_03
655,/nas-ctm01/datasets/public/BIOMETRICS/Face_Morphing/MAD22/original_sorted/OpenCV/120_03-vs-144_03.jpg,120_03-vs-144_03.jpg,120_03-vs-144_03
656,/nas-ctm01/datasets/public/BIOMETRICS/Face_Morphing/MAD22/original_sorted/OpenCV/120_08-vs-135_08.jpg,120_08-vs-135_08.jpg,120_08-vs-135_08
657,/nas-ctm01/datasets/public/BIOMETRICS/Face_Morphing/MAD22/original_sorted/OpenCV/120_08-vs-136_08.jpg,120_08-vs-136_08.jpg,120_08-vs-136_08
658,/nas-ctm01/datasets/public/BIOMETRICS/Face_Morphing/MAD22/original_sorted/OpenCV/120_08-vs-144_08.jpg,120_08-vs-144_08.jpg,120_08-vs-144_08
659,/nas-ctm01/datasets/public/BIOMETRICS/Face_Morphing/MAD22/original_sorted/OpenCV/121_03-vs-137_03.jpg,121_03-vs-137_03.jpg,121_03-vs-137_03
660,/nas-ctm01/datasets/public/BIOMETRICS/Face_Morphing/MAD22/original_sorted/OpenCV/121_03-vs-142_03.jpg,121_03-vs-142_03.jpg,121_03-vs-142_03
661,/nas-ctm01/datasets/public/BIOMETRICS/Face_Morphing/MAD22/original_sorted/OpenCV/121_08-vs-140_08.jpg,121_08-vs-140_08.jpg,121_08-vs-140_08
662,/nas-ctm01/datasets/public/BIOMETRICS/Face_Morphing/MAD22/original_sorted/OpenCV/121_08-vs-142_08.jpg,121_08-vs-142_08.jpg,121_08-vs-142_08
663,/nas-ctm01/datasets/public/BIOMETRICS/Face_Morphing/MAD22/original_sorted/OpenCV/122_03-vs-129_03.jpg,122_03-vs-129_03.jpg,122_03-vs-129_03
664,/nas-ctm01/datasets/public/BIOMETRICS/Face_Morphing/MAD22/original_sorted/OpenCV/122_03-vs-139_03.jpg,122_03-vs-139_03.jpg,122_03-vs-139_03
665,/nas-ctm01/datasets/public/BIOMETRICS/Face_Morphing/MAD22/original_sorted/OpenCV/122_08-vs-129_08.jpg,122_08-vs-129_08.jpg,122_08-vs-129_08
666,/nas-ctm01/datasets/public/BIOMETRICS/Face_Morphing/MAD22/original_sorted/OpenCV/122_08-vs-139_08.jpg,122_08-vs-139_08.jpg,122_08-vs-139_08
667,/nas-ctm01/datasets/public/BIOMETRICS/Face_Morphing/MAD22/original_sorted/OpenCV/123_03-vs-130_03.jpg,123_03-vs-130_03.jpg,123_03-vs-130_03
668,/nas-ctm01/datasets/public/BIOMETRICS/Face_Morphing/MAD22/original_sorted/OpenCV/123_03-vs-131_03.jpg,123_03-vs-131_03.jpg,123_03-vs-131_03
669,/nas-ctm01/datasets/public/BIOMETRICS/Face_Morphing/MAD22/original_sorted/OpenCV/123_03-vs-138_03.jpg,123_03-vs-138_03.jpg,123_03-vs-138_03
670,/nas-ctm01/datasets/public/BIOMETRICS/Face_Morphing/MAD22/original_sorted/OpenCV/123_03-vs-142_03.jpg,123_03-vs-142_03.jpg,123_03-vs-142_03
671,/nas-ctm01/datasets/public/BIOMETRICS/Face_Morphing/MAD22/original_sorted/OpenCV/123_03-vs-173_03.jpg,123_03-vs-173_03.jpg,123_03-vs-173_03
672,/nas-ctm01/datasets/public/BIOMETRICS/Face_Morphing/MAD22/original_sorted/OpenCV/124_03-vs-126_03.jpg,124_03-vs-126_03.jpg,124_03-vs-126_03
673,/nas-ctm01/datasets/public/BIOMETRICS/Face_Morphing/MAD22/original_sorted/OpenCV/124_03-vs-136_03.jpg,124_03-vs-136_03.jpg,124_03-vs-136_03
674,/nas-ctm01/datasets/public/BIOMETRICS/Face_Morphing/MAD22/original_sorted/OpenCV/124_08-vs-126_08.jpg,124_08-vs-126_08.jpg,124_08-vs-126_08
675,/nas-ctm01/datasets/public/BIOMETRICS/Face_Morphing/MAD22/original_sorted/OpenCV/124_08-vs-136_08.jpg,124_08-vs-136_08.jpg,124_08-vs-136_08
676,/nas-ctm01/datasets/public/BIOMETRICS/Face_Morphing/MAD22/original_sorted/OpenCV/125_03-vs-132_03.jpg,125_03-vs-132_03.jpg,125_03-vs-132_03
677,/nas-ctm01/datasets/public/BIOMETRICS/Face_Morphing/MAD22/original_sorted/OpenCV/125_03-vs-141_03.jpg,125_03-vs-141_03.jpg,125_03-vs-141_03
678,/nas-ctm01/datasets/public/BIOMETRICS/Face_Morphing/MAD22/original_sorted/OpenCV/125_03-vs-172_03.jpg,125_03-vs-172_03.jpg,125_03-vs-172_03
679,/nas-ctm01/datasets/public/BIOMETRICS/Face_Morphing/MAD22/original_sorted/OpenCV/125_03-vs-173_03.jpg,125_03-vs-173_03.jpg,125_03-vs-173_03
680,/nas-ctm01/datasets/public/BIOMETRICS/Face_Morphing/MAD22/original_sorted/OpenCV/125_08-vs-141_08.jpg,125_08-vs-141_08.jpg,125_08-vs-141_08
681,/nas-ctm01/datasets/public/BIOMETRICS/Face_Morphing/MAD22/original_sorted/OpenCV/125_08-vs-172_08.jpg,125_08-vs-172_08.jpg,125_08-vs-172_08
682,/nas-ctm01/datasets/public/BIOMETRICS/Face_Morphing/MAD22/original_sorted/OpenCV/125_08-vs-173_08.jpg,125_08-vs-173_08.jpg,125_08-vs-173_08
683,/nas-ctm01/datasets/public/BIOMETRICS/Face_Morphing/MAD22/original_sorted/OpenCV/126_03-vs-136_03.jpg,126_03-vs-136_03.jpg,126_03-vs-136_03
684,/nas-ctm01/datasets/public/BIOMETRICS/Face_Morphing/MAD22/original_sorted/OpenCV/126_08-vs-127_08.jpg,126_08-vs-127_08.jpg,126_08-vs-127_08
685,/nas-ctm01/datasets/public/BIOMETRICS/Face_Morphing/MAD22/original_sorted/OpenCV/126_08-vs-136_08.jpg,126_08-vs-136_08.jpg,126_08-vs-136_08
686,/nas-ctm01/datasets/public/BIOMETRICS/Face_Morphing/MAD22/original_sorted/OpenCV/126_08-vs-144_08.jpg,126_08-vs-144_08.jpg,126_08-vs-144_08
687,/nas-ctm01/datasets/public/BIOMETRICS/Face_Morphing/MAD22/original_sorted/OpenCV/128_03-vs-130_03.jpg,128_03-vs-130_03.jpg,128_03-vs-130_03
688,/nas-ctm01/datasets/public/BIOMETRICS/Face_Morphing/MAD22/original_sorted/OpenCV/128_03-vs-132_03.jpg,128_03-vs-132_03.jpg,128_03-vs-132_03
689,/nas-ctm01/datasets/public/BIOMETRICS/Face_Morphing/MAD22/original_sorted/OpenCV/128_03-vs-138_03.jpg,128_03-vs-138_03.jpg,128_03-vs-138_03
690,/nas-ctm01/datasets/public/BIOMETRICS/Face_Morphing/MAD22/original_sorted/OpenCV/128_03-vs-141_03.jpg,128_03-vs-141_03.jpg,128_03-vs-141_03
691,/nas-ctm01/datasets/public/BIOMETRICS/Face_Morphing/MAD22/original_sorted/OpenCV/128_03-vs-142_03.jpg,128_03-vs-142_03.jpg,128_03-vs-142_03
692,/nas-ctm01/datasets/public/BIOMETRICS/Face_Morphing/MAD22/original_sorted/OpenCV/128_03-vs-143_03.jpg,128_03-vs-143_03.jpg,128_03-vs-143_03
693,/nas-ctm01/datasets/public/BIOMETRICS/Face_Morphing/MAD22/original_sorted/OpenCV/128_08-vs-130_08.jpg,128_08-vs-130_08.jpg,128_08-vs-130_08
694,/nas-ctm01/datasets/public/BIOMETRICS/Face_Morphing/MAD22/original_sorted/OpenCV/128_08-vs-132_08.jpg,128_08-vs-132_08.jpg,128_08-vs-132_08
695,/nas-ctm01/datasets/public/BIOMETRICS/Face_Morphing/MAD22/original_sorted/OpenCV/128_08-vs-140_08.jpg,128_08-vs-140_08.jpg,128_08-vs-140_08
696,/nas-ctm01/datasets/public/BIOMETRICS/Face_Morphing/MAD22/original_sorted/OpenCV/128_08-vs-141_08.jpg,128_08-vs-141_08.jpg,128_08-vs-141_08
697,/nas-ctm01/datasets/public/BIOMETRICS/Face_Morphing/MAD22/original_sorted/OpenCV/130_03-vs-131_03.jpg,130_03-vs-131_03.jpg,130_03-vs-131_03
698,/nas-ctm01/datasets/public/BIOMETRICS/Face_Morphing/MAD22/original_sorted/OpenCV/130_03-vs-132_03.jpg,130_03-vs-132_03.jpg,130_03-vs-132_03
699,/nas-ctm01/datasets/public/BIOMETRICS/Face_Morphing/MAD22/original_sorted/OpenCV/130_03-vs-138_03.jpg,130_03-vs-138_03.jpg,130_03-vs-138_03
700,/nas-ctm01/datasets/public/BIOMETRICS/Face_Morphing/MAD22/original_sorted/OpenCV/130_03-vs-141_03.jpg,130_03-vs-141_03.jpg,130_03-vs-141_03
701,/nas-ctm01/datasets/public/BIOMETRICS/Face_Morphing/MAD22/original_sorted/OpenCV/130_03-vs-173_03.jpg,130_03-vs-173_03.jpg,130_03-vs-173_03
702,/nas-ctm01/datasets/public/BIOMETRICS/Face_Morphing/MAD22/original_sorted/OpenCV/130_08-vs-131_08.jpg,130_08-vs-131_08.jpg,130_08-vs-131_08
703,/nas-ctm01/datasets/public/BIOMETRICS/Face_Morphing/MAD22/original_sorted/OpenCV/130_08-vs-132_08.jpg,130_08-vs-132_08.jpg,130_08-vs-132_08
704,/nas-ctm01/datasets/public/BIOMETRICS/Face_Morphing/MAD22/original_sorted/OpenCV/130_08-vs-141_08.jpg,130_08-vs-141_08.jpg,130_08-vs-141_08
705,/nas-ctm01/datasets/public/BIOMETRICS/Face_Morphing/MAD22/original_sorted/OpenCV/131_03-vs-138_03.jpg,131_03-vs-138_03.jpg,131_03-vs-138_03
706,/nas-ctm01/datasets/public/BIOMETRICS/Face_Morphing/MAD22/original_sorted/OpenCV/131_03-vs-172_03.jpg,131_03-vs-172_03.jpg,131_03-vs-172_03
707,/nas-ctm01/datasets/public/BIOMETRICS/Face_Morphing/MAD22/original_sorted/OpenCV/131_08-vs-172_08.jpg,131_08-vs-172_08.jpg,131_08-vs-172_08
708,/nas-ctm01/datasets/public/BIOMETRICS/Face_Morphing/MAD22/original_sorted/OpenCV/132_03-vs-172_03.jpg,132_03-vs-172_03.jpg,132_03-vs-172_03
709,/nas-ctm01/datasets/public/BIOMETRICS/Face_Morphing/MAD22/original_sorted/OpenCV/132_08-vs-172_08.jpg,132_08-vs-172_08.jpg,132_08-vs-172_08
710,/nas-ctm01/datasets/public/BIOMETRICS/Face_Morphing/MAD22/original_sorted/OpenCV/134_03-vs-139_03.jpg,134_03-vs-139_03.jpg,134_03-vs-139_03
711,/nas-ctm01/datasets/public/BIOMETRICS/Face_Morphing/MAD22/original_sorted/OpenCV/134_08-vs-139_08.jpg,134_08-vs-139_08.jpg,134_08-vs-139_08
712,/nas-ctm01/datasets/public/BIOMETRICS/Face_Morphing/MAD22/original_sorted/OpenCV/136_03-vs-144_03.jpg,136_03-vs-144_03.jpg,136_03-vs-144_03
713,/nas-ctm01/datasets/public/BIOMETRICS/Face_Morphing/MAD22/original_sorted/OpenCV/136_08-vs-144_08.jpg,136_08-vs-144_08.jpg,136_08-vs-144_08
714,/nas-ctm01/datasets/public/BIOMETRICS/Face_Morphing/MAD22/original_sorted/OpenCV/137_03-vs-143_03.jpg,137_03-vs-143_03.jpg,137_03-vs-143_03
715,/nas-ctm01/datasets/public/BIOMETRICS/Face_Morphing/MAD22/original_sorted/OpenCV/138_03-vs-141_03.jpg,138_03-vs-141_03.jpg,138_03-vs-141_03
716,/nas-ctm01/datasets/public/BIOMETRICS/Face_Morphing/MAD22/original_sorted/OpenCV/139_03-vs-144_03.jpg,139_03-vs-144_03.jpg,139_03-vs-144_03
717,/nas-ctm01/datasets/public/BIOMETRICS/Face_Morphing/MAD22/original_sorted/OpenCV/139_08-vs-144_08.jpg,139_08-vs-144_08.jpg,139_08-vs-144_08
718,/nas-ctm01/datasets/public/BIOMETRICS/Face_Morphing/MAD22/original_sorted/OpenCV/140_08-vs-141_08.jpg,140_08-vs-141_08.jpg,140_08-vs-141_08
719,/nas-ctm01/datasets/public/BIOMETRICS/Face_Morphing/MAD22/original_sorted/OpenCV/140_08-vs-173_08.jpg,140_08-vs-173_08.jpg,140_08-vs-173_08
720,/nas-ctm01/datasets/public/BIOMETRICS/Face_Morphing/MAD22/original_sorted/OpenCV/141_03-vs-143_03.jpg,141_03-vs-143_03.jpg,141_03-vs-143_03
721,/nas-ctm01/datasets/public/BIOMETRICS/Face_Morphing/MAD22/original_sorted/OpenCV/141_08-vs-143_08.jpg,141_08-vs-143_08.jpg,141_08-vs-143_08
